agent,env,problem_name,ion_count,op_count,solved,duration,compile_time,actions
ppo_x50_b_fd_l4_same_gamma,0,qv14_0,14,96,True,493.0,3.126037359237671,8 8 9 10 8 8 10 10 8 8 11 5 10 10 7 8 8 10 10 8 8 11 4 5 10 10 7 7 0 8 8 9 10 8 8 11 5 11 1 9 5 5 11 11 5 4 4 5 10 7 7 8 11 11 5 4 4 5 10 7 10 8 2 9 7 10 7 8 7 8 4 10 10 8 8 4 4 11 4 4 4 4 4 4 5 10 11 5 2 9 11 5 5 7 7 7 7 11 5 11 5 4 11 5 10 7 10 8 7 0 6 7 7 8 10 10 7 8 2 11 3 4 4 5 10 7 8 10 10 8 8 4 4 10 11 2 3 4 4 5 7 11 10 8 8 4 11 11 5 4 4 10 8 7 0 6 7 7 7 7 7 8 4 4 11 5 4 4 11 4 4 4 4 4 5 10 10 8 7 8 10 10 8 8 10 7 7 10 8 8 11 2 9 11 4 5 4 4 4 4 5 11 2 9 10 8 4 5 4 10 2 10 6 7 10 7 7 8 7 5 10 10 8 7 7 8 4 11 2 4 9 11 5 4 4 5 0 10 10 6 8 7 7 8 10 10 8 8 4 4 10 2 9 8 11 11 5 5 11 4 4 5 10 10 8 2 4 11 5 9 11 5 4 4 4 5 7 10 0 6 7 7 8 10 7 10 8 8 11 4 5 11 4 4 4 5 10 10 8 7 7 7 7 7 7 5 4 10 10 8 8 11 5 10 10 7 8 4 2 9 8 11 5 11 11 5 4 4 4 4 4 4 5 11 11 5 5 7 7 7 10 7 8 11 11 5 2 9 7 10 8 2 4 3 4 4 11 5 7 10 10 7 8 7 8 11 2 9 11 5 7 8 11 5 4 11 4 5 11 11 5 5 7 7 7 7 10 10 7 7 8 8 11 4 5 10 7 7 8 4 4 4 10 10 8 2 9 10 7 8 7 8 11 4 5 10 11 5 5 4 11 11 5 4 5 11 4 4 5 10 10 8 7 7 7 7 7 7 8 10 10 8 8 4 11 10 8 2 11 3 5 11 11 5 4 4 5 4 11 11 5 2 7 11 5 10 10 8 8 10 10 8 8 7 9 10 7 7 8 8 4 4 4 11 11 5 4 4 4 4 4 4 5
ppo_x50_b_fd_l4_same_gamma,1,qv14_1,14,91,True,445.0,3.024900436401367,8 8 9 10 8 8 10 10 8 8 11 5 10 10 7 8 8 11 5 11 4 5 7 7 7 10 10 8 8 10 10 8 8 11 5 4 4 4 4 11 5 10 10 7 7 7 7 8 8 10 10 8 8 4 4 11 4 4 5 10 7 7 7 7 8 11 11 5 11 5 2 9 8 11 5 4 11 11 5 5 11 5 10 7 7 8 4 4 4 11 11 4 5 2 9 10 8 2 7 7 7 7 7 7 7 7 11 5 9 11 5 5 11 5 4 4 4 10 2 11 9 5 5 4 11 11 5 5 7 7 7 11 5 10 10 8 7 7 7 8 10 8 11 4 4 10 8 8 11 4 5 7 10 10 8 8 4 4 11 2 7 11 9 5 11 5 4 5 10 2 9 10 8 8 10 10 8 8 10 2 7 7 10 10 8 8 4 4 9 5 4 4 4 4 4 4 11 11 5 2 7 11 9 5 5 10 4 11 5 2 7 6 10 10 8 8 10 8 10 8 10 10 8 4 4 4 5 10 7 7 7 10 8 2 4 11 3 4 5 11 4 4 11 5 5 10 0 6 0 6 7 7 7 10 8 8 7 7 11 11 5 2 9 5 4 4 10 11 5 5 11 11 5 2 7 7 9 7 8 11 11 5 2 9 5 10 7 7 10 7 7 8 8 11 5 4 4 4 4 4 11 5 10 10 8 4 4 5 11 11 5 5 7 10 7 7 7 7 8 11 4 4 5 4 11 11 5 5 7 7 10 7 8 4 10 10 8 7 7 8 4 11 5 4 11 4 4 5 10 10 8 7 7 7 7 7 8 10 10 8 7 8 4 10 8 11 11 5 2 3 4 11 5 4 10 10 8 8 11 2 9 7 11 5 5 11 11 5 4 5 11 11 5 4 4 5 10 7 7 8 11 11 5 4 5 10 10 8 2 10 10 7 7 7 8 7 7 7 7 8 4 4 9 5 10 7 10 8 8 4 11 5 4 4 11 11 5 2 7 10 7 10 8 7 8
ppo_x50_b_fd_l4_same_gamma,2,qv14_10,14,92,True,448.0,3.0749614238739014,8 8 9 10 8 8 10 10 8 8 11 5 11 11 5 5 10 8 7 10 10 7 8 8 11 5 11 10 7 7 8 8 10 10 8 8 11 5 4 4 10 10 8 8 11 4 5 4 10 11 5 11 5 4 4 5 7 7 7 11 10 8 8 7 7 7 10 7 10 8 8 4 11 5 10 10 8 2 11 5 11 3 5 11 11 5 2 9 11 5 4 4 4 4 4 5 7 7 7 10 7 7 8 4 11 11 5 5 10 8 10 10 7 8 7 7 7 8 4 4 4 11 2 9 7 7 7 7 8 11 11 5 4 4 5 4 4 4 11 4 11 5 4 5 10 0 6 8 7 10 10 8 2 9 7 7 8 10 7 7 7 8 11 11 5 4 4 1 3 4 4 5 4 4 11 11 5 5 7 7 11 2 9 4 5 10 10 8 2 10 6 10 7 8 8 7 7 7 7 11 10 8 8 11 1 3 4 4 4 4 4 5 10 10 8 7 8 11 5 10 10 8 7 8 4 11 2 4 3 10 10 8 8 10 10 8 8 11 2 9 5 11 4 4 1 3 4 5 11 11 5 2 3 10 7 7 8 10 10 8 7 8 7 10 10 8 7 8 11 5 4 11 5 10 10 8 2 9 5 11 11 5 2 3 4 11 5 10 7 10 8 7 7 7 8 11 2 9 11 5 7 8 4 11 10 8 8 11 4 5 4 4 4 4 11 11 4 5 2 9 10 8 2 7 9 8 7 7 10 10 8 2 4 11 5 6 7 7 11 11 5 4 4 4 4 5 4 11 11 5 5 7 7 7 10 11 5 5 11 5 10 10 8 7 8 7 7 11 10 8 8 10 7 8 10 10 8 8 4 4 4 4 4 4 4 11 5 10 8 11 4 4 4 5 10 8 0 9 10 7 8 10 8 8 10 7 8 10 7 8 11 11 5 11 4 5 4 5 10 8 11 11 5 5 11 2 4 9 11 5 5 10 10 7 8 7 8 10 10 8 7 8 11 11 5 4 4 5
ppo_x50_b_fd_l4_same_gamma,3,qv14_11,14,90,True,453.0,2.9244933128356934,8 8 9 10 8 8 10 10 8 8 11 5 10 10 7 8 8 10 10 8 8 11 5 4 4 11 5 11 11 5 7 7 8 10 10 8 7 8 10 10 8 8 10 10 8 8 11 4 5 11 5 7 10 10 7 8 2 11 11 6 5 4 4 4 4 5 11 2 9 10 8 8 4 4 4 11 2 3 11 5 11 11 5 5 7 7 7 7 7 7 7 7 10 7 7 8 11 4 5 4 4 4 11 5 10 7 7 10 8 8 10 8 11 2 11 9 5 4 4 4 4 4 5 10 10 8 7 8 11 2 9 11 5 4 4 4 5 10 2 9 10 8 8 10 10 8 7 7 7 7 7 8 1 3 4 4 4 10 10 8 2 9 10 8 7 7 8 4 11 4 4 5 11 4 5 10 7 7 7 7 7 8 11 11 5 5 11 4 4 4 4 4 10 8 7 8 10 11 5 2 3 11 11 5 4 4 5 4 10 2 10 9 8 7 8 7 7 7 10 8 11 11 5 5 7 11 10 8 8 10 2 10 10 8 8 4 4 4 4 9 4 5 11 4 4 5 10 10 8 2 9 10 8 7 7 8 7 7 7 10 8 4 4 4 11 4 4 4 4 5 10 7 10 8 7 8 10 8 4 11 11 5 4 4 4 4 5 10 2 9 8 7 7 10 7 8 11 4 10 8 7 7 7 8 11 4 4 4 5 10 10 7 7 8 2 7 10 8 9 10 8 8 4 1 3 4 11 11 5 7 8 11 4 4 4 4 4 11 5 11 5 2 9 7 8 11 11 5 5 7 7 7 10 7 7 7 8 11 2 9 10 8 7 8 4 4 4 11 4 4 4 4 5 10 10 8 8 7 7 7 10 7 7 7 7 8 11 4 4 4 4 4 5 11 4 4 5 4 4 10 10 8 7 7 8 11 2 9 10 8 8 10 10 8 0 6 7 8 10 10 2 8 11 3 5 11 5 4 4 4 11 4 11 5 2 9 11 5 2 10 10 8 7 7 7 7 7 7 8 10 10 8 8
ppo_x50_b_fd_l4_same_gamma,4,qv14_12,14,92,True,451.0,2.990370273590088,8 8 9 10 8 8 11 2 9 7 10 8 8 10 10 8 8 11 5 7 10 10 8 8 4 4 11 5 4 10 10 8 8 10 7 7 10 8 8 10 10 8 8 4 10 8 11 11 5 5 4 10 8 11 11 5 4 4 5 11 4 5 4 11 11 5 5 7 7 7 7 10 11 5 2 10 9 5 5 10 10 8 7 7 8 4 4 10 11 5 5 4 4 10 10 8 7 7 7 7 7 7 8 4 11 2 9 11 5 4 5 10 0 6 8 10 10 7 7 8 2 11 5 9 11 5 7 8 4 11 4 4 4 4 5 4 10 10 8 7 8 11 11 5 4 4 4 4 4 5 7 11 11 5 2 9 7 0 6 8 10 10 8 7 7 7 7 7 8 4 11 11 2 3 5 10 8 4 11 11 5 2 6 7 7 11 10 8 8 10 10 7 8 8 1 9 5 4 4 4 11 4 4 11 5 2 9 8 10 10 7 7 8 2 11 3 4 4 4 5 4 11 11 5 5 7 7 10 0 6 7 7 7 7 8 10 10 8 2 7 11 9 5 4 5 10 2 6 11 11 5 4 4 4 4 4 4 4 5 10 7 10 8 8 10 8 10 10 8 2 11 5 9 11 5 4 4 5 10 7 10 8 7 7 7 8 11 4 5 4 4 11 5 10 10 8 2 3 10 11 5 5 11 11 5 5 7 7 10 7 5 10 10 7 7 8 8 11 5 4 11 5 7 10 10 7 7 8 4 5 10 2 7 7 10 10 8 8 4 4 9 4 5 11 5 1 4 3 4 4 4 4 10 8 11 11 5 5 10 8 11 11 5 2 10 8 7 10 10 7 6 7 7 7 8 7 8 11 5 10 10 8 2 4 4 11 4 4 5 11 5 10 10 7 8 6 7 7 8 11 4 4 5 10 10 8 8 10 0 6 8 10 10 2 8 11 3 5 11 11 5 5 11 4 5 11 11 5 2 11 11 5 4 3 4 5 10 10 8 7 7 7 7 7 8 10 10 8 7 7 8
ppo_x50_b_fd_l4_same_gamma,5,qv14_13,14,87,True,444.0,2.8268089294433594,8 6 2 9 10 8 8 10 10 8 8 11 5 7 10 10 8 8 10 10 8 8 11 5 11 4 5 10 4 4 4 11 5 2 7 6 7 7 10 10 7 7 7 8 8 4 4 11 5 10 11 5 5 4 11 5 7 10 7 7 7 7 10 7 8 8 4 10 8 11 11 5 2 4 11 5 3 4 4 10 10 8 7 8 11 4 5 11 4 5 4 4 4 11 11 5 2 7 7 7 9 10 8 2 9 7 8 7 10 7 7 7 7 10 8 2 11 5 11 9 5 4 5 1 4 4 4 9 4 4 5 10 10 7 8 2 9 8 4 11 11 5 2 3 11 4 5 7 7 7 10 10 7 8 7 8 11 11 5 2 9 7 7 8 11 4 4 4 5 11 11 5 5 4 11 11 5 7 2 7 6 7 7 10 7 7 10 8 7 8 1 9 4 5 10 10 7 5 2 9 5 10 10 8 8 10 11 5 4 4 4 4 4 5 11 11 5 2 7 9 10 8 4 4 4 5 10 2 10 10 6 8 7 10 7 8 7 7 7 7 8 4 11 4 4 4 5 11 2 9 10 8 4 5 10 7 7 7 8 11 11 5 2 4 4 11 9 5 5 11 11 5 2 3 11 11 5 7 7 7 7 7 8 11 2 11 9 5 5 11 2 6 7 7 10 7 7 7 10 8 8 4 1 3 4 11 4 4 4 4 4 4 4 5 7 11 2 9 5 10 10 8 7 8 11 2 3 4 11 5 10 10 8 7 10 8 8 11 4 5 10 7 10 7 7 7 8 8 11 4 5 10 2 6 4 4 10 8 11 11 5 2 11 4 3 5 10 4 4 5 10 10 7 7 8 8 7 7 10 10 8 7 7 8 11 10 8 2 9 4 11 5 5 7 10 8 4 4 4 4 11 5 7 10 8 11 11 5 11 5 5 7 11 2 9 11 5 4 5 10 10 8 7 10 8 7 7 8 10 10 7 8 8 4 10 8 11 11 5 4 4 4 4 5
ppo_x50_b_fd_l4_same_gamma,6,qv14_14,14,92,True,470.0,2.995680332183838,8 8 10 9 8 8 10 10 8 8 11 5 7 10 10 8 8 10 10 8 8 4 11 4 4 4 4 5 0 9 5 10 7 10 7 7 5 2 9 10 8 8 10 7 10 8 8 10 10 8 8 4 4 11 4 4 4 4 4 4 5 7 7 10 7 8 10 10 8 7 7 7 8 11 4 4 5 4 11 4 5 10 10 8 8 10 7 10 8 8 4 11 4 4 4 4 4 4 4 4 5 7 11 5 10 7 10 8 10 8 8 10 7 7 7 8 10 10 8 7 8 4 4 11 1 3 4 4 4 4 4 4 5 0 6 10 10 8 8 10 7 7 8 11 5 10 10 7 8 8 11 2 4 4 3 11 5 11 11 5 5 7 7 10 8 4 4 11 5 4 11 11 5 5 7 7 10 7 8 4 4 4 11 5 10 10 7 7 7 8 7 7 7 7 7 8 11 4 5 10 2 10 10 8 7 8 9 5 4 4 4 4 11 4 5 10 10 8 2 7 9 8 10 10 8 2 4 4 4 4 11 3 4 5 11 11 5 2 9 8 10 10 7 8 7 7 8 10 8 10 7 7 8 11 4 11 5 4 5 10 7 7 8 11 4 11 5 2 9 8 11 4 11 5 5 11 5 10 2 9 10 8 4 4 4 4 4 5 7 10 7 8 11 11 5 5 7 10 8 10 7 7 8 10 10 7 7 7 8 8 11 2 9 11 5 4 5 4 4 4 4 4 4 4 11 4 10 8 8 7 10 7 7 8 11 4 5 11 11 5 4 5 10 8 7 11 4 10 8 8 10 10 8 8 7 7 11 10 8 8 4 11 11 5 4 4 4 4 5 10 8 11 11 5 2 7 11 5 10 9 8 8 7 7 0 6 7 10 8 10 7 7 10 7 7 2 8 11 5 4 4 4 11 5 4 11 11 5 5 3 4 4 10 10 8 0 6 7 7 7 8 10 10 8 2 10 7 10 8 8 11 4 4 3 4 5 4 11 11 5 4 4 4 4 5 10 10 7 7 8 7 0 6 7 7 8 7 10 10 8 8 4 4 4 4 4 11 11 5 5
ppo_x50_b_fd_l4_same_gamma,7,qv14_15,14,88,True,434.0,2.8812472820281982,8 8 9 10 8 8 10 10 8 8 10 10 8 8 11 4 5 11 11 5 7 7 8 11 4 5 7 7 10 10 7 8 8 10 10 8 8 4 11 10 8 8 11 2 9 11 4 5 5 7 7 10 8 4 10 2 9 11 5 5 10 4 11 5 4 4 4 4 5 10 8 10 7 8 10 7 8 4 4 4 4 11 11 5 5 7 7 11 10 8 8 11 2 10 10 8 6 8 4 4 4 10 11 5 5 7 10 10 8 7 7 7 7 7 10 7 8 8 11 5 1 9 5 10 11 5 5 4 4 10 10 8 2 6 7 10 10 8 8 11 5 11 11 5 5 11 4 4 5 10 10 7 7 7 7 7 8 2 4 9 8 11 11 5 11 5 2 3 11 11 5 4 4 4 4 4 4 5 10 10 8 2 6 10 8 10 10 8 7 7 7 7 8 11 1 3 5 4 4 11 4 4 11 5 4 8 11 11 5 2 7 10 6 8 7 10 10 8 7 5 10 7 10 8 2 10 9 8 7 7 8 11 1 9 5 5 4 4 4 11 4 4 4 5 10 10 2 8 9 5 10 10 7 7 8 8 11 4 5 10 10 8 8 10 10 8 8 10 10 8 8 11 5 10 10 8 4 2 11 4 9 5 5 4 4 4 11 11 5 2 3 4 11 11 5 5 7 7 10 8 10 2 9 10 8 4 5 10 8 10 10 8 8 10 10 7 8 4 4 4 4 4 4 5 7 7 7 7 7 10 7 8 10 2 9 11 5 4 4 4 5 10 10 7 8 8 11 5 4 11 5 10 10 8 2 3 4 11 4 5 11 11 5 5 7 7 7 7 7 11 10 8 8 10 7 7 10 8 8 4 4 11 10 8 8 4 1 3 4 4 4 11 4 5 4 4 11 11 5 2 7 7 7 7 7 7 7 9 8 7 10 8 10 10 8 2 10 8 11 11 5 4 4 9 5 5 11 11 5 5 11 11 5 2
ppo_x50_b_fd_l4_same_gamma,8,qv14_16,14,94,True,463.0,3.064605236053467,8 8 10 9 8 8 10 10 8 8 10 4 5 10 7 10 8 8 10 10 8 8 11 5 11 2 6 7 10 10 8 8 4 4 4 11 5 4 4 11 11 5 4 5 10 0 6 8 10 10 7 8 7 8 11 5 10 7 10 7 7 7 8 8 4 4 11 5 10 4 4 5 7 10 7 7 8 10 8 4 11 11 5 2 3 4 4 4 4 4 4 11 5 10 10 8 2 9 5 10 7 7 7 10 8 2 9 5 11 11 5 4 4 4 5 10 8 10 10 8 10 8 2 9 7 8 10 10 8 8 7 10 8 10 2 9 10 8 4 4 4 5 4 4 4 11 4 4 4 4 5 10 8 7 10 7 7 7 8 11 10 8 2 11 3 11 5 5 11 4 11 5 5 4 10 10 8 0 6 7 7 7 7 7 7 8 11 2 9 4 1 4 3 4 4 4 4 5 4 10 2 9 10 8 8 10 10 8 8 7 10 8 10 10 8 8 4 4 4 11 4 5 10 10 7 5 4 4 5 7 7 10 7 10 7 7 7 8 8 10 8 11 4 5 7 11 11 5 4 5 4 10 11 5 5 4 4 4 10 2 9 8 11 11 5 5 4 10 2 10 6 7 7 5 10 10 7 7 7 5 2 9 8 10 10 8 7 7 8 11 5 4 4 11 4 11 5 2 9 8 10 10 8 2 3 11 5 4 11 5 7 10 10 7 7 8 8 10 4 5 7 10 10 8 8 4 4 4 4 10 8 11 10 8 8 10 8 4 11 11 5 5 4 4 4 4 4 10 8 11 11 5 4 5 11 2 10 9 8 8 7 10 7 8 7 7 10 7 7 8 10 10 8 8 4 4 11 10 8 2 11 11 5 4 4 9 5 5 11 11 5 5 10 7 7 8 7 11 11 5 4 4 5 11 11 5 5 11 5 10 10 8 2 6 10 8 10 10 7 7 7 8 7 7 7 8 11 11 5 11 5 2 11 11 5 9 5 4 4 4 4 5 4 11 11 5 2 10 10 7 7 8 7 7 7 8 4 10 10 8 7 7 8
ppo_x50_b_fd_l4_same_gamma,9,qv14_17,14,94,True,468.0,3.0781025886535645,8 8 9 10 8 8 10 10 8 8 10 10 8 8 10 10 8 8 11 5 4 11 11 5 4 5 10 7 8 7 10 7 7 10 8 8 4 11 4 5 7 11 11 5 4 4 5 10 7 7 7 8 11 4 5 10 10 7 7 7 7 8 8 4 11 5 10 10 8 2 11 5 4 3 11 4 5 7 10 7 10 8 8 10 8 4 4 4 4 4 10 11 5 5 10 7 7 7 7 8 4 4 11 11 5 4 4 4 11 5 5 11 11 5 5 7 7 10 8 4 11 5 4 10 10 8 8 10 10 8 8 11 2 9 4 5 10 7 7 8 10 10 8 2 4 4 3 10 10 8 7 7 8 10 7 7 10 8 4 2 9 11 5 2 3 4 4 4 4 10 11 5 5 11 11 5 4 4 5 10 2 9 10 8 7 7 7 7 7 7 7 7 8 4 4 11 5 4 4 4 11 4 5 11 5 4 10 10 8 7 7 7 7 7 8 11 4 11 5 4 4 5 10 10 8 8 11 5 10 10 7 7 8 7 8 4 11 5 10 10 8 2 9 5 4 11 11 5 4 4 5 11 11 5 2 6 7 11 5 10 10 8 7 8 7 10 10 8 2 9 4 5 7 7 10 10 8 8 7 10 8 11 11 5 5 7 11 1 3 4 4 1 3 4 5 4 10 11 5 5 4 11 11 5 2 7 7 7 7 9 8 11 4 5 10 10 8 8 10 10 7 8 2 7 7 9 8 10 10 8 8 4 4 4 4 11 2 9 7 7 7 8 4 11 4 11 5 5 11 4 4 5 11 11 5 5 7 7 10 0 6 7 7 7 8 10 10 7 8 5 10 10 8 4 2 4 4 11 9 8 8 11 4 4 11 5 5 4 11 4 4 5 10 10 8 8 4 11 5 4 10 10 8 7 7 7 8 11 5 4 11 5 10 10 8 2 9 10 8 10 8 7 8 7 10 7 8 10 2 6 11 11 5 11 5 11 5 5 7 10 8 11 11 5 5 11 11 5 11 5 2 9 5 4 4 11 11 5 2 4 10 10 8 7 7 7 7 8
ppo_x50_b_fd_l4_same_gamma,10,qv14_18,14,90,True,455.0,2.9493248462677,8 8 9 10 8 8 10 10 8 8 10 10 8 8 10 10 8 8 11 5 10 10 7 8 8 10 4 5 10 10 8 2 9 10 8 8 4 4 4 4 4 11 5 7 11 11 5 4 5 10 2 9 10 8 4 4 5 10 7 8 4 10 10 8 7 7 7 7 7 7 8 11 10 8 4 2 3 11 11 5 4 4 5 4 10 11 5 5 4 4 11 11 5 5 7 7 7 7 7 7 7 11 5 11 5 11 5 10 10 7 8 10 8 8 4 4 4 10 2 9 11 5 4 4 5 10 2 7 9 7 0 6 8 11 11 5 5 10 10 7 7 8 7 8 7 10 10 8 4 4 4 5 7 10 2 9 7 8 11 11 5 11 5 5 4 4 4 4 11 4 5 10 10 8 8 4 11 5 7 0 6 7 7 10 7 7 7 7 11 5 11 5 2 11 3 4 11 5 5 11 11 4 5 4 5 7 10 8 10 8 11 4 11 5 2 9 11 5 5 7 7 7 7 7 10 8 4 11 5 4 11 5 10 11 5 5 4 10 10 8 7 8 7 10 10 7 8 8 11 5 11 5 10 10 7 8 2 9 11 5 2 9 11 5 4 11 5 5 10 8 4 11 4 11 5 2 9 8 10 10 8 7 7 7 7 7 10 8 8 1 9 5 11 11 5 2 11 4 4 5 9 5 10 10 8 7 7 7 8 0 9 5 4 11 11 5 5 11 2 9 5 10 7 10 8 2 7 6 7 10 10 8 8 4 4 11 10 8 2 3 11 5 4 4 4 4 11 5 7 11 11 5 5 0 7 6 11 10 8 8 10 10 8 7 7 8 10 11 5 5 7 10 7 8 11 11 5 4 1 3 4 4 4 4 5 11 11 5 4 5 11 2 10 9 8 8 11 5 10 10 8 7 7 10 8 2 9 8 4 10 10 8 7 7 8 7 7 10 8 11 11 5 11 5 4 4 5 10 10 8 8 11 4 4 4 4 4 4 5 11 11 5 2 10 10 7 7 7 7 7 7 7 7 8 8
ppo_x50_b_fd_l4_same_gamma,11,qv14_19,14,89,True,426.0,2.916693687438965,8 7 5 10 9 8 8 10 10 8 8 11 5 10 2 10 10 8 9 8 7 5 10 10 8 8 10 10 8 8 11 5 10 7 10 8 8 11 2 9 11 5 4 2 9 4 10 8 7 8 11 2 9 11 5 4 5 4 7 4 11 7 7 11 5 4 4 4 4 4 5 10 8 0 6 7 10 7 7 7 7 7 8 11 11 2 3 5 11 2 9 10 8 8 11 5 10 10 7 7 7 5 4 4 4 4 4 4 5 10 7 8 11 11 5 5 10 8 4 11 11 5 5 7 10 8 11 11 5 5 11 10 8 8 10 7 10 8 8 11 4 4 4 4 5 11 2 9 11 5 5 7 7 11 5 10 10 8 8 7 7 7 7 11 10 8 8 7 7 10 10 8 4 4 4 4 4 5 10 7 7 8 11 10 2 8 3 11 5 4 10 10 8 8 10 8 4 11 4 5 11 11 5 4 5 4 4 10 8 11 11 5 5 11 11 5 2 9 8 10 10 8 7 7 8 11 4 4 5 10 10 8 2 9 10 8 7 8 4 10 10 8 7 7 7 7 8 10 10 8 4 2 11 3 1 3 4 4 4 4 4 4 4 5 10 10 8 2 9 10 8 8 7 7 7 10 8 11 2 6 7 7 11 7 7 11 5 4 4 4 5 11 4 4 4 4 5 4 4 10 10 8 7 7 8 7 7 7 10 7 8 11 1 4 3 4 4 4 5 10 7 8 10 10 7 8 2 9 5 11 4 4 4 4 4 5 10 10 8 2 11 3 4 5 10 8 10 10 8 7 8 7 7 10 10 7 8 8 10 7 8 11 2 9 11 5 4 5 11 5 4 11 11 5 4 4 5 11 11 5 2 3 10 10 7 7 8 7 7 7 7 7 8 11 5 10 10 2 8 11 5 9 10 8 8 7 11 11 5 4 4 5 4 11 4 5 10 10 8 7 7 8 11 11 5 5
ppo_x50_b_fd_l4_same_gamma,12,qv14_2,14,92,True,451.0,2.9715018272399902,8 8 10 9 8 8 10 10 8 8 11 5 11 11 5 2 6 4 10 0 9 5 5 10 10 8 7 7 10 8 8 4 11 5 10 10 8 8 10 10 8 8 10 10 8 8 11 5 10 7 10 8 8 4 11 5 10 7 11 5 4 4 5 11 4 5 10 7 10 8 8 11 1 3 4 5 10 10 7 5 4 4 4 4 5 11 2 9 7 7 7 8 4 11 11 5 4 5 11 2 9 7 7 7 8 4 4 11 11 5 7 7 7 7 7 8 4 11 2 9 11 5 7 8 4 4 11 4 5 4 10 10 8 7 7 0 6 7 7 10 8 7 8 4 4 10 8 10 10 7 8 8 11 5 10 10 8 2 11 5 9 11 5 4 5 10 11 5 2 9 11 5 5 4 4 11 11 5 2 3 11 4 5 10 10 8 7 8 4 11 4 5 10 10 7 7 7 7 7 7 7 7 8 7 8 11 4 5 4 10 8 10 10 8 8 4 4 11 1 3 4 8 7 7 7 10 8 11 11 5 5 7 11 5 11 11 5 5 11 4 5 10 10 8 2 9 8 4 4 11 11 5 2 9 7 8 11 11 5 4 5 7 7 10 8 11 4 11 4 5 2 11 3 5 10 10 8 8 10 7 10 8 7 7 8 10 7 10 7 8 8 11 5 4 1 3 4 4 4 4 11 4 10 8 8 10 10 7 7 8 2 9 5 11 11 5 2 9 11 5 2 3 11 11 5 4 5 11 4 2 10 10 8 7 6 7 7 7 7 7 8 10 10 8 7 8 4 11 2 4 4 3 4 4 11 4 4 5 10 7 7 10 8 8 10 7 7 7 10 8 8 4 4 11 1 3 5 4 4 11 4 5 11 11 5 5 10 7 10 7 8 2 3 10 7 10 8 7 7 7 8 11 2 11 11 5 5 11 5 11 4 4 5 4 11 11 5 5 4 10 10 8 7 7 7 8 11 5 10 10 7 7 8 7 7 7 8 9 10 8 4 4 4 5 4 10 8 11 11 5 5
ppo_x50_b_fd_l4_same_gamma,13,qv14_20,14,93,True,472.0,3.0448384284973145,8 8 9 10 8 8 10 10 8 8 10 10 8 8 10 10 8 8 11 5 10 10 7 8 8 4 4 11 4 5 11 10 8 8 10 10 7 7 7 5 4 11 5 2 6 10 10 8 4 5 11 5 11 4 4 11 5 4 5 10 10 8 2 11 5 6 7 7 10 10 8 4 5 7 7 7 7 10 10 8 8 4 4 11 10 2 8 3 4 4 10 8 10 7 7 8 11 11 5 11 5 4 11 5 4 5 10 8 4 11 11 5 4 4 11 5 5 10 4 2 9 10 8 8 11 4 2 10 9 8 8 7 10 10 8 4 5 10 7 8 10 7 10 8 7 7 8 11 11 5 2 7 7 9 8 1 3 11 4 5 4 10 8 11 11 5 4 4 4 4 5 11 5 10 2 9 10 8 7 8 11 5 7 7 11 5 10 10 8 7 7 7 7 8 4 11 5 10 7 11 5 4 5 10 8 7 7 10 10 8 8 4 4 11 11 5 4 4 4 4 4 5 7 10 7 7 11 5 4 4 4 4 5 10 10 8 7 10 8 2 9 10 8 2 9 7 8 11 11 5 7 7 7 8 4 4 4 4 11 4 4 5 10 7 7 7 7 7 7 8 10 7 8 11 11 5 4 4 4 4 4 5 11 4 4 5 7 10 10 8 8 10 10 8 8 11 5 7 10 8 11 4 11 5 4 5 4 11 11 5 2 9 8 10 7 10 8 8 7 10 8 4 11 5 10 10 7 7 7 7 8 2 11 3 5 4 11 5 10 11 5 5 4 4 11 11 5 2 7 7 9 10 8 7 7 8 10 10 8 7 7 7 8 11 5 1 11 3 4 4 4 4 4 5 4 11 5 11 11 5 2 7 7 10 8 6 10 10 7 8 8 10 10 7 8 7 7 8 11 4 4 5 10 2 10 10 8 8 6 4 4 11 4 4 5 11 7 7 7 7 8 11 11 5 11 5 4 4 4 10 8 2 7 9 8 1 3 4 4 4 4 11 4 5 10 10 8 2 10 10 8 6 8 10 10 7 2 8 9 5 10 10 8 8 7 7 11 2 10 10 8 8
ppo_x50_b_fd_l4_same_gamma,14,qv14_21,14,90,True,452.0,2.9482104778289795,8 8 10 9 8 8 10 10 8 8 11 5 7 10 10 8 8 10 2 9 10 8 8 10 10 8 8 10 10 8 8 4 10 8 11 11 5 5 11 4 10 8 8 11 11 5 1 3 4 4 4 4 5 7 7 7 7 10 7 8 4 11 11 5 5 10 7 8 11 11 5 4 4 5 10 10 8 2 6 7 7 7 7 10 7 8 11 11 5 11 5 5 7 1 3 4 4 4 4 4 11 4 11 5 5 0 9 5 10 8 7 7 7 7 10 7 8 10 10 8 2 10 8 9 7 8 11 11 5 5 4 4 4 10 10 8 2 11 9 4 5 4 4 4 4 4 5 10 10 8 8 11 4 5 10 10 8 8 10 10 8 7 7 8 11 2 9 11 5 5 11 4 5 10 10 8 7 7 8 10 10 8 8 11 5 4 11 4 4 4 11 5 2 11 5 9 10 8 8 10 10 8 10 8 7 7 7 7 7 8 4 4 4 11 4 5 4 10 7 8 4 11 10 7 8 8 10 10 7 7 8 8 11 5 4 4 10 11 5 5 11 2 9 4 10 8 8 11 4 4 11 5 4 4 4 5 10 8 0 10 6 7 8 4 11 11 5 5 7 7 10 10 8 7 7 7 10 7 7 8 8 11 4 5 11 5 10 7 10 8 8 4 11 2 4 9 10 8 8 11 4 4 5 4 10 10 8 8 7 10 10 8 8 11 4 4 5 4 4 11 4 4 5 4 11 5 4 10 10 8 7 7 7 8 11 2 10 9 8 8 10 7 8 10 10 8 2 9 10 8 8 11 4 4 11 5 11 5 5 10 7 8 10 8 10 10 8 8 4 4 11 4 11 5 11 5 11 5 5 4 11 2 4 9 10 8 8 11 5 0 6 10 10 8 8 7 11 2 10 10 8 8 9 10 8 8 10 2 9 11 5 4 4 4 4 5 4 11 11 5 4 5 0 7 7 7 6 7 7 7 7 10 7 7 8 11 11 5 2 4 11 11 5 5 4 4 11 11 5 4 4 5
ppo_x50_b_fd_l4_same_gamma,15,qv14_22,14,95,True,464.0,2.9871561527252197,8 8 9 10 8 8 10 10 8 8 11 5 11 11 5 2 7 10 7 6 10 8 8 10 10 8 8 11 5 10 10 2 8 11 4 5 9 11 5 4 4 4 4 5 10 8 4 10 2 10 10 8 7 9 8 7 7 8 10 10 7 8 8 10 10 8 8 4 10 8 11 4 4 4 10 7 8 8 11 4 10 8 2 9 10 8 8 4 11 11 5 4 4 4 4 4 5 10 7 7 8 4 11 4 11 5 2 7 10 9 8 7 7 7 8 11 10 8 8 1 9 8 11 11 5 4 4 4 10 8 2 9 7 7 8 11 11 5 5 11 11 5 11 5 5 11 2 3 4 4 10 10 8 7 7 8 7 11 2 9 10 8 8 10 4 5 10 7 8 11 11 5 2 9 8 7 7 7 10 10 8 8 4 4 1 3 4 4 4 11 4 4 5 10 2 10 7 7 7 8 9 7 7 1 9 5 4 4 4 4 4 4 5 10 2 9 7 7 7 10 8 8 4 1 11 4 3 5 10 10 8 8 11 4 4 4 2 9 4 10 8 7 8 11 4 5 7 11 11 5 2 7 10 9 5 5 10 10 8 7 10 8 8 11 4 5 10 2 3 10 10 8 10 8 7 7 8 10 2 9 10 8 8 4 11 4 5 10 7 7 8 11 11 5 5 4 4 10 10 8 7 7 7 8 4 4 11 5 4 11 4 4 11 5 2 9 7 0 6 7 7 7 7 7 7 5 10 10 8 4 4 2 4 11 4 5 4 11 4 5 3 11 11 5 4 5 10 10 8 7 7 8 11 2 9 11 5 2 9 11 5 4 5 10 10 8 7 8 11 5 10 7 10 8 8 10 10 7 8 8 11 5 11 4 5 10 2 9 10 8 8 10 10 8 8 10 7 8 11 11 5 5 4 10 8 11 11 5 4 4 4 4 5 4 11 5 11 11 5 2 10 7 10 7 8 10 7 6 8 7 7 7 7 7 8 11 11 5 4 4 5 4 4 11 5 10 10 8 2 10 10 8 7 8 9 10 8 7 8 11 11 5 4 5
ppo_x50_b_fd_l4_same_gamma,16,qv14_23,14,93,True,457.0,3.0413315296173096,8 8 9 10 8 8 10 10 8 8 11 5 11 11 5 2 9 4 10 8 7 7 8 4 11 4 5 10 10 8 8 7 10 10 8 8 10 10 8 8 11 5 4 11 4 4 5 7 11 10 8 8 7 7 10 7 10 8 8 10 10 8 8 4 11 5 7 11 4 4 4 4 4 5 11 5 7 10 7 8 10 10 8 7 8 7 10 11 5 5 4 4 4 11 11 5 7 7 7 7 7 7 8 4 10 2 4 3 4 4 4 4 11 4 4 4 4 5 10 2 9 10 8 0 6 8 7 10 10 8 8 4 11 4 5 10 10 8 8 7 7 7 11 10 8 8 10 10 8 8 4 4 4 4 11 2 9 4 10 8 8 11 4 5 10 7 8 10 8 11 11 5 2 11 3 4 5 7 10 7 8 11 11 5 4 11 5 4 4 5 4 10 10 8 2 7 9 8 10 7 11 5 2 9 4 4 5 10 10 8 7 0 6 7 7 7 7 8 11 1 3 4 4 5 11 11 5 5 11 10 8 8 11 4 4 5 11 11 5 7 2 7 7 9 8 7 10 10 8 8 10 4 4 5 7 7 10 10 7 8 8 7 10 2 9 11 5 5 4 4 4 4 10 8 11 11 5 5 4 4 10 4 5 10 7 10 8 2 6 7 10 7 7 8 10 10 8 7 8 11 2 9 4 4 4 4 5 11 11 5 5 10 8 7 10 7 7 7 5 10 10 8 8 4 4 4 11 5 1 4 4 4 4 11 4 5 4 10 9 8 8 10 8 11 2 9 11 5 7 7 8 11 4 4 5 10 10 7 7 8 0 6 7 7 7 7 8 11 11 5 5 4 11 2 9 4 4 5 7 10 10 8 8 10 2 7 7 11 5 9 10 8 8 4 11 11 5 5 7 7 10 7 8 11 2 6 11 11 5 11 5 4 4 4 11 5 5 4 10 2 10 10 8 8 6 7 7 11 10 8 8 7 7 10 10 8 2 4 4 4 4 11 5 9 11 5 4 4 4 5 10 10 7 7 8 7 8
ppo_x50_b_fd_l4_same_gamma,17,qv14_24,14,88,True,439.0,3.792304515838623,8 8 10 9 8 8 10 10 8 8 11 5 11 11 5 2 7 7 10 7 9 8 8 10 4 5 10 10 7 8 8 11 5 10 7 10 8 8 11 4 5 11 2 9 10 8 8 11 10 7 5 2 7 10 10 8 8 4 4 11 5 4 4 4 4 4 9 11 5 2 10 9 5 5 4 4 10 10 8 7 7 7 7 7 7 7 8 4 11 4 4 4 4 5 10 2 9 10 8 7 8 7 11 10 8 7 8 10 7 10 8 4 4 4 2 11 9 5 4 4 5 4 4 4 4 10 0 7 9 8 7 7 7 8 11 2 9 7 7 8 11 11 4 5 11 5 4 5 11 5 10 10 8 7 8 4 11 4 2 9 10 8 8 11 11 5 7 8 4 11 11 5 7 7 7 7 8 4 10 2 9 11 5 5 10 8 10 10 8 7 7 8 11 4 5 4 4 4 4 4 11 5 10 8 4 11 11 5 5 7 7 10 8 11 4 5 10 10 8 7 7 7 7 7 7 8 1 4 3 11 4 4 5 4 4 11 11 5 2 9 7 8 11 11 5 2 3 10 7 7 5 10 10 7 8 7 8 10 7 10 7 7 8 8 11 5 1 4 3 4 4 4 10 7 8 4 10 10 8 8 11 2 11 4 5 9 11 5 5 10 7 8 10 7 7 7 10 8 8 4 11 5 4 4 11 4 4 5 4 11 4 5 7 11 5 7 10 10 8 2 9 11 5 2 3 4 4 10 10 8 7 7 7 7 7 10 8 8 11 5 7 10 10 8 8 4 4 11 5 11 4 4 5 10 10 8 7 7 8 11 4 5 10 10 8 8 10 10 8 7 8 1 3 4 11 5 4 4 4 4 4 4 11 4 5 10 10 8 7 5 10 10 8 2 7 9 7 7 0 7 7 7 8 11 9 5 5 10 8 11 11 5 4 2 11 11 5 5 11 11 5 5 9 7 8 11 11 5 2 7 7 7 7 10 10 8 7 7 8
ppo_x50_b_fd_l4_same_gamma,18,qv14_25,14,87,True,427.0,2.8483362197875977,8 8 9 10 8 8 10 10 8 8 11 5 11 11 5 5 7 10 8 10 10 7 8 8 11 5 10 7 10 8 8 11 5 10 7 10 8 8 11 2 3 11 11 5 4 4 5 11 4 10 8 7 7 8 7 10 10 7 7 8 8 4 11 10 8 8 11 11 5 5 4 4 11 4 5 7 7 7 7 7 11 5 4 4 4 4 11 5 4 11 5 7 7 10 11 5 7 8 11 4 4 5 4 10 10 8 7 7 7 7 8 10 11 5 2 9 4 5 10 7 7 7 10 8 2 9 5 10 10 8 8 4 4 4 11 5 11 11 5 11 5 2 3 4 4 4 4 10 10 8 7 7 7 8 11 5 10 2 9 10 8 7 7 8 11 5 10 10 8 8 4 10 8 11 11 5 4 4 4 4 5 4 11 2 3 10 11 5 5 10 10 7 7 7 8 7 8 10 8 10 8 11 10 8 2 9 10 8 7 8 11 11 5 4 1 3 11 5 4 4 4 5 11 5 10 10 7 8 7 8 11 5 10 10 8 8 10 11 5 5 11 4 4 5 10 10 8 7 0 7 6 7 7 8 10 10 8 4 2 11 9 5 5 4 4 11 11 5 5 11 4 4 4 5 11 11 5 2 7 7 9 8 11 5 7 10 10 8 7 7 8 4 10 10 8 7 7 8 10 10 8 8 11 5 10 10 8 2 4 9 8 11 5 4 4 11 11 5 2 4 4 9 4 4 5 4 10 10 8 7 7 7 7 7 8 11 2 9 11 5 4 5 11 5 4 4 11 5 4 10 10 8 8 7 7 7 7 10 7 8 10 10 8 8 11 4 4 4 11 5 5 11 5 4 4 11 5 10 10 7 8 10 8 7 8 11 2 9 10 8 8 11 5 11 11 5 5 7 7 7 10 8 4 10 10 8 8 10 10 8 8 11 11 4 4 4 4 5 4 4 5 4 4 11 11 5 2
ppo_x50_b_fd_l4_same_gamma,19,qv14_26,14,88,True,429.0,2.885890007019043,8 6 2 10 9 8 8 10 10 8 8 11 5 11 2 7 10 6 10 8 8 10 10 8 8 10 10 8 8 10 10 8 8 11 5 4 11 11 5 2 9 7 8 11 11 5 2 4 9 11 5 4 4 4 4 5 10 8 7 10 10 8 2 9 10 8 7 8 7 7 10 10 8 8 11 4 5 10 10 8 8 11 4 5 11 2 11 4 3 11 5 4 4 5 10 10 8 7 7 7 7 7 7 8 11 11 5 2 9 5 7 11 11 5 4 4 4 4 5 7 11 10 8 8 4 4 4 4 11 11 5 5 7 7 7 10 7 7 7 8 11 2 9 10 8 7 7 7 8 11 5 10 7 11 5 4 4 5 4 4 4 4 11 4 4 5 10 10 8 8 7 10 7 8 7 10 8 7 7 11 10 8 8 11 4 4 11 5 5 10 8 4 4 11 11 5 5 7 7 10 2 9 7 7 8 11 4 11 5 5 11 2 11 9 8 7 7 8 4 4 4 11 5 11 11 5 4 4 5 0 9 5 7 7 7 7 7 10 7 10 7 7 8 2 9 10 8 4 4 5 10 7 7 8 11 5 10 1 9 8 8 11 1 4 9 5 5 11 5 11 11 5 11 5 5 11 11 5 2 9 7 8 4 4 4 10 10 8 7 7 8 7 7 7 10 8 4 4 11 4 5 10 10 8 8 7 10 7 10 8 8 4 11 5 4 11 5 4 4 11 5 4 4 11 10 8 4 5 4 10 10 8 7 7 7 8 11 5 10 2 6 7 7 10 10 2 8 11 4 4 4 3 5 10 2 9 10 8 8 10 10 8 7 7 7 8 11 1 9 5 4 5 11 4 4 4 5 10 10 8 2 3 11 11 5 5 10 8 10 7 10 7 7 8 8 10 2 11 11 5 5 3 4 4 4 10 11 5 5 11 11 5 2 7 7 9 8 10 7 10 2 8 7 7 7 10 10 8 8
ppo_x50_b_fd_l4_same_gamma,20,qv14_27,14,91,True,438.0,2.9788615703582764,8 8 10 9 8 8 10 10 8 8 11 5 4 11 5 10 7 10 8 7 5 10 10 8 8 10 10 8 8 11 5 10 4 4 5 10 10 7 7 7 8 8 11 4 4 5 10 8 10 10 8 8 7 10 10 8 4 4 5 4 10 2 9 8 11 11 4 4 5 11 5 4 2 9 11 5 7 7 8 11 4 4 4 4 5 10 10 8 7 7 7 7 7 8 10 7 7 8 11 10 8 2 9 7 11 5 4 4 4 4 4 4 4 4 5 11 4 5 10 10 8 8 4 11 5 10 7 10 7 7 8 7 7 8 7 7 10 8 11 7 8 11 11 5 11 5 5 10 2 7 9 8 11 11 5 4 4 11 5 5 11 5 10 10 8 7 8 11 11 5 4 4 4 4 5 11 2 9 4 10 8 8 11 4 2 9 10 8 8 10 10 7 8 7 7 7 7 8 4 11 11 5 5 4 10 10 8 7 7 8 11 5 11 4 4 5 4 11 4 5 10 10 7 7 8 7 8 11 5 10 11 5 2 7 10 6 7 10 8 7 7 8 4 1 9 5 4 10 11 4 5 2 4 9 5 4 11 11 5 2 10 8 11 9 5 4 5 4 10 2 10 9 8 7 7 7 7 7 8 4 4 11 4 4 5 7 7 7 10 7 7 7 8 10 2 10 10 8 8 4 4 4 11 5 3 4 4 11 4 5 7 11 4 10 8 7 8 10 10 7 5 4 4 5 10 10 8 2 9 11 5 2 3 7 7 10 10 8 8 4 4 11 5 10 7 10 7 7 8 4 2 9 11 5 2 11 11 3 5 4 4 4 5 10 7 8 11 11 5 4 4 5 10 8 10 10 8 2 9 8 4 11 11 5 2 9 8 4 10 10 8 7 7 7 8 10 7 7 8 1 11 4 5 11 11 5 4 5 9 5 10 10 8 7 7 7 7 7 8 11 4 5 11 11 5 2 10 10 7 7 8 7 8 9 10 8 4 5
ppo_x50_b_fd_l4_same_gamma,21,qv14_28,14,88,True,433.0,2.879707098007202,8 8 9 10 8 8 10 10 8 8 11 5 10 7 10 8 8 10 10 8 8 11 5 11 10 7 8 2 9 4 8 11 11 5 4 5 7 11 11 5 5 10 11 5 2 3 11 11 5 5 7 7 7 7 10 10 8 8 7 10 10 8 8 10 10 8 8 4 10 8 11 1 9 5 5 4 4 4 11 4 4 4 5 10 4 4 5 10 7 10 8 7 10 8 7 8 11 11 5 2 3 4 11 4 5 10 7 10 8 8 11 4 4 5 10 10 8 7 10 7 7 8 7 8 11 11 5 2 4 9 5 11 10 8 8 4 4 4 11 11 4 4 5 2 9 8 7 0 7 7 7 6 7 7 10 8 10 10 7 8 8 4 4 4 11 1 9 5 5 10 4 10 8 7 7 8 11 11 5 5 11 4 5 11 11 5 2 9 8 10 7 7 7 7 7 8 10 10 8 4 4 4 4 5 4 4 4 11 2 4 9 4 11 5 5 0 9 5 10 10 7 8 7 7 7 8 10 7 7 7 8 11 5 11 11 5 11 5 2 9 11 5 2 9 11 5 11 5 5 10 8 11 11 5 5 10 7 11 5 5 11 4 10 8 8 10 10 8 0 6 7 8 11 10 8 8 10 8 7 10 7 10 8 4 2 3 4 4 11 4 5 4 10 10 8 2 4 11 4 4 5 9 7 10 7 8 8 11 2 11 9 5 4 4 5 7 11 11 5 4 5 0 6 7 10 7 7 7 7 5 10 7 10 8 2 9 8 7 11 4 4 11 5 2 7 9 7 8 4 11 11 5 2 9 5 4 11 11 5 5 11 11 5 5 11 5 10 10 8 2 6 7 10 10 8 4 5 4 10 10 8 7 7 7 8 10 10 8 8 10 10 8 8 11 2 3 11 4 5 10 10 8 8 7 11 11 5 4 4 4 5 10 8 11 11 5 4 5 4 4 11 11 5 2 4 10 10 8 7 7 7 7 8
ppo_x50_b_fd_l4_same_gamma,22,qv14_29,14,89,True,450.0,2.915565013885498,8 8 10 9 8 8 10 10 8 8 11 5 4 10 11 5 5 7 10 10 8 7 10 8 8 10 10 8 8 11 5 11 11 5 5 10 11 5 2 3 7 10 10 8 4 4 4 4 4 5 7 7 7 7 10 8 11 11 5 5 10 7 7 7 10 7 8 8 4 10 8 11 5 4 11 10 8 2 11 3 5 10 7 7 8 10 11 5 4 4 4 5 11 4 4 4 11 5 2 7 6 7 7 10 7 7 10 8 2 9 7 7 10 8 8 11 5 10 10 8 2 3 11 1 3 4 1 3 5 11 11 5 4 4 4 4 4 5 10 7 8 11 5 11 11 5 2 10 8 6 10 10 8 10 8 8 10 7 8 10 7 10 8 8 4 4 4 4 11 4 5 10 10 8 8 4 11 4 4 4 5 7 10 7 10 8 8 11 5 11 11 5 5 10 7 8 10 10 7 7 7 7 7 7 8 8 4 4 10 8 11 5 4 4 11 5 10 10 8 8 7 11 2 3 4 4 11 5 4 4 4 11 4 11 5 2 7 10 9 8 8 11 11 5 5 10 10 7 7 7 7 7 8 8 10 2 10 7 9 8 8 11 5 10 10 8 8 11 5 11 1 3 4 4 5 4 11 11 5 2 9 4 5 10 7 8 4 4 10 7 10 7 8 10 8 7 7 7 8 11 4 4 4 5 10 10 8 7 7 7 8 4 11 4 2 9 10 8 8 11 4 5 4 4 11 4 10 8 8 11 2 11 3 5 11 11 5 2 9 7 7 10 8 7 7 8 7 11 11 5 4 5 11 5 10 10 8 2 3 4 11 5 4 11 11 5 5 4 0 9 5 10 10 8 7 7 7 7 10 8 7 8 10 7 10 8 8 4 4 4 4 10 8 11 11 5 5 10 2 9 10 8 4 4 5 7 11 11 5 5 10 8 10 10 8 7 10 8 7 8 11 2 9 11 5 4 4 4 4 4 5 4 10 10 8 8 10 7 10 7 8 7 7 8 7 11 11 5 4 5
ppo_x50_b_fd_l4_same_gamma,23,qv14_3,14,90,True,439.0,2.909451484680176,8 8 9 10 8 8 10 5 11 5 10 7 11 5 2 9 5 7 10 10 8 8 10 10 8 8 11 5 4 11 2 7 10 10 7 7 8 8 9 5 10 10 8 8 10 10 8 8 11 5 4 10 1 4 5 9 10 7 8 8 11 5 4 4 4 4 11 5 11 11 5 4 4 5 7 7 10 8 10 10 8 8 11 5 4 4 11 4 5 10 10 7 7 8 7 7 7 5 10 10 8 7 7 7 8 11 4 4 5 11 2 9 10 8 8 4 4 11 4 5 10 10 8 8 11 4 5 10 10 8 8 7 7 10 10 8 8 4 4 11 4 5 10 11 5 2 4 11 9 8 8 11 11 5 4 11 5 0 6 7 7 7 7 8 11 2 4 9 4 5 10 10 8 2 9 10 8 7 7 11 5 4 4 4 4 5 10 7 7 7 7 8 10 8 11 11 5 5 10 7 8 7 11 11 5 4 4 4 4 4 11 5 4 5 11 5 7 7 7 11 11 5 4 5 7 11 11 5 5 10 8 11 2 3 10 10 7 8 7 0 6 7 7 7 7 8 11 4 5 10 10 8 2 9 7 7 8 11 11 5 5 4 4 4 4 10 10 2 8 11 5 9 11 5 11 5 5 10 7 7 7 8 10 7 7 7 8 11 11 5 5 11 11 4 5 4 4 4 4 4 5 10 10 8 8 7 7 10 7 8 11 2 9 11 5 5 11 4 4 5 4 4 10 2 10 9 8 7 8 4 10 10 8 8 10 7 8 10 10 8 8 4 4 4 4 4 11 4 4 5 7 10 10 8 8 11 4 5 10 10 8 0 6 7 7 7 8 10 7 11 2 5 10 8 10 9 8 4 4 4 5 11 5 10 7 7 7 7 7 8 11 11 5 4 1 3 4 11 5 4 5 10 7 8 11 11 5 4 5 7 11 2 11 11 5 3 4 5 11 2 10 10 8 6 7 7 7 8 10 10 2 8 9 7 11 5 4 4 5
ppo_x50_b_fd_l4_same_gamma,24,qv14_30,14,94,True,461.0,3.075108289718628,8 8 9 10 8 8 10 10 8 8 11 5 10 10 7 8 8 11 5 11 5 10 7 10 7 8 8 10 10 8 8 10 11 5 2 9 11 5 4 5 10 2 4 3 4 10 11 5 5 4 11 11 5 5 7 7 10 8 4 11 10 8 2 4 3 10 11 5 5 7 10 10 7 7 7 8 7 7 8 10 10 7 8 8 11 5 11 1 3 4 4 5 11 2 9 11 5 7 7 7 8 11 2 9 11 5 7 7 7 7 8 11 5 11 4 4 4 4 4 4 5 10 0 6 7 7 7 8 10 7 10 7 8 2 9 5 11 4 11 5 4 4 11 5 2 10 8 9 8 11 11 5 5 11 5 11 11 5 11 5 2 6 11 10 8 8 4 4 11 11 5 2 7 7 9 8 7 7 7 7 10 7 5 11 4 4 10 8 8 10 7 7 10 8 2 3 10 10 8 8 4 10 8 11 11 5 5 11 4 5 4 11 11 5 4 4 4 5 10 10 8 10 8 7 8 11 10 8 8 10 10 8 7 7 8 11 11 5 1 3 4 4 4 4 5 10 10 8 2 10 8 9 11 5 5 11 11 5 0 6 7 7 7 7 8 4 11 2 9 4 11 5 5 11 2 9 11 5 4 5 4 10 0 6 7 7 7 7 5 10 10 8 8 10 10 7 7 7 8 2 3 11 5 11 5 4 11 10 2 8 11 3 5 4 4 10 11 5 4 4 4 5 11 11 5 2 7 7 6 7 7 7 7 10 7 10 7 7 7 8 2 4 9 5 4 11 5 11 4 11 5 5 11 4 11 5 2 9 5 4 10 10 8 8 10 7 10 8 8 10 10 8 2 10 8 4 11 5 9 11 5 5 11 10 8 2 6 7 7 7 10 10 8 8 4 4 11 5 11 4 4 4 4 4 5 11 2 11 11 5 5 7 7 7 7 9 7 7 8 7 10 7 7 11 5 4 4 4 4 5 7 10 7 7 8 10 8 11 11 5 5 11 11 5 5 4 11 2 4 9 5 10 10 8 8 10 8 11 11 5 2
ppo_x50_b_fd_l4_same_gamma,25,qv14_31,14,92,True,456.0,3.0152816772460938,8 8 9 10 8 8 10 10 8 8 11 5 11 11 5 5 10 7 5 10 7 10 7 8 8 10 4 5 10 10 7 5 2 9 5 10 10 8 8 10 10 8 8 11 5 11 4 4 4 5 4 4 10 11 5 5 7 10 10 8 7 7 7 7 7 7 10 8 8 4 11 4 4 5 10 8 10 10 8 8 11 2 3 11 4 4 5 10 10 8 7 7 7 8 11 2 4 3 11 11 5 4 4 4 4 4 4 5 7 7 7 10 10 8 2 9 7 7 8 7 11 11 5 4 4 11 5 2 9 4 10 8 7 8 11 11 5 4 4 4 5 4 10 0 6 7 7 7 7 8 7 10 7 7 10 8 2 9 8 4 11 5 4 11 4 10 8 8 4 11 11 5 4 4 11 5 2 10 8 9 8 10 7 7 7 8 11 5 11 7 7 7 7 11 5 4 4 4 4 5 11 4 11 5 5 11 4 5 10 10 8 2 9 5 10 7 7 7 0 6 7 7 8 7 11 1 3 5 4 11 11 5 4 5 11 11 5 2 11 3 5 10 0 6 8 11 11 5 5 10 10 8 4 5 10 10 7 7 7 8 2 10 6 7 8 4 4 4 11 5 11 4 5 10 2 10 9 8 7 8 4 11 4 4 5 10 8 10 7 7 10 7 8 8 10 11 5 5 10 7 8 10 10 8 7 7 8 11 5 4 10 10 8 8 11 1 3 5 4 4 11 4 5 11 5 11 11 5 2 3 10 11 5 4 5 7 10 0 6 7 7 7 7 7 7 7 8 10 7 11 5 4 4 4 4 5 10 8 10 8 10 7 8 11 11 5 4 11 5 4 5 10 10 8 2 11 9 8 8 4 4 11 5 4 11 11 5 2 7 7 10 6 8 10 10 8 7 8 11 11 5 2 7 6 7 11 10 8 8 10 10 8 4 4 4 4 4 4 4 5 11 2 10 9 8 7 7 7 7 8 11 11 5 11 5 4 5 4 4 4 11 11 5 5 7 7 7 7 7 7 11 5 10 10 8 8
ppo_x50_b_fd_l4_same_gamma,26,qv14_32,14,89,True,441.0,1.3081333637237549,8 8 9 10 8 8 11 4 2 9 10 8 8 10 10 8 8 10 10 8 8 11 5 4 11 5 11 11 5 2 6 7 10 10 8 10 8 8 10 10 8 8 10 10 8 8 11 5 11 4 4 4 4 4 5 11 4 4 10 8 7 7 7 7 8 10 2 9 10 8 8 4 4 4 11 11 5 7 8 4 11 5 4 11 11 5 2 7 10 9 5 8 10 10 8 7 7 10 7 7 7 7 7 8 8 1 9 5 4 10 8 11 11 5 4 4 4 4 5 10 7 10 8 2 9 8 7 10 7 11 5 4 8 11 4 4 11 5 2 9 4 5 10 10 8 2 10 9 5 5 7 10 10 8 8 11 5 4 10 10 8 8 10 7 10 8 8 11 2 9 10 8 8 4 11 4 11 5 4 4 4 4 5 11 11 5 2 6 7 7 7 10 10 7 7 2 8 6 10 10 8 8 4 4 4 11 4 5 4 10 10 8 8 10 10 8 8 4 11 4 5 11 4 4 11 5 4 4 5 7 10 8 7 10 8 7 10 7 7 8 10 8 7 11 11 5 4 4 4 4 4 5 10 11 5 5 11 11 5 5 7 7 7 10 0 6 7 7 7 7 7 7 8 4 4 4 4 11 4 5 11 11 5 5 11 2 9 5 10 10 8 7 7 7 8 10 7 8 4 4 11 11 5 5 11 11 5 2 9 8 10 10 8 8 10 7 10 8 8 7 11 4 4 10 7 8 2 4 9 8 10 10 8 8 4 4 11 11 5 1 3 4 4 4 4 4 4 8 7 11 5 11 11 5 2 7 7 9 7 7 8 10 10 8 7 8 11 11 5 2 10 9 5 5 10 10 8 7 7 7 7 8 11 11 5 5 11 11 5 5 4 4 11 4 11 5 5 7 10 8 11 11 5 2 7 9 8 10 10 7 5 2 10 10 8 7 8 9 10 8 7 8 11 11 5 4 5 11 4 4 4 4 11 5 4 5 4 10 10 8 8
ppo_x50_b_fd_l4_same_gamma,27,qv14_33,14,89,True,445.0,2.878121852874756,8 8 10 9 8 8 10 10 8 8 11 5 10 2 9 10 7 8 8 11 5 10 7 7 10 7 8 8 10 10 8 8 11 5 11 11 5 11 5 4 5 10 8 4 11 11 5 7 7 7 8 11 4 4 4 4 4 4 4 5 10 0 6 7 7 7 7 8 10 10 7 7 7 7 8 4 2 6 11 4 5 11 11 5 2 4 4 9 4 11 5 4 5 7 10 7 7 7 7 7 8 11 11 5 4 4 5 11 11 5 5 10 8 11 4 11 5 2 9 11 5 5 10 8 10 7 10 8 7 7 8 10 10 8 2 4 11 9 5 4 5 11 11 5 11 5 2 3 4 10 10 8 7 7 7 8 11 10 8 8 10 10 7 7 7 8 8 4 1 9 4 5 1 9 5 4 4 11 11 5 2 3 4 4 11 5 10 10 7 7 8 7 7 8 11 2 11 4 5 9 11 5 7 8 11 2 10 7 7 7 7 9 8 8 11 5 4 10 10 8 8 10 10 8 8 11 5 11 11 5 4 4 5 7 10 7 8 7 11 11 5 4 4 5 4 4 4 11 4 4 5 11 2 10 9 8 7 10 8 8 11 4 5 7 7 7 7 7 7 7 11 10 8 8 11 2 6 7 10 8 4 4 4 10 11 5 5 11 5 10 7 7 8 11 10 8 2 7 11 9 5 4 4 4 4 11 5 7 7 8 11 4 4 11 5 4 4 5 10 10 8 8 10 7 7 8 10 8 11 4 11 5 4 5 10 7 7 8 4 11 11 5 4 5 11 2 9 10 8 7 8 10 7 7 10 8 8 7 10 4 11 5 4 4 4 4 5 11 2 9 10 8 8 11 2 3 4 11 11 5 5 7 7 7 7 7 10 8 11 11 5 5 10 8 11 4 5 4 10 10 8 8 10 0 9 7 8 7 8 10 2 10 7 10 8 8 4 9 11 5 2 9 7 11 5 4 4 5 7 10 7 8 4 11 11 5 5 11 11 5 2 11 11 5 5
ppo_x50_b_fd_l4_same_gamma,28,qv14_34,14,90,True,442.0,2.953791856765747,8 8 10 9 8 8 10 10 8 8 11 5 10 11 5 2 7 6 10 10 8 8 10 10 8 8 11 5 11 4 4 4 5 7 11 5 10 10 8 8 10 10 8 2 6 7 10 10 8 8 10 10 8 8 11 5 4 4 11 5 7 10 10 7 8 8 11 5 10 10 8 2 11 5 11 9 5 4 5 11 7 10 8 7 8 11 11 5 4 5 11 11 5 4 4 11 5 2 9 7 7 7 8 11 11 5 4 4 4 4 5 7 7 7 7 10 7 7 7 8 4 11 4 4 11 5 5 11 11 5 4 4 5 7 10 7 7 7 7 7 7 7 7 8 1 11 9 8 8 7 11 11 5 4 5 4 4 4 11 4 4 4 4 5 10 10 8 8 7 10 8 4 11 11 5 2 9 8 4 10 10 8 7 7 8 4 11 5 10 11 5 5 7 10 10 8 10 8 7 7 7 8 11 4 4 4 5 10 10 8 5 4 4 11 4 4 4 5 7 10 2 9 8 7 10 11 5 5 4 10 10 8 7 7 7 7 8 10 10 7 8 8 4 11 5 4 4 10 10 2 8 11 5 9 4 4 5 4 4 11 5 4 10 10 8 8 10 11 5 2 6 7 10 7 10 8 8 10 2 7 9 10 8 8 4 4 11 4 4 5 11 4 5 11 4 5 10 10 8 8 10 7 10 8 7 8 11 5 10 7 10 7 7 7 8 8 4 11 4 5 10 10 8 8 11 4 5 10 2 9 10 8 8 11 4 4 4 5 10 2 9 8 7 11 11 5 4 4 4 5 4 11 4 5 10 10 8 8 7 0 11 5 9 10 8 7 8 10 7 7 8 11 11 5 2 7 7 7 10 10 8 8 4 4 3 4 4 4 11 4 4 4 5 7 10 10 8 2 10 9 5 4 4 4 5 7 7 10 8 10 10 7 8 8 4 4 4 4 4 10 2 11 9 5 4 5 11 2 10 10 8 8 10 10 8 8 10 10 8 7 7 8
ppo_x50_b_fd_l4_same_gamma,29,qv14_35,14,94,True,457.0,3.039395809173584,8 8 10 9 8 8 11 5 10 10 8 2 10 9 8 8 10 10 8 8 11 5 11 2 10 6 10 7 8 8 10 4 4 4 4 5 11 2 11 9 5 4 5 10 2 10 10 8 9 8 7 8 7 7 10 7 10 8 8 10 10 8 8 4 10 8 11 11 5 5 4 11 5 10 2 9 7 11 5 4 4 5 7 10 8 10 8 7 10 7 11 5 4 4 4 5 11 2 9 5 4 4 4 11 11 5 2 9 8 10 10 8 2 10 10 7 8 7 7 6 7 7 7 8 4 11 10 8 2 11 3 5 11 11 2 3 4 5 10 2 7 7 11 9 8 8 4 11 5 4 4 4 4 11 5 10 10 8 4 4 4 5 7 11 2 9 5 10 10 8 7 7 7 7 10 8 7 7 7 8 11 4 5 4 10 10 8 7 7 8 4 11 5 11 4 4 4 5 7 10 7 7 10 2 8 9 5 11 11 5 2 9 11 5 5 11 2 9 11 5 7 7 7 7 7 8 11 10 8 8 1 3 4 4 4 4 4 11 11 5 2 11 5 4 10 9 5 5 10 10 8 7 7 8 11 2 9 10 8 7 8 10 7 5 4 4 4 4 4 4 4 10 11 5 5 10 8 4 10 10 8 7 8 4 11 5 10 10 7 8 0 6 10 8 2 7 7 7 10 8 9 7 8 11 11 5 5 11 2 9 7 8 11 11 5 5 11 4 5 11 4 10 8 7 8 10 2 7 9 8 11 11 5 5 4 11 10 8 8 11 10 7 7 7 8 2 6 4 11 4 5 11 11 0 5 4 3 4 5 4 11 4 5 4 10 10 8 7 7 8 11 2 9 7 7 8 11 11 5 5 10 7 7 7 7 8 11 4 4 4 5 11 11 5 11 5 5 10 8 11 11 5 2 3 7 7 7 7 11 10 8 8 10 7 10 8 8 7 10 10 2 8 4 4 3 4 4 11 4 5 4 4 11 11 5 4 11 5 2 9 7 8 11 11 5 2 10 10 7 7 7 7 7 7 7 8 8
ppo_x50_b_fd_l4_same_gamma,30,qv14_36,14,91,True,449.0,2.97491717338562,8 8 10 9 8 8 10 10 8 8 10 10 8 8 10 10 8 8 11 5 4 11 11 5 4 5 10 7 8 7 10 10 7 7 8 8 4 11 5 10 10 7 5 4 4 4 4 4 4 4 5 11 2 9 4 10 8 7 8 4 11 5 10 10 7 7 7 8 7 7 8 11 5 11 11 5 2 9 8 7 7 7 7 10 10 8 8 4 4 11 5 10 11 5 4 4 4 4 5 11 5 11 5 10 10 8 2 10 7 6 7 7 7 7 7 8 11 11 5 2 11 5 9 10 8 4 5 11 2 9 11 5 4 5 10 8 11 11 5 2 9 7 8 11 4 4 4 11 5 2 9 8 4 10 10 8 7 7 7 10 8 7 7 7 8 11 11 5 5 11 5 4 11 4 4 5 10 7 7 7 10 8 8 11 4 4 4 5 11 5 10 10 7 8 8 11 5 10 10 8 2 9 7 7 7 8 7 11 11 5 4 4 5 7 11 10 8 8 10 8 4 11 4 4 4 11 5 4 4 5 10 8 11 4 11 5 2 7 11 9 8 8 7 7 7 10 7 7 7 8 11 4 11 5 7 7 7 7 7 8 4 4 4 11 5 4 4 4 4 11 5 11 5 10 10 8 10 8 2 9 10 8 8 10 10 8 7 8 7 7 10 8 11 2 9 11 5 5 4 4 4 4 11 4 5 10 10 8 8 11 2 9 10 8 8 7 10 7 7 7 11 5 5 4 4 4 4 11 4 5 11 5 10 10 8 10 8 8 4 10 11 5 5 4 10 10 8 7 10 8 7 7 8 11 4 4 5 4 4 11 5 4 4 10 10 8 7 7 7 7 7 7 7 7 7 8 4 4 11 4 5 4 4 11 2 7 11 9 8 8 10 7 7 10 8 8 11 4 4 5 10 8 11 4 4 4 4 5 11 11 5 7 7 7 8 11 2 10 7 7 7 10 8 8 10 10 8 8 4 4 4 11 5 4 11 4 4 5 10 10 7 8 7 7 8 11 11 5 5
ppo_x50_b_fd_l4_same_gamma,31,qv14_37,14,94,True,472.0,3.0416486263275146,8 8 9 10 8 8 10 10 8 8 11 5 11 11 5 5 7 10 8 11 11 5 5 10 7 7 10 7 8 8 10 10 8 8 10 10 8 8 10 11 5 2 11 9 5 4 5 4 4 11 11 5 5 7 10 10 8 2 10 10 7 8 8 7 10 10 7 8 8 9 5 11 5 4 11 11 4 2 5 10 8 7 11 5 9 10 8 8 10 10 8 8 11 2 9 11 5 7 8 11 2 11 11 4 5 3 11 5 4 4 4 4 5 10 11 5 5 11 2 9 10 8 7 7 8 7 7 11 11 5 4 4 5 10 7 7 8 10 10 8 7 7 7 7 8 4 11 4 4 4 5 11 4 11 5 4 4 4 5 7 7 7 10 7 7 7 8 4 4 4 11 2 9 11 5 5 11 4 5 10 10 8 7 7 8 11 5 4 10 10 8 7 7 7 7 8 11 4 5 11 4 4 5 10 10 7 7 7 7 8 2 9 10 8 8 4 10 8 11 5 4 4 11 4 4 4 5 11 11 5 2 3 7 7 10 8 10 7 7 7 7 10 7 7 8 2 3 11 4 4 5 11 2 7 9 10 7 8 8 11 5 10 10 8 2 11 11 4 4 4 5 4 3 11 5 4 4 4 4 5 7 7 10 2 9 8 7 7 7 11 11 5 4 4 5 11 2 9 0 6 7 7 8 11 11 5 2 9 5 11 11 5 5 10 8 4 0 6 10 7 7 7 10 8 8 10 7 7 7 8 11 11 5 2 11 3 4 4 5 4 11 11 5 2 6 7 10 7 7 7 7 8 11 11 5 4 4 4 5 4 4 11 2 3 11 11 5 5 7 7 7 7 11 5 10 10 8 7 7 7 8 11 11 5 5 10 8 4 11 5 10 7 10 8 8 11 10 8 7 8 10 10 8 2 4 4 9 5 11 11 5 4 4 4 4 5 11 11 5 2 9 8 10 10 7 8 7 8 11 5 10 10 7 8 2 6 4 10 10 8 7 7 8 11 11 5 11 5 4 4 4 4 5 4 4 11 11 5 2 3 10 7 7 7 10 7 7 7 7 7 2 8
ppo_x50_b_fd_l4_same_gamma,32,qv14_38,14,90,True,437.0,2.948390483856201,8 8 9 10 8 8 10 10 8 8 11 5 4 11 5 10 10 8 2 6 10 4 4 5 7 7 10 10 7 8 8 10 10 8 8 4 11 5 10 10 7 0 6 8 8 11 4 4 5 10 10 8 8 10 7 10 8 8 4 4 11 10 8 2 9 7 8 11 11 5 2 9 11 5 4 4 4 4 5 7 10 7 7 8 10 8 11 4 4 11 5 2 9 11 5 5 7 7 10 8 11 4 5 10 10 8 7 7 7 8 4 10 2 9 11 5 4 5 10 2 6 7 7 7 11 11 5 4 4 4 4 4 4 4 4 5 10 8 7 7 7 10 7 8 11 11 5 5 11 4 4 11 5 5 11 11 5 2 7 7 7 9 8 11 4 5 7 10 10 8 8 10 7 8 10 7 7 10 8 2 4 4 11 3 4 4 4 4 4 4 5 10 2 9 10 8 8 4 4 10 10 8 7 0 6 8 10 10 8 2 9 5 7 10 10 8 8 7 7 11 5 1 9 11 5 4 4 4 4 4 5 11 11 5 2 9 10 8 7 7 7 7 8 10 10 7 5 2 6 10 7 10 8 8 4 11 5 11 11 5 5 11 11 4 4 5 2 9 4 4 5 7 7 7 11 10 8 8 10 8 7 10 10 8 2 6 7 11 5 4 4 4 4 11 5 7 11 11 5 5 11 4 5 4 10 10 8 8 11 2 9 5 10 10 8 8 10 8 10 10 8 8 7 11 10 8 8 10 4 4 4 4 4 4 4 4 11 5 2 7 7 6 10 7 11 5 5 10 7 7 7 7 8 11 10 8 8 7 10 10 8 8 4 4 4 4 11 4 4 4 5 4 10 2 9 11 5 5 10 8 10 10 2 6 8 11 5 10 10 8 4 4 5 10 10 7 7 7 8 8 11 2 9 5 4 4 11 4 4 4 5 10 10 8 2 7 7 7 7 7 10 7 8 9 10 8 4 5 11 5 7 11 11 5 4 4 5
ppo_x50_b_fd_l4_same_gamma,33,qv14_39,14,87,True,418.0,2.8555238246917725,8 8 10 9 8 8 10 10 8 8 11 5 11 11 5 2 7 7 11 5 7 10 10 7 8 8 9 5 10 10 8 8 10 10 8 8 11 5 11 4 5 10 10 8 7 8 10 10 8 8 11 2 11 5 11 9 5 5 4 4 4 10 11 5 2 9 7 10 8 4 4 4 4 4 5 10 10 8 7 7 7 7 7 7 7 8 4 4 4 4 4 4 11 5 4 10 10 8 8 11 2 9 11 5 7 8 4 4 4 4 10 2 9 10 8 7 7 7 7 7 7 7 7 7 8 11 5 4 11 4 4 5 10 10 7 8 8 11 5 11 4 4 4 5 4 10 10 8 7 8 4 11 5 11 11 5 7 7 8 11 5 4 4 10 10 8 7 7 8 10 8 11 10 8 8 10 7 10 8 8 4 1 3 4 11 4 5 7 10 10 8 2 9 5 10 7 7 8 11 11 5 4 4 11 5 5 10 8 4 10 10 8 8 4 11 11 5 4 5 4 4 11 4 11 5 2 7 9 8 7 7 7 10 8 10 7 10 8 8 10 10 8 2 3 4 11 4 4 5 4 10 10 8 8 10 2 9 10 8 8 11 5 11 11 5 4 4 5 7 10 8 4 11 11 5 4 5 0 6 7 7 10 7 8 4 4 11 5 10 7 10 8 7 8 10 10 7 8 8 11 5 10 4 4 5 7 7 10 7 10 8 4 2 11 9 5 4 4 4 5 11 2 9 10 8 7 7 7 8 4 11 5 11 5 10 10 7 5 2 6 11 4 4 11 5 4 11 5 2 3 4 11 11 5 5 7 7 10 8 7 7 10 8 4 11 5 11 11 5 5 11 4 5 10 10 8 8 11 5 11 11 5 2 10 10 7 7 8 7 7 7 9 8 8 10 10 8 8 11 4 4 5 10 10 8 7 7 8 10 10 2 8 4 4 11 11 5 5
ppo_x50_b_fd_l4_same_gamma,34,qv14_4,14,90,True,422.0,2.9439165592193604,8 8 9 10 8 8 10 10 8 8 11 5 11 11 5 2 9 8 7 10 10 7 8 8 11 5 10 10 7 8 8 10 10 8 8 11 5 11 4 4 4 5 10 11 5 5 7 10 10 7 8 8 10 4 10 8 8 11 10 7 7 8 8 11 5 4 4 11 5 4 10 10 8 8 11 4 5 11 5 4 4 4 10 10 8 7 7 7 7 7 8 11 4 4 5 10 7 10 8 7 8 4 4 11 4 5 11 4 4 5 4 4 4 10 10 8 7 7 7 7 7 7 7 7 7 8 11 2 4 4 4 9 5 4 11 4 11 5 2 9 8 11 5 4 10 10 8 7 7 10 8 2 9 7 10 8 8 4 4 4 4 10 11 5 5 4 11 4 4 5 10 10 8 8 4 11 5 10 10 7 7 7 7 7 7 8 7 7 7 8 4 11 4 4 5 10 7 8 4 11 11 5 2 9 8 11 11 5 2 11 4 5 7 10 9 8 8 10 11 5 5 7 10 7 7 7 10 8 8 4 11 4 5 10 10 8 8 4 11 1 3 5 4 11 4 11 5 2 9 0 6 8 11 4 4 4 5 10 10 8 2 9 4 4 5 10 10 8 10 7 8 8 10 10 8 7 8 4 11 4 4 5 7 7 10 7 10 7 7 8 8 4 11 5 10 11 5 2 11 4 5 9 4 5 10 10 7 5 2 7 7 7 10 10 8 8 9 8 4 4 11 11 5 2 11 5 9 10 8 8 4 4 10 8 7 7 11 11 5 4 4 4 4 4 5 10 2 9 10 8 7 7 8 10 7 7 7 8 4 11 11 5 2 11 11 5 4 3 4 4 4 4 5 10 10 8 8 11 5 10 10 8 8 11 5 11 4 11 5 2 7 10 8 3 10 10 7 8 2 10 10 8 8 7 11 5 10 10 8 8 10 10 7 7 8 8 9 5 11 11 5 2
ppo_x50_b_fd_l4_same_gamma,35,qv14_40,14,89,True,448.0,2.8770227432250977,8 8 10 9 8 8 10 10 8 8 10 10 8 8 10 10 8 8 4 10 8 11 11 5 5 11 11 5 4 5 7 7 10 7 8 7 10 10 8 8 10 10 8 8 11 5 11 11 5 4 4 4 4 4 4 5 10 7 7 7 8 11 11 5 11 5 5 10 7 8 11 11 5 4 5 10 7 7 7 7 7 7 8 4 11 5 4 4 4 10 4 4 4 5 7 7 7 7 7 7 7 7 7 11 10 8 8 4 4 4 4 4 4 4 4 11 2 9 4 5 10 10 8 2 7 7 9 8 11 4 4 4 5 4 10 10 8 7 8 7 7 7 7 11 5 10 10 8 7 7 8 4 11 4 5 10 7 11 5 2 3 4 4 4 10 8 11 11 5 5 11 11 5 2 7 9 5 7 10 10 8 2 3 10 10 7 8 7 7 8 10 7 8 11 5 4 4 11 4 5 11 5 7 10 10 8 8 10 7 7 8 11 11 5 5 4 11 4 4 4 4 4 5 4 10 2 9 11 5 5 10 2 10 10 8 6 10 8 8 10 10 8 7 7 10 8 8 11 2 4 4 9 5 11 11 5 2 9 4 4 11 5 2 10 6 7 10 8 7 7 7 7 10 8 8 11 4 4 5 10 10 7 8 8 4 11 2 9 4 10 8 8 4 4 4 10 10 8 8 10 8 10 10 8 8 4 4 4 4 4 4 4 11 4 4 4 5 10 10 8 7 10 8 8 11 5 10 2 9 10 8 7 8 10 7 7 8 10 8 1 3 11 11 5 4 4 5 11 5 10 7 7 7 7 8 10 10 8 8 4 4 4 11 11 5 5 4 4 4 4 11 4 5 10 10 8 8 4 11 5 10 10 8 2 3 11 5 7 10 10 7 8 8 10 7 8 11 5 10 10 8 8 10 10 7 2 8 11 11 5 4 9 5 5 11 11 4 5 5 11 2 11 5 9 10 8 7 8 11 11 5 4 4 5 11 10 8 8 4 10 10 8 7 7 7 7 7 8
ppo_x50_b_fd_l4_same_gamma,36,qv14_41,14,93,True,468.0,2.1221373081207275,8 6 2 10 9 8 8 10 10 8 8 11 5 10 10 8 10 8 8 4 11 4 4 5 11 5 10 10 8 2 3 10 10 8 7 10 7 7 8 8 10 10 8 8 11 5 4 4 4 4 11 4 5 11 11 5 5 10 7 7 10 7 7 7 7 7 8 8 10 10 8 8 4 4 11 4 5 10 10 8 8 11 4 4 5 10 10 8 7 8 11 4 5 11 11 5 5 4 4 10 10 8 7 7 8 10 10 8 4 4 4 5 10 7 7 7 7 8 4 4 11 5 11 4 11 5 2 6 11 4 4 5 4 4 10 10 8 7 7 8 10 7 7 7 8 4 4 4 4 4 4 11 2 9 10 8 4 5 10 8 10 10 8 0 6 7 10 8 8 7 7 10 10 8 8 4 4 4 10 4 4 5 10 7 10 8 2 9 7 8 11 11 5 2 6 11 11 5 7 7 7 8 11 4 4 5 11 4 11 5 5 7 10 8 4 10 11 5 4 4 4 4 5 11 11 5 2 7 7 7 7 10 6 8 11 11 5 2 3 4 11 4 5 10 10 8 7 7 8 10 7 10 7 7 7 8 8 4 4 10 10 8 7 8 11 4 5 10 10 8 8 11 2 9 11 5 7 8 4 1 3 11 11 5 5 4 4 11 4 4 8 11 4 4 5 10 7 10 8 2 9 4 5 10 10 7 8 8 10 10 8 8 10 7 7 7 8 11 11 5 4 5 10 10 8 2 11 5 9 10 8 7 8 4 10 11 5 5 11 11 5 4 5 11 11 5 5 10 7 8 0 6 11 10 8 8 7 7 10 10 7 2 8 11 5 6 4 4 11 5 11 4 4 11 5 4 5 11 11 5 2 9 11 5 5 7 10 7 7 10 8 2 4 9 5 10 10 8 7 7 7 7 8 11 2 9 11 5 5 4 4 10 11 5 5 4 11 4 11 5 5 7 7 11 5 10 2 10 10 8 7 7 7 8 10 9 8 7 8 7 11 2 10 10 8 8 11 4 4 11 5 3 4 4 5 10 10 8 8 4 4 4 4 4 11 11 5 2
ppo_x50_b_fd_l4_same_gamma,37,qv14_42,14,94,True,467.0,3.0766096115112305,8 8 9 10 8 8 10 10 8 8 11 5 10 0 6 10 8 8 10 10 8 8 11 5 10 10 7 8 8 11 11 2 5 11 9 7 7 7 8 8 11 4 5 11 2 10 6 11 4 5 4 5 11 11 5 4 4 4 4 5 10 10 8 7 8 11 4 5 11 11 5 2 9 8 10 7 7 7 10 8 7 0 9 8 7 8 11 4 1 9 5 5 11 11 5 2 3 7 7 10 10 8 8 10 7 7 10 8 8 4 4 10 2 9 8 11 1 3 5 11 4 4 5 11 11 5 4 11 5 2 3 7 11 11 5 5 7 7 7 7 7 7 10 10 8 2 4 4 3 4 4 4 11 5 0 9 11 5 2 9 7 7 7 8 4 11 11 5 4 5 10 10 8 7 7 7 7 10 8 7 8 10 2 10 10 8 7 8 3 4 4 4 4 1 11 3 4 5 10 2 10 9 5 8 11 4 4 5 4 4 10 10 8 0 6 7 8 7 10 10 8 8 11 2 11 4 4 3 4 5 11 2 9 4 5 10 10 7 8 8 10 10 8 7 7 7 7 7 8 11 11 5 11 5 5 10 8 11 11 5 5 7 11 5 4 4 11 5 4 10 10 8 8 10 7 10 8 7 8 7 10 8 11 11 5 5 11 11 5 7 7 7 7 8 4 4 4 4 1 9 8 11 5 11 11 5 2 3 10 7 7 7 7 7 8 10 10 8 4 2 11 4 11 5 3 5 11 4 4 11 5 5 11 11 5 5 10 8 4 10 10 8 7 7 8 11 11 5 5 7 10 8 11 11 5 5 7 10 7 10 8 8 4 4 4 4 4 10 11 5 5 0 6 7 7 10 7 8 4 11 11 5 5 4 11 11 5 5 7 7 7 7 7 7 7 7 10 8 11 2 4 4 9 5 11 11 5 2 9 5 11 11 5 2 3 7 10 7 7 7 10 8 8 10 8 11 11 2 5 10 8 4 4 4 9 5 10 0 7 7 7 10 7 8 8 9 5 11 11 4 5 2 4 9 5 11 11 5 4 4 4 4 5 11 11 5 2
ppo_x50_b_fd_l4_same_gamma,38,qv14_43,14,93,True,480.0,3.0444860458374023,8 6 2 9 10 8 8 10 10 8 8 11 5 11 11 5 2 9 8 10 7 10 7 8 8 10 10 8 8 10 10 8 8 4 10 8 11 11 5 5 11 2 9 11 5 4 5 0 6 7 7 11 10 8 8 10 10 7 8 8 4 11 10 8 2 11 9 8 8 11 11 5 4 4 4 4 4 4 4 4 4 5 10 7 0 6 7 7 7 7 8 10 11 5 4 4 4 5 11 11 5 4 5 10 10 8 7 7 8 10 10 7 8 2 9 4 11 5 11 5 5 4 11 11 5 2 3 10 7 7 5 10 10 7 7 7 8 7 7 8 11 11 5 2 9 7 8 7 11 11 5 4 4 5 10 7 8 11 4 11 5 4 5 10 10 8 2 9 5 10 10 7 8 7 7 7 8 11 5 1 9 11 5 5 11 11 5 4 4 4 4 4 5 7 7 10 11 5 5 4 4 10 10 8 7 7 8 11 2 4 4 10 9 8 7 7 8 11 2 9 10 8 7 7 10 8 8 10 10 8 8 4 4 11 4 4 5 7 10 7 7 8 11 11 5 4 4 4 4 5 4 10 11 5 4 5 4 10 2 10 10 8 8 10 10 6 8 7 8 10 8 11 4 5 10 10 8 7 7 5 10 7 8 10 10 8 4 2 4 4 11 3 5 10 4 10 7 8 8 4 4 11 4 11 5 4 11 5 2 6 7 11 10 8 8 10 10 8 8 4 4 4 11 5 4 11 11 5 2 3 7 10 10 8 2 6 7 7 10 7 7 7 5 10 10 8 8 11 4 4 5 10 8 10 7 10 7 8 2 11 5 4 11 4 4 11 3 5 11 5 5 10 8 11 11 5 4 5 7 7 7 7 10 7 8 11 11 4 5 5 10 8 4 4 10 10 8 7 7 7 8 11 4 4 5 11 4 5 4 4 11 11 5 5 7 11 2 9 10 8 7 7 8 11 4 4 5 10 10 7 8 7 7 7 7 7 7 7 8 11 5 4 11 11 5 2 11 3 4 5 11 11 5 2 7 7 10 7 7 7 8 10 10 8 8 4 4 4 4 4 11 5 10 10 8 8 10 10 8 8
ppo_x50_b_fd_l4_same_gamma,39,qv14_44,14,92,True,452.0,2.976078510284424,8 8 10 9 8 8 10 10 8 8 11 5 10 10 7 8 8 7 4 7 4 7 4 10 10 8 8 11 4 4 5 10 2 10 6 7 7 10 8 7 5 10 10 8 8 11 5 1 9 11 5 4 5 7 10 8 10 10 8 8 4 4 11 5 11 4 5 4 10 8 11 11 5 4 4 4 5 11 2 9 7 7 7 7 7 7 7 8 11 11 5 2 3 4 4 10 10 8 7 7 7 8 4 11 4 4 4 4 5 7 7 10 8 11 11 5 5 4 4 11 11 5 5 7 7 7 11 5 10 7 8 10 7 8 10 7 10 8 7 8 7 11 5 4 4 4 4 4 4 4 11 5 4 10 8 11 11 5 5 10 8 10 10 7 8 8 10 2 9 7 8 10 7 7 11 5 4 4 4 5 11 2 9 5 10 10 8 8 10 8 10 10 8 2 3 11 5 7 7 10 10 8 4 4 4 4 5 11 2 9 11 5 7 8 10 2 7 6 11 10 8 8 7 10 10 8 8 4 4 4 4 4 4 4 4 4 11 4 5 10 7 7 7 8 11 4 11 5 2 3 10 7 8 10 4 4 11 5 5 10 8 10 7 7 10 8 8 4 4 10 10 7 8 7 7 11 5 2 9 5 11 11 5 4 4 4 4 5 10 7 7 7 7 8 10 10 8 7 8 10 7 11 5 4 5 11 5 4 4 11 11 5 4 5 10 10 8 2 9 7 7 8 11 4 4 4 5 11 11 5 2 9 8 10 7 10 8 7 7 7 7 7 8 11 11 5 5 10 2 9 11 5 4 4 5 10 10 8 10 8 7 7 7 7 8 11 4 4 4 4 5 10 8 11 11 5 4 5 10 7 8 7 10 7 7 10 8 7 8 11 5 4 4 10 2 9 10 8 7 8 4 11 2 11 11 4 5 3 4 4 4 4 5 11 11 5 2 9 5 10 7 10 8 8 10 10 2 8 6 7 7 10 7 7 8 11 11 4 4 5 2 11 11 5 4 4 4 5 11 11 5 5
ppo_x50_b_fd_l4_same_gamma,40,qv14_45,14,91,True,447.0,2.978100538253784,8 8 9 10 8 8 10 10 8 8 11 5 11 11 5 2 6 7 7 10 10 8 8 10 10 8 8 11 5 10 2 9 10 7 8 8 10 4 5 11 4 4 4 5 4 4 4 10 10 8 7 7 7 8 11 4 4 4 4 5 4 10 10 8 7 7 7 8 10 7 10 7 7 7 8 8 11 5 11 4 4 4 4 4 5 4 11 2 4 9 5 11 11 5 2 7 10 7 10 8 8 9 5 10 10 8 7 7 7 7 7 7 8 1 9 11 5 5 11 4 4 0 9 8 7 7 8 11 2 11 11 5 5 11 9 8 8 7 7 11 10 8 8 11 4 5 4 11 4 4 4 5 10 10 8 7 8 11 5 10 10 8 8 10 8 4 10 10 2 8 11 5 3 11 4 4 4 4 4 4 11 5 2 9 8 7 7 11 11 5 2 3 10 10 8 4 5 10 7 10 8 8 11 5 7 10 10 7 7 8 8 11 4 5 10 10 8 2 7 10 10 8 8 9 8 11 5 11 4 4 5 10 8 10 10 8 7 8 4 4 11 4 4 5 10 11 5 5 4 4 4 4 11 11 5 2 7 7 7 9 8 11 5 10 10 8 8 7 10 8 10 10 7 8 2 6 7 10 8 11 11 5 2 11 3 5 11 5 4 11 11 5 5 11 11 5 2 9 7 7 7 7 7 7 10 8 7 8 11 5 11 5 11 11 5 4 4 4 5 4 10 10 8 7 7 8 7 10 8 7 11 11 5 4 4 4 4 4 4 5 11 5 10 10 8 2 9 5 10 8 10 10 8 10 8 2 9 10 8 10 8 8 11 2 9 10 8 4 4 4 4 4 4 5 4 10 10 8 7 7 7 7 8 7 10 8 11 10 2 8 7 11 11 5 3 4 4 4 5 11 4 4 5 11 11 5 2 3 10 7 10 7 7 7 7 8 7 8 1 4 11 3 4 5 10 10 7 8 8 10 10 8 7 7 8 4 4 4 11 1 4 5 10 7 10 8 8
ppo_x50_b_fd_l4_same_gamma,41,qv14_46,14,95,True,471.0,3.11513090133667,8 6 2 9 10 8 8 10 10 8 8 11 5 10 10 8 2 9 5 10 10 8 8 10 10 8 8 10 10 8 8 11 5 11 2 9 11 5 4 5 10 0 6 7 8 10 10 7 8 8 11 5 10 4 1 3 4 4 4 5 4 11 4 2 9 11 4 5 5 7 11 5 10 0 6 7 0 6 8 10 10 8 7 5 7 10 10 8 2 4 4 4 9 5 11 11 5 2 11 10 8 8 7 7 7 7 10 10 8 7 8 9 5 4 4 4 4 4 11 10 8 2 9 8 11 11 5 4 4 5 10 2 7 7 9 7 7 8 4 11 11 5 2 9 8 7 10 10 8 8 11 2 11 5 9 10 8 7 7 8 11 11 5 4 4 4 11 5 4 5 7 11 10 8 8 4 4 11 11 5 4 4 5 10 7 8 11 11 5 5 7 10 11 5 5 0 6 10 10 8 7 7 7 7 7 7 8 10 8 11 11 5 4 11 5 4 11 5 2 9 8 10 7 8 11 11 5 11 5 5 4 11 11 5 2 9 7 7 8 11 4 5 4 10 10 8 7 7 8 7 7 10 8 4 4 4 10 5 11 4 4 4 4 11 5 2 9 8 7 7 10 7 10 8 7 7 8 10 10 8 7 7 8 11 5 11 11 5 2 4 11 9 5 4 4 5 4 11 4 11 5 2 3 7 10 10 8 7 7 7 7 8 11 11 5 5 4 4 11 5 11 11 5 5 10 10 7 7 7 7 8 7 7 7 7 7 8 11 1 3 5 11 11 5 2 9 5 11 11 5 7 7 8 11 5 10 7 7 10 8 8 4 4 11 1 3 4 4 4 5 4 11 5 10 10 8 2 11 4 4 5 9 10 8 4 5 10 2 10 10 7 7 8 7 6 7 7 5 10 10 8 8 10 10 8 2 11 3 5 4 4 4 11 4 5 10 10 2 8 10 8 9 10 8 7 7 8 11 4 4 1 3 5 10 2 9 10 8 8 7 10 10 8 8 4 4 4 4 4 4 11 4 4 4 4 5 10 10 7 7 8 8 10 10 8 8 10 10 8 7 8
ppo_x50_b_fd_l4_same_gamma,42,qv14_47,14,91,True,447.0,2.9424662590026855,8 8 9 10 8 8 10 10 8 8 11 5 7 10 10 8 8 10 10 8 8 10 10 8 8 4 10 8 11 11 5 5 11 5 4 4 4 10 11 5 5 11 11 5 5 7 7 11 5 10 10 8 8 10 7 10 8 7 7 8 10 7 10 8 8 4 4 4 11 1 3 5 11 4 5 11 5 4 4 11 11 5 2 7 7 7 9 8 4 11 5 10 10 7 7 7 7 5 2 10 9 7 8 8 11 5 4 11 4 5 10 11 5 2 7 10 6 10 8 7 10 8 7 8 10 4 5 10 10 8 2 4 3 4 11 5 7 10 10 8 7 8 4 11 4 4 4 4 4 4 4 4 4 5 10 8 10 7 10 8 2 9 10 8 7 7 8 4 4 11 4 4 5 4 11 11 5 2 7 7 10 10 8 7 9 8 7 7 7 8 4 11 4 4 5 10 10 8 8 11 2 9 10 8 8 11 4 5 7 7 7 7 10 10 8 8 4 4 11 4 5 4 4 4 4 4 11 5 7 11 11 5 5 10 2 3 10 10 8 7 7 7 8 7 7 10 10 8 8 4 4 4 11 4 4 5 10 0 6 8 10 10 8 2 9 8 11 4 4 4 4 4 5 10 10 8 2 9 10 8 8 11 4 4 4 5 7 7 10 10 8 7 8 10 10 8 2 4 4 4 10 9 5 5 10 0 6 7 8 10 10 8 7 7 8 1 4 9 8 10 4 11 5 2 9 8 7 10 10 8 8 4 4 4 4 11 4 4 5 11 4 4 5 10 10 8 7 7 7 7 8 11 4 4 5 10 10 8 2 11 9 8 8 10 10 8 7 8 11 5 10 11 5 5 4 4 4 11 11 5 4 4 5 10 0 6 8 7 7 7 7 7 7 7 7 10 8 11 11 5 5 11 11 5 2 4 10 8 11 11 5 5 9 8 11 11 5 4 4 4 11 5 5 10 8 10 8 11 11 5 4 2 10 10 8 7 7 7 8 9 5 10 10 7 7 2 8
ppo_x50_b_fd_l4_same_gamma,43,qv14_48,14,90,True,447.0,2.906085968017578,8 8 10 9 8 8 10 10 8 8 11 5 10 7 10 8 8 10 10 8 8 11 5 4 11 5 7 7 7 10 10 8 8 10 10 8 8 11 4 5 4 4 11 4 4 4 4 5 4 10 10 8 7 7 7 8 11 2 9 10 8 8 10 8 7 7 11 11 5 4 4 4 5 11 4 10 8 8 11 2 9 10 8 8 7 7 7 11 5 10 10 8 8 10 7 11 5 4 4 4 4 1 3 4 4 5 11 4 4 5 11 2 9 10 8 8 10 2 9 10 7 8 8 11 5 11 4 5 10 8 10 10 8 7 8 7 7 10 8 10 10 7 8 2 11 9 5 4 4 5 11 2 11 11 5 3 5 10 2 7 6 7 7 7 7 11 10 8 8 1 3 4 4 4 4 10 8 11 11 5 4 4 5 7 10 8 4 11 11 5 4 4 5 10 8 7 7 7 7 7 7 7 10 8 4 4 10 11 5 5 10 7 7 10 8 8 4 4 11 4 10 8 8 7 10 7 8 11 11 5 5 10 8 4 11 11 5 4 4 4 4 4 4 4 11 5 2 9 8 10 7 11 5 2 9 5 7 7 7 7 10 10 8 2 9 8 10 7 7 7 7 8 4 4 4 11 11 5 4 4 4 4 4 4 5 0 9 5 7 7 10 10 8 8 10 7 8 11 11 5 2 3 11 5 4 4 10 10 8 7 8 7 7 10 8 4 4 4 4 11 5 4 11 11 5 2 7 7 7 7 6 7 7 10 7 8 10 7 7 1 9 5 4 4 4 5 10 2 10 9 8 7 8 11 4 4 5 10 2 9 7 7 10 7 8 8 4 11 4 5 4 4 4 11 4 5 10 8 10 7 7 7 7 8 10 10 8 8 4 4 11 4 1 4 4 9 5 4 4 5 7 7 7 11 5 4 11 4 11 5 2 3 10 7 10 2 8 11 5 9 11 5 5 10 10 7 7 8 8 10 10 8 8 10 8 10 10 8 8 4 4 11 11 5 4 4 5
ppo_x50_b_fd_l4_same_gamma,44,qv14_49,14,94,True,481.0,3.077894687652588,8 8 10 9 8 8 10 10 8 8 10 10 8 8 10 10 8 8 4 10 8 10 10 8 8 4 4 4 11 5 11 11 5 4 5 7 7 7 7 11 10 8 7 7 8 10 10 8 8 4 4 11 5 10 10 8 2 4 11 5 9 11 5 4 4 4 4 4 5 11 5 10 10 8 8 7 11 5 11 5 7 10 10 8 7 8 11 5 10 10 8 8 7 10 8 10 7 7 11 5 1 3 4 4 4 4 4 4 4 5 10 7 5 10 10 8 10 8 2 3 11 4 4 5 4 10 10 8 7 7 7 7 7 8 4 4 10 11 5 5 11 5 7 11 11 5 5 7 7 10 10 7 8 7 7 7 7 8 4 11 4 5 4 11 5 10 7 8 11 11 5 2 9 5 10 8 11 11 5 4 4 5 4 11 11 5 2 7 7 7 7 9 7 7 7 8 4 11 5 11 11 5 2 7 10 7 8 7 7 10 10 8 8 4 4 11 5 6 4 4 11 4 4 5 4 4 10 11 5 5 4 10 10 8 2 7 7 9 7 7 7 8 10 7 8 11 4 11 5 4 4 11 5 2 10 6 7 8 7 10 8 11 11 5 5 10 7 8 11 11 4 4 4 5 5 7 10 0 7 6 7 7 7 8 11 2 3 11 4 10 8 8 11 4 4 11 4 5 4 4 5 10 2 9 10 8 8 11 5 10 7 7 7 8 11 5 7 7 10 7 10 8 2 6 4 11 5 4 11 11 5 4 11 5 4 4 11 5 4 5 10 10 8 2 9 8 10 8 7 10 7 8 4 11 11 4 5 4 5 11 11 5 2 7 6 10 4 2 9 10 8 8 10 8 7 7 7 10 8 4 11 11 5 4 4 4 4 5 0 6 11 5 10 10 8 8 7 7 7 7 7 11 10 8 8 10 4 1 9 8 7 7 8 11 4 4 5 4 10 10 8 7 8 11 4 5 11 11 5 5 11 11 5 2 11 11 5 3 4 5 10 10 8 7 7 7 7 7 7 7 7 8 10 10 2 8 11 5 9 4 10 8 8 11 4 11 5 5 4 4 4 4 4 4 4 10 8 11 11 5 5
ppo_x50_b_fd_l4_same_gamma,45,qv14_5,14,87,True,428.0,2.8535094261169434,8 8 9 10 8 8 10 10 8 8 11 5 11 11 5 2 3 10 7 7 10 7 8 8 10 10 8 8 11 5 4 11 11 5 2 9 7 8 11 4 4 4 4 5 10 7 10 8 7 7 8 11 11 5 2 3 4 11 5 10 7 10 8 8 7 10 10 7 7 8 8 10 10 8 8 11 5 11 11 5 4 5 10 7 8 7 11 11 5 4 5 10 2 9 10 8 7 7 8 4 10 8 11 1 9 5 5 11 4 5 11 5 4 4 10 10 8 7 7 8 11 5 4 4 4 4 4 10 11 5 5 7 10 10 8 7 7 7 7 7 8 4 10 2 11 9 8 8 10 10 8 8 11 4 4 1 3 4 5 4 4 10 11 5 5 4 4 11 11 5 2 7 7 7 7 7 9 7 7 7 8 11 11 5 2 11 9 5 5 4 10 11 5 5 11 4 5 10 10 8 2 7 6 10 7 10 8 8 11 5 11 4 4 5 10 10 8 8 4 11 4 4 4 5 10 8 10 10 7 7 7 7 7 7 8 8 10 10 8 8 11 5 4 10 10 2 8 11 5 9 11 5 4 5 10 2 9 11 5 5 11 2 9 10 8 8 10 10 8 7 7 8 11 5 11 1 3 4 4 4 4 4 5 10 7 11 5 2 11 3 5 10 10 7 8 7 8 10 7 7 7 7 10 8 4 1 3 4 4 4 4 5 4 10 2 9 8 11 7 7 7 7 7 8 11 4 4 4 4 11 5 4 5 7 7 10 7 7 7 7 8 11 11 4 4 4 4 5 5 11 11 5 4 4 5 11 2 9 7 7 8 7 7 11 10 8 8 11 4 4 5 11 11 5 5 7 7 7 7 7 7 10 8 10 10 2 8 4 4 11 9 5 5 10 8 11 4 4 4 5 10 10 8 2 9 8 10 10 8 7 7 7 7 7 8 11 11 5 11 5 2 7 11 11 5 4 4 5
ppo_x50_b_fd_l4_same_gamma,46,qv14_50,14,86,True,422.0,2.780600070953369,8 8 9 10 8 8 10 10 8 8 11 5 11 11 5 2 3 7 7 10 7 10 8 8 10 10 8 8 11 4 5 4 4 10 10 8 7 8 11 4 5 11 11 5 5 11 5 10 10 8 7 8 10 10 7 7 7 8 8 11 5 10 10 7 8 8 11 2 9 4 4 4 4 5 10 10 7 8 5 10 10 8 2 9 5 10 10 8 8 4 4 11 4 5 4 10 10 8 7 8 11 1 3 4 5 4 4 4 4 10 11 5 5 11 11 5 2 7 7 7 7 6 7 10 7 8 10 10 2 8 9 7 7 8 4 11 11 5 2 9 5 10 7 11 5 4 4 4 11 5 5 11 2 9 11 5 7 8 11 4 4 4 5 7 10 10 8 7 7 8 10 10 8 7 7 7 7 8 11 11 5 4 4 5 11 2 4 4 9 4 4 4 5 4 10 10 8 7 7 7 7 7 7 8 11 2 9 11 5 5 4 11 11 5 5 10 8 4 4 10 10 8 8 11 5 11 11 5 4 5 10 10 7 7 7 7 7 8 7 7 7 8 4 10 10 8 8 11 4 4 5 10 2 9 10 8 7 8 11 4 4 4 5 7 11 11 5 4 5 10 7 8 4 11 11 5 4 5 10 10 8 2 7 9 7 10 8 7 7 8 11 4 4 4 4 4 4 4 5 11 2 6 10 8 11 11 5 5 7 7 7 10 10 7 7 7 8 8 10 2 9 10 8 8 4 4 4 11 4 5 10 11 5 2 11 3 5 7 10 10 7 8 7 7 8 4 4 1 9 5 4 4 4 4 11 4 4 5 10 7 7 10 8 2 3 10 7 8 4 11 11 5 5 11 11 5 5 7 7 10 7 8 10 10 8 7 7 7 7 7 8 11 2 9 11 5 5 10 7 8 11 11 5 11 5 5 10 8 11 11 5 5 11 11 5 2 4 4 11 11 5 5
ppo_x50_b_fd_l4_same_gamma,47,qv14_51,14,96,True,482.0,3.1411004066467285,8 8 10 9 8 8 10 0 9 8 8 11 2 9 11 5 5 10 8 7 10 10 8 8 10 10 8 8 11 5 4 10 8 11 11 5 4 4 5 10 7 7 8 7 10 7 10 8 8 10 10 8 8 11 5 11 2 3 4 4 4 4 4 11 5 11 11 5 5 11 11 5 2 7 7 7 7 7 10 6 8 7 10 2 9 10 8 7 7 8 11 5 11 5 4 11 4 5 4 11 4 5 10 10 8 4 4 4 4 5 10 7 7 7 7 8 10 10 7 8 8 11 4 4 4 4 4 5 10 7 8 7 10 7 10 7 8 8 4 4 11 5 11 5 7 7 7 10 10 8 7 8 1 9 1 9 5 8 11 10 8 8 4 4 4 4 4 4 4 11 4 4 11 5 2 10 9 5 5 10 8 10 7 10 8 8 11 5 7 7 7 7 7 11 10 8 8 10 7 10 8 4 4 4 4 2 11 3 5 11 5 11 11 5 4 4 4 5 10 7 10 8 7 0 6 7 7 8 1 9 5 4 11 11 5 5 11 5 11 11 5 2 6 10 7 7 8 10 10 7 7 8 8 1 4 11 4 3 4 4 5 11 11 5 5 7 7 10 10 8 7 8 11 4 4 5 11 5 7 10 10 8 8 10 10 8 8 10 10 8 7 7 8 11 4 2 4 4 9 5 11 5 4 11 11 4 4 4 5 2 6 7 10 11 5 7 8 7 7 10 7 7 7 10 8 8 10 2 9 10 8 8 4 11 5 4 4 4 11 5 11 5 11 11 5 4 11 5 2 9 8 7 11 10 8 8 4 11 5 4 10 10 8 7 7 7 7 8 10 10 7 8 7 8 10 4 4 5 11 4 5 4 11 4 5 11 5 10 10 7 7 7 8 7 8 10 10 7 8 8 11 2 4 9 5 10 10 8 8 4 4 4 11 4 5 10 7 7 7 7 8 11 11 4 5 5 11 11 5 5 4 4 11 4 4 4 5 10 2 9 10 8 7 7 10 8 8 10 10 7 7 2 7 8 11 11 5 11 5 3 4 4 5 4 11 4 11 4 5 2 9 8 10 10 7 7 7 7 7 7 2 8
ppo_x50_b_fd_l4_same_gamma,48,qv14_52,14,92,True,476.0,2.977786064147949,8 8 9 10 8 8 10 10 8 8 11 5 11 11 5 2 7 7 7 9 10 8 8 10 10 8 8 11 5 4 11 4 4 5 10 10 8 7 7 7 7 10 8 8 11 5 4 4 10 10 8 7 8 10 10 8 8 4 4 11 5 11 5 7 7 11 11 5 5 11 10 2 8 9 8 11 11 5 4 4 4 4 4 4 5 10 8 4 10 10 8 7 7 8 4 11 4 5 7 10 10 8 8 10 10 8 8 11 2 3 4 11 4 5 10 10 8 8 4 10 10 8 7 7 7 8 10 10 8 8 4 4 4 11 11 5 4 4 4 4 5 7 7 7 10 7 8 10 7 8 11 11 5 4 5 4 4 10 11 5 5 10 10 4 4 5 4 10 8 7 7 7 7 7 7 7 7 7 7 8 4 4 4 4 11 2 9 11 5 4 5 4 10 11 4 4 4 5 2 7 6 11 5 10 10 8 8 7 10 7 10 8 7 8 11 5 7 11 2 9 10 8 8 10 2 9 10 8 8 7 11 1 11 5 4 3 11 5 5 4 4 11 4 4 4 5 10 10 8 2 11 5 7 10 10 6 7 8 8 7 10 2 9 4 4 5 10 10 7 8 8 10 7 7 7 8 4 11 11 5 4 2 9 11 5 5 11 4 5 10 7 7 7 8 11 11 5 5 10 8 4 4 11 11 5 5 10 0 6 7 7 8 11 11 5 7 7 7 8 7 11 10 8 8 1 3 11 11 5 4 4 4 4 5 4 4 11 4 5 10 10 8 8 11 5 11 11 5 2 9 7 0 6 7 7 8 11 11 5 5 7 7 7 10 8 10 7 10 8 7 8 4 10 10 8 2 9 8 11 11 5 4 10 8 2 9 8 11 11 5 4 1 3 4 11 5 5 4 10 10 8 8 10 8 10 7 7 8 11 11 5 5 11 11 5 4 11 4 4 4 5 5 10 8 11 11 5 2 9 8 10 10 8 8 10 10 8 2 9 8 10 10 8 7 7 7 7 7 8 11 10 2 8 11 11 5 3 4 4 4 4 4 4 4 1 4 4 5 10 10 8 8 10 10 8 8
ppo_x50_b_fd_l4_same_gamma,49,qv14_53,14,91,True,438.0,2.9389097690582275,8 8 9 10 8 8 10 10 8 8 10 10 8 8 10 10 8 8 11 5 10 10 7 5 2 9 10 8 8 11 4 4 4 5 11 2 9 11 5 4 5 7 7 7 7 7 10 8 11 11 5 5 4 11 4 5 4 11 11 5 5 7 7 7 7 10 7 8 11 2 9 11 5 11 5 5 10 8 4 4 11 4 5 10 10 8 8 11 4 5 10 7 7 10 8 7 7 7 7 7 10 7 8 8 11 5 4 4 11 5 4 10 2 9 10 8 8 11 4 5 10 11 5 2 6 7 7 7 10 10 8 8 4 4 11 5 11 5 11 2 9 7 7 7 8 11 11 5 5 4 4 11 4 5 10 10 8 8 11 5 4 10 4 5 10 10 8 10 8 8 7 10 7 7 7 8 11 4 4 11 5 4 10 8 2 9 8 11 11 5 5 4 4 4 11 4 5 10 10 8 8 4 11 4 5 10 2 9 10 8 8 10 7 8 7 10 7 8 10 10 7 5 2 3 10 10 7 8 8 11 5 4 4 4 1 3 4 4 4 10 11 5 5 10 8 10 10 8 2 9 8 10 8 11 11 5 4 4 4 5 11 11 5 2 7 7 9 8 7 10 7 7 7 8 10 10 8 8 10 7 10 8 4 2 9 5 10 8 11 11 5 4 4 4 4 4 11 5 2 9 11 5 4 4 5 10 10 8 8 7 10 8 10 10 8 2 3 10 10 8 8 11 2 9 4 11 5 5 4 11 11 5 5 7 7 10 0 6 7 7 7 7 7 8 11 11 5 2 11 3 5 11 4 4 4 4 4 5 11 11 5 2 7 7 7 7 7 7 9 7 7 8 11 4 4 10 8 2 9 7 7 7 8 10 10 8 4 4 4 4 4 4 4 4 5 11 2 9 4 4 5 10 10 8 10 8 8 10 10 8 7 8 10 10 8 8 10 2 9 10 8 4 4 4 4 5 10 7 7 8 4 4 11 11 5 4 4 5
ppo_x50_b_fd_l4_same_gamma,50,qv14_54,14,90,True,437.0,2.9086456298828125,8 6 2 9 10 8 8 10 10 8 8 11 5 10 10 7 8 8 11 5 7 10 10 8 8 10 10 8 8 11 5 10 10 7 8 8 4 1 4 3 4 11 4 4 5 4 4 11 4 4 2 10 9 8 8 10 8 11 2 6 10 10 8 7 7 7 7 7 8 11 2 11 9 5 5 11 4 5 4 4 11 11 5 4 2 9 4 10 8 0 6 7 8 10 8 4 4 10 7 7 10 7 8 2 7 9 7 7 10 8 8 4 4 4 11 4 5 10 10 8 8 11 2 4 9 10 7 8 7 7 8 11 11 5 4 5 11 2 9 11 5 4 4 5 10 10 8 2 9 7 7 10 8 7 7 8 11 11 5 5 4 11 5 11 11 5 4 4 5 11 11 5 5 4 10 2 9 10 8 7 7 8 10 10 8 7 7 8 4 10 8 10 10 8 8 11 5 10 10 8 2 9 5 11 11 5 4 11 5 5 4 11 4 4 4 4 5 10 8 4 11 10 8 2 6 10 10 7 7 8 8 11 5 10 10 8 7 7 8 11 4 4 10 8 7 7 7 7 8 4 4 4 11 2 9 5 11 11 2 4 5 9 7 7 8 11 11 4 5 4 4 4 4 5 10 10 8 2 7 10 9 8 7 7 7 7 8 11 10 8 8 7 10 8 11 1 9 5 5 11 11 5 4 4 4 5 10 8 11 11 5 4 5 10 8 11 11 5 4 5 10 10 8 2 10 9 5 5 10 10 8 7 10 8 10 8 7 8 7 10 7 10 8 8 4 11 2 11 9 5 4 4 4 5 4 11 5 7 10 7 10 8 8 4 10 2 9 10 8 8 11 5 10 10 8 2 6 10 8 4 4 4 4 11 4 10 8 8 10 8 4 4 11 11 5 11 5 4 4 5 10 8 10 7 11 5 2 9 11 5 4 2 10 10 8 7 7 8 4 9 5 10 10 8 8 10 10 2 8 7 10 10 8 7 7 7 8
ppo_x50_b_fd_l4_same_gamma,51,qv14_55,14,88,True,443.0,2.8843672275543213,8 8 10 9 8 8 10 10 8 8 11 5 7 10 10 8 8 10 10 8 8 11 5 11 4 5 10 10 8 7 7 10 8 8 11 4 10 8 8 11 4 4 4 4 4 5 11 10 4 5 7 7 7 7 7 7 8 11 2 9 10 8 8 10 10 8 8 4 4 4 11 5 11 2 3 1 3 4 4 10 10 8 7 7 8 7 11 11 5 5 4 4 4 11 4 5 10 7 8 11 5 11 10 8 2 3 11 11 5 5 7 7 7 10 7 7 7 7 7 8 7 11 10 8 2 9 10 8 4 4 5 4 10 8 11 2 11 4 9 5 4 5 11 2 9 11 5 11 5 5 7 10 7 7 10 8 8 11 7 7 10 8 7 8 11 11 5 4 4 4 5 10 8 10 7 7 8 11 2 11 9 5 4 4 5 10 7 8 11 11 5 4 4 4 4 4 4 5 10 7 10 8 8 7 10 8 11 4 11 5 5 11 2 9 11 5 7 7 7 7 7 8 4 4 11 4 4 4 5 7 7 10 10 8 8 7 7 7 7 11 10 8 8 11 2 7 6 10 10 8 4 4 4 4 5 4 11 4 5 10 4 2 3 4 11 5 11 5 7 7 7 10 10 8 7 7 8 10 8 10 8 11 4 4 4 4 5 10 10 8 8 11 2 9 11 5 4 4 10 8 7 7 7 7 7 7 7 8 11 1 4 4 4 4 3 4 4 5 4 11 11 5 2 9 5 10 7 7 10 8 7 7 8 10 4 2 9 5 10 10 8 8 10 7 7 8 11 11 5 2 9 8 11 11 5 5 10 2 9 8 11 11 5 5 11 2 9 10 8 7 7 8 10 10 8 8 4 4 4 11 11 5 4 4 4 4 4 5 4 10 10 8 7 7 7 8 7 11 10 8 8 4 4 4 4 10 2 9 10 8 8 7 7 11 5 11 5 10 10 7 8 8 7 11 5 10 10 8 7 8 11 11 5 4 4 5 4 4 4 11 11 5 5
ppo_x50_b_fd_l4_same_gamma,52,qv14_56,14,92,True,458.0,3.0125505924224854,8 8 9 10 8 8 10 10 8 8 11 5 4 11 5 7 10 10 7 8 10 8 8 11 4 5 10 2 10 7 7 9 8 8 10 10 8 8 11 5 4 10 10 8 8 10 10 8 8 4 4 11 1 3 4 4 5 10 8 10 8 4 4 10 11 5 5 11 4 10 8 7 7 8 4 11 4 4 5 4 11 11 5 2 7 9 5 10 10 8 2 9 7 8 10 7 11 5 4 4 5 10 7 7 8 10 10 8 7 7 8 4 10 10 8 8 10 8 4 4 11 5 4 4 11 4 4 5 7 7 10 8 11 4 4 4 4 5 10 7 8 10 8 10 10 7 7 7 7 7 7 8 8 4 4 10 8 11 11 5 5 11 4 4 5 10 11 5 2 3 11 4 4 5 7 7 7 10 10 8 7 7 7 8 4 4 4 11 4 4 4 4 4 5 7 7 7 7 10 8 10 7 10 7 7 8 7 8 1 9 5 4 4 10 8 11 11 5 2 4 4 11 3 4 4 5 10 7 7 7 7 7 8 11 5 11 11 5 5 11 5 11 11 5 7 7 8 10 2 9 8 10 7 7 10 8 8 11 4 5 4 4 11 4 5 11 2 3 11 11 5 4 5 10 0 6 7 7 7 8 10 10 8 2 9 5 11 11 5 2 9 11 5 7 0 6 7 7 8 11 4 5 10 7 7 10 7 8 8 11 11 5 2 6 4 4 11 11 5 4 4 5 4 11 4 11 5 5 7 10 2 3 10 10 8 7 7 8 10 8 7 10 10 7 7 7 8 4 2 9 5 11 4 4 4 4 4 8 11 11 5 2 9 5 10 7 7 7 7 8 10 10 8 2 9 10 8 8 11 2 4 9 10 8 8 11 4 4 5 11 11 5 11 5 4 4 4 5 10 10 8 8 4 11 2 3 11 11 5 5 10 11 5 2 10 9 8 7 7 7 7 7 8 11 2 11 11 5 5 7 7 7 7 7 7 11 5 10 10 8 8 7 11 11 5 4 4 4 4 5 4 4 11 11 5 4 4 5
ppo_x50_b_fd_l4_same_gamma,53,qv14_57,14,92,True,450.0,2.974540948867798,8 8 10 10 8 8 9 10 8 8 11 5 10 7 10 8 8 10 10 8 8 10 4 5 4 11 5 7 10 7 7 10 8 8 4 4 10 8 11 5 4 4 11 5 10 10 8 4 4 5 7 10 7 8 10 8 7 7 10 10 8 8 4 10 2 11 9 5 5 10 8 11 11 5 4 5 7 10 8 11 11 5 5 10 8 11 11 5 4 4 11 4 4 5 4 5 10 7 7 8 4 11 11 5 2 6 10 7 8 10 7 7 7 7 7 8 7 10 10 8 2 3 11 4 11 5 4 4 4 5 10 8 11 11 5 11 5 5 4 10 10 8 8 11 4 5 11 11 5 5 7 7 10 2 9 10 8 7 7 7 7 7 8 11 2 9 11 5 4 4 5 7 10 7 11 5 4 4 5 11 5 10 11 5 2 9 10 8 7 7 8 11 4 4 5 11 11 5 7 7 8 10 8 11 4 4 4 5 7 7 10 10 8 7 7 7 7 8 4 4 4 4 11 4 5 11 2 9 5 11 11 5 2 3 7 7 10 10 7 8 8 10 10 7 7 7 7 8 8 4 10 2 11 9 5 4 4 5 10 7 8 11 5 11 11 5 2 10 9 5 4 5 7 7 10 7 7 10 8 8 4 11 2 9 7 8 11 11 5 1 3 4 4 4 5 10 4 11 5 2 7 9 8 10 10 8 8 11 5 10 10 7 8 8 7 11 5 4 4 4 4 4 10 10 8 2 11 4 4 4 5 10 9 8 7 7 7 8 11 4 4 4 5 10 10 8 4 4 5 10 7 8 11 11 5 5 10 8 7 10 10 7 8 7 7 7 8 4 1 3 11 4 5 4 4 4 11 4 11 5 2 10 8 9 7 7 8 11 11 5 4 5 10 10 7 7 7 7 7 8 8 10 10 7 7 8 8 11 5 4 11 5 10 0 9 8 10 8 8 11 5 10 2 6 11 11 5 11 5 5 11 11 5 2 11 4 4 4 4 5 7 10 7 7 7 10 8 7 7 8
ppo_x50_b_fd_l4_same_gamma,54,qv14_58,14,95,True,477.0,3.114656686782837,8 8 9 10 8 8 10 10 8 8 11 5 11 11 5 2 10 10 6 7 7 8 8 10 10 8 8 11 5 11 2 9 11 5 5 10 11 5 5 7 10 7 7 7 10 8 8 10 10 8 8 4 10 8 11 11 5 1 3 4 5 4 11 4 4 4 4 5 11 11 5 2 7 7 9 8 10 10 8 2 9 5 4 4 11 11 5 2 7 7 9 10 8 7 8 4 10 4 4 5 10 10 7 7 8 8 10 4 4 5 7 10 7 10 8 7 7 7 8 7 11 2 3 4 4 4 10 10 8 2 9 8 11 1 3 1 3 4 4 4 5 11 5 11 11 5 2 10 10 8 7 6 7 7 10 8 8 11 5 7 10 10 8 7 8 11 4 4 4 4 5 11 5 11 5 7 10 10 7 7 7 7 8 8 4 4 11 1 3 5 4 11 4 5 10 8 11 4 4 11 5 2 7 6 7 10 11 5 5 10 10 8 7 7 7 10 8 8 10 2 7 11 9 8 8 7 11 11 5 4 5 4 4 11 4 4 4 4 4 5 7 7 7 7 10 7 8 10 8 7 10 7 7 8 11 11 5 4 4 11 5 5 10 7 8 11 11 5 4 11 5 5 11 2 9 5 4 10 10 8 7 7 8 7 7 7 11 11 5 4 4 4 5 10 2 9 7 7 8 10 10 8 2 9 5 10 10 8 7 8 11 11 5 4 4 4 4 11 5 4 4 4 5 7 10 8 7 11 11 5 4 4 5 7 7 7 7 10 8 7 11 11 5 5 10 8 11 11 5 5 11 10 8 8 4 4 11 11 5 5 7 7 0 6 10 7 7 7 7 7 7 8 1 9 4 5 10 10 8 2 4 4 9 8 11 11 5 5 4 11 4 11 5 5 10 8 10 10 8 8 11 5 4 10 0 6 7 7 7 7 10 8 2 9 5 10 10 8 8 4 4 4 4 11 5 10 11 5 5 11 2 9 11 5 4 4 5 0 6 7 7 7 10 7 7 8 11 11 5 2 4 9 8 11 4 4 4 5 4 11 11 5 2 10 10 7 7 7 7 8 8 10 10 8 7 7 8
ppo_x50_b_fd_l4_same_gamma,55,qv14_59,14,92,True,440.0,3.010742664337158,8 8 9 10 8 8 10 2 9 11 5 5 10 8 10 10 8 8 10 10 8 8 11 5 11 2 10 6 7 10 8 8 10 2 9 10 8 8 10 4 4 4 4 5 7 10 8 10 2 7 7 9 10 8 8 4 1 9 5 11 5 4 4 4 4 4 4 11 4 5 7 7 7 10 10 8 2 9 7 7 8 4 1 11 4 3 4 5 10 10 8 8 10 10 8 7 8 11 4 5 10 10 8 7 7 8 11 5 10 10 8 2 11 9 8 8 11 11 5 4 4 4 4 4 4 5 11 11 5 5 10 7 7 8 4 11 5 11 11 5 2 7 7 9 8 10 10 8 7 8 10 7 10 8 8 7 10 10 2 8 4 11 4 4 5 9 10 8 8 4 4 4 4 4 10 8 11 11 5 4 5 4 10 10 8 8 11 5 11 11 5 7 2 7 10 9 8 7 7 7 7 7 8 11 10 8 2 9 7 11 5 4 4 5 4 11 5 7 10 0 6 7 7 7 5 10 10 7 8 2 9 5 4 4 4 11 11 5 2 9 8 10 10 2 8 9 5 11 4 4 4 5 10 8 10 10 7 8 2 9 8 4 10 8 11 4 4 5 4 11 4 11 5 5 11 11 5 2 7 7 7 9 0 6 7 8 11 10 8 8 10 10 7 7 8 2 4 9 5 4 4 4 4 4 4 11 4 5 10 10 8 8 10 7 7 8 10 7 8 11 11 5 4 11 5 2 9 7 11 5 2 11 5 9 11 5 7 8 10 2 9 10 8 7 7 7 7 7 8 11 4 10 8 7 8 4 11 1 3 4 4 4 4 4 4 4 5 7 10 8 4 10 7 7 0 6 0 7 7 7 8 9 10 8 8 4 1 3 11 5 4 11 11 5 11 5 4 4 4 4 5 11 2 10 9 8 8 10 7 10 8 7 8 11 4 5 11 11 5 5 4 10 10 8 7 7 7 8 11 11 5 2 7 7 7 7 10 10 8 8
ppo_x50_b_fd_l4_same_gamma,56,qv14_6,14,89,True,457.0,2.872405767440796,8 8 10 10 8 8 9 10 8 8 10 10 8 8 10 10 8 8 11 5 10 10 7 8 8 10 5 10 5 10 1 3 5 10 4 4 4 11 5 2 9 11 5 4 5 10 7 7 7 7 8 7 10 7 10 8 8 4 4 4 4 11 4 4 4 5 10 7 7 8 11 4 4 11 5 2 7 7 7 9 5 10 10 8 7 8 10 7 7 10 8 2 11 4 9 5 4 4 5 4 4 4 11 4 5 4 4 10 10 8 7 8 10 2 9 10 8 8 11 10 8 7 7 7 8 1 3 4 4 11 11 5 4 4 5 10 2 9 11 5 5 7 10 7 10 8 7 8 10 10 7 5 2 9 11 5 2 3 11 11 5 5 11 2 9 11 5 4 4 5 7 11 5 7 7 7 7 10 7 7 8 4 11 5 11 11 5 5 7 7 10 7 8 10 10 8 8 10 10 8 8 11 5 11 7 7 11 5 5 4 4 4 11 11 5 4 4 4 5 11 11 5 5 7 7 7 7 10 7 7 7 7 7 8 11 2 9 5 10 10 8 8 4 4 11 2 9 10 8 4 5 10 8 11 11 4 4 5 4 5 10 8 4 4 11 4 4 5 10 10 8 8 4 11 5 7 10 10 7 8 10 7 8 8 11 5 11 4 10 8 7 8 11 2 4 11 3 4 5 10 10 8 7 0 9 5 5 4 4 11 4 5 7 10 8 10 8 7 10 10 7 8 8 10 8 11 10 7 7 8 2 9 5 11 4 4 5 4 4 4 4 11 5 11 11 5 2 9 4 10 8 7 7 8 4 4 11 5 10 7 0 6 8 10 10 8 7 7 7 8 10 10 8 8 4 4 11 4 4 5 4 10 10 7 7 8 7 7 7 8 11 10 2 8 11 11 5 9 5 4 4 5 10 7 7 7 8 11 11 5 11 5 5 10 8 11 11 5 4 5 11 11 5 11 5 5 11 11 5 5 11 2 9 4 10 8 8 10 7 7 8 10 10 7 7 2 8 4 4 4 4 4 4 11 11 5 5
ppo_x50_b_fd_l4_same_gamma,57,qv14_60,14,92,True,460.0,3.0116143226623535,8 8 9 10 8 8 10 10 8 8 11 5 11 11 5 5 7 10 7 5 7 10 10 8 8 10 10 8 7 5 11 5 11 10 7 7 8 8 10 4 5 10 10 7 8 8 11 5 10 10 2 8 11 5 4 3 1 9 11 5 4 4 4 4 4 4 5 10 7 7 7 7 7 7 8 10 10 8 7 8 11 4 8 4 4 11 4 11 5 4 4 10 8 2 3 4 4 10 10 8 7 8 7 10 8 4 10 10 8 8 11 4 11 5 4 4 4 4 5 11 11 5 2 7 7 7 7 9 7 8 10 10 8 2 9 7 7 8 11 11 5 5 10 7 7 8 11 4 4 11 5 5 10 7 8 11 4 4 11 5 4 5 11 4 5 10 10 8 2 7 7 7 9 8 10 7 8 11 11 5 2 9 4 5 7 7 10 11 5 5 7 7 10 10 8 8 7 11 5 4 4 4 4 11 5 7 10 8 11 11 5 11 5 5 11 5 7 7 10 7 7 7 7 7 8 4 11 4 5 10 7 7 8 11 11 4 4 4 4 4 4 5 4 4 5 4 10 10 8 7 8 10 8 11 4 5 10 10 8 2 9 7 7 7 7 7 8 11 5 4 4 4 11 11 5 2 9 7 7 8 10 7 10 8 8 11 4 11 5 4 4 4 5 11 11 5 5 7 7 7 7 10 8 11 11 5 5 10 8 4 11 11 5 5 7 7 10 7 7 7 7 7 7 11 5 4 4 4 5 4 4 11 4 5 4 11 11 5 2 7 7 9 8 7 7 10 8 10 10 7 7 5 2 11 4 3 4 5 10 8 11 11 5 5 11 11 5 2 9 8 7 10 7 7 10 8 8 10 10 8 8 4 10 8 4 4 4 4 11 5 10 10 8 8 4 10 11 5 5 7 7 10 7 10 8 8 10 10 8 8 11 2 4 9 10 8 8 11 5 11 11 5 4 4 4 4 1 3 4 11 5 5 4 10 2 10 10 8 8 11 3 4 5 10 10 7 8 8 10 10 8 8 10 7 10 8 7 7 7 8
ppo_x50_b_fd_l4_same_gamma,58,qv14_61,14,88,True,459.0,2.883406400680542,8 8 10 9 8 8 10 10 8 8 10 4 5 10 10 7 8 8 10 10 8 8 11 5 4 4 11 4 5 10 10 8 7 10 7 8 8 10 10 8 8 10 10 8 8 11 5 4 4 4 4 4 11 4 4 4 4 5 10 10 8 7 7 7 7 7 7 7 7 7 8 11 2 11 11 5 3 4 5 11 2 9 10 8 8 4 11 4 11 5 5 4 11 5 10 10 8 10 8 8 4 10 11 5 5 4 4 11 11 5 2 7 7 9 10 8 7 7 10 7 8 7 7 7 7 8 4 4 4 11 4 4 5 10 10 7 8 8 11 4 4 11 5 2 9 7 7 10 8 7 7 7 8 11 4 4 4 4 5 11 10 7 7 8 7 7 8 11 1 9 5 5 11 4 4 4 4 5 10 7 7 10 7 5 2 9 4 11 5 4 4 5 10 8 10 10 8 4 4 4 5 11 2 9 10 8 7 7 7 8 11 5 7 7 10 10 8 8 10 10 8 8 4 11 4 4 4 5 11 5 7 7 11 10 8 8 4 4 11 11 5 2 11 9 8 8 4 11 11 5 4 5 7 7 7 7 7 10 10 7 5 4 5 11 5 7 10 7 7 10 8 8 4 4 4 4 11 4 5 7 7 10 7 8 11 2 10 9 5 5 7 7 7 7 11 11 5 4 4 4 4 4 4 4 4 4 5 7 11 5 0 6 7 7 7 10 10 8 2 9 8 10 8 10 10 8 2 4 3 11 4 5 11 11 5 5 4 11 5 10 10 8 2 9 5 10 10 8 7 8 10 10 8 8 7 10 8 11 2 9 11 5 5 11 4 5 10 10 8 7 7 7 8 11 5 4 4 4 4 11 4 4 5 4 4 10 10 8 0 6 7 8 7 10 7 7 8 10 7 7 10 2 8 11 5 11 3 5 11 11 5 5 4 11 11 5 5 10 2 6 10 11 5 2 11 11 5 5 4 11 3 5 10 10 8 8 10 10 7 7 8 7 0 6 7 7 8 10 10 2 8 4 4 4 4 11 11 5 5
ppo_x50_b_fd_l4_same_gamma,59,qv14_62,14,92,True,451.0,2.96979022026062,8 8 10 10 8 8 9 10 8 8 10 4 5 10 7 10 8 8 10 2 9 10 8 8 10 10 8 8 11 5 4 4 4 11 5 10 10 8 2 9 5 10 10 8 4 4 4 5 7 7 10 7 8 10 10 7 7 8 8 4 11 5 10 10 8 8 4 11 1 3 4 4 4 5 11 4 5 11 11 5 2 9 5 10 8 10 7 7 10 8 7 7 5 10 7 10 7 8 8 4 1 4 9 5 4 4 4 11 5 7 10 8 4 11 11 5 5 10 11 5 5 7 7 0 9 11 5 4 4 4 5 7 7 7 7 7 7 10 7 8 11 11 5 5 10 7 8 10 2 10 10 7 8 8 11 5 4 4 3 11 4 4 5 11 4 5 11 11 5 2 10 9 8 5 4 10 10 8 7 7 7 8 10 11 5 5 4 11 5 4 11 5 4 10 10 8 7 7 7 7 7 7 7 7 7 8 4 4 4 4 4 10 11 5 5 11 5 10 10 7 7 7 8 8 11 4 5 10 10 8 8 7 11 2 9 11 5 4 4 5 11 2 3 4 11 10 8 8 11 11 5 4 4 4 5 10 7 7 8 7 11 5 10 10 8 7 7 7 8 7 11 2 9 11 5 4 5 4 4 4 4 10 11 5 5 11 5 10 10 7 7 8 7 7 7 10 7 7 7 8 8 4 4 4 10 8 10 7 8 4 4 4 4 10 10 8 8 11 4 4 4 4 4 5 11 4 2 4 11 5 9 10 8 8 10 4 5 10 10 7 8 8 7 10 7 10 8 8 11 4 5 4 4 10 11 5 5 10 10 7 7 7 8 8 10 10 7 8 8 11 5 4 10 7 10 8 8 11 5 10 11 5 2 11 4 9 5 4 5 10 8 4 4 4 4 10 11 5 5 4 11 11 5 2 7 7 10 7 7 7 10 8 6 8 10 10 7 7 7 8 2 9 5 4 4 1 4 4 4 9 5 11 11 5 2 3 10 10 7 7 7 7 7 8 8 11 2 10 10 8 8
ppo_x50_b_fd_l4_same_gamma,60,qv14_63,14,92,True,470.0,2.9773037433624268,8 8 9 10 8 8 10 10 8 8 11 5 4 10 10 8 8 10 2 9 10 8 8 10 10 8 8 11 5 4 11 4 4 5 7 11 10 8 8 10 7 7 7 10 8 8 4 11 5 4 10 10 8 8 4 4 4 10 10 8 8 11 2 3 11 11 5 4 4 4 4 5 10 10 8 2 6 7 7 7 11 10 7 7 7 7 7 8 8 4 4 10 8 11 11 5 2 11 5 3 4 4 4 4 4 11 4 5 10 10 8 7 7 7 8 10 10 8 7 8 7 7 11 10 8 8 11 4 4 5 4 10 4 5 10 7 10 8 8 10 2 9 7 11 5 5 4 1 11 9 5 4 4 4 5 10 8 11 11 5 5 11 11 5 2 3 7 10 10 8 7 8 10 10 8 7 8 11 10 8 8 10 7 10 7 8 4 2 9 8 4 11 11 5 4 4 4 4 4 5 10 8 10 7 10 8 2 10 6 11 5 4 5 11 5 11 11 5 11 5 2 9 8 11 11 5 5 7 7 11 2 9 5 7 7 10 11 5 5 4 10 10 8 7 7 7 7 7 7 8 4 4 10 10 8 7 7 8 11 11 5 5 4 11 4 4 5 10 10 8 8 11 5 4 10 10 7 7 7 7 8 2 9 11 5 7 8 4 11 4 4 5 10 10 8 2 4 9 5 11 11 5 4 4 4 5 11 11 5 4 2 10 9 8 7 7 0 6 7 7 7 7 7 7 5 11 10 8 7 8 11 11 5 2 10 8 9 11 5 11 5 4 4 4 4 5 10 0 6 7 7 8 11 4 10 8 8 10 7 10 7 8 2 11 5 6 4 11 11 5 4 4 4 1 3 5 4 10 8 11 11 5 5 10 8 4 4 11 11 5 2 7 7 6 10 7 10 7 8 8 10 7 11 5 2 11 5 9 10 8 4 4 5 10 10 8 7 7 7 8 11 4 4 5 10 10 8 7 7 7 8 11 11 5 4 5 4 4 4 11 5 11 11 5 5 11 4 5 10 10 8 8 10 7 10 7 8 2 10 10 8 7 7 7 8 9 7 11 5 5
ppo_x50_b_fd_l4_same_gamma,61,qv14_64,14,93,True,468.0,3.0067832469940186,8 8 9 10 8 8 10 10 8 8 11 5 10 11 4 5 2 7 10 6 7 10 8 8 10 10 8 8 11 5 10 2 9 7 10 8 8 10 10 8 8 11 5 11 11 5 4 5 4 4 11 4 5 7 10 10 8 8 11 5 11 2 9 10 8 7 7 8 11 7 11 5 2 7 7 9 11 5 4 4 5 4 11 11 5 5 10 8 4 11 11 5 5 4 10 0 6 7 7 7 7 7 7 7 7 7 10 8 2 3 1 9 5 4 4 11 5 10 7 11 5 2 4 3 4 11 5 11 4 5 11 5 4 10 10 8 7 7 7 8 10 10 8 8 10 7 8 4 4 4 11 11 5 2 6 11 11 5 5 11 11 5 2 7 9 10 8 8 10 10 8 8 10 7 10 7 8 7 8 4 4 7 1 9 11 5 2 4 4 9 10 8 7 8 11 4 5 11 5 4 11 4 11 5 11 5 2 11 3 5 10 10 8 8 7 10 8 10 10 8 7 5 10 10 8 8 4 4 1 3 4 11 5 4 10 10 8 7 11 5 4 4 4 5 11 2 10 9 8 7 7 7 7 8 10 10 7 7 7 8 7 8 1 9 5 4 4 11 5 10 10 8 2 4 9 8 11 4 4 4 4 4 8 11 4 4 5 10 10 8 2 9 8 10 8 10 10 8 7 7 8 10 2 9 7 7 7 8 11 11 5 4 4 5 4 4 10 11 5 5 11 0 9 5 4 5 7 10 7 8 7 7 10 10 8 8 4 4 11 5 4 11 4 4 4 5 10 10 8 8 11 2 6 7 10 10 7 8 8 11 5 11 5 7 10 10 8 7 7 7 8 11 1 3 5 11 11 5 4 4 4 4 11 5 4 5 11 11 5 2 7 7 7 11 5 9 5 10 10 8 8 10 8 10 0 6 7 8 7 10 10 7 8 8 11 2 9 7 11 5 5 11 4 4 11 5 11 5 2 11 11 5 3 5 7 7 10 7 8 11 11 5 11 5 2 9 10 7 5 4 4 4 4 4 5 10 10 7 7 7 7 7 7 7 7 7 8 8
ppo_x50_b_fd_l4_same_gamma,62,qv14_65,14,93,True,464.0,3.0080695152282715,8 8 10 9 8 8 10 10 8 8 11 5 10 0 6 10 8 8 10 10 8 8 11 5 4 11 5 11 7 7 10 8 8 10 10 8 8 10 11 5 2 4 9 5 10 11 5 5 11 11 5 2 3 11 11 5 5 10 10 8 4 5 4 10 10 8 7 7 7 7 7 7 7 10 8 8 4 11 5 10 5 10 5 4 10 8 10 10 8 8 11 4 4 5 4 4 4 4 11 5 11 5 10 7 10 7 5 4 4 4 4 5 7 7 10 2 9 7 7 7 10 8 2 9 4 11 5 4 4 5 10 8 4 11 5 10 10 8 2 11 5 3 4 10 10 8 7 8 7 10 8 10 7 7 10 8 8 10 10 8 8 4 4 11 4 5 11 4 4 4 5 7 10 10 7 5 4 5 7 10 10 8 7 7 7 7 8 11 1 9 5 5 4 4 4 4 11 4 11 5 2 9 7 8 11 11 5 2 3 10 8 11 11 5 5 10 8 10 7 10 7 8 2 10 9 5 5 11 4 5 10 8 7 7 10 10 7 8 7 7 8 11 4 5 11 10 8 2 3 11 5 7 10 10 8 8 4 4 4 4 4 11 2 9 11 5 11 5 2 3 11 5 4 10 10 8 7 8 10 7 7 7 7 7 7 8 11 1 3 5 4 11 5 11 11 5 1 3 4 4 4 4 5 7 10 2 9 7 7 8 10 10 8 2 11 3 4 4 5 4 10 10 8 7 7 7 7 7 8 11 4 4 4 4 5 11 2 9 11 5 2 3 4 10 10 8 7 7 8 10 7 7 8 10 10 8 7 8 11 5 11 4 4 4 4 5 10 7 7 7 8 10 7 10 8 8 4 4 10 8 11 11 5 4 4 4 4 4 4 5 11 5 7 10 10 8 7 8 10 2 7 11 9 5 5 4 10 8 11 4 5 4 4 11 11 5 2 7 7 10 10 8 7 8 9 4 5 10 10 8 2 10 10 7 8 8 10 7 7 8 11 11 5 5 11 11 5 5 6 7 7 7 7 11 11 5 4 4 4 4 4 4 4 5
ppo_x50_b_fd_l4_same_gamma,63,qv14_66,14,90,True,437.0,2.909998655319214,8 8 9 10 8 8 10 10 8 8 11 5 11 11 5 2 7 7 9 7 10 8 8 11 4 5 10 8 10 7 10 8 8 10 4 4 5 4 11 4 4 5 10 10 8 8 11 4 5 7 7 7 7 7 7 10 10 8 8 4 11 4 5 11 10 8 2 9 4 5 7 7 10 7 8 10 10 8 8 4 4 11 5 4 4 4 4 4 11 4 5 10 10 8 8 11 5 10 7 10 8 7 8 10 7 8 7 11 10 8 8 11 4 11 5 4 4 5 4 4 4 11 4 5 7 10 8 7 7 10 0 6 7 8 11 2 6 7 10 11 5 5 11 7 7 10 7 7 8 2 11 11 4 3 4 4 4 4 5 4 4 4 5 10 7 7 7 8 11 11 5 5 10 8 4 10 10 8 8 10 7 8 11 4 11 5 5 7 7 11 5 10 10 8 7 8 4 11 4 5 4 4 4 11 11 5 5 7 7 10 2 9 7 7 7 7 7 7 7 8 11 11 5 2 11 5 4 9 11 5 2 4 4 11 11 5 5 7 7 9 8 7 10 7 7 7 7 8 10 10 8 2 3 4 4 10 11 5 5 11 5 4 11 4 4 5 11 11 5 2 3 7 10 11 5 5 10 7 10 7 8 8 7 7 11 5 10 10 8 8 4 4 10 4 5 10 10 8 2 9 10 8 7 7 7 8 11 11 5 5 11 4 4 4 4 5 10 10 8 2 9 11 5 2 9 7 10 7 8 7 7 8 4 11 5 4 4 4 4 4 4 11 5 4 10 2 10 10 8 8 6 7 7 7 7 10 7 7 8 10 10 8 2 4 9 8 11 11 5 4 1 9 5 5 4 11 5 4 10 4 11 5 2 9 8 11 4 5 4 10 10 8 7 7 8 11 4 5 10 10 8 7 5 10 10 8 8 10 10 7 8 8 11 5 10 7 8 11 11 5 2 10 7 7 8 4 11 4 11 5 4 4 5 10 10 8 8
ppo_x50_b_fd_l4_same_gamma,64,qv14_67,14,89,True,422.0,2.8772661685943604,8 8 9 10 8 8 11 4 2 9 10 8 8 10 2 10 9 8 8 10 10 8 8 11 5 4 11 4 5 4 10 11 5 2 10 10 7 6 7 7 7 7 8 8 11 5 11 4 5 10 0 10 7 7 7 8 8 4 9 8 11 4 11 5 2 9 8 11 5 11 11 5 2 11 4 5 9 7 7 8 4 11 11 5 5 11 10 8 2 11 9 8 8 7 10 10 0 6 7 7 7 7 8 8 4 11 5 10 10 8 8 11 4 2 9 11 5 5 4 1 4 3 4 4 11 5 4 4 10 10 8 0 6 8 10 7 7 7 10 8 8 11 4 4 4 5 7 7 11 10 8 8 7 10 7 10 8 8 4 10 2 11 11 5 5 4 9 5 10 7 8 7 11 11 5 4 4 4 4 5 10 10 2 8 9 8 10 7 7 8 11 11 4 5 4 4 4 5 10 7 7 7 8 4 4 11 5 4 11 11 5 5 11 5 7 7 7 11 4 4 11 5 2 9 8 7 7 10 10 8 8 10 8 10 10 7 8 2 9 8 10 7 10 8 8 4 11 5 10 7 8 11 11 5 2 11 3 5 7 7 10 8 11 11 5 5 11 11 5 11 5 4 4 5 10 11 5 4 2 3 11 5 7 10 10 8 7 7 7 8 11 11 5 5 11 5 10 10 8 2 9 5 7 7 7 7 10 8 11 11 5 5 11 11 5 4 4 4 5 7 7 7 7 10 7 7 8 11 11 4 4 5 5 11 11 4 5 4 5 11 11 5 2 9 4 10 8 7 7 8 11 4 4 5 10 7 8 10 10 8 8 10 7 7 7 8 11 10 8 8 7 10 10 8 4 4 2 4 11 3 5 11 5 10 10 8 2 6 11 4 4 11 5 4 4 5 11 11 5 5 7 7 7 10 7 11 5 2 11 11 5 5 10 7 10 7 8 7 7 7 7 8
ppo_x50_b_fd_l4_same_gamma,65,qv14_68,14,90,True,437.0,2.9107978343963623,8 8 9 10 8 8 10 10 8 8 11 5 11 11 5 2 7 7 10 7 9 8 8 10 10 8 8 4 10 8 11 5 4 4 11 4 5 7 10 10 8 8 4 11 4 4 5 4 10 10 8 7 7 7 7 10 7 7 8 8 4 11 5 4 4 11 11 5 7 8 11 4 5 4 11 5 10 10 7 8 7 7 7 10 7 7 7 8 8 4 4 10 8 10 8 11 11 5 4 4 5 10 10 8 8 11 2 4 4 9 5 11 11 5 2 4 4 10 9 8 7 7 8 10 7 10 8 7 7 8 11 2 3 11 11 5 4 4 4 4 5 11 2 10 6 7 8 10 10 8 2 9 7 7 7 8 11 5 11 5 4 4 4 11 11 5 2 11 5 9 7 7 8 1 3 11 11 5 4 5 10 10 8 4 4 4 5 0 9 5 10 7 7 7 7 8 10 10 8 7 8 10 10 8 8 4 4 4 11 4 4 4 5 10 8 11 11 5 11 5 2 3 11 5 7 7 7 7 7 10 7 10 8 8 10 8 4 1 4 4 9 11 5 5 4 11 11 5 2 10 9 5 8 11 11 5 5 7 7 7 7 7 10 7 8 10 10 8 7 7 8 11 5 4 4 4 11 4 4 4 5 11 5 10 10 7 8 8 11 5 10 10 7 8 8 11 5 4 11 4 5 11 11 5 5 10 8 10 10 7 8 8 10 11 5 5 11 5 7 7 7 10 10 7 7 7 8 8 4 4 4 10 8 10 7 8 11 11 5 5 10 8 4 11 11 5 2 4 4 9 5 4 10 0 9 5 4 4 4 4 5 10 8 7 7 10 7 7 7 7 7 8 10 10 8 2 6 4 4 4 4 4 11 11 5 2 9 8 7 11 11 5 4 4 4 5 4 10 10 8 7 7 8 11 11 5 2 4 11 4 5 10 10 8 8 10 10 8 8 10 10 8 7 7 7 7 8 9 5 11 11 5 5 11 11 5 2
ppo_x50_b_fd_l4_same_gamma,66,qv14_69,14,85,True,419.0,2.784771680831909,8 8 10 9 8 8 10 10 8 8 11 5 11 11 5 2 7 7 10 6 10 8 8 10 2 3 10 4 5 7 10 10 8 8 10 10 8 8 10 4 5 11 4 5 7 10 7 7 10 8 8 4 11 5 10 10 8 2 11 3 11 5 4 4 5 4 11 5 10 10 8 4 4 4 4 4 5 10 2 9 8 10 10 8 7 8 10 7 10 8 7 7 7 8 11 11 1 3 5 8 11 4 5 11 4 4 11 5 4 4 5 7 10 7 7 7 8 11 5 10 10 8 7 7 8 11 4 5 10 4 4 4 4 4 11 5 2 7 9 8 7 7 10 7 7 7 7 8 4 4 11 4 5 10 10 8 7 5 10 10 8 2 4 3 4 4 4 4 11 4 10 8 8 10 8 11 2 11 9 5 4 5 4 10 2 10 10 8 6 7 7 7 7 7 7 7 7 8 11 2 11 9 5 5 11 5 10 10 8 8 11 5 11 4 4 11 5 2 3 10 10 7 7 7 7 7 8 2 4 4 4 9 11 5 2 3 4 11 4 4 5 11 4 5 10 10 8 8 10 10 8 7 7 7 8 7 10 7 8 4 11 11 5 5 10 8 4 11 11 5 5 7 7 10 8 11 4 4 4 4 4 4 4 5 4 10 10 8 7 7 7 8 7 11 2 9 10 8 8 10 10 8 7 8 4 4 4 4 11 4 5 4 10 10 8 7 8 7 7 11 5 10 10 8 8 4 11 5 11 4 11 5 4 4 5 7 11 5 11 11 5 2 3 10 7 8 10 10 8 8 7 10 10 7 7 8 8 10 10 8 8 4 4 11 4 5 11 4 5 11 4 5 10 10 7 7 8 8 11 10 8 8 10 10 8 2 10 8 11 11 5 4 4 5 4 11 11 5 4 4 5 11 11 5 5 10 10 7 7 7 7 7 7 8 7 7 7 7 8
ppo_x50_b_fd_l4_same_gamma,67,qv14_7,14,88,True,438.0,2.844327688217163,8 8 10 9 8 8 10 10 8 8 10 10 8 8 10 10 8 8 4 10 8 11 11 5 2 3 11 11 5 4 5 7 7 11 5 10 10 8 7 8 10 7 10 8 8 10 10 8 8 11 5 4 1 3 4 11 4 5 4 4 4 11 4 2 9 10 8 4 5 7 7 11 5 10 10 8 0 6 7 7 7 5 10 10 8 7 5 10 10 8 8 10 10 8 2 4 9 8 11 11 5 2 4 9 5 4 4 4 4 10 10 8 2 9 11 5 2 9 11 5 5 7 11 4 10 8 8 10 10 7 8 7 7 8 11 5 4 4 4 4 4 11 5 10 10 8 4 4 4 5 10 2 6 7 10 7 7 7 5 10 7 10 7 7 8 8 4 11 11 5 2 6 10 11 5 2 4 3 11 4 11 5 4 4 4 5 10 2 10 10 8 9 8 7 8 10 8 7 7 7 10 10 7 8 8 4 4 4 1 3 10 4 10 8 2 9 10 8 7 7 8 4 4 11 4 2 9 4 4 4 5 4 10 10 8 7 7 8 4 11 5 10 11 5 2 9 11 5 2 6 10 10 7 7 7 8 8 4 4 4 11 4 4 4 5 10 8 11 11 5 2 9 8 10 10 8 8 7 10 10 8 8 11 10 8 2 4 4 3 4 11 4 5 11 2 3 4 10 10 8 7 7 7 7 7 7 8 10 2 9 10 8 4 5 10 8 4 10 4 5 10 10 7 8 8 10 10 8 2 3 4 11 4 4 4 4 5 10 8 11 11 5 4 11 5 2 10 9 8 5 10 7 7 8 7 7 10 10 8 8 4 4 11 4 5 4 4 11 5 7 10 10 8 7 8 10 2 9 10 8 7 7 8 4 4 4 1 9 4 1 3 4 4 4 5 4 11 5 10 10 7 8 8 10 7 8 10 10 8 8 4 4 4 11 4 5 4 11 5 10 10 7 8 8 10 10 2 8 11 4 4 5 10 10 7 7 8 8
ppo_x50_b_fd_l4_same_gamma,68,qv14_70,14,96,True,485.0,3.141430377960205,8 8 9 10 8 8 10 10 8 8 10 4 5 10 10 7 8 8 11 5 11 5 10 10 7 7 8 8 10 10 8 8 11 5 4 11 11 5 2 7 11 9 8 8 10 7 10 7 8 8 11 4 4 5 11 2 3 11 11 4 5 4 4 5 11 2 9 11 5 5 7 7 7 7 10 10 8 4 5 11 5 11 10 8 2 9 10 8 7 7 8 7 7 10 10 8 8 4 4 4 4 11 4 5 10 8 10 10 8 8 11 10 8 8 10 8 11 2 9 5 1 3 4 4 4 4 4 4 10 10 8 2 9 8 7 10 10 7 8 2 7 10 7 8 10 11 5 5 4 3 11 11 5 4 4 4 4 4 5 10 2 9 7 7 7 7 8 11 11 5 5 10 8 10 7 7 7 10 8 2 4 4 3 4 11 4 4 5 11 11 5 4 5 0 6 7 7 7 7 7 7 7 10 7 7 10 8 2 3 4 4 11 5 10 7 7 8 4 11 11 5 2 11 3 4 5 11 11 5 2 3 4 11 4 4 5 10 10 8 7 7 7 7 7 8 11 4 5 4 10 10 8 7 7 8 7 11 5 10 4 4 5 10 7 7 10 8 7 8 11 5 4 11 5 7 11 11 5 2 9 5 4 4 4 11 11 5 5 11 4 5 10 10 8 2 6 10 8 10 7 7 10 7 7 7 7 7 8 2 11 3 1 3 1 3 4 4 4 4 5 10 7 10 7 8 4 2 4 3 11 5 11 4 10 8 7 8 11 4 5 4 4 11 11 5 2 7 7 6 10 10 8 7 7 7 7 7 8 11 11 5 2 11 5 11 4 4 5 3 4 10 10 8 7 8 7 10 7 10 7 7 8 8 11 4 4 4 5 10 10 7 8 2 11 4 5 9 10 8 8 11 2 3 11 11 5 11 5 5 11 2 9 11 5 7 7 8 4 4 11 4 5 4 10 10 8 7 8 10 8 4 10 10 8 7 7 8 7 10 10 8 8 4 4 11 4 4 5 4 4 10 2 11 11 5 4 5 9 10 8 4 4 5 0 6 7 7 7 7 7 10 7 10 8 8 10 2 11 11 5 5 11 11 5 5
ppo_x50_b_fd_l4_same_gamma,69,qv14_71,14,95,True,468.0,3.074965715408325,8 6 2 10 9 8 8 10 10 8 8 11 5 11 4 5 10 7 7 10 7 8 8 10 10 8 8 11 5 4 4 11 4 5 7 10 7 7 7 7 10 8 8 4 11 5 4 4 11 5 11 5 10 10 7 7 7 8 8 7 10 10 8 8 4 4 4 11 5 10 7 7 8 4 4 4 4 11 5 10 7 10 8 8 11 4 11 5 4 4 4 5 4 10 10 8 7 7 7 7 7 7 8 11 2 11 5 4 11 3 4 5 10 10 8 4 4 4 5 7 7 10 8 4 4 4 4 11 11 5 2 7 7 7 7 7 7 9 7 8 11 11 5 2 11 3 5 10 10 8 8 10 7 7 10 8 7 8 11 5 10 10 8 4 5 4 11 5 10 7 7 8 4 1 11 3 4 5 4 11 5 4 11 11 5 2 3 7 7 10 7 7 7 10 8 2 9 5 4 11 5 4 11 11 5 2 4 3 11 4 5 10 10 8 8 10 8 11 4 4 5 10 10 8 10 7 5 2 7 7 7 9 10 8 8 10 10 7 8 8 11 5 1 9 5 11 10 8 8 10 10 8 8 4 4 4 11 4 4 4 5 10 7 7 11 4 5 2 11 3 5 10 10 8 8 4 11 5 4 10 10 8 7 7 10 8 10 8 8 4 11 2 4 9 5 11 11 5 2 3 11 4 5 7 11 11 5 5 7 7 7 7 7 10 10 8 8 10 10 8 8 11 5 4 4 4 4 11 5 10 7 0 6 7 8 10 10 8 7 8 11 2 4 9 10 8 7 8 11 5 4 11 4 4 5 11 11 5 5 11 11 5 4 5 11 11 5 2 7 6 10 0 6 7 7 8 7 10 7 7 10 8 8 10 10 8 2 3 4 4 4 4 4 4 11 5 7 7 7 10 7 7 7 8 4 4 11 11 5 5 10 8 11 11 5 4 11 5 11 5 5 11 4 2 9 11 5 5 11 2 10 10 8 8 10 10 8 6 8 10 8 10 10 7 7 7 7 8 2 10 8 11 11 5 5 4 4 4 11 4 4 5 10 7 7 10 8 8
ppo_x50_b_fd_l4_same_gamma,70,qv14_72,14,94,True,471.0,3.035933017730713,8 8 10 9 8 8 10 10 8 8 11 5 11 11 5 2 9 8 10 10 8 10 7 8 8 10 10 8 8 10 10 8 8 11 5 11 10 2 8 9 10 7 8 8 1 9 5 4 4 11 1 3 4 5 11 4 5 10 10 8 7 8 10 4 10 7 5 7 7 8 11 11 5 5 11 4 4 10 8 7 8 7 10 8 4 11 11 5 4 4 4 4 5 4 11 11 5 2 7 7 7 7 7 9 8 10 10 2 8 4 11 9 5 5 11 4 4 5 10 10 8 2 10 6 7 5 10 10 8 2 9 7 8 10 7 10 8 7 8 11 5 4 4 4 10 11 5 5 10 8 11 11 5 2 3 7 10 8 11 11 5 4 4 4 5 10 10 8 10 8 8 7 10 8 7 10 10 8 7 8 4 11 4 2 4 11 4 5 9 10 8 8 10 7 10 7 5 2 11 3 11 4 5 4 11 4 5 4 4 4 5 0 6 7 10 7 8 10 8 7 7 11 10 8 8 7 10 10 8 2 9 8 11 4 5 11 11 5 11 4 5 4 4 11 5 5 10 8 4 11 11 5 2 6 10 7 7 8 4 10 4 5 10 4 11 5 5 7 7 7 10 7 7 7 8 11 11 5 11 5 5 4 11 2 9 10 8 4 5 10 8 10 10 8 8 7 10 11 5 7 8 11 4 5 4 11 5 10 10 8 2 9 10 7 8 7 7 7 7 8 11 5 4 4 4 4 4 4 4 4 11 4 10 8 8 11 2 9 10 8 7 7 7 8 10 2 9 10 8 7 7 7 8 1 3 11 11 5 5 11 10 8 8 7 11 11 5 4 4 5 4 11 4 11 5 4 4 5 10 2 9 7 7 7 7 0 6 8 11 2 9 11 5 5 11 5 4 11 11 5 5 7 7 10 8 10 8 4 4 11 5 7 10 10 8 0 6 7 7 7 8 10 1 3 5 11 11 5 2 6 11 4 4 4 4 4 5 10 10 8 2 7 10 7 10 7 7 8 8 10 10 8 8 9 10 8 8 4 10 8 11 11 5 4 4 4 5 10 10 2 8
ppo_x50_b_fd_l4_same_gamma,71,qv14_73,14,95,True,475.0,3.105940580368042,8 8 10 9 8 8 10 10 8 8 11 5 11 11 5 2 7 10 6 7 10 8 8 11 4 5 7 10 11 5 5 7 10 10 7 8 8 11 5 10 11 5 2 3 11 5 10 10 7 7 7 8 8 10 10 8 8 11 5 4 11 5 11 5 7 11 11 5 4 4 4 4 4 4 5 10 8 10 0 6 7 7 7 8 11 4 5 7 7 7 7 10 10 8 2 9 10 8 8 4 4 4 4 4 4 4 11 5 10 7 7 7 8 4 10 11 5 5 11 11 5 4 4 4 5 10 0 9 8 8 10 10 8 7 7 7 7 8 11 11 5 2 11 4 5 9 10 8 7 7 8 11 11 5 4 4 4 4 5 11 11 5 5 10 0 6 8 11 5 10 10 8 7 7 8 10 10 8 7 7 8 10 10 8 2 9 7 11 5 4 4 4 4 4 4 4 5 7 7 7 10 7 8 10 0 6 7 8 11 11 5 11 5 5 11 11 5 5 11 2 7 7 7 6 11 5 10 10 8 8 11 5 7 11 11 4 4 4 5 4 11 5 11 5 4 4 5 7 10 2 9 7 7 7 8 10 4 10 8 7 8 10 7 10 7 7 8 4 4 2 11 4 3 4 4 4 11 5 11 5 5 11 2 9 11 5 7 7 8 11 4 4 5 7 7 10 7 7 7 7 7 7 8 11 4 4 5 4 4 4 11 4 4 5 10 10 8 8 10 10 8 8 10 8 4 11 4 2 9 10 8 7 10 8 8 10 7 8 11 11 5 4 5 11 2 9 10 7 5 4 4 4 4 4 5 10 2 10 6 10 8 7 8 7 10 7 7 8 10 10 8 7 8 4 4 4 11 5 7 7 10 8 7 11 11 5 4 4 4 5 4 4 11 5 10 10 8 2 9 8 11 11 5 2 11 9 5 4 4 5 11 2 10 9 8 8 11 5 10 10 7 7 8 8 4 10 11 5 5 10 10 7 7 7 8 8 10 7 8 10 8 4 11 10 2 8 9 10 8 8 11 11 4 1 4 5 5 4 11 5 10 9 8 8 11 2 9 10 8 8 4 11 11 5 5
ppo_x50_b_fd_l4_same_gamma,72,qv14_74,14,93,True,445.0,3.0029139518737793,8 8 9 10 8 8 11 2 9 10 8 4 5 10 7 5 10 10 8 8 10 10 8 8 10 10 8 8 10 10 8 8 11 5 11 10 8 2 11 4 9 5 4 4 4 5 10 10 8 7 8 10 8 10 8 10 7 10 8 8 4 11 5 4 11 4 11 5 4 5 4 10 2 9 10 8 7 7 7 8 10 7 7 1 9 5 4 4 4 4 5 7 10 7 8 11 11 5 5 11 4 5 11 11 5 5 7 7 7 11 11 5 4 4 4 5 10 2 9 7 7 7 7 7 8 10 10 8 4 4 5 11 7 7 7 10 8 8 11 5 4 4 4 4 4 4 11 11 5 5 7 7 10 7 7 8 7 10 8 4 10 4 11 5 4 4 11 5 2 7 11 5 9 4 5 7 10 10 8 7 8 11 4 4 4 5 7 7 10 10 8 7 7 7 7 7 7 10 8 8 11 5 11 10 2 8 9 1 3 11 5 4 5 4 4 11 5 10 10 8 2 3 11 4 4 4 5 10 10 8 7 10 8 8 7 7 10 10 8 7 7 8 4 4 4 4 11 4 5 4 11 4 4 4 5 10 8 7 11 11 5 5 7 10 8 11 11 5 5 10 7 8 10 10 8 8 10 10 7 8 8 10 2 11 9 8 8 10 7 7 11 5 4 4 4 5 11 2 9 4 5 10 10 8 2 10 6 10 8 7 7 7 8 4 4 10 8 11 11 5 2 11 5 10 9 8 8 11 2 9 11 5 4 4 4 5 10 0 6 8 11 4 4 5 10 10 8 8 7 7 10 7 10 7 8 8 4 10 8 11 1 3 4 5 11 10 7 7 8 2 9 8 11 5 11 4 11 5 4 4 5 4 4 4 11 11 5 5 7 7 10 2 9 8 4 10 10 8 7 7 8 7 10 7 8 11 5 11 11 5 5 7 10 7 7 8 10 10 8 2 4 4 4 4 3 4 4 4 11 4 5 10 10 8 2 10 10 8 8 10 10 8 7 7 8
ppo_x50_b_fd_l4_same_gamma,73,qv14_75,14,91,True,463.0,2.9436757564544678,8 8 9 10 8 8 10 10 8 8 11 5 11 11 5 5 7 10 8 11 11 5 5 10 7 5 10 7 7 10 8 8 10 10 7 8 5 10 10 8 8 11 4 5 7 7 10 10 8 8 4 11 1 3 4 4 5 10 7 11 5 4 5 10 8 10 7 7 10 8 8 10 8 11 11 5 2 11 5 6 11 11 5 4 4 4 4 5 11 11 5 2 11 5 3 10 10 7 7 7 7 8 7 8 10 7 7 7 8 11 11 5 2 11 3 4 4 4 4 8 11 4 5 10 10 8 2 10 6 10 8 8 11 10 8 7 7 8 4 11 5 10 10 8 2 9 4 5 7 10 10 8 8 4 4 11 11 5 1 3 4 5 11 11 5 4 11 5 2 9 7 7 7 7 7 7 7 8 11 11 5 4 4 4 4 4 4 5 11 4 10 8 2 10 9 8 8 10 10 8 7 7 7 11 5 2 9 10 8 7 8 4 11 5 4 4 11 11 5 11 5 2 9 11 5 5 7 7 7 7 7 7 10 11 5 5 4 4 11 5 4 10 10 8 7 0 6 7 7 8 4 11 4 5 4 10 11 5 5 7 7 10 10 8 7 7 7 7 8 11 2 9 11 5 5 10 7 7 8 1 11 3 4 11 5 5 10 8 11 11 5 2 9 8 4 4 4 10 11 5 4 5 10 7 7 7 8 10 10 8 7 7 8 11 4 5 7 4 4 4 4 4 11 4 4 5 4 10 10 8 7 8 10 2 10 6 7 7 7 7 7 10 8 8 11 2 4 3 4 4 11 5 10 7 7 8 10 10 8 8 4 4 4 11 11 5 4 4 4 4 5 10 10 8 2 9 8 10 10 8 2 7 7 9 8 11 11 5 2 11 4 9 5 4 4 4 4 5 10 2 9 10 8 7 7 8 4 11 5 10 10 8 8 4 11 4 5 4 10 10 8 7 7 7 7 7 8 7 7 11 11 5 4 5 4 11 4 5 10 10 7 8 10 8 8 7 11 2 9 10 8 7 7 8 11 11 5 5 4 11 11 5 5
ppo_x50_b_fd_l4_same_gamma,74,qv14_76,14,90,True,443.0,2.908292293548584,8 8 10 9 8 8 10 10 8 8 11 5 4 11 5 10 7 10 0 6 7 8 8 10 10 8 8 11 5 4 4 11 4 4 5 7 10 10 8 8 11 4 4 4 5 10 10 8 8 7 7 10 7 7 7 10 8 8 10 10 8 8 11 1 3 5 4 11 5 4 10 10 8 2 3 10 10 8 4 4 4 5 10 2 9 10 8 8 4 4 4 11 5 4 4 10 10 7 7 8 2 10 8 9 11 5 4 5 4 11 11 5 5 10 7 7 10 7 0 6 7 7 7 7 7 8 8 4 4 10 8 11 4 5 4 10 10 8 8 10 2 9 7 8 11 11 5 5 11 5 11 11 5 2 3 11 4 4 5 10 10 8 7 7 7 7 8 11 4 5 10 10 8 2 9 10 8 8 4 4 4 4 4 11 5 11 4 4 5 10 10 7 8 2 11 9 8 8 10 7 10 8 8 7 7 11 5 10 2 9 10 8 8 7 11 11 5 4 4 4 4 4 4 4 4 4 5 7 7 7 7 7 10 7 8 11 5 11 2 11 9 5 5 11 4 5 7 10 10 8 7 7 7 8 4 4 4 11 4 4 5 11 4 5 10 10 8 8 10 10 8 10 8 8 7 10 7 10 8 7 7 8 11 1 9 5 4 4 4 11 5 2 11 5 4 3 11 11 5 5 7 11 5 10 10 8 7 5 10 10 8 7 8 7 10 8 10 10 8 7 8 11 5 10 10 8 2 11 5 11 11 3 4 4 5 5 11 4 4 4 4 4 5 7 11 2 6 10 7 8 7 10 10 8 8 10 8 10 10 8 2 9 5 7 7 11 11 5 4 5 4 4 11 4 11 5 2 10 7 8 9 10 8 8 10 10 8 7 7 7 8 4 4 11 5 7 10 8 11 11 4 5 4 4 4 4 4 5 10 8 4 11 11 5 5 7 7 10 7 8 4 10 10 8 7 7 7 8 10 7 7 7 11 5 4 4 4 4 4 4 4 4 5
ppo_x50_b_fd_l4_same_gamma,75,qv14_77,14,88,True,448.0,2.8424367904663086,8 8 10 9 8 8 10 10 8 8 11 5 4 10 10 8 8 10 2 9 10 8 8 10 10 8 8 11 5 4 10 10 7 7 8 8 11 4 5 10 10 8 8 10 2 9 10 8 8 4 4 11 5 11 11 5 4 4 4 5 10 7 7 8 11 10 8 2 4 11 11 5 5 9 11 5 4 5 4 10 0 9 5 5 10 10 8 7 7 7 7 7 7 7 8 11 4 5 10 2 9 10 8 7 8 4 4 11 4 5 4 10 10 8 2 9 10 8 8 10 7 7 11 5 5 11 4 4 1 9 5 5 4 4 4 1 4 11 5 10 9 8 8 10 2 10 10 8 8 9 7 7 7 7 7 7 7 8 11 4 4 5 7 10 10 8 8 4 4 11 4 5 4 11 4 11 5 2 7 9 8 10 7 7 7 7 7 8 11 11 4 5 4 5 10 10 8 2 10 8 9 8 11 11 5 4 4 4 4 4 4 4 5 4 10 2 10 10 8 7 6 7 8 10 7 8 10 7 7 7 10 8 4 4 2 11 3 11 5 4 11 5 5 10 11 5 2 9 11 5 5 11 10 8 8 11 4 4 11 5 2 9 8 4 10 10 8 7 7 7 7 8 7 11 5 4 10 10 8 7 7 7 8 11 4 11 5 5 11 10 8 8 4 11 5 4 4 10 11 5 5 10 8 10 10 8 7 8 7 10 10 8 7 8 11 4 4 4 4 5 10 11 5 2 7 9 7 8 1 3 4 11 4 5 10 10 8 8 4 4 11 11 5 11 5 2 7 9 5 7 7 10 7 7 10 8 2 9 7 8 10 10 8 8 4 4 11 4 5 7 11 4 10 8 7 8 7 11 4 4 4 4 4 11 5 2 3 11 4 4 5 10 7 8 10 10 8 7 7 7 8 10 2 9 10 8 8 10 10 8 8 4 11 5 7 11 11 5 4 4 4 5 11 11 5 4 4 5 11 5 10 10 8 7 7 7 7 10 8 8 4 10 10 8 7 7 7 8
ppo_x50_b_fd_l4_same_gamma,76,qv14_78,14,85,True,426.0,2.7471566200256348,8 8 10 9 8 8 10 10 8 8 11 5 11 11 5 2 6 7 7 10 10 8 8 10 10 8 8 11 5 4 10 2 9 10 8 8 10 10 8 8 10 10 8 8 4 10 8 11 11 5 5 4 4 4 4 4 4 4 10 8 10 10 8 7 8 4 11 11 5 7 8 4 11 4 11 5 4 5 7 10 7 7 7 7 8 7 10 2 7 7 6 10 8 11 11 5 2 9 7 8 11 4 11 5 4 4 4 4 4 5 10 11 5 5 11 11 5 5 7 7 7 7 10 8 7 11 11 5 5 11 5 10 10 8 8 4 11 5 4 10 10 8 7 7 7 10 8 8 11 5 10 7 7 8 11 11 5 11 5 4 5 10 4 4 5 10 10 8 8 10 10 8 2 9 7 8 11 4 11 5 2 4 3 11 11 5 4 4 5 10 7 7 8 7 10 10 8 7 7 7 8 4 11 5 1 4 3 4 11 4 4 4 5 10 10 8 7 8 4 11 4 5 4 10 0 6 10 8 8 10 10 8 7 7 8 4 11 4 5 10 10 8 2 7 7 10 7 7 8 9 10 7 5 4 4 5 11 5 10 2 9 10 8 8 11 4 5 11 5 10 7 7 10 8 8 4 11 2 3 11 11 5 4 5 11 4 4 4 11 5 2 9 8 10 10 8 7 7 11 5 2 4 3 11 5 11 11 5 5 7 7 7 7 10 7 7 8 10 4 4 4 10 8 7 7 7 7 8 11 4 4 4 5 10 8 10 10 8 4 4 4 4 5 4 10 2 6 7 7 7 10 7 10 8 2 4 3 4 4 4 10 8 11 11 5 5 11 2 9 11 5 5 10 11 5 5 4 10 10 8 7 7 8 11 2 9 10 8 7 7 10 8 8 11 5 7 10 7 10 8 8 4 11 4 4 4 4 4 4 4 5 10 8 4 10 10 8 7 7 7 8 7 10 10 8 8
ppo_x50_b_fd_l4_same_gamma,77,qv14_79,14,92,True,467.0,2.975538492202759,8 8 10 10 8 8 9 10 8 8 10 4 5 10 7 10 8 8 11 4 5 7 10 10 7 8 8 10 4 5 10 7 10 8 8 11 4 5 11 5 4 11 11 5 5 10 8 7 10 7 10 7 7 7 8 8 4 10 8 11 11 5 4 2 4 4 9 5 4 4 4 11 4 4 5 10 10 8 7 8 10 7 7 8 10 7 10 8 10 8 8 11 11 5 7 7 8 11 4 4 4 4 4 4 5 4 11 11 5 2 6 7 10 7 8 11 10 8 2 9 8 11 11 5 4 4 4 4 5 10 10 8 8 11 5 7 10 10 8 7 7 7 7 7 8 4 4 11 4 4 5 7 10 10 7 8 8 10 2 11 3 5 11 11 5 11 5 2 9 5 10 7 8 11 11 5 4 4 4 4 5 10 2 6 7 7 10 10 8 4 5 10 7 10 7 7 7 7 7 8 8 10 2 11 9 5 5 4 10 8 11 5 4 4 4 4 4 4 11 4 4 11 5 2 7 6 10 10 8 8 11 4 10 8 8 10 7 7 7 7 7 10 8 8 10 4 5 10 7 10 8 4 4 2 4 4 4 4 9 5 10 8 11 4 4 4 11 5 2 9 11 5 5 7 10 7 8 10 10 8 2 9 7 7 7 8 10 10 8 2 9 5 10 7 11 5 4 4 5 4 11 5 4 11 4 5 10 10 8 7 7 8 11 2 9 11 5 5 10 7 7 7 8 4 4 10 11 5 5 4 11 11 5 7 7 7 7 8 10 2 9 10 8 7 7 8 11 4 4 4 4 5 4 10 2 11 11 5 5 3 4 11 11 5 5 7 7 7 11 5 7 7 7 7 7 7 7 10 7 8 11 4 11 5 5 7 10 7 8 11 11 5 11 5 5 10 11 5 4 4 4 4 4 4 4 5 10 10 7 8 7 7 8 7 11 5 10 2 9 0 9 8 7 7 8 1 4 9 5 10 8 11 11 5 4 4 10 2 8 11 3 5 4 11 11 5 2 10 7 10 7 8 7 8 6 4 10 10 8 7 7 8 7 11 11 5 5
ppo_x50_b_fd_l4_same_gamma,78,qv14_8,14,93,True,457.0,2.7373533248901367,8 8 10 9 8 8 10 10 8 8 11 5 10 7 10 8 8 10 2 9 10 8 8 4 11 5 4 4 11 4 11 5 5 10 8 10 8 4 11 11 5 2 6 7 10 11 5 5 7 7 10 10 7 8 7 8 7 10 10 8 8 10 10 8 8 11 5 4 11 5 10 11 5 2 7 7 9 10 8 8 4 1 4 4 11 4 3 4 5 10 10 7 8 8 11 10 8 1 3 5 10 7 8 11 11 5 7 7 8 4 4 11 4 5 11 4 10 8 7 7 8 11 4 4 5 11 4 5 11 11 5 2 9 5 7 10 7 8 10 10 7 8 7 8 11 4 10 8 2 7 6 7 10 7 8 11 11 5 4 1 3 5 11 4 4 5 10 10 2 8 3 11 4 4 5 11 11 5 7 7 7 7 7 8 11 4 4 4 4 4 5 10 2 7 10 10 6 8 7 7 7 7 7 7 7 8 11 11 5 11 5 5 11 4 4 5 10 10 8 7 7 8 11 2 11 9 5 5 11 4 11 5 5 4 11 4 4 2 10 9 8 7 7 7 8 10 10 8 8 10 8 10 10 8 7 8 1 3 4 4 11 5 4 11 4 4 11 5 5 7 11 5 10 10 8 10 8 7 7 7 8 7 10 8 11 4 11 5 4 4 4 5 11 4 4 4 11 5 2 7 7 7 7 7 9 8 10 8 10 10 8 2 4 3 11 4 10 8 8 11 4 5 4 10 11 5 5 4 10 10 8 7 7 8 7 7 10 10 8 4 5 4 4 10 10 2 8 11 5 9 11 5 5 11 2 3 10 10 7 7 7 7 7 8 7 8 11 4 5 10 10 8 8 11 2 9 10 8 4 4 4 4 5 10 2 4 3 4 4 11 5 10 10 8 4 4 4 5 4 10 10 8 7 7 7 7 7 7 8 7 10 8 10 8 11 11 5 11 5 5 10 2 7 11 9 5 4 4 5 10 2 9 10 8 8 10 7 7 8 11 11 5 5 11 11 5 4 11 5 5 7 11 11 5 4 4 5
ppo_x50_b_fd_l4_same_gamma,79,qv14_80,14,91,True,438.0,2.9403533935546875,8 8 9 10 8 8 11 4 2 10 10 8 8 9 10 8 8 10 10 8 8 11 5 10 2 9 10 7 8 8 11 5 11 4 4 4 5 11 4 2 9 10 8 8 10 10 8 7 7 7 7 10 8 8 11 5 4 4 11 5 4 10 11 5 5 7 10 10 7 7 7 8 8 10 10 8 8 4 4 11 4 4 5 11 10 8 8 11 2 9 7 10 8 8 10 7 8 11 11 5 5 11 4 5 10 8 10 10 8 8 7 11 11 5 4 4 4 4 4 4 5 7 10 8 4 4 4 4 4 10 10 8 7 7 7 7 8 4 11 4 5 11 4 2 9 4 5 10 10 8 2 9 5 10 10 8 7 7 8 10 7 8 11 4 4 10 8 7 7 7 7 8 7 11 11 5 4 4 4 5 10 7 8 4 4 4 11 11 5 5 7 7 10 7 7 7 8 7 11 11 5 4 5 10 7 8 4 4 11 11 5 5 10 7 7 8 11 4 4 11 5 2 9 7 7 8 4 11 11 5 2 9 7 8 7 7 10 10 8 7 8 11 5 4 4 11 5 7 11 10 8 8 7 10 8 4 4 4 1 3 4 4 10 11 5 5 11 4 5 11 11 5 2 11 9 8 8 4 10 10 8 7 8 10 8 4 10 2 9 10 8 7 7 8 7 7 10 8 11 11 5 5 11 11 5 4 4 4 5 10 8 7 11 5 11 11 5 2 7 7 7 7 9 7 7 8 11 11 5 11 5 2 9 11 5 4 4 4 5 11 4 5 10 10 8 8 10 7 7 7 7 8 4 4 10 10 8 7 7 7 7 8 1 3 4 10 8 11 11 5 4 5 11 4 4 4 5 11 11 5 5 7 7 7 10 8 4 11 5 10 10 7 8 8 10 11 5 5 11 4 4 4 4 11 5 2 7 7 7 7 7 7 7 7 9 8 7 11 5 10 10 8 8 10 10 2 8 4 4 4 4 11 4 5 10 10 8 8
ppo_x50_b_fd_l4_same_gamma,80,qv14_81,14,92,True,459.0,2.9789726734161377,8 6 2 9 10 8 8 10 10 8 8 11 5 11 11 5 2 7 7 7 9 10 8 8 10 10 8 8 11 5 11 4 4 4 5 10 10 8 7 7 7 10 7 8 8 4 11 5 4 4 4 4 4 10 11 5 5 7 10 8 7 10 7 7 10 7 7 7 8 8 11 5 10 11 5 2 9 11 5 7 7 8 11 4 4 4 4 4 5 11 4 5 7 7 7 11 10 8 8 7 10 10 7 8 8 11 4 4 4 4 4 4 5 7 11 10 8 8 11 4 11 5 4 4 4 5 7 10 11 5 5 10 0 6 8 10 8 7 10 10 7 7 8 2 3 4 4 4 4 11 5 7 7 10 7 7 7 8 10 7 10 8 8 4 4 4 11 4 4 5 11 11 5 5 10 8 11 4 11 5 11 5 5 7 10 11 5 5 10 0 6 7 7 7 7 8 11 5 10 7 10 2 8 9 8 7 7 11 11 5 2 11 3 4 5 10 8 11 4 11 5 5 11 11 5 2 9 7 7 7 8 10 8 7 10 7 10 8 8 4 4 4 11 10 8 2 11 3 4 4 5 7 7 10 7 8 10 4 11 5 4 11 5 4 4 4 11 5 2 9 11 5 5 7 7 11 5 11 2 9 7 11 5 5 7 0 6 7 7 7 7 7 7 7 7 11 11 5 2 4 4 4 11 4 5 4 11 4 5 9 10 8 8 11 5 4 10 10 8 7 8 10 10 8 8 10 8 10 7 8 4 4 4 10 10 8 7 7 8 11 4 2 9 10 8 8 10 10 8 8 4 4 4 4 4 4 11 5 4 4 11 5 11 11 5 2 7 9 5 10 10 8 2 10 10 7 8 6 8 7 10 8 10 10 2 8 6 11 4 4 4 5 11 11 5 2 9 8 10 4 10 7 7 5 2 9 10 8 7 7 7 8 4 11 5 4 11 4 5 11 11 5 4 4 5 4 10 10 8 7 7 7 7 8 10 7 10 7 7 8 8 11 5 4 10 10 8 8 10 2 11 11 5 5 11 11 5 4 5
ppo_x50_b_fd_l4_same_gamma,81,qv14_82,14,84,True,414.0,2.755990505218506,8 6 2 9 10 8 8 10 10 8 8 11 5 10 7 10 8 8 11 4 4 4 5 7 10 7 8 10 10 7 8 8 11 5 10 2 7 9 10 8 8 10 10 8 8 11 5 11 11 5 4 5 7 7 11 5 11 5 10 7 10 8 8 4 4 11 2 11 9 5 4 5 4 4 11 10 8 2 3 11 11 5 4 5 10 0 6 7 7 10 8 7 7 7 7 7 7 8 4 11 2 9 5 11 11 5 4 4 4 5 10 8 11 11 5 4 4 11 4 5 2 7 11 9 8 8 7 7 10 8 10 10 7 7 7 8 2 9 10 7 8 1 3 4 4 5 11 2 9 11 5 2 10 9 7 8 7 7 7 8 4 4 4 10 8 11 4 4 2 3 4 11 4 4 5 10 10 8 4 4 4 5 7 7 7 10 8 11 11 5 2 7 10 7 8 9 7 10 8 8 11 4 5 10 11 5 5 11 11 5 5 7 10 8 4 11 11 5 5 11 11 5 2 7 6 10 8 7 10 7 10 7 7 8 7 8 4 4 11 5 7 10 7 10 8 8 4 10 8 11 1 9 5 5 11 5 1 3 4 4 11 4 4 5 4 11 11 5 2 7 7 9 7 8 4 11 5 10 10 8 10 8 7 7 7 7 8 4 11 11 5 5 10 7 7 7 8 11 4 4 5 10 7 8 11 11 5 4 11 5 2 3 4 11 4 4 5 10 2 10 10 8 9 8 7 7 7 8 11 11 5 5 10 11 5 2 7 7 11 9 8 8 7 10 8 10 7 10 8 8 4 11 4 4 4 4 4 4 5 10 8 11 10 8 2 3 11 11 5 4 4 5 11 10 8 2 10 10 8 7 7 7 8 10 10 8 8 7 10 10 8 8 4 4 4 4 4 4 11 3 5 7 10 8 11 11 5 2 11 11 5 4 4 5
ppo_x50_b_fd_l4_same_gamma,82,qv14_83,14,91,True,446.0,2.979956865310669,8 8 10 9 8 8 10 10 8 8 11 5 10 7 10 8 8 10 10 8 8 4 10 8 11 4 4 5 10 10 7 8 4 4 4 5 11 2 9 7 8 11 11 5 5 7 10 7 7 10 7 7 8 8 4 11 5 4 11 5 10 10 8 2 3 4 11 5 7 10 10 7 7 7 7 8 8 4 11 5 11 5 4 11 10 8 8 11 1 9 5 4 4 4 4 5 11 2 3 10 10 8 7 7 7 8 10 7 7 7 10 8 2 9 8 4 11 11 5 4 4 4 4 4 4 4 4 11 5 2 10 8 7 7 7 9 8 10 7 7 10 8 2 9 8 10 7 7 8 11 11 5 2 4 11 9 5 4 5 4 4 4 4 11 11 5 4 2 9 10 8 7 7 7 8 7 11 5 4 4 11 4 5 10 10 8 8 10 7 10 7 8 8 10 10 8 7 8 11 4 5 4 10 2 9 10 8 7 8 10 8 11 10 7 5 2 9 7 11 5 4 4 5 11 4 5 4 4 4 4 11 4 5 10 0 9 5 5 10 10 8 10 8 7 7 8 4 4 10 2 9 10 8 7 7 8 4 4 11 4 5 4 11 5 7 10 0 6 7 7 10 7 8 8 11 5 10 7 7 8 11 11 5 5 10 2 11 4 4 3 5 10 10 8 8 7 7 11 5 4 4 4 10 8 11 7 7 10 8 7 8 11 4 4 4 4 4 4 5 4 4 4 10 11 5 2 9 10 7 8 7 7 7 8 4 4 4 10 10 8 7 7 7 8 10 8 10 2 10 10 8 7 8 3 4 4 4 11 4 4 5 11 5 10 10 8 1 3 4 5 11 2 9 11 5 5 10 0 6 8 10 7 10 8 7 7 8 11 4 5 11 4 5 10 10 7 7 8 8 11 5 10 10 8 8 1 4 11 4 5 11 4 11 5 5 11 11 5 11 5 5 9 8 7 10 7 10 7 8 2 10 10 7 8 9 8 8 10 10 8 7 8 11 11 5 2
ppo_x50_b_fd_l4_same_gamma,83,qv14_84,14,91,True,452.0,2.9474692344665527,8 8 9 10 8 8 10 10 8 8 11 5 10 10 8 10 8 8 10 10 8 8 10 10 8 8 11 5 10 10 8 2 10 9 8 8 4 4 4 11 5 11 2 9 11 5 4 5 10 10 8 7 7 8 11 4 5 10 10 8 7 7 7 8 11 11 5 5 4 4 4 4 11 4 5 10 10 8 2 3 4 4 11 11 5 5 7 7 7 10 0 6 8 10 10 8 4 5 10 7 7 7 7 10 8 2 9 5 1 3 4 10 11 5 5 4 4 11 11 4 5 5 10 8 11 11 5 2 4 10 9 5 5 10 10 8 7 8 7 10 7 7 10 8 7 7 7 8 11 2 4 4 9 4 4 1 9 8 7 8 4 11 11 5 4 11 5 2 11 5 3 10 10 8 10 8 2 9 7 7 8 4 4 4 11 4 4 11 5 2 7 10 8 9 11 5 5 10 2 10 10 8 10 8 8 11 5 7 10 10 8 7 8 10 10 7 7 8 8 9 5 11 11 5 2 9 8 11 4 5 11 11 5 2 7 10 7 8 3 11 10 7 5 2 9 11 5 4 4 4 4 4 4 4 5 4 11 2 10 10 8 8 7 9 5 7 7 7 10 7 7 7 7 7 10 8 2 4 9 5 4 11 11 5 2 11 5 9 10 8 8 4 4 11 4 4 4 5 10 10 8 7 7 7 11 5 4 5 1 4 11 4 4 5 10 10 8 8 9 5 10 7 10 7 7 8 5 10 2 4 3 11 5 7 10 10 7 8 7 7 8 10 8 11 4 4 4 10 8 7 8 11 2 9 10 8 4 5 10 11 5 4 5 10 10 8 4 4 4 4 4 5 11 2 6 7 7 7 11 10 8 8 4 10 11 5 5 4 4 11 4 11 5 2 7 9 8 7 7 7 10 7 7 10 8 2 9 5 10 7 7 10 8 8 4 4 10 8 11 2 11 11 5 5 4 11 5 9 11 5 2 11 11 5 5 3 10 10 7 7 7 2 8 9 5 10 10 7 7 7 2 8
ppo_x50_b_fd_l4_same_gamma,84,qv14_85,14,91,True,457.0,2.9444572925567627,8 6 10 8 8 10 10 8 8 11 5 10 11 5 4 11 5 2 7 9 11 5 2 7 10 10 8 7 7 9 8 8 10 10 8 8 11 5 4 11 4 5 11 5 4 10 10 8 8 10 10 7 7 7 7 8 8 11 5 4 11 5 7 10 7 7 10 8 8 4 11 10 8 2 11 11 5 4 5 6 11 10 8 7 7 8 11 11 5 4 4 4 11 5 4 10 8 2 9 8 10 7 7 10 8 2 11 5 4 4 3 11 4 4 4 5 4 4 10 10 8 7 7 7 8 11 2 11 4 5 4 10 9 8 8 10 10 7 8 7 8 10 7 7 8 11 11 5 5 10 7 7 8 4 11 2 11 3 11 5 5 11 11 5 5 11 5 10 4 4 11 5 5 11 11 5 2 7 7 11 5 9 10 8 8 10 10 8 7 7 7 7 7 7 8 11 4 5 11 10 7 5 2 3 11 4 10 8 7 7 7 8 11 2 3 11 11 5 4 4 11 5 5 10 8 11 11 5 5 7 10 8 7 11 5 11 11 5 5 7 7 10 7 7 8 11 11 5 5 10 8 10 0 6 7 11 5 5 4 4 4 4 4 11 5 11 2 3 4 4 10 10 8 7 7 8 11 4 5 10 2 7 9 7 8 10 7 7 10 8 2 9 8 7 7 11 11 5 4 4 4 4 4 5 11 4 5 10 8 10 7 7 7 7 8 7 7 11 5 11 11 5 1 3 4 4 4 5 10 10 8 2 11 5 3 11 5 10 10 8 10 8 7 8 10 8 11 1 9 5 5 4 11 4 5 10 10 8 2 6 7 10 10 8 8 10 7 7 10 8 8 11 5 11 11 5 4 4 4 5 11 11 5 4 4 4 5 10 10 8 2 7 7 7 7 7 11 5 9 4 4 4 5 4 10 10 8 7 7 7 7 7 8 11 2 9 11 5 5 11 4 5 10 10 8 8 7 10 10 8 7 8 7 11 11 5 1 3 4 4 4 4 4 4 4 4 5 10 11 5 2 10 10 8 7 7 8
ppo_x50_b_fd_l4_same_gamma,85,qv14_86,14,90,True,441.0,2.9145584106445312,8 8 10 9 8 8 10 10 8 8 11 5 7 10 10 8 8 11 4 4 5 10 8 10 10 8 4 4 5 7 10 8 10 10 7 8 8 10 10 8 8 10 4 5 7 10 10 8 8 4 4 11 1 3 5 11 5 10 10 8 2 9 5 10 10 8 8 11 2 3 11 5 11 11 5 7 7 7 8 11 2 9 10 8 8 11 5 7 11 11 5 5 4 11 5 4 4 4 4 11 11 5 5 7 7 7 10 8 10 8 11 11 5 2 9 7 0 9 5 5 4 10 10 8 7 7 8 11 5 10 10 8 8 11 5 7 7 10 10 8 2 6 4 11 11 5 7 8 11 4 11 5 4 4 5 4 4 11 11 5 2 10 9 5 5 10 8 7 7 11 5 10 10 7 7 8 2 9 7 11 5 5 4 4 11 4 4 4 5 7 10 7 11 5 5 11 11 5 2 10 6 10 8 7 7 8 11 4 4 5 10 10 8 7 7 7 7 8 7 11 2 9 10 8 8 11 5 10 7 11 5 4 4 4 4 4 5 4 11 4 11 5 2 7 6 10 8 11 11 5 5 7 7 7 10 10 8 7 7 8 10 8 10 7 7 7 11 5 1 3 4 4 4 5 11 5 10 7 8 11 11 5 2 3 11 4 4 5 10 10 8 4 5 10 10 8 10 8 7 8 11 4 4 5 10 10 7 8 7 7 7 8 10 10 8 2 9 8 11 4 4 4 4 5 11 4 5 10 10 8 2 3 4 4 10 11 5 5 11 4 10 8 7 7 7 7 7 8 10 10 8 8 7 11 1 3 5 11 4 4 4 4 4 5 11 4 11 5 2 7 7 7 10 6 7 7 7 8 4 11 4 5 10 8 4 11 11 5 2 11 3 5 10 10 8 7 7 7 7 7 8 11 10 8 8 10 10 8 8 4 4 4 4 10 8 11 4 4 5 10 10 8 8 10 2 10 10 8 8 4 4 11 11 5 4 4 4 4 4 4 5
ppo_x50_b_fd_l4_same_gamma,86,qv14_87,14,92,True,456.0,2.975376605987549,8 8 10 9 8 8 10 10 8 8 11 5 10 11 5 2 7 10 7 9 8 8 10 10 8 8 11 5 11 4 4 4 5 11 10 8 8 10 10 8 8 7 10 10 7 8 8 11 5 4 10 8 11 11 5 4 5 10 7 8 4 11 11 5 2 9 11 5 2 7 6 7 7 7 10 10 7 8 8 4 10 8 11 5 4 4 4 11 5 4 4 4 11 11 5 7 8 4 4 10 2 10 10 8 6 7 7 7 8 11 4 4 4 4 4 4 5 10 0 9 5 5 7 7 10 7 7 7 8 10 10 8 7 7 7 8 11 4 4 4 4 4 5 10 10 2 6 7 8 11 4 4 4 5 7 10 7 8 10 10 8 7 7 11 5 2 3 4 4 11 11 5 5 11 11 5 5 10 8 10 10 8 8 11 5 4 4 11 11 5 4 5 10 2 9 4 10 8 8 11 2 9 7 7 7 7 7 8 10 10 8 8 11 2 3 10 11 5 5 4 4 11 11 5 2 10 9 8 5 4 11 11 5 5 7 7 7 7 7 7 7 10 10 7 5 4 5 4 4 4 11 4 5 11 10 8 2 7 7 10 10 7 7 7 7 7 8 8 11 5 4 11 3 5 10 2 9 10 8 8 11 4 5 4 4 11 4 4 4 5 10 10 8 2 6 11 10 8 8 10 10 7 7 8 7 7 8 11 2 4 4 11 4 5 4 11 3 4 4 4 5 4 10 2 9 10 8 7 7 8 11 4 4 4 5 10 10 7 7 7 7 0 7 7 7 7 7 8 8 11 3 5 10 10 8 2 11 5 9 4 4 10 8 7 8 11 4 5 4 4 4 11 11 5 2 3 11 4 5 10 10 8 8 7 10 10 8 8 11 4 5 10 10 8 8 10 10 8 7 8 11 5 10 10 8 8 11 5 10 10 8 2 11 5 11 11 5 3 4 4 4 4 4 5 4 4 11 11 5 2 7 7 10 10 8 7 8 9 5 11 11 5 2 3 7 10 7 7 7 7 10 7 7 7 2 8
ppo_x50_b_fd_l4_same_gamma,87,qv14_88,14,89,True,434.0,2.8808207511901855,8 8 10 9 8 8 10 10 8 8 11 5 10 10 7 8 8 11 5 11 5 4 11 11 5 2 7 7 7 7 9 7 10 8 8 11 4 5 10 8 11 4 4 4 5 10 10 7 8 8 10 7 10 7 8 8 10 10 8 8 11 5 10 8 4 11 2 9 10 8 4 1 3 5 10 7 7 8 11 4 4 5 4 4 4 4 4 11 4 5 11 11 5 2 7 7 7 9 8 7 10 7 8 11 11 5 2 7 7 7 9 8 10 10 7 8 2 4 3 11 1 3 4 4 5 4 10 10 8 7 8 4 10 8 10 10 8 8 4 11 4 11 5 4 4 4 4 4 5 10 10 8 8 10 10 8 2 6 7 10 7 7 8 11 11 5 11 5 5 10 7 10 7 7 7 8 8 11 1 3 4 4 4 4 4 11 5 8 11 11 5 2 9 11 5 4 5 0 6 7 10 8 4 10 10 8 7 7 10 8 2 9 8 4 11 11 5 2 3 11 5 11 11 5 5 10 8 10 7 10 7 7 7 8 8 10 10 7 8 8 11 4 2 4 11 3 5 4 4 4 10 11 5 5 11 5 11 11 5 11 5 2 9 8 7 7 10 7 10 8 2 9 5 11 11 5 2 7 7 10 7 10 7 7 7 8 5 9 10 8 8 4 4 11 5 10 10 8 8 11 5 1 4 4 9 5 10 4 4 4 4 11 5 2 7 11 5 9 5 10 10 8 8 7 10 10 8 8 11 4 5 10 10 8 8 11 5 7 11 11 5 4 4 5 4 10 10 8 7 8 10 8 7 10 7 10 8 7 7 8 11 11 5 5 7 10 8 11 4 4 4 5 10 2 7 10 10 8 8 4 11 4 4 4 4 3 4 5 11 4 4 5 10 8 10 10 8 2 10 10 8 7 7 8 7 7 10 10 8 7 8 9 5 4 11 10 2 8 11 11 5 4 3 4 4 5 4 4 4 4 11 11 5 2
ppo_x50_b_fd_l4_same_gamma,88,qv14_89,14,89,True,428.0,2.878657817840576,8 8 9 10 8 8 11 2 3 10 7 10 8 8 10 10 8 8 11 5 10 10 7 8 8 11 5 11 4 5 4 10 0 6 7 7 7 10 8 8 10 10 8 8 11 1 3 5 4 11 11 5 2 11 5 3 10 11 5 4 5 10 10 8 4 4 4 5 11 10 8 2 9 8 10 8 7 7 10 10 8 8 10 10 7 7 8 8 4 11 5 1 4 9 5 4 4 11 4 4 5 4 11 11 5 2 7 7 6 7 10 11 5 5 10 7 7 7 7 7 5 10 7 10 8 7 8 11 11 5 2 4 11 4 3 4 4 5 10 7 7 10 8 8 11 4 4 5 11 10 8 8 10 10 8 7 7 7 8 11 1 3 4 4 1 3 5 11 11 5 11 5 5 11 2 9 11 5 5 4 10 10 8 7 7 8 7 10 7 7 7 8 11 11 5 5 4 11 5 10 7 8 11 11 5 4 4 5 4 4 11 2 9 7 10 8 7 8 7 10 8 4 11 11 5 4 4 4 5 0 9 5 10 10 8 10 8 2 10 6 8 4 4 4 10 11 5 5 10 10 7 7 8 7 7 10 8 7 5 10 10 8 2 10 10 7 8 8 9 5 4 4 4 4 11 5 10 10 8 2 9 5 10 8 10 7 7 10 8 4 2 11 3 5 11 4 4 4 10 8 2 11 3 4 5 11 5 11 11 5 2 9 0 6 8 10 7 10 8 8 10 7 7 7 7 8 11 11 5 4 4 5 4 11 4 5 7 10 10 8 8 11 4 5 11 5 10 10 7 8 7 7 7 7 8 11 11 5 11 5 5 4 4 4 4 11 2 11 5 11 11 5 3 5 7 7 10 8 10 10 8 2 3 11 4 5 7 7 10 7 7 10 8 7 7 8 11 2 11 11 5 5 10 7 7 8 6 11 11 4 4 5 5 11 11 5 4 4 4 5 10 10 8 2 10 10 8 8
ppo_x50_b_fd_l4_same_gamma,89,qv14_9,14,92,True,461.0,2.973688840866089,8 6 2 10 9 8 8 10 10 8 8 11 5 7 10 10 8 8 10 10 8 8 11 5 4 11 5 7 10 10 7 7 8 8 11 5 4 4 11 4 4 5 4 4 10 0 6 7 7 10 7 7 7 7 8 2 9 10 8 8 4 11 5 4 10 11 5 5 11 4 4 11 5 4 11 5 2 9 5 10 10 7 8 7 0 6 7 7 7 7 8 4 11 5 11 11 5 5 11 11 5 5 11 11 5 4 4 5 10 2 7 7 7 6 7 10 7 8 11 4 11 5 2 7 10 8 9 7 7 10 8 7 8 4 11 10 8 8 1 3 4 11 4 4 4 4 4 5 11 4 4 11 5 2 7 7 11 5 9 5 10 10 8 8 7 7 11 5 4 11 5 4 10 10 8 8 10 10 7 8 8 7 10 4 11 5 5 10 8 4 11 5 7 10 7 10 7 7 8 8 11 2 9 11 5 7 8 7 11 5 4 11 4 4 5 11 4 4 5 7 10 7 10 7 7 8 8 4 4 4 4 11 2 9 5 11 11 5 4 5 10 10 8 7 7 8 11 4 4 5 11 11 5 2 10 8 9 10 8 4 5 10 8 10 10 8 0 7 9 8 8 11 2 7 7 10 6 7 10 7 8 8 11 5 10 10 8 2 3 11 5 4 4 4 11 11 5 2 6 10 11 5 2 9 10 7 8 4 4 5 7 10 7 8 10 10 8 7 8 4 4 4 11 4 4 4 5 11 5 10 4 5 7 10 10 8 7 8 10 2 9 10 8 8 7 7 11 5 4 4 4 11 4 4 4 4 4 5 7 7 11 5 10 10 8 7 7 8 10 10 8 8 4 4 4 11 2 9 10 8 4 5 11 5 10 7 7 10 8 7 7 8 10 7 10 8 8 4 11 5 4 4 10 11 5 5 4 4 11 5 10 10 8 2 6 4 4 4 4 4 10 10 8 7 7 7 7 7 7 7 7 8 11 4 5 4 10 2 10 10 8 7 8 11 5 10 10 8 8 4 4 4 4 11 11 5 4 4 4 4 5
ppo_x50_b_fd_l4_same_gamma,90,qv14_90,14,90,True,462.0,2.960897207260132,8 6 10 8 8 10 10 8 8 11 5 11 11 4 5 2 6 11 10 8 2 9 8 7 10 10 8 10 8 8 11 5 11 4 4 5 10 7 11 5 5 10 10 7 7 7 7 8 8 10 10 8 8 11 5 11 2 3 10 10 7 7 8 8 4 4 10 2 9 8 11 5 4 10 8 11 11 5 4 5 11 10 8 2 9 11 5 5 10 8 11 11 5 4 5 10 7 7 7 7 8 10 7 10 8 2 6 4 4 4 11 11 5 4 4 5 11 4 4 5 11 11 5 2 7 7 9 7 7 7 7 7 5 7 10 7 7 7 11 5 2 11 3 11 5 4 4 4 5 7 7 7 11 5 4 11 4 4 4 5 10 10 8 7 7 7 8 11 2 9 11 5 2 9 11 5 5 7 10 8 10 2 10 9 7 8 8 10 10 8 8 7 11 11 5 4 5 11 5 7 7 11 5 4 4 4 4 11 5 10 10 8 4 4 4 5 4 10 2 10 10 8 6 7 7 7 7 7 7 7 7 8 11 11 5 5 10 7 8 11 4 4 10 8 2 9 7 8 11 11 5 5 11 11 5 4 4 5 7 10 7 8 4 4 4 11 5 10 7 10 8 8 10 8 11 11 5 2 9 7 7 7 8 11 11 5 4 4 4 4 4 4 4 4 5 7 10 8 10 10 8 7 8 11 2 3 11 5 4 11 11 5 5 10 2 6 10 10 8 10 8 7 10 8 7 8 7 11 4 10 8 7 7 7 8 4 4 4 11 4 5 10 2 9 7 10 8 8 4 11 11 5 4 4 5 10 7 8 4 10 2 9 10 8 7 7 7 7 8 1 3 4 11 4 5 7 11 11 5 4 4 4 4 4 5 11 11 5 2 7 6 7 11 5 10 10 8 8 10 10 8 7 0 7 7 7 8 4 9 5 11 5 11 11 5 5 11 4 11 5 2 9 8 7 10 10 7 7 7 7 8 8 1 4 11 4 4 5 7 10 10 7 8 8 10 10 8 8 4 4 4 4 4 4 4 4 11 11 5 4 4 5
ppo_x50_b_fd_l4_same_gamma,91,qv14_91,14,89,True,443.0,2.8804030418395996,8 8 10 9 8 8 10 10 8 8 11 5 4 10 0 9 5 5 10 10 7 7 8 8 11 5 11 2 7 7 9 10 8 8 11 4 4 4 5 10 8 10 10 7 7 7 8 8 10 10 8 8 11 5 11 11 5 5 11 4 4 4 4 5 4 11 4 4 2 10 10 8 6 7 0 6 7 7 7 7 7 7 8 11 4 4 4 4 4 5 10 10 7 8 7 7 7 7 8 11 4 2 11 9 5 5 11 4 5 11 11 5 2 11 3 11 5 5 11 2 9 7 8 11 11 5 4 5 10 10 8 7 7 7 8 11 2 6 10 10 7 8 8 10 8 10 10 8 8 4 4 11 4 5 10 7 7 8 11 11 5 5 11 2 9 10 8 4 5 11 2 9 10 8 8 4 11 4 4 4 5 11 11 5 2 3 7 7 10 10 7 8 7 7 7 8 10 7 10 8 4 4 4 4 4 4 5 10 2 7 7 7 9 8 11 11 5 2 4 9 4 4 4 5 7 10 10 8 7 7 7 7 8 11 5 4 4 4 11 4 4 4 4 5 4 10 10 8 7 7 7 7 7 8 10 7 7 7 8 11 4 4 11 5 5 11 2 9 10 8 7 8 10 11 5 2 9 11 5 4 4 4 4 5 11 5 0 6 10 10 8 7 7 8 10 7 7 10 8 8 4 11 5 11 10 7 8 2 9 8 11 11 5 2 3 11 11 5 11 5 4 4 5 11 4 11 5 4 5 10 10 8 2 10 9 8 5 10 10 8 7 7 7 8 11 2 4 3 4 4 1 9 4 5 10 10 8 2 9 4 5 10 10 8 2 10 10 8 7 7 8 9 7 7 7 8 11 11 5 4 5 7 11 11 5 2 9 8 4 0 9 10 8 7 7 7 8 11 2 11 11 5 3 5 11 5 11 11 5 1 4 9 8 8 11 4 4 4 4 11 5 2 11 10 8 8 3 7 10 10 7 7 7 8 7 7 8 10 7 10 7 2 8
ppo_x50_b_fd_l4_same_gamma,92,qv14_92,14,91,True,468.0,2.945451498031616,8 8 10 9 8 8 10 10 8 8 11 5 10 7 10 8 8 10 10 8 8 11 5 4 11 5 4 10 10 8 7 7 8 10 10 8 8 11 4 4 5 11 5 7 7 7 7 10 10 8 8 4 4 11 5 11 2 4 4 4 4 11 9 5 8 4 10 10 8 7 7 7 8 7 11 2 9 11 5 4 5 11 4 4 11 5 2 3 10 10 7 7 8 8 7 10 7 10 7 8 2 4 4 9 4 4 5 10 7 7 7 7 7 8 11 11 5 5 4 11 11 5 5 4 4 4 4 4 11 11 5 2 7 7 7 7 9 7 7 8 7 11 4 4 11 5 2 9 7 0 6 8 10 10 8 8 10 7 7 10 8 2 11 5 11 9 5 5 11 11 5 5 11 2 9 11 5 4 4 4 5 10 10 8 10 8 8 11 4 4 4 5 10 0 6 7 10 8 7 7 7 7 8 4 4 11 4 4 4 5 11 4 5 10 10 8 8 4 11 5 10 7 7 7 10 8 7 7 7 8 11 2 9 10 8 8 11 10 8 2 9 11 5 4 4 4 5 10 10 8 8 11 4 4 4 5 7 10 7 8 10 10 8 8 10 8 11 11 5 4 4 11 5 5 7 10 8 4 10 10 8 7 8 7 7 11 11 5 5 4 4 4 4 4 4 4 11 4 5 7 7 10 7 8 11 11 5 2 11 9 8 8 4 10 10 8 7 7 8 11 2 9 10 8 7 7 8 4 10 2 11 9 5 5 4 11 11 5 5 11 4 11 4 5 5 7 11 5 10 2 10 9 8 8 11 4 5 10 7 10 8 7 7 8 10 11 5 2 3 10 7 7 10 7 7 7 8 5 4 10 4 5 10 7 8 11 11 2 5 7 9 8 11 11 5 2 3 10 11 5 5 7 10 7 7 10 7 5 4 4 4 4 4 4 4 4 5 11 2 9 5 0 6 7 7 10 7 11 5 2 4 9 5 4 11 11 5 4 5 10 10 8 2 7 7 10 8 10 10 8 7 8 4 10 10 8 7 7 8 11 11 5 4 4 4 4 4 5
ppo_x50_b_fd_l4_same_gamma,93,qv14_93,14,92,True,461.0,2.9739205837249756,8 8 9 10 8 8 10 10 8 8 11 5 7 10 10 8 8 4 4 10 11 5 4 4 5 10 7 0 6 7 8 7 10 10 8 8 10 10 8 8 11 1 3 5 11 4 4 4 11 5 2 6 11 11 5 5 10 8 11 11 5 2 10 6 8 10 10 8 8 10 7 8 10 7 10 7 7 8 8 4 10 8 11 5 11 4 4 5 4 4 4 11 2 11 3 5 4 10 10 8 7 8 10 11 5 5 10 0 7 6 10 7 7 7 8 8 7 11 2 3 11 11 5 7 8 11 4 4 4 4 4 4 4 4 5 11 11 5 2 7 7 7 7 9 8 10 10 8 2 4 9 11 5 5 11 11 5 2 9 8 10 10 7 7 7 7 8 7 7 7 8 4 11 4 5 11 5 4 10 10 8 8 11 2 9 11 5 7 8 4 11 4 4 4 5 11 11 5 2 3 4 10 10 8 7 7 7 7 8 4 4 4 11 4 4 5 10 10 7 8 8 10 7 7 10 7 7 7 8 8 4 11 4 5 11 4 5 7 7 11 11 5 2 3 10 10 7 8 8 4 11 5 11 11 5 4 4 5 11 2 9 10 8 7 7 7 8 7 10 7 10 8 7 8 11 4 4 5 11 4 5 10 11 5 4 4 4 4 5 7 7 10 7 7 7 8 7 7 10 10 8 8 4 4 4 1 9 4 4 4 5 10 7 8 10 7 8 11 11 5 2 4 11 5 9 4 4 4 5 10 10 8 7 7 8 10 8 11 11 5 4 5 10 7 11 5 4 4 4 5 7 11 2 6 10 10 8 8 10 10 8 7 7 8 10 10 8 7 8 11 11 5 2 3 4 11 5 10 10 8 4 4 5 11 2 3 11 5 4 11 11 5 5 7 7 7 7 7 10 7 7 7 7 8 11 11 5 5 10 8 11 11 5 4 4 11 5 5 10 8 11 11 5 2 3 4 10 10 8 7 7 7 7 7 7 7 8 4 4 4 11 4 5 10 10 8 8 11 5 11 11 5 2 7 7 10 10 8 7 7 8
ppo_x50_b_fd_l4_same_gamma,94,qv14_94,14,94,True,460.0,3.0438179969787598,8 8 9 10 8 8 10 10 8 8 11 5 4 10 10 8 8 10 2 9 10 8 8 10 10 8 8 11 5 4 4 11 4 5 10 10 8 4 4 5 7 7 7 7 10 10 7 7 8 8 11 5 4 4 11 4 4 5 11 5 10 10 8 4 4 5 7 7 10 7 7 10 7 7 7 7 8 8 11 4 5 11 4 5 10 11 5 2 7 6 10 7 10 8 8 4 10 11 5 5 4 4 4 11 2 9 10 8 4 4 5 10 7 8 11 11 4 5 5 7 7 7 7 7 11 10 8 8 7 11 11 5 4 1 3 4 4 4 4 4 4 5 7 10 2 9 7 7 7 7 8 10 10 8 2 9 8 11 11 5 2 9 7 8 11 10 8 8 4 11 4 11 5 5 11 4 11 5 4 5 10 8 11 11 5 5 7 10 0 6 7 8 10 7 7 8 7 10 8 10 7 10 8 4 2 4 4 4 4 4 11 5 9 11 5 4 5 10 10 8 7 8 11 4 5 10 10 8 8 11 5 4 4 11 11 5 5 7 7 10 0 6 7 7 7 7 8 11 5 7 10 7 10 8 2 11 9 8 8 11 4 5 4 10 8 11 11 5 4 5 4 11 4 4 4 4 5 10 7 10 8 8 10 2 9 7 10 8 7 7 7 7 8 10 10 8 4 2 11 9 5 5 11 11 5 11 5 5 11 4 11 5 5 11 4 5 0 9 7 10 8 8 10 2 9 10 8 8 4 4 11 4 5 10 10 8 8 10 10 8 7 8 11 5 10 10 8 8 7 10 10 8 8 4 4 11 1 3 4 4 4 4 11 5 8 11 11 5 2 6 10 11 5 2 9 11 5 5 7 7 7 7 10 8 7 7 7 7 7 10 8 11 11 5 5 11 2 11 11 5 5 11 9 5 4 11 5 5 11 4 2 3 10 10 8 7 8 10 7 11 5 2 9 5 4 11 11 5 2 11 11 5 5 10 7 10 7 7 7 8 7 8 7 7 7 11 5 10 10 8 8 7 11 11 5 4 4 4 4 5
ppo_x50_b_fd_l4_same_gamma,95,qv14_95,14,90,True,423.0,2.9480209350585938,8 8 9 10 8 8 10 10 8 8 10 10 8 8 11 4 5 4 11 11 5 5 7 10 8 10 10 8 8 10 7 10 8 8 10 10 8 8 11 5 11 4 5 4 10 10 8 8 7 10 7 10 8 8 4 11 5 11 5 7 10 10 8 2 9 8 4 4 4 11 4 4 4 4 4 5 4 11 11 5 2 7 7 6 7 10 11 5 5 10 7 7 8 10 7 10 8 8 10 10 8 2 10 7 8 11 9 5 5 4 4 4 4 4 11 5 11 2 3 11 11 5 4 5 7 7 11 5 10 10 8 7 7 7 8 11 11 5 2 11 5 11 5 3 4 4 10 10 8 7 7 8 11 5 4 11 5 10 10 7 8 7 7 8 10 10 8 7 7 8 7 11 4 4 4 4 4 4 5 11 2 11 4 3 5 4 10 10 8 7 7 8 11 2 4 4 10 9 5 5 10 10 8 10 8 7 7 8 7 10 10 7 8 8 11 5 4 4 11 5 11 2 6 7 7 7 10 10 8 8 4 4 4 4 4 4 11 4 5 7 10 10 8 8 11 5 11 2 9 11 5 5 7 10 8 7 7 7 11 5 10 10 7 8 5 7 10 10 8 2 11 5 11 11 4 5 4 4 11 6 5 5 11 5 4 11 5 10 10 8 2 6 10 11 5 5 4 4 4 10 10 8 7 7 7 8 10 2 9 7 7 8 10 8 11 11 5 4 5 11 11 5 4 4 5 10 2 6 7 10 7 7 7 7 7 8 10 10 2 8 4 4 4 4 4 9 5 11 11 5 2 9 11 5 7 7 7 8 11 2 6 7 10 10 8 8 10 8 4 4 4 11 11 5 4 4 4 11 5 5 4 10 8 11 11 5 5 10 8 10 10 8 8 11 5 11 11 5 2 3 10 10 7 7 8 7 7 8 7 10 10 2 8 4 4 4 11 4 5 10 10 8 8
ppo_x50_b_fd_l4_same_gamma,96,qv14_96,14,89,True,443.0,2.8762731552124023,8 6 2 9 10 8 8 10 10 8 8 11 5 11 11 5 2 3 10 7 8 10 10 8 2 9 10 8 8 10 10 8 8 10 10 8 8 11 5 10 7 10 8 8 4 11 5 10 7 11 5 4 4 5 1 11 3 5 4 4 11 5 11 11 5 2 6 7 10 10 8 4 5 4 4 10 2 6 10 10 7 7 7 8 8 10 10 8 7 8 11 4 1 3 4 4 5 11 2 4 3 10 10 8 7 7 8 10 10 8 8 4 11 4 4 5 7 11 10 8 8 4 4 10 10 8 7 7 7 8 4 4 11 4 4 4 4 4 4 5 10 2 9 10 8 8 10 7 8 10 10 7 7 7 7 7 8 8 4 11 5 10 7 8 11 11 5 4 5 10 7 11 5 5 4 4 11 4 4 5 10 7 7 7 8 11 11 5 2 9 8 11 4 4 11 5 5 4 4 10 10 8 7 7 7 7 7 7 8 11 4 4 4 4 4 5 11 2 10 6 8 10 10 7 8 2 9 8 7 10 10 8 7 8 11 4 10 8 7 8 11 4 5 10 10 8 8 11 5 1 9 4 4 4 11 5 5 11 4 4 4 5 10 10 8 4 4 5 7 10 7 10 8 7 7 8 10 8 7 10 10 7 8 8 11 5 4 4 4 4 11 4 5 10 7 7 8 11 11 5 5 4 11 2 9 10 8 4 5 10 8 7 7 7 11 5 10 10 8 7 8 11 4 1 3 5 10 10 8 8 4 11 4 5 4 4 11 11 5 5 7 7 10 7 8 7 10 7 7 8 7 10 10 8 4 4 4 4 4 4 4 4 4 4 4 5 7 7 10 7 8 11 11 5 5 10 7 7 7 7 7 7 8 11 2 10 11 5 5 11 9 5 4 4 5 10 7 7 7 7 8 11 5 10 10 8 7 8 11 1 3 4 11 4 4 5 4 4 4 4 10 8 8 11 5 4 11 5 10 10 8 2 10 10 7 8 8 9 8 11 11 5 2
ppo_x50_b_fd_l4_same_gamma,97,qv14_97,14,90,True,442.0,2.9124643802642822,8 8 9 10 8 8 10 10 8 8 11 5 10 10 8 2 9 10 8 8 10 10 8 8 11 5 4 4 11 5 10 10 8 2 11 5 10 6 10 7 8 8 10 10 8 8 10 10 8 8 11 5 4 11 5 10 10 7 8 8 11 5 4 4 4 4 4 4 4 11 4 10 8 8 10 8 11 11 5 2 3 11 11 5 5 7 7 7 7 7 7 10 7 8 7 10 8 11 11 5 5 11 11 5 5 10 11 5 2 3 11 5 7 10 10 8 7 7 7 7 8 4 11 2 11 3 5 11 11 5 4 4 11 5 4 5 11 11 5 2 7 6 7 10 8 7 10 10 7 7 7 8 2 6 11 4 5 11 4 11 4 4 5 5 10 8 10 11 4 4 5 2 9 5 10 10 7 7 7 7 7 8 2 11 3 4 4 4 5 11 2 9 5 10 10 8 0 6 7 7 10 8 7 8 11 4 5 1 3 4 11 4 4 4 5 4 10 10 8 7 7 7 7 7 7 7 7 7 8 11 2 4 4 4 9 8 11 11 5 2 10 9 5 8 4 4 4 11 5 7 10 10 8 8 10 10 7 7 7 8 8 4 10 8 11 11 5 4 5 11 2 9 7 7 7 8 11 11 5 11 5 5 11 4 5 11 5 4 11 11 5 11 5 4 2 9 0 6 7 7 7 7 7 7 7 7 7 8 11 11 5 11 5 2 11 9 5 5 4 4 11 4 4 4 5 4 10 10 8 8 11 2 9 0 6 8 10 10 7 8 8 10 10 8 2 7 7 9 7 8 11 11 5 2 9 11 5 5 11 5 10 7 8 11 11 5 4 5 10 7 7 7 8 11 11 4 5 4 11 5 4 4 5 11 11 5 4 5 10 2 6 7 11 10 8 8 10 10 7 8 2 7 7 11 5 9 10 8 7 7 7 8 4 4 11 4 4 5 11 11 5 4 4 4 4 5 7 11 5 10 10 8 8 10 7 7 7 7 7 10 8 8
ppo_x50_b_fd_l4_same_gamma,98,qv14_98,14,85,True,416.0,2.78944730758667,8 6 2 9 10 8 8 11 2 3 10 10 8 2 10 9 8 8 10 10 8 8 11 5 11 2 3 10 7 10 7 8 8 10 10 8 8 11 5 10 10 8 2 9 10 8 8 4 4 4 11 4 5 11 2 3 4 11 5 10 10 7 8 7 7 7 7 8 11 5 11 4 4 4 5 10 10 8 7 7 7 7 8 11 2 4 3 11 11 5 5 4 4 4 4 11 11 5 5 0 6 10 8 10 7 8 11 11 5 5 11 11 5 2 7 7 9 7 7 8 10 10 8 8 10 10 7 8 8 11 2 4 4 4 4 4 11 5 6 11 11 5 7 7 7 7 8 11 4 5 4 10 10 8 8 4 4 11 4 4 4 11 5 5 7 10 2 6 7 11 10 8 8 7 10 8 10 7 7 7 10 8 8 4 11 2 9 10 8 4 5 4 10 8 11 11 5 4 4 4 4 5 7 10 7 7 7 8 4 11 5 11 11 5 2 9 0 6 7 8 4 11 11 5 4 5 11 11 5 5 7 11 5 10 7 7 7 8 10 7 8 10 7 10 8 8 10 8 11 5 4 11 11 5 4 4 4 5 7 7 7 7 10 8 10 7 8 4 11 1 3 11 5 5 4 4 4 4 11 4 4 5 7 10 2 9 10 8 8 7 10 7 10 8 2 6 7 10 8 11 11 5 4 4 5 11 4 2 9 11 5 4 5 10 8 7 10 10 8 7 7 8 11 4 4 5 10 7 7 7 7 7 7 8 11 11 5 4 4 4 5 4 11 4 5 10 7 7 8 10 7 8 11 11 5 4 4 11 5 5 11 2 3 11 11 5 5 7 7 7 7 10 8 11 11 5 5 10 7 8 10 11 5 2 11 11 5 5 7 7 7 9 8 7 7 7 10 10 8 2 7 11 11 5 4 4 3 4 4 5 4 4 11 11 5 2
ppo_x50_b_fd_l4_same_gamma,99,qv14_99,14,91,True,428.0,2.943974018096924,8 8 9 10 8 8 10 10 8 8 11 5 11 11 5 2 7 7 9 11 5 2 7 7 9 10 8 8 10 4 4 5 4 10 11 5 5 4 10 2 10 10 8 7 6 7 7 10 8 8 10 10 8 8 11 4 5 4 4 11 2 9 5 4 10 11 5 5 7 10 10 8 8 10 10 8 7 8 4 4 11 11 5 7 8 4 11 11 0 5 3 4 4 4 5 10 7 7 7 8 11 2 9 11 5 7 8 7 10 7 7 7 7 10 8 8 4 1 9 4 5 10 10 8 2 9 5 11 11 5 2 9 8 11 11 5 4 2 3 4 4 4 11 4 5 0 6 10 10 8 8 11 4 5 11 5 10 10 7 7 7 7 8 7 8 11 11 5 7 7 7 8 10 2 4 4 4 9 5 11 4 4 11 5 2 7 10 6 8 11 4 4 4 5 10 10 7 8 8 10 7 7 10 7 8 8 4 11 2 9 10 8 8 11 4 4 5 11 4 5 10 10 8 8 7 10 10 7 8 7 8 11 11 5 2 9 11 5 4 4 4 4 4 5 7 10 0 6 7 7 7 8 11 5 10 10 2 8 11 5 3 11 11 5 7 7 7 8 11 2 11 4 5 4 9 11 5 4 5 10 7 7 7 7 7 7 8 4 10 8 11 11 1 5 3 5 11 2 11 11 3 4 5 4 4 4 4 5 10 7 8 7 11 11 5 4 5 10 2 9 10 8 7 7 8 11 4 5 11 4 5 10 8 10 10 8 10 8 8 7 11 10 8 7 7 8 11 4 11 5 2 9 8 11 11 5 4 5 7 7 7 10 8 4 10 10 8 7 7 7 8 11 2 11 9 5 5 4 11 4 5 11 5 11 11 5 2 11 11 5 3 4 5 10 10 8 7 7 7 7 7 8 10 10 8 8 11 10 8 8 10 10 2 8 4 4 11 5 4 9 10 8 8 4 11 11 5 5
