agent,env,problem_name,ion_count,op_count,solved,duration,compile_time,actions
ppo_q50_s3_b_fd_l4,0,qv14_0,14,96,True,428.75,2.917842149734497,5 5 9 9 5 5 10 7 2 7 11 11 2 5 9 7 11 5 5 9 7 11 5 5 10 2 7 9 6 7 8 11 11 4 4 4 5 5 10 7 8 7 11 11 1 4 5 5 9 10 7 8 2 11 2 11 9 4 5 5 0 10 7 7 6 8 4 10 7 8 7 1 11 3 3 4 5 7 7 7 11 11 1 5 5 10 2 3 9 5 10 10 7 8 1 1 2 9 6 8 9 8 4 10 7 10 7 8 7 7 8 11 5 10 7 7 7 7 11 1 2 5 10 2 3 9 7 8 11 11 2 3 5 7 7 9 8 11 1 11 5 2 11 4 4 5 7 1 4 11 11 3 3 7 7 7 8 8 4 4 10 10 8 7 8 9 8 7 11 1 4 5 9 4 10 0 2 7 8 11 4 5 10 9 7 8 6 8 1 11 4 10 8 2 9 4 10 8 8 4 10 8 4 10 7 9 8 7 1 1 2 9 5 9 4 5 9 11 4 4 1 4 5 7 1 4 5 0 9 9 5 5 7 10 7 8 11 9 5 5 4 10 2 10 10 2 7 7 6 8 11 11 2 2 9 8 4 3 10 10 8 8 11 4 5 10 10 7 7 7 7 7 7 8 2 1 9 8 4 3 11 4 11 5 4 4 4 4 5 7 11 2 4 3 10 9 8 8 4 4 10 7 8 11 11 5 5 10 7 8 1 4 4 3 4 10 10 7 0 2 2 3 10 7 7 7 6 7 7 7 7 8 7 11 2 9 11 5 7 1 2 9 5 9 7 11 1 5 2 11 4 5 4 4 9 3 3 5 10 10 0 8 8 10 7 7 0 8 11 2 9 9 5 5 7 10 7 7 8 1 9 8 6 11 11 5 7 7 7 8 4 4 4 11 4 4 1 3 7 11 2 5 11 4 5 0 0 9 5 9 10 8 7 8 4 4 10 10 8 8 11 4 4 5 4 10 2 10 6 10 8 2 4 10 9 8 8 4 4 10 0 2 6 9 8 7 11 11 2 2 11 3 3 7 11 3 4 4 4 4 4 5 5 7 10 7 8 11 4 4 11 5 1 2 9 8 4 4 10 10 2 2 10 6 4 10 8 8
ppo_q50_s3_b_fd_l4,1,qv14_1,14,91,True,405.0,2.819183826446533,5 5 9 9 5 5 7 9 11 5 5 10 7 8 7 11 11 2 1 5 7 11 9 5 5 10 0 2 9 8 1 9 9 4 4 5 5 10 7 8 4 10 8 1 3 7 11 11 4 5 5 7 7 11 11 3 5 2 9 7 7 8 4 4 4 10 10 7 8 8 1 11 2 4 0 9 7 9 8 6 4 7 7 7 7 8 11 4 4 4 4 4 5 10 2 7 0 7 7 9 9 8 7 8 7 10 0 2 9 7 11 5 5 10 2 7 11 4 3 11 5 2 7 11 2 9 11 5 5 10 2 9 3 7 11 4 4 4 5 5 10 2 9 10 2 2 3 3 3 10 10 7 8 2 10 9 8 7 7 7 8 4 10 7 0 2 7 7 7 7 11 2 6 9 11 3 4 5 5 10 7 8 11 11 4 4 5 5 7 7 11 2 11 2 4 4 4 3 11 4 10 7 7 2 2 10 9 8 7 6 8 4 10 8 4 10 7 7 7 10 8 2 11 4 5 0 9 9 8 8 11 2 9 11 5 5 9 7 7 11 4 5 4 5 4 10 7 8 11 11 5 1 4 4 4 7 4 7 4 7 1 4 4 5 7 11 2 9 9 5 0 7 8 9 4 5 10 10 8 7 8 7 11 2 9 4 5 10 10 8 8 0 7 7 10 2 9 7 11 5 5 7 7 11 2 9 11 5 5 9 4 4 5 7 11 4 11 4 3 5 2 10 2 9 10 2 2 3 3 10 10 6 7 8 7 7 7 7 10 7 7 7 8 7 8 4 10 2 10 2 9 7 11 3 5 5 11 5 0 7 10 7 7 8 11 11 4 5 0 2 9 3 7 11 5 3 5 0 10 2 9 7 8 11 11 3 5 4 5 10 8 10 7 11 4 4 2 5 11 4 1 4 4 5 7 11 11 5 2 3 7 9 7 8 4 4 10 10 7 7 8 8 11 2 4 10 6 10 8 7 7 8 4 4 10 10 8 7 6 7 8 4 4 11 5 10 7 10 2 2 0 6 7 11 11 5 2 9 4 3 4 4 5 7 7 11 11 2 5 11 11 4 4 4 4 5 2
ppo_q50_s3_b_fd_l4,2,qv14_10,14,92,True,400.75,2.8529980182647705,5 5 7 11 9 5 5 9 7 7 11 4 5 5 9 7 7 11 2 2 11 9 5 5 10 7 7 8 7 11 2 11 4 11 3 5 5 7 7 11 2 9 11 3 5 2 10 7 7 8 10 2 9 8 11 4 11 4 4 4 5 5 7 0 7 10 2 9 8 9 9 4 5 5 7 0 10 7 7 7 8 11 4 4 4 4 3 4 5 10 10 7 8 7 8 11 2 4 11 4 5 10 10 7 7 8 7 7 8 9 4 10 7 8 8 7 1 11 4 5 10 2 7 1 9 3 5 0 9 10 8 8 11 4 4 4 4 5 11 2 3 3 10 10 7 7 7 8 4 5 10 2 10 8 10 9 8 8 1 11 4 11 2 2 6 11 5 3 11 3 4 5 7 7 7 11 4 11 2 5 7 11 4 4 4 10 2 8 11 2 9 9 8 8 9 11 4 5 2 10 10 8 7 7 8 1 4 4 4 9 5 0 9 10 8 1 2 9 6 8 4 11 9 5 0 8 4 10 10 6 7 8 2 11 5 9 10 2 2 6 10 10 8 7 8 11 5 4 10 10 8 8 11 2 1 9 9 8 8 11 2 1 9 5 3 7 11 4 4 1 9 8 4 5 7 10 8 11 4 11 2 4 5 10 7 8 11 11 4 4 4 5 5 7 11 2 9 9 8 0 8 11 2 9 9 8 8 4 10 8 4 10 7 7 9 8 4 0 7 8 4 10 7 0 2 9 9 8 8 1 9 4 5 7 7 11 11 2 3 3 5 7 7 11 1 5 7 11 5 7 11 4 4 4 11 2 5 10 2 7 6 4 10 6 8 4 4 10 10 7 7 8 1 2 6 4 10 6 7 8 4 4 10 10 8 2 4 10 9 8 1 2 9 8 7 11 11 5 5 7 11 4 11 2 4 4 3 4 4 5 7 11 2 3 3 10 10 8 8 4 4 10 10 2 6 7 7 8 11 5 11 2 4 10 6 10 8 4 0 7 8 9 8 11 11 5 5 10 10 2 2
ppo_q50_s3_b_fd_l4,3,qv14_11,14,90,True,409.75,2.8049399852752686,5 5 9 7 11 5 5 7 7 11 2 9 11 5 5 9 7 11 4 5 7 8 11 2 11 9 4 4 5 5 9 10 7 8 8 11 2 9 11 2 2 11 4 9 3 5 2 0 9 7 8 4 10 7 7 7 7 6 7 7 8 4 4 10 10 8 2 4 10 6 11 2 2 9 8 7 11 11 4 4 4 4 4 3 5 0 0 7 8 11 2 11 9 8 6 8 4 4 10 10 2 7 8 11 5 10 9 6 8 2 11 2 6 6 11 11 4 5 5 7 7 7 11 11 1 3 4 4 5 5 10 0 2 7 7 7 11 11 3 5 5 7 7 11 11 4 5 2 7 11 2 11 5 9 10 8 6 8 4 10 7 8 4 10 10 8 1 2 9 9 8 6 8 11 1 4 4 4 4 4 4 4 5 7 0 9 5 10 10 8 8 1 9 4 10 2 2 9 9 8 7 8 4 10 0 2 9 9 6 7 7 7 8 4 5 10 10 8 2 1 9 5 7 11 3 7 11 5 5 4 10 0 2 9 7 6 8 11 11 4 5 4 4 4 5 7 11 2 11 4 4 3 11 2 2 11 2 6 6 4 10 10 6 8 7 7 7 7 8 7 7 1 9 8 11 11 4 2 5 10 2 9 3 7 11 5 5 0 7 7 10 8 4 10 2 9 9 8 7 8 4 10 7 0 7 2 7 11 11 4 5 2 9 3 7 11 5 4 3 5 10 0 7 7 8 11 2 11 11 2 5 9 9 5 5 10 2 7 7 6 9 8 1 4 11 11 4 4 5 5 10 7 7 8 11 11 1 2 3 4 4 5 0 7 7 7 9 8 4 4 10 10 8 2 6 9 8 4 10 7 10 6 7 7 8 1 1 5 10 2 9 7 9 8 7 8 1 3 11 5 4 11 5 7 11 3 4 11 4 2 3 5 7 11 11 4 5 5 7 7 7 11 1 2 11 2 9 9 6 8 2 11 2 6 4 4 10 10 8 7 7 7 7 7 6 7 7 7 8 4 10 2 3 10 10 8 7 8 7 11 1 2 11 11 2 3 3 5 10 10 7 7 7 8 8
ppo_q50_s3_b_fd_l4,4,qv14_12,14,92,True,406.5,2.8953158855438232,5 5 9 9 5 5 10 7 2 7 11 11 3 5 5 7 7 7 11 11 4 5 5 10 7 7 11 4 4 5 5 7 10 7 7 7 8 9 7 7 8 7 7 11 11 2 4 5 10 7 6 8 11 11 1 4 5 4 5 7 7 7 11 11 2 2 9 11 4 5 5 7 11 11 5 5 9 7 11 5 5 7 7 11 2 9 11 2 2 9 6 4 10 8 8 7 11 2 9 4 4 5 7 10 10 8 8 9 4 10 8 7 7 8 1 1 11 2 9 11 2 5 4 3 3 7 7 10 10 7 7 8 6 8 4 4 10 2 9 10 8 8 4 4 10 10 7 7 8 7 1 2 9 8 11 11 4 3 4 4 4 4 4 5 2 7 7 11 4 5 9 4 5 11 11 2 2 7 9 8 4 0 10 6 10 0 2 6 8 9 4 4 5 10 7 10 7 8 7 7 8 11 2 4 0 6 9 6 8 11 11 4 5 5 7 11 1 4 4 1 2 6 9 4 5 7 11 4 1 5 7 1 9 9 5 5 0 9 9 7 8 8 1 11 2 9 4 5 10 10 8 6 8 11 1 1 2 9 6 4 10 6 7 7 7 8 7 8 11 4 4 4 5 10 10 7 8 7 8 11 5 10 7 0 7 8 4 4 10 10 2 8 7 11 1 5 9 3 7 11 5 5 7 1 4 4 9 4 4 5 3 4 10 10 2 2 10 9 8 7 7 8 11 2 9 11 4 2 2 11 9 5 5 7 7 11 11 5 4 5 9 9 5 7 7 8 4 0 10 8 6 4 10 7 10 7 8 8 7 11 2 11 1 4 5 7 11 3 4 11 5 5 11 1 2 9 9 8 8 0 10 2 7 7 10 6 9 8 8 4 10 7 9 8 8 4 4 10 10 7 8 8 1 1 9 4 5 0 10 2 9 8 6 7 11 11 4 5 2 7 11 3 7 11 5 5 4 11 11 2 3 5 10 7 8 11 1 2 9 9 5 4 4 5 9 10 8 8 11 4 5 10 10 2 6 7 8 4 4 10 10 7 8 8 10 2 3 10 10 8 2 6 11 11 4 4 4 4 5 2
ppo_q50_s3_b_fd_l4,5,qv14_13,14,87,True,390.5,1.2991652488708496,5 5 7 11 9 5 5 9 9 5 5 10 7 7 7 8 11 11 1 4 4 5 5 7 7 11 2 11 9 5 5 7 7 11 1 2 9 9 5 5 7 7 11 11 5 5 0 9 7 8 11 4 5 10 10 8 6 8 4 11 4 10 7 7 2 8 4 10 7 9 8 8 4 4 10 10 7 8 1 2 4 10 8 9 8 6 11 11 1 4 5 0 2 9 5 7 7 6 11 3 7 11 4 5 7 1 4 5 4 10 2 9 7 11 5 5 7 7 11 11 5 4 5 11 4 10 2 8 0 9 9 5 7 8 11 4 4 5 7 10 10 8 7 8 11 2 9 4 4 10 7 7 6 7 8 8 4 10 2 9 10 7 8 7 8 7 1 1 3 7 11 1 2 9 9 5 4 4 4 5 4 10 0 7 6 7 7 6 8 11 11 2 2 11 2 4 11 9 4 4 5 5 7 7 6 11 2 11 11 4 5 4 5 0 6 9 4 5 10 10 7 2 7 8 4 10 7 9 8 7 7 8 11 5 4 10 10 7 8 4 0 2 9 9 8 7 8 11 2 9 9 5 7 7 8 1 4 11 1 4 5 7 11 4 4 11 2 5 9 7 8 4 4 3 10 7 7 8 4 4 10 10 7 6 8 8 4 4 4 10 10 7 8 8 1 11 2 9 4 5 10 10 8 4 0 2 9 9 8 8 9 4 4 5 7 7 11 11 2 2 3 9 5 7 7 11 11 5 5 7 7 11 2 11 5 4 11 3 11 2 1 4 5 1 9 9 8 7 8 4 10 8 4 0 7 10 7 9 8 7 7 7 8 4 10 7 7 7 7 7 11 1 2 5 9 7 8 11 11 5 4 3 5 10 7 8 10 8 9 11 2 2 4 11 11 5 3 4 4 4 5 7 11 5 9 7 11 5 5 7 11 4 0 2 9 5 4 10 10 8 0 2 9 3 7 6 4 10 8 8 11 4 5 10 10 8 7 7 10 7 7 7 7 7 8 4 4 5 10 2 7 7 6 7 7 11 11 2 2 11 11 5 2 9 9 5 4 4 4 5
ppo_q50_s3_b_fd_l4,6,qv14_14,14,92,True,404.5,2.913813829421997,5 5 9 9 5 5 10 2 9 7 11 4 5 5 9 7 11 5 5 7 7 7 7 11 5 7 11 11 4 5 5 7 7 11 11 5 5 10 2 3 10 10 2 7 8 7 11 11 5 0 2 9 8 1 9 9 8 7 7 8 11 4 4 1 2 9 9 3 4 4 5 5 7 7 11 2 9 4 4 10 7 8 8 11 2 11 2 4 3 10 10 7 8 6 7 8 4 4 4 10 10 7 8 2 4 4 10 10 7 7 8 8 11 4 3 5 7 11 5 10 7 0 10 7 8 4 5 10 2 9 10 2 2 9 3 7 11 3 4 5 5 7 7 11 11 4 5 2 7 11 4 3 4 5 10 0 0 6 6 8 4 4 4 10 10 2 7 8 1 11 2 3 9 5 7 9 11 4 5 7 8 11 1 5 7 1 4 4 11 2 9 9 8 8 4 4 0 10 6 6 8 4 4 4 10 10 2 2 10 6 7 10 2 8 4 10 9 8 8 9 8 7 1 11 2 4 11 4 4 4 4 5 9 3 5 10 10 7 0 7 8 7 8 4 10 10 7 8 8 1 11 4 4 4 5 11 2 9 4 5 9 10 8 8 1 11 4 2 11 3 5 9 9 5 5 7 0 0 7 7 6 9 4 10 2 8 11 2 9 6 4 10 8 2 4 10 2 10 6 4 10 7 8 8 11 2 9 9 8 8 10 2 10 7 11 2 2 3 3 9 11 4 4 5 7 1 4 4 4 4 5 7 11 2 9 7 6 8 11 1 4 4 11 2 3 5 10 10 2 2 9 5 3 10 10 8 2 11 5 3 10 10 2 8 4 10 6 4 10 8 2 9 8 9 8 4 4 10 10 8 7 8 11 4 4 5 10 10 8 2 4 10 8 10 10 2 7 7 7 8 4 4 11 2 4 3 3 11 5 9 4 5 7 11 4 11 4 2 5 7 11 4 4 4 10 8 2 4 0 9 9 5 7 8 4 4 10 10 7 6 7 8 7 7 7 8 10 2 3 10 10 8 8 10 2 7 11 9 5 1 4 4 4 4 4 5
ppo_q50_s3_b_fd_l4,7,qv14_15,14,88,True,381.25,2.8014466762542725,5 5 9 7 11 5 5 9 9 5 5 7 7 7 11 1 11 5 5 10 7 8 11 1 2 9 9 4 5 5 10 7 8 11 11 4 4 5 7 8 4 10 8 9 7 8 11 4 1 2 9 4 11 5 5 0 0 7 9 9 8 7 7 7 8 1 4 4 4 11 2 9 3 5 10 10 8 4 0 7 8 9 8 11 4 10 2 2 9 8 4 10 9 6 7 8 8 4 4 10 2 9 7 11 5 5 10 7 8 11 11 2 5 7 1 11 2 9 9 8 4 4 4 4 3 5 10 10 8 7 7 7 7 7 7 7 8 11 2 11 2 9 9 5 7 7 8 11 4 1 9 5 4 4 4 5 4 10 7 8 7 11 11 4 4 5 7 8 11 11 4 5 5 4 10 2 10 2 0 9 9 8 7 7 7 6 7 8 1 4 11 1 3 5 7 11 11 4 2 5 7 11 2 9 3 10 2 7 8 9 7 8 10 9 7 8 8 11 4 5 7 11 5 10 7 10 7 7 7 7 8 8 11 4 4 4 5 10 2 10 6 10 2 8 4 10 2 7 1 9 9 8 4 3 4 4 4 5 10 7 7 8 11 11 4 4 2 5 9 7 8 11 11 4 5 4 11 5 1 5 0 7 10 9 8 1 2 9 6 8 11 11 4 2 2 9 9 4 5 5 10 2 10 9 8 8 7 9 8 4 10 10 2 6 8 1 11 3 5 10 10 7 7 8 7 7 8 10 0 2 9 9 5 5 7 7 11 2 11 11 4 5 4 5 10 7 7 8 11 1 11 2 5 9 5 10 7 8 4 9 11 4 4 2 5 9 3 11 2 4 4 5 0 9 8 7 7 10 7 6 8 11 2 11 11 2 2 9 5 7 7 7 9 6 8 4 4 10 10 0 8 8 11 4 5 10 10 7 2 7 8 6 7 11 11 2 2 11 4 5 9 10 8 8
ppo_q50_s3_b_fd_l4,8,qv14_16,14,94,True,411.5,3.90511417388916,5 5 7 11 9 5 5 9 7 11 5 5 10 7 11 4 5 5 7 7 11 2 9 11 4 5 7 8 11 11 5 5 10 0 2 9 9 7 6 7 8 8 1 1 4 11 2 6 9 8 11 11 5 3 5 10 0 9 7 7 7 7 8 7 8 7 11 2 9 11 5 7 7 7 8 11 4 4 4 4 5 10 2 7 7 11 11 2 5 7 11 5 3 7 11 11 4 4 5 5 0 9 7 8 11 11 2 2 9 8 9 4 5 7 10 9 8 8 4 10 7 7 0 6 8 4 4 10 10 2 8 4 3 10 2 10 7 9 8 8 7 1 11 4 5 10 2 0 9 6 11 5 2 9 5 10 7 8 11 11 4 4 5 4 5 9 7 11 4 5 4 4 5 10 2 9 10 8 4 0 2 0 6 4 10 7 2 9 9 8 7 6 8 11 4 4 4 5 10 0 10 7 8 4 0 7 8 4 10 9 8 1 2 9 8 7 11 11 5 2 7 9 6 8 11 11 2 2 6 11 11 5 5 11 9 4 4 3 5 5 7 10 7 8 11 4 4 1 4 5 4 4 4 10 0 2 3 10 6 10 8 8 4 4 10 10 2 8 7 11 2 11 5 9 9 5 7 7 8 4 10 2 9 9 8 7 8 4 10 7 10 7 8 1 4 0 2 9 8 6 11 11 3 4 5 4 5 10 8 11 4 11 5 1 2 11 5 9 10 8 8 11 1 5 4 3 3 10 10 7 7 8 8 4 4 10 10 7 8 2 4 10 2 9 9 8 7 7 8 11 4 5 11 5 10 7 7 7 7 0 7 8 6 11 11 5 5 7 7 11 11 5 2 1 9 4 5 7 7 11 4 5 11 4 5 7 11 11 2 2 11 5 3 10 7 7 6 7 6 7 10 7 7 8 4 5 10 0 0 2 9 9 8 7 7 8 7 11 1 2 6 6 11 11 4 5 4 0 4 4 5 10 2 9 9 8 8 7 6 11 11 4 2 1 4 3 4 4 5 11 4 11 5 2 11 5 10 9 8 7 8 4 4 10 10 8 8 10 6 10 7 8 2
ppo_q50_s3_b_fd_l4,9,qv14_17,14,94,True,413.5,3.04539155960083,5 5 7 11 9 5 5 9 7 7 8 11 11 4 5 5 7 7 11 11 5 5 7 7 11 2 9 11 4 4 5 5 7 7 11 11 5 5 0 10 2 9 9 5 7 8 4 4 10 10 7 8 8 11 4 5 10 7 9 7 7 7 7 8 4 4 5 10 7 2 10 10 8 2 1 9 4 5 7 11 9 5 3 4 5 4 10 7 8 10 7 7 8 4 4 11 4 11 4 5 7 1 5 3 10 10 2 8 0 9 6 8 4 4 10 10 8 8 4 10 10 8 8 7 11 2 11 4 10 2 2 9 6 8 11 4 9 5 4 5 7 11 11 4 5 5 7 7 11 2 11 11 4 4 5 5 0 10 8 11 2 9 9 6 8 4 4 5 7 7 7 11 2 11 4 5 10 10 8 4 0 9 8 7 7 6 8 11 4 10 2 2 9 7 6 8 4 4 10 10 7 5 4 4 5 10 2 7 9 8 4 0 10 10 7 8 1 2 9 8 4 11 4 9 4 5 5 10 7 11 4 5 3 5 7 7 11 11 4 1 5 7 8 11 1 5 7 1 9 9 5 7 8 11 2 4 9 10 8 8 4 10 9 8 8 4 10 8 4 10 7 7 1 2 9 9 8 8 1 11 2 9 3 7 11 4 2 5 11 4 4 5 0 9 10 8 6 7 8 11 4 4 4 5 10 10 7 7 7 7 7 7 8 4 0 7 8 9 4 10 2 2 7 7 7 11 11 5 2 9 4 5 0 9 8 11 9 5 5 9 5 0 0 0 9 6 7 8 11 11 4 3 4 5 5 7 7 11 11 4 5 2 7 11 2 11 4 5 0 9 9 5 4 5 0 9 8 10 10 7 8 6 8 4 4 10 10 2 6 8 4 10 10 0 8 2 6 6 11 11 4 2 5 10 2 7 11 2 9 9 5 5 7 7 11 4 3 4 5 0 10 2 7 7 1 11 3 3 7 11 4 4 5 2 9 4 5 7 11 11 2 5 10 2 9 9 8 4 5 10 10 6 8 7 7 8 11 2 4 4 10 10 6 7 7 7 7 7 8 8 11 2 6 11 11 4 5 2 10 9 8 7 7 8
ppo_q50_s3_b_fd_l4,10,qv14_18,14,90,True,389.0,3.8753809928894043,5 5 9 9 5 5 7 11 9 5 5 10 7 8 7 11 11 4 4 5 5 0 0 7 10 2 9 8 6 11 11 5 5 7 7 1 1 9 3 7 11 4 5 5 10 2 9 7 11 4 4 4 5 5 7 10 7 7 7 7 8 11 2 9 9 8 4 5 7 7 11 2 11 9 4 5 5 7 11 5 4 0 0 7 0 7 6 4 10 7 8 4 10 8 9 6 11 4 4 4 5 4 5 10 2 7 10 9 8 8 7 11 2 11 11 4 5 4 5 7 11 5 0 9 9 8 8 10 7 7 7 8 1 4 3 4 4 11 11 5 5 7 7 11 2 4 4 10 10 2 2 9 6 8 6 11 4 4 5 10 10 2 2 9 10 6 8 8 4 0 10 7 9 7 8 7 8 10 2 7 11 3 11 4 4 5 7 7 8 11 4 4 5 10 0 0 6 8 7 11 11 2 2 9 11 5 2 9 9 5 3 5 10 2 10 7 7 1 2 9 11 3 4 5 7 8 11 2 4 10 9 8 7 7 7 7 8 11 2 9 9 5 7 7 7 8 11 4 4 4 5 10 7 8 4 4 10 2 10 9 8 8 1 1 3 7 11 4 5 3 11 11 2 5 4 10 7 8 11 2 9 11 5 4 4 5 7 11 2 3 3 10 10 7 8 2 7 7 11 1 2 9 8 6 7 7 6 4 10 10 0 2 6 8 11 4 5 10 10 8 8 4 10 8 7 11 11 2 2 6 4 9 5 7 11 11 5 2 7 11 2 9 9 5 5 7 7 11 1 4 4 4 4 4 4 5 9 5 7 10 10 7 0 6 8 8 11 2 11 1 5 10 9 8 8 4 4 10 2 10 9 6 7 6 8 8 4 4 10 10 2 8 7 1 4 4 9 5 11 3 4 4 5 7 11 4 11 2 2 9 4 5 4 3 10 10 7 8 7 8 7 7 10 10 7 7 7 7 7 8 4 5 11 2 7 10 2 7 7 11 11 3 5 5 7 11 11 5 2
ppo_q50_s3_b_fd_l4,11,qv14_19,14,89,True,380.75,2.9161722660064697,5 5 9 9 5 5 7 7 9 11 4 5 5 10 7 7 8 11 11 2 1 5 7 11 9 4 4 5 5 10 0 2 9 5 10 9 7 8 4 5 10 0 6 8 9 8 4 4 10 10 8 2 11 5 7 11 4 11 2 2 9 5 7 11 3 7 11 4 4 5 5 7 7 11 2 11 9 5 5 10 2 3 10 10 7 8 8 11 4 5 10 10 8 2 11 5 0 9 9 8 8 4 10 8 11 3 11 4 5 7 8 11 2 4 9 10 2 6 8 4 10 10 7 7 8 2 4 10 9 8 7 8 10 7 1 2 4 1 9 9 8 8 11 2 11 9 5 1 3 5 7 11 5 7 11 4 4 11 2 5 10 8 11 4 9 5 7 1 2 3 7 7 9 9 8 7 7 7 8 11 4 2 3 7 11 4 4 10 2 2 6 4 10 8 4 10 9 8 8 11 4 5 10 10 7 8 0 7 0 2 6 9 4 10 8 8 11 4 5 9 5 0 10 10 2 8 10 2 3 9 4 5 7 7 11 11 4 5 5 10 7 8 11 4 3 5 7 11 11 4 4 4 4 2 5 7 11 4 4 4 10 0 2 8 11 5 10 6 7 6 7 7 8 4 10 7 8 4 10 10 2 2 10 8 6 6 4 11 11 5 2 4 3 9 4 5 0 6 7 11 11 2 5 10 8 11 9 5 5 7 7 11 11 4 1 5 1 2 9 9 5 5 7 7 11 2 9 6 8 4 10 7 8 4 4 10 10 7 7 7 7 8 8 4 10 10 2 8 4 10 2 6 10 7 11 2 2 9 3 4 5 10 7 7 8 11 1 4 9 5 4 4 4 5 7 7 11 1 4 4 3 4 5 3 4 10 10 0 2 2 6 9 11 5 2 10 2 3 10 6 10 8 6 8 4 4 10 10 7 8 1 2 9 8 4 3 10 10 8 7 7 8 11 2 4 4 10 10 8 8 10 10 2 2
ppo_q50_s3_b_fd_l4,12,qv14_2,14,92,True,398.5,2.119450092315674,5 5 9 7 11 5 5 10 2 7 6 11 11 4 5 5 7 7 11 2 9 11 5 5 7 11 9 5 5 9 7 7 8 11 11 1 3 5 2 7 9 7 8 11 11 4 5 5 0 10 2 7 11 2 9 9 5 5 0 0 9 7 7 8 4 10 7 6 10 7 8 8 11 4 5 10 10 7 8 1 2 9 8 6 7 11 11 2 4 5 7 11 5 7 11 3 7 11 5 0 2 9 7 8 6 11 11 4 3 4 4 4 5 5 10 0 7 2 7 10 2 9 10 8 4 7 4 4 5 10 7 7 8 1 11 9 5 5 7 11 9 5 5 7 11 9 4 5 5 7 7 11 11 5 7 7 7 8 11 4 5 7 11 4 10 2 6 8 11 4 5 10 10 7 8 8 11 2 11 4 4 4 1 2 9 9 8 8 4 4 10 0 9 8 6 8 11 4 4 5 10 10 7 7 8 2 10 8 10 6 4 10 8 8 11 2 11 4 5 9 10 8 8 4 4 10 2 10 7 10 7 8 2 11 3 5 7 7 11 11 3 4 5 5 10 7 8 11 11 4 4 2 5 7 11 1 2 9 9 8 4 5 7 11 2 11 9 5 7 7 8 10 2 6 7 6 11 11 4 2 5 7 11 11 4 2 4 4 5 10 8 1 9 9 5 7 8 7 11 2 9 9 8 8 4 10 7 8 4 10 10 7 7 7 8 7 1 2 9 11 5 5 10 7 8 9 4 10 8 8 4 4 10 10 7 8 7 1 1 2 3 3 4 4 9 4 4 5 7 11 4 4 4 4 4 4 10 2 0 6 8 11 4 5 10 10 2 2 6 9 6 8 4 4 11 5 10 7 10 7 7 8 2 4 10 7 8 4 10 7 10 7 8 2 1 9 9 8 4 4 4 5 7 11 2 9 5 7 11 11 5 5 11 2 7 7 7 11 11 5 5 7 7 11 11 5 4 5 0 9 9 5 5 10 2 3 10 10 2 8 10 7 7 7 7 7 7 6 6 10 0 2 8 11 2 9 9 8 4 5
ppo_q50_s3_b_fd_l4,13,qv14_20,14,93,True,418.5,2.3036882877349854,5 7 4 5 9 7 11 5 5 9 7 11 5 5 9 7 7 11 4 5 5 10 0 2 9 9 4 5 7 8 11 2 11 3 7 11 5 7 2 11 3 7 11 2 5 7 11 4 9 5 7 8 11 2 11 2 11 4 10 2 6 8 11 4 5 10 10 8 2 6 4 4 10 10 8 8 4 9 10 8 7 7 7 7 8 4 4 0 9 5 10 10 7 7 8 2 11 11 2 5 9 4 3 5 10 0 7 7 6 8 4 11 11 5 2 7 11 9 3 5 5 7 7 7 11 11 2 4 5 7 11 2 11 9 5 1 2 4 3 10 8 7 10 7 7 10 2 8 11 5 10 9 6 7 8 4 5 7 11 2 11 5 3 10 10 7 7 7 7 8 2 1 9 3 11 3 4 4 4 5 5 7 11 4 11 4 4 5 4 0 2 0 9 5 10 7 7 8 9 11 5 5 9 7 11 4 5 2 10 2 9 7 9 8 7 7 8 11 4 4 4 5 10 10 7 7 8 8 4 4 10 7 7 8 11 2 7 3 4 10 10 7 7 0 8 0 2 9 8 11 4 11 2 3 5 7 10 8 11 2 9 9 5 7 6 7 8 11 2 9 4 11 4 4 5 4 4 1 4 4 4 5 10 10 8 8 11 1 5 7 11 2 9 9 4 3 5 2 0 9 7 8 9 8 11 4 4 5 10 10 7 7 7 8 1 2 6 4 10 7 8 4 0 7 9 10 2 2 9 10 7 7 8 8 9 4 4 5 9 4 4 5 7 7 7 7 11 11 4 1 5 2 9 7 11 5 5 7 10 6 8 1 11 4 11 5 5 7 7 6 11 2 11 11 2 5 11 2 9 9 8 4 5 0 10 7 6 8 4 4 4 10 10 7 8 6 8 4 4 4 10 10 7 8 2 9 8 11 2 1 11 4 3 11 2 2 3 9 7 11 2 2 3 4 3 3 10 10 8 7 7 8 11 5 4 10 10 7 7 7 8 2 9 4 5 4 10 10 2 2 10 2 9 9 6 7 8 4 5 10 10 8 2 9 4 5 7 7 11 11 4 4 5 2 3 10 10 2 7 8 11 11 4 4 5 5
ppo_q50_s3_b_fd_l4,14,qv14_21,14,90,True,399.25,1.912567377090454,5 5 9 9 5 5 7 7 11 11 5 5 7 7 11 11 5 5 10 0 8 4 10 7 7 9 8 7 1 2 9 8 11 11 5 5 7 11 5 7 11 4 3 7 11 5 5 7 9 7 11 4 5 5 7 7 7 1 11 11 5 5 10 7 8 11 11 5 2 10 8 1 9 9 8 8 11 1 2 9 3 10 7 6 8 8 4 10 7 8 1 4 4 1 9 4 4 5 4 10 10 2 2 6 10 6 4 10 7 8 7 8 4 10 2 7 9 9 8 4 4 5 7 11 2 4 4 10 9 8 7 8 4 10 2 10 7 11 2 2 3 7 11 4 4 4 5 7 11 2 9 3 10 7 7 8 2 9 8 4 4 10 10 8 6 8 11 1 1 5 10 9 4 5 4 4 4 5 10 2 7 7 10 10 7 7 8 8 4 10 2 9 6 11 4 4 5 2 7 11 3 4 4 5 7 11 2 4 4 4 11 3 5 10 10 7 6 8 7 8 1 4 11 2 11 3 5 10 10 7 7 7 8 7 6 7 8 7 11 1 4 4 4 4 5 10 2 0 9 9 8 4 5 10 2 10 7 10 6 8 8 9 8 4 4 11 4 10 2 2 9 8 9 11 4 2 5 7 11 11 4 4 5 5 7 7 11 2 11 4 4 4 9 5 0 2 6 9 4 5 10 10 7 7 2 8 7 7 6 9 8 4 4 10 10 2 8 4 10 7 7 7 7 11 2 2 9 8 11 11 3 5 4 4 4 4 5 10 2 9 6 11 4 4 5 7 2 7 11 4 5 10 2 9 10 8 8 4 10 8 4 10 6 7 8 4 10 10 0 2 2 9 5 7 6 6 11 11 4 4 5 5 7 11 11 4 5 1 3 4 5 10 7 7 7 7 8 11 4 5 7 7 11 11 4 5 4 5 7 11 2 11 4 2 4 10 10 6 8 8 10 2 0 6 7 9 6 7 8 4 10 10 2 8 7 11 2 6 11 11 2 2 4 4 3 11 3 11 5 5 11 2 6 10 10 2 2
ppo_q50_s3_b_fd_l4,15,qv14_22,14,95,True,419.25,3.077523708343506,5 5 9 9 5 5 10 2 7 7 11 11 5 2 9 7 6 8 11 11 1 5 5 7 11 9 3 5 2 9 7 7 8 11 11 4 5 5 10 0 2 9 7 8 11 11 4 4 5 5 7 7 11 11 5 5 7 9 7 8 4 4 10 10 7 8 4 5 10 10 8 2 9 4 5 10 7 11 2 2 9 4 3 10 7 7 7 7 8 2 4 10 10 2 6 8 11 11 4 5 3 5 10 7 7 11 4 2 3 5 10 7 7 11 1 4 4 4 5 2 7 9 8 11 11 5 0 2 6 9 7 8 9 7 8 4 4 4 10 7 7 11 5 2 9 5 10 10 2 8 4 10 6 4 10 8 7 8 4 10 7 7 7 11 2 3 5 10 7 8 11 11 2 2 9 3 7 11 4 4 1 2 2 9 6 11 2 2 9 5 9 7 11 4 5 2 4 4 4 3 10 10 2 6 7 7 7 7 7 8 4 10 2 9 8 6 11 11 2 5 10 2 6 4 10 7 8 7 10 7 11 2 2 9 8 11 9 4 5 4 5 10 7 7 8 11 11 1 4 3 3 5 2 7 7 11 2 9 4 5 10 10 7 2 7 7 2 6 9 8 4 10 7 9 8 1 2 9 8 11 3 7 11 4 1 3 4 5 4 4 5 7 11 2 11 4 4 5 7 11 2 3 10 7 10 8 6 8 11 1 1 2 9 4 5 10 7 9 8 6 7 7 8 10 10 2 7 8 11 4 5 10 10 8 8 1 9 8 11 11 5 2 7 11 4 3 11 5 5 11 2 11 4 4 5 0 9 9 5 7 7 7 7 8 10 7 7 7 8 4 4 10 7 8 1 1 9 9 5 5 7 9 11 4 5 1 5 7 11 9 5 5 10 0 8 9 8 11 11 2 2 7 7 0 7 9 6 10 6 8 8 4 4 10 10 8 8 4 4 10 10 2 8 10 2 10 2 7 11 3 7 11 2 3 4 5 7 7 11 11 2 3 3 5 9 4 5 11 11 2 3 5 7 7 11 11 4 5 5 7 1 11 2 9 9 8 8 11 2 4 4 10 10 2 2 9 9 8 7 8
ppo_q50_s3_b_fd_l4,16,qv14_23,14,93,True,411.25,3.0929038524627686,5 5 9 9 5 7 1 5 10 2 9 6 11 4 5 5 10 2 7 6 11 11 4 5 5 10 2 7 6 11 11 5 2 10 2 9 9 4 5 5 9 7 11 5 5 7 7 11 11 5 5 7 10 8 4 10 7 7 7 11 2 3 5 7 7 11 11 4 5 2 10 8 11 2 3 4 10 10 7 8 2 9 9 8 7 8 11 2 4 4 4 10 10 8 7 8 1 4 9 11 2 5 7 1 4 9 5 10 2 3 3 10 10 7 8 6 8 4 11 4 5 10 10 7 7 7 8 8 11 4 5 10 10 7 8 8 11 2 1 4 4 4 1 4 3 7 11 4 4 4 5 11 2 9 4 10 8 7 8 4 10 7 7 9 7 8 4 5 10 10 8 6 8 1 11 4 5 10 2 9 10 2 2 9 7 9 7 8 7 8 1 9 3 4 5 7 11 4 4 4 5 4 4 4 11 4 10 8 8 11 4 10 2 2 6 4 10 8 9 7 7 11 5 4 5 10 2 7 0 9 7 7 8 9 4 10 8 8 1 11 4 5 10 2 9 9 5 4 5 4 10 10 8 7 7 8 11 4 1 4 5 10 7 11 2 2 3 7 11 2 9 3 7 11 5 4 5 7 11 5 11 2 6 4 10 10 7 8 4 5 7 10 7 7 7 7 8 9 4 10 8 8 4 4 10 10 8 0 2 0 9 6 4 4 5 7 11 11 3 5 5 7 7 11 11 4 5 7 8 11 4 5 7 7 11 11 1 5 2 11 5 3 10 10 2 2 9 5 9 10 8 7 8 1 4 4 10 2 9 7 8 4 10 7 6 6 7 7 10 8 2 9 4 10 8 8 7 7 1 1 11 2 9 6 4 11 5 2 9 7 8 11 11 3 5 4 4 4 5 10 2 7 7 6 10 7 8 11 11 4 4 4 4 5 5 7 7 11 11 4 5 4 5 7 11 2 11 1 2 9 6 4 10 6 8 8 10 2 0 9 8 11 9 5 5 11 4 4 5 10 10 0 8 7 7 7 8 10 10 0 8 2 4 9 3 10 7 7 7 8 2 10 9 8 8
ppo_q50_s3_b_fd_l4,17,qv14_24,14,88,True,385.5,2.8878302574157715,5 7 11 6 4 5 2 9 9 5 5 10 2 7 11 9 4 5 5 10 7 8 11 11 4 5 5 9 7 7 8 11 11 4 5 5 10 2 7 9 7 8 11 11 1 4 3 5 2 9 7 7 8 11 11 4 4 5 7 8 7 11 2 11 2 4 4 10 10 2 6 8 9 7 6 8 4 4 10 10 2 8 9 4 5 10 10 7 8 8 4 4 10 10 7 8 7 1 2 1 9 9 8 1 5 7 11 5 9 9 5 5 7 7 11 1 5 7 11 4 4 3 11 1 5 0 2 9 5 3 10 10 8 2 9 7 7 8 11 4 5 4 3 10 10 7 7 7 7 7 8 4 0 7 7 1 2 9 5 10 9 7 8 8 9 4 4 5 10 10 7 8 2 1 9 4 5 7 7 11 9 4 5 4 5 7 7 7 7 11 11 4 4 4 5 0 2 9 7 7 11 4 2 5 4 4 11 5 4 3 4 10 10 8 7 8 4 4 10 10 2 2 9 7 8 4 10 10 8 2 11 3 5 10 10 8 6 8 4 4 10 10 8 2 9 4 10 8 8 1 11 5 9 5 7 11 4 11 5 2 4 4 4 3 11 5 10 7 10 8 7 6 7 7 8 4 10 7 10 7 8 8 7 11 2 9 11 4 5 0 0 2 6 9 8 11 11 5 2 10 8 1 9 3 3 7 11 2 4 5 0 4 4 4 4 4 11 2 11 4 9 5 4 5 10 9 8 4 5 7 7 10 9 8 7 8 4 10 0 10 8 7 8 11 2 9 3 4 5 10 10 7 8 8 4 4 10 10 2 8 9 4 10 7 8 8 11 1 2 9 11 5 5 7 11 2 3 11 3 7 11 4 4 4 4 1 5 2 11 2 9 4 10 8 7 8 11 4 4 5 10 10 2 7 8 4 10 6 4 10 8 8 4 10 2 3 10 6 8 4 4 10 10 7 2 7 8 10 9 7 8 8 11 4 5 10 2 7 6 11 11 5 5 11 11 2 2 9 9 5 4 4 5
ppo_q50_s3_b_fd_l4,18,qv14_25,14,87,True,390.25,2.9370594024658203,5 5 9 9 5 5 10 7 2 11 3 7 11 5 5 7 7 11 11 5 5 10 0 2 6 6 9 8 1 11 11 4 4 5 5 10 0 8 4 10 2 6 9 11 5 5 7 7 11 11 4 5 5 7 7 11 11 5 5 0 10 2 9 9 8 4 5 10 7 11 5 2 10 7 9 8 8 1 9 11 2 2 9 4 3 5 10 10 8 8 4 10 7 8 4 10 6 4 10 2 2 9 5 10 7 7 6 7 7 7 7 11 2 1 2 4 4 4 9 3 4 4 5 3 7 11 4 11 2 2 4 4 11 2 9 9 7 8 4 5 10 2 10 7 9 8 1 2 3 10 8 6 7 10 7 6 10 7 8 8 11 2 4 4 10 0 2 9 9 5 7 8 11 4 5 4 1 4 9 4 5 11 4 4 5 7 11 4 4 10 2 8 7 7 10 2 3 7 7 10 9 8 4 5 10 10 6 7 7 7 7 8 8 4 10 8 11 4 4 4 4 5 10 10 7 7 8 2 11 4 0 2 9 5 7 6 6 4 11 4 11 4 4 5 4 4 4 5 4 10 2 10 6 8 7 7 1 11 11 4 2 4 4 5 10 2 9 6 8 11 11 2 3 5 7 11 11 5 2 10 2 9 6 7 7 8 4 4 10 10 8 2 10 8 7 7 6 7 6 7 11 11 4 4 5 7 7 8 11 4 4 0 0 2 3 3 3 11 5 7 11 11 4 4 5 7 1 2 11 9 5 0 2 9 5 10 9 8 8 11 4 5 10 10 7 8 4 0 2 9 7 7 8 7 10 7 10 8 7 6 8 9 11 4 5 2 9 4 5 7 7 11 11 2 4 5 10 7 8 11 11 2 2 4 9 3 11 4 5 2 7 6 11 4 5 10 7 11 4 2 5 4 3 11 4 4 10 2 2 9 5 10 10 2 8 10 9 8 7 8 9 9 8 7 8 7 11 2 1 3 4 10 10 8 6 8 4 4 10 10 2 7 7 8 10 10 8 2
ppo_q50_s3_b_fd_l4,19,qv14_26,14,88,True,375.25,1.3260202407836914,5 5 9 9 5 5 10 7 2 7 11 11 5 2 9 9 5 5 7 7 11 11 5 5 10 7 8 7 7 9 7 8 7 11 11 2 5 10 8 11 4 11 3 4 1 3 5 5 10 0 7 8 7 11 1 2 9 11 3 4 5 5 7 7 11 2 9 11 5 5 7 10 8 9 4 10 8 8 7 1 11 2 11 2 9 9 4 5 0 7 6 8 11 4 5 10 10 8 6 8 11 4 4 5 10 10 7 7 8 8 4 10 2 10 7 7 7 7 7 11 2 5 7 11 2 9 9 4 5 4 3 5 10 7 8 11 11 5 2 4 4 11 4 4 9 5 5 4 10 0 2 9 7 11 5 5 10 2 10 7 9 8 6 8 11 4 4 5 10 10 7 2 7 6 7 7 8 4 4 10 0 2 3 10 7 10 8 2 4 10 2 9 9 8 8 1 9 4 5 10 7 8 11 11 2 3 4 5 4 4 4 11 5 7 11 4 5 7 7 11 11 2 2 9 4 5 9 3 10 7 2 6 7 7 7 8 4 10 2 9 10 7 7 7 8 0 2 6 6 11 11 5 2 11 11 4 4 4 5 7 1 2 9 4 5 3 10 7 11 2 2 9 5 9 10 7 8 7 6 8 11 4 5 4 10 7 11 5 5 4 11 11 2 5 10 8 4 3 10 10 8 2 6 10 10 8 0 6 7 8 11 4 4 5 11 5 10 7 10 7 8 2 9 7 8 11 5 4 4 10 10 2 0 2 3 10 7 7 8 11 1 9 5 5 7 11 3 3 4 4 4 5 11 11 2 5 10 8 4 10 7 10 2 7 8 11 2 9 3 5 7 7 11 11 5 4 5 3 10 10 7 7 7 7 8 8 10 10 2 8 4 10 2 10 2 9 9 8 6 8 11 1 4 3 5 10 2 10 10 8 8 11 11 4 4 5 4 4 4 4 4 4 4 5
ppo_q50_s3_b_fd_l4,20,qv14_27,14,91,True,404.0,3.056185245513916,5 5 9 7 11 5 5 9 7 11 5 5 10 7 8 11 11 4 5 5 7 7 11 2 11 9 5 5 7 11 9 5 5 10 2 9 10 2 2 6 7 11 11 4 2 5 9 7 11 5 5 0 0 9 8 7 9 8 9 4 10 7 7 8 8 4 11 5 7 11 5 0 7 7 0 7 7 7 6 11 11 2 2 3 9 3 7 11 5 2 3 7 11 4 5 7 11 4 4 4 10 8 2 11 4 9 5 5 4 10 2 10 10 2 7 8 11 4 4 4 4 4 10 2 8 11 5 10 9 8 8 9 6 8 4 4 4 4 10 10 0 2 2 10 6 4 10 8 7 6 8 11 4 5 10 10 7 7 8 2 4 10 7 7 8 11 4 1 9 8 8 11 2 9 11 5 4 4 3 4 4 4 4 5 0 6 4 10 7 7 7 7 8 4 10 7 7 8 11 11 2 2 9 8 11 11 5 4 5 7 11 11 4 5 3 4 3 5 10 7 7 7 7 8 11 11 2 2 1 9 9 5 4 5 10 2 0 9 9 5 5 7 10 9 7 8 8 4 4 0 10 6 4 10 8 2 11 5 10 7 6 10 0 2 8 4 10 7 9 7 8 8 1 1 9 5 7 11 4 4 3 10 2 2 9 6 8 11 4 3 5 0 7 10 6 4 10 7 8 1 5 10 2 3 7 11 3 5 7 11 11 5 4 5 7 7 7 11 11 4 4 4 5 7 8 11 1 2 11 4 4 10 2 8 9 4 5 10 10 8 8 4 4 10 10 8 8 4 10 0 8 9 6 8 4 4 10 10 7 7 7 8 8 4 4 10 2 10 2 3 7 9 11 5 5 7 1 9 4 5 10 7 8 11 11 5 5 7 11 4 11 3 2 5 11 5 9 7 11 5 5 0 0 9 8 7 10 7 8 6 11 11 2 2 11 5 7 11 9 5 1 2 9 3 5 3 10 7 7 11 2 2 9 4 5 10 10 8 7 7 7 8 4 10 7 7 7 10 2 6 8 4 10 10 8 1 2 3 10 8 11 9 5 4 4 3 5
ppo_q50_s3_b_fd_l4,21,qv14_28,14,88,True,390.25,2.95906400680542,5 7 4 7 4 7 4 5 9 9 5 5 10 7 2 7 11 11 5 2 9 7 11 5 5 9 7 11 5 5 9 10 2 2 7 6 11 11 4 5 5 10 7 8 11 11 4 5 5 7 7 11 11 5 5 10 2 0 7 9 7 6 8 11 11 2 5 10 7 7 7 7 8 4 0 9 9 5 5 10 7 2 7 6 7 6 11 4 11 4 4 4 5 2 10 8 7 11 11 5 5 7 7 11 11 2 3 5 7 9 7 8 11 11 1 5 3 5 10 2 10 2 9 7 8 11 11 5 0 2 9 5 3 7 9 10 7 7 7 7 8 8 4 4 10 2 10 7 10 7 8 2 11 5 7 11 4 3 5 10 10 8 8 4 9 7 11 2 4 5 7 7 11 11 2 2 3 7 11 3 3 5 10 10 7 8 7 7 7 8 1 3 7 11 4 4 4 4 5 7 7 11 11 4 4 4 5 1 2 4 10 2 9 6 10 8 7 8 11 2 6 11 9 8 8 4 0 6 7 11 4 4 11 2 3 4 5 10 7 7 8 4 4 10 10 7 7 8 8 4 4 10 10 7 7 8 8 11 4 5 10 0 2 9 9 8 1 5 9 5 10 7 8 11 11 4 4 4 4 4 5 0 2 9 10 2 8 7 7 7 7 9 8 7 7 11 2 11 11 2 3 5 9 5 7 7 11 4 5 7 7 11 11 4 5 2 3 7 11 4 5 7 11 11 4 4 5 2 10 2 7 7 7 7 6 11 2 9 5 10 9 8 8 10 0 2 9 6 4 10 7 8 7 7 6 8 4 11 4 4 4 5 7 7 11 4 5 10 7 11 2 2 3 10 7 7 0 2 9 5 3 7 7 11 11 3 5 5 7 7 11 2 11 3 11 4 4 4 5 4 5 7 10 7 8 11 1 2 4 4 4 10 2 3 10 10 8 8 4 0 9 6 8 9 4 4 5 10 10 7 7 7 7 7 7 7 7 7 8 8 0 10 2 3 10 10 2 2 9 5 7 7 11 11 5 5 11 11 4 4 4 2 5
ppo_q50_s3_b_fd_l4,22,qv14_29,14,89,True,390.75,2.9333934783935547,5 5 7 11 9 5 5 7 11 9 5 5 9 7 7 8 11 11 4 4 5 7 8 11 2 9 11 5 5 10 0 2 6 9 7 10 2 2 9 8 6 11 11 4 4 4 4 4 4 5 7 8 4 10 8 11 4 11 5 5 0 10 8 4 3 10 10 8 7 7 7 8 11 2 9 11 5 5 10 7 8 11 11 5 2 7 11 11 5 2 9 7 8 4 4 10 10 8 2 9 4 10 7 6 8 8 4 4 0 0 7 7 10 2 9 9 8 4 5 10 2 9 7 11 5 3 5 7 7 11 11 2 4 5 10 8 1 9 9 8 4 5 7 7 11 2 11 11 2 3 4 5 7 11 4 9 5 5 4 0 10 7 1 2 9 9 8 4 5 7 9 7 1 1 2 6 4 10 9 6 7 7 8 7 7 7 7 8 4 10 7 7 11 5 2 10 8 6 7 11 11 2 1 2 3 7 11 5 3 10 10 8 2 4 10 8 6 9 11 4 5 5 7 10 7 8 11 11 4 4 5 5 7 7 11 2 11 3 11 2 2 11 4 3 4 9 5 5 10 2 10 10 2 2 9 7 8 9 8 4 10 7 7 7 7 10 7 7 7 8 7 1 2 11 4 3 5 9 5 10 0 10 7 8 8 4 11 2 9 9 8 4 5 10 2 7 7 11 11 5 5 7 11 9 5 4 3 4 4 5 7 7 11 11 4 4 1 5 2 3 3 10 10 7 2 8 0 9 8 4 10 7 8 4 10 6 10 2 2 7 10 2 9 6 7 8 11 11 4 5 5 9 5 10 7 7 7 8 11 11 4 4 4 1 5 7 8 11 1 4 4 4 1 4 3 5 10 10 7 8 8 11 2 9 6 4 10 8 8 9 8 1 4 10 2 9 6 4 10 2 6 7 7 7 7 7 7 8 7 11 2 9 11 5 0 7 8 0 10 2 3 7 11 3 11 2 3 3 5 7 7 11 11 2 5 11 11 5 4 4 5 9 7 8 11 11 2 2 11 3 11 2 2
ppo_q50_s3_b_fd_l4,23,qv14_3,14,90,True,394.5,3.027738332748413,7 4 5 5 9 7 11 5 5 9 7 7 11 4 5 5 10 7 7 8 11 11 2 2 9 8 11 11 4 5 5 10 7 8 11 1 3 7 11 4 5 7 8 11 2 9 11 5 5 7 11 9 5 5 10 2 10 2 9 9 8 4 3 5 7 0 10 0 8 4 10 2 9 9 8 6 7 7 7 7 7 8 7 11 2 9 11 5 0 7 8 7 11 2 9 11 4 4 3 4 5 5 0 7 7 10 7 8 11 2 9 3 7 11 2 5 7 11 3 11 4 4 4 4 5 2 0 9 6 10 2 7 8 4 11 5 10 7 10 8 2 4 10 10 2 8 11 3 5 10 7 6 8 6 11 11 4 1 2 2 9 9 3 5 7 7 8 4 10 2 10 7 8 7 6 7 11 11 2 3 4 4 4 4 4 4 5 10 2 7 7 11 2 11 3 3 11 4 5 5 4 10 2 7 10 8 11 4 11 2 5 9 7 7 8 11 5 11 11 2 2 6 6 7 6 4 10 7 8 10 10 7 8 8 11 4 5 10 10 8 2 11 4 5 9 10 7 7 8 8 4 10 10 0 2 8 6 11 4 5 7 7 11 11 4 2 3 4 5 9 7 7 11 4 5 4 4 5 7 11 2 1 4 3 4 10 10 2 8 1 9 8 9 4 10 8 6 8 11 4 4 5 10 7 10 8 8 4 10 10 0 2 8 9 4 10 7 8 1 2 9 4 4 5 3 10 10 8 2 11 5 10 7 7 7 8 7 6 7 11 11 2 4 2 9 4 5 9 11 4 4 4 5 4 5 7 7 10 8 11 4 11 4 1 5 5 7 7 11 11 2 5 9 7 8 4 10 9 8 8 4 10 0 7 7 7 8 6 7 10 7 6 8 11 11 1 2 2 9 8 11 4 3 11 4 4 2 5 9 7 8 7 11 11 4 5 5 7 7 11 11 2 3 4 5 10 7 7 8 11 11 2 2 11 5 10 3 10 8 7 7 8 10 6 4 10 8 7 7 8 4 4 10 10 7 7 7 8 2
ppo_q50_s3_b_fd_l4,24,qv14_30,14,94,True,410.0,2.84159517288208,5 5 9 7 11 5 5 9 10 2 2 9 7 6 11 4 4 5 5 10 2 7 6 9 7 8 11 11 1 4 4 5 5 10 7 8 11 1 2 9 9 4 5 5 10 7 8 11 11 4 5 5 7 7 11 11 3 5 2 0 9 7 8 9 4 10 8 8 11 2 9 4 10 7 7 7 8 1 2 9 3 5 0 10 6 4 10 8 7 1 2 11 5 7 11 9 5 0 2 9 5 9 9 5 5 7 7 11 4 5 0 0 9 6 10 7 8 2 4 3 4 4 10 8 10 10 8 7 8 7 10 0 2 9 7 11 5 5 7 11 4 11 2 3 4 5 4 11 3 7 11 4 4 5 7 1 2 1 9 5 7 9 8 4 4 10 10 2 8 9 7 8 4 10 7 8 4 0 7 10 10 7 7 2 8 7 9 7 8 4 9 11 5 0 2 9 8 4 3 11 3 4 4 5 7 7 7 7 11 11 4 4 5 5 0 10 2 9 7 8 11 11 4 3 4 4 5 4 5 0 0 7 11 2 9 6 4 10 8 8 4 10 0 2 7 6 9 8 11 11 5 5 10 7 7 7 7 6 8 7 11 1 11 5 2 9 5 10 10 7 8 8 11 2 11 3 5 7 7 11 11 4 4 4 3 5 2 7 7 11 2 11 11 4 3 5 5 10 2 7 11 2 9 9 5 7 6 7 8 11 2 11 2 9 4 10 8 6 8 4 11 4 5 10 10 7 2 7 7 8 7 1 11 2 9 3 4 5 10 10 7 2 6 7 8 9 4 10 7 2 6 7 8 4 10 2 6 7 7 11 11 2 2 4 10 2 9 3 4 4 11 4 5 2 4 11 2 9 6 11 4 5 2 10 2 10 9 7 8 7 8 9 8 11 4 4 4 5 7 11 5 7 11 4 4 4 3 4 10 2 2 7 6 6 4 10 8 7 7 0 7 0 7 7 6 10 6 8 11 11 2 5 7 11 11 2 3 4 5 7 11 1 2 9 9 5 7 8 6 11 4 4 4 4 4 5 10 2 3 10 10 7 7 7 7 8 8 4 4 11 2 6 11 11 5 2
ppo_q50_s3_b_fd_l4,25,qv14_31,14,92,True,399.5,2.3816351890563965,5 7 4 7 11 5 7 8 4 9 11 5 5 10 2 9 9 3 5 5 7 7 10 7 8 11 11 5 2 9 11 1 3 5 2 7 11 9 5 5 10 2 7 6 10 8 11 4 11 1 4 5 5 7 7 11 11 4 5 0 8 4 10 8 11 2 9 3 10 7 8 8 4 4 10 0 7 7 7 7 7 7 8 4 10 2 6 7 11 11 2 4 4 5 10 7 8 11 9 4 5 5 7 7 11 11 4 3 5 5 7 10 7 8 11 11 4 4 5 5 7 7 11 2 11 2 4 9 3 10 8 6 8 11 2 11 4 5 10 10 7 7 7 8 2 4 10 6 8 6 11 2 11 11 5 2 9 4 5 7 7 10 8 4 3 4 10 10 2 7 8 4 4 10 10 2 7 8 10 2 9 3 10 7 2 8 4 10 2 6 7 11 11 3 5 4 4 5 10 0 2 3 9 7 8 11 11 2 3 5 7 7 11 11 4 2 3 4 4 5 10 7 11 2 2 9 9 5 4 5 10 2 9 6 4 10 7 2 6 8 11 4 4 10 7 2 4 0 6 7 8 1 11 2 9 4 10 7 8 8 9 4 10 8 8 7 10 7 8 4 4 10 10 8 2 11 2 9 9 5 7 8 11 2 11 3 3 7 11 5 4 1 4 4 5 7 11 9 4 4 5 4 5 7 11 2 9 11 2 2 11 2 9 6 4 10 6 8 8 11 2 4 10 2 6 4 10 10 8 6 8 4 10 2 0 7 7 9 7 7 6 7 7 8 11 2 3 11 11 4 4 5 5 10 0 2 9 5 7 10 7 8 11 11 4 4 3 5 5 11 1 4 4 5 4 0 10 6 8 4 4 10 10 8 8 7 7 7 11 1 2 9 4 10 8 8 10 2 9 7 8 6 11 11 5 5 11 4 3 4 4 5 7 7 11 11 4 4 5 5 10 2 10 2 6 4 3 10 10 2 8 7 7 10 10 7 6 7 7 7 7 7 7 8 1 2 1 9 5 10 7 8 11 9 5 5 7 7 7 7 7 7 7 7 10 7 7 7 7 7 10 7 7 7 7 7 7 7 7 7 7 0 7 7 7 7 7 7 7 7 7 7 8 2
ppo_q50_s3_b_fd_l4,26,qv14_32,14,89,True,389.75,3.725128412246704,5 5 9 7 11 5 5 10 2 7 6 11 11 4 5 5 7 7 11 11 5 5 9 9 5 5 10 2 10 7 7 8 11 11 4 4 5 2 10 2 9 3 7 11 5 5 7 11 9 5 5 10 7 8 7 11 11 4 5 2 10 2 7 11 2 9 3 10 7 8 2 7 6 7 0 6 4 10 7 9 8 4 0 8 4 10 7 8 7 11 11 2 5 10 2 9 3 7 11 4 5 7 8 11 11 5 5 7 7 11 4 4 4 4 4 4 3 5 10 10 7 8 7 8 11 2 11 2 11 11 2 3 5 7 10 7 8 4 10 6 4 10 8 8 7 7 7 7 7 9 7 8 7 7 11 11 4 5 2 9 7 11 4 5 0 2 9 6 8 7 11 11 4 5 2 10 7 8 11 11 4 5 5 7 11 2 6 10 7 7 7 7 7 7 7 11 2 5 0 9 8 7 11 11 5 5 7 11 2 9 9 5 7 8 7 11 2 11 11 3 4 5 5 1 11 4 1 4 5 9 7 11 5 5 7 7 7 9 9 8 8 10 7 7 10 7 8 2 4 4 10 10 7 7 7 8 8 4 4 10 10 8 2 11 5 7 9 11 2 2 9 6 11 5 4 4 4 4 3 5 7 7 11 11 5 5 0 0 6 9 7 8 7 11 4 5 10 10 8 7 8 10 8 7 7 7 11 11 2 5 11 2 3 4 4 11 4 3 11 4 5 5 10 0 8 11 2 9 9 8 4 5 10 2 10 7 10 8 8 4 4 10 2 10 9 8 7 7 8 9 10 2 8 4 4 4 4 10 2 9 7 11 5 4 4 4 4 5 10 2 6 6 11 11 4 2 3 5 7 7 11 11 4 5 4 4 5 10 2 10 7 7 8 11 11 1 5 7 8 11 11 5 2 10 7 7 7 8 11 9 5 5 7 7 11 2 11 9 5 5 0 9 7 7 9 6 8 8 4 4 4 10 10 2 7 8 4 4 10 10 2 8 7 7 10 10 7 6 8 7 8 10 2 3 10 10 2 2
ppo_q50_s3_b_fd_l4,27,qv14_33,14,89,True,398.0,2.97267746925354,5 7 4 7 11 6 4 5 2 9 9 5 5 9 7 11 2 2 6 7 11 11 5 5 7 7 11 11 5 5 7 7 11 2 11 9 4 5 7 8 11 11 5 5 0 10 2 9 9 5 7 8 4 4 10 10 8 6 8 11 4 4 5 10 10 2 0 2 9 3 5 10 10 7 8 4 5 10 0 2 9 9 8 8 4 1 4 4 4 9 4 5 7 11 4 4 4 4 1 2 4 10 6 4 10 8 8 4 10 6 8 11 11 5 2 10 8 4 0 9 9 8 1 5 10 2 9 6 7 7 8 4 10 7 7 7 7 11 2 5 10 2 9 3 7 11 4 5 4 4 3 4 4 5 7 11 2 11 4 5 4 10 0 2 9 3 10 7 6 8 8 11 4 4 5 10 10 0 8 2 10 10 6 7 7 8 7 6 8 1 1 9 8 11 4 4 4 4 4 5 10 7 8 11 11 4 2 3 4 5 10 2 7 7 11 2 11 9 5 4 4 4 5 0 6 7 7 10 6 6 8 11 11 4 5 5 0 10 7 8 4 4 10 10 2 8 7 7 10 10 8 8 9 8 4 4 11 7 10 2 2 3 9 5 7 11 4 4 4 5 7 1 11 5 9 7 11 4 5 7 1 4 2 9 9 5 7 8 11 4 4 5 10 0 2 9 9 5 5 10 2 3 10 10 0 2 3 7 6 8 4 4 10 10 2 7 7 8 4 10 2 9 9 8 8 4 10 8 9 11 4 4 5 2 4 4 3 4 4 10 8 4 10 10 8 4 0 6 7 7 8 11 4 2 4 4 10 2 10 10 7 6 8 8 9 4 4 4 5 10 7 7 11 2 2 11 2 9 6 8 11 11 5 5 7 7 11 11 4 5 5 7 7 1 11 2 9 3 9 5 7 7 8 11 2 11 11 5 5 7 11 2 4 4 9 4 10 2 2 3 10 10 8 6 7 7 7 7 8 11 2 6 4 10 6 7 7 8 7 7 7 7 11 11 2 2 11 2 9 6 11 5 4 5 7 7 11 11 5 2 11 9 5 5
ppo_q50_s3_b_fd_l4,28,qv14_34,14,90,True,396.0,3.028393030166626,5 5 9 9 5 5 10 7 2 7 11 11 5 2 9 9 3 5 2 7 11 9 5 5 7 7 7 7 7 11 1 4 11 4 5 5 10 0 7 8 11 2 9 9 8 7 7 7 8 11 2 9 9 5 5 10 0 7 8 7 1 11 2 9 9 5 7 8 9 8 11 11 1 4 3 4 4 4 4 4 4 5 0 8 9 8 1 11 9 4 4 5 7 8 11 2 9 4 10 7 7 8 4 5 10 2 0 9 6 7 10 2 7 8 7 1 11 4 5 9 7 11 5 1 4 4 5 7 11 2 9 9 5 7 7 8 4 10 8 7 10 7 0 9 8 6 8 1 4 4 10 2 9 10 8 8 4 10 8 4 10 2 6 7 11 11 4 5 0 2 9 8 11 3 11 4 3 5 5 10 7 7 8 11 11 4 4 2 5 7 11 4 11 5 5 7 7 11 2 9 6 8 1 9 4 10 8 8 4 10 7 8 11 4 4 4 5 10 10 8 8 4 10 8 4 10 10 2 8 4 10 7 8 4 10 10 2 2 7 6 9 8 11 11 2 2 6 9 4 5 7 11 5 7 7 7 6 11 11 4 4 4 5 7 1 4 4 4 5 7 11 2 4 9 10 8 8 11 2 4 4 3 10 7 10 7 8 7 8 4 10 2 7 7 6 11 11 2 5 7 11 3 7 11 5 1 2 9 5 9 5 0 0 9 7 9 7 7 8 8 4 4 10 0 2 7 6 6 7 11 11 4 2 5 9 5 7 7 11 11 4 3 1 5 3 4 5 0 7 10 7 8 9 7 8 11 11 2 2 11 11 4 4 5 4 5 10 2 9 9 8 7 8 11 2 4 4 10 10 8 2 7 6 6 9 8 11 1 11 5 1 4 4 5 10 2 9 9 8 4 5 10 2 3 10 10 8 8 4 10 7 8 4 4 10 10 8 7 7 8 7 7 11 2 9 9 5 4 5 10 7 7 7 7 8 7 7 11 11 1 5 5 7 11 11 4 5 5 7 11 11 4 4 5 1 2
ppo_q50_s3_b_fd_l4,29,qv14_35,14,94,True,420.0,3.163914203643799,5 5 9 9 5 5 7 7 11 11 5 5 10 2 7 1 9 3 7 11 4 4 5 5 10 2 9 9 7 8 8 11 1 11 5 7 8 11 2 11 9 5 5 7 11 9 5 5 10 7 8 11 11 5 2 0 9 8 4 10 7 7 8 1 4 3 10 10 2 2 9 9 8 8 11 4 10 7 7 8 7 6 8 4 4 10 10 2 8 11 5 10 2 9 6 11 4 5 5 7 11 11 5 2 7 11 5 9 10 8 7 8 7 11 11 5 7 1 4 0 2 9 8 9 4 10 8 1 2 9 8 11 4 9 5 4 4 4 5 3 10 10 8 7 7 7 7 7 8 4 0 7 6 7 11 11 4 5 7 8 11 4 4 5 7 11 11 4 5 4 4 4 5 7 11 2 6 4 10 7 8 10 10 2 8 7 7 7 9 10 2 8 4 7 11 2 7 7 6 7 11 11 4 4 5 0 2 6 11 9 5 4 5 7 11 9 5 4 4 5 10 8 7 10 8 11 4 11 1 4 4 5 5 10 2 0 10 7 8 9 11 5 5 10 7 8 4 4 10 10 6 8 7 8 9 10 8 8 11 4 5 10 10 2 7 8 11 2 9 9 8 4 4 4 4 4 5 4 10 2 10 10 8 1 2 9 8 4 10 7 6 10 8 4 4 2 9 4 5 7 11 3 4 4 5 7 11 4 5 7 7 11 11 2 5 7 11 3 7 11 5 5 4 10 2 10 7 11 4 2 5 10 2 9 9 5 7 8 11 2 4 0 7 6 7 6 4 10 7 8 4 10 9 8 8 4 4 10 0 7 10 8 0 2 9 8 9 4 5 7 11 11 4 5 0 2 9 8 11 4 4 9 5 7 1 2 9 3 7 11 5 5 7 10 8 11 4 11 3 4 5 5 7 7 7 7 11 2 11 2 4 4 10 10 8 2 9 9 8 7 7 7 7 7 8 4 10 7 8 7 10 7 2 7 11 11 4 5 4 5 10 2 7 7 6 11 11 4 4 5 5 10 2 7 6 11 11 4 2 3 5 7 7 11 11 5 2 4 4 11 4 5 10 9 8 8 10 6 10 2 7 7 8
ppo_q50_s3_b_fd_l4,30,qv14_36,14,91,True,398.5,2.8488383293151855,5 5 7 11 9 3 5 2 7 1 9 9 4 5 7 8 11 11 5 5 10 2 7 6 11 11 5 2 9 7 8 11 11 4 4 5 5 0 10 2 9 9 8 8 11 1 5 9 5 10 7 11 4 5 5 10 2 0 9 9 5 5 10 2 9 10 8 4 4 5 10 7 10 8 6 7 8 4 4 4 4 10 10 8 7 7 7 7 8 7 11 4 4 5 10 7 7 11 5 7 7 7 8 4 10 2 10 7 1 2 9 3 7 8 11 11 5 5 9 5 7 7 11 11 2 4 5 0 9 7 7 8 9 7 8 11 11 4 4 4 5 5 10 7 7 8 11 11 1 5 4 4 5 7 7 7 10 8 11 4 4 11 4 5 5 7 7 11 11 5 2 3 10 10 2 2 6 9 4 5 7 10 7 7 8 4 10 10 2 2 9 9 8 7 8 4 10 2 7 10 9 8 4 0 2 6 6 11 4 5 7 7 11 11 4 5 2 9 3 5 7 7 7 11 11 2 2 4 10 8 9 9 8 8 4 10 8 1 4 11 11 5 1 5 10 8 10 7 8 6 11 11 5 5 7 11 1 4 4 11 5 3 4 5 7 7 10 7 11 2 2 3 9 10 6 7 8 2 4 10 6 8 11 4 10 2 2 9 8 4 10 7 0 7 8 4 10 7 7 6 11 2 2 9 3 5 7 11 6 11 4 4 4 5 5 7 7 11 11 2 5 7 11 3 7 11 2 2 3 7 11 11 5 0 2 9 8 4 10 6 6 8 4 4 4 10 10 0 7 7 8 4 0 2 9 7 8 6 11 11 4 5 2 10 8 9 11 5 4 3 5 10 7 8 7 1 9 11 1 2 4 5 0 9 6 8 1 9 11 5 5 7 11 4 4 1 2 9 8 4 4 10 10 8 8 9 8 4 4 10 2 0 7 6 9 4 10 8 7 7 7 7 7 7 8 11 2 11 2 6 6 11 11 2 3 5 7 7 11 11 5 5 10 2 7 11 3 7 11 5 2 11 2 9 9 8 4 5 7 11 11 5 5
ppo_q50_s3_b_fd_l4,31,qv14_37,14,94,True,414.25,3.1413142681121826,3 5 2 9 9 3 5 2 10 7 2 11 3 7 11 5 5 9 7 11 5 5 10 7 8 7 11 11 4 2 5 7 7 11 11 5 5 10 0 2 9 8 11 4 3 7 11 3 5 2 7 11 2 9 9 4 5 0 8 9 8 7 1 11 2 4 3 10 10 2 8 9 4 5 10 10 8 4 0 7 8 4 10 2 6 6 11 11 2 5 7 11 5 7 11 9 5 7 1 2 9 3 5 3 10 7 7 8 4 4 4 10 10 2 7 7 8 4 10 2 9 6 4 10 7 8 7 7 8 10 2 3 11 4 4 1 4 3 5 7 11 5 4 10 10 7 7 8 8 11 1 1 2 6 11 5 3 10 10 8 8 4 4 10 2 10 9 7 8 8 11 4 5 10 0 2 4 4 3 9 4 5 7 9 11 5 5 10 2 0 9 9 5 4 5 10 8 11 2 4 4 3 4 10 10 8 7 7 7 7 7 10 7 7 8 8 4 4 10 2 10 7 1 9 4 5 4 5 10 2 3 7 11 4 4 5 11 5 10 7 10 8 4 2 10 6 4 10 8 8 4 10 10 8 2 1 9 8 11 5 7 11 5 1 4 9 3 4 4 5 3 4 10 10 2 2 7 11 2 3 7 11 4 5 7 11 2 3 10 6 4 10 7 8 7 7 8 4 10 2 9 10 7 8 4 5 10 0 2 9 10 7 8 8 9 4 4 5 7 11 4 4 3 7 11 4 4 5 5 4 0 9 5 10 10 2 2 10 6 7 8 11 4 11 2 2 9 8 4 10 8 4 10 9 8 4 0 2 9 8 7 6 7 11 11 2 5 1 9 4 4 3 7 11 5 5 10 7 8 9 11 1 4 5 5 7 1 9 4 5 11 11 2 2 9 8 6 4 10 10 8 7 0 8 11 2 9 9 5 5 10 0 7 7 7 8 7 7 7 6 11 11 2 2 9 9 5 4 4 5 9 7 7 8 11 11 4 5 5 10 7 11 4 5 5 7 11 11 2 5 3 10 10 7 7 2 7 8 4 10 6 10 7 7 7 7 7 8 2
ppo_q50_s3_b_fd_l4,32,qv14_38,14,90,True,386.5,3.0952188968658447,5 5 9 9 5 5 7 7 11 11 3 5 2 9 7 11 4 5 0 8 4 10 2 9 7 7 8 6 11 11 4 5 5 10 2 7 10 8 11 4 11 4 4 5 5 10 0 2 9 6 8 9 11 1 4 4 5 5 10 2 10 2 9 9 4 5 7 6 8 1 11 11 5 5 7 10 8 9 11 5 0 6 8 11 4 5 4 10 10 0 8 2 4 10 7 9 8 4 5 10 0 8 9 4 10 8 7 8 4 10 6 11 2 2 7 7 7 7 11 11 2 5 9 5 7 11 3 7 11 5 4 3 5 10 7 7 7 8 11 11 2 2 9 11 4 4 5 4 5 7 11 5 10 2 7 6 10 7 7 6 8 4 10 7 7 10 8 2 4 10 7 7 11 2 2 9 5 9 5 10 10 8 2 11 4 4 5 3 7 11 4 4 11 4 4 4 4 5 3 5 7 10 7 7 11 2 2 1 9 9 8 4 5 7 0 9 7 8 7 10 7 8 1 9 5 7 1 4 9 3 11 5 2 7 11 4 4 0 2 9 9 8 8 7 0 9 9 7 7 8 8 7 7 11 2 3 11 4 5 0 10 7 10 8 7 8 6 7 11 11 2 2 4 0 9 6 8 11 11 5 5 4 10 7 2 11 3 5 7 7 11 11 2 5 9 5 10 7 8 1 11 4 3 7 11 5 5 10 2 0 9 9 5 5 9 5 4 0 10 0 2 9 10 6 7 7 7 6 8 7 8 4 4 4 10 2 10 0 2 6 7 11 11 5 5 10 7 8 11 11 4 2 3 4 5 4 4 11 4 4 5 9 9 5 4 5 10 2 7 7 11 11 2 5 10 7 8 1 9 9 8 7 8 11 4 1 5 7 11 2 3 4 10 10 8 8 4 10 10 6 7 8 8 9 8 11 11 4 2 5 10 2 3 7 10 7 7 7 7 7 8 11 11 2 2 11 4 5 9 9 5 5 10 10 7 7 8 7 7 7 7 8
ppo_q50_s3_b_fd_l4,33,qv14_39,14,87,True,381.25,2.9182770252227783,5 5 9 7 11 5 5 7 11 9 5 5 7 7 11 2 11 9 5 5 10 0 2 9 9 5 0 2 9 9 4 4 5 5 10 7 8 11 11 4 5 5 9 10 7 8 2 4 4 10 7 8 4 4 10 10 6 7 7 8 8 11 4 5 10 10 2 8 7 11 2 11 9 5 7 1 2 9 8 11 3 3 11 4 4 4 4 4 5 7 8 4 10 8 11 2 3 7 11 4 10 7 8 8 4 10 7 8 7 10 10 7 7 7 8 2 9 4 5 7 11 5 10 7 7 11 4 2 2 3 9 4 4 5 7 11 5 7 11 11 5 4 1 5 4 4 4 0 10 2 9 9 8 7 7 8 11 4 1 4 5 10 2 9 10 6 8 8 4 10 10 7 7 7 8 7 7 8 11 4 3 4 5 0 0 10 2 9 10 8 8 4 9 4 3 5 10 7 2 7 11 11 4 5 5 7 1 3 9 4 5 7 11 4 4 10 2 8 11 5 7 11 11 4 5 5 10 0 8 7 6 9 7 8 4 10 7 10 7 7 8 2 11 2 9 11 5 4 5 10 7 7 7 7 7 8 7 11 2 11 9 5 5 7 11 4 11 4 5 4 4 4 5 7 11 2 11 9 5 5 7 0 7 7 0 9 7 8 10 6 7 8 4 10 7 10 2 2 6 11 4 5 7 11 4 3 11 4 4 5 5 10 7 7 8 11 11 1 5 7 8 11 1 4 5 3 10 10 8 8 9 4 10 6 8 7 7 0 7 8 11 2 9 9 5 5 10 2 10 7 7 9 8 8 7 1 1 1 3 9 7 8 11 11 5 2 9 5 7 7 11 11 4 5 5 11 4 5 11 3 5 10 10 2 8 4 10 2 10 10 8 2 10 9 7 8 7 7 8 11 2 9 6 4 10 8 8 9 8 11 11 2 2 11 4 4 4 11 4 5 4 4 4 3 5 3 10 10 2 2
ppo_q50_s3_b_fd_l4,34,qv14_4,14,90,True,384.0,1.6475138664245605,3 5 2 9 9 5 5 10 2 9 7 11 3 5 5 7 7 7 11 1 11 5 5 10 7 8 11 2 9 11 4 5 5 10 7 8 11 11 4 5 5 7 7 11 11 5 5 0 9 7 8 11 11 2 2 9 8 11 5 4 10 10 7 7 8 8 4 11 2 9 3 10 8 2 10 7 6 4 10 7 7 8 8 1 11 9 5 7 8 11 4 4 5 0 7 10 2 6 7 6 7 11 11 2 5 11 2 9 3 7 11 5 7 7 8 7 11 2 9 4 5 7 10 6 8 11 11 4 1 2 2 9 11 5 5 7 11 4 4 3 5 9 5 0 7 10 10 8 8 11 4 4 2 4 11 9 5 5 10 2 7 11 2 9 3 10 7 8 2 9 4 5 10 7 9 8 7 7 7 7 8 1 11 4 1 2 9 3 10 6 8 7 7 8 4 10 7 7 7 7 0 2 9 7 11 5 5 10 2 7 1 9 9 5 5 10 7 8 6 11 11 4 4 4 5 5 10 2 7 11 9 5 4 5 11 2 1 3 11 11 5 5 4 10 2 9 7 11 5 0 2 6 9 4 5 10 10 2 7 6 8 11 4 4 5 10 10 7 6 7 8 8 4 4 10 10 7 8 0 7 8 4 10 8 7 11 11 5 5 10 0 8 4 0 9 9 8 7 8 11 2 6 11 9 5 1 5 7 11 2 4 4 4 4 11 5 4 4 11 11 4 4 5 7 2 9 6 8 4 10 6 8 4 4 10 10 0 8 1 2 9 5 9 10 8 7 8 11 4 4 3 10 7 0 7 7 8 4 0 6 7 8 6 7 11 11 1 5 2 10 8 11 2 9 9 5 7 6 8 11 2 11 4 10 8 2 9 7 9 8 8 1 1 9 5 11 4 1 2 9 9 8 4 4 4 5 10 7 8 11 11 5 5 7 11 11 5 3 4 5 11 2 4 10 6 10 8 2 10 10 7 7 7 7 7 7 8 8
ppo_q50_s3_b_fd_l4,35,qv14_40,14,89,True,381.5,3.0061240196228027,5 5 7 11 9 3 5 2 9 7 7 8 11 11 4 5 5 7 7 11 11 5 5 7 10 8 9 11 4 4 5 5 0 10 2 10 7 8 6 7 11 11 4 5 7 2 11 5 7 11 4 9 4 5 5 7 7 11 1 2 9 9 5 5 10 0 2 9 8 4 9 10 8 7 8 11 5 10 6 8 4 4 10 10 2 8 10 2 7 7 6 6 7 11 11 4 5 2 7 11 4 5 7 11 11 2 2 4 9 5 7 11 4 11 2 5 9 7 8 11 11 5 5 7 7 7 7 7 6 4 10 7 6 7 8 4 10 7 10 2 2 9 7 8 7 11 11 4 5 7 1 2 3 7 11 4 3 11 4 5 5 0 7 11 2 9 5 10 7 7 8 9 11 5 5 0 10 2 7 7 6 4 10 7 8 9 11 5 7 1 5 7 11 4 5 9 7 11 5 7 1 2 9 3 7 11 5 5 7 7 11 1 2 9 3 10 8 8 11 4 5 10 10 7 7 7 7 7 8 8 4 4 10 10 8 4 0 7 8 11 2 6 6 11 11 5 5 10 2 3 9 4 5 7 11 11 2 5 10 8 6 7 10 7 11 4 4 1 4 4 4 5 2 9 7 8 11 1 4 4 5 4 10 10 2 7 8 4 10 9 6 8 8 4 10 10 2 7 8 4 10 2 6 9 6 8 11 1 11 5 5 7 7 11 1 3 5 7 11 11 4 5 5 7 7 7 11 2 11 11 4 5 2 10 9 8 7 7 8 11 2 9 9 5 0 7 8 11 2 9 3 10 7 7 7 8 8 11 4 4 5 10 7 10 8 8 4 4 10 10 8 7 8 11 2 4 11 5 10 2 6 9 9 8 8 1 1 11 4 4 5 7 11 11 2 3 5 7 9 11 4 4 5 4 5 10 7 7 8 11 2 11 11 5 2 10 7 7 9 8 8 4 10 6 10 7 7 8 7 8 11 2 9 9 8 4 5
ppo_q50_s3_b_fd_l4,36,qv14_41,14,93,True,411.25,3.9090611934661865,5 5 9 9 5 5 7 7 11 11 5 5 7 7 9 8 1 11 11 5 7 1 5 10 2 9 3 7 11 4 5 7 8 11 11 5 5 7 7 11 2 11 9 5 5 10 7 8 11 11 5 2 9 7 8 4 4 10 10 7 8 8 9 11 2 1 2 9 5 10 7 6 4 10 8 7 8 11 2 9 9 5 7 8 11 2 4 4 10 10 8 8 4 4 10 10 7 8 8 11 2 11 3 4 5 7 11 4 3 7 11 4 4 4 2 5 7 11 4 11 2 2 4 10 9 7 5 5 10 10 8 7 7 7 7 7 7 7 7 7 8 11 2 7 6 11 4 11 4 4 5 3 4 4 5 0 6 7 10 7 8 11 11 2 2 6 6 11 4 4 5 7 11 2 9 11 5 5 7 11 1 2 3 3 10 10 7 7 7 7 6 7 7 8 8 4 4 4 10 7 7 7 8 1 4 1 11 2 9 9 5 5 11 4 4 5 0 9 7 8 9 4 10 8 7 7 8 1 4 4 4 10 2 9 10 7 7 7 8 4 5 10 10 8 8 1 11 2 9 4 3 5 7 11 11 4 4 4 4 4 5 2 7 11 2 3 3 10 10 7 8 2 0 9 8 9 9 8 4 4 5 10 7 7 8 11 4 11 5 4 5 10 7 7 8 4 10 10 8 8 11 4 10 7 7 7 8 8 11 1 1 2 9 5 9 5 7 7 11 11 5 4 5 7 11 11 1 4 5 7 8 11 11 2 5 10 7 6 8 9 8 4 4 10 10 7 2 6 7 8 4 4 10 10 7 6 7 8 8 11 1 5 4 10 2 9 10 8 8 1 9 4 3 5 10 7 7 8 11 11 1 2 2 9 3 5 3 4 11 4 4 4 11 5 5 4 0 0 9 5 10 7 8 11 4 10 2 2 9 6 8 4 4 10 2 10 6 4 10 2 6 8 7 10 10 2 7 8 4 10 6 8 11 4 10 2 2 9 8 11 3 7 11 5 4 4 3 5 10 7 8 7 11 11 2 2 11 3 11 4 4 4 5 5 7 7 11 11 5 5 11 2 6 4 10 10 2 2
ppo_q50_s3_b_fd_l4,37,qv14_42,14,94,True,405.5,3.1096692085266113,5 5 9 7 11 5 5 10 7 8 11 11 5 2 7 11 9 5 5 7 11 9 3 5 2 10 7 8 11 11 4 5 5 10 2 7 6 11 11 4 5 5 7 7 11 11 4 5 7 8 11 2 11 2 9 4 10 6 7 8 4 5 7 11 2 9 4 5 10 10 6 7 8 8 7 7 7 7 10 7 7 8 7 7 11 11 2 1 5 9 3 7 11 5 5 7 7 7 7 11 5 7 11 11 4 5 5 4 4 4 10 10 8 7 2 11 1 5 9 10 8 8 11 4 5 7 11 4 11 2 4 3 5 7 10 7 8 4 4 10 10 8 1 2 9 8 7 10 9 8 7 7 8 11 2 4 4 10 10 7 2 8 9 9 8 8 4 10 7 8 1 4 4 4 11 2 6 11 4 4 4 4 4 4 4 5 7 7 11 11 4 5 7 2 9 8 9 8 4 4 10 10 7 8 8 4 0 9 7 8 4 4 10 10 2 2 9 7 6 7 10 8 8 11 2 1 9 4 3 4 5 3 10 7 7 7 8 1 11 11 2 2 4 9 9 5 5 7 7 11 11 5 2 0 9 8 6 7 6 11 11 4 4 5 1 5 7 11 5 0 9 9 8 8 10 10 2 0 8 4 9 10 7 8 1 2 9 5 10 8 4 10 9 6 7 8 8 4 4 10 2 7 7 1 9 11 5 5 7 11 2 1 4 3 7 11 4 4 5 4 11 2 9 11 3 5 7 2 0 9 6 6 8 7 11 2 9 4 10 8 7 8 1 4 4 4 4 4 10 2 10 7 10 8 7 8 4 10 7 6 4 10 8 0 8 11 2 9 4 4 5 10 10 8 8 4 4 10 2 7 6 11 9 4 5 4 3 4 5 10 7 0 8 10 7 8 11 11 4 4 5 5 7 7 7 11 2 11 11 2 3 5 11 4 3 5 7 7 11 11 2 2 9 9 5 5 10 2 3 10 10 2 2 9 6 7 7 7 7 7 8 4 4 10 10 8 2 4 10 9 8 8 1 11 2 6 11 4 4 4 11 5 5 3 11 4 5 4 10 10 8 8 10 10 2 2
ppo_q50_s3_b_fd_l4,38,qv14_43,14,93,True,417.75,3.0959455966949463,5 5 9 9 5 5 9 7 11 5 5 10 7 8 11 11 5 2 7 9 11 5 5 10 0 2 9 8 6 11 11 4 4 5 5 10 7 8 11 11 4 4 4 8 8 4 10 8 11 2 4 11 4 3 4 10 2 0 8 11 2 9 5 10 9 8 7 8 4 10 9 8 4 5 10 10 8 4 0 7 8 7 7 7 9 7 7 11 1 2 8 11 3 7 11 4 4 1 5 2 9 4 3 5 3 10 10 7 8 7 8 11 1 2 9 4 4 10 7 8 6 8 1 11 4 4 4 5 10 7 10 7 7 7 8 1 2 9 9 7 8 4 5 10 2 9 10 7 8 1 3 4 4 5 7 11 2 4 11 2 9 3 10 7 8 8 1 9 11 2 5 10 2 9 9 7 7 8 4 5 10 7 8 7 1 9 11 2 2 11 3 3 7 11 4 4 5 4 5 11 2 9 9 5 5 7 10 8 4 10 2 4 3 4 10 10 7 2 7 8 10 8 1 4 9 11 4 5 0 2 9 7 8 4 10 6 4 10 8 8 7 10 7 8 11 4 4 4 4 4 5 10 10 7 7 8 1 2 9 6 8 7 7 6 7 11 11 2 2 9 5 4 11 4 5 11 4 4 4 11 5 5 7 7 11 1 2 9 9 5 0 8 9 8 4 11 5 10 7 10 8 1 2 9 5 10 9 6 8 2 9 8 11 4 10 7 8 8 11 4 5 10 10 2 6 7 7 7 7 7 8 11 2 9 11 5 5 10 0 7 7 8 4 10 7 1 2 9 9 5 5 10 7 8 11 4 4 5 7 11 4 3 11 4 4 4 4 4 2 4 4 5 10 2 9 6 10 7 7 8 2 7 7 1 11 11 5 2 9 7 8 11 11 5 4 4 4 5 9 10 8 2 11 2 9 3 10 8 7 6 7 7 7 8 4 10 7 8 4 10 10 7 7 8 0 2 9 8 11 3 4 5 10 10 2 2 9 7 8 11 11 4 4 5 4 4 5 7 11 4 4 4 1 2 9 6 4 11 4 4 5 2 10 10 7 7 7 7 7 8 8
ppo_q50_s3_b_fd_l4,39,qv14_44,14,92,True,409.0,3.067063331604004,5 5 7 11 9 5 5 7 7 11 11 5 5 9 7 7 8 11 11 4 5 5 0 10 2 9 7 8 11 11 4 3 5 5 10 2 10 2 9 3 7 11 4 5 5 7 7 11 11 5 5 0 10 9 6 7 8 4 5 10 7 8 4 4 10 10 2 7 8 11 2 11 3 4 5 9 11 5 5 0 0 7 10 7 7 7 6 8 4 4 10 10 7 7 8 8 11 2 11 9 5 7 6 8 4 11 1 4 4 3 5 7 10 8 11 4 11 4 5 2 0 10 8 9 4 10 7 7 8 8 4 4 10 10 8 1 2 9 5 9 7 8 11 11 5 3 5 10 2 7 7 11 11 4 4 4 5 5 9 5 7 7 7 11 11 2 1 5 7 11 4 4 10 2 8 11 5 9 9 7 8 8 11 2 4 10 9 8 8 4 10 9 8 7 7 7 8 4 10 7 7 7 7 7 11 2 5 0 6 9 11 5 5 10 7 8 7 11 11 2 4 5 7 7 11 11 4 5 0 2 9 6 11 4 3 5 2 7 7 11 11 5 5 7 7 11 2 9 11 4 5 1 2 9 9 5 7 8 10 2 10 9 8 6 8 4 4 10 10 7 8 2 4 10 8 1 9 9 4 5 7 8 11 1 2 6 11 4 5 7 11 11 4 2 5 7 7 7 7 6 9 8 4 11 4 5 10 7 7 10 7 7 8 4 0 2 6 6 11 11 5 2 10 8 6 11 11 2 5 3 10 7 8 7 7 7 7 7 11 11 2 4 5 7 11 5 7 11 11 4 4 5 0 2 9 5 4 9 5 9 7 11 4 2 5 3 4 4 10 10 2 0 2 9 5 7 10 9 8 4 0 7 2 9 8 10 6 10 2 2 6 7 6 10 8 11 9 5 4 5 7 7 11 2 11 11 4 1 5 2 9 11 3 4 5 2 0 9 9 8 7 7 7 8 11 2 4 10 9 8 8 7 7 7 9 7 8 7 7 7 7 7 11 11 2 2 11 11 5 4 4 2 9 5 7 11 4 4 11 4 5 5 11 11 5 4 5 3 4 11 4 4 4 4 4 10 2 2
ppo_q50_s3_b_fd_l4,40,qv14_45,14,91,True,404.5,3.0325798988342285,3 3 5 5 10 7 11 2 2 9 8 11 9 3 5 5 10 2 10 7 8 11 11 4 4 5 5 7 7 11 11 5 5 7 7 11 1 2 9 9 5 5 7 7 11 11 5 5 7 9 7 8 4 10 7 8 4 4 4 4 4 10 10 7 8 7 8 4 4 10 10 2 8 4 10 2 7 7 7 9 7 8 7 11 11 4 4 5 5 3 7 11 4 5 4 10 7 7 7 0 0 7 8 9 8 11 11 5 7 1 4 4 4 4 4 4 5 7 11 5 9 3 10 7 2 7 8 4 10 10 8 8 11 4 4 3 5 4 10 0 7 8 4 10 10 7 8 1 2 6 9 4 5 10 10 8 2 4 10 8 4 10 8 4 0 7 9 6 11 5 5 7 7 11 11 4 5 2 9 7 8 11 4 5 7 7 11 11 5 5 7 7 11 11 4 4 5 5 10 2 10 10 2 8 6 4 10 6 8 4 10 7 7 7 9 8 8 7 7 11 1 2 4 10 8 6 11 11 2 2 4 11 3 3 7 11 4 4 4 4 4 5 2 7 11 9 4 5 5 7 0 9 8 4 10 7 7 8 11 11 2 2 9 5 9 7 8 11 11 5 5 7 9 7 11 2 2 9 6 8 4 4 10 10 2 7 8 4 10 10 7 8 4 0 2 9 8 4 10 0 7 7 6 8 11 11 5 3 5 7 11 4 4 4 4 4 5 9 10 7 7 8 1 2 9 5 10 6 4 10 8 7 8 7 7 1 11 4 3 4 5 0 10 10 2 2 9 7 8 7 6 6 11 11 5 2 11 4 5 7 7 11 11 4 5 4 5 10 8 7 11 11 5 7 1 2 9 9 5 4 5 11 1 2 9 9 8 8 10 9 8 0 8 9 11 2 5 4 10 0 7 9 6 8 8 4 4 11 5 10 7 7 7 7 7 7 0 6 8 7 7 7 11 11 2 2 11 11 4 5 5 10 2 7 11 9 5 3 5 11 4 3 5 7 7 7 11 11 4 5 2 7 11 5 3 4 4 10 10 2 2 10 2 9 9 5 7 7 8 10 7 7 6 10 7 2 7 8
ppo_q50_s3_b_fd_l4,41,qv14_46,14,95,True,418.75,2.682281255722046,5 5 9 9 5 5 7 7 11 1 2 9 6 11 5 5 7 7 11 11 5 5 10 0 8 11 2 9 9 5 5 10 7 11 4 5 5 7 11 9 5 5 7 7 11 11 5 5 10 2 9 10 8 4 4 5 10 7 10 8 8 11 1 5 9 7 11 2 2 3 3 10 10 7 8 8 4 4 10 10 7 8 4 4 2 10 10 8 7 6 8 11 4 10 7 8 2 4 10 2 9 3 5 7 7 11 11 4 5 2 1 4 3 7 1 4 9 4 4 4 4 1 2 9 9 8 7 7 6 8 1 9 4 5 4 4 4 10 10 2 8 11 5 10 7 10 0 8 6 8 1 11 4 5 10 10 8 2 9 4 5 10 10 8 6 8 4 10 0 7 8 11 2 9 9 5 5 10 7 6 8 4 11 2 11 4 4 4 1 4 4 4 5 7 11 2 3 4 3 10 6 4 10 0 7 8 2 9 8 4 10 7 7 10 8 8 11 1 2 4 3 9 5 7 11 4 1 5 3 9 5 10 10 0 8 2 9 8 4 10 6 10 7 7 8 7 8 11 4 1 5 7 11 2 4 4 1 9 5 7 11 11 5 2 10 8 9 4 10 7 8 7 6 8 9 4 4 5 10 10 7 7 8 8 1 9 4 5 10 7 8 7 11 11 2 2 1 9 5 9 4 5 7 11 3 11 4 4 5 5 7 7 11 11 2 5 7 11 4 4 4 10 0 2 8 9 4 5 9 5 7 10 10 2 6 8 4 11 5 10 7 10 8 6 7 8 4 10 10 2 2 9 5 7 11 3 4 11 4 2 4 3 4 5 10 7 7 8 4 4 10 10 0 7 8 0 2 6 7 10 7 9 8 8 4 4 10 10 8 2 1 9 5 7 11 3 11 5 5 7 11 11 5 1 2 9 5 9 9 5 7 7 8 11 4 1 4 4 5 4 11 4 10 2 8 1 9 9 8 8 9 4 4 5 10 10 2 0 7 6 6 8 4 10 10 8 0 8 7 10 9 7 7 8 8 11 2 6 11 11 2 2 11 9 5 3 5 10 2 7 11 9 5 4 5
ppo_q50_s3_b_fd_l4,42,qv14_47,14,91,True,402.25,1.057194471359253,5 5 9 9 5 5 7 11 9 5 5 7 7 11 2 11 9 4 5 7 8 1 9 11 5 5 10 7 8 11 11 4 4 4 5 5 7 11 1 2 1 9 9 8 8 4 9 10 2 2 6 4 10 10 8 8 9 8 4 11 4 10 7 2 2 9 7 8 4 4 10 10 8 8 11 4 5 10 10 2 6 8 4 4 10 2 9 10 8 8 1 11 2 9 6 11 4 2 4 4 4 4 5 10 2 9 6 8 11 11 5 4 5 7 1 4 4 4 10 2 9 6 4 10 8 8 4 4 10 10 2 8 7 7 6 9 7 8 1 3 4 4 11 1 3 10 8 8 4 10 7 10 0 8 7 8 11 3 4 5 10 10 0 8 8 11 1 2 9 4 6 11 4 5 5 7 11 4 4 11 4 5 2 9 5 3 7 10 10 2 8 7 6 11 2 6 4 10 7 7 0 9 7 7 8 8 7 11 2 11 11 2 3 5 10 7 6 7 8 7 11 2 11 4 11 4 4 5 7 1 3 5 10 0 2 9 9 3 5 7 7 8 11 11 4 4 4 4 2 4 5 10 2 3 9 10 8 7 8 11 4 10 8 7 0 8 4 10 7 7 7 8 4 4 10 10 8 2 9 4 10 7 8 1 2 9 5 9 7 8 11 11 5 2 9 7 8 11 11 4 4 5 3 4 4 5 7 11 2 11 4 4 5 10 2 10 6 4 10 2 7 8 11 2 9 3 10 8 6 8 4 10 0 7 8 11 11 2 5 10 7 6 8 1 11 5 7 1 9 9 5 5 11 11 5 7 6 8 11 4 4 5 0 10 2 0 9 6 10 7 6 8 2 4 10 2 6 4 10 7 8 6 11 11 5 5 7 7 11 11 2 2 9 5 4 9 11 4 1 5 5 7 7 11 11 5 4 5 10 2 9 9 8 4 5 10 2 10 7 7 7 7 8 6 7 11 11 2 2 9 11 2 2 6 11 3 7 11 5 4 4 5 3 10 10 2 2 9 7 8 11 11 2 2
ppo_q50_s3_b_fd_l4,43,qv14_48,14,90,True,404.0,3.009274482727051,3 5 2 9 9 5 5 10 2 9 7 11 4 5 5 7 7 11 11 5 5 7 7 6 11 11 1 5 5 10 0 2 9 3 7 11 4 3 5 2 10 7 8 11 2 11 4 9 5 5 0 7 11 2 9 5 10 6 4 10 8 7 7 7 8 4 10 2 9 9 8 4 0 6 7 8 11 4 4 10 2 8 11 5 10 2 7 6 6 11 11 4 4 4 5 2 7 9 11 5 7 1 2 6 11 4 5 11 4 5 4 10 10 2 2 9 8 4 10 6 10 8 7 7 6 7 8 11 4 4 5 10 10 2 8 11 5 3 10 10 8 2 4 10 7 9 8 1 2 9 8 6 7 11 11 1 2 3 5 7 7 11 11 4 4 5 2 7 11 2 11 4 4 4 4 5 7 9 9 8 8 4 10 10 8 7 7 8 1 9 4 4 1 2 6 4 10 7 7 9 8 7 8 4 10 2 7 7 7 7 7 7 11 11 2 5 9 7 8 11 11 3 5 4 4 3 4 5 10 2 10 2 9 10 8 2 6 10 7 6 7 8 11 5 11 11 4 1 4 4 3 4 5 0 8 7 11 2 11 4 5 3 3 10 10 7 8 1 2 4 10 2 9 9 8 7 8 11 5 11 4 5 9 10 7 8 4 5 10 0 2 3 10 7 7 7 7 7 7 7 8 7 11 11 2 2 9 5 9 7 8 11 11 3 4 4 5 5 10 2 10 7 8 1 11 2 9 6 11 5 4 1 4 5 3 3 10 10 7 8 8 4 4 10 10 2 8 7 11 2 11 3 5 10 2 0 7 6 7 6 10 7 8 4 10 7 6 7 11 2 1 2 9 8 11 9 5 3 4 5 7 7 7 7 11 4 5 7 11 11 1 5 1 2 9 9 5 5 10 7 8 11 11 5 2 10 8 6 11 11 4 5 4 5 7 7 11 2 11 3 10 2 2 9 7 8 4 10 10 8 7 7 7 8 4 4 10 10 2 6 8 4 10 10 8 8 4 10 6 10 2 2
ppo_q50_s3_b_fd_l4,44,qv14_49,14,94,True,420.0,3.1354739665985107,5 5 7 11 9 5 5 7 11 9 3 5 2 9 7 11 4 5 7 8 7 7 11 5 7 11 11 4 5 5 0 10 2 9 7 11 3 4 4 5 7 8 11 2 9 11 4 2 2 9 3 4 10 2 0 8 11 2 9 5 10 6 4 10 6 8 8 7 1 4 4 0 10 6 4 10 7 2 6 8 4 4 10 10 8 8 1 1 4 3 9 5 7 7 11 11 2 5 10 2 9 3 7 11 5 5 7 11 2 11 2 4 3 3 10 10 8 8 4 4 10 10 8 2 10 7 6 4 10 8 8 11 4 5 10 10 8 4 0 2 9 9 7 8 7 8 4 1 9 4 5 10 7 8 11 11 4 5 2 4 3 9 5 7 7 11 11 2 5 1 4 9 4 5 0 9 6 4 10 8 8 4 10 10 2 8 11 4 4 4 5 9 7 11 5 5 0 9 10 7 7 8 2 4 4 10 10 7 7 8 7 0 2 9 6 8 11 11 4 2 5 11 5 7 11 4 4 4 4 3 5 10 10 2 2 6 11 2 9 9 8 8 11 4 5 10 10 7 6 8 7 8 7 11 1 5 11 2 4 3 10 10 2 8 10 6 4 10 7 6 8 1 4 5 10 0 2 9 9 8 7 8 11 4 4 5 7 9 10 8 8 1 11 3 4 5 7 11 4 5 7 11 11 4 5 5 7 7 11 11 2 4 5 4 10 2 10 7 7 7 6 8 11 11 2 2 3 9 5 10 10 2 6 7 8 4 10 2 6 7 10 10 8 8 11 2 9 4 10 2 2 6 11 4 4 3 3 11 5 4 4 5 0 7 11 2 3 7 11 4 3 7 11 2 2 9 6 8 11 11 4 5 4 0 0 2 9 8 7 6 9 7 7 8 4 10 10 2 8 10 2 9 10 7 8 4 0 2 9 8 9 4 4 5 9 7 8 7 11 11 4 4 4 4 4 4 5 7 8 11 2 11 4 11 4 4 5 0 2 9 5 9 5 10 10 7 2 6 7 8 4 10 7 7 6 4 10 2 2 10 6 8 7 11 11 2 2 4 9 5 7 7 11 11 4 2 5
ppo_q50_s3_b_fd_l4,45,qv14_5,14,87,True,380.25,2.9163482189178467,5 5 9 7 11 5 5 9 7 11 5 5 10 7 7 7 8 11 11 2 2 3 7 11 11 4 5 5 10 2 7 6 4 10 8 9 7 6 8 7 11 11 4 5 4 5 7 7 7 11 2 11 11 1 5 2 9 9 5 5 7 11 9 5 5 7 7 11 11 5 5 10 7 8 11 11 2 5 7 11 2 4 0 9 7 8 4 10 6 4 10 8 8 7 1 11 2 9 4 5 9 10 7 7 8 7 8 9 8 4 4 10 0 7 7 10 7 8 2 11 3 5 7 7 11 11 4 4 5 0 2 6 6 4 11 4 4 4 11 4 4 4 4 5 5 10 2 7 11 2 9 3 10 8 8 4 10 8 9 11 5 4 5 7 7 10 8 4 10 10 8 7 0 2 7 7 6 7 11 11 5 2 10 8 9 6 8 4 4 10 10 2 7 8 11 2 9 3 5 7 7 11 11 4 1 5 4 5 7 11 4 4 4 5 4 4 4 0 10 6 10 7 0 8 2 11 5 10 9 8 6 8 4 11 4 5 3 10 10 7 8 2 10 10 8 2 9 4 5 10 10 8 2 9 4 5 10 10 7 8 2 6 11 4 3 5 7 7 7 11 11 1 2 2 4 3 4 11 4 5 7 11 9 5 5 10 7 8 11 11 4 4 5 5 7 10 0 8 9 8 4 0 7 0 9 9 8 8 11 4 5 10 7 7 7 8 6 11 11 4 5 2 11 7 10 7 7 7 8 2 6 6 11 11 1 2 2 6 11 4 4 11 4 3 3 5 5 7 7 7 11 11 4 4 5 5 10 2 10 7 11 5 2 3 10 10 2 2 9 8 11 5 10 7 10 6 8 7 8 4 4 10 10 7 2 8 11 5 0 9 9 5 7 6 8 4 11 4 5 10 10 8 2 11 3 5 7 11 4 11 4 2 5 7 7 11 11 4 5 7 1 2 9 9 5 7 6 8 11 2 4 4 10 10 8 7 7 7 6 7 7 8 4 10 10 8 2
ppo_q50_s3_b_fd_l4,46,qv14_50,14,86,True,369.0,2.887352228164673,5 5 9 9 5 5 10 7 2 7 11 11 3 5 5 10 2 7 11 3 7 11 5 5 7 7 11 2 11 9 4 4 5 5 7 7 11 11 5 5 0 9 7 8 11 4 5 10 10 2 2 6 9 7 9 7 8 4 5 10 7 7 8 11 5 4 10 10 7 7 8 2 4 10 10 2 2 6 11 2 9 9 8 8 11 2 6 11 11 4 3 5 5 10 7 7 8 11 11 4 2 3 5 0 7 7 11 2 11 3 7 11 3 5 5 7 7 11 1 2 11 2 9 9 5 7 7 8 4 10 7 0 7 7 6 8 4 4 10 10 8 2 4 10 2 9 9 8 4 5 10 0 2 6 11 3 7 11 5 5 7 9 7 8 11 11 1 4 5 3 5 10 7 7 8 11 11 4 4 4 5 5 4 10 7 11 2 5 7 11 2 3 4 10 10 7 7 7 2 8 11 1 5 10 9 8 8 11 2 11 4 4 3 5 10 10 8 8 4 10 8 4 10 6 4 10 2 8 10 2 9 9 8 4 5 10 0 2 9 9 8 8 9 8 11 11 4 2 5 9 7 11 5 4 5 10 0 0 8 10 7 8 6 6 4 11 11 4 4 4 5 5 10 7 7 8 11 11 4 4 4 4 2 5 11 5 3 10 10 8 7 8 11 1 1 2 9 9 8 8 11 1 2 6 4 10 6 4 10 8 8 11 4 5 10 10 7 8 2 9 4 5 7 10 10 7 2 7 6 8 6 11 11 1 2 2 3 3 10 10 8 2 9 8 6 11 11 4 4 5 5 7 7 11 11 4 1 5 2 7 6 11 11 4 4 5 7 8 11 2 1 9 3 10 2 8 4 10 6 8 7 7 7 7 7 7 9 7 8 7 7 7 11 11 2 5 11 11 2 5 10 2 3 7 11 4 4 3 4 4 11 2 4 5 10 2 9 9 5 5
ppo_q50_s3_b_fd_l4,47,qv14_51,14,96,True,427.25,1.358999490737915,5 5 9 3 7 11 5 2 10 2 9 3 7 11 5 5 10 7 6 8 11 2 11 11 4 5 5 7 9 7 8 11 11 1 5 5 9 7 7 8 11 11 4 4 5 7 8 11 2 11 9 5 5 0 7 11 2 9 9 8 7 8 7 11 4 5 10 10 8 8 1 4 10 9 7 8 7 8 11 4 4 10 7 7 7 7 8 7 1 2 11 5 9 10 6 8 2 11 2 6 11 11 4 5 5 7 7 1 9 11 5 4 5 10 8 7 9 11 4 5 4 5 7 11 4 2 1 4 4 4 10 10 2 3 7 8 7 6 4 10 2 6 7 7 10 8 4 10 7 7 7 8 4 0 7 7 7 11 11 2 5 9 7 8 11 11 5 5 7 11 3 7 11 5 3 5 7 7 7 11 2 11 11 4 5 4 5 10 7 2 7 11 11 5 5 11 4 5 7 10 2 9 6 10 2 7 8 9 6 10 7 7 8 8 4 4 10 10 8 2 10 7 6 8 7 11 2 6 11 11 2 2 9 11 4 3 2 1 5 9 7 11 2 2 9 9 5 5 10 7 7 7 7 8 1 11 5 3 7 11 11 3 2 3 5 11 11 4 4 4 5 2 7 9 7 8 11 11 2 2 7 6 9 7 8 11 11 4 5 7 2 9 7 8 4 10 8 7 7 10 10 7 7 0 8 8 1 11 5 9 7 11 5 4 4 5 9 11 2 2 3 4 10 10 2 2 9 7 7 6 8 9 10 7 7 8 7 8 1 4 11 5 10 6 4 10 7 7 2 7 7 1 2 9 9 5 3 5 10 7 7 8 11 11 2 2 9 6 8 11 11 4 5 5 7 7 11 11 5 5 4 11 2 11 11 5 7 1 2 9 4 5 3 10 10 8 8 4 10 8 4 10 7 7 7 7 11 2 5 9 5 9 10 7 7 0 7 8 2 4 0 9 7 8 6 11 11 4 5 5 9 5 7 7 7 11 11 2 2 11 4 4 4 3 5 7 7 11 11 4 2 4 3 5 7 10 10 2 2 9 5 3 10 10 8 7 7 8 10 2 3 4 10 10 2 6 6 8 4 4 10 10 8 2 4 10 10 8 1 2 9 9 8 8
ppo_q50_s3_b_fd_l4,48,qv14_52,14,92,True,414.5,1.669593334197998,3 5 2 9 9 5 5 7 7 11 11 5 5 10 7 2 11 9 3 4 5 7 8 7 11 2 11 11 4 4 5 5 7 7 11 11 5 5 10 7 8 11 2 4 3 10 10 2 2 9 8 4 10 6 4 10 8 8 11 2 11 2 6 4 10 6 4 10 7 7 8 7 8 6 11 11 2 2 9 5 4 0 0 9 6 8 11 11 5 4 5 3 10 10 8 2 1 9 5 7 9 7 7 8 11 11 5 1 3 5 10 7 8 7 11 11 4 4 5 7 1 5 7 11 4 4 4 4 10 2 8 1 9 5 10 9 8 8 11 2 4 10 6 4 10 8 4 0 6 8 9 8 7 11 1 4 4 10 0 2 5 10 9 8 9 8 7 8 7 7 7 7 7 11 11 2 5 10 2 9 6 8 11 11 5 5 7 1 3 9 4 5 11 11 5 2 7 6 11 11 4 5 7 1 2 9 5 4 3 10 7 10 7 8 2 9 8 11 4 10 7 8 8 4 10 10 2 0 2 9 9 5 7 7 8 10 2 4 11 4 10 7 8 8 6 11 11 2 2 9 4 5 7 11 3 11 3 5 4 5 7 7 11 11 4 4 2 5 7 11 2 9 9 5 7 7 8 4 10 8 4 10 7 8 7 10 7 7 11 5 2 7 11 4 11 4 3 4 5 4 4 5 7 11 2 4 4 10 10 8 1 2 3 10 8 10 9 8 7 8 10 7 7 7 7 9 8 7 7 8 11 2 11 3 4 5 0 10 10 7 7 8 1 2 9 5 0 9 9 5 7 8 11 1 5 9 10 8 8 11 4 5 7 7 11 11 4 4 5 5 4 11 4 4 4 11 3 4 5 5 7 7 10 7 8 7 11 11 4 5 2 0 0 9 8 9 9 4 5 7 7 8 11 4 4 5 10 10 0 6 7 8 8 11 1 1 2 9 11 5 2 9 5 10 10 7 6 6 8 8 10 2 9 10 7 8 4 0 2 7 7 7 10 2 7 11 9 5 3 5 7 7 11 11 5 5 7 7 11 11 2 3 3 5 11 11 1 2 4 5 10 7 8 11 11 5 4 3 5
ppo_q50_s3_b_fd_l4,49,qv14_53,14,91,True,402.0,3.033235788345337,5 5 7 11 9 5 5 9 7 7 8 11 11 4 5 5 7 11 9 5 5 7 7 11 1 2 9 6 11 4 4 5 5 7 7 11 11 5 5 7 7 11 2 11 2 4 10 7 6 4 10 8 2 9 4 10 7 8 8 1 11 5 7 1 9 9 8 8 9 11 4 4 4 5 0 2 9 5 10 7 6 10 7 8 8 4 4 10 10 8 8 4 4 10 2 10 7 7 8 1 9 9 8 8 11 2 11 11 1 2 3 5 7 11 9 5 7 8 11 11 4 4 4 1 2 5 9 3 7 7 7 8 9 4 10 7 8 4 5 10 2 10 7 7 10 2 8 4 10 7 8 1 9 9 8 8 11 4 5 10 2 7 6 11 11 5 3 5 10 7 7 8 11 11 1 4 3 4 4 5 5 4 11 11 5 7 7 7 8 7 7 11 2 9 4 4 10 2 2 9 10 8 6 8 7 11 1 4 4 3 5 10 2 10 10 0 8 2 4 10 7 8 6 11 11 5 2 9 4 5 7 11 4 4 9 5 5 7 7 11 2 1 9 3 10 8 2 9 8 11 4 5 10 10 7 7 8 2 9 4 10 7 8 4 4 3 5 10 0 7 7 7 6 8 4 4 4 10 10 2 0 2 9 3 5 10 10 8 2 11 3 4 5 11 2 9 4 6 7 10 7 7 7 7 8 2 1 9 5 9 5 7 11 11 4 4 4 1 5 2 7 11 2 4 4 3 10 9 8 8 4 10 8 11 2 6 9 11 5 0 7 8 4 10 8 9 4 10 7 7 7 8 7 1 4 0 2 9 8 6 11 11 5 5 10 2 9 7 6 8 11 11 1 5 3 5 7 7 11 11 4 5 2 7 11 5 7 11 3 11 5 5 7 7 11 11 2 1 2 9 8 4 10 6 4 10 8 7 0 7 7 8 4 10 8 1 9 9 8 8 7 6 11 11 4 4 4 5 4 5 7 11 2 4 9 4 4 5 4 4 10 10 2 2 10 6 10 8 8 11 1 2 9 9 8 8 4 10 9 8 7 8
ppo_q50_s3_b_fd_l4,50,qv14_54,14,90,True,397.25,2.974515199661255,5 7 4 7 4 5 9 9 5 5 7 7 11 11 5 5 7 7 11 2 11 9 5 5 10 0 2 3 7 11 9 4 5 5 10 7 8 11 1 2 9 9 4 5 5 7 7 11 11 3 5 2 0 0 9 8 9 7 7 8 4 10 6 4 10 2 7 2 7 7 6 6 7 11 11 4 5 2 7 7 11 11 2 2 9 5 7 6 6 11 11 1 5 2 9 5 7 9 11 4 5 5 7 7 11 1 1 2 9 5 3 10 10 8 2 9 8 4 4 10 10 8 6 7 7 8 11 2 11 5 11 4 10 7 0 7 8 2 9 9 8 6 8 11 4 4 4 5 10 10 7 2 0 6 8 4 11 4 4 3 10 7 8 8 11 2 11 11 5 4 5 10 8 10 8 11 4 11 4 2 2 9 9 5 7 8 11 2 4 4 3 3 10 10 8 7 2 9 7 7 8 11 4 4 4 4 5 10 10 7 7 7 7 7 7 8 1 2 9 8 7 11 11 2 2 3 7 11 3 3 5 10 10 7 8 8 1 11 4 5 7 7 11 11 4 5 7 1 2 11 4 3 4 4 5 10 9 8 8 11 4 5 10 10 2 6 7 8 4 9 4 10 0 8 8 9 11 2 2 7 6 9 8 1 11 4 11 2 2 9 5 7 11 4 11 2 5 3 9 7 7 8 4 4 10 10 6 8 8 4 4 4 10 10 0 2 6 8 4 4 10 10 8 8 4 4 10 10 7 8 8 11 2 6 11 11 2 5 10 2 9 8 9 11 3 5 0 7 6 8 11 2 11 11 5 4 3 4 5 10 7 7 8 4 10 10 2 2 9 7 8 6 7 11 11 2 1 4 5 0 9 8 6 9 11 1 5 7 1 3 4 4 5 7 11 2 3 9 5 0 10 9 8 8 10 7 8 11 1 3 4 4 5 7 7 11 11 5 5 7 7 11 11 2 5 11 11 2 2 9 8 4 4 10 10 2 8 10 7 7 7 6 10 7 6 8 8 4 4 10 10 8 6 8 10 10 2 2
ppo_q50_s3_b_fd_l4,51,qv14_55,14,88,True,398.5,2.886232376098633,5 5 7 11 9 5 5 7 11 3 7 11 5 2 7 11 9 4 5 7 8 11 2 11 9 4 4 5 5 7 7 11 1 2 9 9 5 5 10 2 10 9 8 1 2 9 8 4 3 3 10 10 7 7 8 8 11 4 5 0 0 9 7 8 4 10 9 8 4 0 7 8 11 2 7 7 10 2 6 11 4 9 5 4 4 4 3 5 10 7 7 7 8 4 10 10 2 2 6 6 7 11 11 1 4 4 5 0 2 9 5 7 9 6 8 11 11 4 2 5 7 11 11 5 4 5 10 8 7 9 11 1 5 1 2 3 7 11 2 9 3 10 8 8 9 4 4 5 10 10 0 7 8 2 6 4 10 8 4 10 7 10 7 2 6 8 11 1 5 10 2 9 9 5 5 10 2 7 9 9 8 8 1 11 4 3 4 4 4 4 4 5 10 2 10 10 8 7 8 7 10 7 7 8 11 4 4 4 4 4 4 1 3 4 4 4 5 4 10 2 10 6 6 7 10 7 8 0 10 8 8 11 1 2 9 9 8 8 11 9 8 8 4 4 10 10 7 8 4 4 4 4 4 5 10 7 7 7 8 7 11 1 2 9 5 10 9 8 8 11 2 11 4 4 11 5 5 9 4 5 10 7 7 7 7 8 11 5 11 11 2 4 3 4 5 7 11 2 11 11 4 5 0 2 3 10 2 9 9 5 7 8 9 7 8 4 10 4 4 4 10 7 2 2 9 6 4 10 8 8 10 7 7 7 0 7 8 4 10 7 7 7 11 2 3 5 10 10 2 2 3 7 11 9 8 8 11 4 5 7 7 11 11 3 5 5 7 11 4 5 7 11 11 5 4 1 4 5 10 2 7 7 0 7 7 6 4 10 7 8 10 7 7 8 6 11 11 5 1 2 6 11 4 11 5 5 9 4 11 4 5 5 10 7 8 9 8 1 11 11 5 7 1 2 9 9 5 5 11 2 4 4 10 10 8 7 7 8 4 4 10 10 7 7 8 8 10 10 2 6 8
ppo_q50_s3_b_fd_l4,52,qv14_56,14,92,True,413.75,3.0422539710998535,5 5 9 9 5 5 7 7 11 11 5 5 7 10 8 11 4 11 5 5 10 2 9 7 7 7 8 6 7 11 11 2 1 5 9 4 11 4 5 5 10 0 2 6 11 4 3 7 11 5 5 10 0 2 9 8 11 9 5 5 7 7 11 11 5 5 0 10 2 9 9 8 4 5 9 5 10 10 7 7 7 8 8 1 11 2 3 4 4 10 7 10 2 2 9 6 6 4 10 7 8 0 8 6 11 1 2 9 6 11 5 2 4 0 9 7 8 11 11 5 3 5 7 7 11 11 4 4 5 2 7 11 4 4 5 10 6 8 4 4 10 10 2 8 9 8 7 1 11 4 4 5 4 4 4 10 10 2 2 9 8 0 9 6 7 8 11 4 4 4 4 5 3 10 10 7 8 0 7 7 6 8 11 4 10 7 7 7 8 2 4 4 10 2 10 9 7 8 8 1 9 4 5 7 7 11 11 2 4 3 5 0 9 5 9 5 0 10 10 7 8 2 1 9 9 8 8 11 2 1 9 9 8 4 5 9 10 7 8 8 1 11 4 3 5 7 7 7 11 11 4 4 5 4 5 4 10 2 10 6 7 11 2 1 4 3 5 9 11 4 2 5 10 7 11 2 2 9 5 3 10 10 8 1 2 3 10 6 6 10 7 7 8 2 4 10 7 7 7 8 11 11 2 5 4 3 9 5 10 10 8 2 10 8 9 4 10 7 7 8 8 7 1 4 4 10 2 7 11 2 6 11 3 7 11 2 5 4 4 4 9 8 11 11 2 4 5 1 9 5 9 4 10 7 8 0 8 4 10 7 6 8 4 10 7 10 8 1 2 9 5 7 11 3 3 11 2 3 4 5 11 11 4 4 5 2 3 10 7 7 8 11 4 10 8 7 8 4 10 10 2 2 9 8 10 7 7 0 2 9 3 10 7 8 8 6 11 11 2 2 9 8 4 4 10 10 8 2 7 11 2 6 11 11 3 5 5 7 7 11 11 3 4 4 4 4 4 4 5 1 2 4 4 3 10 10 8 8 4 10 10 7 7 7 2 8 11 2 9 4 10 8 8
ppo_q50_s3_b_fd_l4,53,qv14_57,14,92,True,410.5,3.0778887271881104,5 5 9 9 5 5 7 9 11 5 5 10 2 7 6 7 11 11 4 4 5 5 0 10 2 9 7 7 8 6 11 11 4 4 5 7 8 7 11 2 11 11 4 5 5 7 10 8 11 4 11 5 5 7 7 11 1 2 9 8 9 9 8 7 8 11 4 4 11 5 5 10 7 8 7 11 4 4 10 7 8 8 4 4 10 10 8 7 7 7 8 11 4 4 5 4 10 10 2 7 8 1 4 9 5 9 7 11 5 5 7 7 11 11 5 1 2 4 4 1 9 9 8 8 9 8 4 10 7 10 7 7 7 8 2 4 10 9 8 7 8 11 4 4 5 10 10 8 7 8 4 10 2 7 7 11 1 9 5 5 7 11 1 2 9 9 4 5 4 4 4 5 9 7 11 5 5 0 0 7 9 6 4 10 8 7 7 8 4 4 10 10 2 8 4 10 7 0 2 9 9 8 8 1 11 9 8 4 5 7 7 11 1 2 9 6 11 5 3 4 4 5 4 0 10 6 11 2 2 3 9 7 11 5 4 5 10 2 6 10 7 7 7 7 11 2 5 7 11 4 5 7 11 5 7 11 11 4 5 5 10 2 9 9 5 7 7 8 11 2 11 4 10 7 8 1 2 9 5 0 9 6 4 10 7 7 7 8 8 4 0 6 4 10 7 8 4 10 9 8 8 1 11 2 6 11 5 7 11 1 2 9 9 5 5 4 3 10 7 10 7 8 2 4 9 4 5 7 7 11 11 4 4 5 2 9 7 11 5 7 7 8 4 10 2 10 7 9 8 7 8 4 4 10 2 7 7 6 7 11 11 2 5 1 3 11 5 7 6 11 11 4 5 5 10 7 11 4 1 4 5 5 10 2 3 10 10 8 8 1 1 9 8 4 10 9 8 8 4 4 10 2 10 7 9 8 7 8 0 7 10 2 9 9 5 5 10 2 9 3 5 10 10 0 8 1 2 9 8 6 11 11 2 5 7 11 2 6 11 4 4 11 5 4 5 7 11 4 4 4 5 10 2 9 9 8 8 11 4 5 3 10 10 7 8 8 4 4 10 10 8 2
ppo_q50_s3_b_fd_l4,54,qv14_58,14,95,True,423.0,3.188535451889038,7 4 7 4 7 4 5 5 7 11 9 3 5 2 9 7 7 8 11 11 4 5 5 10 0 2 9 7 6 8 11 11 1 3 3 5 5 7 7 7 11 1 11 5 5 7 10 8 11 4 11 5 5 7 7 11 11 5 5 10 7 8 11 1 2 9 3 10 2 8 9 8 4 4 10 10 8 7 8 11 5 9 4 10 0 7 2 8 4 10 2 9 9 8 8 11 4 10 8 7 8 1 4 11 4 3 4 5 7 11 9 5 4 4 5 11 2 4 10 7 10 2 6 8 10 7 9 8 7 8 4 10 8 7 1 1 4 11 4 5 9 10 7 7 8 8 11 4 5 10 2 0 9 9 5 7 8 11 4 5 10 0 2 9 7 9 6 7 7 5 5 7 1 9 4 5 4 4 11 4 4 11 7 8 4 4 1 3 5 10 7 8 4 10 7 10 2 8 11 5 7 11 9 5 5 7 7 11 1 2 9 11 5 5 0 7 7 7 7 7 7 7 6 4 10 7 2 10 2 9 10 8 7 8 4 4 1 4 3 9 5 7 7 11 11 5 5 10 7 8 11 11 2 4 5 10 2 9 9 8 1 3 5 0 9 7 8 11 11 5 5 7 11 4 5 4 0 10 6 6 7 8 4 4 4 10 10 2 0 2 9 9 6 7 8 7 7 8 10 2 7 7 11 11 2 5 9 7 8 11 11 1 3 5 4 4 4 5 10 2 10 6 11 2 4 5 7 11 2 9 4 4 11 4 5 5 7 7 7 7 6 7 7 7 6 10 2 10 2 3 10 7 6 7 8 7 7 7 7 11 11 2 2 9 11 5 0 2 9 8 9 6 8 11 11 4 5 4 5 7 11 11 1 4 5 1 5 7 11 3 5 7 11 11 4 5 2 9 7 8 4 10 7 8 9 11 5 5 10 10 7 7 8 4 0 2 7 7 11 2 9 5 9 4 11 5 3 5 10 10 2 0 2 9 5 3 10 10 7 6 7 8 8 4 10 7 8 4 10 7 7 11 2 5 10 2 3 10 7 10 7 8 2 6 11 11 2 2 11 4 4 4 9 4 5 5 4 11 4 4 4 3 5 10 10 7 8 7 8
ppo_q50_s3_b_fd_l4,55,qv14_59,14,92,True,404.5,3.0206260681152344,5 5 9 7 11 5 5 10 2 7 9 11 3 5 5 7 7 9 11 4 5 5 10 0 7 2 11 3 7 11 4 4 5 7 8 9 8 1 11 2 9 11 5 5 7 9 11 5 5 10 2 9 10 8 4 4 5 7 11 2 11 4 0 7 9 8 1 2 9 6 9 8 7 7 7 8 11 2 3 4 10 10 7 8 4 0 6 7 7 7 7 8 4 10 2 10 7 2 11 3 7 11 5 5 9 7 11 4 5 5 10 7 7 8 11 11 4 5 4 5 7 7 11 1 4 5 4 4 10 7 10 2 8 1 9 3 5 7 11 5 11 11 5 5 7 7 7 7 0 9 6 10 8 8 4 10 8 4 10 10 0 2 7 6 7 8 1 9 9 8 8 11 2 6 11 11 4 4 5 0 0 2 9 3 4 3 5 10 7 7 7 7 8 11 11 4 2 5 7 11 11 4 4 5 4 5 7 10 7 8 11 11 5 2 0 9 6 6 8 4 4 10 10 2 8 4 9 5 0 10 6 4 10 2 2 10 7 8 6 11 11 2 2 9 5 7 11 9 5 0 2 9 6 7 8 7 11 1 4 4 3 5 7 7 11 11 4 4 5 1 2 9 9 5 4 4 5 9 5 7 7 11 11 5 2 0 6 9 8 7 7 7 11 11 2 2 4 10 8 9 9 8 7 7 8 4 4 10 7 8 4 4 10 10 7 7 0 8 8 4 4 10 10 2 2 6 11 4 5 0 9 9 5 5 9 5 10 7 11 4 4 4 5 2 7 11 4 4 1 2 11 9 5 11 4 3 7 7 8 7 7 7 8 11 2 9 9 8 8 11 1 2 6 4 10 6 8 4 4 10 10 8 2 1 9 3 10 8 8 4 10 7 7 10 8 8 11 4 5 10 2 0 6 7 11 11 5 5 7 7 11 11 2 5 10 2 7 6 4 10 8 6 11 11 5 5 7 7 11 11 3 5 5 7 11 11 4 4 5 5 10 2 7 11 2 3 3 4 10 10 7 7 8 1 2 9 5 4 10 10 2 2 9 9 8 8 4 10 7 8 7 11 11 5 5
ppo_q50_s3_b_fd_l4,56,qv14_6,14,89,True,391.5,2.932478666305542,5 5 9 9 5 5 7 7 11 9 4 5 5 10 7 7 8 11 11 1 4 5 5 7 10 6 8 11 11 2 5 7 11 11 5 5 0 10 2 7 9 6 7 8 4 10 7 8 7 7 11 11 2 2 9 4 5 7 11 4 3 11 4 4 4 5 5 7 10 8 9 11 5 7 7 8 11 5 11 11 4 2 2 9 9 5 7 8 11 2 4 0 7 7 9 8 4 10 10 8 8 1 9 11 4 4 4 4 5 2 4 10 10 2 8 9 8 4 10 7 7 9 8 6 7 7 8 4 4 10 10 8 2 10 7 8 7 11 11 2 3 5 10 7 11 4 1 5 2 9 7 8 4 9 9 4 4 5 7 8 11 1 2 11 11 3 5 5 7 7 11 11 4 5 2 7 11 9 5 0 2 9 5 7 9 6 10 7 8 7 7 7 7 8 4 10 10 0 7 8 7 8 7 11 1 3 7 11 2 2 11 9 5 5 10 2 9 9 5 4 5 7 11 9 5 4 5 1 11 5 9 7 8 11 11 5 2 4 10 0 8 4 10 9 8 1 2 9 5 10 6 6 10 8 7 7 8 7 7 11 2 11 1 2 3 9 4 4 5 10 10 7 7 8 8 4 4 10 10 7 8 8 11 4 5 10 10 7 8 8 1 11 5 10 9 8 1 2 9 8 9 8 11 11 4 3 5 7 7 8 11 1 4 5 7 7 11 11 5 2 11 4 5 7 11 4 11 4 4 5 5 7 10 2 9 8 7 11 9 8 7 8 9 8 4 10 10 8 7 8 4 4 4 10 2 10 10 8 4 2 10 7 6 4 10 2 2 9 8 4 10 6 10 2 2 9 5 7 11 11 5 5 3 3 7 11 4 4 4 5 7 11 4 11 4 1 4 5 2 9 7 7 8 11 4 10 2 2 9 9 6 8 7 7 7 8 11 4 4 4 4 4 5 10 10 2 7 7 8 4 10 7 6 4 10 2 2 6 4 10 9 8 8 10 0 10 8 1 2 9 9 8 8
ppo_q50_s3_b_fd_l4,57,qv14_60,14,92,True,400.75,2.0678577423095703,5 5 9 9 5 5 10 7 1 2 9 6 11 4 5 5 9 7 7 11 4 4 5 7 8 7 11 2 11 11 4 4 5 5 7 11 9 5 5 0 10 2 7 10 2 9 9 8 8 11 4 4 5 10 7 7 6 7 8 4 4 4 10 7 10 8 2 4 10 7 6 8 11 11 2 5 7 1 4 3 4 4 11 5 7 11 2 9 9 4 5 5 0 10 7 7 8 9 4 10 7 7 7 8 1 4 5 3 10 7 0 7 7 7 8 10 2 3 7 11 11 5 4 3 5 10 10 8 2 9 4 5 7 7 7 11 11 2 2 9 8 11 11 4 1 5 5 7 11 3 7 11 5 5 10 2 9 7 8 11 11 5 7 1 2 9 5 9 7 8 4 0 9 6 8 4 4 10 10 7 0 7 8 1 2 9 5 9 5 9 10 7 7 8 4 5 10 2 10 7 6 4 10 8 2 4 10 2 7 0 9 9 5 5 9 5 0 10 2 7 11 3 3 7 11 4 5 2 7 1 4 4 11 2 9 9 3 4 5 2 7 11 2 3 3 10 10 7 2 8 10 2 9 9 8 4 5 4 10 2 10 10 2 2 9 9 8 6 8 4 10 7 7 7 8 11 11 2 5 10 2 9 6 8 11 11 5 4 4 4 4 5 10 7 11 4 4 5 5 0 0 7 7 7 7 11 2 9 4 3 3 5 7 7 11 11 4 4 2 5 10 2 6 4 10 7 8 9 4 10 7 7 7 7 8 8 7 1 11 1 5 7 11 2 9 4 4 5 10 10 8 8 9 4 10 8 8 1 11 5 9 4 5 10 7 11 4 5 2 9 7 8 11 11 4 5 4 5 4 0 9 7 8 11 11 2 2 6 9 8 11 4 5 10 10 7 2 7 8 9 7 7 6 10 8 8 11 1 4 1 2 6 4 10 8 4 10 6 4 10 6 8 8 4 7 4 7 1 4 10 2 3 4 10 10 8 8 7 11 2 6 11 11 2 2 11 9 4 4 4 4 5 4 4 4 4 5
ppo_q50_s3_b_fd_l4,58,qv14_61,14,88,True,393.25,3.6947896480560303,5 5 9 9 5 5 7 7 11 9 4 5 5 7 7 11 11 5 5 7 10 8 11 4 11 4 4 5 5 10 7 1 2 3 9 10 7 8 8 4 4 10 0 2 9 5 9 7 11 5 5 10 0 7 7 6 8 4 4 10 10 8 2 4 10 2 9 10 8 1 2 9 3 5 3 10 7 7 8 7 11 11 2 2 9 8 11 11 1 4 5 3 4 5 7 7 7 11 4 11 5 2 9 7 11 4 5 5 0 7 11 2 9 5 10 6 6 7 8 11 4 4 4 10 2 2 9 7 8 4 10 7 7 7 7 6 8 11 11 2 2 9 11 5 2 0 9 9 3 5 2 10 7 8 11 2 11 3 4 4 1 5 3 10 10 8 2 9 8 7 7 4 9 0 7 6 7 7 8 1 4 3 7 11 11 5 4 5 7 11 11 1 2 2 9 8 11 5 10 9 8 8 4 4 10 10 8 6 7 8 4 4 4 10 10 2 0 2 9 9 8 1 2 9 5 10 7 9 7 8 7 8 11 4 4 5 10 10 8 8 1 11 9 3 5 5 0 0 10 2 9 6 8 7 11 11 2 1 5 9 7 8 11 11 3 5 4 4 4 4 4 4 4 5 10 2 9 9 5 7 8 11 2 4 10 9 8 8 4 4 10 0 9 7 0 8 6 8 11 4 4 5 10 7 7 11 2 2 11 4 3 4 5 3 10 10 7 0 2 2 3 9 5 10 7 8 4 10 7 7 6 10 2 2 10 7 9 8 6 8 1 1 1 3 9 5 7 7 11 11 4 4 5 7 2 7 11 11 5 2 9 4 4 4 5 3 9 10 7 8 0 2 9 7 7 8 4 4 10 10 8 6 8 4 4 4 10 10 0 8 2 4 9 10 8 7 8 7 11 4 5 4 10 10 7 8 1 2 9 8 11 11 3 5 4 5 10 8 7 11 11 5 3 5 7 7 11 11 4 4 5 5 7 11 2 11 11 5 2 10 2 9 9 5 7 7 7 8
ppo_q50_s3_b_fd_l4,59,qv14_62,14,92,True,410.75,3.0508601665496826,5 5 9 9 5 5 10 7 2 7 11 11 4 5 5 7 7 11 2 11 9 5 5 9 7 11 5 5 7 10 8 7 11 11 4 4 5 5 10 2 0 7 6 11 11 4 5 2 9 7 8 11 11 5 5 7 10 7 7 7 9 8 7 8 4 3 10 10 8 4 0 7 7 8 7 7 7 11 2 11 3 11 5 5 0 10 2 9 3 7 11 5 5 7 11 4 4 1 2 9 9 5 7 8 11 4 5 0 9 10 6 7 8 8 4 10 7 7 8 7 11 11 5 2 7 11 11 5 2 4 3 7 10 7 7 7 7 8 7 6 7 11 11 2 2 9 3 11 4 2 5 7 11 4 11 2 2 9 8 11 7 9 8 7 7 8 7 1 4 4 4 11 3 5 11 2 11 4 9 4 5 5 0 10 8 7 7 7 10 7 8 11 11 2 5 9 5 9 5 10 10 7 7 7 8 8 4 4 10 0 2 9 9 7 8 8 11 4 10 2 8 11 3 11 4 5 5 10 7 8 11 1 4 3 4 4 5 7 11 9 5 1 5 10 2 7 7 1 4 3 9 5 10 10 7 2 8 7 6 10 10 8 8 1 11 4 5 4 4 11 4 3 5 10 10 8 8 4 4 10 7 6 10 7 8 8 11 2 11 4 5 10 10 7 7 8 6 8 11 4 4 5 10 7 10 7 7 7 8 7 1 1 2 6 9 8 11 11 5 2 10 8 1 9 9 8 8 4 11 4 4 4 5 1 4 4 9 5 4 1 9 11 5 5 7 7 11 11 5 0 2 9 8 4 10 6 9 7 8 8 11 4 5 10 10 7 7 8 8 4 4 0 10 7 0 2 9 9 8 7 8 11 4 4 3 5 10 10 7 7 8 8 4 11 4 4 5 10 10 7 2 8 11 2 11 4 9 3 5 5 7 4 10 0 0 2 9 9 8 7 8 11 2 6 11 3 11 4 5 4 4 1 5 7 11 5 4 11 3 7 11 2 5 11 2 4 4 10 10 2 8 10 7 7 9 6 7 8 8 4 4 10 10 8 8 4 10 10 8 2
ppo_q50_s3_b_fd_l4,60,qv14_63,14,92,True,402.25,3.8822762966156006,5 5 9 7 11 5 5 7 11 9 5 5 10 7 8 11 11 4 5 5 7 7 11 2 9 11 5 5 7 11 9 5 5 7 7 11 2 11 9 5 5 4 10 2 0 10 6 4 10 8 8 10 8 4 10 9 8 8 4 4 10 7 8 4 4 10 10 7 0 2 8 11 5 7 6 11 11 5 7 1 2 9 3 4 4 5 7 9 11 4 4 1 5 2 3 10 7 8 4 10 10 8 7 8 4 10 2 7 0 6 9 8 11 11 5 4 5 10 2 6 7 11 11 2 2 9 5 10 7 8 6 6 11 11 4 4 4 4 4 4 4 1 4 5 5 0 9 7 8 9 8 11 1 11 2 2 9 5 10 8 6 6 4 10 7 7 7 7 7 7 0 8 7 6 7 11 11 4 4 5 5 7 7 10 8 11 4 11 4 4 2 5 4 10 0 2 9 8 9 11 5 5 10 0 2 9 8 7 11 1 9 3 5 5 7 11 4 5 11 11 5 7 7 7 7 8 11 2 4 3 10 10 2 2 9 3 10 8 8 10 10 7 7 2 8 4 10 2 7 9 9 5 4 3 5 10 2 10 7 10 7 8 8 1 1 9 5 9 5 10 7 8 11 11 4 4 4 5 4 5 4 4 10 2 10 10 8 2 10 6 8 11 4 4 4 4 9 4 4 5 7 8 11 2 11 9 4 5 0 8 11 2 6 9 6 8 11 4 4 5 10 10 0 7 8 2 7 0 9 9 7 7 7 8 4 5 10 2 0 9 9 5 0 8 4 10 2 6 6 11 11 4 4 4 4 5 5 10 2 9 9 5 5 7 7 7 11 2 4 1 11 4 3 5 10 10 2 6 7 8 11 5 4 10 10 7 7 8 7 8 4 4 11 4 5 10 10 2 2 3 10 7 7 7 8 6 6 11 2 11 11 4 4 5 5 9 4 5 7 11 4 4 4 4 4 4 10 0 2 8 11 2 9 9 6 8 4 4 5 10 10 7 2 6 8 4 4 10 10 7 8 2 10 10 7 7 7 7 8 8
ppo_q50_s3_b_fd_l4,61,qv14_64,14,93,True,415.75,1.9630680084228516,3 5 2 9 9 5 5 9 7 7 11 1 5 5 10 10 2 8 9 11 4 4 5 5 7 10 6 8 11 11 2 5 7 11 11 4 4 5 5 7 7 11 11 5 5 0 9 7 8 11 11 2 2 9 5 4 10 10 7 7 7 8 8 11 4 5 10 7 7 8 6 11 11 2 2 9 4 11 5 4 5 7 11 5 0 9 9 5 7 8 11 2 4 3 10 10 7 6 7 7 8 7 7 7 7 7 8 4 10 2 7 7 11 1 3 7 11 5 3 5 10 7 7 8 11 11 2 2 1 3 9 3 5 10 7 7 8 11 11 2 2 11 5 1 9 4 4 4 3 5 10 10 7 7 8 8 11 2 9 4 4 10 7 6 7 8 2 4 10 8 4 3 4 4 10 10 7 0 7 7 7 8 8 1 11 5 7 11 2 9 9 6 4 5 7 7 8 11 4 4 5 7 7 11 11 5 2 11 4 4 4 4 4 5 3 10 10 2 2 9 5 4 3 10 7 10 7 8 2 9 7 8 4 4 10 10 8 2 7 10 8 4 0 9 9 5 5 10 2 10 7 10 8 8 1 4 10 2 9 9 5 4 3 4 4 5 7 11 2 6 11 11 2 5 4 4 1 3 3 10 10 8 2 11 5 10 6 10 8 4 0 0 2 9 8 1 9 9 8 8 6 11 11 2 4 4 5 7 11 2 3 7 11 11 4 5 5 10 2 0 9 9 5 5 10 7 6 8 4 4 10 10 7 2 8 7 10 7 2 7 7 10 6 10 2 2 6 11 4 4 5 7 7 11 11 5 4 4 5 7 1 9 9 5 7 8 9 8 11 1 4 4 4 4 3 4 5 10 7 7 8 4 4 10 10 2 2 6 10 10 8 7 8 4 10 2 10 2 6 6 6 11 11 4 5 2 7 9 7 11 1 5 5 7 7 11 2 11 11 2 5 7 11 9 5 4 5 7 11 2 4 4 3 10 10 7 6 7 7 8 8 4 4 4 10 10 7 7 8 8 11 4 5 10 10 7 8 7 8 4 10 2 6 7 11 11 2 2 9 3 5 7 11 11 2 5 7 11 4 4 11 4 4 4 4 5 2
ppo_q50_s3_b_fd_l4,62,qv14_65,14,93,True,413.75,1.649341106414795,5 5 9 7 1 9 5 5 7 11 9 5 5 7 7 11 11 5 5 7 10 8 6 11 11 2 5 7 11 11 5 5 10 2 7 6 9 8 1 11 1 9 4 5 5 7 7 11 1 2 9 9 3 5 2 9 7 10 7 7 8 4 5 10 0 8 9 4 10 7 8 7 8 4 10 7 10 8 1 4 5 9 4 5 0 7 10 2 9 9 5 0 8 7 10 2 7 11 3 7 11 5 4 4 5 9 7 8 11 11 5 1 3 4 5 10 8 7 11 1 2 6 11 3 7 11 2 3 7 4 5 7 7 11 11 2 5 7 11 2 4 10 6 8 11 11 2 2 6 4 10 6 8 4 4 10 10 8 2 7 7 7 7 6 6 10 7 8 11 11 4 4 1 4 5 5 7 7 11 1 2 9 9 8 1 5 11 2 9 4 9 4 3 5 2 7 0 9 8 9 7 8 11 4 4 5 10 10 8 7 7 7 8 7 11 2 4 10 7 7 7 11 5 2 3 10 7 7 8 9 4 10 7 8 2 6 7 11 11 2 2 11 2 9 9 5 3 5 10 7 7 7 8 11 4 4 10 8 2 9 7 8 11 4 4 5 7 11 11 4 4 4 5 4 1 5 11 2 9 3 10 8 2 4 10 10 7 8 7 8 7 11 1 2 11 4 3 4 5 9 7 11 4 5 0 2 9 8 11 5 10 6 4 10 7 6 7 7 7 7 8 8 11 2 9 11 2 2 3 3 10 10 7 2 8 4 10 6 4 10 7 0 2 6 8 11 4 5 7 7 11 11 2 2 9 3 4 3 5 7 7 11 11 2 2 3 7 11 4 11 1 4 2 5 7 11 5 9 9 3 7 7 8 7 8 1 9 4 4 10 2 0 2 9 3 10 7 8 4 5 10 10 7 8 8 11 2 6 4 10 6 4 10 7 7 8 2 4 4 10 2 10 2 6 6 11 11 4 2 4 5 10 2 6 9 8 11 11 2 3 3 5 7 7 11 11 1 5 2 7 1 4 9 5 7 11 5 3 4 10 10 2 2 9 7 8 4 4 10 10 8 8 11 2 9 4 10 8 8
ppo_q50_s3_b_fd_l4,63,qv14_66,14,90,True,380.0,1.0561637878417969,5 5 7 11 9 5 5 9 7 7 8 11 11 4 5 5 10 7 2 11 9 4 5 5 9 7 7 8 11 11 4 5 5 7 7 11 2 9 11 5 5 7 7 11 11 5 5 4 10 7 7 8 1 11 2 11 9 5 0 2 9 5 9 10 7 8 8 4 4 10 0 2 9 9 8 6 8 7 11 2 9 4 10 8 7 8 11 4 1 5 1 11 2 9 3 9 5 5 0 10 7 7 6 10 8 7 7 7 0 8 9 11 5 2 7 11 9 5 4 5 4 10 0 2 6 4 10 7 8 4 9 10 7 8 7 1 2 1 9 5 7 11 9 3 4 5 5 7 7 7 11 1 11 5 5 7 11 11 5 4 5 10 7 7 11 1 5 5 3 10 10 2 2 10 7 6 8 11 1 4 4 5 9 10 8 8 9 4 4 3 5 0 10 7 10 8 7 8 7 11 4 5 10 10 2 7 8 11 2 9 3 10 7 8 8 4 10 10 8 8 11 2 11 4 5 9 10 6 8 2 4 10 2 7 6 7 11 11 5 2 3 4 4 11 4 4 5 7 11 2 3 7 11 11 5 7 2 7 9 9 8 7 8 4 4 4 10 7 10 8 8 4 4 10 0 2 9 9 8 4 5 10 2 10 7 10 7 8 2 6 4 11 4 5 7 11 11 4 3 5 4 5 0 7 10 2 0 9 8 11 9 5 5 7 7 11 4 5 7 7 11 11 5 4 5 9 11 4 5 5 0 0 10 2 9 6 10 8 2 1 9 5 10 9 8 7 8 4 4 10 10 7 7 8 7 8 10 2 6 11 4 11 2 4 4 5 10 2 7 6 11 11 5 5 9 3 4 4 5 7 7 11 2 11 11 5 4 5 7 11 1 2 9 8 9 9 8 8 11 2 4 4 10 10 8 7 7 7 8 4 10 6 10 2 2 10 10 8 2 9 9 8 7 8 4 10 2 6 10 7 7 11 2 2 11 9 4 4 5 5
ppo_q50_s3_b_fd_l4,64,qv14_67,14,89,True,389.5,2.9945411682128906,5 5 9 7 11 3 5 2 9 9 5 5 10 2 7 10 7 8 11 11 4 4 4 5 5 10 0 8 10 2 6 11 3 11 4 4 5 5 10 0 7 8 11 2 6 11 3 7 11 4 5 2 9 7 8 11 11 5 5 7 11 9 5 5 10 7 8 11 11 2 5 11 2 9 9 8 7 8 11 2 4 4 10 10 7 8 1 2 9 5 10 6 10 2 8 4 9 4 4 5 10 10 7 7 8 8 4 4 4 10 7 0 9 8 8 4 4 10 10 7 7 8 4 5 10 10 8 1 2 9 5 9 10 8 1 2 9 8 11 3 4 11 4 5 5 7 11 11 5 5 7 7 1 11 2 9 3 10 7 8 2 11 2 9 9 5 4 5 9 10 7 7 8 8 1 11 1 2 4 3 3 3 10 10 7 7 7 7 8 8 11 4 5 10 10 7 7 8 1 2 4 10 6 8 11 4 10 2 7 8 7 11 2 9 4 10 8 8 1 4 4 4 4 9 9 3 4 4 4 4 5 2 7 11 2 11 5 9 10 2 7 2 6 4 10 7 8 4 10 7 6 10 2 8 1 9 9 8 8 11 2 11 4 4 5 10 10 7 7 6 8 1 2 9 4 5 10 10 8 7 8 11 4 4 5 9 7 11 2 4 5 7 11 4 3 7 11 4 5 5 7 11 4 3 5 10 2 3 10 10 8 8 7 11 2 4 11 5 3 10 10 2 8 4 10 10 8 1 2 9 8 4 10 6 7 7 7 7 8 10 10 8 1 2 9 8 11 4 5 7 11 11 5 4 5 4 11 4 4 4 5 0 9 9 5 5 10 2 10 9 8 7 8 11 4 1 2 9 5 3 10 10 7 8 7 8 11 2 9 9 8 8 7 1 11 2 1 4 4 3 10 10 6 8 8 4 4 10 10 2 6 8 4 10 10 8 1 2 9 6 4 10 6 8 8 11 2 4 10 6 10 2 2
ppo_q50_s3_b_fd_l4,65,qv14_68,14,90,True,390.5,3.0316390991210938,5 5 9 7 11 5 5 7 7 11 2 11 9 3 5 2 9 9 4 5 7 8 7 7 11 2 9 11 4 4 5 5 10 0 2 7 9 11 4 4 5 5 9 10 7 8 2 11 2 11 9 4 5 5 0 9 7 8 11 1 2 9 9 6 7 7 8 8 4 4 10 10 7 7 8 7 8 4 10 7 7 0 7 1 2 9 3 7 11 5 2 9 9 5 4 5 4 10 2 7 11 3 7 11 4 5 2 7 11 5 7 11 4 5 0 9 9 5 5 0 10 8 7 7 10 9 8 7 7 7 7 7 8 11 2 4 1 11 9 5 5 10 7 8 11 11 4 4 4 5 4 4 5 0 10 2 9 9 6 2 7 8 11 2 9 4 10 8 7 8 11 2 4 10 9 8 8 11 4 5 10 10 7 7 7 8 8 1 9 4 5 10 7 8 11 11 5 3 5 7 7 11 11 4 4 1 2 2 3 7 11 11 4 5 5 11 2 9 9 5 7 6 7 7 8 11 2 11 2 4 10 7 9 8 8 4 4 10 10 8 8 11 4 5 9 10 0 8 4 0 2 9 7 6 8 11 11 5 5 10 7 8 4 4 10 10 2 2 6 7 9 10 8 2 6 11 4 4 3 4 5 7 7 11 11 4 4 5 2 9 7 8 11 11 4 4 4 8 8 11 4 5 11 11 2 2 11 9 8 6 8 4 10 10 2 2 9 5 10 10 8 8 1 9 11 2 2 6 6 11 9 8 8 4 4 10 10 8 8 4 11 5 0 7 0 7 7 9 10 8 0 2 9 8 9 4 4 4 3 5 10 7 7 8 11 11 1 4 5 5 7 7 11 11 4 5 7 1 2 9 5 0 7 6 4 10 6 11 2 5 7 11 9 5 5 11 4 5 3 4 10 10 2 0 2 6 9 8 9 4 4 5 10 10 7 0 7 8 4 4 5 10 10 7 7 8 2 1 9 9 8 8 11 1 2 9 9 5 7 7 6 8 11 4 5 10 10 8 2
ppo_q50_s3_b_fd_l4,66,qv14_69,14,85,True,376.25,1.9596564769744873,5 5 9 7 11 5 5 10 2 7 6 11 9 4 4 5 5 7 7 11 11 5 5 10 0 2 9 9 4 4 5 5 10 7 8 9 8 11 11 1 4 5 5 7 7 11 11 3 5 2 0 9 7 8 4 10 9 8 8 4 4 10 7 7 8 4 10 4 4 4 10 7 7 7 8 4 0 2 7 7 9 7 8 11 11 5 5 7 7 11 11 5 2 9 5 9 5 10 10 0 2 2 6 9 9 8 7 8 11 4 1 4 4 4 4 3 5 7 7 11 11 4 2 5 4 10 0 2 9 5 9 10 7 8 2 4 3 10 7 7 8 4 10 7 7 10 7 8 2 11 5 0 9 6 11 5 2 9 7 8 6 11 4 11 4 5 2 4 9 4 5 7 11 1 5 3 4 4 4 4 4 10 10 2 2 10 9 6 8 2 10 0 7 2 9 8 4 10 7 7 0 8 9 6 11 4 5 5 0 10 7 7 7 8 4 11 5 11 4 9 5 5 7 7 11 11 4 5 3 5 7 7 7 11 2 9 4 10 8 8 11 1 5 1 11 11 2 3 4 5 7 6 0 9 7 7 8 4 10 10 6 7 7 8 2 9 11 5 5 10 7 8 1 4 10 6 4 10 8 7 0 7 7 1 2 9 5 7 11 4 4 4 3 4 5 1 9 5 7 9 11 4 4 5 4 4 4 0 2 9 5 10 10 8 0 2 9 8 11 5 9 10 8 6 8 4 4 10 10 2 8 4 10 10 8 0 2 10 9 8 7 7 8 9 11 5 5 7 11 2 4 3 4 11 5 10 7 8 10 10 8 7 8 11 2 4 4 10 10 8 2 11 4 5 10 9 5 5 7 11 4 11 5 3 5 7 11 4 5 7 11 11 2 5 1 9 3 5 10 10 2 8 10 6 4 10 6 8 8 10 10 7 2 8 4 10 7 10 8 8 10 2 7 7 11 11 5 2
ppo_q50_s3_b_fd_l4,67,qv14_7,14,88,True,380.5,2.1544344425201416,5 5 7 9 11 5 5 9 7 11 3 5 2 9 7 11 5 5 0 7 7 10 8 7 11 11 5 5 10 7 11 2 2 9 8 11 3 11 3 4 5 7 8 7 11 11 4 5 5 7 7 7 11 1 11 5 5 7 10 8 4 3 4 10 10 2 0 8 11 2 9 3 3 5 10 10 0 7 8 8 11 2 11 2 9 3 9 5 0 7 8 1 11 2 9 6 4 10 6 8 2 4 10 6 8 4 10 10 7 7 7 8 2 11 4 5 9 10 8 8 1 1 9 4 5 4 4 11 4 4 10 2 8 11 5 7 11 5 4 3 3 10 10 8 7 7 7 8 1 4 9 5 11 4 10 2 7 7 1 2 9 5 10 9 8 8 9 4 10 8 7 8 4 10 10 7 8 8 11 1 4 4 5 7 11 4 1 2 3 4 10 10 7 8 7 7 8 11 2 9 3 5 10 10 8 2 9 4 10 8 8 11 2 6 11 11 5 2 9 4 5 7 11 11 5 2 7 11 3 7 11 4 4 5 4 5 9 10 2 2 6 4 10 10 2 2 9 3 3 5 0 10 10 8 8 11 4 5 10 10 8 2 9 4 5 10 10 7 2 6 8 4 4 3 10 10 7 7 8 7 8 11 2 11 4 5 11 5 10 7 10 0 2 6 6 8 11 1 4 5 10 9 7 8 8 11 2 11 11 5 2 9 3 5 7 7 11 11 4 5 5 7 7 11 11 4 4 5 5 0 0 6 4 10 8 7 7 9 8 4 10 9 8 1 2 9 8 4 9 10 7 7 8 1 4 5 10 2 10 8 7 7 7 7 11 11 2 5 9 5 11 4 3 3 5 7 7 7 11 2 11 11 2 3 5 7 7 11 11 4 5 5 10 0 2 9 5 10 7 7 7 7 7 8 7 6 7 7 11 11 2 2 11 9 5 4 4 4 5 9 9 5 4 5 7 7 11 11 5 5
ppo_q50_s3_b_fd_l4,68,qv14_70,14,96,True,436.75,3.23881459236145,5 5 9 9 5 5 10 7 2 7 11 11 4 5 5 10 2 7 7 6 9 8 11 11 5 1 5 9 7 11 4 5 7 8 11 11 5 5 7 9 7 8 11 11 1 5 5 7 7 11 11 3 5 2 7 9 7 8 4 4 10 10 7 8 4 5 10 7 7 8 4 10 7 7 7 7 11 4 2 3 5 7 7 11 11 4 5 4 5 10 7 7 11 4 2 3 5 0 10 7 7 8 1 9 9 8 8 11 1 5 7 11 2 11 4 4 3 10 2 2 9 8 4 10 7 7 7 7 7 9 7 8 4 5 10 0 2 9 9 8 7 8 7 1 11 5 1 4 3 9 3 5 10 7 7 11 2 2 11 4 5 7 11 9 4 5 7 1 2 9 5 10 7 7 8 9 4 10 7 7 7 8 8 11 1 5 7 1 9 9 4 5 4 5 7 11 2 9 9 5 5 10 7 8 11 2 11 3 4 4 4 10 2 0 2 6 10 7 7 7 10 8 8 11 2 9 6 7 7 10 8 8 11 4 10 2 8 1 9 8 11 9 5 4 5 10 8 9 7 8 11 11 4 5 5 7 11 1 2 11 9 4 5 7 1 2 9 5 4 4 11 3 5 10 10 8 8 4 4 10 10 2 2 6 9 7 8 4 11 4 10 7 0 6 7 8 8 1 4 10 2 9 9 5 5 11 4 4 4 3 5 7 7 11 11 2 2 4 3 10 7 8 4 10 6 4 10 7 7 8 7 0 7 7 7 7 6 8 4 11 11 4 2 5 10 2 10 7 9 8 1 2 9 8 11 3 7 11 4 5 1 4 5 11 2 9 3 10 7 7 7 2 8 11 5 7 11 2 9 11 3 4 5 4 4 5 10 2 6 9 8 7 11 1 1 2 9 9 5 5 7 4 7 0 6 9 4 10 8 7 8 4 10 2 10 7 6 4 10 8 0 8 9 7 8 7 11 11 2 2 6 11 9 5 4 5 7 7 11 2 11 4 5 10 10 7 8 2 1 9 4 4 4 3 5 7 7 11 11 5 5 7 11 1 2 9 9 5 7 8 11 4 5 10 10 8 6 7 7 7 7 7 8 4 10 7 10 8 8 10 2 7 11 9 5 4 4 4 5
ppo_q50_s3_b_fd_l4,69,qv14_71,14,95,True,426.0,3.1600940227508545,5 5 9 9 5 5 7 9 11 5 5 10 2 7 11 9 4 4 5 0 8 9 8 4 10 8 7 7 7 11 11 5 2 11 4 11 4 5 5 10 0 2 6 11 2 9 9 4 3 4 5 7 8 7 11 2 9 11 4 5 5 10 2 10 0 2 6 4 10 7 9 8 4 5 10 0 7 7 6 8 4 10 10 2 2 6 11 5 10 9 8 8 11 2 6 11 11 4 4 1 3 5 2 10 2 9 3 5 7 7 11 11 5 4 4 3 5 7 10 8 11 4 11 2 2 11 1 9 8 8 4 10 6 4 10 8 7 7 7 7 7 0 7 8 4 10 2 6 9 8 1 11 3 7 11 2 2 9 9 5 5 7 7 11 11 2 3 5 7 11 11 5 5 7 7 11 2 11 11 2 3 5 7 10 7 8 9 4 10 8 7 6 7 8 4 11 4 5 10 10 7 2 0 6 8 11 4 5 10 10 2 7 2 6 9 9 8 8 11 2 1 11 4 4 4 3 3 5 10 7 7 8 1 11 11 2 2 3 11 5 7 11 2 4 9 3 10 8 2 7 9 8 9 10 7 7 8 7 7 8 11 4 5 11 5 10 7 10 8 1 2 9 8 11 4 4 4 5 7 11 4 11 5 2 9 4 5 7 9 10 2 7 8 4 4 10 10 6 7 7 8 7 8 4 10 7 7 7 7 7 11 1 5 5 10 7 8 11 2 1 4 4 4 4 11 5 3 11 5 4 3 7 6 4 10 10 2 8 10 10 8 6 8 4 4 4 10 10 0 8 8 1 11 2 9 4 3 5 10 10 8 8 11 2 4 4 4 4 4 11 5 3 10 10 8 8 4 4 10 10 6 7 7 0 7 7 8 8 11 4 5 10 10 8 8 11 4 5 10 2 0 9 6 11 5 2 9 9 4 5 5 10 2 10 6 7 8 11 11 4 4 4 5 2 7 6 11 11 2 5 4 1 9 4 5 7 11 3 4 4 4 4 10 2 0 2 9 7 9 8 4 4 5 10 10 7 7 7 6 8 8 10 7 8 4 10 7 7 11 5 2 7 11 4 9 5 5
ppo_q50_s3_b_fd_l4,70,qv14_72,14,94,True,421.75,3.144143581390381,5 7 4 5 9 9 5 5 10 7 2 11 3 7 11 4 5 7 8 11 2 6 11 11 5 5 10 0 2 9 3 7 11 4 5 5 9 7 7 8 11 11 4 4 5 7 8 11 2 11 4 4 1 2 9 6 4 10 8 8 4 10 7 8 4 0 10 7 7 6 8 9 4 10 8 1 4 4 5 10 7 7 7 7 6 11 2 2 3 9 5 10 10 8 2 11 4 5 7 11 4 11 4 4 4 5 3 5 10 7 7 7 8 11 4 1 11 2 5 11 2 9 3 10 6 7 7 8 8 11 1 5 4 10 0 2 9 7 7 7 7 8 6 11 11 5 4 5 3 4 4 4 10 8 4 10 7 10 2 2 9 10 2 7 7 7 7 7 8 11 2 6 6 11 4 3 5 7 7 11 11 4 4 5 4 4 5 0 7 7 10 2 7 11 3 7 11 5 2 7 11 2 9 4 4 5 9 9 5 5 7 0 10 8 9 4 10 7 7 2 8 4 10 7 9 8 4 5 10 0 2 6 4 10 7 10 8 1 2 9 8 11 5 3 7 11 4 5 7 11 4 9 4 5 7 1 3 4 5 7 11 4 2 11 1 2 9 9 8 8 4 4 10 2 3 10 10 7 8 8 11 1 5 10 2 9 9 5 7 8 4 4 10 2 10 6 7 8 4 4 10 10 7 8 2 9 7 8 4 7 11 4 4 5 10 10 7 7 8 0 2 9 9 8 4 5 9 4 5 7 11 5 7 11 4 4 4 4 11 4 4 4 5 2 11 1 2 9 9 8 8 4 10 2 10 6 4 10 8 2 6 9 7 7 7 8 1 4 4 9 5 11 4 4 5 4 4 4 10 10 2 8 10 7 10 7 7 7 7 7 8 2 11 2 9 9 8 8 6 11 11 4 5 7 2 11 4 5 4 10 2 9 9 7 8 8 7 11 1 4 1 4 3 4 4 5 11 4 4 11 2 2 9 8 4 4 10 10 2 6 8 4 4 10 10 2 8 10 6 4 10 8 7 8 9 8 4 10 10 7 8 7 8 7 11 2 1 9 9 5 7 8 11 4 4 5 10 10 7 8 8
ppo_q50_s3_b_fd_l4,71,qv14_73,14,95,True,415.25,3.2094216346740723,5 5 9 7 11 5 5 10 7 8 11 11 5 2 7 11 9 3 5 2 9 7 11 5 5 7 10 8 7 11 11 4 4 4 5 7 8 11 11 5 5 7 7 11 11 5 5 10 2 9 10 7 8 8 4 10 7 7 6 8 11 11 4 5 7 2 7 11 1 4 11 5 4 5 0 6 10 8 4 10 7 7 6 7 8 4 10 6 4 10 2 8 4 10 6 11 2 2 9 5 10 6 7 7 7 11 2 2 4 0 9 8 9 11 5 5 11 9 5 4 5 7 11 4 11 4 5 7 8 11 1 5 4 11 9 5 7 7 8 7 11 2 9 11 2 2 3 4 10 10 2 2 6 9 4 10 8 8 11 4 5 10 10 7 8 7 8 7 6 4 10 2 10 7 2 10 10 2 8 9 4 5 7 7 11 11 5 2 9 9 5 4 5 10 8 7 11 11 5 5 1 4 11 4 4 5 4 3 10 6 10 8 7 8 11 4 4 5 10 10 8 7 8 7 7 7 11 2 11 4 4 5 10 10 8 8 4 4 10 10 7 2 7 8 10 2 9 6 11 5 2 9 7 8 6 11 11 4 4 5 5 10 2 7 9 11 2 4 5 7 6 11 11 4 4 5 4 5 10 7 7 11 4 4 4 4 5 2 0 0 9 5 10 9 8 4 4 5 7 7 10 7 10 8 7 6 8 7 7 10 10 2 7 7 0 2 9 5 7 11 3 7 11 5 7 1 4 4 2 9 4 9 3 4 4 5 7 7 7 7 8 11 4 4 4 4 4 5 0 0 10 2 9 3 7 11 4 4 5 4 5 10 2 9 9 8 7 8 11 4 4 5 10 2 10 10 8 8 11 2 4 10 9 8 8 11 2 11 9 5 5 7 7 11 2 1 3 3 10 10 8 2 9 6 7 8 10 2 10 10 8 7 6 8 4 10 8 4 10 7 7 11 5 2 7 11 4 9 5 4 5 7 7 7 11 2 11 2 4 4 10 10 8 2 4 9 5 0 9 10 8 8 9 4 10 8 8 11 2 6 11 11 5 2 4 9 4 3 5 7 7 11 11 4 4 2 5 7 11 11 2 5
ppo_q50_s3_b_fd_l4,72,qv14_74,14,93,True,402.25,3.0821337699890137,5 5 9 7 11 5 5 10 2 9 7 11 3 5 5 9 7 11 5 5 10 7 7 7 7 11 2 2 11 3 11 4 5 5 7 10 2 9 9 8 1 5 7 11 2 9 11 5 5 7 11 9 5 5 10 7 8 11 11 2 5 0 6 9 8 11 4 5 10 10 2 7 0 2 9 3 5 10 10 7 2 6 7 8 4 10 10 2 8 11 5 9 9 5 4 4 5 10 2 10 6 10 7 7 8 7 8 11 4 4 5 4 10 10 7 8 2 4 10 8 7 11 2 9 11 5 1 2 4 3 7 11 4 1 3 4 5 10 9 8 7 8 11 2 11 9 7 8 8 4 4 10 10 8 8 1 11 2 9 9 4 4 4 4 4 5 4 5 7 6 7 7 10 7 7 7 8 4 10 7 7 0 2 7 6 7 11 11 4 2 5 9 7 8 11 11 5 5 7 1 3 4 4 4 9 5 7 11 2 4 11 4 10 2 2 9 5 10 7 6 4 10 8 6 8 4 4 10 10 7 7 8 7 1 2 11 4 5 10 7 11 2 5 9 3 10 7 7 6 8 8 4 4 10 10 2 8 7 7 10 2 9 9 5 5 10 0 2 9 7 11 5 5 10 2 9 9 5 7 7 8 11 1 2 11 3 11 2 5 7 11 3 11 2 5 11 2 9 3 3 11 4 5 2 10 2 9 9 5 5 4 10 0 0 2 9 6 7 10 7 8 2 10 8 4 4 4 11 4 9 5 1 5 10 2 9 9 3 5 5 10 2 10 2 9 10 7 7 8 8 10 9 8 7 7 8 11 2 1 11 1 4 4 4 4 4 5 3 3 10 10 7 8 7 7 2 11 2 9 6 10 8 8 9 4 4 5 10 10 7 7 7 8 8 4 4 10 2 10 10 2 8 4 10 2 9 9 8 8 1 11 5 10 2 6 6 11 11 5 3 5 7 7 7 11 11 4 4 5 7 8 11 11 5 4 0 0 2 9 8 6 11 11 5 0 2 9 9 3 5 5 7 7 11 11 2 5
ppo_q50_s3_b_fd_l4,73,qv14_75,14,91,True,411.0,3.02912974357605,5 5 9 9 5 5 7 9 7 11 4 5 5 10 7 11 5 2 9 7 11 5 5 0 0 7 9 8 7 11 11 2 2 6 9 8 11 11 2 2 9 8 11 4 4 3 7 11 4 5 7 8 11 9 4 5 5 7 7 11 11 5 5 7 10 7 7 7 11 4 5 5 10 10 8 2 11 5 3 4 10 10 2 7 8 11 4 10 7 8 6 7 8 11 4 1 2 11 5 9 10 8 1 2 7 6 11 5 10 9 8 8 9 4 10 8 8 4 4 10 7 7 8 7 10 2 7 7 11 11 4 5 1 2 6 11 3 11 5 4 4 4 4 4 5 7 11 2 4 11 2 9 6 4 10 8 7 8 11 5 10 2 9 9 8 8 7 10 8 0 7 0 7 10 2 9 3 10 2 7 8 11 2 9 9 5 4 5 9 7 11 4 2 3 5 7 11 11 5 2 4 4 9 11 5 7 7 7 8 11 4 5 11 11 5 2 10 8 11 2 3 10 7 6 10 7 8 7 7 7 0 8 9 4 10 7 8 2 7 11 1 2 9 6 11 5 7 6 7 7 8 1 4 4 11 4 5 9 7 11 4 5 7 8 11 4 4 2 1 11 4 3 4 5 10 10 2 2 10 10 7 8 8 11 4 5 9 5 0 10 10 6 7 8 8 10 9 8 7 8 9 1 4 1 2 9 5 10 9 7 8 8 4 4 10 7 8 1 9 8 11 11 5 5 7 11 5 4 4 11 4 4 5 7 11 3 7 11 4 5 2 7 1 9 9 8 4 5 7 7 11 2 11 3 4 10 2 0 2 9 6 6 8 11 1 4 5 9 5 10 10 7 8 8 4 10 7 8 4 10 8 0 7 10 10 0 8 2 10 7 8 9 9 4 5 5 7 11 11 5 0 2 6 6 11 11 4 4 5 5 0 10 2 9 7 6 6 8 11 11 1 4 2 5 9 9 4 5 7 8 11 2 11 11 4 5 5 7 11 2 11 11 4 5 2 10 9 8 7 7 6 7 7 7 7 8 4 10 10 2 7 8
ppo_q50_s3_b_fd_l4,74,qv14_76,14,90,True,404.5,2.332270860671997,3 5 2 9 3 7 11 5 2 7 9 11 5 5 10 7 6 8 11 11 1 4 5 5 7 10 6 8 11 11 2 5 7 11 11 5 5 10 2 7 11 3 7 11 5 5 0 10 2 7 6 4 10 7 7 8 4 10 6 4 10 2 8 1 9 9 8 8 11 1 5 7 11 4 3 7 11 4 5 5 7 7 6 11 11 1 5 5 10 7 8 11 11 4 5 5 10 7 8 11 11 2 5 10 2 9 9 8 4 5 10 2 10 9 8 8 4 4 0 10 6 4 10 2 6 8 4 4 10 7 8 4 4 10 10 8 2 9 8 11 11 2 2 3 7 11 3 9 5 5 7 7 7 11 2 11 11 2 3 3 5 10 7 7 7 8 1 3 4 10 10 8 8 11 2 4 10 6 4 10 7 8 4 5 10 2 10 7 9 8 8 7 1 11 2 9 4 5 7 7 11 11 2 2 6 11 4 5 9 7 11 2 4 5 7 11 4 4 11 2 5 3 7 7 7 9 7 8 4 10 7 7 6 8 11 4 10 2 2 9 6 4 10 2 2 7 7 6 6 7 11 11 1 5 5 10 7 8 11 4 3 5 7 7 7 11 11 1 2 2 3 7 11 4 3 3 5 10 7 11 2 2 3 7 11 2 3 9 10 8 8 11 4 5 10 10 7 7 8 8 11 1 2 9 4 10 6 8 8 1 1 11 5 9 10 8 1 2 9 3 5 10 0 7 9 6 7 8 4 5 10 10 7 8 2 9 4 10 8 1 4 5 10 2 6 11 3 7 11 5 2 7 11 4 11 2 2 6 11 5 9 10 8 8 1 11 2 9 9 4 5 5 10 7 8 11 2 4 4 3 3 10 10 7 7 7 7 8 8 4 4 10 10 7 7 8 8 11 2 1 4 9 5 7 11 4 4 3 5 7 11 11 2 2 9 3 10 7 7 0 2 2 9 3 10 8 7 8 4 10 7 9 8 8 1 11 2 9 9 8 4 5 10 2 7 11 3 7 11 4 2 5 7 11 11 4 4 4 5 2
ppo_q50_s3_b_fd_l4,75,qv14_77,14,88,True,395.5,2.8952343463897705,5 5 7 11 9 5 5 7 11 9 5 5 10 2 7 11 9 4 5 5 7 7 11 11 5 5 9 7 11 5 5 10 7 8 11 11 2 5 7 11 9 5 5 7 7 11 1 1 2 11 9 8 6 8 4 4 10 10 8 7 8 11 2 3 4 10 10 6 7 7 4 7 7 8 8 11 2 11 4 4 3 10 7 8 7 7 7 8 7 11 2 11 4 5 3 4 10 0 10 2 6 8 4 4 10 10 8 8 11 2 1 9 3 4 5 7 11 3 10 2 2 9 8 11 3 10 2 2 9 8 7 9 10 8 8 1 1 4 9 5 11 4 4 11 2 2 9 3 11 4 5 5 0 10 6 8 4 10 10 2 6 8 9 7 8 11 4 4 4 4 5 7 11 11 4 5 5 4 10 2 0 0 9 9 5 7 8 11 9 4 5 5 10 2 10 10 2 8 9 4 5 10 10 7 6 8 7 7 7 8 4 10 10 2 8 4 10 9 7 8 7 1 2 9 11 5 0 2 3 3 9 4 5 7 11 4 11 4 4 2 4 5 7 11 4 5 7 11 2 4 3 4 10 10 6 7 8 8 10 0 10 7 8 2 4 10 6 8 10 2 0 9 6 8 11 11 5 5 11 11 2 4 5 10 2 9 9 8 4 4 4 5 10 6 7 7 8 11 11 2 5 4 10 10 7 8 2 9 6 11 4 4 4 4 5 4 1 4 5 7 11 4 3 5 10 10 7 7 7 7 8 4 5 10 2 10 7 11 5 2 0 9 9 5 3 4 5 7 10 7 7 8 4 10 7 7 7 7 7 10 2 7 8 6 11 4 4 5 7 7 11 11 4 4 5 2 7 7 11 4 5 7 7 11 2 11 9 5 4 4 4 5 4 4 10 0 2 7 7 7 6 9 7 8 4 4 10 10 6 7 8 4 5 4 10 2 10 0 7 7 10 2 8 9 4 5 7 7 11 11 3 5 5 7 7 11 11 2 5 3 4 4 11 11 4 4 4 5 5 7 7 11 11 2 5 10 2 9 9 8 4 5 10 10 8 8
ppo_q50_s3_b_fd_l4,76,qv14_78,14,85,True,367.75,2.832512617111206,5 5 7 11 9 3 5 2 9 7 7 8 11 11 4 5 5 9 7 11 5 5 10 7 8 7 11 11 4 5 2 7 7 11 11 5 5 0 10 2 6 6 9 8 11 11 1 3 4 4 5 7 8 11 2 9 11 5 5 0 0 7 9 6 8 11 4 5 10 10 2 2 9 8 10 7 7 6 8 7 11 2 6 11 11 1 2 2 4 9 3 10 2 2 9 8 6 11 11 5 4 4 5 7 7 11 2 11 9 4 5 5 0 0 9 8 11 5 9 5 10 10 8 7 8 11 2 3 4 10 10 8 2 4 10 6 7 8 4 4 10 10 2 2 6 7 9 7 8 11 3 5 4 10 10 0 7 2 8 1 9 5 9 7 8 9 11 1 5 7 1 2 3 9 5 7 11 4 4 1 4 5 4 3 3 4 10 10 2 0 2 9 6 7 6 7 8 1 3 11 11 2 4 5 10 2 10 8 4 4 3 10 6 10 8 2 4 10 10 2 6 8 4 4 10 10 2 6 7 8 4 4 10 0 2 6 11 9 4 5 0 2 9 9 8 7 8 11 2 4 4 9 9 7 8 8 11 2 11 11 5 0 2 9 3 4 5 9 7 7 11 4 5 5 7 7 7 11 2 11 11 5 2 7 11 4 11 2 3 5 3 7 10 7 8 11 4 10 2 2 6 9 6 8 4 11 4 5 10 10 7 7 7 7 7 7 7 8 1 1 4 5 10 2 9 9 6 8 7 8 1 4 1 11 3 4 5 9 7 11 4 5 7 1 2 9 4 5 3 10 10 8 8 4 10 10 7 7 7 7 7 8 7 8 11 2 4 1 4 4 11 5 9 5 7 11 5 7 11 4 4 10 2 2 9 8 4 10 7 6 10 8 8 4 4 10 10 6 7 8 8 10 2 7 7 11 11 5 4 4 5 10 2 3 10 10 2 2
ppo_q50_s3_b_fd_l4,77,qv14_79,14,92,True,392.75,3.1124460697174072,3 5 2 9 9 5 5 10 2 7 11 3 7 11 5 5 10 2 9 7 8 11 11 4 5 5 10 7 8 11 2 11 3 7 11 5 5 10 2 9 7 11 4 5 5 0 10 2 9 9 5 7 8 11 2 9 11 5 7 1 2 9 9 5 5 4 10 0 2 10 6 4 10 8 6 6 8 11 4 4 4 5 10 10 2 2 7 10 6 8 4 4 10 10 8 4 0 7 7 8 11 2 9 4 9 5 4 3 4 5 10 7 0 8 7 11 11 2 5 9 7 8 11 11 4 3 4 4 4 5 2 7 6 7 7 11 5 7 11 11 1 5 5 0 10 2 3 7 11 5 9 10 8 8 4 4 10 2 10 7 7 7 10 8 2 6 4 10 7 8 4 10 2 9 9 8 8 1 1 3 9 4 5 9 7 8 11 11 4 4 5 7 1 2 9 5 10 6 8 7 11 11 4 4 2 5 7 11 9 4 5 4 1 2 9 8 4 4 10 10 8 0 2 3 9 10 8 2 9 4 10 8 8 4 4 10 10 2 7 8 4 10 7 7 9 8 7 7 8 1 3 11 4 3 5 7 7 11 4 5 7 7 11 11 2 1 2 9 5 7 6 11 11 5 5 7 11 4 1 9 4 5 0 2 9 6 4 10 8 8 4 10 8 4 10 10 8 7 7 8 4 10 7 10 8 2 0 9 8 11 3 4 5 7 7 11 11 5 2 4 3 7 11 5 11 4 4 3 11 2 5 7 11 4 2 4 4 10 10 8 2 9 8 1 9 4 3 5 7 10 10 8 7 7 8 11 4 5 10 10 2 6 6 8 4 11 4 5 10 10 7 7 2 7 8 1 11 2 9 4 5 10 10 6 8 8 10 7 8 4 10 10 2 8 11 2 6 11 3 5 7 7 11 11 5 5 4 11 4 3 5 7 7 7 11 11 4 4 4 5 1 4 5 11 4 2 10 2 6 9 10 2 8 9 8 4 10 10 8 2 4 10 9 8 7 7 7 8 10 10 0 7 2 6 8
ppo_q50_s3_b_fd_l4,78,qv14_8,14,93,True,422.5,1.112879991531372,5 5 9 9 5 5 10 7 2 7 11 11 5 2 9 7 11 5 5 9 7 11 5 5 10 2 7 9 11 4 5 5 10 0 7 7 8 10 2 6 6 6 11 11 2 4 5 7 11 11 2 5 3 7 7 11 11 4 4 5 5 7 7 11 11 5 5 10 7 8 11 11 5 2 9 7 8 4 4 10 10 8 7 6 8 11 11 5 2 9 7 8 1 11 4 5 10 10 2 2 6 6 9 7 8 4 4 4 10 7 10 8 2 1 9 5 4 4 1 9 5 3 10 10 8 8 4 4 10 10 8 0 9 8 8 4 4 0 9 10 7 7 7 8 2 7 11 2 11 3 11 5 3 5 10 2 10 7 7 7 6 8 11 2 11 11 2 2 3 9 4 5 7 7 11 11 5 4 1 4 4 4 3 5 0 0 6 7 6 4 10 6 8 7 11 11 2 2 9 8 11 11 5 5 10 0 2 3 9 7 8 4 4 10 10 7 8 8 4 10 7 2 0 6 6 6 11 11 4 5 7 2 7 11 1 2 9 6 11 5 4 11 5 2 7 11 4 5 4 9 11 5 5 0 7 7 9 9 8 7 7 7 8 4 10 7 7 1 2 9 9 5 5 7 7 11 1 4 5 7 11 11 2 2 11 3 4 5 7 10 10 8 6 8 4 4 10 10 8 8 11 2 9 4 5 10 10 7 8 4 0 7 8 11 2 9 9 6 8 4 4 5 10 7 7 7 8 10 0 9 5 5 7 11 11 5 4 4 5 10 2 9 7 7 7 8 11 4 11 4 5 4 5 7 11 4 4 5 7 11 1 4 4 4 0 7 2 6 9 9 8 4 4 5 10 0 0 7 8 4 10 6 4 10 8 8 10 10 8 2 4 10 10 7 2 8 4 3 4 3 7 11 4 5 11 1 4 5 0 9 9 5 5 10 9 7 8 8 4 4 10 10 7 7 8 8 4 4 10 7 8 7 11 11 2 4 5 10 2 0 6 6 11 11 2 5 7 11 3 11 5 4 4 4 4 5 10 2 9 9 4 5 7 7 8 7 11 4 5 7 11 11 5 5 4 0 0 10 2 9 3 10 7 7 7 8 8 4 4 10 10 8 2
ppo_q50_s3_b_fd_l4,79,qv14_80,14,91,True,386.5,3.034719944000244,5 5 9 7 9 4 5 5 7 7 11 11 5 5 9 7 7 8 11 11 4 5 5 10 2 10 2 7 9 8 1 9 9 8 8 11 2 11 11 3 4 4 5 7 8 7 7 11 5 7 11 11 4 5 5 7 7 11 11 5 5 0 10 7 8 9 11 4 5 7 8 11 4 5 10 2 10 6 4 10 7 0 8 1 2 6 9 11 4 5 2 9 5 4 3 10 7 10 7 8 7 8 11 4 2 11 4 10 2 8 4 10 7 6 6 8 4 4 10 10 7 7 8 2 4 10 2 10 2 3 7 11 3 3 5 7 7 11 4 5 7 7 11 11 4 1 5 2 7 11 3 5 10 10 8 8 4 4 10 2 9 7 8 11 11 5 5 7 7 11 11 5 5 7 7 11 11 5 7 1 2 9 5 10 7 7 6 8 4 10 6 7 7 7 8 4 0 7 0 7 7 7 11 11 2 5 9 5 9 9 5 5 10 2 10 7 7 6 8 11 11 4 1 4 5 3 5 10 7 7 8 11 11 4 4 5 4 5 7 7 7 11 11 1 1 5 2 7 11 9 5 5 7 7 9 7 7 8 11 9 5 5 0 9 0 7 7 8 4 10 7 7 7 8 6 7 11 11 1 2 2 9 8 11 4 9 4 5 3 4 4 5 7 11 2 4 11 4 10 2 6 6 8 1 11 4 5 10 10 8 2 11 5 10 7 6 4 10 8 8 10 10 2 2 10 7 8 9 7 7 8 6 11 11 4 4 4 5 5 0 0 10 8 7 6 9 8 11 11 5 4 5 7 7 11 11 5 3 5 7 7 10 8 11 4 11 4 2 5 4 10 2 9 7 7 8 11 11 4 5 1 4 5 10 8 11 9 5 5 7 11 2 4 4 4 10 10 2 8 9 7 7 6 8 11 4 4 5 10 10 7 8 7 7 8 4 4 10 10 7 8 6 8 4 4 10 0 2 3 10 10 8 1 2 9 9 8 8 7 11 1 2 9 9 8 8 11 11 4 4 4 5 4 5
ppo_q50_s3_b_fd_l4,80,qv14_81,14,92,True,405.5,3.059208869934082,5 5 7 11 9 5 5 10 2 7 11 3 9 5 5 10 7 7 7 8 11 4 11 1 4 5 5 7 7 11 11 5 5 7 11 2 9 9 4 5 7 8 4 10 8 9 11 4 4 5 5 7 0 0 9 8 7 0 7 7 7 9 7 8 7 6 7 11 11 2 5 7 11 11 2 5 9 7 8 11 11 5 5 7 7 1 9 4 3 4 5 10 7 7 7 8 11 11 4 5 2 7 7 11 1 2 9 3 11 5 5 7 10 2 9 9 8 1 5 10 2 3 10 6 10 8 8 1 4 10 2 9 9 8 8 4 4 10 2 10 6 4 10 8 2 11 2 9 5 10 7 7 9 7 8 7 7 7 1 1 2 9 4 4 4 5 9 9 7 8 7 8 11 2 11 4 11 4 4 4 5 2 7 1 9 9 8 4 5 7 7 11 4 5 7 11 4 10 2 8 9 10 8 7 7 8 7 10 8 1 9 9 8 7 7 8 7 7 7 11 1 2 11 11 2 3 3 4 5 7 11 3 11 4 5 2 10 8 11 4 11 4 4 4 5 2 9 7 8 7 11 11 2 2 9 8 9 4 10 6 8 2 4 10 8 4 10 6 4 10 7 2 7 0 2 3 10 8 10 7 0 7 8 6 6 4 11 11 5 5 7 11 11 4 4 5 5 10 7 11 4 5 7 1 2 9 5 4 3 4 10 10 7 2 7 8 6 11 4 4 5 7 11 5 10 7 10 2 2 9 10 8 8 10 7 8 1 9 3 4 4 11 5 3 5 10 7 7 8 1 11 11 4 4 4 5 2 0 9 8 7 7 6 9 11 2 5 4 11 2 3 4 10 10 7 8 2 11 5 10 7 10 8 7 8 4 10 10 8 2 10 6 9 8 7 7 8 11 2 7 7 9 11 4 5 0 2 9 8 9 8 11 11 5 2 11 11 4 5 2 11 5 9 7 6 7 7 6 8 11 11 4 4 4 1 5 2 9 7 8 11 11 5 1 4 5 10 2 9 9 3 5 5 0 10 10 8 8 11 11 4 4 5 5
ppo_q50_s3_b_fd_l4,81,qv14_82,14,84,True,372.25,2.7811295986175537,5 5 9 7 11 5 5 9 7 11 5 5 10 7 8 7 11 11 2 2 4 7 4 7 4 7 4 7 4 7 4 7 9 8 1 11 9 4 5 5 10 7 8 9 11 4 3 4 5 7 8 7 11 11 4 5 5 7 7 7 11 2 11 11 5 5 10 2 0 9 9 8 4 3 5 10 2 10 10 7 8 8 4 4 10 10 7 7 7 8 2 4 3 10 10 6 8 2 4 4 10 0 2 9 6 11 4 4 4 4 4 5 7 7 2 11 11 5 7 8 11 4 4 4 3 4 5 10 2 6 4 10 10 8 8 7 11 1 2 4 10 9 8 8 11 4 4 5 4 3 10 9 8 7 8 11 2 4 4 10 10 7 7 7 8 6 7 7 8 4 10 7 7 0 2 7 7 11 11 5 4 5 7 11 5 0 9 9 8 8 11 1 4 4 5 11 11 2 5 11 5 9 5 10 10 8 7 8 4 10 2 9 6 10 8 8 9 4 4 4 4 5 10 7 8 10 10 7 8 4 5 10 7 7 8 11 4 10 8 2 6 7 11 11 2 2 11 2 4 4 3 7 11 4 5 11 11 4 4 4 4 4 4 5 7 2 9 8 6 7 10 7 8 7 7 10 7 7 10 8 4 0 2 6 11 2 9 9 5 7 8 11 1 3 5 10 10 2 2 9 5 10 7 9 8 8 1 11 9 5 4 4 3 5 7 10 8 11 4 11 4 4 4 4 4 5 7 8 7 7 11 2 4 4 10 10 2 6 8 11 4 5 10 7 7 6 7 7 8 7 10 7 7 7 7 7 11 1 2 5 10 2 9 9 8 4 5 10 2 7 11 9 4 5 7 8 11 2 11 3 4 4 11 5 2 4 11 2 9 9 5 7 8 11 2 4 4 3 3 10 10 7 7 8 8 4 10 10 7 2 8 4 10 7 0 8 1 9 9 8 7 8 9 8 11 11 4 4 5 0 7 8 11 11 5 5 7 7 11 11 5 5
ppo_q50_s3_b_fd_l4,82,qv14_83,14,91,True,406.0,2.0916967391967773,5 5 7 11 9 5 5 9 7 7 8 11 11 4 3 5 2 7 7 1 9 11 5 5 7 10 6 8 11 11 2 5 7 11 11 5 5 7 7 11 2 9 11 5 5 0 7 11 2 9 9 4 5 5 7 7 11 2 4 10 9 8 8 4 10 9 8 7 8 11 5 11 4 4 5 10 10 7 7 7 8 8 11 1 1 4 5 9 10 6 7 7 8 7 7 8 4 10 10 7 8 2 10 2 9 7 11 5 4 3 5 10 7 7 7 8 11 11 4 2 1 4 4 3 4 4 3 5 10 7 7 7 7 8 11 11 2 2 4 1 11 5 11 4 3 5 10 10 8 7 7 8 11 2 4 10 6 9 8 8 11 4 4 4 5 10 2 7 10 10 8 8 7 7 6 10 8 11 4 11 2 2 6 11 9 5 5 10 7 8 11 11 5 2 11 4 4 5 7 11 9 4 5 7 8 11 1 2 11 9 8 8 1 4 3 3 10 10 7 7 8 7 7 7 8 4 10 10 8 1 2 9 5 10 9 8 7 7 8 9 11 4 4 4 4 5 2 9 7 8 11 11 4 4 4 4 4 4 2 5 0 0 9 9 5 7 8 11 4 5 10 0 2 6 10 6 6 10 7 7 7 7 8 7 8 11 2 6 11 4 11 2 5 10 2 9 9 5 7 8 4 4 4 10 2 10 10 8 8 11 2 1 4 3 7 11 3 3 5 4 11 11 4 1 2 3 3 5 0 10 7 8 9 8 11 11 1 2 2 3 3 7 9 7 8 11 4 10 8 8 4 4 10 10 7 8 2 4 3 10 10 8 8 11 4 5 10 10 7 7 0 0 2 8 9 9 7 8 8 4 11 5 4 10 0 2 9 9 8 1 4 3 5 10 7 8 9 8 11 11 1 2 5 10 8 9 8 11 11 5 4 4 5 0 0 6 7 11 11 5 2 9 3 5 7 7 11 11 4 5 4 4 5 11 2 4 4 10 10 2 8 10 9 8 6 7 8 4 4 10 10 7 7 2 7 8 4 10 9 8 7 7 8
ppo_q50_s3_b_fd_l4,83,qv14_84,14,91,True,414.5,3.0148866176605225,5 5 9 7 1 9 5 5 9 7 11 4 5 7 8 11 2 9 11 5 5 10 0 2 9 3 7 11 4 4 5 7 8 11 11 5 5 7 7 11 11 3 5 2 7 0 9 8 9 4 10 8 8 4 11 5 10 7 10 7 7 7 8 2 1 9 9 4 5 5 10 2 10 6 4 10 8 7 8 4 10 10 8 1 3 4 5 10 8 10 8 7 11 11 2 4 4 5 10 2 7 9 11 4 1 4 2 3 3 5 7 7 7 11 11 1 5 4 5 0 9 9 8 1 2 9 6 4 5 10 10 7 7 7 8 7 8 6 11 11 2 2 9 5 10 8 4 3 4 10 10 0 7 2 8 6 6 4 10 8 11 4 11 1 4 4 2 3 4 4 5 4 0 10 7 2 6 10 7 7 7 6 8 11 2 6 11 11 5 4 5 10 2 6 7 11 11 2 4 5 10 2 7 6 11 2 9 9 8 7 8 11 2 4 11 3 7 11 5 2 11 9 5 5 7 7 11 4 3 5 7 7 7 11 11 4 2 5 10 2 3 10 10 2 7 8 4 10 2 6 6 11 11 2 3 5 10 2 10 8 4 10 9 8 7 8 4 4 10 10 7 7 7 7 8 1 2 3 10 2 9 9 5 4 5 7 11 2 3 4 4 11 4 5 7 11 4 3 4 11 2 1 2 9 8 9 4 10 7 8 0 8 11 2 9 4 4 5 10 10 8 6 6 8 4 4 4 11 5 10 7 10 7 7 8 1 4 2 10 6 8 4 10 6 10 2 2 9 5 4 10 10 8 8 7 11 4 0 2 9 9 8 8 4 10 2 9 7 11 5 4 5 11 5 7 6 7 11 11 4 4 4 4 5 4 4 4 4 4 5 7 11 4 4 0 9 7 8 8 11 4 10 7 7 7 7 7 2 7 7 8 11 2 11 4 4 5 7 7 11 11 5 2 4 3 7 11 5 9 11 5 7 6 7 8 11 2 4 4 10 10 8 8 4 10 10 7 7 7 6 8 8 11 2 4 10 6 10 2 6 8 10 10 8 7 7 1 1 2 9 6 8 10 10 2 2
ppo_q50_s3_b_fd_l4,84,qv14_85,14,91,True,397.75,2.2902324199676514,5 5 7 11 9 5 5 7 9 11 5 5 10 2 7 11 9 3 4 5 7 8 7 11 2 9 7 8 11 4 11 4 4 5 7 8 7 11 1 11 5 5 0 10 7 2 9 9 5 5 10 7 8 4 4 10 10 8 7 7 7 8 4 10 2 0 9 6 11 4 5 7 8 11 11 4 5 2 10 8 9 6 11 2 4 5 7 7 11 2 11 4 11 3 4 4 4 5 5 7 9 0 7 8 11 2 9 9 8 8 7 11 2 11 11 4 5 0 8 11 2 9 5 10 6 7 7 6 8 4 4 10 10 8 4 0 2 6 9 8 4 4 10 10 8 2 9 4 5 10 10 8 8 1 11 4 4 4 5 7 11 4 4 3 4 4 5 10 10 2 2 6 10 8 4 10 7 7 7 8 4 10 7 6 7 7 7 11 2 1 2 9 8 9 11 4 1 2 3 3 5 3 10 7 7 7 8 4 1 11 11 5 5 7 10 7 8 9 4 10 2 2 9 6 10 8 2 4 10 8 4 10 8 7 11 1 4 3 4 11 4 5 5 7 11 11 4 4 2 4 5 9 10 7 8 1 4 4 5 10 2 9 9 8 4 5 0 10 2 3 9 10 7 8 8 4 10 7 8 0 7 9 7 8 9 10 8 1 4 1 2 9 8 11 4 3 4 11 5 5 11 1 2 9 9 8 4 3 5 0 10 7 8 10 7 8 11 11 5 2 11 11 5 5 7 10 7 6 7 8 4 4 10 10 7 8 0 8 4 10 2 9 9 8 7 8 11 2 4 4 9 10 7 8 4 0 2 9 9 8 8 1 9 11 4 5 3 5 10 7 7 7 8 11 5 11 11 4 5 1 2 3 10 7 10 8 2 4 10 2 6 9 8 10 9 8 8 7 7 1 11 2 6 11 11 4 4 4 4 5 5 7 7 11 11 4 5 5 7 11 4 11 5 5 10 2 3 4 10 10 2 7 8 4 4 10 10 2 6 8 4 10 10 8 2 9 8 4 4 10 10 8 7 2
ppo_q50_s3_b_fd_l4,85,qv14_86,14,90,True,391.25,1.2809417247772217,5 5 9 9 5 5 7 7 11 11 5 5 7 7 6 11 2 11 11 5 5 10 0 2 3 7 11 3 7 11 5 5 7 7 11 2 9 11 5 5 9 10 7 2 7 8 11 2 9 6 11 2 5 7 11 2 11 4 9 5 5 0 9 7 8 11 4 10 8 6 8 11 2 4 4 10 10 2 2 7 6 4 10 7 6 7 8 1 9 9 8 4 5 10 2 7 11 3 11 5 5 7 7 11 2 9 11 2 5 7 11 5 7 11 4 3 4 4 4 10 2 2 9 7 8 4 10 10 7 7 7 7 2 6 8 4 10 10 7 8 8 11 2 1 9 5 7 11 3 5 7 11 11 5 7 1 2 9 5 4 3 10 7 10 2 2 9 7 8 4 9 7 11 3 4 4 4 5 2 9 7 8 11 1 4 11 5 2 9 7 8 4 4 10 10 6 7 7 7 7 7 7 7 0 6 8 8 11 4 4 5 10 10 7 2 8 1 9 4 5 10 7 8 11 11 4 5 5 4 11 5 10 9 8 8 7 7 11 2 11 11 2 2 4 4 9 5 7 11 9 4 5 1 2 9 8 1 9 3 5 7 10 6 10 8 2 7 7 0 9 7 8 4 10 7 7 7 7 7 11 2 5 0 9 9 5 5 10 7 2 11 3 7 11 4 5 7 8 11 9 4 4 4 5 7 8 11 11 5 5 7 7 11 2 1 11 2 9 9 5 7 8 9 11 2 2 4 4 3 10 10 7 7 8 6 8 11 4 4 5 10 10 7 7 8 8 4 4 10 10 2 0 8 11 5 9 5 10 10 8 7 7 8 11 2 4 4 1 4 4 9 9 5 5 11 4 5 7 11 11 2 4 5 9 10 8 6 7 8 11 4 4 4 5 4 10 10 2 2 10 10 2 6 6 8 10 10 7 6 8 8 11 4 4 5 7 11 5 10 7 10 7 7 8 8 4 4 10 2 10 0 2 7 11 9 5 5 7 11 9 5 5 11 3 7 11 5 4 5
ppo_q50_s3_b_fd_l4,86,qv14_87,14,92,True,400.0,3.062346935272217,3 5 2 9 9 5 5 10 2 9 7 11 4 5 5 9 7 7 8 11 11 4 5 5 7 7 7 11 1 11 5 5 10 7 8 9 11 2 2 9 11 4 5 5 7 7 11 1 2 9 9 5 5 10 2 9 7 8 4 4 3 10 10 7 8 8 11 2 4 4 10 10 7 7 6 7 7 2 7 8 4 10 2 6 10 7 11 2 2 9 8 11 3 11 3 4 5 5 10 7 8 11 1 9 5 4 4 5 10 8 10 7 11 4 4 2 4 5 7 11 4 4 4 1 2 9 6 4 10 7 6 8 7 8 7 1 11 4 2 11 2 4 3 10 10 6 8 8 4 4 10 10 8 8 11 4 5 10 10 7 7 8 8 7 1 1 9 8 11 11 2 5 9 5 9 5 7 7 7 6 11 11 4 2 4 3 5 10 7 7 11 2 2 9 11 5 4 5 7 7 11 2 9 11 4 5 0 2 9 8 9 6 8 11 4 4 5 10 10 7 7 0 7 6 7 7 7 8 8 11 2 4 4 3 4 10 7 8 4 4 10 10 0 8 7 7 8 11 1 3 4 5 10 10 2 2 9 3 5 10 10 7 8 8 11 2 6 11 4 11 4 4 4 5 0 2 9 7 8 4 10 7 9 8 1 2 9 8 7 6 11 11 4 4 4 3 4 5 4 5 10 7 7 8 11 11 4 5 5 7 7 11 11 2 5 7 11 2 4 3 3 10 10 2 7 6 8 11 4 4 10 2 2 0 9 9 7 8 7 8 1 11 1 5 9 9 5 5 10 10 7 8 8 11 1 4 5 3 10 10 2 2 10 6 9 6 7 8 7 7 8 1 4 11 4 5 10 10 8 8 1 9 4 4 5 11 4 4 5 7 11 4 4 4 4 10 2 2 6 9 8 11 4 5 10 10 7 8 2 9 7 9 8 7 8 4 4 10 2 10 10 8 7 7 7 7 7 8 7 1 11 2 9 9 5 4 5 10 7 7 8 9 8 11 11 2 2 11 11 5 5 11 2 9 6 11 4 4 4 2 5 11 9 5 4 5
ppo_q50_s3_b_fd_l4,87,qv14_88,14,89,True,384.75,2.9983363151550293,5 5 9 7 11 5 5 9 10 2 2 7 9 11 3 4 5 7 8 11 11 5 5 9 7 7 8 11 11 4 5 5 10 2 7 9 7 8 11 11 1 4 3 5 2 7 9 7 8 11 11 1 5 5 10 2 3 10 10 2 8 11 2 3 3 10 10 2 6 8 9 4 4 10 7 8 8 4 4 10 10 8 2 4 10 7 9 8 4 0 2 9 3 4 4 5 10 2 7 7 10 6 10 7 2 8 4 10 0 2 9 5 7 11 3 7 11 5 2 4 11 4 3 10 2 2 9 3 7 11 4 4 4 4 4 5 2 3 10 10 2 8 7 11 2 11 5 9 3 10 7 8 2 11 2 4 10 7 6 4 10 8 8 4 0 7 6 9 7 8 4 10 2 7 10 9 8 4 0 2 9 5 7 6 11 11 4 2 4 5 7 11 2 9 3 11 5 5 7 7 11 2 11 2 9 4 5 3 10 10 7 7 8 7 7 7 8 11 4 2 9 11 5 4 5 10 7 7 8 11 4 10 2 2 9 8 4 10 9 8 7 8 1 9 5 11 4 3 4 4 4 4 4 5 4 11 2 4 4 10 10 8 1 2 9 3 5 4 10 10 2 2 9 5 10 10 8 8 7 6 9 7 7 8 11 4 5 10 7 7 10 7 7 8 7 7 8 1 4 11 2 11 4 4 5 9 10 2 2 3 3 10 10 7 7 7 7 7 8 8 11 2 11 5 10 2 6 6 11 11 4 2 5 9 3 5 7 10 7 8 11 11 2 2 9 5 7 7 6 11 4 11 4 4 4 5 2 11 4 4 4 4 4 5 4 3 10 7 10 7 7 2 7 2 9 10 8 1 2 9 5 10 6 8 4 10 10 2 8 10 10 2 6 8 4 10 9 8 8 4 4 10 10 8 1 2 9 5 9 10 8 1 2 9 8 11 3 7 11 5 5 10 2 7 11 3 11 4 4 4 4 4 4 2 5 11 11 4 4 2 5
ppo_q50_s3_b_fd_l4,88,qv14_89,14,89,True,375.25,2.9402198791503906,3 5 2 9 9 5 5 10 7 2 11 9 4 5 5 10 7 8 11 11 4 5 5 10 7 8 9 8 11 11 1 4 5 5 0 7 11 2 9 5 9 7 11 5 5 9 7 11 5 5 10 2 7 11 2 3 4 10 10 7 2 8 10 2 6 9 9 8 8 4 4 10 0 8 4 10 8 1 9 3 7 11 4 5 4 5 10 2 7 7 11 11 5 4 5 0 10 7 7 6 7 8 4 9 10 8 8 1 4 10 2 9 7 6 4 10 8 2 7 1 4 10 2 9 9 5 4 4 4 4 5 7 11 2 11 4 11 2 5 10 8 11 4 9 5 4 5 7 9 6 7 8 4 4 10 10 7 8 7 8 4 4 4 10 7 10 2 6 8 4 11 5 10 7 10 2 2 7 7 9 7 8 11 4 10 2 2 9 8 7 11 11 5 3 3 5 7 7 7 10 8 11 4 11 4 2 4 4 4 5 7 11 2 9 9 5 5 7 7 11 2 11 9 5 4 4 4 0 2 9 5 10 10 2 6 7 8 4 4 10 10 8 2 4 9 10 8 7 8 7 11 4 5 11 5 10 6 10 2 2 9 10 8 0 2 9 7 8 4 10 7 6 11 2 2 3 9 3 5 7 7 11 11 2 5 7 11 4 3 4 4 5 7 7 11 11 4 4 2 4 5 10 10 8 1 2 9 9 8 8 11 1 5 9 10 8 8 11 4 10 8 8 4 10 9 8 4 0 2 6 11 5 7 11 4 11 2 4 4 5 10 8 6 11 11 2 5 3 10 7 8 4 10 9 8 7 8 4 10 7 7 10 0 8 8 4 10 7 10 2 8 11 2 9 9 8 1 3 5 10 7 8 11 11 2 5 3 4 10 10 2 2 9 5 10 7 6 8 11 11 4 4 2 3 5 7 7 6 11 11 4 2 5 7 7 11 11 2 5 9 4 5 7 11 4 11 2 5 7 11 11 5 2
ppo_q50_s3_b_fd_l4,89,qv14_9,14,92,True,407.75,3.053412437438965,5 5 9 9 5 5 7 7 11 11 5 5 10 7 6 8 11 11 4 4 5 5 0 0 7 10 2 9 8 6 11 11 5 5 7 11 9 4 4 5 5 7 10 7 8 11 4 4 11 5 5 0 9 10 2 7 8 11 2 3 7 11 4 4 9 5 5 4 0 10 7 8 11 11 2 2 9 3 10 7 7 8 7 7 8 4 10 2 9 7 6 7 8 11 11 4 5 5 7 7 11 1 4 4 4 4 5 0 9 9 5 4 5 4 10 2 0 9 6 10 8 7 8 11 2 11 4 5 10 10 7 6 8 8 7 10 7 7 8 7 7 11 11 2 4 5 10 7 8 1 11 9 4 4 5 5 11 1 2 9 4 5 7 7 7 7 10 7 7 6 8 11 11 5 4 4 5 10 2 9 8 7 10 7 8 11 4 4 11 4 4 5 4 4 5 7 7 11 11 2 5 9 11 5 5 7 7 7 7 7 7 10 7 8 11 11 5 7 1 2 9 5 3 10 10 7 7 7 0 2 6 7 8 9 8 7 6 7 11 11 5 2 1 4 4 11 3 4 5 10 2 9 9 5 5 7 11 5 10 7 7 11 5 2 9 5 10 10 8 2 11 5 10 7 6 10 8 2 9 8 11 4 4 4 4 4 4 5 7 11 11 5 2 4 10 0 2 9 8 9 11 5 5 7 9 7 7 8 7 7 7 10 7 10 8 7 8 7 11 1 1 2 11 4 4 3 3 4 5 7 11 11 2 5 9 7 8 4 4 10 10 2 6 8 10 10 7 8 8 11 4 5 10 10 7 7 8 6 8 1 1 9 4 5 10 10 2 2 9 5 0 9 6 9 8 8 1 11 2 9 11 5 3 5 10 7 7 8 11 1 11 5 5 7 7 11 11 2 5 4 4 1 9 4 5 3 10 10 7 8 8 11 4 2 10 6 4 10 2 6 7 7 7 8 4 10 6 4 10 2 7 8 11 2 3 4 3 7 11 4 5 4 10 10 8 8 4 4 10 10 7 0 8 8 7 11 2 4 4 10 10 8 7 2
ppo_q50_s3_b_fd_l4,90,qv14_90,14,90,True,386.25,2.4353749752044678,5 5 3 7 11 9 3 5 5 7 10 7 8 7 11 11 2 1 2 9 5 7 6 11 11 4 5 5 10 2 7 10 6 7 8 11 4 11 4 4 4 5 5 10 7 8 9 7 8 11 11 1 1 4 5 5 7 7 11 11 5 5 0 10 8 9 9 8 8 9 7 8 11 4 11 2 2 4 10 8 1 9 9 8 8 11 1 5 11 2 6 4 10 10 6 7 8 8 4 9 10 8 8 4 11 5 10 7 10 8 7 8 11 5 4 10 0 2 6 7 11 11 4 5 7 1 2 9 9 8 4 4 3 4 4 5 10 7 11 4 4 4 4 5 5 7 7 11 2 11 4 10 2 8 9 6 8 4 4 10 10 7 7 8 4 2 4 10 0 2 9 6 8 10 7 10 8 2 4 10 8 4 10 2 9 3 7 6 11 2 4 5 9 4 5 7 11 5 7 11 11 2 4 5 7 7 9 7 7 8 1 9 4 5 7 11 11 1 5 4 4 4 4 5 7 7 11 2 9 4 10 8 7 6 8 7 11 1 1 3 4 5 10 7 11 2 2 9 5 10 6 10 8 8 11 2 4 0 6 6 6 11 11 2 4 5 9 5 0 10 10 7 8 8 4 4 10 10 2 7 6 6 8 10 10 8 2 11 4 5 11 11 2 2 6 11 4 4 4 4 5 7 11 5 9 7 11 5 0 2 9 5 4 4 3 10 10 8 2 0 9 7 8 9 4 10 8 7 7 7 6 8 4 10 10 8 8 4 4 4 4 11 4 5 10 10 8 2 9 11 5 2 10 7 8 7 7 7 11 11 4 4 5 0 2 9 7 8 9 8 11 11 4 5 5 7 7 7 11 11 4 3 5 2 11 5 7 7 7 7 7 11 2 11 11 5 4 3 5 10 7 11 2 2 3 9 7 8 10 10 7 7 8 6 8 11 4 4 5 10 10 2 2 10 7 8 7 6 7 11 11 5 4 5 7 7 11 11 2 2 4 3 7 11 3 5 10 10 8 8
ppo_q50_s3_b_fd_l4,91,qv14_91,14,89,True,392.75,2.9442591667175293,5 5 9 7 11 5 5 9 7 11 5 5 10 7 8 11 11 2 2 3 7 11 9 4 5 7 8 11 11 5 5 7 9 7 8 11 11 1 5 5 0 10 2 9 9 8 4 5 10 0 7 8 4 0 9 6 9 8 8 4 4 10 10 7 0 2 8 11 9 4 5 4 4 4 4 4 5 10 7 7 7 7 6 7 8 11 11 1 5 1 2 6 9 11 5 5 10 7 7 7 8 11 11 4 4 4 4 4 4 5 5 0 10 8 4 0 9 9 8 4 3 5 10 0 0 8 9 9 8 4 4 5 10 2 10 7 10 6 7 8 8 4 4 10 10 8 4 0 2 6 7 11 11 2 2 9 5 7 11 5 7 11 3 7 11 5 0 2 9 6 7 8 11 2 4 11 9 5 4 5 10 7 7 11 4 4 1 4 3 5 5 10 7 2 7 11 11 5 5 10 2 9 9 7 8 4 4 5 7 0 9 5 10 10 8 8 9 8 4 4 10 10 7 7 8 4 0 6 7 7 8 4 10 2 6 7 7 11 11 2 2 11 3 7 11 5 5 10 7 8 11 11 5 4 5 10 7 7 8 11 11 4 4 1 5 2 9 7 8 11 4 3 10 7 8 8 4 4 10 2 10 10 7 7 7 8 2 9 8 6 11 11 2 4 5 7 11 3 5 7 11 5 7 11 4 4 11 4 4 1 5 2 3 7 10 7 8 4 10 9 8 4 0 2 7 9 8 9 6 7 8 4 10 10 7 7 8 4 4 5 10 2 10 10 8 1 2 9 8 11 4 3 3 7 11 4 5 5 7 11 11 1 4 5 0 2 6 9 4 5 10 10 2 2 9 5 7 9 6 11 2 4 3 5 10 2 9 7 7 8 11 11 2 2 4 9 9 4 5 5 0 0 6 7 7 7 7 7 0 9 8 4 0 7 10 2 9 9 8 8 1 9 4 5 10 7 8 11 11 4 5 5 10 2 9 7 8 11 11 5 5 0 10 2 9 9 3 5 5 7 7 11 11 5 2
ppo_q50_s3_b_fd_l4,92,qv14_92,14,91,True,409.25,2.50502610206604,5 5 9 7 11 5 5 10 2 9 7 11 4 5 5 9 7 11 5 5 7 7 7 10 8 9 8 11 11 5 7 1 2 9 8 11 3 11 1 5 5 9 7 7 8 11 11 4 4 5 7 8 7 11 2 9 11 4 5 5 10 7 7 11 2 2 1 9 9 5 7 8 11 2 4 10 6 4 10 7 8 7 8 11 2 3 4 3 10 10 7 8 7 8 4 10 10 7 7 7 8 7 1 2 11 4 3 3 4 4 5 7 11 2 11 11 2 2 9 5 7 1 9 9 5 5 3 10 10 7 8 8 11 4 4 10 2 0 7 8 4 10 2 9 6 7 7 10 7 7 8 8 9 4 4 5 4 10 10 2 2 9 5 9 7 11 5 4 4 5 4 0 0 9 9 5 7 8 11 1 3 5 7 7 11 11 5 2 10 8 11 4 4 3 7 11 4 5 2 1 9 9 8 7 8 11 2 4 9 10 8 4 0 7 7 8 4 10 8 4 10 7 9 8 8 1 11 2 6 11 3 4 5 10 8 7 11 11 2 2 3 7 11 4 4 4 5 4 4 0 0 10 9 6 8 6 8 4 4 10 10 7 7 7 7 2 7 7 8 4 10 2 7 11 2 3 11 4 4 3 5 7 7 11 11 2 2 3 9 5 7 7 11 11 2 5 11 2 11 9 4 5 5 7 0 6 9 4 10 7 8 0 7 8 4 10 7 7 9 8 4 0 2 9 9 8 7 7 8 4 11 2 9 9 5 7 8 11 4 1 4 4 5 7 11 3 7 11 5 5 10 2 10 8 11 4 4 11 2 5 0 9 6 11 5 5 10 7 11 5 5 0 10 2 9 3 10 8 7 8 4 10 2 9 9 7 5 4 5 10 7 7 8 4 4 10 10 7 7 8 7 7 8 7 1 11 2 11 9 5 1 5 9 5 7 7 11 4 4 4 3 4 4 5 4 4 4 10 10 2 2 7 10 7 8 9 4 11 5 5 9 7 7 8 10 10 7 7 7 2 6 8 4 4 10 10 2 0 2 9 8 4 3 10 10 8 8 7 11 2 4 4 10 10 8 2
ppo_q50_s3_b_fd_l4,93,qv14_93,14,92,True,408.25,3.865438222885132,3 5 2 9 9 5 5 10 7 2 11 9 4 5 5 10 7 8 9 8 11 11 1 4 5 5 7 7 11 11 5 5 7 7 11 1 2 9 9 5 5 9 7 11 5 5 7 10 8 4 10 10 7 2 8 6 11 11 4 4 2 3 5 10 7 7 7 8 1 4 4 9 11 4 2 1 2 6 4 10 6 4 10 7 2 6 8 4 4 10 10 6 7 8 8 1 4 10 2 9 9 8 8 11 2 1 3 7 11 3 4 5 10 7 7 11 2 2 11 2 9 9 8 4 4 4 5 7 11 4 2 3 4 10 10 2 2 9 3 5 10 10 6 8 2 6 4 10 8 4 10 10 7 7 7 8 8 4 10 2 7 7 7 11 1 2 9 9 5 4 4 5 9 5 7 0 7 7 10 7 8 1 9 9 5 5 7 7 11 11 5 1 5 11 4 4 3 5 7 11 11 2 2 9 4 10 6 8 7 8 4 4 10 10 8 8 4 10 0 8 4 10 2 10 6 11 2 4 3 5 10 7 8 11 11 4 5 1 4 2 9 5 11 11 2 4 5 9 9 5 7 7 8 11 2 4 10 6 4 10 7 8 0 2 9 9 8 8 4 10 7 8 1 9 11 4 4 5 0 7 8 11 2 9 11 5 4 4 5 10 2 3 3 10 10 6 7 7 7 8 7 7 7 8 4 10 7 7 7 7 7 11 1 5 5 10 7 8 11 1 9 4 5 7 8 11 2 11 5 4 4 4 4 3 4 4 11 3 5 10 10 2 8 10 10 7 7 6 8 8 4 10 7 8 11 4 10 7 2 8 11 2 9 5 7 11 4 4 4 4 10 0 2 8 11 5 4 11 4 3 5 7 9 10 7 8 8 4 10 10 6 7 7 7 8 8 11 4 5 10 2 9 10 2 2 7 6 7 11 11 5 2 7 1 9 4 5 7 11 5 3 11 4 5 11 11 2 2 3 9 4 4 5 10 7 11 4 5 2 10 2 9 9 8 4 5 10 10 6 7 7 7 7 2 7 6 8 4 10 10 7 8 7 8 11 2 9 4 4 10 8 8
ppo_q50_s3_b_fd_l4,94,qv14_94,14,94,True,417.25,3.08827543258667,5 5 9 9 5 5 10 2 7 9 11 4 5 5 10 7 8 11 11 4 5 5 0 7 11 2 9 5 9 9 5 5 7 7 11 11 5 5 10 7 8 11 11 4 5 5 0 0 9 6 8 4 4 10 10 7 2 8 11 5 10 7 10 8 8 4 4 10 7 7 8 1 3 4 10 10 8 8 11 11 2 2 6 11 4 4 9 5 4 5 0 6 10 8 11 4 11 2 2 9 6 7 8 11 4 11 2 2 9 8 9 11 5 3 5 0 10 7 7 7 8 9 4 10 7 8 8 1 1 9 9 5 4 5 7 11 4 1 2 9 6 11 4 5 4 5 7 11 2 4 4 4 9 10 2 2 3 10 10 8 6 8 7 11 2 11 1 2 9 4 5 10 10 7 8 7 7 8 6 6 4 10 8 10 8 11 4 11 4 4 2 4 4 5 9 7 8 11 11 4 5 2 10 0 2 9 5 7 11 9 5 4 3 5 7 0 7 10 6 8 11 1 9 5 4 4 1 4 0 2 9 8 9 4 10 8 7 0 7 7 8 7 11 2 11 9 5 5 10 2 9 9 5 5 7 11 2 3 10 7 10 7 7 6 7 8 4 0 7 7 7 8 11 2 3 9 7 11 5 7 7 8 11 5 7 11 11 2 5 0 6 9 8 11 11 4 5 7 8 11 4 1 4 5 11 4 5 7 11 4 11 2 5 3 7 7 7 7 7 7 9 8 10 10 8 0 7 7 7 7 7 11 2 5 10 8 10 2 9 9 5 4 3 5 0 10 2 7 11 3 7 11 5 3 5 7 11 2 4 11 5 7 11 4 11 2 3 5 10 7 8 4 4 10 10 2 2 9 9 8 4 0 7 8 11 2 9 3 4 5 9 10 8 7 8 11 1 4 4 5 7 1 4 3 3 10 10 8 8 4 10 7 10 7 7 8 8 4 10 0 2 9 7 8 11 11 4 5 7 8 11 2 4 11 5 10 7 10 8 7 7 8 11 2 9 9 8 4 5 7 11 3 11 4 5 4 4 5 7 11 4 4 4 10 8 2
ppo_q50_s3_b_fd_l4,95,qv14_95,14,90,True,399.25,2.976727247238159,3 5 2 9 9 5 5 7 7 11 2 6 11 11 5 5 9 7 7 11 2 2 9 11 5 5 10 7 11 3 5 5 7 7 7 11 2 11 11 5 5 7 7 11 11 5 5 0 10 2 9 7 7 6 8 11 11 4 5 5 0 9 5 10 7 6 8 4 4 4 10 10 2 7 7 8 11 4 1 4 3 4 5 4 10 2 10 6 10 7 8 4 0 7 7 9 8 7 8 1 3 7 11 1 2 3 10 8 4 10 6 4 10 7 8 4 5 10 10 8 2 9 4 5 7 7 11 1 4 5 0 9 9 5 7 6 8 11 11 1 3 5 4 5 7 11 5 7 11 5 7 11 11 2 4 5 4 10 2 10 6 8 11 4 10 2 2 9 8 6 4 4 10 10 6 7 8 7 7 8 11 4 4 4 5 7 10 10 7 8 8 4 4 4 10 10 7 8 8 4 4 4 10 2 7 7 11 2 11 2 9 9 5 5 7 1 9 3 7 11 4 5 2 11 2 9 11 4 4 4 5 5 7 7 9 7 7 7 7 8 4 10 10 8 2 9 8 1 1 4 9 5 7 11 4 5 4 3 4 10 10 7 0 2 8 11 2 9 3 3 5 10 10 7 7 7 8 1 2 9 5 10 7 7 7 6 10 2 2 7 7 7 7 11 2 9 11 5 3 4 4 5 10 2 9 7 8 7 11 1 2 6 11 11 5 5 7 11 4 3 5 4 10 10 2 2 9 9 7 8 8 9 4 4 4 5 10 7 7 7 10 7 7 7 2 7 7 8 1 3 11 5 9 5 7 7 11 11 4 4 2 1 2 9 11 4 5 4 4 5 3 10 10 2 7 8 7 11 4 5 9 5 10 0 10 8 7 7 8 4 10 2 9 9 8 6 7 7 8 7 11 2 11 4 3 4 4 4 4 4 4 5 0 7 7 11 2 11 3 7 11 5 4 5 10 2 9 9 8 4 5 11 2 4 4 10 10 2 2 6 10 7 10 7 7 6 8 8 10 2 3 10 10 7 8 8 4 4 10 10 8 8 10 2 3 10 10 2 2
ppo_q50_s3_b_fd_l4,96,qv14_96,14,89,True,393.25,2.8911185264587402,5 5 9 9 5 5 0 7 11 2 9 9 3 5 5 7 7 7 11 2 11 9 4 5 5 10 7 7 8 11 11 4 4 5 5 7 7 11 11 5 5 7 7 11 11 5 5 0 9 7 8 4 4 10 10 2 7 8 4 10 2 9 9 8 4 4 5 10 7 7 8 7 11 2 11 4 9 4 4 4 5 0 7 8 7 10 2 9 9 7 8 8 11 2 9 4 10 7 7 7 8 1 5 7 7 10 7 1 2 9 3 7 8 11 11 4 4 5 4 4 4 5 9 7 11 4 1 2 5 7 11 2 9 4 3 10 7 2 7 7 8 11 5 9 7 11 5 5 10 7 7 7 7 7 8 7 10 10 2 2 6 4 10 8 9 11 5 5 10 7 8 11 11 2 5 10 8 11 4 4 3 7 11 2 1 3 5 10 7 8 11 11 4 5 2 10 8 11 9 3 4 4 4 5 2 9 10 2 2 9 3 10 8 7 8 11 2 9 4 10 8 7 8 11 4 4 5 10 7 7 7 6 7 7 7 8 4 10 7 7 7 7 7 11 4 5 2 10 2 3 7 11 3 7 11 4 4 5 4 5 4 10 0 2 9 7 7 7 7 8 4 10 7 10 2 2 9 8 9 11 3 4 5 5 7 7 11 11 5 1 5 7 11 2 9 9 4 5 5 0 10 8 4 3 10 7 7 8 4 10 7 7 8 4 0 9 7 7 11 5 5 7 11 5 11 4 4 4 4 5 11 11 2 2 9 6 8 11 11 5 4 5 0 0 7 7 7 10 2 9 9 5 0 8 0 9 5 10 6 7 7 10 8 2 9 10 8 2 6 11 11 2 2 9 5 4 0 9 9 5 5 7 7 11 2 11 9 5 4 4 5 4 0 10 2 9 3 7 11 5 4 4 5 7 11 11 2 5 7 11 2 3 4 10 10 8 7 7 8 4 10 6 10 2 7 7 8 7 11 2 9 4 4 5 10 10 7 8 7 8 10 2 9 9 8 4 4 4 5 10 10 8 7 8
ppo_q50_s3_b_fd_l4,97,qv14_97,14,90,True,399.75,3.012971878051758,5 5 9 7 11 5 5 9 7 7 8 11 11 1 5 5 7 7 1 9 11 5 5 10 7 8 9 9 8 8 11 2 11 11 1 5 2 9 9 5 5 9 7 11 4 4 5 5 0 10 7 7 8 7 11 2 9 11 5 5 9 5 0 0 0 6 7 10 8 9 8 4 0 7 6 6 11 11 5 5 7 7 11 11 4 5 5 7 7 11 2 11 11 3 4 4 8 1 5 11 2 9 6 10 8 2 4 10 8 10 8 7 7 10 7 7 7 6 7 7 7 11 1 2 2 3 4 10 7 8 6 11 11 4 5 5 9 5 7 10 7 7 8 11 11 2 2 11 4 11 2 3 4 5 3 9 11 2 5 7 11 1 2 9 9 5 5 7 10 7 6 8 7 7 11 4 11 4 5 5 10 7 7 8 11 11 2 4 5 7 10 2 9 7 7 10 8 8 4 10 0 2 9 3 10 8 4 4 5 9 7 8 11 11 4 5 2 10 7 8 4 10 7 10 8 8 4 10 8 4 10 6 11 2 2 9 5 4 1 4 3 4 11 9 5 5 10 7 8 11 11 4 5 4 4 4 0 2 9 5 10 10 8 7 7 7 7 7 7 7 7 7 7 7 8 10 0 2 9 5 7 11 9 5 4 3 4 5 10 2 10 0 2 9 7 7 8 11 11 4 3 3 5 5 4 4 10 8 7 11 11 5 5 7 11 5 7 11 4 4 1 11 5 2 10 8 4 10 6 4 10 8 2 4 10 2 9 6 4 10 7 7 7 7 8 7 7 7 2 10 8 4 4 4 4 11 11 5 4 3 4 3 5 10 7 8 7 7 11 11 4 1 5 4 4 5 3 10 7 7 8 4 10 10 2 2 9 8 7 11 4 10 2 2 6 9 4 10 8 2 7 10 7 6 10 2 2 9 5 0 7 9 9 8 7 8 1 1 4 4 4 4 4 4 4 11 4 3 3 4 5 10 8 7 11 11 4 1 5 2 10 8 9 9 8 4 4 5 10 10 7 7 7 7 8 8 4 4 10 10 8 6 8 4 10 10 8 2
ppo_q50_s3_b_fd_l4,98,qv14_98,14,85,True,374.5,1.5960698127746582,5 5 9 7 11 5 5 7 11 9 5 5 7 7 11 11 5 5 10 7 1 2 9 3 7 11 5 5 10 0 7 8 11 2 9 9 4 5 5 7 7 11 11 5 5 9 7 11 5 5 7 7 11 2 9 4 10 8 8 7 11 2 4 4 10 10 8 8 1 11 2 4 3 3 10 10 7 6 7 7 8 8 11 2 4 10 7 6 4 10 8 8 4 10 0 2 6 7 11 11 2 5 10 2 3 9 7 11 5 1 3 4 3 5 10 7 8 10 7 7 8 11 11 2 4 5 11 11 5 5 7 7 11 2 11 11 5 2 9 3 5 7 7 0 9 6 8 4 4 10 10 7 7 2 8 4 10 10 7 8 2 9 9 8 8 4 11 2 7 7 1 9 3 7 11 4 4 5 7 2 11 9 5 4 4 4 5 7 11 4 2 4 4 4 10 10 0 8 2 9 6 6 7 8 1 4 11 4 4 5 10 7 10 8 2 4 10 9 8 6 7 7 8 4 10 2 10 8 6 11 11 2 4 5 3 4 10 10 2 7 8 11 4 5 10 10 2 8 11 5 3 7 11 9 5 4 4 4 5 4 0 10 2 6 10 7 7 8 4 10 10 7 7 2 8 4 10 9 8 1 2 9 8 11 9 5 3 5 7 7 11 4 0 2 3 4 9 5 7 11 11 1 4 4 5 0 2 10 8 11 9 8 8 7 7 7 10 9 8 7 8 1 4 10 2 3 10 8 11 3 11 5 2 7 11 3 7 11 2 2 9 5 4 11 11 3 3 4 5 5 0 10 2 9 9 8 4 5 10 7 7 2 7 11 11 4 4 5 5 7 10 2 9 7 7 8 4 10 6 8 4 4 10 10 7 2 8 4 10 7 7 7 7 7 8 7 11 11 2 2 11 4 5 7 11 9 5 4 3 3 4 4 5 7 11 11 5 5 11 1 2 4 10 9 8 8 10 10 7 7 7 7 7 7 7 7 7 8 8
ppo_q50_s3_b_fd_l4,99,qv14_99,14,91,True,397.25,1.768608808517456,5 5 9 9 5 5 10 2 9 7 11 3 5 5 7 7 7 11 2 9 11 4 4 5 7 8 7 11 11 4 4 8 4 5 10 7 7 8 11 11 4 4 5 5 7 7 11 11 5 5 0 9 7 8 4 4 10 10 8 8 11 4 5 10 10 8 7 8 4 4 4 10 10 2 0 2 9 5 10 7 9 8 7 8 4 10 6 7 11 2 4 0 2 6 9 4 5 7 7 11 11 2 2 9 8 9 11 4 5 4 5 10 7 7 8 11 1 9 4 5 5 7 7 11 11 4 3 4 5 2 7 11 4 4 4 0 2 9 9 8 8 4 10 7 8 4 10 7 7 7 8 4 10 0 8 4 10 9 8 4 0 7 8 11 2 9 9 5 7 8 11 2 6 11 11 4 4 4 4 4 5 4 4 4 5 10 7 7 7 7 8 9 8 4 4 10 0 7 8 11 9 5 5 7 7 1 11 4 1 2 11 9 5 5 9 7 11 5 4 5 7 7 10 8 0 7 7 7 9 8 4 10 7 7 7 7 8 7 11 11 2 4 5 9 5 9 10 7 8 1 1 2 9 5 9 7 11 5 4 4 4 5 9 7 11 5 4 5 7 7 10 7 8 11 2 4 4 11 4 2 10 6 4 10 8 7 6 8 4 10 7 7 7 8 1 4 1 9 3 7 11 2 5 11 2 9 9 5 7 8 11 2 11 4 3 5 10 10 0 2 7 8 9 4 5 10 10 0 8 2 9 4 5 10 10 6 7 6 8 8 4 11 4 5 10 10 7 7 8 2 1 11 5 9 5 7 11 3 4 5 7 7 7 11 11 2 1 2 6 11 4 9 4 4 5 0 2 9 5 9 5 10 10 8 4 0 2 9 7 9 6 8 2 7 7 7 10 2 7 6 7 11 11 2 5 9 4 5 4 4 11 1 2 9 4 4 4 5 3 10 10 7 7 8 8 11 4 5 9 5 10 10 0 2 6 8 11 4 5 10 10 2 6 7 7 7 8 10 8 11 3 4 10 2 2 10 7 6 10 2 2
