agent,env,problem_name,ion_count,op_count,solved,duration,compile_time,actions
ppo_q50_b_fd_l4,0,qv14_0,14,96,True,480.25,3.6315815448760986,5 5 7 11 9 5 5 7 7 11 2 11 3 7 11 5 7 2 11 9 5 5 10 2 7 9 11 4 5 5 10 7 8 11 11 4 5 5 7 7 11 11 4 5 0 8 9 8 4 4 10 10 8 8 1 4 3 10 7 7 7 7 7 7 8 4 10 7 7 7 7 11 4 5 7 8 11 11 2 5 7 6 11 11 4 5 4 4 4 5 4 10 2 9 10 7 7 8 7 7 7 7 8 11 4 4 5 4 10 10 2 8 6 11 11 4 4 4 5 4 4 5 10 2 7 6 7 11 11 4 4 4 5 2 7 6 11 11 2 5 9 7 8 4 4 10 10 7 8 2 6 11 11 2 5 9 7 8 4 4 10 10 8 7 7 7 7 8 1 4 11 4 3 4 4 5 7 1 4 3 4 10 10 8 8 7 10 10 8 7 8 11 4 1 4 4 5 11 4 4 5 4 4 10 10 7 7 7 8 7 7 8 4 10 6 4 10 7 7 8 7 8 4 10 7 7 7 11 5 5 10 2 9 7 8 11 11 5 4 5 11 5 0 7 10 7 7 8 11 9 4 5 4 5 10 8 4 10 7 11 4 5 4 4 4 4 5 4 10 7 8 11 11 5 4 4 4 4 5 0 10 6 7 7 7 8 4 4 10 10 7 7 8 8 7 11 2 6 4 10 7 8 4 10 10 7 8 2 9 4 5 7 11 4 4 4 4 4 10 8 2 11 5 11 4 3 10 8 7 7 7 8 11 5 10 7 7 7 7 7 11 5 2 10 8 7 11 11 5 3 4 4 4 4 5 11 4 4 4 4 10 2 8 11 5 11 11 4 5 5 9 7 7 8 7 7 10 7 8 7 7 10 10 7 2 8 9 4 5 10 10 8 2 7 7 6 11 4 4 4 5 7 7 11 11 2 3 5 10 7 8 11 11 4 5 2 4 4 11 4 4 5 3 10 10 8 4 0 6 7 8 11 2 3 4 0 10 9 8 8 7 11 4 4 5 10 7 10 8 8 7 7 7 10 10 8 8 11 1 4 4 5 10 7 8 4 10 9 8 8 1 11 4 5 7 11 3 7 11 4 4 4 4 5 2 11 4 9 5 5 7 7 7 7 7 10 0 7 8 9 8 11 11 5 4 5 4 10 7 8 11 11 5 5 4 11 11 5 7 7 7 8 7 11 2 4 4 4 4 3 10 10 7 7 7 8 7 7 7 7 7 7 8 7 7 7 7 7 11 11 4 5 2 10 8 9 11 5 5
ppo_q50_b_fd_l4,1,qv14_1,14,91,True,454.5,1.1178052425384521,5 5 7 11 9 5 5 7 7 11 11 5 5 0 10 8 6 11 11 2 5 7 11 4 9 4 5 7 8 11 1 9 5 5 10 2 10 8 11 4 4 9 5 5 7 7 11 11 4 5 0 8 9 8 4 4 10 10 8 8 4 4 10 7 8 4 4 10 10 7 2 6 8 11 1 4 4 3 5 7 11 4 4 5 4 10 10 8 7 8 4 10 10 7 7 7 8 7 7 8 4 10 2 6 7 11 11 4 2 3 4 4 5 7 7 11 2 4 4 4 4 4 4 11 4 5 9 10 8 8 11 2 4 9 10 8 7 8 11 2 3 4 10 10 7 7 8 7 10 8 8 11 1 3 5 10 7 7 7 0 7 6 8 11 11 5 5 10 7 2 11 9 4 5 5 11 5 0 7 9 10 7 8 1 4 4 5 10 8 11 3 4 11 5 2 7 11 4 5 4 4 3 4 10 10 2 6 7 7 7 7 7 8 7 11 4 5 10 10 8 8 4 10 10 8 7 7 8 7 11 11 5 5 11 4 4 2 11 5 4 4 3 4 10 10 8 7 7 7 8 11 4 1 9 5 4 4 4 5 0 7 9 8 4 10 0 10 8 7 7 6 8 7 7 11 4 4 4 4 5 10 7 7 7 10 7 8 4 5 10 10 8 2 11 5 3 4 11 4 4 4 11 4 5 2 7 11 9 4 4 5 4 4 5 11 2 7 10 9 8 7 0 8 4 10 7 6 7 8 4 10 7 7 10 8 2 11 5 7 11 4 3 4 4 11 5 5 7 11 4 4 11 4 2 5 10 7 8 9 10 8 8 0 7 7 9 7 10 2 6 8 7 7 10 10 8 2 9 4 4 4 5 7 11 5 11 11 4 4 5 2 7 9 8 1 4 4 4 4 11 5 11 9 5 5 7 0 6 10 7 7 7 7 7 7 7 8 4 10 7 0 6 8 11 11 4 5 4 5 10 8 7 11 11 2 3 5 7 4 7 4 10 0 7 7 8 4 10 7 8 6 11 11 4 5 5 7 7 11 11 4 5 4 11 5 5 10 7 7 8 7 11 11 5 4 5 7 10 7 8 11 11 4 4 4 5 5 10 2 10 7 7 8 4 11 11 3 5 4 5 0 9 5 10 10 7 7 7 7 7 7 7 8 8 4 4 10 10 7 2 7 8
ppo_q50_b_fd_l4,2,qv14_10,14,92,True,457.0,2.6157383918762207,5 5 7 7 11 11 5 5 9 7 7 11 4 5 5 10 7 11 5 2 7 11 9 5 5 10 7 7 8 7 11 2 11 4 11 3 5 5 7 7 11 2 11 9 5 5 7 7 11 11 4 5 0 8 9 8 4 10 7 7 7 7 7 8 1 4 11 9 5 4 5 7 11 5 4 10 0 9 8 8 4 10 10 7 7 2 7 8 9 4 10 7 8 7 8 1 3 7 11 4 5 7 7 11 11 4 5 2 7 11 9 5 4 5 7 11 4 11 4 2 4 5 9 7 8 4 10 7 7 7 7 7 10 7 7 8 2 6 11 4 5 7 7 11 11 2 4 3 5 10 2 10 6 8 4 4 10 10 7 2 6 8 11 1 3 4 4 4 4 4 4 5 7 11 4 2 3 4 10 10 8 7 8 11 2 3 4 10 10 8 7 8 11 4 4 5 7 11 4 5 4 4 10 7 10 2 8 9 8 4 11 5 10 7 10 0 8 6 7 7 7 7 8 11 4 10 7 8 8 4 11 4 2 3 7 11 4 4 4 4 4 5 10 7 10 8 2 9 11 4 2 4 3 4 4 4 5 0 9 5 10 8 4 10 7 7 10 7 7 8 7 7 8 11 2 4 3 4 10 10 7 7 8 8 1 9 8 11 11 2 4 5 10 8 11 9 4 4 5 4 4 4 5 0 7 9 10 8 7 7 8 4 10 7 8 7 7 7 11 11 5 4 4 4 5 4 10 2 10 9 8 8 11 4 5 7 7 7 10 10 8 4 4 4 4 4 4 4 4 4 4 4 4 5 7 11 2 4 3 4 10 10 7 7 2 8 4 10 8 11 9 5 4 5 7 7 10 8 7 7 10 7 7 7 8 4 10 8 7 10 7 7 11 2 5 4 4 4 4 11 11 5 4 5 9 7 8 11 11 5 4 5 10 7 7 7 7 2 9 7 8 4 4 10 10 7 2 8 10 6 8 11 11 4 4 5 4 4 5 4 11 1 4 3 4 5 10 10 7 8 2 9 8 4 10 7 7 7 8 11 11 2 5 7 11 5 4 4 4 3 10 10 7 7 7 2 6 7 8 4 4 4 4 10 10 8 10 8 7 7 8 4 10 8 7 7 7 7 7 11 11 2 5 7 11 11 5 4 3 4 4 4 5 7 11 11 4 4 5 4 4 4 4 5 11 2 6 4 10 10 8 8 1 9 4 10 8 8
ppo_q50_b_fd_l4,3,qv14_11,14,90,True,460.75,2.564189910888672,5 5 7 11 9 5 5 10 7 8 11 11 4 5 5 7 7 11 11 5 5 0 10 6 7 8 11 4 11 4 4 5 5 10 2 7 11 4 9 5 5 7 7 11 11 5 5 0 9 10 8 2 9 4 10 8 8 4 4 10 10 8 7 7 8 4 10 7 7 7 7 7 11 2 3 5 10 7 8 11 11 4 4 5 4 5 4 11 4 5 4 4 4 4 4 10 10 2 8 4 10 9 8 7 7 7 7 8 7 11 4 10 8 7 7 8 11 4 5 10 7 7 7 7 8 7 11 11 2 4 5 9 7 8 4 10 8 11 4 11 4 4 4 4 4 5 5 11 4 11 2 4 3 5 10 10 7 7 8 7 7 7 8 7 1 11 4 4 4 4 3 5 10 0 7 8 10 10 8 7 7 7 8 11 4 4 4 4 5 10 10 8 8 11 4 3 4 5 11 2 9 11 5 5 7 11 5 7 7 7 7 7 10 7 7 10 8 0 7 7 7 6 8 11 1 9 5 4 5 10 2 9 7 10 8 8 11 4 5 7 7 11 11 4 5 4 4 5 7 7 11 4 11 4 5 5 0 10 6 8 11 11 4 5 5 7 11 11 5 4 5 7 7 0 9 5 7 7 7 10 7 7 7 7 7 7 10 2 8 11 5 10 7 7 8 6 11 11 4 5 2 4 4 4 9 4 5 7 7 11 11 5 2 9 7 11 5 5 7 11 5 4 11 2 4 4 10 10 7 8 7 8 9 10 7 7 7 8 8 4 10 8 1 4 11 4 4 4 5 11 4 4 5 7 10 7 7 10 7 8 7 8 4 10 9 8 7 0 8 6 11 4 5 7 11 4 11 4 5 2 11 5 4 3 4 10 10 2 7 7 8 10 7 7 6 8 4 10 10 7 8 2 9 4 5 4 4 1 3 4 4 11 4 5 0 10 9 8 8 1 9 8 11 11 4 4 4 5 5 1 9 8 10 10 7 7 7 7 7 8 7 8 4 0 6 4 4 4 11 4 4 4 4 5 10 2 7 7 7 7 6 7 11 4 4 4 4 4 4 4 4 11 2 5 3 10 7 8 4 4 10 10 7 7 2 7 8 11 5 9 10 8 8 4 10 7 7 7 8 4 4 10 10 8 7 8 1 9 8 11 11 4 4 4 4 4 5 4 5 7 7 11 11 2 5 7 11 9 5 4 4 5
ppo_q50_b_fd_l4,4,qv14_12,14,92,True,457.75,1.2519257068634033,5 5 7 11 6 11 5 5 10 7 8 11 11 2 5 7 11 9 5 5 7 7 11 11 5 5 10 7 7 8 11 4 11 4 5 5 0 10 7 7 8 7 7 9 7 8 7 11 11 5 2 7 11 4 4 4 5 7 7 11 11 5 5 7 7 11 11 4 5 5 7 11 9 5 5 10 7 8 11 11 5 2 9 7 8 4 4 10 10 8 7 8 1 11 4 5 3 10 10 7 7 8 8 11 4 10 2 6 7 7 7 8 4 10 2 7 7 7 6 7 11 11 4 2 5 7 11 4 3 4 4 4 4 4 4 4 5 0 10 7 7 7 7 7 7 7 7 7 6 7 8 11 4 11 4 5 4 4 4 5 4 10 2 9 10 7 2 8 7 7 6 11 4 4 11 2 5 10 8 7 11 11 4 3 5 4 5 10 2 9 4 5 10 7 7 7 11 5 5 10 2 9 7 8 11 11 4 5 2 9 7 11 4 5 0 8 9 7 8 7 7 0 7 7 7 10 6 8 11 11 7 7 8 2 9 4 5 7 7 11 11 4 5 5 10 7 8 11 11 4 4 5 5 0 10 7 7 7 7 6 7 8 7 11 2 11 9 5 4 5 7 7 7 11 2 11 11 4 3 5 5 7 11 4 5 7 11 4 4 10 2 8 9 11 5 4 2 4 3 10 10 8 7 7 7 8 4 10 7 7 7 8 11 11 4 5 2 9 4 4 5 4 10 10 8 8 10 7 7 7 7 7 8 4 10 7 7 7 11 2 5 9 5 7 7 11 4 4 5 7 11 4 4 4 11 5 7 7 8 11 4 4 4 11 4 5 4 5 0 9 7 0 6 8 4 10 10 7 7 2 7 8 4 10 6 7 8 11 4 11 2 3 5 7 11 4 4 5 4 1 4 11 9 5 5 0 7 9 7 7 7 8 10 10 8 8 11 4 5 10 10 8 7 8 4 4 10 10 8 2 9 8 4 11 4 5 7 11 11 4 4 4 4 5 5 0 9 7 10 7 7 8 7 7 7 8 10 10 7 8 4 5 4 4 4 4 4 4 1 9 8 11 4 4 4 4 10 2 8 11 5 7 11 9 5 5 11 2 3 4 10 10 8 7 10 7 8 2 4 9 10 8 7 8 1 3 11 5 7 11 4 4 4 10 2 8 4 10 9 8 7 8 4 10 10 8 7 7 8
ppo_q50_b_fd_l4,5,qv14_13,14,87,True,432.75,1.8743958473205566,5 5 7 11 9 5 5 7 7 11 11 5 5 10 7 7 7 8 7 11 11 4 4 4 4 5 5 7 10 7 7 11 5 5 7 11 11 5 5 10 2 7 11 9 4 5 5 7 7 11 11 5 5 0 9 7 8 11 4 5 10 10 7 8 8 4 10 7 7 7 10 7 2 8 9 11 4 5 2 9 10 7 7 8 1 4 5 9 7 8 11 11 4 5 4 5 10 7 7 8 11 11 4 5 4 1 4 5 9 10 8 8 11 4 4 5 10 8 4 10 10 7 8 7 8 11 4 4 5 0 9 5 10 7 10 7 7 7 8 2 9 4 10 7 8 8 4 10 2 6 11 4 4 5 10 7 11 2 3 4 4 4 5 7 11 4 4 4 4 4 5 0 9 7 7 8 4 10 10 7 8 8 11 4 5 10 10 7 8 7 7 7 8 11 2 4 11 4 4 4 5 3 10 10 7 2 7 8 4 10 9 8 8 4 10 2 7 6 7 11 11 5 4 4 4 4 5 10 2 9 7 8 11 11 5 4 4 5 7 4 7 4 7 4 7 4 7 4 7 4 4 4 4 4 11 4 10 2 8 4 3 10 10 8 8 1 9 8 4 4 10 10 8 8 10 8 1 4 4 11 5 9 10 7 7 7 8 8 10 8 7 10 7 7 8 1 11 3 7 11 2 5 3 4 4 11 4 5 10 7 8 11 4 4 11 5 4 4 5 7 11 4 4 10 2 6 7 8 11 4 4 5 10 10 8 7 8 10 7 7 10 7 8 2 11 4 4 5 9 7 8 11 1 9 5 4 4 4 4 4 5 10 2 6 4 10 10 8 0 6 7 7 7 7 8 7 10 2 10 7 8 7 6 7 11 11 5 2 9 4 4 4 5 10 7 8 11 4 4 4 11 5 4 5 11 11 2 5 7 6 7 10 8 10 8 4 10 10 2 8 6 11 4 4 5 7 11 4 11 5 2 3 4 11 4 5 7 7 11 11 4 2 5 10 9 8 7 7 8 7 10 10 7 8 7 7 7 7 8 10 2 7 6 11 11 5 4 4 4 5 4 11 4 4 5 11 11 2 5 9 7 11 5 4 5 10 7 10 7 7 7 7 8 7 8 7 10 10 8 7 7 7 7 8
ppo_q50_b_fd_l4,6,qv14_14,14,92,True,456.5,1.1082038879394531,5 5 7 11 6 11 5 5 10 7 8 11 11 4 5 5 7 7 11 11 5 5 0 10 8 6 11 11 4 4 5 5 10 7 8 11 11 4 5 5 0 9 5 10 10 2 8 4 10 8 4 10 9 8 7 7 8 4 10 2 7 7 6 7 11 11 4 5 4 4 5 10 7 7 7 8 11 11 4 5 5 10 7 8 11 11 4 4 4 5 5 7 7 11 11 4 5 5 10 2 10 9 8 4 4 5 7 7 10 7 7 8 10 7 8 1 3 7 11 4 11 2 3 5 10 7 8 1 11 4 4 4 4 10 8 8 9 4 0 7 9 7 8 7 7 7 7 8 4 10 2 6 11 4 4 4 4 4 4 4 5 10 7 10 2 7 6 8 11 4 5 10 10 8 7 7 7 7 8 7 1 9 8 11 11 4 4 5 5 7 11 2 11 4 4 3 10 8 7 7 7 7 8 4 10 2 6 11 4 11 4 4 5 7 7 8 11 4 4 1 4 5 4 3 4 10 10 8 7 8 4 4 10 10 8 2 10 7 7 7 8 9 4 5 7 7 11 11 4 5 5 1 4 4 11 5 3 10 10 2 8 4 10 6 4 10 8 8 11 4 5 10 10 7 7 7 8 7 7 7 7 8 11 2 3 7 11 4 5 4 11 4 11 4 4 4 2 3 4 4 5 7 11 2 9 4 10 8 8 11 4 5 10 10 7 8 7 7 7 7 7 7 7 8 4 10 2 9 10 8 7 8 1 9 5 11 4 5 7 11 4 1 4 4 4 3 4 1 4 3 5 10 10 8 8 11 4 4 5 4 10 10 7 7 7 7 0 7 8 7 8 11 5 9 10 8 8 11 4 5 10 10 8 8 1 11 3 5 11 4 4 11 5 2 10 7 7 6 8 10 10 7 8 8 11 4 5 10 10 7 8 2 10 8 4 3 11 5 7 11 4 5 4 4 11 11 2 5 10 7 7 7 6 7 7 7 8 11 5 10 2 6 7 11 11 5 4 4 4 5 7 7 7 11 11 4 2 3 5 7 7 11 11 4 4 5 2 11 3 4 5 10 7 10 2 7 7 7 8 11 5 9 4 5 10 10 7 2 6 7 8 4 10 10 7 7 8 2 9 4 4 4 4 4 5 11 11 4 4 2 4 5
ppo_q50_b_fd_l4,7,qv14_15,14,88,True,432.5,2.5161831378936768,5 5 7 7 11 11 5 5 7 9 11 5 5 7 7 11 11 5 5 10 7 8 11 11 4 5 5 10 7 8 11 11 4 5 5 7 7 11 2 9 4 10 8 8 4 0 9 7 8 4 10 8 7 7 7 0 7 7 10 9 5 5 7 7 7 11 2 11 11 5 5 7 7 11 11 5 5 10 9 5 5 7 11 11 4 5 5 7 11 11 4 5 5 7 10 4 4 2 7 9 4 10 8 8 4 10 8 11 4 11 7 2 6 7 7 7 7 8 4 10 7 7 7 8 11 7 7 7 7 7 7 11 5 2 9 4 5 10 7 7 8 11 11 5 4 5 7 11 5 11 11 5 4 4 4 4 4 4 4 5 7 11 4 2 10 9 8 8 0 7 7 7 7 7 7 7 7 10 8 9 7 7 8 11 11 4 4 2 4 5 10 9 8 7 8 11 2 11 11 4 4 4 3 5 4 5 7 7 11 1 5 10 9 8 8 10 2 9 7 7 8 11 11 4 5 4 4 4 5 10 7 7 11 5 4 4 4 5 7 7 10 7 2 7 6 7 10 7 7 7 7 7 7 7 7 8 4 10 7 7 11 2 5 9 4 5 7 11 4 5 7 11 4 5 4 4 11 4 4 4 11 5 5 7 7 7 10 0 9 8 8 11 11 5 5 10 7 8 4 4 10 10 7 7 7 7 2 7 7 8 7 6 10 8 11 4 4 4 4 10 2 3 4 5 11 2 4 4 4 4 4 3 7 11 5 4 10 10 8 8 4 4 10 10 7 7 7 2 6 8 10 8 10 7 10 8 2 9 8 11 11 4 5 4 4 4 4 4 5 10 2 9 7 11 5 5 10 2 10 6 7 7 7 8 4 10 10 2 6 8 4 11 4 5 7 11 11 4 4 4 4 4 5 7 8 11 4 5 7 7 11 11 2 3 5 10 10 7 2 7 7 8 7 10 6 7 7 8 7 10 7 7 11 2 5 4 3 4 4 4 4 4 11 4 5 10 2 7 9 11 2 4 5 4 4 4 3 4 10 10 8 7 7 7 8 11 1 5 3 10 10 8 7 7 8 11 2 9 5 4 4 10 7 10 8 8 10 7 7 7 0 7 7 8 11 11 5 5 7 11 11 3 5 5 11 11 2 4 5
ppo_q50_b_fd_l4,8,qv14_16,14,94,True,462.25,1.7716765403747559,5 5 7 11 9 5 5 7 7 11 11 4 5 7 8 11 11 5 5 0 10 7 7 6 8 11 11 4 5 5 7 7 11 11 4 5 5 10 2 7 11 9 4 5 5 10 0 7 7 8 9 4 10 7 8 2 4 10 7 8 7 6 11 4 11 2 5 7 11 4 3 4 5 7 11 4 4 4 4 4 4 10 8 8 11 2 4 10 6 4 10 8 7 8 11 2 4 4 10 9 8 8 4 10 8 1 9 4 11 5 5 7 7 11 2 9 11 5 5 10 0 7 6 8 11 4 4 5 10 7 10 7 7 7 8 7 7 8 1 9 5 7 11 4 11 4 5 2 10 7 8 10 6 4 10 8 8 11 4 5 10 10 2 7 6 8 11 4 5 7 7 11 4 5 7 7 11 11 4 4 4 5 2 9 5 10 7 7 8 11 11 4 4 5 7 8 11 4 4 4 5 4 4 4 10 10 8 2 9 7 8 7 0 9 7 7 8 4 10 7 7 8 7 7 7 7 7 11 11 2 3 5 7 11 4 11 4 2 3 4 4 4 5 7 11 4 4 2 4 11 4 5 9 10 8 8 4 10 2 9 10 7 8 8 7 10 7 7 7 7 7 8 7 1 11 4 3 7 11 4 4 5 5 7 7 11 11 5 7 7 7 7 8 11 2 9 4 5 7 7 11 11 2 5 9 4 4 4 4 5 7 7 7 10 7 10 8 2 9 4 5 10 10 7 8 7 8 11 5 4 10 10 7 8 1 5 9 5 7 7 11 11 5 4 4 4 4 4 4 4 11 5 4 5 7 7 7 11 2 7 7 7 7 11 9 8 8 4 10 10 7 7 2 6 7 7 8 4 4 4 10 7 10 7 8 8 4 4 10 10 2 8 9 4 5 7 7 11 11 4 5 2 4 9 4 5 7 11 11 2 3 5 10 7 8 4 4 10 10 7 7 8 7 7 8 1 3 11 1 3 5 10 0 7 7 10 8 8 4 11 4 4 4 4 4 4 3 4 5 4 11 2 11 9 5 5 0 7 7 7 6 7 7 0 7 9 7 7 8 4 7 4 10 7 7 7 10 2 3 4 4 4 4 5 7 11 2 9 4 4 5 4 11 4 5 10 10 7 7 7 7 7 8 8 11 4 4 4 4 5 7 10 8 4 10 7 10 8 8 11 4 10 7 2 6 8 11 2 6 11 11 2 5 7 11 3 7 11 4 5 4 5 7 11 11 2 5
ppo_q50_b_fd_l4,9,qv14_17,14,94,True,462.25,2.6997311115264893,5 5 7 7 11 11 5 5 9 7 7 7 8 11 4 11 4 5 5 7 7 11 11 5 5 7 7 11 2 9 11 5 5 10 7 11 4 5 5 7 7 11 11 5 5 0 10 9 8 4 5 7 11 5 10 7 10 8 8 4 4 10 10 8 7 7 8 1 4 4 11 5 4 4 3 7 11 5 4 10 10 8 8 11 4 5 10 10 7 8 0 9 8 8 4 4 10 10 7 8 7 7 7 8 11 5 7 11 11 5 4 5 10 2 7 7 11 4 3 5 0 10 10 8 6 8 4 11 4 5 7 7 11 11 4 5 4 5 4 10 2 3 10 10 8 2 10 7 6 7 8 4 10 10 8 8 4 4 4 4 4 1 9 5 10 8 11 4 4 11 2 5 7 11 9 5 5 10 2 10 6 4 10 7 7 7 7 7 2 6 8 11 11 4 4 5 4 4 5 7 1 4 9 4 4 5 7 11 4 4 2 4 10 10 6 7 8 7 7 8 11 5 4 4 10 7 10 2 6 7 8 7 11 4 10 8 7 8 4 10 8 7 7 11 4 11 2 3 5 7 11 11 2 3 5 0 9 7 8 4 4 10 10 2 8 9 4 5 7 7 11 11 4 5 4 4 5 10 7 0 7 7 7 7 7 7 8 11 5 4 4 4 4 11 4 4 9 5 4 5 7 11 4 5 7 11 2 3 10 7 10 2 6 8 10 7 8 1 4 4 11 4 5 3 10 10 7 7 7 8 8 4 10 7 8 4 10 8 4 10 7 10 7 8 8 4 11 1 3 4 4 4 4 5 11 4 5 4 0 10 6 7 10 8 2 9 8 4 10 8 4 10 7 10 8 8 11 1 4 5 4 4 4 4 3 11 5 10 7 7 11 4 4 5 5 0 10 9 8 4 5 10 7 7 7 7 10 8 4 4 5 10 8 4 10 10 2 8 9 10 7 8 8 1 11 5 9 7 11 5 2 11 5 7 11 4 4 4 3 11 4 5 4 5 10 2 6 7 11 11 2 5 9 7 8 4 10 7 8 4 10 7 10 7 2 6 7 7 7 7 7 8 7 10 7 2 11 9 5 5 10 2 7 6 11 11 5 1 3 4 5 7 7 11 11 4 4 4 5 4 4 4 5 7 11 4 2 4 10 9 8 8 11 4 5 10 10 2 6 7 7 7 7 7 8 4 4 10 10 7 7 7 2 7 8
ppo_q50_b_fd_l4,10,qv14_18,14,90,True,437.5,2.5927929878234863,5 5 7 11 9 5 5 7 7 11 11 5 5 10 7 7 8 11 4 11 4 5 5 0 10 7 6 7 7 8 7 11 2 11 4 3 11 5 5 7 7 11 11 4 5 5 10 7 8 11 11 4 5 5 7 7 11 11 5 5 7 7 11 4 2 10 9 8 8 4 0 7 7 9 7 7 8 4 10 7 7 7 8 11 11 4 5 7 2 11 9 4 4 5 4 4 4 4 5 10 2 10 7 9 8 8 10 7 8 11 5 7 1 4 4 11 4 5 3 10 10 8 8 7 11 2 4 10 9 8 8 11 2 9 4 4 4 5 10 10 7 0 8 7 7 6 8 4 4 10 10 7 7 2 7 8 9 4 5 7 7 11 11 4 5 4 4 4 5 4 10 0 6 7 8 4 10 10 2 8 9 8 1 11 4 4 9 5 1 3 4 5 0 6 10 8 11 4 11 5 5 7 11 2 9 5 4 4 4 4 10 10 8 7 7 8 7 11 2 4 4 3 10 10 7 8 7 8 11 5 10 7 7 10 7 7 7 8 8 11 2 6 11 11 4 2 5 7 6 11 11 2 5 7 11 3 5 4 4 11 2 4 10 7 6 7 10 7 8 7 7 8 4 10 2 6 7 11 11 4 2 5 9 7 8 11 11 5 4 4 4 5 4 10 2 10 8 10 7 10 7 8 6 8 4 4 11 4 5 7 11 11 4 4 4 5 4 4 5 7 11 4 2 4 3 10 10 2 6 8 4 10 7 7 7 11 2 5 9 5 4 11 5 10 7 7 7 10 8 7 7 8 11 4 10 8 7 8 7 7 7 7 11 11 2 4 5 9 7 8 4 4 4 4 11 4 4 4 5 7 11 11 5 5 7 7 11 11 2 4 5 3 7 10 7 8 4 10 7 7 8 4 10 10 2 8 11 4 4 3 5 7 10 7 7 7 7 7 7 7 7 7 8 11 1 4 11 5 4 3 5 10 10 8 2 11 5 7 11 3 5 7 7 11 11 2 3 5 7 11 2 11 3 7 11 4 5 7 8 7 7 7 10 2 9 7 7 8 7 10 7 10 8 7 8 11 5 4 10 10 2 8 11 4 9 4 4 5 4 4 1 4 4 3 5 10 10 2 7 7 7 8
ppo_q50_b_fd_l4,11,qv14_19,14,89,True,427.0,2.558820962905884,5 5 7 9 11 5 5 7 7 11 11 5 5 0 10 8 6 11 11 5 2 7 11 3 7 11 4 5 7 8 11 11 5 5 10 2 10 7 6 7 8 1 3 7 11 11 2 3 5 10 7 8 11 11 4 4 5 5 7 7 11 2 11 9 5 5 0 9 5 10 10 7 8 8 11 4 5 10 10 2 8 4 10 7 7 6 8 11 4 5 10 10 7 8 7 7 8 11 4 5 4 10 10 8 8 1 11 5 9 10 8 1 4 5 9 7 11 4 4 4 4 5 5 7 7 11 2 11 3 5 10 10 7 7 2 8 9 7 7 8 4 10 7 7 7 7 7 11 2 3 4 5 10 7 7 8 11 11 2 5 7 11 9 4 4 4 5 7 8 11 4 4 4 4 4 5 4 4 4 4 10 10 8 2 7 10 7 7 10 8 7 6 7 7 8 4 10 7 8 7 11 2 6 11 11 5 5 7 7 11 11 4 5 4 4 4 4 5 10 7 7 7 7 7 8 4 4 4 11 11 4 5 5 0 9 10 8 7 8 7 7 11 2 9 4 10 8 7 8 4 10 2 6 4 10 8 11 4 4 11 4 4 4 5 4 4 4 5 10 2 7 7 10 7 7 8 11 11 4 4 5 3 5 7 7 11 11 2 5 4 4 3 7 7 10 7 8 7 7 7 10 7 8 4 10 10 2 7 8 6 11 11 4 2 3 4 4 5 7 11 2 3 11 4 4 10 2 8 7 10 7 6 7 7 7 8 1 4 4 9 5 7 11 11 2 5 10 8 9 11 5 4 5 11 2 4 11 4 3 10 2 8 9 7 7 7 7 8 10 7 7 7 8 11 1 3 10 8 7 7 7 7 8 7 11 2 11 3 7 11 5 5 7 11 2 4 11 9 8 8 11 4 4 4 4 1 4 5 3 10 7 10 7 8 7 7 0 6 8 7 1 11 4 9 5 5 7 7 11 11 2 3 4 5 10 7 7 8 11 4 11 2 5 10 8 4 10 10 6 8 7 7 7 7 8 4 10 2 6 7 11 11 4 5 5 10 7 8 11 11 2 4 5 9 7 8 11 11 4 4 4 4 4 5 5 7 11 11 2 3 5 7 11 11 2 5
ppo_q50_b_fd_l4,12,qv14_2,14,92,True,443.75,2.647178888320923,5 5 7 11 9 5 5 7 10 8 11 4 11 5 5 7 7 11 2 9 11 5 5 7 7 11 1 9 4 5 7 8 11 11 5 5 7 7 11 11 5 5 7 7 11 2 4 10 9 8 8 4 4 10 10 8 8 1 11 4 3 5 10 10 8 8 11 4 10 7 7 8 7 8 11 4 1 3 5 10 10 7 8 2 11 4 3 4 4 4 5 11 4 2 4 4 10 10 7 7 7 6 7 7 7 7 7 7 7 8 7 8 11 4 4 5 10 10 7 8 8 11 2 6 11 11 2 3 5 10 7 8 11 11 4 5 4 5 7 1 9 4 4 5 4 11 11 5 2 4 3 10 7 7 8 4 4 10 10 8 2 6 10 10 8 8 4 10 2 7 10 9 5 7 8 4 4 10 7 8 1 4 9 10 8 7 8 11 4 4 4 5 10 8 7 11 11 5 4 4 4 4 5 11 11 2 3 5 7 10 8 11 4 4 11 4 5 7 8 7 10 2 9 8 4 10 7 7 10 7 7 8 8 11 2 4 11 3 4 4 5 10 7 7 7 11 5 7 7 8 11 5 10 7 10 7 7 7 7 8 8 4 1 9 8 11 4 5 4 0 10 9 8 8 11 4 5 10 10 2 8 11 5 9 7 11 4 5 5 4 4 4 1 3 7 11 4 4 5 4 11 4 10 8 2 9 8 4 10 10 2 8 11 5 4 4 3 10 10 2 6 7 7 7 8 11 4 5 4 10 10 2 8 4 3 10 10 7 8 8 4 10 7 7 0 7 6 11 4 5 5 7 7 11 11 5 2 9 4 4 4 5 0 6 10 8 10 7 8 4 10 10 7 7 8 4 2 3 4 4 4 4 4 1 4 9 4 4 5 7 11 4 11 2 3 5 10 10 2 6 7 7 7 7 7 8 11 2 3 7 11 11 5 4 5 11 5 10 7 0 7 7 8 11 11 5 5 7 9 11 5 4 5 10 7 0 8 9 10 7 2 6 7 7 7 7 8 7 7 7 7 11 11 2 3 5 7 11 11 2 3 4 5 10 8 11 4 4 4 5 10 10 2 8 4 9 4 4 5 7 11 11 5 4 5 4 10 2 3 10 10 8 7 7 7 7 7 7 8 11 2 4 9 10 8 8
ppo_q50_b_fd_l4,13,qv14_20,14,93,True,464.25,2.682262420654297,5 5 7 7 11 11 5 5 7 9 11 4 5 7 8 11 11 5 5 7 7 11 2 9 11 4 5 7 8 11 11 5 5 7 7 11 11 4 5 0 8 9 8 11 4 5 10 10 7 8 8 4 4 10 10 7 7 8 8 11 4 5 10 10 2 7 6 8 11 4 5 10 7 11 4 2 4 3 5 10 7 7 7 7 7 7 8 11 1 3 5 7 7 11 11 4 4 4 4 5 2 3 10 10 2 8 9 7 8 4 4 10 10 8 7 7 8 4 10 7 7 7 11 2 3 5 7 11 4 4 4 4 5 7 11 4 11 2 4 4 5 9 5 0 9 7 8 4 10 7 7 7 7 10 2 7 8 11 9 5 4 4 5 10 7 7 7 8 11 11 4 4 5 2 7 6 11 11 4 2 3 5 7 11 11 5 5 10 2 10 7 6 7 8 11 4 4 5 10 7 10 2 6 8 4 4 10 10 8 2 11 4 4 5 11 4 4 3 10 2 6 7 7 7 7 7 7 7 7 7 7 7 7 8 11 2 11 9 5 5 10 7 7 8 11 5 1 4 4 4 4 9 4 5 7 11 4 4 4 4 4 5 10 10 8 2 7 10 7 7 7 7 9 8 7 7 8 7 11 1 3 4 11 2 5 9 5 0 7 7 6 10 8 7 7 7 7 11 11 5 2 9 5 11 4 11 5 2 9 7 8 11 11 4 5 4 5 10 8 7 11 1 4 4 4 4 5 3 10 10 0 6 7 8 2 6 11 11 2 5 10 8 4 10 6 4 10 8 7 8 4 4 10 10 7 8 8 11 4 5 10 7 7 7 10 2 8 6 4 11 5 7 11 11 2 5 9 11 5 5 4 11 5 7 11 4 4 11 5 7 7 8 11 4 4 5 7 7 11 11 5 2 10 7 8 4 10 7 7 9 8 7 8 7 10 0 7 7 8 7 6 11 4 11 4 5 4 4 5 11 4 11 2 5 10 8 4 10 7 6 11 4 4 5 4 4 4 5 10 7 7 8 7 11 11 2 3 5 10 7 7 7 7 8 4 0 6 10 7 7 7 10 7 8 2 9 8 11 11 2 3 5 7 11 11 5 5 4 11 4 4 4 5 7 11 11 4 5 7 8 11 4 2 4 10 10 8 7 7 7 7 6 8 11 11 2 5 9 5 10 10 2 7 7 8
ppo_q50_b_fd_l4,14,qv14_21,14,90,True,452.75,2.5872931480407715,5 5 7 11 9 5 5 7 7 11 11 5 5 7 7 11 11 5 5 10 0 8 4 10 9 8 8 1 9 11 5 2 7 11 4 3 7 11 4 5 7 8 11 11 5 5 7 7 11 11 5 5 10 7 8 11 11 5 2 10 8 4 9 10 7 8 8 4 10 7 7 7 8 7 7 7 7 7 7 7 11 11 1 5 5 7 9 11 5 2 3 7 11 11 5 4 5 4 4 10 2 9 8 7 11 11 5 4 4 5 7 11 2 4 10 9 8 8 11 2 4 9 10 8 8 0 7 7 7 9 7 7 8 4 10 10 8 2 10 8 9 8 7 7 7 11 11 2 5 4 11 3 11 4 2 3 4 4 5 7 11 4 4 4 4 4 4 5 7 11 2 4 9 10 8 8 11 4 5 10 7 7 10 0 7 8 6 8 0 7 9 7 8 4 10 7 10 2 8 11 4 3 5 7 11 11 5 5 4 11 2 11 4 5 4 3 11 5 10 7 10 7 7 8 7 8 0 7 7 7 7 9 7 7 8 7 11 1 4 9 4 5 4 4 4 4 1 4 4 4 5 9 10 7 7 8 7 8 10 7 7 7 10 8 8 11 4 5 10 10 8 7 7 8 1 4 3 10 10 7 8 2 11 5 10 9 8 4 4 5 7 11 2 3 7 11 11 2 5 4 11 3 11 5 4 5 11 11 4 4 4 5 2 9 5 10 10 2 7 6 7 8 7 7 7 10 7 7 8 4 4 10 10 8 2 10 7 7 8 6 11 11 4 4 5 4 5 4 4 4 11 11 5 4 4 4 5 10 7 2 9 11 5 5 7 11 2 3 4 10 10 2 6 7 7 7 7 7 8 4 10 7 7 7 8 10 7 10 2 7 8 6 4 10 8 11 4 4 4 5 11 4 11 5 5 7 7 11 11 5 5 10 2 10 6 11 4 2 3 4 4 4 5 11 11 4 5 2 9 10 8 7 8 7 11 1 3 4 5 7 10 10 8 7 7 7 7 10 7 7 8 7 7 7 7 8 4 10 2 9 10 8 1 3 5 11 2 4 3 4 4 4 4 4 1 11 4 3 4 5 10 10 7 7 7 8 8 11 4 5 10 10 7 2 6 8 11 4 10 2 6 7 7 7 7 8 10 10 7 8 4 5 10 2 3 7 11 4 4 11 4 4 4 4 4 2 3 5 4 4 11 11 2 4 4 5
ppo_q50_b_fd_l4,15,qv14_22,14,95,True,466.75,1.636040210723877,5 5 7 11 9 5 5 7 7 11 2 11 3 7 11 2 5 7 11 9 5 5 7 7 11 11 5 5 10 2 7 6 11 11 4 5 5 7 7 11 11 5 5 10 7 8 11 11 2 5 9 10 7 7 8 8 1 4 9 7 11 4 2 3 5 10 10 7 7 8 7 8 4 4 4 10 7 10 8 8 1 11 4 5 7 11 4 3 10 7 7 2 6 8 11 4 5 10 10 7 8 8 11 2 4 10 7 7 9 8 8 1 11 5 7 11 4 4 4 4 4 5 9 10 2 7 8 4 10 6 4 10 7 8 2 11 5 7 11 5 7 11 4 4 9 4 5 4 4 5 0 7 6 4 10 7 8 4 10 7 8 4 10 7 7 7 7 7 7 7 11 4 5 2 9 5 10 7 8 11 11 5 5 7 7 11 4 5 0 10 7 7 6 8 11 11 5 5 7 7 11 4 5 7 7 11 11 5 4 4 5 4 1 9 4 5 7 11 2 3 4 10 10 8 8 4 11 5 10 7 10 8 8 4 10 2 10 7 7 7 7 8 6 11 11 4 4 5 5 0 7 7 6 11 4 11 4 4 5 4 5 7 7 11 2 11 9 5 4 5 0 6 10 7 8 4 10 10 2 6 8 11 1 4 4 4 5 11 5 10 6 10 8 8 11 4 4 4 5 10 10 7 7 7 7 7 8 8 11 1 3 5 10 10 7 7 7 8 7 7 7 8 11 4 5 10 7 7 7 11 2 4 5 4 4 11 4 3 5 10 10 7 8 8 4 10 8 4 10 10 8 2 9 8 4 4 4 4 4 11 11 4 5 4 5 0 6 10 7 8 4 10 7 7 7 8 7 11 11 2 4 5 4 4 3 7 11 5 7 11 11 5 5 10 7 11 4 2 4 5 10 7 8 11 11 5 5 7 9 10 7 7 7 8 2 6 11 11 4 4 4 5 2 4 3 10 10 7 7 7 7 7 2 7 8 9 8 4 10 7 10 8 2 11 4 3 5 7 11 11 4 4 5 2 9 5 0 9 7 8 4 10 7 7 8 4 10 10 2 7 8 4 10 8 6 11 11 4 5 4 4 4 4 4 4 4 4 4 5 10 2 9 10 8 8 4 10 0 7 8 4 10 7 7 6 7 8 11 1 11 4 5 5 7 7 11 11 3 4 5 4 4 4 5 7 11 2 9 4 10 8 8
ppo_q50_b_fd_l4,16,qv14_23,14,93,True,443.75,1.6337594985961914,5 5 7 11 9 5 5 10 7 8 11 11 4 5 5 10 2 7 6 11 11 4 5 5 7 7 11 2 11 9 5 5 7 7 1 11 9 5 5 7 7 11 11 5 5 10 0 8 4 10 7 7 8 9 11 5 5 7 7 11 11 4 5 5 0 10 7 8 4 10 9 7 7 8 7 7 8 7 7 7 10 2 7 7 11 11 4 3 5 5 10 7 7 8 11 11 4 4 4 5 5 7 11 1 3 5 10 10 8 8 1 11 5 7 11 3 7 11 5 2 9 7 8 11 11 5 5 7 7 11 4 5 0 10 9 8 7 7 7 8 7 10 7 7 7 8 1 9 11 5 4 4 5 10 8 11 4 4 4 5 0 6 4 10 10 2 8 7 7 10 9 7 8 7 8 4 10 2 7 7 11 9 5 4 5 4 10 7 8 7 11 11 4 5 4 5 1 3 7 11 11 4 4 5 5 10 7 7 7 8 11 5 4 11 4 11 4 5 7 8 11 2 6 7 7 7 7 10 7 8 4 10 7 10 8 2 10 7 8 4 10 9 8 8 1 4 4 11 3 11 4 5 4 4 5 7 11 4 4 4 4 4 10 2 7 8 4 10 7 9 8 8 4 4 10 10 8 8 11 1 3 5 10 10 8 7 7 7 8 4 10 2 7 7 6 7 11 11 5 4 4 5 4 10 0 7 7 7 7 7 8 11 4 5 9 10 8 8 11 2 11 4 11 4 5 4 3 5 7 11 11 4 4 4 4 5 2 3 10 10 2 8 9 8 4 10 7 7 8 7 0 7 7 10 7 7 6 8 7 11 1 11 5 3 5 7 10 7 8 11 11 4 4 4 5 5 7 1 9 5 7 11 11 2 3 5 7 11 4 11 5 2 3 10 7 8 11 4 10 2 6 8 11 4 4 5 10 8 4 10 10 8 8 4 10 7 1 9 8 8 4 10 7 7 7 10 7 2 8 6 11 4 4 5 7 11 11 5 5 7 11 4 4 4 11 2 5 4 3 10 7 10 2 6 8 11 2 11 4 3 5 10 10 2 6 7 7 7 8 11 1 3 5 10 10 2 7 6 8 10 8 7 10 10 8 8 4 4 10 2 9 10 8 8 11 11 4 5 4 4 4 4 5 11 11 5 7 7 7 7 7 8
ppo_q50_b_fd_l4,17,qv14_24,14,88,True,436.25,2.499110460281372,5 5 7 11 9 5 5 10 7 8 11 11 4 5 5 10 7 8 11 11 4 5 5 10 7 8 11 11 4 5 5 10 7 8 11 11 4 5 5 7 7 11 11 5 5 10 2 10 7 9 7 8 4 5 10 10 8 7 8 11 4 4 5 10 10 7 7 7 8 1 5 9 5 7 7 11 11 5 4 4 4 4 5 7 11 4 4 10 8 7 8 7 7 7 7 7 7 7 7 7 7 7 1 3 7 11 5 7 4 7 1 4 4 4 4 4 10 9 7 7 8 7 8 4 10 7 2 6 7 11 11 5 4 5 10 2 6 10 8 11 4 11 5 2 9 11 4 2 4 4 5 7 11 3 4 11 5 2 9 7 8 4 4 10 10 8 7 7 8 11 4 4 10 7 2 6 8 4 4 10 10 2 6 8 4 10 10 2 8 4 10 9 8 7 8 1 9 5 7 11 11 4 2 5 9 7 11 5 4 4 4 5 10 7 7 0 7 8 9 11 4 5 4 4 4 4 4 5 7 11 4 2 4 3 10 10 8 7 10 8 2 9 7 8 11 4 4 10 8 4 4 5 10 7 7 8 7 10 10 7 7 8 2 11 3 5 7 11 5 7 11 4 4 4 11 5 5 7 7 11 11 2 5 7 7 7 7 10 6 7 7 8 4 10 10 2 7 8 11 5 4 4 4 4 11 4 4 3 4 4 4 5 7 10 2 9 10 8 4 4 5 11 2 3 10 7 10 7 7 7 7 8 8 4 10 7 7 7 8 4 10 10 8 8 4 4 4 4 4 4 4 4 11 2 9 7 8 11 4 4 1 4 5 7 11 4 3 5 10 10 7 7 7 8 8 11 2 9 4 4 5 10 10 7 7 8 7 8 4 4 4 10 7 10 8 8 1 9 4 5 10 7 7 8 11 4 11 4 4 5 7 1 5 11 4 3 5 10 7 8 4 4 10 10 8 7 7 7 8 4 10 2 7 7 7 6 7 11 11 2 3 5 7 11 5 7 7 10 8 7 7 7 11 11 5 4 5 7 7 11 11 5 4 5 7 7 11 11 5 5 11 4 4 4 5 10 8 11 4 4 4 4 10 8 2 4 10 6 4 10 8 7 8 4 10 10 8 2 7 10 8 6 11 11 5 2
ppo_q50_b_fd_l4,18,qv14_25,14,87,True,415.25,1.2303922176361084,5 5 7 11 9 5 5 10 2 7 6 11 1 3 7 11 5 5 7 7 11 11 4 5 7 8 11 11 5 5 10 7 8 4 4 0 10 6 8 4 4 10 10 7 7 8 2 9 8 11 1 4 3 5 7 7 11 11 4 2 5 7 11 4 4 9 5 5 7 7 11 11 4 5 0 8 9 8 4 4 10 10 8 8 11 1 3 5 10 10 8 7 8 11 4 2 11 3 4 5 4 10 10 7 7 7 8 8 4 10 7 8 4 10 8 7 7 7 7 7 7 11 11 2 5 9 7 11 5 5 4 11 4 4 4 4 5 0 10 7 7 8 6 11 11 2 3 5 7 11 4 4 11 2 5 10 8 6 11 11 2 4 5 9 10 8 4 4 5 10 2 7 10 6 4 10 7 8 8 4 10 7 7 8 4 10 7 10 7 8 4 4 4 5 10 2 9 8 10 10 2 6 8 4 11 4 5 7 11 11 5 4 5 7 1 9 8 11 11 5 4 5 7 7 11 1 5 3 10 10 2 8 4 3 10 7 7 7 8 7 7 10 7 8 7 7 7 7 11 11 2 3 5 7 11 11 4 4 5 5 4 11 5 10 8 11 4 11 4 4 5 5 0 10 7 7 7 8 9 8 10 7 7 8 4 4 10 10 7 8 2 6 10 7 8 11 4 4 11 4 5 4 4 4 4 11 4 4 5 5 10 2 7 6 10 7 8 11 4 4 11 4 4 5 5 7 10 8 7 11 11 5 2 10 9 8 7 7 7 8 4 10 2 6 10 8 11 4 11 2 5 7 11 9 5 4 5 0 9 8 10 8 7 7 7 7 10 7 8 4 4 10 10 2 8 11 4 4 5 3 7 11 4 4 5 4 0 9 10 8 7 7 0 7 7 8 11 5 7 11 4 4 4 4 4 5 10 10 8 8 4 10 8 11 4 11 4 4 5 5 11 4 4 3 10 2 7 6 7 7 7 7 7 7 7 7 7 7 7 8 4 10 2 6 7 11 11 2 5 9 5 0 10 6 8 11 11 2 5 7 11 9 5 4 5 10 8 7 11 11 5 4 5
ppo_q50_b_fd_l4,19,qv14_26,14,88,True,423.0,3.624586820602417,5 5 7 9 11 5 5 10 7 8 11 11 4 5 5 10 7 1 4 9 5 5 10 2 7 7 7 7 9 7 8 7 11 11 2 5 10 8 11 4 3 7 11 2 5 7 11 3 11 4 5 5 10 2 7 6 7 10 8 11 4 4 4 11 4 5 5 7 7 11 2 9 4 10 8 8 4 10 2 7 9 7 7 7 8 7 7 7 7 7 7 11 11 2 5 10 6 8 11 11 4 4 5 4 11 5 5 10 7 8 11 1 4 4 4 3 11 4 5 5 10 7 8 11 11 5 2 9 7 8 4 7 11 4 10 2 6 7 7 7 8 7 1 9 4 4 10 7 8 7 8 4 10 7 7 10 8 2 6 4 10 7 8 7 11 11 5 4 1 5 7 9 11 4 5 7 8 11 4 4 4 4 11 5 4 4 4 5 0 10 6 7 7 8 4 10 10 2 8 11 4 4 4 5 9 4 5 10 7 7 10 7 7 2 6 8 4 10 7 7 8 11 4 4 4 4 5 10 10 7 7 7 7 8 2 4 10 8 10 8 6 11 11 5 2 11 3 5 7 7 11 11 5 2 9 4 5 10 7 11 4 4 4 4 5 2 9 7 8 11 11 4 4 5 5 7 7 0 9 5 10 10 2 6 7 7 7 8 7 10 7 7 7 7 7 8 7 11 11 2 5 9 7 8 11 11 1 5 3 4 4 5 1 4 4 4 11 4 5 9 10 8 8 11 4 2 9 10 8 7 7 7 7 7 7 7 7 7 8 1 9 11 4 5 5 10 7 7 8 11 11 4 2 5 11 3 7 11 2 4 5 4 11 5 3 10 10 7 8 7 8 11 2 9 4 4 5 10 10 7 8 7 7 7 0 7 7 7 7 7 8 9 4 5 7 7 11 11 5 5 7 7 11 4 5 10 10 4 2 4 4 5 4 3 10 7 7 8 11 4 10 2 6 7 7 7 7 8 10 2 3 7 11 11 5 5 7 11 4 5 4 4 1 4 4 11 4 5 10 9 7 7 8 8 1 11 5 11 5 4 4 3 4 10 10 8 8 4 10 10 2 7 7 8 9 4 4 5 10 10 7 7 8 8 11 4 5 10 10 8 2 10 10 8 8
ppo_q50_b_fd_l4,20,qv14_27,14,91,True,446.75,2.2971086502075195,5 5 7 11 9 5 5 7 7 1 11 9 5 5 10 2 7 6 11 11 4 5 5 10 2 7 6 11 11 5 2 9 7 11 5 5 7 7 11 11 5 5 0 9 7 8 11 4 5 10 10 2 7 8 4 10 7 7 7 7 6 7 8 11 2 6 11 4 11 4 4 5 4 4 5 0 7 6 4 10 10 2 8 11 5 7 11 4 4 9 5 5 7 7 11 11 4 5 5 0 10 7 7 6 8 4 10 8 4 10 4 4 4 10 8 7 7 7 8 1 9 4 4 5 7 11 11 5 2 10 6 8 4 4 10 10 7 7 7 8 4 5 10 2 10 6 11 4 2 4 3 4 4 4 4 4 4 5 10 2 6 11 4 4 4 10 2 7 8 9 4 5 10 10 8 8 4 10 8 11 4 4 10 2 6 7 7 8 7 10 7 7 7 8 7 11 2 11 5 7 11 9 5 4 5 0 6 4 10 7 8 7 7 7 7 11 11 2 5 9 5 11 11 5 5 7 7 11 11 5 4 4 4 4 4 4 4 5 10 8 11 4 4 10 8 7 8 4 10 7 2 10 9 8 8 10 7 7 7 8 4 10 7 7 11 2 5 10 8 11 9 5 4 4 5 11 2 3 11 11 4 5 5 10 7 8 11 11 5 5 0 7 7 6 7 7 10 7 7 7 7 7 7 7 8 11 1 4 4 3 4 4 5 7 7 11 11 5 2 7 11 4 5 11 4 11 5 4 5 9 7 7 7 7 8 7 10 7 7 8 7 7 10 7 8 11 4 5 7 7 11 11 2 5 9 5 10 7 8 11 11 2 3 4 4 5 10 7 7 0 7 7 8 9 4 5 10 10 7 8 7 8 1 9 5 4 10 7 11 5 5 7 11 4 4 4 4 4 4 4 4 5 4 10 10 8 2 9 7 8 1 4 11 3 4 5 10 7 10 8 8 11 4 5 10 10 2 6 7 7 7 8 4 10 7 8 7 10 7 7 7 11 2 5 3 4 4 11 4 5 7 11 4 11 2 5 10 7 8 9 4 10 7 7 2 8 6 11 11 2 3 4 4 4 5 11 4 4 5 7 11 2 3 4 10 10 8 7 8 4 10 7 7 11 5 2 7 11 3 5 10 10 8 7 7 8
ppo_q50_b_fd_l4,21,qv14_28,14,88,True,438.5,1.7355341911315918,5 5 7 11 9 5 5 7 7 11 2 11 9 5 5 7 7 11 11 5 5 7 7 11 11 5 5 10 7 8 11 11 4 5 5 7 7 11 11 5 5 0 10 7 7 7 7 6 7 8 1 4 11 5 9 10 7 8 7 8 11 4 4 5 10 10 8 7 8 11 4 4 5 10 10 2 7 8 11 3 5 0 7 7 7 6 7 11 11 2 5 4 11 4 4 4 4 9 5 5 0 10 7 6 7 8 11 2 4 9 11 4 4 4 5 5 10 0 8 9 7 8 11 4 4 10 7 2 6 7 7 8 4 10 7 2 7 10 6 8 11 11 2 5 7 11 3 7 11 5 4 4 4 4 5 10 2 9 10 8 2 11 9 4 5 5 10 2 10 7 9 7 8 8 1 9 4 4 5 7 11 4 4 4 4 4 4 10 8 8 4 4 10 7 8 11 11 2 5 9 5 10 10 7 7 8 7 8 4 10 7 7 11 5 2 7 11 5 3 10 10 2 8 9 4 5 10 0 7 6 10 8 1 4 4 3 4 4 4 4 5 7 11 2 3 7 11 5 10 7 7 10 7 7 7 7 7 7 7 8 2 9 8 4 4 4 4 11 4 5 7 7 11 11 4 4 4 5 2 7 11 4 5 3 10 10 8 7 7 8 4 10 7 7 8 1 7 7 7 6 10 10 8 2 11 4 4 4 5 7 7 11 11 5 5 10 7 7 7 7 6 8 11 11 5 5 10 7 7 8 11 4 11 4 4 1 4 3 5 5 7 7 11 11 4 2 5 11 3 5 10 10 8 0 6 8 11 4 4 4 4 5 10 7 10 8 7 7 8 11 4 4 4 4 5 10 7 10 7 8 8 4 10 10 2 8 9 8 4 4 10 10 2 8 4 10 8 9 11 5 5 7 7 11 4 4 4 4 4 11 4 2 5 10 9 8 7 7 7 7 7 7 7 8 4 10 2 7 6 7 7 7 11 11 5 11 5 4 4 1 4 5 4 11 9 5 4 4 5 7 11 2 3 4 10 10 8 8 10 10 7 7 7 8 8 11 4 4 5 10 7 10 8 2 9 7 8 4 10 10 8 4 4 4 5 11 2 6 7 11 11 2 5 9 11 5 5
ppo_q50_b_fd_l4,22,qv14_29,14,89,True,426.25,2.0586159229278564,5 5 7 7 7 11 11 4 5 5 7 11 9 5 5 10 7 8 11 11 4 5 5 7 7 11 11 5 5 10 2 9 10 7 8 8 11 2 11 3 7 11 4 4 5 5 7 7 11 2 11 9 5 5 10 0 6 4 10 8 8 11 4 5 10 7 7 7 7 7 7 7 8 7 7 11 11 1 5 3 5 7 7 11 11 5 4 4 1 5 9 7 11 5 5 0 10 9 7 8 8 4 4 10 2 10 9 8 7 7 7 7 8 4 10 7 7 7 8 1 4 4 4 4 11 5 3 11 11 5 2 10 7 7 7 10 7 8 7 6 8 11 1 4 4 5 9 5 10 10 7 8 7 8 11 2 3 4 11 4 5 7 7 7 10 10 7 8 2 9 4 5 7 11 5 7 11 4 4 4 11 4 2 5 7 11 4 4 9 5 4 5 7 11 5 4 10 2 10 6 4 10 8 2 9 7 8 11 4 4 10 2 7 7 8 9 8 1 11 4 4 3 4 5 0 7 10 10 8 7 6 7 7 8 1 3 4 10 10 8 8 11 4 5 10 2 10 9 8 8 11 4 4 4 4 4 4 4 5 7 7 11 2 11 4 9 4 4 5 0 8 9 8 4 10 8 7 7 7 7 7 7 7 10 7 7 7 7 11 2 5 7 6 11 1 9 4 5 7 8 11 4 5 7 7 11 11 4 5 2 9 7 8 11 11 5 4 5 10 7 11 5 4 4 4 5 7 7 11 2 11 4 5 10 10 6 2 6 8 4 4 10 10 2 8 10 6 7 8 4 4 4 4 11 4 5 4 10 10 8 8 7 10 10 7 8 8 11 4 10 2 6 7 7 7 8 7 11 2 11 9 5 5 7 11 5 1 9 5 11 4 4 4 4 4 4 4 4 4 4 10 2 8 9 4 5 10 10 2 6 7 8 10 10 8 7 8 7 7 7 10 8 7 11 2 11 5 7 11 4 4 4 4 4 4 5 10 10 8 7 8 9 4 4 4 10 7 7 7 8 7 8 11 2 3 4 10 10 2 8 4 10 7 7 6 11 2 3 5 4 4 4 4 4 4 4 4 4 4 11 4 2 11 3 5 10 10 2 8 9 4 10 8 8 4 4 10 10 8 7 7 8
ppo_q50_b_fd_l4,23,qv14_3,14,90,True,440.25,2.878108024597168,5 5 7 11 6 11 5 5 10 7 11 5 2 7 11 9 5 5 10 7 7 8 11 2 4 11 4 9 5 5 10 7 8 11 11 4 5 5 10 0 7 6 7 7 7 7 8 7 11 2 11 4 9 5 4 5 10 7 7 7 8 11 4 11 2 4 5 7 11 11 5 4 5 7 11 9 5 5 7 7 11 11 5 5 7 10 8 11 2 4 4 10 9 8 7 8 11 5 4 10 10 7 8 4 5 10 7 8 4 10 10 2 7 6 8 11 4 4 5 7 11 4 1 4 5 4 3 10 7 10 2 8 7 7 7 7 10 7 8 9 4 10 8 7 8 1 4 11 4 3 5 10 10 2 7 6 8 11 4 5 7 7 11 11 4 5 4 4 4 5 7 11 4 10 2 6 8 4 4 10 7 7 7 7 8 11 11 5 5 10 7 7 8 1 4 11 4 11 5 4 4 5 9 7 8 11 11 5 7 7 7 8 11 4 5 4 10 10 8 7 7 8 4 4 10 10 8 7 7 7 8 7 7 7 7 7 11 11 5 5 4 11 4 5 7 11 4 8 11 1 4 5 3 10 10 7 8 7 7 7 8 11 4 5 10 7 7 7 7 11 5 4 5 10 7 0 7 7 6 8 4 11 4 5 7 7 11 11 5 5 10 0 7 6 8 11 11 4 5 4 5 4 4 11 4 4 4 1 5 3 10 10 8 8 4 4 10 10 7 8 8 4 4 10 10 8 8 11 4 5 10 10 2 6 7 8 7 11 1 4 4 4 4 5 7 11 3 5 7 7 11 11 4 5 0 6 7 7 8 7 7 10 10 7 7 8 4 5 10 2 10 6 11 4 2 3 4 5 7 11 4 4 5 4 10 10 2 8 9 4 5 10 10 8 8 11 2 9 4 10 7 8 7 7 7 8 1 3 7 11 5 11 11 5 2 10 8 6 11 11 5 4 5 7 7 7 11 4 11 2 5 9 7 8 11 11 5 5 10 7 7 7 8 11 2 4 4 11 3 4 11 5 5 0 9 5 10 10 7 8 7 7 7 7 7 7 7 7 7 8 4 10 2 9 7 7 11 5 5 10 7 8 11 11 5 4 5 7 7 11 11 2 5 7 9 11 5 5
ppo_q50_b_fd_l4,24,qv14_30,14,94,True,463.25,3.2187345027923584,5 5 7 11 3 7 11 5 2 9 7 7 8 11 4 11 4 5 7 8 11 11 5 5 10 7 8 11 11 4 5 5 10 7 8 11 11 4 5 5 7 7 11 11 5 5 10 2 9 10 7 8 8 11 4 10 7 2 8 4 9 10 7 8 7 7 7 7 8 7 11 1 3 7 11 4 5 2 9 7 8 11 1 3 11 5 4 5 7 11 4 4 4 4 4 10 2 6 8 4 4 10 10 8 2 9 8 4 10 7 7 7 8 4 10 10 8 2 9 8 4 4 10 10 2 8 9 11 4 4 4 4 4 4 5 4 4 4 5 7 11 2 3 4 10 10 7 2 6 7 8 11 4 4 5 7 11 5 10 7 7 10 7 7 8 2 10 8 9 4 10 7 2 8 6 11 11 5 4 4 4 4 5 10 2 9 4 5 10 7 7 10 7 7 7 8 2 4 10 7 6 4 10 8 8 4 4 4 4 4 11 4 5 4 4 10 7 10 2 6 8 11 1 5 7 11 4 4 9 5 4 4 5 7 7 11 11 2 5 3 10 10 7 2 6 7 7 8 1 4 9 7 8 11 4 5 7 11 11 5 2 7 11 5 3 10 7 7 7 7 10 2 6 7 7 7 7 8 7 7 7 7 11 1 9 5 7 8 11 11 4 4 5 5 10 7 11 5 4 5 7 11 1 4 5 10 9 8 8 4 4 10 10 7 8 7 7 7 8 11 1 5 4 11 9 5 7 8 11 4 5 0 10 9 8 7 7 8 11 2 11 11 4 4 5 4 3 4 4 4 5 10 2 10 6 8 7 7 10 8 4 10 10 7 7 7 8 2 4 10 8 4 10 9 8 8 1 9 8 11 11 4 5 4 4 4 4 4 5 7 11 5 4 11 11 4 2 5 9 7 8 4 10 7 7 7 11 2 5 3 10 7 7 10 8 7 7 7 7 7 7 8 11 1 5 9 4 5 7 11 4 4 11 4 2 5 11 9 5 5 10 2 10 7 10 8 7 7 8 4 10 8 7 10 9 8 7 7 8 7 1 9 11 5 5 10 7 8 11 11 2 3 4 4 5 7 11 11 2 3 5 7 11 4 4 4 5 10 7 10 8 8 11 4 5 7 7 11 11 5 5 7 7 11 11 4 5 2 9 7 8 4 4 10 10 7 7 7 7 2 6 7 8 4 4 10 10 8 2 6 10 10 8 2 4 9 10 8 8
ppo_q50_b_fd_l4,25,qv14_31,14,92,True,456.25,2.0063865184783936,5 5 7 11 9 5 5 10 2 7 6 11 11 4 5 5 7 7 11 2 11 3 7 11 5 2 7 11 9 5 5 10 2 7 11 3 7 11 5 5 7 7 11 11 5 5 10 0 9 8 4 4 5 4 10 10 8 7 8 11 4 4 5 10 10 7 2 7 7 7 8 4 10 7 7 7 7 8 6 11 11 4 5 7 8 11 4 5 10 7 11 4 5 4 4 4 5 4 0 10 7 9 8 8 0 7 7 9 7 8 7 7 11 4 1 3 4 4 4 4 10 8 8 11 4 5 7 11 11 5 2 9 10 7 7 7 2 7 8 9 10 8 8 1 11 5 11 3 11 4 4 4 4 5 4 4 5 10 7 7 0 8 6 11 7 8 11 4 11 4 5 2 9 7 8 11 11 5 5 10 0 7 8 7 6 7 7 7 10 7 0 8 4 10 9 8 8 11 2 9 11 4 5 5 10 7 11 4 5 5 10 7 8 11 11 5 4 5 7 11 11 2 5 10 7 8 7 10 7 8 4 10 7 9 8 7 8 1 9 4 4 5 4 4 4 4 11 4 4 11 4 5 5 0 10 9 8 4 5 10 10 2 6 7 7 7 8 11 4 4 4 4 5 7 7 11 2 6 11 11 5 5 7 11 2 6 7 11 4 10 8 8 4 4 10 10 7 8 2 7 7 6 4 10 7 8 7 10 0 6 8 11 11 2 5 4 4 4 4 4 4 9 5 7 1 11 5 9 4 5 10 7 10 7 8 8 4 10 2 7 7 7 6 11 11 5 5 10 7 8 11 11 5 4 11 5 4 4 4 5 7 11 2 4 10 9 8 7 8 11 5 10 7 7 10 7 8 7 7 7 7 8 7 11 2 4 10 9 8 7 8 11 4 4 4 4 4 5 11 11 5 4 5 10 2 6 10 7 7 10 7 8 7 7 8 4 10 8 11 4 1 9 8 8 11 11 5 4 5 10 7 7 8 11 4 11 5 5 7 7 11 11 2 5 10 8 6 11 11 4 4 4 4 4 5 4 4 5 7 0 9 8 11 5 10 7 10 2 8 10 8 6 4 10 8 11 4 11 2 5 9 4 4 5 10 7 10 7 7 8 7 7 7 7 10 7 8 8 11 2 7 7 7 7 11 11 4 5 4 3 5
ppo_q50_b_fd_l4,26,qv14_32,14,89,True,437.5,3.1699326038360596,5 5 7 11 9 5 5 10 7 8 11 11 4 5 5 7 7 11 11 5 5 7 7 1 9 11 5 5 10 0 8 4 10 7 8 4 10 7 6 8 11 11 2 5 7 11 4 3 7 11 4 4 5 7 8 11 2 11 9 5 5 7 7 11 11 5 5 0 10 7 8 11 9 5 5 0 9 5 10 10 7 2 6 8 4 10 2 6 11 4 11 5 2 10 7 8 4 10 6 7 7 7 7 8 7 7 7 11 11 5 1 4 5 3 7 11 4 11 4 4 2 3 5 10 7 8 11 11 4 4 2 5 7 7 7 7 9 7 7 8 1 4 9 4 5 4 4 4 4 10 10 8 7 0 6 7 7 8 1 4 4 11 4 5 10 9 8 4 5 11 4 5 10 7 7 10 7 8 8 11 4 0 9 8 4 5 4 10 7 10 8 7 8 4 10 10 8 8 11 4 5 7 7 11 11 5 2 7 11 4 4 4 4 4 4 4 5 9 5 10 10 8 7 8 4 10 2 10 6 10 2 6 7 8 1 3 4 10 10 2 6 8 11 4 5 10 10 7 2 8 10 8 4 4 11 9 5 7 8 11 4 5 7 7 11 4 4 4 4 1 4 4 3 4 4 5 10 7 10 7 8 7 8 11 5 4 10 10 8 7 7 8 4 10 10 7 7 8 7 8 4 11 2 11 4 3 4 4 4 5 4 0 9 5 10 10 2 6 8 11 4 10 7 7 7 8 8 1 11 4 3 4 4 4 4 5 7 11 4 4 4 4 5 0 7 7 9 10 7 7 8 7 8 7 10 2 10 6 4 10 8 8 4 11 2 6 4 4 4 4 4 11 4 11 2 3 5 10 7 8 11 4 10 7 2 8 11 4 4 3 5 7 7 11 11 5 2 7 9 11 5 5 0 9 5 10 10 8 2 4 10 8 4 10 6 4 10 7 7 7 8 8 11 4 5 10 10 7 8 1 5 9 5 10 10 8 8 11 4 5 7 7 11 11 4 5 5 0 10 7 7 7 8 6 7 11 11 4 4 4 5 5 7 7 11 11 5 5 7 7 11 4 4 5 0 6 7 11 11 5 5 10 2 7 11 9 5 5 4 4 4 4 10 10 7 8 7 7 7 7 7 8
ppo_q50_b_fd_l4,27,qv14_33,14,89,True,454.75,1.117933988571167,5 5 7 11 9 5 5 7 7 11 11 5 5 7 7 11 11 5 5 10 7 7 7 8 11 4 4 1 9 4 5 5 10 7 8 11 11 4 5 5 0 10 6 11 5 2 10 6 8 4 4 10 10 7 8 2 4 10 7 7 8 4 9 10 8 8 11 1 4 5 7 11 9 5 4 5 10 7 0 7 8 6 11 11 4 4 4 4 4 5 2 9 7 11 4 4 5 5 0 10 8 9 11 5 7 7 8 11 5 4 10 10 7 7 2 6 8 11 4 10 2 6 7 7 8 4 10 2 7 7 6 7 11 11 5 4 5 10 7 7 7 8 7 11 11 4 4 4 4 2 3 5 10 7 11 5 4 4 5 0 6 7 11 11 5 5 10 2 7 7 7 9 10 2 6 8 4 10 7 10 8 2 4 10 8 9 11 4 2 5 7 11 3 4 11 4 4 4 4 5 5 7 7 11 4 4 5 4 10 10 8 2 9 7 8 10 7 8 1 4 3 4 11 4 5 10 7 7 7 10 7 8 8 4 10 7 7 7 7 8 11 4 4 5 10 10 2 7 7 6 8 11 4 5 10 7 11 4 8 1 3 4 5 7 11 4 4 11 2 3 5 10 7 8 4 4 10 10 8 2 4 10 7 7 7 7 8 4 10 8 6 11 11 5 4 4 4 5 4 4 4 4 11 4 4 10 8 2 11 4 5 3 10 10 2 7 6 7 7 7 7 8 7 7 7 10 2 10 9 8 1 5 7 11 9 5 5 7 11 2 3 11 11 4 2 4 5 9 7 11 5 4 4 5 7 11 2 3 10 7 7 7 10 8 7 8 7 7 10 7 10 2 7 6 8 11 1 5 9 7 11 5 2 7 11 3 7 11 5 5 10 7 8 11 11 4 5 4 4 4 5 10 10 8 2 10 7 7 7 7 7 8 6 11 4 4 4 4 5 4 4 11 4 4 11 5 2 9 5 10 7 7 7 7 7 8 7 10 7 7 7 10 2 6 8 11 4 5 10 10 8 2 11 4 5 7 6 11 11 5 4 4 5 11 2 6 11 11 5 5 7 11 2 3 7 11 4 11 5 5 10 7 7 8 11 4 11 2 5 9 7 8 4 4 10 10 7 8 7 8 4 10 10 7 7 2 7 8 4 4 10 10 8 7 7 7 8
ppo_q50_b_fd_l4,28,qv14_34,14,90,True,436.75,3.367464780807495,5 5 7 9 11 5 5 10 7 8 7 11 11 4 2 5 7 11 3 7 11 5 2 7 11 9 5 5 7 7 11 1 9 5 5 10 2 7 7 9 7 7 8 4 10 7 10 2 8 6 11 1 5 7 6 11 11 4 4 4 5 5 10 2 7 9 7 8 1 3 7 11 11 4 4 4 5 5 10 2 9 10 8 4 4 5 10 7 7 7 8 1 4 11 4 3 7 11 4 5 7 8 11 2 7 3 10 7 7 8 10 7 8 1 4 3 4 10 10 7 8 7 7 8 4 10 2 6 11 4 4 4 11 2 5 7 11 4 5 9 7 11 4 5 5 0 9 7 8 4 10 7 7 7 8 1 4 4 4 4 11 5 4 10 10 7 7 7 8 8 4 4 10 10 6 7 8 7 7 7 8 4 10 2 7 9 11 5 5 10 2 9 7 11 5 5 7 11 4 11 5 0 6 8 1 9 7 7 7 7 8 11 4 4 4 5 7 11 11 5 4 5 0 7 10 8 7 6 7 11 11 5 4 5 7 11 11 5 4 4 5 10 7 8 7 11 11 5 2 10 8 7 7 7 10 7 9 7 7 8 8 11 4 5 10 10 8 2 11 5 7 6 7 11 11 4 5 2 7 11 3 11 5 4 5 7 11 4 11 4 5 5 7 7 11 4 5 0 9 10 8 8 4 10 7 7 7 7 7 11 2 5 10 8 7 10 7 7 8 11 11 5 5 7 7 11 11 3 4 4 5 5 4 4 4 10 8 7 7 11 2 3 7 11 11 5 4 4 5 10 8 4 10 7 7 11 5 4 5 10 2 9 4 4 10 8 8 4 10 2 7 6 7 7 7 0 7 7 10 7 7 7 8 6 11 11 4 4 5 5 7 11 11 5 5 10 2 7 7 7 10 6 8 11 11 5 2 4 4 11 9 5 5 7 11 2 4 3 11 11 5 4 5 7 7 7 7 7 10 2 7 9 7 7 8 11 11 2 5 7 11 4 4 3 5 10 10 8 8 4 0 6 4 0 6 4 10 7 7 7 7 8 11 2 11 3 10 7 7 2 8 4 10 8 6 11 11 5 5 7 7 11 11 4 4 5 4 5 10 2 6 7 11 11 5 5 7 7 11 11 2 5
ppo_q50_b_fd_l4,29,qv14_35,14,94,True,459.0,3.6162126064300537,5 5 7 11 6 11 5 5 10 7 11 5 2 7 11 9 4 5 7 8 11 1 9 4 5 7 8 11 11 5 5 10 2 10 7 6 8 4 4 10 10 2 6 7 8 11 5 4 10 10 2 7 8 11 5 7 11 4 4 4 5 7 11 3 7 11 4 5 2 9 7 8 11 11 5 5 7 7 11 11 5 5 0 10 6 8 11 11 5 2 10 8 9 7 7 8 4 10 8 7 7 7 7 7 7 7 7 11 11 5 5 7 1 4 3 4 4 11 4 4 5 4 10 0 7 6 8 4 10 8 11 4 11 4 4 5 7 8 11 2 11 9 5 5 7 0 9 7 7 8 11 5 7 11 4 5 4 10 10 8 8 4 4 10 10 2 7 7 6 7 8 11 2 9 5 4 10 10 7 7 8 8 11 4 10 2 8 10 6 8 11 11 4 4 4 4 5 4 4 4 5 10 7 8 7 10 7 8 11 4 5 7 7 11 11 4 4 5 5 10 2 7 7 6 11 4 11 5 5 7 7 11 11 4 2 5 7 6 7 7 7 10 7 8 4 0 7 6 7 11 11 4 5 2 3 10 10 2 8 11 5 9 7 11 4 5 5 7 4 0 9 10 7 2 7 8 7 7 7 7 6 7 11 11 4 2 3 4 4 1 3 4 4 4 5 10 7 8 11 4 4 4 2 4 4 3 10 10 2 7 6 7 7 7 7 7 8 11 2 11 3 10 8 2 11 3 4 5 4 4 11 5 10 7 10 2 8 10 7 10 6 8 7 7 7 8 1 11 4 5 11 4 3 5 7 11 5 11 5 10 7 10 7 0 7 6 7 8 8 11 2 4 9 10 8 7 7 8 1 9 8 7 11 11 5 5 11 4 4 4 1 4 5 9 4 5 7 11 4 4 4 4 4 10 2 6 8 4 4 10 10 2 8 7 7 7 10 9 8 8 11 4 5 10 10 8 2 10 10 8 8 7 10 8 4 4 4 4 11 4 5 11 9 5 4 4 4 5 4 0 10 6 7 7 7 8 4 10 10 2 7 8 7 10 9 8 7 8 4 4 4 4 11 4 4 4 4 4 4 5 10 2 3 7 11 11 5 5 7 7 11 11 4 5 5 10 2 3 10 10 8 7 7 7 7 8 4 0 9 5 10 10 7 7 8 7 8 11 2 4 4 10 10 8 8
ppo_q50_b_fd_l4,30,qv14_36,14,91,True,453.25,3.284282922744751,5 5 7 11 3 7 11 5 2 9 7 11 4 5 7 8 11 11 5 5 0 10 6 7 8 11 4 11 5 2 9 7 8 11 11 4 4 5 7 8 11 11 5 5 0 10 7 6 8 4 4 10 10 7 7 7 7 2 8 9 4 5 10 10 8 4 4 4 5 10 2 7 9 8 7 11 11 2 5 10 6 8 7 11 11 1 4 5 4 4 5 7 11 3 7 11 5 5 7 11 5 0 7 10 7 6 8 4 4 10 10 2 8 9 7 7 8 11 4 4 11 5 2 7 9 8 7 1 11 11 4 4 4 4 4 5 5 7 10 7 8 11 9 5 5 0 9 5 10 10 8 7 8 11 4 4 10 2 8 11 5 9 10 7 7 8 4 4 5 10 2 7 9 10 2 8 7 7 6 11 4 4 11 4 4 4 4 5 2 3 10 7 8 4 4 10 10 7 2 8 7 7 6 4 10 7 7 8 4 10 2 7 6 7 11 11 5 4 4 4 5 7 1 9 4 5 7 11 11 4 5 2 4 3 4 10 10 2 6 7 8 4 10 7 8 1 4 4 11 4 5 10 10 7 7 6 7 7 8 8 4 4 10 7 7 8 7 11 4 4 1 3 5 0 10 9 8 8 4 10 2 9 10 8 7 8 1 3 11 4 4 11 4 5 5 7 11 4 5 7 10 7 0 8 11 9 5 5 10 0 7 8 7 7 6 7 11 4 5 7 7 11 11 5 4 4 4 4 5 7 11 11 5 2 9 7 8 7 7 7 7 7 7 11 11 4 5 2 7 11 3 4 4 11 4 4 2 5 10 9 8 7 7 7 8 11 4 5 10 10 7 7 7 8 2 4 10 7 9 8 8 4 4 10 10 7 8 8 11 2 11 3 5 7 7 11 11 4 4 5 2 3 10 10 2 8 11 5 4 4 3 10 7 7 10 8 7 7 7 8 1 9 4 5 7 11 5 4 10 7 11 5 4 4 4 4 5 7 11 4 4 2 4 3 10 10 8 2 9 8 4 10 8 1 3 11 4 5 4 10 10 7 7 7 8 7 7 8 11 4 5 10 10 8 7 7 7 7 8 7 7 7 7 11 11 5 5 11 2 9 5 10 7 7 11 5 4 4 4 5 10 7 8 11 11 5 4 4 4 4 1 3 5 10 10 8 2
ppo_q50_b_fd_l4,31,qv14_37,14,94,True,473.5,4.46845269203186,5 5 7 11 3 7 11 5 2 9 7 7 8 11 4 11 5 5 7 7 11 11 5 5 0 10 8 6 4 10 7 7 8 7 11 11 4 5 5 7 7 11 11 4 2 5 7 11 4 9 4 4 5 5 10 10 8 8 11 1 4 5 7 11 9 5 5 0 10 7 7 7 7 8 11 9 8 8 1 11 4 4 9 5 4 5 10 8 7 1 9 11 5 5 7 7 11 2 4 9 10 8 7 8 11 2 4 4 10 7 7 6 4 10 8 7 7 7 7 7 8 11 2 4 4 4 3 4 4 10 8 10 10 7 7 2 8 9 8 4 11 4 5 10 7 7 10 8 2 4 9 4 4 5 10 7 8 7 11 11 5 4 4 4 4 11 5 4 4 5 10 2 6 4 10 8 4 10 10 2 8 11 4 3 5 10 10 7 8 7 8 1 4 11 5 10 9 8 1 4 5 9 7 11 4 5 4 5 0 6 10 7 7 7 7 8 4 10 7 7 7 7 11 2 5 10 8 11 4 4 4 4 4 4 5 4 3 4 10 10 7 7 2 7 7 7 6 8 11 1 5 9 5 10 10 8 7 7 7 8 4 10 2 6 7 11 11 5 5 7 7 11 11 2 3 5 11 4 4 4 11 2 5 10 8 4 10 6 7 7 7 0 7 8 6 4 10 8 11 4 11 4 5 5 7 11 4 2 4 11 9 5 4 4 5 7 11 4 4 2 4 10 10 8 6 7 8 7 11 4 5 10 10 8 7 8 4 10 7 7 7 7 7 8 11 5 11 11 5 5 7 7 11 4 5 10 10 2 8 7 7 10 7 8 6 11 11 5 4 4 4 4 4 5 7 11 4 11 2 5 10 7 7 7 8 10 7 7 6 7 8 11 11 4 4 5 5 7 11 11 4 5 4 4 5 4 10 2 7 7 7 7 7 7 7 9 7 8 4 10 7 8 4 4 10 10 7 8 2 9 4 5 7 7 11 11 4 4 5 4 5 7 10 7 11 4 4 4 4 4 4 5 4 4 4 5 7 7 7 7 10 7 7 8 11 11 5 5 11 2 3 11 11 5 7 2 6 7 7 7 7 7 11 4 5 11 5 10 7 10 7 8 7 8 7 10 8 1 4 3 7 11 11 5 2 9 4 4 4 5 10 7 10 7 7 7 7 8 7 7 8 7 7 7 7 7 11 11 2 5 7 11 3 7 11 5 1 4 5 4 10 10 8 8
ppo_q50_b_fd_l4,32,qv14_38,14,90,True,432.75,4.388111591339111,5 5 9 7 11 5 5 7 7 11 11 4 5 7 8 11 11 5 5 0 9 7 8 11 4 10 8 7 7 8 7 7 7 11 11 2 5 7 9 4 4 5 7 10 7 8 11 11 4 1 3 4 4 4 5 5 10 7 8 4 10 8 7 7 11 11 4 4 4 4 5 5 10 2 7 6 7 11 11 4 5 2 7 11 9 5 5 7 10 2 4 4 10 9 8 8 11 4 5 10 10 7 0 8 7 8 9 4 4 4 4 5 10 7 10 7 7 7 2 6 7 7 8 1 3 4 11 11 4 5 2 9 4 5 7 11 4 5 10 7 7 7 7 10 7 7 8 2 10 6 8 4 10 7 7 7 11 2 5 3 4 11 4 4 4 5 4 11 4 4 4 5 4 4 4 10 10 2 6 7 8 4 4 10 0 7 6 8 4 10 7 10 2 8 10 9 8 8 4 10 8 10 10 2 8 11 5 7 6 11 11 2 5 11 3 11 4 4 4 5 2 10 8 7 6 11 11 4 4 4 4 5 5 7 11 5 11 5 10 7 10 2 8 7 10 7 8 10 6 8 4 10 7 10 8 2 7 6 4 11 4 5 7 7 11 11 5 4 4 4 11 5 5 11 2 11 4 9 5 4 5 0 7 7 6 7 7 10 7 8 4 4 10 10 2 8 9 4 5 7 7 7 7 10 8 7 7 0 6 7 11 11 5 5 7 11 4 11 4 5 4 4 11 4 5 5 7 11 4 11 2 4 5 10 7 8 4 9 10 8 7 7 8 4 10 7 2 10 7 9 7 8 7 8 7 7 11 5 4 10 10 2 8 9 8 4 4 10 10 2 8 11 5 7 11 3 7 11 4 4 4 4 4 1 4 5 4 4 5 11 5 11 9 5 5 7 7 7 7 7 7 11 5 11 5 10 7 10 8 7 8 11 4 4 4 5 10 7 10 7 2 6 7 8 4 10 7 7 0 7 6 8 11 1 9 5 5 11 2 4 3 4 11 11 2 3 5 7 10 8 4 10 7 10 7 8 8 10 0 7 7 8 7 6 7 11 11 2 3 4 5 7 7 11 11 5 5 10 0 8 6 11 11 5 4 5 11 11 4 4 2 3 4 5 7 11 11 5 5 11 2 4 4 7 10 6 10 7 7 7 7 7 2 7 7 7 7 7 8
ppo_q50_b_fd_l4,33,qv14_39,14,87,True,420.75,4.339596748352051,5 5 7 11 6 11 5 5 7 7 11 11 5 5 0 10 8 9 11 4 4 5 5 10 7 8 11 1 4 9 5 5 10 7 8 11 11 4 5 5 7 7 11 11 4 5 7 8 4 10 8 11 2 3 4 10 10 7 8 8 11 4 5 7 7 11 4 5 10 10 7 8 8 4 11 5 10 7 10 7 7 7 8 7 8 1 4 11 4 5 3 10 10 7 2 8 4 10 9 8 4 4 5 10 7 2 9 10 8 8 1 11 4 4 4 4 5 9 5 0 10 9 8 8 4 10 7 7 7 8 7 11 2 6 11 11 5 4 5 10 8 7 11 11 5 4 4 4 4 4 5 0 7 7 7 10 6 7 8 11 4 11 5 5 7 7 11 11 4 5 4 4 4 5 7 11 2 4 10 7 7 7 8 9 11 4 5 5 7 7 11 4 5 10 10 7 8 7 7 8 11 2 11 4 4 3 10 7 8 7 8 11 5 4 10 10 7 7 8 8 4 10 10 7 8 2 9 8 11 11 4 4 4 4 2 3 4 4 4 4 4 5 7 7 0 9 7 7 8 10 0 7 7 7 8 6 11 11 4 5 4 5 7 11 4 1 5 10 9 8 8 11 2 11 4 9 4 5 4 4 5 0 10 9 8 4 5 7 10 7 7 7 7 8 4 10 7 7 7 11 2 5 10 9 7 8 7 7 8 1 9 8 11 4 4 4 4 4 4 4 4 5 7 11 4 4 10 2 8 11 5 10 9 8 8 4 4 10 10 7 7 8 8 4 10 7 7 8 1 9 4 5 10 7 11 4 2 3 4 5 7 11 4 5 7 11 4 4 4 4 10 8 2 9 8 4 4 10 7 7 8 1 3 4 10 10 8 8 7 10 10 8 2 11 3 5 10 10 7 7 7 8 8 4 11 5 10 2 6 7 11 11 4 5 2 9 4 5 7 11 4 4 11 2 4 5 7 7 11 11 3 5 5 7 11 2 3 4 10 10 2 6 7 7 7 7 7 8 1 9 8 4 10 7 7 7 10 8 1 4 5 9 4 5 10 7 10 7 2 6 8 4 4 10 10 8 2
ppo_q50_b_fd_l4,34,qv14_4,14,90,True,423.25,1.1305973529815674,5 5 7 11 9 5 5 10 7 8 11 11 4 5 5 7 7 11 11 5 5 10 7 8 11 11 4 5 5 10 7 8 11 11 4 5 5 7 7 11 11 5 5 10 7 8 11 11 2 5 9 10 2 8 4 10 7 9 8 8 11 4 4 4 5 4 10 10 7 7 7 7 7 7 7 7 8 8 1 9 4 5 10 7 11 4 4 4 5 2 3 7 11 11 5 2 9 7 8 11 4 4 5 10 7 10 7 7 7 7 2 6 8 1 4 3 10 10 8 7 7 7 8 4 10 7 11 2 3 5 10 7 8 11 11 4 5 4 2 4 3 10 10 8 7 8 4 10 7 7 7 11 2 5 9 7 8 11 11 2 3 5 11 11 4 2 3 4 4 4 5 0 7 7 7 10 7 6 8 7 11 11 4 4 4 5 4 4 4 4 4 4 5 4 10 2 10 6 4 10 8 7 7 8 7 11 4 5 7 11 5 10 7 7 11 2 5 9 5 11 4 5 4 4 4 10 10 8 2 9 7 8 4 4 4 10 7 10 8 7 10 7 8 7 7 8 7 11 4 5 10 2 9 10 8 7 7 7 8 4 4 10 0 6 4 4 4 4 4 4 4 4 4 11 2 5 10 8 4 4 4 11 4 5 9 11 5 5 10 7 8 10 10 7 8 8 11 4 5 0 9 5 10 10 8 7 7 7 8 4 10 2 9 10 8 7 8 11 5 4 10 7 1 9 5 4 4 5 4 10 2 10 8 11 4 3 4 4 5 4 4 4 11 11 4 5 2 9 7 8 4 0 9 7 7 7 8 11 4 5 10 7 7 7 10 7 7 7 7 8 8 4 10 10 8 4 2 9 5 10 10 8 8 4 4 4 4 4 11 2 3 4 11 11 4 4 2 3 4 4 4 5 7 11 2 4 10 9 8 8 11 4 5 10 10 8 8 11 4 5 10 10 7 8 0 8 6 7 7 10 7 7 8 11 2 3 7 11 11 5 2 9 4 5 7 7 10 7 8 4 10 7 7 7 7 11 2 5 7 9 11 5 5 10 7 8 11 11 2 5 7 11 4 9 5 5 7 7 11 11 5 4 4 1 5 9 4 5 7 7 11 11 2 4 3 5
ppo_q50_b_fd_l4,35,qv14_40,14,89,True,451.75,4.528755187988281,5 5 7 11 9 5 5 7 7 11 11 5 5 7 7 11 11 5 5 0 10 8 6 11 11 2 5 7 11 9 4 4 5 7 8 11 11 4 5 0 8 4 10 8 4 10 6 7 7 7 8 7 7 7 7 7 11 11 5 5 7 7 11 11 2 5 11 5 7 11 4 3 11 4 5 2 7 11 9 4 5 5 10 0 7 8 9 7 7 10 8 7 8 7 11 1 4 4 5 7 11 4 9 5 4 5 7 7 11 2 11 9 5 5 7 0 9 7 7 7 8 4 4 10 10 7 7 7 7 8 7 7 8 7 7 11 4 1 9 5 4 4 5 10 2 7 11 9 5 4 4 5 7 11 2 4 4 3 7 11 4 5 4 10 10 7 7 7 8 8 4 10 10 8 7 7 8 7 11 2 11 5 11 4 10 7 7 7 6 8 8 11 2 11 4 5 4 4 9 4 5 7 11 4 11 4 5 2 10 7 7 7 8 7 6 10 7 10 7 7 8 4 5 7 1 9 5 10 8 11 4 4 4 4 11 4 4 4 2 4 5 7 11 4 4 5 3 10 10 8 7 7 7 7 7 8 11 2 4 3 10 10 8 8 4 10 7 7 8 4 4 10 10 8 2 9 8 4 4 4 4 4 4 1 4 4 4 4 4 11 3 5 10 10 7 8 8 4 4 10 10 8 7 7 8 4 10 2 6 11 4 4 4 11 4 2 5 9 10 8 4 0 7 7 7 7 6 8 11 2 11 9 5 5 7 7 11 1 3 5 7 7 11 11 2 4 4 5 10 7 7 7 7 7 8 9 4 5 0 10 7 9 8 8 1 11 5 9 7 11 2 5 7 6 11 11 5 4 4 5 10 2 4 4 4 4 3 4 10 10 8 8 4 10 7 7 8 4 0 6 4 10 10 7 7 8 2 9 8 11 1 3 5 10 10 8 4 4 4 5 10 2 9 8 7 7 7 7 7 7 7 11 11 1 5 4 4 4 4 4 4 5 4 9 4 5 4 10 0 7 6 7 8 11 4 11 5 5 10 2 9 7 8 11 11 5 5 7 11 2 4 3 4 10 10 8 8 10 7 7 7 7 7 7 11 5 2 3 10 7 7 8 4 10 10 2 8 7 6 11 11 4 4 4 2 5 7 11 11 5 4 4 4 3 4 4 5 7 7 11 11 2 5
ppo_q50_b_fd_l4,36,qv14_41,14,93,True,456.75,5.127916574478149,5 5 7 11 9 5 5 7 7 11 11 5 5 0 10 8 7 6 7 11 11 5 4 5 7 7 11 11 4 5 5 10 2 7 11 3 7 11 4 5 7 8 11 11 5 5 7 7 11 2 11 9 5 5 10 7 8 11 11 5 2 9 7 8 4 4 10 10 7 8 8 11 4 10 7 8 7 7 8 1 4 4 11 3 5 10 10 8 8 4 4 10 0 7 7 7 7 7 8 6 4 11 11 4 5 5 7 10 7 8 11 4 4 11 5 5 7 7 11 2 11 9 4 5 7 8 11 4 4 4 5 10 2 4 3 4 10 10 7 8 4 0 7 7 6 7 8 4 10 7 7 7 2 9 8 7 7 7 11 11 4 1 3 5 4 5 4 11 11 5 2 9 5 7 7 7 7 7 10 8 10 0 7 6 8 11 11 2 4 5 10 8 11 4 4 4 4 4 4 5 11 4 3 10 7 7 7 7 8 8 1 9 4 5 11 4 11 4 4 2 5 10 6 7 8 7 7 10 10 2 6 7 8 11 4 4 10 7 7 8 2 9 8 4 4 10 7 8 11 11 7 2 7 7 8 9 4 5 7 11 4 4 4 4 1 3 4 5 7 11 4 4 4 10 2 6 8 11 4 10 2 6 7 7 7 8 4 4 10 2 10 9 8 8 4 1 9 4 5 7 1 4 9 5 7 11 11 2 3 5 10 7 8 11 11 4 5 4 5 7 10 2 3 10 10 7 7 7 7 8 8 4 10 7 8 4 10 10 8 2 9 4 10 8 8 4 11 5 10 7 7 11 4 5 4 4 4 4 4 5 7 7 11 4 4 5 7 11 4 4 4 4 10 2 6 8 4 10 8 4 10 7 7 10 7 8 4 2 10 6 8 4 10 7 10 8 2 9 8 4 1 9 5 7 11 4 4 11 2 3 5 7 7 11 4 4 4 4 4 4 4 5 10 10 8 2 9 7 7 8 4 10 7 7 11 5 2 7 11 4 5 3 4 10 7 10 7 8 7 7 8 7 7 7 7 7 7 11 11 5 4 5 10 2 9 8 7 11 1 9 5 5 11 5 7 7 7 7 11 11 5 4 4 4 5 7 11 5 4 0 10 6 10 2 6 7 7 8 4 4 10 10 7 8 2 9 7 8 7 7 7 11 11 2 5 7 11 11 5 4 5 4 4 11 11 4 4 4 5 3 5 7 7 11 11 2 5
ppo_q50_b_fd_l4,37,qv14_42,14,94,True,458.75,4.92046594619751,5 5 7 11 6 11 5 5 10 7 8 7 11 11 4 2 5 7 7 11 11 5 5 7 9 11 4 5 7 8 11 2 11 9 5 5 10 7 7 7 8 4 10 7 8 11 11 2 5 10 8 11 4 3 4 11 4 5 5 7 7 11 11 5 5 10 0 8 9 11 5 5 7 7 11 2 9 4 10 8 7 7 7 7 7 7 7 7 7 8 4 10 2 6 11 4 4 4 4 1 4 5 7 6 11 11 5 5 7 11 2 3 4 10 7 7 10 7 7 8 2 4 10 6 7 8 1 9 5 7 11 1 4 5 4 4 4 4 4 3 4 10 10 2 8 10 9 7 8 7 7 8 4 4 0 10 8 4 9 10 7 8 8 4 10 8 4 10 2 6 7 11 11 5 4 4 5 7 7 11 11 4 4 4 2 4 4 5 9 5 7 10 7 8 4 4 10 10 8 2 4 10 7 8 4 10 7 6 7 7 7 8 7 11 11 5 2 9 7 7 8 7 11 11 4 4 4 5 1 4 4 5 9 5 7 7 11 11 4 4 5 2 11 4 3 5 7 10 10 7 7 2 8 4 4 3 10 7 10 8 4 0 6 7 7 8 7 7 7 7 11 2 9 11 4 5 1 3 5 7 10 8 11 4 4 11 5 2 9 5 7 11 11 5 5 7 7 11 11 2 5 10 8 7 7 6 10 7 7 7 7 7 7 7 7 7 7 7 7 11 2 5 9 7 8 11 11 5 7 1 9 5 5 7 7 11 11 5 4 4 4 5 11 4 4 11 2 3 5 10 7 8 4 4 10 10 8 8 11 4 4 5 4 1 3 4 10 10 8 8 7 7 7 7 7 7 7 7 10 0 7 8 11 9 5 5 4 4 10 8 10 7 11 4 4 5 5 0 7 9 7 8 4 4 10 10 7 8 8 4 10 8 1 4 9 4 4 5 7 11 4 11 5 4 5 4 11 5 11 4 11 5 2 3 7 10 8 10 7 10 8 8 11 2 4 9 4 5 4 11 4 4 10 8 7 2 7 10 7 10 8 7 7 7 7 8 9 4 10 7 8 0 7 7 8 9 11 5 5 10 7 8 11 11 2 5 9 5 10 10 2 6 4 4 4 4 4 5 4 1 4 4 11 4 5 3 10 10 8 8 10 10 8 8 4 10 2 10 6 10 2 6 7 7 8 11 2 6 11 11 2 5 11 4 11 4 5 4 4 4 4 4 4 4 5
ppo_q50_b_fd_l4,38,qv14_43,14,93,True,468.0,4.7544474601745605,5 5 7 11 9 5 5 7 7 1 11 9 5 5 10 2 7 6 11 11 2 5 7 11 9 4 5 7 8 11 11 5 5 10 7 8 11 2 11 3 7 11 5 5 7 7 11 11 5 5 10 7 8 11 4 10 2 7 8 11 5 4 3 4 10 10 7 7 8 7 7 7 7 7 8 4 10 7 7 7 7 11 2 5 9 7 11 5 4 4 4 5 0 7 7 7 10 8 9 8 11 11 5 7 1 3 4 5 10 8 7 11 11 4 5 5 10 7 8 11 11 2 3 4 4 4 4 5 10 7 7 8 11 11 4 5 5 7 7 11 11 5 2 9 7 8 7 7 7 7 7 10 7 7 7 7 7 8 7 7 7 11 11 4 4 2 3 5 7 10 7 8 11 11 4 4 2 3 4 4 4 5 7 11 4 4 4 5 10 10 8 2 4 9 10 8 8 4 4 10 0 7 8 9 11 4 5 7 8 11 11 5 5 10 0 8 4 10 6 4 10 8 7 7 7 7 7 8 4 10 7 7 7 11 5 2 10 8 7 7 11 11 4 4 3 4 4 5 4 4 4 4 4 4 4 4 4 5 4 10 2 7 9 7 7 7 7 8 10 7 7 7 7 7 7 7 7 7 7 8 11 4 11 4 4 2 5 3 11 11 4 5 4 4 4 4 4 5 4 10 2 9 10 8 8 11 4 5 7 7 11 11 5 5 7 10 7 7 8 11 5 7 7 7 7 7 7 7 7 7 7 10 10 2 8 11 3 4 4 5 7 11 4 4 1 9 5 4 4 5 11 2 4 3 4 10 10 2 6 7 7 8 7 11 2 9 4 4 5 10 7 10 8 0 7 7 8 11 4 5 10 9 7 8 8 4 10 2 10 6 10 8 7 8 4 10 8 7 11 11 2 3 5 10 7 8 1 11 9 5 4 4 4 4 4 4 4 4 4 4 5 0 7 6 7 7 10 7 7 7 8 10 10 7 8 2 9 4 10 8 4 5 4 4 4 11 4 4 5 0 6 4 10 7 8 11 4 10 2 7 6 7 8 10 2 7 7 7 11 11 4 3 4 5 4 5 7 7 11 11 2 5 7 11 3 7 11 5 5 7 11 11 4 4 4 4 4 5 4 5 7 7 10 7 8 11 11 5 2 9 7 7 8 10 10 7 8 2 11 3 4 5 11 4 4 11 4 5 7 2 9 7 7 7 8 7 10 8 4 10 10 2 6 8 10 7 7 8 7 7 7 11 11 2 5 7 11 11 3 5 5 11 11 2 4 4 5
ppo_q50_b_fd_l4,39,qv14_44,14,92,True,437.5,4.750958204269409,5 5 7 11 9 5 5 7 7 11 11 5 5 10 7 8 11 11 4 5 5 10 2 10 6 8 11 11 4 4 5 5 10 2 10 6 8 11 11 4 4 5 5 7 7 11 2 11 9 5 5 0 9 5 10 10 7 8 8 11 1 3 4 5 4 10 10 7 7 8 7 8 4 10 7 7 8 4 10 7 7 7 7 7 11 5 5 7 7 11 4 5 10 10 8 2 4 4 3 7 11 4 4 4 4 5 4 11 1 4 3 5 10 10 8 8 4 4 10 10 7 8 7 8 11 1 4 5 4 3 10 7 10 7 7 8 7 8 4 4 4 10 7 10 8 8 4 10 7 10 2 8 11 4 4 4 4 5 3 10 7 10 7 8 2 9 8 11 4 4 5 7 11 11 4 2 3 5 11 4 4 5 0 7 7 7 7 11 9 5 5 7 7 7 10 2 3 10 7 8 4 10 7 7 10 2 8 6 11 4 4 4 5 10 7 8 7 11 11 5 4 4 5 4 4 11 4 5 10 2 10 6 8 11 11 4 5 4 5 7 11 4 4 2 10 9 8 7 8 11 5 0 9 5 10 7 10 7 8 2 11 4 3 4 5 4 10 10 8 7 8 11 4 4 4 4 5 10 7 7 7 10 8 4 0 7 6 8 11 4 5 10 7 8 7 7 7 10 7 8 7 7 7 11 11 5 2 9 4 4 5 7 11 4 4 4 11 4 2 3 5 7 10 7 8 11 4 4 4 4 11 2 5 7 11 9 5 5 7 7 11 4 2 9 10 8 7 8 4 10 2 6 10 7 10 7 7 8 8 11 4 4 4 4 5 10 7 8 10 10 2 8 7 7 10 7 6 8 4 11 11 2 5 9 7 8 11 11 5 5 1 3 7 11 5 7 11 4 5 7 7 11 11 5 4 4 4 5 4 10 2 7 6 7 7 10 7 7 7 7 7 7 7 8 1 11 9 4 5 5 10 7 0 9 7 8 7 8 4 10 7 2 9 11 5 5 10 7 8 11 11 2 3 4 5 7 7 11 11 4 4 2 3 4 4 5 7 11 4 4 4 10 2 8 11 4 4 9 4 5 5 0 9 5 10 10 7 7 7 7 8 7 7 8 11 4 4 4 5 10 10 7 8 8 10 10 8 2
ppo_q50_b_fd_l4,40,qv14_45,14,91,True,449.0,3.2848217487335205,5 5 7 11 9 5 5 10 7 8 11 11 4 5 5 10 7 8 4 10 8 11 4 11 4 5 5 7 7 11 11 5 5 7 7 11 2 11 9 5 5 7 7 11 11 5 5 0 10 8 7 7 7 7 7 7 7 9 7 7 8 7 11 11 4 5 2 10 6 8 11 11 4 4 5 5 7 7 11 11 5 4 4 4 4 5 10 0 6 8 4 4 10 10 8 2 9 7 8 4 4 10 10 2 8 4 3 10 7 7 8 1 3 7 11 11 4 5 2 11 4 4 9 4 5 5 7 10 8 11 4 4 2 10 9 8 7 8 4 10 7 8 11 4 4 4 4 5 10 10 7 8 4 5 10 7 7 8 4 10 10 7 7 7 8 7 7 8 1 4 4 11 5 7 11 4 4 4 3 4 4 5 10 2 3 10 10 8 0 7 8 11 5 10 7 9 8 7 8 1 4 9 4 5 10 10 8 7 8 11 4 4 4 4 4 5 11 4 4 4 4 4 10 2 8 9 4 5 10 10 2 6 7 7 7 7 8 4 10 7 7 10 7 7 8 8 4 11 2 4 4 3 7 11 5 10 2 7 7 7 6 7 11 11 2 5 9 5 7 11 4 5 7 11 4 4 11 5 5 7 11 4 1 5 3 10 10 8 8 11 2 4 9 10 8 8 4 10 7 8 4 4 10 10 7 8 7 8 11 4 4 5 10 10 2 8 4 10 9 8 8 7 4 7 11 1 4 4 4 9 5 4 4 4 4 4 5 0 7 9 7 11 4 5 5 10 2 9 10 7 8 7 7 8 7 11 2 4 10 7 6 7 10 7 7 8 2 6 11 11 2 5 7 6 11 4 5 4 4 11 4 4 4 4 4 4 5 0 6 4 10 10 8 2 6 4 10 8 7 7 7 7 10 7 8 1 11 5 7 11 4 3 7 11 5 5 11 4 1 5 9 10 8 8 1 11 4 9 4 5 5 7 10 2 9 8 4 10 8 1 4 3 4 10 10 7 2 6 8 7 7 10 7 7 7 7 8 11 4 4 5 4 10 10 2 8 11 5 7 6 11 11 4 5 5 4 11 4 5 10 10 2 8 6 10 10 2 8 4 10 7 7 6 4 10 7 8 8 11 2 9 11 5 7 7 8
ppo_q50_b_fd_l4,41,qv14_46,14,95,True,476.0,1.370987892150879,5 5 7 11 9 5 5 10 7 8 11 11 4 5 5 7 7 11 11 5 5 10 0 8 4 10 7 7 6 8 11 11 5 5 10 7 11 5 5 7 7 11 11 5 5 7 7 11 2 11 9 5 5 7 7 1 11 9 5 5 7 7 11 11 5 5 0 9 5 10 10 8 2 4 9 10 8 8 1 11 5 9 10 7 7 7 7 7 7 7 2 6 8 11 11 4 4 5 4 4 5 10 8 7 7 11 4 11 5 4 5 0 7 7 11 3 7 11 5 5 7 7 11 11 5 7 2 9 7 8 11 4 4 10 7 7 7 7 7 7 7 2 8 7 9 7 8 7 7 7 11 11 2 3 4 5 10 7 7 8 11 11 4 4 2 5 11 4 4 4 4 5 3 10 10 2 6 8 4 10 7 7 7 7 11 5 2 10 6 8 7 1 11 9 4 5 4 4 4 4 4 5 7 11 2 4 3 4 10 10 8 7 7 7 7 8 11 2 3 4 10 10 8 8 11 2 9 11 5 7 7 8 7 7 1 11 4 5 9 11 4 5 0 8 9 7 10 7 7 7 8 4 5 10 2 9 10 8 7 7 8 1 3 7 11 4 4 4 4 4 4 10 8 2 11 4 5 9 4 11 5 4 4 4 5 0 6 4 10 10 8 7 7 7 7 8 11 1 5 4 11 4 5 7 11 9 5 5 10 2 10 7 10 8 6 10 7 8 8 11 2 4 3 10 10 7 7 7 7 8 8 11 1 4 4 5 7 11 5 7 11 5 4 4 4 11 4 4 5 3 10 10 7 7 7 7 8 7 7 7 7 8 4 10 10 8 8 11 4 4 4 5 10 2 9 8 4 10 7 10 8 8 4 1 4 4 4 4 4 9 4 5 11 1 4 5 3 10 10 2 7 8 11 5 9 5 10 10 8 8 0 10 9 8 8 11 4 5 7 11 5 4 10 10 7 7 8 7 8 11 5 11 4 10 2 6 7 7 7 8 7 11 2 11 3 4 11 4 4 5 2 9 5 7 11 4 11 4 5 2 9 7 11 5 4 5 0 6 7 11 4 10 8 7 8 7 7 7 10 7 10 7 8 2 9 7 7 8 11 4 4 11 5 4 4 5 7 11 4 4 4 11 4 2 4 5 9 5 10 10 7 8 7 8 4 4 4 10 7 10 2 6 8 4 4 10 10 7 2 8 9 8 4 10 10 8 2 4 10 10 8 8
ppo_q50_b_fd_l4,42,qv14_47,14,91,True,442.5,2.114163875579834,5 5 7 11 9 5 5 7 7 11 11 5 5 7 10 8 11 4 11 4 5 7 8 11 11 5 5 10 7 8 11 11 4 5 5 7 7 11 11 5 5 7 10 2 4 4 10 6 4 10 8 2 4 10 7 7 8 4 10 9 8 7 8 4 10 2 7 7 7 6 7 7 11 11 4 5 4 5 7 11 4 4 4 10 8 2 11 4 4 4 4 3 5 10 10 8 8 4 10 7 7 8 4 10 7 7 7 7 11 2 5 7 11 3 5 7 7 11 11 4 5 4 5 11 4 4 4 4 10 8 2 9 4 5 10 10 8 7 7 7 8 4 10 10 7 7 2 6 7 8 10 2 3 7 11 11 4 4 5 4 4 5 4 10 10 2 8 11 5 7 11 4 9 5 5 11 5 0 6 10 7 8 4 4 10 10 7 7 8 7 7 8 11 4 2 9 10 8 7 7 8 1 9 8 11 4 5 4 4 1 4 4 4 4 4 4 11 5 3 10 10 8 8 7 7 7 7 10 7 7 10 7 7 7 8 2 4 9 4 5 10 8 11 4 11 2 4 5 10 8 9 11 4 5 4 5 7 11 4 5 7 11 4 11 4 2 3 5 10 7 10 7 8 7 7 8 4 10 2 6 4 10 10 2 8 9 4 10 8 4 4 4 4 5 10 8 11 4 4 4 11 2 5 9 5 0 9 7 8 11 1 9 5 4 5 10 2 10 10 7 7 6 8 7 7 7 7 7 7 8 1 9 5 7 11 1 4 4 3 5 11 2 4 10 7 7 10 7 8 8 11 4 5 10 10 8 8 4 10 9 8 8 1 4 10 8 11 9 5 5 0 9 7 8 11 11 5 11 4 5 4 4 4 4 5 7 11 4 4 4 4 4 10 8 2 11 5 10 6 4 10 7 8 4 2 10 9 8 7 7 8 7 11 1 5 3 4 10 10 7 7 8 7 7 8 4 10 2 6 10 7 8 7 11 11 5 5 7 11 11 2 3 4 5 11 2 6 11 4 11 2 3 4 4 5 10 7 7 7 8 11 11 4 5 5 7 11 4 4 4 10 8 2 9 4 5 10 10 8 7 7 8 11 4 5 10 10 2 6 8 4 4 10 10 7 8 8 11 2 6 11 11 2 5
ppo_q50_b_fd_l4,43,qv14_48,14,90,True,451.75,4.763896703720093,5 5 7 11 9 5 5 10 7 8 11 11 4 4 5 7 8 11 11 5 5 0 10 6 7 8 11 4 11 5 2 10 8 11 4 9 4 5 5 10 7 8 11 11 4 4 5 0 8 9 8 11 4 10 7 8 7 7 7 7 8 4 0 7 6 7 11 11 4 5 5 7 7 11 4 4 4 4 11 4 2 5 10 9 8 7 7 8 4 10 7 10 8 8 1 11 5 9 10 7 8 8 7 7 7 1 11 3 4 11 4 2 4 4 5 4 3 7 11 11 4 4 4 5 7 8 11 2 9 7 8 4 10 7 7 8 4 10 7 10 8 2 9 8 7 7 10 10 2 6 8 11 1 4 4 4 3 4 4 5 7 7 11 11 5 4 4 4 4 5 10 2 6 4 10 7 8 4 10 8 10 7 7 10 7 2 8 4 10 7 8 6 11 11 5 5 11 5 7 11 4 4 4 11 4 5 4 5 7 11 4 2 10 9 8 8 11 4 5 7 10 7 0 7 7 8 6 11 4 5 10 7 11 4 5 5 7 7 11 11 2 3 5 10 10 8 7 7 7 7 7 7 8 10 10 8 1 4 4 4 3 5 10 7 7 8 11 4 1 9 5 5 7 7 11 2 9 11 4 5 4 4 4 5 4 10 0 9 5 5 4 4 10 10 0 7 7 7 6 7 7 7 7 7 7 7 7 8 7 8 11 4 2 9 4 5 7 11 5 7 11 11 2 5 9 5 7 7 11 11 4 5 2 10 6 8 4 4 10 10 8 8 4 4 10 10 7 7 7 7 8 4 5 11 5 10 2 6 7 11 11 5 5 4 4 4 4 4 11 4 11 5 2 9 4 5 7 7 10 7 10 7 8 2 11 5 9 10 8 7 8 7 7 0 10 6 8 4 11 5 10 7 7 11 5 4 4 5 10 7 7 7 8 11 11 4 5 4 5 7 11 11 2 3 4 4 5 7 11 4 4 2 4 9 4 5 10 10 7 8 8 4 10 7 8 10 2 10 7 7 7 7 6 8 11 11 4 2 3 5 10 7 7 11 4 5 4 4 4 4 4 4 4 4 5 0 10 10 8 8 10 8 9 8 11 11 4 4 4 4 4 5 4 5 7 11 2 4 10 9 8 8 10 7 7 10 0 8 7 7 8 10 10 8 7 7 8
ppo_q50_b_fd_l4,44,qv14_49,14,94,True,474.75,1.820373773574829,5 5 7 11 3 7 11 2 5 7 11 3 7 11 5 2 9 7 11 5 5 0 10 7 6 8 11 11 4 4 4 5 5 10 2 10 6 11 4 4 5 5 0 9 5 10 10 8 2 9 8 4 4 10 10 7 8 8 4 4 0 10 7 7 7 8 7 9 11 1 4 3 4 5 5 7 7 11 11 5 0 7 7 8 7 11 4 5 7 7 11 11 3 5 4 4 5 10 2 4 4 4 3 4 10 10 8 2 9 8 4 10 7 7 8 10 7 8 4 4 10 10 7 7 8 2 9 7 8 11 4 4 4 4 4 5 7 11 4 11 2 5 7 11 9 5 5 11 2 9 7 7 10 2 7 7 7 6 8 4 10 2 7 7 7 6 11 11 2 5 4 9 4 4 5 7 11 4 4 4 11 5 4 5 10 7 7 8 11 11 2 5 3 7 10 7 7 8 4 10 7 8 4 10 7 0 7 7 7 8 7 6 11 4 11 4 5 4 4 4 4 5 7 11 2 4 4 9 5 7 11 4 4 10 8 7 7 7 8 4 0 9 5 10 7 7 7 7 7 7 7 8 11 4 11 4 4 5 5 10 7 8 11 11 2 5 10 8 6 7 11 4 11 4 4 4 5 5 0 10 7 7 8 7 10 7 8 9 11 4 4 4 4 5 4 5 10 7 7 7 8 11 11 4 4 4 5 5 7 7 11 4 11 5 7 8 0 9 7 7 8 7 11 2 9 11 5 5 7 11 2 4 4 9 10 8 8 11 4 5 10 10 7 0 7 6 7 7 7 7 7 2 7 8 6 11 11 5 4 5 10 7 7 8 11 11 2 4 3 5 10 7 8 11 11 5 5 10 7 8 11 11 2 3 4 4 5 7 7 11 2 11 4 3 5 10 10 8 7 8 4 10 7 10 7 7 8 8 4 4 10 10 2 8 6 11 4 5 7 7 11 11 5 5 10 7 8 11 11 4 4 2 3 5 7 7 11 2 9 11 5 5 0 10 9 8 4 5 7 10 7 7 7 8 7 7 7 7 7 11 11 2 3 5 7 11 4 11 4 5 5 4 4 4 11 4 5 7 11 4 4 10 8 2 9 7 7 8 11 4 5 4 10 10 8 7 8 11 5 4 10 10 2 6 7 7 7 7 8 11 2 4 4 3 10 10 7 2 7 6 8 11 11 4 8 7 7 8 11 4 4 11 4 4 2 4 4 4 4 4 4 3 5
ppo_q50_b_fd_l4,45,qv14_5,14,87,True,420.5,4.562319278717041,5 5 7 11 9 5 5 7 7 11 11 5 5 10 2 7 6 11 11 4 5 5 10 2 10 9 7 7 7 8 8 1 9 8 11 11 4 2 4 3 5 10 7 8 11 11 4 5 2 7 11 9 5 5 7 7 11 11 5 5 7 7 11 11 5 5 0 9 7 8 11 4 10 2 6 7 8 4 10 7 8 4 10 8 4 10 7 8 7 7 7 7 7 11 11 2 3 5 7 11 4 1 5 7 11 4 3 7 11 5 4 5 11 4 4 2 4 4 10 10 8 6 7 7 8 11 4 5 10 10 2 8 4 3 7 10 7 7 8 4 10 7 7 7 7 7 8 11 11 2 5 7 11 9 5 5 4 4 4 1 3 7 11 11 2 5 9 7 8 11 4 4 4 4 5 7 7 10 7 10 7 8 8 11 1 4 4 4 4 5 10 7 10 7 7 8 6 7 8 11 2 3 11 11 2 5 10 8 9 11 5 4 5 10 2 6 4 10 10 7 7 7 8 7 7 10 8 7 7 8 11 5 10 2 6 7 11 11 4 5 4 5 11 4 4 10 8 2 9 4 5 7 11 4 4 5 10 8 7 7 7 7 10 7 10 2 8 6 4 10 8 11 4 11 4 4 5 5 0 10 7 7 7 8 11 4 3 11 4 5 4 5 11 2 6 11 11 5 5 10 7 8 11 11 4 4 4 5 5 0 9 7 8 11 4 5 10 10 8 8 4 10 8 7 7 7 10 7 10 8 2 9 8 4 10 10 8 8 1 11 4 5 4 3 10 10 7 8 8 4 1 9 8 11 11 5 4 1 4 3 5 10 10 8 8 11 4 5 10 10 7 7 7 7 7 7 7 8 4 5 4 4 4 1 9 8 4 4 4 4 4 4 4 11 4 4 10 2 8 9 4 5 10 10 7 8 2 9 8 11 11 5 4 4 5 10 7 8 10 7 7 7 8 4 0 7 6 7 11 11 2 4 3 4 4 5 4 11 4 4 5 4 10 2 10 7 7 8 6 11 11 5 5 0 7 7 7 10 8 7 7 6 11 11 5 4 5 7 7 11 11 4 4 4 5 5 7 7 11 11 2 5
ppo_q50_b_fd_l4,46,qv14_50,14,86,True,412.5,2.996582508087158,5 5 9 7 11 5 5 10 7 8 7 11 11 1 4 5 5 9 7 7 8 11 11 4 5 5 7 7 11 2 11 9 5 5 10 7 7 8 7 11 4 5 7 11 11 4 5 5 7 7 11 11 5 5 0 9 7 8 11 4 5 10 7 7 7 7 7 8 4 10 10 8 8 11 4 10 2 7 7 8 9 1 5 7 11 4 4 4 4 5 7 11 9 5 5 4 4 10 8 7 0 7 7 9 7 8 4 10 7 7 7 7 7 7 11 4 4 5 2 10 8 6 11 11 5 2 10 8 9 11 4 5 5 7 11 4 4 4 5 7 11 4 11 4 5 5 7 10 2 10 7 6 4 10 8 7 7 7 7 0 7 8 11 9 4 5 7 8 11 1 9 4 5 4 5 1 9 8 11 4 4 4 4 4 10 2 8 11 5 9 10 8 8 11 4 2 10 7 6 4 10 7 7 7 8 7 8 4 4 10 7 8 4 4 10 10 7 7 8 8 4 11 2 9 5 4 4 4 4 11 1 9 8 4 5 7 11 4 4 5 4 4 4 4 10 10 2 8 11 3 5 10 10 8 7 7 8 4 4 10 10 8 7 10 8 7 8 11 2 3 4 10 10 7 7 8 7 8 4 11 2 4 10 9 5 5 7 11 5 7 7 10 7 7 11 5 4 4 4 4 4 5 7 11 4 2 9 4 10 8 8 11 2 9 4 4 5 10 7 10 8 7 7 7 8 11 2 11 3 5 7 11 11 5 2 3 7 11 4 4 4 4 5 10 10 8 2 9 8 7 7 10 8 4 10 7 10 7 8 2 11 5 9 10 8 8 1 11 3 4 5 7 11 4 4 4 4 4 1 4 5 3 10 10 7 2 8 10 9 7 8 8 11 2 4 3 10 10 2 6 8 7 7 0 7 7 7 6 11 2 9 8 11 11 5 5 7 11 5 7 7 7 11 4 11 5 4 4 4 4 4 5 7 11 11 2 5 10 8 6 11 11 5 5 7 7 11 11 2 5 4 10 10 7 7 7 7 6 8 7 10 8 7 7 8 4 4 11 4 5 10 10 2 8
ppo_q50_b_fd_l4,47,qv14_51,14,96,True,484.5,3.5754926204681396,5 5 7 11 3 7 11 5 2 9 7 7 8 11 4 11 5 5 10 7 7 8 11 5 7 11 11 4 5 5 10 7 8 11 11 4 5 5 10 7 8 11 11 4 5 5 7 7 11 11 5 5 0 7 11 5 10 9 8 8 4 4 10 10 8 8 4 4 10 0 7 9 8 7 8 1 3 7 11 11 2 3 5 10 7 8 11 11 4 5 5 7 7 11 11 5 2 3 10 7 7 7 7 7 7 7 7 7 7 7 7 7 11 2 3 5 10 7 8 11 11 5 5 7 7 11 11 4 2 5 4 4 9 4 4 4 5 0 9 7 7 8 4 10 7 7 10 8 4 4 5 7 11 2 6 11 4 5 4 4 4 1 3 4 10 10 7 8 2 9 4 5 10 10 8 8 10 7 7 7 7 8 11 1 4 5 7 11 9 5 5 11 4 5 7 11 4 5 0 7 7 10 6 10 7 7 7 7 7 8 7 8 11 2 3 7 11 11 2 4 5 9 7 8 11 4 4 5 11 4 4 5 7 7 11 11 4 5 2 10 6 4 10 7 7 7 7 7 8 0 6 7 7 8 11 5 10 7 7 11 2 5 10 8 11 4 3 7 11 5 4 5 11 4 5 7 7 11 11 5 7 7 7 8 7 11 4 4 4 1 3 5 7 7 11 11 4 4 5 5 7 0 6 4 10 7 7 7 8 4 10 7 7 10 8 7 7 8 4 4 10 10 8 2 9 8 11 11 4 4 4 4 2 5 7 11 9 4 4 5 7 7 8 11 4 4 5 10 7 11 4 4 4 5 7 8 11 4 5 10 2 10 6 7 8 1 3 4 0 10 6 4 10 7 2 8 9 7 8 10 10 8 2 9 4 4 5 11 4 4 4 5 7 11 4 4 4 4 4 10 2 6 8 11 4 10 7 8 7 7 7 2 10 8 6 7 7 10 7 7 8 7 11 2 6 11 11 4 5 5 10 7 8 11 11 5 4 4 4 4 4 5 10 2 3 7 11 5 7 7 7 7 7 11 11 5 7 7 7 7 8 11 2 4 4 4 4 4 11 4 4 4 3 5 10 10 8 7 8 4 10 7 7 7 7 7 10 8 7 8 11 4 4 5 10 7 10 7 8 2 9 8 4 4 4 4 11 4 4 5 7 11 11 2 4 5 7 11 4 4 4 5 3 10 7 10 7 8 7 8 11 2 3 4 10 10 8 7 7 7 8 4 10 8 7 7 7 7 7 10 7 11 2 5 3 11 11 5 2 9 5 7 11 11 2 4 5
ppo_q50_b_fd_l4,48,qv14_52,14,92,True,455.0,5.236270189285278,5 5 7 11 9 5 5 7 7 11 11 4 5 7 8 11 11 5 5 7 10 7 7 8 11 4 4 4 11 4 5 7 8 11 11 5 5 7 7 11 11 5 5 10 0 8 4 10 9 8 8 4 4 10 10 7 7 8 8 4 4 10 10 8 7 7 8 7 11 2 11 3 4 11 4 4 2 4 5 7 7 7 7 7 6 4 10 7 7 8 11 2 4 11 9 5 4 5 7 11 5 7 1 9 4 11 5 2 10 8 11 4 4 9 4 5 5 0 10 7 8 11 9 5 5 10 0 7 8 9 4 10 8 7 8 4 10 7 7 10 2 8 11 4 9 5 5 7 11 4 4 11 4 4 5 5 0 10 9 8 7 7 8 1 3 7 11 5 7 11 11 2 5 9 5 10 10 7 7 7 8 7 8 11 4 1 3 5 7 7 11 4 4 5 4 4 4 4 10 10 8 2 9 7 7 8 11 4 5 11 4 5 4 10 10 7 7 7 7 7 7 7 8 8 11 4 5 10 10 7 2 6 7 7 8 11 4 4 4 5 7 11 5 10 7 10 7 7 7 8 8 11 4 4 5 4 10 10 7 7 2 8 4 11 5 7 11 4 3 4 4 4 5 10 8 11 4 11 5 2 4 11 5 7 7 10 7 8 11 11 4 5 4 5 10 7 11 5 5 3 7 7 10 7 7 7 7 7 7 8 4 10 7 7 10 8 7 8 1 4 11 4 4 5 9 4 5 7 11 5 7 11 4 4 11 2 5 9 5 7 10 7 7 7 8 4 10 7 7 10 7 7 8 8 4 4 10 7 8 1 9 8 11 11 5 7 1 4 5 9 10 7 2 8 4 10 6 8 11 11 5 5 10 7 8 11 11 4 5 4 4 4 4 4 5 7 11 2 9 5 4 4 10 7 10 8 8 11 2 11 5 3 10 10 7 7 7 7 8 4 5 0 9 5 10 7 7 10 2 7 6 7 8 11 4 11 5 4 4 11 2 3 5 7 7 11 1 4 4 4 5 3 10 10 7 7 8 7 7 8 4 10 2 6 4 10 7 10 2 8 9 11 4 5 4 5 10 7 0 6 8 4 4 10 10 8 8 1 9 8 7 11 11 4 4 4 5 5 7 7 11 11 2 3 5 7 7 11 11 5 4 5 7 7 11 11 2 5
ppo_q50_b_fd_l4,49,qv14_53,14,91,True,456.75,2.521381378173828,5 5 7 11 9 5 5 10 7 8 7 11 11 1 4 5 5 7 11 9 5 5 7 10 7 7 8 11 11 5 5 7 11 11 4 5 7 8 11 11 5 5 7 7 11 11 5 5 10 2 10 9 7 8 8 4 10 7 8 4 10 7 10 7 8 2 6 11 1 4 5 4 4 4 4 11 4 4 3 10 2 7 8 7 7 7 7 7 10 8 11 4 4 5 4 4 9 5 1 3 10 7 10 2 8 6 4 10 10 8 8 4 10 7 7 7 8 7 7 11 4 11 4 5 2 9 5 7 11 4 11 5 2 9 10 7 8 7 7 8 1 11 4 4 4 5 3 7 10 8 4 10 10 7 7 2 6 7 8 1 9 5 7 11 11 5 2 10 8 4 10 7 9 8 8 1 9 4 5 10 7 8 11 11 4 4 4 5 4 4 5 0 7 7 7 6 4 10 8 11 4 11 4 4 5 4 4 5 10 7 7 7 8 11 11 4 4 4 5 4 5 10 2 9 7 7 11 5 5 7 10 8 7 0 10 7 8 6 11 11 2 3 4 4 4 4 5 10 2 3 10 10 8 8 11 2 4 10 6 7 10 7 7 7 8 7 8 1 4 9 4 5 7 11 4 4 5 7 11 4 4 10 2 8 4 3 10 7 7 7 7 8 4 10 2 9 10 7 7 8 4 5 10 10 8 1 4 3 5 10 7 8 11 11 5 4 4 5 0 9 8 7 10 7 7 8 7 11 11 2 5 3 7 11 4 4 11 5 5 10 7 11 5 5 7 11 11 5 4 5 7 7 10 2 7 7 10 6 11 4 4 4 5 2 9 7 8 4 4 10 10 7 7 8 7 7 8 1 3 7 11 4 11 5 2 7 11 4 5 4 4 11 3 10 7 8 2 9 7 7 8 4 4 10 0 7 8 9 11 4 4 5 7 7 8 11 4 4 4 1 3 5 10 10 2 8 4 10 6 10 8 7 7 8 4 10 7 2 7 7 7 6 11 11 5 5 7 7 11 2 11 4 4 5 3 10 10 8 8 11 2 11 3 5 11 4 11 4 2 3 5 10 10 7 7 7 7 7 7 7 7 8 7 8 7 7 7 7 11 11 5 4 4 5 10 7 8 11 1 4 4 3 5 10 7 10 8 2 4 9 10 8 8
ppo_q50_b_fd_l4,50,qv14_54,14,90,True,447.5,5.433609962463379,5 5 7 11 6 11 5 5 7 7 11 11 4 5 7 8 4 7 11 11 5 5 10 2 7 11 9 4 5 5 10 7 8 11 11 4 5 5 7 7 11 11 4 5 0 8 9 8 11 4 5 10 10 7 8 8 11 4 10 7 7 7 7 2 7 7 8 6 11 11 4 5 2 9 5 10 7 11 2 3 4 4 4 5 4 4 4 11 4 10 8 8 4 4 10 10 2 8 11 5 10 7 6 10 2 6 7 8 4 10 10 7 2 6 8 4 4 10 10 7 8 2 11 5 4 9 4 4 5 7 11 4 4 4 10 2 6 8 11 1 4 4 4 4 4 5 3 10 7 7 7 10 7 7 2 6 7 7 7 8 11 4 5 7 11 4 4 10 8 7 7 8 7 10 7 7 11 2 5 4 4 11 5 4 11 4 5 9 5 0 7 6 11 11 2 3 5 7 7 11 11 2 4 3 4 5 10 0 7 7 8 9 4 10 8 8 4 4 10 2 3 10 10 8 7 7 10 8 8 7 10 2 6 7 11 11 2 4 3 4 4 5 7 7 10 7 8 11 4 4 4 1 4 3 4 4 5 7 11 4 4 4 10 8 2 9 4 4 5 10 7 7 7 7 7 7 10 8 2 11 5 10 9 7 8 4 5 10 7 2 11 9 5 4 4 4 4 5 7 11 2 11 5 4 3 4 10 10 2 8 9 7 7 7 7 7 7 8 11 4 5 10 10 8 7 8 4 10 10 2 8 10 7 7 8 11 9 5 5 4 11 5 4 1 9 11 2 5 3 4 4 4 11 11 2 3 5 10 10 7 7 7 8 7 7 0 7 6 7 7 7 8 10 2 7 6 11 11 5 4 5 10 7 7 8 11 11 4 2 3 4 5 11 5 7 11 4 11 4 4 5 7 0 8 9 4 5 10 7 8 4 4 10 10 8 7 8 11 5 7 7 7 10 7 7 8 7 7 7 7 11 11 2 5 3 4 4 11 5 11 4 4 11 2 5 7 11 3 7 11 5 1 5 7 11 9 5 4 5 4 10 2 9 10 7 7 7 8 4 5 10 7 7 7 7 8 4 10 10 7 8 2 7 6 11 11 4 5 4 4 5 4 4 11 4 4 5 10 2 7 6 7 10 8 7 11 11 5 5 11 11 5 4 5 10 8 7 11 11 2 5
ppo_q50_b_fd_l4,51,qv14_55,14,88,True,445.75,1.4844634532928467,5 5 7 11 9 5 5 7 7 11 11 4 5 7 8 11 11 5 5 0 10 7 6 8 1 11 9 5 5 7 7 11 11 4 4 5 7 8 11 11 5 5 0 10 7 6 8 11 1 9 5 5 10 7 11 5 5 7 7 11 11 5 5 10 2 3 10 10 7 7 7 8 7 7 7 7 7 8 4 10 2 7 7 11 9 5 4 5 10 7 7 8 11 11 5 4 5 10 7 7 11 4 4 5 4 5 11 4 4 4 5 7 11 4 4 10 8 2 4 10 8 4 10 6 4 10 8 7 8 4 10 10 7 7 7 8 2 9 8 1 11 3 11 5 4 4 5 4 10 7 11 2 5 9 5 7 7 11 11 5 2 3 10 10 7 7 7 8 2 7 10 7 7 8 11 11 5 5 7 11 9 5 1 5 4 9 5 7 11 4 4 4 4 10 2 6 7 8 11 4 4 5 10 10 8 7 7 7 7 7 7 7 7 8 4 4 10 10 7 8 8 11 1 5 4 4 4 4 4 11 4 5 10 9 8 7 8 11 5 4 10 2 10 7 10 6 7 7 7 8 7 8 11 4 4 2 9 4 5 7 10 10 8 8 4 4 4 4 11 5 7 11 1 9 8 4 4 5 7 11 4 4 5 10 7 8 11 4 4 4 11 2 5 3 10 10 7 8 7 8 7 7 7 0 9 7 8 11 2 3 7 11 4 5 7 11 4 5 4 10 10 2 8 4 10 9 7 8 7 7 8 4 10 2 6 7 11 11 4 2 5 7 11 5 11 4 3 4 4 4 1 5 3 10 7 7 7 8 4 10 7 10 8 7 10 8 8 4 11 4 5 10 7 7 10 8 2 6 11 4 5 7 7 11 11 4 2 5 9 5 10 0 7 7 8 6 11 11 4 5 4 4 11 4 4 4 5 5 11 2 4 3 10 7 7 7 11 5 5 7 10 8 4 10 10 7 2 7 6 8 11 4 5 4 4 4 4 11 5 11 2 4 4 10 10 6 7 8 8 4 10 7 7 7 7 10 8 7 8 4 10 7 8 1 11 9 5 5 4 4 11 4 4 4 5 4 10 10 8 2 4 10 6 4 10 8 8 4 4 10 10 8 7 7 7 8 4 4 10 10 8 8 4 4 10 10 2 8
ppo_q50_b_fd_l4,52,qv14_56,14,92,True,460.0,5.500791549682617,5 5 7 11 3 7 11 2 5 7 11 9 5 5 10 2 7 6 11 11 2 5 7 11 9 4 5 7 8 11 1 9 4 5 7 8 11 11 5 5 10 2 3 10 10 8 2 11 4 9 4 5 5 10 7 8 11 11 2 5 9 10 7 7 7 7 7 7 8 7 7 7 8 11 5 10 2 7 6 7 11 11 5 4 5 10 8 7 11 11 2 4 3 4 4 5 10 2 7 9 7 7 8 11 4 11 4 5 4 5 7 11 5 0 7 7 7 9 7 8 10 7 7 8 7 7 7 7 11 11 2 3 5 11 4 4 5 7 1 11 3 11 5 7 2 11 9 5 4 4 5 7 11 2 4 10 9 8 7 7 7 8 11 11 5 5 10 7 8 4 4 10 10 7 7 7 7 7 8 4 5 10 7 8 7 7 7 11 11 2 5 10 8 11 3 11 4 5 4 4 4 5 7 7 7 11 4 11 5 2 9 7 11 4 5 4 5 7 0 9 7 8 4 4 10 10 7 2 8 7 6 7 7 10 7 10 7 8 8 1 11 4 4 5 3 4 10 10 7 2 6 8 4 4 10 10 2 8 9 4 5 10 10 8 8 4 4 4 4 4 11 4 4 4 4 4 4 5 7 7 11 2 11 9 4 5 5 0 10 9 8 7 7 8 7 11 4 4 4 4 5 10 10 7 7 0 8 7 8 6 11 11 4 4 4 2 5 4 9 5 4 4 4 4 10 10 2 6 8 10 7 10 7 7 8 7 7 8 11 4 4 4 4 5 10 2 7 10 7 7 9 8 8 4 10 7 8 7 11 1 3 4 11 4 5 2 9 4 11 5 4 5 10 7 7 8 11 11 2 5 9 10 7 7 7 7 8 7 8 1 3 11 4 5 10 7 11 5 5 7 7 11 11 4 4 5 2 9 7 8 11 11 4 4 4 4 5 2 7 7 10 10 8 7 6 7 7 7 7 8 11 4 4 4 5 11 5 4 10 10 7 7 7 8 2 4 10 9 8 8 10 7 10 8 8 4 1 9 4 5 10 8 4 10 8 7 11 11 4 5 5 4 11 4 4 4 4 4 5 4 4 4 4 4 10 10 8 2 9 8 4 10 7 7 8 4 4 10 10 8 2 7 9 7 8 1 3 11 11 4 4 5 2 9 5 10 10 7 7 7 7 7 8 8 10 10 2 7 8
ppo_q50_b_fd_l4,53,qv14_57,14,92,True,461.0,1.5043396949768066,5 5 9 7 11 5 5 7 7 11 11 4 5 7 8 11 11 5 5 0 10 7 6 7 7 8 7 11 11 2 5 9 7 8 11 11 4 4 4 5 7 8 11 2 11 3 7 11 4 5 7 8 11 11 5 5 7 7 11 2 4 10 9 8 8 11 4 10 8 7 7 7 8 4 10 10 8 1 3 4 4 4 5 7 11 2 11 4 9 4 5 5 0 9 7 7 8 11 4 4 10 8 2 11 5 3 10 10 7 8 7 8 11 4 2 4 3 10 10 7 7 8 2 4 10 7 9 8 7 7 8 11 2 4 4 9 10 8 7 7 8 1 4 4 11 3 4 5 7 11 4 4 5 0 6 4 10 7 7 0 9 5 5 10 7 0 7 7 6 8 11 11 2 3 5 10 2 3 7 11 5 7 11 11 4 5 2 7 11 4 4 4 3 5 10 10 2 6 8 4 4 10 10 7 2 8 11 3 7 11 4 5 5 4 4 4 4 10 10 2 8 7 7 10 7 8 6 4 10 7 7 7 7 10 2 8 6 11 4 5 7 7 11 11 5 4 4 5 4 11 4 4 4 5 10 10 8 2 9 4 10 8 8 4 11 5 10 7 0 9 8 7 8 1 9 11 4 5 5 10 7 2 11 3 7 11 4 4 5 4 4 5 11 4 10 8 2 10 6 10 7 7 2 6 7 7 0 7 6 7 7 7 7 8 11 4 4 1 3 4 4 5 7 11 5 7 11 4 11 2 5 4 10 7 7 7 6 7 8 10 10 8 8 11 4 4 5 4 10 2 10 6 10 7 8 8 11 2 9 4 10 8 4 4 5 7 11 2 4 11 9 4 4 5 4 5 7 7 11 11 4 4 5 4 4 4 4 5 7 0 6 10 8 10 7 7 8 11 4 4 4 11 5 2 9 4 5 7 10 10 7 8 7 8 11 4 4 5 7 11 5 10 7 10 7 7 7 8 7 8 11 2 4 10 9 7 8 8 11 1 4 5 4 4 3 4 10 10 8 7 7 7 7 7 8 4 10 7 7 7 11 5 5 10 7 11 5 2 7 11 5 9 7 11 5 5 4 4 4 0 10 6 10 7 2 7 7 8 11 5 9 5 10 10 8 8 1 9 8 11 11 4 4 4 4 4 4 2 3 4 5 7 7 11 11 4 4 4 2 5 3 10 10 2 8 9 8 1 9 4 10 8 8
ppo_q50_b_fd_l4,54,qv14_58,14,95,True,471.5,1.5151562690734863,5 5 7 11 3 7 11 5 2 9 7 11 5 5 10 7 7 8 7 7 7 11 11 5 4 5 7 10 7 8 11 11 4 4 4 4 5 5 7 7 11 11 5 5 10 7 8 11 11 4 5 5 7 7 11 11 5 5 10 7 8 11 11 2 5 10 6 7 7 7 7 8 7 7 10 7 7 7 7 7 7 11 5 2 10 8 9 11 2 3 5 7 7 11 11 4 5 1 9 4 5 5 7 11 1 9 4 5 5 0 9 5 10 10 8 2 9 4 10 8 8 1 11 4 5 9 10 8 8 11 2 11 4 4 9 5 4 5 7 0 9 7 8 4 10 7 7 7 7 0 7 7 7 7 7 7 8 9 4 5 7 7 11 11 4 4 4 5 4 4 5 10 7 7 7 11 5 5 0 10 6 7 8 11 4 11 2 5 7 11 9 4 5 5 7 7 11 4 5 0 9 10 7 7 8 7 7 7 8 11 4 4 10 2 8 4 10 9 8 7 8 7 11 2 11 3 11 4 5 4 1 3 4 5 7 7 7 11 4 11 4 5 5 10 2 10 9 8 7 8 11 2 9 4 4 10 7 8 7 8 4 10 7 10 2 8 9 8 11 11 4 4 5 4 4 5 7 11 2 4 4 4 11 3 10 2 7 8 9 8 4 10 8 7 10 7 10 2 8 11 4 5 9 5 10 10 7 8 8 11 4 5 10 10 8 2 4 10 8 6 11 11 4 2 3 5 4 4 4 11 4 11 2 5 10 8 4 3 10 10 8 7 8 7 7 7 10 7 7 7 7 7 8 1 4 11 4 4 4 5 11 4 5 10 9 8 8 4 1 4 11 5 11 4 5 3 10 10 7 8 7 7 7 7 0 7 7 7 7 9 8 8 1 4 4 9 4 5 4 10 7 8 11 11 4 2 5 9 5 0 7 6 4 10 8 11 4 11 5 4 5 4 10 10 2 8 11 5 4 11 4 5 3 10 10 8 7 8 4 10 7 7 10 8 2 4 10 6 4 10 7 8 2 11 5 10 9 5 5 7 11 4 4 4 11 5 5 10 2 10 7 6 4 10 8 7 7 10 7 8 7 7 8 11 4 2 11 4 5 9 10 7 7 8 8 4 1 9 5 10 8 7 11 11 2 3 4 4 5 7 11 4 5 7 11 11 2 4 3 4 5 10 7 10 7 7 7 7 8 8
ppo_q50_b_fd_l4,55,qv14_59,14,92,True,439.75,3.792532444000244,5 5 7 11 9 5 5 10 7 8 11 11 4 5 5 7 7 11 11 4 5 7 8 11 1 9 5 5 10 7 8 11 11 5 2 9 7 11 5 5 7 7 11 11 5 5 0 9 7 7 8 11 4 4 5 10 10 8 2 4 10 8 4 9 10 8 7 7 7 7 8 7 7 7 10 7 11 2 5 7 11 3 7 11 5 4 4 4 4 5 7 11 4 11 4 5 2 7 11 5 10 6 4 10 7 8 2 7 7 6 7 10 7 7 8 11 11 2 5 4 4 11 4 5 11 4 3 4 5 0 9 5 10 7 10 8 8 4 0 9 10 7 8 8 4 4 10 7 7 7 7 7 7 8 1 4 4 4 11 9 4 4 5 5 7 11 4 5 4 10 7 11 2 3 4 5 10 2 4 3 4 10 10 8 8 4 11 4 5 4 10 10 8 8 4 11 4 5 4 10 10 8 8 4 10 7 10 7 7 8 8 10 2 10 9 7 8 4 5 10 7 8 11 1 3 5 4 4 1 3 4 10 10 2 8 7 6 10 10 8 8 4 4 10 10 7 8 8 4 4 10 2 9 7 11 5 5 10 7 8 4 11 4 4 5 7 11 4 4 4 10 7 2 8 9 7 8 11 5 4 10 10 2 6 7 8 0 9 5 7 11 11 5 4 4 4 5 4 11 4 5 7 7 11 11 5 5 11 4 11 2 4 5 9 7 7 8 4 10 7 7 10 7 7 7 8 8 11 2 11 4 3 4 5 7 7 11 11 5 2 7 11 4 5 3 10 10 8 2 6 7 7 0 6 4 10 7 8 0 7 7 7 10 8 11 4 9 4 4 5 5 11 5 0 6 10 10 8 4 4 4 1 3 5 10 7 8 11 11 5 5 7 7 11 4 5 7 7 11 11 2 5 10 8 4 4 4 4 3 7 10 7 7 10 7 8 7 7 7 7 7 0 7 8 6 11 11 2 5 4 11 4 5 4 4 9 4 5 0 10 7 9 8 0 8 7 6 10 7 7 7 11 2 5 9 7 8 11 11 2 3 5 7 11 11 5 4 4 4 5 10 2 9 7 8 7 11 11 4 5 4 4 4 5 7 11 4 5 7 11 11 5 7 7 7 7 7 7 8 4 10 2 6 7 11 11 5 5 7 7 11 11 2 5
ppo_q50_b_fd_l4,56,qv14_6,14,89,True,440.5,1.4381966590881348,5 5 9 7 11 5 5 7 7 11 11 4 5 7 8 11 11 4 5 0 8 9 8 1 11 9 4 5 5 10 0 8 4 10 9 7 8 7 8 7 7 10 7 11 2 5 7 11 4 9 5 4 5 10 2 7 7 11 11 4 4 4 5 5 7 7 11 4 9 4 4 5 7 8 4 10 8 7 11 4 4 11 5 5 10 2 10 7 7 10 8 6 8 4 10 10 2 8 7 7 7 7 6 7 11 11 4 5 4 4 4 4 4 4 4 4 5 10 2 6 7 7 11 1 9 4 5 5 10 7 11 5 5 7 7 11 11 5 2 9 7 7 7 8 4 10 0 9 7 8 8 11 2 11 3 10 7 7 8 7 7 7 7 8 11 2 9 4 5 7 11 4 11 4 5 2 7 11 4 5 7 11 4 9 5 4 5 7 7 7 7 7 7 7 10 8 7 7 10 2 7 7 6 7 11 11 5 5 7 11 4 5 10 8 7 7 11 4 11 2 4 3 4 4 4 4 4 5 4 10 7 2 9 11 5 5 10 0 6 7 8 4 10 7 7 7 11 2 3 5 10 7 8 4 10 0 7 8 6 11 11 4 2 5 4 11 4 5 7 11 3 11 5 5 7 7 11 2 9 7 8 7 11 11 5 7 7 7 7 8 11 2 3 10 7 7 7 10 8 4 4 4 5 10 2 6 4 10 7 7 8 4 4 10 10 7 8 7 8 1 9 4 4 5 10 7 11 5 5 7 7 11 11 4 4 5 2 7 6 11 11 5 5 10 2 9 7 11 4 5 4 5 0 7 10 7 7 8 6 11 11 5 2 10 8 4 10 9 8 7 7 8 4 10 2 7 7 6 7 11 11 2 5 3 4 4 4 11 4 4 4 4 5 10 2 7 9 7 8 4 10 7 7 7 7 7 7 11 4 2 5 9 7 8 11 11 2 3 4 5 7 11 4 4 4 4 4 4 10 8 8 11 4 10 2 6 8 11 2 9 11 5 7 7 8 11 5 11 5 4 10 10 7 0 8 6 8 4 10 7 7 7 8 11 11 5 2 10 7 7 7 8 10 8 6 11 11 5 4 5 7 7 11 11 4 4 5 4 4 4 4 5 10 2 7 9 11 5 5 10 10 7 7 8 8
ppo_q50_b_fd_l4,57,qv14_60,14,92,True,458.75,5.199996471405029,5 5 7 11 9 5 5 10 7 8 11 11 4 5 5 10 7 8 11 11 4 5 5 7 7 11 11 5 5 10 0 8 9 4 10 8 8 1 11 5 7 11 4 4 9 5 5 7 7 11 11 5 5 0 10 9 8 4 5 10 10 8 8 11 4 5 10 10 7 2 8 7 7 6 4 10 7 7 7 8 7 11 11 2 5 9 7 11 5 4 5 7 1 4 4 9 11 5 0 7 6 8 11 4 5 10 10 2 6 8 11 4 5 10 10 7 7 2 7 8 7 6 11 4 4 11 4 4 4 4 4 5 5 7 7 11 11 5 2 7 9 7 7 8 1 3 7 11 5 1 4 3 4 10 10 8 7 0 7 6 7 7 7 8 7 7 11 4 1 4 4 4 4 4 5 10 8 9 11 5 5 11 5 10 2 7 10 10 7 7 6 7 7 8 8 4 4 10 2 10 9 7 8 4 5 10 7 8 1 11 9 5 4 4 5 7 11 2 3 11 4 10 7 7 8 8 4 4 10 10 2 6 7 8 11 4 4 5 10 7 10 8 8 4 11 4 11 4 2 3 4 5 7 7 11 4 4 5 7 11 4 5 7 1 4 4 3 4 10 10 7 8 8 4 4 10 10 2 6 7 8 10 7 0 7 8 9 11 5 4 5 10 8 7 11 11 4 5 4 4 4 5 7 7 11 2 11 9 5 5 0 10 6 7 8 10 2 9 10 7 5 4 4 1 3 4 5 7 11 4 4 5 10 7 7 7 7 10 7 8 7 7 8 4 4 10 10 7 7 8 8 11 4 5 10 10 2 8 9 4 4 4 5 10 7 8 7 11 11 5 4 4 5 4 11 4 5 7 11 11 5 5 7 7 11 11 5 2 9 5 10 7 7 7 8 1 4 4 4 3 10 10 7 7 7 7 8 8 4 10 7 10 8 8 4 10 2 10 8 11 4 3 11 2 5 7 11 3 4 11 4 5 2 7 11 3 5 0 9 7 7 7 8 4 10 7 10 2 8 9 8 11 11 4 2 3 5 7 7 11 11 5 2 3 7 11 4 4 5 10 7 7 11 5 2 9 4 5 10 7 10 8 7 7 7 7 8 4 10 7 7 10 7 2 6 8 11 2 6 11 11 5 4 4 4 4 4 4 4 5 10 2 7 11 9 5 4 5 7 7 11 11 5 5
ppo_q50_b_fd_l4,58,qv14_61,14,88,True,444.5,2.458545684814453,5 5 7 11 9 5 5 7 7 11 11 5 5 7 7 11 11 5 5 0 10 8 6 11 11 2 5 7 11 9 4 4 4 8 8 11 11 4 5 7 8 4 10 8 11 4 2 11 9 5 5 0 10 7 7 7 9 8 7 7 7 7 8 11 5 7 1 4 4 3 7 11 1 4 4 5 3 10 10 8 7 8 4 10 2 4 3 4 10 10 8 2 4 10 8 4 10 7 6 4 10 7 2 8 4 10 9 8 8 1 11 4 4 4 5 4 4 4 4 3 7 11 4 5 11 2 4 4 10 10 7 7 7 8 8 9 4 10 7 7 7 7 8 2 4 9 10 8 7 8 4 10 8 1 3 4 11 4 4 5 7 7 11 11 5 2 7 11 3 5 10 0 6 7 7 8 11 4 5 4 10 10 8 8 4 4 10 10 2 8 7 7 11 9 5 4 4 4 4 4 5 7 11 2 3 11 4 11 2 5 10 9 7 8 7 7 8 11 2 11 3 11 4 5 5 7 7 11 11 5 2 10 7 6 7 7 10 8 7 8 4 10 2 7 7 7 10 10 8 8 4 4 9 4 4 4 4 4 4 5 10 7 8 11 4 4 11 2 4 3 5 10 7 8 11 11 2 5 4 10 7 8 4 11 9 5 5 7 10 7 10 8 8 11 2 11 4 9 5 5 11 2 3 10 7 10 7 7 7 7 7 8 8 4 4 10 0 7 7 6 8 11 11 5 4 5 10 2 7 9 7 11 5 4 4 5 10 8 4 10 7 0 8 9 11 4 5 4 4 5 10 7 8 7 1 11 4 4 4 4 4 4 3 5 10 10 7 7 8 7 7 8 11 5 7 11 4 4 4 5 10 10 7 2 6 7 7 7 7 8 4 10 7 7 7 7 11 2 5 9 7 8 11 11 5 4 4 4 4 5 7 11 4 4 10 8 2 4 9 10 8 8 11 4 5 10 10 7 8 8 11 4 5 10 10 2 8 6 7 11 4 4 5 7 7 11 11 2 3 4 4 5 11 5 0 7 10 7 6 7 11 4 5 5 7 7 11 11 4 4 5 4 5 10 2 3 4 10 10 2 6 7 8 4 4 10 10 8 2 4 10 7 7 10 8 7 7 7 6 8 4 4 10 10 2 8
ppo_q50_b_fd_l4,59,qv14_62,14,92,True,455.5,1.7171869277954102,5 5 7 11 9 5 5 10 2 7 6 11 11 4 5 5 10 2 7 6 11 11 2 5 7 11 9 5 5 7 7 11 11 5 5 10 7 8 11 11 4 5 5 0 10 7 6 7 8 4 10 8 7 7 7 7 7 7 11 11 2 5 7 11 9 5 5 7 11 4 11 5 5 10 2 7 11 4 11 5 5 7 11 5 7 7 7 7 7 7 7 7 7 10 8 6 11 11 4 4 5 4 4 4 4 4 5 7 11 2 9 11 5 5 0 10 9 8 7 7 7 7 8 4 10 7 10 8 2 11 4 4 3 4 5 11 2 3 7 11 11 5 2 9 5 10 7 8 4 4 10 10 7 7 7 8 7 8 4 10 7 7 7 8 7 7 7 7 11 11 5 4 4 5 7 1 9 5 7 11 4 4 4 4 4 5 7 10 10 7 2 8 4 10 8 6 7 10 7 10 2 8 9 4 5 7 7 11 11 5 4 5 4 4 10 7 11 5 5 11 4 4 11 2 5 10 7 6 4 10 7 8 2 11 3 5 10 7 7 7 10 8 7 7 7 7 7 8 4 4 4 11 4 2 4 4 4 4 4 9 11 4 4 5 2 7 11 5 4 3 10 7 10 7 8 2 9 7 8 11 5 4 10 10 8 7 7 8 10 10 7 8 4 5 10 7 8 1 4 3 4 4 4 11 4 1 4 4 5 10 8 4 10 7 9 7 8 4 5 10 7 8 10 7 8 10 10 8 8 1 9 4 4 4 11 5 2 3 10 7 11 4 4 2 4 3 5 7 7 11 4 5 7 7 11 11 4 4 5 2 10 8 4 10 7 6 7 8 7 10 8 11 2 4 11 11 4 4 5 4 3 5 7 10 8 7 7 11 4 10 8 8 4 4 10 7 8 4 4 10 10 7 2 6 7 7 8 7 7 7 11 4 4 4 10 2 7 8 9 4 10 8 8 11 4 5 10 10 8 2 11 5 7 11 4 3 7 11 2 3 5 7 11 5 10 7 7 11 2 3 5 11 4 4 4 4 4 4 5 7 7 11 2 9 4 10 8 8 11 4 5 10 10 2 6 7 7 7 8 7 10 7 7 7 7 8 7 7 7 11 11 2 5 11 3 5 7 7 11 11 2 5 4 4 4 9 4 4 5 7 11 4 11 2 3 5 10 10 7 2 6 7 8 4 10 10 8 2 6 10 10 7 2 7 8
ppo_q50_b_fd_l4,60,qv14_63,14,92,True,456.5,5.430451393127441,5 5 7 7 11 11 5 5 7 7 11 9 4 4 5 7 8 7 11 4 11 5 5 7 7 11 2 9 11 5 5 7 7 11 11 5 5 0 9 7 8 11 4 10 2 6 8 4 10 8 4 10 7 7 10 8 8 11 4 10 2 6 8 1 11 4 5 7 6 11 11 5 5 7 7 11 1 3 5 10 10 8 8 4 10 7 7 8 1 7 7 6 7 11 11 5 2 9 5 7 11 5 7 11 4 4 11 2 5 7 11 4 11 4 4 5 5 7 10 7 8 9 4 10 2 7 8 11 5 3 10 10 7 2 6 7 8 4 10 7 7 8 4 10 10 8 2 6 11 4 4 4 4 5 4 4 11 4 5 4 4 4 4 4 10 10 8 8 1 9 8 4 10 7 10 8 8 11 4 5 10 7 7 7 7 7 11 2 5 7 11 4 5 9 4 5 0 9 7 11 5 5 7 11 4 4 4 5 4 10 10 2 8 9 4 4 5 10 7 10 0 6 7 7 7 7 8 8 4 4 10 0 7 7 7 8 11 9 5 4 5 10 7 7 8 11 11 5 4 5 10 7 7 7 7 7 8 4 4 4 4 11 4 4 4 11 2 5 10 7 9 8 8 1 11 5 9 5 7 11 11 5 7 7 7 7 8 11 2 11 4 4 4 4 3 5 10 10 7 7 7 7 7 7 7 7 8 1 5 9 5 10 10 8 8 11 4 5 7 7 11 11 5 4 5 4 4 11 11 2 3 4 5 7 7 0 9 7 7 8 4 10 7 7 7 7 8 7 7 7 7 7 11 11 2 3 5 4 11 11 2 5 11 5 7 11 3 4 5 7 11 4 4 4 10 2 8 11 5 3 10 10 7 2 6 7 7 7 7 8 7 11 4 4 4 5 10 10 2 7 7 6 8 1 11 4 4 5 3 4 11 4 4 5 4 10 10 2 7 8 9 8 4 11 4 4 5 4 10 10 8 7 8 4 10 10 8 7 0 9 8 7 7 7 8 7 7 7 11 2 11 9 5 4 5 0 10 7 6 7 7 8 7 1 9 8 11 11 5 5 10 7 11 2 5 11 9 4 4 5 4 4 4 5 10 2 10 10 8 7 8 7 6 11 4 4 4 4 4 4 4 4 4 4 4 5 0 9 5 10 7 7 10 7 8 7 7 7 7 7 10 8 7 8 11 4 4 5 10 10 7 8 8 4 4 10 10 2 8
ppo_q50_b_fd_l4,61,qv14_64,14,93,True,456.75,5.4806787967681885,5 5 7 11 9 5 5 7 7 11 11 5 5 7 7 11 11 5 5 0 10 8 6 11 11 2 5 7 11 3 7 11 4 5 7 8 11 11 5 5 7 7 11 11 5 5 10 0 8 9 4 10 8 8 11 4 5 10 10 7 8 7 7 7 7 8 4 10 7 7 2 7 7 11 11 5 5 7 11 3 4 5 10 7 7 7 7 8 11 11 4 4 2 5 9 4 4 4 11 5 7 7 8 11 2 3 4 10 10 8 2 6 11 4 5 7 7 11 11 4 4 4 5 5 0 9 5 10 7 8 4 4 10 10 2 6 8 7 7 7 7 10 7 8 11 2 9 4 5 7 7 11 11 5 4 4 4 4 1 4 4 5 10 9 5 7 8 4 4 10 10 8 8 4 10 7 8 4 4 10 10 7 8 2 10 7 8 4 9 10 8 7 7 8 11 5 4 1 4 4 4 11 5 9 5 10 10 8 8 1 9 11 4 2 4 5 9 7 8 11 11 5 4 5 7 0 7 7 7 6 4 10 7 7 7 8 4 10 2 7 6 10 7 7 11 2 5 4 9 4 4 4 5 10 8 7 7 11 4 4 4 4 4 4 5 4 11 4 11 2 5 7 7 6 7 7 10 7 7 8 4 10 2 7 9 10 8 1 4 4 4 3 5 10 7 8 11 11 2 4 5 9 7 8 4 4 10 0 7 7 6 8 11 11 2 3 4 5 7 11 4 4 4 2 11 5 9 10 8 8 11 4 5 10 10 7 8 8 11 4 10 8 7 7 0 7 8 4 9 10 8 7 7 7 8 1 4 4 4 11 3 5 10 0 9 7 8 8 7 11 2 11 11 3 5 5 7 7 11 11 4 5 5 10 2 10 8 9 7 8 4 10 10 7 8 2 11 4 5 7 11 3 4 11 4 5 4 5 10 7 7 8 11 4 11 4 5 0 8 9 8 10 8 7 7 10 7 7 7 7 7 7 11 5 5 10 2 7 11 3 5 7 7 11 11 4 4 2 4 5 9 10 8 7 8 11 4 4 5 7 11 4 4 4 4 11 5 5 0 10 6 7 11 4 4 5 5 10 0 8 4 10 10 8 6 7 8 4 4 10 10 7 7 7 2 6 7 7 8 7 7 7 11 11 5 2 4 4 4 9 4 5 7 11 11 2 5 4 4 11 11 4 4 5 5
ppo_q50_b_fd_l4,62,qv14_65,14,93,True,454.75,3.322741746902466,5 5 7 11 9 5 5 7 7 11 11 5 5 7 7 11 11 5 5 0 10 8 7 7 7 7 7 11 9 5 5 10 2 7 11 3 7 11 4 5 4 5 7 7 11 11 4 4 5 7 8 11 11 5 5 0 10 7 6 8 4 10 7 7 0 7 8 11 9 5 5 10 7 7 7 8 1 9 5 7 11 4 11 5 5 7 7 1 11 4 4 9 4 5 5 10 7 7 7 8 11 4 11 4 4 4 5 5 7 10 8 11 2 3 4 10 10 2 6 8 10 7 8 11 4 4 1 4 3 5 10 10 7 7 8 7 7 7 8 11 2 7 3 7 11 4 4 4 11 5 0 7 8 4 10 7 7 7 6 8 11 4 5 7 7 11 11 2 5 7 11 4 5 9 5 7 11 4 11 2 5 10 7 9 8 7 7 8 11 4 10 7 8 7 7 7 8 1 9 5 4 4 1 4 3 4 4 10 8 7 11 11 2 3 4 4 5 10 4 2 4 10 9 8 8 11 4 5 10 10 2 6 7 7 8 1 11 3 4 4 5 10 7 10 7 7 7 7 8 8 11 2 4 10 6 4 10 7 8 2 10 7 9 8 8 4 11 4 4 4 5 10 2 9 10 7 8 8 1 9 4 5 10 7 8 11 11 4 4 4 4 4 5 2 3 10 7 8 4 4 10 10 7 2 8 11 5 9 5 10 10 8 8 4 10 7 8 11 4 4 4 5 7 7 11 11 4 5 4 4 4 5 7 7 11 11 4 2 5 10 9 8 7 7 7 8 7 11 11 5 0 7 6 7 7 7 7 8 1 4 3 7 11 4 4 1 5 4 9 5 7 11 4 11 2 5 10 7 7 7 6 10 7 7 7 7 8 4 5 10 2 9 10 8 7 8 11 5 7 11 2 11 9 5 4 5 10 2 6 7 11 11 4 4 5 4 4 5 7 7 11 11 2 5 9 5 7 7 11 11 5 2 10 6 8 11 4 10 8 7 7 7 0 6 7 7 8 7 7 7 7 7 11 11 5 2 9 5 7 11 4 4 5 7 7 11 11 5 4 5 7 7 7 11 11 4 5 2 9 5 4 11 5 4 4 4 10 10 8 2 9 7 8 4 4 10 10 8 7 7 7 7 7 7 7 8 4 10 2 6 7 11 11 5 4 4 4 5 4 10 10 8 2
ppo_q50_b_fd_l4,63,qv14_66,14,90,True,437.0,1.5225567817687988,5 5 7 11 9 5 5 10 7 8 7 11 11 1 4 5 5 9 7 7 8 11 11 4 5 5 10 2 7 10 6 8 11 11 4 4 4 5 5 10 7 8 11 11 4 5 5 7 7 11 11 5 5 10 7 8 11 2 4 3 10 10 7 8 8 4 0 9 8 4 10 7 10 2 8 11 5 9 7 11 5 4 4 4 5 7 11 4 5 4 10 0 9 5 5 10 10 7 7 0 7 8 7 7 6 7 7 7 8 4 10 7 7 11 5 2 9 7 8 11 11 4 5 4 5 1 4 4 9 4 5 7 11 4 5 0 7 7 7 9 7 8 7 10 7 0 7 6 8 11 11 5 5 7 7 11 11 4 5 4 1 4 4 9 4 5 5 7 11 4 5 0 6 4 10 7 10 2 8 7 10 7 7 7 8 9 7 8 11 4 1 11 5 4 5 9 7 8 11 4 4 11 4 5 2 9 5 0 7 6 7 10 10 8 7 8 4 4 10 10 8 8 4 10 8 4 10 7 7 7 11 2 5 9 7 8 11 11 2 3 5 7 7 11 11 5 2 11 4 5 11 4 4 3 11 4 4 5 5 7 7 11 2 9 4 10 8 8 4 10 7 7 10 7 8 2 9 8 10 7 7 10 8 2 11 4 3 4 5 11 11 5 2 9 4 5 10 8 7 7 7 10 7 10 7 7 8 8 1 4 10 9 8 8 4 11 4 5 7 11 4 4 4 4 4 4 4 11 5 2 9 11 5 4 5 0 10 7 6 7 8 4 10 10 2 6 8 11 4 4 5 10 7 10 7 8 8 4 0 9 8 4 10 7 7 7 7 7 11 2 5 7 11 3 5 7 7 11 11 5 2 9 5 0 10 6 8 11 11 4 5 5 11 4 4 5 0 7 7 7 7 10 7 8 9 4 10 7 8 8 1 4 9 4 4 5 7 11 5 4 4 4 4 4 4 11 4 11 5 5 0 10 7 7 7 7 8 6 7 7 10 7 8 11 2 11 4 9 5 5 0 10 9 5 7 8 11 7 7 7 7 7 7 11 2 5 10 8 6 11 11 2 5 7 11 3 7 11 2 3 4 5 11 4 4 11 5 5 7 11 11 4 5 5 7 7 11 2 4 10 9 8 8
ppo_q50_b_fd_l4,64,qv14_67,14,89,True,415.75,1.8724162578582764,5 5 7 7 11 11 5 5 7 9 11 5 5 10 2 10 6 7 8 11 11 4 4 4 5 5 10 7 8 11 11 4 5 5 0 9 5 10 0 7 6 7 8 7 11 4 10 2 6 7 7 8 10 2 7 11 3 11 2 4 5 7 11 11 4 3 4 4 5 7 8 7 1 9 8 11 11 4 4 5 5 7 7 11 11 5 5 0 10 6 8 11 11 5 2 10 8 11 9 5 5 10 2 9 10 7 8 8 11 4 5 10 10 8 7 7 7 7 7 7 7 8 1 4 3 7 11 4 11 5 0 6 8 4 4 10 2 10 9 7 8 4 5 10 2 9 10 8 7 7 8 11 1 3 11 4 4 4 4 4 5 4 4 4 4 4 5 7 11 4 2 10 6 4 10 7 8 2 9 4 10 8 7 7 7 7 8 11 4 1 4 4 4 5 3 10 7 7 7 10 2 6 8 11 4 5 10 10 7 8 8 4 10 7 7 8 7 11 11 4 5 2 9 5 10 10 8 4 4 4 4 5 0 7 9 7 8 4 10 10 2 8 11 5 10 7 7 9 8 8 1 9 4 5 4 4 4 4 1 3 7 11 4 5 11 11 4 5 5 0 9 7 11 5 5 7 7 7 10 7 7 10 7 2 7 8 11 5 3 10 10 2 8 11 5 7 11 4 4 4 5 4 3 4 10 10 2 8 10 7 6 8 11 4 10 8 8 4 4 10 10 7 8 2 4 10 8 7 7 9 7 7 8 11 4 11 5 4 4 5 10 2 7 6 10 8 11 4 4 11 2 3 5 7 11 4 4 5 7 11 4 4 1 3 5 10 10 8 8 4 4 10 2 10 9 7 8 8 7 7 7 7 10 7 8 10 2 6 7 11 11 4 2 4 5 9 5 7 10 7 8 11 11 4 4 5 11 5 4 4 4 5 10 2 7 10 7 7 6 7 7 8 11 4 4 11 2 4 5 9 5 7 11 11 2 3 5 0 7 6 7 7 11 5 11 11 5 5 7 11 4 5 4 10 10 8 8 11 1 3 5 10 10 8 8 10 7 7 10 2 6 7 8 10 10 2 6 8 4 4 10 10 2 8
ppo_q50_b_fd_l4,65,qv14_68,14,90,True,445.5,1.7699382305145264,5 5 7 11 9 5 5 10 7 8 11 1 4 3 7 11 2 5 7 11 9 5 5 7 7 11 11 5 5 10 2 9 7 11 4 5 5 7 7 11 11 5 5 0 9 7 8 4 10 7 7 7 7 7 7 8 4 10 7 7 7 7 11 4 5 2 9 7 11 4 4 5 5 7 7 11 11 4 4 5 5 7 11 4 4 5 10 10 2 8 6 4 10 10 7 2 6 8 4 4 10 10 8 4 0 6 7 7 8 11 2 7 7 7 7 11 11 4 4 4 5 4 5 10 7 7 8 4 10 7 8 11 9 5 5 11 11 5 4 4 5 7 11 4 5 4 10 10 8 7 8 4 10 7 2 9 7 8 11 11 5 4 5 4 10 7 8 11 11 5 4 4 4 5 4 10 2 10 9 8 8 4 4 10 2 10 6 10 7 8 7 7 7 8 10 10 8 8 4 4 10 10 8 4 2 9 5 4 4 4 1 9 4 5 11 4 4 4 11 2 3 5 7 7 11 2 4 4 3 10 7 10 8 8 4 4 10 10 7 8 7 7 10 8 7 8 1 3 7 11 11 2 5 10 7 7 6 8 11 4 5 10 10 2 6 8 1 11 4 4 5 3 4 11 11 4 4 5 5 7 7 11 11 2 5 10 7 7 7 7 7 7 8 10 7 8 4 10 9 7 8 8 1 9 8 11 11 4 4 4 4 4 5 4 4 5 7 11 2 3 10 7 7 7 7 10 7 7 8 2 6 11 11 4 5 4 4 5 7 7 11 11 5 4 4 4 5 10 2 9 7 7 8 4 10 10 8 2 6 11 4 5 7 7 11 11 4 2 3 5 0 9 7 8 4 10 7 8 4 10 8 7 0 9 10 8 7 7 8 7 11 11 2 5 10 8 6 11 11 4 5 4 4 5 10 2 3 7 11 4 11 2 3 4 5 7 11 2 11 9 4 5 5 0 9 7 8 4 10 7 7 8 4 10 7 8 4 4 10 10 8 2 7 6 10 7 8 1 4 4 4 4 11 4 4 5 4 4 3 11 5 4 10 10 7 7 7 8 7 7 7 8 11 4 5 4 10 10 8 8 4 4 10 10 2 6 7 8 4 10 2 9 10 8 7 8 7 7 11 11 4 5 1 4 5 4 4 4 4 4 9 4 4 5 7 11 11 2 5
ppo_q50_b_fd_l4,66,qv14_69,14,85,True,432.25,5.1586573123931885,5 5 7 11 9 5 5 10 7 8 11 11 4 5 5 7 7 11 11 5 5 7 7 11 2 9 11 5 5 10 7 11 4 5 5 7 7 11 11 4 5 0 8 9 8 4 7 11 11 7 7 8 8 4 4 10 10 7 7 8 1 4 5 7 11 4 4 5 3 10 10 7 7 7 7 8 8 11 2 11 3 4 4 4 4 4 5 4 10 10 2 8 4 10 7 7 7 3 10 8 7 7 7 7 7 8 4 10 2 6 7 11 11 4 5 5 7 11 4 4 4 4 10 7 2 6 8 4 4 10 7 8 4 10 10 8 2 11 5 9 4 11 5 1 4 4 5 9 4 4 5 10 4 7 7 7 10 7 8 4 4 4 5 10 2 9 8 7 7 11 4 11 5 4 4 5 10 2 3 4 10 10 8 8 10 7 7 7 7 10 7 8 7 7 7 8 1 9 8 7 11 11 5 5 10 7 8 11 11 2 3 4 4 5 7 7 11 1 4 4 4 4 4 5 9 10 7 8 7 8 1 4 4 4 9 5 11 11 2 5 3 10 7 8 4 10 7 10 7 7 7 7 8 8 11 4 4 5 4 10 10 2 6 7 8 4 4 10 10 8 7 7 7 7 8 11 4 5 1 9 4 4 5 7 11 4 4 4 4 4 5 4 4 1 3 4 10 10 8 7 7 7 8 4 4 10 2 9 10 8 7 7 8 11 2 11 3 7 7 7 7 7 10 8 7 8 11 4 2 9 10 8 8 4 4 10 2 7 11 9 5 5 1 9 5 7 11 11 4 2 3 5 11 11 4 5 5 10 0 8 7 7 10 7 7 6 7 7 7 7 8 4 1 9 8 11 11 2 3 5 7 11 11 5 4 5 7 11 5 7 11 4 11 5 5 7 11 4 2 11 3 5 10 10 7 8 8 11 4 5 10 10 2 8 10 7 7 7 7 7 7 8 6 11 4 11 4 5 4 5 10 8 7 10 8 11 4 4 11 5 5 7 11 4 1 5 4 3 10 7 10 8 8 4 10 8 7 4 7 1 4 3 10 10 8 7 7 8 7 7 7 10 7 8 10 2 7 7 11 11 5 4 3 5 7 7 11 11 5 4 4 4 4 4 4 4 4 4 4 5 7 11 4 4 4 10 8 2
ppo_q50_b_fd_l4,67,qv14_7,14,88,True,440.25,4.986638784408569,5 5 7 9 11 5 5 7 7 1 11 3 7 11 5 2 7 11 9 5 5 10 0 6 8 11 11 5 5 7 7 11 11 4 5 7 8 11 11 5 5 7 7 11 11 5 5 10 7 8 11 11 2 5 10 7 7 9 8 8 4 4 0 10 6 8 4 4 10 10 7 7 7 8 8 1 4 9 4 4 5 7 11 4 4 4 4 4 4 4 4 10 2 8 4 10 6 7 7 7 7 8 4 0 7 7 7 10 9 8 8 1 11 4 5 7 11 4 9 4 5 5 0 10 9 8 7 8 4 10 8 4 10 7 7 7 11 5 2 10 8 7 11 11 4 5 4 4 5 9 11 5 2 7 11 4 9 5 5 7 11 4 4 4 5 0 6 4 10 10 2 8 4 10 9 8 7 8 11 2 4 10 6 8 4 10 7 10 8 2 9 8 10 7 7 8 7 11 11 4 5 2 9 5 11 11 4 5 4 1 4 4 4 4 5 9 10 8 8 1 11 4 5 9 10 8 8 7 10 7 7 8 7 7 7 7 10 10 8 2 9 8 11 11 4 4 2 4 5 7 11 3 11 4 4 5 4 5 10 7 7 8 11 11 2 5 7 11 9 5 4 4 5 7 10 2 9 10 7 8 8 11 2 4 4 10 10 7 8 7 7 7 6 8 4 4 10 10 7 7 2 8 6 11 11 2 4 3 5 10 7 7 7 8 7 7 7 11 11 2 5 4 4 4 4 3 4 4 4 11 4 5 10 7 11 2 4 5 4 4 3 4 10 10 8 7 7 7 7 8 4 10 7 7 7 10 7 8 2 4 10 8 10 7 6 8 11 11 4 4 4 5 4 5 7 7 11 11 5 4 5 10 2 9 7 11 4 5 5 0 9 7 8 4 10 7 10 2 8 11 4 4 4 4 5 7 11 9 5 4 5 7 11 4 5 10 10 8 0 7 6 7 7 7 7 8 7 7 10 2 6 7 11 11 4 2 4 5 11 4 5 3 4 4 11 4 4 4 5 7 11 4 4 10 8 2 9 7 8 4 10 10 8 8 11 4 10 8 7 7 7 7 7 7 7 0 6 8 4 4 10 10 7 8 2 9 4 5 10 10 8 4 4 4 4 4 5 0 9 5 7 11 11 5 5 11 4 4 11 4 5 4 4 5 7 11 11 2 5
ppo_q50_b_fd_l4,68,qv14_70,14,96,True,482.5,1.6810052394866943,5 5 7 11 9 5 5 10 2 7 6 11 11 4 5 5 10 2 10 6 7 8 11 4 11 4 2 5 7 11 9 5 5 7 7 11 11 5 5 10 7 11 4 5 5 7 7 11 11 5 5 0 10 7 7 7 7 8 6 4 10 8 11 4 11 2 5 7 11 9 5 5 10 2 10 9 7 5 4 5 10 7 7 7 7 8 7 7 7 7 7 7 11 11 2 5 7 11 3 7 11 5 4 4 4 5 7 11 11 4 4 5 5 10 2 9 7 8 11 11 5 5 7 7 11 4 10 8 7 7 8 7 7 7 0 7 7 9 8 1 9 11 5 4 5 10 8 10 4 11 5 4 4 4 4 4 4 5 0 7 7 9 7 0 8 7 10 9 8 7 7 7 8 4 10 2 6 11 4 4 4 4 11 4 5 2 11 9 5 5 10 0 8 10 6 8 4 4 10 10 7 7 8 7 7 8 7 11 1 4 4 4 5 3 7 11 4 4 4 11 5 5 10 7 8 11 11 4 5 2 9 4 5 7 7 10 7 7 7 7 7 7 8 11 4 5 10 7 7 10 7 8 2 4 10 9 7 8 8 4 4 10 2 7 11 9 5 5 10 7 8 11 1 4 4 4 4 4 3 5 7 7 11 11 4 2 5 3 10 10 2 6 7 7 8 4 10 7 10 2 8 4 10 7 8 11 9 5 5 10 2 7 6 11 11 5 4 5 7 11 4 5 7 1 4 11 4 4 4 3 10 2 8 9 8 7 7 7 7 7 7 7 10 7 8 7 7 7 11 11 2 5 11 5 7 6 11 11 4 5 4 4 4 4 4 5 11 2 6 4 10 7 8 4 4 10 10 7 8 8 4 4 10 7 7 7 8 11 11 2 5 9 7 8 4 4 10 10 2 6 7 8 4 10 10 2 6 8 4 11 5 7 11 4 4 11 4 4 4 4 5 7 8 11 4 4 4 5 7 11 11 2 5 9 7 8 4 4 10 10 8 8 4 4 10 7 7 10 8 7 7 7 7 8 4 10 7 2 9 8 7 7 7 11 11 5 1 9 5 5 7 11 4 4 5 11 11 2 3 5 10 2 7 9 7 7 10 8 7 7 7 8 10 7 8 7 11 11 2 5 3 11 11 5 5 11 4 4 4 11 5 4 4 4 5 4 10 2 3 10 10 8 8 10 0 7 6 8 11 11 2 3 5 7 7 11 11 2 5 10 3 4 10 7 7 7 7 7 8 8
ppo_q50_b_fd_l4,69,qv14_71,14,95,True,482.25,4.988405466079712,5 5 7 11 9 5 5 7 7 11 11 4 5 7 8 11 11 5 5 0 10 7 6 8 1 11 9 5 5 7 7 11 11 4 4 4 8 8 11 11 5 5 0 9 10 8 2 9 4 10 2 6 7 8 1 3 7 11 11 4 2 5 7 11 5 9 7 11 5 5 0 10 7 7 8 4 10 7 7 6 7 7 7 7 7 7 11 2 5 7 11 9 5 5 7 7 11 1 4 5 11 3 5 0 10 6 10 7 7 8 4 5 10 0 6 8 11 11 2 4 3 5 10 7 8 4 10 7 8 11 4 4 11 5 4 1 4 3 5 10 7 11 4 5 4 5 10 7 0 7 6 7 8 4 10 8 4 10 10 7 8 2 11 3 5 7 7 11 11 4 4 4 4 4 5 5 10 7 7 7 8 11 11 4 4 4 5 5 7 0 7 10 8 9 7 8 11 4 1 9 5 5 7 7 11 4 5 10 7 11 5 2 4 10 10 7 6 8 8 4 4 10 10 7 8 7 7 7 7 8 11 4 5 7 1 9 4 5 11 4 4 4 4 5 10 10 2 6 8 4 11 5 10 7 10 8 8 4 10 10 2 8 4 10 9 8 8 4 4 10 10 8 8 1 9 4 4 5 7 11 4 5 10 7 7 7 7 8 11 11 5 2 4 9 4 4 5 7 11 11 4 5 4 5 7 7 7 11 4 11 2 5 3 10 7 8 4 4 10 10 7 8 7 7 8 4 10 7 7 7 7 8 11 11 2 5 7 11 3 5 7 11 4 4 4 1 4 4 5 3 10 10 7 8 2 9 4 5 10 10 8 8 4 11 5 10 7 10 8 7 7 7 8 11 4 4 5 4 10 7 7 0 6 8 11 1 9 5 5 0 10 7 7 8 6 11 11 4 5 2 9 5 7 11 4 11 5 4 4 4 4 5 7 1 3 4 10 10 8 8 11 4 5 10 10 7 7 8 2 7 7 6 11 7 7 8 7 11 11 5 4 4 5 7 11 11 2 5 7 9 11 2 3 5 7 7 11 11 2 3 5 7 0 9 7 7 8 4 10 7 7 10 7 7 7 7 8 7 8 1 9 8 7 11 11 5 4 4 4 4 5 10 0 7 8 7 10 8 6 11 11 2 5 11 11 5 3 4 4 5 7 11 4 4 5 4 4 4 4 10 10 8 2 9 8 4 10 10 7 8 7 7 8 10 2 7 11 3 11 5 5 7 11 11 2 5
ppo_q50_b_fd_l4,70,qv14_72,14,94,True,470.0,4.242507457733154,5 5 7 11 9 5 5 10 2 7 6 11 11 4 5 5 7 7 11 11 5 5 10 2 10 6 11 4 4 5 5 10 7 8 11 11 4 5 5 7 7 11 11 5 5 10 2 9 10 7 8 8 4 4 10 0 7 7 8 11 9 4 5 5 10 2 10 7 7 6 4 10 7 8 4 5 10 10 2 6 8 11 11 4 4 4 2 3 4 4 4 4 4 5 4 11 2 4 4 10 10 7 8 7 8 4 10 9 8 4 5 10 7 8 4 4 10 10 7 8 7 7 7 8 11 4 4 1 4 4 3 4 5 1 4 3 10 7 7 7 8 10 7 10 8 7 8 11 2 3 4 10 10 8 7 7 8 7 1 9 11 5 5 10 7 7 8 11 4 11 4 4 2 5 7 11 9 5 4 5 7 11 2 9 5 11 11 5 4 4 4 5 7 7 7 7 7 7 7 7 7 7 10 7 10 8 7 8 11 4 4 5 7 7 11 11 5 5 10 7 8 11 11 5 2 10 8 4 9 10 7 8 8 1 11 4 3 4 4 4 4 5 4 11 2 11 9 5 5 0 7 7 7 7 7 10 9 8 4 5 10 7 8 4 10 8 4 10 10 8 1 4 3 5 10 0 8 4 9 10 8 7 7 8 11 5 7 1 3 4 4 4 4 11 5 4 10 2 10 8 7 7 7 10 7 8 4 10 9 8 8 1 4 4 11 3 4 4 4 4 4 4 4 4 5 4 10 10 8 7 7 8 7 11 2 9 11 5 5 0 10 7 6 7 8 1 4 11 4 9 5 7 7 7 8 11 2 4 4 11 4 4 4 5 3 10 10 8 7 8 4 4 10 10 7 7 8 2 7 7 7 7 6 7 7 11 5 11 11 5 4 5 7 1 11 5 4 4 4 11 4 5 4 10 10 8 8 4 10 7 7 7 10 7 8 8 4 11 5 10 7 7 7 7 7 10 8 8 4 11 4 5 3 11 11 5 4 4 5 7 11 4 4 4 2 11 5 10 6 4 10 7 8 7 7 7 8 7 11 2 9 4 10 8 7 8 10 2 10 9 8 8 4 1 4 4 11 9 4 4 4 4 5 5 10 7 7 7 7 8 4 4 4 4 11 4 4 4 4 5 4 4 4 10 10 2 8 9 7 8 4 4 10 10 8 7 8 11 2 4 4 10 10 8 8 4 4 10 10 8 6 7 7 8 11 2 4 4 10 10 8 8
ppo_q50_b_fd_l4,71,qv14_73,14,95,True,451.75,1.5712342262268066,5 5 7 11 9 5 5 7 7 11 2 11 3 7 11 5 2 9 7 11 5 5 10 7 8 11 11 4 5 5 10 7 8 11 11 4 5 5 7 7 11 11 5 5 10 2 10 9 7 8 8 4 4 10 7 7 7 8 1 4 4 11 4 9 4 5 7 7 8 11 2 4 11 3 10 7 8 2 9 7 7 8 11 5 4 11 4 5 4 10 10 7 7 8 7 8 4 4 10 10 7 8 7 7 8 4 10 7 7 7 11 5 5 7 7 1 11 3 4 5 7 11 11 5 7 7 7 8 11 5 7 11 4 4 4 5 7 11 11 2 3 5 7 11 5 10 7 10 7 7 7 7 8 7 8 4 10 2 9 10 8 8 11 1 4 4 4 4 4 5 9 7 10 7 8 8 1 4 11 5 9 11 4 5 4 4 4 5 4 0 10 7 6 7 7 7 8 4 10 10 8 7 8 1 11 4 4 3 4 4 4 4 5 10 2 10 7 10 6 7 7 7 7 8 7 8 4 10 7 7 7 11 5 5 7 11 4 5 11 5 4 10 7 7 10 7 8 2 11 5 10 9 8 7 8 11 1 9 4 5 5 7 7 11 11 5 4 4 4 4 4 4 5 10 2 7 10 10 6 8 2 4 11 5 7 11 9 5 4 4 5 7 11 2 4 4 3 4 10 10 2 8 9 8 11 4 10 2 6 7 8 4 0 9 7 7 7 8 10 7 10 7 2 8 10 9 8 8 4 4 4 11 5 4 11 4 4 4 11 5 5 7 11 2 4 4 3 10 10 8 7 7 8 7 10 7 7 7 10 2 8 11 4 3 4 5 10 7 7 8 11 11 5 2 4 4 4 4 4 4 11 4 4 5 9 10 8 4 4 5 10 8 4 10 10 8 8 4 4 10 2 10 6 10 7 2 8 9 7 8 4 10 10 7 7 8 8 1 11 4 4 4 3 5 10 2 10 9 7 7 7 8 8 1 11 3 4 5 10 7 10 8 2 9 4 5 7 7 11 11 5 4 4 5 11 11 5 2 11 9 5 7 7 0 6 8 11 4 5 10 10 8 7 7 7 7 7 8 7 7 7 11 11 2 5 9 4 5 7 11 11 5 5 11 2 6 11 11 4 4 4 4 5 4 4 5 10 7 8 10 7 8 11 11 2 5 9 11 5 5
ppo_q50_b_fd_l4,72,qv14_74,14,93,True,438.5,1.4841210842132568,5 5 7 9 11 5 5 10 2 7 11 3 7 11 5 5 7 7 11 1 9 4 5 7 8 11 11 5 5 10 2 10 6 11 2 4 5 10 8 9 11 4 5 5 7 7 1 11 9 5 5 10 0 8 9 11 5 5 10 2 10 6 8 4 4 10 10 7 7 8 4 0 6 7 7 8 4 10 7 7 7 11 5 2 7 11 4 5 7 11 9 5 5 7 11 4 5 7 7 11 4 5 7 7 11 11 5 0 7 7 7 8 11 5 9 4 5 10 7 10 7 7 8 2 7 6 11 4 11 4 5 2 7 11 4 5 7 11 5 7 9 11 5 5 10 0 7 7 7 7 7 8 7 7 6 7 11 11 4 5 4 4 5 4 4 4 4 4 4 4 4 4 10 8 11 2 9 5 4 10 10 8 8 4 10 2 9 7 8 7 7 7 7 10 0 7 7 6 7 8 11 4 11 4 4 4 4 5 4 4 4 1 9 5 5 4 10 7 7 8 4 10 8 11 4 11 4 5 4 5 10 7 7 11 5 2 10 8 10 6 7 7 7 7 7 7 7 7 0 7 6 8 11 11 5 5 0 9 7 8 4 10 7 7 11 2 5 10 8 11 9 5 5 10 7 8 11 11 2 5 11 3 11 5 4 4 5 10 2 10 9 8 1 4 3 5 10 7 8 11 11 2 4 4 5 9 7 8 4 11 11 4 4 5 5 7 10 0 6 7 7 7 8 11 4 4 5 10 7 10 8 7 8 1 4 9 11 2 5 4 4 11 9 5 5 7 0 9 7 7 8 7 11 4 5 10 10 8 8 4 4 10 10 8 2 4 9 10 8 8 11 1 5 9 5 7 7 11 11 4 2 5 7 11 9 4 5 7 8 4 11 2 3 10 7 10 2 6 8 11 1 3 5 10 10 8 7 7 7 7 7 7 8 10 2 6 7 11 11 4 4 4 5 5 10 2 9 7 11 5 5 7 11 4 4 1 4 5 3 10 10 8 8 4 4 10 10 8 8 7 10 8 7 11 11 5 2 10 6 8 4 10 10 8 7 7 7 8 10 2 7 7 11 11 5 4 3 5 7 7 11 11 2 3 4 4 4 4 4 5 11 2 7 7 6 11 11 5 4 5 7 7 11 11 2 5
ppo_q50_b_fd_l4,73,qv14_75,14,91,True,447.5,5.36940860748291,5 5 7 11 6 11 5 5 7 7 11 11 5 5 7 7 11 11 5 5 10 7 8 11 11 2 5 10 8 11 9 5 7 7 8 11 2 4 11 9 4 5 7 8 11 1 9 5 5 7 7 11 11 5 5 10 10 2 6 8 11 11 2 3 5 10 7 7 8 11 4 11 5 7 7 8 11 5 4 10 10 7 7 7 8 7 7 7 7 8 7 7 7 7 11 11 2 5 3 7 11 11 2 5 10 8 9 4 4 4 5 7 11 4 11 2 4 4 5 9 5 10 10 2 3 7 7 7 8 4 10 7 7 7 7 10 8 1 4 5 9 5 7 7 11 11 5 5 7 7 11 11 2 3 4 5 10 8 11 2 4 11 4 3 10 2 6 7 8 4 0 9 8 4 10 10 7 8 8 4 4 10 10 2 6 8 4 4 10 10 8 0 6 8 4 11 4 4 5 10 10 8 2 11 4 4 3 5 7 7 11 11 4 4 2 3 5 10 7 7 7 8 4 10 7 7 7 7 7 7 11 2 4 5 7 11 5 9 7 11 4 4 5 2 7 11 4 9 5 4 4 5 10 7 7 7 8 11 4 1 9 4 4 5 7 8 11 2 4 4 3 7 10 10 8 8 11 4 5 10 10 7 7 7 8 7 8 1 3 11 4 4 5 10 2 7 10 7 10 8 7 6 7 8 11 4 4 5 10 10 8 8 11 1 3 4 4 4 5 7 11 4 4 4 4 4 4 4 10 8 2 11 5 10 6 4 10 8 2 11 5 10 6 4 10 8 8 4 4 10 10 8 7 8 4 10 8 10 7 10 7 8 8 11 2 6 11 11 5 4 5 4 11 4 4 2 9 11 4 4 2 3 5 10 10 7 8 7 7 7 8 1 3 7 11 4 5 7 11 1 4 4 5 3 10 10 7 8 8 11 4 10 2 6 7 8 11 4 4 5 7 7 11 4 5 10 4 4 5 4 10 10 7 7 7 7 2 7 8 9 4 5 10 10 8 8 4 10 7 10 8 7 8 4 4 10 2 7 6 11 11 2 3 4 4 5 10 8 7 11 11 5 5 10 7 11 5 4 4 5 7 7 7 11 4 11 5 2 11 3 5 10 10 8 7 7 8 4 10 7 10 8 7 7 7 8 4 4 10 10 8 2
ppo_q50_b_fd_l4,74,qv14_76,14,90,True,453.25,2.8121886253356934,5 5 7 11 9 5 5 7 7 11 11 4 5 7 8 11 11 5 5 0 10 7 7 6 8 11 11 4 5 5 10 7 11 4 4 5 5 10 2 7 11 3 7 11 4 5 7 8 11 2 9 11 5 5 7 7 11 2 4 10 9 8 7 7 7 7 7 8 4 10 2 7 6 7 7 7 7 7 11 11 2 5 9 5 7 11 4 1 3 5 7 7 11 11 5 4 4 5 0 9 8 4 10 7 10 7 2 6 7 8 1 4 9 11 4 5 2 3 10 7 8 4 4 10 10 2 7 8 9 4 5 10 10 2 6 8 10 8 7 7 7 11 11 2 5 11 3 11 4 4 5 4 4 5 7 11 4 4 4 4 10 8 8 11 4 4 5 0 9 5 10 7 10 7 8 4 5 10 2 9 7 7 7 8 10 7 7 7 10 8 2 9 4 5 7 7 7 11 11 1 3 4 5 4 4 4 4 4 5 10 2 9 7 11 5 5 7 7 11 11 5 5 10 7 8 11 11 5 2 10 7 9 7 7 8 7 7 7 8 7 10 2 10 6 11 5 4 4 4 11 5 5 11 5 10 7 0 7 7 7 7 6 7 7 7 8 1 4 4 11 4 10 8 8 4 10 6 4 10 8 8 1 11 4 5 9 10 8 8 11 2 11 7 7 9 8 8 1 4 4 9 4 4 4 5 4 11 4 11 5 5 10 7 7 8 11 4 11 4 2 4 5 7 7 7 7 9 8 4 7 4 7 4 7 4 7 7 7 7 7 11 11 2 3 5 7 11 11 4 5 4 4 5 10 2 10 7 7 7 6 8 10 7 8 4 10 10 7 7 8 2 11 4 3 4 4 5 7 11 4 11 4 4 4 5 4 4 5 0 9 8 4 10 7 7 10 8 2 9 4 5 7 11 11 5 7 2 6 7 7 7 7 7 7 7 7 10 8 4 10 7 10 2 4 5 10 8 6 11 11 4 4 5 2 10 6 8 11 11 5 4 4 4 4 5 11 11 4 4 4 5 5 7 7 0 10 8 9 4 10 2 6 7 7 7 7 8 7 0 7 7 9 8 7 7 7 11 11 2 3 4 5 7 7 11 11 5 5 7 7 11 11 5 4 5 7 7 11 2 11 3 11 4 4 4 2 5 10 8 9 11 4 5 7 8 11 2 4 4 10 10 8 6 7 8 4 10 7 10 2 7 8
ppo_q50_b_fd_l4,75,qv14_77,14,88,True,443.25,2.430588960647583,5 5 7 11 9 5 5 7 7 11 11 5 5 10 7 8 11 11 4 5 5 7 7 11 11 5 5 7 7 11 11 5 5 0 10 8 11 4 9 4 5 5 10 7 8 11 11 2 5 9 10 7 7 7 7 8 4 4 5 7 11 5 10 7 7 10 7 8 8 1 11 4 3 4 4 4 4 5 11 4 4 2 4 4 10 10 7 7 7 7 6 7 7 7 7 8 7 7 7 7 8 11 4 4 4 4 4 4 5 10 7 7 8 4 4 10 10 8 8 1 4 4 9 5 4 4 4 4 1 4 3 4 10 7 10 8 8 4 4 10 10 8 8 10 2 10 7 10 7 6 8 8 4 4 4 10 2 7 11 4 4 3 5 10 2 9 10 4 5 5 10 0 8 4 10 7 9 8 4 5 10 7 8 1 4 3 4 4 4 4 4 11 5 10 7 10 2 8 11 4 9 5 4 5 4 11 4 11 2 3 5 10 7 8 4 4 10 10 2 8 9 8 11 4 5 10 10 7 8 7 7 7 7 8 1 9 5 4 0 9 10 8 7 8 1 3 11 5 4 4 11 4 4 4 5 4 4 4 4 10 10 8 2 9 8 4 10 10 8 7 7 8 4 4 10 10 8 8 7 11 2 9 4 10 8 8 4 10 2 9 10 8 8 10 2 7 6 11 11 2 3 4 4 4 4 4 4 4 4 4 5 0 7 7 10 7 7 8 9 8 11 11 4 5 5 7 7 11 1 4 5 3 7 11 11 4 5 4 4 5 4 10 10 2 8 11 5 3 10 10 8 7 0 6 7 8 4 10 10 8 8 4 4 10 10 8 2 10 8 6 10 7 10 8 4 4 4 4 4 4 5 10 7 7 7 7 8 11 11 5 4 11 5 4 5 7 7 7 7 7 7 11 11 5 4 4 4 4 5 7 7 7 7 7 11 4 11 4 2 4 3 4 4 5 10 7 2 6 7 7 7 7 7 7 7 7 7 7 7 10 7 7 11 2 5 10 8 11 9 5 5 7 7 1 11 9 5 4 5 0 6 10 8 11 4 11 4 5 4 5 11 4 5 4 4 11 11 5 7 7 8 11 4 4 4 1 4 5 9 10 8 8 11 4 5 10 10 2 6 7 7 8 4 4 10 10 8 7 7 7 8 7 7 7 7 1 11 4 5 10 10 6 8 8 4 4 10 10 7 2 6 7 8 4 10 7 7 11 2 5
ppo_q50_b_fd_l4,76,qv14_78,14,85,True,414.5,5.130810737609863,5 5 7 11 3 7 11 5 2 9 7 7 8 7 11 11 4 4 5 5 7 7 11 11 5 5 7 10 8 11 4 11 4 5 7 8 11 11 5 5 7 7 11 11 5 5 10 2 9 10 8 4 4 5 10 2 7 10 9 8 8 11 4 4 5 10 7 10 7 8 4 0 6 7 7 7 7 8 11 2 9 11 5 4 5 1 4 9 5 7 11 5 4 4 4 4 4 10 10 8 2 4 10 8 4 10 6 10 8 2 7 7 7 7 10 7 6 7 8 7 11 11 5 4 4 5 7 7 10 7 8 11 11 4 4 4 5 4 4 5 7 11 4 5 7 11 11 4 5 2 9 5 10 10 8 4 4 4 5 10 7 7 7 8 7 7 7 7 10 10 7 8 2 4 10 7 7 8 6 11 11 4 5 4 4 4 4 4 4 4 10 8 8 11 4 5 10 10 8 2 9 4 5 7 7 11 11 4 5 4 4 4 5 7 7 0 10 7 8 9 4 10 7 8 8 7 7 7 10 7 7 8 7 11 11 4 5 5 10 0 8 9 8 11 11 5 5 10 7 7 7 8 11 5 7 11 4 11 2 5 3 7 11 11 2 5 4 4 4 9 5 7 11 11 5 5 7 7 11 2 11 9 5 4 5 7 7 0 9 7 8 4 10 8 4 10 7 7 7 11 5 2 10 6 7 7 8 11 4 10 2 6 7 7 7 8 11 2 3 11 4 4 4 11 4 4 4 5 4 5 10 2 6 4 10 10 8 2 9 8 7 7 7 7 7 7 10 7 8 7 7 7 11 11 5 2 11 9 5 5 7 11 4 5 4 4 4 4 4 11 5 10 7 7 11 5 4 4 4 5 10 2 3 4 10 10 8 7 7 7 7 2 7 7 6 7 10 7 7 7 7 7 8 11 11 5 2 7 6 11 4 11 5 5 10 2 3 7 7 11 11 4 4 4 2 3 4 5 7 11 11 4 5 2 11 5 3 10 10 2 6 7 8 7 7 7 10 7 10 8 7 7 8 7 11 2 4 9 5 10 10 8 7 8 4 4 11 4 4 5 11 4 11 5 2 4 10 10 7 8 7 7 7 7 8 4 10 9 8 7 8
ppo_q50_b_fd_l4,77,qv14_79,14,92,True,444.5,2.078003406524658,5 5 7 11 9 5 5 10 7 8 11 11 4 5 5 10 7 8 4 10 8 11 4 11 4 5 5 10 7 8 11 11 4 5 5 10 7 8 11 11 4 5 5 10 2 9 10 8 4 4 5 10 7 0 8 6 11 11 5 2 9 7 11 5 5 7 7 11 11 5 5 10 0 7 7 8 4 9 10 8 7 7 7 8 4 10 2 6 7 7 7 7 11 11 5 4 4 4 5 10 7 7 8 10 8 11 4 11 4 4 2 3 5 7 11 5 4 10 7 11 4 4 4 5 2 9 10 8 4 0 6 7 7 8 10 2 7 10 7 7 6 8 10 2 7 7 11 11 4 4 4 4 4 4 5 5 11 4 3 11 5 2 9 7 8 11 11 4 5 5 7 0 9 8 11 5 4 10 10 2 6 7 7 7 8 7 10 0 7 7 8 9 7 7 8 11 4 11 4 4 5 5 10 7 8 10 8 11 4 11 4 4 5 5 1 4 9 4 5 7 11 11 2 5 9 10 7 2 8 4 3 10 10 8 7 8 7 0 9 5 10 7 10 7 8 2 9 8 4 10 10 8 8 4 10 2 6 7 11 11 4 4 4 4 4 4 4 5 4 4 4 4 4 4 4 4 5 10 7 2 7 6 10 7 7 7 7 7 8 7 10 7 8 4 0 10 6 8 11 11 4 5 5 7 7 11 11 4 5 4 4 5 4 4 11 4 11 4 4 5 7 8 4 10 2 9 8 1 3 4 10 10 8 8 4 4 10 10 2 8 9 8 7 7 7 10 10 7 8 2 4 10 8 6 11 4 4 4 4 4 4 4 4 11 4 5 7 2 9 7 8 11 11 4 4 5 7 8 0 7 7 7 7 7 7 7 10 9 8 7 7 7 7 7 8 7 11 2 11 3 7 11 4 2 3 5 11 11 4 2 3 4 4 4 4 4 4 4 4 4 5 7 10 2 10 9 8 4 4 5 11 2 6 4 10 10 8 7 8 7 10 7 10 2 6 7 7 8 11 4 4 4 5 10 10 7 8 7 7 7 7 8 1 9 4 4 5 4 11 4 4 4 4 5 7 7 11 11 5 4 2 11 4 5 3 4 4 4 4 4 4 4 4 11 11 4 4 4 4 4 4 4 4 4 4 4 4 4 4 4 4 4 4 4 4 5 4 4 5 10 7 8 7 0 9 5 11 11 5 5 4 11 4 4 5 4 10 10 8 7 8 11 4 11 4 4 4 4 4 4 4 4 2 5
ppo_q50_b_fd_l4,78,qv14_8,14,93,True,463.75,2.1288983821868896,5 5 7 11 9 5 5 7 7 11 2 11 9 5 5 10 7 11 4 5 5 10 7 8 11 2 11 3 7 11 5 5 10 7 11 4 5 5 7 7 11 11 5 5 10 7 8 11 11 5 2 9 7 8 4 4 10 10 7 8 8 11 4 10 7 8 7 7 7 8 4 10 7 7 7 7 11 5 5 10 7 8 11 11 2 5 4 4 9 4 5 7 11 4 4 10 2 8 9 8 11 11 2 5 3 10 10 7 7 7 8 8 11 1 9 5 4 4 4 4 4 5 7 11 2 4 9 5 4 10 10 7 8 8 4 4 10 7 7 7 7 7 10 8 8 10 2 7 6 11 4 4 4 11 2 5 10 8 9 11 4 5 4 5 4 11 4 4 4 5 11 2 4 10 6 10 7 8 8 11 4 5 10 10 7 8 4 5 10 2 9 10 8 10 8 7 8 4 10 7 0 9 8 8 4 10 8 11 2 3 7 11 11 4 2 3 4 4 4 5 7 11 4 4 5 7 1 4 3 10 7 7 7 7 7 7 10 8 2 10 8 6 11 11 4 4 2 5 4 4 11 4 9 4 5 7 8 4 4 10 7 8 4 10 8 11 4 4 10 2 8 11 5 4 4 4 4 3 10 10 8 8 4 4 10 10 8 2 7 7 7 6 7 10 7 7 7 8 7 7 7 7 11 11 5 2 9 5 4 4 4 1 4 11 9 8 8 11 4 4 4 5 11 1 3 4 4 5 4 10 10 7 8 7 8 7 7 7 10 10 7 8 8 4 10 7 2 7 10 7 8 6 4 4 11 4 11 5 5 11 4 5 4 4 1 4 11 4 4 5 7 10 10 8 8 4 10 9 8 7 8 7 11 11 5 0 6 7 7 7 7 7 7 8 11 2 3 11 11 5 5 10 7 8 11 11 4 5 2 4 4 4 4 4 9 4 5 7 11 11 2 3 5 7 10 7 8 4 10 7 10 2 6 7 7 7 7 7 7 7 8 4 10 10 8 8 11 2 11 9 5 7 8 11 11 5 5 7 11 4 5 4 4 4 4 11 5 0 6 7 11 11 2 3 5 7 11 5 4 4 4 4 10 10 2 8 6 10 8 4 10 10 7 7 8 7 7 7 7 7 7 7 7 8 11 2 9 4 5 11 4 4 4 10 8 4 0 6 7 7 7 8 10 2 7 7 11 11 5 4 5 11 4 11 5 4 4 4 4 4 4 4 3 5
ppo_q50_b_fd_l4,79,qv14_80,14,91,True,429.25,1.9307324886322021,5 5 7 7 11 11 5 5 7 11 6 11 5 5 10 7 8 7 11 11 1 3 5 5 10 2 10 7 7 6 7 8 4 10 2 6 7 11 11 5 5 10 7 8 11 11 4 4 4 4 4 4 5 5 7 10 7 7 7 8 11 11 4 4 5 7 8 11 2 9 11 4 5 5 7 7 1 9 11 5 5 0 9 5 10 10 8 2 7 10 6 8 4 4 10 10 8 1 4 3 5 10 7 8 11 1 3 7 11 5 4 5 0 10 7 8 4 10 7 7 9 8 8 11 4 5 10 10 8 7 7 8 1 4 3 11 4 4 4 5 4 10 10 2 8 4 10 7 9 8 8 10 10 8 8 4 4 10 10 2 7 8 11 5 9 5 7 7 11 11 2 3 5 10 7 11 2 3 4 4 4 4 4 5 7 11 2 4 4 4 3 4 10 10 8 2 9 8 4 10 7 7 7 7 7 11 2 3 5 0 10 8 10 8 10 7 7 8 6 11 11 2 3 4 4 4 4 1 5 7 11 9 5 4 4 5 7 11 4 2 10 7 9 8 7 7 7 7 8 7 11 4 5 10 10 2 8 6 11 4 5 7 7 11 11 4 5 4 4 4 5 10 10 8 2 9 7 7 8 11 11 4 4 4 5 5 10 2 9 7 11 4 5 7 8 11 2 4 3 10 10 7 7 8 7 7 7 7 7 7 7 8 7 11 2 4 3 10 10 7 8 2 9 4 4 4 4 5 7 11 4 5 4 11 11 4 4 2 5 9 5 0 9 10 8 7 7 7 7 0 7 7 7 8 9 11 5 4 5 10 7 7 8 11 11 4 5 2 4 9 4 5 4 1 11 9 4 5 5 0 9 7 8 4 4 10 10 7 8 8 4 0 10 7 7 10 6 7 7 8 7 8 4 4 11 2 9 4 5 7 11 4 5 7 7 11 11 5 2 10 7 6 8 4 10 7 2 6 7 11 11 2 3 4 4 4 4 5 10 2 3 7 11 5 4 4 10 7 7 11 2 5 4 9 4 5 7 11 4 4 4 10 2 6 8 11 4 5 10 10 7 8 8 1 4 3 10 10 8 8 4 10 10 7 8 8 11 4 5 10 10 8 2 4 10 9 8 7 8
ppo_q50_b_fd_l4,80,qv14_81,14,92,True,450.5,5.425154209136963,5 5 7 11 9 5 5 10 2 7 6 11 1 3 7 11 4 5 7 8 11 11 5 5 7 7 11 11 5 5 7 7 11 2 9 11 5 5 7 7 11 11 5 5 0 10 8 9 4 10 8 7 8 11 4 4 10 8 8 4 4 10 10 7 8 8 1 11 9 5 4 4 4 4 5 7 11 2 4 4 9 10 8 8 11 4 10 7 7 8 7 7 7 8 11 4 5 7 7 11 11 5 4 4 5 10 2 6 10 10 7 7 7 7 8 7 8 4 10 2 9 7 7 11 5 5 10 7 8 11 11 4 5 4 5 7 7 11 4 5 10 10 8 7 8 11 1 4 5 7 11 4 4 3 5 10 10 8 8 11 4 4 4 5 10 7 8 11 4 4 11 2 5 7 4 4 3 4 10 10 8 7 7 7 7 7 7 7 7 7 8 11 2 11 3 10 8 2 4 10 9 8 8 4 10 8 4 10 2 6 7 11 11 4 5 4 4 4 5 10 7 8 7 11 11 5 5 4 4 4 4 4 11 4 4 5 0 7 9 10 2 8 4 10 7 6 7 8 7 10 7 7 7 0 6 8 11 11 5 2 4 4 4 4 11 4 4 4 5 7 7 11 11 4 4 5 5 7 9 7 8 11 4 10 8 8 4 10 7 7 7 7 7 8 11 4 11 5 2 10 7 8 7 9 7 8 11 4 5 10 10 2 7 8 10 7 8 6 11 11 4 2 4 4 4 4 4 4 4 3 5 10 7 11 4 5 5 0 10 7 6 8 4 10 10 2 7 7 8 10 7 6 8 11 11 4 5 4 4 4 5 7 11 4 11 5 5 7 10 7 8 11 4 4 11 4 4 5 7 7 8 11 2 6 7 7 7 7 7 7 7 10 10 8 2 9 4 4 4 5 0 7 6 10 8 1 4 9 11 5 7 1 4 5 4 4 4 3 7 11 5 4 10 10 8 8 11 4 5 10 10 7 2 6 7 7 8 11 1 5 4 9 5 10 0 10 8 8 9 8 4 4 10 10 2 8 9 4 10 7 8 7 8 1 4 11 5 10 9 8 8 11 4 5 10 7 7 8 7 11 11 2 5 7 11 11 5 3 5 7 7 11 11 4 4 4 4 4 2 5 4 3 4 10 10 8 7 8 4 4 10 10 8 2 9 8 4 10 10 8 2
ppo_q50_b_fd_l4,81,qv14_82,14,84,True,407.25,5.0651233196258545,5 5 7 11 9 5 5 7 7 11 11 5 5 10 7 8 11 11 4 5 5 10 7 8 11 11 4 5 5 10 2 9 10 2 6 8 11 11 4 4 5 5 7 7 11 2 11 9 4 5 7 8 11 2 4 10 6 4 10 7 8 8 4 4 10 7 8 11 4 4 4 5 4 4 10 7 10 8 8 4 10 10 7 7 7 8 2 4 10 7 7 9 8 8 1 11 4 5 10 9 8 8 4 10 8 11 4 4 4 4 5 7 11 4 4 4 4 11 2 4 5 10 7 7 8 11 9 4 5 5 7 11 2 3 10 7 10 7 7 8 8 7 7 7 7 10 7 8 7 11 11 5 5 7 7 1 11 4 4 4 5 4 4 9 5 7 7 11 11 2 5 9 5 10 7 7 7 10 7 7 8 8 11 4 5 10 10 7 8 8 4 4 10 2 10 7 6 11 4 5 4 4 4 4 4 5 7 7 11 11 4 2 3 4 4 5 10 2 9 7 7 11 4 5 5 7 7 11 2 4 10 9 8 8 11 4 5 10 10 7 7 7 7 7 2 8 4 9 10 7 7 8 7 7 8 11 1 9 5 4 5 7 7 11 11 5 4 4 5 7 11 2 11 3 5 10 10 7 2 8 4 10 7 7 7 8 6 11 4 4 5 7 7 11 11 5 2 9 4 4 5 0 7 7 10 8 6 11 11 4 4 5 7 8 11 4 4 4 4 5 4 10 10 7 8 8 11 2 9 11 2 3 5 10 10 7 7 7 8 7 7 7 7 8 4 10 10 7 8 8 4 11 2 4 9 5 4 4 4 4 4 11 1 3 5 10 10 8 2 4 10 8 9 11 4 4 2 5 7 11 4 5 3 10 10 8 8 4 4 10 10 7 7 7 8 7 7 10 7 7 8 8 4 4 11 5 10 2 9 4 4 5 7 11 4 11 4 2 3 5 10 10 7 7 7 7 8 7 8 11 4 2 9 4 10 8 8 11 4 5 7 7 11 11 4 4 2 3 5 10 2 3 10 10 2 6 8 4 4 10 10 2 7 7 8
ppo_q50_b_fd_l4,82,qv14_83,14,91,True,463.75,3.204794406890869,5 5 7 11 9 5 5 10 7 8 11 11 4 5 5 7 7 11 11 5 5 0 10 6 7 8 11 4 11 4 4 5 5 7 7 11 2 9 11 5 5 0 9 10 2 7 8 11 5 9 10 7 7 8 7 8 1 4 11 9 5 4 4 5 7 11 2 4 4 3 4 10 10 2 8 9 8 4 0 7 7 9 7 0 6 8 11 11 4 5 2 9 7 8 4 10 7 8 1 4 3 4 10 10 7 8 4 0 6 8 4 10 7 7 7 11 2 5 10 8 11 9 5 4 4 4 5 10 2 7 7 6 7 11 11 4 4 5 4 4 5 7 7 7 7 7 11 11 4 4 4 4 5 5 10 7 8 11 11 5 2 10 6 7 7 7 8 1 3 7 11 4 4 1 4 4 5 3 7 10 10 8 7 7 7 7 7 7 7 8 4 10 2 9 8 7 7 7 7 11 11 2 3 5 7 11 11 2 5 9 5 7 7 11 11 5 2 7 6 11 11 5 5 10 7 11 2 5 11 9 5 5 11 5 7 7 7 10 7 7 7 8 11 2 4 9 11 4 4 4 5 4 5 7 7 0 10 7 7 7 7 7 8 6 7 7 10 7 7 7 11 2 5 7 11 3 7 11 4 5 4 4 4 4 5 10 8 10 7 11 5 4 4 5 7 11 4 4 4 4 4 10 7 8 2 6 7 7 7 7 7 11 4 5 10 10 2 6 7 8 7 11 4 4 4 10 7 7 8 8 11 4 4 5 10 10 7 7 2 8 11 5 10 9 7 8 8 4 11 5 7 11 4 1 4 5 7 9 11 5 4 4 4 5 4 10 0 7 6 8 10 7 7 7 7 8 4 10 7 7 11 5 2 9 4 5 10 7 7 8 11 11 4 4 5 4 4 4 4 4 5 10 7 11 5 5 7 7 11 11 5 4 5 7 0 9 7 7 7 7 10 8 2 7 7 10 8 4 10 7 6 8 11 11 5 4 5 10 8 10 8 11 4 11 4 5 4 4 5 7 11 5 7 11 4 4 2 11 9 5 4 5 7 0 7 7 7 7 7 6 10 8 7 11 11 5 2 9 7 8 1 4 11 4 4 3 5 10 10 7 8 2 9 8 4 10 10 8 7 8 7 7 7 7 7 7 11 4 5 10 10 2 8 7 11 11 4 4 4 3 4 4 5 4 4 4 4 5 10 2 7 11 9 5 4 4 4 5
ppo_q50_b_fd_l4,83,qv14_84,14,91,True,451.75,1.7304644584655762,5 5 7 11 6 11 5 5 7 7 11 11 5 5 10 2 7 11 4 9 4 5 7 8 11 11 5 5 10 7 8 11 11 4 5 5 7 7 11 11 4 5 0 8 4 10 8 4 10 9 8 8 4 4 10 2 10 7 7 6 4 10 7 7 7 7 8 2 11 3 7 11 2 3 4 5 7 1 4 4 4 3 7 11 5 4 4 4 11 4 2 4 10 10 7 7 6 8 7 8 11 4 10 7 7 7 7 8 2 9 8 11 4 4 4 5 7 11 4 4 4 1 4 3 5 10 10 8 8 7 11 4 2 10 9 8 8 11 4 5 11 5 10 7 10 7 7 7 7 8 4 4 5 10 2 6 10 7 10 8 7 7 8 1 4 4 9 4 5 7 11 4 4 4 4 4 4 5 7 7 11 11 5 2 7 11 5 4 3 10 7 10 7 7 7 2 6 8 4 10 10 7 8 7 7 7 8 11 4 2 4 4 9 4 5 7 11 4 4 4 4 4 4 4 4 5 4 10 10 2 8 9 4 5 10 7 7 7 8 4 10 7 10 8 7 8 7 11 4 10 2 6 8 10 2 10 9 8 8 4 4 4 4 1 9 4 4 5 10 7 7 7 8 11 5 7 11 11 5 5 7 11 11 2 4 3 4 5 7 11 2 3 4 10 10 8 2 9 4 5 7 7 7 10 7 7 7 7 8 4 4 10 10 2 7 6 8 11 4 5 7 7 11 11 4 2 4 5 7 11 9 5 4 4 5 11 2 11 9 4 5 5 7 10 7 7 8 0 6 4 10 8 11 5 10 7 0 7 7 8 6 11 11 4 5 5 7 11 4 5 7 11 4 11 4 5 5 7 7 11 2 4 10 9 8 8 11 4 2 10 9 8 8 4 4 10 0 9 7 8 7 7 7 7 7 8 7 7 7 7 11 2 11 3 7 11 5 4 4 4 4 5 7 7 11 11 5 2 7 11 4 5 10 7 6 8 4 4 10 10 2 6 8 11 4 4 4 2 11 9 5 4 4 4 5 10 2 3 4 10 10 2 6 8 4 4 10 10 8 7 8 4 10 7 7 10 8 8 7 11 2 11 4 3 5 10 10 7 7 8 7 7 7 8 1 4 4 11 4 5 10 10 8 8 4 9 10 8 8 1 11 4 11 4 4 4 4 4 5 3 4 4 5 7 7 11 11 5 5 7 7 11 11 2 5
ppo_q50_b_fd_l4,84,qv14_85,14,91,True,454.5,2.6502952575683594,5 5 7 11 9 5 5 7 7 11 11 4 5 7 8 11 11 5 5 0 10 7 7 7 6 8 11 11 2 4 5 7 9 11 5 5 7 7 11 11 4 4 5 7 8 11 11 5 5 0 10 7 6 8 11 1 9 5 5 10 0 7 7 8 11 4 4 4 4 9 4 5 5 0 9 7 7 8 11 4 4 5 10 10 8 4 2 10 7 9 7 7 7 7 8 8 4 10 2 6 11 4 11 4 4 2 5 10 8 4 10 7 7 7 7 6 8 11 11 2 4 5 10 8 6 11 11 5 2 7 11 4 3 7 11 4 5 5 10 7 8 11 11 4 5 2 9 4 5 10 7 10 8 4 4 5 10 7 7 8 4 4 10 10 2 8 4 10 7 6 7 7 8 7 7 7 11 11 2 5 9 4 5 7 7 11 11 4 4 4 4 5 2 7 11 9 4 5 7 8 11 2 11 9 5 4 5 0 6 10 7 7 7 7 7 7 8 11 1 4 4 5 4 4 3 4 10 7 8 4 10 7 10 2 8 4 9 10 7 8 4 5 10 7 8 4 10 8 4 10 7 10 2 8 4 4 4 4 3 11 2 9 4 4 5 7 11 4 4 4 10 2 8 4 10 6 4 10 7 8 8 4 10 8 10 7 7 7 10 8 2 11 4 5 7 11 9 5 4 4 4 5 10 7 8 4 10 7 2 10 7 9 8 8 4 4 4 4 4 4 4 4 11 4 4 5 7 11 2 4 4 3 4 10 10 8 2 7 7 6 4 10 7 7 8 7 11 2 9 11 5 5 10 0 8 4 9 10 8 8 4 10 7 2 7 6 7 11 11 4 5 4 4 4 4 4 5 7 11 4 2 9 4 4 10 7 8 7 7 8 7 10 2 7 10 6 11 4 5 5 7 7 11 11 4 4 4 5 4 5 10 7 7 8 4 11 1 4 4 5 3 10 10 7 8 8 11 4 5 10 10 2 6 8 11 4 5 10 10 2 6 7 7 8 11 1 4 4 3 4 4 4 5 11 2 4 4 10 10 6 7 8 8 7 10 0 7 6 7 7 8 1 4 3 4 10 10 7 2 6 7 8 4 10 7 7 7 11 2 5 10 8 7 11 11 5 3 5 7 7 11 11 5 2 9 4 5 7 7 11 11 4 4 4 5 5 7 7 11 11 2 5
ppo_q50_b_fd_l4,85,qv14_86,14,90,True,449.0,5.396147012710571,5 5 7 11 9 5 5 7 7 11 11 5 5 0 10 8 9 11 4 4 5 5 10 7 11 4 5 5 10 7 8 11 11 4 5 5 0 9 10 8 2 9 8 4 4 10 10 8 2 11 5 7 11 4 4 9 4 5 5 0 9 7 7 8 11 4 4 10 7 8 8 11 1 3 4 5 10 7 10 8 7 7 7 7 8 11 2 3 10 7 7 7 7 7 7 11 5 2 9 4 5 10 7 7 8 11 11 4 2 4 4 5 10 7 8 9 11 5 7 7 8 11 4 4 5 0 10 7 7 6 8 11 11 4 5 7 1 5 9 7 11 5 4 4 4 5 7 11 4 5 7 7 11 11 5 0 7 7 7 7 6 8 11 4 5 7 7 11 4 10 2 6 7 7 7 7 8 4 10 2 7 6 7 11 11 2 3 5 10 7 8 11 11 4 5 4 4 5 10 2 10 7 7 6 11 4 4 4 5 4 5 7 7 11 11 5 0 7 6 7 7 8 7 11 2 11 3 11 4 4 4 4 4 5 5 10 0 7 7 8 4 10 8 10 8 11 4 11 5 5 7 9 7 11 4 4 5 5 7 0 9 8 7 7 7 7 7 10 7 7 7 8 1 4 4 4 4 4 9 4 5 4 4 4 10 10 8 7 8 11 2 4 11 4 5 3 10 10 7 7 7 7 7 8 8 4 4 10 10 7 8 7 7 8 1 9 4 5 7 11 11 2 5 9 7 8 1 11 4 3 5 0 10 9 7 8 4 5 10 2 10 6 4 10 8 8 4 4 10 10 8 2 11 4 5 7 9 11 4 4 4 5 2 7 11 4 4 4 3 10 7 8 8 11 4 10 8 4 0 6 7 7 7 8 4 10 2 7 6 7 11 11 5 2 4 4 4 4 9 4 4 5 7 11 11 2 3 5 10 7 8 11 11 2 4 4 5 9 10 8 8 11 4 5 10 10 7 7 7 7 8 7 8 11 4 4 5 7 7 11 4 5 10 10 7 7 8 8 4 4 10 0 7 7 7 8 6 11 11 4 5 5 7 11 5 7 11 4 4 4 5 0 6 4 10 10 2 8 9 8 11 11 4 4 5 4 5 10 8 7 11 11 2 5 3 10 10 7 7 7 7 7 7 8 2 7 9 7 8 4 4 10 10 2 8
ppo_q50_b_fd_l4,86,qv14_87,14,92,True,454.0,5.71004056930542,5 5 7 9 11 5 5 10 2 7 6 1 6 1 6 1 6 7 11 11 1 4 5 5 9 7 7 8 11 11 4 5 5 10 7 11 5 2 7 9 11 5 5 10 0 7 8 10 7 8 9 11 5 4 4 5 10 2 7 11 4 4 4 9 4 5 7 8 4 10 8 11 4 11 5 5 0 10 9 8 4 5 10 10 8 7 7 7 7 7 7 7 8 11 2 9 5 4 10 10 8 8 1 11 4 4 9 4 4 5 4 4 4 5 10 2 10 9 8 8 11 1 4 4 5 9 7 8 4 4 10 10 7 7 7 7 7 2 6 7 8 11 4 4 10 8 7 8 7 7 7 7 11 11 5 2 9 5 4 4 11 4 5 4 10 0 6 7 8 7 7 7 11 4 4 11 4 4 5 4 5 10 7 7 7 8 4 11 11 4 4 4 2 5 7 11 4 4 3 10 2 6 7 7 7 8 4 10 7 8 4 10 7 7 11 5 2 10 8 7 9 10 7 8 8 11 2 7 3 11 11 4 4 4 5 5 7 7 11 11 4 4 5 7 8 11 1 5 9 10 2 8 6 7 7 7 10 7 7 8 7 10 7 7 11 5 2 7 11 4 5 7 11 11 4 3 4 4 4 5 4 4 4 5 10 7 7 2 7 10 8 6 4 10 8 7 11 4 4 4 4 11 4 4 5 4 5 7 7 7 11 2 7 7 10 7 6 7 8 1 4 11 5 9 7 11 4 5 5 0 9 7 8 11 4 10 8 7 8 4 10 10 8 0 6 8 11 4 5 10 0 6 7 7 8 7 7 7 7 11 11 2 4 5 9 4 5 10 10 7 8 4 4 2 9 5 7 7 11 11 4 5 4 5 7 7 10 8 11 4 4 11 4 4 5 2 7 11 9 5 5 7 11 2 4 3 10 10 2 6 7 7 7 8 11 4 10 8 7 7 8 11 1 5 11 3 4 4 4 5 7 7 11 11 4 2 5 7 9 7 7 7 7 8 10 8 4 10 10 7 8 7 7 8 10 7 8 7 11 11 4 4 4 5 2 10 7 8 6 11 4 11 4 5 4 5 7 7 11 2 11 4 5 3 10 10 8 8 4 4 10 10 8 2 10 6 8 11 11 5 4 4 4 4 4 4 4 5 7 7 11 11 4 5 2 9 7 8 7 7 10 7 7 7 7 10 7 7 7 7 8 8 4 4 10 10 2 8
ppo_q50_b_fd_l4,87,qv14_88,14,89,True,434.0,5.447761297225952,5 5 7 11 3 7 11 5 2 9 7 7 8 11 4 11 5 5 10 7 7 8 11 4 11 4 5 5 10 7 8 11 11 4 5 5 10 7 8 4 10 8 11 4 11 4 5 5 7 7 11 11 5 5 10 2 10 7 7 9 8 4 5 10 7 7 8 1 3 7 11 11 5 4 5 4 4 4 10 2 10 6 10 8 7 7 7 2 7 9 7 8 4 10 7 7 7 7 7 11 2 5 9 7 11 5 5 7 7 11 11 4 5 4 4 4 5 11 4 4 4 5 7 7 11 11 5 2 9 7 7 7 8 11 4 5 4 10 10 8 8 4 10 10 8 0 9 8 7 7 7 7 8 11 2 3 7 11 11 4 5 2 9 7 8 11 4 4 5 7 10 10 2 6 7 7 7 7 7 8 4 10 2 7 11 4 9 5 5 4 4 4 1 9 4 5 4 10 10 8 2 4 9 5 4 11 4 4 11 5 2 3 7 4 4 7 10 10 7 7 8 7 7 7 10 8 8 4 4 10 10 7 8 7 7 8 11 4 4 4 5 10 2 10 10 7 8 8 9 4 4 4 4 4 4 4 4 5 11 4 4 11 5 2 9 5 0 9 10 7 7 8 7 7 7 7 8 1 9 4 5 7 11 11 5 2 10 8 9 4 10 7 8 7 8 11 4 4 5 10 10 8 8 4 0 6 11 4 4 5 7 7 11 11 4 4 4 4 2 5 7 9 11 5 4 4 5 10 7 7 7 8 11 11 4 5 4 5 10 7 2 10 6 7 8 4 10 10 2 8 9 8 1 11 4 3 4 11 4 5 5 0 7 7 7 7 7 7 7 6 4 10 8 4 10 8 7 7 7 7 7 11 11 5 2 9 7 11 5 4 4 4 5 10 7 7 7 7 8 4 10 8 11 4 11 4 4 5 5 7 11 5 0 7 7 9 7 7 8 4 4 4 10 7 10 8 7 8 11 5 7 11 1 4 3 5 7 11 11 4 5 5 7 11 11 5 4 5 4 10 2 10 8 7 7 7 10 7 7 7 7 8 4 9 10 8 7 8 1 9 5 11 4 11 4 4 5 4 5 10 8 7 11 11 4 5 4 4 5 7 7 11 11 5 5 7 7 11 4 2 4 10 10 8 7 7 7 7 8
ppo_q50_b_fd_l4,88,qv14_89,14,89,True,432.25,5.391709804534912,5 5 7 11 9 5 5 7 10 8 11 4 11 5 5 10 7 7 8 11 4 11 4 5 5 10 7 8 4 10 8 11 4 11 4 5 5 0 9 5 10 0 7 7 7 7 8 9 4 7 11 4 4 4 5 5 7 7 11 11 4 5 5 7 7 1 9 11 5 5 0 9 5 10 10 2 8 4 10 7 8 9 4 10 7 8 7 8 1 9 5 7 11 11 5 4 4 5 7 11 2 4 3 4 10 10 7 8 2 7 7 9 7 8 4 4 10 10 7 8 8 1 4 4 4 4 4 4 11 4 4 5 4 10 10 7 8 7 8 9 4 5 10 10 2 6 7 7 8 11 5 10 7 10 7 7 8 8 4 4 10 2 7 11 9 5 5 10 7 2 11 9 5 5 10 7 8 11 4 4 5 7 11 4 4 4 4 10 2 8 4 4 4 9 5 7 11 11 4 5 2 3 10 10 2 6 7 7 7 7 7 8 4 10 7 8 7 10 7 7 7 11 5 2 9 5 7 11 4 4 4 4 4 11 4 5 2 3 10 0 7 7 8 9 4 10 8 7 8 1 11 4 4 3 4 4 4 4 4 5 7 7 11 11 2 5 9 7 8 4 4 10 10 2 8 4 10 9 8 8 4 4 10 10 8 8 10 8 4 10 10 7 8 8 7 10 7 7 11 4 2 5 3 11 11 5 2 4 3 4 4 11 4 5 10 2 7 7 9 7 11 5 5 7 11 2 4 4 4 3 4 10 10 2 6 7 8 4 10 8 4 10 10 2 6 7 7 8 10 7 8 10 10 8 8 4 4 4 4 4 4 4 11 4 5 10 7 8 4 10 2 7 6 10 8 11 4 11 5 5 7 7 11 11 4 5 4 4 4 4 5 4 10 7 8 4 4 10 7 8 11 11 4 5 2 7 11 4 5 9 10 8 7 8 1 3 7 11 4 5 10 10 2 6 7 7 7 8 11 5 10 8 10 0 9 7 8 7 7 7 7 8 7 11 2 11 3 7 11 5 4 5 4 10 7 8 11 11 5 4 5 7 1 4 11 9 5 7 8 11 11 4 5 7 8 11 2 4 4 10 10 8 7 7 9 8 8 10 10 8 2 4 10 9 8 7 7 7 8
ppo_q50_b_fd_l4,89,qv14_9,14,92,True,461.25,1.948535680770874,5 5 7 11 6 11 5 5 7 7 11 11 5 5 10 7 11 4 5 5 10 2 10 9 7 8 7 8 11 2 3 7 11 11 5 7 1 4 5 7 9 11 4 5 7 8 11 11 5 5 7 7 11 11 5 5 0 9 5 10 10 8 7 7 7 7 7 8 4 10 2 6 4 10 8 7 7 7 7 11 11 5 4 1 4 4 4 4 5 7 6 4 10 7 8 11 4 4 1 4 4 4 5 10 10 6 8 2 9 8 4 10 7 7 7 7 8 4 10 7 7 11 2 5 7 11 4 5 4 4 4 4 4 11 4 5 3 10 10 8 8 4 10 10 8 7 7 8 7 11 1 9 5 5 7 11 2 11 4 4 4 5 3 10 10 7 7 8 7 7 0 7 7 8 6 11 11 4 5 2 7 11 4 5 4 11 5 9 10 8 8 4 10 10 7 8 7 7 7 7 7 8 7 1 11 4 5 4 4 4 4 4 4 4 9 4 5 4 10 10 7 8 2 11 4 4 3 5 4 4 4 10 10 2 8 10 10 7 7 7 7 6 7 8 7 7 7 8 11 2 9 4 5 4 4 4 10 10 2 8 10 10 8 8 11 9 8 8 4 4 11 4 4 4 5 7 11 4 11 2 5 9 5 10 7 8 1 4 10 9 8 8 4 11 4 5 4 4 4 4 11 5 7 11 2 3 4 10 10 7 8 2 9 4 5 10 10 7 8 2 6 7 10 7 8 4 10 10 7 2 7 8 11 4 5 9 5 4 4 4 11 4 4 10 7 7 8 2 11 5 4 4 3 10 7 7 10 7 8 8 4 10 7 7 10 7 8 8 4 4 10 2 7 9 11 5 5 10 2 9 10 8 4 4 5 10 8 4 4 4 11 11 5 4 5 7 11 4 4 4 4 5 7 11 4 4 4 4 10 2 6 8 4 10 8 4 10 7 7 7 7 11 2 5 9 5 10 10 8 7 7 7 10 8 2 9 4 5 7 11 11 4 5 7 8 11 4 1 4 3 5 10 7 11 4 5 2 3 10 7 8 4 4 10 10 8 7 7 7 7 8 4 10 7 10 7 8 8 1 11 5 4 4 4 4 11 9 5 5 4 4 4 4 11 4 4 10 2 8 11 5 4 10 10 8 8 6 7 7 10 10 7 8 8 11 2 6 4 4 10 10 7 8 7 10 8 8 11 4 5 10 10 2 8
ppo_q50_b_fd_l4,90,qv14_90,14,90,True,447.5,1.6756126880645752,5 5 7 11 9 5 5 7 7 11 11 4 5 7 8 4 10 7 8 7 7 7 11 11 5 4 4 5 7 7 10 7 8 11 11 4 4 4 4 5 5 10 2 7 10 7 6 8 11 11 4 4 4 4 5 5 10 7 8 10 8 7 11 11 4 4 4 4 5 5 7 7 11 11 5 5 10 0 8 9 4 10 8 8 10 7 8 11 11 7 8 8 4 4 10 10 8 8 11 4 5 10 10 7 8 7 8 4 10 7 7 11 5 2 9 4 5 11 4 4 4 4 4 4 4 11 5 7 7 7 8 11 2 4 10 9 8 8 4 4 10 7 8 7 7 7 7 10 8 7 1 11 9 5 5 10 0 8 11 9 5 5 7 7 11 1 4 5 4 11 11 5 5 3 7 11 11 5 5 7 7 7 7 7 7 11 2 4 10 9 8 7 7 7 7 8 11 2 9 1 3 4 4 4 4 5 0 7 10 7 7 9 7 8 7 7 7 8 7 7 7 7 11 2 11 3 7 11 5 2 4 4 3 4 11 4 4 4 4 5 7 11 4 2 3 4 10 10 8 8 4 10 7 8 4 10 7 10 8 8 10 2 7 7 9 7 11 4 5 5 4 1 9 4 5 7 11 5 7 11 4 4 11 2 3 5 10 10 7 8 8 11 4 10 7 7 2 6 7 8 7 7 10 2 10 9 8 7 7 8 1 3 4 4 4 4 4 11 1 5 9 10 7 8 4 5 10 2 7 9 10 8 7 7 8 11 1 5 9 10 2 8 7 7 6 11 11 2 5 11 4 4 5 7 11 11 3 4 4 4 4 4 5 2 3 10 10 7 8 2 9 8 4 10 10 8 2 11 5 10 6 7 7 8 4 10 10 7 8 2 10 6 8 1 4 3 11 4 4 5 7 11 4 11 4 4 5 1 3 4 5 7 11 4 4 10 2 8 9 7 8 10 7 7 8 1 9 11 5 5 11 2 3 10 7 7 7 7 7 0 7 7 8 6 11 11 5 4 5 4 4 11 2 9 11 5 7 7 8 11 5 7 11 11 2 5 4 3 10 10 7 7 7 7 7 8 7 7 7 7 7 8 7 7 7 11 2 11 4 4 4 4 4 3 4 4 5 10 2 7 7 10 10 7 7 7 8 8 4 4 10 10 8 8 11 11 4 4 4 4 4 4 4 4 4 5 5
ppo_q50_b_fd_l4,91,qv14_91,14,89,True,443.75,5.262937307357788,5 5 9 7 11 5 5 10 7 11 2 5 7 6 11 11 5 5 10 2 10 8 11 4 3 7 11 4 5 7 8 11 11 5 5 10 7 8 11 11 4 5 5 10 2 9 10 2 7 8 9 11 5 4 5 10 7 0 6 8 11 4 10 7 2 6 7 7 8 7 7 7 7 11 11 2 5 7 11 4 9 4 5 4 4 4 4 4 5 10 7 8 4 0 7 10 7 7 7 7 7 7 8 7 7 11 11 4 4 4 4 4 4 5 4 5 7 11 3 7 11 4 4 4 4 5 7 8 4 10 8 11 2 3 10 7 7 7 7 8 7 10 10 7 8 2 9 8 4 10 8 4 4 11 4 5 7 11 4 4 11 4 2 5 7 11 4 4 5 9 10 8 8 4 10 8 11 4 4 5 4 10 10 7 8 7 2 6 4 10 7 8 4 10 7 7 10 7 2 8 9 4 5 7 7 10 10 2 6 8 4 11 4 5 11 11 4 4 4 2 3 4 4 5 7 11 2 4 10 9 8 7 8 11 4 4 5 10 10 8 7 7 8 4 10 8 1 4 4 3 4 10 7 10 8 7 8 11 4 2 4 10 9 8 7 8 4 10 2 6 11 4 4 11 4 5 7 8 11 4 11 5 5 0 10 7 7 7 8 6 4 4 10 10 7 7 7 8 8 4 11 2 9 11 2 3 5 10 2 7 7 6 7 11 11 2 3 4 5 4 4 4 4 4 4 4 4 11 5 7 11 2 3 4 10 10 8 7 8 4 10 7 8 4 0 9 7 7 7 8 11 4 11 4 5 5 7 7 11 4 5 10 7 11 4 5 4 5 0 10 7 8 9 4 11 5 5 10 2 10 7 10 6 8 8 7 7 7 7 10 7 7 8 4 4 10 10 2 8 9 4 4 4 11 5 5 10 7 8 11 11 4 4 2 3 5 11 4 11 4 4 4 4 5 2 9 7 8 11 4 10 8 7 7 7 8 10 7 10 7 8 2 11 4 4 5 9 7 8 11 11 4 4 4 2 3 5 10 10 8 7 7 7 7 10 7 8 2 4 10 8 4 9 10 8 8 4 10 2 6 7 11 11 5 4 5 7 7 11 11 4 2 5 9 5 10 10 8 4 4 4 4 4 5 4 4 4 4 11 5 7 11 2 4 9 10 8 8
ppo_q50_b_fd_l4,92,qv14_92,14,91,True,460.25,3.117785930633545,5 5 7 11 9 5 5 10 7 8 11 11 4 5 5 7 7 11 11 5 5 0 10 7 6 8 4 10 8 11 4 11 2 3 5 7 7 11 11 4 5 5 10 2 7 11 4 9 4 5 7 8 4 10 8 11 4 2 11 9 5 5 10 0 9 7 8 7 7 8 4 10 2 7 7 6 4 10 7 8 7 7 7 11 11 5 1 9 5 4 5 7 11 4 4 4 4 11 2 4 4 5 10 8 4 10 6 4 10 7 7 8 8 4 4 10 7 7 7 8 7 11 11 2 5 9 7 8 4 10 7 7 10 7 8 2 11 3 5 7 7 11 11 2 3 5 7 11 4 11 5 4 4 5 10 2 6 7 11 11 2 3 5 10 7 8 11 11 2 3 4 4 5 7 11 2 9 4 10 8 7 8 10 7 8 4 10 7 10 2 7 8 7 10 7 8 6 11 11 4 4 4 4 5 4 4 4 5 7 11 4 4 10 2 8 6 4 10 7 7 8 10 10 2 7 8 6 4 10 7 8 7 11 11 5 4 4 4 5 7 11 4 11 2 3 5 7 11 4 11 4 5 2 9 4 5 7 10 10 8 7 8 11 5 7 11 4 5 10 10 7 8 7 7 7 7 7 7 7 8 11 11 2 5 9 4 5 7 11 5 7 11 11 5 2 4 4 6 7 7 7 7 7 7 0 7 6 10 8 11 4 11 2 4 5 7 11 4 3 4 5 11 4 11 2 3 4 5 7 7 7 7 10 7 7 8 4 4 10 10 7 7 7 8 1 4 5 11 4 4 4 5 10 9 5 5 10 10 8 8 11 4 5 4 1 3 4 10 10 8 7 7 10 7 7 8 2 10 9 7 8 8 4 4 10 2 9 10 8 7 8 11 4 4 4 4 5 4 4 10 8 7 11 2 6 11 11 5 4 4 5 11 4 2 11 5 10 7 6 7 10 7 2 6 7 7 7 7 8 4 10 10 8 8 4 1 3 7 11 4 5 4 4 1 11 4 3 5 0 9 10 8 8 11 4 5 10 10 8 8 4 10 7 7 10 8 2 9 4 10 8 8 1 11 4 4 3 5 10 7 8 4 4 10 10 7 8 2 9 8 11 11 5 4 4 4 5 7 11 11 4 2 4 5 7 11 11 5 3 5 10 10 7 2 7 7 7 7 7 7 8
ppo_q50_b_fd_l4,93,qv14_93,14,92,True,458.5,1.9163239002227783,5 5 7 11 9 5 5 10 7 8 11 11 4 5 5 10 7 8 4 10 7 8 7 11 11 4 4 4 4 5 5 7 7 11 1 9 5 5 10 7 8 11 11 4 5 5 7 7 11 11 5 5 10 0 8 4 10 9 8 8 11 4 10 7 7 7 8 8 1 9 8 7 11 4 11 4 4 5 2 9 7 8 11 11 4 4 5 5 10 7 7 8 11 2 3 4 10 10 8 7 7 8 1 4 3 7 11 4 5 7 1 4 3 4 10 10 8 8 4 10 10 8 8 4 11 4 5 4 10 10 7 7 7 8 7 7 7 8 11 4 4 5 10 10 7 8 7 8 11 4 4 10 8 2 9 4 5 10 7 11 4 2 3 5 10 10 7 2 7 6 8 4 11 4 2 9 4 4 5 7 11 4 4 11 5 0 7 7 6 7 7 8 1 3 4 11 4 5 7 11 4 4 5 4 4 4 4 4 10 10 8 2 4 10 9 8 7 7 7 8 11 2 3 10 7 7 10 7 7 7 8 7 8 4 10 2 9 7 11 5 5 11 4 5 7 7 11 1 4 5 7 9 11 5 4 5 4 10 10 8 7 7 7 8 7 7 10 2 7 6 11 11 4 4 4 4 5 2 7 11 4 4 4 5 3 7 11 4 11 5 0 7 6 7 7 7 7 7 7 7 7 8 11 4 2 9 4 4 5 11 4 11 4 4 4 4 5 2 9 7 7 7 7 8 7 10 7 10 7 7 8 8 11 4 4 5 10 10 7 8 8 1 11 4 3 4 4 5 4 4 11 11 2 5 9 7 8 11 11 5 4 5 7 7 7 7 7 7 7 7 10 7 7 7 7 8 11 2 9 4 10 7 8 8 1 9 4 5 7 11 4 11 4 4 5 4 5 7 11 4 2 9 4 5 4 10 10 2 8 4 10 6 4 10 2 6 8 10 7 7 7 8 1 4 4 4 4 4 4 4 9 4 5 7 11 4 4 10 8 2 11 5 4 4 4 4 4 4 4 4 4 4 4 4 4 11 11 4 4 4 4 4 4 4 4 4 4 4 4 4 4 4 4 4 4 4 5 3 4 4 4 4 5 10 7 8 4 10 2 6 7 11 11 5 5 10 7 8 11 11 4 5 5 7 11 5 11 4 5 0 10 6 7 7 7 7 8 1 3 7 11 11 5 4 4 4 5 10 8 7 11 11 4 2 5 7 11 5 3 10 10 8 8 7 7 10 10 7 7 8 7 8 11 5 4 10 10 2 8
ppo_q50_b_fd_l4,94,qv14_94,14,94,True,459.75,5.83043360710144,5 5 7 11 9 5 5 10 2 7 6 11 11 4 5 5 10 7 8 11 11 4 5 5 10 2 7 6 11 11 5 2 10 7 7 7 8 6 11 11 5 5 7 7 11 11 4 4 5 5 7 7 11 11 5 5 7 10 8 11 4 11 5 5 10 0 8 4 10 9 8 7 8 11 5 4 10 10 8 8 4 4 10 10 2 7 8 7 7 7 6 7 11 11 4 4 2 4 4 5 4 4 9 4 5 4 4 4 4 4 10 10 8 8 4 0 9 7 7 8 4 4 10 10 7 8 7 0 7 8 6 11 11 5 5 11 11 5 2 7 11 5 3 10 10 2 8 9 4 5 10 10 7 8 7 7 7 8 1 4 11 4 9 4 5 4 4 4 4 4 4 4 5 10 2 6 4 10 10 8 8 4 10 2 9 8 11 4 4 5 10 10 8 7 7 7 7 7 7 7 8 11 4 1 4 4 4 4 3 4 4 4 4 5 4 10 0 8 9 11 5 5 1 9 8 10 10 7 7 7 7 7 2 8 7 10 10 8 8 4 10 9 8 7 8 1 4 4 4 4 4 3 4 4 4 11 4 4 5 4 4 11 2 4 9 10 8 8 11 4 2 10 7 6 10 8 7 8 11 2 4 4 4 11 4 4 5 11 4 4 4 4 4 4 4 4 4 4 4 11 4 4 4 4 4 4 4 4 4 4 4 4 4 4 4 4 4 4 5 3 5 4 10 2 9 7 11 5 5 10 7 8 4 11 4 4 5 7 11 11 5 2 11 4 5 3 10 7 7 7 7 8 4 10 7 10 8 2 4 10 8 9 11 5 4 4 4 4 5 0 7 7 7 7 10 8 11 4 3 4 5 7 11 11 5 4 4 4 4 4 4 5 10 8 7 10 7 7 11 5 5 7 11 5 7 11 11 2 5 9 7 8 11 11 5 11 5 7 8 4 10 2 10 8 4 10 7 7 9 8 0 8 7 10 8 4 3 10 10 8 2 6 4 10 10 8 2 9 8 10 7 7 7 7 7 7 7 7 7 7 7 7 7 7 7 7 7 7 7 10 2 8 9 4 5 7 7 7 7 7 7 7 7 7 7 7 7 10 10 8 2 7 7 7 6 7 7 7 10 8 4 10 7 7 7 7 7 10 8 4 4 2 9 4 5 7 7 11 11 2 5 4 4 3 4 11 5 11 11 2 3 5 7 7 11 11 4 4 5 2 3 10 10 2 7 8 11 4 5 3 10 10 7 8 7 7 7 7 7 8 4 4 10 10 8 7 8 11 2 6 10 10 8 2 4 9 10 8 8
ppo_q50_b_fd_l4,95,qv14_95,14,90,True,430.25,2.181966543197632,5 5 7 11 9 5 5 10 7 8 11 11 4 5 5 7 7 11 11 5 5 10 7 8 11 11 4 5 5 10 7 8 11 11 4 5 5 7 7 11 11 5 5 7 10 4 2 9 4 10 8 8 4 10 7 7 7 7 7 7 7 7 8 7 7 11 4 11 5 5 7 7 11 11 4 2 5 7 11 9 4 5 4 4 5 11 2 3 10 7 10 8 8 4 10 0 7 6 7 8 1 3 4 10 10 8 8 4 4 10 10 7 8 2 9 8 11 1 3 5 7 7 11 11 5 4 5 10 7 7 8 11 11 4 4 5 5 7 11 2 4 11 5 10 7 7 7 7 8 6 11 11 4 5 4 4 4 5 7 11 4 2 4 10 9 8 8 11 4 5 10 7 7 7 7 7 7 7 7 7 8 4 10 7 8 7 7 7 7 11 1 9 8 8 11 2 11 3 7 11 5 4 4 4 4 4 4 4 5 10 2 7 11 4 4 3 5 11 5 10 7 10 7 8 8 4 10 8 7 11 11 2 5 9 7 8 4 4 10 10 8 8 11 4 5 10 10 2 6 7 7 8 10 2 7 11 9 5 4 5 7 11 2 3 11 4 4 4 4 11 2 3 5 10 7 7 7 8 4 10 8 7 7 7 7 10 10 8 8 4 4 10 10 7 8 2 4 3 4 4 4 4 4 11 4 5 7 11 11 5 2 9 10 7 2 6 7 7 7 7 8 4 10 7 7 7 11 2 5 7 9 11 5 4 5 10 7 7 8 11 11 5 2 9 7 8 4 4 10 10 2 8 6 11 4 5 7 7 11 11 4 4 5 5 4 11 4 5 11 2 4 9 11 5 5 7 10 7 8 4 10 7 10 8 8 11 1 5 7 11 9 5 5 10 2 10 9 8 8 11 4 5 10 10 8 8 7 10 7 7 8 1 3 7 11 11 5 2 3 11 11 4 4 4 4 5 2 10 7 8 7 7 9 7 8 7 7 11 11 4 5 2 7 11 4 4 9 4 5 5 0 9 5 10 10 7 7 7 8 7 7 7 7 8 1 4 4 3 4 10 10 8 8 4 4 10 10 7 8 7 7 8 10 2 7 9 11 5 4 5 7 7 11 11 5 4 5
ppo_q50_b_fd_l4,96,qv14_96,14,89,True,438.25,5.301310300827026,5 5 7 11 9 5 5 7 10 8 11 4 11 5 5 7 7 11 2 9 11 5 5 7 7 11 2 11 9 5 5 7 7 1 11 9 5 5 7 7 11 11 5 5 0 10 8 9 4 10 8 8 4 10 2 6 4 10 8 4 0 7 7 7 7 7 6 7 11 11 5 4 5 10 2 6 7 11 11 4 4 5 4 4 5 10 7 8 7 11 11 4 4 4 4 5 5 10 2 9 7 7 7 8 1 11 3 10 7 8 8 4 10 7 7 7 7 8 7 7 7 7 7 11 11 5 4 4 1 4 3 5 7 11 4 4 4 4 4 11 5 2 9 7 7 8 11 5 4 10 10 7 7 7 8 8 4 10 8 4 10 10 8 8 4 10 8 11 5 1 4 4 4 11 4 3 5 10 7 10 8 2 4 10 8 9 4 10 2 6 8 4 10 7 10 7 8 4 4 4 5 10 7 8 10 7 7 8 7 11 11 2 5 11 4 4 5 7 11 3 4 11 4 5 2 9 5 7 11 11 5 5 7 7 11 11 2 5 7 7 9 7 8 4 10 7 10 2 6 7 8 10 7 10 8 2 7 10 8 9 4 10 8 4 4 5 10 8 7 11 11 4 2 3 4 4 4 5 7 11 11 5 1 4 4 3 5 10 7 11 2 4 5 9 7 8 4 4 10 10 7 8 7 8 0 7 7 9 7 8 7 11 11 5 2 7 11 5 7 11 4 4 4 4 4 3 5 10 7 10 8 7 7 7 7 7 7 7 7 8 11 2 4 10 9 8 8 4 10 2 6 11 4 11 4 4 4 5 2 10 8 11 9 5 5 0 10 7 7 7 7 6 8 11 11 4 2 3 5 7 11 4 5 7 11 4 4 4 4 10 8 8 1 11 3 4 4 4 4 5 0 9 7 7 7 10 7 8 8 11 4 4 5 10 7 10 2 7 8 7 7 7 9 7 11 5 4 4 4 5 10 2 10 7 9 7 7 8 7 7 8 7 11 2 11 3 7 11 5 4 4 5 10 2 9 7 7 7 11 4 1 3 4 4 5 5 7 10 7 8 7 11 11 5 4 4 11 5 5 11 4 5 4 10 10 2 8 9 8 10 10 8 2 4 10 10 8 7 7 7 8 4 10 10 8 7 7 8
ppo_q50_b_fd_l4,97,qv14_97,14,90,True,444.0,5.395676136016846,5 5 9 7 11 5 5 10 7 8 7 11 11 4 2 5 7 11 9 5 5 7 7 1 11 9 5 5 10 2 10 6 8 11 11 4 5 2 7 11 3 7 11 5 2 7 11 9 4 5 7 8 11 2 6 11 11 5 5 10 0 7 7 8 4 10 8 6 11 11 4 5 2 7 11 9 4 5 5 0 7 7 7 7 6 4 10 7 8 4 10 7 8 7 0 7 6 7 11 11 5 4 4 11 5 5 7 7 11 11 4 4 5 7 8 11 2 4 3 10 10 2 6 8 1 4 10 9 8 7 7 8 11 2 6 11 4 4 11 5 5 7 7 11 11 4 4 8 7 7 7 7 7 7 7 8 11 4 4 4 4 4 4 4 4 4 5 7 10 2 10 6 8 11 11 2 3 5 0 10 7 7 7 8 6 11 11 2 5 10 8 4 10 7 7 7 9 8 8 10 7 8 7 11 11 5 5 11 1 5 7 11 4 5 9 5 7 7 11 11 4 5 7 8 11 2 4 3 10 7 7 8 4 4 4 10 7 10 7 8 7 7 8 7 11 4 4 5 10 7 10 8 7 8 1 4 9 4 5 7 11 4 4 4 10 2 3 4 4 5 7 11 4 4 2 4 3 4 10 10 8 2 9 8 1 4 3 10 10 8 7 7 7 8 10 2 7 6 7 10 10 8 8 4 1 9 8 11 4 4 4 4 4 5 10 7 0 6 11 5 5 10 2 9 7 11 5 4 4 4 5 10 8 7 11 11 5 5 7 11 11 2 5 7 7 6 10 8 4 10 7 7 10 7 8 7 8 1 7 6 11 4 4 11 5 2 7 11 4 5 3 4 4 11 4 11 5 5 10 2 10 7 7 8 6 7 10 10 2 6 8 4 4 10 10 2 8 4 10 9 8 8 1 9 4 4 5 10 8 7 11 11 2 3 5 7 11 4 5 4 11 11 4 5 5 4 4 4 10 2 10 6 10 7 2 8 9 7 7 8 7 11 4 10 8 7 8 1 4 4 3 4 4 4 11 5 7 11 11 2 3 5 10 10 7 7 2 8 10 7 7 10 7 6 8 7 7 7 7 8 7 11 2 11 4 3 5 10 10 8 7 8 10 2 7 7 11 11 5 4 5
ppo_q50_b_fd_l4,98,qv14_98,14,85,True,410.5,5.153522968292236,5 5 9 7 11 5 5 7 7 11 11 5 5 0 7 6 4 10 7 8 7 11 11 5 5 7 11 11 4 5 5 10 7 8 11 11 4 5 5 10 2 10 7 6 8 11 11 2 3 5 7 7 11 11 5 2 9 7 11 5 5 7 7 1 9 11 5 5 7 7 11 4 2 9 10 8 8 11 2 4 10 9 8 8 4 10 7 7 7 7 8 7 7 10 7 7 7 11 2 3 5 7 7 11 4 5 7 7 11 11 4 5 4 4 4 4 5 10 7 8 11 4 4 4 11 2 5 10 8 4 9 10 7 8 7 7 8 7 0 4 11 4 4 9 5 4 5 7 10 2 10 9 8 4 4 5 10 8 10 10 2 7 7 6 8 11 4 4 4 5 4 11 4 11 4 2 3 5 10 7 8 7 7 7 7 7 11 5 10 7 7 7 7 11 4 5 2 10 7 7 8 4 10 6 11 5 5 7 7 11 11 2 5 9 5 0 10 7 8 7 7 6 7 11 11 2 5 4 11 4 4 9 5 5 7 7 11 11 5 5 7 7 11 11 2 5 10 7 7 8 4 10 7 8 7 7 6 7 11 11 4 4 2 4 5 7 11 4 4 5 4 4 4 4 3 10 10 7 8 8 10 7 7 8 4 10 10 2 6 8 11 4 5 7 7 11 11 4 5 5 7 7 11 11 2 5 10 7 7 8 4 10 7 8 4 10 9 7 7 8 8 1 9 11 5 5 10 2 10 7 8 6 11 11 4 4 5 4 4 4 4 5 4 11 4 4 5 7 10 10 7 8 2 9 7 8 1 4 9 4 5 7 11 4 5 4 0 10 7 7 10 7 6 8 8 11 4 10 8 7 0 8 6 4 10 8 11 4 11 2 5 9 5 7 11 11 2 5 9 7 8 4 4 11 11 4 2 5 3 10 10 2 6 7 7 7 7 8 0 7 9 7 8 7 7 7 11 11 5 4 5 0 9 5 7 7 11 11 5 5 11 11 4 5 4 1 3 4 5 7 11 4 4 4 10 8 8 4 4 10 7 11 2 5 10 6 4 10 7 8 7 8 4 4 10 10 2 8
ppo_q50_b_fd_l4,99,qv14_99,14,91,True,431.75,2.441480875015259,5 5 7 11 9 5 5 10 2 7 11 3 7 11 5 5 7 7 11 2 9 11 5 5 10 7 11 4 5 5 10 7 8 11 11 4 5 5 7 7 11 11 5 5 0 9 7 8 4 4 10 10 8 8 11 4 5 10 10 8 8 4 4 10 10 8 7 8 4 10 7 7 7 7 7 11 2 5 9 5 7 7 11 11 5 2 9 7 8 11 11 5 4 5 10 8 4 10 0 6 8 11 11 5 4 5 10 2 7 10 7 8 7 6 7 11 11 2 5 9 4 4 4 4 4 11 4 5 4 5 7 7 7 11 4 11 5 5 0 10 7 7 6 8 4 4 10 10 7 2 8 6 11 11 5 4 5 10 7 7 8 11 11 5 2 9 7 11 4 5 4 5 10 8 4 10 0 7 8 11 4 9 5 5 0 9 10 7 8 8 4 4 10 10 7 8 7 8 7 11 1 3 4 5 7 7 11 11 4 4 4 4 4 5 5 0 9 5 10 7 8 4 4 10 10 2 7 8 9 4 5 10 7 8 11 11 5 5 7 7 11 11 4 5 2 9 7 8 4 4 10 10 7 7 2 7 7 7 8 11 4 4 5 3 10 10 2 8 11 3 5 10 10 8 2 11 5 10 7 7 6 7 10 8 7 7 7 8 7 11 2 11 9 5 4 5 11 4 5 4 4 4 4 4 4 4 4 4 4 10 7 8 11 4 10 8 2 4 10 7 7 7 7 8 6 10 10 7 8 2 10 7 7 6 8 4 4 1 11 9 5 4 4 4 4 4 4 4 4 4 5 7 1 9 8 11 5 7 11 4 4 4 10 2 6 8 4 10 7 8 4 10 7 7 7 7 11 4 4 5 2 9 7 8 11 4 5 4 4 1 3 4 10 10 8 8 7 10 7 8 7 7 10 7 7 7 7 11 5 2 10 8 9 10 8 8 4 1 4 4 4 4 3 7 11 4 4 5 4 10 0 6 8 4 4 10 10 2 8 9 8 1 11 3 5 10 10 7 7 8 4 5 10 7 7 8 1 11 11 4 3 4 4 4 4 4 5 5 7 7 10 8 11 4 4 2 4 10 10 8 7 8 9 4 5 10 10 7 7 2 7 8 4 4 10 10 7 7 8 8
