agent,env,problem_name,ion_count,op_count,solved,duration,compile_time,actions
ppo_q50_b_fd_l4,0,qv18_0,18,152,True,848.75,6.651959419250488,5 5 7 11 9 5 5 7 7 11 11 5 5 7 7 11 11 5 5 10 7 11 4 5 5 0 10 7 6 7 7 7 7 8 7 11 11 4 2 3 5 7 10 7 8 11 4 4 11 5 1 3 7 11 2 5 7 11 3 7 11 4 5 7 8 11 11 5 5 10 7 8 11 11 4 5 5 7 7 11 11 5 5 10 2 10 7 7 7 6 7 7 7 7 7 8 10 8 7 7 7 7 7 7 11 11 2 5 9 7 8 11 4 5 7 7 11 11 5 5 11 4 11 5 4 4 5 10 7 8 10 7 8 11 4 4 11 4 5 7 8 11 2 11 3 11 4 4 5 4 5 10 7 2 9 10 8 8 11 4 5 7 7 7 7 10 7 7 7 7 8 7 7 7 7 11 11 2 4 4 4 5 10 7 7 8 6 11 11 4 4 5 4 4 4 5 4 4 11 11 5 5 0 9 7 7 7 8 4 10 7 10 7 8 2 11 5 7 7 7 7 10 7 7 7 7 6 8 11 11 4 5 7 8 4 10 8 11 4 11 5 4 4 1 9 4 5 4 5 10 7 2 9 11 4 5 5 0 7 7 6 10 7 8 4 10 7 7 7 7 8 1 6 7 7 7 7 7 7 11 11 2 3 4 5 10 7 7 8 11 11 5 2 3 4 1 4 9 4 4 5 10 8 7 11 11 5 5 7 7 11 11 2 3 5 7 10 4 11 4 5 4 4 4 5 4 10 2 9 10 8 4 4 4 5 10 7 7 7 8 10 7 0 6 4 10 7 7 2 7 8 4 10 9 8 7 7 7 7 7 7 7 8 4 10 2 7 7 11 11 5 5 4 11 11 4 5 3 4 4 4 4 5 7 11 4 4 4 10 2 6 8 11 4 5 10 10 2 6 7 8 4 10 2 6 7 7 7 11 11 5 4 5 4 11 5 7 11 4 4 11 4 4 5 5 10 2 10 7 7 7 7 6 7 7 8 7 7 10 8 4 10 7 10 7 8 2 6 11 4 4 4 4 4 4 1 4 4 4 4 4 3 5 7 11 11 2 5 9 5 7 1 3 10 7 7 7 7 7 7 7 8 10 10 8 8 11 4 5 10 10 8 8 4 4 10 10 7 7 8 2 4 4 3 10 7 7 7 7 8 7 7 11 2 9 11 4 4 4 4 4 2 3 4 4 5 4 4 11 5 11 4 5 7 11 4 11 2 5 9 5 4 4 4 4 4 4 4 4 4 4 4 4 4 4 4 4 4 4 4 4 4 4 4 4 11 11 4 5 2 9 4 5 11 4 4 11 4 4 2 3 4 4 4 5 10 2 6 10 7 7 10 7 7 7 8 7 7 7 0 7 7 8 9 11 4 5 4 5 4 10 7 7 7 8 4 10 8 7 11 11 5 4 5 7 7 10 7 8 7 11 11 5 5 11 11 4 5 4 4 4 4 5 10 7 7 7 8 11 11 4 5 7 2 11 9 5 4 4 5 10 7 8 11 11 5 5 7 11 11 5 4 4 5 7 11 2 6 11 11 5 4 2 3 10 7 7 8 7 7 7 10 7 7 7 8 4 10 7 10 2 8 9 7 7 8 10 10 7 7 7 7 8 2 6 7 7 7 7 7 7 7 7 7 7 7 7 7 7 7 7 7 7 7 7 7 7 10 0 9 8 4 5 10 2 9 10 8 7 7 7 7 8 4 10 7 8 1 3 4 11 4 11 4 4 4 2 3 5 11 4 4 4 4 4 4 4 4 4 4 4 4 4 4 4 4 4 4 4 4 4 4 4 4 11 4 8 1 3 4 4 4 4 4 4 4 4 4 4 4 4 4 5 10 7 11 2 6 7 8 10 7 7 7 7 7 7 7 7 8 4 10 10 8 2 11 5 3 4 11 4 11 4 4 5 4 5 4 4 4 4 4 4 4 4 11 4 2 4 9 10 8 8 11 4 5 10 10 8 2 4 10 10 6 8 7 7 7 8 7 7 7 10 7 7 7 8 11 4 2 11 9 5 5 10 0 6 8 11 4 5 4 4 1 4 11 9 4 5 5 4 4 0 10 7 7 7 8 10 7 7 7 7 7 7 6 8 4 4 10 10 8 2 7 10 8 9 4 10 8 1 3 5 10 7 8 11 4 4 4 4 5 7 7 11 11 5 4 4 11 4 5 5 7 11 5 4 4 11 1 4 4 5 4 4 4 4 3 10 10 7 8 7 7 8 4 4 10 10 8 2 9 8 7 7 10 10 2 8 11 5 3 10 10 8 2 10 6 7 10 2 6 7 7 7 7 8 7 11 2 9 4 10 8 8 1 11 4 11 4 4 4 4 4 5 4 4 4 4 4 4 3 4 4 4 4 5 7 11 11 2 5
ppo_q50_b_fd_l4,1,qv18_1,18,153,True,883.75,6.74512791633606,5 5 7 11 3 7 11 2 5 7 11 3 7 11 5 2 7 11 9 5 5 7 7 11 2 11 4 9 5 7 8 11 11 5 5 0 10 7 6 7 8 11 5 4 10 10 7 7 7 8 7 8 7 11 11 2 5 10 8 11 4 11 4 3 4 4 4 5 5 7 7 11 11 4 4 5 7 8 11 11 5 5 7 7 11 11 5 5 7 7 11 4 2 10 9 8 8 11 2 11 4 7 4 4 10 7 7 6 8 8 4 10 7 7 7 8 7 7 7 7 7 7 7 7 7 10 7 11 4 2 5 7 11 4 3 5 7 7 11 11 5 4 5 4 4 4 4 4 4 4 4 4 10 0 6 8 11 4 5 10 10 8 8 7 0 7 6 7 10 0 7 7 7 7 6 8 11 11 2 5 7 11 3 4 5 7 11 4 4 11 4 4 5 5 11 2 11 4 3 7 11 5 4 5 10 2 6 4 10 7 8 4 4 10 10 8 7 8 10 10 2 8 11 5 7 11 9 5 4 5 4 10 0 7 7 7 7 7 7 7 7 8 6 11 11 5 5 7 10 7 7 2 10 9 8 8 11 4 10 2 8 6 11 11 2 3 4 4 4 5 4 10 7 11 5 4 4 4 5 0 7 10 7 7 7 8 7 6 10 7 8 7 11 11 2 3 4 4 4 4 5 11 4 4 4 4 4 11 4 5 4 5 10 2 4 4 4 3 4 10 10 2 8 9 8 7 7 10 8 4 10 7 10 2 6 8 11 4 4 4 4 5 0 9 8 4 10 7 7 7 11 2 5 7 7 7 7 7 7 7 7 7 10 8 9 11 4 4 4 4 4 5 4 5 10 7 7 7 7 7 8 11 4 1 4 4 3 4 5 4 10 7 11 4 4 4 5 5 10 2 7 4 7 4 3 7 10 7 7 7 7 7 7 7 8 11 11 2 4 5 7 10 7 8 7 10 9 7 8 4 5 10 7 7 7 7 8 11 4 11 5 4 4 4 4 4 4 5 7 11 2 11 4 3 7 11 4 4 5 7 8 11 4 4 4 11 2 4 5 3 7 10 7 8 4 4 10 10 8 7 7 7 8 4 0 7 6 4 10 7 7 8 10 7 7 7 7 10 7 2 8 4 3 7 11 5 7 11 11 4 4 5 4 4 5 4 4 4 4 4 4 4 10 0 6 8 11 4 5 4 11 4 5 4 4 4 4 4 4 4 4 4 4 4 4 4 4 4 4 4 4 4 4 4 11 11 4 4 4 4 4 2 4 5 11 4 3 5 7 7 11 11 5 4 4 4 4 4 4 5 10 7 0 7 8 7 6 10 7 7 7 8 10 7 7 7 7 7 7 8 11 4 11 2 4 4 4 4 4 4 5 9 4 4 5 10 8 11 4 4 4 11 4 5 5 7 7 11 11 5 4 5 10 8 7 11 11 5 2 9 7 8 11 4 10 8 7 8 7 7 7 7 7 7 7 7 10 7 7 7 7 7 7 8 4 10 10 2 7 8 4 4 4 4 4 4 11 9 4 5 4 4 4 4 5 7 11 2 4 4 4 4 4 4 3 11 4 11 4 5 4 4 4 5 7 10 8 7 7 7 7 7 7 10 7 2 9 7 7 8 10 10 8 8 11 4 5 10 10 7 8 8 7 7 7 7 10 10 7 7 8 2 11 4 4 5 4 3 4 4 4 4 11 4 4 4 4 4 11 5 4 5 10 2 7 7 7 7 11 9 8 7 7 7 8 7 7 7 7 10 10 7 7 8 2 11 4 3 5 10 7 10 7 2 6 8 7 7 7 7 7 7 7 7 7 7 7 7 10 10 7 7 7 7 7 7 7 7 8 7 8 7 0 9 7 8 4 10 7 7 7 7 7 7 8 4 11 5 11 11 2 5 7 11 4 4 4 5 9 10 8 7 7 8 11 4 4 4 5 11 4 4 4 4 4 4 4 4 4 4 4 5 4 11 4 4 4 4 11 4 4 4 4 4 4 4 4 2 3 4 4 4 5 4 11 11 4 4 4 5 0 7 7 8 9 7 8 10 10 2 8 7 6 11 4 11 4 4 4 4 4 4 5 4 4 4 4 4 4 5 0 6 11 5 4 4 11 1 3 10 8 2 4 10 8 4 10 6 4 10 8 2 7 7 6 10 8 7 7 7 7 7 11 2 4 10 9 8 8 7 11 4 2 9 10 8 8 4 10 2 6 11 4 11 4 4 4 4 5 4 4 5 11 5 11 11 4 4 5 2 3 4 4 4 4 4 4 4 4 4 11 4 11 2 3 5 10 7 8 11 11 5 4 4 4 4 5 4 4 4 4 4 4 4 4 1 9 4 4 4 4 5 7 11 4 4 11 2 5 4 4 4 4 4 3 11 5 10 7 10 7 7 2 7 7 7 7 7 6 7 7 7 7 7 7 8 11 4 4 5 10 2 10 9 8 8 7 7 7 7 7 7 7 7 7 7 7 7 7 0 7 7 10 7 7 7 7 7 7 7 7 7 7 7 7 8 4 4 10 10 8 6 7 8 7 10 7 10 7 7 7 7 2 7 7 7 7 8 7 7 7 7 7 7 10 7 10 7 7 7 7 7 7 7 7 7 7 8 8
ppo_q50_b_fd_l4,2,qv18_10,18,146,True,818.0,3.6436970233917236,5 5 7 11 9 5 5 7 7 11 11 5 5 7 7 11 1 9 5 5 7 7 11 11 5 5 7 7 11 11 4 5 7 8 11 11 5 5 10 7 8 11 11 4 5 5 7 7 11 11 5 5 10 0 8 4 9 7 7 7 7 8 1 4 4 4 4 10 9 8 8 4 4 10 0 8 4 10 7 6 4 10 7 8 7 8 1 4 11 3 5 0 10 7 7 6 4 10 7 8 4 0 7 8 9 8 11 11 5 5 10 2 10 8 6 11 11 4 4 4 4 4 5 4 4 4 5 0 7 9 7 8 7 11 11 5 5 0 10 7 7 7 7 7 6 8 11 11 2 3 4 5 7 7 7 11 4 11 4 4 4 4 5 5 7 7 11 11 4 4 5 5 10 7 11 5 2 9 7 7 8 4 10 7 7 7 8 1 4 3 7 11 4 4 4 4 10 2 6 8 11 4 5 10 10 7 2 8 7 9 7 7 7 7 7 8 4 10 7 8 7 7 7 7 10 7 11 2 5 9 7 8 11 1 4 3 5 7 7 11 11 2 3 4 4 5 7 11 5 7 11 4 4 4 4 4 4 10 8 2 9 4 5 4 4 4 4 4 4 10 7 10 8 2 4 10 7 6 10 0 6 8 8 4 4 10 0 7 7 7 8 10 7 7 7 7 6 8 11 11 2 5 4 3 11 4 1 9 5 4 5 10 8 7 11 11 4 5 5 10 2 10 8 9 8 7 7 7 7 10 7 10 2 8 11 4 3 5 7 7 11 11 5 5 10 7 11 5 4 5 11 11 4 5 4 5 7 7 11 2 4 10 9 8 7 8 1 4 9 4 4 5 7 11 11 2 4 5 10 6 8 4 4 10 10 2 6 7 7 7 7 7 7 7 8 7 11 1 4 4 3 4 4 4 4 4 4 4 4 5 11 2 3 10 7 10 2 6 7 7 7 8 11 4 4 5 4 10 10 7 7 8 7 0 7 7 7 7 7 7 7 7 8 7 7 6 7 11 11 5 4 4 4 4 4 5 7 11 11 2 3 4 5 4 11 2 4 11 9 5 7 8 11 4 5 7 7 11 11 4 2 4 3 5 10 10 8 7 7 7 7 10 8 8 11 4 5 10 10 8 7 7 10 7 7 8 8 11 2 11 3 5 10 10 2 8 4 3 4 4 4 11 4 5 7 7 11 11 4 4 4 2 5 4 4 3 10 10 8 7 7 8 4 10 7 7 7 7 7 7 8 10 10 8 7 0 8 10 8 6 11 11 5 4 5 10 7 7 8 11 11 4 4 5 4 4 4 4 5 7 11 2 6 4 11 4 4 4 4 4 5 1 11 4 5 3 10 10 8 8 4 4 10 10 8 7 7 8 1 3 4 10 10 8 7 7 8 7 7 7 7 7 7 10 7 10 2 6 7 8 11 4 4 5 4 4 11 4 4 4 11 5 4 5 7 1 4 9 11 5 2 3 10 10 2 7 6 8 10 7 8 4 10 10 7 8 8 4 4 10 10 2 6 8 10 10 2 8 4 3 4 4 4 4 4 4 4 4 11 4 4 11 5 2 10 7 7 8 11 9 4 5 5 4 4 11 4 5 7 11 2 4 3 4 10 10 2 6 7 7 8 4 10 8 4 10 7 7 10 7 7 7 2 7 6 8 1 11 5 4 4 9 4 5 7 11 11 5 4 4 4 5 4 10 2 10 6 7 7 7 7 8 4 10 10 7 8 2 4 10 7 8 4 10 9 8 8 4 10 2 6 10 10 8 7 7 8 4 0 9 5 4 4 11 4 4 11 5 4 5 7 11 11 2 3 5 7 11 4 4 4 11 2 3 5 7 11 4 4 4 5 10 7 8 7 11 11 2 3 4 5 10 7 7 7 7 7 10 8 4 4 5 10 8 4 10 10 7 2 6 7 8 7 7 7 10 7 8 1 4 4 4 3 11 4 5 7 11 11 5 4 4 5 0 6 4 10 8 10 7 7 10 7 7 7 7 7 7 8 7 8 7 11 2 6 11 11 2 3 4 5 7 11 11 2 5 3 4 4 4 4 4 4 11 4 4 4 5 7 11 11 5 5 10 2 3 10 10 2 7 7 6 8 4 4 10 10 2 6 8 4 4 10 10 2 7 7 7 6 8
ppo_q50_b_fd_l4,3,qv18_11,18,155,True,875.0,3.96128249168396,5 5 7 11 3 7 11 2 5 7 11 3 7 11 5 2 10 6 8 11 11 4 5 5 10 2 10 6 11 4 4 5 5 7 7 11 11 5 5 10 2 10 6 7 7 7 7 7 7 7 7 7 11 5 2 10 8 7 9 4 11 4 4 4 4 5 7 7 8 11 2 3 7 11 11 4 5 5 7 11 11 4 4 5 5 10 7 8 4 10 8 11 4 11 4 5 5 7 7 11 11 7 8 8 11 2 9 7 8 1 4 11 9 4 5 5 0 10 9 8 4 5 7 10 7 7 7 8 7 7 7 0 6 11 4 4 4 4 11 4 2 4 3 5 0 9 10 2 7 7 8 4 10 9 7 8 4 4 4 4 5 7 11 2 4 4 4 3 4 10 10 7 7 8 7 7 7 8 4 10 2 10 6 4 10 8 7 7 7 7 8 11 4 2 9 4 4 5 11 4 4 4 5 4 4 4 4 4 10 7 10 7 2 8 10 7 7 6 7 7 7 8 4 10 2 7 7 7 6 7 11 11 5 5 7 11 4 4 2 9 5 7 11 4 4 4 4 4 4 1 4 4 3 10 7 2 6 8 4 4 10 10 2 8 9 4 5 10 7 7 7 7 7 10 7 7 8 8 1 9 11 5 5 7 11 5 7 11 4 11 4 5 2 11 4 4 5 7 11 9 5 4 4 5 1 9 8 10 7 7 7 7 7 8 7 7 7 7 7 7 7 7 11 4 5 0 7 6 7 7 0 7 6 7 11 11 2 3 5 10 7 8 11 11 4 4 5 1 4 3 5 10 10 2 8 7 10 6 8 11 11 4 2 3 4 5 7 1 9 8 7 11 11 5 4 5 7 11 11 5 4 5 10 2 9 7 11 4 5 7 8 11 2 11 11 5 5 3 7 7 7 7 7 7 7 10 7 8 4 10 8 4 10 10 2 6 8 11 11 4 4 4 5 5 10 7 8 11 11 4 5 2 10 6 8 11 11 4 5 2 9 5 10 10 7 7 7 8 7 7 7 8 10 7 7 7 7 8 7 7 7 11 11 2 5 11 3 5 7 7 11 11 2 5 7 11 3 4 11 4 4 5 2 11 9 4 4 5 0 6 7 7 7 7 8 11 2 3 11 4 4 4 4 5 4 4 4 4 10 10 8 7 2 9 7 8 4 4 10 7 10 8 8 4 4 10 10 8 10 8 7 8 10 8 1 7 7 7 7 7 7 6 7 11 11 5 1 3 5 7 7 11 11 4 5 2 7 11 5 7 11 11 5 4 5 7 7 11 4 11 4 5 5 10 7 7 8 9 7 4 10 7 7 7 8 7 7 7 8 7 10 2 7 6 7 11 11 4 4 4 4 4 5 5 0 9 5 7 11 11 5 4 5 10 7 7 8 11 4 4 4 4 4 4 4 4 11 5 5 11 4 5 4 10 0 9 5 7 8 4 4 10 10 2 6 7 7 7 7 7 7 7 7 8 10 10 2 6 7 7 8 4 10 10 7 7 2 6 8 11 11 4 5 4 4 4 4 4 4 4 4 4 4 5 10 7 2 9 8 10 7 7 10 8 2 11 4 4 3 5 11 11 4 4 5 7 7 8 11 4 4 4 4 4 1 4 4 5 9 7 8 4 10 7 7 7 0 7 7 7 7 7 6 7 7 7 7 7 7 7 7 7 7 7 8 7 7 11 4 11 2 5 10 8 6 11 11 4 5 1 3 5 10 7 8 11 11 5 4 4 5 4 4 4 1 3 4 4 4 4 4 11 4 4 5 4 10 10 8 8 4 4 10 0 8 4 10 9 8 8 10 10 8 7 8 10 10 8 7 8 11 4 4 5 10 2 10 10 8 7 7 7 8 7 6 11 11 4 4 4 4 4 4 4 4 5 4 4 4 5 7 11 4 4 2 9 11 4 5 5 0 9 7 8 4 10 8 4 10 10 8 8 7 7 7 0 7 7 6 7 10 7 8 11 4 5 11 4 10 2 8 10 10 8 7 8 4 10 7 8 7 6 7 11 11 4 4 2 5 4 4 4 4 4 11 4 4 3 7 11 5 2 9 7 8 11 4 4 4 4 4 4 5 7 11 4 4 11 5 5 0 9 7 11 5 5 4 4 4 4 4 4 4 4 4 4 4 4 4 4 4 4 4 4 4 4 4 11 4 5 7 7 11 11 2 5 3 11 11 2 5 4 9 11 4 4 4 5 4 4 4 4 4 4 4 4 4 4 5 0 9 5 10 7 7 10 7 7 7 7 7 7 8 7 8 11 2 4 4 3 10 10 7 2 7 6 8 11 11 5 7 7 7 8 10 7 7 7 7 10 2 7 7 8 10 7 7 7 7 7 7 7 7 7 7 10 7 7 7 7 7 7 7 7 7 7 7 8 7 7 8
ppo_q50_b_fd_l4,4,qv18_12,18,149,True,820.75,3.317204713821411,5 5 7 11 3 7 11 2 5 7 11 9 4 5 7 8 11 11 5 5 10 7 8 11 11 4 5 5 0 10 7 7 7 6 8 11 7 7 8 7 11 11 4 4 4 4 4 5 5 10 7 7 8 11 4 1 4 3 7 11 4 5 7 8 11 11 5 5 10 7 8 11 11 4 5 5 7 7 11 11 5 5 10 7 8 11 11 5 2 10 8 6 4 4 10 7 7 7 7 7 7 8 4 10 7 7 7 7 10 8 2 6 11 4 5 7 7 11 11 4 4 5 4 4 5 10 7 7 7 8 4 10 8 11 4 11 5 7 1 4 3 4 5 4 4 11 4 4 4 10 2 8 4 10 6 8 4 4 10 10 8 8 10 8 1 4 11 4 3 4 4 5 11 2 4 4 10 10 7 7 6 7 7 7 7 8 7 7 7 8 11 2 9 5 7 11 1 9 5 4 5 4 1 3 10 7 7 7 7 0 9 7 7 7 7 8 7 7 7 7 7 8 7 11 2 11 3 7 11 4 4 4 4 4 4 5 2 9 4 5 7 11 4 4 10 8 4 2 3 4 1 9 5 4 11 11 4 2 3 5 10 10 8 7 7 8 7 11 2 9 4 5 10 10 8 8 11 4 10 7 7 7 7 8 7 7 7 7 8 11 2 9 11 5 4 5 4 4 4 4 0 10 7 7 7 10 7 7 7 6 7 8 7 7 8 7 11 1 3 5 1 3 4 10 10 2 8 10 10 8 8 9 4 4 5 7 11 4 11 4 5 4 4 4 5 4 11 11 4 5 5 7 7 11 11 5 4 5 7 11 4 1 4 3 10 7 8 8 7 7 10 7 7 7 8 7 7 11 4 11 5 2 10 7 8 9 8 11 11 4 5 4 4 5 10 7 7 7 8 11 11 2 6 4 4 4 5 4 4 11 2 4 3 10 10 8 8 4 4 10 10 2 6 7 7 8 7 7 7 7 10 0 7 6 7 8 11 1 4 4 5 9 5 10 10 8 7 7 7 8 11 2 4 4 11 4 3 4 5 4 4 1 4 4 4 11 3 5 10 10 7 7 7 7 8 7 8 10 2 7 10 10 6 8 7 7 8 4 10 8 10 7 11 5 2 11 9 5 4 5 10 8 1 3 4 4 4 4 4 4 11 4 4 11 2 5 9 7 8 4 1 11 4 3 4 5 7 11 2 4 3 4 4 4 4 4 4 4 4 4 11 4 4 4 4 4 4 4 11 4 4 4 4 4 4 4 2 4 5 4 4 11 3 4 11 4 4 2 4 3 5 7 10 8 11 4 11 5 5 11 11 5 7 2 7 6 7 10 7 8 7 7 7 7 10 7 8 1 11 4 4 4 5 4 4 4 3 1 4 4 11 9 5 5 7 11 11 4 5 7 8 11 2 4 3 10 10 2 7 6 7 7 7 8 10 2 6 10 8 10 7 10 7 2 8 11 4 4 4 3 4 4 4 4 4 4 4 5 0 7 7 7 6 10 8 7 10 7 8 4 10 10 7 8 8 4 4 10 10 8 8 11 2 9 11 4 4 5 7 7 7 7 8 11 2 4 4 4 11 3 4 4 4 4 4 4 4 4 4 11 5 4 4 5 4 4 4 10 2 10 6 10 2 6 7 7 8 4 4 10 10 2 8 10 9 7 8 7 7 7 8 4 10 7 2 10 6 11 2 4 3 4 4 4 4 4 4 5 4 10 7 7 2 7 10 10 8 6 7 7 7 8 1 3 4 4 4 1 4 6 11 4 4 4 4 4 5 7 7 7 10 2 10 6 4 10 8 8 11 2 11 4 5 3 10 10 8 8 11 4 5 10 10 7 8 2 10 10 6 7 7 7 8 8 4 11 5 7 11 4 4 10 2 6 8 11 4 10 2 6 8 10 7 7 2 7 7 7 7 7 7 7 10 7 7 7 7 7 7 7 7 8 7 7 7 7 7 7 7 10 6 8 10 7 7 10 2 6 7 8 10 7 7 7 7 10 2 6 7 7 8 1 11 4 4 5 10 7 8 6 11 11 4 2 3 4 4 4 4 5 4 4 10 7 11 5 4 4 4 5 10 7 8 11 11 2 3 4 4 4 5 10 7 7 8 11 11 2 4 5 4 4 4 4 11 4 4 4 4 4 11 4 4 4 4 5 5 4 4 4 4 4 4 4 11 4 9 5 4 4 5 7 11 5 0 6 10 7 7 7 8 11 11 4 4 5 4 4 4 4 4 4 5 7 7 11 11 2 4 4 4 4 5 9 7 7 8 4 4 10 10 7 7 7 7 2 7 8 4 4 10 10 8 8
ppo_q50_b_fd_l4,5,qv18_13,18,155,True,874.0,3.1122186183929443,5 5 7 11 3 7 11 5 2 7 6 4 10 8 7 11 1 4 11 4 5 7 8 11 11 5 5 7 7 11 9 4 5 5 7 7 11 11 5 5 7 10 8 11 4 11 5 5 10 2 7 11 9 4 5 5 7 7 11 11 5 5 0 10 8 4 10 7 7 7 7 6 8 11 4 10 7 2 8 10 9 7 7 8 7 7 8 1 9 4 5 7 11 4 4 4 4 4 5 7 7 11 11 4 5 5 7 7 11 11 4 2 4 5 9 10 8 8 1 11 4 3 5 10 10 7 8 7 7 7 7 7 7 8 4 10 7 7 7 11 5 5 10 0 7 6 7 7 8 7 11 2 11 4 9 5 4 4 5 10 7 7 7 8 11 11 4 4 5 5 7 1 4 4 4 4 4 4 4 11 3 4 5 4 10 10 8 7 8 4 10 7 7 7 7 8 4 10 7 7 7 7 7 0 7 7 8 6 11 11 5 2 9 7 11 5 5 10 7 8 11 11 4 4 4 4 5 5 7 7 11 11 4 5 5 10 2 9 7 11 5 4 4 5 4 0 9 10 8 8 11 4 4 4 4 5 10 10 8 4 4 5 10 7 7 7 10 7 7 8 7 8 7 7 0 7 7 7 7 7 6 7 7 1 11 11 4 4 4 5 3 4 4 4 4 5 4 11 5 10 8 4 4 4 4 11 4 5 4 4 4 10 10 8 2 7 9 7 7 8 4 10 8 7 7 0 9 10 7 8 8 4 4 10 10 8 7 0 6 8 11 4 5 4 11 5 7 11 4 11 2 4 5 9 7 8 11 11 4 4 4 5 2 4 4 11 4 3 5 11 4 4 4 4 4 4 4 4 4 4 4 4 4 4 4 4 4 4 4 4 4 4 4 11 4 4 5 7 8 11 2 11 3 7 11 4 5 2 4 11 4 3 5 7 7 11 11 2 5 9 5 7 11 4 4 1 3 4 11 4 5 7 2 9 8 4 4 10 7 7 7 7 7 7 8 4 10 7 10 7 7 7 7 7 7 8 2 9 8 4 10 7 7 10 8 2 7 7 7 7 7 7 7 7 7 7 9 7 7 7 7 7 7 7 7 7 7 7 10 7 8 7 7 10 8 8 4 10 7 7 0 7 7 6 7 7 7 7 7 7 8 11 4 5 10 7 7 7 7 10 7 7 8 2 9 4 5 7 7 11 4 5 4 4 11 4 4 4 4 4 4 4 4 4 1 9 5 5 4 4 4 4 4 11 11 4 5 2 7 10 7 8 10 6 10 8 7 7 2 10 9 8 8 1 9 8 4 10 10 8 8 4 4 10 10 8 2 11 4 5 4 4 4 4 4 4 4 4 4 4 9 11 5 5 0 10 8 6 10 7 7 10 0 6 7 7 2 7 7 7 6 8 1 11 4 4 4 5 11 4 5 4 11 3 5 11 11 5 5 4 4 4 4 4 4 4 4 4 4 4 4 4 4 4 4 4 11 4 4 4 11 4 5 5 4 1 9 5 7 11 11 5 5 1 9 4 5 7 11 4 4 4 10 8 2 9 4 10 2 6 8 4 4 10 10 7 8 2 10 7 8 9 11 4 5 4 4 4 4 5 4 4 4 4 11 2 4 10 7 6 10 8 7 7 7 7 8 10 2 10 7 8 4 10 9 8 8 10 7 7 7 7 7 7 7 8 11 2 11 11 4 3 4 4 4 5 4 4 4 4 4 4 4 5 10 7 7 7 7 8 11 11 4 5 4 4 4 4 5 10 2 10 9 8 7 7 7 8 11 2 11 4 3 11 4 5 4 4 4 4 4 4 5 4 0 9 7 7 8 7 7 7 10 7 11 2 6 8 7 10 7 7 8 7 7 7 7 7 7 7 7 10 10 2 8 7 6 7 11 11 2 4 4 4 5 10 8 11 9 5 4 4 4 4 4 1 3 4 4 5 10 7 7 7 8 11 11 2 3 4 4 4 5 4 11 4 5 7 11 4 11 5 4 5 7 0 9 7 7 8 11 4 4 4 4 11 5 4 5 7 7 10 8 11 4 4 11 5 2 10 7 7 6 7 7 8 10 7 7 7 10 8 1 3 4 5 10 7 2 10 9 8 8 7 7 7 7 7 7 7 7 7 7 7 7 1 11 4 4 4 4 3 4 11 4 4 4 4 4 4 4 5 5 4 11 2 4 3 10 10 7 8 7 7 8 7 10 7 7 10 8 2 9 8 10 10 8 1 3 4 4 4 5 11 2 11 9 5 5 4 4 1 11 4 4 5 11 11 5 3 4 4 4 4 4 4 4 4 4 4 4 4 4 4 4 4 4 4 5 7 7 11 11 2 4 5 10 8 9 8 11 11 5 4 5 11 4 4 4 4 4 5 1 9 5 11 11 4 2 3 4 4 4 4 1 4 3 4 5 4 10 10 8 7 7 8 7 7 7 7 7 7 7 7 10 8 7 11 4 5 10 10 8 7 7 10 8 7 8 7 10 10 7 2 8 6 11 11 5 4 5 11 11 5 2 7 11 4 5 10 10 8 7 7 7 8
ppo_q50_b_fd_l4,6,qv18_14,18,154,True,858.25,6.801402807235718,5 5 7 7 11 11 5 5 7 11 9 5 5 10 7 8 11 11 4 5 5 10 7 8 11 7 7 8 7 11 11 4 4 1 4 5 5 9 7 7 8 11 11 4 5 5 7 7 7 11 1 11 5 5 9 7 7 8 11 11 4 5 5 7 7 11 11 5 5 7 0 9 8 4 10 7 7 8 4 4 10 10 7 7 8 4 5 10 7 7 8 1 3 7 11 11 2 3 5 0 9 7 8 4 4 10 10 8 2 4 10 9 8 8 11 4 0 7 7 7 6 7 8 11 4 11 4 5 5 7 7 11 11 4 2 4 4 3 4 4 5 4 4 4 4 11 2 4 10 7 10 8 7 8 10 6 8 11 11 5 7 8 7 7 4 10 7 7 7 7 7 7 7 7 7 8 7 11 11 2 4 5 7 11 4 3 7 11 5 7 7 8 11 5 7 11 11 4 4 2 3 4 4 4 4 4 4 5 10 7 7 7 8 4 4 10 2 10 6 7 7 7 7 8 7 7 7 7 7 7 7 7 11 11 5 4 5 7 1 9 5 7 11 4 4 11 5 4 4 4 4 4 4 4 4 5 10 2 9 7 11 5 1 4 5 9 5 10 10 8 8 10 7 10 8 7 7 7 7 7 7 7 7 8 11 2 7 7 6 4 10 7 7 8 11 11 2 5 3 4 4 4 4 11 5 11 4 4 4 1 3 5 10 10 2 8 4 10 7 9 7 8 7 7 8 4 10 7 7 7 8 10 7 8 7 7 7 7 11 11 2 3 5 10 7 8 11 11 4 4 4 4 1 3 5 4 4 1 4 4 4 5 4 9 5 4 4 11 11 5 2 3 10 10 7 7 7 7 7 7 7 7 7 7 8 4 5 10 2 10 9 8 8 10 7 8 11 1 3 4 4 4 4 4 4 4 4 11 4 5 2 9 5 0 10 6 7 7 7 10 7 8 2 4 10 8 7 7 9 10 8 8 7 7 7 1 11 3 4 4 5 11 11 4 5 4 4 4 5 7 7 11 11 5 4 4 4 5 0 9 7 8 10 10 2 8 11 4 5 9 11 5 4 5 10 7 7 11 5 4 5 0 7 10 8 7 10 9 8 4 5 10 10 7 8 8 10 10 7 2 8 11 4 4 3 4 1 4 5 4 4 11 9 5 5 4 4 4 4 4 4 4 4 4 4 4 4 4 4 4 4 4 4 4 4 4 4 4 1 9 4 11 5 4 4 4 4 5 4 4 4 4 4 4 11 4 2 4 9 11 5 5 11 4 5 4 11 11 5 2 10 7 7 7 10 8 6 7 7 8 1 11 4 4 4 5 3 10 10 7 0 7 6 8 10 8 8 11 4 5 10 10 7 8 4 5 10 2 7 6 7 7 10 10 7 8 8 4 4 0 10 6 7 7 8 4 4 10 2 7 11 9 5 5 4 4 4 4 4 4 4 4 11 4 5 4 4 4 11 4 5 0 9 10 8 4 4 5 4 10 2 7 7 10 10 8 6 7 7 7 7 7 7 7 7 7 7 7 7 7 8 4 10 10 8 2 9 4 4 5 11 11 4 5 5 11 4 5 11 4 4 4 4 4 4 4 5 7 11 4 4 10 2 8 9 7 8 11 5 7 11 11 4 5 4 5 0 6 7 11 11 2 4 4 5 3 10 7 7 7 8 7 7 7 7 7 7 10 7 10 8 2 9 7 7 7 8 11 4 4 4 4 4 4 5 7 11 11 4 4 4 4 2 4 4 3 5 0 7 10 8 9 7 7 7 7 7 7 7 8 10 10 8 7 7 8 7 10 10 8 4 5 10 2 7 7 10 6 11 2 4 3 4 4 5 4 11 2 9 5 11 4 4 4 4 4 5 0 10 7 9 8 7 7 8 7 7 7 7 7 7 10 7 8 7 7 11 2 11 11 5 5 11 3 11 4 5 4 4 4 4 4 4 4 4 4 5 4 4 4 11 5 10 8 11 4 11 5 4 5 10 7 11 2 5 10 6 7 8 4 4 10 10 8 7 8 4 10 7 8 4 10 10 7 8 2 9 4 5 7 7 11 11 4 4 5 5 0 7 7 6 7 7 7 10 7 7 7 7 7 7 7 8 1 4 4 4 4 11 3 11 5 4 5 7 7 7 11 5 4 10 7 11 2 3 4 4 5 4 4 4 11 4 4 4 5 0 9 5 10 10 7 8 8 4 4 10 10 8 8 10 7 7 8 11 4 10 8 7 8 7 7 7 7 7 7 7 7 7 7 7 10 7 8 4 4 10 10 2 7 8 9 4 5 7 7 11 11 4 2 4 5 7 11 3 11 2 5 11 4 11 4 3 4 5 5 11 11 4 4 4 5 4 1 4 3 5 7 7 11 4 4 5 4 10 10 8 2 4 10 10 6 8 8 10 10 7 2 8
ppo_q50_b_fd_l4,7,qv18_15,18,156,True,866.75,3.705418348312378,5 5 7 7 11 11 5 5 7 7 11 11 5 5 7 11 3 7 11 5 2 7 11 9 5 5 10 2 7 11 3 7 11 4 5 7 8 11 2 11 9 4 5 7 8 11 1 9 5 5 7 7 11 11 5 5 0 9 7 8 4 4 10 10 7 7 7 7 2 6 7 7 8 7 7 0 9 8 7 7 7 7 7 11 11 2 3 5 10 7 8 11 11 4 4 4 5 5 7 7 11 2 11 3 11 2 4 4 4 4 5 10 7 7 6 8 4 10 7 7 8 4 10 7 10 8 2 9 8 11 4 5 10 10 8 7 8 4 10 7 7 7 7 7 7 7 7 7 7 7 7 7 7 7 7 7 7 7 7 7 7 7 10 7 7 7 7 7 7 0 8 7 6 8 11 4 5 11 5 10 7 10 0 6 8 8 11 4 10 7 2 8 9 4 5 10 7 7 10 7 2 8 9 7 8 4 10 7 7 7 10 2 8 7 7 3 7 7 7 7 7 7 7 7 7 7 7 7 7 7 7 7 7 7 7 7 7 7 10 8 10 10 7 7 7 7 7 8 7 8 7 7 7 7 0 9 7 8 10 10 2 6 8 4 4 4 4 11 4 4 4 4 5 11 4 5 10 10 8 7 8 11 1 4 5 3 4 4 4 4 4 11 4 5 7 11 11 5 2 9 7 7 7 7 8 10 10 7 8 7 7 7 7 7 7 10 8 7 8 11 4 4 5 10 0 9 8 8 7 7 10 7 8 4 4 10 10 8 7 7 8 11 1 3 10 8 2 9 8 11 11 5 4 5 10 7 7 8 7 7 7 7 7 7 7 7 7 7 7 7 7 7 7 7 7 7 7 7 10 7 7 10 7 2 6 8 10 8 7 7 7 11 4 5 10 10 8 7 7 7 0 9 8 7 8 7 10 10 7 8 8 11 1 3 5 7 11 4 4 11 2 5 10 7 8 4 10 9 7 7 7 7 8 8 4 10 7 2 7 7 7 6 11 11 4 4 5 4 4 5 7 11 11 2 5 10 8 7 7 7 7 7 10 7 8 7 7 11 11 4 5 5 11 11 3 4 4 4 5 4 5 4 4 11 4 1 4 4 4 5 3 11 4 4 4 4 4 4 11 2 5 10 8 4 10 10 6 8 7 7 8 7 10 2 7 10 10 7 8 8 4 10 6 4 10 8 7 7 8 11 4 4 2 11 4 5 10 9 8 8 4 10 2 7 10 9 8 4 4 5 10 7 7 7 7 8 1 4 4 4 4 3 4 4 4 4 11 4 4 11 5 2 9 5 0 10 7 9 8 7 7 7 7 7 8 7 1 11 11 3 4 5 5 10 7 7 7 8 11 4 4 11 2 3 4 4 4 5 4 4 4 11 4 5 7 7 11 11 2 5 3 10 7 8 4 4 10 10 2 8 6 7 7 7 10 7 8 10 2 10 8 10 10 6 7 8 8 10 7 10 2 6 7 7 8 7 10 10 7 2 8 6 4 4 4 4 4 4 4 4 4 4 4 1 3 4 4 4 11 4 4 4 5 7 7 11 4 4 4 4 4 1 4 4 4 4 5 4 3 10 7 7 7 7 10 7 8 8 4 4 10 10 8 7 8 10 7 7 7 8 1 4 3 7 11 4 4 4 4 4 5 10 7 10 7 2 6 8 11 4 4 5 10 10 7 7 7 8 7 7 7 7 7 7 7 7 7 10 7 8 2 9 7 8 7 7 10 7 7 10 7 7 7 7 7 7 7 7 7 7 7 7 7 7 2 6 8 7 7 7 11 2 9 4 10 8 7 7 7 8 4 10 10 2 8 4 10 7 10 7 6 7 7 8 7 7 7 8 11 4 4 4 1 5 11 4 3 4 4 4 4 4 5 4 10 2 7 11 9 5 5 10 2 9 10 7 2 7 7 7 7 8 10 10 8 7 8 10 7 10 8 8 7 7 7 10 7 8 11 9 4 5 5 11 4 4 11 5 2 4 4 4 4 4 4 4 11 5 9 10 7 7 7 7 7 7 8 7 7 8 10 10 8 7 7 7 7 7 7 7 8 10 7 11 5 4 4 4 4 4 4 4 4 4 4 5 10 2 6 7 10 10 7 8 7 7 7 7 7 7 8 7 7 7 7 7 7 7 7 7 7 7 7 7 7 7 10 7 7 7 8 11 11 2 5 9 7 8 4 4 10 10 7 2 8 4 10 9 8 7 7 7 7 8 11 5 10 8 7 7 7 7 7 7 7 7 10 7 7 1 9 4 5 7 8 11 4 2 4 4 4 4 9 4 11 4 4 4 4 5 4 4 4 4 5 7 11 4 4 4 10 8 4 2 10 7 6 4 10 8 7 7 7 7 7 7 8 7 7 10 7 7 7 7 10 8 2 4 10 9 8 7 7 8 10 2 7 7 10 7 10 7 6 7 7 7 7 7 7 7 7 7 7 7 7 7 7 7 7 8 8 7 7 7 10 7 7 8 7 11 11 5 2 10 7 8 9 7 7 7 8 11 4 11 5 2 11 9 5 5 11 5 0 6 10 0 6 7 8 4 10 10 7 8 8 10 7 10 7 8 8 10 7 7 10 2 8 11 4 3 11 4 4 4 4 4 4 4 4 2 4 3 4 4 4 4 5 10 2 7 7 11 11 5 5 7 11 11 5 4 5
ppo_q50_b_fd_l4,8,qv18_16,18,157,True,878.5,2.2059571743011475,5 5 7 7 11 11 5 5 7 11 9 5 5 10 7 8 11 11 4 5 5 7 7 11 11 5 5 7 7 11 11 5 5 7 10 8 11 4 11 4 4 5 5 7 7 11 11 5 5 10 2 10 9 8 4 4 5 10 8 4 10 10 7 8 8 11 4 5 10 10 8 7 7 7 7 8 4 10 7 7 7 7 7 11 2 5 7 6 11 11 4 5 5 10 7 8 11 11 2 5 9 7 11 4 5 4 5 7 11 4 4 5 0 9 10 7 8 4 5 10 10 8 7 8 4 4 10 7 8 11 11 5 4 5 10 7 7 8 4 4 10 10 2 7 8 11 4 4 4 4 5 7 9 11 4 4 5 4 4 5 4 4 4 0 10 6 10 7 2 8 7 6 7 7 0 9 7 7 7 7 8 4 10 7 7 7 7 7 11 4 5 2 7 11 4 4 3 5 7 7 11 11 5 2 10 8 6 11 11 5 4 5 7 1 4 4 3 4 10 10 7 2 6 7 7 7 7 7 8 4 10 7 7 7 8 7 11 11 2 5 9 5 10 7 8 11 4 7 4 7 4 4 5 4 4 4 1 4 9 4 4 4 4 5 11 11 5 2 9 5 11 4 5 10 8 7 7 7 7 7 7 7 7 0 9 7 7 7 8 1 4 4 4 4 4 3 11 4 5 4 10 10 7 7 0 8 6 8 11 4 4 5 10 10 7 7 7 8 2 11 5 9 10 7 8 7 8 4 10 0 8 10 8 11 9 5 4 4 4 4 4 4 5 7 11 4 4 5 7 7 11 11 5 5 7 7 11 11 5 2 10 7 8 4 10 7 7 6 4 10 7 8 7 7 8 4 10 2 7 9 7 11 5 4 5 11 2 4 4 4 4 4 4 4 9 4 5 7 1 4 11 3 4 5 4 4 4 4 4 4 4 4 4 4 4 4 4 4 4 4 4 4 4 4 4 4 4 4 4 4 11 11 5 2 3 11 4 4 5 1 9 8 11 4 11 5 2 4 4 4 4 4 3 7 11 4 4 8 1 3 4 10 10 8 8 11 4 2 3 10 10 7 8 8 4 11 2 3 10 7 10 7 8 7 7 7 7 7 8 1 4 4 11 4 4 4 5 7 11 4 4 4 4 5 3 10 10 8 8 4 4 10 10 8 2 4 10 7 7 10 8 7 7 7 6 7 7 10 7 8 7 7 7 8 4 4 4 11 4 5 10 10 8 2 9 4 5 10 7 7 8 11 11 4 4 5 5 10 7 8 11 4 4 4 4 11 2 5 7 11 4 5 11 5 9 10 8 4 4 4 5 10 2 6 4 10 7 10 7 2 6 7 8 1 4 11 4 4 3 4 4 4 5 7 11 4 4 4 4 10 8 2 4 3 4 10 10 7 7 8 8 7 7 7 10 7 7 7 7 7 7 7 7 7 7 7 8 11 2 11 3 11 5 1 3 5 10 7 8 11 11 2 4 5 10 8 4 10 6 8 7 1 11 4 4 9 5 4 4 4 4 4 4 5 4 4 10 7 11 5 5 7 11 4 5 10 10 2 8 11 5 3 10 10 8 2 10 6 10 8 7 7 8 0 9 7 7 8 7 11 2 11 11 5 5 11 9 4 5 7 8 11 2 4 4 4 4 3 10 7 7 10 7 8 7 7 7 7 7 7 7 7 8 10 2 7 7 6 7 11 11 5 4 4 11 5 2 9 5 4 4 4 4 4 10 7 8 4 4 4 4 4 11 4 4 11 5 4 5 7 7 11 11 2 4 5 10 6 7 7 7 8 4 4 10 10 7 8 8 4 10 10 8 8 10 10 7 8 7 7 8 11 4 4 4 5 10 2 7 7 7 7 7 6 10 7 8 7 11 11 5 5 7 11 11 2 3 5 4 4 4 4 4 4 4 10 8 11 4 4 4 5 7 11 11 2 5 4 9 5 0 9 7 7 8 4 4 10 10 7 8 10 7 7 8 8 1 9 4 5 7 7 11 11 5 5 1 4 4 4 4 4 3 4 11 5 4 10 0 8 9 11 5 5 10 7 8 4 4 10 10 8 7 8 11 4 10 8 7 7 7 8 7 10 10 2 8 7 6 7 7 7 7 10 7 7 0 8 6 11 11 5 5 7 7 11 11 2 3 5 4 4 4 4 11 4 4 4 5 7 11 5 4 10 7 11 5 4 4 5 7 11 11 5 2 11 4 5 3 4 10 10 7 2 7 6 7 8 11 4 4 5 10 10 7 8 7 7 8 7 7 7 7 0 7 7 7 7 7 7 7 9 7 8 1 11 11 4 4 4 4 4 5 3 4 4 4 4 4 4 5 7 11 2 4 4 10 10 8 8 10 10 7 7 8 7 7 8 7 10 7 10 7 7 6 8 8 4 4 10 10 2 8
ppo_q50_b_fd_l4,9,qv18_17,18,156,True,874.75,3.694293737411499,5 5 7 11 9 5 5 7 7 11 11 4 5 7 8 7 7 7 7 11 4 5 7 11 4 11 4 5 5 10 7 7 7 8 11 5 7 11 11 1 3 4 5 7 8 11 2 9 11 4 4 4 4 5 5 7 7 11 11 5 5 0 10 9 8 4 5 10 10 7 8 8 11 4 5 10 10 2 6 7 7 7 8 0 7 7 9 7 8 7 7 7 7 7 11 11 5 5 7 1 4 11 4 4 3 7 11 5 2 10 8 9 8 11 4 10 7 2 8 4 10 9 7 8 8 7 11 1 11 3 4 4 4 4 4 2 5 7 10 7 7 7 7 7 8 9 8 4 4 10 10 7 8 4 5 10 2 10 6 11 5 4 4 5 7 11 11 4 4 4 5 4 11 5 5 10 7 8 4 10 8 7 11 11 2 5 9 11 5 4 4 4 5 10 7 8 0 7 7 10 7 6 8 7 7 7 7 7 7 7 7 7 11 4 11 2 5 10 8 9 4 10 7 8 4 5 7 7 7 11 2 11 11 4 3 4 4 4 5 5 1 9 4 4 5 7 7 7 11 4 11 2 5 11 3 11 4 4 5 5 0 9 7 8 11 4 5 10 10 2 7 8 11 5 10 9 8 8 7 7 10 7 8 11 4 5 4 4 10 7 10 8 8 7 7 10 7 7 7 7 7 11 5 2 10 6 8 1 4 4 4 4 11 4 9 5 5 11 1 9 5 7 8 11 11 5 4 4 1 4 5 10 9 8 4 4 5 7 7 10 8 10 7 7 7 7 7 7 10 2 7 7 8 9 4 5 10 7 7 7 10 8 7 7 8 11 2 3 4 11 4 4 4 11 4 5 0 7 6 8 11 1 9 5 4 4 4 4 5 4 11 4 4 11 5 5 10 2 9 10 7 8 8 11 2 4 10 6 7 7 10 7 7 8 8 1 4 11 4 4 4 4 4 3 4 5 7 11 2 3 4 10 10 8 7 7 7 8 4 4 10 10 7 7 8 7 7 7 7 7 7 8 11 4 2 3 11 4 4 5 10 10 8 2 4 10 7 10 8 6 7 7 8 4 10 10 8 2 9 4 5 7 4 7 4 7 11 5 4 4 4 4 10 7 11 5 5 4 4 4 4 1 9 4 4 5 4 1 3 4 10 10 8 8 11 4 5 10 10 7 7 8 7 8 4 10 8 7 7 7 10 10 8 2 4 10 9 8 8 0 6 11 4 4 4 4 5 7 7 7 11 4 11 4 2 5 9 5 10 7 8 11 11 4 5 2 9 11 5 5 11 4 4 4 4 4 5 7 11 4 4 10 8 2 9 4 5 7 10 7 7 7 8 4 10 7 10 8 7 7 7 0 8 4 10 7 7 7 6 11 4 5 4 4 5 7 11 4 4 10 2 8 4 4 4 11 4 4 4 3 5 7 7 11 11 5 0 7 6 7 7 7 8 7 11 1 4 3 4 4 5 10 7 8 4 10 10 7 8 7 7 7 8 11 4 10 7 8 7 7 8 11 1 4 4 3 4 4 5 11 2 3 10 7 10 2 6 8 10 10 7 8 7 7 8 4 10 10 8 8 1 9 11 4 4 5 2 9 5 10 10 8 2 9 4 4 5 11 4 4 4 4 11 2 4 5 9 7 11 5 5 7 11 4 11 4 5 5 10 7 8 11 2 9 4 10 7 7 2 6 8 4 10 10 7 7 8 2 10 8 4 9 10 7 8 7 7 7 7 7 8 4 10 8 7 1 11 9 5 5 10 7 8 4 4 4 4 4 4 4 4 4 4 4 11 4 5 7 11 4 4 11 4 4 4 5 2 9 7 7 8 11 7 7 7 7 7 8 4 0 6 4 10 7 8 7 7 10 7 10 8 7 8 11 4 4 4 5 10 7 7 10 8 2 9 4 5 10 7 7 7 8 7 7 7 7 7 10 7 7 7 7 7 7 7 7 7 7 7 7 7 7 7 10 7 7 7 7 7 7 7 8 4 2 4 10 10 8 8 4 10 6 4 10 7 7 8 7 8 11 4 2 11 4 4 3 5 10 10 7 8 8 4 4 10 10 8 7 0 7 8 7 6 7 10 8 11 4 5 11 4 11 2 3 4 5 11 5 7 1 9 4 4 4 4 4 4 5 4 0 10 9 8 7 7 7 7 7 7 8 10 2 6 4 10 10 7 7 7 7 2 8 9 8 7 7 7 7 7 7 7 10 10 2 8 10 7 10 7 7 7 7 7 7 7 7 7 7 7 7 8 7 7 7 7 7 8 6 10 10 7 2 8 4 3 10 10 8 7 8 4 10 2 9 7 11 5 5 10 10 7 8 7 7 7 8
ppo_q50_b_fd_l4,10,qv18_18,18,158,True,892.0,5.211813449859619,5 5 7 11 9 5 5 10 7 8 11 11 4 5 5 7 7 1 11 9 5 5 7 10 7 7 8 11 4 4 4 11 5 5 10 2 10 7 7 7 7 7 6 8 11 11 4 4 5 5 7 7 11 11 5 5 7 7 11 11 4 5 5 7 7 11 1 9 4 4 5 5 7 7 11 11 5 5 10 2 10 9 7 7 8 8 11 4 5 10 10 7 7 8 8 4 4 10 7 7 7 8 1 4 6 11 4 11 4 4 4 4 4 5 4 5 4 10 2 10 6 10 2 8 4 10 6 4 10 7 7 2 8 4 10 7 7 8 4 10 9 8 8 4 10 7 7 7 8 7 11 2 6 7 7 11 11 4 1 4 3 5 4 4 4 4 4 4 4 5 7 11 2 3 7 11 4 4 4 4 5 10 7 10 7 7 7 8 8 4 10 7 7 8 4 10 7 10 8 2 7 7 6 11 4 4 4 4 5 10 7 7 7 7 11 4 4 4 4 4 4 5 5 7 11 11 2 3 5 10 7 8 4 10 7 10 8 2 4 3 10 7 8 7 7 10 10 7 8 8 11 4 4 5 10 7 7 7 10 8 2 6 11 4 5 7 7 11 11 5 1 5 7 11 4 4 3 4 11 4 4 4 4 4 5 5 7 7 11 11 2 3 4 5 10 7 7 8 4 10 7 10 2 7 8 11 5 10 9 5 5 0 10 6 7 10 7 7 7 7 2 7 6 8 11 4 5 10 10 8 2 10 7 8 6 11 11 4 4 4 4 4 5 1 4 4 4 3 4 4 4 5 10 7 7 0 7 7 8 9 11 5 2 10 9 8 7 7 7 7 7 7 7 8 7 7 10 2 7 7 7 7 7 7 7 7 7 7 7 7 10 10 7 7 7 7 7 7 7 7 7 7 7 7 7 7 6 8 7 7 7 7 7 8 7 11 4 2 9 10 8 7 7 8 11 2 9 4 10 8 8 1 9 4 5 7 11 5 7 11 1 9 4 4 4 4 5 0 8 11 9 7 8 7 8 1 9 8 4 10 7 7 7 10 8 7 8 11 1 4 5 3 10 10 7 8 7 7 7 8 4 11 2 4 4 4 11 3 4 5 10 7 10 8 2 9 4 5 7 7 11 11 4 2 5 7 11 9 5 4 5 10 8 11 4 1 4 3 4 4 4 4 4 4 4 4 4 4 4 4 4 4 4 4 1 4 5 11 4 4 4 4 4 4 4 4 4 4 11 3 5 2 4 11 9 4 5 4 5 7 11 1 3 4 5 10 7 10 8 8 11 4 5 10 10 7 7 5 4 4 4 4 4 4 4 4 4 4 5 0 7 7 7 10 9 5 4 5 10 8 10 7 7 7 7 7 8 7 10 10 2 7 8 7 10 8 4 4 4 4 4 4 4 4 9 4 5 10 7 11 4 4 4 2 4 5 3 10 10 8 2 9 7 8 4 10 7 7 10 2 6 8 11 4 5 7 7 7 7 10 10 8 7 7 7 7 7 7 7 7 7 7 0 6 10 8 8 4 11 5 4 10 7 11 5 5 11 4 4 4 4 4 4 11 4 4 4 4 4 5 4 4 4 4 4 4 4 4 4 4 4 5 10 10 2 3 5 7 11 5 4 11 4 4 4 4 4 4 4 4 4 4 4 4 4 4 4 4 11 5 2 9 5 10 7 8 4 4 4 4 4 4 11 4 4 4 4 4 5 4 4 11 5 7 11 4 11 2 3 4 4 4 4 4 5 11 4 4 11 5 4 5 0 7 10 7 8 4 10 6 7 10 2 7 8 6 11 11 5 4 5 10 4 11 2 4 3 5 10 7 7 8 7 7 0 9 8 7 7 10 10 7 8 2 4 10 8 6 11 11 5 4 5 7 11 4 11 2 4 4 5 9 7 7 8 4 10 7 8 4 10 8 7 7 7 7 7 7 7 7 7 10 7 10 8 2 6 10 10 2 8 7 7 7 7 7 7 7 7 7 7 7 7 7 7 7 7 10 9 7 8 8 7 11 4 2 11 4 10 6 7 8 7 7 8 4 10 10 8 8 1 11 5 3 10 10 8 8 10 7 7 7 7 10 2 8 11 5 3 10 7 7 7 7 7 0 7 7 7 7 8 10 7 10 7 8 6 7 7 7 7 7 7 7 7 7 7 7 7 7 7 7 7 10 8 7 7 7 7 8 11 2 6 10 7 8 7 10 7 10 8 2 11 4 5 3 10 10 7 8 2 9 7 8 4 10 10 7 7 8 4 4 5 10 7 10 8 8 1 11 9 5 0 8 6 7 7 7 10 10 2 6 8 11 4 5 4 11 11 4 4 1 3 4 4 4 4 5 4 5 10 2 7 11 3 4 5 11 11 4 5 7 8 11 4 4 4 4 1 9 5 4 5 11 4 4 4 4 4 2 4 4 4 4 4 4 4 4 4 4 4 4 11 5 4 11 11 3 7 7 7 8 7 8 7 7 7 7 7 7 7 7 7 7 10 7 10 7 7 7 7 8 7 7 7 8 10 2 3 10 10 7 7 2 6 7 7 7 8 4 10 10 8 7 7 8 4 4 4 4 10 10 2 6 7 8 7 7 11 2 4 4 10 10 8 8
ppo_q50_b_fd_l4,11,qv18_19,18,151,True,830.75,7.256276845932007,5 5 7 11 3 7 11 2 5 10 8 11 4 9 5 5 7 10 7 7 8 7 11 2 11 4 9 5 5 7 7 11 11 1 5 5 7 7 11 11 5 5 7 10 8 11 4 11 5 5 7 11 9 5 5 10 7 8 11 11 4 5 5 7 7 11 11 5 5 7 7 11 4 2 9 10 8 8 4 4 0 9 10 8 8 11 4 5 10 10 8 8 4 4 10 10 7 7 8 2 4 10 9 8 7 8 1 3 1 4 11 3 10 8 2 4 10 6 7 7 7 7 7 7 7 8 7 7 7 11 11 5 4 5 10 2 7 7 11 11 4 3 4 4 4 4 4 4 4 5 4 4 4 4 4 5 4 10 2 9 10 8 8 7 7 7 0 7 10 8 9 4 5 10 10 7 8 7 7 7 8 11 11 5 2 9 7 8 11 11 4 4 4 4 4 5 4 4 4 5 4 4 10 2 10 10 8 6 8 10 4 4 10 2 6 7 8 7 11 4 4 4 5 10 10 7 7 8 10 7 7 7 8 7 7 7 8 11 4 4 4 4 5 10 10 2 6 8 11 4 5 7 7 11 11 4 4 4 5 2 4 11 3 4 5 11 11 4 4 5 5 10 7 8 11 11 4 5 7 8 7 7 7 7 7 7 7 7 7 7 10 8 11 2 9 5 4 10 10 2 6 8 11 4 4 4 5 10 8 7 10 7 7 8 4 10 7 7 7 7 7 11 4 5 2 9 7 8 4 11 4 5 7 1 9 4 4 5 4 4 11 4 4 4 1 4 4 3 5 10 10 8 7 8 4 10 7 0 7 7 6 7 7 7 8 7 7 7 7 7 7 11 4 11 2 5 7 11 9 5 4 4 4 4 5 7 11 2 11 9 5 5 10 2 7 7 7 10 6 10 8 4 4 4 4 4 4 4 4 5 10 2 9 7 7 7 8 4 10 7 7 7 10 7 2 8 4 10 7 8 4 9 4 4 4 10 8 4 4 5 10 8 7 11 11 4 4 4 4 5 4 1 9 4 5 5 4 4 11 4 4 5 0 7 9 7 7 7 8 7 7 7 7 7 10 7 0 8 7 7 7 9 8 7 7 7 7 11 11 2 5 11 11 4 4 3 4 5 4 4 5 4 4 11 2 11 11 3 5 2 7 11 4 5 7 9 7 7 7 7 7 8 11 4 5 4 10 10 7 7 8 4 4 4 4 4 5 10 2 9 7 7 7 8 10 7 7 7 7 7 7 7 7 7 7 7 0 8 6 11 11 5 4 4 5 7 11 2 3 7 11 11 4 4 5 5 10 2 9 7 7 10 7 7 8 8 11 4 5 10 10 2 6 8 10 8 7 7 7 11 11 5 2 11 9 5 4 4 4 4 5 4 11 11 4 4 4 5 4 4 4 5 7 11 2 4 4 4 3 10 10 2 8 9 8 7 7 7 7 7 11 4 5 7 7 11 4 5 10 10 2 7 7 8 11 5 9 5 10 10 8 0 8 9 11 5 2 11 4 4 4 5 7 7 7 6 7 7 7 7 7 7 0 9 7 8 7 10 10 8 2 7 11 4 4 5 11 11 4 4 5 4 4 5 10 7 7 7 8 9 8 4 10 7 7 10 2 6 7 7 8 4 10 2 6 7 11 11 4 5 7 8 11 4 4 4 4 4 5 7 11 4 11 4 4 4 4 4 5 4 4 5 10 2 7 7 7 9 7 7 7 8 7 7 7 7 7 7 0 10 7 7 8 6 11 11 4 4 4 5 5 7 7 11 2 4 10 9 8 8 7 11 4 1 4 4 4 3 5 11 11 4 5 4 4 4 5 10 0 7 7 7 8 9 8 7 0 9 7 7 8 7 7 10 7 7 8 7 10 7 7 7 7 7 2 7 7 7 7 7 7 10 7 10 7 7 7 7 7 7 7 7 7 6 8 7 0 3 7 7 10 8 4 4 5 7 7 7 7 7 10 7 7 2 7 7 9 7 8 10 7 7 8 4 4 10 10 7 2 6 7 8 4 4 11 4 4 4 4 5 11 4 4 4 4 11 5 5 10 2 9 7 8 11 11 4 4 4 5 7 7 8 4 10 8 11 2 3 4 10 10 8 7 7 7 7 10 8 8 4 10 10 8 7 7 7 8 11 4 4 5 4 10 10 2 6 8 4 4 10 10 7 8 7 7 8 4 4 1 4 3 10 7 8 10 10 2 8 11 4 4 11 4 5 4 4 4 4 4 4 4 5
ppo_q50_b_fd_l4,12,qv18_2,18,153,True,867.75,6.737231969833374,5 5 7 11 9 5 5 7 7 11 2 11 3 7 11 5 2 7 11 3 7 11 5 2 10 8 6 11 11 4 5 5 7 7 11 2 11 9 5 5 7 7 11 1 9 4 4 5 5 7 7 11 2 9 11 5 5 10 2 9 10 7 7 8 8 11 4 5 7 11 5 10 7 10 8 7 7 7 7 8 11 4 5 10 7 7 7 7 8 7 7 7 7 7 11 11 2 3 4 5 7 11 11 4 4 5 2 9 7 11 5 4 5 10 8 4 0 10 7 6 8 11 4 4 5 10 7 7 7 8 7 7 7 11 5 4 4 10 7 7 11 4 2 5 9 5 7 11 4 4 5 7 7 7 11 4 11 4 5 5 1 3 10 8 10 10 2 8 11 3 5 0 10 6 8 7 7 7 0 9 7 8 7 7 7 7 7 7 7 7 7 7 7 10 7 2 7 7 7 7 10 10 7 7 7 7 7 7 7 7 7 7 7 7 7 7 7 8 7 6 8 7 7 7 7 10 2 7 7 7 7 7 7 7 6 4 10 7 8 7 11 11 5 5 7 11 11 4 5 7 8 11 2 11 3 7 11 4 5 4 5 10 2 7 10 7 6 7 7 8 7 7 7 7 7 7 7 7 7 7 10 2 7 7 7 11 11 5 5 4 11 11 4 4 4 3 5 4 5 1 9 5 7 11 4 11 4 5 2 11 3 4 4 11 5 4 4 5 7 7 10 0 7 8 11 9 8 8 10 7 7 7 8 7 7 7 7 7 11 11 5 2 3 7 11 4 4 5 11 4 4 4 11 4 5 5 7 11 2 4 4 4 4 4 4 4 4 4 4 4 4 4 4 4 4 4 11 9 5 7 8 4 11 5 4 4 4 4 4 4 11 4 4 4 4 4 4 11 4 5 0 7 6 7 7 7 7 7 7 7 7 7 8 7 7 11 2 11 11 3 4 5 4 5 4 4 4 4 11 11 4 4 4 5 5 7 0 10 7 7 8 6 11 11 5 4 5 7 1 3 11 11 4 5 2 7 11 9 5 5 0 7 6 7 7 7 10 7 8 10 7 2 7 7 7 7 6 11 11 4 4 4 2 3 4 4 4 5 10 2 7 10 9 8 7 8 7 7 7 7 7 7 7 10 10 7 8 2 6 10 10 2 8 4 4 4 4 11 4 6 4 4 5 11 4 4 4 5 11 11 4 1 4 4 3 4 4 4 4 4 4 4 4 4 5 4 5 7 7 10 8 10 7 7 7 7 7 7 8 7 11 4 4 4 4 4 11 5 5 10 7 8 11 4 4 11 5 2 9 7 7 7 7 7 7 7 7 8 11 4 4 4 4 4 5 7 11 5 10 7 10 7 7 7 8 7 2 9 7 7 8 7 7 7 7 7 10 7 7 7 7 10 8 2 9 4 5 7 10 7 7 10 2 8 11 5 10 4 3 11 4 4 4 4 4 5 5 4 4 11 4 4 11 4 4 5 2 11 4 4 5 3 10 7 7 7 7 7 10 8 7 7 8 4 4 10 10 8 8 4 10 7 7 7 7 10 7 7 7 7 7 2 7 8 4 9 5 7 11 11 2 5 3 7 11 11 5 4 4 4 4 4 4 4 5 7 7 11 11 5 4 4 4 4 5 11 4 10 8 2 10 9 7 8 7 7 7 7 7 7 8 7 7 10 7 2 7 7 7 7 9 8 4 10 7 0 6 11 5 5 10 7 8 7 7 7 7 7 7 7 7 7 7 7 7 10 10 7 7 7 7 7 7 7 7 2 6 8 11 2 6 4 10 7 10 8 2 9 7 8 10 10 7 8 7 7 8 4 10 7 7 2 10 7 7 7 7 8 6 11 11 4 5 5 11 2 3 7 11 11 5 5 10 2 10 7 8 6 7 7 10 8 11 4 11 4 4 4 4 4 4 5 4 4 4 4 4 4 4 4 4 5 10 8 7 7 7 7 7 7 10 7 7 8 11 4 11 2 5 10 8 10 6 7 7 7 7 7 7 7 7 8 4 10 10 8 2 6 7 7 7 7 7 7 7 7 7 7 7 7 7 10 7 8 10 10 7 7 7 7 7 7 7 8 8 7 7 7 10 8 11 4 2 9 4 10 8 7 8 7 7 10 7 7 8 11 4 5 10 7 7 7 7 7 10 7 8 2 11 4 5 11 11 5 3 4 4 5 7 11 5 4 4 10 7 11 5 5 11 4 4 4 4 4 4 4 4 4 4 4 4 4 4 4 4 5 4 10 10 2 8 11 5 3 4 4 4 4 4 4 4 4 4 4 4 4 11 11 4 5 5 10 7 11 4 2 3 5 7 7 11 11 4 5 4 4 4 11 4 4 4 5 4 4 5 4 4 4 4 4 4 4 4 4 4 11 2 4 4 3 11 4 4 4 4 4 4 4 4 4 4 4 4 4 4 11 2 3 4 5 10 7 7 8 7 11 11 4 5 4 4 4 4 5 11 11 2 5 11 11 3 5 5 4 4 4 4 1 3 11 4 10 8 2 9 7 8 11 11 4 5 4 4 4 4 4 4 11 5 4 4 4 4 5 7 11 4 2 4 4 7 4 10 10 7 8 8 4 10 10 8 7 7 8 7 7 7 10 10 7 7 7 7 7 7 7 7 7 7 7 7 7 7 7 7 7 7 8 8 4 4 10 10 8 8
ppo_q50_b_fd_l4,13,qv18_20,18,155,True,875.75,5.8103346824646,5 5 7 11 9 5 5 7 7 11 11 5 5 7 7 11 1 9 5 5 10 7 8 11 11 4 4 4 4 4 5 5 7 7 11 11 5 5 7 7 11 11 5 5 0 9 5 10 10 8 2 9 4 10 8 7 8 11 4 4 5 10 10 7 7 8 8 11 4 10 2 6 7 7 7 8 4 10 7 7 7 7 7 7 11 2 3 4 5 7 11 4 5 0 6 7 7 7 7 7 11 4 11 2 5 10 8 6 11 11 2 5 7 11 4 11 4 4 3 4 5 7 8 11 2 11 4 4 4 4 3 4 5 0 9 5 10 7 10 7 7 7 7 7 7 2 7 8 4 10 7 8 6 11 11 5 4 4 5 7 11 2 4 11 9 5 4 5 10 7 7 7 8 11 5 4 7 7 11 11 5 7 7 7 7 8 7 11 2 11 3 5 10 10 2 7 7 7 7 7 7 6 7 7 8 11 2 6 7 11 11 4 5 4 4 4 4 4 4 4 4 4 4 1 3 4 4 5 4 4 4 10 10 8 2 9 7 8 4 10 7 7 7 7 7 8 7 7 7 0 7 7 7 10 8 9 8 11 11 4 4 4 4 5 4 5 10 8 4 4 4 11 5 4 4 1 4 4 11 4 3 5 10 7 10 7 8 7 7 7 8 7 11 2 11 4 4 4 4 3 5 10 10 2 7 6 8 11 4 10 7 8 2 9 4 10 7 8 8 1 11 4 3 4 5 4 10 10 8 7 8 4 4 10 10 7 7 8 8 0 9 5 10 10 7 2 8 9 11 5 4 4 4 4 5 10 7 7 8 11 11 4 5 5 7 11 4 4 11 4 2 3 4 4 4 5 0 10 7 6 7 7 8 11 4 4 10 8 7 8 11 4 4 5 10 10 7 7 8 8 1 11 3 5 7 11 4 5 10 7 7 10 7 8 7 7 7 7 7 7 7 7 7 8 7 7 7 7 11 1 9 5 4 4 5 11 4 4 5 10 7 7 7 7 7 8 11 11 4 5 5 7 11 11 5 5 4 4 4 10 0 6 7 10 7 2 8 7 10 7 8 10 9 8 8 10 2 3 11 11 4 4 5 5 11 11 5 4 4 1 9 5 4 4 5 10 7 11 5 4 5 7 11 4 4 11 5 2 7 11 9 5 5 10 0 6 7 7 8 7 7 7 7 7 7 11 5 10 8 7 10 7 7 11 2 5 10 6 7 8 11 2 4 11 3 7 11 4 5 4 5 7 7 11 11 5 2 4 4 4 11 5 4 11 9 5 5 7 7 7 7 7 7 7 7 7 0 6 7 10 7 7 7 8 7 10 2 7 7 6 11 11 4 2 3 4 4 4 4 4 5 7 11 4 2 11 4 11 5 5 9 7 7 8 4 4 10 10 8 7 7 7 7 7 8 7 7 10 10 7 7 8 2 11 4 4 5 7 11 4 3 11 4 2 4 5 4 3 4 4 10 8 4 10 10 2 8 10 8 7 7 10 7 7 7 7 8 6 11 11 4 5 4 4 5 4 11 11 5 2 7 11 4 5 9 10 7 8 7 7 7 7 7 7 7 8 4 10 8 7 7 7 11 11 2 5 10 8 7 7 7 7 7 7 7 7 7 7 7 7 10 7 7 7 7 7 7 7 7 7 7 10 7 7 7 6 8 7 8 4 10 2 10 9 8 4 5 7 7 7 7 7 7 10 7 7 7 8 4 10 10 2 8 9 8 10 7 7 7 7 8 11 11 2 3 4 5 10 7 11 5 5 11 11 4 2 5 7 11 3 7 11 5 4 5 7 7 11 1 9 4 5 4 5 7 7 10 7 8 4 10 7 7 8 7 7 7 7 7 10 8 10 7 8 10 7 7 7 7 7 7 7 7 7 10 8 7 7 2 7 7 7 7 7 7 7 7 7 7 7 10 7 10 7 8 7 7 7 8 4 9 10 7 8 4 5 7 0 9 5 10 7 8 10 10 7 8 2 9 7 8 7 11 11 2 5 9 7 8 11 11 4 5 4 4 4 4 5 10 7 7 7 8 10 0 7 8 6 4 4 10 10 8 7 8 7 10 7 2 7 11 9 5 5 10 7 8 7 7 7 7 7 7 10 10 8 7 7 7 7 7 7 7 7 7 7 7 8 0 7 9 7 7 7 7 7 7 7 10 8 7 7 8 11 2 9 5 11 11 5 2 10 6 7 10 2 6 7 7 7 7 7 8 7 7 7 10 10 8 4 2 9 4 4 4 4 4 4 4 4 4 5 10 7 8 11 11 5 4 4 4 5 11 4 11 4 4 4 5 7 7 7 2 9 7 7 8 4 10 7 10 2 8 7 10 7 7 7 6 11 4 4 4 4 4 4 4 4 4 4 4 4 4 4 4 5 4 2 9 5 11 11 4 4 4 4 4 4 4 4 4 4 4 4 4 4 4 4 4 4 4 4 4 2 5
ppo_q50_b_fd_l4,14,qv18_21,18,155,True,864.75,6.9116106033325195,5 5 7 9 11 5 5 7 7 11 11 4 5 7 8 11 11 5 5 7 7 11 2 6 11 11 4 5 7 8 11 11 4 4 5 5 10 2 10 9 8 8 4 10 8 4 10 7 8 1 3 10 7 7 8 7 7 7 7 10 7 11 5 4 5 0 6 10 8 7 11 11 4 4 5 5 7 11 4 11 5 5 7 7 11 11 4 4 2 5 11 4 4 9 5 5 7 7 11 11 5 5 0 9 7 8 4 4 10 10 8 8 4 10 7 7 7 8 4 10 8 4 10 7 7 7 7 7 7 7 11 4 4 2 5 9 5 10 10 8 4 2 4 9 4 5 4 4 4 11 4 4 4 11 4 8 7 8 11 5 1 4 9 5 11 2 4 10 7 10 8 7 7 6 8 11 4 4 5 11 4 5 7 11 5 4 4 10 10 7 7 7 7 7 7 7 2 6 8 4 10 7 7 8 7 10 7 7 7 0 7 6 8 11 11 4 5 2 11 5 9 10 7 7 8 7 7 8 10 2 10 7 7 7 7 7 7 7 7 7 7 7 7 7 7 7 7 7 7 7 7 7 7 7 7 8 4 4 10 10 7 7 8 7 6 7 7 7 10 8 8 4 4 10 10 8 0 8 4 10 7 7 7 8 7 7 7 7 10 8 11 3 7 11 5 2 3 11 4 11 4 5 5 10 7 8 11 11 2 5 7 9 11 5 5 1 4 4 4 11 4 4 4 5 11 4 5 7 7 6 7 10 10 7 8 7 7 8 4 10 8 10 10 2 6 8 4 4 10 10 8 7 7 7 7 7 7 8 1 4 4 11 4 4 3 4 4 4 5 7 11 4 11 4 5 5 10 2 10 6 7 7 7 7 8 10 7 10 8 2 9 8 7 7 7 7 7 7 7 11 4 11 5 5 4 4 4 10 7 11 5 4 5 4 4 4 4 4 4 4 4 4 4 4 11 4 5 4 0 10 6 8 4 10 10 2 6 7 7 7 7 7 8 10 8 7 7 10 10 7 8 2 9 4 5 10 7 7 7 8 10 8 7 7 7 7 7 7 7 7 7 7 7 7 7 7 7 7 7 7 10 10 8 2 9 7 7 7 10 7 2 6 7 7 7 7 7 7 7 7 8 7 7 7 7 10 8 1 4 11 11 3 4 4 5 4 4 5 11 2 4 4 11 4 3 4 4 1 4 4 5 3 10 10 7 8 8 11 2 6 4 10 10 8 7 7 7 7 7 8 10 10 8 2 11 4 5 9 10 8 8 1 4 4 4 4 3 4 1 4 11 4 4 4 4 5 3 10 7 7 10 7 8 8 4 10 10 8 8 11 2 11 4 4 4 3 5 10 10 7 7 8 8 4 4 10 10 8 0 6 7 8 10 7 7 7 10 7 7 7 7 8 7 8 7 11 2 9 4 4 4 4 5 4 4 0 6 4 10 10 8 7 8 11 2 11 4 5 9 7 11 5 4 4 4 4 4 4 4 4 4 4 4 4 4 5 4 10 10 7 8 2 4 10 10 6 7 7 7 7 7 7 7 7 2 8 11 5 9 10 8 7 7 7 8 7 10 2 6 7 10 10 8 2 9 4 5 4 4 11 4 5 4 11 5 10 7 7 7 7 8 11 4 11 4 2 3 4 4 4 4 4 4 5 10 7 11 5 5 4 4 1 9 11 2 4 4 5 9 7 11 4 5 5 10 4 4 4 1 3 10 7 7 8 7 7 7 7 8 7 7 7 7 7 7 0 9 7 7 8 0 9 5 10 10 8 2 7 10 8 7 7 7 6 11 11 5 5 11 5 0 6 11 5 4 4 4 4 11 11 5 5 10 2 10 7 6 8 11 11 4 4 5 4 4 4 4 5 7 11 4 2 9 4 10 8 4 4 5 10 2 7 7 7 7 7 7 7 7 7 7 6 7 7 10 7 7 8 11 4 11 2 5 9 7 8 11 11 4 5 4 5 7 11 2 3 11 11 4 4 5 4 4 4 4 5 10 7 7 7 8 0 9 5 10 7 7 7 7 7 7 7 10 8 2 11 5 9 10 8 7 7 7 7 7 7 8 11 4 4 5 10 10 7 8 2 6 10 10 7 7 7 7 7 7 7 7 7 7 7 7 7 7 7 7 7 7 0 6 8 7 7 7 7 8 11 4 5 10 10 8 2 9 4 10 8 8 11 4 5 10 7 7 7 10 2 8 7 7 11 4 4 4 9 4 5 4 4 5 10 7 7 2 7 7 6 7 0 6 4 10 8 7 10 7 10 8 2 10 6 8 7 7 7 7 10 10 2 6 8 7 7 7 7 7 7 7 7 7 7 10 10 7 7 7 7 7 7 8 7 7 7 7 8 4 10 7 8 7 11 2 11 9 5 5 0 7 7 7 7 7 7 7 7 6 10 8 7 7 7 7 7 10 10 7 2 6 8 11 11 4 4 4 5 11 4 5 4 4 4 4 5 4 10 2 7 11 9 5 4 4 4 5 10 10 0 7 7 7 7 8 7 7 7 7 8
ppo_q50_b_fd_l4,15,qv18_22,18,155,True,863.25,6.928715705871582,5 5 7 11 9 4 5 7 8 11 11 5 5 7 7 11 11 4 5 7 8 11 11 5 5 10 0 7 7 8 4 3 10 10 8 8 1 11 5 7 11 4 4 6 11 4 4 4 4 5 5 7 7 11 2 11 9 5 5 7 7 11 11 5 5 0 10 9 8 4 5 7 11 5 4 10 10 7 7 8 7 8 11 5 4 10 10 7 8 8 4 10 8 1 3 4 10 10 8 8 4 10 7 7 7 8 1 3 7 11 4 5 7 1 9 4 11 5 4 4 5 4 11 5 0 7 6 4 10 10 8 8 7 11 4 10 8 7 7 8 4 10 7 7 7 7 7 7 7 11 5 7 1 4 5 3 10 10 8 2 9 4 5 10 7 8 11 11 4 5 4 5 7 11 4 4 4 4 10 2 6 8 11 4 10 7 7 8 7 7 8 11 2 6 11 11 5 4 4 5 10 2 6 10 10 7 2 7 6 8 11 4 5 7 7 11 11 4 4 4 4 4 5 4 5 7 11 2 11 9 4 5 5 10 7 11 4 5 5 7 11 2 3 4 10 10 7 7 2 8 4 10 7 7 6 7 7 7 7 7 8 1 4 10 9 8 7 8 11 2 6 11 4 11 4 5 4 4 4 4 4 5 0 6 4 10 10 2 7 8 11 5 9 4 5 0 7 7 7 7 10 7 7 7 7 8 9 4 5 0 7 6 11 11 5 4 5 0 7 10 7 8 7 6 7 11 11 5 4 4 4 5 7 11 4 4 4 11 2 5 4 4 4 3 7 11 5 4 0 10 9 8 4 4 4 5 0 9 5 10 7 7 10 8 8 10 10 7 2 7 8 6 11 11 5 2 9 7 8 11 11 5 4 5 11 1 4 4 4 5 4 3 4 10 10 2 6 7 8 4 10 7 7 7 7 10 2 8 11 4 4 5 9 10 2 8 9 4 10 8 8 10 7 8 7 7 7 7 7 7 7 7 7 7 11 11 2 5 4 11 11 4 4 5 4 4 4 4 4 4 4 4 4 5 10 9 5 5 10 7 7 8 7 10 10 8 8 4 10 10 8 2 10 8 6 11 11 5 4 2 3 4 4 10 8 7 10 10 2 8 4 10 7 8 7 6 7 11 11 2 4 4 5 9 5 7 7 11 11 4 5 2 10 6 7 7 7 7 7 8 7 7 7 7 11 11 2 3 5 7 11 11 4 5 4 4 4 4 4 11 4 5 5 7 7 10 8 11 4 4 11 5 5 10 0 7 7 8 7 7 10 9 8 4 5 7 7 7 7 7 11 1 9 8 7 7 7 8 7 11 2 11 3 7 11 4 4 4 5 4 4 4 5 11 11 4 4 4 4 5 4 5 4 11 5 10 7 7 7 7 7 7 7 8 4 10 8 11 4 4 4 4 4 4 11 5 4 5 7 11 4 0 9 8 8 11 4 5 10 7 7 7 8 10 10 7 7 8 7 2 7 7 7 9 7 8 11 4 4 5 10 7 10 8 7 7 7 0 7 7 7 6 8 11 11 4 5 4 5 10 7 7 7 8 11 4 11 4 4 4 4 4 4 4 5 4 5 0 7 9 7 7 7 7 7 7 8 4 4 10 10 7 2 7 7 7 8 7 6 11 4 4 5 7 7 11 11 4 4 5 2 9 4 4 4 4 4 5 0 10 7 7 7 7 7 8 7 9 7 8 7 7 7 7 7 0 7 7 7 7 7 10 7 7 7 10 7 7 7 7 7 7 7 7 7 6 7 8 7 7 7 7 7 7 7 8 11 2 4 4 10 7 6 7 8 7 7 7 7 7 1 11 4 3 4 4 4 4 11 5 4 4 5 4 10 10 8 2 11 5 9 4 4 10 8 7 8 7 10 7 10 7 7 7 7 7 7 2 6 8 7 10 10 7 7 7 8 2 9 4 4 4 5 10 7 7 7 8 4 11 4 5 7 7 11 11 5 4 4 4 4 4 5 0 7 10 6 11 5 2 7 11 11 5 3 4 4 4 5 10 7 2 10 7 7 7 7 8 6 7 7 7 7 7 7 7 10 7 7 8 11 4 4 4 1 3 10 8 2 9 8 10 10 2 8 7 7 11 4 4 5 3 11 11 5 4 5 10 2 6 11 4 11 5 4 4 4 4 4 4 11 5 1 3 5 7 10 8 11 4 11 2 5 9 5 10 7 7 7 7 7 8 11 4 5 4 4 11 4 4 4 11 4 5 2 7 7 7 10 7 7 7 7 6 7 7 7 7 7 8 10 10 2 8 7 11 4 5 3 11 11 4 2 3 4 4 4 5 7 7 11 11 4 5 4 5 0 9 5 4 11 4 11 4 4 4 4 4 4 4 4 4 2 4 4 5 11 11 4 5 4 4 4 5 11 11 4 4 4 4 4 4 5 4 5
ppo_q50_b_fd_l4,16,qv18_23,18,156,True,890.5,2.015066385269165,5 5 7 11 9 5 5 10 7 8 11 11 4 5 5 7 7 11 11 5 5 0 7 6 4 10 7 8 11 4 4 11 4 5 5 10 7 8 11 11 4 5 5 7 7 11 11 5 5 10 2 9 7 11 4 5 5 7 7 11 11 5 5 0 10 8 9 4 10 8 8 4 10 7 7 7 7 7 7 7 7 7 7 7 8 7 11 11 2 5 7 11 4 9 5 5 7 7 11 11 5 7 1 4 3 4 4 4 5 7 11 4 11 2 5 10 8 4 10 6 4 10 7 7 8 8 4 10 0 7 6 8 11 11 4 5 5 7 7 11 2 4 4 10 10 8 7 7 6 7 7 7 8 7 7 1 4 11 9 4 4 5 7 8 11 2 9 11 4 4 4 4 4 5 4 4 5 4 4 4 4 4 4 4 10 2 10 10 6 8 7 7 7 7 8 7 11 2 11 9 5 7 8 7 7 10 7 7 10 7 7 8 2 9 8 11 11 4 4 5 2 10 7 6 8 11 11 4 4 4 2 3 5 7 7 11 11 4 5 2 11 4 4 4 5 9 7 8 10 10 7 7 2 8 7 7 7 7 7 7 9 7 8 4 10 7 7 7 11 5 5 7 7 11 1 3 4 4 4 5 4 4 4 4 10 8 11 5 4 4 4 4 11 4 4 1 4 5 3 10 10 8 8 10 10 7 8 4 5 7 10 7 7 7 7 8 4 4 10 10 8 2 7 10 6 8 11 1 4 3 4 4 5 7 11 11 2 5 10 7 7 6 7 7 7 8 11 5 4 10 10 8 7 8 4 10 10 8 8 11 4 10 8 8 10 2 3 11 11 5 7 1 3 5 4 4 4 4 11 11 4 5 4 4 4 4 5 0 10 6 4 10 8 8 10 7 7 2 7 7 6 10 8 10 10 2 8 11 5 3 10 10 8 7 8 11 4 4 5 10 10 2 8 9 8 11 4 5 7 7 11 11 4 4 1 5 4 5 7 9 11 4 5 4 5 10 7 7 8 4 10 8 11 5 4 4 4 4 4 4 4 4 4 11 11 5 0 7 7 7 7 7 7 7 7 8 9 8 0 10 7 7 7 8 6 11 4 4 11 5 5 10 7 8 7 7 11 11 4 4 4 5 4 4 4 1 4 4 9 5 4 4 4 4 5 7 11 4 2 9 7 7 7 8 4 10 7 7 7 8 4 4 10 10 2 7 8 10 7 7 7 7 7 7 6 7 7 7 7 7 8 7 11 11 2 5 7 6 11 11 4 5 5 10 2 10 7 7 8 7 7 7 7 7 7 7 7 7 7 7 7 7 7 7 7 10 7 10 7 7 7 7 7 7 7 7 8 8 9 4 10 7 8 8 4 4 10 2 9 7 7 7 7 7 8 11 11 2 5 7 7 7 7 7 7 7 7 7 10 7 7 6 7 7 7 8 11 2 11 3 7 11 5 1 4 5 4 4 4 3 4 11 11 4 4 4 4 4 4 5 4 5 7 7 10 2 9 7 7 7 7 8 11 11 5 2 9 7 7 8 7 7 7 7 10 7 10 8 7 8 4 10 2 7 9 7 11 5 5 4 11 4 4 5 7 11 1 4 4 3 11 4 4 4 4 5 5 7 7 10 2 9 7 7 8 11 11 5 5 7 10 7 7 7 7 8 7 7 7 10 8 7 7 7 7 7 7 7 7 10 7 11 2 4 5 9 7 8 11 11 4 2 5 4 9 4 4 11 5 4 5 7 7 11 4 5 7 7 11 11 4 2 3 4 4 5 7 7 11 11 4 4 2 5 4 4 4 4 4 4 4 4 4 4 9 4 11 4 2 5 7 7 6 7 7 7 7 7 7 7 7 7 7 7 10 8 4 10 7 7 7 7 10 2 8 11 4 4 4 9 4 5 4 5 10 7 7 7 8 11 4 11 5 5 4 4 4 4 4 4 4 11 4 4 4 4 4 11 4 5 4 4 4 4 4 4 4 4 4 4 4 4 4 5 10 2 7 11 9 5 5 7 11 5 4 11 4 4 1 4 4 4 4 5 4 9 4 4 5 4 4 4 4 4 4 4 4 11 11 4 5 4 2 4 11 11 4 5 4 4 4 4 4 4 4 4 4 4 4 11 4 4 4 4 4 4 5 3 5 11 4 4 4 10 8 4 4 5 10 7 7 8 4 4 10 10 8 2 10 7 7 7 6 7 8 11 4 4 4 4 4 4 11 4 4 5 4 4 4 5 10 7 2 7 7 10 8 6 11 11 2 5 9 7 8 11 11 5 4 11 5 4 4 4 5 7 11 5 4 4 4 4 11 4 5 4 11 4 11 4 2 5 3 11 4 11 4 4 4 4 4 4 4 4 4 4 5 4 4 5 4 4 4 11 11 2 3 4 5 7 11 4 4 11 5 2 3 11 4 4 10 2 8 11 5 4 3 10 7 10 2 6 8 10 7 11 2 6 7 7 7 7 8 10 2 7 6 7 11 11 5 5 4 4 4 4 4 11 5 11 11 4 4 2 3 4 4 4 4 4 5 11 11 2 5 7 7 7 10 10 7 7 7 7 7 7 8 7 7 7 8
ppo_q50_b_fd_l4,17,qv18_24,18,155,True,886.75,6.8774871826171875,5 5 7 11 3 7 11 5 2 7 11 3 7 11 5 2 9 7 8 11 11 4 5 7 8 11 11 5 5 10 7 8 4 7 4 7 4 7 4 7 4 7 11 11 4 5 5 7 7 11 11 5 5 10 7 8 11 11 4 5 5 10 2 10 9 7 7 7 8 8 1 11 4 5 10 6 11 4 5 4 5 10 2 7 10 4 4 9 4 5 5 4 0 10 10 7 7 7 7 7 7 7 8 7 6 7 8 1 3 11 4 11 2 5 10 8 6 4 10 7 10 7 8 7 8 11 4 2 9 11 4 4 4 4 4 5 4 4 5 4 4 4 4 4 4 11 4 10 2 6 8 11 4 5 10 10 8 2 4 10 6 4 10 7 8 7 7 7 7 8 10 10 2 6 8 11 2 9 11 5 4 4 4 4 4 4 4 5 0 10 6 7 10 7 7 7 7 7 8 8 4 4 10 10 8 7 8 11 4 4 4 2 3 4 4 4 11 5 7 11 4 4 4 5 7 7 11 11 5 5 7 7 11 11 5 2 3 10 7 8 4 4 10 10 7 7 7 7 8 8 11 2 4 3 10 10 7 2 8 6 7 7 10 7 10 7 8 8 11 1 5 7 11 5 7 11 4 4 5 11 4 4 4 6 10 7 7 7 7 7 7 7 8 8 4 11 4 4 4 5 4 10 7 8 4 4 10 10 7 8 8 4 11 2 6 7 11 11 2 5 7 11 5 7 11 4 9 5 4 1 4 4 4 3 5 10 0 7 7 6 7 8 1 4 11 9 4 4 5 4 4 5 7 11 4 2 4 4 3 4 10 10 8 7 7 7 7 8 7 11 11 2 5 7 7 7 7 10 7 7 8 10 7 8 7 7 6 7 11 11 5 5 7 11 11 5 2 4 9 11 4 4 4 5 7 8 11 4 4 4 4 4 5 10 4 4 4 10 2 8 4 9 5 0 10 7 7 10 6 8 7 7 8 7 7 7 10 7 7 7 11 2 3 5 0 7 7 6 11 5 7 11 11 5 4 5 10 8 7 11 11 4 4 5 4 5 1 9 8 11 4 11 5 0 7 7 6 7 7 0 7 7 7 7 6 8 11 11 5 2 10 8 11 4 3 7 11 4 2 3 5 4 11 11 4 4 4 5 2 9 5 10 10 8 1 3 4 4 4 5 10 2 7 7 7 9 7 7 7 7 8 7 7 10 10 8 1 4 4 4 4 4 4 3 5 7 11 4 5 7 7 11 11 4 5 4 5 10 2 7 10 9 8 7 7 8 7 10 2 7 7 10 9 7 7 8 7 8 7 7 7 7 7 7 7 11 2 11 11 5 5 3 4 11 4 4 4 4 4 4 4 4 4 4 4 4 4 4 5 7 11 2 3 4 10 10 8 7 7 7 8 10 10 8 7 8 4 4 10 7 7 7 7 10 2 6 8 11 4 5 7 7 11 11 2 4 5 3 10 10 2 8 9 8 11 4 10 7 8 2 7 6 11 4 4 5 7 7 11 11 4 4 4 4 4 4 2 5 3 7 11 11 5 4 5 7 11 1 5 9 10 8 8 11 4 5 10 7 7 7 7 7 8 7 10 7 0 7 7 7 6 7 8 7 7 7 10 7 8 7 7 7 11 2 11 3 11 2 3 5 4 4 4 4 4 1 4 4 4 9 4 4 5 11 11 5 4 4 5 7 11 11 4 5 7 8 7 7 7 7 10 7 7 7 8 11 2 11 4 4 5 11 4 5 10 10 7 7 8 7 8 4 3 10 10 7 8 8 7 7 7 7 10 2 6 7 7 11 4 11 2 5 7 11 9 5 4 4 4 4 4 4 4 5 4 4 10 0 10 7 8 7 7 8 9 8 11 4 4 4 4 5 10 7 7 7 10 2 6 8 10 8 7 0 6 7 10 7 7 8 7 7 7 11 11 5 4 2 9 11 5 5 11 11 4 5 7 8 11 11 4 2 3 4 4 5 11 4 11 4 2 4 4 4 5 7 11 9 4 4 8 7 7 8 11 5 4 1 3 4 10 10 7 7 2 7 7 8 9 8 4 10 7 8 4 10 10 8 7 7 7 7 10 8 2 6 7 7 10 10 2 8 11 5 7 9 11 5 5 4 4 4 4 4 4 4 4 4 4 4 4 4 11 4 4 4 4 4 5 4 4 10 10 2 7 8 4 4 10 10 6 8 7 7 7 7 8 11 2 9 4 5 4 4 4 10 10 8 7 8 7 7 7 7 7 7 7 7 7 7 7 7 7 10 8 7 7 7 1 11 3 11 4 4 5 4 4 5 4 4 4 11 11 4 4 5 2 9 7 8 4 4 10 10 2 6 8 4 4 10 10 2 8 10 10 7 7 7 7 7 7 8 7 7 7 6 8 4 4 10 10 2 8
ppo_q50_b_fd_l4,18,qv18_25,18,153,True,871.25,8.708894491195679,5 5 7 11 9 5 5 7 7 11 11 5 5 7 7 11 11 5 5 7 7 11 1 9 5 5 10 7 11 4 5 5 0 10 7 7 7 6 8 11 11 2 3 5 7 7 11 11 5 5 7 7 11 11 4 5 5 10 2 7 6 11 11 4 5 5 7 7 11 11 5 5 10 7 8 11 11 5 2 9 10 7 7 8 4 0 8 4 10 6 11 2 4 5 7 11 9 4 4 5 7 7 7 7 8 11 2 4 4 3 4 10 10 8 7 7 7 7 7 8 1 4 4 4 9 4 5 4 10 10 7 8 4 0 6 8 4 4 10 10 2 6 8 4 4 10 10 7 7 7 8 8 11 2 11 4 4 9 5 0 8 4 10 7 8 4 9 10 7 8 8 1 11 4 4 5 7 11 5 4 4 4 4 4 4 4 9 4 4 5 4 4 4 10 10 7 7 2 7 8 4 3 10 10 7 8 7 7 7 7 8 4 10 10 7 7 8 8 1 4 4 4 4 4 4 4 4 4 11 5 10 7 7 7 6 7 7 8 4 10 7 7 7 11 2 5 10 8 7 6 7 11 11 2 5 7 11 9 4 4 5 4 4 4 4 5 10 2 7 6 11 11 4 5 5 10 2 9 7 11 5 4 4 4 1 5 9 5 10 10 8 8 11 4 5 10 10 7 2 6 7 7 7 8 4 10 7 8 7 7 10 7 10 8 2 9 8 1 11 4 3 7 11 4 5 2 3 11 4 5 7 11 4 1 4 4 3 4 5 10 7 7 10 7 8 4 5 10 7 8 1 11 3 4 4 4 4 5 7 11 4 4 10 2 8 9 7 7 7 7 7 7 8 7 7 7 7 0 10 8 9 11 4 4 5 7 8 11 4 4 5 4 4 4 10 0 9 8 0 8 10 7 7 7 8 4 10 9 8 4 4 4 5 10 7 8 4 10 10 8 4 4 4 4 4 5 4 11 4 4 4 4 5 7 11 11 5 4 5 10 8 7 11 11 2 5 4 3 10 7 7 8 4 4 10 10 7 7 7 8 8 4 10 10 8 8 11 4 5 10 10 7 8 7 7 7 7 7 10 8 8 4 4 10 2 9 7 11 5 5 10 7 8 11 11 2 3 4 4 5 7 11 4 4 10 2 8 4 3 11 5 7 11 4 4 4 4 4 4 4 5 7 11 4 11 2 5 10 7 8 4 10 7 6 4 10 7 2 6 7 8 4 10 7 7 7 7 0 10 8 7 7 7 8 4 4 4 3 11 5 7 7 7 11 4 11 4 5 7 8 11 4 4 4 5 4 11 11 2 5 10 6 7 8 4 10 10 8 8 11 4 5 10 10 7 7 8 7 8 4 10 2 7 6 10 10 2 8 4 4 4 4 4 4 3 4 11 4 4 4 4 4 4 5 7 11 4 4 4 5 4 4 4 10 10 2 6 7 8 4 4 10 10 8 7 8 4 10 10 7 2 6 7 7 7 8 0 9 5 10 10 2 6 8 11 4 5 7 7 11 11 4 4 2 5 4 4 11 9 5 4 4 5 11 4 4 4 5 10 10 8 7 7 7 8 11 11 2 5 10 8 4 10 6 4 10 8 7 8 7 7 7 7 11 1 5 9 10 8 7 7 8 4 10 2 7 6 10 7 7 7 11 2 5 3 4 11 4 4 4 4 4 4 5 4 11 4 5 7 11 4 4 4 11 4 4 5 2 10 8 4 10 7 7 6 7 8 7 7 7 7 10 7 0 7 7 8 6 11 11 5 4 5 10 7 0 7 6 8 11 11 4 5 5 10 0 7 8 6 11 11 4 4 5 4 4 4 4 4 4 4 4 4 11 4 4 5 2 3 10 10 2 8 9 7 8 4 4 11 5 10 7 7 10 7 7 7 7 8 2 9 4 4 5 10 7 7 10 8 8 7 10 7 8 1 3 7 11 4 5 1 4 4 4 11 5 11 9 4 4 4 5 4 5 11 2 4 4 10 10 8 7 7 7 6 7 7 8 7 11 11 5 7 7 7 8 10 2 7 9 10 8 0 8 9 8 4 4 10 10 8 7 7 8 7 11 1 4 4 4 3 4 4 4 5 0 10 6 8 10 10 7 8 2 4 10 9 8 8 0 6 11 4 4 11 5 5 4 4 11 4 5 7 7 11 11 2 3 4 5 4 10 7 11 5 4 4 4 5 11 11 2 5 7 7 7 10 10 7 7 7 6 8 7 7 7 8 7 7 10 10 2 8 4 10 10 8 8
ppo_q50_b_fd_l4,19,qv18_26,18,154,True,900.75,8.766453742980957,5 5 7 7 11 11 5 5 7 7 11 11 5 5 7 7 9 11 4 5 5 10 2 7 7 11 11 4 5 5 7 9 11 4 5 7 8 11 2 4 10 9 8 7 7 8 4 10 7 8 1 4 4 11 3 11 4 4 5 7 8 11 11 5 5 7 7 11 11 5 5 10 2 10 7 9 8 8 4 4 10 0 6 8 4 10 7 10 7 8 8 4 4 10 10 2 6 8 4 10 8 7 7 7 7 7 11 11 2 5 3 4 11 4 4 5 10 10 4 2 4 3 4 4 4 4 4 4 4 4 5 7 11 2 3 4 10 10 7 8 2 7 9 7 7 7 8 4 4 4 10 7 10 8 7 7 7 7 7 7 7 7 11 7 7 2 6 8 11 11 4 4 4 5 4 4 4 1 4 4 4 5 4 4 4 11 3 4 5 10 7 10 7 8 8 11 2 4 10 9 8 7 7 7 7 7 8 4 10 8 4 10 7 7 10 8 4 4 5 10 7 7 8 7 11 4 10 8 8 1 9 11 4 4 4 5 4 4 4 5 4 10 7 8 11 11 5 4 4 4 4 4 4 4 5 7 11 4 4 10 8 2 11 5 4 10 10 8 8 4 4 10 10 7 8 8 9 4 4 5 10 7 7 10 2 6 7 8 4 10 10 2 6 8 4 11 5 4 4 4 4 11 4 4 5 10 7 10 7 7 7 7 8 7 8 4 10 10 7 8 7 7 0 8 4 10 9 8 4 5 10 10 8 8 11 4 10 8 2 9 11 4 5 4 4 5 4 10 10 8 7 7 8 11 4 4 4 4 4 4 5 4 4 4 4 10 7 8 11 11 5 4 1 4 5 9 10 8 8 10 7 11 5 4 4 4 4 4 4 5 7 11 2 4 3 4 10 10 8 8 4 0 6 7 7 7 7 7 7 7 7 7 7 10 7 8 11 4 5 10 7 7 7 10 7 7 8 8 10 2 3 11 11 1 3 4 2 3 4 4 4 4 5 4 4 4 4 11 4 4 5 4 10 2 9 7 8 4 10 7 7 7 11 5 2 3 7 11 4 1 4 3 4 5 10 10 7 8 2 9 8 11 4 4 4 4 5 10 7 7 7 10 8 8 4 4 10 7 7 10 7 7 8 7 7 8 4 10 7 2 7 6 10 8 4 10 10 8 2 9 7 8 11 5 4 4 4 4 11 4 4 4 4 4 4 1 4 5 3 4 10 10 7 8 8 4 10 10 8 0 8 4 10 8 10 7 7 7 6 7 7 8 7 7 7 7 7 7 7 7 7 7 7 7 7 7 7 7 7 7 7 7 7 7 7 7 10 10 7 8 2 9 7 10 8 8 11 1 4 4 4 4 5 3 10 10 8 7 8 11 2 4 4 10 10 8 6 7 7 7 8 10 10 7 8 7 7 7 7 7 7 7 8 0 9 5 7 11 11 5 5 7 11 5 7 11 11 5 5 10 7 7 7 8 11 4 5 7 11 11 5 4 4 5 10 7 7 11 4 5 4 4 4 4 5 7 11 4 4 10 2 8 11 4 4 5 3 10 7 10 7 8 8 7 10 7 7 7 10 8 7 7 7 8 7 10 2 4 3 7 11 4 4 4 4 4 4 11 4 2 3 4 5 4 11 4 4 4 4 4 5 4 10 10 8 2 9 8 4 10 10 7 8 8 10 10 2 8 10 9 8 7 7 7 7 7 8 7 11 1 4 4 4 4 3 4 4 4 5 7 11 4 11 2 4 5 9 7 7 7 7 7 7 7 7 7 7 7 10 8 7 7 7 7 8 4 4 4 4 4 1 4 11 5 4 4 4 4 4 4 4 11 4 4 4 4 5 3 10 10 7 7 7 7 8 8 4 4 10 10 8 7 7 7 7 7 7 8 11 1 4 4 9 5 4 5 11 4 4 11 2 3 5 10 7 8 4 4 10 10 8 7 8 1 3 10 7 7 7 7 10 7 7 8 7 8 4 10 2 7 7 7 7 7 6 11 11 2 5 9 5 10 7 11 2 4 5 4 3 4 11 4 4 4 4 4 4 5 10 7 2 9 10 2 7 8 4 10 10 6 8 8 4 10 10 8 7 8 1 11 4 5 3 10 10 7 7 8 8 11 4 5 10 10 8 2 9 8 11 11 5 4 4 5 4 4 4 4 4 1 3 11 4 5 7 11 11 2 5 4 3 7 11 11 2 3 5 7 7 7 7 7 10 7 8 4 0 9 7 8 10 7 8 7 7 7 7 7 10 7 10 7 8 2 6 11 11 4 4 5 4 4 4 4 4 4 4 4 4 1 4 4 3 5 10 10 8 8 4 10 8 1 4 11 4 4 4 3 5 4 10 10 7 7 7 8 8 4 4 10 10 8 7 7 7 7 7 7 7 8 7 11 2 11 11 4 3 4 5 4 4 4 4 4 4 5 7 11 2 4 10 9 8 8 4 4 10 10 7 7 7 8 8 7 10 10 7 7 7 8 7 7 7 8
ppo_q50_b_fd_l4,20,qv18_27,18,149,True,869.75,6.645059108734131,5 5 7 11 9 5 5 7 7 11 11 4 5 7 8 11 11 5 5 0 10 7 7 8 6 11 11 4 5 5 7 7 11 11 4 5 5 7 7 11 1 9 5 5 0 10 8 9 11 4 4 5 5 10 7 11 4 5 5 0 10 7 6 8 4 4 10 10 8 7 8 4 4 4 10 7 0 7 8 4 10 7 9 8 7 7 8 1 9 5 7 11 4 11 4 4 4 5 7 8 11 4 4 4 5 7 7 7 7 11 4 4 11 4 4 5 7 8 11 2 9 11 4 5 5 0 10 7 7 6 8 4 4 10 10 7 2 8 7 6 7 7 7 7 7 7 7 7 11 5 0 6 7 7 7 11 11 4 4 4 5 2 9 7 8 11 11 5 4 5 7 1 9 4 5 4 10 7 11 4 2 5 11 3 4 4 5 7 11 4 2 4 3 4 10 10 8 8 4 4 10 0 7 9 8 7 7 8 4 10 10 7 7 8 2 6 11 4 4 4 5 4 11 4 11 4 5 5 10 0 8 9 11 5 5 7 11 2 4 4 4 4 10 10 8 6 8 11 4 4 5 10 10 7 7 7 7 7 8 7 7 7 8 4 4 10 7 7 7 8 11 4 4 4 4 4 5 11 4 4 4 5 10 10 7 7 7 7 8 8 4 11 2 11 5 3 10 10 7 8 2 10 9 7 7 7 8 7 7 8 7 10 0 7 8 9 11 5 5 7 7 11 11 4 4 4 4 5 4 4 5 10 7 11 5 1 3 4 4 4 4 5 7 11 2 9 5 0 6 4 10 7 7 7 7 11 2 5 10 6 7 7 7 7 7 7 7 7 7 7 7 7 8 7 7 11 4 10 8 2 7 7 11 11 4 4 4 4 4 3 5 4 4 4 4 5 10 2 7 7 7 9 7 10 2 7 8 11 4 4 4 9 4 4 4 4 4 5 4 4 4 4 4 4 4 5 11 2 4 4 3 11 4 4 4 4 4 4 4 4 4 4 4 4 4 4 4 4 4 4 4 4 4 4 5 11 4 11 2 3 5 4 4 4 4 11 4 5 11 2 11 4 4 4 9 5 4 5 7 11 4 11 2 3 5 7 10 8 11 4 11 2 5 4 3 7 10 10 7 7 7 2 6 8 7 0 7 7 9 10 8 7 7 7 8 11 1 4 9 4 4 4 4 4 5 7 8 11 4 4 4 4 4 5 7 7 7 11 4 11 4 5 2 9 7 8 4 4 4 4 4 4 4 4 4 4 4 4 4 11 4 4 4 4 4 4 4 4 4 4 4 4 11 5 2 10 8 6 11 11 4 5 4 4 4 1 9 5 4 4 4 4 4 5 10 7 2 9 7 8 1 4 11 3 4 5 7 11 11 2 3 4 5 10 2 10 7 8 6 7 7 7 7 7 7 7 7 7 7 10 8 11 4 1 9 5 4 4 4 5 7 11 4 5 4 4 4 11 1 3 4 4 5 0 7 6 11 11 5 5 10 7 8 11 11 2 4 4 4 4 5 7 10 7 8 11 9 8 8 7 7 7 10 7 7 7 0 7 9 7 8 8 7 7 10 10 7 8 7 7 8 11 2 11 3 11 5 2 9 5 4 11 4 4 4 4 11 4 1 3 5 4 5 10 8 11 4 4 4 4 11 4 2 5 10 7 7 7 8 6 7 7 10 7 7 8 11 5 1 9 4 5 4 11 4 11 2 5 10 8 4 4 11 3 4 4 4 4 4 4 4 4 4 4 11 2 5 9 4 4 4 4 4 4 4 4 4 4 4 4 5 10 7 7 11 5 4 5 4 4 4 4 1 9 5 4 4 4 11 11 4 4 4 2 5 9 7 7 7 7 8 1 4 4 4 11 4 4 3 5 10 10 7 8 7 7 8 4 10 8 7 7 10 10 7 7 2 8 10 8 4 4 9 4 4 4 5 4 4 4 11 4 11 2 5 10 9 7 8 7 7 8 1 3 10 8 4 10 7 10 8 7 7 8 10 10 8 7 8 1 9 4 4 4 5 11 4 4 4 5 4 4 4 4 4 4 4 4 11 4 5 10 7 8 11 4 4 11 4 5 7 7 2 9 7 7 8 11 5 10 7 7 10 8 7 7 8 4 7 4 7 4 7 4 10 8 1 9 4 11 2 5 11 4 4 4 4 3 4 4 5 4 4 4 4 4 4 4 4 4 11 4 5 11 2 11 4 4 11 4 4 4 4 4 4 5 4 5 4 9 4 5 7 11 11 2 3 4 4 4 4 5 10 2 9 7 11 5 4 5 7 11 4 5 1 3 10 7 10 8 4 4 5 10 7 10 8 8 11 1 4 3 4 4 5 4 4 4 4 4 4 4 4 4 4 4 4 11 4 11 4 2 3 4 4 5 4 11 11 4 4 4 4 4 4 4 4 4 4 4 4 5 5 4 4 11 4 4 4 4 5 10 7 10 2 8 9 4 5 7 7 11 11 5 5 7 7 11 11 2 5 7 11 11 5 4 4 4 3 5 10 10 8 7 8 4 10 10 7 7 7 7 7 2 7 7 8
ppo_q50_b_fd_l4,21,qv18_28,18,147,True,833.0,3.33050274848938,5 5 7 11 9 5 5 7 7 11 11 4 4 5 5 7 7 11 11 5 5 10 7 8 11 11 4 4 5 7 8 11 7 8 11 4 11 5 5 10 2 10 7 6 4 7 4 7 7 7 8 1 4 4 9 11 4 4 4 5 5 0 9 10 8 2 9 8 4 4 10 10 7 7 2 8 4 9 10 7 8 8 4 4 10 10 8 8 1 9 11 5 2 7 6 7 7 7 7 7 7 7 11 11 4 5 5 7 7 11 11 4 4 4 1 4 5 7 8 11 4 4 5 4 4 4 4 4 4 3 4 10 10 2 8 9 7 8 7 7 7 0 6 10 7 7 7 7 7 8 7 7 11 2 4 11 3 4 11 5 4 5 7 11 11 5 2 7 11 5 7 9 4 4 4 4 5 7 7 7 7 7 7 7 7 7 0 7 7 10 8 6 11 11 4 5 4 4 4 4 5 4 4 10 7 7 11 5 2 7 11 3 5 4 11 4 4 5 0 10 10 6 8 7 0 6 7 8 4 10 7 7 8 7 11 1 9 5 5 0 10 9 7 8 7 8 7 7 7 7 7 7 11 11 5 4 5 10 2 6 7 11 11 5 4 4 5 7 10 7 7 7 8 11 4 11 5 5 7 7 11 4 11 4 5 2 3 7 11 4 5 4 4 4 4 4 10 10 2 8 9 4 5 7 10 7 7 7 7 7 7 7 8 1 11 11 5 3 4 5 11 4 11 4 2 4 5 10 7 7 7 8 9 11 4 5 4 4 5 7 11 4 4 4 2 4 10 10 8 8 9 7 7 7 7 8 11 4 4 5 10 7 7 7 7 7 7 7 0 7 6 8 4 11 11 5 4 4 5 10 2 10 7 7 8 9 7 10 8 0 7 7 8 9 7 8 11 4 4 4 4 4 4 4 4 4 4 4 4 4 5 7 11 4 4 10 2 8 4 4 11 5 7 11 4 4 10 8 7 8 11 5 11 4 4 3 10 7 7 8 7 7 8 7 7 7 7 10 10 7 7 7 7 7 8 8 4 10 2 9 10 8 7 8 1 9 5 11 4 5 10 7 7 7 8 7 11 11 4 2 5 3 4 4 4 4 4 4 11 4 4 4 5 4 4 11 4 4 4 5 10 7 0 9 8 8 11 1 5 9 11 5 4 5 7 11 2 3 4 10 10 7 7 7 7 7 8 7 7 8 1 11 3 4 4 5 7 10 7 10 7 8 7 7 7 7 7 8 7 10 2 4 4 11 9 5 4 4 5 0 7 7 10 8 4 10 6 7 7 10 2 8 4 9 4 4 4 4 5 7 7 11 11 5 5 4 4 11 4 4 4 1 5 4 4 11 3 10 7 7 7 7 8 8 4 4 10 10 8 7 7 8 7 10 10 7 7 8 8 4 10 2 9 8 7 11 11 5 4 4 4 4 4 5 10 8 4 4 4 4 4 4 10 10 2 8 11 4 3 5 4 11 4 11 4 2 5 3 10 7 7 8 10 7 7 10 7 7 2 6 7 8 11 4 4 5 10 10 7 8 7 7 8 7 10 10 2 6 8 1 11 4 5 3 11 4 4 4 11 4 5 4 4 4 5 7 11 5 7 11 11 5 2 11 5 3 4 4 4 11 4 4 4 4 4 4 4 4 4 4 4 4 4 11 4 4 4 4 4 2 3 5 4 4 11 4 4 4 4 11 2 3 5 10 7 8 1 11 9 5 4 4 5 4 4 11 4 5 10 2 7 7 10 6 10 7 7 7 2 8 9 7 10 8 8 4 4 10 10 8 8 1 11 5 7 6 11 11 5 5 7 1 4 4 4 4 11 4 4 3 4 4 4 4 5 4 1 3 4 10 10 7 7 2 7 6 8 4 10 8 1 9 4 4 4 5 10 7 10 7 7 8 4 5 10 7 7 7 8 1 9 4 11 4 2 3 4 5 7 11 11 4 5 2 9 5 10 7 7 8 11 4 11 4 5 2 9 7 8 11 4 4 4 4 4 4 4 4 10 0 8 7 7 7 7 7 7 7 6 7 7 8 7 7 7 10 8 7 7 7 11 4 5 10 10 8 7 7 7 7 7 8 7 7 7 7 7 7 7 0 7 7 6 4 11 11 2 3 4 4 4 4 4 4 5 4 10 7 11 5 5 7 11 2 11 9 5 5 10 7 7 7 7 8 11 4 4 4 4 5 4 4 4 4 11 4 5 4 4 10 2 10 10 8 8 7 7 10 10 7 7 6 7 7 8 7 7 7 7 7 7 7 7 8 7 7 11 2 11 11 5 4 4 4 4 4 4 4 4 4 5 7 7 7 7 7 7 10 7 10 7 7 7 7 8 7 7 7 7 7 7 7 7 7 7 7 8 7 7 7 7 7 7 7 7 10 9 7 8 7 8
ppo_q50_b_fd_l4,22,qv18_29,18,149,True,834.75,3.2082459926605225,5 5 7 11 9 5 5 7 7 11 2 11 3 7 11 2 5 7 11 3 7 11 5 2 7 6 11 7 8 11 4 11 5 5 7 7 1 9 11 4 5 7 8 11 2 9 11 4 5 7 8 11 11 5 5 7 7 11 11 5 5 0 9 7 8 4 4 10 10 8 8 4 4 10 10 7 7 8 7 8 11 4 1 4 3 5 10 10 7 2 6 8 1 9 11 5 2 7 11 5 4 4 3 10 4 4 4 4 10 8 7 7 8 4 10 7 10 7 7 8 7 7 8 11 5 4 11 5 10 7 7 10 8 7 7 8 7 7 7 7 11 11 5 5 10 4 1 3 5 0 10 9 8 8 4 10 7 7 8 1 4 11 9 5 4 5 7 7 7 11 2 11 11 5 4 4 5 7 11 3 4 4 4 5 7 11 4 4 4 4 10 8 2 11 3 5 0 9 5 10 10 7 7 8 7 7 8 7 10 7 7 7 1 9 5 5 7 11 5 7 11 4 11 5 7 7 8 11 2 3 4 10 7 11 2 5 4 11 4 3 4 5 4 10 10 7 7 2 6 7 7 7 7 8 11 4 4 5 10 10 7 7 7 8 2 10 6 7 8 11 4 10 7 2 8 4 10 9 8 8 4 4 4 4 4 11 4 4 4 4 5 4 4 4 11 2 11 4 5 3 4 10 10 0 8 7 8 9 4 10 7 7 8 7 7 7 7 7 7 8 7 7 10 10 8 8 1 4 4 4 4 4 9 4 4 4 4 5 10 0 7 7 7 8 6 11 11 4 5 7 1 3 4 4 5 10 7 7 7 8 11 11 2 5 3 4 11 4 5 7 7 11 11 5 2 3 10 7 8 11 4 10 2 6 8 11 2 11 3 10 7 7 8 8 10 7 7 7 10 8 7 7 8 4 4 4 11 4 5 4 4 10 7 10 2 6 8 1 11 5 10 6 4 10 8 8 11 4 4 4 4 4 4 4 11 4 4 5 2 9 7 11 5 5 0 10 6 7 7 8 7 1 11 9 5 4 4 5 10 7 8 11 11 4 4 4 2 3 5 10 10 7 7 7 7 7 7 7 2 6 8 4 10 7 8 1 3 4 11 4 4 4 4 5 4 11 4 4 4 4 10 8 2 9 4 5 10 10 8 7 8 7 10 7 7 10 7 7 7 7 8 7 8 7 11 11 5 2 10 8 7 7 6 10 10 2 8 9 4 4 4 4 5 4 11 4 4 11 5 2 7 11 4 5 9 4 4 5 7 11 4 4 1 3 4 5 10 10 0 8 8 7 7 7 7 7 7 7 7 10 7 8 11 9 5 5 7 7 11 11 4 4 5 7 8 4 4 11 4 5 7 11 4 5 11 1 4 5 4 3 4 10 10 7 7 8 7 7 7 7 7 7 8 7 11 2 11 4 4 4 4 5 9 10 7 8 8 4 4 10 10 8 7 7 7 8 11 4 4 5 10 7 10 8 7 7 8 4 10 7 7 1 9 5 4 4 4 4 4 5 4 11 4 5 11 4 4 11 4 5 7 7 7 8 11 5 11 11 5 2 3 10 10 7 7 7 7 8 8 4 10 10 8 8 4 10 7 7 7 0 7 7 7 7 7 7 8 6 4 11 11 2 5 11 9 4 5 4 5 4 11 5 7 11 4 11 2 3 5 11 4 11 2 3 4 5 10 7 10 7 8 7 7 7 7 8 11 4 1 4 3 4 4 4 4 4 5 10 2 3 4 10 10 7 2 6 8 4 4 10 10 8 7 0 10 8 8 6 7 7 7 7 7 10 7 8 10 7 7 7 11 5 2 10 8 11 4 4 3 11 4 5 2 10 6 8 11 11 4 5 2 11 5 7 11 3 5 4 11 11 2 4 5 9 7 8 4 10 8 4 4 11 4 11 2 4 4 5 3 10 10 2 8 9 4 5 10 10 8 7 7 7 7 7 7 7 7 10 7 2 6 7 7 8 4 10 7 10 8 2 9 8 11 4 4 4 4 5 10 7 8 11 4 4 11 4 5 2 9 5 7 11 4 4 4 4 4 5 7 11 11 2 3 4 4 4 4 5 4 10 7 8 11 11 5 2 4 7 7 11 4 11 4 4 4 4 4 4 4 4 4 4 4 4 4 4 4 4 4 4 4 4 4 4 4 5 5 11 4 4 4 3 4 11 4 5 2 11 11 5 4 5
ppo_q50_b_fd_l4,23,qv18_3,18,157,True,873.0,8.86915922164917,5 5 7 11 6 11 4 5 7 8 11 11 5 5 7 7 11 11 5 5 7 7 11 11 5 5 0 10 8 6 4 10 8 11 4 11 2 5 7 11 4 9 5 5 10 7 8 11 11 4 5 5 10 7 8 11 4 10 2 8 11 4 3 7 11 5 5 7 7 11 1 9 5 5 10 7 11 5 2 10 6 7 7 7 7 7 7 7 7 7 8 4 10 8 7 7 7 7 7 7 7 11 11 4 5 2 9 5 7 7 11 11 4 5 4 4 4 5 7 1 9 4 4 5 7 1 4 4 4 4 4 3 10 10 8 8 11 2 11 5 10 7 6 4 10 7 8 7 7 7 8 4 0 7 6 10 7 7 8 1 3 7 11 11 5 4 5 7 7 7 11 4 1 9 5 4 5 0 6 7 11 4 10 2 6 8 4 10 2 9 10 8 8 4 4 10 10 7 8 8 7 11 1 4 4 4 3 5 7 10 8 11 4 11 5 4 5 10 7 11 4 4 5 4 5 7 1 4 3 10 7 8 10 10 8 2 9 4 10 7 8 7 7 7 7 8 4 10 10 8 7 7 8 7 11 1 9 5 5 11 4 5 10 7 7 7 11 2 3 5 7 7 11 11 5 5 7 7 11 11 4 4 4 4 4 4 4 4 4 5 2 7 11 9 4 4 8 8 4 10 7 7 8 7 7 7 10 7 8 4 4 10 10 7 7 2 7 8 4 10 9 8 8 10 7 2 7 7 7 7 7 7 7 11 11 4 4 4 4 3 5 2 3 11 4 4 4 4 4 4 4 5 7 11 2 3 4 4 11 4 4 4 11 5 2 7 7 6 7 10 7 7 8 10 2 9 4 4 10 7 2 6 7 7 7 8 7 7 0 6 7 11 11 5 5 7 11 4 11 5 4 5 1 4 9 4 4 4 5 7 11 5 4 10 2 10 7 8 4 10 6 11 4 5 2 9 4 5 10 8 4 10 10 7 7 7 8 8 11 4 5 10 10 2 6 7 8 10 7 7 7 7 11 2 4 5 10 8 4 10 9 8 7 8 7 7 7 7 10 2 10 6 4 10 8 4 4 4 5 4 10 7 7 8 11 4 11 4 4 4 4 4 5 4 4 5 4 4 1 4 11 4 3 5 10 4 4 4 4 4 4 4 10 8 2 9 7 7 8 4 10 7 7 10 8 7 7 7 8 11 4 4 10 7 8 4 5 10 7 7 10 8 2 11 5 3 7 11 11 4 5 4 4 4 4 5 10 8 7 0 6 7 11 11 5 4 4 4 4 4 5 10 8 11 4 4 5 10 10 2 8 7 9 7 8 4 0 10 6 7 8 4 4 10 10 2 6 8 4 10 8 4 10 7 10 8 7 7 7 7 7 0 8 7 6 7 7 7 7 7 7 7 7 7 7 7 7 7 7 7 7 7 7 7 7 7 7 7 7 10 7 7 10 2 8 11 5 7 11 9 5 4 5 4 10 0 9 8 7 7 8 11 4 2 11 9 4 5 5 10 2 10 10 7 7 6 7 8 4 5 7 10 7 7 7 7 7 8 11 1 3 5 11 4 4 11 2 4 5 9 5 10 10 0 7 6 8 7 7 0 7 6 7 8 11 4 4 10 7 2 6 8 7 10 10 7 7 7 8 7 8 10 2 6 11 5 4 4 4 4 4 4 4 4 4 4 4 4 4 4 4 1 4 11 4 3 5 7 11 5 10 7 10 7 7 7 8 8 11 4 4 5 4 10 2 7 11 3 4 4 4 5 7 11 4 4 4 4 10 2 8 9 7 8 11 4 4 5 4 4 4 4 4 4 4 4 4 4 4 11 4 11 4 4 4 4 4 4 4 5 4 4 4 4 4 4 1 3 5 11 11 4 5 4 5 10 7 2 7 9 7 8 11 11 4 5 4 5 4 10 7 8 10 7 11 2 5 9 4 11 5 5 4 1 4 9 5 7 11 4 4 5 7 11 4 4 10 2 8 4 10 7 9 8 8 4 4 10 10 8 7 7 8 7 7 7 10 10 8 7 7 7 7 7 8 11 2 11 11 3 4 5 4 5 10 7 11 4 5 2 9 5 11 4 4 4 4 4 4 4 5 0 7 7 10 9 8 8 11 4 10 8 7 7 7 7 7 8 11 4 10 8 2 6 4 10 10 8 7 7 7 8 7 7 7 7 7 7 7 7 7 7 7 7 7 10 2 6 11 4 4 4 4 4 4 4 4 4 4 4 4 4 4 11 2 5 9 7 8 11 11 5 4 4 4 4 4 4 4 5 11 2 6 11 11 4 5 4 4 5 10 2 6 7 7 11 4 11 4 5 5 4 4 10 8 7 10 7 7 8 11 4 4 4 11 4 2 5 4 4 4 4 4 4 4 4 4 4 11 3 4 5 7 7 11 11 2 5 9 7 7 7 7 8 10 10 7 7 7 7 7 7 7 7 7 7 7 8 8 4 10 7 7 7 10 7 7 7 2 7 8
ppo_q50_b_fd_l4,24,qv18_30,18,153,True,873.0,2.7711215019226074,5 5 7 9 11 5 5 7 7 11 11 5 5 7 7 11 11 4 5 7 8 11 1 9 4 5 7 8 11 11 5 5 7 7 11 2 9 11 4 5 7 8 11 11 5 5 10 10 7 8 7 7 7 7 8 11 2 4 3 7 11 4 4 1 9 5 4 5 10 7 0 7 7 7 6 7 8 11 2 7 6 7 7 7 7 7 7 7 11 11 2 5 7 11 3 7 11 4 5 2 7 11 9 5 4 4 5 7 11 11 5 4 5 10 2 7 10 7 7 7 7 7 7 6 8 11 11 5 4 11 4 4 4 4 4 5 4 4 5 4 4 4 4 10 10 8 8 10 8 11 4 4 10 2 8 7 7 7 7 7 6 4 10 7 7 8 7 1 11 5 7 6 11 11 5 5 7 11 4 4 4 5 10 10 8 4 4 4 5 4 10 2 10 6 8 4 10 10 8 8 11 2 6 11 4 4 5 7 11 11 4 5 4 4 5 7 11 2 3 4 10 10 7 7 8 7 7 7 7 7 7 7 7 7 7 8 7 11 2 4 3 10 10 8 7 7 8 1 4 9 5 1 4 4 4 4 4 9 4 5 4 4 4 11 11 4 4 5 2 10 6 7 8 4 4 10 10 7 2 8 7 9 7 7 10 7 7 8 8 4 4 11 5 10 7 7 10 7 8 4 5 10 7 10 7 8 8 11 1 4 5 11 4 4 4 5 4 4 4 3 4 1 4 3 4 11 5 4 11 2 4 4 10 10 7 8 7 8 9 7 7 7 8 4 10 7 10 7 2 6 8 10 10 7 8 2 4 10 7 9 7 8 7 7 8 7 11 2 6 11 11 5 5 11 4 4 4 5 4 4 11 4 10 2 3 4 4 4 4 5 11 2 4 11 4 4 3 4 5 10 7 7 10 7 7 8 8 4 10 10 7 7 8 2 10 10 8 8 4 10 7 7 7 9 8 7 8 7 10 8 7 7 7 11 11 5 4 5 7 10 2 7 11 4 4 4 4 4 11 5 4 3 4 4 4 4 4 5 10 2 9 7 8 11 11 4 5 7 8 1 9 8 11 4 4 4 4 4 4 5 7 11 11 5 2 10 8 4 10 7 10 8 7 8 6 10 7 8 7 7 7 7 7 7 7 7 7 7 10 10 8 7 7 8 0 7 7 7 7 7 7 7 7 7 7 7 7 7 7 7 7 7 7 7 7 10 9 8 4 5 7 7 7 7 7 7 10 7 7 10 2 6 8 4 11 5 7 7 10 10 7 8 7 8 10 2 9 10 7 7 7 7 2 7 8 9 10 7 8 7 8 4 4 11 5 10 7 7 11 4 5 4 4 5 11 11 5 4 4 5 4 11 11 5 0 6 7 7 7 7 7 7 7 7 7 7 7 7 8 11 1 9 5 7 8 11 4 11 4 2 3 4 4 4 5 4 4 4 1 4 4 4 3 11 4 1 4 4 4 5 3 10 10 8 7 8 11 5 4 10 10 2 6 8 10 7 7 11 5 5 10 10 2 6 7 7 7 7 8 10 7 7 7 7 7 7 10 7 7 7 8 8 4 0 9 5 11 5 7 11 11 4 4 4 2 5 4 4 4 4 4 11 9 5 4 5 4 1 9 4 5 11 11 4 2 3 5 0 10 9 8 7 7 7 7 7 7 7 7 7 8 11 2 11 9 5 1 5 9 5 7 7 11 11 2 5 9 10 8 7 7 7 7 8 7 7 7 11 11 2 5 10 8 6 10 7 7 10 7 8 7 7 8 1 4 3 11 5 4 4 4 4 4 4 4 4 4 11 4 4 11 4 4 5 4 11 5 7 8 11 2 11 9 5 5 0 10 7 9 7 7 7 7 8 7 8 11 5 4 10 10 7 8 7 8 0 9 8 10 7 7 7 7 7 10 8 4 4 4 4 4 4 4 4 4 5 11 2 6 7 11 11 2 3 4 5 7 11 4 4 4 11 4 5 2 7 11 5 3 10 10 2 6 8 11 4 4 4 5 10 7 8 4 10 10 2 6 8 4 10 10 8 7 8 7 11 11 5 7 8 7 7 7 7 10 8 11 5 10 7 10 2 8 4 9 4 4 4 4 5 4 4 4 4 1 4 4 11 5 7 11 4 9 5 5 11 4 4 4 4 4 4 4 4 4 4 4 4 4 4 1 4 4 4 4 4 11 4 4 5 5 4 4 9 4 5 4 11 4 4 5 10 8 10 7 7 10 8 2 9 4 4 4 4 4 4 4 4 5 4 10 7 8 11 11 4 4 4 4 2 4 4 5 9 10 7 7 7 8 0 6 7 7 7 7 7 8 7 11 2 11 4 11 5 4 4 4 5 11 11 4 5 3 5 7 7 11 11 2 3 4 5 11 11 2 5 4 11 11 4 4 4 4 4 4 4 4 4 4 4 4 4 4 4 4 4 5 4 4 4 4 4 4 4 4 5
ppo_q50_b_fd_l4,25,qv18_31,18,150,True,876.0,4.6959569454193115,5 5 7 11 3 7 11 2 5 7 11 9 5 5 7 7 11 11 4 5 7 8 11 11 4 5 7 8 11 11 5 5 7 7 11 11 4 5 7 8 11 11 5 5 7 7 11 11 5 5 10 2 10 7 9 8 8 4 4 10 0 7 9 7 8 8 4 4 10 0 6 4 10 7 7 2 7 8 11 7 9 8 7 8 1 4 11 4 3 4 4 4 4 4 4 4 5 7 1 4 4 4 4 4 4 10 10 8 7 8 4 9 10 7 8 8 4 10 7 7 7 8 4 7 1 4 4 4 4 11 9 5 4 5 11 2 3 10 7 10 7 7 7 7 7 8 8 11 2 11 4 4 4 4 4 4 4 5 3 10 10 7 7 7 0 7 7 8 7 7 6 8 11 4 10 7 8 7 7 7 8 4 10 2 6 7 11 11 2 5 3 4 11 1 4 3 5 10 7 11 5 5 0 7 7 7 7 7 6 7 7 11 11 4 2 4 3 5 4 11 4 11 2 5 10 8 7 9 7 8 7 0 6 7 11 4 4 4 11 4 5 4 4 4 4 5 7 11 2 7 7 6 7 10 10 8 2 9 8 11 11 4 4 5 4 5 7 7 11 11 5 4 5 0 9 7 7 8 7 10 7 7 7 8 7 11 11 4 5 2 7 11 4 4 9 5 4 4 5 0 10 7 10 6 8 7 7 7 7 8 1 4 3 4 4 11 1 5 11 9 5 5 0 9 5 10 10 2 8 9 7 8 4 4 10 10 8 8 7 10 7 7 10 8 7 8 1 4 9 4 5 0 10 9 8 7 7 8 1 3 4 11 4 4 4 4 5 4 4 4 4 4 11 4 4 4 4 4 4 10 8 2 9 7 7 8 4 10 7 7 7 7 10 7 8 0 7 7 8 11 9 5 7 7 7 8 7 7 11 5 1 9 4 4 4 5 0 9 10 8 8 11 1 4 9 5 5 4 10 2 9 10 7 7 8 8 4 10 2 6 7 11 11 4 4 4 4 4 5 4 5 7 7 11 11 4 4 4 5 7 8 11 4 5 7 7 11 11 5 5 11 2 9 4 4 10 8 8 11 4 5 10 10 8 7 7 7 7 8 7 7 7 7 7 7 7 1 4 11 5 7 11 4 3 4 11 5 4 4 4 4 5 7 7 11 11 2 5 9 7 8 4 4 10 10 7 7 0 8 7 7 6 7 8 11 4 4 5 10 10 7 8 8 4 4 10 10 8 8 4 10 7 7 0 7 8 7 6 7 7 7 11 11 5 4 2 4 9 4 4 5 10 7 7 8 10 7 8 11 11 4 4 4 4 4 5 5 7 7 11 2 9 4 5 11 5 4 11 4 4 11 2 4 4 4 5 9 5 10 10 7 7 7 7 8 2 7 7 6 7 7 10 10 8 7 8 11 5 10 7 7 10 2 8 4 10 7 8 6 11 11 4 2 4 5 11 5 3 4 4 4 4 4 11 5 10 7 7 11 5 4 4 4 4 4 5 0 10 7 7 8 7 9 7 7 7 8 7 10 7 7 7 0 7 6 7 8 7 11 11 4 4 2 3 4 4 4 4 4 5 7 11 11 5 4 4 4 4 1 4 5 9 7 8 11 11 5 1 4 4 5 9 7 8 4 4 10 10 8 8 10 8 4 10 7 7 0 9 8 7 7 7 7 7 8 10 2 10 9 8 8 1 4 4 3 11 4 5 7 11 11 4 4 4 5 5 0 10 7 7 7 7 6 7 8 10 7 7 8 7 11 11 4 2 5 7 7 11 11 4 4 5 4 4 5 4 11 9 5 4 4 4 4 4 4 5 7 11 2 3 7 7 10 10 2 8 7 6 7 7 7 10 7 11 5 5 7 7 7 7 7 7 10 8 4 10 7 7 7 7 10 2 8 6 4 4 4 4 4 4 4 4 4 4 4 4 4 4 4 10 7 8 11 11 5 4 4 4 4 4 4 4 5 0 9 5 4 10 10 8 7 10 8 7 8 1 4 11 5 7 7 7 7 7 7 7 7 7 7 7 6 7 7 7 7 7 7 10 4 5 10 7 10 8 2 11 4 3 4 5 10 8 7 11 11 2 4 5 7 11 5 7 11 4 3 4 11 4 4 5 7 8 11 2 11 3 4 11 5 2 9 11 5 4 5 10 7 7 8 10 7 7 7 7 7 7 7 7 7 8 4 4 10 10 7 2 6 7 7 7 7 8 10 2 7 7 11 11 5 4 5 7 11 4 4 3 11 4 4 4 4 4 4 5 5 4 4 4 4 4 4 11 4 4 5 10 2 4 3 4 10 10 2 6 7 8 11 2 4 4 10 10 8 8 10 10 8 8
ppo_q50_b_fd_l4,26,qv18_32,18,153,True,858.25,2.4621939659118652,5 5 7 11 3 7 11 5 2 9 7 7 8 11 4 11 5 5 7 7 11 11 4 5 7 8 11 11 5 5 10 7 7 8 11 4 11 4 5 5 0 7 11 9 8 8 4 10 7 7 7 8 7 7 7 7 7 7 11 11 4 5 2 10 8 9 8 11 11 4 4 5 1 5 3 7 7 11 11 4 4 4 4 5 5 7 7 11 2 11 9 5 5 7 7 11 11 5 5 0 10 8 4 10 9 8 7 8 7 10 7 8 4 10 7 7 7 10 8 2 11 4 4 9 5 4 5 4 4 4 11 4 11 5 7 7 8 11 4 2 4 4 3 4 10 10 8 7 7 7 7 8 11 2 9 4 5 7 11 5 4 10 10 7 7 8 7 7 7 7 0 7 7 7 8 11 5 9 10 8 7 7 8 11 5 10 7 7 11 5 2 7 11 5 7 7 6 7 7 11 7 7 7 7 7 7 7 7 7 7 7 7 7 7 7 7 7 7 7 7 7 7 7 7 7 7 7 10 2 8 4 10 7 10 7 7 7 6 7 8 8 10 7 7 8 1 4 4 3 4 10 10 8 2 11 4 3 4 4 4 5 10 2 10 7 10 7 6 7 8 7 8 11 5 0 7 7 7 6 7 11 11 4 2 3 5 4 1 4 4 4 4 11 3 4 4 4 4 5 7 11 4 5 4 10 10 8 2 4 4 3 10 7 10 8 8 4 4 10 10 7 8 7 7 7 7 7 7 7 7 7 7 7 7 8 11 2 11 4 11 3 5 5 11 2 11 5 4 4 4 11 4 4 5 4 3 10 7 10 7 8 7 7 7 7 7 7 8 11 4 2 11 4 4 3 5 10 7 10 8 2 4 10 9 7 8 8 11 4 5 7 7 7 7 10 10 8 2 10 7 6 4 10 8 8 10 7 8 4 4 4 1 11 4 5 4 4 4 3 4 4 4 11 4 5 7 4 4 10 10 2 6 8 11 4 4 4 4 11 4 5 0 6 7 8 11 5 4 10 10 8 7 7 7 8 4 10 10 8 7 7 7 7 7 0 7 8 4 10 9 8 8 4 1 9 4 4 5 7 11 5 11 4 4 4 4 4 4 4 4 4 11 4 4 5 5 10 7 11 4 4 5 2 9 7 8 4 10 8 11 4 4 10 8 7 7 8 7 7 7 7 7 11 5 10 8 7 7 7 10 10 2 8 4 10 8 4 10 10 8 7 7 8 9 11 5 5 10 7 8 4 1 4 4 4 4 4 4 3 4 4 4 11 4 4 4 4 4 4 5 11 2 3 10 7 10 8 0 7 8 4 10 7 9 8 8 4 4 10 10 7 8 2 9 4 4 5 10 7 7 7 10 7 7 8 1 3 5 7 11 5 11 11 4 4 4 5 2 7 11 4 4 5 10 9 7 8 4 5 10 7 7 8 11 4 4 4 4 4 4 4 5 4 4 10 10 7 7 8 7 7 7 7 7 7 7 7 7 7 7 8 4 10 10 7 8 2 9 10 8 8 1 4 4 4 3 4 4 11 4 4 4 4 4 5 4 10 2 9 10 7 8 4 5 10 2 10 9 8 7 7 8 1 4 4 4 4 4 4 4 9 4 5 11 11 5 2 4 3 4 4 4 4 4 4 4 4 4 4 4 4 4 4 4 4 4 4 4 4 4 4 4 4 4 4 4 11 5 4 4 1 11 4 5 9 10 8 8 11 2 9 11 5 4 5 7 7 10 2 7 7 7 6 10 10 2 8 9 4 4 4 4 5 4 4 4 4 11 4 4 5 10 7 11 4 4 4 5 5 11 5 7 11 4 4 11 2 4 5 7 10 7 10 8 6 8 10 0 8 9 4 10 8 4 4 5 10 7 2 10 7 7 7 7 7 8 7 6 7 7 11 11 4 4 4 5 5 10 7 7 8 11 11 4 4 5 4 4 4 5 7 1 3 4 11 11 2 4 5 10 7 7 8 6 4 11 4 11 4 5 2 9 5 7 10 7 7 8 11 5 10 7 7 10 7 8 2 9 8 11 4 11 4 5 5 7 7 11 11 4 5 2 3 10 7 7 7 7 7 7 10 2 6 8 11 4 5 10 10 7 8 7 8 10 7 7 0 7 7 6 8 11 11 2 5 4 4 4 3 4 1 4 11 4 4 4 3 4 5 4 4 11 4 4 10 2 8 7 7 6 10 8 4 10 10 7 8 7 8 4 10 10 7 8 7 8 11 4 10 7 8 8 11 4 5 10 10 2 8 7 11 11 4 4 3 4 5 4 4 5 4 10 2 7 11 3 7 11 5 4 4 5 7 11 11 2 5
ppo_q50_b_fd_l4,27,qv18_33,18,155,True,872.0,6.954543352127075,5 5 7 11 9 5 5 7 7 11 11 5 5 10 7 7 7 8 11 4 4 11 4 5 5 7 7 1 9 11 4 4 5 5 7 7 11 2 11 9 4 4 5 5 7 7 11 11 5 5 0 10 9 8 4 5 10 10 7 8 8 11 4 5 10 10 7 7 7 8 8 11 4 5 10 10 7 2 8 4 10 7 6 11 4 4 2 5 9 5 7 7 11 11 4 5 4 4 4 5 10 7 8 4 0 7 9 10 8 7 7 7 7 7 8 4 10 7 7 7 7 11 5 5 7 7 11 1 3 5 7 7 11 11 2 5 7 11 3 4 5 7 11 4 11 2 3 5 10 0 6 7 7 8 10 7 7 7 7 7 7 7 11 4 5 7 8 4 10 8 11 4 11 5 2 10 7 7 8 7 7 7 7 7 7 7 7 7 7 7 10 7 7 10 7 7 7 7 7 7 7 7 7 7 7 7 7 7 7 7 6 8 7 7 8 4 10 7 7 7 11 2 3 5 0 10 8 11 9 5 7 7 8 11 5 4 10 10 8 7 7 7 7 8 1 3 4 11 4 4 5 7 7 11 11 4 4 5 7 2 11 9 4 5 0 8 9 4 5 10 10 2 6 7 7 7 7 7 7 8 4 10 10 2 6 8 1 11 4 4 5 9 10 8 7 8 7 7 7 7 7 7 7 7 11 2 11 11 4 5 3 4 5 7 11 2 4 4 11 4 4 4 5 9 7 11 5 4 4 4 5 4 10 2 10 6 10 8 7 7 7 8 7 7 7 10 7 7 2 7 7 11 11 5 5 10 7 8 6 10 8 7 7 10 7 7 7 7 7 7 7 7 7 10 8 2 4 4 4 3 4 4 4 4 4 11 11 2 4 5 7 11 9 5 4 5 7 10 0 7 8 6 11 11 4 5 4 4 11 4 4 4 5 5 10 7 8 11 11 4 5 4 4 5 10 2 4 3 4 10 10 7 7 8 7 8 4 4 10 10 2 6 8 7 10 7 7 7 10 2 8 11 4 4 4 3 5 11 11 4 5 2 3 11 4 4 4 4 4 5 7 11 11 2 4 5 9 7 8 11 4 10 2 6 7 7 7 8 7 7 7 7 7 7 7 7 7 10 7 7 7 7 7 7 8 7 7 7 11 11 2 3 4 5 7 7 7 11 11 4 2 3 4 4 4 4 4 4 4 4 4 4 4 4 5 7 11 2 4 11 4 3 5 11 4 4 4 4 4 4 4 4 4 4 4 4 4 4 4 4 4 4 4 5 4 4 4 4 1 9 5 7 7 7 7 11 11 2 3 4 4 4 4 4 4 5 4 11 2 11 9 5 5 7 7 11 11 5 4 4 4 4 1 4 4 5 10 9 8 8 11 4 4 4 4 4 4 5 10 8 10 10 7 8 7 7 8 7 10 7 10 7 7 8 8 7 7 7 10 10 2 8 11 4 5 7 11 11 5 3 4 4 5 4 4 11 4 5 11 2 9 7 7 7 8 11 4 4 4 4 4 4 4 5 7 11 4 11 2 5 10 7 8 9 7 7 7 10 8 8 10 7 7 7 7 7 7 7 7 7 7 7 8 1 4 4 4 4 4 4 4 11 9 4 5 7 8 11 2 11 9 5 5 4 11 4 4 4 5 0 10 7 6 7 7 7 7 8 4 4 10 10 2 6 8 7 7 10 10 7 7 8 8 4 4 10 10 7 8 8 10 7 8 11 2 9 11 5 4 4 5 7 11 4 4 5 10 7 8 11 4 4 11 4 5 2 10 6 8 4 4 10 10 7 8 7 7 7 7 7 8 4 4 10 10 8 8 7 7 7 7 7 7 7 7 7 7 7 7 7 7 7 7 7 7 7 7 10 7 7 7 7 7 7 7 8 10 2 10 9 8 7 7 7 7 7 8 4 10 8 4 10 7 7 10 2 8 6 10 7 8 7 7 7 7 7 7 7 7 7 7 7 7 7 7 10 10 7 7 7 7 7 7 7 8 8 11 2 4 9 10 8 8 10 8 7 7 7 0 9 7 8 4 10 10 8 2 11 5 9 7 11 4 4 5 7 8 11 4 4 11 5 4 5 0 9 10 7 8 2 10 7 8 7 7 6 7 7 7 10 7 7 8 7 7 10 10 8 2 11 5 7 11 4 4 3 4 5 7 7 11 11 2 4 3 4 4 4 4 4 5 4 4 4 4 4 4 4 4 11 5 0 9 5 10 8 4 10 7 7 7 7 7 11 2 4 5 7 10 6 8 1 4 4 11 5 4 3 4 4 4 4 4 4 11 11 4 5 2 10 6 8 7 10 10 7 7 7 7 7 7 7 8 2 4 10 9 7 7 8 7 7 7 8 4 4 4 4 10 7 11 2 5 11 11 4 5 4 4 4 3 4 4 4 4 4 5 11 11 4 4 4 4 4 4 4 4 4 4 4 4 4 4 5 2 4 9 4 5 10 7 11 5 5 4 4 4 4 4 4 4 4 4 4 4 11 4 5 7 11 11 4 4 5 7 7 7 7 7 7 8 7 7 7 10 7 8 11 2 9 4 5 10 10 8 7 7 7 7 8 7 11 4 5 10 10 8 7 8 7 7 7 7 10 10 7 7 7 2 7 7 7 7 7 7 8
ppo_q50_b_fd_l4,28,qv18_34,18,156,True,895.25,7.032532215118408,5 5 7 11 3 7 11 5 2 7 11 6 11 5 5 10 7 8 11 11 4 5 5 10 7 8 11 7 7 8 11 4 4 11 4 4 5 7 8 11 11 5 5 10 2 9 7 11 4 5 5 10 7 8 11 11 4 5 5 7 7 11 11 5 5 0 10 9 8 4 5 10 10 8 8 11 4 5 10 10 7 7 7 7 7 2 6 7 7 7 7 7 8 4 10 7 7 11 5 2 7 11 3 4 5 7 11 4 4 4 11 2 4 5 10 7 7 6 8 11 11 4 2 5 4 3 7 11 5 7 11 4 4 4 4 4 4 10 8 2 4 10 6 8 4 4 10 10 7 2 6 7 8 4 10 7 10 7 7 2 6 8 4 10 8 4 10 2 7 10 9 8 8 4 1 4 4 4 4 11 4 4 5 7 11 4 3 4 4 4 5 0 7 10 9 8 7 7 7 8 4 10 7 7 7 7 7 7 8 7 11 1 4 9 5 4 4 5 4 4 4 4 1 9 8 11 11 4 4 4 4 5 5 10 2 10 6 4 10 8 8 11 4 4 4 5 10 7 7 0 7 7 7 8 4 9 10 8 7 7 7 7 8 11 11 5 4 4 4 4 4 4 5 10 7 8 4 10 2 7 10 6 4 10 2 8 9 10 7 8 8 1 11 3 5 0 9 10 7 8 7 7 7 8 1 4 4 4 11 4 5 3 11 7 7 11 5 5 7 7 11 11 4 4 4 4 5 4 5 10 4 4 4 4 10 8 8 11 4 5 10 10 7 7 8 2 9 7 8 11 4 4 4 5 10 7 10 7 8 8 4 10 7 7 7 7 7 10 2 8 9 8 4 10 10 8 8 11 2 9 11 4 5 4 4 5 4 4 4 4 4 4 4 10 7 8 11 11 5 4 4 5 0 6 4 10 7 7 8 1 4 3 10 10 8 7 8 4 10 2 6 4 10 7 7 7 11 4 5 5 10 7 11 2 3 5 7 11 4 11 5 2 4 4 4 4 3 4 4 4 10 10 7 7 8 8 7 7 10 7 8 4 10 7 10 7 7 8 7 7 10 8 2 9 4 10 7 8 8 4 1 9 5 7 11 4 5 7 11 11 2 5 10 7 7 8 9 11 2 5 7 11 3 7 11 5 4 5 10 7 11 5 4 4 4 5 7 11 4 4 5 4 4 11 4 4 10 7 8 2 11 4 4 5 10 7 10 7 7 6 7 7 8 4 5 10 7 7 7 7 8 7 11 11 2 3 5 10 2 3 10 7 8 1 9 11 5 4 4 4 4 4 4 5 0 9 5 10 7 7 10 7 7 7 7 7 7 8 7 7 8 11 2 11 3 11 5 2 3 11 5 0 6 7 10 7 0 7 8 9 4 10 7 7 7 8 1 5 9 5 7 11 4 4 4 5 4 4 11 4 4 11 2 5 9 7 8 11 4 4 4 11 4 4 5 4 5 10 7 7 8 11 11 2 5 10 8 6 7 7 10 7 10 7 7 7 7 8 4 5 10 2 7 7 10 8 6 11 11 2 3 4 4 4 4 4 4 4 5 10 2 7 7 6 7 7 10 7 7 8 4 4 10 10 7 8 8 10 2 9 8 7 7 7 7 7 7 7 7 7 7 7 7 7 7 7 7 7 7 7 7 7 7 7 7 7 7 10 10 2 6 8 4 11 5 10 7 7 10 7 8 8 7 7 7 7 10 7 8 1 4 3 10 10 8 7 7 7 7 7 7 7 8 4 4 0 9 5 4 4 4 4 4 4 11 5 7 11 4 4 4 4 4 4 10 8 8 4 4 10 10 7 8 2 4 10 8 4 10 6 7 8 4 10 7 7 8 7 7 7 11 11 2 5 11 4 3 7 11 4 5 2 9 11 4 5 5 7 7 11 4 4 4 4 4 4 5 0 10 7 9 7 8 4 5 10 10 7 7 8 8 4 10 7 7 7 8 1 9 4 11 4 5 4 4 4 5 10 8 0 7 10 7 8 11 9 5 5 10 7 7 7 7 8 7 10 4 4 11 4 5 7 8 4 10 8 11 4 1 5 11 4 11 3 4 5 4 4 4 4 11 4 5 7 7 7 8 11 4 2 4 4 3 10 10 8 2 9 7 7 8 7 7 7 7 11 4 5 10 10 8 7 7 8 11 4 4 4 5 10 10 7 7 2 6 7 7 7 7 7 8 4 10 7 8 4 0 9 7 7 11 4 5 5 7 7 11 11 5 4 5 4 11 4 11 4 4 2 3 5 7 11 4 1 11 5 5 11 3 5 10 10 2 8 10 10 7 6 8 7 7 7 7 7 7 7 7 7 7 7 7 7 8 7 10 2 7 7 11 11 5 5 11 4 4 11 5 4 5
ppo_q50_b_fd_l4,29,qv18_35,18,153,True,859.75,6.9069859981536865,5 5 7 11 6 11 5 5 7 7 11 1 3 7 11 5 2 7 11 3 7 11 5 2 9 7 8 11 11 4 5 7 8 11 11 5 5 0 10 7 6 7 7 8 4 10 7 7 7 7 7 11 2 5 7 9 8 7 11 11 1 5 5 9 4 5 7 11 4 4 11 5 5 7 7 11 2 9 11 4 4 5 7 8 11 11 5 5 7 7 11 11 5 5 0 10 7 7 7 6 8 7 7 7 7 7 7 7 10 7 8 11 11 2 4 5 9 7 8 11 11 4 4 2 5 4 4 9 4 11 4 5 5 4 4 4 11 2 4 9 10 8 8 4 4 10 2 10 6 4 10 8 7 7 2 7 7 6 4 10 7 7 7 7 8 11 4 4 10 7 7 7 8 7 7 8 4 10 7 7 11 2 5 10 8 11 4 4 4 4 11 3 4 5 4 4 5 10 2 4 4 3 4 10 10 8 7 8 4 0 9 8 4 10 10 7 7 7 8 2 6 11 4 5 7 11 11 4 4 4 5 5 11 2 9 4 4 4 10 8 7 8 11 4 4 5 10 10 7 8 7 7 8 4 4 10 10 7 8 7 7 0 7 8 6 11 4 4 4 4 4 4 5 4 4 11 11 5 4 4 2 4 11 4 5 9 10 8 8 11 2 4 10 6 10 8 7 7 8 4 10 7 7 7 7 11 2 5 10 8 10 7 7 9 8 8 7 11 1 4 5 4 4 4 4 3 4 4 11 5 11 4 4 5 7 7 11 11 2 5 4 3 4 10 10 8 2 4 3 7 7 10 7 7 7 7 7 8 11 2 11 4 3 10 8 7 8 4 10 7 7 10 2 8 11 5 3 7 7 11 11 4 5 5 7 11 11 5 4 5 7 11 4 4 10 8 4 4 2 11 5 9 4 4 4 4 4 11 4 4 4 4 4 4 4 4 4 4 4 4 4 4 4 4 4 4 4 4 4 5 5 7 1 9 5 4 11 11 2 5 10 8 9 11 2 3 5 7 11 11 4 4 4 5 2 4 3 10 7 10 7 8 2 9 7 8 7 0 7 7 7 7 6 7 11 11 4 5 4 5 10 7 7 11 5 5 4 4 4 4 11 4 4 4 4 4 4 4 4 4 4 5 10 7 2 10 9 7 8 7 7 8 7 11 2 11 3 11 4 5 5 0 7 10 7 7 8 9 4 10 8 7 7 8 4 10 7 10 7 7 7 7 2 6 7 8 11 11 4 4 4 4 4 4 5 4 4 5 10 2 7 7 7 9 7 8 7 7 7 11 11 5 2 10 7 8 11 4 4 11 4 4 4 4 5 4 4 4 4 3 4 4 5 7 11 2 3 4 4 4 11 11 2 4 5 7 7 7 7 7 7 7 9 7 7 8 7 7 7 10 7 7 10 8 2 4 3 10 7 8 4 10 10 8 2 4 10 7 6 8 11 11 4 2 4 5 10 7 7 7 7 7 7 8 7 6 7 11 11 4 4 4 4 4 4 4 5 4 5 7 11 11 5 4 4 4 4 4 4 4 5 4 4 11 2 11 9 5 7 7 8 7 7 7 7 7 7 7 7 7 0 7 6 7 7 10 7 8 7 7 10 7 8 11 11 2 5 10 8 11 4 3 7 11 4 4 5 5 7 7 11 11 5 4 4 4 5 7 7 11 11 4 5 5 10 7 8 1 9 8 11 11 5 4 4 4 4 4 4 4 4 4 5 7 7 11 2 9 4 10 8 8 7 7 7 1 9 8 7 7 10 10 7 2 8 4 9 10 7 8 4 5 10 2 10 7 10 8 7 7 7 7 8 6 11 4 4 4 4 4 4 4 5 7 1 4 4 4 11 4 3 10 8 8 11 4 10 7 7 8 7 8 4 10 7 10 7 8 2 9 4 4 4 5 10 7 7 10 7 7 7 8 8 11 4 10 7 8 4 5 10 2 10 9 8 8 1 4 4 3 4 11 4 4 4 4 4 4 4 4 4 5 0 9 10 8 8 4 4 10 10 7 8 2 11 5 7 7 10 6 7 10 8 8 1 11 4 4 4 4 4 4 4 3 5 7 7 11 2 11 9 5 5 0 10 6 7 7 7 8 11 2 6 4 10 7 10 7 7 7 8 7 7 7 8 4 10 2 6 7 7 7 7 7 7 7 7 7 7 7 7 7 7 7 7 10 7 7 10 7 7 8 7 7 7 7 7 2 9 7 7 8 4 10 8 1 3 4 10 10 8 7 7 7 7 7 7 7 7 7 8 4 10 2 7 7 10 7 6 7 8 11 11 4 4 4 5 4 5 0 9 5 7 11 4 5 7 11 4 11 5 5 7 11 11 2 5 10 8 9 11 5 5 10 10 7 8 0 7 7 7 7 9 8 8 4 10 10 2 8
ppo_q50_b_fd_l4,30,qv18_36,18,156,True,877.5,4.423114061355591,5 5 7 11 4 9 8 4 5 10 7 8 11 11 4 5 5 7 7 11 1 9 4 5 7 8 11 11 5 5 10 7 8 11 11 4 4 4 4 4 5 5 7 7 11 11 5 5 7 7 11 4 2 10 9 8 8 4 4 10 10 7 8 8 11 4 5 10 10 7 8 8 4 10 8 1 4 4 4 4 3 7 11 5 10 7 7 7 10 2 6 7 8 11 4 4 10 2 6 7 7 7 7 7 8 4 10 7 8 7 11 11 2 5 10 8 6 11 11 4 4 5 4 5 10 7 7 11 4 5 5 7 1 4 9 4 4 5 4 4 4 4 4 4 11 4 10 7 2 6 7 8 11 4 4 5 10 10 8 2 4 10 7 9 8 8 7 0 9 8 1 4 4 4 9 4 5 7 11 4 4 5 4 4 4 10 10 8 2 10 7 6 8 10 10 8 7 8 0 9 7 7 7 8 4 10 7 8 1 3 7 11 4 4 10 2 8 9 8 11 11 4 5 5 10 0 6 8 11 4 4 4 4 4 4 4 10 2 8 9 10 8 7 8 11 4 4 5 10 10 8 8 4 10 10 7 7 8 8 4 10 7 8 1 4 4 4 4 4 3 4 11 4 5 7 11 11 5 4 4 4 1 4 5 11 5 3 10 10 7 7 8 8 10 7 7 0 7 6 4 10 7 8 8 4 10 10 7 8 7 8 4 10 2 6 7 7 7 11 11 5 2 4 3 4 1 9 5 7 11 4 4 11 5 4 4 4 4 2 3 4 4 4 10 7 8 11 11 2 5 4 3 10 7 7 8 4 4 10 10 8 0 9 8 8 7 7 0 9 7 8 4 10 7 7 7 7 11 2 5 10 8 7 7 7 7 6 11 4 11 4 4 4 4 5 4 4 4 4 5 10 7 7 8 11 2 3 7 11 4 4 4 11 4 2 5 10 7 6 4 10 7 8 7 8 11 2 3 7 11 11 5 7 7 7 7 7 8 7 7 7 7 11 2 4 4 4 11 9 5 5 7 11 5 4 11 4 11 2 3 4 5 7 11 4 11 5 5 10 7 11 4 5 2 9 7 8 11 11 4 4 4 4 4 4 4 4 4 4 4 4 4 4 4 4 4 4 4 4 4 4 4 4 4 4 4 5 4 4 5 10 7 7 7 8 11 1 9 5 7 8 7 7 7 7 7 10 7 7 7 7 7 7 7 7 7 7 7 7 7 7 7 7 7 7 7 7 10 2 6 7 7 8 11 4 4 4 5 10 10 7 8 7 8 7 0 9 5 10 10 7 8 7 8 7 7 0 6 10 8 11 2 9 5 11 4 4 4 1 3 4 5 7 7 11 11 4 2 3 4 4 5 7 1 9 11 5 0 7 7 7 8 11 4 5 10 9 5 5 7 10 10 8 7 7 7 7 10 8 7 8 4 4 4 10 7 11 5 5 10 2 10 7 10 6 7 7 8 7 8 11 2 4 4 11 4 4 4 5 7 11 4 3 5 10 7 8 11 11 2 3 5 7 11 2 4 4 4 4 4 11 4 9 5 0 8 4 10 7 6 8 11 4 5 10 10 8 7 0 6 7 7 7 8 4 10 7 7 10 8 8 10 10 8 7 7 7 8 7 7 7 10 2 7 9 7 11 5 5 4 4 4 4 4 4 4 11 5 4 11 11 2 4 4 5 10 9 5 7 7 7 8 4 4 4 4 4 4 4 4 4 4 11 11 2 3 4 5 7 11 4 5 4 4 4 4 4 4 4 4 4 4 4 4 4 4 4 4 4 1 9 11 5 2 9 7 8 11 4 4 4 4 4 11 4 4 4 1 5 4 5 3 4 4 4 1 4 4 9 4 5 10 7 8 11 11 2 3 4 5 10 2 9 7 11 5 4 5 10 7 7 11 2 3 5 7 11 11 4 2 3 5 7 10 7 7 7 7 8 4 4 10 10 7 7 7 7 7 8 8 11 2 11 4 4 5 4 3 10 10 7 7 7 8 7 8 10 7 7 7 7 7 7 7 10 2 8 11 5 7 7 7 7 7 9 10 7 8 8 7 7 7 7 7 7 7 7 7 7 7 7 7 7 7 7 0 9 10 7 8 8 4 4 4 10 10 2 7 7 6 7 8 11 4 1 4 4 5 9 7 11 5 4 5 11 4 10 2 8 4 10 10 6 7 7 7 8 7 8 4 10 7 7 7 10 8 8 11 1 4 3 5 7 11 5 10 7 10 7 7 2 6 7 7 7 8 10 7 7 7 7 7 10 7 2 8 11 4 4 9 4 5 4 4 4 4 4 4 5 11 1 5 4 3 7 11 4 4 5 4 4 4 10 2 10 6 10 7 8 8 11 4 10 2 6 7 7 7 8 7 7 7 7 10 7 7 7 7 8 4 10 10 8 7 7 7 8 0 9 5 11 11 4 4 4 2 3 5 11 11 4 4 5 5 4 4 1 9 8 11 11 5 4 5 7 11 11 2 3 5 7 11 4 11 4 5 5 11 11 4 2 3 5
ppo_q50_b_fd_l4,31,qv18_37,18,154,True,858.5,6.178999900817871,5 5 7 11 3 7 11 2 5 7 11 3 7 11 2 5 7 11 9 5 5 10 2 10 9 8 7 7 7 8 7 11 2 11 3 4 4 1 4 4 9 5 5 10 7 8 11 11 4 5 5 7 7 11 11 5 5 10 7 8 11 11 4 5 5 7 7 11 11 4 5 0 8 9 8 4 4 10 10 8 8 11 4 5 10 10 7 7 7 8 8 4 4 10 10 2 7 7 7 8 6 11 4 7 11 4 4 2 5 3 10 10 7 2 6 8 4 4 10 10 2 8 9 4 5 7 10 7 10 8 2 6 11 4 5 7 7 11 11 4 4 4 4 5 4 4 4 5 7 11 4 4 5 4 4 4 11 4 10 8 8 4 4 10 10 8 2 4 10 7 7 7 6 7 7 7 7 7 8 4 10 10 7 2 8 9 7 7 8 7 11 11 4 4 4 4 4 4 4 4 4 5 4 4 5 10 7 7 7 7 8 1 9 8 7 11 11 5 4 5 7 11 11 5 4 5 0 7 10 8 7 7 10 7 9 8 4 4 5 10 7 7 7 7 7 7 7 7 7 7 7 11 2 5 10 8 7 7 11 11 4 4 3 4 4 4 5 4 4 4 4 4 4 4 4 5 10 2 10 6 7 7 7 10 2 6 8 11 4 4 4 4 4 4 4 5 10 8 11 4 11 4 5 4 4 5 7 11 2 9 4 10 8 7 8 7 7 7 7 7 7 7 11 4 10 8 7 8 4 10 7 10 8 7 7 8 1 4 4 11 4 5 9 10 8 8 10 10 8 8 10 8 7 1 11 4 4 4 3 5 11 4 4 4 4 11 4 4 2 3 5 7 7 11 11 5 4 4 5 4 10 7 11 5 5 10 7 11 5 2 4 4 4 4 4 11 4 4 4 4 4 4 4 4 4 4 4 4 4 4 4 4 4 4 4 5 7 11 9 5 5 10 2 7 6 11 11 4 4 4 4 4 4 4 4 4 4 5 5 7 7 11 2 11 3 7 11 2 3 4 4 5 11 4 11 5 2 9 5 11 4 4 4 4 4 5 4 4 4 4 4 4 4 4 4 4 4 4 4 4 4 4 4 11 4 4 4 4 4 4 4 10 8 2 9 8 11 11 2 3 4 4 4 4 4 5 7 11 4 4 4 1 3 5 11 4 4 5 11 11 2 5 7 7 9 7 7 7 7 7 7 7 8 11 4 4 5 10 10 7 7 7 7 8 8 4 10 10 2 8 10 7 7 10 6 8 8 4 4 10 7 8 4 10 7 10 8 2 9 4 4 5 4 4 4 11 4 11 4 2 3 4 5 4 1 4 4 4 9 4 4 4 5 11 2 4 10 6 10 8 7 0 9 8 7 8 7 7 7 0 9 5 10 7 10 7 7 8 2 7 7 6 11 11 5 4 5 7 7 7 7 7 10 8 11 4 8 7 7 7 7 7 7 7 7 7 7 7 7 7 7 7 7 7 7 7 7 7 7 7 7 10 10 7 8 2 7 10 8 10 6 7 10 8 0 8 7 10 7 7 6 8 7 7 7 11 4 10 8 7 8 10 7 7 11 5 2 10 8 11 4 4 11 3 4 5 4 4 4 4 5 7 7 11 11 5 7 1 9 5 4 5 11 4 4 4 10 8 2 9 7 8 10 10 7 2 8 4 10 7 8 10 7 7 7 7 7 7 6 8 7 7 7 7 7 7 7 7 7 7 7 7 7 7 7 7 7 7 7 10 10 7 7 8 7 8 7 11 4 5 10 2 10 9 8 8 4 0 9 7 7 8 1 4 3 4 11 5 10 7 7 10 7 7 2 8 9 4 5 11 4 5 10 7 7 7 7 10 8 7 8 11 4 4 4 4 4 5 10 7 7 7 10 2 7 7 8 9 7 7 7 7 8 10 7 7 10 7 8 7 2 7 6 11 11 4 4 4 5 4 4 4 4 11 5 5 7 10 7 7 8 11 11 5 5 11 11 4 5 2 11 5 4 11 11 5 3 5 7 0 10 7 8 9 11 5 5 10 2 9 10 7 8 7 8 7 10 7 7 7 7 8 11 4 1 4 9 4 5 7 8 11 4 4 4 4 4 4 4 4 5 7 11 1 3 7 11 4 5 4 4 4 4 5 10 7 7 2 9 11 5 5 4 4 4 4 4 4 4 4 4 4 4 4 4 4 4 4 1 11 4 5 9 10 8 8 11 2 11 9 7 8 8 4 11 4 4 4 4 4 4 4 4 4 5 11 4 4 4 4 4 4 4 11 5 2 9 7 8 11 11 4 5 4 5 4 4 4 11 1 3 4 4 4 4 4 4 4 4 4 4 4 4 4 4 4 4 4 4 11 5 5 7 7 11 11 5 2 9 4 4 4 4 11 4 5 4 4 4 5 0 6 7 10 0 7 8 7 7 7 7 10 6 8 7 7 7 7 7 7 7 7 10 10 7 7 7 7 7 7 7 7 7 7 8 8 4 10 10 2 6 8 4 10 10 8 7 8 7 7 10 10 7 7 8 8 4 10 7 8 4 4 10 10 8 2 4 10 8 10 10 7 7 7 7 8 7 7 8 11 11 4 4 4 4 4 4 4 4 4 5 4 4 5
ppo_q50_b_fd_l4,32,qv18_38,18,153,True,856.25,6.965061902999878,5 5 7 11 3 7 11 2 5 9 7 8 11 11 5 5 10 2 7 11 3 7 11 5 5 10 2 7 11 4 9 5 5 7 7 11 1 9 5 5 10 2 7 11 9 4 4 4 5 5 7 7 11 11 4 8 4 5 0 10 7 8 9 11 5 5 10 2 9 10 7 8 8 4 4 0 9 7 8 11 4 4 5 10 7 10 7 7 7 8 8 4 11 5 10 7 10 8 8 11 4 5 10 10 7 2 7 6 7 8 11 2 6 7 11 11 5 2 11 3 5 0 7 6 10 7 8 11 4 4 11 4 5 4 4 4 4 5 0 3 7 4 7 4 7 1 3 10 7 7 7 7 8 7 11 11 4 2 5 9 5 10 7 7 7 8 7 11 11 5 2 4 11 5 7 11 3 7 11 4 4 4 5 5 7 7 11 11 5 5 0 9 5 10 7 7 7 7 7 7 8 4 0 7 9 7 8 7 11 2 11 4 9 4 5 4 5 0 7 9 7 7 8 7 7 7 7 7 7 7 7 10 10 2 4 4 4 3 5 7 10 7 7 8 7 11 11 4 5 7 8 11 4 4 4 4 4 4 4 5 11 4 11 5 4 5 10 2 6 7 7 7 7 10 7 7 7 7 7 8 7 11 4 10 8 8 7 7 7 7 11 11 5 2 10 7 8 7 7 11 11 4 4 4 3 4 1 3 1 3 4 5 5 7 7 11 11 4 4 4 4 4 4 5 5 7 7 7 7 11 4 2 10 9 8 7 8 11 2 9 5 4 10 10 8 7 7 8 4 10 8 7 7 7 10 7 7 0 6 8 1 9 11 4 4 5 5 4 11 4 4 4 4 4 4 5 7 1 4 4 4 11 9 5 4 5 7 0 9 7 7 7 8 11 7 7 7 10 7 8 7 7 8 11 2 9 4 10 8 7 8 7 10 10 7 7 8 2 11 9 4 4 5 4 4 4 4 4 4 5 10 7 2 10 6 7 10 7 7 8 4 4 5 10 7 7 7 7 0 8 6 11 11 5 5 10 7 8 11 11 5 4 4 4 4 5 11 11 4 4 4 4 5 4 4 4 5 4 10 2 10 9 8 8 11 4 5 10 10 7 8 7 7 7 8 7 7 7 10 7 7 7 8 11 1 9 4 5 5 4 4 4 4 4 4 11 11 4 4 2 3 4 4 4 5 10 2 10 6 4 10 8 7 7 7 7 7 7 8 11 4 4 5 7 11 4 5 4 4 10 10 7 8 7 8 10 7 10 2 7 6 7 7 7 7 7 8 7 11 2 11 3 4 11 1 3 4 5 7 7 7 8 11 4 4 4 4 4 4 4 5 11 4 4 4 4 5 4 4 4 10 10 2 8 10 7 7 6 7 8 10 10 7 7 7 7 7 7 8 7 7 7 7 7 7 8 4 10 2 6 7 11 11 5 4 4 5 11 4 4 11 4 4 4 4 2 5 10 8 11 9 4 5 0 8 9 8 10 7 10 7 8 2 10 8 11 3 11 4 4 4 5 4 4 4 4 5 11 11 4 5 5 7 11 4 11 2 5 10 7 6 7 7 7 7 8 4 10 10 2 6 8 7 7 10 2 3 10 10 2 6 8 7 10 7 10 8 8 10 8 1 3 4 4 7 4 4 4 4 4 4 4 10 7 8 11 11 5 5 4 4 11 4 4 5 4 4 4 11 5 7 11 11 4 2 4 5 9 7 8 7 7 7 7 10 8 7 7 7 0 9 8 10 7 7 10 7 7 2 7 8 9 11 5 7 1 3 4 4 4 4 4 4 5 11 2 11 4 4 4 4 4 5 3 10 10 7 8 2 9 4 5 10 10 8 7 7 7 8 10 10 7 7 7 7 8 7 8 7 7 10 2 10 10 8 8 4 4 4 4 4 3 4 11 4 4 4 4 5 10 7 7 7 10 8 2 9 4 5 10 10 8 2 9 4 5 10 7 0 6 8 11 11 2 3 4 4 5 7 11 11 4 4 5 4 4 4 1 3 5 7 10 7 7 7 8 7 7 11 4 10 2 6 8 4 10 7 7 8 7 11 1 9 5 7 8 7 7 11 5 11 11 5 5 11 4 4 5 4 4 4 11 4 4 5 7 7 11 11 2 5 4 3 10 7 10 7 7 7 8 8 7 7 7 7 7 7 7 7 7 7 7 7 7 7 7 10 2 7 11 4 3 5 10 10 8 2 9 8 11 11 4 4 5 5 7 11 11 4 4 4 4 2 5 3 11 11 5 5 11 1 4 4 3 4 5 10 7 10 7 7 8 8
ppo_q50_b_fd_l4,33,qv18_39,18,151,True,849.5,3.6409623622894287,5 5 7 9 11 4 4 5 5 7 7 11 11 5 5 0 10 8 6 11 11 5 2 7 11 4 9 5 5 10 7 8 11 2 11 4 9 5 5 0 9 10 2 8 9 7 8 11 5 4 10 10 2 7 8 11 7 6 4 10 7 8 8 11 2 9 11 4 2 5 7 11 4 4 4 4 3 7 11 4 4 5 7 8 11 1 9 5 5 10 7 11 5 2 4 3 4 10 10 2 8 10 8 9 11 5 7 7 8 11 4 2 11 4 5 10 10 8 7 7 7 7 7 7 7 7 8 4 10 8 6 11 11 2 3 5 4 4 4 4 4 4 4 4 10 7 8 11 4 5 4 4 4 4 4 10 2 10 7 8 4 10 6 10 7 7 7 8 7 7 7 7 10 2 8 7 7 6 7 7 7 11 11 5 4 5 4 11 4 4 4 4 4 4 5 10 7 11 5 5 10 7 11 4 5 2 9 4 4 4 5 10 7 7 7 7 8 4 4 10 10 7 8 7 7 7 7 8 4 4 10 10 8 2 9 4 5 7 7 11 11 4 2 4 4 5 11 4 4 5 4 9 11 2 5 4 3 10 7 10 7 7 7 7 2 6 8 4 10 0 6 8 4 4 10 10 8 4 4 4 5 10 7 7 7 8 4 10 7 7 7 7 11 4 5 5 10 2 10 7 7 10 7 8 4 3 4 5 10 8 11 4 11 4 4 5 1 9 4 4 5 4 4 5 7 1 9 8 11 11 4 5 2 7 11 5 9 7 11 5 4 5 0 7 9 7 7 7 8 4 10 7 8 4 10 10 8 7 7 7 7 7 8 11 4 4 5 10 7 7 11 5 2 9 4 5 11 11 4 4 4 5 7 8 11 11 2 5 9 7 8 4 4 10 10 7 8 7 7 8 10 7 10 7 8 8 1 4 4 4 3 4 11 4 5 4 0 9 10 8 8 11 4 5 10 10 2 8 11 5 7 7 6 10 7 7 10 8 8 1 9 11 4 5 4 4 4 4 4 4 4 4 4 4 5 7 11 4 2 3 10 7 7 7 7 7 7 7 7 8 10 7 7 10 7 7 7 8 2 9 8 4 11 4 5 7 11 4 4 5 4 4 11 11 4 4 5 7 8 11 4 5 7 7 11 11 5 5 7 11 4 5 4 4 4 10 10 8 7 2 7 7 9 0 7 7 8 4 10 7 8 6 11 11 4 2 3 4 4 5 4 11 2 11 4 5 10 10 6 7 8 7 8 4 4 10 10 8 0 8 7 7 7 6 10 8 11 4 11 4 5 4 4 4 4 4 5 11 4 4 5 10 7 11 2 3 5 4 4 4 4 4 4 4 4 11 2 4 11 11 4 4 4 4 4 4 4 4 4 4 4 4 4 4 4 4 4 4 5 5 10 9 5 5 7 11 4 4 5 10 8 11 4 4 4 11 5 4 5 11 4 11 2 3 5 10 7 7 8 7 7 10 7 7 8 4 10 2 7 7 9 8 7 7 7 7 7 7 7 7 7 7 7 7 7 7 7 7 7 7 7 7 7 10 8 4 10 7 7 7 10 7 7 7 7 7 7 8 7 7 7 8 7 7 0 9 7 10 8 7 7 7 7 7 7 7 8 11 5 7 11 11 2 3 5 7 7 11 11 5 2 9 4 4 4 4 4 4 5 11 4 4 4 4 4 4 4 4 4 4 11 4 5 2 10 8 7 10 10 7 7 7 7 7 7 6 7 7 7 7 8 7 7 7 8 4 10 10 7 8 7 8 4 0 7 10 7 7 7 11 6 7 7 7 7 7 7 7 7 7 7 7 7 7 7 7 8 7 8 10 8 4 10 10 8 2 11 3 4 5 11 4 2 4 11 4 4 4 4 11 4 4 4 4 4 4 4 4 4 4 4 4 3 5 4 4 4 5 4 4 11 4 5 10 0 8 4 10 7 8 9 11 5 5 10 2 9 7 7 10 7 8 8 1 4 9 11 4 5 2 10 8 6 11 11 4 4 4 4 5 4 5 11 5 10 2 6 10 7 10 8 2 9 8 4 4 4 11 5 11 5 4 4 4 4 4 4 4 4 4 4 4 11 4 1 3 4 4 5 10 10 8 7 8 4 10 7 7 7 7 8 7 7 7 7 7 7 7 7 10 7 7 7 8 7 7 10 7 7 8 4 10 10 2 8 11 4 9 4 4 4 5 7 8 11 2 11 11 4 4 3 4 5 5 11 11 4 4 4 4 4 4 4 4 5 5 10 2 9 7 11 4 5 7 8 11 2 4 3 10 10 2 6 7 8 4 4 4 4 4 4 4 4 4 4 4 4 11 5 10 7 7 11 5 4 4 4 4 4 4 4 4 4 4 4 4 4 4 4 5 7 7 11 11 4 4 2 5 3 4 4 11 11 4 4 4 4 4 4 4 4 4 4 4 4 4 2 4 5
ppo_q50_b_fd_l4,34,qv18_4,18,155,True,864.5,8.56813645362854,5 5 7 11 3 7 11 2 5 10 8 11 4 6 11 4 5 7 8 11 2 11 9 5 5 7 7 11 11 5 5 10 7 7 8 4 10 8 7 7 7 7 7 7 11 11 5 4 4 5 7 11 11 4 4 1 3 4 5 7 8 11 2 11 9 5 5 10 7 11 4 5 5 7 7 11 11 4 5 0 8 9 8 4 4 10 10 8 8 11 4 5 10 10 7 8 7 8 4 10 10 7 2 8 4 10 7 8 7 6 11 4 11 4 4 5 7 8 11 11 4 2 5 4 9 11 4 2 3 5 10 10 8 7 8 11 5 10 7 10 2 7 8 4 3 10 10 2 6 7 7 7 7 8 7 1 11 4 9 5 4 5 10 7 0 6 8 1 9 4 10 8 7 8 7 7 7 11 1 9 5 4 5 11 4 4 4 4 4 5 7 7 11 11 5 5 10 7 8 11 11 5 4 4 11 4 5 2 9 7 11 5 5 0 7 7 7 7 7 6 10 7 7 7 7 8 4 0 9 7 7 8 7 11 11 4 5 5 10 2 7 7 7 7 10 10 8 8 4 11 5 7 6 11 11 5 2 7 11 4 4 9 5 4 5 10 7 7 8 11 11 4 4 5 4 4 4 5 11 5 0 7 10 6 7 7 0 7 7 7 7 8 4 10 7 7 8 7 11 11 4 3 4 4 4 4 5 4 5 10 2 7 7 7 6 11 11 4 5 5 7 7 11 11 4 4 4 4 4 5 4 5 11 2 3 4 10 10 7 7 8 7 7 8 4 10 2 7 9 7 8 4 10 7 7 7 8 4 4 10 10 7 8 2 7 7 9 7 8 7 7 7 7 7 7 7 7 7 7 7 7 7 7 7 7 7 10 7 7 7 7 7 7 7 7 7 7 10 2 8 4 10 7 6 7 7 10 2 8 4 10 9 8 8 0 6 7 7 7 7 7 10 7 7 8 0 9 5 11 11 5 5 10 7 11 4 8 4 4 4 4 5 10 8 11 4 4 4 4 4 4 4 4 4 11 4 2 5 9 5 7 7 10 7 0 7 6 10 7 8 7 7 7 7 8 4 10 7 7 11 5 7 7 8 4 10 2 7 7 7 6 11 11 5 4 5 10 7 7 7 8 11 4 11 4 5 5 7 11 11 2 3 4 4 5 4 10 7 8 11 11 5 4 4 4 4 4 5 7 11 4 5 4 0 9 10 8 8 11 4 5 10 10 7 8 7 7 7 7 10 7 8 8 10 8 4 10 7 7 11 5 2 10 8 6 11 11 4 4 4 4 4 4 2 5 9 7 8 11 11 4 4 5 2 4 11 5 7 7 7 9 10 7 7 7 8 7 7 8 11 4 10 7 8 2 4 10 7 8 7 7 6 7 7 7 7 7 7 7 7 7 7 7 7 10 7 7 7 10 8 2 10 7 7 7 7 7 7 7 7 9 7 8 7 8 7 7 10 2 6 10 8 11 4 11 5 2 9 5 10 10 7 8 7 7 7 7 7 7 8 11 4 10 8 7 8 7 10 7 8 7 7 7 7 0 7 7 7 7 7 7 7 7 7 7 9 7 7 7 10 8 2 4 3 10 7 7 7 7 7 7 7 7 7 7 7 7 7 7 7 7 8 11 2 3 10 7 10 7 7 7 2 6 7 8 4 10 10 8 7 8 4 10 7 7 7 10 8 2 9 7 7 8 11 4 4 4 4 4 5 4 4 4 4 4 4 4 4 11 4 5 10 7 11 2 3 4 4 4 4 5 10 8 11 4 4 4 4 4 4 4 4 4 4 4 4 4 11 2 3 5 4 4 4 4 4 4 4 4 4 4 11 11 5 2 4 4 11 4 4 4 5 9 10 7 7 8 8 7 7 7 7 7 7 7 7 7 10 10 8 7 7 7 7 7 8 11 1 4 4 4 4 4 5 3 7 10 7 7 7 10 7 8 8 7 7 7 7 7 7 7 7 7 7 10 0 6 7 8 4 10 7 7 10 7 8 2 11 5 9 10 8 7 7 7 8 1 4 11 4 4 5 7 11 4 4 4 3 4 4 4 4 4 4 4 4 4 4 4 4 4 4 4 4 4 5 11 2 11 11 3 4 4 4 4 4 5 5 4 4 4 4 4 1 9 11 4 5 4 4 4 5 10 2 6 10 7 10 8 2 9 4 5 4 4 4 4 4 11 11 2 5 10 8 6 11 11 2 5 10 7 8 6 7 7 7 7 10 10 8 2 9 8 10 7 7 7 7 7 7 7 7 7 7 7 7 7 7 8 10 7 7 7 7 7 7 7 10 7 7 7 7 7 7 7 7 8 7 8 11 4 4 4 5 10 7 7 7 7 8 11 4 4 4 11 4 5 7 8 4 10 8 10 10 8 8 7 7 7 7 10 8 11 4 2 9 4 4 4 5 11 4 4 4 1 9 5 7 8 11 4 4 4 4 4 4 4 5 11 11 4 4 4 4 4 5 4 5 7 7 11 11 2 5 11 11 4 4 4 4 4 4 4 4 4 4 5 4 4 4 4 4 3 4 4 5 4 10 10 8 2 4 4 4 3 4 4 10 8 7 11 11 5 5 7 11 11 5 2 7 9 11 5 5
ppo_q50_b_fd_l4,35,qv18_40,18,156,True,878.25,2.099929094314575,5 5 7 7 11 11 5 5 7 7 11 4 3 7 11 5 2 9 7 8 11 11 5 5 7 7 11 11 5 5 10 7 8 11 11 4 5 5 0 10 7 6 8 7 7 7 10 7 8 7 7 7 11 11 5 4 5 10 2 7 10 6 8 11 11 4 4 4 5 5 7 7 11 2 11 4 3 11 4 5 5 7 7 11 11 4 5 5 10 2 7 6 11 11 4 5 5 7 7 11 11 5 5 10 7 8 11 11 2 5 9 10 8 4 2 10 7 9 7 8 4 5 10 0 7 6 8 11 4 10 7 8 2 7 11 4 5 10 10 8 7 7 6 7 7 7 7 8 11 11 5 4 4 4 4 4 4 4 4 4 5 7 11 4 4 4 5 4 4 4 10 10 2 7 7 8 4 4 10 9 7 8 4 4 4 5 10 7 2 9 7 10 8 7 7 7 7 7 7 7 7 7 8 10 2 3 4 10 10 7 8 8 1 11 3 5 0 7 11 9 5 4 5 10 8 7 11 11 4 1 4 3 4 4 4 5 5 0 9 7 8 7 0 7 10 7 8 11 4 4 11 5 5 9 7 11 4 4 5 1 5 9 11 5 5 7 11 5 7 11 4 2 4 4 10 10 8 7 8 10 8 7 7 7 7 10 9 8 7 7 7 7 7 7 7 7 8 1 4 4 4 3 7 11 4 4 5 4 10 10 2 7 8 4 10 9 7 8 4 5 10 2 10 7 7 7 9 8 8 1 4 4 4 4 4 4 4 3 4 4 4 4 4 4 4 11 1 4 4 5 10 9 7 8 7 7 8 7 11 2 11 9 5 5 0 10 6 7 7 8 10 7 7 10 2 8 6 11 11 4 2 3 4 5 0 7 10 7 7 7 8 7 7 7 7 6 7 11 11 4 5 5 7 1 3 11 4 4 4 4 4 4 4 11 2 5 10 8 10 6 7 8 11 4 11 4 4 4 4 5 4 4 4 4 4 5 0 7 7 7 10 7 7 7 8 7 7 7 7 7 6 4 10 8 4 10 7 7 7 11 5 2 4 4 4 4 4 3 4 4 4 11 11 5 5 10 7 8 11 2 11 4 11 5 4 4 5 11 9 8 7 8 7 10 7 8 7 7 7 10 10 7 7 8 2 4 10 7 7 7 7 7 7 8 4 9 5 7 11 11 2 3 5 7 7 11 11 5 2 9 5 7 11 4 11 2 3 4 4 4 5 4 11 5 4 4 4 10 10 8 2 10 8 11 4 4 3 5 10 10 7 8 7 7 0 6 7 7 7 8 1 4 4 3 11 5 10 7 10 7 7 8 8 11 4 4 5 7 7 7 7 7 10 7 7 7 7 7 10 7 8 2 9 4 4 5 7 11 11 4 5 2 9 7 11 4 4 5 7 8 11 2 11 4 3 4 10 7 8 7 7 8 4 10 7 7 7 8 10 10 8 4 2 4 9 4 11 4 4 5 4 5 7 11 5 11 11 5 4 4 4 4 5 7 11 4 4 4 10 8 2 6 4 10 7 7 8 7 7 10 7 7 10 7 7 7 8 2 9 8 11 4 4 4 5 4 4 4 4 4 11 11 2 5 7 11 4 4 4 3 4 4 5 4 0 10 6 7 7 10 8 7 7 8 11 4 4 4 5 10 10 7 8 7 8 1 4 11 5 9 5 10 10 7 7 7 0 8 6 8 7 10 7 7 10 7 7 8 4 4 5 10 2 6 11 4 4 4 4 5 10 7 7 11 5 2 7 11 4 4 4 4 4 4 5 9 5 7 7 11 11 2 5 10 6 8 7 10 7 0 7 7 6 8 7 7 7 10 7 7 11 5 2 4 9 4 5 4 4 10 8 7 11 11 2 4 4 4 5 4 4 10 9 5 4 5 11 11 5 4 4 4 4 4 11 5 5 7 10 2 7 7 11 9 5 5 7 7 7 10 7 7 8 4 10 10 7 7 7 7 7 7 7 8 7 7 7 8 4 10 7 8 7 11 11 5 4 4 4 4 4 1 5 9 7 8 11 4 11 4 4 4 2 4 4 3 5 7 1 3 10 7 7 8 4 4 10 10 7 2 6 7 7 7 7 7 7 7 8 11 2 11 4 4 4 4 4 4 4 4 4 3 4 5 7 11 4 2 3 4 10 10 8 7 7 7 7 8 10 10 8 2 4 3 10 7 8 4 10 10 8 10 7 8 8 1 4 4 9 5 0 7 7 6 7 10 7 8 7 7 7 11 11 2 5 7 11 11 5 5 7 7 11 11 5 4 4 5 7 7 11 11 5 4 4 3 4 4 5 10 7 7 7 8 11 11 4 5 4 4 4 4 5 7 7 11 11 2 5 4 10 10 7 7 8 7 8
ppo_q50_b_fd_l4,36,qv18_41,18,151,True,838.5,8.510465383529663,5 5 7 11 3 7 11 2 5 7 11 9 5 5 10 7 7 7 8 7 1 11 4 4 11 4 5 5 7 7 11 11 5 5 9 7 7 8 11 11 4 5 5 7 7 11 1 9 5 5 10 2 7 11 9 4 5 5 7 7 11 11 5 5 0 9 7 8 4 4 10 10 8 8 4 10 7 7 7 10 7 7 8 8 4 4 10 10 7 7 2 8 11 4 4 5 9 10 8 7 8 7 7 7 7 7 11 2 11 11 4 3 4 5 4 4 4 5 7 11 4 4 4 4 4 4 4 10 7 2 8 9 4 10 8 8 11 1 4 5 9 7 11 5 2 9 7 11 4 5 5 0 10 7 7 8 4 10 7 6 4 10 7 8 7 8 7 7 7 10 7 7 8 11 4 4 5 7 11 11 2 5 7 11 3 11 2 3 4 5 7 7 11 4 10 2 3 4 4 4 4 5 10 2 7 9 8 1 4 4 4 3 4 10 10 8 8 11 2 9 4 5 10 10 8 7 7 7 7 7 7 7 7 7 7 8 7 10 10 8 7 7 8 11 5 10 7 7 11 2 5 4 3 7 11 11 2 3 5 7 10 8 11 4 11 5 4 4 1 3 11 5 4 4 5 10 7 7 7 8 10 8 11 4 11 4 4 4 5 4 5 4 10 2 9 7 11 2 3 5 7 7 11 11 2 3 5 10 2 3 10 7 7 7 7 8 7 11 4 10 8 8 10 2 10 7 9 8 7 8 10 10 7 2 7 8 7 6 7 11 11 5 4 5 4 4 4 1 4 11 4 4 4 4 4 5 9 10 7 7 7 7 7 8 8 7 7 7 7 10 7 7 8 4 4 10 10 2 8 6 11 4 5 7 7 11 11 4 4 4 2 4 3 5 10 7 8 11 11 4 5 2 4 11 4 5 3 11 11 4 5 2 9 5 10 7 7 7 8 10 10 7 8 4 5 10 7 7 0 7 8 6 11 11 4 5 7 8 11 4 4 4 4 4 4 4 5 10 7 8 11 11 4 5 4 5 7 10 7 8 11 11 4 4 5 4 5 7 7 10 2 9 7 8 4 4 10 10 2 6 7 7 7 8 4 10 2 7 7 11 3 7 11 5 5 7 11 4 4 11 4 2 4 5 10 7 6 7 8 7 7 10 8 4 10 7 10 0 8 7 6 8 11 4 5 11 7 10 7 8 2 10 6 7 7 7 7 11 2 5 7 11 5 9 7 11 5 4 5 11 1 4 4 4 3 4 4 4 5 7 11 4 2 4 4 11 4 3 10 2 8 9 7 8 4 10 10 8 7 7 7 7 10 8 8 7 7 7 7 7 11 11 2 5 3 4 11 11 5 7 7 7 8 11 4 4 4 5 4 4 4 11 4 5 7 11 4 4 5 10 10 7 7 8 8 4 4 10 10 7 2 8 4 10 6 10 7 7 8 2 4 3 10 10 8 7 0 8 4 10 7 10 7 8 8 4 11 4 5 3 10 10 8 2 9 8 4 11 4 4 4 4 4 4 4 5 1 9 4 4 5 7 7 11 11 4 2 4 4 4 5 9 5 10 10 7 7 7 8 7 7 7 8 7 11 1 5 7 11 5 4 11 3 10 7 7 7 8 8 7 7 10 10 7 8 1 5 9 4 4 4 5 11 4 11 2 4 4 3 5 0 7 9 7 8 4 10 7 7 11 5 2 10 7 7 7 7 8 7 10 7 7 7 6 11 5 4 5 0 6 7 11 11 5 4 4 4 5 11 4 4 4 4 4 11 2 3 5 10 7 8 11 11 5 7 7 7 8 11 4 4 1 4 5 3 10 10 2 7 8 4 10 8 4 10 6 4 10 8 8 1 9 4 5 4 4 4 4 4 11 4 10 2 7 8 11 5 10 7 7 6 4 10 8 7 7 10 2 6 8 11 4 10 2 6 8 7 7 7 10 7 7 7 7 7 8 7 11 11 2 5 7 11 9 5 4 5 7 11 2 3 7 11 4 11 5 5 1 9 8 11 11 2 3 5 11 5 4 10 0 9 8 7 7 8 11 4 1 4 4 4 4 3 5 10 10 2 7 7 8 9 4 5 10 10 7 8 7 8 4 4 10 10 8 7 7 7 8 7 7 0 10 7 8 6 7 11 11 4 5 5 7 7 11 11 5 5 4 11 4 11 4 4 4 4 4 4 4 4 4 2 4 4 3 5
ppo_q50_b_fd_l4,37,qv18_42,18,149,True,839.0,8.640037059783936,5 5 7 11 9 5 5 7 7 11 11 5 5 10 7 8 11 11 4 5 5 0 10 7 7 7 8 9 11 2 5 7 11 4 3 7 11 5 7 2 11 4 4 9 5 7 8 11 1 9 5 5 10 7 11 5 2 7 11 9 5 5 10 7 7 8 11 4 11 4 5 5 7 7 11 4 10 8 8 11 2 11 3 4 4 4 4 10 0 8 8 9 4 4 5 10 10 7 7 7 8 7 8 4 4 4 10 7 10 7 2 7 6 8 11 1 5 3 10 10 7 2 6 8 4 4 10 10 7 2 8 11 4 5 10 9 8 8 7 7 7 7 7 11 11 5 7 1 3 4 4 4 4 4 5 10 2 3 7 11 4 4 4 4 4 4 4 4 5 10 10 7 8 8 4 4 10 10 2 8 6 4 10 8 7 7 7 7 10 10 8 2 7 11 4 5 7 11 9 5 5 7 7 11 11 5 5 7 7 11 1 9 5 4 5 11 5 7 1 4 4 10 9 8 8 4 7 1 11 9 8 8 11 1 9 5 4 5 0 9 7 10 8 7 7 7 7 7 7 7 7 7 8 4 10 2 10 9 8 7 7 8 7 1 9 11 5 4 4 4 4 4 4 5 7 1 4 11 4 4 4 4 4 3 5 10 7 11 2 5 4 4 3 4 10 10 2 8 7 7 6 10 7 8 10 10 8 8 4 4 10 10 8 7 8 7 7 10 2 7 10 6 8 11 11 4 4 4 4 5 1 3 4 5 7 7 11 11 4 2 3 5 10 7 8 4 10 7 8 4 10 10 8 2 9 7 7 8 11 4 4 4 4 4 4 4 11 5 4 5 4 11 11 2 5 9 7 8 11 11 2 4 3 5 4 4 4 4 4 4 4 4 4 4 4 4 4 4 4 4 4 4 4 4 4 4 4 4 4 11 4 5 7 7 11 11 4 5 4 4 5 11 1 3 4 4 4 4 4 4 4 4 4 5 0 6 4 10 8 7 7 11 4 10 8 7 7 7 7 7 7 7 7 7 7 8 11 4 2 4 4 4 11 9 4 5 5 7 11 4 2 4 4 4 4 3 10 7 8 10 10 8 7 7 7 7 8 11 4 4 4 5 10 10 8 8 11 2 11 3 4 4 5 0 10 6 10 7 7 8 8 4 0 9 10 7 8 4 5 7 10 7 7 8 7 7 7 7 11 11 5 4 4 5 10 2 7 6 7 11 4 4 4 4 4 4 4 4 1 4 4 4 4 3 4 5 11 2 11 4 9 4 5 0 8 9 8 7 7 10 7 7 10 7 7 8 8 4 10 8 4 10 7 10 8 2 11 4 4 4 5 9 10 8 2 9 4 10 8 7 7 7 8 7 1 11 4 4 3 4 4 4 4 5 7 11 4 5 4 10 7 1 9 8 7 8 11 4 4 5 7 7 11 11 4 5 5 0 9 5 10 10 8 7 7 7 7 0 6 7 7 7 8 7 11 1 4 4 4 4 4 4 5 9 4 5 7 11 11 4 2 3 5 11 11 2 5 7 7 7 7 10 7 8 4 10 7 7 10 7 8 7 8 11 4 4 4 4 5 10 7 7 7 7 7 10 7 7 6 7 7 7 8 8 4 4 10 7 11 5 2 4 9 5 7 7 11 11 5 7 7 7 7 7 8 11 4 4 4 4 4 4 5 11 4 4 4 11 2 5 10 8 11 5 4 4 4 4 4 3 7 11 4 5 10 10 8 8 4 4 10 10 2 7 6 8 4 10 8 10 7 10 8 7 8 11 5 7 7 7 10 10 7 7 7 8 8 4 4 11 4 5 4 4 1 9 5 11 11 4 5 2 4 11 5 7 7 7 9 10 8 2 6 11 11 2 3 4 4 4 4 4 4 4 4 5 7 11 2 3 11 4 4 4 4 4 4 4 4 4 4 4 4 4 4 4 11 4 4 4 4 4 4 4 4 4 4 4 4 5 5 4 4 4 4 11 2 4 4 3 4 4 4 4 11 4 5 4 4 4 4 0 7 6 4 10 7 10 8 8 4 4 10 10 7 7 7 7 7 7 7 8 8 1 9 8 4 10 8 11 4 4 4 5 11 11 2 3 5 7 11 2 11 9 4 5 5 7 7 11 11 4 5 5 10 0 6 4 10 7 8 7 8 7 10 7 7 10 2 8 10 8 9 4 10 7 8 4 4 4 5 10 2 7 6 7 7 7 7 7 7 7 7 7 7 7 7 7 7 10 10 2 8 10 10 7 7 7 7 7 7 7 7 7 7 7 7 7 8 8 4 4 10 10 8 8 4 4 10 10 6 7 7 8 7 8 11 2 4 4 4 3 10 10 7 7 8 7 7 7 7 7 8 4 4 10 10 8 2
ppo_q50_b_fd_l4,38,qv18_43,18,155,True,867.25,10.65433645248413,5 5 7 11 9 5 5 7 7 11 11 5 5 7 7 11 11 5 5 0 7 7 6 7 7 7 7 7 11 1 5 3 7 11 4 11 4 4 4 4 5 7 8 11 11 5 5 10 2 10 7 9 8 7 7 8 1 11 3 4 4 5 7 7 7 7 11 11 5 4 5 7 7 11 11 4 5 7 8 11 11 5 5 7 7 11 11 5 5 10 0 8 4 10 9 8 8 4 4 10 10 2 6 7 8 4 10 10 7 7 2 6 7 7 8 11 2 7 7 7 11 6 11 5 4 4 5 0 9 5 4 10 10 8 8 1 11 4 4 4 3 5 7 7 11 4 4 4 11 4 4 4 5 5 0 10 7 8 9 4 10 8 7 8 7 10 7 8 1 4 4 3 11 4 11 4 5 5 7 11 2 4 4 10 9 8 8 7 11 2 4 9 4 10 7 8 7 7 8 4 10 2 6 4 10 10 7 7 8 7 7 8 11 5 10 7 7 10 8 1 4 5 9 5 10 10 7 2 8 7 6 7 11 11 5 2 4 4 4 4 4 4 9 4 4 5 7 11 4 4 4 4 4 4 10 8 2 9 8 1 4 4 11 9 4 5 7 7 7 8 10 2 3 10 7 7 8 4 10 7 7 7 10 8 4 4 5 10 7 7 8 4 10 7 8 7 10 10 8 2 11 4 5 7 11 3 11 5 5 7 11 11 4 4 5 4 4 4 5 7 1 9 8 4 10 7 7 7 10 7 8 7 8 10 7 7 7 7 7 7 7 11 5 2 7 11 4 5 3 10 10 8 8 11 2 9 7 8 7 7 11 1 4 4 4 4 9 5 4 4 4 4 4 4 4 4 4 5 4 4 4 11 4 4 4 2 4 10 10 8 8 7 7 7 6 4 10 10 2 6 7 8 11 4 4 5 0 9 7 8 7 0 7 7 9 4 10 2 8 6 11 11 4 5 5 10 7 8 11 11 4 4 4 4 5 5 7 10 2 3 7 10 7 7 7 7 7 7 7 7 7 7 10 2 8 11 5 7 11 3 4 4 4 4 4 4 4 5 4 4 1 11 4 3 5 11 4 5 10 7 7 7 10 2 7 8 11 5 10 9 8 8 4 4 10 2 10 9 8 7 7 8 11 4 4 4 5 7 7 10 7 7 7 7 7 7 7 7 10 7 8 7 8 1 11 4 5 9 5 11 11 4 4 5 4 5 10 2 6 11 4 4 4 4 4 4 4 5 4 10 10 8 8 11 2 4 9 4 4 5 7 11 11 4 5 2 9 7 8 4 4 4 4 4 4 4 4 11 4 4 4 4 4 4 4 4 4 4 4 4 4 4 4 4 11 1 3 4 5 7 8 11 4 4 4 4 5 7 0 7 7 7 7 10 6 8 11 11 4 4 4 4 1 3 4 4 5 4 4 4 4 4 5 10 7 11 2 3 4 4 5 0 7 7 10 7 7 7 7 8 7 7 7 10 7 7 7 8 4 11 9 4 5 5 11 2 3 11 11 4 4 5 4 5 10 2 6 10 7 7 11 5 2 9 5 10 10 8 2 4 10 8 7 7 7 7 7 7 6 11 4 11 4 4 4 4 4 4 4 4 4 4 4 4 5 1 4 3 5 4 11 4 4 4 4 4 4 4 5 4 4 4 4 4 4 4 4 4 4 4 4 4 4 4 1 9 4 5 7 11 4 4 0 9 8 7 7 8 11 5 10 8 7 7 7 7 7 7 7 7 7 7 7 7 7 7 7 7 7 7 0 7 7 10 10 8 6 7 7 8 11 4 4 4 4 4 5 11 4 5 10 10 8 7 8 10 10 7 7 2 6 8 7 7 10 8 7 11 4 5 10 10 2 6 7 8 4 10 7 7 7 0 9 8 4 5 10 7 7 8 10 7 7 10 2 6 8 11 11 4 5 4 4 4 4 4 4 4 4 5 7 10 7 7 0 7 7 7 8 10 7 8 11 4 4 4 3 11 4 4 5 4 5 7 11 2 11 4 9 5 4 4 5 0 6 10 7 8 4 10 7 8 4 10 7 7 11 5 2 10 7 8 10 6 7 7 7 8 11 4 2 11 11 4 3 4 4 5 4 4 4 4 5 4 4 4 4 4 4 11 4 5 4 4 11 11 5 2 9 7 7 8 4 10 10 8 7 7 8 7 7 7 7 7 7 7 0 6 7 7 10 8 10 7 7 8 4 4 10 10 7 8 2 7 9 8 7 10 7 7 7 7 7 7 7 7 7 7 7 7 7 7 7 7 7 10 8 4 4 4 4 4 4 4 4 4 4 4 4 4 4 4 4 4 4 4 4 5 11 2 4 4 3 4 4 11 5 7 11 11 5 5 10 2 7 11 3 7 11 5 4 5 11 4 5 4 4 4 4 4 4 1 9 4 5 7 7 11 11 2 3 5 11 1 9 8 4 5 4 11 11 4 4 4 4 4 4 4 4 4 4 4 4 4 4 4 4 5 5 10 7 7 8 11 11 4 5 2 11 11 4 4 5 4 4 4 4 4 4 4 5 11 11 4 4 4 4 4 4 5 4 4 4 4 5
ppo_q50_b_fd_l4,39,qv18_44,18,156,True,894.0,9.120978116989136,5 5 7 11 6 11 5 5 7 7 11 11 5 5 7 7 11 2 9 11 4 5 7 8 11 11 5 5 10 7 8 11 11 4 5 5 7 7 11 11 4 5 7 8 11 11 5 5 0 10 7 6 8 4 4 10 10 8 8 4 10 7 8 4 10 7 7 7 7 7 7 7 11 5 2 7 11 9 5 7 1 3 5 7 7 11 11 2 3 5 7 10 8 11 4 4 5 7 7 11 11 4 4 4 5 2 7 11 3 7 11 5 5 10 7 11 5 2 10 7 7 8 9 10 8 7 7 7 7 2 6 4 10 7 8 4 10 2 7 6 7 11 11 4 4 5 4 4 4 4 5 4 10 2 10 7 7 6 8 4 10 10 2 6 8 7 4 7 7 10 2 7 7 7 10 7 7 7 7 7 7 7 7 7 7 7 7 7 7 7 7 7 7 7 7 7 10 7 7 7 7 8 8 9 8 4 0 7 7 6 7 7 7 7 7 7 0 7 7 10 7 6 7 8 7 10 2 10 9 8 4 4 5 11 2 11 3 11 4 5 4 4 5 10 2 9 7 8 10 7 8 11 11 4 4 4 5 4 5 7 11 4 4 4 4 10 8 7 8 7 7 10 2 6 10 8 11 4 11 2 5 4 4 11 3 11 4 4 5 4 5 7 11 4 2 9 10 8 8 10 2 7 7 7 9 10 7 2 8 7 10 7 9 5 5 10 7 7 7 7 7 7 11 5 2 10 8 7 7 7 6 7 11 11 4 5 4 11 5 4 4 4 4 5 7 7 11 11 4 4 4 5 2 9 7 8 11 11 4 4 4 5 4 4 4 4 4 4 4 4 5 7 7 7 7 0 10 6 7 7 7 7 8 4 10 7 7 7 10 2 8 11 4 3 4 4 4 4 4 4 4 4 5 7 10 7 7 0 7 8 7 7 10 7 6 7 7 7 8 4 10 7 10 8 2 9 8 11 4 4 5 10 8 7 11 11 4 4 5 4 4 4 5 7 11 4 4 4 4 10 2 8 4 10 7 8 6 11 11 2 5 10 6 7 7 7 7 7 8 11 1 4 5 4 10 4 4 11 4 5 3 4 5 11 11 5 4 5 7 10 2 3 7 7 7 7 10 7 7 7 8 4 0 6 7 7 7 7 7 7 7 7 7 7 10 7 8 11 2 7 6 7 11 11 4 1 4 3 4 4 5 4 5 0 9 8 10 7 7 10 8 2 4 10 6 8 11 11 2 4 4 3 5 10 7 8 11 11 4 4 4 5 4 4 4 4 4 5 10 7 8 11 2 11 3 11 4 4 5 4 5 7 7 0 7 7 7 10 7 7 7 7 8 10 7 7 7 6 7 8 1 3 7 11 11 5 4 1 9 5 4 1 4 4 5 3 10 10 2 8 9 4 10 7 8 2 11 3 4 5 4 4 11 11 5 5 7 11 2 6 10 7 7 7 8 4 10 10 8 2 10 7 7 7 8 4 10 7 10 7 8 7 7 6 7 8 7 11 11 4 4 5 4 4 4 4 4 4 4 4 5 10 7 11 5 4 4 5 7 1 3 10 7 7 11 5 4 4 4 4 5 10 7 7 8 7 7 7 7 7 7 10 7 7 8 4 10 7 10 8 7 7 8 7 7 7 7 11 11 2 5 10 8 11 3 7 11 4 4 1 4 4 4 3 4 5 4 5 10 2 7 10 6 7 7 7 7 7 7 8 11 2 11 4 4 4 4 4 4 9 5 4 4 5 11 4 4 1 4 4 5 9 10 2 7 8 4 4 10 9 7 7 8 4 5 4 10 2 10 10 8 7 7 8 9 8 10 7 7 8 11 4 4 4 4 4 11 2 3 4 4 4 4 4 4 4 5 0 9 5 10 7 8 4 10 7 8 7 7 7 7 7 7 7 7 10 7 7 7 10 2 8 4 10 9 7 8 7 7 8 7 11 2 6 11 11 5 4 4 5 7 10 7 7 8 7 7 7 11 11 5 4 4 4 5 10 7 7 7 7 8 11 11 4 4 5 4 4 5 7 11 4 11 5 2 10 7 6 8 10 2 7 9 7 7 7 7 8 11 4 11 4 4 5 5 4 1 4 3 11 5 7 11 5 11 11 2 3 4 4 4 4 4 5 0 10 6 7 10 7 2 7 7 7 7 7 8 10 6 8 11 11 4 4 4 4 5 4 4 4 4 4 4 4 4 4 5 7 11 5 4 10 2 3 10 10 8 7 8 4 10 2 7 10 9 5 5 7 7 7 7 7 10 7 7 7 7 7 8 7 7 7 7 7 7 10 7 8 4 10 7 7 7 11 5 2 9 4 4 4 5 11 4 11 4 4 4 4 4 4 4 4 5 5 7 11 11 4 5 4 4 4 4 4 5 10 2 4 3 10 7 10 8 8 7 10 2 10 6 11 2 3 5 4 10 2 7 9 11 5 4 4 4 5 10 7 10 0 7 7 7 8 7 7 7 7 7 8
ppo_q50_b_fd_l4,40,qv18_45,18,155,True,886.25,2.729583263397217,5 5 7 11 9 5 5 7 7 11 11 5 5 10 7 8 11 11 4 5 5 7 7 11 1 3 7 11 2 5 7 11 9 4 5 7 8 11 7 8 11 4 11 5 5 10 2 10 8 4 10 9 8 7 8 4 10 7 7 7 7 8 7 7 7 7 7 11 11 4 5 5 7 1 9 11 4 5 5 0 10 7 8 7 10 7 8 11 11 5 5 7 7 11 11 4 4 4 5 4 5 9 7 11 4 4 2 5 7 11 4 4 9 5 5 7 7 11 11 5 5 0 10 7 9 8 8 4 10 7 7 7 8 4 10 7 7 7 11 5 2 10 6 8 1 9 4 4 5 0 7 10 6 7 7 7 7 8 1 4 4 11 3 11 4 5 2 7 11 9 5 5 7 11 4 5 7 7 11 11 5 5 7 11 11 5 5 10 0 6 8 10 7 7 7 10 2 8 7 7 10 7 6 8 11 11 4 4 4 5 4 4 5 0 6 10 7 7 7 8 1 4 3 11 4 11 5 4 4 5 4 10 10 2 8 7 10 7 7 8 4 10 10 6 8 7 7 7 8 1 9 4 4 5 11 11 2 4 4 5 4 4 3 7 11 11 2 5 10 8 11 4 4 11 5 5 9 5 7 10 0 7 8 4 10 7 7 8 4 10 6 7 10 7 7 8 2 7 10 6 4 10 8 7 8 11 5 10 2 6 11 4 4 5 4 4 4 4 4 4 4 1 9 4 4 4 5 7 11 4 4 2 3 4 4 10 10 0 8 7 6 7 7 7 8 1 4 4 4 11 4 4 5 10 10 7 6 7 7 7 7 8 7 7 8 7 7 7 10 7 7 8 11 4 4 5 10 10 8 2 9 4 4 4 4 5 4 4 4 4 11 4 5 7 11 4 4 4 10 8 2 11 3 5 0 10 7 6 4 10 2 6 7 8 4 10 7 7 7 10 7 8 7 7 7 8 4 1 9 4 5 11 11 4 1 5 4 3 5 10 7 7 7 7 8 11 4 11 4 4 5 1 5 3 10 10 7 7 7 2 8 11 4 4 4 3 4 4 4 5 4 4 4 4 11 4 10 2 8 4 10 10 8 7 7 7 8 6 7 10 8 7 7 11 4 10 8 4 2 10 6 8 4 4 10 10 8 2 4 10 8 7 7 9 10 8 8 4 4 4 4 4 11 4 4 4 4 4 4 5 4 11 4 11 5 5 10 0 7 7 7 8 10 10 8 6 7 7 7 7 8 4 10 7 7 7 11 2 3 5 10 7 8 11 11 2 3 5 7 7 11 11 4 5 7 8 11 4 5 7 7 11 11 5 4 4 4 5 4 10 10 2 8 9 4 5 7 11 4 4 11 4 5 4 4 4 5 4 4 4 10 0 9 8 0 6 7 8 7 7 7 7 7 7 7 7 10 2 10 8 11 4 4 4 4 5 10 10 7 8 7 7 6 8 11 4 4 5 10 7 10 7 8 2 4 10 7 8 6 11 11 4 4 5 7 7 8 11 2 3 7 11 11 4 4 4 4 4 4 4 4 5 7 8 11 2 4 10 6 7 8 10 10 7 8 4 5 10 10 8 2 6 11 4 5 10 7 11 5 4 4 5 7 11 11 4 1 4 3 5 4 4 4 4 5 7 11 11 5 5 7 10 2 6 4 10 8 7 7 7 7 10 7 8 11 4 10 2 6 7 7 7 7 7 7 7 7 7 7 8 11 5 10 2 7 7 6 7 11 11 5 5 7 7 11 11 2 4 5 3 10 10 2 8 6 11 4 5 7 7 11 11 4 4 2 3 4 5 7 11 4 4 5 4 4 4 4 4 4 11 11 5 5 7 10 7 8 0 10 7 6 8 10 0 6 8 4 10 8 11 4 11 5 2 7 11 3 4 4 11 4 5 4 4 5 7 7 7 10 8 7 10 2 10 9 7 8 7 7 7 8 10 10 7 2 8 4 7 4 7 4 7 9 11 7 7 8 7 7 8 7 1 11 3 4 11 4 4 5 4 5 10 7 7 11 4 4 4 4 4 4 4 4 4 4 5 4 5 10 7 0 8 7 7 7 7 7 7 10 9 8 4 5 10 10 7 8 7 7 8 1 4 4 11 4 5 3 7 7 11 11 4 2 3 5 10 10 7 7 7 8 7 7 7 7 8 7 11 2 11 4 3 5 10 10 8 2 4 10 9 8 7 7 8 7 11 11 5 5 7 11 2 6 7 11 11 4 5 4 4 4 4 4 4 5 4 4 11 11 4 4 5 4 5 11 5 4 10 2 3 10 10 8 7 7 7 7 8 11 2 4 4 10 10 8 7 7 7 7 7 7 7 7 8
ppo_q50_b_fd_l4,41,qv18_46,18,155,True,875.25,8.481313943862915,5 5 7 11 9 5 5 7 7 11 11 5 5 10 7 8 11 1 3 7 11 4 5 7 8 11 11 5 5 10 7 8 11 11 4 5 5 10 2 10 7 6 8 11 11 2 4 5 7 11 4 9 4 5 7 8 11 11 5 5 7 7 11 11 5 5 0 10 8 4 9 10 8 8 4 4 10 10 8 7 7 7 7 7 8 4 0 7 7 7 7 6 7 11 11 2 5 7 11 5 7 9 11 4 5 5 7 7 11 1 4 5 7 11 9 5 4 5 11 5 0 7 7 7 10 7 7 7 7 6 8 11 11 5 5 7 7 11 11 5 4 5 7 11 4 11 4 4 4 4 5 2 9 7 7 8 11 4 4 5 10 10 8 7 7 8 11 4 5 7 11 4 10 7 7 8 7 8 7 7 10 7 8 4 10 7 7 8 7 7 10 7 11 5 2 9 5 4 1 9 5 7 11 4 4 4 4 4 5 11 4 11 4 2 3 5 10 7 7 7 8 4 10 7 10 7 7 8 4 5 10 0 7 7 8 7 6 7 11 11 5 2 11 4 4 4 4 4 4 3 4 4 4 4 4 5 10 8 7 11 2 4 4 3 4 10 10 2 6 7 7 8 4 10 7 7 10 7 7 7 8 7 8 11 5 7 1 11 9 5 4 4 5 10 2 6 4 10 7 10 7 8 8 7 10 2 7 7 7 6 11 11 5 4 5 7 1 3 11 11 4 4 5 2 7 11 4 3 4 4 5 7 11 4 4 2 4 10 10 8 7 8 7 7 7 6 4 10 7 7 8 4 10 7 10 8 2 9 8 10 8 4 4 11 11 4 4 4 5 4 4 4 4 4 4 5 10 10 2 8 7 11 4 5 9 7 10 8 8 4 11 5 10 7 10 8 7 7 7 8 4 10 7 8 1 4 4 4 4 4 11 4 4 5 11 3 11 4 5 4 5 0 7 10 9 8 7 7 7 7 7 7 7 8 7 11 2 11 5 10 7 6 4 10 7 2 8 4 9 10 7 8 4 5 10 10 7 8 7 8 4 1 11 3 5 0 7 6 11 11 4 5 5 7 7 11 11 4 2 4 5 9 7 11 4 4 5 1 4 4 4 4 5 9 7 11 5 5 7 7 11 1 9 8 8 7 10 7 7 7 7 10 7 7 7 7 8 7 7 8 7 7 7 10 2 7 11 9 5 5 10 7 8 11 11 5 7 1 5 7 11 4 9 8 7 8 11 4 4 11 4 5 1 3 5 7 7 11 11 4 2 3 5 10 0 7 8 6 7 7 7 7 7 7 7 7 7 7 7 11 11 2 5 7 11 9 5 5 10 7 7 7 8 7 7 7 7 7 7 7 7 7 10 7 7 7 7 7 7 7 10 7 7 7 7 7 7 0 7 7 7 8 7 6 10 8 8 7 7 7 7 0 9 8 4 10 10 7 7 7 8 2 7 9 7 8 11 11 4 4 1 4 5 4 4 5 9 11 4 5 4 4 4 5 10 0 7 6 7 8 4 10 2 6 10 8 4 10 7 10 8 2 9 8 11 4 4 4 5 4 11 5 4 11 11 4 5 4 5 0 9 7 10 8 7 7 7 7 2 9 7 7 7 7 8 7 7 10 8 11 5 4 11 4 10 7 7 7 8 7 8 4 4 4 4 10 10 7 7 8 2 11 4 5 10 9 5 5 0 7 7 6 7 7 7 7 7 7 7 7 10 10 2 8 10 10 7 7 7 7 7 6 7 7 7 7 7 7 8 7 7 7 0 9 7 7 8 7 7 8 10 2 10 9 7 8 7 8 4 11 2 6 11 11 4 4 5 4 4 4 4 4 5 7 11 4 2 4 4 10 10 8 8 7 7 10 8 10 10 8 7 6 7 7 7 7 8 1 4 3 11 5 11 4 4 5 7 11 4 11 2 5 10 6 8 4 10 7 10 7 8 7 7 10 8 7 8 7 10 2 7 7 7 7 7 7 7 10 7 10 7 8 7 6 8 7 7 7 7 7 7 7 7 7 7 7 7 7 7 11 4 10 8 8 7 10 7 7 7 8 10 7 7 8 7 10 10 8 2 9 7 10 8 7 8 4 11 4 4 5 10 7 10 2 8 9 4 5 7 7 7 11 11 4 4 4 4 4 4 4 4 2 3 5 4 4 4 11 11 5 4 4 4 5 0 10 7 6 7 8 7 7 7 7 7 10 10 8 2 9 7 7 7 7 8 11 4 4 4 4 4 4 4 4 5 4 4 4 11 4 4 11 5 5 10 7 8 11 11 2 3 4 4 4 4 4 4 4 4 4 4 4 4 4 4 4 4 5 10 2 7 7 11 11 5 5 11 3 11 4 4 4 4 4 4 2 3 5 7 7 11 11 4 4 5 5 10 7 7 8 11 11 2 4 3 4 4 4 4 5 10 2 7 11 9 5 5 11 11 4 4 5 5
ppo_q50_b_fd_l4,42,qv18_47,18,152,True,846.75,8.54131007194519,5 5 7 11 9 5 5 7 7 11 1 9 5 5 10 2 7 11 3 7 11 5 5 7 7 11 2 9 11 5 5 10 7 7 8 11 5 7 11 11 4 5 5 7 7 11 11 5 5 0 10 7 7 7 7 7 7 7 7 8 9 11 2 5 10 7 9 8 8 7 1 9 11 4 5 2 7 11 4 9 5 5 10 2 7 11 3 7 11 4 2 5 7 6 11 11 5 5 7 7 1 11 4 4 3 7 11 5 5 7 7 11 11 5 5 10 2 3 10 10 8 7 7 7 8 4 10 2 7 7 6 4 10 7 7 7 7 8 7 1 11 4 4 4 4 4 9 5 4 4 4 4 4 4 4 5 4 10 2 10 7 10 8 7 8 4 10 9 5 5 10 7 7 7 7 7 7 7 7 8 4 10 7 7 7 7 7 11 4 5 2 10 8 9 8 11 11 4 5 4 5 10 7 7 11 4 4 5 2 3 10 7 8 4 4 10 10 8 2 9 8 4 4 10 10 8 1 3 4 4 4 4 4 5 0 6 11 4 11 5 5 7 11 11 5 4 4 5 10 2 9 8 0 9 10 7 8 7 8 11 4 10 7 8 4 5 10 7 7 7 7 8 4 10 7 10 8 8 4 10 2 6 7 11 11 2 3 4 4 4 4 4 4 5 7 11 2 11 4 4 11 5 4 5 11 3 7 11 4 5 2 9 7 8 4 10 8 7 0 7 9 7 8 1 9 11 5 4 4 4 5 0 9 10 7 7 7 7 7 2 7 8 4 10 7 6 7 7 8 7 7 7 7 11 11 4 5 2 10 7 6 7 7 8 1 4 4 9 11 4 5 4 4 5 4 4 4 4 4 4 11 4 4 5 7 11 2 3 4 4 10 10 0 6 7 8 8 11 4 5 10 10 2 6 8 4 4 10 10 7 8 2 7 7 7 7 9 8 1 4 11 4 4 4 4 4 4 5 4 4 3 10 10 7 7 7 7 8 7 7 8 1 4 11 4 4 4 4 5 7 11 3 4 4 5 4 10 10 8 8 4 10 10 8 2 11 4 4 4 5 3 4 4 4 4 4 4 4 4 4 4 4 4 4 4 4 4 4 4 11 11 4 4 4 4 1 4 4 3 5 4 4 4 4 4 5 10 7 7 8 11 11 4 5 11 5 5 7 11 2 4 4 4 3 10 10 7 8 7 7 8 10 2 3 11 11 2 5 10 7 7 7 9 7 8 7 7 7 7 7 7 7 8 7 7 7 7 11 2 11 4 4 4 4 4 4 11 3 5 4 4 4 4 4 4 4 4 5 10 2 7 9 7 7 8 7 11 11 2 5 10 8 11 4 4 11 5 4 3 5 7 11 4 5 7 7 11 11 2 3 5 7 10 8 4 10 7 7 7 7 7 8 1 11 9 5 4 5 0 7 10 7 6 7 8 4 10 7 7 7 10 2 8 11 4 4 5 10 7 8 11 11 5 4 4 4 4 3 4 4 4 4 5 4 4 4 4 10 2 10 10 8 7 8 7 7 7 7 9 7 7 7 8 4 10 10 7 7 8 7 7 7 7 7 7 7 7 0 7 7 7 8 11 9 5 5 4 4 4 4 4 11 11 5 2 4 11 4 3 4 5 4 4 4 11 4 4 11 2 5 10 8 4 10 6 10 7 8 2 6 7 7 7 7 7 7 10 7 8 4 4 10 10 8 2 9 4 5 10 10 7 7 7 8 8 11 2 6 4 4 4 4 4 4 4 4 4 4 11 11 2 5 4 3 10 7 7 8 4 4 10 10 7 7 7 8 2 4 10 7 8 11 9 5 5 10 2 7 11 3 7 11 4 4 5 4 5 4 4 4 11 5 10 7 7 2 6 11 11 5 4 4 4 5 0 10 7 7 7 8 7 10 10 7 7 6 8 7 7 8 7 7 7 7 7 7 10 8 1 9 8 11 5 10 7 10 7 7 7 7 7 7 7 7 7 7 7 7 7 7 7 7 7 7 8 2 4 10 8 7 7 7 10 9 8 8 4 4 10 7 7 7 8 7 7 11 4 11 5 2 9 7 8 4 10 10 8 8 7 7 7 10 7 10 2 8 11 5 10 7 6 7 7 7 7 7 10 7 7 2 6 8 7 7 7 7 7 7 7 7 7 7 7 7 7 7 7 10 7 10 8 7 8 10 2 10 7 6 7 8 11 4 11 2 5 9 5 4 11 4 4 5 4 4 4 4 4 4 4 11 4 4 11 4 4 4 4 4 4 4 4 2 5 4 4 4 9 4 4 4 4 4 5 7 7 11 11 4 4 5 7 1 3 5 7 7 11 11 5 4 4 5 7 7 11 11 2 3 4 4 4 5 4 1 9 5 10 8 7 11 11 5 5 11 4 11 4 2 5 7 7 7 7 7 10 10 7 7 7 7 8 7 7 7 7 7 7 7 7 8
ppo_q50_b_fd_l4,43,qv18_48,18,156,True,853.25,2.1512088775634766,5 5 7 11 9 5 5 10 7 8 11 11 4 5 5 10 7 8 4 10 8 11 4 11 4 4 5 7 8 11 7 8 11 4 11 5 5 10 2 7 9 11 4 5 5 10 7 8 11 1 9 4 5 5 10 7 8 11 11 4 5 5 7 7 11 11 5 5 0 10 9 8 4 5 10 10 8 8 1 9 4 4 5 4 4 4 10 10 8 2 11 3 5 10 10 7 7 7 0 8 7 7 6 7 7 7 8 4 0 9 5 10 7 7 7 7 7 7 11 2 3 4 5 7 7 7 11 4 11 4 5 7 1 3 4 4 5 11 4 4 2 11 4 3 4 4 4 5 4 10 10 7 7 7 7 8 4 0 7 7 6 8 11 1 3 5 4 4 4 10 10 2 8 10 9 7 8 7 7 7 8 4 10 2 9 10 7 8 7 7 8 7 7 7 11 11 4 4 5 4 4 4 4 5 4 4 10 2 6 4 10 10 7 8 2 9 7 8 11 4 4 5 10 10 7 7 7 7 8 2 9 8 7 7 7 11 11 5 4 4 4 4 5 10 7 7 7 7 7 8 11 11 4 4 4 4 4 4 5 4 4 5 7 11 4 4 4 11 5 4 4 4 5 10 2 6 7 10 7 7 7 7 7 7 8 7 10 10 8 2 7 7 11 4 4 5 7 9 10 7 8 7 7 7 8 4 10 2 6 7 7 7 7 7 7 7 7 7 7 10 7 7 7 7 7 7 7 10 7 7 7 7 7 2 7 8 4 4 10 10 6 8 8 11 1 9 8 8 7 7 7 10 7 10 8 8 11 2 11 4 5 9 10 7 7 8 7 7 8 1 4 4 9 4 5 7 7 11 11 4 4 4 5 5 11 2 11 4 4 3 5 10 7 7 10 7 7 7 0 8 6 7 7 7 7 7 8 7 7 7 7 7 7 10 8 4 4 4 11 2 11 3 4 4 4 11 5 4 5 4 4 11 4 4 5 10 2 9 7 11 5 5 4 11 11 2 6 4 5 4 4 4 11 11 5 4 4 4 4 4 4 4 5 4 4 4 4 4 4 4 4 4 11 11 5 4 5 7 7 7 11 4 2 9 10 8 8 11 4 5 11 11 5 4 4 11 5 4 4 4 4 4 5 10 7 7 7 7 0 7 8 10 7 7 7 7 7 7 7 8 10 7 7 7 7 7 7 7 7 7 7 7 7 7 7 7 7 7 6 8 10 7 11 7 7 7 7 7 7 7 7 7 8 7 7 8 1 11 9 5 4 5 11 11 2 5 10 7 8 9 11 5 5 10 7 8 11 4 4 4 4 11 4 2 5 10 10 7 7 8 6 7 7 7 7 7 8 4 4 10 2 10 6 10 8 7 8 7 7 7 11 4 5 10 10 7 8 8 11 4 5 7 10 7 7 8 11 11 5 4 2 11 4 5 9 10 8 8 11 4 5 10 10 7 7 7 7 8 2 6 11 11 2 3 4 5 4 4 4 4 4 1 4 11 4 3 4 4 5 10 7 7 7 7 7 7 7 7 7 7 7 7 7 7 7 7 8 10 10 8 7 8 0 9 5 10 7 7 7 7 7 7 7 7 7 7 7 7 7 7 7 7 7 10 2 8 7 6 7 10 2 7 7 10 9 5 7 8 10 7 10 7 7 7 8 4 5 10 7 7 7 8 4 4 10 10 8 2 6 7 7 10 7 7 7 7 7 7 10 8 2 9 4 4 4 4 4 4 4 5 10 7 7 8 7 10 8 10 7 10 7 7 7 7 7 7 7 7 7 7 7 7 7 7 7 8 7 8 4 10 10 7 8 4 5 7 7 7 7 10 2 9 10 2 6 7 8 4 4 10 10 8 8 11 4 5 4 4 4 4 4 4 11 4 5 7 10 8 11 4 11 5 4 4 4 4 4 4 4 4 4 4 4 4 4 4 4 4 4 4 4 4 4 5 11 11 2 5 10 8 9 11 4 4 5 5 4 4 11 4 5 4 11 11 5 4 4 4 4 4 4 5 4 0 10 7 7 7 7 7 8 4 10 7 7 7 7 7 7 8 7 9 7 10 7 7 8 7 7 7 7 8 10 2 6 7 11 11 2 3 4 4 4 5 10 7 7 7 2 7 7 7 7 7 7 7 7 7 7 7 7 7 7 7 7 7 10 10 7 8 6 7 7 8 4 4 10 10 8 8 1 9 8 7 7 7 10 7 7 7 8 7 7 7 11 1 9 5 7 8 11 11 4 5 4 4 5 4 4 4 4 11 5 4 4 11 4 11 2 5 3 10 10 7 7 7 2 6 7 7 8 10 10 8 7 7 8 0 9 5 4 10 7 7 10 8 2 9 7 8 7 7 7 7 10 10 7 8 8 7 0 10 7 6 8 11 11 4 5 5 10 7 7 7 8 11 4 11 4 5 4 4 4 4 4 5 7 11 5 4 4 10 7 11 5 4 4 5 10 2 7 7 11 9 4 5 4 5 4 11 5 4 4 1 9 5 4 11 11 2 5 9 4 5 7 11 11 2 3 4 5 4 11 4 4 4 11 4 4 4 2 4 4 4 4 4 4 5 4 11 11 4 4 4 4 5 4 4 4 4 5 11 11 4 4 4 5 4 4 4 3 4 5 4 4 11 11 4 2 4 4 5
ppo_q50_b_fd_l4,44,qv18_49,18,151,True,855.75,8.295072078704834,5 5 7 11 9 5 5 10 7 8 11 11 4 5 5 7 7 11 11 5 5 10 7 8 11 11 4 5 5 7 7 11 11 4 5 7 8 11 11 5 5 10 7 8 11 11 4 5 5 7 7 11 11 5 5 10 2 10 7 7 6 8 11 11 2 5 9 10 7 7 8 2 9 4 10 7 7 8 8 4 4 10 7 8 1 4 4 4 4 3 7 11 4 5 7 11 4 4 4 4 4 10 8 7 8 11 5 4 10 0 9 8 8 4 4 10 10 7 8 8 4 4 10 10 8 8 4 0 9 7 10 7 7 8 8 1 11 4 4 5 9 4 4 11 4 4 4 4 5 2 7 11 9 4 5 7 8 11 2 4 3 4 4 4 4 4 4 4 4 4 4 4 4 11 11 4 4 4 4 4 4 4 4 4 4 4 4 4 4 4 4 4 1 5 3 5 10 7 11 4 4 2 5 4 11 4 3 5 10 10 7 8 2 4 10 9 8 7 7 8 11 2 6 11 4 11 4 4 4 4 2 3 4 5 4 4 4 4 1 4 4 4 4 4 4 4 4 4 4 4 4 10 9 5 4 5 4 11 4 4 4 4 4 4 4 4 4 4 4 4 4 4 4 11 4 4 2 3 5 7 7 7 11 11 4 5 4 1 3 5 10 7 8 11 4 4 4 4 4 4 5 10 10 2 8 9 4 5 10 10 7 7 8 1 3 4 4 4 4 5 10 2 6 4 10 7 7 7 7 7 10 2 6 8 10 10 2 6 7 8 1 4 4 4 4 4 11 5 4 9 4 4 4 5 7 7 7 11 4 11 4 5 5 4 4 4 4 4 10 0 9 7 8 8 10 2 10 9 8 4 4 5 10 8 7 11 4 10 8 8 4 4 10 10 7 7 7 8 7 8 4 10 10 8 2 7 10 9 7 8 8 10 2 3 11 11 4 4 2 3 4 4 4 4 4 4 5 7 7 11 11 5 4 4 4 5 11 11 4 4 5 4 4 4 4 4 4 4 4 4 4 4 5 0 9 5 7 10 7 7 4 7 7 7 7 7 7 7 7 7 7 7 7 7 7 7 8 7 7 10 7 7 7 7 7 7 7 10 2 7 8 9 4 5 7 11 4 11 5 2 9 7 8 11 4 4 4 11 5 2 10 8 10 6 11 4 4 4 4 4 5 4 4 11 4 5 2 9 7 7 8 10 7 10 7 7 7 7 7 7 7 7 8 8 10 7 7 7 11 5 2 10 8 7 7 7 7 7 7 10 10 7 7 7 7 7 7 8 7 6 7 7 7 7 7 7 7 7 7 7 7 8 7 7 11 4 2 10 9 8 8 10 7 8 7 7 7 7 7 11 5 0 9 7 8 7 7 7 10 10 8 7 8 1 3 11 4 4 4 4 4 11 4 5 2 9 7 8 11 11 5 4 4 4 4 5 7 11 4 10 2 6 8 4 10 10 2 8 11 5 3 10 7 7 7 10 7 8 8 4 4 10 10 8 2 7 6 11 4 4 5 7 7 11 11 4 4 4 5 4 4 4 4 4 4 5 7 10 7 7 2 7 10 7 7 6 8 1 11 11 5 5 10 7 7 7 6 8 1 9 11 4 2 5 11 4 3 11 5 5 4 4 4 4 4 4 4 4 4 4 4 4 4 4 4 4 4 4 4 4 1 4 10 9 5 4 5 4 4 4 4 4 4 11 4 1 4 5 9 10 8 8 11 4 4 4 5 7 11 11 4 2 5 4 4 4 11 4 3 4 5 10 10 7 7 7 7 7 8 7 7 7 7 8 4 10 8 7 1 11 9 5 5 7 11 5 4 11 4 4 4 5 4 4 10 7 7 11 2 5 10 7 6 4 10 2 7 7 8 6 10 7 7 8 4 4 10 10 7 7 7 8 4 4 4 5 10 7 2 6 7 7 7 7 7 7 10 10 8 2 9 7 8 4 4 11 4 4 4 4 4 4 4 4 11 5 2 9 5 10 7 11 5 4 4 4 4 4 4 1 4 3 5 10 10 8 8 10 7 8 4 10 7 7 7 7 8 4 10 2 6 7 11 11 5 4 5 7 7 11 11 4 5 4 2 4 4 4 11 5 7 7 7 6 7 7 10 8 7 7 10 8 7 7 7 10 10 7 2 8 4 10 9 8 8 7 7 7 7 7 7 7 7 7 7 7 7 7 7 7 7 7 7 7 7 7 7 0 9 7 8 4 10 7 7 8 7 10 7 7 10 2 7 8 4 10 8 10 8 7 6 10 7 7 7 7 7 10 2 8 4 9 4 4 4 4 4 5 4 11 5 11 4 11 2 3 4 5 7 11 11 5 4 4 11 5 5 10 7 8 11 2 11 9 5 4 4 5 0 10 9 8 7 7 7 8 1 9 5 7 11 5 11 11 2 5 9 5 10 10 7 7 7 7 8 8 7 7 7 7 10 7 7 7 0 9 5 7 8 7 7 10 10 2 6 8 11 11 4 4 4 4 4 4 4 5 4 5 11 4 4 4 4 11 2 5
ppo_q50_b_fd_l4,45,qv18_5,18,151,True,870.75,2.7743771076202393,5 5 7 11 3 7 11 5 2 7 11 3 7 11 5 2 10 8 11 3 7 11 5 5 10 7 11 4 5 5 10 7 11 4 5 5 10 2 7 6 11 11 5 2 7 11 9 4 4 5 5 7 7 11 11 5 5 0 9 7 8 11 4 5 10 10 7 7 8 8 11 4 5 10 7 8 4 4 10 7 8 4 4 10 10 7 7 7 7 8 7 7 7 8 1 4 4 4 11 4 4 5 9 10 8 7 7 7 7 7 7 8 7 1 11 9 5 5 10 7 8 11 11 5 5 7 7 11 1 4 4 9 5 4 4 4 4 4 5 0 6 4 10 7 7 7 7 7 7 8 1 3 11 1 4 4 5 7 11 4 9 5 4 4 4 5 4 4 4 0 10 7 10 6 7 8 0 7 7 7 7 8 11 5 10 9 8 8 4 0 10 6 4 10 7 8 2 6 11 11 5 4 4 4 4 4 5 10 2 7 10 6 7 7 10 7 7 8 8 1 11 3 5 10 10 8 1 4 3 4 5 10 7 7 8 11 11 4 4 5 1 5 9 7 8 11 11 4 5 4 4 5 4 0 9 10 8 1 4 3 5 10 0 8 4 10 7 7 7 8 9 11 4 5 5 7 7 11 4 5 4 4 11 4 11 5 5 0 10 7 6 8 4 4 10 10 2 8 9 8 11 4 10 7 7 7 7 7 7 2 6 7 10 8 4 5 10 2 9 10 8 7 7 8 11 5 4 1 4 3 4 11 4 4 5 10 0 7 7 8 9 11 4 4 5 5 11 1 5 7 11 9 5 4 5 10 8 4 0 9 10 7 8 8 10 10 8 8 11 2 11 3 4 4 4 5 7 7 11 11 5 2 7 11 4 9 5 7 8 1 4 3 7 10 7 7 7 8 10 7 10 7 8 7 7 7 8 4 10 7 10 8 8 4 11 2 4 9 4 4 5 4 10 0 9 7 8 7 8 11 2 6 11 4 11 4 5 4 5 7 11 11 4 4 5 2 4 11 4 3 4 5 7 11 11 4 5 0 8 7 7 6 10 7 7 7 7 7 7 7 7 5 10 7 7 8 11 4 10 2 7 8 6 11 4 5 7 7 11 11 4 4 5 5 4 4 1 9 4 5 10 8 11 4 4 4 4 10 2 8 4 10 6 7 7 8 4 10 7 8 7 7 11 4 10 8 8 11 2 4 4 4 10 8 10 6 7 8 7 7 7 7 7 11 11 2 5 9 5 7 7 11 11 2 3 4 5 10 7 7 8 11 11 4 5 4 5 7 7 11 11 4 4 5 7 8 10 2 7 7 10 7 8 9 11 4 5 4 5 10 7 7 11 4 2 5 7 11 4 11 4 3 4 4 4 2 3 4 5 0 9 8 7 10 7 7 7 11 5 2 3 7 11 5 11 11 5 4 4 5 7 10 2 9 7 7 11 5 5 7 0 9 8 11 7 7 7 10 2 6 7 8 7 7 7 7 7 7 10 7 7 8 11 2 3 7 11 5 10 7 7 7 7 7 11 5 7 2 11 9 5 7 1 4 3 4 5 7 11 4 4 2 9 5 7 1 3 4 4 4 11 11 4 4 4 4 5 2 10 8 11 9 8 8 11 4 10 8 7 8 7 7 7 7 7 7 7 7 7 7 7 10 7 7 7 8 7 11 11 5 2 7 11 3 7 11 5 5 7 7 11 2 9 11 4 5 5 10 0 7 8 7 9 8 7 7 7 7 7 11 11 5 2 3 7 7 11 11 4 1 3 4 4 4 4 5 4 4 4 4 4 4 4 4 4 1 4 5 10 9 7 8 8 7 7 7 7 7 7 0 7 7 9 7 7 8 10 0 6 8 11 11 5 4 4 5 7 11 4 2 9 11 4 5 5 0 9 10 8 7 8 4 10 2 6 7 11 11 5 2 10 8 4 9 10 8 7 0 6 7 7 7 8 7 7 7 11 11 2 3 4 5 7 10 7 8 11 11 4 4 4 5 1 4 9 5 4 4 4 4 4 5 7 7 11 11 5 4 4 4 5 4 10 10 8 4 2 4 9 5 11 11 5 5 7 7 7 7 7 7 7 7 7 10 7 7 8 11 2 4 4 3 4 10 10 7 8 7 8 7 7 10 7 7 10 2 8 7 11 4 5 7 7 11 11 5 3 4 4 4 4 4 4 5 10 2 10 9 8 7 8 4 10 10 8 7 7 7 7 7 7 7 7 8 0 7 11 4 11 4 4 5 5 7 11 4 4 11 4 4 4 4 4 4 4 5 4 4 4 4 5
ppo_q50_b_fd_l4,46,qv18_50,18,154,True,890.5,5.178360462188721,5 5 7 11 3 7 11 2 5 7 11 9 5 5 7 7 11 11 4 5 7 8 11 11 4 5 7 8 11 11 5 5 7 7 11 11 5 5 10 0 8 9 4 10 8 8 4 4 10 10 8 7 7 8 7 7 7 7 7 7 11 11 2 5 7 6 11 11 4 4 5 1 4 5 7 11 4 4 4 5 7 9 11 4 4 5 5 7 7 11 11 5 5 0 10 7 7 6 8 11 11 5 2 10 7 8 7 7 6 7 11 11 5 4 4 4 5 0 7 10 8 10 9 7 8 7 7 7 7 7 7 8 7 7 7 7 7 11 2 11 11 3 4 4 4 5 4 4 5 10 2 6 7 11 11 4 5 2 10 7 8 11 3 4 4 4 5 7 11 11 4 2 5 10 7 6 7 7 7 7 7 7 8 10 7 10 2 6 7 7 8 7 7 7 7 7 7 7 7 7 7 7 7 7 7 7 7 10 7 10 7 7 7 7 7 7 7 7 7 7 8 4 2 4 10 10 8 8 9 8 7 7 10 7 7 7 8 10 8 4 10 10 2 7 8 4 3 4 4 4 1 11 4 4 4 4 5 11 4 4 3 5 7 10 7 10 7 7 8 8 1 4 11 9 8 4 5 10 7 7 7 7 7 7 7 7 7 8 10 10 7 2 7 7 7 7 8 7 7 7 7 7 7 7 7 7 7 7 7 7 7 10 7 7 8 9 10 7 7 7 7 7 7 7 7 0 7 7 8 8 10 10 6 7 8 8 4 10 8 1 3 4 10 10 8 2 4 10 9 8 7 7 7 7 8 11 4 4 2 11 9 4 4 5 4 5 10 2 7 10 7 11 4 3 5 4 4 5 4 4 11 11 5 4 4 4 2 4 4 4 4 4 4 4 4 4 3 7 11 5 11 4 4 4 4 4 4 4 4 4 4 4 4 4 11 4 5 4 4 5 10 2 10 7 7 7 8 11 11 4 4 3 5 5 7 7 11 11 4 4 2 3 4 5 11 11 5 2 11 4 5 4 3 4 11 5 11 4 4 4 4 4 11 2 4 5 4 4 3 11 5 4 4 4 4 4 4 4 4 4 4 4 4 11 5 0 6 7 11 11 5 4 4 4 4 4 4 4 5 7 11 2 11 4 4 3 5 4 4 4 4 11 11 5 5 11 5 4 4 4 11 11 2 3 4 4 4 4 4 5 11 4 4 4 4 4 4 4 4 4 4 4 4 5 11 4 11 4 4 4 5 4 5 10 2 6 7 11 11 5 5 10 7 11 2 3 4 4 4 4 4 5 7 7 7 7 10 8 11 4 4 4 4 4 4 4 4 4 4 4 5 0 9 10 7 8 2 6 7 7 7 10 7 10 7 2 6 7 7 7 8 4 10 7 7 0 8 7 6 7 11 11 5 4 5 7 11 11 5 4 4 4 4 4 5 10 7 7 7 8 11 4 4 11 2 4 3 4 5 7 10 7 7 7 0 9 8 7 8 11 2 3 10 7 10 7 8 2 11 3 4 5 7 11 4 11 2 5 10 7 6 7 7 7 7 7 7 8 4 10 2 7 6 7 7 7 7 7 7 7 7 10 10 7 2 6 7 7 7 7 7 7 7 8 7 7 7 7 10 7 8 11 4 4 4 4 4 5 7 7 7 10 7 7 7 7 7 7 7 7 7 7 7 10 8 2 9 8 11 4 4 5 4 4 4 4 11 11 4 5 2 9 7 11 5 5 10 7 8 11 11 5 5 7 10 7 8 7 7 7 7 7 7 10 10 8 7 7 7 7 7 7 7 7 8 11 4 5 7 10 7 7 10 7 8 2 11 5 4 11 4 5 10 6 7 7 10 8 2 9 11 4 5 5 11 4 11 4 4 4 5 5 7 11 11 4 5 2 10 7 7 7 7 7 7 6 11 4 5 4 5 4 1 9 4 5 11 11 2 4 3 5 11 11 5 0 7 9 8 7 7 7 7 7 7 8 4 10 7 7 7 11 5 2 3 4 11 4 4 4 4 4 11 4 4 5 2 9 7 8 11 4 10 8 8 4 4 10 10 2 8 10 7 7 6 8 4 10 7 7 7 7 7 7 7 10 8 7 8 1 4 9 4 5 11 11 2 5 10 8 7 10 10 8 8 6 11 4 4 4 4 4 4 4 4 11 4 5 4 4 4 4 4 4 5 4 4 4 4 4 4 4 4 4 4 4 4 4 4 11 4 5 10 2 9 7 8 11 11 5 5 4 4 4 4 4 4 4 4 4 10 7 11 5 5 7 11 5 4 0 10 9 8 7 8 1 9 11 4 4 2 3 4 5 4 11 4 4 5 7 11 11 4 2 4 3 5 10 7 0 7 7 6 7 7 8 10 2 7 7 10 7 10 7 8 7 7 7 7 7 7 7 7 7 8 6 7 10 7 7 7 7 7 7 7 7 10 7 8 8 7 0 9 8 7 7 10 8 10 7 10 2 8 11 5 10 7 7 6 7 8 1 11 11 5 5 4 4 3 4 4 4 4 1 4 9 4 4 4 4 5 10 10 7 7 7 8 8 10 2 10 6 10 7 7 7 7 7 7 7 8 7 7 8 10 10 7 7 7 8 2 9 4 4 5 10 7 7 7 7 7 7 7 7 7 7 7 7 7 7 7 8 7 10 7 7 10 7 7 7 7 7 7 7 7 7 7 2 6 7 7 7 7 8 11 2 4 10 9 8 8 10 10 7 7 7 8 7 7 7 7 7 8
ppo_q50_b_fd_l4,47,qv18_51,18,154,True,878.5,2.7545785903930664,5 5 7 11 9 5 5 7 7 11 11 5 5 7 7 11 11 5 5 0 10 8 11 4 3 7 11 5 5 7 7 11 11 5 5 7 10 8 11 4 11 4 5 7 8 11 11 5 5 7 7 11 11 5 5 10 0 8 9 11 5 5 4 10 2 3 10 7 10 7 8 8 4 4 10 10 8 7 7 7 7 7 7 7 7 8 1 3 7 11 5 7 1 4 3 4 4 4 4 11 4 4 4 4 4 10 2 6 8 11 4 5 10 10 8 2 4 10 7 9 8 8 11 4 10 2 8 4 10 7 6 4 10 7 2 8 9 10 8 8 4 4 10 7 11 5 2 9 4 4 5 10 10 8 0 6 8 4 4 10 10 7 8 8 11 1 5 4 3 7 11 4 4 4 4 4 5 7 11 4 4 5 4 4 4 4 11 4 10 8 4 2 10 6 8 4 10 7 7 7 7 8 4 4 4 10 7 10 8 7 7 8 4 10 10 8 8 7 10 7 7 7 11 5 5 10 2 9 7 8 11 11 5 4 5 10 8 7 11 4 4 4 4 4 4 4 5 4 10 10 8 2 4 10 7 8 7 7 7 9 10 8 7 8 7 11 2 11 3 11 4 5 4 4 4 4 4 4 4 4 4 4 5 7 11 4 5 4 10 0 9 8 7 7 8 11 4 4 4 5 10 10 7 7 8 7 7 7 7 8 10 10 2 7 7 8 9 8 11 11 1 4 3 4 4 4 4 5 4 4 4 4 4 4 5 4 4 4 4 10 10 8 8 0 7 6 7 7 10 7 7 7 8 11 4 4 10 8 8 0 7 7 9 7 8 4 10 7 8 4 10 10 8 2 6 4 4 4 4 4 4 11 11 5 5 11 11 4 4 5 4 5 10 8 0 7 9 8 1 3 4 4 4 1 4 4 11 4 3 5 10 7 10 7 8 8 11 4 5 10 10 8 2 7 7 10 7 7 9 8 7 8 10 7 8 4 4 10 10 8 2 6 11 11 2 4 4 5 10 7 7 8 7 6 11 4 11 4 4 4 4 5 4 11 5 4 5 10 7 7 8 11 11 4 5 5 10 7 7 8 4 4 11 4 4 5 7 11 4 4 11 5 2 10 7 9 8 7 7 7 8 7 7 7 7 7 10 7 8 11 11 2 5 9 11 5 4 5 4 11 4 4 5 10 2 6 10 7 7 7 7 7 7 10 7 7 7 7 2 8 4 10 9 8 7 8 1 4 4 3 4 4 4 4 4 4 4 4 10 0 6 7 8 1 4 11 5 3 7 11 11 5 4 4 4 4 1 4 5 10 9 8 8 7 10 8 7 0 6 7 10 7 7 8 7 7 7 7 7 11 4 5 10 2 9 10 7 8 4 5 10 7 8 4 10 8 1 9 4 11 4 4 4 5 4 4 5 10 7 11 4 5 5 10 7 8 11 11 4 4 4 4 5 2 10 8 4 4 11 4 3 4 11 5 2 9 7 8 10 10 8 8 7 0 10 8 4 3 10 10 8 2 9 7 8 7 7 7 7 7 7 7 7 7 7 7 11 11 5 2 10 7 8 7 11 11 4 4 5 4 3 4 5 11 5 4 1 9 4 4 5 7 7 11 11 2 4 3 5 10 2 9 4 11 4 2 3 5 7 10 10 7 8 7 7 7 7 7 8 7 10 2 7 10 9 5 5 4 4 11 4 5 4 4 11 11 4 2 3 5 10 10 8 7 7 8 7 7 7 7 7 7 7 10 7 7 8 11 1 3 5 7 11 11 5 5 10 2 10 7 8 9 10 8 8 10 7 8 1 3 7 11 4 4 4 5 7 11 11 4 4 5 4 5 11 4 4 4 4 4 5 10 7 8 11 11 2 4 5 7 7 7 7 7 10 9 8 7 7 8 11 2 11 9 5 7 7 7 7 8 4 4 10 7 7 8 7 7 0 7 7 9 7 8 7 7 7 11 2 9 11 4 4 5 5 4 4 4 4 4 4 11 5 4 4 11 4 4 5 0 6 4 10 10 8 2 9 8 4 4 10 10 2 6 7 8 4 11 4 5 10 10 7 7 8 7 7 7 7 8 7 7 7 11 2 11 4 4 4 4 3 10 7 7 7 7 7 8 8 4 4 4 1 9 8 11 11 2 5 10 8 7 6 10 10 7 8 2 9 4 5 7 7 11 11 4 4 4 5 4 5 7 11 11 5 4 4 4 5 4 4 4 4 4 4 4 4 4 4 10 8 11 5 4 10 10 2 7 6 8 1 4 3 10 10 8 8 4 4 10 10 2 8 4 10 9 8 8
ppo_q50_b_fd_l4,48,qv18_52,18,148,True,823.0,3.088456869125366,5 5 7 11 9 5 5 7 7 11 11 5 5 7 7 11 11 5 5 7 7 11 11 5 5 10 0 6 7 8 11 4 11 4 4 5 5 0 10 7 7 7 8 4 10 8 7 7 7 7 7 7 7 11 11 4 5 5 7 11 9 5 5 10 2 7 11 4 11 3 4 4 4 5 7 8 11 2 11 3 7 11 4 5 7 8 11 11 5 5 10 2 10 7 9 8 7 7 7 8 4 10 7 7 7 8 1 9 4 11 5 5 10 2 10 7 7 7 8 6 7 11 11 4 5 2 7 11 4 4 4 4 3 4 5 7 11 11 5 4 5 10 2 6 7 11 11 2 5 9 7 8 11 11 5 5 10 0 7 7 6 7 7 8 4 10 7 7 7 7 7 7 7 11 2 5 10 8 9 8 1 11 4 3 7 11 5 4 5 1 4 4 4 11 4 5 9 7 11 5 5 0 10 7 8 9 4 10 7 5 4 4 5 10 7 7 10 7 7 8 8 4 10 10 8 1 4 4 4 5 4 3 7 11 4 5 10 7 7 8 7 10 8 1 4 9 11 4 5 5 7 7 11 4 5 0 10 6 10 7 8 4 0 6 7 7 7 7 8 4 10 7 7 2 7 7 6 11 11 5 5 10 7 8 11 11 2 4 3 4 4 4 5 7 11 2 4 4 4 4 9 5 7 11 11 4 4 5 5 10 2 10 9 8 4 4 5 4 11 4 4 2 4 4 4 4 4 4 4 4 11 4 4 4 4 4 4 4 4 4 4 4 11 4 4 4 4 4 5 3 4 4 4 4 5 10 2 7 6 11 11 5 5 7 11 11 2 5 4 11 4 3 10 8 7 8 10 7 7 0 8 11 9 4 5 4 5 11 4 11 5 4 4 5 0 9 7 8 10 7 7 7 0 9 8 7 8 4 10 8 4 10 7 7 7 7 7 1 11 3 5 5 4 4 1 11 4 4 4 5 4 11 9 4 5 4 4 4 4 5 10 2 7 7 6 10 10 8 7 7 0 6 8 11 4 10 2 6 7 7 8 11 4 4 4 4 5 10 7 10 8 8 4 10 7 7 7 7 7 7 8 4 11 11 4 2 5 7 10 6 8 11 11 4 4 5 5 7 11 4 4 5 10 7 7 7 7 7 8 11 4 11 4 5 7 8 11 4 11 4 5 5 7 10 7 8 7 11 11 2 3 5 7 11 11 5 5 11 4 5 11 4 11 5 4 4 4 4 4 4 4 4 4 1 5 9 7 8 7 7 7 7 7 7 7 10 7 10 7 7 8 7 7 7 0 7 6 7 7 7 8 4 10 7 7 10 2 6 8 1 11 4 4 3 5 4 11 4 11 4 5 2 7 11 9 5 5 4 1 11 4 3 4 5 10 7 10 8 7 8 7 11 11 5 2 10 8 4 9 10 8 7 7 7 7 7 8 7 7 7 10 7 7 8 7 7 10 2 6 7 7 7 10 10 8 4 4 4 4 4 4 2 4 4 4 9 4 11 4 2 4 4 4 5 10 10 8 7 7 8 9 4 10 8 8 1 9 8 11 11 4 4 5 4 4 4 5 4 4 4 4 4 4 4 10 0 7 8 7 6 7 7 7 7 10 7 8 1 9 8 11 11 5 4 5 11 11 4 4 4 4 5 4 4 5 11 2 3 4 10 10 7 7 2 6 8 10 7 7 7 10 7 7 7 8 7 7 7 8 11 2 9 5 4 4 4 11 4 4 5 4 10 10 2 6 7 7 7 10 7 7 8 8 4 4 10 10 8 8 10 2 7 7 7 11 4 4 9 5 4 4 5 7 11 4 11 5 0 7 7 6 7 7 7 7 7 7 8 4 10 2 6 7 11 11 5 5 4 4 4 4 11 11 2 3 4 4 5 7 11 11 2 3 5 10 7 8 11 4 10 7 7 8 2 11 9 5 4 4 5 4 4 4 11 4 5 11 2 11 11 5 4 4 5 10 7 8 9 7 7 7 7 7 7 8 7 7 10 7 7 8 0 7 7 10 8 7 10 7 7 7 7 7 6 8 11 11 4 4 4 1 4 3 5 4 5 7 7 11 11 5 4 5 11 4 1 4 5 3 10 10 8 2 9 8 11 11 4 4 4 4 4 2 3 5 4 11 11 4 5 7 8 7 7 7 7 7 11 2 9 4 5 10 10 8 7 7 7 7 7 7 7 7 7 7 8 11 2 11 9 5 5 0 9 7 7 7 7 7 8 10 7 10 2 8 11 4 11 4 4 5 4 5
ppo_q50_b_fd_l4,49,qv18_53,18,145,True,822.25,5.28329873085022,5 5 7 11 3 7 11 5 2 10 6 8 11 11 4 5 5 7 7 1 11 9 5 5 10 2 7 6 11 11 4 4 5 7 8 11 11 5 5 7 7 11 2 11 9 4 4 5 5 0 9 10 8 8 11 4 2 9 10 2 6 8 4 4 10 10 8 8 4 4 10 7 7 7 7 7 7 7 7 8 7 11 11 2 4 4 5 7 11 9 4 4 5 5 7 11 2 9 11 5 4 4 5 10 2 4 3 7 11 4 4 4 4 10 8 8 4 0 9 5 7 7 7 7 7 7 10 7 7 0 7 8 4 9 10 8 7 8 1 3 7 11 11 4 2 4 5 10 8 9 11 4 4 4 4 2 5 4 4 4 3 4 10 10 8 7 8 4 10 10 7 2 6 7 8 4 10 7 7 7 8 1 3 7 11 5 7 11 4 4 4 4 10 8 4 4 5 10 2 7 9 10 8 7 7 7 7 7 8 1 9 5 7 11 4 4 4 4 11 4 5 4 4 4 4 4 4 5 7 11 11 5 2 9 7 7 7 8 4 10 10 8 7 7 8 4 10 0 7 8 6 4 4 10 10 7 7 8 7 7 8 11 5 10 7 7 11 2 5 7 11 4 5 9 10 8 8 11 4 5 7 11 11 4 5 4 4 4 5 7 11 4 5 4 11 5 4 4 4 4 4 10 10 2 7 8 6 10 7 7 7 7 7 7 8 4 10 7 10 2 7 8 9 11 5 4 4 4 5 10 7 7 7 7 7 7 7 7 8 11 4 4 4 4 4 4 4 4 4 4 4 4 5 7 11 4 5 11 11 2 3 5 10 10 8 7 7 7 7 10 8 7 8 11 5 4 10 10 2 8 11 5 3 7 10 7 7 7 7 10 2 7 8 9 11 4 4 4 2 3 5 4 4 1 4 4 4 4 9 4 11 4 2 5 3 4 10 10 7 2 7 7 8 4 10 10 7 8 6 8 4 10 7 7 7 7 8 4 4 10 10 2 6 8 11 4 5 10 10 2 6 8 1 11 4 3 5 0 10 9 5 7 8 7 7 10 7 7 7 11 5 5 4 4 4 1 9 4 4 4 5 10 7 7 7 7 7 8 11 4 5 7 11 11 4 4 5 4 4 4 1 4 5 3 10 10 8 8 11 1 3 4 5 7 11 2 3 4 10 10 8 8 4 10 10 8 8 4 10 10 8 8 7 7 11 4 2 10 7 7 7 7 6 8 11 4 5 7 7 11 11 4 2 3 5 7 11 4 4 11 2 5 4 11 5 3 10 10 7 8 7 8 7 7 7 10 7 7 7 8 7 7 7 11 11 5 2 9 11 4 4 4 4 5 5 0 10 6 8 4 10 7 7 8 10 7 7 7 7 11 5 2 9 5 7 7 11 4 10 8 8 7 7 7 7 7 10 7 7 7 7 7 7 7 7 7 7 7 7 7 7 7 7 7 7 10 7 8 7 7 7 7 7 7 8 11 4 2 4 11 3 10 7 8 7 8 7 7 10 7 8 1 9 4 10 7 8 4 5 10 7 7 8 4 10 7 8 7 1 9 11 4 4 4 4 5 4 4 4 4 4 5 0 7 7 10 6 8 10 10 7 7 2 6 7 7 7 8 11 2 3 7 11 4 5 4 10 10 8 2 9 8 4 4 10 10 8 8 7 7 7 7 11 4 10 8 7 7 7 8 4 4 4 4 4 4 4 4 11 4 4 4 4 4 4 4 4 5 11 11 4 4 4 2 3 4 5 7 7 11 11 4 5 5 0 9 7 8 4 10 7 8 0 7 7 6 7 7 10 7 0 7 7 8 4 10 9 7 8 7 8 10 2 7 6 11 4 4 4 11 4 4 4 4 5 5 10 2 9 10 2 8 7 7 7 7 10 8 10 8 7 7 7 7 7 7 7 7 7 7 7 7 10 7 10 7 7 7 7 7 7 7 7 8 7 7 8 10 7 7 7 6 7 7 0 7 6 7 7 7 8 7 11 2 11 3 7 11 5 5 11 5 4 4 4 10 10 2 8 4 3 10 7 7 7 7 7 7 7 7 7 8 7 1 11 5 9 4 5 7 11 4 1 11 3 4 4 5 4 4 4 5 7 7 11 2 9 11 5 5 10 2 3 10 10 7 2 6 7 8 10 10 7 7 7 8 8 4 4 10 10 7 8 7 8 4 4 10 10 8 8 4 4 10 10 8 2 9 7 8 7 7 7 7 7 7 7 7 7 7 10 7 7 7 7 7 7 10 7 7 7 7 7 7 7 7 7 2 7 7 7 8
ppo_q50_b_fd_l4,50,qv18_54,18,156,True,842.75,4.430920600891113,5 5 7 11 9 5 5 10 7 8 11 11 4 5 5 7 7 11 2 11 3 7 11 5 2 7 11 9 5 5 10 2 9 7 11 4 5 5 10 7 8 11 11 4 5 5 10 7 8 11 11 4 5 5 7 7 11 11 5 5 0 10 9 8 4 5 10 10 8 8 4 11 4 4 5 4 10 10 8 7 8 4 10 10 7 7 7 7 7 8 2 9 8 4 4 10 10 8 2 4 10 9 8 8 4 10 7 8 1 4 3 7 11 11 4 4 2 3 5 10 7 8 11 11 5 4 4 5 7 1 9 4 4 5 7 11 4 4 10 2 8 11 4 5 10 7 7 8 4 10 6 4 10 8 7 7 8 0 9 5 4 10 10 7 7 2 7 8 9 11 4 2 5 10 9 8 7 8 11 4 4 4 4 5 10 7 8 4 10 10 8 8 4 10 2 6 11 4 4 5 7 7 11 11 4 4 4 4 5 2 7 11 9 5 4 4 4 5 7 11 4 4 4 4 10 8 2 9 4 5 10 10 2 6 8 11 4 10 2 6 8 11 4 5 10 10 7 7 2 8 9 10 7 8 7 7 7 7 7 7 7 7 8 1 4 4 4 4 4 3 4 4 11 2 11 3 4 5 10 7 11 5 4 4 5 4 4 4 4 10 10 8 2 4 9 5 7 7 11 11 2 5 10 8 4 10 7 6 10 7 8 7 7 7 8 4 4 10 10 8 8 4 10 8 7 11 4 10 8 2 7 7 6 7 7 7 10 7 11 5 2 7 11 4 9 5 7 8 11 1 3 4 5 7 7 7 11 11 4 4 2 4 3 5 7 11 4 5 10 7 11 2 3 5 4 11 2 4 3 4 11 5 10 7 8 10 10 7 2 6 7 7 7 8 11 5 7 7 10 10 8 2 4 4 9 4 5 11 4 4 11 5 2 10 8 9 10 7 8 7 7 8 10 2 10 6 4 10 8 8 4 4 10 7 11 5 4 4 5 11 4 4 4 4 4 11 5 2 3 4 11 4 5 7 11 4 2 3 4 10 10 2 7 7 8 9 8 7 7 0 7 7 9 7 10 7 2 6 7 7 8 4 10 7 10 7 8 7 8 4 10 2 9 7 11 5 5 0 9 7 8 7 7 7 7 7 7 7 7 7 7 7 7 7 7 7 7 7 7 7 7 7 7 7 10 7 8 4 4 10 10 7 8 2 7 7 10 9 7 7 8 7 8 10 2 3 10 7 7 11 2 5 7 11 5 11 9 5 4 4 5 4 11 4 1 4 4 3 5 11 4 2 4 10 10 6 7 0 7 7 7 7 7 6 7 7 7 7 7 7 8 7 0 7 7 8 6 11 11 4 5 5 4 4 4 4 4 4 4 11 11 2 3 5 10 7 8 7 0 7 10 7 7 7 6 7 7 7 8 4 4 10 10 7 7 8 7 8 4 4 10 2 7 9 7 7 7 7 7 7 7 7 7 7 7 7 7 7 7 7 7 7 7 7 7 10 7 2 6 7 7 8 11 4 4 4 5 10 7 10 7 7 7 8 7 8 11 4 4 4 4 4 4 4 4 5 10 7 2 9 10 7 7 7 7 7 8 7 7 10 7 8 4 5 4 4 10 8 10 7 10 8 8 10 2 7 7 10 10 7 7 6 8 7 8 4 4 4 11 5 4 4 4 4 4 4 4 1 9 5 11 4 11 5 4 4 4 5 10 7 2 9 11 5 5 10 7 8 4 10 10 2 6 7 8 11 4 10 2 7 6 7 7 8 11 2 9 4 10 7 7 8 2 4 11 4 3 4 4 4 4 4 5 7 11 4 11 4 4 5 2 3 10 7 7 7 7 8 7 7 7 7 10 7 7 11 2 5 9 5 10 10 8 8 7 7 0 9 7 7 8 4 10 7 10 2 3 5 7 11 4 4 4 4 4 4 4 4 4 4 4 4 4 4 4 4 5 0 7 7 7 10 7 8 6 4 10 8 1 4 11 9 5 5 7 11 4 11 4 5 7 8 4 4 11 2 4 4 4 3 4 4 4 4 4 4 4 4 4 4 4 4 11 4 4 4 11 4 4 4 4 4 4 4 4 5 2 9 4 5 4 4 11 5 11 5 4 4 4 4 4 11 4 4 5 11 11 4 4 4 5 2 10 9 8 4 5 7 10 7 8 4 4 10 10 2 6 7 7 7 7 8 1 9 5 7 11 4 4 10 8 2 11 5 3 10 10 2 8 4 10 6 4 10 8 8 4 4 10 10 8 8 7 0 10 8 9 10 7 8 4 5 10 7 8 1 11 3 5 7 11 11 5 2 9 5 11 11 4 4 4 2 4 4 4 4 4 4 4 5 4 7 11 11 4 7 4 4 4 4 4 4 4 4 4 4 4 4 4 4 4 4 4 4 4 4 4 4 4 4 4 4 4 4 5 5
ppo_q50_b_fd_l4,51,qv18_55,18,151,True,845.5,3.138683795928955,5 5 7 11 3 7 11 2 5 7 11 9 4 5 7 8 11 11 5 5 7 7 11 11 4 5 7 8 11 11 5 5 0 10 9 5 7 8 4 4 10 10 8 7 7 7 7 7 7 8 7 11 11 2 5 7 6 11 11 5 5 7 7 11 2 11 3 7 11 2 5 7 11 4 4 5 7 7 11 11 4 3 4 5 7 8 11 11 5 5 7 7 11 11 5 5 10 0 8 9 11 5 5 0 9 5 10 10 7 8 8 4 10 7 2 7 7 7 7 7 6 4 10 7 7 7 7 8 7 7 7 11 11 4 4 4 5 2 7 11 3 7 11 4 2 4 3 5 10 10 8 4 4 4 5 10 7 8 7 11 11 4 4 4 4 5 2 4 9 4 5 10 10 8 7 7 8 11 4 4 4 4 4 4 5 4 10 10 8 8 7 7 10 7 7 7 8 4 10 7 7 7 7 7 7 10 2 8 9 7 8 11 4 4 5 7 7 11 11 4 2 5 7 11 3 7 11 5 4 4 4 4 5 4 10 7 8 11 11 5 5 0 9 7 8 4 4 10 10 2 8 7 6 7 10 7 7 7 7 8 7 7 7 7 11 11 2 5 7 6 11 4 4 4 4 4 4 4 4 4 4 4 4 5 4 4 11 4 2 4 4 3 10 10 7 8 7 7 7 7 7 7 7 7 7 7 7 8 11 2 4 4 3 7 11 5 4 4 1 11 4 3 4 4 11 4 4 5 7 2 9 7 7 8 10 7 10 7 8 2 9 8 4 4 10 10 8 7 10 7 7 7 8 7 7 8 1 4 4 4 4 4 4 9 5 4 10 10 2 6 8 11 4 4 5 4 10 7 7 10 7 8 2 9 7 8 11 4 11 5 2 10 8 9 10 7 7 8 7 8 11 4 4 4 5 10 2 7 7 10 9 8 8 1 11 4 4 4 3 4 11 4 4 4 4 4 2 3 5 4 4 4 4 11 4 4 4 10 8 2 11 5 4 10 10 7 7 7 8 6 7 8 10 4 11 5 7 7 7 7 7 7 8 11 4 10 8 8 4 10 7 7 7 7 7 7 7 8 11 5 11 11 4 2 3 4 5 7 11 5 7 11 11 4 5 1 5 9 7 8 7 11 4 4 4 4 4 11 4 5 2 10 7 8 10 9 7 8 7 7 7 8 1 4 4 11 4 4 4 4 5 7 11 9 5 5 7 11 2 4 3 4 10 10 2 6 7 7 8 7 7 10 10 8 7 8 11 2 4 11 5 10 7 10 6 7 7 7 8 8 4 11 5 10 7 7 7 7 8 1 9 4 11 4 5 4 5 4 4 4 4 4 4 4 4 4 4 10 7 11 5 5 11 5 0 6 10 10 7 7 8 7 7 7 7 7 7 7 8 7 7 11 1 4 4 4 4 4 5 10 8 4 10 10 6 7 7 7 8 8 4 10 10 7 8 2 9 10 8 8 4 11 4 4 5 4 4 11 5 11 4 4 4 5 4 4 4 1 4 3 7 11 5 10 8 4 10 10 8 8 11 4 4 4 4 5 10 8 4 10 7 7 10 8 8 7 7 7 10 10 8 7 7 7 8 10 10 7 8 2 9 4 5 7 11 4 5 7 11 11 4 5 2 10 8 9 4 10 2 8 7 6 11 4 4 4 4 4 4 10 2 3 4 5 4 11 4 4 1 4 5 4 4 4 11 9 4 5 0 8 7 6 7 7 7 7 7 10 7 7 7 0 7 7 7 8 6 10 7 7 8 1 9 8 7 11 11 4 4 5 4 4 4 4 5 10 2 9 7 7 11 4 4 4 4 4 5 5 0 10 6 8 7 7 0 6 10 7 7 8 4 10 8 1 4 11 4 9 4 4 5 5 4 11 11 4 5 4 4 4 4 5 7 11 4 5 10 10 2 8 11 5 10 7 6 10 8 8 4 10 10 8 7 7 8 7 11 2 9 4 5 10 10 8 7 7 8 11 4 4 4 10 7 7 8 7 7 8 4 10 7 7 7 7 11 2 3 5 10 7 8 11 11 4 2 5 4 4 9 4 4 4 11 5 4 4 5 7 11 4 5 0 9 10 8 7 7 7 8 1 9 4 5 7 11 4 11 4 5 5 4 10 7 1 9 8 4 5 4 11 4 4 4 11 5 4 4 4 4 4 4 4 4 4 4 4 4 4 4 4 4 4 4 4 4 4 4 4 4 4 4 4 4 4 5 0 9 5 10 10 7 2 8 6 11 11 5 4 4 5 0 9 5 11 11 4 4 4 4 5 4 4 4 4 4 4 4 5 7 11 4 5 4 4 4 10 7 11 2 5
ppo_q50_b_fd_l4,52,qv18_56,18,155,True,877.25,8.265626907348633,5 5 7 11 9 5 5 10 7 8 11 11 4 5 5 7 7 11 1 9 5 5 10 7 8 11 11 4 5 5 7 7 11 11 5 5 0 10 7 7 8 11 7 9 7 7 8 8 11 2 9 4 10 8 8 4 10 2 6 7 11 11 4 4 4 4 4 4 5 7 1 4 5 7 11 3 7 11 4 5 7 8 11 11 5 5 7 7 11 11 5 5 10 7 8 11 11 2 5 10 8 4 10 6 4 10 8 8 4 4 10 0 7 7 7 7 6 8 11 11 4 5 2 10 6 8 11 11 4 2 3 5 10 7 11 4 4 2 5 9 5 10 10 7 7 8 7 7 7 7 7 8 7 7 1 4 11 9 5 4 4 4 4 4 4 5 10 7 0 7 7 7 8 10 9 8 8 4 10 7 7 8 7 7 7 11 11 2 3 11 5 5 4 11 4 4 4 4 4 4 4 4 5 4 4 4 4 4 10 10 8 4 7 8 4 0 9 7 0 6 8 11 4 5 10 10 2 6 8 11 4 10 2 7 8 7 7 10 7 8 6 10 7 7 7 7 8 11 4 11 2 5 7 11 4 5 11 11 3 5 5 7 7 11 11 5 4 5 7 7 11 11 4 5 2 9 10 2 6 8 11 11 4 5 2 9 7 8 11 11 5 5 7 10 7 7 7 7 7 7 8 4 4 10 10 8 2 7 6 11 4 4 5 7 7 11 11 4 5 5 4 4 4 4 4 4 10 7 8 11 2 11 9 5 4 5 4 10 2 10 6 10 7 8 7 8 4 10 7 7 7 7 8 11 4 4 10 2 8 11 4 9 4 4 5 4 4 5 0 10 6 7 7 7 8 4 4 10 10 7 7 7 7 8 7 7 0 6 8 4 4 10 10 2 8 9 8 11 4 5 7 7 11 11 4 2 5 4 3 11 4 4 4 5 7 11 4 4 4 4 10 8 2 11 4 4 4 5 4 9 8 11 11 2 5 3 4 4 4 4 4 11 4 4 4 4 4 4 4 4 4 4 4 4 4 4 4 4 4 4 4 4 11 2 3 4 4 5 11 4 11 5 4 5 10 7 11 2 3 4 4 4 4 5 0 7 7 7 6 10 8 10 7 7 7 10 8 1 3 5 10 2 10 9 8 8 7 11 4 1 9 4 4 4 5 4 4 5 4 10 7 2 9 11 5 4 4 5 10 2 7 7 7 11 9 5 5 7 11 5 7 11 2 3 7 11 4 11 2 5 11 5 3 10 10 8 2 7 7 7 7 7 7 9 7 7 8 10 7 7 10 7 7 8 2 11 3 4 5 7 7 7 7 7 7 7 7 7 7 7 7 7 10 7 7 7 7 7 7 7 7 7 7 7 10 7 8 7 7 7 7 7 7 0 6 7 7 7 7 8 7 7 7 10 7 10 7 8 7 7 8 11 4 2 4 9 4 5 7 7 11 11 5 2 3 10 7 7 7 7 7 7 10 2 8 9 4 5 10 10 7 8 8 4 4 1 9 4 4 5 11 4 4 5 7 11 11 4 4 5 2 9 7 8 11 11 5 2 9 10 8 4 4 5 4 4 4 11 4 11 5 7 7 8 11 4 4 4 4 4 4 4 4 4 4 5 11 4 4 4 4 4 4 4 4 4 11 5 2 9 7 8 4 4 4 4 4 11 11 4 4 4 5 4 4 1 5 11 9 5 4 4 4 5 4 4 4 4 4 11 5 4 4 4 1 4 4 4 4 4 4 9 4 11 5 2 10 8 7 7 7 7 10 10 7 8 7 8 6 10 4 4 10 8 8 4 4 10 10 2 6 7 7 8 10 10 8 2 4 10 7 6 7 7 7 8 4 4 10 10 2 8 6 4 11 4 4 4 4 11 5 4 5 0 6 10 7 10 2 8 11 4 3 5 7 11 11 5 5 4 4 4 4 10 7 2 11 9 5 4 4 5 4 4 1 9 8 11 11 2 3 5 7 10 8 11 4 4 11 4 4 4 4 5 4 4 4 4 4 4 4 4 4 4 4 4 4 4 4 5 11 4 4 4 11 5 4 5 4 4 4 0 6 4 10 7 10 8 2 11 5 3 10 7 7 7 7 7 7 7 7 10 8 2 9 4 4 5 10 8 11 4 4 11 4 2 3 4 5 7 11 11 4 5 4 5 10 7 7 8 11 11 4 2 3 4 4 4 4 4 5 11 4 2 3 11 4 1 3 5 10 10 7 7 7 7 8 8 11 4 4 5 10 10 7 2 6 7 7 7 7 7 7 7 7 7 7 8 7 7 7 10 2 7 7 6 11 11 5 5 11 11 4 4 4 4 5 4 5 0 10 7 6 7 7 8 11 4 4 4 11 5 5 4 4 4 4 4 4 11 4 4 4 4 4 4 5 4 0 10 9 7 7 8 7 7 7 8 7 11 4 10 8 7 7 7 7 7 7 7 7 7 8 11 11 2 5 11 11 4 4 4 4 4 4 5 4 4 4 4 4 4 5 7 9 11 5 5 11 1 11 4 4 4 4 4 4 4 4 4 4 4 4 4 4 4 4 4 5 4 4 4 4 4 4 5
ppo_q50_b_fd_l4,53,qv18_57,18,150,True,856.5,8.032822608947754,5 5 7 7 11 11 5 5 7 11 9 5 5 7 7 11 11 5 5 10 7 8 11 11 4 5 5 10 7 8 11 11 4 5 5 7 7 11 11 5 5 10 2 7 11 4 9 5 5 7 7 11 11 5 5 0 9 7 8 4 4 10 10 8 8 11 4 10 7 7 2 8 4 9 10 8 8 11 4 5 10 10 7 7 7 8 7 7 7 7 8 11 1 9 5 5 7 11 5 7 11 11 4 4 4 5 2 4 4 3 10 7 7 10 8 2 6 11 11 2 3 4 5 10 7 0 8 4 10 9 8 7 7 8 7 7 7 7 7 7 7 7 11 11 4 5 4 5 10 8 7 11 1 3 11 5 4 4 5 1 3 7 11 4 4 4 4 4 4 5 4 4 4 10 0 9 8 0 7 8 9 7 8 4 0 7 7 9 7 7 10 2 7 7 7 8 7 7 7 7 9 8 1 11 3 7 11 5 4 4 2 11 11 3 4 5 4 4 4 5 7 11 4 11 5 2 10 7 8 9 4 10 7 8 7 8 10 8 7 1 11 3 11 5 4 5 10 7 7 8 11 4 11 4 4 5 2 9 7 8 11 11 5 5 7 11 11 5 5 10 2 3 10 10 8 7 7 7 7 8 7 10 7 7 8 11 11 2 3 5 10 7 8 4 4 10 0 7 9 8 8 4 0 6 4 4 11 4 5 7 11 4 4 4 4 5 7 11 4 11 2 5 11 5 9 7 11 5 7 7 8 10 7 7 7 10 7 8 4 5 10 7 7 8 11 5 4 10 10 7 8 8 4 4 10 10 8 7 7 7 7 8 4 4 10 10 7 7 8 4 5 4 4 4 1 4 10 8 11 9 5 4 1 3 5 10 7 8 11 11 4 4 4 4 2 3 4 4 5 4 4 11 4 1 9 8 8 4 10 7 7 7 10 8 7 7 7 7 7 8 7 7 10 10 8 2 6 11 11 4 5 5 7 11 4 11 2 5 10 7 7 6 7 7 8 7 7 7 7 7 7 11 2 11 11 5 3 4 4 4 4 4 4 4 4 4 4 4 5 11 2 3 10 7 7 11 2 5 7 6 10 7 7 7 7 8 11 5 7 7 7 0 7 7 6 7 10 7 8 11 4 4 11 4 4 5 5 7 11 1 4 11 3 4 2 3 5 11 11 4 4 5 2 9 7 8 4 10 7 7 7 7 10 8 2 10 7 6 8 7 7 7 11 4 5 11 11 4 4 4 5 2 10 7 7 7 7 8 7 10 9 8 7 7 7 7 7 8 7 7 10 7 7 7 7 7 7 7 7 7 7 7 7 7 7 7 7 7 7 10 7 0 7 7 7 8 8 10 7 7 7 6 7 7 7 8 11 2 9 7 7 8 7 7 7 10 10 7 7 8 2 4 10 8 7 7 7 6 11 11 4 4 4 5 4 4 4 5 4 11 11 4 4 5 7 8 0 9 5 10 7 7 8 4 10 10 2 6 7 8 11 5 4 10 7 11 5 5 7 7 11 11 4 2 3 4 5 11 11 4 4 4 4 4 5 4 5 7 7 10 8 7 11 11 5 5 10 0 9 7 8 7 8 10 2 9 8 7 10 7 10 2 6 7 7 8 4 10 8 7 7 11 4 10 8 7 7 7 8 7 7 7 7 7 7 7 7 7 7 7 7 7 7 7 7 10 0 6 7 8 11 4 4 5 10 10 7 8 7 7 7 7 7 7 7 8 4 10 7 7 11 2 5 7 11 3 5 11 4 10 8 7 7 7 7 7 7 7 7 8 11 2 11 9 5 4 4 4 5 4 4 4 10 7 11 5 5 4 4 4 4 4 4 10 7 11 5 5 7 7 11 11 5 5 10 0 8 11 9 5 5 10 0 8 4 10 7 6 7 7 7 7 10 7 2 6 7 7 8 7 10 10 7 8 7 7 8 4 0 10 7 8 7 7 6 11 11 5 11 4 4 5 5 0 7 7 9 7 8 10 8 7 7 7 7 7 7 7 11 11 5 4 2 9 4 4 4 4 4 4 5 7 7 11 11 4 4 5 5 11 5 4 4 1 11 4 4 4 4 4 4 4 4 4 4 4 4 3 5 11 4 4 4 4 11 4 4 4 4 4 4 4 4 2 4 5 4 4 11 11 4 3 4 5 4 4 5 4 11 11 5 4 5 0 7 10 7 7 7 7 6 8 10 7 7 7 7 8 4 10 10 8 7 7 7 7 7 7 7 7 7 7 7 7 7 7 7 7 7 7 7 8 7 10 7 7 2 7 7 7 7 7 10 9 7 7 8 4 5 10 7 7 7 7 7 8 7 7 7 7 1 11 11 4 4 5 5 4 4 11 3 4 5 4 11 4 4 4 4 11 5 2 9 4 4 5 10 10 7 7 7 7 7 8 7 7 7 10 8 7 7 8 11 4 4 4 5 10 10 7 8 2 6 10 10 7 7 7 7 7 2 6 8 10 10 2 7 8
ppo_q50_b_fd_l4,54,qv18_58,18,154,True,859.25,8.53053069114685,5 5 7 11 9 5 5 7 7 11 11 5 5 7 7 11 1 9 4 5 7 8 11 2 11 9 5 5 10 7 11 4 5 5 0 10 7 8 6 11 11 5 5 7 7 11 11 4 4 4 5 5 0 9 10 8 8 11 2 4 10 6 7 8 1 4 4 3 10 10 2 8 4 10 6 4 10 2 7 7 7 8 11 5 9 10 7 7 8 8 4 4 10 10 8 8 1 11 9 5 7 8 11 11 5 4 5 10 7 7 7 7 8 7 11 11 4 4 4 4 4 4 4 5 2 3 10 7 7 8 4 10 7 7 7 11 2 3 5 7 11 5 7 11 4 11 4 4 4 4 4 4 5 5 10 2 9 7 8 4 4 10 7 7 7 7 7 8 4 0 7 7 7 9 8 4 10 10 2 8 6 11 11 4 4 4 5 4 5 7 7 7 11 4 11 2 5 3 10 7 8 11 4 10 7 8 7 7 8 7 7 7 7 7 7 7 7 11 11 2 4 3 5 7 7 11 4 5 7 7 11 11 4 4 4 5 4 4 5 7 7 11 11 4 4 4 5 4 4 5 0 7 10 7 8 9 4 10 2 8 9 8 7 7 7 0 7 7 6 4 10 7 8 11 4 4 4 11 2 5 3 7 11 4 5 11 11 5 2 11 9 5 5 7 11 5 4 10 10 8 7 7 7 7 7 7 7 7 7 7 7 7 7 7 7 8 11 2 6 11 5 4 4 4 4 4 1 3 4 4 4 4 4 4 11 4 10 8 8 11 2 11 9 5 4 5 11 2 6 4 10 10 8 7 7 8 4 10 10 2 6 8 4 10 10 7 7 8 7 8 11 4 4 4 5 7 10 10 7 7 8 8 4 10 8 7 11 11 5 2 10 8 7 7 7 6 7 11 11 2 3 5 4 11 4 1 9 5 7 8 4 11 4 5 0 7 7 10 8 6 11 11 4 4 5 2 7 11 9 5 4 4 4 4 4 5 7 7 11 2 11 9 5 5 4 11 5 7 1 9 8 11 4 4 10 8 7 8 7 10 7 7 7 8 7 10 7 7 7 7 7 8 7 7 10 10 7 8 2 11 3 5 7 7 11 11 4 5 4 1 4 3 5 7 11 11 5 2 9 5 7 10 8 4 10 7 10 8 2 4 10 7 8 10 8 11 4 11 5 5 7 11 3 4 4 4 11 5 4 5 7 10 7 8 11 11 4 4 5 4 5 11 2 11 9 5 7 7 8 10 7 0 7 7 9 7 7 8 7 8 11 5 10 7 7 7 7 8 4 4 10 0 7 7 6 8 7 7 7 11 11 5 4 1 3 5 7 1 4 4 4 11 3 4 4 4 5 7 11 4 11 4 4 5 4 5 11 11 2 5 7 6 7 7 7 10 7 8 11 4 10 8 8 4 4 10 10 8 7 7 7 7 7 7 8 11 5 4 10 10 8 8 4 4 10 10 8 8 10 8 7 11 11 2 5 10 7 8 7 7 6 7 7 7 7 7 7 7 7 7 7 7 7 7 7 7 7 7 7 7 7 7 7 7 10 10 0 6 7 7 8 8 7 7 7 7 7 10 7 8 11 2 3 7 11 4 4 4 4 10 2 7 8 11 5 7 11 4 5 10 7 6 4 10 8 7 7 7 8 7 7 0 10 8 9 11 4 5 4 5 11 4 4 4 4 5 4 4 4 4 4 10 10 2 7 8 11 3 5 4 11 11 4 5 2 7 11 3 5 0 7 6 7 7 7 7 10 10 7 8 7 10 8 4 0 6 8 7 10 7 2 10 9 8 7 8 10 0 6 11 4 5 7 8 11 4 4 4 4 4 4 4 4 4 4 4 4 1 4 5 4 4 4 9 4 5 4 10 10 7 8 8 11 2 4 10 7 6 10 7 7 8 4 5 10 7 8 11 4 10 8 2 10 7 7 9 7 8 4 5 7 11 5 4 10 10 7 7 8 7 8 10 2 7 7 6 7 11 11 2 3 4 4 4 4 4 4 5 10 7 2 10 7 7 8 10 7 7 8 7 7 7 7 7 7 7 7 7 7 10 10 7 7 7 7 7 7 7 7 7 7 7 8 7 7 7 7 6 7 7 7 7 0 8 7 9 7 7 8 11 4 4 10 8 8 4 4 10 10 2 8 6 10 8 4 4 11 11 4 2 4 4 5 11 5 10 7 7 6 8 11 11 4 5 2 9 5 7 7 11 11 2 5 11 3 10 7 7 7 7 7 7 7 8 7 8 4 10 8 7 7 11 4 10 8 7 2 9 7 8 4 10 10 2 8 4 4 4 11 11 4 4 4 4 5 4 4 4 4 4 4 4 4 4 3 4 5 7 7 11 11 2 5
ppo_q50_b_fd_l4,55,qv18_59,18,150,True,839.25,4.617326736450195,5 5 7 11 9 5 5 10 7 8 11 11 4 5 5 7 7 11 1 9 5 5 7 7 11 11 5 5 7 7 11 11 5 5 0 9 7 8 1 11 3 7 11 5 5 10 2 7 11 4 9 5 5 0 9 10 8 2 9 8 4 4 10 10 7 7 8 8 11 4 10 2 8 11 3 10 7 8 7 7 8 11 2 3 7 11 4 11 4 5 4 4 5 7 1 4 4 4 4 3 4 10 10 2 8 9 7 8 4 0 7 7 9 8 4 0 7 9 10 7 7 2 6 8 4 4 10 10 7 8 2 9 7 8 7 11 11 5 4 5 10 7 7 8 11 4 11 4 4 4 4 4 4 4 4 5 4 5 10 2 6 4 10 10 8 8 4 4 10 2 7 6 4 10 7 7 7 8 7 7 7 7 7 7 7 11 11 2 5 4 11 4 3 11 5 4 4 5 7 11 11 5 5 7 7 11 11 5 4 4 2 11 4 5 9 10 8 8 11 4 5 10 10 7 8 8 10 7 7 7 7 7 8 10 8 10 7 7 8 0 4 11 3 7 11 5 4 1 4 4 3 5 7 7 11 11 2 3 4 4 5 10 7 8 11 4 4 4 11 2 5 10 7 7 9 8 8 4 11 4 5 10 10 7 7 2 7 7 8 6 4 10 10 8 8 4 10 7 7 11 5 4 4 4 4 4 4 5 11 2 6 7 11 11 4 2 5 10 3 7 11 4 5 0 8 4 10 7 6 8 7 10 10 7 7 7 8 2 10 7 8 4 10 7 9 8 7 8 7 11 2 6 11 11 5 4 4 4 5 10 7 8 11 4 5 4 1 9 4 4 4 4 4 5 10 8 4 4 11 11 4 4 4 5 2 9 7 8 1 4 3 10 10 8 7 8 4 10 7 7 7 0 6 7 7 7 7 7 7 7 7 7 7 1 11 4 3 4 4 5 4 5 7 7 11 11 2 5 4 3 10 7 7 7 7 0 7 7 7 6 8 11 4 11 4 5 5 10 2 7 11 9 5 4 5 4 4 4 4 4 4 4 4 4 10 8 11 5 7 11 4 4 4 10 2 8 9 4 5 4 10 10 0 8 7 6 8 4 10 7 8 4 10 8 7 0 9 7 10 8 2 9 10 2 6 7 8 4 10 10 7 8 7 8 1 4 11 9 8 4 5 4 4 11 4 4 4 5 7 11 11 4 5 7 8 11 4 4 4 4 4 11 2 5 10 9 7 8 8 4 10 8 7 11 11 2 5 11 4 9 5 4 4 4 5 10 2 7 6 7 7 7 7 7 7 7 10 7 7 8 10 7 10 8 8 7 10 10 8 8 4 1 9 8 11 4 4 4 4 11 2 4 5 10 7 8 10 6 7 8 1 4 11 3 11 4 5 4 4 4 5 7 11 4 4 4 4 5 10 7 7 7 8 4 0 6 7 7 7 10 7 7 7 8 4 4 10 10 8 2 9 4 10 8 8 1 9 11 2 5 7 6 11 11 4 4 2 3 4 5 0 7 10 7 7 8 6 11 11 4 5 5 10 7 11 4 5 2 10 8 9 4 10 8 7 7 8 7 7 7 11 2 11 3 11 4 4 4 4 4 5 4 4 4 11 5 5 10 7 8 11 11 5 4 4 5 7 7 11 11 5 4 4 4 5 10 7 7 7 7 7 7 8 7 11 2 4 3 4 4 10 8 10 10 8 7 7 8 4 10 10 8 2 11 5 7 7 10 7 8 10 6 7 8 7 7 7 7 7 7 7 7 7 7 7 7 7 7 7 7 7 10 10 7 7 7 7 7 7 7 7 7 8 8 7 7 7 11 2 7 7 7 7 6 10 7 8 4 10 7 10 7 7 8 2 11 5 7 11 9 5 4 5 7 11 5 10 7 7 7 11 5 5 10 2 7 9 11 5 5 7 7 11 11 4 5 4 5 7 7 7 11 4 11 4 5 5 7 0 7 7 10 6 7 7 7 7 8 7 7 7 7 7 7 7 7 11 1 5 4 4 11 9 5 0 8 6 10 10 8 7 7 8 10 2 3 7 11 11 5 5 7 11 11 2 5 9 7 8 7 10 7 7 7 11 2 5 3 7 7 11 11 4 4 4 4 4 4 4 5 4 4 4 4 4 4 11 5 7 7 8 11 5 11 4 11 2 5 4 10 10 7 8 6 7 8 7 7 7 0 9 8 10 7 10 8 2 9 7 7 8 11 11 4 4 4 4 4 4 5 5 4 4 11 4 11 2 4 5
ppo_q50_b_fd_l4,56,qv18_6,18,153,True,879.5,4.568957090377808,5 5 7 11 9 5 5 7 7 11 11 4 5 7 8 11 11 5 5 7 7 11 11 4 5 7 8 11 11 5 5 7 7 11 11 5 5 10 7 8 11 11 4 5 5 10 2 9 10 8 1 4 5 10 9 7 7 7 7 7 8 4 5 10 2 10 6 4 10 2 6 7 7 8 4 10 8 7 7 7 7 11 11 2 5 3 7 11 11 2 5 7 11 9 5 5 7 11 1 4 4 5 9 10 7 8 7 7 7 8 1 11 3 4 11 4 4 4 4 4 4 5 2 9 7 11 5 5 7 10 7 8 4 10 7 7 7 8 4 10 7 7 7 10 7 8 8 11 4 10 2 6 7 7 7 8 7 10 2 7 7 7 7 10 7 7 7 7 7 7 7 7 7 7 7 7 7 7 7 7 7 7 7 7 7 7 10 7 7 8 7 7 7 8 11 9 8 7 7 8 4 10 7 7 7 7 8 7 1 11 3 5 7 7 11 11 2 3 4 5 4 4 1 4 4 3 4 4 10 7 10 7 8 7 8 11 2 3 7 11 11 2 5 9 7 8 11 4 5 10 10 7 7 8 7 7 7 7 7 7 7 7 7 7 8 7 7 11 2 11 4 9 4 5 5 4 4 4 11 5 7 11 11 5 2 11 3 10 7 7 7 7 8 2 9 7 7 8 11 5 10 7 7 7 10 7 8 2 4 9 10 8 8 10 7 7 7 8 7 7 7 7 7 7 7 7 7 7 7 7 7 7 7 7 7 7 7 7 10 7 7 0 7 7 6 8 4 4 10 10 2 6 8 4 10 7 10 2 6 8 4 10 10 8 7 8 7 7 7 10 7 7 10 8 4 2 9 4 4 5 10 7 8 11 11 4 5 5 10 10 8 4 4 4 4 4 4 4 4 4 4 11 2 4 5 10 7 7 8 9 11 4 5 5 10 2 4 4 11 3 10 7 8 7 10 8 4 5 10 7 8 7 7 7 7 7 10 7 8 7 1 11 4 4 4 4 3 4 4 4 4 4 4 4 5 7 11 4 4 11 5 4 5 4 10 7 8 11 11 5 5 7 10 2 6 7 7 7 7 7 7 10 7 7 7 10 8 2 10 7 7 7 7 8 6 4 4 10 7 11 5 4 4 4 4 4 4 4 4 10 8 7 8 10 0 9 7 8 7 7 7 8 4 10 2 6 7 11 11 2 4 5 4 11 4 4 4 3 4 11 4 5 4 4 4 4 5 7 11 5 4 11 4 11 5 7 7 8 4 0 9 8 11 5 10 8 7 10 7 8 1 3 7 1 4 3 4 10 10 7 7 7 8 8 7 7 10 8 11 4 4 4 1 4 4 5 3 10 10 8 7 7 8 0 9 5 11 5 10 7 10 8 7 7 7 8 10 10 8 2 7 10 9 8 4 4 5 4 10 2 10 7 7 9 8 1 4 5 4 3 4 4 4 1 11 9 5 7 7 8 11 4 4 4 4 4 5 11 11 5 4 4 5 4 4 4 4 10 10 8 8 10 7 8 11 4 4 4 4 5 10 7 10 8 4 2 10 6 7 7 7 7 10 8 7 7 7 7 7 7 7 8 7 11 2 11 4 9 4 4 5 4 4 5 11 4 4 2 3 4 10 10 7 8 7 7 7 7 7 7 10 7 7 8 8 10 2 7 11 3 4 11 4 4 2 5 7 6 7 7 10 7 8 7 7 7 7 11 11 5 2 9 5 4 4 4 4 4 1 4 3 10 10 2 8 11 4 9 5 4 4 4 4 5 7 11 11 4 4 2 3 5 11 4 4 1 5 3 10 10 8 8 11 4 5 10 10 7 2 8 6 10 0 9 7 8 7 7 7 7 7 7 7 8 4 4 10 2 10 9 7 7 8 8 10 2 7 7 7 11 7 7 6 7 7 7 7 7 7 7 7 7 7 7 7 7 7 7 7 7 7 7 7 7 7 7 8 1 3 4 10 10 8 7 7 10 7 7 8 7 7 8 11 1 3 10 8 8 7 7 10 10 7 7 7 8 8 10 2 10 7 7 7 7 8 11 5 11 11 5 5 3 11 11 4 5 2 10 8 4 4 11 4 5 11 9 5 4 4 4 1 5 11 5 3 10 10 8 7 7 8 7 7 7 7 10 7 7 7 7 7 8 1 9 4 11 4 2 3 4 4 5 4 10 10 8 8 11 4 5 4 4 11 11 2 3 4 4 5 4 4 11 4 5 4 10 10 8 8 4 4 10 10 8 8 11 2 4 10 9 8 7 7 7 7 7 7 7 7 7 7 7 10 8 4 0 7 6 8 10 2 10 7 8 6 11 4 11 5 4 4 4 5 0 7 7 6 7 7 10 7 10 8 2 9 4 5 7 7 11 11 5 5 7 11 4 11 4 4 4 5 4 5 10 7 7 7 7 7 7 8 11 4 11 4 4 4 5 5 7 7 11 11 2 5 11 11 5 4 4 4 4 4 4 4 4 3 4 4 4 5 4 10 10 8 2
ppo_q50_b_fd_l4,57,qv18_60,18,146,True,817.75,2.8583478927612305,5 5 7 11 9 5 5 7 10 8 11 4 11 5 5 7 7 11 11 5 5 10 2 7 11 3 7 11 5 5 7 7 11 11 5 5 7 10 8 11 4 11 5 5 10 2 7 11 9 4 5 5 7 7 11 11 5 5 10 7 8 11 4 2 3 10 10 7 8 8 4 4 10 7 7 8 4 4 4 10 7 10 7 7 8 1 4 5 7 11 4 4 4 5 3 10 7 8 4 4 10 10 8 7 8 1 4 11 4 5 10 3 7 11 5 4 5 4 0 10 6 10 7 7 7 7 7 7 8 7 7 8 11 4 4 4 5 10 0 7 7 7 9 8 7 8 4 10 2 6 7 11 11 4 4 4 5 5 10 7 11 4 2 5 7 11 5 9 7 11 5 2 4 3 10 7 10 2 6 7 8 4 10 7 2 7 6 11 11 2 3 4 4 4 4 5 10 2 9 4 4 5 7 4 10 7 7 7 10 7 8 2 10 7 6 7 7 8 7 7 11 2 11 11 5 3 4 4 4 11 5 4 4 5 4 4 4 4 4 11 5 4 4 10 7 10 8 8 11 1 4 3 5 10 10 7 7 2 6 7 7 8 4 10 7 7 11 2 5 10 7 7 6 7 7 7 8 10 7 7 11 4 4 2 4 5 3 11 11 2 5 7 11 4 5 7 11 4 9 5 4 4 5 10 7 8 11 1 4 4 5 3 4 4 4 4 4 4 4 4 4 4 11 4 4 4 4 4 4 4 4 4 4 4 4 4 4 4 11 2 4 5 9 4 5 7 11 4 4 4 4 4 11 4 5 4 4 4 5 10 2 7 6 4 10 7 7 11 2 5 10 6 7 8 7 10 8 7 11 4 5 10 10 7 8 7 8 4 10 2 9 7 11 5 5 11 4 5 7 11 4 4 10 2 8 11 5 7 11 11 3 4 4 4 4 4 4 4 4 5 5 10 7 7 8 11 5 7 11 11 2 5 10 6 7 7 7 8 11 2 4 3 10 10 8 7 8 4 0 7 7 7 11 11 5 5 10 7 8 6 7 7 7 7 7 7 10 7 8 11 11 4 2 5 3 7 7 11 4 5 10 10 2 7 6 8 7 10 8 11 2 9 5 0 6 7 7 7 7 7 7 7 7 10 7 10 7 7 7 7 8 7 7 7 7 7 7 7 7 7 7 7 10 8 7 7 7 7 7 8 1 11 4 3 4 4 4 5 7 10 2 9 10 8 7 7 8 11 4 4 4 4 5 10 7 7 10 7 8 8 7 7 7 7 1 11 11 5 4 4 5 4 4 10 6 7 7 7 7 8 11 2 4 10 6 4 10 2 6 7 7 8 4 10 7 8 7 7 0 10 9 7 8 4 5 10 2 7 7 7 7 7 7 7 7 7 10 6 10 8 7 7 7 7 7 7 7 7 7 7 7 7 7 7 7 7 10 7 8 8 10 7 7 7 7 7 2 7 7 7 7 7 10 8 11 9 4 5 7 1 3 4 5 4 0 10 8 10 6 7 7 7 7 7 8 7 11 1 3 7 11 5 5 4 4 1 4 11 9 8 4 5 4 4 4 4 11 11 5 4 4 5 10 7 11 4 5 2 9 7 8 4 0 6 7 7 7 7 10 7 7 7 7 0 7 7 6 8 11 11 5 2 7 11 9 5 5 10 7 8 7 7 7 7 11 4 5 4 11 11 4 4 5 5 0 9 7 7 8 11 4 10 8 7 7 8 11 5 10 7 10 7 2 6 8 4 4 10 10 7 8 1 5 9 5 10 10 8 7 7 7 7 7 7 7 7 8 10 8 7 7 7 7 7 7 7 7 7 7 7 7 7 7 7 7 10 10 8 7 7 0 6 7 7 8 7 7 11 4 4 10 2 8 11 5 10 9 8 7 8 7 11 2 4 3 10 10 8 8 4 10 8 4 10 7 7 10 2 8 4 10 8 6 11 11 2 5 4 9 4 4 4 5 7 11 11 2 4 5 7 11 11 4 5 5 9 4 5 11 11 4 2 4 5 10 9 8 7 7 8 7 10 7 10 8 2 9 4 5 10 10 7 7 2 6 7 7 7 7 8 7 0 6 7 7 7 7 7 7 7 7 10 10 7 8 7 7 7 7 7 7 7 7 7 7 7 7 7 7 7 7 7 8 10 0 9 5 5 10 10 8 7 7 7 7 7 7 7 7 7 7 7 7 8 1 9 8 11 4 4 4 4 4 5 7 11 5 4 1 4 4 4 11 9 5 7 8 1 4 3 10 10 7 7 7 8 8 4 4 10 10 2 6 7 7 8 4 10 10 2 6 8 4 4 10 10 8 8 4 10 10 8 2 4 10 9 8 7 8
ppo_q50_b_fd_l4,58,qv18_61,18,151,True,825.25,2.0106799602508545,5 5 7 11 9 5 5 7 7 11 11 5 5 7 10 8 11 4 11 5 5 10 0 7 6 7 7 8 7 11 11 2 5 10 8 6 11 11 4 2 5 7 11 11 4 4 4 5 5 9 7 7 8 11 4 11 5 5 10 7 11 5 2 7 11 9 4 4 5 5 7 7 11 11 5 5 0 9 7 8 11 4 5 10 10 7 7 8 8 11 4 5 10 10 8 7 8 4 10 7 10 2 7 8 11 5 10 7 7 6 8 11 11 5 5 7 11 4 4 4 4 5 4 10 10 8 8 1 9 8 11 11 4 5 5 7 7 11 1 4 4 5 10 9 8 8 11 4 4 5 0 6 4 10 10 8 8 11 2 4 10 6 4 10 8 8 4 4 10 2 10 7 6 4 10 8 7 7 7 7 7 8 11 4 2 6 11 5 7 11 11 4 5 7 8 11 2 4 9 10 8 7 7 8 7 7 7 7 7 11 2 11 3 7 11 5 5 11 4 4 4 4 11 4 5 4 4 4 4 4 5 0 6 4 10 7 8 4 10 7 7 0 6 7 8 7 1 11 3 11 5 4 5 0 7 10 9 7 7 7 8 7 7 8 7 7 11 2 11 11 4 3 4 4 4 4 4 4 5 4 5 7 11 4 4 4 4 2 9 10 8 8 4 10 8 4 10 7 8 10 7 7 7 7 7 0 7 7 7 7 6 8 7 7 7 7 11 11 5 4 2 4 9 4 5 7 7 11 11 4 4 4 5 5 0 7 10 7 6 7 8 7 11 11 4 4 5 4 4 4 4 4 4 4 4 4 4 5 4 4 10 2 6 10 7 10 7 8 2 4 10 8 9 8 10 7 10 2 7 7 7 6 7 7 8 10 2 7 6 7 11 11 5 5 10 7 8 11 11 5 4 4 4 4 4 11 4 4 4 4 4 4 5 4 4 5 10 7 8 0 7 9 10 7 2 7 7 8 9 8 7 7 7 7 7 10 7 8 7 7 7 11 11 2 5 9 11 5 5 7 11 1 4 4 11 4 4 4 5 3 4 5 7 11 11 5 4 5 7 7 11 11 5 2 7 11 5 11 9 5 5 10 2 3 10 10 7 7 8 8 7 0 9 7 7 8 4 10 2 9 7 11 4 5 4 5 10 7 7 11 5 7 7 8 4 10 2 6 10 7 7 10 7 7 7 2 8 7 9 5 10 10 2 6 7 8 11 11 4 4 4 4 4 5 4 5 4 4 4 11 4 4 4 5 0 7 7 7 7 7 10 7 7 8 7 6 11 4 4 11 4 5 5 7 7 11 11 4 5 5 7 11 11 4 5 4 4 4 5 10 7 2 9 11 5 4 5 11 2 4 10 6 10 8 7 8 7 7 10 8 11 2 6 4 10 8 7 0 7 7 7 9 7 8 10 7 7 7 7 7 10 7 2 6 8 7 7 7 7 7 10 7 7 7 7 7 7 7 7 7 7 7 7 7 7 7 7 7 0 6 7 7 7 7 10 8 7 7 8 4 11 5 10 7 10 7 8 4 5 7 7 11 2 11 4 3 5 7 11 11 2 5 10 7 7 7 7 7 6 7 8 7 10 7 10 8 0 7 8 11 9 5 5 10 10 8 8 11 4 4 5 4 4 4 4 11 4 4 11 2 5 9 7 8 11 11 5 7 7 7 7 7 7 7 8 4 10 2 7 9 10 7 8 7 7 8 7 7 7 7 7 0 9 10 2 8 11 5 4 4 4 4 4 4 11 4 4 4 4 4 5 7 9 11 5 5 10 2 7 11 9 5 4 4 4 5 10 2 7 7 6 11 11 5 4 2 3 11 4 5 10 7 11 5 2 10 7 7 7 8 11 11 4 3 4 4 5 4 4 4 4 11 5 5 10 7 8 7 7 7 7 0 9 8 4 10 7 10 2 8 11 5 10 9 8 7 7 7 7 7 7 7 8 11 5 10 7 7 7 10 7 8 8 4 11 2 6 11 4 4 11 2 3 5 4 11 4 4 4 5 7 11 4 11 4 4 5 2 10 7 8 7 6 7 10 7 8 7 7 10 10 8 2 6 4 10 10 2 8 7 7 7 10 7 10 8 7 6 7 7 7 7 7 7 7 7 7 7 7 7 7 7 7 10 8 2 11 5 10 6 7 7 7 7 7 0 7 6 8 11 11 5 5 4 4 4 4 11 2 4 3 10 10 8 7 7 7 7 7 7 2 9 7 8 10 7 10 7 2 6 8 4 10 10 8 2 6 11 11 4 4 4 4 4 4 4 4 2 5
ppo_q50_b_fd_l4,59,qv18_62,18,152,True,879.0,2.682494878768921,5 5 7 11 6 11 5 5 7 7 11 11 5 5 7 7 11 11 5 5 7 7 11 11 5 5 10 7 8 11 11 4 5 5 7 7 11 2 9 11 4 4 5 5 10 10 8 8 11 4 4 5 10 7 0 6 4 10 7 8 8 4 4 10 10 2 6 7 7 8 4 10 7 8 7 7 7 7 11 11 2 3 5 7 11 11 5 4 5 7 11 4 4 5 7 7 11 11 5 4 5 0 6 7 11 4 10 2 6 7 7 7 7 8 10 7 7 0 6 8 7 7 11 11 1 4 5 5 4 3 11 4 4 4 4 11 4 4 4 4 4 5 5 0 10 7 6 7 8 11 4 11 4 5 2 10 7 8 6 11 11 5 2 3 7 11 5 10 7 10 7 7 8 7 7 7 7 8 1 3 4 4 4 11 4 5 0 6 4 10 7 7 7 7 7 11 4 2 3 5 7 7 11 1 9 5 4 4 4 5 10 2 6 4 10 7 7 10 8 2 11 9 4 5 5 7 11 5 0 7 10 7 7 9 8 8 4 4 10 10 8 7 7 8 7 7 7 7 7 11 11 1 3 4 4 5 5 10 2 9 10 7 7 7 7 7 7 7 7 8 2 11 3 7 11 5 4 4 4 4 4 4 4 5 10 7 7 2 7 10 7 8 11 5 7 11 4 11 4 4 5 4 4 4 3 4 4 4 4 5 7 11 2 3 4 10 10 8 7 8 11 4 4 5 10 10 2 6 7 7 7 7 7 7 7 7 8 11 2 4 4 10 7 9 7 7 7 8 7 7 8 7 11 2 9 11 5 0 6 8 4 10 2 7 6 7 11 11 2 3 5 4 4 4 11 4 4 5 7 11 11 5 5 7 7 11 11 4 4 2 5 4 3 4 10 10 2 6 7 7 8 4 10 7 7 7 7 7 11 2 5 10 8 7 7 7 7 7 7 10 8 6 11 11 2 5 11 11 5 5 3 7 11 4 11 4 5 4 4 4 4 4 4 5 10 2 10 10 7 8 8 4 11 4 5 10 10 7 7 8 7 8 7 6 4 10 8 7 11 4 4 4 4 4 4 4 4 5 7 7 7 11 4 11 4 4 4 5 4 4 5 10 7 7 0 8 9 8 11 11 5 5 10 7 11 4 5 5 10 7 11 2 6 7 7 7 7 7 7 8 4 10 2 7 9 10 7 7 8 8 1 11 4 4 4 4 4 4 3 5 10 7 8 11 11 4 5 4 5 0 7 7 7 9 7 7 7 8 7 7 7 11 11 5 2 10 7 8 6 7 10 7 10 7 8 2 9 11 5 4 5 7 11 4 5 11 4 4 5 7 11 11 5 4 4 4 4 5 10 2 7 11 9 4 5 4 5 7 7 10 7 7 8 7 7 10 7 7 7 7 8 7 11 4 10 8 8 7 7 10 7 10 2 8 6 7 7 7 7 7 7 7 7 7 7 7 7 7 7 7 7 7 7 7 7 7 7 7 7 7 7 10 10 7 8 8 11 4 2 4 10 7 6 7 10 2 7 8 7 7 7 7 7 6 11 11 5 4 4 5 4 10 0 6 7 7 8 7 0 9 10 8 7 7 8 1 3 4 11 5 4 4 11 4 5 10 7 8 11 11 4 4 4 5 4 5 7 11 2 4 4 4 10 10 8 6 8 10 8 7 11 1 3 4 4 11 4 4 4 5 7 8 11 11 5 2 9 7 8 4 10 7 8 7 7 10 10 7 7 7 7 7 7 8 8 4 10 10 8 8 11 4 5 10 10 8 2 10 9 8 8 4 11 2 7 7 11 9 5 5 7 11 11 4 5 4 1 4 5 7 11 9 5 4 5 11 5 4 4 4 1 9 4 5 4 10 2 10 9 8 7 7 8 7 10 8 10 7 7 7 7 7 7 7 7 7 8 7 1 9 11 4 5 4 5 4 4 4 11 4 4 4 5 7 11 5 11 4 4 11 2 5 3 10 10 7 7 2 6 7 7 8 4 10 10 7 7 8 4 5 10 2 7 7 6 7 10 7 0 6 11 5 4 4 4 4 4 4 5 10 7 8 11 11 2 4 5 9 5 7 11 4 1 4 4 3 4 5 10 7 10 7 8 8 4 4 10 10 8 7 7 8 11 4 4 4 5 10 10 8 7 7 8 4 10 7 10 8 8 10 0 6 8 11 4 10 7 7 8 2 9 4 5 10 7 11 5 5 7 7 11 11 4 5 5 7 11 4 4 4 5 4 4 4 11 4 4 4 11 4 5 2 7 11 3 5 10 10 8 7 8 4 4 4 10 7 10 8 7 7 8 4 10 10 8 7 7 7 7 0 6 7 8 4 4 10 10 7 2 7 8
ppo_q50_b_fd_l4,60,qv18_63,18,154,True,866.0,2.769202947616577,5 5 7 11 9 5 5 10 7 8 11 11 4 5 5 7 7 11 11 4 5 7 8 11 7 8 11 4 11 5 5 10 2 9 7 8 11 11 4 5 5 10 7 8 11 1 9 4 5 5 10 7 8 11 2 9 11 4 5 5 7 7 11 11 4 5 0 8 9 8 11 4 10 8 4 0 7 7 7 8 4 10 9 8 8 11 4 10 7 7 7 7 8 7 7 7 8 7 7 1 11 11 3 5 5 7 11 1 9 5 4 4 4 4 4 4 4 4 5 10 2 7 7 6 4 10 7 7 7 8 4 10 7 10 4 5 2 7 11 5 3 10 10 7 7 8 8 7 11 2 9 11 2 4 5 7 7 11 4 4 4 5 7 11 3 7 11 4 4 5 5 0 10 7 8 7 7 7 7 10 7 8 9 4 10 8 7 8 11 1 4 4 4 5 7 9 11 2 4 5 7 11 4 4 11 5 5 7 11 9 4 4 5 7 8 11 4 5 10 2 9 10 7 8 4 5 7 10 8 7 11 4 4 4 5 10 10 7 7 8 7 7 8 4 0 7 9 7 7 7 8 4 10 2 10 7 7 9 8 8 1 11 9 5 7 8 11 4 5 7 7 11 11 4 5 4 4 4 5 4 4 4 11 4 4 5 4 4 4 4 10 10 8 7 2 10 9 8 7 7 7 7 7 7 8 11 2 11 3 5 10 10 7 2 6 8 4 10 7 7 7 7 8 1 4 4 11 3 4 4 4 5 0 6 4 10 10 8 2 10 8 4 4 9 4 4 5 7 11 5 4 4 4 11 11 5 7 7 8 11 4 4 5 7 11 11 2 5 3 10 10 7 7 7 7 8 7 8 7 7 7 7 10 7 7 8 4 4 10 2 10 9 7 8 8 1 9 1 5 9 7 11 4 4 5 4 4 4 4 5 11 4 11 4 4 2 3 5 10 7 10 7 8 7 7 7 7 7 7 7 0 7 6 8 11 11 5 5 7 7 11 2 4 3 10 10 8 8 11 4 10 2 6 7 8 4 10 7 8 11 4 4 4 4 4 4 4 5 7 11 2 3 11 11 4 2 3 4 4 5 10 7 7 7 7 7 7 7 7 7 7 8 4 10 10 7 8 2 9 7 8 11 4 4 5 7 11 4 4 4 4 4 4 4 4 4 4 10 2 8 4 3 11 4 4 1 4 4 5 9 7 7 7 7 8 7 7 7 10 7 7 10 7 2 7 8 9 8 11 11 2 3 4 5 7 11 4 4 4 11 5 5 7 1 9 8 11 11 4 5 5 10 7 8 11 11 2 5 9 7 8 4 4 10 10 8 2 9 7 7 10 7 2 6 7 7 7 7 7 7 8 4 10 7 7 10 8 8 4 1 4 4 3 7 11 4 4 4 5 7 7 11 2 11 5 7 11 9 4 5 4 4 4 5 10 8 4 0 7 10 10 8 6 7 8 11 4 1 4 4 4 5 9 5 7 7 11 11 5 4 4 5 4 4 4 4 4 10 2 10 10 7 6 7 7 8 7 7 7 7 7 10 8 4 0 7 7 7 8 9 11 7 7 8 4 5 10 7 7 8 1 9 4 11 4 4 5 5 7 7 11 11 2 5 7 11 4 3 5 10 10 2 6 7 7 7 7 8 11 2 4 4 3 7 11 5 7 11 11 4 2 3 5 10 7 7 7 7 7 7 8 7 7 7 7 7 7 11 11 2 5 7 11 3 7 11 5 5 7 11 1 4 4 4 3 4 4 4 4 4 4 4 4 4 4 4 4 4 5 0 9 5 10 8 7 10 10 7 7 7 7 8 7 8 4 10 10 8 7 8 11 4 4 4 5 7 7 10 10 7 7 8 7 8 7 11 2 9 11 5 4 5 0 9 7 7 7 8 11 4 4 4 4 5 10 7 7 10 8 7 8 11 4 4 5 10 10 8 7 8 4 10 7 8 11 4 4 4 4 5 7 7 11 11 4 4 4 5 5 7 7 11 11 4 2 4 4 5 4 4 4 4 4 4 9 4 5 7 11 11 5 2 10 7 7 6 8 7 7 7 7 10 10 7 8 7 7 7 8 10 2 7 7 7 7 7 6 4 10 8 7 11 11 4 5 4 4 4 4 5 4 4 4 4 1 11 4 3 10 8 8 4 4 10 10 8 8 4 4 10 7 8 11 11 2 5 7 11 4 4 3 4 4 4 4 11 2 4 5 4 6 7 11 11 5 4 4 4 4 4 4 4 4 4 4 4 4 4 4 4 4 4 4 4 4 4 4 4 4 4 4 4 4 5 10 2 9 10 8 1 4 5 7 11 4 4 9 5 4 4 5
ppo_q50_b_fd_l4,61,qv18_64,18,155,True,853.75,8.453550100326538,5 5 7 11 9 5 5 7 7 11 11 5 5 7 7 11 11 5 5 10 7 8 11 11 4 4 5 7 8 11 1 9 5 5 7 7 11 1 9 5 5 10 2 10 7 7 7 7 7 8 4 10 7 9 8 8 11 4 5 0 10 6 11 5 5 7 7 11 11 4 5 5 7 7 11 11 4 5 5 7 7 11 2 11 4 4 9 5 5 7 7 11 11 5 5 0 9 7 8 4 4 10 10 8 8 4 4 10 7 8 4 4 10 7 7 8 1 3 4 10 10 8 8 4 4 0 10 7 8 11 9 5 5 0 10 7 8 9 8 11 11 5 4 4 5 7 7 7 7 11 4 4 11 4 5 4 4 4 4 5 4 10 2 10 6 4 10 7 8 8 1 11 4 4 5 9 10 8 7 8 11 2 3 4 10 10 7 7 7 8 7 8 11 5 7 11 4 10 8 7 7 7 7 8 7 7 7 7 7 7 11 11 5 5 4 4 11 4 4 5 4 11 4 4 5 7 10 7 8 4 10 8 4 10 10 7 7 2 8 11 4 4 4 3 4 4 5 11 4 4 4 4 5 11 2 6 10 7 7 7 7 7 10 7 8 7 7 8 1 9 8 11 4 4 1 3 5 10 10 7 7 7 8 7 7 7 7 7 7 7 8 11 4 11 4 5 4 5 7 11 4 2 9 11 5 4 5 10 2 3 7 7 11 11 4 4 5 0 7 7 7 7 7 7 7 6 8 11 2 11 4 4 4 4 4 4 4 3 4 4 4 5 10 8 11 4 4 4 10 2 8 9 8 11 4 5 4 4 4 4 4 4 4 4 4 11 4 4 4 4 4 4 4 11 4 4 4 4 4 4 4 4 4 4 4 2 5 3 7 11 4 11 4 5 4 5 10 2 7 7 10 7 8 11 9 5 7 8 11 11 4 1 5 3 5 4 4 4 4 4 11 4 5 4 4 4 10 7 7 10 8 2 4 10 7 7 8 4 10 9 8 7 7 7 7 7 7 8 11 2 3 11 4 4 11 5 1 4 4 4 5 7 11 4 5 3 10 10 8 8 4 4 10 10 7 8 4 5 10 10 8 2 9 7 7 8 10 10 8 10 8 7 7 8 7 1 11 5 4 4 4 4 4 3 11 11 5 4 5 7 7 11 1 3 4 4 5 7 11 4 4 4 10 2 8 4 10 6 7 7 7 7 7 8 10 8 7 10 7 10 8 7 8 4 10 10 2 8 11 3 4 4 11 4 5 4 4 4 5 7 11 11 5 4 5 7 7 11 11 2 4 5 7 9 7 8 4 10 7 10 7 8 2 7 6 11 4 11 4 4 4 2 4 5 11 11 5 3 4 4 4 4 4 4 4 4 4 5 1 11 4 4 4 4 4 9 5 4 4 4 4 4 4 4 4 4 4 4 5 7 11 4 4 5 7 11 11 5 2 7 6 11 4 5 4 4 4 1 4 3 7 11 4 4 5 11 5 4 4 4 4 4 4 4 4 4 4 11 11 4 5 5 0 9 5 7 11 4 4 4 4 4 4 4 4 4 4 4 4 4 4 4 4 11 5 5 7 11 11 5 5 11 4 1 3 5 10 10 8 2 9 7 8 11 4 4 5 7 7 11 11 4 5 4 4 4 5 4 0 7 7 9 7 8 10 7 7 7 7 7 7 7 7 8 4 10 10 8 2 11 4 4 5 4 4 4 9 4 5 7 11 4 4 4 11 5 5 7 11 11 5 4 4 5 10 7 7 7 7 8 7 11 11 4 4 5 7 7 7 7 7 7 7 8 4 10 2 9 7 8 0 6 10 7 10 7 7 8 7 7 7 7 7 7 7 7 7 7 7 7 7 7 7 10 8 7 7 7 8 7 7 7 7 7 7 7 7 7 7 7 10 2 7 9 7 7 8 4 10 7 7 7 7 7 11 2 3 5 10 7 8 11 11 4 5 4 4 4 5 1 9 5 11 4 4 10 8 2 9 8 7 11 4 10 8 7 0 7 6 8 4 10 10 2 8 4 10 8 9 4 10 8 7 7 7 7 8 4 10 2 6 7 7 7 7 7 7 7 7 7 7 7 7 10 7 10 7 7 8 7 7 7 8 7 7 7 7 7 7 7 7 10 8 7 11 11 5 2 7 7 9 7 8 4 10 10 8 7 8 7 11 2 9 4 10 8 7 8 7 7 10 8 7 11 4 5 10 10 8 2 9 4 5 7 10 7 10 8 2 7 6 11 11 4 4 5 4 4 4 4 4 4 4 11 4 2 5 11 4 4 3 5 10 7 8 4 4 10 10 2 7 8 7 11 4 5 3 7 11 5 10 7 10 7 8 8 4 4 10 10 7 8 7 8 4 10 7 8 7 11 11 2 5 3 11 11 2 3 4 5 7 11 11 4 4 4 5 2 9 7 7 8 1 4 4 4 10 10 7 8 7 7 7 8
ppo_q50_b_fd_l4,62,qv18_65,18,158,True,880.5,8.601255655288696,5 5 7 7 11 11 5 5 7 11 3 7 11 2 5 7 11 9 5 5 0 10 7 7 8 10 7 8 11 4 4 11 4 5 5 7 7 11 11 4 5 5 9 7 11 5 5 10 0 6 7 8 1 9 11 4 5 5 7 7 7 11 11 1 5 5 7 11 9 5 5 7 7 11 11 5 5 10 2 10 7 9 8 8 4 10 0 6 8 11 11 5 5 10 7 8 11 4 4 11 5 4 5 7 7 10 7 7 2 9 10 7 8 8 7 7 7 7 7 7 7 7 7 10 4 5 0 6 7 11 11 4 5 2 9 7 8 11 11 2 3 5 7 7 11 11 5 4 4 5 10 7 8 11 5 7 1 3 4 4 11 4 4 5 4 4 4 4 4 10 10 8 2 4 10 9 8 7 7 7 7 8 4 10 2 10 9 8 7 8 4 10 8 7 1 11 3 4 4 4 4 5 7 11 4 4 10 2 8 11 3 4 4 4 5 7 11 2 3 4 10 10 7 8 7 7 7 7 7 8 4 10 7 7 2 9 10 0 6 8 8 4 4 10 10 8 8 4 4 10 10 7 8 2 11 4 5 7 11 9 5 4 5 7 11 11 4 4 4 4 4 5 4 4 4 4 4 5 10 2 10 10 8 7 7 7 8 9 7 10 8 2 6 4 10 7 7 7 7 8 7 7 7 7 7 11 11 2 3 5 7 7 11 11 2 5 4 9 4 5 7 7 11 4 4 4 4 11 4 5 4 4 5 11 2 11 4 4 5 9 7 8 4 4 10 10 8 7 7 7 7 7 7 7 7 7 7 7 0 9 8 7 7 7 8 11 2 3 11 11 4 2 4 3 5 10 7 8 1 9 11 4 5 5 4 4 4 4 11 4 5 4 10 2 7 11 9 5 5 7 11 2 4 4 3 4 10 10 8 7 7 7 7 8 7 7 7 11 4 5 10 10 8 7 8 11 2 11 4 5 3 10 10 7 7 8 7 7 7 7 8 0 9 5 4 10 7 7 7 10 2 6 8 1 4 9 4 4 5 7 11 11 4 4 5 4 4 4 5 10 7 2 11 9 5 4 4 4 4 4 4 4 5 7 11 2 4 10 6 4 10 8 7 7 7 8 7 7 7 7 7 10 10 8 8 11 4 10 2 7 7 8 11 4 4 3 5 4 4 4 4 11 4 4 11 5 2 7 6 4 11 4 4 4 4 4 5 4 11 4 4 4 2 4 11 4 4 4 4 4 11 4 4 4 4 4 4 4 4 4 4 4 4 5 5 11 4 5 9 4 4 5 4 10 7 7 8 4 10 10 8 8 4 4 4 4 4 4 10 8 11 4 4 11 4 4 5 2 4 4 9 4 4 4 4 11 4 2 4 5 3 11 4 5 10 10 7 7 7 7 7 7 8 7 7 8 7 7 10 0 7 7 7 6 8 11 11 4 2 4 3 4 5 4 4 4 4 11 2 11 4 4 3 4 4 5 10 7 7 10 7 8 7 8 10 7 7 7 10 8 7 7 8 11 4 4 10 2 8 11 3 4 5 1 4 11 4 4 4 4 4 5 11 11 5 5 9 7 7 8 7 10 10 7 8 7 8 11 1 4 4 4 4 3 4 4 4 5 4 4 4 11 2 3 4 4 4 4 11 4 4 4 4 4 4 4 4 4 4 4 4 11 4 4 4 4 4 5 5 10 2 7 6 11 11 4 5 5 7 11 4 4 10 8 2 7 10 8 4 10 8 6 7 7 7 11 4 11 4 4 4 5 4 4 4 4 11 5 5 7 11 5 10 7 7 11 2 3 5 4 4 4 11 5 4 11 4 4 4 4 4 4 4 4 4 4 4 4 11 4 5 7 7 7 7 7 7 7 2 9 8 7 7 7 7 7 7 7 7 7 10 7 10 8 2 6 10 10 2 6 8 10 8 10 7 0 7 7 7 8 9 11 4 4 4 5 5 7 11 5 4 4 11 11 4 5 1 4 5 9 7 10 8 2 10 6 7 7 7 7 10 8 2 7 6 11 11 4 4 2 4 5 9 7 7 11 4 4 2 3 4 4 4 4 4 4 5 10 7 7 8 10 8 11 4 4 11 4 2 5 3 10 10 2 8 11 3 4 5 4 0 10 9 7 7 8 7 7 7 7 7 7 8 4 0 9 5 10 10 2 6 8 10 7 8 7 7 7 10 7 10 2 8 4 4 4 9 5 4 4 4 10 10 8 2 11 3 5 10 10 8 2 10 6 8 7 7 7 7 7 7 7 7 7 7 10 10 7 8 2 9 8 7 7 7 7 7 7 7 7 7 7 10 7 7 8 7 11 4 10 8 7 7 7 7 8 10 10 2 6 7 7 7 7 8 1 3 4 4 4 4 4 4 1 9 5 11 4 4 11 4 5 2 9 7 8 1 11 9 5 5 0 7 7 6 4 10 7 7 8 4 4 10 10 2 6 7 8 4 10 7 7 10 2 6 7 7 7 7 7 8 7 7 7 7 7 11 11 2 5 7 11 11 5 4 4 5 11 11 4 4 4 4 4 4 4 4 4 4 5 5
ppo_q50_b_fd_l4,63,qv18_66,18,146,True,824.75,2.3672494888305664,5 5 7 11 3 7 11 5 2 7 11 9 5 5 10 7 11 2 5 7 11 9 4 5 7 8 11 11 4 5 7 8 11 11 5 5 7 7 11 11 5 5 10 0 7 7 7 6 7 7 7 7 7 8 4 10 7 7 11 5 2 10 8 7 11 11 4 4 4 5 4 5 9 7 11 5 4 4 4 5 7 11 2 4 4 4 4 4 3 4 10 10 2 8 4 9 10 8 8 4 4 10 7 8 4 10 7 7 7 7 7 7 7 8 4 10 10 8 2 9 7 8 4 10 7 8 7 11 11 5 5 7 7 11 11 5 4 4 4 5 11 11 5 5 7 1 9 4 4 5 4 10 7 11 4 4 5 7 8 11 2 4 10 9 8 7 7 7 8 7 7 11 2 3 7 11 11 2 5 3 10 10 7 7 8 8 1 9 4 10 8 8 11 4 4 5 10 7 10 8 4 4 5 10 7 7 7 8 7 10 10 2 7 8 6 11 11 2 3 4 4 4 4 4 4 4 4 4 5 7 11 4 4 4 11 5 4 5 11 1 4 4 4 4 4 4 4 4 4 4 4 4 4 4 4 4 4 4 4 4 4 4 4 4 4 4 4 5 9 5 7 7 11 11 4 4 4 4 5 2 10 7 8 11 4 4 4 4 4 4 4 5 7 11 4 4 3 7 11 5 4 4 5 7 11 2 11 9 5 5 10 0 9 8 7 0 6 7 7 7 7 7 8 7 7 10 7 7 7 7 10 2 8 11 5 9 10 8 7 8 10 7 11 2 5 11 4 4 4 4 3 4 4 4 4 4 4 5 7 7 11 11 4 5 4 4 4 4 5 4 0 10 9 8 4 5 10 7 7 7 7 10 8 2 7 7 7 7 7 7 7 10 7 7 7 8 4 11 5 10 9 8 4 4 5 10 2 7 7 7 7 7 6 11 11 4 4 4 4 4 5 5 7 10 7 8 11 4 4 4 1 3 1 3 5 7 11 4 11 5 7 7 7 7 7 8 10 2 9 7 7 11 5 5 10 7 7 7 8 11 4 4 11 4 4 4 4 2 3 4 4 5 11 1 11 4 4 5 5 7 10 7 8 11 9 5 5 10 7 7 8 7 7 10 7 7 7 7 7 10 7 7 7 8 2 4 10 8 9 7 10 7 8 1 4 4 3 4 4 5 10 8 11 4 4 4 5 4 10 10 7 5 5 4 4 4 4 11 4 4 4 4 5 11 2 7 7 10 9 7 5 7 8 4 10 7 7 7 7 7 7 7 7 7 7 8 7 10 7 10 8 8 1 4 4 3 7 11 5 11 11 5 5 11 2 11 4 3 11 4 4 5 5 7 11 11 5 2 10 6 8 4 10 10 7 8 7 7 7 7 8 10 10 2 6 7 7 8 4 10 2 7 10 9 8 8 1 4 4 4 3 11 4 1 3 5 11 4 4 11 2 3 4 5 4 4 4 0 6 7 10 7 7 8 4 4 10 10 8 8 7 10 10 2 8 4 10 6 7 7 7 8 7 11 11 5 4 5 11 5 4 4 4 4 11 4 4 4 4 4 11 4 4 4 5 5 7 0 9 7 8 11 4 5 10 10 2 7 8 9 7 7 8 10 7 7 7 10 2 6 8 11 4 5 7 7 11 11 4 2 3 4 4 4 5 7 7 11 11 5 4 5 10 7 7 8 11 4 11 2 4 5 9 10 8 4 4 5 10 8 10 7 10 2 8 4 10 6 4 10 8 2 9 4 10 8 7 8 11 4 4 5 10 10 7 8 8 4 4 10 10 7 7 8 7 8 11 4 4 5 7 7 7 7 7 10 10 2 8 6 11 11 4 5 2 10 7 8 7 6 7 11 11 4 4 2 4 3 4 5 11 4 4 5 7 7 11 1 4 3 4 4 4 4 5 0 6 7 7 10 10 8 8 1 11 4 5 3 10 10 7 7 8 7 7 7 7 7 7 7 7 8 11 1 3 4 11 4 5 2 9 4 5 11 4 4 4 5 7 11 4 11 5 5 7 7 11 11 2 3 5 7 11 11 2 5 10 8 7 10 7 6 7 7 7 8 7 7 7 7 7 7 10 7 10 7 7 8 8 7 7 7 11 2 6 11 11 5 4 4 5 10 2 3 7 11 11 4 5 4 4 4 4 4 4 5 4 10 2 7 6 11 11 2 3 4 5 10 7 7 7 7 8 11 4 4 11 4 5 4 1 4 5 9 7 11 5 4 5 10 10 7 7 8 8
ppo_q50_b_fd_l4,64,qv18_67,18,147,True,819.0,2.315153121948242,5 5 7 11 3 7 11 5 2 7 11 9 5 5 7 7 11 4 10 8 2 6 11 11 4 5 5 10 7 8 11 11 4 5 5 7 7 1 9 11 4 5 7 8 11 2 9 11 4 4 5 5 7 7 11 11 5 5 0 9 7 8 11 4 10 7 7 8 8 11 4 5 10 10 7 7 2 6 8 11 4 10 7 7 8 2 9 4 4 5 10 7 10 7 8 7 8 4 10 7 7 10 2 4 3 5 10 7 8 11 11 4 4 5 2 10 8 11 4 11 3 4 5 4 4 4 5 10 2 4 4 3 7 11 4 4 4 4 10 2 8 4 10 9 8 7 7 7 8 7 7 7 10 8 4 10 10 7 8 1 4 4 3 5 10 7 8 11 11 4 5 4 4 4 4 4 4 4 4 5 4 10 0 8 4 10 10 6 8 8 4 10 10 2 6 8 7 11 4 2 9 0 7 7 7 7 7 6 8 7 7 7 7 7 11 11 4 5 2 7 11 4 9 4 4 5 4 4 4 4 4 4 4 5 1 9 8 11 11 4 2 5 4 4 4 4 10 10 8 8 10 6 8 4 4 10 10 7 7 8 0 7 6 8 7 7 10 10 7 8 2 9 7 8 11 4 11 4 4 5 5 4 11 11 5 2 9 7 7 7 8 11 4 5 1 3 4 10 10 8 7 8 7 7 10 8 4 10 10 8 4 2 10 7 7 8 11 9 5 5 7 7 11 4 4 5 0 7 10 9 8 7 8 7 11 1 3 11 4 5 4 4 5 7 11 2 11 3 11 2 4 4 4 4 4 5 9 7 11 2 3 5 4 11 11 2 5 3 4 4 4 4 4 4 4 4 4 11 4 4 11 4 4 4 4 4 4 4 4 4 4 4 4 5 5 7 11 4 7 11 2 3 5 10 7 8 11 11 4 1 5 3 5 7 11 5 4 4 4 4 4 4 4 4 11 4 4 5 4 4 10 7 10 8 2 9 7 7 8 10 8 7 10 10 8 7 7 8 11 4 4 4 5 7 10 10 2 7 7 7 7 8 9 8 4 4 10 7 8 4 4 10 10 7 8 2 9 4 5 4 4 4 4 4 4 11 4 4 4 5 10 7 8 11 11 5 4 4 4 4 4 4 4 4 4 5 4 10 10 8 2 4 10 6 7 7 7 10 8 7 8 11 4 4 4 5 4 4 10 2 7 7 11 11 5 4 3 4 4 4 4 4 4 4 4 4 4 4 5 11 11 2 5 9 7 8 4 4 10 10 2 8 11 5 4 11 11 4 4 4 4 4 4 4 4 4 4 4 4 4 3 4 5 4 4 5 10 7 7 7 8 4 4 1 4 3 4 4 4 4 4 4 4 1 9 4 5 4 4 11 11 2 3 5 7 10 7 8 10 7 10 8 8 4 10 10 8 7 7 7 7 8 7 11 4 5 10 2 7 11 9 5 5 10 2 9 7 11 5 4 4 4 5 7 11 5 4 4 4 4 4 10 8 11 4 4 4 4 4 4 4 4 4 4 4 4 4 11 2 4 4 3 4 5 11 4 11 4 4 4 4 4 4 4 4 4 4 4 4 4 5 4 5 4 4 11 5 0 9 5 4 4 4 11 4 5 4 4 4 4 4 4 4 4 4 4 4 4 11 11 2 4 4 5 11 4 5 7 7 6 7 7 10 7 7 7 7 7 7 7 7 0 6 7 7 8 4 10 8 7 7 11 4 10 8 7 7 7 7 7 8 4 10 2 9 8 11 4 4 4 1 9 8 4 4 5 11 4 11 4 5 5 11 5 4 4 4 4 4 1 3 7 11 5 4 4 4 4 11 4 11 2 3 4 5 7 10 7 8 7 7 10 10 7 8 0 7 8 11 9 5 5 7 11 2 11 4 4 5 4 4 4 4 3 10 10 7 7 7 7 8 7 8 4 10 7 10 8 4 4 5 10 8 10 10 7 7 7 7 7 2 6 7 7 7 8 7 7 10 7 7 10 7 8 7 8 1 3 11 4 4 4 5 4 4 4 11 2 6 4 4 4 10 8 7 11 11 2 3 4 4 4 4 4 4 4 4 4 4 4 4 5 10 2 7 6 7 7 7 7 7 7 7 7 7 0 10 6 8 11 11 5 2 9 5 11 4 4 4 4 4 4 4 11 4 4 5 4 4 5 1 9 4 4 5 4 4 4 4 4 4 4 4 4 4 4 4 4 4 11 4 11 5 4 5 4 4 11 4 4 5 7 11 2 3 10 7 7 10 8 2 9 8 10 7 7 7 7 7 8 11 11 5 2 4 9 4 4 4 4 4 4 4 4 4 5 4 11 11 2 4 4 4 4 4 4 4 4 4 4 5 11 11 4 4 5 4 5 11 11 4 4 4 4 4 4 4 4 4 4 4 4 4 4 4 4 4 4 4 5 4 4 5 7 7 11 11 5 5 7 7 11 11 5 4 5
ppo_q50_b_fd_l4,65,qv18_68,18,155,True,859.75,3.3550209999084473,5 5 7 11 3 7 11 2 5 7 11 9 4 5 7 8 11 11 4 4 5 5 10 7 11 4 5 5 10 7 11 4 5 5 10 2 10 9 8 7 8 11 2 4 11 4 9 4 5 5 7 7 11 11 5 5 0 9 7 8 4 4 10 10 8 8 11 4 10 8 4 0 7 7 6 8 4 4 10 10 7 8 8 11 4 5 10 7 7 8 4 10 7 7 7 7 7 11 2 5 7 11 4 9 5 4 4 5 0 9 5 7 11 4 4 4 5 4 4 4 4 4 4 4 4 4 10 10 7 2 6 8 4 4 10 7 7 7 7 7 7 8 4 10 7 10 2 6 7 8 7 11 2 11 3 4 5 7 7 11 11 5 4 4 4 5 7 11 2 4 9 4 11 5 5 7 11 4 5 4 10 0 7 7 7 7 7 6 7 7 7 7 7 7 8 4 10 10 7 7 8 2 9 8 4 11 4 4 4 4 4 4 4 4 5 7 10 8 11 4 11 2 4 4 5 10 7 8 4 10 7 6 7 10 7 7 7 2 8 9 4 10 7 8 4 5 10 7 10 8 1 3 4 5 4 4 4 4 4 4 4 4 4 11 5 4 4 10 2 6 4 10 10 2 8 4 10 7 8 10 9 8 7 8 1 3 7 11 11 4 4 4 2 3 5 0 10 7 7 6 8 7 7 7 7 7 7 7 11 11 2 3 5 7 7 11 11 4 5 5 11 11 2 4 5 10 7 7 7 7 7 8 4 10 7 7 8 7 7 6 11 11 5 4 5 7 7 10 8 11 4 11 4 4 5 4 4 4 5 7 11 11 4 4 4 4 5 5 7 7 1 11 4 3 5 10 10 8 2 4 10 7 8 11 9 5 5 0 9 5 10 10 7 8 8 1 11 5 10 9 5 5 0 7 7 7 7 9 7 8 7 7 7 7 10 7 0 7 7 8 6 7 7 7 7 7 7 7 7 7 7 7 7 7 10 10 7 7 7 7 7 7 7 7 7 7 7 7 7 0 6 8 7 7 7 8 4 4 10 10 2 7 8 6 11 11 2 5 9 4 4 5 7 11 4 4 10 2 8 11 5 4 10 10 7 7 7 8 7 8 9 4 4 4 10 7 7 2 6 7 8 7 10 7 8 4 4 10 10 8 2 4 10 8 11 3 7 11 4 4 4 5 4 4 4 4 1 3 5 10 7 11 2 3 5 10 7 11 4 5 7 11 4 2 4 5 9 7 8 4 4 10 10 8 2 4 10 9 8 7 7 7 8 7 11 1 4 4 5 4 4 9 5 4 4 4 10 10 8 2 10 7 7 10 6 8 7 8 7 7 7 10 7 7 7 7 7 7 8 10 2 7 7 7 7 7 7 7 7 7 7 7 7 7 10 6 8 11 11 5 4 4 4 4 4 4 4 4 4 4 4 2 4 11 3 11 5 5 0 9 7 11 5 5 4 4 4 4 11 11 2 4 4 5 11 4 5 11 4 3 4 4 5 10 7 10 7 8 8 7 7 7 7 10 0 6 8 11 4 5 10 10 7 8 8 11 2 11 5 9 10 7 7 8 7 7 7 7 8 10 2 6 11 4 11 5 4 1 4 4 5 9 10 7 8 8 11 2 6 11 4 1 9 5 4 5 7 1 4 4 4 4 3 10 10 8 8 4 4 10 7 7 8 4 10 7 7 11 2 5 7 7 7 10 9 8 7 7 8 7 7 7 7 7 7 7 7 7 7 7 7 7 10 10 2 8 11 5 3 10 10 8 2 6 7 7 7 7 7 7 7 7 10 7 10 7 8 2 6 7 7 10 7 0 6 8 4 4 10 10 2 8 11 5 9 10 7 7 8 7 7 7 8 7 7 7 7 10 7 7 7 7 7 7 7 7 7 7 7 7 0 7 6 7 7 7 7 7 7 7 7 7 7 7 7 7 8 7 7 10 10 7 7 7 8 7 8 7 7 7 0 9 8 10 7 7 10 7 8 7 8 11 2 3 11 11 4 4 5 2 4 4 4 3 4 4 4 4 11 5 4 10 2 9 7 11 5 4 5 4 11 4 4 4 4 5 10 10 8 2 11 5 4 4 10 9 8 7 8 10 2 10 7 6 10 8 7 7 8 11 2 9 5 11 4 4 11 2 5 9 7 8 4 4 10 7 7 10 7 7 8 7 7 7 7 0 9 8 7 8 10 10 8 7 8 4 10 10 2 8 9 4 4 4 5 4 4 4 4 11 4 5 4 11 11 5 2 11 4 5 7 7 6 10 7 8 10 7 10 8 2 10 6 7 7 0 9 8 4 4 4 5 10 2 10 6 10 8 7 7 7 7 7 7 7 7 7 7 10 8 8 11 2 9 11 5 7 7 8 11 5 11 11 4 4 4 4 4 4 4 4 4 4 4 4 4 2 3 4 5 11 4 11 4 4 2 3 5 11 11 2 4 5 7 11 4 11 5 4 5 11 11 4 5 4 4 4 4 4 4 4 4 4 4 5
ppo_q50_b_fd_l4,66,qv18_69,18,155,True,885.25,8.735250234603882,5 5 7 11 9 5 5 7 7 11 11 5 5 7 7 11 11 5 5 7 7 11 11 5 5 0 10 6 7 8 11 4 11 4 4 5 5 10 7 8 11 11 4 5 5 10 7 8 11 11 4 5 5 7 7 11 11 5 5 10 2 9 10 7 8 8 4 4 10 10 7 7 7 7 8 7 8 1 4 11 5 10 7 9 7 8 4 5 10 10 7 8 8 11 1 4 4 4 4 4 5 7 11 4 4 4 3 7 11 2 4 5 3 10 10 8 2 4 10 7 7 8 4 10 7 7 7 6 8 11 11 4 4 4 4 5 2 9 5 10 10 8 7 8 11 4 1 5 4 4 4 3 4 10 10 7 8 7 7 7 7 7 7 7 7 7 7 7 8 11 2 4 4 4 9 4 5 10 7 7 7 8 4 0 7 7 6 7 11 11 5 2 7 11 4 4 5 7 11 9 5 7 8 4 11 4 4 4 4 4 4 1 5 11 3 5 10 10 7 7 8 8 4 4 10 10 8 7 7 7 7 7 7 7 7 8 11 4 2 4 9 11 2 5 7 11 4 4 5 4 4 4 4 11 3 4 5 10 7 10 8 8 4 4 10 10 7 7 8 7 7 7 7 8 7 7 7 7 7 7 7 11 2 11 3 7 11 4 5 5 10 2 10 7 7 6 8 1 11 4 4 4 3 4 4 5 4 4 4 11 11 5 2 9 5 7 10 7 7 7 7 7 7 7 7 0 7 7 6 8 11 11 4 5 5 7 11 4 4 2 4 4 4 11 3 5 0 9 7 11 5 4 4 4 5 4 4 4 4 4 4 10 2 10 10 8 7 6 7 8 10 2 6 10 7 8 4 10 7 8 7 7 11 4 10 7 8 4 5 10 7 7 7 8 11 2 9 4 10 8 7 7 8 11 5 0 6 7 7 10 7 7 7 7 7 7 7 7 7 7 7 7 7 7 7 7 7 7 7 7 7 7 7 1 9 8 8 7 7 10 8 7 11 2 11 3 5 10 10 7 7 7 0 6 7 7 7 7 8 7 7 8 7 11 2 4 10 9 8 8 11 2 11 9 5 4 4 4 4 4 5 4 0 10 9 8 4 5 10 7 7 7 10 7 7 7 8 8 7 11 2 11 9 4 5 4 5 4 11 2 3 7 11 11 2 3 4 4 5 1 3 10 7 7 10 8 2 11 5 7 7 10 7 8 7 6 7 10 10 2 7 8 11 4 4 4 4 4 3 4 4 5 7 11 4 4 10 8 2 11 4 11 3 5 5 7 7 11 11 2 3 4 5 10 7 7 7 7 7 8 11 4 10 8 8 4 4 10 10 8 7 8 10 2 10 7 10 7 7 7 7 6 8 8 7 7 7 11 2 9 4 10 8 8 11 4 5 10 10 2 8 4 9 4 5 4 4 11 11 2 5 7 4 7 4 7 4 7 4 7 4 7 9 4 4 5 4 7 7 11 4 4 4 4 4 4 4 4 10 2 3 4 4 4 5 7 11 4 2 4 4 3 4 4 4 4 4 4 4 4 4 4 4 4 4 4 4 4 4 11 11 4 4 4 4 4 4 5 4 4 2 4 3 4 4 11 4 5 7 11 5 7 11 11 2 3 4 4 5 11 2 4 4 4 4 3 4 10 10 2 7 6 8 7 7 7 10 8 11 5 10 7 7 8 4 4 10 10 7 8 8 4 4 10 10 2 8 9 11 4 2 3 4 4 4 5 0 7 7 9 7 7 8 11 11 2 5 9 5 10 10 2 6 8 11 11 4 4 4 5 5 7 7 11 2 11 11 5 3 4 4 5 10 7 11 5 4 5 7 11 4 4 10 8 7 7 7 8 7 7 7 7 7 7 7 7 7 7 7 7 10 8 10 7 2 10 7 7 7 7 7 7 7 7 8 6 4 4 4 4 4 4 11 4 1 9 4 5 4 4 4 5 7 7 11 2 11 3 4 5 10 7 10 7 7 8 2 9 7 7 7 8 11 4 4 4 4 5 7 11 4 4 5 7 11 4 4 4 4 4 4 5 4 4 11 11 4 2 5 4 4 3 7 10 7 7 7 7 8 4 10 10 7 7 7 8 8 4 10 7 8 4 10 7 7 7 7 7 7 11 5 2 10 8 7 7 9 10 8 7 8 1 4 4 4 4 4 4 4 4 4 4 3 7 11 4 4 5 11 4 4 2 4 4 4 4 11 11 5 5 9 7 7 7 7 7 7 8 4 10 10 7 8 7 0 6 7 8 11 5 4 10 10 8 8 4 4 10 10 2 6 8 4 10 8 11 4 4 4 4 4 5 7 1 3 4 4 4 10 10 7 7 2 8 9 8 4 4 10 10 2 6 8 11 11 4 4 4 4 4 4 4 4 5 5 10 2 7 11 9 5 5 4 4 4 4 10 10 0 8 7 7 7 6 8 4 4 10 10 7 7 8 7 7 7 7 7 7 8 11 2 4 9 10 8 8
ppo_q50_b_fd_l4,67,qv18_7,18,158,True,895.75,4.220307350158691,5 5 7 11 9 5 5 10 7 8 11 11 4 5 5 10 7 8 11 11 4 5 5 10 2 7 11 4 3 7 11 5 2 9 7 11 5 5 0 10 7 7 7 7 8 9 8 1 11 4 3 7 11 4 5 5 7 7 11 11 4 5 5 10 2 7 11 9 4 5 5 7 7 11 11 5 5 10 7 8 11 4 10 2 8 9 4 10 8 8 4 10 7 7 7 7 8 11 4 5 7 1 3 7 11 4 4 11 4 4 5 2 9 7 8 4 4 10 0 7 8 4 10 9 8 7 8 11 4 4 4 5 7 11 4 2 3 4 10 10 8 7 7 7 8 4 4 10 2 10 7 6 4 10 7 2 7 8 4 10 6 4 10 7 8 7 7 8 7 11 11 4 2 5 11 9 5 4 4 5 10 7 8 7 11 11 5 5 0 10 7 8 7 7 7 7 6 7 7 11 11 4 4 4 4 5 4 4 4 4 4 4 5 7 11 4 4 4 4 4 10 7 2 6 8 11 1 4 5 9 4 5 4 4 10 10 0 7 7 7 7 7 7 8 8 6 7 7 7 10 7 10 8 2 9 8 4 4 4 11 4 4 4 4 1 4 4 5 3 7 10 10 7 8 8 1 4 4 3 4 11 5 7 11 4 4 10 8 7 8 11 4 1 4 5 3 10 10 8 2 9 4 10 8 8 11 4 4 5 10 7 10 7 8 7 7 7 10 8 7 7 7 8 7 7 7 1 11 4 4 4 4 9 5 4 5 11 11 2 5 10 8 9 7 7 11 5 4 4 4 4 4 5 10 2 7 6 10 7 7 7 7 10 7 8 8 11 1 4 3 4 4 4 5 4 11 4 5 4 4 4 4 11 4 2 4 10 10 7 8 6 8 7 10 7 8 7 10 10 7 8 7 10 8 8 11 4 5 10 10 7 7 8 8 4 0 9 5 4 10 10 8 7 8 4 4 10 10 2 8 9 4 5 7 11 4 11 2 4 3 4 5 7 10 10 8 7 8 11 4 4 5 4 11 5 4 4 11 4 4 5 7 11 4 11 5 2 9 7 7 8 4 4 11 4 4 4 4 1 4 5 3 4 4 4 4 4 4 4 4 4 4 4 4 4 4 4 4 4 4 11 11 4 4 4 4 4 5 5 7 11 2 3 11 11 4 4 4 5 2 7 10 7 7 7 6 7 8 4 11 4 4 4 4 4 4 11 2 3 4 4 5 7 11 11 4 4 5 5 0 9 5 7 10 7 7 7 7 7 7 7 7 7 8 4 4 10 10 7 8 2 4 10 8 7 6 7 7 11 4 4 11 4 5 4 4 4 5 11 1 3 4 5 4 4 4 11 4 11 4 5 7 8 7 10 2 3 10 7 7 7 7 10 7 7 7 7 7 2 7 6 8 10 2 7 11 9 5 4 4 5 7 0 9 10 7 2 6 8 10 10 8 7 7 7 7 7 7 8 1 4 4 4 4 11 4 4 3 5 7 7 7 7 7 10 7 10 8 8 7 7 7 7 7 7 7 7 7 7 7 7 7 7 7 7 7 7 10 10 7 2 7 8 4 4 10 10 6 7 8 8 4 0 7 7 6 4 10 7 8 11 11 5 5 10 2 7 11 4 9 5 5 0 10 7 7 6 7 8 10 10 8 2 9 4 5 7 11 7 10 8 4 4 4 4 4 4 4 4 5 10 7 0 7 7 8 11 11 4 5 5 7 11 9 5 4 5 1 9 5 11 4 4 11 2 5 3 10 7 8 11 4 10 7 7 7 8 7 8 4 10 10 8 7 7 7 8 11 2 4 10 9 5 5 10 10 8 8 7 7 7 7 7 7 7 7 7 10 7 8 4 11 5 10 7 10 2 8 11 5 7 11 3 4 4 4 4 4 4 11 2 5 4 3 11 11 4 5 4 4 4 5 11 1 4 4 4 5 3 10 10 7 7 7 8 4 5 7 10 7 7 7 7 7 7 7 8 4 10 7 10 8 2 7 6 4 11 4 4 4 4 5 11 2 4 4 3 10 7 10 8 7 8 1 11 4 5 11 3 11 4 4 4 2 3 4 4 5 4 4 4 4 4 4 4 4 4 4 11 4 11 4 4 4 4 4 4 4 5 2 4 3 4 11 5 4 4 4 4 4 11 4 4 7 4 5 10 7 11 5 4 4 5 11 4 4 11 2 4 3 5 11 4 5 7 7 7 7 7 7 7 7 10 7 10 8 8 11 2 9 4 5 10 10 8 10 7 8 7 7 7 7 7 7 7 8 4 10 8 7 7 7 7 7 10 0 9 5 5 10 7 7 7 7 7 7 8 7 7 7 10 10 7 7 7 7 7 7 2 8 10 10 6 7 7 7 7 8 7 7 7 8 4 10 10 8 7 7 8 7 7 7 7 10 10 2 8 11 5 4 4 4 4 4 4 11 3 4 4 4 4 4 4 4 5 10 10 8 2 9 4 4 4 5 11 11 4 5 2 3 4 4 11 4 4 4 11 4 4 4 4 4 4 2 4 5 11 11 4 4 3 4 4 4 4 4 4 5 4 5 1 9 8 11 11 4 4 4 5 4 4 4 4 4 5 4 10 10 2 8
ppo_q50_b_fd_l4,68,qv18_70,18,155,True,859.5,2.4242324829101562,5 5 7 11 3 7 11 2 5 7 11 9 5 5 10 7 8 11 11 4 5 5 7 7 11 11 5 5 10 2 9 7 11 4 5 5 7 7 11 11 5 5 10 7 8 11 11 4 5 5 7 7 11 11 5 5 0 9 7 8 4 4 10 10 8 8 4 4 10 7 7 8 1 4 9 4 10 7 8 7 7 7 8 7 7 7 7 7 7 10 7 11 4 2 3 4 4 5 7 11 4 4 11 2 5 7 11 9 4 5 7 8 11 4 4 5 7 7 11 11 4 5 5 7 11 4 4 2 4 4 10 10 8 8 9 8 4 10 10 2 6 8 11 4 5 0 10 7 6 10 7 7 7 8 8 4 4 10 10 7 7 8 7 8 7 7 11 2 9 7 7 11 4 5 4 4 4 4 4 5 0 7 9 7 7 7 7 7 8 11 4 4 4 11 4 4 5 4 5 7 11 4 4 4 11 2 3 4 5 4 11 2 11 9 5 7 7 7 8 7 11 4 4 5 1 3 10 7 10 8 2 10 6 7 10 2 8 4 10 7 9 8 7 7 8 11 4 5 0 7 7 10 8 6 11 11 4 2 5 4 4 4 4 4 9 5 4 1 3 4 10 10 8 8 10 7 7 7 7 7 10 7 8 2 11 4 5 3 10 10 8 7 7 8 7 11 1 4 4 4 4 3 4 4 5 10 0 7 7 6 7 8 11 2 11 11 4 4 4 5 5 3 11 11 4 5 5 7 7 11 11 2 3 5 7 10 7 7 7 7 7 7 7 7 8 4 10 7 10 7 7 7 8 2 4 9 10 8 8 11 4 4 4 4 4 4 5 4 11 11 4 4 4 5 2 9 5 10 10 8 2 11 5 4 4 3 4 10 10 8 7 7 7 8 4 10 10 7 8 2 9 8 4 11 4 4 4 4 4 4 4 4 5 10 7 10 8 2 4 10 10 8 7 7 7 7 7 7 6 8 4 4 10 10 7 7 8 7 7 10 7 8 8 4 4 1 9 5 10 8 7 11 11 4 5 2 9 4 4 5 7 7 11 4 5 7 11 4 5 11 11 4 5 2 7 11 4 5 11 4 4 4 5 10 7 7 7 6 10 8 8 4 10 8 4 10 7 7 10 2 8 9 4 5 0 10 6 10 8 7 7 8 4 4 10 7 8 1 9 11 5 4 4 4 4 4 4 4 4 4 5 1 4 4 10 6 7 7 7 7 8 4 10 7 7 7 11 4 5 2 10 6 8 11 11 4 4 5 5 11 4 11 4 5 7 7 7 8 11 4 4 2 11 4 3 10 8 7 8 4 10 7 7 8 7 11 11 4 5 5 7 1 9 5 7 11 11 2 5 4 3 10 7 7 8 11 11 5 4 4 4 4 4 4 4 4 4 4 4 4 4 4 4 4 4 4 4 4 4 4 4 4 4 4 4 4 11 5 5 0 9 7 8 4 4 4 4 4 11 4 4 4 4 5 4 11 5 7 11 4 4 11 5 7 2 4 10 7 8 9 4 10 7 7 8 2 11 5 10 7 6 10 7 7 8 7 8 11 1 4 3 5 4 11 5 10 7 7 7 7 10 7 7 7 8 8 4 4 11 4 4 4 4 4 4 4 4 4 4 4 4 5 10 2 9 8 11 4 4 4 4 11 5 2 10 7 7 8 4 10 7 9 8 7 8 11 4 4 5 10 10 7 8 4 0 6 7 7 8 7 10 10 7 8 7 8 4 10 2 7 9 11 5 5 7 11 2 11 3 5 7 7 11 11 5 5 10 7 8 11 11 4 4 5 5 7 11 4 5 7 7 11 11 2 5 10 7 7 7 7 7 8 9 4 10 2 8 7 7 6 7 10 7 7 11 5 4 5 4 4 4 4 4 4 11 4 4 4 4 4 4 4 4 5 4 4 4 10 10 8 2 9 10 8 7 8 11 4 1 5 9 4 5 10 10 0 8 7 7 6 8 4 4 10 7 8 1 9 4 10 8 7 7 8 10 7 7 7 8 7 1 4 4 11 4 9 5 4 4 4 4 4 4 4 5 7 11 11 2 4 4 3 5 11 2 4 4 4 10 10 7 7 7 7 7 8 6 7 7 8 4 10 7 10 8 2 11 4 4 5 3 10 10 7 7 7 8 2 10 7 8 7 6 10 7 7 8 11 11 4 4 4 5 4 4 5 11 5 0 6 7 11 11 5 4 4 4 4 5 4 10 7 7 7 8 11 4 4 11 5 4 5 11 11 2 5 7 4 7 7 7 10 10 7 7 7 7 7 8 7 7 7 7 7 7 7 8 4 4 10 10 8 7 7 7 8
ppo_q50_b_fd_l4,69,qv18_71,18,154,True,882.25,2.466168165206909,5 5 7 7 11 11 5 5 7 11 9 5 5 10 7 8 10 7 8 11 4 4 11 1 3 4 5 7 8 11 2 6 7 11 11 4 5 5 7 7 11 11 5 5 0 10 8 7 10 7 8 6 11 11 4 4 5 4 5 7 7 11 11 4 5 5 10 2 10 7 7 8 10 9 7 8 7 7 7 8 4 10 2 6 7 7 7 7 7 7 7 7 7 7 7 7 7 7 10 7 7 7 7 7 7 7 7 10 7 7 7 7 7 7 7 7 7 8 8 4 4 10 10 8 8 4 4 10 7 8 4 10 8 11 4 11 5 5 10 2 10 9 7 8 7 7 8 7 11 2 9 11 5 4 1 4 4 4 5 10 7 7 6 7 7 7 7 7 7 8 7 11 1 3 5 10 10 7 2 6 7 7 7 8 4 10 10 2 8 11 5 7 9 4 10 8 7 7 7 7 7 7 7 7 7 7 7 7 7 8 11 4 1 4 4 4 11 4 4 4 4 4 4 4 4 4 4 5 4 9 5 4 5 7 11 4 4 4 11 2 5 10 8 4 10 9 8 8 7 7 7 7 7 7 7 7 10 2 7 7 7 7 7 7 7 9 7 7 7 10 8 7 8 10 2 10 10 7 7 7 7 7 6 7 7 7 7 7 7 7 7 7 8 8 7 7 11 5 10 2 3 4 10 10 7 2 6 7 7 7 7 8 1 11 4 5 9 10 7 7 8 8 11 4 4 4 4 4 4 4 5 0 6 4 10 10 2 6 7 7 7 7 7 7 7 8 11 2 9 4 10 8 7 8 1 4 4 4 11 4 4 5 10 7 9 7 8 4 5 10 2 10 7 7 10 6 8 8 10 7 7 7 7 7 10 8 4 2 9 5 4 4 4 4 11 5 4 4 11 4 11 5 4 4 4 4 4 4 4 4 4 4 5 1 9 8 11 11 4 4 4 4 4 4 4 4 4 4 4 4 4 2 4 4 3 4 4 4 4 5 11 2 9 11 4 4 4 4 4 4 5 4 4 1 3 5 10 7 8 11 11 4 4 4 4 4 4 5 4 5 7 11 11 4 5 2 3 11 4 5 11 11 4 4 4 4 4 4 4 4 4 4 4 4 2 3 4 5 4 4 4 1 4 4 4 4 4 4 4 4 4 4 11 4 4 3 5 7 11 2 4 4 3 11 4 11 2 3 4 5 11 11 5 5 7 11 4 4 4 4 4 10 2 7 8 11 4 9 5 4 4 4 4 4 4 4 4 4 4 4 4 4 4 4 4 4 4 5 4 10 2 10 9 8 8 4 1 4 4 4 4 4 4 11 4 4 9 5 4 5 4 4 11 5 4 4 4 4 1 3 11 4 5 4 10 0 7 7 7 8 6 11 4 11 5 5 7 11 4 5 7 11 4 4 10 8 7 8 4 10 2 7 9 10 8 4 4 4 5 4 11 4 4 2 3 4 10 10 8 8 4 0 7 9 7 7 8 11 4 5 10 10 8 7 7 7 8 7 7 7 10 8 7 10 10 2 8 11 4 5 4 4 4 11 3 11 4 4 4 5 4 4 5 7 11 4 4 4 10 8 2 9 8 4 4 10 10 2 7 8 11 5 10 7 10 7 7 7 7 6 7 7 8 7 7 7 7 8 7 7 7 7 7 7 10 7 8 4 10 2 6 11 4 11 2 5 10 6 7 7 7 7 7 7 7 7 7 7 7 7 7 7 7 7 7 7 7 7 7 7 7 8 11 2 4 3 11 11 4 4 4 4 4 4 4 4 4 4 4 4 4 4 4 4 2 3 4 5 11 4 11 4 5 4 4 4 4 4 4 5 10 2 9 10 8 4 4 5 10 8 4 4 4 4 4 4 4 4 4 11 4 10 2 3 4 4 4 4 4 4 5 7 11 2 4 10 6 4 10 8 8 4 4 10 10 7 8 4 0 6 7 7 8 10 7 10 7 8 7 7 8 7 7 7 7 7 7 0 10 7 7 6 7 8 11 4 11 5 4 4 5 4 10 2 10 9 8 8 10 7 7 8 11 11 5 4 4 4 5 4 4 4 4 4 4 4 4 4 11 4 5 11 4 11 4 4 4 5 7 7 8 11 4 4 4 5 10 7 7 11 4 4 4 5 2 9 7 8 11 11 5 5 10 2 10 7 7 8 4 10 6 7 10 8 7 7 7 7 7 7 8 7 7 7 7 7 10 7 10 8 7 7 2 9 7 8 10 8 7 7 7 7 7 7 7 7 7 7 7 7 7 7 7 10 10 2 7 8 9 8 11 4 4 5 4 11 4 4 4 4 4 4 4 4 4 4 4 4 11 2 5 4 3 4 4 4 11 4 5 4 4 4 4 4 4 11 4 4 11 2 3 5 4 4 10 8 10 7 8 11 11 5 11 5 4 4 4 4 4 4 4 5 0 9 4 4 4 10 8 8 4 4 10 10 7 8 7 7 8 1 4 3 11 4 4 5 7 11 4 11 4 2 3 5 10 10 7 7 7 7 8 7 8 7 11 11 5 2 11 4 5 9 5 10 10 8 7 7 8 4 4 10 10 7 7 7 8 7 7 8 10 2 6 7 10 7 7 7 7 10 7 8 7 7 7 8 7 7 7 7 0 10 9 8 4 5 7 7 11 4 5 10 10 8 7 7 7 7 7 7 7 7 7 7 7 7 7 8 4 10 10 7 7 7 2 8 7 7 7 7 6 7 7 7 7 7 10 7 7 10 2 8 9 4 5 7 7 7 11 11 4 4 5 5 7 7 11 11 5 4 4 4 4 4 4 5 4 4 11 11 4 4 4 2 3 5
ppo_q50_b_fd_l4,70,qv18_72,18,154,True,872.25,3.3020827770233154,5 5 7 11 9 5 5 7 7 11 11 5 5 10 7 8 11 11 4 5 5 7 7 11 11 5 5 0 10 7 6 8 11 11 4 2 5 7 6 11 11 4 5 5 10 7 8 11 11 4 5 5 10 7 8 11 11 4 5 5 7 7 11 11 5 5 7 7 11 2 4 10 9 8 8 4 4 10 10 8 8 4 4 10 7 8 11 11 5 5 10 10 7 7 7 7 7 7 8 7 8 1 9 4 11 5 4 4 5 10 2 6 11 4 4 4 4 4 4 4 4 10 2 6 8 4 10 7 7 7 7 7 7 7 10 2 6 8 11 4 5 10 10 7 8 7 8 7 7 7 7 11 11 5 5 1 9 5 7 11 1 4 4 4 4 4 3 5 7 7 11 11 2 3 5 7 10 8 11 4 11 4 5 2 11 5 10 7 7 6 8 4 4 4 10 10 7 8 7 8 4 4 4 10 7 10 7 8 7 7 7 8 11 4 4 2 4 4 9 7 8 11 11 5 2 10 8 4 10 7 7 9 7 8 7 8 10 7 8 1 4 3 11 4 11 5 7 7 8 11 4 4 5 7 11 4 4 4 4 5 0 6 4 10 7 8 4 10 7 7 10 2 8 6 7 10 10 7 2 8 11 4 4 4 9 5 4 4 4 4 5 7 11 4 4 5 7 11 4 4 11 4 4 4 5 2 10 6 7 8 11 4 4 10 7 8 8 4 4 10 10 2 6 8 11 4 10 8 7 7 7 7 8 11 5 10 7 8 7 10 10 2 6 7 7 8 11 4 2 3 11 5 7 11 4 11 4 4 4 4 5 4 4 5 10 2 10 9 8 7 8 1 11 11 5 3 4 4 4 5 0 6 7 7 10 7 8 4 4 10 10 7 7 7 2 8 9 4 5 7 7 11 11 5 2 9 5 7 7 11 1 5 4 4 4 4 11 9 5 5 4 4 4 4 4 4 4 4 4 4 4 4 4 4 4 4 4 1 4 4 4 4 4 4 4 9 4 4 4 4 11 5 5 7 7 11 2 4 9 10 8 8 11 4 5 7 11 11 2 3 4 5 7 11 5 7 11 11 4 5 4 4 11 4 4 2 5 9 10 7 8 2 6 11 11 4 4 5 2 9 5 10 10 7 8 7 7 8 11 4 4 4 5 10 10 7 7 8 7 0 6 7 7 7 7 7 7 8 4 10 10 2 8 4 4 3 4 11 4 5 4 4 11 4 4 4 4 4 5 0 7 7 9 10 7 8 7 7 8 4 10 2 9 10 8 7 8 7 11 1 3 4 4 4 4 4 1 4 3 5 10 2 10 9 8 8 11 1 4 3 5 7 7 11 2 11 4 3 10 8 2 4 10 7 7 7 6 7 7 7 8 7 10 10 2 8 7 6 7 11 11 5 2 9 11 4 5 5 7 11 11 4 5 7 8 11 4 4 4 4 4 4 4 4 4 5 4 10 10 8 2 9 8 4 4 10 10 7 8 7 7 7 7 7 7 7 7 7 8 4 4 10 10 8 4 4 4 4 4 5 10 2 3 10 7 7 7 7 7 7 8 7 7 7 7 7 7 7 7 7 10 10 7 8 7 7 7 7 7 7 7 7 7 7 7 7 7 7 7 7 7 7 7 7 7 7 7 7 7 7 7 8 4 11 4 4 4 5 10 2 9 10 8 7 8 4 4 11 4 4 4 4 4 5 10 2 3 4 10 10 2 6 8 4 4 10 10 7 2 7 6 8 7 7 7 7 7 7 7 7 7 7 7 10 7 7 7 7 7 7 7 2 7 10 7 8 11 9 5 5 10 7 8 11 11 4 4 4 4 4 4 4 4 5 5 11 1 9 4 4 5 4 5 4 4 11 4 4 11 5 7 7 7 8 11 4 4 11 5 7 8 11 4 5 7 7 11 11 2 5 10 8 4 4 4 3 4 4 10 10 7 8 7 7 7 7 8 4 10 10 2 6 8 10 10 7 8 2 9 11 4 5 4 4 11 4 5 2 3 10 10 7 2 6 7 8 7 7 7 10 7 7 7 8 11 2 6 7 11 11 5 4 5 7 11 4 4 4 10 8 2 9 4 5 10 0 9 8 7 8 10 8 7 10 10 7 7 7 7 7 7 2 6 8 11 7 4 11 4 4 4 4 4 4 4 4 4 4 2 3 4 4 4 4 4 4 4 4 4 5 10 2 9 7 11 5 5 4 4 1 3 4 10 7 8 4 4 10 10 2 8 9 8 7 7 7 7 7 10 7 7 7 7 7 7 10 2 8 11 5 11 11 5 4 5 9 7 11 5 5 11 11 2 5 11 4 11 4 4 4 5 4 5 3 11 4 4 4 11 4 4 4 4 4 4 4 4 4 4 4 4 2 5 4 4 11 11 4 4 4 4 3 5 5 11 4 4 11 4 5 2
ppo_q50_b_fd_l4,71,qv18_73,18,151,True,848.75,8.129930973052979,5 5 7 11 9 5 5 7 7 11 11 5 5 7 7 11 11 5 5 10 7 8 11 11 4 4 5 7 8 11 11 5 5 0 10 7 6 8 4 4 10 10 7 7 2 8 11 4 3 5 10 10 8 8 7 7 7 7 7 11 11 5 5 7 11 2 3 11 11 4 4 4 5 5 7 7 11 11 4 5 5 10 2 7 6 11 11 4 5 5 7 7 11 11 5 5 7 7 11 4 2 10 6 4 10 2 8 9 4 10 8 8 11 4 5 10 10 7 8 7 7 8 1 4 3 7 11 4 4 5 0 6 4 10 10 7 8 2 4 10 7 7 8 6 11 11 5 5 7 7 11 11 4 2 5 3 10 10 8 7 8 7 7 7 7 7 11 5 10 2 6 7 7 7 7 7 7 11 11 2 3 5 10 7 7 8 7 11 11 4 4 4 4 5 4 4 5 4 4 1 4 4 4 4 4 4 9 4 5 7 11 4 2 9 4 10 8 7 7 8 11 4 5 11 5 10 7 10 7 2 6 8 4 10 8 4 10 7 10 2 8 7 6 7 10 8 7 11 11 2 5 10 8 7 7 10 7 7 6 8 11 11 4 4 4 4 4 4 4 4 4 5 4 4 4 4 4 1 5 3 10 7 11 5 5 7 7 7 7 7 7 7 7 7 7 11 4 10 2 6 7 7 8 10 7 7 11 5 2 9 7 8 7 7 10 8 7 7 7 7 11 11 2 5 4 11 5 3 7 7 11 11 5 4 4 5 7 11 11 5 4 4 4 4 4 4 4 4 5 11 2 6 11 11 2 5 9 7 8 4 10 7 10 8 8 11 2 4 10 7 7 9 8 7 8 11 5 7 11 4 10 8 2 7 7 7 7 7 7 7 7 10 8 6 11 11 2 5 11 11 3 5 4 4 4 4 11 4 4 4 4 4 2 3 5 10 10 2 6 7 7 8 4 10 8 4 10 7 7 7 7 7 7 7 7 7 10 7 7 2 8 11 4 3 5 10 7 8 4 4 10 10 8 7 7 8 11 1 4 4 4 4 5 4 4 4 4 4 4 4 4 4 4 4 4 4 11 3 5 10 10 8 2 11 5 10 7 6 4 10 8 7 7 7 8 7 11 2 11 4 5 3 10 10 8 2 4 10 8 6 7 7 7 0 9 8 4 10 7 7 11 2 5 10 8 7 7 10 7 7 7 6 11 5 5 7 7 11 11 5 4 4 4 4 4 4 5 11 11 4 4 4 2 5 7 11 5 3 10 10 2 8 7 7 7 6 7 10 7 7 7 8 1 9 11 4 5 4 4 4 4 4 4 4 5 4 4 4 4 4 4 11 2 9 4 10 8 8 4 4 10 2 10 7 6 7 10 8 7 7 7 7 7 0 9 8 8 4 10 0 9 8 7 8 7 7 10 7 8 7 10 2 7 11 9 5 5 7 7 11 11 1 5 5 7 11 5 7 6 11 11 5 1 3 4 5 10 7 7 8 10 8 11 4 11 4 4 2 3 5 11 4 4 10 2 8 11 5 4 4 4 4 11 4 4 4 4 9 4 5 5 10 0 8 6 4 10 10 8 7 8 7 7 10 7 7 7 7 7 7 7 10 7 8 4 10 7 8 7 8 11 2 11 11 4 5 3 7 7 7 7 7 7 7 7 8 10 2 9 10 7 7 7 7 7 7 7 7 7 7 7 7 7 7 7 7 7 7 7 7 8 8 4 11 2 7 3 11 4 4 4 4 4 4 4 4 4 4 4 4 4 11 4 4 4 4 4 4 5 1 3 4 5 4 4 4 11 4 0 9 5 5 4 11 4 4 4 4 4 4 4 4 4 4 11 4 2 5 10 7 8 6 10 10 7 7 7 7 8 8 10 2 6 10 7 7 8 11 2 9 11 4 5 4 4 4 4 4 4 5 0 7 7 7 9 10 8 7 7 0 7 6 8 11 4 10 8 8 4 4 10 10 8 7 7 7 7 7 8 11 1 4 4 4 4 4 5 7 7 10 6 10 2 8 11 4 4 4 4 4 5 3 4 4 11 4 4 5 10 7 0 7 6 8 11 11 2 5 3 4 4 4 4 4 10 7 11 5 4 4 5 4 11 11 2 5 7 7 7 7 7 7 11 9 8 8 4 10 10 2 8 7 6 11 4 4 5 4 11 11 5 2 9 4 5 7 11 11 5 4 4 4 5 4 4 4 4 4 4 4 4 4 4 4 1 4 3 4 11 4 4 11 5 5 10 7 8 7 11 4 11 4 5 2 9 5 10 7 7 8 7 1 11 3 11 2 3 4 5 4 4 1 4 4 3 4 4 1 4 4 4 11 4 4 4 4 5 10 10 7 7 8 8 10 10 8 8 10 10 7 8 7 8 10 7 10 7 7 7 7 7 8 6 7 8 10 7 10 2 8
ppo_q50_b_fd_l4,72,qv18_74,18,147,True,838.0,2.3485734462738037,5 5 7 11 3 7 11 2 5 7 11 9 5 5 10 7 8 11 11 4 5 5 10 7 8 11 1 3 7 11 5 5 7 7 11 2 6 11 11 4 5 7 8 11 2 9 11 4 5 7 8 11 11 5 5 7 7 11 11 5 5 0 9 7 8 11 4 10 7 8 8 1 9 4 4 5 4 4 4 10 10 8 2 11 5 10 7 10 8 7 7 7 6 7 8 1 4 4 3 10 10 7 2 6 7 7 8 11 4 5 4 10 10 7 7 7 7 2 8 6 11 11 4 4 4 4 4 5 4 5 4 4 4 4 10 10 8 2 9 7 10 7 7 7 2 7 8 11 5 10 9 8 7 7 7 8 7 7 7 11 2 11 3 11 2 4 3 4 4 4 4 4 5 10 7 2 7 7 7 7 10 8 9 11 5 5 10 7 8 11 11 5 4 5 7 11 4 11 5 5 7 7 11 4 5 0 9 10 8 7 8 11 2 3 7 11 11 5 4 4 4 4 4 4 4 5 11 2 4 10 7 10 6 7 7 7 8 7 8 10 2 7 6 7 7 7 10 7 7 7 10 2 8 6 11 4 5 7 7 11 11 4 4 5 5 7 11 11 4 5 2 4 4 4 4 11 4 4 5 3 10 10 2 8 10 8 11 4 4 4 4 4 5 3 10 4 4 4 4 4 4 4 4 4 4 4 4 4 4 4 4 4 4 4 4 4 4 4 4 4 4 4 4 4 4 5 7 7 7 7 11 11 4 4 4 5 2 9 5 7 11 4 5 7 7 11 11 4 5 4 4 4 4 4 4 5 10 8 7 11 11 2 5 4 4 4 11 4 5 3 7 10 7 1 9 8 7 8 7 10 7 7 7 7 7 7 7 7 8 1 4 11 11 4 5 7 8 11 4 4 4 4 4 5 11 5 4 10 10 8 7 7 7 7 8 10 7 8 7 10 9 8 8 4 4 10 10 7 7 7 8 4 4 5 7 11 5 10 2 6 11 4 4 4 4 4 4 4 4 4 4 4 4 4 4 4 5 4 4 4 10 10 2 8 10 7 7 7 6 7 7 0 7 7 7 7 7 7 8 7 7 10 7 7 6 7 8 7 11 11 2 3 4 4 4 4 4 4 4 4 4 4 4 5 7 11 4 4 5 4 10 2 10 6 4 10 7 8 2 11 5 10 9 7 7 8 4 4 5 10 2 9 10 7 7 8 4 5 7 10 7 7 7 8 7 11 1 4 9 5 4 4 1 4 4 3 5 7 11 4 5 4 4 11 11 2 3 5 0 10 8 9 4 10 7 7 8 7 7 8 7 7 0 7 7 9 7 10 8 8 11 4 5 10 10 8 8 10 10 7 2 8 6 11 11 4 4 4 4 4 4 4 4 5 4 4 4 4 4 4 4 4 4 4 4 5 7 11 4 2 4 3 10 0 9 7 8 8 7 10 10 7 8 7 7 7 7 8 7 7 11 1 4 4 3 4 4 4 4 5 4 4 11 11 5 2 9 5 10 7 7 7 7 8 10 10 7 7 7 7 8 2 7 6 7 7 7 7 7 11 4 5 10 10 7 2 8 9 4 10 8 4 4 5 10 8 7 11 11 5 5 7 7 11 11 4 5 5 11 11 4 4 4 4 4 2 3 5 7 11 11 2 3 4 5 7 11 11 4 4 5 2 10 8 7 9 7 7 8 10 7 8 7 7 7 10 0 7 7 6 7 10 8 8 7 7 7 10 8 11 5 10 7 7 7 11 5 5 4 4 4 4 4 4 4 11 4 4 4 5 10 2 9 10 7 7 8 8 10 10 8 7 8 7 10 10 8 2 11 4 9 5 5 7 11 1 9 5 4 4 5 4 11 4 5 7 7 11 11 4 5 5 7 10 7 7 8 11 4 4 4 4 4 4 4 4 4 4 4 5 7 7 11 11 5 2 9 7 8 11 11 5 4 5 7 7 0 7 9 7 7 8 7 0 7 7 7 7 7 6 7 7 7 0 7 7 10 7 7 7 7 8 9 11 4 2 5 7 11 9 4 4 5 5 7 11 11 4 5 7 8 11 4 5 7 7 11 11 4 4 4 4 4 4 4 4 5 0 8 7 9 7 7 7 8 4 10 10 2 8 6 4 10 7 7 8 7 10 2 7 6 11 11 4 5 4 4 4 4 4 5 7 7 11 11 5 2 7 11 4 4 4 4 4 4 4 3 10 7 2 8 10 10 7 7 7 8 7 7 7 6 7 7 7 8 4 4 10 10 7 7 8 2 7 7 6 7 11 11 5 4 4 4 4 4 4 4 5 7 11 11 2 5 10 8 6 11 11 5 5 7 7 11 11 2 5 11 11 4 4 4 4 4 4 5 4 4 5
ppo_q50_b_fd_l4,73,qv18_75,18,151,True,836.0,2.5105762481689453,5 5 7 11 3 7 11 2 5 7 11 4 9 5 7 8 11 11 4 4 5 5 7 7 11 11 5 5 0 10 8 9 11 4 4 4 5 7 8 11 11 5 5 7 7 11 11 5 5 0 10 7 9 8 8 4 4 10 10 2 6 8 4 4 10 10 7 7 7 8 8 4 10 8 1 4 11 3 5 7 7 11 11 2 5 7 11 4 4 4 5 9 10 8 8 1 4 10 8 9 11 5 5 7 7 11 2 11 9 5 5 10 0 7 7 7 7 7 7 7 7 7 7 9 8 7 7 8 7 1 9 8 11 11 4 8 1 4 4 5 3 10 10 7 8 2 4 10 8 9 8 11 11 4 1 3 5 5 7 7 11 11 4 4 2 3 5 10 7 8 4 4 10 10 8 7 8 4 10 10 7 8 2 6 11 4 5 0 9 7 7 8 11 4 11 4 5 7 8 11 11 4 5 4 4 4 5 10 7 8 7 11 11 5 4 5 0 9 7 7 8 4 10 7 7 7 7 7 7 8 4 0 7 6 7 10 7 11 2 5 10 8 7 7 11 11 4 4 4 4 3 4 5 7 8 11 11 4 5 4 4 4 4 1 4 9 4 5 7 8 11 2 11 4 4 9 5 5 0 7 7 9 7 7 7 8 11 5 7 11 5 7 1 4 3 4 10 10 7 2 6 7 7 7 7 8 7 11 4 10 7 8 2 10 8 7 7 10 7 7 8 4 9 11 4 5 5 7 7 11 11 4 4 4 4 5 7 7 7 7 8 11 2 11 3 11 4 4 4 5 5 7 11 4 11 2 5 9 7 8 4 4 10 7 8 7 10 7 7 7 11 4 5 2 3 10 10 2 8 9 4 5 10 10 8 7 7 7 7 7 7 7 8 11 11 5 2 7 9 7 8 10 10 2 8 6 11 4 5 7 11 4 11 4 4 5 5 10 7 7 8 11 11 2 4 5 10 7 7 8 9 8 7 7 7 7 7 7 7 7 7 10 7 7 10 7 7 7 7 7 7 7 7 7 7 0 7 7 7 7 7 7 7 8 6 7 7 7 7 8 11 1 4 5 9 5 10 7 10 7 8 8 7 7 7 11 5 10 7 7 0 6 7 7 8 11 11 4 4 5 5 0 7 9 7 8 7 7 10 0 7 8 7 6 11 11 4 5 5 7 11 4 5 7 11 4 11 4 4 5 5 10 7 11 2 5 3 7 7 11 11 5 4 4 5 7 11 4 2 11 3 10 8 8 4 4 10 10 8 7 7 7 7 7 8 7 11 2 4 3 4 11 4 4 1 4 5 7 11 3 4 4 4 4 4 4 4 4 11 2 5 4 4 4 4 4 4 4 4 4 4 3 1 4 3 4 4 4 11 4 5 7 11 4 11 4 5 5 4 4 4 11 5 7 11 2 4 9 11 5 5 11 1 4 3 5 10 10 8 2 9 8 11 4 5 10 10 7 8 7 7 7 10 7 8 7 8 1 9 5 7 11 11 5 2 10 8 4 4 4 4 9 4 11 4 2 5 9 5 7 7 11 11 2 5 3 10 7 8 4 10 7 10 7 7 8 7 7 7 8 7 7 10 7 10 7 8 7 7 8 7 11 2 11 11 3 4 5 4 4 4 4 5 11 11 4 5 2 11 4 5 7 7 7 7 7 6 7 7 7 7 7 7 0 7 10 8 7 7 7 7 7 7 6 7 7 7 7 7 7 7 10 10 7 7 7 2 6 7 7 7 7 7 7 7 7 7 7 7 7 7 7 7 7 8 7 7 7 7 10 8 11 2 6 11 5 7 11 4 11 5 2 9 7 7 8 4 10 7 8 4 0 7 9 10 8 8 7 1 9 4 10 8 7 7 7 8 1 3 7 11 4 4 1 3 4 5 7 7 11 11 5 5 10 2 9 7 8 11 11 5 4 5 4 11 4 4 4 11 2 4 3 4 4 5 7 7 7 10 7 8 10 10 7 7 2 8 10 6 10 7 7 7 7 8 8 4 10 2 9 10 8 8 11 1 3 5 4 11 4 4 5 4 4 4 4 4 11 4 4 4 4 4 5 4 10 10 8 2 6 4 10 10 7 8 8 4 10 7 10 8 7 7 7 7 7 8 10 2 10 10 6 8 7 7 7 7 7 7 7 7 7 7 7 7 7 8 1 3 10 8 7 11 11 5 4 4 4 4 4 4 4 4 4 4 4 4 4 4 4 4 4 11 2 5 9 4 4 5 11 4 0 9 5 4 5 4 11 4 4 5 4 4 4 4 4 4 4 4 4 11 4 4 4 4 11 4 5 2 3 11 11 4 4 4 4 4 4 4 4 4 4 4 4 4 4 4 4 5 4 5 7 7 7 11 2 11 11 4 4 5 4 4 4 4 4 3 5 10 10 2 8 7 7 7 10 10 7 7 7 7 8 8
ppo_q50_b_fd_l4,74,qv18_76,18,153,True,853.0,3.8298256397247314,5 5 7 11 3 7 11 2 5 7 11 9 5 5 10 7 8 11 11 4 5 5 10 7 8 4 7 11 7 7 8 7 7 7 7 11 11 4 4 4 4 4 1 4 5 5 7 10 6 8 11 11 5 2 11 4 9 5 7 8 11 11 5 5 10 7 8 11 11 4 5 5 7 7 11 11 5 5 0 10 9 5 7 8 4 10 7 7 7 8 4 10 7 8 10 7 7 7 7 10 2 8 9 11 4 5 4 5 10 7 0 6 7 7 8 4 10 2 7 7 7 11 11 4 4 5 4 4 4 3 4 4 4 4 5 10 0 6 7 7 7 7 7 8 10 7 8 1 4 3 4 4 4 4 4 4 4 4 4 4 4 4 4 4 11 4 4 10 2 8 11 5 4 10 10 8 8 4 4 10 10 6 8 8 4 0 7 7 9 7 7 7 8 11 1 9 5 4 4 5 10 8 4 10 7 7 11 5 4 4 5 10 7 2 7 10 9 7 8 7 7 7 8 1 9 8 7 11 11 4 5 5 7 11 1 9 5 5 0 10 7 7 7 7 8 6 10 10 8 8 4 10 7 8 11 4 5 1 9 5 4 11 11 1 4 5 5 9 5 7 7 11 11 4 4 5 5 0 9 10 2 8 4 10 7 6 7 7 7 8 4 10 2 9 8 7 7 10 7 10 8 4 4 5 10 7 7 8 10 2 7 7 7 7 7 7 7 7 10 7 7 7 7 7 7 10 7 7 7 7 7 7 7 7 7 7 6 8 8 7 10 10 7 8 7 8 10 2 7 10 7 7 7 7 7 6 8 11 1 9 5 4 4 5 10 2 10 6 7 8 11 11 4 4 4 4 5 5 7 7 11 1 3 4 4 11 5 2 7 11 4 5 9 10 8 8 11 1 4 4 4 10 8 6 7 7 7 8 7 11 1 9 5 4 4 8 11 11 4 5 4 4 4 2 4 4 4 4 9 4 4 4 4 4 5 11 4 4 4 4 11 4 4 4 4 4 4 4 4 4 5 4 1 3 5 7 11 4 4 11 4 4 4 5 5 7 11 11 5 5 10 7 8 4 4 4 1 4 4 3 4 10 10 7 2 6 7 8 7 10 7 10 7 8 2 9 8 11 1 4 5 3 10 10 7 7 7 8 4 4 5 10 7 7 7 7 5 10 8 7 7 10 7 7 1 11 5 5 10 9 7 7 8 7 7 7 7 7 7 7 8 11 2 11 4 4 4 4 4 4 4 5 11 3 11 4 4 4 4 5 2 3 11 5 7 11 4 4 4 11 5 4 5 7 11 5 0 7 7 7 7 10 6 7 8 7 7 10 10 2 8 6 11 11 2 5 3 10 7 8 7 10 7 10 2 8 7 10 7 7 7 7 7 10 6 7 8 4 5 10 2 10 7 7 10 7 8 7 7 7 7 7 7 7 7 7 7 7 7 7 7 8 9 4 10 8 8 11 4 5 10 10 2 8 10 7 8 4 4 10 10 8 7 6 7 8 10 8 10 7 7 7 7 7 10 7 7 7 7 7 7 7 8 0 6 8 11 11 2 5 7 7 7 7 7 7 7 7 7 7 7 7 7 7 7 7 7 7 7 7 7 10 8 7 7 6 7 7 10 7 7 7 7 7 7 7 7 7 7 7 8 4 0 9 7 7 11 4 5 5 7 11 4 4 4 5 7 11 11 5 7 7 7 7 8 11 4 4 4 4 4 4 4 1 4 3 5 10 10 8 2 11 5 10 9 8 8 11 2 4 4 4 11 11 5 4 5 4 4 4 4 4 4 4 4 4 4 4 4 4 4 11 9 5 7 8 4 4 4 11 5 4 4 4 4 4 4 11 11 5 2 9 7 7 8 11 4 11 4 5 4 5 10 7 11 5 4 4 4 5 0 9 10 8 8 11 4 5 10 7 7 10 8 7 7 7 8 11 2 3 7 11 5 4 11 5 0 6 7 11 11 2 3 4 4 4 5 4 4 4 11 4 4 4 4 5 10 2 9 4 5 10 7 7 10 7 7 8 7 7 8 11 4 4 4 4 5 7 11 2 9 4 4 4 5 4 4 4 10 10 7 7 8 8 7 7 7 7 11 4 5 4 11 2 4 11 3 5 4 4 4 4 4 11 4 4 11 4 4 4 4 4 4 4 4 4 4 5 4 5 4 4 4 1 11 9 8 8 1 11 4 3 4 4 4 5 11 4 1 4 4 3 10 7 7 8 8 7 7 7 10 8 4 10 10 8 2 9 7 8 11 4 4 5 7 7 11 11 2 3 5 10 7 7 7 8 11 4 4 11 5 5 7 11 4 4 4 11 4 4 2 3 4 4 4 4 4 5 4 4 0 6 10 7 10 8 7 7 7 7 8 11 4 4 4 4 4 5 10 10 7 7 7 7 8 7 7 8 4 10 10 8 7 8 4 4 10 10 7 7 7 8 2 9 4 5 7 7 11 11 4 4 4 4 4 4 4 4 2 5 11 11 4 4 4 4 4 4 5 4 4 4 4 4 5 10 10 7 8 8
ppo_q50_b_fd_l4,75,qv18_77,18,150,True,867.75,8.5768883228302,5 5 7 7 11 11 5 5 7 11 9 5 5 7 7 11 11 5 5 7 7 11 11 4 5 7 8 11 11 5 5 7 7 11 11 5 5 10 0 7 7 7 6 8 4 4 10 10 8 7 8 1 3 7 11 11 2 4 4 4 4 5 10 7 7 7 8 6 11 11 2 5 7 11 9 5 5 10 7 11 4 4 4 4 5 5 7 7 11 11 5 5 0 10 7 7 7 8 4 10 8 6 11 11 4 5 5 0 10 9 8 4 5 10 10 7 2 6 7 7 7 7 7 7 7 7 8 7 7 7 11 2 11 3 11 4 5 5 10 7 11 2 5 7 9 4 4 5 7 11 4 4 4 11 4 4 5 2 10 7 6 8 4 4 10 0 9 8 7 7 7 8 0 6 4 4 11 4 4 4 1 4 3 5 10 10 8 7 8 1 3 7 11 4 5 7 7 11 11 4 4 4 5 5 10 0 8 7 7 7 7 6 4 10 8 7 7 7 7 7 7 7 10 7 8 7 11 2 6 4 11 5 10 7 7 11 5 4 5 10 8 7 11 11 4 5 4 4 5 7 7 11 11 2 3 5 7 7 11 11 5 4 5 7 11 4 4 4 4 11 5 5 10 2 10 6 8 11 11 2 5 10 7 6 7 7 8 7 7 0 7 9 7 8 7 10 10 8 2 7 7 6 7 7 7 7 7 7 7 7 7 7 10 7 7 7 10 7 7 7 7 7 7 7 7 7 7 7 7 7 0 8 8 7 9 7 7 8 11 4 5 4 4 4 10 7 7 7 0 9 8 7 7 7 7 7 8 7 10 2 7 7 7 7 9 4 10 8 2 7 7 7 7 7 7 7 7 7 7 10 7 8 7 10 7 7 10 7 7 7 7 7 7 7 7 7 7 7 7 8 8 10 6 10 8 7 7 7 8 11 2 4 3 10 10 2 8 10 9 8 7 8 1 4 10 8 11 9 5 4 5 0 10 9 7 7 8 8 4 10 7 7 8 7 11 1 3 4 4 4 4 11 2 5 10 8 4 10 6 10 2 6 8 4 10 10 2 8 7 6 11 4 4 4 4 4 4 4 4 4 4 11 2 5 10 8 6 11 11 4 5 4 4 4 4 5 0 9 7 7 7 7 7 8 11 4 10 7 7 7 8 2 4 10 6 7 8 10 7 7 7 7 7 7 7 7 7 7 7 7 7 7 7 0 7 7 8 7 6 11 11 4 4 4 4 5 4 4 4 4 4 4 4 4 11 5 2 9 7 11 5 4 4 5 10 7 7 7 8 11 11 4 4 5 4 4 4 4 4 4 5 4 4 11 1 9 5 4 5 0 7 10 7 7 8 7 7 7 7 7 7 10 7 7 6 7 8 4 1 11 11 5 5 11 11 5 5 4 4 11 9 4 5 5 0 9 5 10 10 7 8 2 6 7 7 10 8 1 4 4 4 4 11 3 5 10 10 7 7 7 0 8 6 8 10 10 7 7 8 7 7 8 11 2 3 4 10 2 7 6 7 7 7 7 7 7 7 7 10 7 7 7 11 4 2 5 9 5 11 4 4 4 4 4 4 4 4 11 2 3 4 5 10 7 7 8 4 11 11 5 4 4 5 4 4 1 4 4 11 4 5 3 10 10 7 8 2 9 10 8 8 7 11 4 10 8 7 7 7 8 10 7 8 10 2 7 7 7 7 10 7 10 7 6 7 7 7 8 0 6 8 4 4 10 10 8 7 7 7 7 7 7 7 7 7 7 7 7 7 7 8 11 2 11 4 4 4 4 4 4 4 4 4 4 4 4 4 4 5 7 11 9 4 5 7 8 11 2 9 11 4 4 4 4 4 4 4 4 4 4 4 4 2 4 5 11 3 7 11 5 1 9 5 4 4 1 9 5 4 4 4 4 4 4 5 1 9 5 7 11 4 4 2 9 10 8 7 8 11 4 2 11 3 4 4 4 4 4 4 4 4 4 4 4 4 1 3 4 5 4 10 10 8 7 8 7 7 7 7 7 7 7 7 7 7 7 10 10 7 8 8 7 7 7 7 7 11 5 0 9 5 10 8 7 7 7 11 4 10 8 8 11 4 5 7 7 7 7 7 0 7 7 9 7 8 7 7 10 10 7 2 8 4 10 10 8 7 7 7 7 7 8 6 7 7 7 7 7 7 7 7 7 7 10 7 10 0 8 6 8 7 10 10 2 6 7 7 7 8 1 4 4 4 11 4 3 4 4 4 4 5 10 7 7 7 7 10 8 8 11 4 5 10 10 7 8 8 7 7 10 10 8 7 10 8 8 11 1 5 11 4 5 4 3 4 10 10 2 6 7 7 7 7 7 8 10 7 2 7 7 7 9 7 8 4 10 10 2 6 8 7 7 7 7 7 7 7 7 7 7 7 7 7 7 7 7 10 10 8 7 7 8 11 4 4 4 5 10 10 7 2 6 7 7 7 7 7 8 7 7 7 7 7 7 7 11 5 10 8 10 10 8 7 8 4 10 10 8 8 10 7 2 10 6 8 11 11 4 4 5 4 4 5 7 7 11 11 2 5 11 11 4 4 4 3 5 4 4 5 7 7 11 11 2 3 4 4 4 4 4 5 11 11 2 4 4 5 11 11 4 4 4 4 4 4 4 4 4 4 4 4 4 4 4 4 5 4 4 5
ppo_q50_b_fd_l4,76,qv18_78,18,146,True,825.75,2.003389596939087,5 5 7 11 9 5 5 7 7 11 11 5 5 10 0 8 4 10 9 8 8 11 2 7 7 11 4 11 4 5 5 7 10 8 11 4 11 5 5 7 11 9 5 5 7 7 1 9 11 5 5 10 7 8 11 11 5 2 9 7 11 4 5 7 8 11 11 5 5 7 7 11 11 5 5 0 9 7 8 4 4 10 10 8 8 4 4 10 10 8 2 7 9 7 7 8 4 10 7 7 8 1 11 3 7 11 4 5 4 5 7 11 11 4 4 2 3 5 10 7 7 7 8 4 10 7 7 7 11 2 5 3 10 7 7 8 1 4 4 10 7 6 4 10 7 7 2 6 7 7 8 7 7 7 7 11 11 4 5 2 10 8 9 11 4 4 4 4 4 4 2 4 5 4 4 4 4 4 3 7 11 11 4 5 2 9 7 8 4 10 7 7 8 4 0 6 7 7 7 0 9 7 8 0 9 4 4 10 8 8 4 10 7 7 8 1 4 4 4 11 3 4 4 4 4 4 4 4 4 4 5 7 11 4 2 4 10 10 8 8 4 4 10 10 7 8 7 8 4 10 9 8 7 7 7 7 8 4 4 10 2 10 9 8 8 7 11 1 4 4 3 4 4 5 4 4 4 4 10 2 10 6 10 7 8 8 10 7 10 7 8 7 8 4 4 11 4 5 10 7 7 7 0 6 11 5 4 5 7 11 4 4 4 4 4 4 4 5 7 10 7 10 2 8 4 4 4 4 4 11 4 9 5 5 7 11 4 4 4 5 4 10 10 2 6 8 4 4 10 10 8 7 7 8 4 4 10 10 8 2 9 7 8 4 4 4 10 7 7 7 7 10 8 8 4 4 10 10 7 8 4 5 10 2 7 11 9 5 4 4 4 5 11 4 11 4 5 2 10 7 8 9 11 5 4 5 4 11 4 4 4 5 4 4 10 2 10 10 7 6 8 7 8 7 7 7 7 7 7 0 9 7 8 4 10 7 10 7 8 7 7 8 11 4 4 2 4 4 9 4 5 10 8 4 10 8 7 11 11 4 5 5 7 11 4 4 5 1 4 4 4 4 4 4 4 11 4 4 3 5 11 4 4 4 4 4 4 4 2 4 4 11 4 4 4 4 4 11 4 4 4 4 4 4 4 4 4 5 5 11 4 4 3 4 4 5 10 8 7 11 11 4 4 4 5 7 7 8 11 2 9 11 4 4 4 5 2 10 7 8 4 10 10 8 6 8 4 10 7 7 10 8 2 4 10 9 8 8 11 2 11 3 5 4 4 4 4 4 4 4 4 4 11 11 5 2 9 7 7 7 8 4 10 10 7 2 6 7 7 7 7 7 7 7 8 4 10 2 6 11 4 4 4 5 7 7 11 11 5 4 4 4 1 9 4 4 5 4 5 10 2 6 11 4 4 11 4 4 5 2 4 10 10 8 6 7 7 7 7 7 7 7 8 7 11 2 9 4 5 7 11 4 4 5 4 11 4 11 4 2 3 4 4 5 0 7 9 8 7 10 7 7 7 7 7 10 7 7 7 8 7 8 10 7 7 7 8 1 4 10 9 8 4 5 7 7 11 4 5 7 7 7 7 7 7 7 7 7 10 7 7 7 7 10 8 2 4 3 4 4 4 4 4 4 4 1 4 11 3 4 4 1 5 9 7 11 5 4 4 4 4 4 5 10 7 7 7 7 7 7 7 8 11 4 4 4 4 4 4 5 10 7 11 4 5 4 4 5 7 11 4 4 5 4 4 4 10 10 8 7 8 11 2 4 9 11 2 4 5 11 3 4 4 4 4 4 4 4 11 4 5 2 7 7 7 7 7 7 7 7 7 7 7 7 7 7 6 10 8 4 10 7 7 10 8 0 7 9 8 7 7 7 7 8 4 4 10 10 8 7 8 4 10 10 8 2 9 7 8 11 11 4 4 2 3 4 4 5 4 4 4 4 11 5 7 11 4 11 4 2 5 9 7 8 11 11 2 4 5 4 11 3 4 5 10 10 7 7 8 7 8 11 4 10 7 7 7 8 2 6 4 10 7 7 7 11 5 2 10 8 11 4 9 5 4 4 4 4 5 7 11 4 4 5 11 5 0 7 10 10 6 8 7 8 7 11 4 10 8 7 7 7 8 10 10 8 7 7 7 10 8 7 7 7 7 7 8 1 4 4 3 4 11 4 5 10 7 7 7 7 7 10 2 8 11 5 11 11 5 5 4 3 4 4 4 4 4 4 1 4 11 4 4 3 5 4 11 4 4 5 4 4 4 4 11 11 4 4 4 4 5 4 4 4 4 4 4 4 4 4 4 4 4 4 5 0 9 5 11 4 4 11 4 4 4 4 4 4 4 4 4 5 5 7 7 11 11 5 5 11 11 4 2 4 5 7 11 4 4 11 5 5
ppo_q50_b_fd_l4,77,qv18_79,18,151,True,867.5,2.602365493774414,5 5 7 11 3 7 11 5 2 7 11 9 5 5 7 7 11 2 11 3 7 11 5 2 7 11 6 11 5 5 10 7 8 11 11 4 5 5 7 7 11 11 5 5 10 7 8 11 11 4 5 5 7 7 11 11 5 5 0 7 11 5 10 9 8 8 4 4 10 10 7 8 4 5 10 10 7 7 8 8 4 11 4 5 10 7 7 10 7 8 7 7 8 4 10 7 7 7 7 11 2 5 7 11 3 7 11 5 4 4 4 1 3 4 4 4 4 4 5 7 11 4 4 4 4 10 8 8 4 4 10 10 8 2 9 8 4 4 10 10 8 7 7 8 11 4 5 4 10 10 2 6 7 8 4 10 10 8 7 2 7 7 10 8 11 4 4 9 5 5 1 4 9 4 5 4 10 7 8 11 11 5 4 4 5 4 4 4 4 4 4 10 10 8 8 4 4 10 7 1 9 8 8 7 10 7 7 7 8 4 4 10 10 7 7 8 2 10 10 8 6 7 8 11 4 4 10 7 7 8 2 9 4 5 4 4 4 4 4 11 4 4 4 4 5 7 11 4 4 4 4 10 2 8 4 10 8 7 7 7 7 7 6 4 10 7 7 8 7 11 4 10 7 8 2 9 8 11 11 4 4 4 5 4 5 7 11 4 4 5 7 1 3 4 10 10 2 8 9 8 4 4 10 10 8 7 8 7 11 4 10 2 7 8 9 4 5 7 7 11 11 5 4 4 4 4 5 4 4 4 1 4 4 3 4 10 10 7 8 7 7 8 11 4 4 4 5 7 10 7 7 8 7 7 7 7 10 7 7 7 7 8 1 9 4 4 11 5 5 0 10 6 8 11 11 5 2 10 8 6 11 11 4 5 5 4 4 4 11 4 4 4 4 5 4 11 4 4 2 4 4 4 4 4 4 4 4 4 4 11 11 4 4 4 4 4 4 4 4 4 4 4 4 4 4 4 5 3 4 5 10 8 11 5 4 4 4 4 11 11 2 4 4 3 4 5 10 7 7 7 8 4 4 10 0 8 4 10 6 8 4 10 8 11 4 11 4 5 2 4 11 9 4 5 5 4 4 4 10 2 10 6 7 10 8 2 9 8 11 4 10 2 6 8 11 4 5 10 10 8 7 8 4 4 10 7 7 7 7 7 7 10 8 4 4 5 10 2 6 10 7 7 7 7 7 7 7 7 7 7 7 7 7 7 7 7 0 6 7 7 7 7 7 7 7 7 7 7 7 7 10 7 8 8 4 4 10 7 8 10 0 6 7 7 7 8 10 7 7 7 7 7 7 11 2 5 7 11 3 4 4 4 4 4 4 5 7 7 11 11 5 2 9 7 8 11 4 11 5 5 11 2 6 10 7 8 11 4 4 11 4 5 5 7 11 5 0 6 7 7 7 7 7 7 10 7 7 7 8 11 1 3 5 7 11 4 5 11 4 4 4 4 4 4 4 4 4 4 4 4 4 4 4 11 4 5 4 5 11 2 4 4 4 4 4 4 4 4 4 11 9 4 4 4 4 4 5 4 5 7 11 11 4 4 5 4 4 4 4 5 4 10 2 9 7 11 2 4 3 4 5 11 2 4 4 3 4 4 4 4 4 4 4 4 11 4 4 4 11 4 2 5 4 4 4 4 4 4 4 4 4 3 4 4 4 4 1 11 9 5 5 7 7 11 11 4 4 5 4 4 5 0 7 9 7 0 6 8 11 11 5 2 11 4 4 4 4 3 4 4 5 10 2 10 6 10 7 7 8 8 4 10 7 10 2 8 9 4 5 10 10 8 7 7 8 1 4 3 7 11 4 4 4 4 4 1 4 4 3 4 4 5 7 11 4 5 4 4 4 4 4 4 4 4 4 11 11 4 5 2 10 7 7 8 7 7 7 7 7 7 7 7 10 10 7 8 8 10 10 6 7 8 7 8 11 5 4 10 0 9 8 4 5 10 7 7 7 10 7 8 7 8 10 2 3 7 11 11 5 4 5 7 11 5 4 4 4 10 7 7 7 11 2 5 10 8 11 3 4 5 4 4 4 4 4 4 11 4 4 5 4 4 4 4 4 4 4 11 11 4 5 2 7 11 3 5 4 4 4 4 4 4 4 4 4 4 4 4 4 4 4 4 4 4 10 7 11 5 4 5 10 7 7 8 11 11 4 4 4 4 5 4 4 5 10 7 11 2 5 9 11 5 5 11 11 5 0 6 8 11 11 4 4 5 7 8 11 4 4 4 4 4 4 4 4 4 4 4 4 4 4 5 4 11 11 4 2 5 7 10 6 7 7 7 7 7 7 7 7 7 7 7 7 8 7 7 0 9 0 6 7 8 11 4 4 4 5 4 10 10 8 7 8 4 10 7 7 7 10 2 8 4 10 7 6 7 10 7 7 7 8 2 9 4 5 10 7 8 4 10 8 7 7 7 7 7 7 7 7 7 7 7 7 10 10 8 2 10 8 7 11 11 5 4 4 5 11 11 4 4 4 4 4 4 4 4 4 4 4 4 4 3 4 4 4 2 3 4 4 4 5 7 11 11 5 2 9 4 5 4 10 10 8 7 7 7 8 10 10 2 7 8
ppo_q50_b_fd_l4,78,qv18_8,18,151,True,863.75,8.400162935256958,5 5 7 9 11 5 5 7 7 11 11 5 5 0 10 8 11 4 3 7 11 5 5 7 7 11 11 5 5 10 2 7 11 4 9 5 5 7 7 11 11 5 5 10 7 8 4 4 10 0 7 7 7 6 8 4 4 10 10 7 8 7 8 11 4 1 4 5 7 6 11 11 4 4 4 5 7 8 11 2 11 4 4 9 4 5 5 7 7 11 11 5 5 0 10 8 4 10 7 6 8 11 11 5 2 9 7 7 7 7 7 8 4 10 7 8 7 7 7 7 7 7 7 7 11 11 5 4 4 4 4 4 1 3 4 4 4 4 4 1 4 5 10 9 8 8 4 10 8 11 4 4 10 8 7 8 4 10 7 7 7 10 8 2 4 10 9 7 7 8 8 4 10 2 6 11 4 1 4 4 4 5 4 3 10 7 10 8 7 7 7 8 7 7 11 4 1 4 4 5 10 7 9 8 8 4 0 9 8 1 3 4 10 10 8 7 8 11 4 4 5 10 10 8 7 8 11 2 3 7 11 4 5 7 7 7 7 7 7 7 7 7 7 7 7 7 7 7 7 7 7 7 10 10 7 7 7 7 7 7 7 7 7 7 7 0 7 7 6 8 7 7 7 7 8 11 2 3 4 11 5 4 10 10 8 2 4 10 6 10 8 7 8 4 10 7 0 6 8 4 10 2 7 7 7 10 6 11 4 4 4 5 5 4 4 4 4 4 4 4 1 9 4 5 4 11 4 4 4 4 4 10 7 8 7 7 7 7 7 8 11 2 4 3 10 10 8 8 4 4 10 10 7 0 7 8 6 8 11 4 4 5 10 7 10 2 8 7 7 7 9 8 7 1 11 4 4 4 4 5 7 11 11 5 4 4 4 3 5 7 7 11 11 2 5 9 7 8 4 11 4 4 4 11 4 5 4 4 4 4 4 4 4 4 4 4 5 11 4 4 2 11 4 4 4 4 4 4 4 4 4 4 11 3 2 3 4 4 4 4 4 4 4 4 4 1 3 5 10 7 8 11 11 2 5 9 5 7 11 4 11 2 3 5 0 9 7 7 7 8 4 10 10 2 6 7 8 7 7 7 10 10 2 8 11 4 4 4 4 4 4 4 4 3 4 5 4 1 9 8 11 4 4 11 2 5 9 7 8 4 4 4 4 4 4 4 4 11 4 4 11 4 5 4 5 1 4 3 4 4 4 4 4 4 4 4 4 4 4 4 11 4 4 4 4 4 1 4 3 4 5 4 11 4 1 5 9 10 8 7 8 4 10 2 7 9 11 5 5 4 10 2 7 9 10 8 7 7 0 10 8 8 9 4 4 5 10 10 0 6 8 7 7 8 7 11 2 11 9 5 5 7 10 7 8 7 7 7 7 7 7 7 7 7 7 7 7 10 8 1 3 4 10 10 8 7 7 7 7 7 7 7 8 7 7 7 7 7 7 10 7 10 8 7 8 4 4 11 2 4 9 4 10 8 8 1 11 3 5 11 4 4 4 4 4 4 4 11 2 5 9 7 8 10 7 10 7 7 7 7 7 7 7 7 8 7 7 7 7 7 7 7 10 8 8 4 10 2 7 6 10 10 7 8 7 7 8 1 9 8 11 11 5 2 9 7 8 4 4 4 4 4 4 11 4 5 11 4 11 4 4 4 5 4 5 7 10 7 7 8 4 11 11 5 2 9 7 8 1 11 4 4 3 4 4 4 4 4 4 4 4 4 5 4 4 4 11 4 4 11 4 5 2 4 4 4 4 4 4 4 4 4 4 4 4 4 4 11 4 4 3 7 11 5 4 4 5 7 7 7 10 8 4 4 11 4 4 4 4 11 2 3 5 4 4 4 4 11 11 2 5 9 7 7 8 10 10 7 7 7 7 8 2 10 6 10 8 8 4 4 10 10 8 0 6 7 8 10 2 7 7 6 7 7 7 7 7 7 7 7 7 10 10 2 8 11 9 8 8 11 4 4 4 4 4 4 4 4 4 4 4 4 4 4 11 5 4 4 4 5 10 7 7 7 11 5 4 4 4 4 4 4 4 4 4 4 1 5 10 8 11 9 5 4 4 5 7 11 11 5 4 4 4 4 4 5 0 7 7 7 7 9 7 7 7 7 8 10 7 7 7 10 8 2 10 9 8 8 7 7 7 7 10 2 6 11 4 11 5 4 5 4 11 4 4 5 11 4 11 5 4 4 5 11 4 4 4 4 11 2 3 4 4 4 4 4 5 10 0 7 7 7 7 7 7 7 7 7 7 6 7 8 7 10 7 8 4 10 2 7 7 11 9 5 5 7 11 2 3 4 4 4 4 4 4 4 11 11 5 4 4 4 4 11 5 5 4 1 3 11 5 10 7 7 8 7 7 7 7 7 10 7 7 7 7 7 7 7 7 7 7 10 8 7 7 7 7 7 8 4 4 10 10 8 2 9 4 5 10 10 7 7 7 7 7 8 7 7 8 11 4 5 10 10 2 6 7 7 7 7 7 7 7 7 7 7 0 6 8 11 4 5 10 10 7 2 8 10 7 7 7 7 8 11 9 8 7 8 10 7 7 7 7 7 10 7 7 7 8 7 7 8 4 10 10 8 7 8 7 10 7 7 10 8 2 11 4 11 4 4 3 4 5 4 4 4 4 4 4 4 4 4 4 4 4 4 4 4 4 4 4 4 4 4 4 4 5 10 2 7 7 11 11 5 4 5
ppo_q50_b_fd_l4,79,qv18_80,18,153,True,879.25,2.9717676639556885,5 5 7 11 6 11 5 5 7 7 11 11 5 5 7 7 11 11 5 5 7 10 8 11 4 11 5 5 7 7 11 11 5 5 7 10 8 11 4 11 5 5 10 2 9 10 7 8 7 8 11 2 4 11 3 7 11 4 4 5 5 0 9 10 2 8 11 4 5 4 3 4 10 10 8 2 10 8 4 9 10 8 7 7 7 7 8 1 4 4 3 7 11 4 4 10 7 8 2 4 10 7 7 9 8 8 4 4 10 10 8 7 8 4 0 6 11 4 4 4 4 4 5 10 7 8 7 11 11 4 5 5 7 7 11 4 5 7 7 11 11 4 4 5 2 4 11 5 9 10 7 7 7 7 7 2 6 7 7 7 7 8 4 10 2 7 7 7 7 6 7 11 11 5 5 7 11 4 5 4 4 4 4 4 11 4 5 11 4 4 5 4 4 4 10 10 7 7 7 2 8 7 10 7 8 7 6 4 10 7 7 7 7 7 8 11 2 6 7 11 11 2 5 11 4 9 4 5 5 7 11 4 11 5 5 4 11 5 0 7 7 7 7 7 7 7 10 8 9 11 5 5 7 7 11 4 5 10 10 2 8 11 5 4 4 11 11 3 5 4 4 5 7 7 7 10 2 7 7 7 7 7 10 7 6 7 8 7 11 1 4 4 4 4 5 9 7 11 2 4 4 5 4 4 3 11 11 2 4 5 10 6 7 7 10 8 7 7 7 8 1 9 8 4 10 7 7 8 4 10 10 7 7 7 2 8 4 10 6 8 11 11 5 5 7 7 11 11 2 5 4 4 3 4 4 4 4 11 4 4 4 4 4 4 5 11 1 9 8 8 7 10 8 4 10 7 8 0 9 10 8 7 8 4 0 9 8 4 10 7 7 7 7 10 2 6 7 7 8 7 7 7 11 2 9 11 5 4 4 4 1 9 4 5 4 4 5 10 2 7 11 9 5 4 5 10 7 7 11 4 5 5 7 11 11 2 3 5 10 7 8 11 4 10 7 7 7 7 7 8 8 4 10 7 8 1 11 9 5 4 4 5 7 11 11 5 7 7 8 7 7 10 7 7 7 7 7 7 7 7 8 7 11 2 11 3 11 4 5 5 4 4 4 4 1 9 5 11 4 11 2 4 3 5 0 10 6 8 4 10 7 7 10 8 2 4 10 9 8 8 4 4 10 2 9 10 8 8 1 11 4 4 3 5 7 7 11 11 4 2 4 5 4 4 4 11 9 5 4 5 0 6 7 7 7 7 10 7 7 8 7 7 7 7 7 7 7 7 10 7 10 7 8 2 9 4 4 5 4 4 11 4 5 7 7 11 11 2 3 4 5 4 4 11 4 1 4 4 3 5 10 10 2 6 8 11 11 2 6 7 7 8 1 9 8 7 7 7 10 7 7 11 2 6 8 7 7 7 7 10 8 7 11 2 6 11 4 5 7 7 11 11 5 5 4 4 4 11 4 4 4 4 2 9 5 11 4 4 4 5 10 10 8 8 4 10 2 9 8 4 10 10 8 7 7 7 8 10 7 7 7 7 7 7 8 11 4 4 4 1 4 4 3 4 4 4 4 4 4 4 4 4 4 4 5 7 11 11 4 5 2 4 4 4 4 4 4 4 4 4 4 4 4 4 4 4 4 4 4 4 4 4 4 4 4 4 4 11 4 5 9 7 11 4 4 4 5 4 4 4 4 4 5 4 0 9 10 7 8 4 5 10 7 7 7 8 0 9 5 10 7 10 7 7 8 4 10 8 2 11 4 4 3 5 10 10 8 1 4 4 3 5 10 7 7 8 11 4 11 4 4 4 4 4 2 3 5 7 7 11 11 5 5 7 7 11 11 4 5 2 10 7 7 6 8 7 7 7 10 0 7 7 8 4 10 8 7 7 6 7 11 11 5 5 4 4 4 4 4 4 4 4 10 2 9 7 8 11 11 5 4 4 4 4 5 7 11 4 11 5 4 5 0 4 9 4 4 10 7 2 8 4 10 9 8 7 7 7 7 7 7 7 8 1 4 11 4 5 10 7 7 7 9 8 7 8 4 4 10 10 8 4 2 9 5 10 10 8 8 4 10 7 8 7 1 11 3 5 1 4 4 4 9 4 11 5 5 10 0 7 7 7 7 7 8 7 10 7 8 7 7 11 11 4 5 5 11 11 4 4 4 4 4 4 4 4 5 4 4 4 4 5 10 7 7 7 8 10 7 8 11 3 4 4 4 11 4 5 5 10 0 8 7 7 10 7 7 7 6 8 11 11 2 3 4 5 10 2 7 11 9 5 5 11 4 11 5 5 0 9 7 7 8 7 10 10 2 7 7 7 7 7 8
ppo_q50_b_fd_l4,80,qv18_81,18,154,True,876.0,3.506260633468628,5 5 7 7 7 4 7 4 7 11 11 4 5 5 7 9 11 5 5 10 2 7 11 3 7 11 5 5 10 2 10 7 8 6 7 11 4 11 4 4 4 5 5 10 2 7 11 3 7 11 5 5 10 7 11 2 5 7 11 9 4 5 7 8 11 11 5 5 7 7 11 11 5 5 0 10 8 4 10 7 6 11 2 5 4 3 10 7 10 7 8 7 7 7 7 7 7 7 7 7 7 7 8 11 1 4 11 4 5 3 4 5 4 4 4 1 9 5 7 11 2 4 4 4 4 4 4 9 10 0 8 8 11 4 5 10 10 7 6 7 7 8 8 11 4 5 10 10 7 8 7 7 8 0 9 5 10 10 7 8 2 9 8 11 11 5 2 10 8 4 9 10 7 8 7 8 11 4 4 4 4 4 4 4 4 4 4 4 4 4 4 5 4 0 7 7 6 7 7 7 10 7 7 8 11 2 3 7 11 11 2 5 3 11 4 4 10 2 8 9 4 5 10 7 7 10 7 7 7 8 8 1 4 4 3 11 4 4 11 4 5 1 3 5 10 7 8 11 11 4 5 2 4 3 4 10 10 8 7 7 7 7 7 8 1 11 4 5 3 10 10 7 7 8 7 8 11 4 2 9 11 2 5 3 7 11 5 10 7 10 7 8 8 11 2 11 3 4 5 10 7 10 7 7 8 8 4 10 10 8 0 6 8 4 10 7 10 8 8 11 4 4 5 10 7 10 8 2 11 4 4 5 9 5 11 4 11 2 3 5 10 7 8 11 4 4 4 4 4 4 5 4 4 4 11 11 5 2 3 10 7 7 7 7 8 4 10 7 10 7 7 8 7 7 7 7 7 7 7 7 8 11 1 4 4 4 4 4 3 4 4 5 10 7 11 5 5 7 1 9 5 7 11 4 4 4 4 4 4 10 8 2 4 10 7 6 4 10 2 6 7 7 8 7 11 4 4 5 10 7 10 8 8 11 4 10 8 2 10 10 7 7 6 7 7 7 7 8 8 4 11 4 4 2 4 10 9 8 7 8 11 4 2 9 11 5 5 10 0 8 9 4 10 8 8 4 1 3 7 11 4 5 1 4 4 4 4 11 5 4 9 4 5 7 11 11 4 4 4 5 2 3 10 10 7 8 7 7 7 7 7 7 8 4 10 7 8 4 10 10 8 7 7 8 4 10 7 8 7 11 11 5 2 9 7 7 8 11 4 11 5 4 5 4 4 4 4 4 11 4 4 4 4 4 4 5 10 10 2 8 4 3 10 7 7 8 4 4 4 10 7 10 8 7 8 4 4 4 10 7 10 8 8 4 10 8 7 7 7 7 1 9 11 4 5 4 4 1 4 4 4 4 5 9 7 8 11 11 4 4 5 7 8 11 2 4 4 3 4 10 10 8 7 7 7 7 7 8 11 4 4 5 4 4 10 7 10 7 7 7 2 6 7 7 8 10 7 10 7 8 7 7 7 8 7 11 11 5 2 9 5 10 7 7 8 11 4 11 5 4 4 5 4 11 4 11 2 3 5 7 11 1 4 4 3 4 5 10 2 6 4 10 10 7 8 8 4 4 10 10 8 7 7 8 1 3 4 11 4 4 4 4 4 5 7 11 4 4 10 2 8 11 5 3 10 10 7 7 2 7 6 7 8 1 4 11 5 7 11 4 4 4 5 3 10 10 7 8 7 7 8 11 4 4 4 5 10 10 7 7 7 7 7 8 8 10 10 2 6 8 4 4 10 10 8 7 7 7 7 7 8 11 2 3 11 4 4 4 4 4 4 4 4 4 4 5 7 7 11 11 2 5 10 8 6 10 7 8 4 4 4 1 9 8 11 11 4 5 2 10 9 8 4 4 4 5 7 11 2 4 4 3 4 4 4 10 10 7 7 8 7 7 7 7 0 7 8 7 6 10 7 8 7 7 7 10 7 10 8 8 4 11 4 5 4 1 4 4 4 4 4 9 11 2 5 11 4 9 5 5 7 7 11 11 2 6 4 4 4 5 11 2 4 3 10 10 7 7 7 8 7 7 7 7 7 8 4 10 2 9 8 7 10 10 7 8 7 7 7 8 1 9 4 4 5 4 4 4 4 4 1 3 4 4 4 4 11 4 5 10 10 8 2 11 5 10 9 8 8 4 4 10 0 6 7 10 7 8 8 4 11 2 4 10 9 8 4 4 4 5 7 7 7 10 7 7 7 7 7 7 7 7 8 7 11 11 2 5 11 11 4 4 4 4 4 5 5 4 11 11 4 4 4 5 4 9 5 4 4 5 7 11 4 4 10 8 2
ppo_q50_b_fd_l4,81,qv18_82,18,153,True,857.75,6.153938055038452,5 5 7 11 6 11 5 5 10 7 8 11 11 4 5 5 7 7 11 11 5 5 10 7 8 11 11 4 4 5 7 8 11 11 5 5 7 7 11 11 5 5 10 2 10 9 8 7 7 7 8 11 2 4 3 7 11 4 1 4 9 4 5 5 0 9 10 8 2 9 8 4 4 10 10 8 8 11 2 11 5 4 4 4 4 3 4 10 10 8 7 2 9 8 4 10 7 10 7 7 7 2 8 9 8 4 4 10 10 7 7 8 8 1 11 4 5 9 5 7 7 11 11 4 4 4 2 5 4 4 3 4 11 4 5 4 10 10 7 7 7 7 8 7 7 7 7 8 4 10 7 7 7 7 7 7 7 7 11 5 2 7 11 3 7 11 5 5 7 10 8 11 4 11 2 3 4 4 4 4 5 7 11 4 4 4 10 2 8 11 5 11 4 5 7 11 4 5 3 10 10 8 7 7 8 4 10 10 7 0 8 8 7 7 6 10 8 1 4 9 11 5 5 4 4 10 7 11 5 5 7 7 11 11 2 3 5 10 0 8 7 6 10 10 7 8 7 7 8 11 4 2 3 4 10 10 8 7 8 11 2 9 4 1 4 3 5 4 4 1 9 4 11 4 4 5 4 5 0 7 9 7 8 4 4 10 10 8 4 4 4 5 10 7 7 7 8 4 0 7 9 7 8 7 10 10 7 7 7 8 8 1 11 5 3 10 10 2 8 9 4 5 10 7 8 11 4 4 4 4 5 7 11 4 4 11 4 4 4 4 2 4 4 5 10 8 6 4 10 10 8 8 7 7 7 7 7 7 7 7 10 8 7 11 11 4 4 5 5 0 9 5 10 10 8 8 4 4 10 10 2 8 11 5 9 10 8 8 7 7 7 7 10 7 7 7 7 7 7 7 7 7 7 7 7 7 0 7 7 7 7 7 10 7 7 7 7 8 6 7 8 7 10 7 7 10 2 7 8 11 4 5 10 7 7 6 7 7 7 7 7 8 4 10 2 6 7 7 7 10 7 11 2 5 7 11 11 4 4 4 4 3 4 4 4 5 4 5 10 7 7 7 7 8 11 5 4 11 11 5 11 5 5 4 4 4 4 4 10 10 8 8 11 2 11 5 7 7 7 6 10 7 7 7 8 11 11 2 5 7 7 6 7 7 0 6 7 11 4 10 8 8 10 7 7 7 7 7 10 8 2 11 5 4 3 4 4 11 4 11 4 2 4 5 7 6 11 11 5 4 4 4 4 4 4 4 5 10 2 10 9 8 7 7 7 7 8 7 7 7 10 7 7 8 10 7 10 2 8 11 3 4 4 4 5 4 4 4 4 4 4 1 9 5 10 8 11 4 4 4 11 2 5 7 11 3 7 11 5 4 5 4 4 4 11 4 11 2 5 9 7 8 11 4 4 4 4 4 4 4 4 4 4 4 4 4 4 4 4 4 4 4 1 9 8 4 5 11 4 11 2 4 4 4 4 5 9 4 5 4 4 11 5 4 11 11 4 5 4 4 4 4 4 4 4 4 4 5 10 2 7 6 11 11 2 3 4 4 4 4 4 4 5 4 4 4 4 4 4 4 4 4 4 4 4 1 11 9 8 4 4 5 10 7 7 8 11 11 4 4 4 5 4 4 4 4 5 0 7 7 7 7 10 7 8 7 7 9 7 7 11 5 2 7 11 3 4 11 4 5 7 8 4 10 8 11 4 11 5 4 4 4 4 11 5 4 4 4 5 4 4 4 1 9 8 11 4 4 4 4 11 4 4 2 3 5 7 10 7 10 7 7 7 7 8 7 7 7 7 7 7 7 7 7 7 8 11 5 11 1 4 4 4 3 4 5 4 4 4 11 4 4 5 4 10 2 9 10 8 7 8 10 2 10 6 10 7 7 7 0 6 8 8 7 7 7 7 0 10 8 7 6 11 4 1 9 8 4 5 10 7 7 8 7 7 11 5 4 10 7 11 5 4 4 4 4 4 4 5 7 0 10 9 8 4 5 10 7 7 7 8 4 10 10 7 7 7 8 2 11 5 9 4 4 5 4 11 4 11 5 5 4 4 4 4 11 5 0 9 5 10 7 7 7 7 7 7 10 2 6 7 7 8 10 2 6 4 10 8 10 8 7 7 7 7 7 7 7 7 7 7 7 7 7 7 7 7 0 9 10 7 7 2 8 9 8 7 7 7 0 6 7 7 7 7 7 10 7 7 0 7 7 7 7 6 7 8 4 4 10 10 2 8 9 4 5 7 7 11 11 5 4 4 4 4 11 5 5 7 7 11 11 5 5 7 11 11 2 3 5 11 4 11 5 7 2 9 7 8 7 10 10 8 2 4 10 6 10 2 8 4 9 10 8 8 7 7 10 10 7 7 7 0 8 6 7 7 7 7 7 7 7 7 7 7 7 7 7 7 7 7 7 7 7 8 7 7 7 10 7 8 4 4 10 2 7 7 11 11 5 5
ppo_q50_b_fd_l4,82,qv18_83,18,153,True,849.5,2.161853075027466,5 5 7 11 9 5 5 10 7 8 11 11 4 5 5 7 7 11 11 5 5 7 7 11 11 4 5 7 8 11 11 5 5 10 7 8 11 11 4 5 5 10 7 8 11 11 4 5 5 7 7 11 11 5 5 7 10 2 9 4 4 10 8 8 4 4 10 10 8 8 4 4 10 10 2 6 8 4 4 10 10 2 6 7 7 7 8 1 4 4 3 11 5 0 7 10 6 4 10 2 7 6 8 1 9 4 5 10 7 11 5 5 7 7 11 11 4 4 5 4 4 4 5 7 11 4 4 4 10 2 8 9 4 10 8 7 8 11 4 4 4 5 10 7 10 8 7 7 8 4 10 10 8 2 4 10 8 4 10 7 7 7 6 4 10 8 8 4 4 10 10 2 8 9 4 4 5 7 11 4 4 4 4 4 4 5 7 11 4 4 4 4 10 2 8 6 4 10 8 4 10 7 7 7 7 8 7 7 7 7 10 7 7 11 5 2 9 4 5 7 11 4 4 5 7 11 11 2 3 4 4 4 4 4 4 4 4 5 10 8 4 0 7 10 6 7 7 7 8 7 11 11 5 2 9 7 7 7 8 11 4 5 4 10 10 7 2 7 8 9 4 5 10 10 7 8 8 11 1 5 7 11 4 3 5 10 7 11 5 5 7 7 11 11 4 2 5 3 7 11 11 5 4 5 7 7 7 11 4 11 5 5 0 9 5 7 10 7 7 8 7 7 7 7 7 7 7 7 7 7 7 7 10 8 7 11 11 2 4 3 5 10 7 8 4 4 10 7 8 11 11 2 3 5 10 7 11 4 5 5 0 10 7 7 6 7 8 7 11 2 11 3 11 4 5 7 1 4 4 5 9 4 5 10 7 10 8 4 4 5 7 11 4 5 10 7 7 7 10 8 7 8 1 3 7 11 11 4 4 2 5 7 11 5 3 4 11 4 4 4 10 8 7 8 7 7 10 7 7 7 8 4 10 2 7 6 4 10 7 10 7 8 2 11 5 9 7 11 2 5 7 11 9 4 5 4 4 4 4 4 5 10 2 4 11 3 11 4 4 4 4 5 5 7 7 11 2 9 4 10 8 8 11 4 5 7 7 7 7 10 7 7 7 7 7 8 4 10 7 7 7 7 7 11 5 2 10 7 8 9 7 8 7 7 7 11 11 5 4 4 4 4 5 10 8 7 7 10 7 8 11 11 4 4 4 4 4 4 5 7 8 11 4 4 4 5 7 11 5 7 11 11 4 5 4 4 5 0 9 7 8 7 11 4 10 8 7 7 7 7 8 7 0 6 7 0 10 8 6 11 11 5 2 3 10 7 7 7 7 7 7 7 11 2 5 10 8 11 9 5 4 4 5 7 11 4 11 4 4 4 5 5 10 7 7 8 11 11 4 5 1 4 4 4 4 4 5 7 11 9 5 5 7 7 11 2 4 4 4 4 4 4 4 4 4 4 4 4 9 4 4 4 4 4 4 4 4 4 4 4 4 4 4 4 4 4 4 4 4 5 10 7 8 11 11 4 5 4 4 4 4 4 5 4 10 10 8 2 9 7 8 11 4 11 4 4 4 4 5 4 4 5 10 7 7 0 8 9 10 2 6 7 7 7 8 4 10 7 7 10 8 2 9 8 1 11 5 7 6 11 11 4 2 3 5 7 7 11 11 4 5 4 4 4 1 4 9 4 5 5 7 11 2 11 9 5 5 7 0 9 7 7 7 7 7 8 11 4 5 7 11 4 5 10 10 7 2 6 7 7 7 7 7 8 11 2 9 4 10 8 7 7 8 4 10 7 7 7 8 7 11 11 5 2 7 11 4 9 4 5 4 4 4 4 4 11 4 5 0 7 7 8 11 5 4 4 9 4 4 5 7 11 4 4 4 4 10 2 8 11 5 4 10 10 7 8 8 4 10 7 9 8 7 7 8 7 11 4 5 4 4 10 2 9 10 7 7 8 7 7 7 7 7 0 7 7 6 8 11 11 4 5 4 5 10 8 7 11 11 4 4 4 4 5 7 8 11 2 11 4 4 4 4 4 4 4 4 5 10 10 8 6 8 4 4 10 10 7 7 7 0 8 6 7 8 4 10 8 4 10 7 7 7 7 7 7 7 11 5 2 9 4 5 4 4 4 4 4 4 4 10 7 8 11 11 2 3 4 5 4 11 4 5 4 1 4 9 4 5 7 11 4 4 10 8 2 4 10 7 7 7 9 8 8 4 10 10 8 8 10 7 10 7 7 7 7 7 7 8 7 8
ppo_q50_b_fd_l4,83,qv18_84,18,158,True,881.25,8.812251567840576,5 5 7 11 9 5 5 7 7 11 11 5 5 7 7 11 11 5 5 0 10 8 6 11 11 5 2 7 11 3 7 11 4 5 7 8 11 11 4 4 5 5 10 2 10 9 8 8 4 10 8 1 4 11 5 9 7 11 4 5 5 7 7 11 11 4 5 0 8 9 8 4 4 10 10 8 8 4 4 10 10 7 7 2 7 7 8 9 4 10 2 6 7 7 8 7 7 7 7 7 11 11 5 5 7 1 4 11 4 4 4 4 5 7 11 4 4 4 4 3 5 10 10 2 7 7 8 6 4 10 8 4 10 7 10 7 8 8 1 11 4 3 4 4 5 11 2 4 3 10 7 7 10 7 7 7 8 2 9 8 4 4 10 10 8 8 11 1 3 4 4 5 7 11 4 4 4 5 7 11 5 7 1 4 4 4 3 4 4 10 10 0 6 8 7 8 4 10 7 7 8 4 10 7 7 10 7 7 7 8 8 10 2 6 7 7 11 4 11 5 2 9 7 8 11 4 4 11 4 4 4 4 2 3 4 4 5 7 11 4 5 4 11 11 5 2 9 5 10 7 7 7 7 7 7 8 1 4 11 3 10 7 8 7 7 7 7 7 8 4 10 10 8 7 7 7 7 8 11 4 2 4 11 4 4 4 3 4 11 5 4 5 10 2 7 10 6 8 11 11 5 5 7 7 11 11 5 2 4 4 9 4 5 7 11 4 1 9 5 5 7 10 7 7 7 8 11 5 10 7 7 10 7 7 7 8 2 7 10 6 10 8 8 7 1 11 4 5 4 4 3 4 4 4 11 4 4 4 4 4 4 5 4 10 2 3 10 10 8 8 11 4 10 8 2 11 9 5 7 8 7 7 7 7 7 7 7 7 11 5 10 2 7 7 11 9 5 4 4 5 10 7 7 2 7 7 7 10 7 10 7 7 6 8 8 4 11 2 6 11 11 5 2 7 6 11 4 5 4 11 4 4 4 1 4 4 4 3 4 5 4 11 4 4 5 4 10 10 8 2 10 9 8 8 4 10 2 10 9 8 0 7 6 7 8 4 10 2 9 7 8 4 10 7 7 7 7 10 8 8 11 2 11 5 7 11 11 4 5 4 4 3 5 10 7 11 5 5 10 7 11 5 4 4 4 4 4 5 11 4 11 2 3 5 7 10 7 8 7 7 7 10 8 4 10 7 10 2 7 7 7 8 9 8 4 10 10 2 7 8 9 4 4 4 5 7 11 11 4 4 4 4 4 4 4 5 4 5 10 0 7 6 7 7 8 1 4 4 4 11 9 5 5 7 11 2 11 4 9 5 0 8 7 7 10 7 7 8 9 4 10 8 8 4 10 10 7 2 6 8 4 10 7 7 7 10 7 7 8 2 9 4 5 7 11 5 7 11 4 4 5 7 11 4 4 11 5 2 7 11 5 9 10 8 4 4 5 10 7 10 7 2 6 7 7 7 7 8 7 7 7 11 2 11 3 11 4 5 4 4 2 9 4 4 5 4 4 11 4 4 5 0 9 10 7 7 8 8 10 7 7 8 1 11 9 5 4 4 1 3 5 10 7 8 11 11 4 4 5 5 7 11 4 2 3 4 10 10 8 8 11 4 5 10 10 2 6 7 7 8 7 7 10 7 10 2 8 4 10 6 7 7 7 7 10 2 6 8 11 4 5 7 11 4 4 11 5 4 4 4 5 10 7 7 0 7 7 8 7 6 10 8 7 7 7 7 4 7 11 4 4 4 1 9 5 4 5 11 4 11 5 4 4 4 5 4 4 4 4 11 1 3 10 8 8 4 4 10 10 8 7 7 7 7 8 4 4 10 7 8 11 1 4 4 4 4 4 4 4 5 7 11 4 4 3 10 8 2 9 8 11 4 10 7 7 7 7 7 2 7 8 4 9 10 8 8 11 4 5 10 10 8 7 7 7 7 7 7 8 10 7 7 11 4 2 4 4 5 9 7 7 8 11 11 4 4 4 5 4 5 10 8 4 4 11 4 4 1 4 3 4 5 10 7 10 7 8 8 4 4 10 10 8 8 4 4 10 10 8 7 7 7 8 11 2 11 4 4 4 5 3 10 7 7 10 7 8 7 7 8 4 4 10 10 8 2 10 6 4 10 8 7 7 7 8 7 7 7 7 7 7 7 7 7 7 7 7 7 7 7 7 7 7 7 7 7 7 10 7 7 7 8 4 10 2 9 8 11 4 5 4 11 4 4 10 7 8 4 5 10 0 8 9 10 8 7 8 11 2 4 4 3 10 10 7 8 8 10 7 7 7 10 7 7 7 7 8 4 4 4 4 4 4 4 4 4 4 4 4 4 4 4 4 4 5 7 11 2 3 4 10 10 8 8
ppo_q50_b_fd_l4,84,qv18_85,18,156,True,885.75,8.496793508529663,5 5 7 11 3 7 11 5 2 7 11 9 5 5 10 0 7 6 8 11 1 3 7 11 5 5 7 7 11 11 5 5 10 7 7 7 7 8 11 4 5 7 11 4 11 4 5 5 10 7 8 11 11 4 5 5 7 7 11 11 5 5 7 7 11 2 11 9 5 5 7 10 7 7 8 11 4 4 4 11 5 5 10 2 10 7 7 6 7 7 7 7 7 7 8 7 7 7 7 7 7 7 11 11 4 4 8 8 11 11 5 2 10 8 11 4 4 3 11 4 5 2 7 11 9 5 5 7 7 11 4 5 10 0 9 8 7 8 11 5 4 10 10 8 7 0 7 8 7 6 11 4 11 4 8 4 5 10 0 7 7 7 6 8 7 7 7 7 7 7 7 7 7 10 7 7 7 7 7 7 7 7 7 7 7 7 7 7 7 7 7 7 10 7 0 8 7 8 9 4 5 10 10 8 7 8 4 0 9 8 7 7 7 0 7 7 9 7 8 4 10 7 7 7 11 2 5 7 6 7 7 7 11 4 4 11 4 5 4 5 4 4 4 4 4 4 11 4 4 4 5 10 2 10 10 8 6 8 11 4 10 2 7 7 6 8 1 11 5 4 4 4 4 4 4 3 7 11 11 2 5 9 7 8 4 10 7 7 8 4 10 7 10 7 7 7 8 8 11 4 2 11 9 5 0 6 7 7 8 7 7 7 7 10 2 6 7 11 11 2 5 11 4 4 9 5 4 4 4 4 4 5 10 8 0 7 6 7 7 10 8 4 10 7 7 7 7 7 8 7 7 7 7 7 10 10 8 2 11 4 5 10 9 8 8 11 2 9 11 5 4 4 4 4 4 4 4 4 5 10 2 6 11 4 11 4 5 5 7 7 11 2 11 4 4 4 11 4 4 5 4 4 4 9 5 5 4 11 11 2 5 9 7 8 4 4 10 10 8 8 11 4 4 5 4 10 10 8 7 8 10 10 2 6 8 7 7 1 9 5 4 11 4 4 4 4 4 4 5 11 4 4 4 4 4 4 4 4 4 4 4 4 4 4 4 1 4 9 8 8 11 4 4 4 4 4 4 4 4 4 4 4 5 0 7 10 7 7 7 7 7 7 7 7 7 9 8 7 7 7 7 7 7 7 7 7 7 7 7 7 7 7 7 7 8 1 9 8 10 10 7 8 7 8 10 10 8 7 8 11 1 4 4 3 4 5 11 2 11 4 5 4 4 3 10 10 7 7 7 2 7 8 10 7 7 7 10 6 8 8 7 10 0 7 9 8 8 1 4 10 9 8 7 7 8 7 7 7 7 7 7 10 10 8 2 7 7 7 7 7 7 7 7 7 7 7 7 7 7 7 7 7 7 7 7 7 7 6 7 7 7 10 8 1 4 4 4 11 4 5 10 10 8 8 10 6 4 10 2 6 7 7 7 7 7 8 11 2 11 4 4 4 3 4 10 7 7 7 7 7 7 7 8 8 10 7 7 7 8 7 7 7 10 2 7 6 11 4 4 4 4 4 11 4 5 5 4 11 1 3 5 10 10 2 6 7 8 4 10 2 9 7 11 5 5 10 7 8 11 11 5 4 4 4 4 4 4 4 4 5 4 4 4 11 4 5 4 7 4 7 4 7 4 7 4 7 4 10 0 9 8 8 11 4 10 2 8 4 10 10 8 6 7 7 7 7 7 7 7 8 10 7 8 7 10 10 8 7 7 2 9 10 8 7 7 8 10 7 7 7 7 7 7 7 7 7 7 7 7 7 7 7 0 7 7 8 7 6 7 7 7 7 7 7 7 7 7 7 0 9 7 7 7 8 1 11 9 5 5 7 11 5 0 7 10 8 6 10 10 8 2 4 4 3 10 7 7 7 8 10 2 10 10 6 7 7 8 7 8 7 7 7 7 7 7 7 11 1 9 8 8 7 7 7 7 7 7 10 7 7 10 8 7 7 7 8 11 4 4 4 4 4 5 10 8 7 7 7 10 7 7 8 7 10 7 7 7 7 7 7 7 7 7 7 11 4 2 4 5 3 4 4 4 4 1 4 4 11 4 3 5 10 10 8 2 9 8 11 4 5 10 10 7 7 2 6 7 7 7 7 7 7 7 7 7 7 7 7 7 8 11 2 6 11 11 5 4 5 7 11 4 4 11 4 4 4 4 4 5 4 5 4 4 4 4 11 2 4 4 10 9 4 4 5 4 5 0 9 7 7 10 8 2 9 10 8 8 4 10 7 8 7 7 7 7 7 7 10 7 10 7 7 7 8 7 7 7 8 10 2 6 11 4 11 4 4 5 4 4 5 10 7 2 7 7 10 6 11 2 5 4 4 11 3 4 5 4 4 4 4 4 11 11 5 2 11 4 4 4 3 4 5 10 2 10 10 7 8 8 6 7 7 7 7 7 7 7 7 0 9 7 7 8 10 10 7 8 7 7 7 7 8 7 11 4 10 2 8 11 3 4 4 4 5 11 11 4 4 4 4 5 5 11 5 10 7 7 7 7 7 7 8 11 4 4 4 11 4 2 5 9 5 4 11 11 2 3 5 11 11 4 4 4 4 4 5 1 4 9 5 4 4 4 4 4 4 4 4 4 4 4 4 4 4 4 4 4 4 4 4 5 10 2 7 11 9 5 4 5 7 11 4 4 4 4 5 11 7 10 7 7 7 7 8 8 4 10 10 8 8 7 7 7 7 7 7 7 7 10 7 10 7 7 7 7 7 7 7 2 7 7 8
ppo_q50_b_fd_l4,85,qv18_86,18,151,True,838.0,3.8315305709838867,5 5 7 11 4 4 9 5 5 10 7 7 7 8 7 11 11 5 5 7 11 11 4 5 5 7 7 11 11 5 5 7 7 1 9 11 4 5 7 8 11 2 11 9 4 4 5 5 7 7 11 11 4 5 0 8 9 8 4 4 10 10 7 8 8 11 4 5 10 10 8 4 0 7 7 7 8 9 4 10 7 8 8 11 2 11 3 7 11 4 2 3 5 0 10 9 8 4 5 10 7 7 7 7 7 7 10 8 2 11 5 7 11 3 7 11 2 3 5 7 11 5 7 11 4 11 4 4 4 5 7 7 8 11 2 9 7 8 11 4 4 4 10 8 4 4 5 10 2 7 10 6 8 4 4 10 10 7 7 8 7 7 7 8 7 7 7 7 11 11 5 2 9 5 11 5 7 7 10 7 8 11 11 4 2 3 4 4 5 7 7 11 4 11 4 4 4 4 4 4 4 5 5 0 9 7 8 4 4 10 7 8 4 4 10 10 2 6 7 7 7 8 4 10 2 9 7 10 2 6 7 7 8 4 10 7 7 7 7 11 2 5 10 8 7 7 7 7 7 7 7 7 7 7 7 7 7 7 7 10 7 10 7 7 7 7 7 7 7 7 7 7 7 8 8 9 8 4 10 7 8 4 0 6 4 10 10 2 7 8 9 1 9 5 4 4 4 4 5 4 11 2 4 4 4 4 4 4 4 4 4 4 10 7 7 7 7 7 7 7 7 7 7 7 10 8 8 7 7 10 7 7 7 8 7 7 10 7 8 11 11 4 4 4 4 5 5 10 7 7 8 9 7 8 4 4 10 10 7 2 6 8 4 10 7 7 2 7 7 11 11 5 5 3 11 4 5 10 7 7 7 7 7 8 11 11 4 4 4 5 4 5 11 11 4 5 4 5 7 11 4 4 4 4 4 4 5 10 10 8 7 10 8 7 8 11 4 4 4 2 11 4 5 3 10 10 7 7 7 7 8 7 8 4 4 4 11 5 10 7 10 8 7 7 7 7 7 7 7 7 8 1 11 9 8 8 7 11 4 11 5 4 5 10 7 7 8 11 11 4 4 5 2 4 4 11 4 4 3 4 4 4 4 4 4 4 4 4 4 4 4 11 4 5 4 5 7 11 11 5 2 9 7 8 7 7 7 7 7 7 7 7 7 7 7 10 7 8 4 10 10 8 8 4 10 10 2 8 11 5 9 10 8 7 8 7 7 10 7 10 2 8 7 10 6 10 7 2 8 9 8 7 7 7 7 7 7 7 7 7 7 7 7 7 7 0 9 10 8 2 9 7 7 7 8 7 7 7 7 10 10 8 8 4 4 4 4 11 4 4 4 4 4 4 4 4 5 4 11 11 4 4 4 4 4 4 4 4 4 4 4 4 4 4 5 2 4 4 4 3 11 5 7 7 7 11 4 11 5 4 4 4 4 4 4 4 5 4 10 2 7 11 9 5 5 4 1 9 4 5 7 11 4 4 4 4 4 4 4 4 4 4 1 4 3 5 10 10 8 8 7 7 7 7 7 7 7 7 7 7 7 10 8 7 7 7 7 7 7 7 10 7 10 8 7 7 8 11 2 3 4 4 4 4 4 1 9 11 5 5 4 1 9 5 7 11 11 4 4 5 5 10 0 7 6 8 11 11 5 7 7 7 8 7 7 7 11 1 3 4 4 5 10 7 10 7 8 7 7 7 8 11 2 4 4 3 10 10 2 8 4 10 9 7 8 4 5 10 2 10 10 6 7 7 7 7 8 8 1 9 8 11 4 4 4 4 4 4 4 4 4 5 7 11 4 4 4 4 4 4 4 1 9 4 5 0 8 9 8 7 7 7 0 9 0 8 4 10 7 7 6 7 8 11 4 11 4 4 4 5 2 9 7 8 11 11 5 4 5 0 9 7 7 7 7 8 4 10 7 7 7 7 7 7 7 10 8 7 7 7 8 4 10 7 2 9 11 5 4 5 11 11 2 5 11 4 4 4 3 5 7 7 11 11 2 5 7 11 9 5 4 4 4 5 10 2 10 9 8 4 4 5 10 7 7 7 7 7 8 7 7 10 10 8 7 7 8 10 2 10 10 8 7 7 7 7 7 7 7 7 7 7 7 7 7 7 6 8 7 7 7 7 7 7 7 7 10 10 2 8 10 9 7 7 8 4 5 10 2 10 7 7 7 7 7 7 7 7 7 7 6 7 7 7 7 8 4 10 7 8 7 11 11 2 4 5 11 3 11 4 4 4 5 4 4 4 4 4 4 4 4 4 5 11 4 11 5 2 9 7 7 7 8 4 10 10 8 8 4 4 10 10 8 2 9 4 5 10 7 7 7 7 7 7 8 1 9 11 5 4 5 4 4 4 4 4 4 4 4 11 5 10 2 3 4 10 10 2 7 8 6 11 11 2 5 10 8 11 9 5 5 7 1 3 10 7 10 7 2 6 7 7 8 7 10 10 7 7 7 7 2 6 7 8 10 7 7 10 7 7 2 8
ppo_q50_b_fd_l4,86,qv18_87,18,152,True,849.5,2.0842015743255615,5 5 7 11 9 5 5 7 7 11 11 5 5 7 10 8 11 4 1 9 5 5 7 7 11 11 5 5 7 7 11 11 5 5 0 10 7 6 11 4 5 2 9 7 11 4 4 5 7 8 11 11 5 5 0 9 10 8 2 11 4 5 4 4 4 4 10 10 8 8 9 7 8 4 4 10 10 7 8 7 7 8 4 10 7 7 8 1 4 4 4 4 3 7 11 1 4 4 3 4 4 5 10 10 7 7 7 8 8 4 4 10 10 7 7 7 7 7 7 8 4 5 10 7 7 8 4 10 2 7 6 7 11 11 5 4 5 4 10 7 11 5 5 10 7 11 4 2 4 5 9 7 8 11 11 4 5 2 10 7 6 7 7 7 7 8 7 1 11 6 11 5 4 4 4 4 5 10 0 7 7 8 9 7 8 11 4 11 4 5 5 7 7 11 11 4 5 5 7 7 11 11 4 5 5 1 4 9 7 8 11 11 2 4 5 3 10 7 7 8 4 10 7 10 7 7 2 6 7 7 7 7 8 7 7 11 2 3 7 11 1 4 5 7 11 9 5 4 4 5 10 0 8 10 7 7 7 6 7 8 7 7 7 7 7 11 11 5 4 4 4 5 10 7 7 7 2 10 6 8 11 11 5 2 10 8 11 4 3 7 11 5 2 4 9 4 4 4 4 4 5 4 10 7 11 5 5 7 7 11 4 4 4 4 4 5 4 11 4 4 10 2 8 7 6 7 7 7 0 7 10 6 8 7 7 7 7 7 10 7 7 8 7 7 7 7 11 11 2 5 10 8 11 9 5 5 7 11 1 4 11 4 3 4 5 5 4 1 9 11 5 2 7 11 4 4 5 3 10 10 8 8 4 7 11 7 7 7 8 11 4 4 4 4 10 2 8 11 5 10 9 8 7 8 4 10 7 7 7 1 9 5 5 7 7 11 2 11 9 5 5 1 4 9 4 5 11 11 5 2 4 10 10 7 6 7 7 8 8 7 7 7 7 7 7 7 0 7 7 7 7 9 8 4 10 10 2 8 6 11 4 5 7 7 11 11 4 4 4 4 5 4 4 4 4 5 4 4 4 4 4 4 4 1 3 10 8 11 4 5 10 7 7 10 8 7 7 7 7 8 10 2 6 10 10 8 7 8 11 4 4 5 7 10 10 2 6 8 11 1 4 4 4 3 4 5 4 4 4 4 11 4 5 7 7 11 11 4 5 4 4 5 0 9 8 11 5 4 10 10 7 2 7 7 8 4 9 7 11 2 4 5 4 4 4 4 4 4 4 4 4 4 4 4 4 4 4 4 4 4 4 9 4 4 4 4 4 4 4 11 2 3 5 7 7 11 11 4 2 3 4 4 5 7 11 5 4 4 4 4 4 4 4 11 11 5 4 4 5 11 1 9 5 7 8 11 4 4 5 4 10 10 8 7 7 8 10 7 7 7 8 7 7 7 10 7 7 7 7 10 7 8 8 4 10 0 7 8 9 11 5 5 7 7 11 11 2 3 4 4 5 7 11 5 4 4 4 4 4 4 4 4 1 4 4 9 4 11 5 2 4 11 5 3 10 10 2 8 4 3 10 7 7 10 7 7 8 7 7 7 8 7 11 2 4 9 11 5 5 11 4 4 5 4 10 10 8 2 6 7 10 10 7 7 8 7 8 7 7 10 7 8 4 4 10 10 8 7 7 7 7 7 7 8 7 1 9 8 11 11 5 4 5 0 7 9 7 8 4 10 8 7 7 7 7 7 7 7 7 7 7 7 7 7 7 7 7 7 7 7 7 10 7 7 0 8 7 7 7 6 7 7 7 7 7 7 7 7 10 7 7 8 10 10 7 8 8 11 2 4 10 9 8 8 10 8 1 4 4 4 3 4 4 4 4 4 4 4 4 4 11 4 11 2 5 7 11 5 3 10 10 8 8 4 10 10 8 2 10 7 7 6 7 7 7 8 7 10 10 7 8 2 6 7 7 7 7 7 7 7 7 7 7 7 7 7 7 7 7 7 7 7 10 10 8 8 11 4 2 10 9 7 8 8 10 2 7 7 7 10 7 7 7 8 7 7 6 7 11 11 4 4 4 4 5 7 2 11 9 5 5 11 2 11 3 4 11 4 2 5 7 7 7 7 7 7 6 7 7 7 10 7 8 10 7 8 7 7 7 7 7 7 7 11 1 3 11 5 4 5 4 4 4 1 11 9 5 7 8 11 4 5 11 4 11 4 4 5 4 4 11 5 5 10 2 7 6 11 11 4 5 2 9 7 8 4 10 7 8 7 7 7 7 7 7 7 7 10 10 2 6 8 11 4 5 0 10 6 4 10 8 8 7 7 10 10 8 2 4 10 10 6 8 8 4 4 10 10 8 2 7 7 7 7 7 7 7 7 7 7 7 7 7 10 10 7 7 7 7 7 7 7 7 8 8 7 7 7 7 4 10 10 7 7 7 7 8 8
ppo_q50_b_fd_l4,87,qv18_88,18,154,True,870.75,8.296019554138184,5 5 7 11 3 7 11 2 5 7 11 9 5 5 7 7 1 11 9 5 5 10 2 7 6 11 11 2 5 7 11 9 5 5 7 7 1 9 11 5 5 10 7 8 11 11 5 2 7 11 9 4 5 7 8 11 11 5 5 7 7 11 11 5 5 0 10 9 8 4 5 10 10 8 8 4 10 7 7 7 7 8 4 10 7 8 7 7 7 7 7 7 7 11 11 2 3 5 10 7 7 8 11 4 11 4 4 5 4 1 5 9 5 0 9 10 7 8 7 8 4 4 10 10 7 7 8 8 7 10 2 7 7 7 7 7 7 10 7 7 7 7 7 7 7 7 7 7 7 7 7 7 7 7 7 7 7 10 7 7 8 8 7 9 7 7 7 7 8 4 10 7 7 8 1 4 4 4 4 4 4 4 4 4 4 4 11 5 10 7 10 7 7 6 7 7 8 7 7 7 7 7 8 7 11 2 11 4 5 9 10 8 7 7 7 8 7 7 7 7 7 11 2 11 11 3 5 4 4 5 7 11 2 3 11 5 7 11 4 4 4 11 5 7 7 8 11 2 6 4 10 8 4 4 4 4 4 10 10 7 7 7 8 7 7 0 7 8 11 9 5 5 10 7 8 11 11 5 5 7 11 4 4 11 5 2 9 5 10 10 7 7 7 2 6 7 8 7 10 7 10 7 8 4 2 10 9 8 8 11 4 4 4 4 11 2 3 4 4 4 4 4 11 5 4 4 5 0 6 4 10 7 7 8 4 4 10 10 8 7 7 7 7 7 8 4 10 7 7 8 10 8 7 7 7 7 7 7 11 4 10 8 8 11 2 11 9 8 4 5 11 11 4 4 4 4 4 4 5 5 4 4 11 11 4 4 4 4 4 5 7 8 11 2 11 3 4 4 4 11 2 5 3 10 10 7 7 7 8 2 10 6 7 7 7 7 0 9 7 7 8 7 7 7 8 10 2 3 10 8 10 10 7 7 7 7 7 2 8 11 4 4 4 4 4 3 4 4 5 7 10 8 11 4 4 4 1 4 4 4 3 7 11 5 5 10 7 8 11 11 4 4 5 4 5 4 10 7 11 5 2 3 11 4 11 4 4 4 5 2 9 7 7 8 4 10 8 7 10 7 7 10 7 8 2 9 4 5 7 7 7 10 8 7 7 10 7 10 8 7 2 10 9 8 7 7 7 8 11 2 9 11 4 5 4 5 10 2 10 7 7 7 6 7 10 7 8 7 7 7 7 7 7 7 7 7 7 7 7 7 7 7 7 7 7 7 10 8 4 5 10 7 8 10 8 1 4 4 4 3 10 7 10 8 7 8 1 3 4 10 10 2 6 7 7 8 11 4 4 4 5 10 7 8 7 7 7 7 10 7 7 7 8 7 10 7 7 10 8 4 4 4 5 7 10 7 7 8 10 10 7 7 8 2 4 4 3 4 4 4 4 4 4 4 4 4 1 4 9 4 5 7 7 11 4 4 1 4 4 4 4 4 4 5 10 8 10 7 7 7 9 7 8 8 11 4 4 5 7 10 7 7 7 7 8 4 10 7 7 7 10 2 6 8 11 11 4 4 4 5 4 5 4 4 11 5 4 10 10 2 8 4 4 4 4 4 4 11 9 5 5 7 11 2 4 3 10 10 8 7 8 11 4 4 5 10 10 7 8 7 7 7 7 7 10 8 7 7 7 7 8 11 2 4 10 7 6 8 4 10 7 8 10 10 2 6 8 11 4 4 4 4 5 4 4 4 4 4 4 11 11 2 3 5 10 7 8 11 1 4 4 4 4 3 4 4 4 5 4 4 4 4 4 4 4 4 4 4 4 11 11 4 4 4 4 4 4 4 4 4 5 4 4 4 5 4 4 4 4 11 4 4 5 10 2 9 7 7 8 10 7 8 7 11 11 4 4 4 4 4 4 5 4 4 4 4 4 4 5 4 10 10 2 8 4 9 10 8 7 8 11 4 4 5 10 10 2 7 8 9 4 4 5 10 7 10 7 8 7 8 7 11 1 4 4 4 4 4 4 4 4 3 4 4 4 4 4 4 5 7 11 2 4 10 9 8 7 8 10 7 7 7 10 7 8 2 7 9 7 8 10 10 7 7 8 8 10 8 11 4 1 4 4 4 4 4 4 3 4 4 4 5 4 10 10 2 8 9 4 5 4 11 4 5 4 4 4 4 4 4 4 4 4 4 4 11 11 4 5 7 7 7 8 0 9 5 10 7 7 7 7 7 7 7 7 7 7 7 7 7 7 7 7 7 7 0 7 8 4 10 7 10 6 7 7 8 7 8 11 2 6 11 4 4 10 2 8 11 5 3 10 10 8 2 9 4 10 8 8 1 4 4 4 3 4 11 4 4 4 11 5 5 7 11 2 4 4 4 3 4 11 4 4 11 4 5 4 4 4 4 4 4 4 4 4 5 1 9 8 11 4 4 4 4 4 4 4 4 4 4 4 4 4 11 2 5 9 5 7 11 11 2 5 4 11 11 5 4 5 7 11 4 9 5 4 5 11 11 4 4 5 4 4 4 4 4 4 4 4 4 4 4 1 9 5 4 5 7 11 11 2 5 11 11 4 4 4 4 4 4 4 4 4 4 4 5 4 4 4 4 5
ppo_q50_b_fd_l4,88,qv18_89,18,159,True,899.5,3.232497215270996,5 5 7 11 3 7 11 5 7 2 11 3 7 11 5 2 7 9 11 5 5 10 7 8 11 11 4 5 5 10 7 8 11 11 4 5 5 7 7 11 11 5 5 10 2 9 10 8 7 7 7 7 7 7 8 4 10 2 7 6 7 7 11 4 11 4 5 5 0 7 6 11 11 4 4 4 4 5 5 7 7 11 4 11 4 4 5 5 7 7 11 11 5 5 10 2 10 9 7 8 8 4 10 8 4 10 7 10 8 7 7 7 8 1 3 7 11 4 5 4 4 4 4 4 11 4 4 4 4 10 2 6 8 11 4 5 10 10 7 2 8 9 8 4 10 7 8 4 10 7 7 10 0 8 4 5 10 7 7 7 8 4 10 9 8 7 7 8 7 11 2 11 9 5 4 4 4 5 10 7 7 8 7 11 4 11 4 5 4 1 3 4 5 4 4 4 4 11 4 4 5 4 10 10 7 8 2 9 4 5 10 10 7 7 8 7 8 7 11 4 4 4 5 7 7 7 0 6 7 10 7 7 7 11 5 2 10 7 8 6 4 10 7 7 8 11 4 11 4 4 5 2 7 11 9 5 5 4 4 1 9 5 10 8 11 4 4 11 4 2 4 5 3 7 11 4 5 4 10 10 7 7 7 8 7 7 8 11 2 6 4 10 7 7 7 7 7 7 7 0 6 8 11 11 5 2 3 11 1 4 3 5 10 10 2 8 9 8 1 4 4 3 4 4 4 4 11 4 4 5 7 11 2 3 4 4 4 4 4 4 4 4 4 4 4 11 4 11 4 4 4 4 4 4 4 4 4 4 4 4 4 4 4 5 4 5 4 4 1 11 4 4 4 4 4 5 9 5 7 11 4 4 10 2 8 9 4 5 10 7 7 7 10 8 2 9 10 8 7 8 11 5 10 7 7 7 8 7 7 7 7 7 7 7 7 7 7 7 7 7 7 7 7 10 10 8 2 10 9 8 4 4 4 4 5 11 2 11 4 4 4 4 11 4 4 4 4 4 4 4 5 4 4 4 4 5 3 11 4 4 5 4 4 4 4 4 4 4 4 1 9 5 11 2 6 4 10 10 8 8 4 0 9 5 4 10 10 8 7 8 7 0 9 8 7 10 10 2 7 8 9 4 5 10 7 10 7 8 8 4 4 1 4 11 3 4 5 11 4 4 4 4 4 1 4 5 3 4 4 4 4 4 4 4 4 4 11 11 5 1 3 4 5 4 11 4 4 11 5 4 4 4 4 4 4 4 4 4 4 4 11 5 4 5 4 10 7 8 11 11 4 5 2 9 4 5 7 7 7 7 7 7 7 7 7 7 7 7 7 7 7 7 7 7 10 7 8 10 10 7 2 6 7 7 7 8 7 11 4 10 8 8 1 11 9 5 4 4 4 4 4 4 4 4 4 5 4 10 2 3 11 11 4 4 4 4 4 4 4 4 4 2 5 7 11 4 3 11 4 4 4 5 5 1 9 8 11 11 5 5 7 11 11 2 4 5 10 7 8 9 7 10 8 7 7 7 7 7 7 7 7 7 7 7 8 11 2 4 10 9 5 5 7 7 11 11 4 8 4 4 4 4 4 4 4 1 9 5 4 4 5 11 2 4 3 4 4 4 4 4 11 4 11 5 5 7 7 11 4 5 4 4 4 11 11 5 2 9 7 7 8 10 10 7 7 7 8 7 7 7 7 7 7 7 7 7 7 8 4 10 10 2 8 9 7 7 8 10 7 7 7 7 7 7 8 4 10 7 2 6 7 7 7 7 7 10 10 7 2 6 7 7 7 10 8 7 7 8 10 8 7 10 10 2 7 7 8 7 7 7 9 10 7 7 7 7 7 7 8 0 7 7 7 7 7 7 7 8 11 4 4 4 5 4 4 4 4 4 4 4 4 4 4 11 3 11 5 4 4 4 1 4 3 4 4 5 0 7 7 10 7 8 7 7 7 7 7 10 8 11 9 5 5 11 2 11 11 4 4 4 4 4 4 3 4 4 5 4 5 0 7 7 7 7 9 7 7 8 11 1 4 4 4 4 4 3 4 4 4 1 9 5 4 5 4 10 7 7 7 8 11 4 5 7 11 11 2 3 4 4 4 4 4 5 4 11 11 2 5 10 8 4 4 4 4 4 11 4 4 4 4 4 3 4 4 4 4 5 11 11 5 4 4 4 1 9 4 4 5 7 8 11 11 5 0 7 6 7 8 11 5 7 11 4 5 10 10 2 8 11 5 7 7 6 10 8 7 10 7 7 7 7 7 7 7 10 7 8 2 9 7 7 7 8 7 7 10 8 11 5 10 7 10 8 8 10 7 7 7 7 7 10 2 3 7 7 7 7 8 11 4 5 10 10 2 6 7 7 7 7 7 7 7 7 7 7 8 4 10 10 2 8 9 4 5 7 11 4 5 4 4 4 4 4 4 4 4 1 9 11 4 4 5 2 10 8 11 3 11 4 4 4 4 4 5 4 4 4 5 0 9 8 7 11 11 5 5 11 4 4 4 4 4 4 4 4 4 4 4 4 11 2 5 9 4 5 7 7 7 11 4 11 5 4 5 11 4 4 4 4 4 4 4 4 4 4 4 11 5 4 5 4 1 4 4 4 4 4 4 4 4 4 3 4 4 4 11 4 4 4 4 4 4 5 11 11 4 4 4 4 5 4 4 4 4 4 4 4 5 7 11 2 4 11 11 4 4 4 4 4 5 4 3 4 5 7 7 11 11 5 5 11 11 4 4 4 4 2 4 5 11 11 4 5 5 11 11 4 4 4 4 4 4 4 4 4 5 4 4 4 4 4 4 5 7 11 11 5 5
ppo_q50_b_fd_l4,89,qv18_9,18,153,True,862.25,8.018531560897827,5 5 7 11 3 7 11 5 2 7 11 9 4 5 7 8 11 2 11 3 7 11 5 2 7 11 9 4 5 7 8 11 11 5 5 10 7 8 11 2 11 3 7 11 4 5 7 8 11 2 11 9 5 5 7 7 1 9 11 5 5 10 2 10 6 8 11 11 4 5 2 9 7 8 4 4 10 10 7 7 2 8 4 10 6 8 4 4 10 10 7 8 7 7 7 8 4 10 7 7 7 7 7 11 2 5 7 11 9 5 4 5 0 7 10 8 9 8 11 11 5 7 1 3 5 10 7 11 4 4 2 4 4 5 10 8 6 11 11 2 5 4 4 9 4 4 4 5 7 11 4 4 4 4 10 7 2 8 4 3 10 10 8 7 8 7 7 7 10 0 7 7 8 6 11 11 2 5 7 11 4 4 4 4 4 5 4 4 11 3 10 7 7 7 7 7 7 8 4 5 10 0 7 8 4 10 8 6 11 11 2 3 4 4 4 4 4 4 5 10 2 10 10 7 7 6 8 7 7 7 7 7 8 1 9 8 11 4 5 7 1 4 9 4 4 11 4 5 2 10 7 8 9 10 7 2 8 4 10 9 8 8 11 4 10 8 7 7 8 7 1 9 11 5 5 4 4 4 4 4 11 11 5 5 0 9 7 7 8 7 7 7 7 10 7 10 8 2 11 5 7 11 11 4 3 4 4 4 1 5 4 4 4 4 3 5 7 7 11 11 4 5 5 7 7 11 1 9 8 8 4 10 8 4 7 4 7 7 7 7 7 7 10 10 2 8 4 10 8 6 11 11 2 5 10 8 7 7 7 6 11 11 5 5 7 1 11 3 7 11 4 4 5 5 7 11 4 5 0 7 7 10 9 8 7 7 7 8 10 7 7 8 7 7 7 7 7 11 11 4 5 7 8 4 11 2 6 7 11 11 5 4 5 10 7 7 8 11 11 4 2 3 4 5 7 11 2 11 3 7 11 4 4 4 4 5 4 4 5 11 4 4 2 4 10 10 8 7 7 7 8 11 5 11 5 11 3 5 4 4 4 4 4 4 4 4 4 4 4 4 4 4 4 4 4 4 4 4 4 4 4 4 4 11 11 5 2 10 6 8 11 11 4 4 2 3 4 5 11 11 4 4 4 4 5 4 4 5 11 4 2 6 7 10 10 2 8 4 10 7 7 7 7 8 7 6 10 7 7 7 8 11 2 3 7 11 11 5 5 11 4 11 5 4 4 1 3 4 4 5 10 8 11 4 11 4 5 2 10 7 7 6 7 7 7 8 4 10 7 2 7 7 9 7 8 4 10 7 7 11 5 2 7 7 10 9 7 7 8 7 8 11 2 3 7 11 11 4 8 4 4 5 7 7 10 7 8 7 7 7 7 11 11 4 5 4 4 4 4 4 5 7 11 11 4 4 4 5 4 4 1 5 4 4 4 11 9 5 4 5 7 11 2 6 10 10 2 8 6 10 7 7 7 7 7 7 0 7 7 7 7 7 8 11 4 5 7 7 11 11 4 4 5 5 11 9 5 5 4 11 5 4 11 1 3 5 10 10 8 8 11 4 5 10 10 7 7 7 8 8 11 4 4 5 10 7 10 8 7 7 8 11 4 4 4 5 10 7 7 10 2 6 7 7 8 11 4 10 8 8 11 1 3 4 4 5 11 4 4 11 5 5 0 7 7 7 7 7 7 7 10 7 9 8 7 7 7 7 7 8 7 0 4 9 4 4 4 4 4 5 4 11 4 4 4 4 4 11 4 4 4 4 4 5 2 3 10 10 8 7 7 7 8 11 5 1 3 4 10 10 2 8 7 7 7 7 10 7 6 7 7 7 10 7 8 8 11 1 4 5 9 10 7 8 8 11 2 9 11 5 4 5 10 7 7 11 4 5 5 11 4 4 4 4 4 4 4 4 5 10 10 7 8 7 8 7 7 7 7 7 10 8 11 2 9 4 4 4 11 4 4 4 4 4 4 2 3 5 10 10 7 0 6 7 8 7 7 7 7 8 7 7 7 7 10 7 7 7 7 8 1 9 8 7 11 11 5 4 5 7 11 1 4 4 4 5 10 8 4 9 10 8 8 7 7 7 7 11 1 9 5 5 4 4 4 4 4 4 11 5 0 7 7 11 6 11 5 5 4 11 4 4 4 5 10 10 7 7 8 8 10 10 7 8 8 4 4 10 10 8 7 7 7 10 7 8 8 11 2 6 11 11 2 3 5 10 10 7 7 8 7 7 7 7 7 7 7 7 7 7 7 7 7 7 7 7 7 7 7 7 7 7 7 7 8 1 9 8 4 4 10 10 8 8 7 7 10 7 7 10 7 7 7 7 7 8 8 4 4 10 10 2 8
ppo_q50_b_fd_l4,90,qv18_90,18,155,True,893.25,8.185766220092773,5 5 7 11 3 7 11 5 2 7 11 3 7 11 5 2 7 11 9 5 5 10 0 6 8 11 11 5 5 7 7 11 11 4 5 7 8 11 11 5 5 0 10 7 6 7 7 7 7 7 8 7 7 7 11 11 2 5 11 3 5 7 7 11 11 4 4 4 4 5 5 7 7 7 11 4 11 4 5 5 10 7 8 11 11 4 5 5 7 7 11 11 5 5 10 0 8 7 7 6 7 7 10 7 7 7 7 7 7 8 10 7 7 7 11 2 5 3 7 11 5 7 11 11 4 4 5 4 4 4 5 7 11 4 4 11 5 5 0 10 7 6 8 11 4 5 4 4 1 4 3 4 10 10 2 8 9 8 11 4 10 2 6 8 7 10 10 7 2 8 4 9 10 8 8 7 10 7 7 7 7 8 10 2 6 7 11 11 5 4 5 7 7 11 11 4 4 5 5 10 7 7 8 11 4 11 4 5 4 4 4 4 4 4 5 4 10 10 2 6 8 7 7 10 7 0 8 9 8 4 4 10 10 7 8 8 1 11 3 5 7 7 11 11 4 5 2 11 4 5 7 6 11 11 5 4 4 5 7 7 7 11 2 11 11 5 4 5 7 11 4 5 10 9 8 8 11 4 5 10 10 8 7 7 8 4 4 10 10 7 8 7 7 7 8 4 10 10 7 7 7 7 8 8 4 10 10 2 8 6 4 11 4 4 4 5 7 7 11 11 4 4 5 4 4 5 4 11 11 5 2 10 6 7 7 0 6 8 4 10 7 8 1 11 3 11 5 2 7 11 3 4 11 5 4 5 4 10 10 2 8 11 5 3 10 4 4 10 8 7 7 7 7 7 7 7 8 4 10 10 7 8 7 7 7 8 7 7 7 7 1 11 3 4 4 4 5 4 4 4 4 4 4 4 10 8 11 4 4 4 4 4 4 11 4 2 3 5 7 7 7 7 10 7 7 7 7 7 7 7 7 7 7 8 10 7 10 2 8 11 3 5 4 4 11 4 4 4 4 4 4 4 11 4 5 0 8 4 10 8 4 10 7 6 7 7 7 8 7 7 10 7 7 10 8 2 10 9 8 8 11 2 11 3 4 4 4 4 4 4 4 11 4 4 5 4 5 7 10 7 8 11 4 4 11 4 5 7 2 9 4 4 5 10 7 7 7 8 4 10 7 10 7 2 8 9 4 10 7 8 8 1 11 3 4 5 7 11 4 4 4 4 11 5 4 5 10 2 7 10 9 5 5 10 7 8 4 4 10 10 7 7 7 8 8 4 10 7 10 7 7 8 2 6 7 7 10 10 7 8 2 9 4 5 4 4 4 4 4 10 7 11 5 4 5 7 7 11 4 4 4 4 4 1 3 5 10 10 8 2 9 7 8 1 4 11 4 4 4 4 3 5 4 4 4 10 2 10 6 10 7 7 8 2 7 7 7 7 6 4 10 7 8 10 7 10 7 2 8 6 11 4 4 5 7 7 7 11 4 11 5 5 10 0 8 9 11 5 4 4 4 4 4 5 10 8 11 5 4 4 11 4 11 2 5 4 4 3 4 10 10 7 7 7 7 7 8 8 11 4 4 5 4 10 10 7 7 7 7 7 7 7 8 7 8 4 10 10 7 2 6 8 4 11 4 5 7 11 5 4 1 4 4 4 4 4 11 3 4 5 10 7 10 8 8 4 4 10 10 7 7 7 8 8 11 2 9 4 5 10 7 7 7 7 8 4 4 10 10 8 8 4 10 10 7 8 4 5 7 11 2 9 5 4 11 4 4 11 5 4 4 4 5 10 7 11 4 4 5 4 5 10 8 11 4 4 11 2 4 3 5 10 10 2 6 7 7 7 7 7 8 4 4 10 10 2 8 6 7 7 7 11 1 5 4 4 3 7 11 5 10 7 7 10 0 6 8 7 7 7 7 8 1 9 4 4 5 4 4 4 4 4 11 4 5 7 11 4 4 4 4 1 3 10 7 7 8 2 9 7 7 7 7 8 4 10 7 7 10 7 7 7 8 8 11 4 10 2 8 7 7 6 11 11 5 2 11 5 11 3 11 4 5 2 7 11 4 4 3 4 5 7 11 4 4 4 4 4 4 4 10 8 2 4 10 9 7 8 7 7 8 11 2 4 3 10 7 7 7 7 7 1 9 8 7 7 8 4 10 8 7 10 7 7 7 10 2 6 8 11 11 4 5 4 4 4 4 4 4 5 10 2 3 7 11 4 11 2 5 7 11 4 3 11 5 4 5 7 7 11 11 5 2 9 5 10 10 7 7 7 7 7 2 6 7 7 8 4 10 7 7 10 2 8 7 6 11 4 11 2 4 5
ppo_q50_b_fd_l4,91,qv18_91,18,153,True,853.75,2.197380781173706,5 5 7 11 6 11 5 5 10 7 8 11 11 4 5 5 10 7 8 1 11 3 7 11 5 5 10 0 7 7 8 4 10 7 8 7 11 11 5 5 10 7 8 11 11 4 4 4 4 4 5 5 7 10 6 8 11 11 2 5 7 11 11 5 5 7 11 9 5 5 10 7 8 10 7 7 8 11 4 4 4 11 4 4 5 5 7 7 11 11 5 5 0 10 8 9 4 10 8 8 11 4 10 7 7 7 8 8 11 4 10 8 4 0 6 8 4 10 7 7 7 7 7 8 7 7 7 11 11 2 3 4 4 4 5 10 2 7 6 7 11 1 4 3 7 11 5 4 4 4 5 7 11 4 5 7 11 11 5 4 5 10 7 2 10 7 7 7 7 7 8 6 11 11 4 5 5 0 10 7 6 7 7 8 4 10 2 6 11 4 11 4 4 4 4 4 4 4 4 4 4 5 5 0 9 7 7 8 11 4 4 5 10 10 8 8 4 0 7 9 7 8 7 7 7 7 11 11 2 5 7 9 7 7 7 7 8 7 7 7 0 7 6 7 11 11 5 5 10 7 7 8 11 4 11 4 5 5 4 11 4 5 7 11 4 4 11 5 1 4 3 5 10 0 8 11 9 8 8 10 8 1 4 9 4 10 8 7 8 4 10 7 7 7 7 8 7 7 11 4 10 8 8 4 10 8 7 7 7 7 11 11 5 2 3 11 4 11 4 4 5 4 4 4 4 5 11 4 11 5 5 11 4 5 0 7 7 7 10 7 6 8 11 1 9 5 5 7 11 2 11 9 5 5 10 7 7 7 0 7 6 7 7 7 8 11 4 5 4 10 10 8 7 8 10 7 8 11 4 10 8 8 4 4 10 10 8 2 7 10 7 8 6 11 11 4 5 5 1 4 4 4 4 11 4 4 5 10 10 8 6 8 4 10 2 3 10 7 8 7 7 7 7 7 11 11 4 2 5 4 11 4 4 4 4 4 5 7 11 4 11 3 4 4 4 4 5 5 7 7 7 11 2 9 4 10 8 7 8 4 10 8 7 7 7 7 7 10 7 8 4 4 10 10 8 2 9 8 4 4 10 10 7 7 2 7 7 6 8 1 9 4 5 11 11 5 4 4 4 4 5 7 11 4 4 4 5 4 10 10 2 6 8 11 4 5 4 11 4 4 11 2 5 10 7 9 8 8 7 7 10 10 2 6 7 7 8 7 7 7 10 7 8 0 7 6 7 7 7 11 11 5 4 4 4 4 4 4 5 4 4 11 4 4 4 4 5 10 7 7 11 2 4 5 9 10 7 7 7 8 8 4 4 10 10 8 8 4 10 10 8 2 4 10 9 8 7 8 11 2 6 11 11 4 4 4 5 4 5 10 2 7 7 11 11 3 4 5 4 5 10 8 7 11 11 5 5 4 4 11 4 4 5 0 7 10 9 8 4 5 10 7 8 4 4 10 10 8 7 7 7 7 8 4 10 0 6 7 7 8 7 11 2 11 9 5 4 1 5 9 4 4 5 4 11 4 4 5 7 7 7 11 4 11 5 2 7 6 7 7 7 7 0 7 9 7 7 7 8 10 7 8 7 7 7 10 10 7 8 2 11 3 5 10 7 11 2 3 5 11 2 6 11 5 4 4 4 4 11 4 11 5 5 0 10 7 6 7 7 7 7 8 7 7 10 2 10 8 6 11 11 2 4 5 4 11 4 11 4 4 5 4 3 5 7 7 11 11 4 5 7 8 11 2 4 11 3 4 4 11 4 5 5 7 7 10 7 8 11 4 4 1 9 8 8 7 7 7 7 7 7 7 7 7 7 7 11 4 5 10 10 8 7 8 7 7 11 5 7 11 11 5 2 9 7 8 4 4 10 10 7 7 8 4 5 10 10 8 2 7 6 11 4 4 4 4 4 4 4 1 5 4 3 4 11 4 1 4 3 5 10 10 7 2 8 4 10 7 8 7 10 7 7 7 7 6 8 7 7 10 2 7 7 7 6 7 11 11 4 5 4 5 7 7 11 11 4 5 4 11 4 5 4 5 10 0 7 6 7 7 7 8 11 11 4 4 4 4 5 5 10 2 7 7 11 11 5 4 4 4 5 9 7 11 5 5 0 7 7 10 9 8 8 11 11 2 7 6 7 7 7 7 8 7 11 2 4 4 10 10 8 8 6 4 4 10 10 7 7 7 8 4 4 4 4 4 4 4 4 4 4 4 4 4 4 5 10 2 7 7 9 11 5 5
ppo_q50_b_fd_l4,92,qv18_92,18,146,True,824.5,4.88801383972168,5 5 7 11 9 5 5 7 7 11 11 5 5 7 7 11 11 5 5 7 7 11 11 4 5 7 8 11 11 5 5 0 10 7 8 6 11 11 5 5 7 7 11 11 4 5 5 10 2 7 6 11 11 4 5 5 7 7 11 11 4 5 0 8 4 10 8 4 9 10 8 8 4 4 10 0 7 7 8 4 10 6 4 10 7 8 7 7 7 7 8 7 7 7 11 11 2 5 11 3 7 11 5 4 5 4 10 7 11 4 4 2 4 3 4 5 7 11 2 4 4 4 4 3 4 10 10 8 7 7 7 7 7 7 7 7 7 7 8 4 10 2 10 8 6 11 11 4 4 5 7 8 11 2 11 3 7 11 5 4 4 5 0 7 7 10 8 11 4 3 11 5 4 5 7 11 2 4 4 4 3 10 10 8 8 7 7 7 7 10 7 7 7 7 8 1 4 4 4 4 4 3 11 4 4 4 4 4 4 5 10 7 8 10 10 8 8 4 4 10 10 8 0 6 8 11 4 5 10 10 7 7 2 6 7 7 7 7 7 7 8 11 2 3 7 11 11 5 4 5 0 6 10 7 8 1 3 4 11 4 4 1 4 4 4 3 4 4 4 4 5 4 10 10 8 2 11 5 4 3 4 4 4 4 4 4 4 4 4 4 4 4 4 11 4 4 4 4 4 11 4 4 4 4 4 4 4 4 4 4 4 5 5 0 9 5 7 11 11 4 4 5 5 7 11 4 4 5 4 4 4 10 0 7 10 8 8 7 9 10 2 8 6 11 11 2 4 5 10 8 11 9 5 4 4 4 4 4 4 4 5 7 11 2 3 4 4 1 3 4 10 10 7 8 7 7 7 7 8 4 10 7 7 7 7 11 4 4 5 2 10 8 4 10 8 9 8 10 10 7 8 7 7 8 7 1 11 4 3 4 4 4 4 4 11 2 5 7 11 9 5 4 5 4 11 4 4 5 4 4 4 4 10 7 8 4 4 10 10 8 2 10 7 10 8 8 10 6 7 8 4 4 10 10 8 2 9 7 8 7 7 10 10 7 8 8 11 2 6 11 11 5 4 4 5 7 1 3 4 4 4 4 4 11 4 4 4 4 4 5 4 4 4 4 4 4 4 4 4 4 4 11 4 5 11 4 2 4 9 11 4 2 3 4 4 4 4 4 4 4 4 4 4 4 5 7 11 4 11 4 4 5 4 4 4 4 4 5 7 11 4 4 4 10 8 8 11 4 4 4 5 11 4 4 5 7 7 11 11 4 5 2 7 7 7 6 7 7 7 10 7 10 8 7 8 11 4 4 5 7 7 7 7 7 7 7 10 10 8 4 4 5 10 7 7 7 7 7 7 7 11 2 5 10 8 7 11 11 4 3 5 4 4 5 4 4 11 11 5 5 11 11 5 5 7 11 11 2 5 10 7 6 7 8 7 7 10 8 7 7 7 10 10 8 2 11 3 4 4 11 5 4 5 10 7 11 2 5 11 4 11 4 4 5 5 4 4 4 3 4 4 4 4 4 11 4 11 5 4 4 5 10 2 7 7 7 6 7 7 7 7 7 7 7 7 7 10 7 11 5 5 10 2 7 6 7 7 10 10 2 7 8 7 7 7 10 8 6 11 11 2 5 9 7 8 11 11 5 4 4 4 4 5 0 7 9 7 8 10 10 8 2 7 6 7 10 7 7 11 5 4 5 4 4 4 4 4 4 4 4 4 4 11 4 4 4 5 10 2 10 7 9 7 8 8 7 7 10 2 9 7 7 8 10 7 10 7 7 7 7 7 8 7 8 7 7 7 7 7 7 7 7 7 10 10 8 7 7 8 11 4 4 4 5 4 11 4 4 4 4 4 4 4 4 4 5 10 2 7 10 10 7 7 7 7 7 7 8 8 7 7 7 10 9 8 7 7 7 7 7 8 7 7 7 7 7 7 7 7 10 7 7 7 8 4 4 10 10 8 8 10 7 10 2 6 8 7 10 8 10 2 6 10 10 8 2 11 5 7 7 7 7 7 7 7 7 7 7 7 7 7 7 10 10 6 7 7 7 7 7 7 7 7 7 7 7 7 7 8 7 8 10 7 8 11 4 10 2 6 8 10 7 7 8 1 3 10 7 7 7 10 7 2 8 7 6 11 4 4 4 5 7 11 11 5 5 7 11 4 11 5 4 11 4 5 4 5 7 0 9 7 8 7 0 9 7 8 11 11 5 5 10 0 7 6 8 11 4 5 10 10 8 8 7 7 7 7 7 0 6 10 8 4 10 10 2 6 7 7 8 1 9 8 7 11 11 5 4 4 4 4 5 7 11 11 2 5 7 11 11 5 3 5 4 4 11 4 4 5 4 11 2 4 3 10 10 2 6 8 7 11 4 2 4 10 10 8 7 7 8
ppo_q50_b_fd_l4,93,qv18_93,18,145,True,811.0,2.7547574043273926,5 5 7 9 11 5 5 7 7 11 11 5 5 10 2 10 8 11 4 4 9 5 5 10 7 8 11 11 4 5 5 10 7 8 11 11 4 5 5 7 7 11 11 5 5 7 7 11 11 5 5 7 7 11 11 5 5 0 9 7 8 4 4 10 10 2 6 8 11 1 3 5 10 10 8 7 8 4 4 4 10 7 10 7 8 8 4 4 10 2 10 7 7 7 7 7 8 6 11 11 5 4 4 4 4 4 4 4 4 5 7 1 4 4 3 4 4 10 7 10 7 8 8 4 11 5 10 7 10 8 7 8 4 10 8 1 4 4 11 3 4 5 10 7 10 7 7 8 7 8 4 10 7 7 7 10 2 8 6 11 11 4 4 5 4 4 5 4 10 7 8 1 9 11 4 4 4 5 2 9 7 11 5 4 5 7 7 0 9 7 8 4 10 7 7 7 7 7 7 11 5 7 7 8 11 4 2 4 10 9 5 4 5 0 7 10 9 8 7 7 7 8 11 2 7 6 7 11 11 4 4 4 4 4 4 4 4 4 5 2 9 7 8 11 11 5 4 4 5 4 10 10 8 7 7 7 7 7 7 7 7 7 7 7 8 4 0 9 7 8 7 11 11 2 5 7 7 9 8 7 7 7 7 7 7 7 10 7 10 7 7 7 7 7 7 7 7 7 7 7 0 7 7 7 7 7 7 7 7 8 8 7 7 7 9 7 7 7 7 7 8 11 4 4 5 4 10 10 8 7 8 11 4 4 10 7 7 7 2 7 8 11 4 4 4 5 7 11 4 5 7 11 4 3 4 5 10 10 7 8 7 7 8 4 0 7 7 9 10 8 7 8 1 4 11 4 5 10 8 4 10 7 9 8 7 8 1 4 11 9 8 4 5 10 7 8 11 11 4 4 4 5 2 9 7 8 11 11 5 5 0 10 7 7 7 8 9 4 5 10 10 7 8 7 0 8 10 7 7 7 7 7 7 7 8 7 6 11 11 4 4 4 4 4 4 4 4 4 4 4 5 7 8 10 2 6 11 4 11 4 4 2 3 5 7 7 11 11 4 4 4 5 4 5 4 10 2 10 7 7 7 7 8 7 7 10 7 7 7 7 7 7 7 7 7 7 7 7 7 8 10 7 7 7 7 7 7 7 7 7 7 6 7 7 7 7 7 7 7 10 7 7 2 6 7 7 7 8 1 11 3 5 10 10 2 8 4 10 9 8 7 8 7 11 1 5 11 4 3 5 4 4 11 5 4 0 7 7 7 10 10 7 8 6 10 7 8 8 7 7 7 7 7 10 7 8 11 4 5 10 7 7 7 7 11 5 2 9 7 11 5 5 7 7 11 11 2 5 7 11 9 4 5 4 4 4 4 4 5 4 4 11 2 4 10 7 10 8 7 7 7 8 9 10 8 0 8 4 10 7 8 4 10 9 8 8 4 10 7 7 1 9 5 4 4 4 4 4 4 4 5 10 2 9 10 8 8 4 10 7 8 4 10 10 8 4 4 4 5 10 2 6 4 10 8 7 0 7 7 7 7 7 7 10 6 10 2 6 7 7 7 7 7 7 7 7 7 7 7 7 7 7 7 7 7 8 7 11 4 2 9 10 8 8 4 10 2 9 7 7 7 8 4 10 7 7 7 7 7 7 10 2 6 8 11 4 5 11 4 4 11 4 5 4 5 10 7 7 8 11 11 4 4 4 4 2 5 4 3 4 10 7 7 10 7 8 8 7 7 7 7 7 7 7 7 7 7 10 8 11 5 10 7 7 8 10 7 7 7 7 7 7 7 7 8 11 11 4 4 4 4 5 2 3 4 4 1 4 4 9 4 5 4 11 4 4 1 9 5 5 4 4 11 4 4 4 11 2 4 5 10 7 8 6 10 10 7 8 7 7 7 8 11 4 4 5 7 11 4 5 10 10 8 7 7 7 10 8 8 4 10 7 10 7 8 8 11 4 5 0 9 7 7 7 8 7 1 11 9 5 5 11 5 10 2 9 7 7 11 4 5 5 4 4 4 4 4 4 11 1 4 5 3 10 10 8 8 4 10 7 10 8 7 7 7 0 7 7 8 9 7 7 8 4 4 10 10 8 7 7 7 7 7 7 7 7 7 8 4 4 10 2 7 9 11 5 4 5 10 2 3 4 10 10 8 7 7 7 7 7 7 7 7 7 7 7 7 7 7 7 7 7 7 7 8 10 2 3 10 10 7 2 6 7 7 7 7 8 4 10 7 10 8 7 8 7 10 7 0 9 8 8 11 11 5 7 7 7 8 7 10 7 7 7 10 7 7 7 2 7 8 4 11 11 4 4 4 4 4 4 4 4 4 4 4 4 4 5 5
ppo_q50_b_fd_l4,94,qv18_94,18,154,True,890.75,2.251431465148926,5 5 7 11 3 7 11 5 2 7 11 4 9 5 7 8 11 11 5 5 10 2 7 11 3 7 11 4 5 7 8 11 11 5 5 7 7 11 2 9 11 5 5 10 0 7 9 8 8 4 4 10 10 8 7 7 8 1 4 4 11 5 7 11 4 4 4 9 4 5 5 7 7 11 11 4 5 0 8 9 8 11 11 7 7 8 8 11 7 7 7 7 7 7 8 7 7 7 7 7 7 7 7 11 11 4 2 3 5 4 4 4 1 4 4 3 7 11 4 4 4 1 3 5 7 11 5 10 7 10 8 8 4 4 10 10 8 2 9 4 5 10 10 7 8 4 5 10 7 8 11 4 10 7 7 8 7 8 11 4 4 5 10 10 7 8 4 5 10 10 8 7 7 8 11 4 4 4 5 7 7 10 10 2 6 8 4 11 4 5 7 7 7 10 7 7 11 2 5 4 4 4 4 11 4 4 4 9 5 4 4 4 4 4 5 7 11 5 4 4 4 4 10 10 8 2 6 4 10 10 7 2 6 7 7 7 7 7 7 8 4 10 10 8 2 7 7 7 7 7 11 5 7 11 9 5 5 1 11 3 7 11 4 4 4 4 4 5 7 7 7 7 8 11 2 11 3 4 4 4 11 5 2 9 7 8 4 4 10 10 8 7 8 4 10 10 7 8 8 4 4 10 7 7 8 11 7 7 7 11 2 3 4 5 0 7 10 8 10 9 8 4 4 4 5 10 2 7 7 10 9 8 8 1 9 4 4 4 11 4 4 4 4 5 4 4 5 11 4 5 7 7 11 11 5 4 4 4 4 5 10 7 0 9 8 7 7 7 7 7 7 7 8 7 0 6 11 4 4 1 3 4 5 7 11 5 7 11 4 11 5 2 7 11 11 5 5 7 10 7 7 7 7 6 8 10 7 7 10 7 8 7 7 8 1 3 7 11 5 1 4 4 3 4 4 1 9 11 2 4 3 5 10 7 8 4 4 10 10 7 7 7 7 7 7 8 8 11 4 5 10 10 7 7 8 7 8 11 2 3 4 10 10 8 8 1 4 3 4 11 4 4 5 7 11 11 1 4 5 4 4 4 3 5 10 0 7 7 8 9 7 8 11 11 4 5 2 7 7 9 7 7 7 7 7 8 11 4 5 7 1 3 4 4 11 11 4 4 5 5 7 11 11 5 0 6 7 7 8 11 2 4 3 10 10 8 8 4 10 7 7 7 7 10 7 7 7 8 2 4 10 7 8 11 4 4 4 5 7 7 7 7 7 7 7 6 10 7 7 11 5 2 4 4 4 11 4 4 3 4 4 5 10 7 11 2 3 5 10 7 8 11 11 4 5 4 4 4 4 4 5 4 11 2 4 9 4 10 8 7 8 0 9 7 8 11 4 4 4 5 4 10 7 10 7 7 8 7 7 7 7 7 7 7 8 4 10 10 7 2 6 8 10 2 7 7 7 6 11 11 4 4 4 4 4 2 4 4 4 5 4 4 9 11 4 4 5 4 4 5 10 2 10 10 7 7 8 7 6 7 7 7 7 8 7 7 11 2 4 10 9 8 8 7 11 4 4 4 1 5 9 10 2 8 7 10 10 8 8 4 10 8 6 11 11 2 5 7 4 7 4 7 4 7 4 7 11 4 4 4 4 11 3 5 4 5 10 7 7 11 4 5 4 5 0 7 7 7 7 7 7 7 7 6 10 7 8 7 7 7 11 11 2 5 7 11 11 5 5 11 9 4 5 4 4 5 11 2 11 11 3 4 5 4 4 4 4 5 10 2 9 7 8 7 10 7 7 7 8 7 7 7 0 7 7 7 7 7 7 7 7 9 8 7 10 7 2 7 7 7 7 7 7 7 7 7 7 10 10 7 7 7 7 7 7 7 7 7 7 8 8 10 7 8 11 9 8 7 8 7 7 7 11 4 5 10 10 8 7 7 7 8 4 10 10 8 8 4 10 10 2 8 6 11 4 5 10 7 11 4 2 5 9 7 8 11 11 2 4 3 4 5 11 4 11 5 2 10 8 11 4 4 4 4 11 5 5 7 7 7 7 7 7 7 7 7 7 7 7 7 7 7 7 6 7 7 10 8 1 9 8 11 4 11 5 0 7 6 7 8 4 10 10 2 8 11 5 3 7 11 4 4 5 7 7 11 11 5 4 5 4 4 11 5 7 11 4 0 9 8 7 7 8 1 11 9 5 4 4 4 4 4 5 7 11 2 3 4 10 10 8 8 4 10 10 7 8 7 7 2 7 6 7 7 10 7 7 8 4 10 7 7 11 5 2 10 8 7 6 7 11 11 5 2 4 4 9 4 4 4 5 4 4 1 9 5 11 11 4 5 0 7 7 7 7 8 7 7 10 7 7 6 8 11 11 2 3 5 7 7 11 11 2 5 11 11 4 4 4 4 4 5 4 4 4 4 4 4 5
ppo_q50_b_fd_l4,95,qv18_95,18,156,True,863.75,9.442556858062744,5 5 7 11 9 5 5 10 7 8 11 11 4 5 5 10 7 8 11 11 4 5 5 10 7 8 11 11 4 5 5 7 7 11 11 5 5 10 7 8 11 11 4 5 5 10 7 8 4 10 8 11 4 11 4 5 5 7 7 11 11 5 5 10 0 8 9 4 10 8 8 11 2 11 9 4 5 5 0 10 7 7 7 6 7 7 7 7 7 7 7 7 8 7 7 7 7 11 2 11 3 4 11 5 5 7 7 11 1 9 4 5 5 7 11 4 4 5 1 4 4 3 7 11 4 5 4 10 10 8 7 7 8 11 4 5 4 10 10 8 7 8 4 10 10 2 6 7 8 4 10 10 8 8 1 11 4 4 3 4 4 4 5 7 7 7 10 10 2 6 7 7 7 7 7 8 7 11 2 11 9 4 4 5 0 8 4 10 8 4 10 9 8 4 4 5 10 2 7 7 7 7 6 7 11 11 2 3 5 11 4 4 4 4 4 1 4 9 5 5 7 11 4 4 11 2 5 10 8 10 7 9 7 7 8 8 4 4 10 10 8 8 4 10 8 4 10 7 7 7 7 1 9 5 4 4 4 5 10 2 7 6 11 4 4 11 2 5 3 10 7 8 4 4 10 10 8 8 1 9 4 4 4 4 1 4 3 4 11 4 5 5 7 7 11 11 5 7 2 7 9 7 8 4 0 9 7 8 10 7 7 7 7 7 10 8 7 8 7 11 2 9 11 5 7 7 8 11 4 11 4 2 3 5 10 7 10 7 7 7 8 7 7 8 1 3 11 1 4 3 5 10 7 11 5 5 7 11 11 4 4 5 4 4 4 11 5 4 5 4 4 4 10 2 9 10 8 7 7 7 7 7 7 8 7 11 4 10 8 8 4 10 7 7 7 10 2 8 7 7 7 7 6 11 11 5 2 3 7 11 4 4 5 7 7 11 11 4 4 4 4 4 4 5 4 4 4 5 7 10 7 2 9 7 7 8 4 7 1 11 9 4 5 5 10 7 8 4 10 2 4 11 3 4 11 4 4 5 2 9 7 8 7 7 10 10 2 7 7 8 6 10 7 7 7 7 8 7 7 7 0 6 7 7 11 5 10 8 7 11 11 4 4 5 4 5 10 8 11 5 4 11 4 5 7 11 5 4 4 11 11 4 2 3 5 10 10 8 7 8 11 4 4 4 4 5 10 7 7 7 8 11 4 10 2 6 8 7 7 7 7 7 7 7 7 7 7 7 11 4 10 8 8 4 4 10 10 8 2 11 5 7 11 4 4 3 11 4 5 4 4 4 5 10 7 7 8 11 5 1 3 4 11 4 5 0 10 9 7 8 7 8 10 8 4 10 10 8 7 7 8 11 1 4 4 3 5 4 4 11 11 4 4 5 4 4 4 5 0 9 7 8 7 10 7 7 7 8 4 10 10 8 2 10 7 7 7 6 7 8 4 10 7 7 7 7 11 2 3 5 10 7 8 11 11 2 3 4 4 5 4 10 2 9 10 8 8 7 11 2 11 7 9 8 7 8 7 7 10 7 7 7 7 7 7 7 7 7 7 7 7 7 7 7 0 10 7 7 7 7 7 7 7 7 6 8 7 8 11 2 4 10 9 8 7 7 8 11 4 5 4 10 10 7 7 2 8 9 11 4 8 7 7 7 7 8 10 2 7 9 11 5 4 4 4 5 7 11 4 2 9 11 5 4 4 5 0 6 4 10 8 4 10 7 7 7 7 7 7 7 10 7 2 8 6 11 4 4 4 11 4 4 4 5 7 7 8 11 5 11 5 7 11 11 4 5 2 9 7 8 4 10 7 7 7 7 7 10 2 8 6 7 7 7 7 10 7 10 2 8 11 5 3 7 7 11 11 4 5 4 4 4 4 4 4 5 1 4 3 4 4 4 4 4 4 4 4 4 4 1 4 4 11 4 5 9 10 8 8 10 7 7 7 7 7 7 7 10 8 7 8 4 10 7 10 8 8 11 2 9 11 4 5 5 4 4 4 4 4 4 11 2 6 11 11 5 4 5 11 2 11 3 4 4 11 4 4 4 4 4 4 4 4 4 4 4 4 2 3 4 4 11 5 4 4 5 7 11 11 5 4 5 11 4 5 10 10 2 8 9 4 5 10 7 7 7 10 8 2 4 10 9 7 8 7 7 8 7 11 2 11 11 5 4 5 3 4 11 4 11 4 5 4 5 4 4 11 4 4 4 5 0 10 7 9 7 8 8 11 2 6 4 4 10 10 8 7 7 7 8 4 4 10 10 8 2 4 10 10 8 8 7 10 7 10 7 7 6 7 7 7 7 7 7 7 7 7 7 7 7 7 7 7 7 7 2 7 7 8 7 10 10 7 7 7 7 7 8 8
ppo_q50_b_fd_l4,96,qv18_96,18,159,True,887.75,5.530974388122559,5 5 7 11 3 7 11 5 2 7 11 9 5 5 10 7 7 8 11 4 11 2 5 7 11 9 5 5 10 0 7 7 6 7 8 11 5 7 11 11 4 4 4 4 5 5 7 7 11 1 9 5 5 10 7 8 11 11 4 5 5 10 7 8 11 11 4 5 5 7 7 11 11 5 5 7 7 11 4 2 10 9 8 8 4 10 7 7 7 8 1 4 4 4 3 4 10 10 8 8 4 4 10 7 8 1 11 4 5 3 10 10 7 7 8 4 0 6 8 4 4 10 10 7 8 8 4 4 10 7 8 4 4 10 10 2 8 4 10 9 8 7 7 8 11 2 3 7 11 4 11 4 4 4 5 5 10 7 8 11 11 5 4 5 0 6 10 7 7 7 7 7 7 7 7 7 11 2 5 10 8 7 11 11 4 4 5 3 5 7 11 4 4 5 7 11 4 11 5 5 7 11 4 4 4 5 4 4 4 10 10 2 6 7 8 11 4 4 4 5 4 10 10 7 7 7 7 8 2 9 8 7 10 7 7 7 8 1 3 7 11 4 5 4 4 11 4 4 11 4 2 5 10 10 7 7 7 7 8 8 9 10 7 7 8 8 7 10 7 8 11 1 9 5 5 4 1 9 8 11 4 4 4 1 4 4 4 4 4 4 5 3 4 4 4 4 4 4 4 4 4 4 4 4 4 4 4 4 4 4 4 4 4 11 11 4 4 4 4 1 4 3 4 5 4 4 4 1 4 4 3 5 10 7 7 0 7 7 6 8 0 7 7 7 11 11 5 5 10 7 8 4 10 9 8 8 10 0 7 7 6 7 7 7 7 7 7 7 7 7 7 7 7 7 7 7 7 7 7 7 7 7 7 10 0 6 7 7 7 7 7 8 8 4 10 2 6 11 4 11 4 4 4 5 2 9 5 7 11 4 5 10 10 2 6 7 7 8 4 10 10 7 8 7 7 8 11 1 3 4 4 5 7 11 4 4 10 8 2 9 8 7 10 10 8 8 4 4 10 10 8 8 7 7 7 11 1 4 4 4 4 4 4 5 3 4 4 4 4 11 4 4 4 5 7 11 2 4 10 7 7 8 6 4 10 8 11 4 11 5 5 7 7 11 2 4 3 4 4 4 4 4 4 4 4 4 4 4 4 4 4 4 11 4 11 4 4 4 4 4 5 5 4 4 4 1 4 4 4 11 4 4 4 5 9 7 7 7 10 8 8 11 4 5 10 10 7 7 8 4 5 10 7 7 8 11 5 10 7 7 7 7 7 7 7 7 7 10 2 8 11 4 3 4 4 4 4 4 4 4 4 4 11 5 2 7 11 3 4 4 4 5 11 2 3 4 11 11 4 5 4 4 4 4 5 10 2 7 6 7 7 7 10 8 7 10 10 8 2 10 7 7 6 10 2 6 8 7 7 7 7 11 11 5 2 9 5 4 11 5 10 7 7 7 7 7 7 7 7 7 7 7 10 2 6 7 7 8 1 4 4 4 4 4 4 4 4 4 4 3 4 4 11 5 4 4 4 11 5 11 4 4 5 4 10 7 1 9 5 5 11 2 4 4 4 4 6 10 7 7 7 7 10 7 2 6 7 7 10 8 4 5 10 2 10 9 8 7 7 7 8 11 4 5 10 10 8 7 7 7 8 10 2 7 7 7 7 7 10 6 10 8 7 7 7 7 7 7 7 7 7 7 7 7 7 7 7 7 7 8 7 11 4 2 10 9 8 7 8 10 8 11 4 4 5 10 10 8 7 7 7 7 10 8 2 7 6 7 10 7 7 8 7 11 11 4 4 5 5 7 11 11 4 2 4 4 5 9 5 11 4 4 4 5 4 10 10 2 6 7 8 7 10 10 8 7 8 7 7 10 7 7 7 7 7 7 7 7 8 10 2 10 10 7 8 8 7 6 7 7 7 7 7 7 7 7 7 7 7 7 7 7 7 7 7 10 8 4 10 7 7 7 7 7 8 7 7 7 10 10 7 7 8 7 8 11 1 4 4 4 3 4 4 4 5 11 4 2 4 10 10 8 7 7 7 6 7 8 4 10 7 10 7 8 4 5 10 10 8 7 7 7 7 7 7 8 11 2 9 4 10 8 8 4 10 2 6 7 11 11 2 3 4 4 4 4 4 4 4 4 5 7 11 4 5 4 4 11 11 4 4 4 4 4 5 2 11 4 4 9 5 5 0 9 7 8 11 4 5 4 4 4 4 4 4 4 4 4 4 4 4 4 4 4 4 4 4 4 4 4 4 4 11 4 5 10 7 8 11 11 4 4 4 4 4 5 4 5 4 4 4 4 4 4 11 5 4 10 2 9 7 8 4 4 10 10 7 7 7 8 7 8 10 2 7 7 7 7 7 10 8 11 4 4 4 4 4 11 5 4 4 4 5 7 11 4 4 5 7 11 4 3 11 5 1 4 3 5 10 7 8 4 4 10 10 2 8 7 7 10 8 9 4 10 7 7 8 8 1 11 3 5 7 7 11 11 2 3 5 10 7 11 5 4 4 4 5 7 7 11 11 5 2 3 4 4 4 11 4 4 11 4 4 4 4 4 4 4 4 4 4 4 4 4 4 4 4 4 5 2 9 4 5 7 7 10 7 7 11 5 4 4 4 4 5 10 7 7 8 11 11 5 5 11 11 4 4 5 4 4 4 4 5 7 7 11 11 5 4 4 5 7 11 11 2 5
ppo_q50_b_fd_l4,97,qv18_97,18,157,True,894.0,8.335290670394897,5 5 7 11 6 11 5 5 7 10 8 11 4 11 4 5 7 8 11 11 5 5 10 7 8 11 11 4 5 5 10 7 8 11 11 4 5 5 10 2 7 6 11 11 2 5 9 7 11 4 4 5 5 7 7 11 11 5 5 0 9 7 8 4 4 10 10 7 8 8 11 4 5 10 7 7 8 4 4 4 10 7 10 7 8 8 4 4 10 10 7 7 7 7 2 7 8 9 8 11 11 4 5 7 1 3 4 4 4 4 4 4 5 0 7 7 7 7 9 7 8 7 11 1 4 3 5 10 10 8 8 11 4 0 7 7 6 7 8 11 4 11 4 4 5 7 8 11 4 4 5 7 11 4 4 4 4 4 4 4 4 4 4 10 7 8 8 4 4 10 10 8 2 11 5 10 6 4 10 8 7 8 11 4 4 4 4 5 10 7 7 10 7 8 8 4 0 9 7 7 8 4 10 10 2 6 7 8 7 7 7 7 7 11 11 2 3 5 7 7 11 11 5 4 4 4 4 4 4 5 4 11 2 4 9 4 5 7 11 4 4 1 9 8 8 4 4 10 0 6 4 10 7 7 8 8 11 1 9 8 8 7 10 7 7 8 10 7 7 11 5 4 4 4 4 4 5 4 10 2 7 7 7 7 7 7 7 7 10 7 6 7 8 7 7 7 7 7 10 7 7 7 7 7 7 7 7 7 7 7 7 7 7 7 7 7 7 7 7 7 10 7 8 8 11 4 10 7 2 6 8 11 4 5 10 10 7 7 8 7 8 10 7 7 8 7 11 1 9 5 5 4 4 11 4 4 5 0 6 4 10 10 2 6 7 8 10 2 10 7 6 7 10 8 2 11 5 3 7 11 11 4 4 5 4 2 4 9 4 5 7 7 11 11 4 5 4 4 5 4 10 0 6 7 7 8 11 4 10 8 8 4 4 10 10 8 7 7 0 6 7 8 4 10 7 10 7 8 8 10 7 7 7 7 7 7 7 8 4 4 11 4 4 4 11 2 3 5 10 7 8 11 11 2 4 4 4 3 4 4 4 5 4 10 7 2 9 11 5 5 4 11 2 11 3 4 4 4 11 4 5 5 0 7 7 7 7 6 7 10 7 8 7 10 7 8 11 11 2 5 9 7 8 7 7 7 7 7 10 10 7 8 2 11 3 4 5 7 11 11 4 4 5 5 4 11 4 11 5 4 5 7 11 11 5 4 5 10 2 7 7 7 7 6 7 7 10 8 10 10 2 7 8 11 4 3 4 4 4 4 4 4 4 4 4 5 10 7 7 8 11 2 3 7 7 10 10 7 8 7 7 7 7 8 7 7 7 7 10 8 7 7 7 11 11 5 1 5 9 5 10 10 8 2 10 8 7 7 6 7 7 7 7 7 7 7 7 7 7 7 7 7 10 7 10 7 7 7 7 7 7 7 7 7 8 2 11 4 5 7 7 6 7 10 7 7 7 7 8 7 7 7 7 7 0 7 7 7 7 9 8 10 7 10 8 2 11 4 4 3 11 4 4 5 4 4 4 4 5 4 11 11 5 2 7 11 4 4 11 5 5 9 7 7 7 8 7 7 7 7 7 7 10 10 8 8 4 10 7 8 4 0 7 6 7 7 7 7 7 7 7 7 7 7 7 7 7 7 7 7 7 7 7 4 10 8 4 4 4 4 10 10 8 7 7 8 7 7 7 7 7 7 7 7 7 7 7 10 7 0 7 8 6 7 10 10 7 7 7 7 7 8 8 7 11 2 7 7 7 3 11 4 11 4 4 5 2 11 3 5 7 11 4 4 4 11 4 4 5 2 9 4 5 10 7 10 8 7 7 8 1 4 11 4 4 5 3 10 7 8 4 10 10 8 8 4 4 10 2 3 10 10 8 7 7 7 7 8 7 7 10 7 7 8 10 7 2 6 7 11 11 5 4 1 9 5 7 8 4 4 4 4 11 4 4 4 5 10 7 10 7 2 7 8 11 5 11 5 4 3 4 4 11 4 4 5 7 11 4 11 5 2 9 7 7 8 11 4 4 4 4 4 4 4 4 4 4 4 4 4 4 4 11 4 5 5 4 4 4 4 4 4 4 4 4 4 1 4 4 4 3 4 11 4 5 4 10 10 8 8 11 2 11 4 3 4 4 4 11 4 5 2 7 11 5 3 10 10 2 8 9 4 5 10 10 8 7 7 0 8 9 10 8 7 8 7 11 1 4 4 5 4 4 11 9 5 4 4 4 4 5 7 7 7 7 7 7 7 7 0 9 5 10 10 7 8 8 4 4 10 2 9 10 8 7 7 8 7 7 7 7 7 7 7 7 7 7 7 7 7 7 10 8 11 2 3 10 7 7 7 7 10 7 7 7 7 7 7 7 7 7 0 8 7 6 7 8 7 7 10 10 2 8 11 5 3 10 10 7 2 6 7 7 7 7 8 7 10 10 7 7 8 4 5 4 4 4 4 11 4 2 11 4 5 4 3 10 10 7 8 8 4 4 10 10 8 8 1 9 8 11 11 4 4 4 4 4 4 4 2 5 3 11 11 4 5 4 5 0 9 5 11 11 4 2 4 4 4 4 4 4 4 4 4 4 5
ppo_q50_b_fd_l4,98,qv18_98,18,153,True,848.25,3.7466349601745605,5 5 7 7 11 11 5 5 7 11 9 5 5 10 7 8 7 11 11 4 4 5 5 10 2 7 11 3 7 11 5 5 10 2 7 11 3 7 11 5 5 0 10 7 7 7 6 8 11 4 5 10 10 8 2 10 9 8 7 7 8 7 7 1 11 4 3 4 11 4 4 4 4 4 4 5 5 7 7 11 2 9 11 5 5 7 7 1 9 11 5 5 10 7 11 4 5 5 10 0 7 8 11 9 4 5 7 8 11 2 4 3 10 10 7 7 8 2 7 7 9 7 7 8 4 10 8 7 10 7 7 7 7 10 8 8 11 4 5 7 11 11 5 2 4 4 4 4 11 4 4 4 5 4 11 9 5 0 7 7 7 7 8 11 4 4 5 7 11 4 5 4 3 10 7 10 7 7 7 7 2 6 7 8 4 10 7 7 7 7 0 7 6 7 8 11 11 4 4 5 5 7 7 11 11 4 5 4 5 7 11 2 4 11 3 11 4 4 4 5 2 9 4 5 7 7 10 7 7 8 4 10 7 10 7 8 7 8 4 10 10 2 8 11 5 7 7 7 7 7 10 8 9 11 4 4 5 7 1 4 5 4 4 4 11 4 4 4 3 4 5 4 4 4 4 10 10 2 8 11 5 9 10 8 7 7 7 7 8 11 2 4 4 4 3 10 10 2 8 9 7 7 8 11 4 4 10 7 7 7 8 8 4 4 10 10 8 7 7 8 11 4 10 8 8 4 4 10 10 8 8 1 4 4 4 4 4 4 9 4 4 5 0 7 7 10 7 7 8 7 10 9 8 7 8 1 3 4 4 4 11 5 4 10 10 8 2 9 8 11 11 4 4 4 4 4 5 5 7 7 11 11 2 5 4 9 4 5 7 11 4 1 4 3 10 2 6 7 7 7 7 8 10 8 4 10 7 7 7 7 7 7 7 8 7 7 1 4 6 11 11 4 4 5 4 5 10 2 7 7 9 11 5 4 4 5 7 11 2 4 3 4 10 10 2 6 7 8 4 10 8 4 10 10 7 8 7 7 7 8 7 11 2 11 4 3 7 11 5 4 4 4 4 5 0 7 7 6 10 7 8 4 4 10 10 7 2 8 9 4 10 8 8 11 1 4 3 5 7 7 11 11 5 4 4 4 4 4 4 4 4 5 7 11 11 4 5 5 11 2 3 10 7 7 11 5 2 10 6 10 7 2 6 7 8 11 4 2 4 3 10 10 7 7 7 8 8 4 4 10 10 7 8 2 10 7 7 7 7 8 4 10 9 8 8 11 2 6 11 11 5 5 7 7 11 11 4 4 5 4 1 5 4 3 1 4 4 4 4 4 11 5 9 7 7 7 7 7 8 4 10 7 7 10 8 7 7 8 7 1 11 5 4 11 5 7 6 11 11 5 4 4 4 4 5 0 7 6 4 10 7 8 4 0 9 5 10 7 7 8 10 10 7 8 7 8 4 4 10 7 8 1 9 11 5 4 4 4 4 4 4 4 4 4 4 5 4 4 11 4 2 4 4 10 10 8 7 8 4 10 9 8 7 7 8 4 10 7 7 7 7 7 7 7 7 10 7 7 8 2 4 10 6 4 10 8 4 4 4 5 10 7 8 7 11 11 4 5 4 4 1 3 4 4 4 5 10 7 8 11 11 4 4 5 5 10 7 7 8 4 10 8 11 4 4 11 4 5 2 11 4 5 10 9 7 8 7 7 7 0 7 7 7 6 7 8 4 10 7 8 10 7 7 8 7 11 11 2 5 7 11 9 5 4 4 5 10 7 8 7 11 11 4 4 5 4 4 4 4 4 5 4 4 11 4 11 5 5 10 0 8 10 9 8 8 7 10 8 7 7 7 7 10 7 10 2 7 6 8 11 1 9 5 4 5 4 4 4 4 4 11 5 7 11 2 3 11 2 11 3 11 4 5 4 4 5 4 4 4 4 4 4 4 4 4 4 4 4 4 4 4 4 4 4 4 4 4 4 4 11 4 4 4 5 10 7 7 10 8 2 11 5 7 11 11 5 4 4 5 11 5 10 7 7 9 8 8 4 10 0 7 8 6 7 11 11 4 5 5 7 7 11 11 4 4 4 5 4 4 5 1 9 11 4 4 5 4 4 4 4 4 4 4 4 4 5 7 0 10 9 8 4 5 10 7 7 7 7 7 7 7 7 8 4 4 10 10 8 2 4 10 7 8 10 7 6 7 7 7 8 11 11 4 4 4 4 5 4 5 7 7 11 11 5 4 4 5 7 11 11 2 5 4 11 4 11 5 5
ppo_q50_b_fd_l4,99,qv18_99,18,151,True,817.25,9.045849800109863,5 5 7 9 11 5 5 10 7 8 11 11 4 4 5 7 8 11 7 8 11 4 11 5 5 10 7 8 11 11 4 5 5 10 2 7 7 7 7 7 9 7 7 8 7 11 11 4 5 2 10 7 7 8 7 7 7 7 7 7 7 7 7 7 7 7 10 7 7 7 10 7 7 7 7 7 7 7 7 7 7 7 7 7 7 7 8 8 4 9 10 8 8 4 4 10 10 8 8 11 4 5 10 10 7 8 8 4 10 8 10 8 1 4 4 4 4 3 10 10 8 2 10 8 4 10 7 7 8 7 7 7 7 7 7 7 7 7 7 10 7 7 7 7 7 7 8 11 11 4 4 4 4 4 4 4 4 4 4 4 4 3 4 5 4 4 4 4 4 4 4 4 4 5 4 4 4 4 4 10 10 8 8 7 10 8 11 4 4 1 4 3 5 10 10 7 8 8 11 2 4 4 10 10 7 8 7 8 4 10 9 7 7 7 8 7 7 8 11 4 4 4 4 5 10 8 10 7 10 8 7 8 1 9 4 4 4 5 0 9 8 10 10 2 6 7 7 7 7 7 7 7 8 7 7 7 7 10 7 8 10 7 10 8 2 7 7 7 7 9 7 7 7 7 7 7 7 7 7 7 8 4 4 10 10 7 7 7 7 7 8 8 10 7 7 7 7 7 8 7 10 7 11 4 5 2 9 7 8 11 11 4 1 5 3 4 5 4 11 1 4 5 9 4 4 5 10 7 7 7 10 8 8 11 4 4 4 5 7 7 11 11 2 5 4 4 3 11 1 4 4 4 4 4 4 4 4 4 4 4 4 5 11 3 11 5 5 0 7 7 7 7 7 7 7 7 7 7 7 7 7 7 7 7 7 7 7 7 6 4 10 8 4 10 10 7 8 8 4 10 10 8 8 11 2 4 4 3 7 11 11 5 4 4 5 4 10 2 10 7 9 8 7 8 4 4 10 10 8 8 11 4 5 10 10 2 8 9 4 5 10 10 7 8 7 7 7 7 8 0 6 11 4 4 4 4 4 4 4 4 4 4 4 4 4 5 10 2 7 11 3 7 11 4 4 5 5 10 7 7 7 7 7 7 7 7 8 7 7 7 7 7 7 10 7 8 11 2 9 5 4 4 4 10 10 7 7 8 8 4 4 10 10 8 7 7 7 7 7 7 7 7 7 7 0 8 10 7 7 8 9 11 4 5 5 7 11 2 9 11 5 4 4 4 4 4 4 4 4 2 9 4 4 4 5 7 7 11 11 5 4 5 7 7 11 11 2 3 5 7 0 7 7 10 7 8 7 7 7 7 7 7 7 7 10 10 7 8 8 7 7 6 7 7 7 7 7 7 7 7 7 7 7 10 7 7 10 8 4 4 5 10 7 7 8 4 4 10 10 7 2 6 8 1 11 3 5 7 7 11 11 2 3 5 10 7 8 4 4 10 10 7 8 2 9 4 5 10 10 8 8 7 10 0 7 7 7 7 8 9 7 7 7 8 7 11 11 5 5 10 7 8 11 11 4 5 4 4 4 4 11 4 5 7 8 11 4 4 4 4 4 4 5 7 1 4 4 4 11 4 4 10 8 7 8 9 8 11 7 7 7 8 1 3 7 11 4 4 4 5 10 10 2 6 8 4 4 10 10 7 8 7 7 7 8 4 10 7 8 11 1 9 5 4 4 5 0 7 7 7 7 6 7 7 7 7 10 0 7 9 5 4 5 10 7 7 7 8 7 7 7 7 10 7 7 10 2 7 6 8 4 4 11 5 10 7 7 7 7 7 7 7 7 7 7 7 7 7 7 7 7 10 7 7 8 2 10 7 8 4 9 10 8 7 7 7 8 10 10 7 8 7 8 4 1 4 4 4 4 4 11 4 5 10 9 8 8 11 2 11 3 4 5 10 7 11 2 4 5 4 9 4 4 4 5 7 10 10 7 8 7 7 7 7 7 8 10 8 4 10 7 7 11 5 2 7 7 7 7 7 7 10 10 6 8 7 7 7 8 11 4 2 9 4 4 4 4 4 4 4 4 5 10 7 7 8 11 4 11 2 3 4 4 4 4 5 11 4 1 4 3 4 4 4 5 0 9 7 11 5 5 4 4 4 4 11 4 11 4 4 4 4 4 4 1 4 4 3 5 4 11 5 4 4 4 5 10 7 7 7 7 8 11 4 4 4 4 4 1 9 8 4 5 10 7 8 11 1 9 5 4 4 4 4 4 4 5 4 4 4 11 4 4 4 5 10 7 2 10 7 6 8 11 11 5 5 0 9 7 8 11 11 4 5 5 7 11 4 4 4 4 4 5 0 7 10 9 7 8 8 7 0 9 8 7 7 7 10 7 10 7 7 8 7 7 7 7 8 11 4 10 2 8 6 7 7 10 10 8 2 4 3 10 7 7 7 7 7 7 8 1 9 8 11 11 4 4 4 4 2 4 3 5 11 11 4 4 2 3 4 4 4 4 5 4 4 4 4 4 4 4 1 4 4 4 4 11 4 4 3 4 4 4 4 4 1 4 4 5 10 10 8 8 10 10 7 7 7 7 7 8 8 10 10 8 6 8 4 4 10 10 7 2 7 8
