agent,env,problem_name,ion_count,op_count,solved,duration,compile_time,actions
ppo_q50_s3_b_fd_l4,0,qv18_0,18,152,True,732.25,8.487246036529541,3 5 2 9 9 5 5 7 7 11 11 3 5 2 7 9 11 5 5 10 7 8 7 11 11 4 4 5 5 0 10 2 9 7 7 8 11 11 5 5 7 7 11 11 4 5 5 10 7 8 9 8 1 11 11 4 5 5 10 7 8 11 2 11 4 9 5 5 7 7 11 11 5 5 0 7 11 2 3 10 9 8 8 11 4 5 7 10 9 8 4 0 9 8 8 4 4 10 10 8 4 0 7 8 4 10 7 6 4 10 2 8 4 10 7 7 7 6 7 7 7 11 2 2 9 8 11 11 2 2 4 9 4 4 5 7 1 9 6 11 5 2 7 11 3 7 11 4 4 4 5 5 10 2 9 7 11 5 5 7 7 11 2 9 11 3 4 5 2 0 9 6 10 7 7 7 7 8 2 4 3 10 7 8 4 10 8 4 10 7 7 7 10 2 2 7 7 7 7 7 1 11 3 4 3 4 3 4 5 7 11 4 4 11 2 2 3 7 11 5 9 7 11 4 4 5 1 2 9 5 7 1 11 2 9 6 4 10 8 8 4 10 10 7 8 6 8 11 1 4 5 10 2 9 4 3 10 7 7 7 8 4 5 10 7 8 4 4 10 10 2 6 8 4 4 10 10 7 8 2 10 6 7 8 11 11 4 5 4 5 0 10 0 2 10 6 7 10 6 8 2 1 9 8 11 11 4 2 4 4 3 4 4 3 3 5 7 7 11 11 4 5 2 7 11 3 7 11 2 2 11 9 5 4 5 11 2 7 0 9 5 9 9 5 5 0 7 10 9 8 7 8 11 4 4 5 10 10 7 7 7 7 7 7 7 7 8 8 4 10 2 7 7 11 11 5 4 4 4 5 10 7 2 0 10 7 6 7 6 9 8 7 8 1 3 11 4 5 11 11 4 4 4 4 5 7 1 2 9 3 5 0 0 9 9 7 8 4 0 2 7 9 7 8 7 7 7 7 6 11 11 4 5 0 2 7 11 3 7 11 4 4 5 5 10 2 9 7 11 5 5 7 7 11 1 9 5 5 7 11 9 5 5 7 7 11 2 11 11 5 7 1 2 3 10 7 6 8 4 4 10 10 7 8 1 2 6 9 10 7 8 4 5 10 7 7 7 7 7 8 1 9 9 8 4 4 5 10 7 0 8 4 10 7 10 8 1 2 9 4 5 10 8 6 11 11 5 5 7 11 5 7 11 3 4 11 4 4 4 4 4 4 5 2 9 7 11 4 5 5 10 0 8 9 8 11 11 5 2 7 11 4 2 4 9 3 10 2 7 7 6 7 7 8 10 7 7 7 8 11 4 5 10 10 8 7 8 7 1 1 4 11 3 5 7 11 4 4 4 4 5 4 3 10 10 7 7 7 8 8 11 1 1 2 9 6 4 10 8 8 11 2 1 9 3 5 4 10 10 2 2 9 10 7 8 6 7 8 4 4 11 4 5 10 7 7 0 7 7 7 6 8 4 4 10 10 2 8 10 2 6 11 4 11 3 4 5 5 10 2 7 11 3 11 5 5 7 1 11 2 9 9 5 5 3 10 10 7 2 8 4 4 10 0 8 10 7 10 2 6 8 4 10 2 7 6 9 11 1 5 4 5 4 4 11 3 7 11 5 5 7 7 11 11 4 5 5 10 7 2 9 11 4 5 4 5 0 7 11 2 9 5 10 6 10 2 6 7 8 9 8 4 4 10 10 7 2 7 6 8 11 4 5 10 10 8 2 7 10 10 7 7 7 8 7 8 11 2 9 9 5 7 8 11 2 4 4 10 10 8 2 1 9 4 4 3 5 10 10 8 2 6 6 11 11 4 4 4 4 4 4 2 5 10 2 3 7 11 11 4 4 5 4 3 5 4 10 7 7 8 11 11 2 2 11 9 5 5 7 11 11 5 1 2
ppo_q50_s3_b_fd_l4,1,qv18_1,18,153,True,768.25,2.245387554168701,5 5 9 9 5 5 7 7 11 11 5 5 10 0 7 9 8 1 2 6 11 4 6 11 4 4 5 5 10 7 8 11 11 4 4 5 7 8 11 11 5 5 7 10 7 6 8 4 10 7 8 1 9 4 4 11 5 5 7 11 11 5 5 0 10 2 7 7 10 6 7 8 9 4 10 8 8 4 10 8 7 7 7 11 11 2 2 3 11 3 11 4 4 4 5 7 2 7 11 11 4 4 4 4 5 5 9 7 7 1 11 5 5 0 7 11 2 9 9 8 8 4 4 10 2 9 10 8 4 0 7 8 9 6 8 4 4 10 7 7 7 7 8 4 10 8 7 11 11 2 2 3 7 11 3 4 5 4 10 10 2 7 7 1 2 9 5 9 7 11 4 4 4 4 5 5 7 7 7 11 11 1 2 5 10 7 8 9 11 5 5 10 7 8 9 9 8 7 8 11 4 4 1 4 5 7 7 11 2 4 3 3 10 10 7 8 8 4 4 10 10 2 2 0 9 8 4 10 7 6 6 8 4 4 10 10 8 7 7 7 7 7 8 10 2 7 1 9 4 11 5 1 2 9 5 3 9 5 7 7 11 11 4 4 2 5 7 11 11 5 2 7 11 9 5 7 1 2 9 5 9 10 6 7 7 7 8 7 7 7 7 8 11 2 1 9 5 9 10 7 8 4 5 10 2 10 10 7 8 8 1 9 4 5 4 4 4 4 4 11 4 4 5 7 11 4 11 2 2 6 9 8 11 11 2 5 9 5 7 7 11 11 4 4 4 5 2 10 2 6 10 9 8 7 7 8 7 7 7 10 7 7 7 8 7 9 8 10 10 8 7 7 7 7 7 7 7 7 7 7 7 7 7 7 7 7 7 7 7 7 0 7 1 2 9 8 10 7 7 7 7 7 7 10 6 7 7 7 6 7 7 8 7 8 1 4 4 4 10 2 0 9 9 8 6 8 4 4 10 10 8 8 4 10 8 4 0 10 7 0 2 9 8 11 9 5 5 7 7 11 11 4 5 5 10 7 8 6 11 4 11 4 4 5 7 7 8 11 2 11 11 3 4 4 5 5 10 7 8 4 0 0 9 7 7 7 7 8 4 10 10 8 8 11 4 5 10 10 2 2 9 8 7 6 11 4 4 5 7 7 11 11 4 4 5 2 7 11 4 5 9 11 5 7 1 2 9 3 11 5 2 4 4 3 4 11 4 4 4 4 4 4 11 4 4 5 2 9 7 7 8 6 10 10 2 2 3 9 10 7 7 7 8 8 7 7 7 7 7 7 0 7 7 10 8 6 11 11 2 2 9 9 5 0 6 7 8 1 4 11 5 7 1 4 4 4 4 11 2 4 10 9 8 8 4 4 10 10 8 8 4 0 9 6 4 10 2 6 8 4 4 10 10 8 7 8 4 10 7 7 7 7 0 7 2 11 9 5 5 9 4 5 4 4 4 11 4 4 3 4 1 4 4 5 4 10 10 7 7 2 8 4 10 2 9 9 8 1 5 7 11 2 4 4 4 4 4 4 4 4 4 11 11 3 3 4 4 4 4 4 4 4 4 4 4 4 4 4 4 4 4 4 4 4 4 4 4 4 4 4 2 4 5 11 2 3 9 5 9 4 5 10 7 7 7 11 1 5 0 7 6 8 7 1 11 4 2 9 9 4 5 4 5 3 10 7 7 7 8 1 1 4 1 4 4 9 3 5 10 10 7 8 8 4 4 4 4 4 4 4 4 4 11 2 4 4 4 10 10 7 8 7 8 6 11 4 4 4 4 5 10 10 2 2 10 6 7 9 8 6 7 8 10 10 7 7 7 8 7 8 11 1 4 5 7 11 5 9 11 2 2 3 4 4 10 8 10 7 10 8 0 2 9 6 4 10 8 7 7 7 8 11 4 4 5 10 10 7 8 2 11 2 6 11 11 2 4 3 4 5 9 5 7 11 11 4 5 4 4 4 5 11 2 6 11 4 11 4 5 4 4 3 1 4 5 4 4 0 10 2 9 10 8 8 0 9 8 11 4 11 4 3 5 5 4 11 4 4 4 4 11 4 4 4 4 4 4 4 4 4 1 4 4 4 4 4 4 5 3 5 11 11 2 2 11 4 4 4 11 4 4 5 4 3 4 4 4 4 5
ppo_q50_s3_b_fd_l4,2,qv18_10,18,146,True,719.25,6.713931560516357,5 5 7 9 1 9 5 5 7 11 9 3 5 2 10 7 8 10 8 11 4 11 1 3 5 5 7 11 9 4 5 7 8 11 11 4 5 7 8 11 1 9 5 5 7 7 11 2 9 11 5 5 7 7 11 11 5 5 4 0 10 7 8 11 11 5 2 10 2 3 9 10 7 7 8 4 0 6 8 4 4 10 2 0 9 7 6 9 8 7 8 4 10 2 10 10 8 2 9 6 8 11 2 11 11 4 4 5 0 2 9 8 11 3 4 11 4 5 2 7 11 9 5 5 7 9 7 8 7 11 11 2 2 9 8 4 4 10 10 8 6 7 7 7 7 8 4 10 2 6 7 7 7 7 11 11 2 2 3 3 11 4 4 4 11 5 4 4 4 4 1 4 5 10 6 8 11 11 5 7 2 11 9 5 4 5 7 11 1 2 9 8 4 4 10 10 8 8 11 2 1 3 9 5 10 10 6 8 2 7 11 2 9 4 10 8 6 8 4 4 10 7 7 7 7 10 7 7 7 8 4 0 7 8 4 0 6 10 7 8 11 11 2 2 3 7 11 9 8 6 7 8 11 5 11 11 4 4 5 5 7 11 5 7 11 2 11 11 5 0 2 9 3 7 11 4 4 4 4 5 4 5 7 11 11 5 2 3 7 10 7 8 10 10 7 8 7 8 11 2 4 11 2 4 9 3 4 11 3 5 2 10 2 9 10 2 2 3 10 7 6 10 7 7 6 8 8 7 7 7 7 10 8 11 4 4 5 0 9 7 7 7 7 1 3 7 11 5 2 9 7 8 11 11 4 5 7 8 11 4 5 4 4 11 4 5 10 7 8 4 10 10 8 2 7 1 9 4 5 7 7 11 11 5 1 2 9 4 4 5 7 11 11 2 3 5 3 10 10 7 7 7 7 8 2 9 8 4 10 10 7 6 7 7 8 7 7 7 7 7 7 8 1 9 11 2 5 10 2 3 10 7 7 7 11 2 2 9 8 11 3 7 11 3 4 5 5 0 10 2 3 7 11 3 7 11 2 3 4 4 4 5 7 7 7 11 2 1 1 4 4 3 3 4 9 4 5 0 7 10 7 10 7 7 7 8 4 5 10 10 8 8 4 10 0 2 9 7 8 4 10 7 10 8 2 6 11 4 5 9 9 5 4 4 5 10 7 7 7 7 7 8 11 11 4 4 4 5 4 4 4 5 10 7 7 8 7 11 2 11 3 11 2 3 4 4 5 7 11 2 4 11 4 11 5 4 1 5 3 10 7 11 2 2 9 8 4 0 7 6 10 8 7 7 7 7 0 9 9 8 4 5 10 7 7 6 7 7 7 8 10 2 7 1 4 11 3 3 11 2 4 0 2 3 11 11 5 5 10 2 9 7 11 5 3 3 5 7 7 11 11 4 2 5 7 11 11 4 5 5 10 2 9 10 7 8 2 7 10 9 8 1 2 9 5 10 6 4 10 2 2 9 9 6 7 7 7 7 7 7 7 7 7 7 2 8 4 10 2 7 6 6 7 11 11 1 5 2 9 4 5 10 8 7 6 11 11 4 5 1 4 0 2 6 11 3 3 11 4 4 5 4 4 4 4 4 4 1 4 5 7 11 2 3 4 10 10 2 7 8 11 2 9 5 9 3 10 7 8 7 8 11 5 7 1 11 2 4 10 7 9 6 8 7 7 7 7 7 7 7 8 4 10 2 7 10 7 8 7 7 1 11 11 4 5 5 7 7 11 11 3 5 0 2 9 5 4 4 4 11 5 4 11 11 5 2 9 5 7 11 3 3 11 4 4 4 4 4 4 4 4 4 4 4 4 4 4 4 4 4 4 4 4 2 4 2 4 4 11 1 4 3 3 5 0 10 10 8 8 6 11 11 2 2 11 9 4 4 5 5 7 11 4 4 11 4 4 4 4 4 4 4 5 4 5
ppo_q50_s3_b_fd_l4,3,qv18_11,18,155,True,794.25,7.115396022796631,5 5 9 9 5 5 7 11 9 5 5 7 7 11 11 5 5 10 2 7 6 11 11 4 5 5 7 7 11 1 4 4 4 4 4 4 4 4 4 0 2 9 3 10 8 8 4 4 0 10 9 8 8 9 11 2 2 9 4 10 6 8 8 4 4 10 2 10 9 7 8 4 5 10 7 8 1 1 3 7 11 4 4 1 2 9 9 8 8 11 4 5 10 10 8 6 8 4 4 10 10 7 7 7 8 1 5 9 5 0 9 10 7 7 7 8 8 1 1 3 9 7 1 4 5 9 7 11 4 4 2 4 5 0 9 9 5 7 8 11 4 5 7 11 2 11 4 4 9 5 5 10 0 6 7 7 7 7 7 8 11 4 1 3 4 5 7 11 11 4 5 5 4 0 0 0 6 9 11 5 2 9 5 10 10 7 7 6 7 7 8 8 11 4 4 10 0 8 6 8 4 4 10 10 8 2 4 10 9 8 8 4 4 10 7 8 1 11 2 3 3 10 10 8 2 11 5 10 6 11 4 5 5 7 7 11 11 4 2 1 2 9 6 11 4 3 4 1 4 5 2 9 4 3 5 7 0 9 8 4 10 10 8 8 11 2 11 4 5 3 10 10 7 7 7 7 7 8 1 2 11 5 9 3 10 2 7 7 6 7 8 1 4 4 4 11 2 9 9 5 7 8 1 11 2 3 3 10 10 7 7 7 0 7 2 6 8 4 4 10 10 8 8 4 10 7 6 4 10 8 2 10 2 3 11 4 5 4 11 4 5 0 7 7 7 9 10 7 8 7 1 2 11 5 7 11 3 4 9 4 4 5 4 3 5 10 7 8 7 11 11 2 4 5 10 7 8 11 11 5 4 3 4 4 5 7 11 4 4 10 2 8 11 4 1 2 9 8 4 10 6 4 10 8 4 2 10 6 4 10 7 6 7 8 0 7 7 7 7 8 4 10 2 7 10 2 9 3 7 11 5 5 9 7 11 5 5 7 11 5 10 7 7 11 4 4 4 4 2 2 11 4 4 2 3 3 9 5 0 10 10 7 0 7 8 8 4 10 7 6 6 8 4 4 10 10 0 2 2 9 5 10 8 4 10 9 7 8 8 1 9 4 5 7 11 4 4 4 4 4 10 2 2 9 6 8 9 11 4 4 5 5 7 7 11 1 1 4 5 11 4 4 9 5 5 10 2 7 1 3 3 10 10 8 2 9 8 4 10 9 8 8 4 10 10 8 8 11 7 8 4 4 4 4 4 4 10 8 11 4 4 4 4 5 4 4 11 4 11 4 4 4 4 4 4 4 4 4 4 4 4 4 4 4 4 4 4 4 4 4 4 4 1 2 4 4 5 9 7 7 7 8 11 11 4 4 1 5 4 5 10 2 6 11 9 5 5 7 11 2 11 9 5 5 11 5 0 7 0 7 7 6 7 7 10 8 0 9 7 8 11 11 5 4 5 3 9 11 4 2 5 7 11 11 5 5 10 2 9 10 2 2 9 8 11 3 3 7 11 4 4 5 2 9 7 7 8 11 1 11 5 2 7 6 11 11 5 5 7 7 11 2 11 4 4 11 4 4 2 3 4 5 4 4 4 4 4 4 4 4 4 4 4 4 4 4 4 4 4 4 1 4 4 4 4 4 3 3 4 4 4 9 11 4 4 2 4 5 7 11 11 4 5 2 0 9 9 5 4 5 10 7 2 10 7 7 8 7 10 6 7 7 10 7 7 7 8 2 0 9 7 7 7 8 11 4 4 4 3 4 4 4 4 4 11 5 2 11 4 3 11 5 4 5 7 6 7 11 11 1 3 4 5 5 7 10 8 11 4 11 4 4 2 5 10 2 7 1 9 4 5 4 10 10 8 8 9 8 11 11 2 2 6 4 10 7 7 7 8 9 10 7 2 7 8 7 0 6 6 11 11 5 2 3 11 4 4 5 7 6 11 11 4 5 2 7 11 3 4 5 4 10 10 8 2 7 11 11 2 4 3 5 10 7 6 8 1 11 11 2 5 3 4 4 4 4 11 4 4 4 4 4 4 4 4 11 4 4 2 4 4 4 4 4 4 5 1 9 8 11 11 4 4 4 4 4 4 3 5 4 4 4 4 4 4 4 4 4 4 5 10 2 7 11 9 5 3 5 10 10 2 0 2 7 9 7 7 9 8 8
ppo_q50_s3_b_fd_l4,4,qv18_12,18,149,True,733.25,3.152418375015259,5 5 7 11 3 7 11 3 5 5 7 7 11 11 5 5 10 7 7 8 7 11 11 4 4 4 5 5 7 10 7 7 11 2 2 9 8 11 9 5 5 7 9 11 4 4 5 7 8 7 11 11 4 5 5 10 7 7 8 11 2 11 11 4 5 5 7 7 11 11 5 5 0 9 7 8 4 4 10 10 2 2 9 5 9 10 8 8 4 10 7 7 8 9 4 5 10 10 2 2 9 3 5 10 10 8 7 0 7 8 11 4 4 4 1 2 9 4 4 5 3 10 7 7 7 7 7 8 4 10 6 4 10 8 8 4 4 10 10 7 8 1 2 9 9 8 8 7 4 7 11 2 11 4 10 2 2 3 7 7 6 9 11 2 5 7 11 11 4 4 5 2 3 4 4 9 5 4 4 11 4 11 4 5 5 4 10 2 10 0 2 6 4 10 8 9 11 5 7 6 8 11 4 4 5 10 2 10 0 7 7 6 4 10 2 6 7 6 8 10 10 7 8 2 9 4 5 10 0 8 7 7 7 7 11 11 2 3 5 7 11 11 5 0 2 9 5 3 4 4 11 4 4 2 4 4 4 4 3 9 4 5 7 11 4 4 4 4 10 2 2 9 5 4 10 10 0 8 2 9 8 4 10 7 7 10 2 6 8 11 4 5 10 7 7 6 7 10 7 8 1 2 7 9 6 8 10 7 8 7 0 6 6 11 11 5 2 9 5 11 11 5 4 4 5 11 4 11 4 5 7 1 2 11 4 5 0 9 9 8 6 8 7 11 1 2 11 11 5 3 5 11 2 9 4 5 3 10 10 8 8 10 2 0 9 9 7 7 7 8 4 0 7 7 8 6 10 7 7 10 2 7 8 7 11 2 9 11 5 0 2 9 6 8 7 11 4 4 4 4 11 4 4 4 4 5 5 10 7 7 7 8 11 11 4 4 4 5 7 8 11 11 5 0 2 9 8 11 4 3 11 5 5 11 1 3 5 10 9 7 8 8 7 7 11 2 11 11 4 4 5 0 2 3 11 4 4 4 4 4 4 4 4 4 4 4 4 4 4 4 4 4 4 4 4 4 4 4 11 4 2 9 2 3 5 3 11 4 4 4 4 2 1 3 3 11 4 4 4 5 4 0 9 7 7 7 10 7 7 7 8 7 8 11 4 4 4 4 5 10 10 7 7 8 8 4 4 10 2 7 6 11 11 2 2 9 5 11 11 2 3 3 5 7 11 4 4 1 9 8 8 11 11 5 4 5 7 1 4 4 11 2 9 9 8 8 4 4 10 2 0 9 9 8 7 8 9 4 5 10 10 7 8 2 9 4 4 5 10 10 7 8 7 8 7 7 1 1 9 11 2 2 3 10 6 4 10 8 6 8 4 4 10 10 2 8 10 7 7 10 8 7 0 2 7 7 9 8 1 4 4 3 4 11 4 5 7 11 2 4 4 11 4 5 4 3 9 5 11 11 2 2 4 3 4 11 9 5 5 4 4 0 7 7 7 7 7 7 7 7 7 7 7 7 9 10 7 8 8 4 4 10 10 2 7 8 4 10 2 6 6 9 11 1 4 5 2 4 4 9 4 5 11 4 0 2 7 7 7 9 6 8 4 10 10 7 2 8 1 9 9 8 8 10 0 2 9 9 5 5 7 11 2 11 11 3 5 4 4 4 1 4 3 4 5 0 7 11 2 9 9 5 4 4 4 5 7 10 7 6 7 7 7 7 8 4 10 7 7 11 5 4 5 10 8 11 2 9 7 10 7 2 7 7 7 7 7 8 10 10 0 6 7 7 7 7 7 7 7 7 7 7 7 7 7 7 7 7 7 7 7 7 7 7 7 8 2 9 8 7 9 10 7 7 7 8 8 10 0 7 7 6 8 4 4 10 10 7 8 2 11 2 9 9 8 8 11 4 5 7 7 11 11 5 0 2 3 7 11 3 11 5 5 7 7 11 11 5 4 4 1 5 11 2 3 4 10 10 8 7 8 10 10 7 7 7 7 2 7 7 7 6 8
ppo_q50_s3_b_fd_l4,5,qv18_13,18,155,True,767.5,4.482881546020508,5 5 9 7 11 3 5 2 10 2 3 7 9 11 5 5 10 7 7 7 8 11 4 5 7 11 11 4 5 7 1 5 7 11 9 5 5 7 7 11 11 5 5 7 7 6 11 2 11 11 5 5 7 7 11 2 11 9 3 5 2 10 7 7 8 11 4 2 9 11 4 5 5 0 10 8 4 0 9 7 7 6 6 8 11 11 2 4 5 9 10 2 7 8 4 4 10 10 6 7 8 1 5 4 10 2 10 9 6 7 7 7 2 8 7 10 2 6 11 4 4 11 5 4 5 10 8 10 6 8 11 2 11 3 11 5 7 1 11 2 2 6 4 4 4 4 4 3 9 7 11 4 4 5 7 8 11 11 2 2 4 4 4 10 10 2 6 8 9 11 2 2 9 4 5 10 10 8 6 8 4 10 7 7 8 1 9 9 8 8 11 4 4 5 4 4 4 10 0 6 7 7 10 8 7 7 8 1 1 4 1 9 5 7 11 4 1 4 5 9 10 7 8 8 11 4 4 4 4 5 10 7 2 6 7 7 7 7 7 7 7 6 9 8 4 10 10 2 8 11 5 10 7 7 7 3 7 11 4 2 2 3 7 11 4 4 1 9 3 5 5 7 11 5 7 7 7 7 11 11 2 5 10 8 4 4 4 4 11 11 4 5 4 4 5 10 2 9 7 8 7 11 11 5 5 10 2 9 10 7 8 7 8 4 4 10 10 2 8 9 4 5 10 10 6 7 7 7 7 7 7 7 7 7 2 7 8 10 0 2 9 5 3 7 11 11 4 5 5 10 2 3 4 4 4 4 9 11 4 4 4 4 4 4 4 2 5 7 7 11 11 2 3 5 9 7 7 8 4 4 10 10 2 7 8 7 7 10 10 8 7 8 4 10 2 6 7 7 10 7 8 4 4 10 10 2 2 9 6 8 11 11 4 4 4 3 4 4 5 5 4 10 7 7 7 8 11 4 11 4 2 3 5 7 7 11 11 4 4 4 4 5 7 2 7 11 1 5 3 10 10 2 8 4 0 9 9 6 8 4 4 5 10 10 7 7 8 2 7 9 5 10 7 0 7 10 8 7 8 4 4 10 2 0 7 6 11 3 7 11 5 0 2 9 8 11 3 7 11 5 2 11 4 3 9 4 5 7 8 7 11 2 11 11 4 4 5 2 11 5 0 6 7 11 9 8 7 8 4 10 7 8 4 10 6 4 10 2 6 8 4 10 10 7 7 7 8 1 7 7 7 1 2 3 7 11 4 5 4 9 4 5 4 9 11 4 4 4 5 1 2 9 11 4 4 5 5 10 7 8 11 11 4 5 0 2 9 8 9 8 11 4 5 11 4 4 4 4 4 4 11 4 4 4 4 4 4 4 4 4 4 4 4 4 4 4 4 4 4 4 4 4 4 5 5 7 7 1 11 4 4 5 3 10 10 0 8 2 4 9 5 10 9 7 8 8 11 1 4 2 3 4 3 11 9 8 4 5 7 7 7 11 2 11 11 2 5 7 11 4 9 5 0 2 9 5 3 7 11 11 5 5 7 11 11 5 2 7 11 5 10 2 9 9 8 7 6 7 7 7 0 8 4 0 7 9 7 8 4 10 9 8 8 1 1 4 3 4 3 7 11 5 10 7 7 7 11 5 5 7 7 11 2 11 4 4 5 11 11 5 4 5 11 11 2 5 1 9 8 7 9 11 4 4 4 4 4 4 3 4 4 4 4 4 4 4 4 4 4 4 4 4 4 4 4 4 4 4 4 4 4 5 5 4 10 7 7 2 1 9 11 5 4 4 5 10 2 6 10 10 2 2 9 6 8 11 11 4 3 1 4 3 5 5 7 7 11 11 2 3 5 7 11 2 4 11 5 4 11 11 2 4 5 0 9 5 10 7 7 7 7 10 2 6 7 7 7 7 8 10 2 6 7 7 6 11 11 2 4 4 4 4 5 4 4 4 11 5 7 11 4 4 4 11 4 5 2 9 5 9 7 7 8 4 4 10 10 7 7 7 8 7 8 4 10 6 4 10 2 8 10 2 3 10 10 7 7 7 8 1 2 9 4 5 10 10 8 7 7 8 6 10 10 2 2
ppo_q50_s3_b_fd_l4,6,qv18_14,18,154,True,740.0,5.740300416946411,5 5 7 11 3 7 11 5 2 9 9 5 5 10 2 7 11 9 3 5 5 10 2 7 9 7 8 11 11 1 4 5 5 9 7 7 8 11 11 4 4 5 7 8 7 11 2 9 11 4 4 5 7 8 7 11 1 11 5 5 7 7 11 11 5 5 10 0 8 9 11 5 2 0 9 6 4 10 6 8 2 9 8 4 4 4 10 10 0 8 7 8 11 2 9 9 8 8 4 4 10 10 7 7 2 8 6 7 11 11 2 2 11 3 7 11 5 3 4 5 7 11 2 9 11 4 4 4 5 7 8 11 2 11 9 5 5 4 0 10 2 9 10 2 2 9 7 7 7 6 4 10 7 8 8 10 7 7 7 7 8 7 6 7 7 11 11 2 2 1 3 4 4 3 4 9 11 4 4 2 4 4 3 5 7 10 7 7 7 8 11 11 4 5 5 7 7 11 11 1 4 4 4 5 0 2 9 8 4 10 7 8 4 10 6 8 4 10 7 10 7 7 8 4 0 2 9 8 1 9 4 3 5 10 10 2 2 9 9 8 8 11 4 4 3 4 5 7 11 5 7 11 11 4 4 5 5 7 7 11 4 5 4 10 2 10 10 8 8 4 0 9 7 7 7 8 7 9 10 7 7 8 7 7 7 7 7 7 8 11 4 4 4 4 4 4 4 4 5 10 2 10 10 7 6 7 7 8 2 4 10 8 4 10 2 3 4 4 11 4 4 4 4 5 0 7 7 10 10 8 2 11 5 7 7 7 6 7 6 11 11 4 4 5 4 5 7 7 11 11 4 4 5 4 5 11 5 7 11 4 3 7 11 2 4 1 2 3 3 9 5 7 10 0 7 8 9 11 5 5 7 7 11 4 5 4 10 2 10 10 8 7 7 8 7 7 10 7 7 11 5 2 7 11 5 0 9 9 8 7 8 7 9 7 8 7 7 7 11 11 2 2 11 11 4 5 4 5 10 2 7 9 11 4 4 3 5 2 9 5 10 7 11 2 3 4 4 5 0 7 7 0 9 6 7 7 8 4 4 10 10 2 6 7 8 11 4 4 5 10 10 7 7 2 6 8 4 4 10 10 7 7 7 8 1 2 3 9 7 8 11 11 5 2 9 7 6 8 11 1 4 3 5 7 7 11 11 4 5 2 7 11 11 2 5 7 6 11 11 4 5 4 4 5 7 11 2 11 3 4 11 2 4 4 5 10 2 6 9 8 7 7 7 7 7 10 7 7 8 4 10 7 7 7 7 6 7 7 7 8 7 7 7 11 2 11 11 2 2 11 4 4 3 4 4 5 4 3 4 11 4 9 5 5 7 11 5 7 11 11 2 3 5 7 11 11 4 5 2 10 2 7 1 3 10 9 8 8 4 4 3 10 10 7 2 6 7 7 8 4 4 4 11 4 5 10 10 7 7 7 7 8 7 1 1 2 9 4 5 10 7 9 6 7 7 8 8 4 11 2 9 11 5 7 7 8 11 5 10 7 10 0 6 7 7 7 7 7 7 8 4 5 4 10 2 10 7 8 11 11 2 5 10 6 8 11 11 4 3 4 4 5 2 7 11 1 2 9 4 5 7 11 4 3 5 11 11 2 4 2 3 11 3 9 5 7 7 8 10 7 11 4 4 4 4 4 5 1 4 0 2 9 8 7 7 7 10 7 8 4 4 10 10 8 7 8 10 10 8 8 9 10 8 1 2 9 8 4 10 6 10 2 7 7 6 7 7 6 8 7 7 7 7 7 7 7 7 7 7 7 7 7 7 7 7 7 7 7 7 7 7 10 2 3 10 10 2 8 10 2 7 7 0 9 9 8 4 5 10 7 8 4 10 7 10 8 1 2 9 9 8 7 7 6 7 7 8 11 2 4 10 6 7 10 2 8 10 10 0 2 6 6 7 10 7 7 7 7 7 7 7 7 7 7 7 7 7 7 7 7 7 7 7 7 7 7 8 6 7 8 7 1 1 4 10 2 3 10 7 7 6 8 11 11 2 5 7 11 2 9 3 5 4 10 10 7 2 8 7 7 9 7 7 8 4 10 7 10 7 2 8 10 10 2 6 7 8
ppo_q50_s3_b_fd_l4,7,qv18_15,18,156,True,777.75,3.2033841609954834,5 5 7 11 6 11 5 5 7 7 11 11 5 5 9 9 4 5 7 8 11 11 5 5 10 7 8 11 11 4 5 5 0 7 11 2 4 9 4 4 4 4 4 4 4 0 2 9 9 6 8 2 9 4 10 8 8 4 4 10 10 8 8 11 4 5 10 10 8 8 4 10 7 7 7 7 7 7 1 9 8 4 5 0 7 7 9 8 4 4 10 10 7 8 2 11 9 5 4 4 1 3 4 5 7 7 10 8 11 4 4 11 5 5 4 11 4 5 10 7 7 8 4 0 7 10 2 9 9 5 0 7 8 1 4 4 4 10 2 9 6 8 11 11 2 2 9 3 7 11 5 5 7 11 4 5 9 7 11 5 5 10 7 7 8 11 4 1 2 4 4 3 10 10 8 2 7 9 7 6 8 4 10 10 7 7 7 7 8 2 4 10 7 9 8 1 2 9 8 9 4 10 8 7 8 4 1 9 4 4 5 7 11 4 4 5 0 7 6 7 7 7 11 4 4 11 4 5 7 8 11 11 2 3 4 5 7 11 4 11 4 5 1 2 9 8 7 11 11 5 2 10 6 4 10 7 6 7 8 2 4 10 8 6 4 10 10 7 8 7 8 4 4 4 10 7 10 2 8 11 5 3 10 10 8 2 4 0 7 6 7 11 11 5 5 7 10 8 11 4 11 4 4 5 3 5 7 7 7 11 4 11 4 1 2 2 9 3 4 11 4 2 3 4 5 7 7 10 7 8 9 4 10 7 0 2 2 9 5 10 9 8 4 3 5 10 7 0 8 7 10 7 7 8 4 0 7 7 6 4 10 2 7 7 7 11 11 2 5 9 5 9 7 7 8 11 11 4 5 4 4 4 4 5 7 1 3 11 4 1 2 9 9 5 4 4 5 10 6 8 11 11 4 5 2 0 9 8 11 5 4 10 10 2 7 8 4 0 6 10 8 11 5 4 10 10 2 8 9 4 5 10 10 8 8 10 9 7 8 8 4 10 7 8 7 1 1 9 9 5 5 10 7 8 11 11 5 1 5 4 11 4 5 0 9 9 5 4 5 9 7 11 5 5 10 7 11 5 2 10 2 3 10 6 4 10 2 7 8 7 10 6 7 10 8 4 4 5 10 7 0 7 7 6 7 7 8 4 4 10 10 8 2 4 0 7 7 11 2 9 3 7 11 5 4 5 7 9 7 7 8 11 11 4 1 2 5 1 9 5 11 9 5 0 2 9 3 5 7 7 6 10 8 11 4 4 11 4 5 1 4 4 4 5 10 2 9 7 11 5 4 4 5 7 11 9 5 4 0 7 1 2 9 5 10 9 8 6 8 11 4 4 5 10 10 2 7 7 8 10 2 6 4 10 10 8 8 10 7 11 2 5 7 9 6 8 4 10 10 7 7 0 7 8 7 7 8 1 4 4 1 3 9 5 10 10 8 2 9 4 5 7 7 11 11 4 2 5 3 4 4 4 4 1 1 3 9 5 4 11 4 11 2 5 9 7 8 4 4 10 10 2 6 8 6 10 10 8 8 10 2 0 6 9 8 4 10 10 0 8 7 7 7 8 4 0 7 7 11 2 6 7 11 11 3 4 5 2 10 2 9 3 9 5 7 7 8 11 2 11 11 2 3 4 5 7 11 5 9 7 11 4 4 4 5 0 8 4 10 2 9 10 2 2 6 11 4 3 3 4 4 4 4 4 11 4 4 5 2 3 10 10 2 2 7 10 2 3 9 7 8 11 4 3 5 10 10 7 7 7 7 8 0 7 2 10 10 2 6 6 6 8 4 10 0 10 2 8 4 10 7 6 10 8 2 1 9 4 4 3 3 5 10 7 7 7 8 11 11 4 4 4 4 5 7 8 11 2 11 11 4 4 2 3 4 4 5 10 7 8 11 11 4 1 2 5 7 9 8 1 4 4 3 10 10 7 8 8 7 7 10 10 2 7 7 6 6 8 10 10 7 7 6 8 2 1 9 8 7 7 7 10 7 7 7 10 7 7 7 7 7 7 7 7 7 7 7 7 7 7 7 7 7 7 8 2
ppo_q50_s3_b_fd_l4,8,qv18_16,18,157,True,786.0,8.748623609542847,5 5 7 11 3 7 11 5 2 9 9 5 5 10 2 9 7 11 4 3 5 2 9 7 7 8 11 11 4 5 5 7 7 11 11 5 5 7 10 8 11 4 11 5 5 10 2 7 7 7 7 9 7 7 8 11 11 2 3 5 7 7 11 11 5 2 7 11 5 7 9 11 1 4 5 5 7 7 11 11 5 5 0 7 11 2 9 5 10 9 8 8 9 11 2 1 2 9 5 10 6 4 10 7 8 8 11 4 5 10 10 2 6 8 4 4 10 10 7 2 8 4 10 9 7 8 8 6 11 11 2 1 2 4 3 4 4 4 3 9 10 7 2 8 4 10 6 10 8 2 4 10 7 8 4 10 7 9 8 8 4 4 10 10 0 8 2 1 9 9 8 8 11 1 2 4 9 9 5 3 4 4 5 10 7 7 7 7 7 8 11 4 11 4 4 4 4 4 4 4 4 4 4 5 2 0 9 7 8 9 11 5 4 5 10 7 0 8 4 10 7 10 8 1 2 9 6 4 10 7 2 6 11 8 6 8 7 11 2 9 11 4 1 2 5 10 7 7 6 7 8 11 2 4 11 11 4 5 4 3 4 4 4 4 5 7 11 2 3 10 6 4 10 8 8 7 7 10 7 7 8 4 4 10 10 7 7 8 7 7 8 4 10 2 6 7 11 11 2 2 9 4 5 7 11 4 1 2 3 10 7 7 9 8 8 1 1 9 3 7 11 3 5 5 7 7 11 11 4 4 5 5 7 7 11 11 2 5 4 11 2 11 3 5 10 10 2 2 9 6 4 10 8 8 0 7 7 7 6 7 7 10 7 7 8 6 11 11 5 2 10 8 1 9 9 8 7 8 7 1 9 4 5 10 7 8 11 11 5 7 1 2 6 11 11 4 5 4 3 4 4 4 4 4 5 11 1 2 9 9 5 4 5 11 4 2 10 6 10 8 7 8 4 4 10 2 10 6 10 8 7 8 7 11 2 4 10 2 6 7 10 7 0 6 8 11 11 5 2 9 7 11 5 4 4 1 4 5 10 2 9 8 4 10 9 6 8 4 4 4 5 10 2 7 10 7 8 4 10 10 8 4 0 2 7 6 9 8 7 6 7 11 11 2 2 9 8 11 3 11 2 4 4 5 7 11 5 7 11 3 7 11 2 2 9 8 11 11 5 3 4 4 5 0 7 7 7 7 7 7 7 7 9 8 7 11 11 2 5 10 6 11 4 4 4 4 4 4 5 4 4 4 4 5 10 7 7 8 11 11 4 5 7 8 11 1 4 4 4 5 0 10 6 10 2 2 9 6 4 10 2 2 9 6 4 10 2 6 8 9 10 7 7 7 2 7 6 8 4 4 10 2 10 7 7 9 8 8 7 1 1 11 2 9 9 5 7 8 11 11 4 4 5 5 4 0 10 2 10 6 9 7 8 7 7 8 7 7 7 7 11 2 11 3 7 11 2 3 4 5 4 4 10 2 3 3 10 4 11 4 5 5 11 11 5 1 11 4 5 2 9 7 8 11 4 3 10 7 7 8 2 9 8 11 4 5 7 10 7 10 7 7 7 7 7 8 2 4 10 7 7 8 11 11 2 5 10 2 3 3 4 4 11 4 5 7 11 3 7 11 5 4 1 1 2 3 9 11 5 5 10 7 7 7 8 11 2 9 11 4 4 5 0 2 9 3 4 4 4 4 4 4 4 4 4 4 4 4 4 4 4 4 4 4 4 4 4 4 4 4 4 4 5 10 7 2 7 11 11 2 4 3 3 4 4 4 5 9 7 11 5 2 1 11 3 4 4 4 4 4 1 5 10 2 9 6 11 2 4 3 5 0 0 9 8 4 10 7 9 6 7 8 8 10 7 7 8 7 11 11 2 5 7 11 2 11 3 10 2 7 2 9 8 7 6 6 10 10 7 2 7 7 8 11 2 4 4 10 10 8 8 6 10 10 2 2 7 10 7 7 10 7 7 7 7 7 7 7 7 7 7 7 7 7 7 7 7 7 7 7 8 6 8 9 6 7 7 7 8 4 4 10 2 10 10 2 2 10 6 6 7 8 11 11 4 4 5 4 4 4 4 5 4 10 10 8 8
ppo_q50_s3_b_fd_l4,9,qv18_17,18,156,True,785.5,3.010373592376709,3 5 2 9 9 5 5 7 7 11 11 5 5 7 7 11 2 11 4 9 5 7 8 11 1 9 4 4 8 8 11 2 9 11 5 5 7 7 11 11 5 5 10 0 2 7 6 9 11 5 2 7 11 3 7 11 4 5 5 7 7 11 11 3 5 2 0 9 7 8 11 4 5 10 10 8 1 2 6 9 4 5 3 10 10 0 8 8 11 4 5 10 10 2 8 4 10 7 7 6 4 10 7 8 4 0 7 2 9 9 8 7 7 8 7 7 7 11 11 5 4 5 10 2 10 10 2 7 8 4 9 3 3 5 7 7 11 11 5 7 1 4 2 11 9 5 5 10 2 9 7 6 11 4 5 2 7 11 4 5 7 11 3 7 11 4 4 4 5 5 4 4 4 4 10 10 2 0 2 9 8 4 3 9 4 5 10 7 10 0 7 2 7 6 8 4 4 10 10 6 7 7 8 7 7 7 8 11 2 9 4 11 2 2 3 11 4 4 4 5 10 10 2 2 6 4 10 6 8 4 10 10 6 7 8 8 11 4 5 10 10 8 8 1 1 9 4 5 4 4 4 11 9 5 4 4 4 4 4 5 10 2 10 10 2 2 6 9 8 4 4 10 10 8 7 8 7 7 10 10 7 6 8 8 11 2 11 4 10 2 8 6 11 4 4 4 4 5 7 11 4 4 11 2 2 4 11 6 4 4 4 4 4 4 4 3 5 7 7 7 7 7 7 7 7 7 7 7 9 7 8 4 10 7 7 7 7 10 8 7 2 11 11 4 4 2 5 7 11 2 4 9 3 4 4 4 4 4 5 7 7 7 11 11 4 4 4 4 5 5 0 10 2 3 9 5 7 10 9 8 7 8 4 10 10 7 8 8 4 4 10 10 7 7 0 8 4 0 2 7 7 9 8 4 10 7 9 8 0 2 9 5 7 11 11 3 4 4 5 7 8 1 4 4 4 9 4 5 7 6 11 11 4 4 4 2 4 5 3 4 10 10 2 2 9 7 8 4 4 10 10 2 6 7 7 8 1 9 5 3 7 11 11 4 4 5 2 4 4 11 11 2 2 9 8 4 9 10 8 4 0 2 9 5 10 6 4 10 8 2 0 9 9 8 7 7 8 4 10 10 8 8 4 10 7 7 7 7 8 9 7 8 11 11 2 2 11 9 5 4 5 7 11 4 5 4 0 10 2 9 3 7 11 5 5 7 7 11 11 5 7 1 2 3 3 10 10 2 8 4 10 6 7 7 7 7 7 7 8 11 2 11 11 5 5 10 2 10 7 7 7 7 8 6 11 4 3 5 7 7 11 11 4 4 4 5 0 2 3 9 5 4 9 11 4 4 5 2 7 11 11 2 2 4 11 4 5 3 10 10 8 8 11 4 10 8 2 6 9 8 4 4 10 10 2 7 7 8 11 5 10 9 8 6 8 10 0 7 8 4 10 6 4 10 2 2 6 11 4 5 7 11 3 7 11 4 5 1 2 1 9 11 5 5 10 7 8 4 11 9 3 4 5 2 1 9 8 10 7 10 7 7 8 8 10 8 1 3 9 10 8 7 8 4 10 7 7 7 0 6 7 11 2 2 9 11 5 5 9 7 11 5 2 4 9 4 5 11 4 11 1 4 4 4 4 4 4 5 2 7 11 2 3 3 7 10 7 7 7 7 7 7 7 8 7 7 7 10 6 7 0 7 7 6 8 11 11 2 2 11 5 4 4 4 0 9 9 5 4 4 5 7 11 4 4 4 5 7 7 11 11 4 4 4 4 5 0 7 7 8 11 2 6 4 10 7 8 4 10 9 8 7 7 7 8 9 4 10 2 2 7 10 6 7 10 8 2 11 2 6 9 6 8 11 11 1 4 5 4 3 5 10 7 7 7 7 8 11 4 1 11 2 4 3 5 7 7 11 11 5 0 2 9 3 5 11 4 5 7 7 11 11 5 5 7 11 2 3 7 11 11 5 5 4 10 0 2 9 7 11 5 5 10 2 3 10 10 8 7 7 8 4 10 10 7 7 8 2
ppo_q50_s3_b_fd_l4,10,qv18_18,18,158,True,796.75,7.3251259326934814,3 5 2 9 9 5 5 10 7 2 11 9 4 5 5 9 7 11 4 5 7 8 11 2 11 9 4 4 8 8 11 11 4 4 8 8 4 4 10 0 8 4 10 6 8 4 4 10 10 7 8 2 7 6 11 11 2 4 5 7 7 11 11 4 4 4 4 4 5 5 7 7 11 1 2 9 8 11 9 3 4 5 5 10 0 7 7 11 5 5 10 0 6 7 8 4 9 10 8 1 2 9 5 10 9 8 4 0 6 8 4 4 10 7 8 11 11 2 2 9 3 5 0 10 7 8 9 4 10 7 7 7 7 8 8 1 1 3 7 11 3 4 4 4 4 4 4 5 4 4 10 7 7 11 2 2 9 4 4 5 9 7 11 5 5 4 10 0 2 10 7 8 4 10 6 4 10 2 6 8 11 4 10 2 8 4 10 6 7 7 7 7 10 8 8 11 2 11 4 3 3 5 7 7 7 11 11 1 2 2 9 8 4 4 11 4 4 4 4 4 5 0 9 9 4 3 5 7 7 8 11 2 11 4 0 2 3 10 6 4 10 7 2 6 8 4 4 10 10 2 7 6 6 8 11 4 4 5 10 0 0 6 6 7 8 4 4 10 10 7 7 7 8 2 11 3 5 10 10 2 2 9 5 10 7 6 7 11 2 1 2 6 4 9 4 4 5 4 4 4 11 11 5 4 4 4 4 5 0 7 6 4 10 7 7 7 11 5 4 5 10 7 2 10 6 7 7 8 4 10 6 7 10 2 8 6 11 4 5 7 7 11 11 2 2 9 5 10 7 7 7 7 8 4 9 7 11 1 2 2 4 4 4 3 9 11 4 5 4 4 5 7 7 11 11 4 3 5 7 7 8 11 11 4 4 5 7 8 11 1 2 4 4 4 10 10 8 8 11 2 4 3 10 10 8 7 7 8 11 2 11 9 4 4 4 5 5 0 9 5 10 10 6 7 8 7 7 7 7 7 8 7 11 2 9 4 10 8 8 4 10 7 0 8 9 7 6 4 10 8 2 1 4 4 11 2 9 9 5 4 5 9 11 4 4 4 5 0 7 6 7 7 7 8 7 11 2 11 4 4 4 9 4 4 4 5 7 7 8 7 11 2 4 4 4 4 4 11 4 3 5 10 10 2 2 9 3 5 10 10 0 8 0 2 9 3 4 5 10 10 7 8 7 7 7 6 8 11 4 4 5 7 10 10 8 8 4 10 10 8 7 8 11 4 4 10 2 6 7 8 4 10 7 7 7 7 11 2 5 10 8 7 7 11 2 11 11 5 5 10 2 9 3 7 11 5 3 5 7 7 11 1 2 9 6 11 4 5 2 7 11 4 5 7 11 11 2 2 3 10 7 9 8 7 7 7 7 7 7 7 7 8 11 2 11 4 11 5 3 4 3 5 10 7 7 11 2 1 2 9 8 9 9 8 7 7 7 8 11 2 4 11 4 4 11 3 4 4 4 4 4 4 4 4 4 5 4 5 7 1 11 4 2 4 10 10 7 8 8 4 4 10 10 2 7 8 7 7 10 7 6 8 7 10 7 8 10 10 8 7 6 8 4 4 10 10 7 7 8 1 2 9 5 9 5 10 10 8 2 9 4 5 7 7 11 11 4 2 4 3 5 11 4 4 11 1 4 2 5 4 4 11 5 4 4 11 4 4 3 9 5 7 1 2 9 5 9 9 5 7 7 8 11 4 4 2 4 9 11 4 4 4 4 4 4 4 4 4 4 4 4 4 4 4 4 4 4 4 1 4 4 5 2 10 7 7 8 11 11 2 4 3 4 5 7 11 4 4 4 3 4 4 4 5 7 11 4 1 2 6 6 11 11 4 4 5 4 4 4 4 4 5 7 7 11 2 9 4 4 5 10 10 7 8 8 7 10 7 1 2 3 10 9 8 7 7 7 7 7 6 8 4 11 4 5 4 10 10 7 7 2 7 8 9 4 4 5 10 10 7 7 7 7 7 8 1 1 2 9 4 4 5 10 7 7 6 4 10 6 7 8 1 5 1 9 8 9 4 5 10 10 7 8 7 7 8 4 4 10 10 8 2 7 7 7 10 7 10 7 7 7 7 7 7 7 7 7 7 7 7 7 8 7 0 2 9 9 5 7 7 8 1 9 8 4 4 10 10 8 7 7 7 7 8 10 0 2 3 3 10 10 7 2 7 7 8 4 10 7 7 10 8 2
ppo_q50_s3_b_fd_l4,11,qv18_19,18,151,True,736.5,8.688035249710083,5 5 9 9 5 5 7 7 11 2 11 9 5 5 0 0 6 11 5 9 5 7 7 11 11 5 5 7 7 11 11 5 5 7 10 8 11 4 11 2 2 9 9 4 4 5 5 9 7 11 4 5 7 8 11 2 11 9 5 5 0 10 9 5 7 7 8 11 4 4 5 10 10 7 8 7 0 7 7 8 11 2 9 9 5 5 7 11 5 0 7 10 6 7 8 11 4 4 4 4 4 4 4 4 5 4 11 11 2 1 2 4 4 9 4 4 4 4 4 4 4 4 4 4 4 4 4 4 4 4 4 4 4 4 4 4 4 4 4 4 4 11 4 5 5 9 4 4 3 5 7 7 11 11 5 2 11 5 7 11 2 9 3 7 11 4 5 2 7 11 4 5 11 2 3 9 10 7 7 7 2 6 8 4 4 10 10 2 7 7 8 0 6 9 4 5 10 7 8 4 4 10 10 7 2 8 10 10 7 8 2 11 11 2 3 5 10 7 8 11 1 4 4 9 5 4 4 4 4 5 10 0 7 6 6 7 7 7 8 4 10 2 9 8 6 11 11 5 5 11 11 4 4 5 4 4 5 7 11 4 4 1 1 2 9 9 5 4 3 5 10 7 8 4 10 7 8 1 9 11 4 4 5 5 0 0 10 8 4 10 9 7 8 7 7 6 7 8 1 4 11 3 5 10 10 7 8 4 5 10 2 10 9 8 8 7 7 1 11 4 10 2 8 6 4 10 10 8 1 4 4 4 4 4 4 4 4 5 7 11 2 6 9 11 4 5 5 7 7 11 2 4 3 10 10 2 7 7 7 8 11 2 3 11 5 9 4 5 4 3 4 10 10 8 2 7 7 9 10 7 7 8 7 7 7 8 4 10 0 7 7 9 8 7 7 7 8 1 1 4 10 2 3 9 7 8 11 11 3 4 4 5 5 7 11 4 11 4 5 2 9 7 8 4 11 4 4 4 5 7 11 5 11 4 5 7 10 7 10 7 8 7 7 8 10 7 7 8 10 7 10 7 7 7 7 8 2 1 9 5 7 11 4 4 11 2 2 9 8 1 9 3 3 7 11 2 3 4 5 4 4 11 2 1 4 4 4 4 4 4 11 9 5 0 2 9 5 4 10 10 8 8 6 4 10 7 6 10 7 8 8 4 4 10 10 8 8 7 7 10 8 4 10 10 2 8 11 2 4 3 4 11 4 4 11 5 0 2 9 3 3 4 5 7 11 11 2 2 4 4 11 4 5 3 4 10 10 2 2 10 10 8 8 9 4 10 8 7 6 7 7 7 8 10 2 10 6 6 10 7 7 8 4 5 10 0 2 9 9 7 8 8 1 11 4 5 9 10 8 8 4 4 10 2 10 2 9 6 7 11 4 5 2 0 10 2 3 7 11 3 7 11 5 3 5 7 7 11 11 5 2 10 8 6 11 11 2 5 9 5 11 11 4 5 4 4 1 4 1 2 9 4 4 3 10 7 6 8 2 7 7 10 10 7 8 1 2 9 9 8 6 7 7 7 7 8 11 4 1 4 4 4 4 4 5 7 11 4 2 3 11 11 4 4 4 4 4 4 5 2 10 2 6 6 7 6 10 7 7 8 10 7 7 10 7 7 7 0 2 6 8 11 4 5 9 5 10 0 10 8 6 7 7 8 4 10 7 7 7 11 4 5 0 7 1 2 9 5 9 5 3 11 4 4 4 4 4 4 4 4 4 4 4 4 4 4 5 11 11 4 2 4 4 5 10 2 6 10 7 7 7 7 10 7 0 2 6 8 11 4 5 10 9 7 8 8 11 4 4 4 5 4 9 4 4 5 10 7 10 8 7 8 10 2 10 7 7 10 7 2 7 8 9 4 5 10 10 2 2 6 10 7 6 10 7 2 7 8 6 10 7 7 7 10 7 7 7 7 7 7 7 7 7 7 7 7 7 7 7 7 7 7 8 2 0 9 8 10 7 8 7 10 10 2 7 6 7 8 11 2 9 9 8 8 11 11 4 4 4 4 4 4 4 4 5 4 5
ppo_q50_s3_b_fd_l4,12,qv18_2,18,153,True,748.25,9.101922035217285,5 5 7 9 11 5 5 9 7 7 8 11 11 1 5 5 7 11 9 3 5 2 10 7 8 10 8 11 4 11 4 4 5 5 7 7 11 2 11 9 5 5 7 7 11 11 5 5 10 0 7 7 6 7 8 4 10 2 10 7 6 6 8 11 11 1 4 4 5 7 1 2 9 9 5 4 5 10 7 7 8 9 8 11 4 10 7 8 2 6 11 4 5 7 7 11 11 4 4 4 5 4 5 10 2 6 7 11 11 4 4 5 5 10 2 9 7 11 4 5 5 10 2 0 9 9 8 7 8 11 4 4 4 5 10 8 4 10 10 7 8 1 5 10 7 7 7 7 0 2 9 3 5 10 10 7 2 6 7 7 7 7 7 8 7 11 2 1 3 3 3 10 7 10 8 8 11 4 5 11 4 4 4 11 4 4 4 4 5 5 10 7 8 11 11 4 5 4 4 5 1 4 10 2 9 9 8 7 8 11 2 1 1 9 3 10 8 2 7 7 6 0 7 9 8 9 4 10 8 8 4 10 7 10 2 7 7 7 7 8 10 10 8 2 4 4 4 11 3 7 11 5 4 4 4 4 4 4 5 10 10 8 1 2 9 9 8 8 11 9 4 4 4 5 5 11 4 4 4 5 10 10 8 8 11 2 11 5 0 7 6 6 10 10 7 7 7 8 7 7 8 4 10 10 8 2 6 11 4 5 7 7 11 11 4 2 4 5 4 10 10 8 2 9 4 5 7 10 7 8 6 11 11 4 2 5 7 11 11 2 4 1 5 9 7 9 8 8 11 2 11 11 5 4 4 4 4 4 4 5 10 2 9 9 8 8 1 1 9 5 10 7 7 7 7 7 6 7 7 7 6 7 8 4 10 4 4 4 10 7 7 8 7 7 7 7 8 7 7 11 2 11 1 3 3 10 2 2 10 8 9 4 10 8 2 6 11 11 2 2 9 5 7 11 5 7 1 9 9 5 4 5 4 4 9 4 5 7 11 4 4 1 1 9 5 1 2 9 4 5 9 9 5 5 10 2 10 10 7 7 7 8 7 6 8 11 11 5 2 10 8 4 10 6 4 10 8 2 11 5 10 7 6 7 10 7 2 7 7 8 11 2 11 9 5 1 2 6 9 4 3 5 7 7 10 4 11 4 4 4 4 4 4 1 4 4 1 5 2 3 3 10 10 7 2 8 9 8 4 11 4 5 10 7 7 7 10 7 8 2 9 8 11 4 10 6 7 8 0 0 6 6 10 8 2 11 5 4 10 10 7 6 8 8 1 11 2 1 9 5 3 4 4 4 4 1 4 1 3 3 4 11 3 4 5 7 7 11 11 2 5 11 2 1 9 9 8 8 10 2 9 7 7 10 6 8 2 10 0 6 4 10 8 8 4 4 10 10 2 6 8 10 7 10 7 6 7 8 8 4 4 10 2 9 7 11 5 5 4 10 0 7 8 11 2 1 9 9 3 5 2 11 5 4 4 11 11 2 5 7 6 11 9 4 4 5 7 8 11 4 5 7 7 11 11 5 1 1 2 3 9 9 5 7 7 8 11 2 11 11 5 5 10 2 3 10 4 11 4 4 4 4 4 4 4 4 4 4 4 4 4 4 4 4 4 4 4 4 4 4 4 4 4 4 4 4 5 4 1 4 4 4 5 10 2 9 9 5 4 4 5 10 2 6 6 10 10 2 8 7 11 2 11 7 9 8 6 8 4 11 1 5 4 4 11 2 1 4 9 4 3 5 10 10 2 2 10 9 6 8 8 4 10 8 4 10 7 10 8 8 7 11 4 0 2 9 9 8 1 5 10 2 6 11 3 11 4 5 2 7 11 4 3 11 4 3 4 4 4 4 5 5 10 0 0 8 11 2 3 7 6 11 11 2 3 3 5 7 7 11 11 4 4 5 2 7 7 11 1 2 9 9 5 7 8 4 10 6 8 11 11 5 2
ppo_q50_s3_b_fd_l4,13,qv18_20,18,155,True,787.25,3.525550127029419,5 5 9 9 5 5 7 7 11 11 5 5 7 7 11 11 5 5 10 2 7 6 11 11 4 5 5 7 7 11 1 2 9 9 4 4 5 5 10 7 11 4 5 5 7 7 11 11 5 5 0 7 9 9 8 1 2 9 6 4 10 8 8 4 11 5 10 7 10 7 8 8 11 4 5 10 10 2 6 8 4 4 10 10 8 8 4 11 5 10 7 10 7 7 8 7 8 7 11 11 2 5 7 1 9 4 5 10 7 6 8 11 11 1 4 2 2 9 9 4 3 4 4 4 4 4 2 5 7 11 3 7 11 4 2 1 5 10 2 6 4 10 6 4 10 7 7 7 8 7 7 8 7 11 1 2 9 9 4 5 4 5 10 7 7 7 8 9 7 7 7 7 8 7 7 7 7 7 11 11 2 2 11 3 4 11 5 3 5 4 1 4 11 2 9 9 8 8 11 1 11 5 4 4 4 3 5 0 10 7 8 6 10 8 7 7 7 7 7 10 10 2 6 8 11 1 5 7 11 4 11 5 5 10 2 9 7 11 3 5 5 7 11 11 2 5 11 11 5 0 2 9 5 9 9 5 5 7 7 10 7 7 7 7 8 7 7 11 2 11 11 5 4 5 7 7 11 11 5 5 10 7 8 11 11 5 2 9 7 8 4 10 6 4 10 2 6 7 8 4 4 10 10 7 8 7 8 4 10 8 7 7 7 10 4 7 4 7 7 7 7 7 7 11 1 5 7 1 2 6 9 11 3 5 5 7 7 7 11 4 1 2 9 6 11 4 5 7 8 11 4 5 10 7 11 5 1 4 4 4 5 10 10 2 6 8 11 4 5 10 10 2 7 8 7 11 2 4 3 4 4 3 9 5 7 7 11 11 5 2 7 11 11 2 5 0 9 8 4 9 10 8 6 7 8 4 10 7 0 9 5 5 10 2 10 10 8 8 4 10 6 4 10 7 2 7 6 8 11 1 4 5 9 5 10 10 7 8 7 8 11 5 4 10 10 8 8 1 11 3 5 7 11 11 2 3 4 5 4 0 0 7 10 8 4 0 9 6 10 8 8 11 2 9 4 4 11 5 5 7 10 7 8 7 11 11 5 5 10 7 7 8 6 11 11 4 1 2 2 4 11 3 4 3 5 7 7 11 11 4 2 3 3 5 7 11 11 1 4 3 5 2 10 0 2 9 5 7 1 3 9 10 8 7 8 4 10 6 4 10 8 7 1 2 11 5 10 7 6 10 7 7 2 6 7 7 8 4 4 10 10 7 8 1 2 9 4 4 3 5 9 11 4 2 5 7 11 4 4 5 7 7 11 11 4 4 5 1 2 9 5 7 9 6 7 8 4 4 4 10 10 2 2 10 7 8 6 9 4 10 8 4 4 4 4 5 10 2 7 10 6 4 10 7 7 8 4 5 10 0 2 9 6 10 7 7 7 2 7 8 7 7 10 2 7 7 11 11 2 3 3 4 4 4 5 4 11 2 4 11 4 3 4 4 4 5 7 11 4 3 4 11 2 2 11 2 9 9 8 8 4 4 10 10 6 7 7 7 8 4 0 7 0 2 10 6 7 6 4 10 7 8 4 5 10 7 10 8 7 8 11 4 4 5 7 7 11 2 4 4 10 10 8 2 9 7 7 7 7 8 9 11 4 4 4 4 4 4 4 5 4 5 1 4 4 4 9 4 5 7 11 3 11 2 2 1 9 5 9 9 5 7 7 8 11 2 4 4 10 10 7 7 7 7 7 7 8 1 2 9 4 3 10 7 6 8 8 4 10 10 2 8 10 7 7 10 7 8 2 10 7 7 8 11 2 4 11 3 4 4 4 3 3 4 4 4 5 7 11 11 4 2 4 4 5 7 11 11 5 2 9 5 3 7 11 5 4 10 10 7 0 7 8 2 1 9 9 8 7 6 8 11 4 5 4 11 4 5 10 7 7 10 7 7 8 2 7 7 7 6 10 8 10 10 2 2 7 10 10 7 6 8 8 11 1 2 9 9 8 8 11 11 1 4 4 4 5 4 4 4 5 11 4 4 11 4 4 4 4 5 5
ppo_q50_s3_b_fd_l4,14,qv18_21,18,155,True,774.25,2.823251485824585,5 5 9 9 5 5 7 7 11 11 5 5 7 7 6 11 11 1 5 5 7 7 11 1 2 9 9 4 5 7 8 11 9 4 4 5 7 8 7 11 2 11 2 9 11 4 5 7 8 11 11 5 5 7 7 11 11 5 5 0 0 9 8 9 9 7 8 4 5 10 2 10 7 7 7 9 8 7 8 4 4 4 10 2 6 4 10 10 7 2 8 4 10 6 7 7 7 7 11 4 5 5 10 7 7 11 2 1 2 6 11 3 4 5 7 7 11 11 2 4 4 5 7 1 3 3 9 5 7 7 11 2 11 4 4 3 11 2 2 9 3 5 10 7 7 10 7 8 7 7 7 7 7 8 4 10 2 9 7 8 7 11 11 2 2 6 11 4 3 7 11 2 3 5 0 0 7 7 6 4 10 7 7 8 9 11 4 4 4 5 7 8 11 4 5 7 7 11 11 5 5 7 11 11 2 2 3 4 11 4 3 5 4 10 10 2 2 10 9 8 7 7 7 7 7 0 2 7 7 9 6 8 11 4 5 10 10 2 2 9 8 11 4 5 7 11 3 7 11 4 5 2 3 11 4 3 1 4 5 4 4 4 4 10 10 2 2 6 9 8 4 10 10 6 8 2 10 2 6 7 10 10 6 7 7 7 7 8 7 8 7 11 4 5 4 10 2 10 10 8 1 2 3 7 11 4 5 7 1 9 4 5 9 5 9 7 11 4 4 4 4 4 1 5 1 2 11 4 3 4 3 5 7 7 4 7 11 4 4 4 4 4 4 4 4 4 4 4 4 4 4 4 4 4 4 4 4 4 4 4 4 4 4 4 4 11 4 5 5 7 1 9 4 5 4 4 9 4 5 7 11 11 5 2 7 11 4 4 4 4 10 2 7 8 4 10 2 6 7 7 9 7 8 4 10 10 8 7 8 11 1 2 9 8 9 11 4 4 4 5 4 5 7 11 11 5 7 1 4 4 4 5 10 2 3 3 10 10 8 2 9 6 8 4 4 11 4 5 11 11 5 2 7 7 7 9 7 7 7 7 7 7 7 8 4 10 7 10 7 8 2 7 11 11 2 3 4 5 10 2 7 10 7 8 9 4 10 7 6 8 2 7 11 1 2 9 4 5 10 7 9 7 8 7 8 4 1 9 8 11 4 5 7 11 11 5 4 5 10 8 7 11 11 4 4 4 5 4 5 3 4 10 10 2 0 2 9 8 0 6 6 11 11 2 5 7 11 11 5 5 9 7 7 8 11 11 1 3 4 5 5 7 11 1 2 9 3 10 7 8 7 2 7 11 11 4 5 4 5 7 6 0 0 9 8 4 10 9 8 7 8 11 4 10 8 6 8 4 4 10 10 8 8 4 4 10 0 7 7 7 7 7 8 7 11 11 5 2 10 8 7 6 7 11 11 4 2 2 11 3 5 7 7 11 11 5 4 4 5 10 2 9 9 8 8 1 11 4 4 4 4 4 5 11 2 4 4 3 10 9 8 8 7 0 7 6 9 8 4 4 10 10 2 6 8 4 11 5 10 7 10 8 2 4 10 7 2 0 7 7 7 7 9 6 8 11 11 4 5 3 4 5 10 7 7 7 8 11 1 4 5 7 10 7 7 6 8 7 11 11 4 5 5 10 7 2 7 11 11 4 4 2 2 9 4 9 3 4 5 2 10 8 11 4 5 7 11 3 7 11 4 2 5 7 11 2 9 11 5 7 1 2 3 10 8 4 10 6 4 10 7 2 6 8 4 4 10 10 7 8 1 2 6 9 8 11 4 5 10 10 7 7 2 7 8 11 4 4 5 10 10 7 7 8 2 9 8 1 4 3 11 5 10 7 10 7 8 6 8 11 4 4 11 2 2 4 3 4 3 7 9 11 4 2 4 4 5 7 11 3 4 4 4 11 4 5 2 0 0 9 7 8 4 10 7 9 8 7 7 7 8 4 10 9 8 4 0 6 7 7 7 8 10 10 2 2 7 6 7 7 11 11 2 2 9 4 5 7 11 4 4 11 4 4 4 4 4 4 2 5 4 11 11 5 9 5 4 5 3 10 10 2 2
ppo_q50_s3_b_fd_l4,15,qv18_22,18,155,True,756.0,2.986201524734497,3 5 2 9 9 5 5 7 7 11 11 5 5 7 7 11 11 5 5 10 2 7 6 11 11 4 5 5 10 2 7 6 11 11 4 4 4 5 5 7 7 11 2 11 9 5 5 7 7 11 11 5 5 0 10 2 9 9 8 4 5 9 5 10 10 7 8 7 8 11 5 4 10 10 7 8 8 4 10 8 11 2 3 4 10 10 7 7 8 8 4 4 10 10 7 7 8 2 7 7 7 11 11 5 4 5 10 2 10 10 2 6 8 4 11 5 7 11 9 4 4 5 0 2 9 3 5 7 7 6 11 11 4 4 5 2 7 6 7 11 11 4 2 3 5 7 7 11 11 5 7 1 4 5 4 11 2 4 6 4 3 10 10 2 8 4 10 6 4 10 2 0 2 9 9 6 8 2 9 7 7 7 8 11 1 4 5 4 11 3 10 7 0 7 7 7 2 8 4 10 7 6 7 7 9 8 1 2 9 8 6 11 11 5 4 4 5 10 7 8 11 4 4 5 7 7 7 11 4 11 5 2 7 11 5 11 4 4 4 3 4 4 5 4 4 10 10 2 2 10 6 4 10 8 7 8 4 10 7 7 7 0 9 8 1 2 6 6 6 11 11 4 5 5 0 10 2 9 9 4 5 5 10 0 6 7 8 1 11 4 4 4 4 4 4 4 4 4 5 10 2 6 4 10 6 10 7 7 8 8 11 4 5 10 10 8 1 2 9 6 8 4 10 10 7 7 8 7 8 4 10 2 10 6 11 2 7 7 7 1 2 3 9 7 8 11 11 4 4 3 4 4 5 7 7 8 10 8 11 4 11 4 2 4 5 4 4 11 2 9 5 7 11 4 11 5 2 1 9 4 3 3 10 7 7 8 2 10 7 8 4 10 8 4 10 6 4 10 2 2 6 9 8 10 10 2 2 9 10 6 8 7 8 11 5 4 10 10 7 8 2 4 10 2 3 7 11 4 4 4 4 10 2 2 9 9 5 4 5 7 1 9 3 11 4 4 5 2 7 11 9 5 5 10 7 7 8 4 10 7 8 1 9 11 5 5 7 11 2 11 4 3 11 5 2 1 9 5 10 7 7 7 7 8 7 7 10 7 7 10 7 6 0 8 2 11 3 4 5 10 7 10 7 6 8 7 8 7 11 2 11 5 4 10 10 7 8 2 11 5 3 4 11 4 5 7 11 11 3 5 0 2 10 8 9 11 4 3 5 7 2 7 11 4 5 4 4 3 11 2 11 3 11 4 2 2 3 4 10 10 2 2 9 8 7 7 7 7 7 7 6 7 10 9 5 7 7 8 11 4 4 10 8 7 7 8 11 4 4 4 5 10 10 7 7 7 8 4 0 7 7 7 7 8 1 11 4 5 0 9 9 5 5 10 2 9 3 7 11 5 4 4 4 4 4 2 11 11 4 4 5 2 9 5 4 0 10 10 7 2 8 9 8 4 10 6 8 11 11 2 2 3 11 4 3 4 9 5 5 7 11 11 5 2 7 11 2 3 4 10 10 8 8 4 4 10 10 2 2 6 7 7 7 9 10 2 6 7 7 8 4 10 7 7 6 7 10 2 8 10 2 10 2 9 9 8 8 1 1 3 3 11 4 4 4 5 10 2 7 11 2 9 4 4 5 3 10 10 8 8 4 10 7 2 9 7 7 7 7 7 7 8 7 11 11 4 2 2 11 11 5 4 5 9 9 3 5 2 9 4 5 4 11 11 5 1 4 1 2 9 4 3 4 3 5 10 10 2 8 10 7 6 7 8 11 4 4 10 8 2 11 2 9 4 4 5 11 3 5 4 4 4 4 4 4 4 4 4 4 4 4 4 4 4 4 4 4 4 4 11 11 4 4 4 2 4 5 7 7 7 11 11 4 5 2 7 7 11 11 2 3 3 4 4 5 10 2 7 6 11 11 5 4 4 4 4 4 5 7 11 4 4 11 4 5 0 2 9 5 3 11 11 4 4 4 4 4 4 4 1 4 4 4 4 4 4 4 4 4 4 4 4 4 4 4 5 2
ppo_q50_s3_b_fd_l4,16,qv18_23,18,156,True,790.25,2.2580955028533936,3 5 2 9 9 5 5 7 7 11 2 11 9 3 5 2 9 7 11 5 5 7 7 11 11 5 5 10 7 11 4 5 5 7 7 11 11 5 5 10 2 9 7 11 4 5 5 7 7 11 11 5 5 0 10 8 4 0 6 4 10 6 11 2 2 9 6 4 10 7 7 8 4 0 8 4 10 7 7 9 8 8 4 0 10 6 11 2 2 9 9 5 5 7 7 11 2 11 11 4 5 7 1 2 9 3 5 7 7 11 11 4 4 5 2 9 9 5 5 10 2 10 10 7 8 1 4 4 4 4 5 10 2 7 9 6 7 7 6 7 8 1 4 9 4 10 2 7 2 9 9 8 8 4 4 10 0 7 7 6 4 10 2 2 6 7 7 7 7 11 11 2 2 9 3 7 11 2 3 4 4 4 5 10 2 3 7 11 4 4 3 7 11 4 5 7 1 2 4 11 9 4 5 5 10 7 8 11 11 2 5 0 9 8 4 10 6 4 10 8 7 8 4 10 8 1 4 4 1 3 9 5 0 10 9 8 4 0 9 8 8 4 4 10 10 8 4 0 7 8 11 2 9 9 5 5 10 7 7 7 6 8 1 11 4 4 4 9 5 4 5 0 6 10 7 1 4 1 2 9 9 5 5 7 7 11 2 11 9 4 5 5 0 0 9 8 11 5 10 7 7 7 6 4 10 7 6 8 8 4 10 7 7 7 7 11 5 5 0 9 5 7 11 5 10 7 10 2 7 7 8 4 4 10 2 0 6 11 4 3 3 5 7 7 11 11 5 2 7 11 4 3 11 1 2 5 0 9 9 8 4 5 7 11 2 6 11 9 4 5 7 1 2 9 8 11 4 4 9 5 4 4 4 0 2 9 5 10 0 7 10 2 8 9 9 6 7 8 8 4 4 10 10 2 7 8 4 10 10 2 6 7 7 8 10 9 8 7 8 7 1 11 2 4 1 9 4 4 5 4 11 4 4 4 5 7 11 9 5 5 11 11 4 5 7 1 2 9 3 10 2 2 3 9 7 7 6 8 4 4 10 10 2 8 10 10 6 7 7 7 7 8 0 0 7 6 4 10 8 8 9 4 4 5 10 7 7 8 11 11 1 2 8 11 2 6 11 4 4 5 4 1 4 3 3 4 11 3 5 10 10 8 2 10 10 7 8 8 11 2 4 10 7 6 10 8 8 11 4 3 4 5 10 7 10 7 8 8 11 4 10 2 8 4 3 10 10 8 1 2 9 8 11 5 0 7 6 10 7 10 7 7 7 7 7 7 7 7 7 7 7 7 7 7 7 7 7 7 7 7 7 7 7 7 7 2 2 9 7 9 8 7 8 11 2 9 4 10 8 8 11 2 4 10 6 4 10 8 0 2 9 7 8 9 10 7 6 7 8 8 11 4 4 4 5 10 10 7 2 7 8 4 10 10 8 7 7 8 9 8 7 1 1 11 3 11 2 2 9 4 5 4 4 11 9 4 5 5 7 11 11 5 5 0 0 7 6 9 7 8 4 10 8 4 10 10 2 8 10 7 7 7 8 11 11 5 4 5 10 7 7 8 4 10 7 6 6 4 10 7 7 8 1 2 11 2 3 10 6 6 7 7 7 7 7 7 7 7 7 7 10 7 7 7 7 7 7 7 7 7 7 7 7 7 7 7 2 0 8 11 2 9 9 8 8 4 10 9 8 7 7 8 11 5 4 10 10 8 7 0 2 0 9 6 8 11 11 5 2 9 4 4 4 5 7 11 3 11 5 4 5 4 4 4 4 4 4 4 4 4 4 4 4 4 4 4 4 4 4 4 4 4 4 4 4 11 2 11 11 4 2 5 10 7 2 6 7 7 9 7 10 7 7 7 7 7 2 7 8 11 2 4 11 4 4 4 4 3 11 5 3 4 4 4 4 4 5 10 0 2 6 6 11 11 5 5 10 7 8 11 11 2 3 5 11 11 2 3 11 4 5 0 2 9 6 8 11 11 3 4 4 5 5 7 7 1 11 2 11 4 4 5 9 7 10 8 8 9 4 4 5 10 10 7 7 8 4 5 10 7 7 8 4 10 10 7 7 2 7 6 8 4 10 10 2 2 10 7 7 6 7 10 7 7 8 0 2 3 10 10 7 7 7 6 7 8 7 7 7 7 7 7 7 7 7 7 7 7 7 7 7 7 7 7 7 7 7 7 8 10 0 2 9 9 8 4 3 5 10 10 7 8 2
ppo_q50_s3_b_fd_l4,17,qv18_24,18,155,True,765.5,2.6184146404266357,5 5 7 11 9 5 5 10 7 8 11 11 3 4 5 7 8 11 2 11 9 5 5 10 0 2 7 6 7 11 11 4 4 4 5 5 9 7 7 8 11 11 4 5 5 7 7 11 11 5 5 10 7 8 6 11 11 2 2 9 8 11 11 4 5 5 0 10 2 9 9 8 4 5 10 7 7 7 8 4 10 10 2 7 6 8 4 4 10 10 7 8 1 2 9 9 5 4 4 5 7 11 4 4 4 3 7 11 2 2 11 9 5 5 7 11 9 5 5 11 2 4 0 6 10 7 7 7 8 4 4 10 10 2 8 4 0 9 6 7 6 4 10 8 8 11 4 5 10 10 7 8 4 0 2 10 9 8 7 8 11 4 4 4 5 7 11 2 3 10 7 7 10 2 2 9 9 4 5 5 7 11 2 9 9 4 5 7 7 8 4 10 2 10 7 9 8 7 8 1 9 5 4 4 4 4 4 11 4 4 11 4 4 4 5 2 0 4 9 7 9 7 7 8 7 8 11 2 4 9 4 5 10 10 8 8 4 4 10 0 8 1 9 9 8 8 1 11 4 5 0 6 11 9 5 5 7 7 11 11 5 4 5 4 10 0 7 7 8 11 11 2 2 9 4 5 4 3 7 11 11 5 2 7 7 7 7 7 6 7 7 7 9 7 8 4 10 7 7 7 7 7 0 0 2 9 8 7 11 11 3 5 5 10 7 11 5 4 5 7 1 9 9 5 7 8 11 1 5 7 11 9 5 5 7 11 4 4 4 4 4 5 0 9 10 2 7 8 4 4 10 10 7 2 2 9 6 9 8 7 8 1 1 11 4 5 10 10 8 2 9 4 10 8 7 8 7 7 10 7 7 6 8 11 11 4 5 4 3 5 7 7 11 2 4 4 10 2 10 2 6 6 11 11 3 5 5 7 11 4 5 7 7 11 11 4 5 5 7 7 11 11 2 5 9 7 8 11 1 4 4 4 4 4 4 10 0 2 3 7 7 8 11 2 6 4 3 10 10 2 8 9 8 11 4 3 5 10 7 7 7 8 1 4 4 4 10 10 2 2 6 9 6 7 7 8 4 10 7 7 7 0 7 7 8 10 10 8 4 0 2 9 6 11 5 2 3 4 11 4 4 4 4 5 3 4 4 4 11 11 4 2 3 5 4 10 0 0 6 8 4 4 10 10 8 2 9 4 5 10 10 7 6 7 7 7 8 8 4 11 2 9 11 4 4 2 1 4 2 4 3 9 9 4 4 4 5 5 4 10 2 10 10 8 8 11 4 2 10 6 7 7 8 4 4 10 10 6 7 8 7 7 8 7 11 2 4 4 11 4 5 10 10 8 2 6 10 6 10 8 8 11 1 2 4 11 2 9 3 10 7 7 8 8 9 4 10 8 7 7 8 4 11 4 4 5 10 10 7 2 8 11 2 11 9 5 0 7 8 1 9 8 11 4 3 3 11 5 5 7 11 4 11 4 5 2 10 7 8 6 11 11 4 4 5 4 4 4 4 1 4 5 10 2 6 11 4 4 4 4 10 2 7 8 1 9 8 4 3 10 10 8 7 8 4 10 9 8 1 2 6 6 4 10 8 10 10 7 7 2 6 7 8 10 7 10 7 8 1 1 2 9 8 9 9 8 8 1 11 11 3 5 4 4 5 7 11 11 1 5 4 4 4 5 4 4 4 4 4 4 9 5 4 10 10 8 2 4 10 8 0 7 7 7 0 7 6 11 11 5 2 9 9 4 5 5 10 2 10 7 10 6 8 8 11 2 9 4 10 8 7 8 4 4 10 10 2 6 8 4 10 10 8 0 2 9 5 10 10 6 8 8 4 4 4 4 4 4 4 4 4 4 4 4 4 9 4 5 7 11 11 4 4 4 1 2 4 5 7 11 2 6 4 3 10 10 8 7 8 11 5 4 10 10 8 6 8 4 4 10 10 2 7 7 2 9 7 8 4 10 10 8 1 2 9 9 8 8
ppo_q50_s3_b_fd_l4,18,qv18_25,18,153,True,755.5,2.414945363998413,3 5 2 9 9 5 5 7 7 1 11 3 7 11 5 2 9 7 8 11 11 3 5 2 7 7 1 9 11 5 5 9 7 7 8 11 11 4 5 5 10 0 7 6 7 8 11 2 4 11 11 5 5 7 7 11 11 5 5 7 7 11 1 2 9 9 5 5 7 7 11 11 5 5 7 0 9 8 4 0 9 9 8 7 8 4 10 8 4 10 7 7 7 7 7 7 7 7 7 7 11 5 5 7 7 11 4 5 7 7 11 11 2 5 7 11 4 4 5 0 6 4 9 10 8 7 7 7 8 4 10 8 7 7 7 11 11 1 2 2 9 8 11 11 5 4 3 4 4 4 4 5 7 11 4 3 7 11 4 2 2 4 11 2 9 9 5 7 7 8 9 8 11 11 4 4 5 2 0 0 9 7 8 6 11 4 5 10 10 8 8 4 4 10 10 8 7 8 7 10 8 10 9 8 7 1 2 9 8 9 8 1 11 11 2 5 1 4 4 4 4 4 9 5 7 7 11 11 5 4 5 4 4 1 9 9 8 8 11 2 4 10 6 4 10 2 6 7 6 7 8 4 4 10 10 7 7 7 7 8 8 1 11 4 4 5 10 2 9 10 2 2 3 9 10 8 8 4 10 6 7 7 7 7 7 8 4 10 7 7 11 5 2 7 11 3 7 11 5 5 7 7 11 11 4 2 5 1 11 2 9 9 5 1 4 5 3 7 7 7 7 10 7 7 0 8 4 10 2 9 9 7 8 8 11 1 4 4 4 5 9 7 11 5 5 7 1 9 5 3 11 4 4 4 11 4 1 2 5 3 10 10 2 8 7 11 2 9 4 3 10 7 2 6 8 4 10 7 6 10 7 0 2 7 8 11 2 4 3 3 10 10 7 7 7 7 8 7 8 11 5 4 10 10 8 6 8 11 4 4 5 10 10 0 7 8 8 1 1 9 8 11 4 5 4 9 9 4 5 5 7 11 1 2 6 11 4 11 2 3 4 5 7 11 11 5 4 1 2 9 4 3 5 7 10 7 11 5 2 9 7 6 8 4 4 10 10 8 2 4 10 10 2 6 8 4 10 7 10 8 2 4 10 7 7 6 10 7 7 7 8 1 2 9 4 5 10 10 6 8 8 4 4 10 2 3 11 5 7 9 11 4 5 0 2 9 8 11 4 4 11 4 5 7 1 2 3 7 11 4 3 4 4 4 5 10 7 7 8 4 10 10 7 7 8 2 7 7 7 7 7 7 7 7 1 3 9 7 8 11 11 4 4 4 5 2 7 11 9 4 3 4 5 7 2 11 5 4 4 11 4 9 5 4 5 4 4 10 2 0 10 6 10 8 7 7 7 7 7 0 2 9 7 8 11 4 4 3 10 8 7 7 7 8 6 11 11 2 2 6 11 9 5 5 11 2 11 3 11 4 5 5 7 11 11 4 2 2 11 3 9 5 5 0 10 7 7 7 8 6 10 7 7 7 8 4 4 10 10 8 2 10 10 7 7 8 1 2 9 6 8 6 11 11 4 5 2 7 10 8 6 11 11 2 5 11 4 4 4 1 2 3 4 3 7 11 4 5 11 11 5 5 7 11 1 2 9 9 5 5 0 0 9 8 7 10 8 9 9 8 4 4 5 10 0 2 10 10 6 8 7 2 9 7 8 4 10 7 6 7 8 4 10 10 2 6 8 11 4 5 7 7 11 11 4 5 1 2 9 8 9 11 5 5 7 11 11 5 2 11 4 4 4 4 5 3 4 10 10 0 2 2 6 9 4 5 7 7 7 7 7 7 10 6 8 4 4 10 10 0 2 8 4 10 2 10 6 7 8 6 11 11 5 4 5 7 7 7 11 11 4 5 5 7 7 11 11 4 3 5 5 10 7 7 8 11 11 4 5 4 4 5 7 11 11 4 5 2 7 7 11 11 2 2 9 3 3 5 4 10 10 2 2 10 10 7 7 2 6 6 8
ppo_q50_s3_b_fd_l4,19,qv18_26,18,154,True,793.5,9.169702768325806,5 5 9 9 5 5 7 7 11 11 5 5 9 7 7 11 1 5 5 10 7 8 11 11 4 5 5 9 7 11 4 5 7 8 11 2 4 10 8 7 7 11 4 1 2 9 3 7 11 4 5 7 8 11 11 3 5 2 10 7 8 11 2 9 11 4 5 5 0 0 7 7 6 4 10 6 7 7 8 4 10 7 7 7 7 6 4 10 2 2 9 7 8 7 11 11 2 5 9 7 11 5 0 2 9 8 11 3 7 11 4 3 5 5 7 7 7 11 2 11 11 5 5 7 11 4 1 2 9 9 5 4 5 0 6 10 8 4 10 9 8 7 0 8 9 4 10 7 7 7 8 2 7 7 6 7 11 11 4 4 4 2 2 4 4 3 7 11 5 9 7 11 4 4 4 5 0 7 1 2 9 5 4 11 9 4 3 5 2 0 9 7 8 4 10 7 7 10 8 8 11 4 2 10 9 7 8 7 8 11 2 9 9 5 7 8 11 11 4 4 5 5 10 0 7 7 8 4 4 9 10 7 8 7 7 7 7 7 8 11 2 3 7 11 4 11 5 5 4 10 2 7 7 11 4 4 4 4 5 10 2 9 8 10 7 10 8 7 8 1 4 4 10 2 9 3 7 11 4 5 4 4 4 4 4 5 7 11 2 9 3 10 8 1 4 5 10 2 7 9 9 8 8 11 4 10 8 2 7 7 10 7 7 8 1 11 4 4 3 7 11 5 2 11 9 4 5 5 7 7 11 2 11 1 9 5 7 9 8 2 9 8 4 10 6 4 10 8 8 4 10 10 7 7 7 7 7 7 7 7 7 8 1 4 5 10 2 9 6 7 7 7 7 11 2 1 2 6 9 8 11 11 5 3 4 4 4 5 7 11 4 2 3 7 11 5 7 11 4 4 4 4 1 2 4 4 1 9 9 8 8 11 4 2 4 10 10 7 8 8 4 10 6 4 10 8 7 7 7 8 4 10 9 8 8 4 4 10 7 8 11 2 1 9 9 4 5 5 7 7 11 2 4 4 3 4 10 10 8 7 7 8 4 10 7 8 7 7 7 11 11 5 4 5 10 2 7 9 7 7 7 7 8 11 11 2 2 9 8 1 4 3 11 11 4 4 5 4 0 2 9 10 8 8 1 4 3 4 11 4 3 4 4 4 5 7 7 11 1 2 9 9 5 0 8 4 10 2 6 4 10 6 7 10 2 6 8 7 7 7 11 4 10 2 2 9 6 7 7 8 4 10 10 8 7 7 8 10 2 7 11 2 3 11 9 5 5 7 7 11 11 4 2 3 5 7 7 11 11 4 5 0 2 9 8 4 3 11 4 3 4 4 5 7 7 7 11 11 4 5 2 7 11 1 4 4 4 5 9 7 8 11 4 10 2 2 6 6 9 4 10 8 8 4 4 10 10 8 7 7 7 0 8 7 10 7 11 2 5 9 10 8 7 7 7 8 1 1 4 9 4 4 9 5 3 4 5 4 4 11 11 2 2 9 8 11 4 4 4 11 5 2 4 10 10 7 8 2 9 8 4 4 10 7 6 9 7 8 8 11 4 5 10 10 2 8 6 10 10 7 7 7 4 7 7 7 7 7 8 7 7 8 1 9 4 5 7 11 11 2 5 7 11 2 4 3 4 11 4 4 10 2 2 9 5 10 9 5 5 7 11 4 4 11 4 5 2 11 11 4 5 2 4 3 7 9 9 8 7 8 4 4 4 4 4 4 4 4 4 4 4 4 4 4 4 4 4 4 4 4 4 4 4 4 4 4 4 11 11 4 4 5 1 5 7 11 3 7 11 4 2 5 7 6 11 11 2 4 5 10 7 6 11 2 4 5 10 2 7 11 3 7 11 5 0 2 9 9 7 7 8 7 8 11 2 4 1 3 9 5 7 11 3 11 2 1 4 5 4 4 3 9 4 5 10 10 7 8 7 10 8 8 4 10 7 10 7 7 7 8 7 8 7 7 7 7 11 1 2 9 4 4 11 2 2 9 3 10 2 6 7 7 7 7 7 8 7 11 2 11 9 5 5 9 5 7 11 11 5 4 4 4 5 10 2 7 11 9 5 4 4 4 4 4 1 5 11 4 4 4 4 3 4 4 11 4 4 4 4 4 4 4 4 4 4 4 4 4 4 4 4 4 4 4 4 4 4 4 5 2
ppo_q50_s3_b_fd_l4,20,qv18_27,18,149,True,726.75,7.096104145050049,3 5 2 9 9 5 5 7 7 11 11 5 5 10 2 7 6 11 11 4 5 5 10 2 7 6 11 11 5 2 9 7 11 3 5 2 9 7 11 4 4 5 5 7 7 11 11 5 5 0 9 5 10 10 7 8 2 9 4 10 8 8 7 7 11 5 7 1 11 2 9 11 4 5 7 1 2 9 5 9 10 7 8 7 8 9 4 5 10 10 7 7 7 7 8 8 11 2 7 7 7 7 7 11 2 11 3 7 11 3 4 4 4 4 5 0 2 9 8 9 11 4 5 7 8 11 2 9 11 4 4 4 4 2 5 9 7 11 4 5 5 0 9 7 8 11 4 10 2 2 9 6 7 8 4 10 10 7 7 7 8 1 2 9 5 9 10 7 7 8 10 5 0 7 7 1 2 9 5 7 11 4 4 3 3 5 7 7 11 11 2 4 2 4 4 3 7 11 2 4 1 9 9 5 7 8 11 7 7 7 8 11 2 9 3 7 11 2 4 5 4 0 9 7 8 11 4 5 3 4 10 10 0 2 2 7 7 6 6 4 10 6 8 4 4 10 10 7 7 0 2 7 7 7 6 8 11 4 3 10 7 7 8 2 6 11 4 5 7 11 11 2 2 9 3 5 7 11 11 2 5 7 11 3 4 4 4 4 11 2 5 7 11 11 2 5 0 9 5 10 7 7 7 7 6 6 7 0 8 4 3 10 10 7 8 7 7 7 7 8 7 11 2 11 11 2 5 0 9 7 8 11 3 3 4 11 4 2 5 7 11 4 2 3 7 11 3 11 4 5 2 9 4 5 0 7 7 10 8 7 11 11 4 2 2 9 11 5 3 5 7 7 11 11 5 2 7 11 5 7 11 2 3 10 6 4 10 6 8 2 4 10 7 7 8 4 10 7 7 7 6 4 10 2 2 3 10 9 8 8 10 7 7 7 7 8 11 2 4 4 10 10 2 8 6 11 4 5 7 7 11 11 4 2 5 10 2 3 4 4 11 4 4 3 4 5 7 11 5 7 11 11 5 7 1 2 9 5 9 4 5 10 10 7 8 2 9 8 4 4 10 10 7 8 6 7 8 4 4 10 0 2 9 10 8 8 11 4 10 7 8 7 1 2 9 4 5 7 7 11 9 4 5 4 5 10 2 9 8 11 9 4 5 7 8 11 4 4 1 3 4 5 7 11 11 4 4 5 4 1 4 0 2 9 8 10 7 8 6 7 7 6 7 7 10 7 7 8 4 10 10 0 8 7 8 4 10 8 4 10 6 4 10 8 7 1 1 2 4 3 9 3 5 7 7 11 11 4 5 2 7 7 11 11 4 4 5 2 11 2 3 10 6 10 7 7 8 2 1 9 3 5 10 10 8 8 4 4 10 10 7 8 7 8 4 4 10 2 10 9 8 8 1 4 4 4 9 11 2 5 10 2 9 6 4 4 4 4 4 5 7 11 4 11 4 5 2 11 2 4 3 3 11 11 4 5 4 5 7 7 7 7 7 7 7 0 10 2 9 9 5 5 10 2 3 10 10 7 0 2 8 6 9 4 10 8 7 7 8 9 4 10 8 7 7 8 4 4 10 10 8 0 2 7 7 1 9 8 11 3 7 11 5 2 4 4 4 3 11 3 4 5 7 11 11 4 1 5 2 10 8 9 9 8 4 4 5 7 7 7 11 2 11 4 4 4 4 11 5 0 2 7 6 4 10 6 4 10 8 7 7 7 7 7 8 10 7 0 2 6 6 7 11 11 4 5 5 7 7 11 11 2 5 4 0 9 7 8 6 11 11 4 2 3 5 7 7 11 11 2 3 5 7 7 11 11 2 5 11 11 2 5 9 7 11 5 5 7 11 9 5 5 4 4 4 4 4 4 1 4 4 4 4 4 4 4 4 4 4 4 4 4 4 4 4 4 4 4 4 11 4 4 4 4 3 5 10 10 7 8 2 4 10 9 8 7 8
ppo_q50_s3_b_fd_l4,21,qv18_28,18,147,True,745.75,7.0072596073150635,3 5 2 9 9 3 5 2 10 2 7 11 3 7 11 5 5 7 7 11 11 5 5 7 11 9 5 5 10 2 7 9 11 4 4 4 5 5 10 7 1 4 4 4 9 5 5 4 10 0 2 0 9 9 8 8 4 4 10 7 8 4 4 10 10 7 8 8 9 8 4 4 10 0 2 3 10 7 7 7 11 2 5 10 7 8 4 10 7 9 8 1 2 3 9 7 8 6 11 11 4 4 4 5 5 10 7 8 11 11 4 4 5 1 4 5 7 1 9 9 4 5 4 4 5 11 4 4 0 0 2 3 10 6 10 8 8 10 7 7 8 7 10 6 8 11 11 2 5 7 11 4 4 10 2 8 11 2 3 9 7 11 2 2 9 9 4 5 5 10 7 8 4 10 7 9 8 8 4 0 7 7 7 9 7 8 4 10 2 9 10 2 2 6 11 9 4 5 5 10 10 8 4 4 5 10 2 6 7 11 11 4 5 7 1 3 4 5 7 11 11 4 2 5 11 9 5 4 4 5 0 10 0 7 7 7 8 11 4 5 10 10 8 7 2 3 10 9 8 7 7 8 11 2 11 3 11 4 4 4 4 4 5 5 10 0 2 9 7 7 8 7 11 9 4 4 4 4 5 5 11 2 7 10 7 7 7 7 7 9 8 6 8 4 4 10 10 7 7 7 8 2 11 3 5 10 0 7 8 4 10 6 4 10 2 2 6 4 10 6 7 10 7 7 7 7 7 7 7 7 7 7 7 7 7 7 7 7 7 7 7 7 7 7 7 7 7 7 7 7 8 8 11 2 11 4 10 2 2 9 6 9 8 7 7 7 8 7 11 4 4 10 0 8 2 9 8 11 1 5 3 7 11 4 4 11 2 4 5 10 2 9 3 7 7 8 4 10 6 4 10 8 8 4 10 10 8 7 7 7 7 7 0 7 8 1 9 4 5 9 7 11 4 4 4 4 5 0 2 9 5 10 7 7 8 4 4 4 10 10 0 7 2 6 8 9 4 10 8 8 1 1 3 4 10 7 8 6 11 4 9 4 5 4 5 10 8 7 7 11 11 4 4 4 4 4 2 4 5 7 11 2 4 4 3 3 10 10 7 2 8 4 0 6 10 7 8 4 10 7 7 10 2 6 8 9 4 10 7 8 7 7 7 7 7 8 1 11 2 11 9 5 5 7 7 11 11 3 4 4 5 4 5 7 7 7 11 11 1 4 5 0 2 6 11 9 4 4 5 0 2 9 3 5 4 4 11 2 3 10 7 6 7 10 7 7 8 8 11 4 10 2 7 8 11 2 6 4 9 7 11 4 5 2 9 10 8 7 8 11 4 4 5 10 10 7 7 7 7 0 7 7 7 8 2 4 0 9 9 8 4 5 7 1 9 5 4 9 11 4 4 4 4 4 4 4 5 4 0 2 0 6 9 7 8 1 4 4 9 4 3 4 11 4 5 4 5 7 11 2 4 4 10 10 8 8 0 10 8 4 10 9 8 0 8 0 9 7 6 8 4 4 10 10 8 2 11 2 9 5 4 4 4 11 4 11 3 5 5 11 1 2 9 9 8 4 5 4 4 4 11 4 4 4 4 4 4 4 4 4 11 4 4 4 4 4 4 4 4 4 4 4 4 4 4 5 4 3 4 5 10 2 7 7 1 9 11 5 5 0 10 8 11 2 3 7 11 3 7 11 5 2 4 3 11 5 0 7 0 9 9 5 4 5 7 11 4 5 4 4 3 4 4 4 4 4 4 4 11 4 5 11 11 2 2 4 0 9 8 7 10 10 6 8 7 7 8 10 2 3 10 10 7 7 8 6 7 7 8 4 10 7 2 0 7 10 8 4 9 9 5 7 7 8 4 4 4 10 2 10 10 8 8 10 7 1 2 9 8 7 11 11 5 4 4 4 4 4 4 9 3 5 4 5 11 2 11 11 2 4 4 5 10 2 3 3 11 4 11 4 4 0 2 3 3 5 3 7 11 11 5 4 4 4 4 4 4 5 10 2 7 7 7 11 11 1 2 5 9 7 8 11 11 4 4 4 4 4 4 4 4 4 4 4 4 4 4 4 4 4 4 4 4 2 5 11 11 4 5 4 5
ppo_q50_s3_b_fd_l4,22,qv18_29,18,149,True,724.5,4.105761289596558,5 5 9 9 5 5 10 7 2 1 9 9 5 7 8 11 11 5 5 7 7 11 11 5 5 7 7 6 11 11 4 5 5 7 7 11 11 5 5 7 7 11 2 9 11 4 4 5 5 7 7 11 11 5 5 0 0 9 8 4 10 9 7 7 8 4 5 10 7 7 7 8 4 10 7 10 8 1 2 6 4 10 7 7 7 7 0 7 2 9 11 5 4 5 7 11 2 9 9 5 5 10 7 7 8 7 11 1 5 7 11 2 11 3 7 11 5 5 7 11 9 3 4 5 2 9 7 8 11 11 4 1 5 5 10 7 8 7 6 7 7 11 5 7 11 11 5 4 4 5 10 2 7 7 11 11 4 4 5 5 9 7 7 7 8 11 4 4 4 10 2 2 0 7 9 7 8 7 10 7 6 9 8 8 7 1 11 1 1 5 10 9 8 8 11 4 5 3 10 10 7 7 7 7 8 1 2 9 6 4 10 7 8 8 4 4 10 10 8 8 11 2 6 11 11 5 4 4 4 5 7 11 4 3 7 11 2 2 11 4 5 3 7 11 11 4 5 5 7 7 11 2 11 5 4 10 2 10 6 4 10 8 6 7 7 7 7 7 7 8 4 10 2 9 8 4 3 10 10 7 2 8 7 10 8 1 4 4 1 9 9 8 8 11 4 5 7 11 4 3 4 4 4 4 4 5 11 11 4 5 2 3 10 10 2 6 7 7 7 7 7 8 11 1 2 6 4 10 6 4 10 8 8 10 8 4 10 7 10 8 8 11 4 5 0 10 7 9 8 8 1 11 2 3 7 11 4 4 4 4 3 11 2 1 2 4 3 4 11 4 4 4 3 5 10 10 2 2 10 6 9 8 8 4 4 10 10 8 0 9 8 8 4 4 10 10 8 1 2 6 4 10 10 2 6 7 7 7 7 8 11 2 9 3 5 10 10 2 8 11 2 9 6 4 5 7 7 6 11 11 4 4 5 5 10 7 2 11 4 11 2 5 9 9 5 5 7 7 7 11 11 4 5 5 7 7 11 2 11 11 4 5 1 5 7 11 2 9 5 10 6 4 10 8 2 10 6 7 8 4 10 6 10 7 8 8 4 4 10 10 8 1 2 4 3 7 11 5 4 11 4 4 11 5 2 10 9 7 8 7 8 11 2 3 4 10 10 6 7 7 8 7 8 11 5 4 10 2 9 10 7 8 8 7 11 4 4 10 7 8 8 4 10 2 6 11 4 11 2 1 3 5 10 7 8 11 11 2 2 9 9 5 4 3 4 5 7 7 11 11 1 4 5 0 2 6 6 11 11 4 3 4 4 4 4 5 2 10 8 11 4 1 2 9 4 10 8 8 6 7 10 7 10 8 2 11 4 3 5 3 10 10 2 2 9 7 7 7 7 7 8 9 4 10 7 0 8 0 7 8 11 2 7 7 6 6 11 11 5 5 7 7 11 11 5 5 7 7 11 2 11 11 2 4 5 10 8 9 8 11 11 5 4 4 4 5 10 2 6 9 9 8 4 4 4 5 10 7 7 0 7 7 7 6 8 4 11 5 4 10 10 2 2 7 0 9 9 8 4 5 7 10 7 7 6 8 11 11 4 5 5 7 11 11 5 4 4 4 5 7 11 11 5 4 1 4 5 11 4 4 5 0 0 7 6 9 10 8 7 8 4 10 10 2 7 6 8 1 11 4 4 4 5 11 2 3 10 6 7 7 7 8 4 10 6 4 10 8 8 4 10 7 10 7 7 2 7 8 4 4 10 2 0 9 8 6 7 11 11 4 5 5 10 2 7 7 11 11 2 3 3 3 4 5 7 11 4 11 4 4 2 3 5 7 11 11 2 2 9 4 5 10 10 2 2
ppo_q50_s3_b_fd_l4,23,qv18_3,18,157,True,787.5,2.3593087196350098,3 3 5 5 7 7 11 11 5 5 7 7 11 11 5 5 7 7 11 11 5 5 0 10 8 9 6 8 11 11 2 4 5 7 7 11 11 5 7 1 2 9 9 5 5 7 7 11 2 11 9 4 5 7 8 11 11 5 5 7 7 11 11 5 5 0 10 2 9 9 5 7 8 4 10 7 7 6 7 7 8 4 0 7 7 7 9 8 7 7 7 7 7 7 11 11 1 4 5 0 2 6 9 8 9 8 11 11 1 3 5 4 4 5 7 7 7 11 4 11 4 5 5 7 7 11 2 11 2 3 7 11 11 5 5 9 5 7 7 11 11 1 4 2 2 9 9 8 8 11 2 1 9 9 8 8 7 7 10 7 8 7 9 7 7 7 7 7 7 0 7 7 7 7 7 11 2 5 10 8 7 11 11 2 3 4 3 5 3 10 10 7 8 2 10 7 8 11 4 4 11 4 4 4 1 3 3 4 5 5 7 7 11 11 2 5 7 1 9 4 5 7 7 11 11 4 5 2 7 11 2 3 10 7 6 6 4 10 7 8 8 11 4 5 10 10 7 8 8 7 7 1 11 2 11 4 10 2 6 8 4 10 7 8 7 6 10 7 6 8 4 10 8 7 11 11 4 1 2 2 6 4 3 9 5 7 11 11 5 1 5 7 9 11 5 4 4 5 10 7 7 7 8 11 11 2 1 2 9 9 5 3 4 4 4 4 5 10 2 9 7 11 5 5 10 7 8 11 11 2 4 1 2 9 9 8 8 4 10 2 6 4 10 7 6 4 10 2 8 6 10 7 8 11 4 10 7 2 6 7 8 10 2 7 7 0 10 2 6 11 4 4 3 7 11 2 3 5 7 11 11 2 5 11 5 7 11 4 4 1 4 4 3 5 3 10 10 7 7 7 8 8 11 2 1 9 9 8 7 8 4 10 2 7 6 4 10 10 7 8 2 1 9 3 4 4 4 5 7 11 3 11 2 2 11 2 4 11 3 5 7 10 6 4 10 6 8 2 9 8 4 10 10 7 8 7 7 10 8 0 8 11 2 9 6 4 10 8 8 11 1 4 4 4 5 0 10 2 9 9 8 4 5 10 2 10 7 6 4 10 6 7 8 4 5 10 0 2 7 7 7 11 2 11 3 7 11 5 2 9 4 4 4 4 4 4 3 3 5 10 7 7 8 1 9 11 4 4 1 5 0 2 6 4 10 8 9 11 5 3 5 7 7 10 8 11 4 4 11 4 2 4 4 4 5 10 2 7 7 9 10 2 6 8 4 10 10 8 7 7 7 6 8 4 4 10 10 2 6 7 7 8 11 2 11 5 10 7 7 10 7 2 7 8 11 2 9 3 4 3 4 4 4 1 4 5 7 1 9 9 5 7 8 11 1 4 5 11 5 7 11 4 11 5 1 2 3 3 7 7 7 10 7 8 4 10 6 4 10 7 0 7 7 8 7 8 4 10 7 7 9 8 7 1 1 2 9 5 0 9 9 5 7 8 11 4 5 9 10 7 2 7 8 4 10 9 8 7 8 1 11 2 1 9 9 8 4 4 5 1 9 8 11 4 9 5 4 1 5 11 5 4 4 4 4 4 4 4 4 10 10 8 2 1 9 9 8 8 9 8 4 4 4 10 10 2 2 10 7 6 6 10 8 7 8 4 4 10 10 8 0 6 7 7 7 7 8 1 11 4 4 4 1 5 9 11 2 2 9 5 7 9 9 8 1 4 3 4 4 4 4 5 7 7 10 2 7 7 9 10 2 7 8 4 10 10 8 6 7 8 4 4 4 10 10 7 8 8 11 2 1 1 3 4 4 4 4 4 4 9 11 5 5 11 11 5 2 9 7 8 11 11 4 5 4 5 4 4 10 2 10 10 2 8 9 10 8 7 7 7 7 7 8 1 9 4 4 3 10 7 7 8 8 10 7 7 10 6 7 7 7 8 8 11 4 4 5 10 7 10 2 8 10 2 7 7 11 11 5 4 2 3 9 5 7 7 11 11 2 5 11 11 4 4 4 4 4 4 4 4 5 4 4 4 5 7 11 11 4 4 5 2
ppo_q50_s3_b_fd_l4,24,qv18_30,18,153,True,765.5,7.25602388381958,5 5 9 9 4 5 7 8 11 11 5 5 7 7 11 1 9 5 5 10 7 8 11 11 4 5 5 10 2 7 11 9 4 4 4 5 5 10 0 2 9 9 8 8 4 10 8 4 10 7 6 11 4 2 4 5 7 11 2 11 4 9 4 5 5 9 10 7 8 2 11 1 2 9 8 11 4 3 3 10 2 2 0 9 8 7 6 7 7 7 6 4 10 8 11 4 4 4 4 11 2 2 7 6 4 10 7 9 7 8 4 5 10 2 10 6 4 10 7 7 2 8 4 10 9 7 5 7 8 11 4 10 7 8 7 1 1 2 9 5 7 1 4 3 4 4 4 3 4 4 3 7 11 4 4 4 5 10 10 7 8 2 1 4 4 3 7 11 4 1 2 9 9 8 8 11 1 2 6 4 10 6 4 10 8 8 4 4 10 10 7 7 8 6 8 11 1 4 5 10 2 3 10 10 2 2 6 6 10 7 6 4 10 7 7 8 2 4 4 10 10 8 8 1 9 11 2 2 9 6 8 11 11 5 2 10 2 9 8 11 3 4 3 5 10 10 2 8 11 4 4 4 5 1 4 3 9 4 5 7 11 4 4 4 2 4 4 4 10 10 2 8 11 4 5 4 10 10 8 8 4 11 5 10 7 10 2 6 8 6 7 7 10 10 6 2 7 8 11 2 4 10 6 7 7 6 7 8 4 4 10 10 7 2 8 10 2 10 2 3 7 11 9 5 1 5 10 2 3 7 11 4 9 5 4 5 7 7 11 4 4 11 5 4 5 10 7 7 6 8 11 2 11 11 4 4 5 5 10 7 8 11 11 4 5 0 2 7 6 11 5 9 10 8 1 4 5 9 11 4 4 4 5 7 2 11 2 3 10 9 5 5 10 2 10 7 7 10 7 8 7 6 8 4 10 7 10 8 4 0 7 2 9 7 10 6 7 7 6 7 7 8 2 11 2 6 4 11 9 5 4 5 1 9 4 4 5 7 1 4 4 4 4 4 11 4 4 4 4 3 5 10 7 7 7 7 10 8 8 1 1 3 11 4 5 10 10 7 7 8 7 7 7 8 11 4 4 5 7 11 1 2 4 3 10 10 6 6 7 7 8 8 4 10 2 6 11 4 11 2 3 5 4 10 2 10 2 7 4 0 6 9 4 10 8 7 7 7 8 7 10 2 3 10 10 2 2 9 6 4 5 3 11 11 1 5 2 7 11 3 4 5 7 7 11 11 5 5 7 1 3 11 5 7 11 4 4 4 11 3 5 2 0 0 9 6 8 4 4 10 2 9 7 11 5 5 10 2 9 10 7 8 8 7 7 0 7 10 8 7 10 6 6 11 2 4 4 3 4 5 10 0 7 8 7 11 11 2 2 11 9 5 3 4 4 4 5 9 11 4 5 2 7 11 4 3 7 11 5 5 0 0 7 7 7 7 7 10 7 6 8 11 1 9 5 5 0 10 2 9 7 8 11 4 4 9 5 5 7 11 11 5 2 3 10 10 7 8 0 7 8 9 4 10 6 7 7 8 4 4 4 4 4 5 10 7 7 7 7 7 8 4 4 10 10 8 2 4 9 5 10 10 8 4 0 7 8 10 7 2 11 3 11 2 3 3 4 4 5 10 7 8 7 7 11 11 4 5 5 11 11 1 4 5 5 7 7 11 11 2 2 11 4 4 4 9 5 2 9 7 8 11 11 5 5 7 7 7 7 7 6 9 8 11 4 10 2 2 6 9 8 11 4 5 4 4 4 4 4 10 10 7 7 8 2 9 4 5 10 7 10 7 7 8 8 4 11 2 3 11 5 10 7 10 7 7 8 7 7 0 7 7 1 2 9 4 5 3 9 10 7 7 8 4 0 7 7 8 4 10 2 7 6 7 11 11 2 2 11 9 5 3 5 7 7 11 11 2 5 11 11 5 3 4 4 3 4 5 7 11 4 11 4 2 5 10 2 9 9 5 4 5 4 10 10 8 7 8
ppo_q50_s3_b_fd_l4,25,qv18_31,18,150,True,746.25,3.1050307750701904,5 5 3 7 11 9 5 0 2 9 3 7 8 11 11 5 5 7 7 11 11 5 5 10 2 7 6 11 11 4 4 5 7 8 11 11 4 4 5 5 10 2 9 7 11 4 3 5 2 10 7 8 1 11 3 7 11 5 5 10 0 2 6 4 10 7 7 9 6 8 8 4 4 10 7 8 11 4 10 7 8 7 7 7 8 11 5 10 7 7 7 7 7 11 4 2 5 7 7 11 11 5 7 2 11 4 4 2 3 3 7 11 11 5 7 6 8 11 2 11 11 4 5 2 7 11 11 4 5 5 9 7 11 5 5 0 7 11 2 3 10 9 8 7 0 7 8 4 10 2 9 9 6 8 4 4 4 5 10 7 7 10 7 7 7 7 7 8 2 4 10 7 7 8 11 9 5 5 0 10 2 7 6 7 11 11 4 2 3 4 4 3 4 5 10 7 11 5 5 7 11 4 4 1 4 4 5 3 4 10 10 2 7 8 4 4 10 2 10 9 8 8 11 1 2 9 8 4 10 6 4 10 8 7 6 7 7 7 8 11 4 10 7 8 1 2 4 4 4 4 10 2 9 3 11 2 3 4 4 3 5 7 7 11 2 1 4 3 9 10 8 8 11 1 4 4 5 4 0 0 6 9 8 4 9 11 5 5 10 0 7 7 8 4 4 10 10 6 8 8 10 0 2 3 10 6 10 8 7 7 7 7 8 11 4 5 10 2 7 11 9 4 4 8 7 7 8 11 4 5 7 11 11 5 4 0 2 0 9 8 11 4 4 4 4 3 4 11 4 4 4 2 3 5 7 7 11 11 2 5 0 9 8 9 11 5 5 0 7 9 7 7 8 11 5 9 5 4 0 10 10 2 6 0 7 8 11 2 7 6 10 10 7 6 6 7 7 7 7 2 8 4 10 2 9 6 7 11 2 1 4 5 10 2 9 6 8 11 11 5 2 7 11 9 5 5 4 4 4 10 2 9 7 11 5 5 10 2 0 6 6 10 10 2 8 4 10 2 9 8 7 6 11 4 11 5 4 4 2 4 11 3 9 5 4 4 4 4 4 5 4 10 2 10 10 8 2 7 11 2 9 4 5 10 10 8 8 7 7 7 7 7 11 9 5 4 4 5 1 9 8 11 4 5 7 7 11 11 4 2 4 4 5 0 9 9 5 5 7 11 2 6 9 11 5 5 0 9 10 7 7 2 6 8 4 4 10 10 8 4 4 5 10 7 7 8 7 7 10 10 7 7 7 8 7 2 10 8 7 6 7 11 11 5 4 4 5 4 0 10 8 0 0 9 5 7 6 9 11 4 4 4 4 5 5 11 1 4 4 5 4 11 11 5 2 7 11 4 1 4 3 5 7 7 7 7 7 6 7 7 7 10 8 4 0 7 7 6 10 10 8 1 2 9 8 11 4 4 9 4 5 4 5 7 9 11 4 5 5 7 7 11 2 1 4 1 9 9 8 4 4 5 10 8 9 10 8 8 11 1 5 9 11 5 5 4 4 0 10 0 2 3 10 10 6 7 8 6 8 1 11 2 11 4 4 4 5 10 6 10 7 7 6 8 7 8 11 4 4 10 8 7 8 11 4 4 5 11 5 10 7 7 10 8 8 10 10 7 7 7 7 8 7 7 8 4 4 11 1 4 5 10 0 2 9 3 7 11 5 5 7 11 4 5 7 1 3 11 4 4 4 4 4 4 5 7 11 11 2 2 9 5 9 9 5 5 0 0 7 7 7 7 9 7 8 10 7 10 7 7 8 7 8 4 0 10 2 7 7 9 9 8 8 1 1 9 5 7 11 4 4 5 9 7 8 11 11 5 1 2 11 5 9 3 10 7 8 4 4 4 5 3 10 10 7 7 0 8 2 4 3 10 10 7 7 7 8 8 11 2 6 11 11 4 4 4 4 4 4 4 4 4 4 2 5
ppo_q50_s3_b_fd_l4,26,qv18_32,18,153,True,749.5,7.270720958709717,3 5 2 9 9 3 5 2 10 2 7 11 3 7 11 5 5 7 7 11 11 5 5 9 7 11 5 5 10 7 8 7 11 11 4 4 5 5 7 7 11 11 5 5 7 7 11 2 11 9 5 5 0 7 11 4 9 5 5 7 7 11 2 4 4 10 10 8 2 9 8 4 4 10 10 8 6 8 11 11 2 1 3 4 4 5 4 10 2 10 6 4 10 6 7 7 8 7 7 7 7 7 8 11 2 4 10 7 9 8 7 8 1 4 1 9 5 7 11 9 4 5 5 7 7 11 4 4 5 11 4 4 4 0 2 10 6 7 10 8 0 2 9 5 10 9 6 8 8 4 4 10 10 7 8 2 11 2 6 9 4 10 7 7 8 7 1 1 2 3 7 11 9 8 8 11 4 5 7 11 4 3 4 4 11 4 2 4 0 2 9 8 9 11 2 3 5 7 7 11 11 2 5 7 11 11 5 4 5 3 10 7 6 7 8 4 4 4 10 10 7 2 2 7 9 7 8 4 10 6 4 10 2 7 6 7 7 8 11 2 11 9 5 1 2 9 8 7 1 11 3 3 7 11 4 5 5 7 11 4 5 7 11 4 1 4 3 4 4 10 2 0 2 9 5 7 9 10 2 6 8 7 3 10 7 10 8 7 8 11 4 4 5 10 10 7 7 7 7 7 7 7 7 8 4 0 2 10 9 8 8 1 1 9 4 4 5 3 10 2 9 9 5 5 7 7 11 1 2 4 4 4 3 4 9 4 5 0 7 10 10 7 7 7 8 2 4 10 9 8 7 7 7 7 8 7 7 11 2 11 11 5 2 9 4 5 9 7 8 11 11 4 4 4 5 2 11 4 4 4 5 9 7 11 4 3 5 2 10 7 8 11 2 11 4 11 2 4 5 9 4 5 7 7 7 7 7 7 7 6 4 10 7 7 7 7 8 7 11 2 1 9 9 3 7 8 2 9 7 8 7 10 7 7 0 7 8 7 7 7 1 1 9 8 11 3 11 4 5 2 0 9 3 5 7 7 11 11 5 4 4 4 5 11 2 6 11 11 4 4 5 7 1 4 2 3 3 3 10 10 2 10 8 2 7 9 8 6 7 7 7 10 7 7 7 8 11 11 2 2 9 9 5 0 7 7 6 8 11 4 10 2 2 6 7 9 10 8 2 6 7 11 11 1 2 2 6 9 4 5 7 7 11 11 4 4 5 4 4 5 7 1 11 3 4 10 2 2 9 3 5 10 7 11 2 3 5 11 11 4 4 5 7 7 8 11 1 4 5 0 7 7 6 9 6 8 4 10 10 2 2 10 7 10 2 8 9 9 8 8 11 2 6 11 11 2 2 9 8 4 10 7 6 10 7 8 2 4 4 10 7 6 6 8 11 1 4 4 3 4 4 5 0 10 7 10 2 2 9 5 7 10 10 8 8 6 10 7 7 7 7 7 7 7 7 7 7 7 7 7 7 7 7 7 7 7 7 7 7 7 7 7 7 10 8 8 7 11 2 11 2 6 4 4 10 10 8 8 7 10 8 9 11 2 2 9 9 5 0 7 8 9 4 5 10 10 7 8 6 7 7 8 4 4 4 4 10 2 9 7 8 4 10 10 2 8 4 10 6 10 2 2 6 9 4 5 10 10 8 2 10 7 10 2 2 6 11 5 11 9 5 4 5 7 11 4 11 3 4 4 4 5 1 5 7 1 4 4 4 4 11 2 9 9 8 4 4 4 4 5 10 2 3 10 6 4 10 8 7 7 7 7 7 7 7 7 0 7 8 1 11 9 5 5 7 7 11 2 11 5 7 9 11 5 7 1 2 9 9 3 5 2 4 4 11 4 5 3 10 10 2 2 7 6 7 9 10 7 7 7 7 7 8 8 4 10 7 7 7 11 5 5 10 7 7 7 8 7 10 10 8 2 7 6 7 11 11 2 2 9 4 4 5 7 7 11 11 5 5 7 11 11 3 4 4 5 0 0 2 9 8 7 11 11 3 5 5 7 11 11 2 5 4 4 11 11 5 2
ppo_q50_s3_b_fd_l4,27,qv18_33,18,155,True,774.0,7.415329456329346,3 5 2 9 9 5 5 7 7 11 11 5 5 10 2 7 11 3 7 11 5 5 7 7 1 9 11 4 4 5 5 7 7 11 2 11 9 5 5 10 0 2 9 5 9 7 11 4 5 5 7 11 3 7 11 5 2 0 9 8 9 4 10 8 7 8 4 4 10 10 2 6 8 4 11 5 0 7 10 6 4 10 8 8 4 4 10 2 0 9 9 5 0 8 4 10 7 6 7 8 7 7 7 11 11 2 2 9 3 11 2 5 7 11 2 11 3 7 11 2 3 4 5 10 8 7 11 11 2 2 3 7 11 3 5 7 7 11 11 5 4 5 7 11 11 5 7 1 2 9 5 9 10 7 7 7 8 7 7 7 7 8 4 9 10 7 7 7 8 8 7 11 2 4 4 0 10 7 9 8 4 0 2 9 6 4 4 5 9 7 8 11 11 4 4 5 7 8 11 11 4 5 4 4 4 4 1 2 11 4 5 9 7 11 5 0 2 9 5 0 9 6 4 10 8 8 4 9 10 8 8 1 9 4 10 8 7 7 7 7 7 7 8 4 10 7 7 7 0 0 2 3 7 9 11 5 5 10 7 8 11 11 5 2 10 8 11 4 3 7 11 3 4 4 5 4 4 5 10 7 7 7 8 11 11 1 4 4 5 0 2 6 11 5 7 11 11 2 4 5 10 8 9 7 8 6 4 10 7 7 7 7 7 7 11 2 5 7 11 2 3 3 7 7 11 11 3 5 4 4 4 4 4 4 4 4 5 7 11 2 11 2 9 4 10 8 4 0 2 9 9 8 8 7 7 7 10 2 7 10 8 10 10 7 2 7 8 6 4 10 7 6 7 8 10 7 11 2 2 9 8 11 3 11 4 4 4 5 4 4 5 7 11 3 7 11 2 2 6 11 4 11 4 5 5 9 7 11 5 4 5 11 4 5 10 2 0 9 5 7 6 11 11 4 5 2 9 7 8 7 7 7 10 10 7 7 8 4 4 5 10 7 7 7 7 7 7 7 0 7 8 7 1 11 11 3 5 2 7 11 5 7 11 5 4 4 11 11 2 3 5 3 10 7 7 7 8 4 10 7 6 10 7 8 2 7 11 11 2 2 9 6 8 4 4 10 10 7 7 8 8 11 4 5 10 10 8 4 2 10 2 6 7 11 9 8 8 11 2 6 11 11 4 5 4 5 7 11 4 3 4 4 5 7 11 11 5 4 4 1 1 4 4 5 7 7 11 11 5 2 7 6 9 9 8 8 11 4 10 7 7 8 1 2 9 7 7 8 10 7 7 9 8 7 0 8 7 7 10 0 2 9 9 5 7 8 1 1 9 9 5 5 7 7 6 4 10 7 8 11 4 4 1 4 5 1 4 3 9 4 5 7 7 11 11 4 4 1 5 5 10 7 8 11 11 5 3 5 7 7 7 11 11 2 2 1 9 5 9 10 8 8 11 4 10 7 8 6 7 8 4 4 4 4 10 10 2 2 9 5 10 6 10 7 7 7 0 8 8 10 10 8 4 0 2 9 9 8 8 11 2 1 9 5 4 4 4 11 4 4 4 3 4 4 5 7 7 11 11 5 5 7 7 11 11 4 2 5 10 2 9 9 8 4 5 10 7 8 4 4 10 10 8 1 2 6 7 7 7 10 6 4 10 2 6 6 7 7 8 11 4 5 4 10 10 7 7 7 2 0 8 4 10 2 9 9 8 8 1 11 9 4 5 2 0 9 8 9 6 11 2 4 4 5 7 11 5 7 11 11 2 3 4 4 5 7 7 11 11 5 2 4 4 3 7 11 2 1 3 3 3 10 10 7 8 2 11 2 6 7 7 6 10 7 8 4 10 7 10 8 4 0 7 7 7 0 2 9 6 9 8 1 4 5 10 7 8 11 11 4 5 7 1 4 5 10 2 9 9 3 5 7 7 8 11 4 4 4 5 7 11 4 4 4 1 5 3 4 10 10 7 8 8 4 4 10 10 8 7 8 4 10 7 10 7 8 8 11 2 4 10 9 8 8
ppo_q50_s3_b_fd_l4,28,qv18_34,18,156,True,771.0,7.450642347335815,5 5 9 9 3 5 2 9 7 11 5 5 10 7 8 11 11 4 5 5 10 7 8 11 11 4 5 5 7 7 11 1 9 5 5 10 7 8 11 11 4 4 4 4 4 5 5 7 11 1 2 9 4 10 8 1 2 9 5 10 6 4 10 6 7 8 8 4 4 4 10 0 10 8 8 11 4 5 10 7 7 7 6 7 7 7 7 8 4 10 7 7 7 7 11 2 2 11 4 3 5 3 10 10 2 7 8 11 7 8 6 7 11 11 1 2 2 3 9 7 8 11 4 4 4 5 7 6 7 11 11 1 5 5 3 7 11 11 5 5 10 2 3 10 10 2 8 11 2 4 4 11 4 4 4 11 2 3 5 10 7 8 4 4 3 10 10 7 8 8 4 0 9 8 4 10 7 8 7 7 7 7 10 8 11 4 11 2 5 10 2 3 7 11 3 3 4 5 7 7 7 11 11 2 2 11 4 5 4 10 10 2 8 9 8 4 11 4 4 4 3 5 10 10 7 8 7 8 10 6 7 10 8 7 8 4 10 7 7 7 0 7 7 6 7 11 2 1 2 9 8 6 9 11 1 5 5 7 7 11 2 11 9 5 5 10 7 8 11 11 4 5 5 7 7 11 2 11 9 4 5 7 8 11 4 4 5 4 11 4 11 5 1 2 9 4 5 10 7 7 7 8 6 11 11 2 2 9 4 5 10 10 6 7 7 8 7 7 0 6 7 7 7 7 7 8 1 3 7 11 4 5 4 4 1 4 4 9 4 4 5 10 7 10 0 6 8 8 4 4 10 2 10 6 10 7 2 8 11 2 3 10 7 9 8 8 1 4 10 2 7 6 9 11 2 5 9 9 5 5 7 7 1 4 4 4 1 4 4 11 3 4 4 4 4 4 5 7 11 4 11 4 5 0 2 9 8 6 9 8 1 11 11 5 0 2 6 4 10 6 7 7 7 8 7 10 7 0 2 9 9 7 6 7 8 1 5 10 2 7 6 11 4 4 11 5 4 5 10 2 9 9 5 5 10 2 7 11 4 3 11 2 1 4 5 10 8 11 2 3 11 3 3 11 4 4 4 4 4 4 4 4 4 4 4 4 4 4 4 4 4 4 4 4 4 4 4 4 4 4 4 1 5 2 10 2 9 9 8 1 5 10 2 3 9 11 3 4 5 4 5 10 2 7 10 7 7 6 7 8 4 11 1 4 11 5 4 4 5 7 1 4 1 9 6 11 2 4 3 5 7 7 11 2 11 11 4 3 5 2 1 9 5 7 7 7 10 7 7 6 4 10 8 6 8 4 4 10 10 8 8 4 4 10 10 8 2 4 10 7 7 8 1 1 4 3 3 9 4 5 10 7 7 10 8 8 11 1 5 11 4 4 4 11 4 4 5 4 1 2 7 6 7 11 9 4 3 5 4 4 4 5 0 9 5 10 10 2 2 3 10 7 7 2 7 7 9 10 8 8 4 4 10 10 2 6 8 4 4 3 10 10 0 2 7 6 8 11 4 4 3 10 8 7 7 7 7 8 11 2 11 3 4 4 4 4 4 4 4 5 4 10 10 8 7 7 8 10 2 10 6 10 7 7 7 7 7 8 8 1 11 4 5 9 5 10 10 7 8 1 1 2 4 3 7 11 5 9 5 10 10 8 7 8 1 4 11 2 9 6 4 4 5 7 11 4 4 4 3 4 5 10 10 2 2 9 7 6 7 7 7 8 1 4 3 11 4 4 4 4 5 10 8 11 4 11 4 5 2 11 11 4 5 5 10 2 0 9 7 8 6 11 4 11 5 5 4 4 4 4 4 4 4 4 4 4 4 4 4 4 4 4 4 4 4 4 4 4 4 4 11 11 4 4 5 5 9 4 5 4 10 10 8 2 11 5 0 7 7 7 7 7 9 7 8 7 7 7 7 7 10 7 11 2 2 9 5 10 6 7 7 7 10 7 7 7 7 7 7 7 7 7 7 7 7 7 7 2 7 8 4 10 10 2 8 10 6 7 9 8 7 8 10 10 8 0 8 4 9 10 8 8 4 10 7 9 8 0 7 1 2 9 5 10 8 10 10 8 2 11 4 4 11 5 4 9 5 5 7 11 11 2 5
ppo_q50_s3_b_fd_l4,29,qv18_35,18,153,True,757.25,2.029236078262329,5 5 9 7 11 5 5 9 10 2 2 9 7 11 3 4 5 7 8 11 11 3 5 2 10 7 8 11 11 4 4 4 4 5 7 8 9 4 10 8 8 11 1 5 7 11 1 2 9 9 5 5 10 7 8 11 11 4 3 5 2 10 0 8 11 2 9 4 4 9 3 5 2 0 0 9 8 4 10 7 7 7 6 4 10 8 7 7 7 7 8 11 2 3 9 10 2 2 9 5 7 7 6 7 11 11 4 4 5 7 1 4 4 1 2 9 3 5 9 10 7 7 8 7 8 4 10 10 2 8 4 10 7 8 6 11 11 4 4 4 2 5 4 11 2 9 9 5 1 4 5 4 3 7 11 4 5 4 4 10 10 7 8 8 4 4 10 10 7 2 7 7 7 7 8 4 10 2 6 10 7 7 7 7 8 6 7 11 11 2 2 11 2 9 6 4 4 5 7 11 4 3 4 11 4 2 2 11 3 4 4 5 10 10 2 2 3 10 9 8 7 8 11 4 4 4 5 10 7 7 10 8 8 11 1 5 11 9 5 5 10 2 10 7 10 8 6 8 11 4 4 10 7 2 6 8 4 10 10 7 8 8 1 11 3 5 10 7 11 2 2 9 9 4 5 4 4 9 5 4 5 7 11 4 4 4 4 1 9 5 7 1 2 3 11 11 2 2 9 8 6 9 10 7 8 8 11 4 5 10 10 7 8 8 7 7 7 0 7 7 10 7 7 7 7 10 8 2 1 9 5 9 9 5 5 4 4 4 11 1 5 7 11 4 2 4 4 11 11 5 2 7 11 5 4 3 9 10 6 7 8 2 9 8 4 4 4 10 10 0 7 8 8 4 10 9 8 7 7 7 7 8 7 10 10 7 8 8 1 1 9 4 4 4 5 4 10 10 2 2 9 8 9 11 4 4 5 5 9 5 7 7 7 11 11 2 4 0 2 9 3 7 6 8 11 1 4 4 11 4 4 5 2 4 4 4 11 9 5 0 2 9 5 10 9 8 6 8 4 4 10 10 8 0 10 8 7 7 0 6 6 8 11 4 4 4 4 5 10 7 8 10 10 7 8 7 7 7 7 8 11 4 4 4 5 4 10 2 10 7 10 8 2 1 9 4 3 3 7 11 4 5 7 8 11 2 11 4 4 11 5 2 7 11 4 4 5 7 11 2 4 9 4 5 9 10 7 8 8 7 11 1 2 9 4 4 5 10 10 7 7 8 8 4 4 10 10 2 6 8 4 10 7 7 7 6 4 10 6 7 7 7 8 7 1 1 2 6 9 4 5 10 10 2 8 11 2 9 9 5 7 8 11 1 2 9 9 5 5 1 1 4 3 9 3 5 7 7 11 4 5 7 7 11 11 1 5 2 7 11 4 4 4 4 5 7 11 3 11 5 2 0 9 5 9 7 8 4 10 10 7 6 0 8 4 0 6 6 8 11 1 4 10 2 2 9 8 9 9 8 7 7 7 7 8 4 4 10 2 10 6 7 10 7 8 8 10 2 7 7 11 1 3 11 2 2 11 4 4 3 4 4 4 3 5 7 7 6 11 11 2 4 5 10 7 8 11 11 4 4 2 2 9 11 5 4 5 0 9 6 7 8 11 4 10 2 7 2 9 7 8 7 7 9 6 7 10 2 7 8 4 10 2 9 10 8 8 4 10 0 2 9 9 8 8 11 2 1 4 3 4 4 3 11 4 5 1 9 5 7 11 3 11 2 2 1 9 9 5 7 8 11 11 3 4 5 1 5 7 11 4 5 4 4 0 10 2 3 10 10 6 8 8 10 10 7 6 8 7 0 7 8 9 4 5 10 10 7 8 8 4 10 2 10 7 10 7 7 7 8 2 9 4 5 9 5 7 7 11 11 2 4 4 5 7 11 4 3 11 2 1 2 9 6 11 4 4 5 2 9 5 11 11 4 2 4 4 4 4 4 4 4 5
ppo_q50_s3_b_fd_l4,30,qv18_36,18,156,True,765.25,7.457076072692871,3 5 2 9 9 5 5 10 2 7 11 4 6 11 3 5 2 7 7 11 11 5 5 10 7 8 11 11 4 5 5 10 7 8 11 11 4 5 5 7 7 11 2 9 11 5 5 7 7 11 1 2 9 8 11 9 5 5 9 10 2 0 7 8 6 4 10 7 7 8 9 4 10 8 8 4 4 10 10 7 7 7 8 7 1 2 9 8 11 1 4 3 7 11 5 0 2 3 7 6 11 4 4 4 4 4 4 4 4 5 7 7 11 2 11 4 4 9 5 5 0 10 2 9 9 5 7 8 11 9 8 1 1 2 6 9 6 8 4 4 10 10 7 7 7 8 8 4 4 10 2 10 7 8 4 10 7 10 8 2 4 0 9 6 6 8 11 11 1 5 2 9 7 8 11 4 4 4 4 4 4 4 4 4 4 5 4 4 4 4 10 7 10 8 0 2 3 4 10 10 7 7 8 8 11 2 4 10 9 8 6 8 4 4 10 10 7 8 2 4 10 8 10 6 7 8 7 11 11 2 2 9 5 11 3 11 5 4 5 9 7 11 2 2 9 4 11 5 5 7 7 11 2 11 4 3 10 2 2 9 7 7 8 7 7 7 7 10 6 7 11 2 2 11 5 9 7 11 5 4 5 10 8 9 11 5 4 4 4 5 7 11 4 3 7 11 5 2 7 11 2 9 9 5 5 0 0 7 6 9 11 2 2 6 9 8 7 7 0 7 7 6 4 10 10 7 7 7 8 2 4 10 10 2 8 11 5 7 6 11 11 2 3 5 7 10 8 7 6 11 4 11 4 4 4 5 4 5 7 11 11 5 7 1 4 3 5 4 10 7 7 8 11 4 4 10 2 2 9 7 8 11 4 10 2 2 6 4 10 7 8 11 2 9 9 5 4 4 4 4 4 5 10 7 11 5 5 7 11 9 5 2 0 6 10 6 8 11 4 5 10 10 8 8 4 4 10 10 7 2 6 7 7 7 8 0 9 8 4 10 2 9 10 8 7 8 11 4 1 5 3 10 7 11 2 2 3 7 11 5 9 11 5 4 1 4 4 4 4 4 5 4 10 2 10 9 8 8 9 8 7 7 7 7 7 11 5 4 4 4 11 4 4 5 10 10 7 7 8 7 8 11 4 4 5 10 10 7 7 7 8 7 7 8 11 2 4 10 9 7 7 5 5 10 2 10 9 8 8 4 4 10 10 8 8 1 1 9 5 9 7 8 11 11 2 3 4 5 7 11 4 5 1 9 11 2 2 6 6 11 4 5 11 4 4 4 5 7 7 11 11 4 5 2 7 11 5 4 4 10 0 10 2 8 9 8 4 10 6 9 8 8 4 10 7 7 10 7 7 7 8 1 4 5 11 3 5 7 7 7 0 10 7 7 9 8 7 7 8 7 7 7 7 7 11 2 11 11 1 2 5 9 7 8 11 11 4 5 4 4 5 3 9 5 10 7 7 11 2 2 9 8 11 11 5 5 3 11 11 4 2 4 4 4 4 4 5 10 7 8 10 2 9 10 7 8 1 2 9 6 6 8 10 10 2 2 10 8 7 10 7 10 7 6 8 7 8 6 10 7 7 7 7 7 7 7 7 7 7 7 7 7 7 10 7 7 7 7 7 7 7 7 7 8 8 11 2 4 4 10 2 10 9 8 8 10 0 8 9 8 11 11 2 2 9 4 4 4 4 9 5 3 4 4 4 4 4 4 4 4 4 4 4 4 4 4 4 4 4 4 4 4 4 4 4 5 11 4 0 2 6 7 11 11 2 2 6 11 3 3 4 4 11 2 2 4 4 4 3 4 4 4 3 11 11 4 5 4 4 4 5 4 10 10 8 7 7 7 7 7 8 7 11 2 11 9 5 4 4 4 4 4 5 10 7 8 11 11 4 5 4 4 4 4 4 4 4 4 4 1 4 5 10 0 9 5 5 7 10 8 10 10 7 7 7 7 7 7 2 7 7 8 11 2 9 4 10 8 7 7 6 7 7 7 8 4 4 10 10 8 6 8 7 7 11 11 2 2 9 8 4 4 10 10 2 6 2 6 9 7 8 4 4 10 10 8 2 10 10 7 7 8 8 10 7 7 10 7 7 7 7 7 7 7 7 7 7 7 8 2
ppo_q50_s3_b_fd_l4,31,qv18_37,18,154,True,763.5,7.339632272720337,3 5 2 9 9 5 5 7 7 11 11 5 5 9 7 11 5 5 10 7 8 7 11 11 2 2 9 8 11 11 4 5 5 10 7 8 11 11 4 5 5 7 7 11 11 5 5 10 7 8 11 11 4 5 5 7 7 11 11 5 5 0 10 2 9 9 5 7 8 4 4 10 10 8 8 11 4 5 10 0 7 6 9 8 7 7 7 8 1 3 10 7 7 7 7 7 7 7 7 11 2 4 3 5 10 7 7 8 7 11 11 1 1 2 3 5 9 5 7 10 9 7 8 8 11 2 11 11 4 4 5 5 7 7 11 11 4 5 5 1 11 5 10 2 9 9 5 4 5 7 7 10 7 7 7 7 7 7 7 2 0 6 7 6 4 10 7 8 4 10 2 6 11 3 7 11 5 5 10 2 10 8 11 4 4 4 11 5 4 5 3 11 11 4 5 4 5 10 7 7 8 1 11 5 7 9 11 4 4 5 5 0 0 9 7 8 11 1 5 10 6 4 10 2 8 4 0 6 9 7 8 11 2 9 6 7 8 10 10 2 8 7 11 4 4 4 4 5 7 11 11 5 4 5 10 2 7 9 7 8 4 4 11 9 5 5 0 7 7 7 10 7 7 7 7 10 8 7 7 8 11 5 7 1 4 9 4 5 7 7 11 11 4 5 4 5 7 11 4 11 2 2 6 11 9 4 4 4 5 5 7 10 2 9 7 10 2 2 3 4 3 10 7 10 7 8 8 4 10 7 10 7 8 2 4 4 10 0 7 6 8 4 10 9 6 8 8 1 4 11 5 10 7 10 8 7 8 1 4 1 9 8 11 4 3 4 11 5 5 10 7 8 11 11 4 5 4 5 7 11 3 11 2 5 7 11 2 3 3 10 10 7 2 7 7 1 2 9 5 3 10 10 8 8 9 4 10 7 7 8 1 2 11 3 5 10 10 8 7 7 8 7 10 7 7 6 7 7 7 11 2 2 11 5 7 1 9 9 8 8 11 2 9 11 4 2 4 4 5 3 7 11 11 2 3 5 11 4 4 11 5 2 7 1 4 4 9 5 3 10 7 9 8 7 7 7 8 7 7 10 7 8 4 4 10 10 2 8 4 10 10 7 8 2 7 11 4 5 10 2 3 10 10 8 6 8 9 8 11 11 2 2 9 8 11 4 11 4 5 4 4 4 3 5 7 10 8 11 4 11 5 5 7 11 1 2 9 6 11 4 4 5 4 0 0 8 11 2 6 9 4 10 8 1 2 9 5 10 9 8 6 8 4 10 10 7 8 7 8 4 10 7 10 2 7 8 7 1 11 9 5 0 2 3 4 4 4 4 11 3 4 5 7 11 1 2 9 4 10 7 8 6 7 6 8 11 11 2 2 4 10 7 8 11 9 5 5 11 2 11 3 7 11 4 3 5 2 10 2 9 7 8 11 11 2 2 9 8 4 4 3 4 3 11 4 11 4 4 4 4 4 4 4 4 4 4 4 4 4 4 4 4 4 4 4 4 4 4 4 4 4 4 2 4 5 10 2 7 1 9 9 4 5 5 7 7 11 1 2 9 3 11 4 3 5 7 7 7 7 7 8 1 9 11 5 2 9 10 7 8 7 8 4 10 7 7 7 1 2 9 4 5 7 11 9 4 5 7 8 11 4 4 4 4 4 4 4 4 4 4 4 5 7 11 4 4 11 4 4 4 4 2 5 10 10 7 7 2 6 7 8 7 7 6 10 10 7 0 2 7 8 11 2 11 3 5 10 10 2 3 7 8 4 10 9 8 7 8 7 11 4 5 10 7 9 8 7 7 7 7 8 7 11 2 11 11 5 2 3 10 10 2 2 9 6 8 11 11 4 3 4 4 4 5 1 5 11 9 4 4 5 4 4 5 4 10 2 7 1 3 4 11 11 4 2 3 5 7 11 11 2 2 3 10 4 11 4 4 4 4 4 4 4 4 4 4 4 4 4 4 4 4 4 4 4 4 4 4 5 2 9 4 4 5 11 11 4 4 4 2 3 4 5 7 7 11 11 5 5 11 2 9 6 11 4 5 5 7 11 11 2 5
ppo_q50_s3_b_fd_l4,32,qv18_38,18,153,True,756.0,2.0390920639038086,5 3 2 9 9 5 5 10 7 2 11 9 4 5 5 10 7 8 11 11 4 5 5 9 7 7 8 11 11 4 4 5 7 8 7 11 2 9 7 8 11 4 11 4 5 5 10 7 7 7 8 11 4 1 11 4 5 5 7 7 11 1 2 9 8 11 9 5 5 7 11 9 5 5 10 7 8 11 11 2 5 0 9 6 8 4 10 10 7 8 8 11 2 4 10 6 4 10 2 7 8 4 0 7 6 4 10 8 9 4 10 7 8 4 5 10 10 8 1 2 9 4 3 4 5 0 7 10 7 8 6 7 11 11 2 1 2 6 9 4 5 7 11 9 4 4 5 5 7 10 8 11 4 11 5 5 10 0 2 9 7 8 7 6 11 7 7 7 8 11 11 4 5 5 7 7 11 11 1 4 3 5 5 0 7 7 6 4 10 8 11 4 11 4 4 5 4 5 7 11 4 4 4 4 4 0 2 10 7 10 8 2 6 4 10 2 9 6 10 8 2 9 4 5 9 10 7 0 7 2 7 8 7 6 4 10 7 7 8 6 7 7 11 11 2 1 2 9 8 11 11 3 5 4 4 4 5 7 11 4 4 4 10 8 1 2 9 3 3 11 5 1 4 5 10 2 9 9 5 4 5 10 8 4 0 9 10 8 8 11 4 5 10 7 7 7 7 10 7 7 8 8 11 4 5 10 0 9 8 7 8 4 4 4 10 10 0 8 2 9 4 5 10 7 10 2 7 8 4 10 7 9 8 1 2 3 10 8 6 11 11 5 3 4 4 4 4 5 7 11 4 4 4 11 2 5 10 8 11 4 4 11 5 2 11 9 4 4 5 0 8 11 2 6 4 10 7 8 0 9 9 7 7 6 7 8 8 11 1 2 6 9 4 10 8 8 4 4 10 2 9 10 8 7 0 2 9 5 10 6 10 2 0 2 9 7 8 6 11 4 4 5 7 11 4 11 4 3 4 4 4 5 7 4 4 11 5 4 5 4 10 2 0 7 10 7 7 7 8 1 9 9 8 1 4 3 5 10 7 7 8 6 11 11 2 2 6 9 8 11 11 1 1 4 2 3 5 7 11 3 7 11 4 5 7 8 11 2 9 11 5 5 10 0 2 9 8 9 11 5 0 2 9 5 3 10 10 7 8 2 7 7 9 7 8 7 7 7 7 10 7 8 9 4 10 7 8 7 0 0 2 9 3 5 10 10 8 2 9 4 4 4 5 7 11 11 5 4 4 5 7 11 3 4 4 4 4 4 4 5 7 11 11 5 0 7 7 7 7 7 6 8 4 10 7 7 8 4 10 7 11 2 2 9 3 11 5 5 11 11 4 4 2 5 7 11 4 4 4 4 4 10 2 8 1 9 9 8 7 8 11 2 3 10 9 8 8 4 4 10 10 7 8 0 6 7 7 7 8 11 4 4 5 10 10 0 2 6 7 6 8 11 4 4 10 2 7 8 10 8 4 10 7 7 7 7 11 2 5 9 3 5 7 7 7 11 11 2 4 0 2 9 3 4 5 11 11 5 4 5 4 3 7 11 4 5 7 11 11 2 3 5 10 10 2 2 9 5 10 7 7 10 8 8 7 7 7 6 11 11 2 4 2 11 11 4 4 4 4 4 2 3 3 5 0 7 7 7 6 9 11 2 2 9 5 4 11 9 5 4 5 0 7 7 7 7 0 9 7 8 6 10 7 7 10 7 8 4 0 6 7 8 4 4 10 10 2 2 9 5 10 10 8 1 2 9 8 11 5 7 6 11 11 4 3 4 4 4 4 4 5 5 11 11 2 4 5 4 10 2 10 6 7 7 10 7 2 7 6 8 11 4 5 4 10 10 2 2 9 10 8 8 7 10 9 8 4 5 10 10 7 7 6 8 2 1 9 8 11 11 4 4 4 4 4 4 4 4 3 5 4 4 4 4 4 5 7 11 4 11 4 5 2 4 10 10 7 7 8 2
ppo_q50_s3_b_fd_l4,33,qv18_39,18,151,True,733.5,7.17379355430603,5 5 9 9 5 5 7 7 11 11 5 5 9 7 11 5 5 10 0 8 9 7 11 1 5 5 7 7 11 11 5 5 0 10 2 9 7 8 11 4 4 9 4 3 5 2 10 0 7 8 4 10 2 9 7 8 6 11 11 5 5 7 7 11 11 3 4 4 5 5 10 2 7 6 11 11 4 5 5 7 7 11 11 5 5 10 2 9 10 8 4 4 5 10 8 4 10 10 8 8 1 1 3 9 5 4 4 4 10 10 8 0 10 8 8 11 1 2 3 10 6 4 10 8 8 4 9 10 7 8 4 5 10 2 10 10 8 2 9 4 10 6 7 7 8 7 8 10 2 7 7 11 1 3 11 5 0 2 9 5 9 7 8 4 4 9 11 4 4 1 2 3 4 3 5 7 10 8 7 11 11 4 1 4 1 5 7 8 11 4 4 4 4 5 3 10 10 0 2 3 7 8 4 10 7 7 6 8 4 10 8 4 10 6 4 10 7 7 8 7 7 7 0 2 10 10 8 8 4 11 2 9 6 11 2 4 3 5 7 7 11 4 3 5 0 0 10 9 8 8 1 11 5 7 11 4 3 4 11 4 2 3 4 3 5 10 7 8 11 11 4 4 2 2 7 11 11 5 5 11 2 9 9 5 7 8 10 7 8 4 4 10 10 7 7 2 7 8 9 10 6 7 8 7 8 1 1 11 2 3 11 3 11 4 4 4 5 2 4 4 11 4 3 10 7 7 8 7 7 8 1 4 10 2 9 9 6 8 2 9 8 4 10 7 10 8 0 7 7 7 8 7 7 7 7 7 7 11 1 2 9 11 5 3 3 4 5 10 7 1 2 9 3 5 7 7 11 11 4 2 5 4 10 2 10 7 6 8 6 11 11 4 2 5 4 4 4 4 3 11 2 11 2 9 4 3 10 2 6 7 8 7 1 11 3 4 4 4 5 7 11 11 5 2 10 2 7 7 0 6 10 10 6 8 8 9 4 10 8 8 4 4 10 0 7 2 10 7 8 6 4 11 11 4 5 5 9 7 11 5 5 7 10 8 11 4 4 4 4 4 5 7 11 11 5 5 7 7 11 11 2 2 9 8 11 3 7 11 5 2 1 9 8 11 4 4 4 4 4 4 4 4 4 4 4 4 4 4 4 4 4 4 4 4 4 4 4 4 4 11 5 5 7 11 4 4 4 4 1 4 2 9 3 3 4 5 7 7 11 11 2 5 11 2 11 4 4 4 4 9 5 7 1 2 3 10 6 8 11 11 3 5 2 7 11 2 4 3 10 10 2 6 7 7 7 8 9 4 5 4 4 11 4 5 4 10 10 8 8 4 11 4 5 4 10 10 7 7 7 7 7 7 7 8 0 7 8 0 7 7 0 9 10 8 8 10 2 10 9 7 8 8 11 1 4 3 3 4 4 5 7 7 11 1 2 9 6 11 4 5 2 9 3 5 10 7 0 6 8 11 11 5 2 7 11 4 4 4 5 3 11 4 10 2 2 9 8 10 10 0 8 2 10 9 8 7 7 8 10 2 10 10 7 6 6 7 8 2 1 9 8 4 4 4 4 4 4 4 9 4 4 4 4 4 4 4 4 5 4 11 4 11 5 4 0 2 7 6 9 8 9 7 8 4 10 10 8 0 2 7 10 6 8 4 10 10 8 2 11 4 5 7 11 11 3 5 5 11 3 4 4 4 11 1 4 2 4 5 7 10 2 9 9 8 4 4 4 5 10 7 6 7 7 7 7 8 11 11 4 5 2 10 7 8 7 7 10 6 10 7 7 7 7 8 8 4 4 10 10 8 2 4 10 2 6 7 11 11 5 5 7 7 11 11 2 2 3 3 4 11 4 4 4 4 5 4 9 4 4 5 11 11 4 5 5 7 7 11 2 1 3 4 10 10 8 8 4 10 10 7 7 7 2 8 10 2 9 9 8 4 5 10 10 7 7 7 7 7 8 8
ppo_q50_s3_b_fd_l4,34,qv18_4,18,155,True,762.0,3.3349030017852783,5 5 9 9 5 5 10 7 2 11 9 4 5 5 7 7 11 1 2 9 6 11 4 5 7 8 11 11 5 5 10 7 8 11 11 4 5 5 7 7 11 11 4 5 7 8 11 11 5 5 9 10 7 8 2 4 4 10 10 8 8 9 11 2 2 4 10 9 6 7 8 1 5 11 4 5 0 7 7 10 9 8 7 7 7 7 7 7 8 7 11 2 6 11 11 5 5 7 1 4 3 9 4 5 7 11 11 5 4 5 7 11 4 4 4 4 4 4 4 10 0 8 8 9 8 4 10 8 11 7 8 11 4 4 11 2 2 11 2 9 9 8 4 5 10 7 7 6 7 7 7 7 7 8 11 11 2 5 10 2 9 8 4 10 7 6 7 10 8 4 4 5 10 7 7 8 10 7 8 7 11 11 2 4 4 1 2 9 7 8 7 6 9 11 5 4 5 7 7 7 11 2 11 11 4 2 5 7 11 9 5 1 3 4 5 9 5 10 7 8 7 11 11 2 4 4 5 9 7 8 7 11 11 1 5 4 4 4 5 10 2 10 7 7 11 2 5 10 6 7 8 6 4 10 7 6 7 7 7 8 4 4 10 10 2 7 8 11 4 10 7 2 8 9 4 10 6 8 2 4 10 9 8 0 7 1 2 9 5 9 11 4 4 4 4 5 4 5 7 11 4 3 11 2 5 4 11 2 11 11 3 4 5 5 0 10 8 10 2 9 3 10 7 7 8 1 2 9 9 8 8 7 7 7 7 7 7 9 7 7 8 4 10 10 7 8 2 7 11 2 11 2 3 3 4 3 4 4 4 4 4 4 11 11 1 4 5 2 4 11 3 3 10 2 2 0 9 5 9 10 2 7 6 7 8 11 4 4 5 7 10 10 7 8 2 9 7 8 4 10 7 10 8 7 7 7 1 2 9 5 7 6 10 7 7 10 7 7 8 1 2 3 7 11 4 5 9 10 7 8 8 9 4 4 5 7 10 7 11 2 2 9 5 11 3 7 11 1 3 5 2 9 7 7 8 11 4 4 11 4 4 4 5 2 7 11 4 3 7 11 5 2 9 7 8 11 11 4 4 4 4 1 5 7 1 2 9 5 10 8 9 9 8 4 4 5 10 2 10 10 2 7 6 6 7 8 4 4 10 10 7 8 2 4 10 6 10 2 2 7 0 9 9 5 5 10 7 8 10 7 7 7 8 7 11 11 2 5 0 9 7 8 6 11 11 4 3 2 3 4 5 11 11 5 5 4 10 10 2 2 9 5 7 10 8 11 4 11 4 3 5 7 7 8 11 4 4 4 4 11 2 4 5 0 0 7 6 7 7 7 7 9 7 8 7 7 7 7 7 11 11 2 4 5 10 2 7 7 9 6 10 7 7 8 2 1 3 3 9 5 7 11 11 4 4 4 4 1 2 3 5 11 4 4 11 4 5 3 5 0 7 7 6 4 10 8 11 4 11 4 5 4 5 7 11 2 4 4 10 10 8 8 10 2 0 7 6 9 8 6 4 10 10 8 2 10 0 8 1 9 9 5 5 7 11 2 11 4 3 11 2 2 9 11 4 5 5 1 4 9 9 3 2 3 7 4 7 7 7 7 7 7 7 7 7 7 7 7 7 7 7 7 8 4 10 0 2 9 9 8 4 5 10 0 8 7 0 9 7 11 5 5 10 2 7 1 3 9 11 5 5 7 11 9 4 5 5 10 7 8 11 11 4 4 4 4 4 4 4 5 4 1 1 2 9 8 4 3 10 10 8 2 6 10 8 4 10 10 2 6 7 6 7 8 11 4 10 8 8 11 4 10 7 8 2 11 5 9 10 7 7 7 2 8 10 6 4 10 7 8 2 11 2 9 5 7 6 11 11 4 4 4 4 4 5 4 5 10 8 7 11 11 2 3 5 4 0 10 2 9 10 2 2 6 6 6 11 11 2 1 4 5 9 7 8 11 11 5 5 7 11 11 4 4 2 5
ppo_q50_s3_b_fd_l4,35,qv18_40,18,156,True,761.0,7.461938858032227,5 5 9 7 11 5 7 1 5 7 11 3 9 5 0 2 9 5 7 11 9 5 5 9 7 11 5 5 10 7 8 7 11 11 4 4 4 5 7 8 7 7 11 5 7 11 11 1 5 5 10 7 8 11 11 4 5 5 7 7 11 11 5 5 0 9 7 8 4 4 10 10 2 2 9 5 10 9 8 8 11 1 2 3 9 7 11 5 5 10 2 10 7 7 9 6 7 7 8 4 5 10 10 8 2 11 5 10 7 6 4 10 7 8 8 4 10 10 8 8 1 11 4 4 4 4 4 4 4 4 5 7 11 4 5 10 2 10 9 8 6 7 8 11 5 4 10 10 8 8 4 4 10 10 8 7 7 7 8 4 10 2 9 7 7 7 11 5 5 7 11 5 7 7 7 11 4 1 4 3 4 4 10 2 0 2 9 3 5 10 2 10 10 8 7 8 4 10 9 5 5 11 4 4 3 5 7 7 11 11 2 5 7 11 4 4 11 4 3 4 5 2 3 10 10 8 2 7 11 2 4 3 10 7 7 8 1 3 10 7 7 7 6 7 7 7 8 4 10 7 7 10 7 8 8 11 2 11 11 2 2 6 11 4 5 9 10 2 2 9 3 3 7 11 4 4 4 4 4 5 7 1 4 5 7 11 2 3 4 10 10 8 7 8 4 10 10 2 8 9 4 5 0 0 6 4 10 9 8 6 7 7 7 7 8 4 10 2 6 7 11 11 4 2 5 7 1 4 1 9 8 11 4 4 4 4 4 3 5 7 7 11 11 2 3 4 5 7 7 10 6 8 11 11 2 5 11 11 4 5 5 10 2 0 9 9 5 5 10 0 2 9 9 8 4 3 5 10 7 7 7 7 10 2 7 7 8 1 9 3 4 5 7 11 5 10 7 7 10 8 8 4 10 10 0 7 8 4 5 10 2 10 9 8 7 8 1 9 5 4 10 10 7 7 8 1 2 6 11 3 5 7 7 6 11 11 2 4 5 7 7 11 11 4 5 7 8 9 8 11 1 11 5 2 7 11 5 3 7 9 11 5 1 4 4 5 7 11 4 3 11 2 2 1 9 6 8 11 11 2 5 10 2 9 6 8 4 11 3 10 7 2 7 7 8 11 2 4 10 7 7 6 4 10 8 8 0 7 7 7 7 7 9 8 4 10 7 7 6 7 7 11 2 2 9 8 11 11 1 2 6 4 5 9 3 7 11 4 4 4 5 4 4 5 10 7 7 7 7 8 4 4 11 11 5 2 10 8 11 9 4 5 4 4 4 5 10 8 0 7 7 7 7 7 6 7 11 2 11 2 4 4 4 4 11 4 9 4 5 5 7 11 4 1 5 0 9 9 5 5 7 10 8 4 10 6 7 10 7 8 1 1 4 5 9 4 3 5 10 0 10 7 7 8 6 8 4 4 10 10 7 8 7 8 11 4 2 11 1 2 9 9 8 8 11 4 4 5 11 4 11 5 2 9 7 8 4 10 6 7 10 7 0 7 8 8 4 9 10 7 8 7 8 10 2 7 6 11 11 2 5 7 1 11 2 9 9 5 4 5 7 11 5 9 11 4 5 4 2 9 4 5 10 8 11 4 11 4 4 5 5 11 1 2 6 11 4 10 2 2 9 5 10 6 6 10 7 0 8 2 4 3 10 10 7 7 7 6 7 8 8 0 7 9 7 7 8 11 4 10 8 8 4 4 10 10 2 7 8 4 10 2 9 6 11 4 4 4 5 4 1 2 9 9 5 7 8 11 4 5 0 10 9 8 7 7 7 8 11 2 9 5 4 10 10 8 8 7 10 7 7 11 2 1 2 9 9 5 5 7 11 1 2 11 3 3 3 11 5 2 4 11 4 4 4 4 5 0 9 8 7 7 11 11 4 5 5 7 7 11 11 4 4 4 2 5 7 11 11 4 5 4 4 2 11 11 4 4 4 4 4 4 4 4 4 4 4 4 4 4 4 4 4 4 4 4 3 4 4 5 5 4 11 11 4 4 4 4 5 2
ppo_q50_s3_b_fd_l4,36,qv18_41,18,151,True,743.75,3.0647201538085938,3 3 5 5 7 7 11 11 5 5 10 7 11 2 2 9 8 11 9 4 5 5 7 7 11 11 5 5 9 7 7 8 11 11 4 5 5 7 7 7 11 1 11 5 5 10 7 8 9 11 2 2 11 9 4 5 5 7 7 11 11 5 5 0 9 7 8 4 0 7 7 6 4 10 7 9 8 8 11 1 9 5 5 7 7 11 11 5 5 10 2 3 10 10 7 7 8 7 8 1 4 11 4 5 3 10 10 7 7 7 8 4 0 6 7 7 7 8 7 7 7 11 11 2 5 10 8 1 9 4 11 4 5 5 11 4 5 7 11 5 7 11 9 5 4 4 5 7 11 2 4 4 3 4 10 10 0 8 4 0 2 9 9 8 6 7 0 8 4 10 6 4 10 7 8 0 2 0 9 9 8 4 5 10 2 7 7 6 6 11 11 4 4 4 2 5 7 11 11 2 5 9 7 8 1 9 4 5 9 7 11 4 4 4 4 4 4 5 0 7 7 1 2 9 8 4 3 10 10 7 8 7 7 7 2 9 7 7 9 8 7 7 8 11 2 4 10 6 4 10 8 4 0 2 3 10 7 7 7 11 2 2 9 9 5 3 4 4 4 5 7 11 2 1 4 11 2 9 9 8 7 8 11 9 5 4 4 4 5 10 7 7 7 7 11 4 4 5 5 10 7 8 11 11 5 4 4 5 7 7 7 11 11 4 4 5 4 5 4 10 2 10 9 8 7 8 7 11 1 1 2 6 9 4 4 5 3 10 10 7 7 7 8 8 11 4 5 10 10 7 8 7 8 4 10 7 10 8 7 8 7 7 7 10 7 8 10 2 7 11 3 11 2 1 2 9 9 5 5 7 11 4 4 4 4 4 3 5 7 11 4 4 4 5 7 7 11 4 10 2 2 6 4 10 2 10 7 6 10 7 8 7 6 8 4 4 4 10 10 7 2 8 10 8 1 4 4 0 9 9 5 4 5 10 2 7 7 9 4 10 6 8 8 4 10 10 2 8 9 4 5 0 7 9 11 5 5 10 7 8 11 11 2 4 1 4 5 11 3 7 11 2 2 9 3 4 4 5 7 7 11 11 4 5 2 9 5 7 7 11 11 5 3 5 7 7 11 4 4 11 2 4 4 5 4 10 0 6 7 8 4 4 10 10 2 8 7 11 2 9 4 5 10 10 8 8 10 7 6 0 8 7 0 7 9 8 7 10 10 8 8 4 0 9 9 8 4 5 11 4 2 3 3 11 11 5 5 7 11 1 4 1 2 9 3 7 11 5 2 9 4 4 5 7 7 10 7 8 11 4 4 11 2 4 5 7 11 2 4 9 11 5 5 0 9 7 7 8 6 7 7 7 10 7 8 4 10 9 8 8 4 4 0 10 8 4 10 2 10 6 7 10 7 8 7 5 4 10 10 7 0 2 8 9 4 5 9 11 5 0 2 9 9 5 3 4 5 7 7 7 11 11 4 4 4 4 5 2 10 8 7 6 11 11 4 4 5 4 4 4 5 10 2 7 7 7 9 7 8 7 11 11 1 5 7 1 4 4 5 10 2 9 9 6 8 4 4 4 5 10 7 7 7 8 11 4 10 2 6 8 11 4 5 4 10 10 2 0 6 6 8 4 4 4 10 10 2 0 2 9 3 5 10 10 7 7 2 7 7 8 9 10 2 2 6 11 4 11 3 4 3 4 4 4 5 4 5 7 7 7 11 7 7 8 11 4 4 4 11 4 5 5 7 7 11 2 1 4 4 4 10 10 2 8 9 8 4 10 6 8 11 11 2 2 9 5 0 6 4 10 7 7 6 7 8 4 10 7 6 10 2 2 0 9 7 6 8 11 4 4 5 7 11 4 11 4 4 3 4 4 5 5 7 7 11 11 5 4 5 7 7 11 2 11 3 11 2 5 7 11 1 9 5 0 2 9 5 4 10 10 8 8 4 10 7 10 2 6 8 10 7 7 7 10 7 7 7 7 7 7 7 7 8 8
ppo_q50_s3_b_fd_l4,37,qv18_42,18,149,True,740.75,8.567591667175293,3 5 2 9 9 5 5 7 9 11 5 5 10 7 8 7 11 11 1 4 5 5 7 10 6 8 11 11 2 5 7 11 11 5 5 10 2 7 11 3 7 11 5 5 9 7 11 5 5 10 7 8 7 11 11 2 2 11 9 4 5 5 9 10 2 7 8 11 2 11 4 9 5 5 0 10 7 2 7 9 9 8 8 4 4 10 10 8 6 8 11 4 10 2 7 7 8 6 11 11 2 2 3 9 5 0 10 6 4 10 7 7 5 0 2 9 3 5 10 10 8 4 0 7 8 7 1 1 9 6 11 2 5 7 11 5 4 3 7 11 4 4 3 7 11 2 5 7 11 11 4 5 5 10 2 9 10 8 4 0 7 2 6 6 11 11 5 3 4 5 7 11 2 9 4 4 4 4 4 4 10 0 7 6 7 8 4 5 7 11 2 11 2 4 10 6 4 10 2 2 9 6 10 6 7 7 7 7 8 8 4 4 10 10 8 8 4 10 7 10 7 7 8 7 1 2 11 9 5 5 7 7 1 9 4 3 5 10 7 7 8 11 11 4 2 7 1 2 9 9 5 4 4 5 9 10 2 2 3 7 7 11 11 5 4 4 4 5 7 10 2 10 6 7 8 1 11 4 4 4 4 11 4 4 4 4 4 5 2 7 6 6 4 10 8 10 6 7 10 7 7 7 7 8 7 7 7 8 11 2 9 11 5 7 7 8 11 5 7 11 1 2 6 11 3 11 4 4 5 2 7 11 4 5 7 11 3 11 2 5 7 11 11 2 2 9 5 7 7 6 7 10 7 7 8 7 11 2 4 3 10 10 8 7 8 10 7 7 6 4 10 8 2 4 10 7 9 8 8 7 1 4 4 10 2 9 7 8 11 11 4 5 0 8 11 2 9 9 3 5 2 10 2 0 6 7 6 11 4 11 5 5 9 4 4 5 7 11 4 11 4 4 4 4 2 5 0 7 7 10 7 7 8 1 9 9 8 7 8 4 10 7 7 7 7 8 11 5 1 9 11 4 2 4 4 4 5 10 2 3 10 7 6 9 7 7 7 7 7 8 8 7 1 11 2 4 10 2 6 11 3 11 3 4 4 5 4 4 4 5 7 7 10 0 7 8 9 11 2 2 6 6 11 11 4 4 5 4 4 5 10 7 11 4 4 4 5 5 7 7 1 11 4 4 5 0 10 2 9 9 8 8 11 4 5 9 5 4 10 10 2 0 2 3 9 5 10 10 0 8 8 4 10 9 8 1 2 9 9 5 0 6 8 11 4 5 11 5 10 7 10 7 7 8 2 9 4 5 10 10 8 7 7 8 7 11 1 2 4 9 5 7 11 11 2 3 5 9 7 7 8 11 4 11 4 4 4 5 2 7 1 3 3 3 10 10 2 7 8 9 7 8 4 10 10 7 7 7 7 7 7 8 7 8 10 7 7 8 4 4 10 2 7 6 7 11 11 1 5 2 9 9 5 5 11 4 4 4 4 5 10 10 8 7 8 11 4 4 4 4 4 4 4 4 4 5 7 11 2 4 4 10 10 2 6 7 8 4 9 10 7 0 7 8 2 9 4 5 10 10 7 7 7 8 7 7 7 7 8 4 4 10 0 2 9 8 1 9 5 3 11 11 2 5 11 4 4 5 4 4 4 3 4 3 11 4 4 4 5 4 4 10 10 7 8 2 11 4 4 5 4 10 10 2 2 6 4 10 10 7 8 2 6 7 10 8 9 10 6 8 7 7 7 0 7 7 8 4 4 10 10 8 2 10 10 6 8 4 4 4 4 4 4 4 5 4 11 4 4 4 4 4 11 2 4 5 10 2 9 9 8 1 5 4 4 3 10 10 7 7 2 7 8 4 10 8 10 10 6 7 8 8 11 2 6 11 11 2 2 11 11 3 4 4 5 5 11 11 3 5 5 7 7 11 11 2 3 5 3 10 10 2 2
ppo_q50_s3_b_fd_l4,38,qv18_43,18,155,True,774.75,7.379168272018433,3 5 2 7 4 7 4 7 4 7 11 6 4 9 5 5 7 11 6 11 5 5 7 7 11 11 5 5 0 10 2 6 6 11 11 2 5 7 11 3 7 11 5 5 0 7 11 2 9 9 4 5 5 10 7 8 11 11 2 6 8 1 11 4 9 4 4 5 5 7 7 11 11 5 5 4 0 10 7 8 9 11 4 5 0 0 2 9 3 5 9 5 10 10 0 6 7 8 8 11 4 5 4 10 0 0 2 9 9 6 8 7 7 8 1 4 4 4 11 3 5 10 10 7 7 7 7 8 7 7 7 7 8 10 2 7 11 6 11 5 1 4 5 10 2 3 7 11 3 7 11 2 4 4 0 2 9 3 4 4 11 4 2 3 5 7 11 4 3 5 4 4 4 10 10 2 2 9 8 9 4 10 7 0 8 7 7 8 9 7 8 1 4 11 1 2 3 11 5 11 9 3 4 5 2 10 2 6 10 7 10 7 7 7 7 6 8 7 7 8 4 4 4 4 4 10 2 10 6 10 7 7 7 8 2 9 8 7 1 1 11 5 10 9 8 1 2 9 8 6 11 11 2 2 9 9 5 4 4 5 9 11 4 4 4 5 7 7 8 11 4 1 1 5 9 4 3 10 7 7 8 4 2 4 10 7 8 4 4 10 10 2 2 6 6 4 10 6 8 10 10 8 0 9 7 7 8 8 7 11 1 1 2 3 10 8 4 10 9 8 8 11 1 2 9 9 8 8 4 11 4 9 5 4 5 10 4 7 4 7 4 7 8 11 4 4 4 4 4 4 5 7 7 10 8 11 4 11 4 2 1 4 3 4 5 10 9 8 7 7 8 7 11 2 11 4 11 4 4 5 4 4 5 0 0 9 5 10 9 5 5 10 7 6 10 7 7 7 8 7 8 11 4 4 5 10 10 7 8 7 7 8 4 10 7 10 8 7 7 8 11 2 4 10 9 8 8 11 1 2 4 4 1 9 9 8 8 11 4 10 2 8 11 4 5 9 7 11 5 4 5 7 11 3 4 5 7 7 11 11 4 2 4 1 2 3 3 10 7 7 8 4 10 7 9 8 4 0 2 6 10 7 7 10 7 7 7 8 1 2 9 3 5 10 2 10 9 7 8 8 1 11 2 9 5 7 11 9 5 3 5 7 7 7 11 11 4 4 5 2 7 11 4 4 4 5 3 10 10 2 0 2 7 6 4 10 9 8 8 10 7 7 7 7 7 7 11 5 2 7 11 9 5 7 1 2 9 5 7 11 5 7 11 3 7 11 5 2 9 7 8 11 11 4 1 5 5 7 9 11 5 4 3 5 0 10 7 7 8 7 11 11 2 4 3 5 7 7 11 11 4 3 4 5 4 4 5 7 7 10 0 7 1 2 9 9 5 5 10 2 10 9 8 1 2 9 5 10 9 8 7 7 7 8 4 10 10 8 1 2 9 6 11 2 2 7 6 7 10 6 7 7 9 8 8 11 4 5 10 10 7 8 8 7 1 1 11 2 9 9 5 7 8 11 4 5 3 10 7 7 7 7 8 7 7 11 11 2 2 9 9 4 5 5 7 7 11 2 11 11 4 5 4 4 5 7 7 11 11 5 2 1 4 9 4 3 5 10 7 8 11 1 2 9 4 9 5 4 4 4 5 0 6 7 7 9 7 8 11 4 10 7 8 2 11 3 5 10 10 7 7 8 8 4 4 10 2 7 10 8 7 7 7 7 11 11 2 5 7 11 9 5 4 5 7 11 11 4 5 0 8 11 2 9 9 5 5 10 10 6 7 7 7 7 7 7 7 8 2 6 11 4 4 5 7 11 4 11 4 4 2 4 1 4 5 4 4 11 2 4 4 3 10 10 2 7 7 6 6 7 8 9 7 8 4 10 7 10 7 8 7 7 0 7 8 7 11 2 9 4 5 10 10 8 8 4 4 10 2 7 6 11 11 2 2 9 3 4 4 9 5 5 7 7 11 11 4 4 4 2 4 5 7 11 4 3 11 2 2 11 11 4 5 2
ppo_q50_s3_b_fd_l4,39,qv18_44,18,156,True,768.0,3.971560478210449,5 5 9 9 5 5 7 11 6 11 5 5 7 7 7 7 1 4 11 1 2 9 9 5 5 10 7 6 7 8 11 4 11 4 4 5 5 10 7 8 11 11 4 5 5 7 7 11 1 9 4 4 5 5 10 2 10 2 9 9 8 8 11 1 4 5 7 11 9 5 5 4 10 2 0 0 9 9 8 8 11 4 4 5 3 10 10 8 2 0 9 7 8 4 10 6 4 10 8 2 9 4 10 8 8 4 10 7 8 4 10 10 2 8 4 10 2 9 9 8 7 8 1 4 11 4 3 4 5 4 11 2 4 4 4 4 4 11 4 5 4 10 10 8 8 4 4 10 10 8 8 4 10 7 7 6 4 10 7 2 8 0 6 10 8 4 10 7 6 8 7 11 11 2 1 5 9 7 8 11 11 4 5 2 11 5 0 6 7 6 6 11 4 11 4 4 4 5 7 7 8 11 4 4 5 7 7 7 11 11 2 4 3 5 10 7 7 8 11 11 2 1 2 3 4 11 4 3 5 0 10 9 8 8 11 4 5 10 7 7 6 7 7 8 11 4 4 10 2 8 11 4 1 2 6 9 4 5 10 10 7 6 7 7 7 8 7 7 7 7 8 11 4 2 11 2 9 9 5 4 4 5 0 10 7 7 8 4 4 10 10 8 6 8 4 4 10 10 8 2 7 11 1 5 7 11 9 5 1 2 4 3 11 3 4 5 4 11 5 7 11 4 3 11 4 5 5 4 0 10 2 7 11 2 3 10 9 5 5 10 10 8 6 7 7 8 11 1 3 4 4 5 10 7 11 2 5 3 11 4 11 4 4 4 4 4 4 4 4 4 4 4 4 4 4 4 4 4 4 4 4 4 4 4 1 1 4 2 5 10 7 8 9 8 4 11 11 3 5 2 9 7 11 5 4 3 5 10 7 7 7 8 11 4 11 4 2 4 4 5 9 11 2 2 7 0 9 9 4 4 3 4 4 4 4 4 5 2 10 8 11 2 4 11 11 5 2 11 4 3 4 5 7 10 10 7 7 7 7 7 6 7 6 8 8 11 4 4 5 10 10 7 7 7 0 8 2 11 5 9 11 4 4 4 2 4 1 5 9 10 8 8 11 4 5 10 10 7 6 7 6 7 7 7 8 7 8 10 7 10 8 7 8 1 4 11 4 3 4 4 4 4 4 4 5 10 10 8 2 10 7 10 8 2 4 9 10 7 8 8 11 4 10 8 0 2 3 10 9 8 8 4 4 4 4 4 9 4 4 5 11 4 4 4 5 11 11 2 4 4 4 4 4 4 5 7 7 11 11 4 4 5 0 2 9 6 4 5 10 10 7 6 7 8 7 7 7 7 7 7 0 6 7 8 11 4 4 5 10 10 2 2 10 6 7 10 7 2 7 8 11 2 9 9 4 5 4 5 9 7 8 11 11 4 5 4 5 10 7 0 2 3 7 7 11 11 3 4 4 4 4 5 4 4 1 5 7 11 2 11 2 9 9 8 7 7 8 11 2 9 3 7 11 5 2 4 4 10 0 7 7 7 8 11 2 9 9 3 4 4 4 4 4 5 7 7 8 11 4 2 11 4 0 2 9 9 8 4 5 4 10 0 2 10 6 6 7 10 7 7 6 7 0 8 6 8 10 7 7 8 4 10 7 10 7 8 7 8 4 4 10 0 7 1 2 9 6 9 4 5 5 11 2 11 4 9 5 0 2 9 8 9 11 4 4 5 4 5 11 1 2 1 9 9 8 4 5 11 4 4 4 4 5 11 2 4 0 6 10 8 4 10 6 10 7 8 7 2 0 7 6 7 6 10 8 4 10 7 7 7 9 8 7 1 2 1 4 4 3 9 3 5 0 0 9 7 8 4 4 10 10 8 8 9 8 11 4 4 5 10 10 0 2 5 9 7 8 11 11 4 4 4 5 7 1 2 9 5 4 4 9 9 4 5 5 4 4 11 4 4 4 5 7 11 11 2 3 5 7 7 11 11 5 2 7 11 2 3 4 4 10 10 2 2 7 6 7 7 7 9 7 7 7 7 8 10 10 7 7 7 7 7 0 8 2 9 9 8 4 4 5
ppo_q50_s3_b_fd_l4,40,qv18_45,18,155,True,780.25,7.386093378067017,3 5 2 9 9 3 5 2 10 2 9 7 11 4 5 5 10 7 8 11 11 4 5 5 7 7 11 11 5 5 7 9 11 4 5 7 8 11 2 9 11 5 5 10 0 6 7 8 11 2 3 10 7 10 2 8 7 7 6 7 7 7 11 4 5 7 11 11 5 5 4 10 0 2 10 8 6 11 11 5 3 4 5 7 11 4 4 11 4 4 4 4 5 5 11 1 4 0 2 9 8 6 10 10 8 8 9 8 11 11 2 2 4 10 7 9 8 7 7 7 8 4 10 2 7 6 7 11 11 2 2 6 11 4 3 7 11 4 5 7 1 2 9 3 11 5 2 7 11 9 5 5 4 11 11 5 2 0 9 8 4 10 7 6 10 2 7 6 7 7 8 1 11 2 9 3 4 4 5 10 0 10 7 8 6 7 7 8 4 0 9 6 4 10 8 7 7 8 4 4 11 4 5 10 10 7 7 7 8 8 11 2 4 4 10 10 2 2 6 11 3 7 11 5 5 7 7 11 11 4 4 4 5 5 10 2 7 6 11 11 4 5 0 2 9 8 11 3 4 1 4 4 5 10 9 8 7 8 10 10 8 7 6 7 7 8 1 3 7 11 5 7 11 11 2 5 11 2 9 4 5 11 11 4 5 5 7 7 11 2 11 11 5 2 4 3 10 2 9 7 7 7 6 7 7 1 6 4 7 7 7 0 6 8 11 4 10 2 8 10 7 6 4 10 7 8 8 4 4 10 7 8 1 1 9 9 5 5 10 7 11 5 2 4 3 7 11 4 11 2 2 9 8 9 11 3 5 5 7 7 11 1 2 6 11 4 11 2 5 11 2 6 11 3 11 5 5 4 4 4 4 4 4 4 4 4 4 4 4 4 4 4 4 4 4 4 4 4 4 4 4 4 11 1 2 11 11 4 5 3 5 10 2 9 7 7 7 7 6 7 8 11 2 3 11 4 11 4 4 5 5 10 2 10 7 7 7 8 4 10 8 7 6 11 11 4 2 4 4 4 4 5 7 11 2 3 9 11 5 2 9 7 11 5 5 10 7 8 11 11 2 4 5 11 4 4 4 5 1 3 4 3 10 10 7 8 7 8 4 0 9 6 8 4 10 7 7 7 7 7 7 7 8 7 11 11 2 4 5 10 7 8 7 10 7 7 7 11 2 2 9 5 4 4 4 11 4 4 3 5 10 10 8 7 8 1 11 4 5 7 7 11 11 4 2 3 4 5 7 11 4 11 5 2 9 7 7 8 4 10 9 5 5 10 7 7 7 7 7 7 7 6 4 10 8 8 11 4 5 10 10 7 7 7 2 7 8 7 6 7 11 11 2 2 4 11 4 3 5 10 10 2 2 9 7 6 8 11 1 4 3 3 5 10 7 7 11 4 4 5 0 2 6 7 11 9 4 5 4 5 7 11 2 4 3 11 11 5 1 4 4 0 2 9 6 8 11 4 4 4 11 1 5 2 9 9 5 7 7 8 7 10 8 9 10 8 0 7 7 2 10 9 8 7 8 10 0 7 7 10 8 8 11 4 3 5 10 10 7 8 8 1 1 9 9 8 7 8 11 2 9 9 5 7 8 11 1 2 11 11 5 3 5 7 7 11 11 5 5 7 11 11 5 0 2 7 6 9 11 5 7 2 11 9 3 4 5 2 7 7 11 1 2 9 3 3 7 11 5 1 2 3 10 7 7 8 4 10 10 2 7 8 0 6 6 10 7 7 10 8 1 2 4 9 4 3 3 10 7 7 7 8 7 8 1 4 1 9 5 4 11 3 11 4 4 4 2 4 3 5 7 11 11 4 5 1 2 9 8 9 11 5 5 0 7 7 7 9 4 10 2 8 7 7 9 7 7 7 8 11 4 10 8 7 8 4 10 10 7 7 7 8 7 7 8 7 11 2 6 11 11 5 5 7 10 8 11 4 11 4 4 5 4 4 4 4 4 4 4 4 4 4 4 5 10 2 9 10 2 2 3 3 10 10 7 7 7 8 2 9 8 4 4 10 10 2 0 2 9 3 10 7 7 7 8 2 10 10 7 7 8 6 8
ppo_q50_s3_b_fd_l4,41,qv18_46,18,155,True,784.75,7.378192901611328,3 5 2 9 9 5 5 7 7 11 1 9 5 5 10 7 2 11 3 7 11 4 5 7 8 11 11 5 5 10 7 8 11 11 4 5 5 10 2 7 6 11 11 2 5 7 11 3 7 11 5 2 7 11 9 3 5 2 10 2 9 7 11 4 5 5 0 10 8 4 0 9 6 7 6 8 11 4 10 2 2 9 6 4 10 8 7 7 8 4 0 9 7 7 7 7 7 10 7 2 2 7 11 11 4 3 5 2 7 1 9 5 7 11 4 3 4 4 4 4 5 7 7 11 11 4 2 5 7 11 11 5 5 10 2 9 7 6 8 11 11 4 2 2 9 9 5 5 7 7 0 7 6 11 9 8 8 4 4 10 0 7 8 4 10 9 8 8 4 10 8 4 10 10 8 7 8 4 10 7 8 1 9 11 5 5 7 7 1 1 11 5 4 3 7 11 11 4 5 0 2 9 7 8 11 9 3 5 5 10 0 0 7 6 7 7 7 7 7 8 11 2 9 9 5 5 10 7 8 4 10 2 7 7 7 7 7 11 11 5 7 1 2 9 3 3 7 11 4 1 3 5 4 5 10 0 7 7 8 6 11 2 11 11 4 3 5 2 11 5 7 11 4 9 4 4 5 4 5 4 0 9 10 2 2 9 9 8 7 8 11 4 4 5 10 10 7 8 8 11 2 11 1 2 3 3 9 5 10 10 2 2 9 10 6 7 7 8 1 5 4 11 2 9 4 5 9 10 8 8 11 4 10 7 8 0 6 8 4 4 10 10 8 7 7 2 10 8 9 11 2 2 3 11 4 4 10 7 7 7 7 7 8 7 7 8 11 2 11 9 5 0 2 9 7 6 6 8 4 11 4 10 2 2 9 8 9 11 5 4 5 7 11 11 4 4 4 4 4 2 3 5 7 7 11 11 5 2 7 11 4 11 5 2 10 7 8 4 10 8 6 7 10 7 10 7 8 4 0 2 9 8 7 6 7 11 11 4 4 4 5 2 7 11 4 3 4 4 11 1 4 2 3 4 4 5 7 9 11 2 2 3 10 6 4 10 8 7 0 2 9 7 7 8 9 4 10 7 7 7 2 7 6 8 4 4 9 5 0 10 10 7 8 2 4 10 8 1 9 9 8 6 8 11 1 4 5 10 2 9 10 8 8 4 11 4 5 11 5 7 6 7 11 11 4 5 7 2 7 11 11 5 1 5 7 11 3 7 11 4 5 4 4 5 4 10 2 9 10 8 8 4 10 2 7 6 6 4 10 8 11 4 11 1 5 4 4 3 5 10 7 11 4 4 1 2 8 11 2 9 7 7 8 7 6 7 10 7 7 7 7 7 7 7 8 4 10 7 7 7 6 11 2 2 7 7 11 2 6 4 4 4 4 3 4 4 1 9 4 5 9 7 11 4 5 4 5 4 10 7 11 5 2 7 11 11 5 1 2 9 9 5 5 7 7 7 7 7 7 9 7 8 10 7 7 7 7 8 4 10 7 10 7 8 2 11 5 7 1 4 9 3 5 7 7 11 11 4 5 4 5 10 7 7 8 11 11 4 4 4 2 4 5 7 11 4 4 11 5 0 2 9 5 9 10 2 7 6 8 4 10 8 4 10 10 8 8 4 4 0 10 2 9 9 8 7 8 1 4 11 2 9 9 6 8 4 4 5 10 2 10 10 8 7 8 11 4 1 5 0 9 9 5 5 7 7 11 2 11 4 4 4 3 4 11 2 2 4 3 10 6 7 6 10 7 8 4 0 6 7 7 7 8 4 10 7 7 7 7 7 7 7 11 1 3 5 5 10 2 10 7 1 2 9 3 4 3 5 10 10 2 8 7 11 2 11 4 3 4 5 10 7 0 8 4 0 9 9 7 6 7 8 2 9 4 5 7 11 11 5 5 7 7 11 11 4 2 3 4 4 4 4 5 10 2 3 10 10 7 2 6 7 7 8 4 4 10 10 2 7 7 8 4 10 9 8 7 8 11 11 4 7 4 7 4 7 1 4 4 4 4 4 5 4 4 4 4 5
ppo_q50_s3_b_fd_l4,42,qv18_47,18,152,True,731.25,6.236262798309326,3 5 2 9 9 5 5 7 7 11 11 5 5 10 7 8 6 11 11 1 8 2 9 11 4 5 5 10 7 8 11 11 4 5 5 10 7 8 9 8 1 11 11 4 5 5 7 7 11 11 5 5 0 7 11 2 9 5 9 7 11 5 5 0 7 6 9 7 8 11 4 4 10 8 2 4 10 9 7 8 8 11 4 5 10 10 2 8 4 10 7 7 9 8 7 7 8 4 0 7 7 7 7 11 1 11 5 2 9 5 10 7 11 3 5 4 4 4 4 4 4 4 5 7 11 4 1 2 9 8 11 3 9 5 5 0 7 10 7 7 7 7 7 6 7 7 7 8 11 2 4 3 10 10 8 2 11 5 4 3 10 7 10 7 7 7 7 8 2 9 4 5 0 9 10 8 8 7 1 11 4 0 2 9 6 8 11 11 3 4 5 4 4 4 4 5 7 11 4 4 5 7 7 11 11 4 4 5 4 5 10 2 7 9 7 7 7 7 7 7 7 7 8 7 7 1 1 11 5 9 7 11 4 5 7 1 2 9 4 5 4 4 4 4 4 4 3 10 10 8 6 7 8 11 2 4 10 6 4 10 8 2 4 0 10 2 9 9 8 8 4 4 10 10 8 7 8 9 4 5 10 10 8 8 7 11 4 4 4 4 4 4 4 4 5 7 11 2 4 4 11 4 0 2 7 9 9 8 4 0 6 8 6 4 10 8 7 10 7 7 10 7 8 8 4 4 10 2 10 7 8 11 11 2 4 5 1 9 4 5 4 4 3 7 11 11 5 2 4 1 3 3 10 10 2 8 10 7 8 4 4 10 10 8 8 4 10 6 10 2 7 7 7 8 4 4 10 7 7 8 4 0 6 9 11 5 5 7 11 11 5 5 7 11 4 5 11 4 11 4 4 5 1 5 9 7 8 7 7 7 7 6 4 10 8 7 11 11 5 5 10 7 8 11 11 4 2 2 3 4 11 11 4 5 4 4 5 4 10 2 9 10 7 8 1 2 9 5 9 3 5 0 10 7 7 7 7 7 8 4 10 6 10 7 7 2 2 7 6 4 10 7 7 7 7 8 10 2 6 11 4 11 4 4 4 5 0 2 9 8 7 11 11 5 2 9 5 4 4 3 7 11 4 1 5 0 9 9 5 5 10 7 8 4 10 7 7 6 7 7 7 7 7 7 8 4 10 7 7 7 7 7 11 2 2 11 11 5 2 3 9 7 7 8 11 11 4 4 3 4 5 4 4 4 4 4 4 4 4 5 11 11 5 7 2 11 11 5 5 0 10 8 4 0 6 9 8 7 10 10 2 8 9 4 10 8 8 10 7 7 10 7 8 1 2 9 4 5 7 7 7 10 8 11 9 5 5 11 2 11 11 5 5 11 4 3 5 7 7 11 11 5 2 10 8 6 11 11 2 5 9 7 8 11 11 3 4 4 5 5 10 0 7 7 1 2 9 11 5 5 10 7 8 4 10 8 10 8 4 10 7 7 10 8 7 7 2 9 6 6 8 10 10 8 0 7 9 7 8 8 7 11 2 1 1 3 3 9 4 4 5 10 10 7 7 7 8 7 8 11 5 10 7 7 7 7 7 7 7 7 7 7 7 7 7 7 7 7 7 7 7 7 7 10 7 7 0 7 8 8 11 1 2 11 9 8 4 5 7 10 9 8 8 10 9 8 4 5 4 11 5 7 7 7 10 10 0 2 8 4 9 0 7 6 9 8 7 7 7 7 7 0 0 8 9 8 7 7 10 10 7 8 2 6 11 4 4 5 7 7 7 11 11 2 2 4 4 3 9 5 11 11 5 2 7 11 5 11 4 11 4 3 4 4 4 4 5 0 2 9 3 5 7 11 4 11 5 4 4 4 4 5 7 11 2 6 10 10 7 7 7 7 8 7 7 6 8 10 10 2 2 10 10 7 7 7 2 7 6 6 8 10 10 8 0 2 9 9 5 7 7 7 8
ppo_q50_s3_b_fd_l4,43,qv18_48,18,156,True,761.25,2.746757984161377,3 3 5 5 7 7 11 11 5 5 10 7 7 8 7 11 11 2 2 9 5 7 11 11 3 4 5 7 8 7 11 2 11 11 5 5 10 2 9 7 11 4 5 5 7 9 7 8 11 11 1 5 5 9 7 7 8 11 11 4 3 5 2 7 7 11 2 11 9 3 5 7 2 7 7 9 8 4 10 0 2 3 10 7 9 8 4 0 7 7 6 8 4 4 10 10 7 8 4 0 2 9 7 7 7 8 7 11 11 5 5 10 7 6 8 11 11 1 2 2 9 3 7 11 5 5 7 7 11 11 5 7 1 4 4 5 7 11 2 9 9 5 3 4 4 4 5 11 2 4 4 10 0 7 10 8 6 8 9 10 7 8 1 2 9 4 10 8 7 8 6 11 11 2 5 4 10 7 8 11 4 10 2 2 9 7 9 7 6 7 8 4 5 10 0 7 8 6 11 11 5 5 10 2 0 7 7 7 11 2 3 9 3 10 7 2 8 11 2 11 4 3 7 11 5 4 1 5 9 5 7 7 11 11 4 5 5 7 11 2 3 11 11 4 4 5 2 0 9 8 11 9 4 5 5 7 10 2 9 7 6 10 7 7 7 8 2 4 10 7 7 8 9 4 10 7 7 7 2 7 8 11 11 5 7 1 2 9 5 7 11 4 4 3 4 4 4 5 7 11 4 4 4 10 2 2 9 8 11 9 3 5 5 10 7 7 8 11 11 2 4 5 7 10 8 4 10 7 6 7 10 8 2 10 10 6 8 8 4 4 4 10 10 7 8 7 7 7 7 8 7 7 11 2 6 7 11 11 2 2 4 0 9 6 8 11 11 5 4 4 5 10 8 7 1 11 2 9 3 9 7 8 4 4 4 5 7 11 2 11 11 5 2 4 9 4 5 4 4 4 11 4 5 3 11 11 2 2 1 9 8 11 9 8 8 7 10 10 6 7 8 7 7 7 7 8 7 11 2 11 3 10 7 8 7 7 7 8 10 10 2 8 7 11 4 5 0 10 7 7 7 7 11 2 5 10 8 9 11 5 3 3 5 7 7 7 11 11 2 2 1 9 3 9 5 4 5 10 2 7 7 7 11 11 4 5 0 2 7 6 11 11 5 5 9 9 5 4 5 4 11 1 4 4 4 4 5 3 10 10 2 2 9 10 6 7 8 2 4 10 7 6 8 7 7 10 10 7 8 7 7 7 7 8 4 10 10 2 8 7 11 4 5 7 7 11 11 4 5 5 9 10 2 2 7 6 9 8 4 4 10 10 8 2 6 7 10 10 7 7 7 7 7 7 7 7 7 7 7 7 7 7 7 7 7 7 7 7 7 7 0 8 7 7 7 7 7 8 11 1 2 11 5 3 10 10 8 8 4 11 4 3 5 10 0 9 8 8 9 4 4 4 5 4 10 10 7 7 7 7 8 8 10 7 10 7 8 7 7 7 8 11 4 10 8 7 8 10 7 7 7 7 7 11 4 4 5 7 2 7 11 11 5 2 9 7 8 11 11 4 4 3 4 2 3 4 5 11 11 5 2 7 11 11 5 4 4 4 4 4 4 3 4 5 0 7 0 6 7 7 7 7 10 0 8 9 9 8 8 7 10 7 7 7 7 10 2 8 1 4 4 11 11 4 2 3 5 9 11 4 4 5 5 0 10 2 9 9 5 5 10 2 9 10 7 7 8 7 7 0 7 6 7 7 8 4 10 7 7 7 10 2 2 7 6 6 7 11 11 4 2 5 7 11 5 9 7 11 2 3 5 7 7 11 11 4 4 5 1 2 9 4 5 10 10 8 2 9 4 5 10 10 7 8 6 7 7 7 8 7 11 2 11 3 3 4 4 4 4 4 5 7 11 5 4 11 1 4 11 4 3 5 4 4 4 1 4 3 5 0 10 2 9 7 11 4 3 5 2 4 4 4 4 4 4 1 4 10 2 9 8 11 3 4 4 4 4 11 4 4 4 4 4 4 4 2 4 5 10 2 3 7 7 11 11 3 5 2 7 1 3 9 7 8 11 11 4 4 2 3 4 4 4 5 7 11 4 11 5 5 10 2 9 9 5 5 7 11 11 4 4 4 4 4 4 1 5 4 5 9 7 8 4 10 10 7 2 0 2
ppo_q50_s3_b_fd_l4,44,qv18_49,18,151,True,757.25,7.246077537536621,3 5 2 9 9 5 5 7 7 11 2 6 11 11 5 5 7 7 1 11 9 5 5 10 2 7 11 9 4 5 5 7 7 11 11 5 5 10 7 8 9 4 10 8 8 1 11 2 4 11 3 7 11 5 5 7 7 11 2 9 11 5 5 7 7 11 11 5 5 0 10 2 9 7 6 8 6 11 11 2 2 9 11 5 5 0 9 7 8 11 11 2 2 9 9 5 5 10 2 0 7 7 9 9 8 6 8 4 4 10 10 8 2 4 10 7 7 6 4 10 8 7 7 8 4 10 7 0 7 1 2 9 9 5 5 10 7 8 11 1 3 4 3 4 4 5 10 10 2 8 11 4 4 5 7 11 2 4 3 7 11 5 7 11 4 11 2 2 3 3 10 10 7 8 6 8 4 11 4 10 7 0 2 6 8 4 10 7 7 7 7 11 2 5 10 2 9 8 6 11 11 2 5 4 9 4 5 9 11 4 5 2 7 11 3 7 11 4 5 2 9 7 11 4 5 5 4 0 0 10 2 7 6 7 7 7 6 7 10 7 7 7 8 7 10 9 8 8 11 2 1 4 3 11 4 5 10 0 8 10 2 4 11 3 4 9 5 5 10 7 8 11 1 4 3 11 4 4 5 4 5 10 7 7 8 11 11 4 4 5 5 10 2 0 9 8 9 11 5 5 0 0 9 5 9 7 6 7 7 8 4 4 11 4 10 7 8 0 7 8 10 7 8 4 10 7 10 7 7 7 8 8 1 9 4 5 7 7 11 11 2 2 6 11 9 5 7 8 11 4 5 10 7 11 5 5 7 7 11 11 5 2 7 11 4 9 5 4 1 5 10 2 9 8 9 11 5 5 11 5 0 7 7 10 7 7 7 8 4 10 7 8 4 10 7 7 7 9 8 8 1 9 4 5 10 7 11 2 2 3 9 5 7 11 4 4 4 4 11 3 5 5 10 7 7 8 11 11 4 4 2 4 5 7 11 4 4 2 9 11 5 5 0 7 9 7 8 4 10 7 8 10 7 7 7 7 7 7 7 6 8 7 11 11 1 2 4 5 7 11 2 4 3 4 11 4 4 4 4 3 5 10 10 8 2 0 9 8 9 4 10 8 8 4 10 7 10 7 7 8 2 6 11 11 2 2 6 9 4 4 4 5 7 11 3 4 11 4 4 1 2 5 7 11 2 3 4 3 10 7 10 8 8 4 4 10 10 6 7 7 8 0 7 7 6 7 7 8 4 4 4 4 10 10 7 7 7 8 2 1 9 8 11 5 11 4 4 4 3 5 7 7 11 11 2 4 2 4 10 2 6 7 9 7 8 11 5 10 7 7 7 7 0 7 6 7 11 4 5 2 7 1 9 9 5 5 7 7 6 11 11 2 4 3 5 10 7 7 11 2 2 9 8 11 11 4 4 4 4 4 5 4 5 7 11 4 4 3 5 4 10 10 2 2 9 10 6 7 8 7 7 7 8 1 1 11 3 11 2 4 2 11 4 4 4 5 9 7 6 7 7 6 10 8 0 9 7 7 8 7 8 11 2 9 4 4 10 7 8 7 7 7 8 4 10 4 4 5 10 7 7 8 4 10 7 11 5 0 7 7 0 2 9 5 7 11 3 4 5 7 11 4 3 7 11 4 5 4 4 4 4 4 5 4 10 7 8 11 1 4 4 1 2 3 9 10 6 7 8 4 5 4 10 2 9 10 2 2 3 10 10 8 8 4 10 2 9 9 8 7 8 10 7 8 4 4 10 10 2 8 4 10 6 4 10 7 8 7 8 7 11 11 2 1 2 4 9 5 7 7 11 11 2 4 4 5 3 7 11 3 11 2 3 4 5 7 7 11 11 4 5 0 2 9 3 7 11 4 5 4 5 10 2 9 7 7 8 11 11 5 5 10 2 3 11 4 4 4 4 4 11 4 4 4 4 4 4 4 4 4 4 4 4 4 4 4 4 4 4 4 4 4 4 4 5 3 5 10 10 2 2
ppo_q50_s3_b_fd_l4,45,qv18_5,18,151,True,748.25,7.24433708190918,5 5 9 9 4 5 7 8 11 11 3 5 2 10 7 8 11 11 4 5 5 10 2 7 6 11 11 4 5 7 1 5 7 11 2 9 9 5 5 7 10 7 8 11 2 9 9 5 5 7 11 11 4 4 5 5 7 7 11 11 5 5 4 0 0 9 7 8 9 4 10 7 8 8 11 4 5 0 9 7 7 8 4 10 7 10 7 7 2 7 8 4 10 7 7 7 7 11 5 2 9 5 7 7 11 11 2 2 6 11 9 3 4 4 5 4 4 4 4 5 4 10 2 0 6 9 7 8 4 10 8 0 6 7 7 11 4 4 10 7 8 2 9 8 4 10 7 7 7 11 5 2 7 6 11 11 5 7 1 2 9 5 7 11 11 5 3 5 10 7 11 4 1 4 5 1 4 4 4 5 11 2 3 3 10 10 2 8 9 10 8 8 4 11 4 4 3 5 10 10 7 8 8 4 10 10 7 7 7 8 1 2 1 9 3 3 5 10 10 7 8 2 11 2 11 2 6 4 10 6 4 10 7 8 4 5 10 10 8 2 4 10 6 7 8 4 4 10 10 7 8 2 4 9 5 0 0 7 6 9 11 5 5 10 7 8 11 11 4 4 4 5 1 2 3 4 3 7 11 5 7 11 4 4 3 4 11 2 2 11 4 9 5 0 2 6 11 5 10 7 6 4 10 7 8 7 6 7 7 8 4 10 7 7 8 4 4 10 0 2 10 7 9 8 1 2 9 5 10 6 9 8 1 4 3 4 5 10 7 7 7 8 4 4 10 7 7 8 11 4 11 5 4 5 7 7 10 8 11 4 11 4 2 3 5 7 7 11 11 5 5 7 7 11 11 2 5 10 8 9 11 4 5 1 1 2 4 9 5 10 7 11 5 5 0 9 7 6 7 8 4 10 10 8 6 8 11 4 10 8 8 4 4 10 0 7 7 7 7 8 6 11 11 2 2 3 4 4 4 4 9 4 5 11 4 5 7 11 4 11 4 5 5 7 7 11 4 5 10 2 9 10 8 7 7 8 1 4 11 4 10 8 2 9 4 10 7 8 7 8 11 5 10 7 7 10 7 8 8 4 10 2 10 7 7 8 7 6 11 4 11 2 2 4 9 5 7 11 4 2 3 11 4 4 3 5 10 7 8 11 11 4 4 4 4 4 5 4 5 10 2 3 10 7 7 11 5 0 2 3 10 8 4 10 9 8 1 2 9 6 8 10 7 6 11 2 2 6 4 10 7 7 6 4 10 8 2 10 8 4 10 6 10 7 8 2 9 11 4 5 2 7 1 1 3 4 4 4 9 4 5 7 11 4 3 7 11 5 2 11 2 11 4 9 5 5 0 10 2 9 9 5 7 8 7 6 4 10 0 6 7 7 8 4 10 2 7 10 6 10 8 2 9 7 7 8 11 4 4 1 4 1 4 5 9 5 9 7 11 4 4 4 4 5 0 8 4 0 7 1 9 5 10 9 8 8 7 7 10 7 7 6 4 10 2 2 7 9 9 8 8 4 10 7 7 0 7 1 2 6 9 11 2 5 7 11 9 5 3 4 4 5 10 7 2 11 3 5 0 9 10 8 8 7 1 1 1 9 9 4 5 5 7 1 9 3 5 7 7 11 2 9 11 4 5 1 2 11 5 4 3 4 4 3 10 7 10 7 8 2 1 9 4 5 10 10 8 7 8 4 10 7 10 8 1 2 9 5 0 6 4 10 6 4 10 8 8 4 4 10 2 9 10 7 8 1 2 6 4 10 9 7 7 8 4 3 5 0 10 2 10 10 2 8 6 11 11 4 4 3 5 5 7 11 11 2 4 3 5 7 7 6 11 11 4 5 2 7 7 11 11 5 5 7 7 11 11 2 5 11 4 5 7 11 3 11 5 0 2 9 5 10 7 10 7 7 8 7 6 8 11 11 2 2
ppo_q50_s3_b_fd_l4,46,qv18_50,18,154,True,772.0,3.9919047355651855,3 5 2 7 11 9 3 5 2 9 7 11 5 5 9 7 11 4 5 7 8 11 2 9 11 4 4 5 5 7 7 11 11 5 5 10 7 8 11 2 11 4 9 4 4 5 5 4 0 10 2 3 10 10 8 8 9 8 11 4 4 4 5 10 7 10 2 2 10 9 7 7 8 1 2 4 4 4 3 3 9 5 0 10 10 6 7 7 7 7 8 8 11 1 5 7 11 3 4 5 10 8 4 10 10 7 7 8 7 7 8 11 4 5 4 10 10 8 7 7 8 1 11 2 9 9 5 7 8 4 4 4 10 2 10 10 8 7 8 11 2 1 9 9 8 8 4 11 4 5 7 7 11 11 4 3 4 5 2 7 11 4 4 3 5 7 11 4 11 4 2 5 9 7 11 5 5 0 0 9 5 10 9 8 7 8 4 10 7 7 10 7 8 4 5 10 7 7 8 7 11 4 5 4 10 10 7 8 8 4 4 10 10 8 2 1 9 9 8 7 8 11 4 4 5 7 7 11 2 11 3 11 4 4 5 4 4 5 7 11 4 4 11 4 5 2 4 10 10 7 8 1 2 3 9 10 2 2 9 9 7 6 7 8 2 11 5 9 10 7 8 7 7 8 11 1 2 9 8 11 3 11 4 4 4 4 4 5 2 3 10 10 8 7 7 7 7 7 7 7 7 8 11 2 9 7 7 7 11 5 2 4 3 10 7 0 9 5 5 0 9 7 8 4 4 10 10 7 7 8 8 4 4 10 0 0 2 9 5 7 11 4 9 5 5 10 7 8 11 11 2 3 3 4 4 4 4 5 7 11 11 4 4 8 1 3 4 5 4 10 7 7 7 8 11 11 2 1 2 9 11 5 5 10 2 3 3 10 10 2 7 6 8 9 11 2 2 9 4 4 3 5 10 7 10 7 8 7 8 4 4 4 10 7 10 8 7 7 8 11 4 4 4 5 10 10 7 7 8 7 8 4 10 7 10 0 8 1 2 9 4 5 9 10 7 7 8 8 1 9 4 3 5 7 7 11 11 4 5 2 7 11 5 3 7 11 11 4 4 2 4 3 5 7 7 11 11 2 3 4 5 10 10 2 2 10 2 6 4 10 8 6 7 4 4 10 7 7 7 8 4 10 10 2 2 9 6 8 6 11 11 2 2 9 4 4 4 9 4 4 5 5 10 7 11 2 5 7 11 11 5 4 5 7 11 9 5 1 2 3 10 7 7 8 4 4 10 10 2 8 11 2 9 4 4 5 9 10 7 7 8 0 7 7 7 6 8 9 4 10 8 7 7 7 8 4 10 2 6 7 7 7 7 7 11 11 2 4 2 9 5 11 4 0 2 9 9 5 4 3 4 4 4 4 4 5 10 2 10 8 7 6 11 11 2 4 4 3 5 10 7 8 10 8 11 4 11 4 5 7 1 4 5 7 11 11 4 5 2 0 9 7 8 9 4 10 7 8 8 10 7 6 7 7 7 7 8 11 2 11 4 3 5 10 7 7 7 7 7 7 10 2 7 8 11 2 11 5 7 11 2 3 10 9 5 4 5 10 7 7 7 7 8 1 3 4 4 4 4 4 4 11 4 11 4 4 1 4 4 4 5 5 7 11 4 3 10 2 2 9 8 6 10 7 8 10 7 6 8 11 4 10 7 7 8 8 4 10 10 7 7 2 0 2 9 5 9 10 7 7 7 7 8 1 2 9 8 4 4 11 4 4 4 3 4 4 4 4 5 7 7 11 11 2 4 3 3 5 7 7 11 11 4 4 5 4 4 5 10 2 0 10 10 8 2 9 7 8 4 10 7 10 2 8 7 6 9 7 8 4 10 6 10 8 2 4 10 7 7 8 1 4 1 9 3 4 4 4 5 7 11 11 2 3 4 3 5 7 11 2 4 11 11 2 5 7 11 3 7 11 5 5 11 2 4 4 10 10 2 8 10 10 7 7 7 7 8 8 10 7 10 6 6 7 7 7 7 6 8 8 4 4 10 10 8 2
ppo_q50_s3_b_fd_l4,47,qv18_51,18,154,True,767.75,2.5568015575408936,3 5 2 7 11 6 9 4 5 5 9 7 10 2 2 3 7 11 11 5 5 7 11 9 5 5 7 7 11 2 11 9 5 5 7 7 11 11 5 5 7 10 8 11 4 11 5 5 10 0 2 9 7 9 8 7 8 1 4 11 2 9 4 4 9 4 5 5 7 7 11 11 5 5 4 0 0 0 9 8 9 11 5 0 2 9 5 9 10 6 8 8 4 4 10 10 8 2 4 10 6 4 10 7 7 8 8 1 1 4 4 9 5 7 11 3 7 11 4 5 4 4 5 10 7 0 0 9 8 4 5 10 0 7 8 4 10 6 4 10 7 7 7 8 8 4 10 0 7 8 1 9 9 8 4 5 9 7 11 5 5 4 10 7 7 8 11 11 4 4 5 2 9 7 11 5 5 0 0 7 7 10 2 9 9 5 5 10 2 7 1 9 9 5 5 7 7 11 1 3 3 5 7 7 11 11 4 4 4 4 5 5 10 7 8 11 11 2 4 5 4 4 4 10 0 2 3 10 9 8 0 2 9 8 4 10 9 6 7 7 8 4 5 10 0 2 9 6 4 10 7 7 0 8 8 4 10 2 7 7 6 7 11 11 5 5 10 10 2 2 9 5 9 3 5 7 10 7 11 4 4 2 4 5 9 5 7 7 11 11 2 5 7 11 4 4 9 4 5 7 8 11 2 11 11 5 4 4 4 5 7 7 10 2 7 7 7 7 9 8 4 10 9 7 7 8 1 2 9 6 4 10 2 2 9 7 6 7 11 1 4 4 4 5 0 2 9 8 9 6 8 11 2 4 11 4 3 4 4 11 4 5 7 8 11 1 2 3 10 8 4 10 6 4 10 7 7 7 7 7 7 0 2 2 6 7 7 10 8 4 0 9 5 9 9 7 8 7 8 7 1 9 4 4 11 4 5 7 7 7 8 11 5 11 2 1 4 4 4 4 4 4 1 3 9 4 5 0 9 9 8 7 8 11 11 4 5 4 4 5 10 7 7 0 7 7 7 8 9 4 10 2 2 7 7 10 9 8 4 3 5 10 0 7 8 4 10 9 7 8 4 5 10 4 5 10 7 0 2 10 9 8 0 2 9 8 4 4 11 4 5 7 11 3 3 11 4 5 5 7 11 5 7 11 7 4 7 7 7 11 2 3 4 4 5 7 11 11 4 4 5 5 4 10 2 10 10 8 1 2 9 8 1 9 5 4 3 10 6 4 10 7 8 8 4 0 7 7 7 7 10 8 7 6 10 10 7 7 8 1 2 3 9 5 7 11 5 7 11 4 11 4 4 2 5 7 11 4 9 5 4 4 5 11 2 6 11 11 2 5 7 11 9 5 4 0 2 9 5 10 10 8 8 4 10 7 10 7 6 7 8 7 7 8 11 4 5 10 10 8 7 8 1 4 11 3 5 4 10 10 7 8 8 4 4 10 10 8 7 8 4 10 2 9 10 8 7 7 7 1 1 2 9 5 11 4 4 5 11 3 4 4 4 4 11 4 5 7 1 2 9 6 4 4 5 9 7 8 10 10 2 8 11 4 4 11 4 4 4 5 2 7 7 6 10 7 7 7 8 4 0 9 7 6 10 8 0 8 4 10 10 8 7 8 9 4 5 10 10 2 7 7 8 7 11 2 11 9 5 1 2 9 3 4 4 3 4 5 11 4 1 2 6 9 11 5 5 7 7 11 11 4 4 5 5 7 11 11 1 1 5 2 9 7 8 9 8 4 4 10 10 2 8 11 5 3 4 10 10 7 8 4 2 4 10 10 6 7 8 1 2 9 8 9 4 10 8 4 0 6 7 6 7 8 4 10 2 9 10 8 7 7 8 7 1 11 2 6 11 4 11 1 2 8 11 9 3 5 5 7 7 11 2 11 11 2 3 4 3 5 10 10 7 7 7 7 8 7 6 8 4 4 10 10 7 8 7 8 4 10 10 7 8 7 7 1 1 2 9 6 8 11 11 2 2 11 9 5 3 3 5
ppo_q50_s3_b_fd_l4,48,qv18_52,18,148,True,737.0,7.0607287883758545,3 5 2 9 7 11 5 5 7 7 11 11 5 5 7 7 11 11 5 5 9 9 5 5 7 10 7 7 8 11 11 4 4 4 5 5 0 10 2 10 7 7 7 8 11 4 11 5 4 5 7 11 3 7 11 4 4 5 5 10 2 10 9 8 8 11 4 4 5 10 7 7 6 8 11 4 4 10 2 0 2 3 9 10 7 8 8 4 10 0 7 7 7 9 7 7 8 8 7 1 11 2 11 9 5 5 10 7 7 8 9 11 5 7 7 8 11 4 11 1 5 4 9 5 4 5 7 11 4 11 2 3 5 7 10 8 7 7 7 7 7 10 7 7 7 8 7 7 11 11 1 2 8 9 4 4 5 7 11 4 4 5 11 4 3 4 11 2 5 11 9 4 5 5 10 7 8 9 8 11 11 1 4 3 5 2 7 9 7 8 11 1 2 9 6 7 7 8 4 10 7 10 7 8 2 10 7 7 7 9 8 8 1 1 11 4 4 4 1 9 8 8 11 2 11 5 4 3 4 9 9 5 5 7 7 7 0 7 0 9 7 6 8 4 4 10 10 2 6 8 11 4 5 10 10 7 8 7 8 4 10 2 7 0 7 7 7 7 11 11 2 3 5 0 9 9 5 5 7 7 11 2 11 9 5 3 5 7 7 11 1 1 2 4 4 4 4 4 3 9 4 3 5 10 10 7 7 8 8 11 1 4 5 10 10 2 2 9 6 6 4 10 7 7 2 6 8 4 4 10 10 2 8 4 10 6 7 7 7 7 8 11 11 2 5 7 11 2 3 11 4 3 5 7 7 11 11 4 4 5 2 4 9 4 5 10 10 8 2 11 5 10 7 10 8 2 9 8 9 7 7 10 8 7 7 8 4 10 2 6 7 7 7 11 11 5 4 4 5 7 11 1 1 2 3 7 11 3 5 11 4 5 7 7 11 11 4 4 5 2 7 11 3 7 11 5 2 7 11 2 3 10 6 6 4 10 7 7 8 7 7 7 0 10 7 8 8 1 1 9 5 4 3 7 11 2 9 6 11 5 2 9 7 8 11 11 4 5 2 11 4 4 9 5 4 0 2 9 5 3 10 10 7 8 4 0 6 4 10 7 7 7 7 7 7 7 8 7 8 11 5 4 10 2 9 10 8 8 10 7 8 11 1 4 4 4 5 7 7 11 11 4 1 5 2 10 6 8 11 4 3 4 4 5 7 11 11 4 5 2 7 11 5 4 0 10 6 6 8 4 4 10 10 6 7 7 0 7 7 7 8 2 10 9 8 7 7 8 1 4 4 4 4 11 2 9 4 4 4 5 10 0 7 6 6 8 11 11 4 2 5 10 2 9 9 3 4 4 4 2 5 7 1 9 8 11 11 4 4 4 5 5 10 0 2 7 7 6 11 3 11 5 4 5 9 10 8 4 4 5 10 8 4 10 10 2 2 0 6 10 9 8 8 4 4 10 10 7 8 7 8 7 11 4 5 4 10 0 2 9 5 10 10 6 7 7 7 7 8 8 9 8 4 4 4 4 7 4 7 4 10 10 2 2 7 1 9 8 7 11 11 5 3 3 5 11 11 4 4 5 5 4 4 4 11 4 5 4 4 4 4 4 10 10 2 2 10 6 8 4 10 10 2 8 4 10 7 6 8 11 1 4 4 5 3 11 3 5 10 10 7 7 2 7 8 9 4 10 8 8 11 4 5 4 10 10 7 8 8 4 4 10 0 9 8 0 0 2 3 9 7 8 4 4 10 10 2 7 8 4 3 10 10 8 2 11 5 7 7 7 10 10 7 2 6 8 11 11 4 4 4 4 3 4 5 5 7 7 7 11 11 4 2 4 5 7 11 11 5 2 7 11 3 4 5 7 7 11 11 2 3 4 5 7 7 11 11 2 3 3 5 10 10 7 7 7 7 7 7 7 8 7 7 8
ppo_q50_s3_b_fd_l4,49,qv18_53,18,145,True,733.75,4.0715601444244385,3 5 2 9 9 5 5 9 7 7 11 1 5 5 10 10 2 8 11 4 3 9 5 5 10 7 7 8 11 11 1 4 5 5 10 7 8 11 11 4 5 5 7 7 11 2 9 11 4 4 5 5 9 10 7 8 8 11 2 11 4 10 8 2 4 10 6 4 10 7 8 8 4 4 10 10 2 2 6 9 8 11 1 9 4 5 4 4 4 5 7 11 2 3 7 11 9 4 5 4 0 7 8 11 2 9 4 10 2 2 3 7 9 6 7 8 4 4 4 10 7 10 7 7 7 0 7 8 7 7 7 7 8 7 7 7 11 2 11 3 11 5 0 2 9 9 3 4 5 4 4 5 10 7 8 7 11 11 4 4 5 2 9 5 10 7 8 7 1 1 9 8 11 4 4 4 4 4 4 5 4 3 10 10 2 2 10 9 8 7 8 4 10 6 4 10 8 0 7 9 8 7 7 8 1 4 9 5 7 11 4 5 0 0 6 4 10 6 4 10 7 7 8 2 7 11 2 11 4 3 5 10 10 7 7 7 7 8 2 9 4 5 9 5 7 11 4 11 4 4 4 4 5 5 4 0 10 7 8 11 11 2 2 9 5 7 11 9 5 4 4 5 7 11 2 11 3 10 2 2 7 9 8 4 10 7 6 10 2 2 9 6 4 10 2 7 7 8 4 0 9 6 6 11 4 5 5 7 7 11 11 2 5 7 6 11 2 11 4 3 11 4 4 2 2 9 9 5 7 8 11 2 11 4 9 5 4 4 4 0 0 2 9 5 0 6 10 6 7 7 6 7 7 7 8 4 10 7 7 10 7 8 2 1 9 5 7 11 4 4 5 7 11 4 4 11 4 1 2 8 9 4 5 10 7 8 6 4 11 11 5 5 7 7 11 11 4 4 1 5 2 9 5 10 10 8 2 9 6 4 4 5 10 10 7 7 8 7 7 8 4 10 10 6 7 7 8 7 8 4 10 7 7 7 7 11 5 5 7 11 5 7 11 4 4 4 10 7 7 2 7 8 4 10 2 7 11 3 7 11 4 5 2 10 2 3 7 11 4 3 3 5 7 11 11 2 2 4 4 9 5 7 1 3 11 11 2 2 11 3 5 3 7 10 10 8 8 4 4 3 10 10 0 7 2 7 8 11 4 5 3 10 10 7 8 7 8 4 10 7 6 10 2 2 10 6 4 10 7 8 7 7 8 11 4 5 4 10 2 9 10 7 8 1 5 10 2 9 9 5 4 4 5 10 2 9 4 4 4 4 11 5 3 4 4 4 4 4 5 10 8 7 7 7 11 11 4 2 1 2 3 7 11 9 5 5 4 10 2 7 9 11 5 0 2 9 5 10 7 10 8 8 7 7 7 6 10 7 7 7 8 4 10 6 4 10 7 8 1 2 9 5 7 11 4 4 3 5 10 7 8 11 11 2 2 3 9 11 5 4 5 7 7 11 11 2 4 5 9 7 8 11 11 4 4 5 0 2 10 7 7 6 7 7 7 6 7 8 4 4 10 10 7 7 8 2 4 10 7 7 7 8 1 9 11 5 5 10 7 11 2 4 3 5 7 11 5 7 11 4 4 11 2 2 4 4 3 11 4 11 4 3 5 2 0 9 7 6 8 11 2 4 11 9 5 5 0 7 7 9 10 7 6 8 2 11 2 4 10 7 10 2 6 7 6 7 6 7 7 7 8 4 4 10 2 0 6 4 10 6 4 10 8 7 7 7 7 7 7 7 7 7 7 7 7 7 7 7 7 7 7 7 7 7 7 7 7 0 2 7 7 11 11 5 2 9 7 8 6 7 10 7 7 7 8 4 4 10 10 2 8 4 0 7 6 6 9 8 10 10 2 7 8 4 10 10 7 2 8 11 2 9 9 5 7 6 8 4 4 10 10 8 2 11 4 4 11 4 4 4 4 4 4 4 4 5 5 7 11 4 4 9 5 4 5
ppo_q50_s3_b_fd_l4,50,qv18_54,18,156,True,766.25,4.7260637283325195,5 7 11 5 7 8 9 4 11 5 5 9 7 7 8 11 11 4 5 5 7 7 7 11 1 2 11 9 5 5 9 7 11 5 5 10 2 7 9 11 4 5 5 10 7 8 11 11 3 5 5 10 2 10 7 11 4 4 5 5 7 7 11 11 3 5 2 0 0 9 8 9 9 7 8 4 5 4 10 2 0 9 10 7 8 7 8 11 2 7 7 7 0 9 9 5 5 10 7 8 9 4 10 8 8 1 11 4 1 3 5 9 7 11 4 4 4 5 7 1 4 5 9 7 11 4 5 0 2 9 5 9 10 8 4 4 5 10 7 7 8 11 2 4 10 6 4 10 8 8 4 10 2 10 7 6 4 10 7 7 7 7 8 7 7 8 10 2 7 11 4 11 5 5 1 4 4 11 3 3 5 10 7 0 8 4 10 7 7 6 10 2 2 9 7 8 11 11 5 2 1 4 4 9 4 5 11 9 5 4 4 1 4 3 3 5 10 0 7 6 7 8 4 10 2 7 10 8 4 10 10 2 2 9 6 4 10 2 6 6 8 4 10 10 2 7 7 8 11 2 9 4 5 0 9 9 7 8 8 1 11 4 4 4 5 4 9 4 5 7 7 11 11 4 2 4 5 7 11 4 4 4 11 2 7 8 9 4 5 11 9 5 5 0 0 9 7 7 10 8 8 9 4 4 5 7 7 10 7 7 8 4 10 7 7 10 7 8 8 1 11 1 2 9 3 5 7 11 9 5 4 4 5 4 1 1 9 11 5 2 0 9 9 5 5 7 11 5 4 10 0 7 0 6 9 6 7 8 7 8 4 11 2 4 10 7 10 8 7 8 11 4 10 2 8 4 10 10 8 8 9 4 10 7 8 8 11 4 5 9 10 2 2 10 2 9 9 8 8 1 1 4 3 10 2 9 9 5 5 10 7 8 11 1 4 4 4 4 3 4 5 7 7 7 11 11 4 5 4 5 7 11 1 1 3 9 5 7 7 8 11 2 9 11 4 5 5 7 10 2 3 10 10 7 8 8 11 2 4 10 6 9 8 8 11 4 4 4 5 10 7 0 7 7 7 10 7 8 8 6 11 11 2 2 4 10 8 6 4 10 10 8 8 11 1 2 3 4 4 3 9 7 11 5 2 4 11 4 11 4 2 5 4 3 10 7 10 2 6 6 7 8 11 4 4 4 5 10 10 7 8 7 7 7 8 4 10 2 10 7 0 2 9 6 4 10 8 7 8 4 10 2 6 7 11 11 4 5 2 4 4 4 3 7 11 3 4 4 5 7 7 11 2 1 4 9 11 4 2 5 7 7 11 11 4 3 4 5 2 0 9 8 11 5 9 10 8 7 8 4 4 10 10 7 7 7 7 8 4 5 10 2 10 6 4 10 8 7 8 4 10 2 7 7 10 10 7 2 8 6 11 4 4 5 0 9 9 5 4 3 4 5 4 10 7 7 7 8 11 1 4 1 9 5 4 4 4 3 5 7 11 4 4 5 7 11 4 11 5 4 4 0 2 7 9 11 5 0 2 6 11 5 9 10 7 7 7 7 7 6 7 8 2 10 7 8 9 10 2 2 10 7 9 8 7 7 7 8 11 4 10 6 7 8 2 1 1 9 4 3 5 10 7 7 8 11 11 4 4 5 4 2 9 5 4 4 4 4 4 11 4 4 10 2 8 1 9 3 5 9 10 7 8 1 4 4 5 7 11 2 6 11 4 11 5 2 7 1 9 5 10 9 8 7 8 9 4 5 10 10 7 8 4 5 10 0 2 3 10 10 7 8 8 11 4 5 9 10 7 7 8 7 8 7 0 10 7 8 11 4 5 9 10 7 8 1 2 9 8 11 11 3 5 5 11 11 1 5 0 2 9 5 7 6 11 11 4 5 4 4 3 4 5 4 0 7 1 9 9 5 5 10 10 8 8 4 10 10 7 7 7 7 7 7 7 7 7 0 7 7 7 0 8 2 9 9 8 8
ppo_q50_s3_b_fd_l4,51,qv18_55,18,151,True,748.25,3.3151392936706543,5 5 3 9 7 11 5 0 2 9 9 4 5 5 10 2 7 6 11 11 4 3 5 2 10 7 8 9 8 11 11 1 4 5 5 10 2 7 6 11 11 4 4 5 7 8 9 8 4 10 7 7 8 1 4 4 4 11 11 5 5 10 7 2 11 4 9 5 5 7 7 11 11 5 5 10 7 8 11 2 1 9 9 5 0 8 11 9 8 8 11 4 5 10 10 7 8 8 4 10 2 6 4 10 7 7 7 7 6 4 10 2 2 9 6 8 4 4 10 10 7 7 2 8 7 1 11 2 9 9 5 4 4 4 4 5 7 1 3 7 11 9 5 4 5 7 11 4 4 10 8 1 2 3 7 11 5 0 7 7 7 7 10 2 9 3 7 7 7 7 8 7 7 7 6 11 11 5 7 1 2 9 4 11 2 2 9 9 4 4 5 4 5 9 5 7 10 7 11 4 4 5 5 7 11 5 0 7 7 11 9 5 4 4 5 11 2 4 4 10 2 0 9 6 10 8 8 0 9 9 8 4 5 10 0 10 7 7 7 7 8 6 7 8 11 4 4 4 5 0 10 7 8 11 11 5 2 10 2 9 9 8 4 5 10 2 7 7 9 9 8 7 7 8 1 4 4 4 4 1 4 9 3 1 3 5 10 10 8 2 9 4 5 7 7 11 11 2 4 5 7 11 9 5 0 2 7 6 11 4 4 5 11 11 2 5 0 9 6 8 9 10 2 8 4 10 7 6 4 10 7 8 0 7 2 7 6 4 10 10 8 2 4 10 2 6 11 3 5 7 10 9 8 8 7 11 1 4 5 7 11 11 5 5 7 7 11 11 4 5 7 1 2 11 5 9 3 5 10 2 10 10 8 8 4 10 2 6 6 9 8 11 11 2 2 7 6 7 9 8 4 10 10 8 8 0 10 2 7 7 7 7 7 10 10 7 7 7 7 7 7 7 7 7 7 7 7 7 7 7 7 7 7 7 7 8 8 10 7 2 9 7 7 8 9 8 11 4 11 4 5 5 7 7 10 7 7 6 4 10 7 7 7 7 8 7 1 1 2 11 4 4 4 9 5 7 2 9 6 8 11 11 4 4 4 5 2 9 7 8 10 10 7 2 7 8 4 3 10 10 8 8 4 10 9 8 7 7 8 4 10 7 7 10 7 2 7 8 7 7 7 7 11 2 11 11 4 4 5 2 11 5 7 11 3 4 3 11 5 1 5 11 2 9 9 5 7 8 11 11 5 5 0 9 7 8 7 7 7 7 7 10 6 10 7 8 2 10 10 7 8 2 4 10 6 9 8 7 7 8 1 4 1 4 4 4 4 7 11 4 4 4 5 10 2 7 6 9 9 7 8 1 5 11 2 11 9 5 5 7 11 11 4 4 4 5 1 4 4 4 4 3 5 7 7 7 7 10 7 7 7 7 8 11 4 11 3 5 5 10 7 7 8 11 2 4 11 3 11 5 4 4 4 4 4 4 4 4 4 4 4 4 4 4 4 4 4 4 4 4 4 4 4 4 4 11 1 4 4 5 2 9 5 10 7 7 7 8 4 4 10 10 2 2 9 8 4 3 4 4 4 4 1 9 4 4 4 4 5 7 11 4 11 4 4 5 0 2 6 9 8 11 11 5 2 3 9 4 5 10 10 7 7 7 7 2 7 7 8 4 10 10 2 7 8 11 2 9 3 10 8 7 8 4 4 10 10 8 7 8 11 2 11 1 4 3 4 3 4 4 5 4 4 3 11 4 4 5 4 10 10 8 7 1 2 6 11 4 5 7 7 11 11 2 2 9 5 3 10 10 7 7 7 7 7 2 6 6 7 7 8 10 10 7 8 4 2 10 9 7 7 8 8 7 11 4 4 5 10 2 10 10 2 8 11 4 4 9 5 5 9 7 7 8 11 11 4 4 4 2 4 5 7 11 11 2 5 11 4 2 4 4 3 10 10 7 7 8 7 7 7 8 10 6 10 2 2 9 7 7 8 6 7 7 7 7 10 10 7 7 7 7 7 7 7 7 7 7 7 7 7 7 7 7 7 7 7 7 7 8 2 4 10 10 7 2 6 7 6 8
ppo_q50_s3_b_fd_l4,52,qv18_56,18,155,True,771.0,9.375022649765015,3 5 2 9 9 5 5 10 7 2 11 4 3 7 11 5 2 0 9 6 8 11 4 10 8 2 6 11 11 4 4 5 5 9 7 7 8 11 11 1 5 5 9 7 11 4 5 7 8 11 2 11 2 9 9 4 4 4 4 5 5 4 0 0 9 10 8 8 9 11 4 5 2 10 10 2 2 6 4 10 9 8 8 4 4 0 10 2 9 8 6 7 10 6 11 2 2 7 6 11 4 4 4 1 2 9 11 5 7 6 6 8 11 4 4 4 5 7 11 4 4 4 5 4 4 4 10 10 7 2 7 8 11 2 4 0 6 4 10 9 8 8 9 8 10 10 0 8 7 7 7 8 11 9 5 7 7 8 4 10 8 11 4 4 4 10 8 8 4 4 10 0 8 6 7 11 11 1 2 3 5 10 7 6 8 11 11 4 4 2 3 5 7 7 11 11 5 4 5 10 7 7 8 11 11 2 4 5 7 7 11 11 2 2 9 3 7 11 2 2 9 9 5 4 4 4 5 7 7 11 2 9 11 5 5 7 11 3 5 0 0 7 0 9 5 3 10 7 7 7 10 7 7 8 4 2 10 8 4 0 9 9 8 4 5 7 7 11 1 4 4 4 5 4 4 1 3 3 3 11 4 4 4 4 4 4 11 4 4 4 4 4 4 4 4 4 4 4 4 4 4 4 4 4 2 4 4 4 1 4 3 4 4 1 3 5 10 7 8 11 1 2 9 9 8 1 5 7 1 9 3 4 4 5 7 1 3 11 11 1 5 7 8 11 2 9 9 8 7 6 7 7 7 8 7 11 2 11 3 7 11 5 2 4 10 2 10 7 8 9 4 10 8 7 8 9 4 10 8 8 4 4 10 0 7 0 2 9 7 11 3 5 7 7 7 8 11 4 4 4 4 4 4 4 4 4 4 4 5 11 2 3 11 11 5 5 11 2 6 11 11 2 4 5 9 7 7 8 7 7 7 7 7 10 7 10 8 8 4 10 7 10 8 7 8 11 2 3 11 4 5 10 7 7 7 11 2 2 9 5 9 7 11 4 4 4 1 5 2 7 11 9 5 5 10 2 9 10 8 8 11 4 5 3 10 10 2 7 7 7 8 1 3 7 11 4 4 3 4 4 5 11 2 11 3 4 4 4 4 4 11 4 4 4 5 4 4 4 4 4 4 4 4 4 4 4 4 4 4 4 4 4 4 4 4 5 10 2 10 2 3 7 11 9 5 5 11 11 5 5 7 10 8 6 7 11 11 4 2 5 10 2 7 11 4 11 2 3 4 5 10 8 9 10 7 7 7 7 8 7 8 1 4 0 9 8 9 11 5 4 5 9 7 7 7 8 11 11 4 4 4 5 4 4 4 5 10 7 8 4 10 8 11 4 1 4 4 4 4 4 4 4 4 4 4 5 4 10 10 2 8 11 5 10 7 10 2 8 9 8 10 10 8 7 7 8 11 2 9 9 5 5 7 10 7 7 7 7 7 8 10 2 7 6 11 11 5 2 1 9 9 4 4 4 5 5 4 11 4 4 5 9 11 2 2 11 4 3 5 3 11 4 11 4 4 5 7 7 7 7 7 7 7 7 7 7 7 7 0 7 7 8 11 2 6 4 4 10 10 8 7 7 8 11 1 4 4 4 4 5 9 7 11 2 2 3 10 6 7 7 7 10 6 8 8 1 1 1 9 8 11 4 4 4 4 11 2 3 5 10 7 8 11 11 2 5 3 3 4 11 4 5 10 10 7 7 7 7 7 7 8 8 4 10 7 10 7 7 7 8 7 7 7 8 11 2 9 7 7 9 8 4 5 4 11 5 4 10 7 8 11 1 9 5 4 5 7 7 11 4 4 5 10 7 7 11 5 2 10 7 7 10 4 5 0 2 3 7 11 5 9 7 11 4 2 3 5 7 11 4 4 11 2 5 4 4 11 4 4 5 4 11 3 10 2 2 9 7 8 10 6 10 7 7 7 0 2 3 7 7 8 4 10 9 8 7 0 8 9 4 10 6 8 8 11 4 4 5 10 10 7 7 7 8 8 7 1 1 11 2 9 7 8 6 11 11 5 5 9 5 7 7 11 11 2 2 11 4 4 4 4 11 4 4 4 4 4 2 5
ppo_q50_s3_b_fd_l4,53,qv18_57,18,150,True,759.75,2.579676866531372,5 5 7 11 3 7 11 5 2 9 9 5 5 7 7 9 11 4 5 5 10 7 7 8 10 8 11 4 11 2 2 11 11 4 5 5 10 7 8 11 11 4 3 5 2 9 7 7 8 11 11 4 5 5 7 7 11 1 2 9 9 5 5 9 10 2 7 7 8 7 11 2 4 10 6 4 10 7 8 2 6 11 11 2 2 9 8 11 4 4 3 4 11 2 2 9 9 4 5 5 0 0 9 8 1 9 9 8 7 8 10 7 8 4 10 7 6 4 10 7 8 4 5 10 10 8 7 8 7 7 7 7 7 1 11 2 11 2 3 3 9 11 4 2 4 5 7 7 11 4 4 4 5 7 11 4 4 4 4 10 8 1 2 3 10 7 8 9 9 8 7 7 7 0 7 8 7 7 7 11 2 9 11 2 2 6 11 3 11 5 2 7 11 9 4 5 5 10 7 8 11 4 3 5 11 11 5 5 7 11 5 4 0 10 2 7 10 6 8 11 11 2 5 7 11 3 7 11 4 5 4 5 0 7 10 2 6 6 7 6 7 0 7 10 6 7 7 10 7 8 8 11 1 4 4 4 4 4 0 2 9 6 7 8 9 11 5 4 4 5 11 2 4 4 11 4 11 4 5 7 2 7 11 2 11 9 5 5 4 4 4 4 4 4 4 4 4 4 4 4 4 4 4 4 4 4 4 4 4 4 4 4 4 4 4 4 9 4 9 4 5 5 10 2 7 7 11 11 5 2 4 4 4 4 1 4 4 4 4 4 4 3 10 8 9 4 10 6 8 2 10 9 8 7 7 7 7 7 7 7 8 11 2 11 3 7 11 5 2 7 1 3 7 11 4 5 11 4 5 11 11 3 5 4 4 4 5 11 2 4 10 7 10 8 2 9 6 8 10 7 2 9 7 8 10 10 8 7 7 7 8 4 10 7 2 7 7 6 7 7 11 11 2 2 11 4 2 3 7 11 4 5 7 11 3 3 11 2 4 2 4 4 4 4 9 4 5 11 11 4 4 5 2 7 1 9 5 9 10 8 8 11 4 5 10 10 8 7 7 8 10 10 7 7 2 6 7 7 8 10 10 7 8 8 11 2 4 3 9 10 0 7 8 8 1 4 10 2 9 7 7 8 4 4 4 4 4 4 3 7 11 5 7 1 4 4 4 3 11 4 4 4 5 11 4 11 1 2 8 9 4 3 5 7 7 9 10 7 2 6 8 4 10 10 7 8 7 2 7 0 7 7 7 7 7 7 9 7 8 4 10 2 9 9 8 8 7 1 1 11 2 9 9 5 5 10 7 8 11 11 4 5 5 10 2 7 11 3 7 11 5 5 11 2 9 11 5 5 11 4 4 4 4 1 4 5 1 9 9 8 0 8 9 4 5 4 10 10 7 8 8 4 4 10 10 2 8 6 10 9 8 7 7 7 8 4 10 2 10 10 7 2 6 8 9 8 4 4 10 10 8 8 1 1 3 7 11 5 4 4 4 4 4 4 4 4 11 5 10 7 7 10 8 2 9 8 4 4 4 4 4 4 4 4 3 4 4 10 8 7 7 7 11 4 10 8 7 8 11 4 4 5 10 10 7 7 7 8 7 7 8 4 10 7 7 10 7 8 8 11 2 11 4 4 3 5 10 7 8 4 10 10 7 7 8 8 10 2 7 11 4 4 4 5 10 10 0 2 8 11 5 9 5 3 4 4 4 4 4 3 4 11 11 1 4 5 7 1 2 9 4 5 11 11 5 4 5 10 2 9 6 10 2 6 7 7 7 8 9 4 10 7 8 2 7 7 10 0 2 6 4 3 10 10 7 8 2 7 6 10 10 7 8 8 10 2 7 1 3 9 7 8 11 11 4 4 4 4 4 4 4 4 4 4 4 4 4 4 4 5 0 2 9 7 8 4 4 4 4 4 9 4 5 7 11 11 2 5 4 3 10 10 7 7 7 2 2 9 9 7 6 8 8 7 1 11 2 4 4 10 10 2 6 7 7 7 8 7 7 10 10 8 2 11 4 9 4 4 4 4 5 4 5
ppo_q50_s3_b_fd_l4,54,qv18_58,18,154,True,743.0,7.351629018783569,3 5 2 7 11 6 9 4 5 5 9 7 11 5 5 7 7 11 11 2 2 6 11 9 4 5 7 8 11 1 2 9 3 7 11 2 5 9 7 11 5 5 10 7 8 11 11 5 2 9 7 11 4 4 5 5 7 7 11 11 5 5 4 10 7 7 1 1 2 9 8 4 10 9 7 7 6 8 8 11 2 11 4 3 5 0 10 10 6 8 7 7 7 7 7 8 11 5 7 1 4 9 5 7 11 4 4 4 10 2 8 4 10 2 9 9 5 5 4 10 2 10 10 8 4 0 2 9 9 7 8 8 4 4 10 10 7 7 8 8 1 9 4 5 7 7 11 4 3 5 10 7 7 11 2 2 1 3 9 5 7 1 4 9 5 7 11 4 4 3 10 2 2 9 3 7 11 2 2 6 4 3 10 10 7 2 6 7 7 7 7 7 7 8 7 7 7 11 2 11 3 11 2 5 7 11 2 3 7 11 11 5 5 4 11 4 4 4 9 4 5 4 5 4 0 10 7 7 8 11 2 1 9 9 8 8 7 7 9 8 7 7 7 10 7 7 7 7 7 11 4 5 2 9 7 8 4 4 10 10 7 8 2 6 7 11 11 2 1 2 6 9 4 5 7 7 6 11 11 4 5 2 7 11 3 7 11 5 4 5 7 11 1 9 8 8 11 11 4 4 4 4 4 4 4 4 5 7 8 11 4 5 0 10 2 9 6 10 7 7 7 7 8 2 4 4 10 7 8 4 4 10 7 6 7 8 7 1 1 4 11 11 5 3 3 5 0 7 7 10 8 6 11 11 2 5 11 11 2 2 9 9 5 1 2 9 5 10 9 8 4 4 4 5 10 9 5 5 7 7 10 8 10 10 7 8 7 7 8 4 4 4 10 7 10 7 8 7 7 7 0 7 8 6 7 11 11 2 1 2 9 8 6 11 11 4 5 7 8 11 2 11 3 9 5 5 10 2 7 7 11 11 2 2 9 9 5 4 4 5 4 4 11 3 5 7 11 4 11 5 2 11 1 2 9 9 8 8 10 2 3 10 8 9 4 10 8 7 7 8 4 4 10 2 10 6 4 10 8 7 8 7 11 4 10 8 2 10 7 8 4 10 9 8 7 7 8 4 10 7 0 0 2 3 7 11 5 7 6 11 11 5 4 4 5 10 8 4 10 8 7 1 1 9 9 5 7 8 9 8 11 1 1 9 5 4 3 4 4 4 5 0 10 6 8 11 11 2 5 7 11 5 1 1 4 3 7 11 3 4 4 4 5 0 9 5 10 6 10 8 7 8 11 2 9 4 4 5 10 10 0 8 7 6 8 4 10 10 2 8 9 7 8 10 10 7 8 8 11 2 1 9 4 3 5 7 11 11 4 1 2 2 9 3 9 5 4 4 4 5 10 2 10 6 10 7 7 2 8 4 10 9 8 7 7 7 7 8 1 11 2 9 4 5 10 10 7 7 8 7 8 9 11 5 7 7 8 11 5 11 11 4 2 5 10 2 6 4 10 7 7 10 4 5 7 1 2 3 7 11 9 5 4 5 7 11 2 3 4 11 3 11 2 1 2 9 5 11 9 3 5 5 10 7 7 7 7 8 11 4 5 11 11 2 5 10 2 9 6 8 1 1 3 3 11 5 4 4 4 4 4 4 4 4 4 4 4 4 4 4 4 4 4 4 4 4 4 4 4 4 4 4 4 4 4 10 7 7 11 4 5 5 10 2 7 7 1 11 9 5 4 5 10 8 10 6 8 11 11 4 1 5 0 2 9 3 5 7 11 11 5 4 4 5 7 7 11 2 11 4 2 11 3 3 4 4 3 5 10 10 7 7 0 2 7 7 7 8 9 4 5 10 10 8 7 0 6 7 7 8 4 10 8 6 11 11 5 4 4 4 4 5 4 10 2 10 6 10 8 2 10 10 2 2 6 9 9 8 8 11 11 1 4 4 4 4 4 4 5 4 4 5 7 11 11 5 1 2
ppo_q50_s3_b_fd_l4,55,qv18_59,18,150,True,732.5,8.752771139144897,3 5 2 9 9 5 5 7 7 11 2 11 3 7 11 5 2 9 7 11 5 5 7 7 9 8 11 1 11 5 5 9 7 11 5 5 10 7 8 11 11 5 2 9 7 11 5 5 10 7 1 2 9 3 7 11 4 4 5 5 4 0 0 10 2 9 7 7 8 11 9 5 5 9 5 0 7 0 7 7 6 4 10 7 8 7 1 9 9 4 5 5 0 10 10 8 8 4 11 5 10 7 10 8 7 7 7 8 7 1 11 2 9 9 8 4 5 7 9 11 5 5 4 0 10 0 8 7 6 11 11 2 2 11 9 5 5 7 11 9 5 4 3 4 5 7 11 4 4 4 4 4 10 2 6 8 11 1 5 4 3 4 4 4 10 10 8 7 8 7 11 2 11 4 0 6 4 10 8 7 6 8 1 11 4 4 5 10 10 8 8 1 11 2 6 4 10 9 8 6 8 4 10 8 7 10 8 4 0 10 7 0 7 8 4 0 6 9 11 5 5 9 5 7 7 7 11 11 1 4 4 5 5 7 7 11 1 2 9 9 5 4 5 1 9 11 3 4 5 5 7 7 11 11 4 4 5 2 0 7 0 6 4 10 7 2 6 10 7 8 9 10 7 0 7 8 7 7 8 6 11 11 5 7 1 2 9 5 9 7 8 11 11 4 5 2 9 5 7 11 11 4 4 5 5 7 7 11 2 11 11 5 2 9 5 9 7 11 4 5 5 0 10 2 9 9 5 7 8 4 10 9 5 4 5 7 10 7 7 7 7 7 7 10 7 7 7 7 7 7 7 7 8 8 4 4 10 0 2 7 0 9 7 11 5 3 3 5 7 10 7 7 8 11 11 1 2 3 4 5 10 7 7 8 11 4 4 4 3 4 4 11 4 4 4 4 5 7 7 8 11 5 7 11 11 4 4 4 5 2 7 9 7 8 1 11 11 4 5 2 7 9 7 8 4 4 10 10 7 7 2 6 8 4 4 10 10 7 2 6 7 6 8 11 4 10 7 2 7 1 2 9 5 10 6 4 10 8 7 8 7 7 11 2 11 1 9 8 8 11 4 4 4 5 7 9 11 4 5 3 4 5 7 7 11 11 4 4 5 2 10 7 7 8 11 2 9 3 10 7 7 2 7 7 8 11 2 7 7 7 10 10 6 8 8 9 8 4 4 10 10 8 2 11 5 0 6 9 11 5 5 11 11 4 4 4 4 4 4 4 5 4 4 5 7 7 7 7 10 7 7 8 11 4 11 5 2 10 8 11 4 11 4 4 1 2 3 5 10 7 8 11 11 5 3 5 7 10 7 8 11 11 2 2 9 5 10 6 4 10 6 8 7 8 4 10 7 8 4 10 7 7 7 0 7 7 7 6 10 2 2 9 5 10 10 8 0 2 9 3 4 4 3 4 5 7 10 7 8 11 11 2 5 7 11 11 2 3 5 7 7 11 11 5 3 5 10 7 11 5 7 1 2 4 4 3 7 11 4 3 11 2 1 2 9 5 3 7 10 6 8 11 11 5 2 10 8 4 10 7 10 8 7 7 7 8 11 2 9 3 10 8 8 7 11 4 4 10 2 2 0 7 7 7 9 8 4 10 9 8 1 2 9 8 6 6 11 11 4 4 4 5 5 10 2 7 6 11 11 4 5 4 4 5 7 11 2 4 9 4 10 2 2 9 9 8 4 0 7 6 8 7 11 11 4 5 2 9 7 7 8 11 11 4 4 4 4 4 4 2 5 11 4 2 4 10 10 2 6 7 7 6 7 6 8 11 4 10 2 2 7 0 6 4 10 8 4 10 9 8 8 4 4 10 0 7 8 6 7 11 11 4 5 0 2 9 3 5 7 7 7 11 11 4 5 2 9 5 7 7 7 11 11 4 5 5 10 2 7 7 11 11 2 3 5 7 7 11 11 2 3 5 7 11 11 5 2
ppo_q50_s3_b_fd_l4,56,qv18_6,18,153,True,776.0,3.216660976409912,3 3 5 5 7 7 11 11 5 5 9 7 7 11 4 5 5 10 7 7 11 2 4 5 7 7 11 11 2 2 9 6 11 4 4 5 5 7 7 11 11 5 5 10 7 8 11 11 4 5 5 7 7 11 1 2 9 9 5 5 0 9 5 10 10 7 8 8 4 4 10 10 8 2 1 9 3 10 8 8 4 4 10 10 7 8 8 11 4 5 10 10 2 6 7 8 1 4 11 4 3 5 0 10 7 7 9 8 6 8 1 4 4 10 0 2 9 9 8 8 9 8 1 1 1 4 4 4 3 7 11 4 3 5 9 7 7 11 4 4 4 5 7 1 2 9 5 10 7 6 4 10 2 7 7 1 2 9 5 10 9 7 6 7 8 8 4 10 2 3 4 10 10 8 4 4 4 4 4 5 10 2 10 6 8 4 10 7 10 8 8 4 4 10 10 7 8 8 7 7 1 11 1 2 4 10 8 9 11 4 5 7 8 11 4 4 3 3 5 7 7 11 11 4 1 5 0 2 9 8 11 9 3 5 5 10 2 7 9 11 4 4 4 5 7 7 7 8 11 2 4 4 11 2 3 4 10 10 7 6 8 7 7 7 7 7 7 7 10 7 0 2 6 7 8 11 4 1 5 9 5 7 1 9 4 5 3 10 10 8 8 7 11 1 11 2 2 9 4 3 4 5 7 11 11 5 5 11 4 5 10 10 8 2 7 7 7 9 7 7 10 7 7 8 8 4 10 6 4 10 7 8 8 11 1 5 7 1 4 4 11 4 4 4 5 7 11 5 4 4 4 4 3 10 10 7 7 7 7 8 8 4 4 10 10 6 8 8 11 2 11 1 3 4 4 5 4 11 2 4 4 3 3 10 10 7 8 8 10 10 7 7 7 8 8 4 4 10 10 7 8 4 5 7 7 11 2 4 9 5 4 11 4 4 5 10 10 2 8 7 7 10 10 7 6 7 8 8 11 2 11 4 4 5 9 10 0 8 8 4 0 9 9 8 7 1 1 2 9 5 10 6 8 9 10 7 7 7 7 7 7 7 7 7 7 7 7 7 7 7 7 7 7 7 7 7 7 7 7 7 7 7 7 0 8 1 2 9 8 4 9 10 7 8 2 6 10 10 2 2 9 7 6 7 0 7 6 4 10 2 6 6 8 1 1 11 9 5 7 8 11 4 3 5 7 7 11 11 4 1 5 2 7 6 11 4 5 7 11 4 11 4 4 5 2 9 9 5 7 7 8 4 10 2 9 7 8 4 4 10 10 7 8 0 6 7 7 8 4 10 10 7 8 7 7 7 7 7 7 8 11 2 1 11 3 11 2 5 10 2 9 6 11 5 5 10 7 8 9 11 4 5 4 5 7 7 11 2 9 11 4 2 5 7 11 4 3 11 4 4 4 4 4 2 5 4 10 2 10 7 2 6 11 9 8 8 11 4 4 4 5 10 2 7 7 10 6 10 8 7 0 6 7 7 7 7 7 7 7 7 8 4 4 10 10 8 8 4 10 2 3 11 4 4 3 11 2 2 4 10 2 6 11 3 7 11 2 3 5 7 7 11 4 3 5 7 7 11 11 2 1 2 4 3 9 4 5 11 4 4 3 7 11 5 2 11 2 6 4 10 10 7 6 7 7 7 7 7 8 8 11 2 11 4 10 2 8 4 10 6 7 8 4 10 10 8 7 8 4 10 10 2 8 9 9 8 8 11 2 4 9 4 4 5 4 11 4 5 7 11 4 11 5 2 4 11 11 4 5 2 4 3 10 7 7 7 6 7 7 7 7 8 11 2 6 11 4 11 4 5 2 10 6 7 8 4 10 7 7 7 7 7 7 11 5 2 0 6 4 10 8 10 10 8 1 2 4 4 11 9 5 5 7 11 9 5 7 8 11 4 3 4 4 4 4 4 5 7 11 11 5 1 1 2 9 8 11 3 7 11 4 5 2 10 2 6 6 9 8 11 11 4 5 7 7 7 7 8 10 2 3 4 10 10 7 7 7 7 2 7 7 8 10 10 8 0 6 6 8 11 11 1 2 2 9 8 11 3 10 2 2
ppo_q50_s3_b_fd_l4,57,qv18_60,18,146,True,714.25,5.62921667098999,5 5 9 9 5 5 7 7 11 1 2 9 9 5 5 7 7 6 11 11 1 5 5 10 7 8 11 1 2 9 3 7 11 5 5 7 9 11 5 5 10 7 8 11 11 5 2 7 11 3 7 11 5 2 9 7 11 4 4 5 5 4 0 0 9 10 8 8 4 10 8 4 10 7 7 8 4 10 7 10 7 7 7 8 2 11 5 3 3 10 7 11 5 5 7 7 11 11 4 4 5 4 5 10 7 7 8 11 11 4 4 5 1 5 10 2 9 8 11 9 4 5 5 0 10 7 7 7 7 8 4 10 6 8 4 4 10 10 8 7 7 7 7 8 11 11 5 7 1 2 4 9 5 7 11 11 2 4 3 5 10 7 6 8 1 11 11 5 2 3 10 7 8 11 11 4 4 4 5 5 0 10 2 9 9 5 5 10 7 8 11 11 5 5 7 10 7 7 7 7 7 7 7 7 7 7 7 6 4 10 2 2 6 4 10 9 8 8 11 1 2 9 8 6 11 11 5 5 10 7 8 11 11 4 5 2 7 11 4 3 5 7 7 11 11 2 4 4 2 4 4 11 3 9 5 5 7 10 0 8 9 4 10 2 6 7 8 4 4 4 10 7 10 7 7 7 7 8 1 2 3 3 10 2 10 7 7 7 8 6 7 11 11 1 2 2 9 4 5 9 9 5 7 7 7 8 11 4 2 11 11 4 4 4 4 4 4 4 4 5 0 2 4 3 10 6 8 11 11 5 2 10 8 4 3 10 10 7 8 2 4 9 10 7 7 7 8 4 0 2 7 6 6 4 10 8 11 4 11 5 4 5 0 6 10 7 6 7 8 4 10 7 2 6 7 7 7 11 11 4 1 5 0 2 9 5 7 6 6 11 11 4 5 7 2 11 4 4 5 7 7 11 11 5 1 3 4 5 0 7 10 8 1 9 8 11 9 5 5 10 7 9 8 7 8 4 4 10 10 7 8 2 7 10 8 4 3 10 10 8 2 6 7 7 7 7 11 11 2 1 2 9 8 11 3 4 4 4 5 7 7 7 11 4 11 5 2 11 3 5 4 11 11 4 5 4 5 7 11 5 3 10 10 8 8 7 1 1 11 2 3 3 10 10 8 2 9 4 5 10 10 7 8 8 1 11 5 7 1 3 9 3 5 10 10 7 8 8 4 4 0 9 10 8 7 7 8 11 5 10 7 10 7 7 7 8 2 4 10 6 11 2 2 4 4 3 10 7 7 7 7 10 7 8 2 11 2 11 9 5 7 7 8 6 11 4 4 4 4 4 5 7 11 11 5 2 1 4 3 9 4 5 11 4 3 4 10 2 7 2 6 9 7 7 8 11 4 5 10 10 7 7 8 8 11 4 10 8 7 8 4 4 10 10 7 8 2 4 10 9 8 0 2 7 7 1 9 5 9 10 8 6 8 11 4 4 5 7 7 11 11 4 1 2 3 5 7 11 4 4 11 4 4 5 2 7 11 4 5 11 11 4 5 2 3 9 7 7 8 7 7 10 9 8 8 4 4 0 10 10 8 2 4 10 8 4 10 6 4 10 8 8 4 4 10 10 7 8 1 2 9 6 8 11 2 9 4 10 8 7 8 10 2 6 7 11 11 2 2 3 9 4 5 11 9 8 4 5 7 11 11 4 4 5 7 8 11 11 4 5 4 4 5 7 11 4 4 5 4 4 10 10 2 7 8 4 4 10 10 8 2 11 2 9 3 5 10 10 7 8 7 8 11 2 3 4 10 10 7 7 8 2 11 2 4 3 10 10 8 8 4 10 6 4 10 2 7 8 6 11 11 2 2 9 9 5 4 4 4 4 4 4 4 5
ppo_q50_s3_b_fd_l4,58,qv18_61,18,151,True,739.75,3.9997215270996094,3 3 5 5 7 7 11 11 5 5 7 7 9 8 7 7 7 11 11 2 5 11 11 2 2 9 11 5 5 9 7 7 8 9 8 1 11 11 4 5 5 10 2 9 7 11 3 5 5 10 7 11 4 5 5 10 0 6 8 7 11 11 4 2 5 7 11 9 4 5 5 7 7 11 11 5 5 4 10 7 7 8 11 2 11 11 5 0 2 9 5 9 4 4 4 4 4 4 4 4 4 4 4 4 4 4 4 4 4 4 4 4 4 4 4 4 4 4 4 4 11 1 2 4 3 5 0 9 7 7 8 6 11 4 11 4 5 1 3 5 10 7 8 7 7 6 10 8 11 4 11 1 4 4 4 3 4 4 4 4 5 7 8 11 2 11 3 10 2 2 9 8 7 7 7 7 0 7 7 10 7 6 8 11 11 5 5 11 2 11 9 5 5 7 7 11 11 4 1 3 4 4 4 4 5 5 10 7 8 11 1 2 9 9 5 5 10 7 8 11 11 5 5 7 7 1 11 2 3 4 10 10 2 6 7 6 7 8 7 7 10 2 9 7 11 4 5 0 2 9 5 10 9 8 6 7 8 1 4 1 11 2 9 5 10 7 6 8 4 4 10 10 6 7 8 2 7 7 10 0 8 1 9 9 8 8 11 2 6 6 11 11 2 1 5 7 11 2 3 3 7 11 4 11 3 4 4 4 5 4 4 11 5 4 5 10 7 7 8 11 11 4 2 5 4 10 2 10 10 2 6 8 11 4 5 7 7 11 11 4 3 5 2 0 9 7 8 6 7 7 10 7 7 7 7 7 7 7 7 8 4 10 10 7 8 1 2 3 7 11 9 8 8 11 11 4 4 2 3 3 4 4 4 5 7 11 11 5 4 5 7 11 2 4 11 11 4 5 5 7 10 0 2 7 6 6 9 8 11 11 2 2 9 8 4 10 9 8 7 7 8 7 7 7 7 7 7 11 11 1 4 2 3 5 4 4 3 11 4 11 4 5 5 4 0 10 2 9 7 8 11 11 5 5 10 2 10 6 8 6 11 11 1 2 5 3 4 10 10 2 2 9 7 8 4 10 6 8 9 4 10 8 8 10 0 7 0 7 10 7 7 8 6 7 8 9 4 5 4 10 10 0 8 8 1 9 4 5 10 10 2 2 9 5 7 7 6 7 11 11 4 4 5 4 5 7 11 11 5 2 7 11 5 3 10 7 6 7 7 8 7 7 11 1 11 2 2 6 11 3 5 11 11 5 4 5 7 1 11 2 9 9 5 7 7 8 10 2 3 7 11 11 5 4 4 4 4 5 10 2 7 1 3 11 3 11 5 2 3 4 4 4 4 4 4 4 4 4 4 4 4 4 4 4 4 4 4 4 4 4 4 4 4 11 1 9 3 4 4 5 2 3 10 10 8 2 9 7 7 8 11 4 5 7 11 4 5 7 7 11 11 4 5 4 4 0 2 9 10 2 2 9 7 6 11 4 3 5 4 4 4 4 4 4 4 5 10 2 10 10 7 7 7 8 2 4 11 3 5 7 7 11 11 2 4 5 3 7 11 11 5 2 1 9 8 10 9 6 7 7 8 7 7 8 4 0 10 6 10 7 7 7 8 1 4 1 2 9 8 4 10 6 6 4 10 7 7 7 8 8 4 11 2 9 11 5 7 7 8 7 1 11 2 6 11 3 11 2 2 4 3 1 4 1 3 11 5 9 10 8 7 8 11 2 7 6 6 11 11 2 5 11 11 3 5 5 7 11 4 11 4 5 4 5 0 10 2 3 10 7 7 9 8 7 7 7 7 7 7 7 7 7 7 7 8 4 10 2 10 6 7 7 7 11 2 2 11 3 4 4 4 3 4 4 5 7 11 11 2 2 4 9 4 4 4 4 5 11 4 11 4 4 4 5 2 10 7 8 9 8 6 11 11 4 4 4 1 5 0 2 9 6 8 11 4 5 10 10 2 2 6 10 10 7 7 7 8 7 8 9 7 7 8 4 4 10 10 8 1 2 9 6 7 7 9 8 0 7 8 7 10 10 8 2
ppo_q50_s3_b_fd_l4,59,qv18_62,18,152,True,756.25,2.6257479190826416,3 3 5 5 7 7 11 11 5 5 7 7 11 11 5 5 7 7 11 11 5 5 10 7 8 11 11 2 2 9 3 7 11 5 5 10 7 8 11 11 5 2 9 7 11 4 4 3 5 2 10 7 9 8 8 11 2 11 2 9 11 4 5 5 0 10 2 9 9 5 0 8 9 4 5 10 10 7 8 6 7 7 8 4 10 7 7 7 7 7 7 7 7 11 4 4 2 3 5 7 10 8 11 4 11 5 2 7 1 9 8 11 3 7 11 4 2 4 4 3 11 2 2 1 3 3 10 10 8 8 4 4 10 2 3 10 7 0 9 8 7 6 7 7 7 8 4 10 8 4 10 7 7 7 11 4 5 2 10 7 7 7 1 2 9 8 7 11 11 4 5 4 4 5 7 11 2 9 9 3 5 2 7 7 11 4 4 11 5 4 5 10 7 7 8 11 4 10 8 2 4 10 6 10 2 6 7 7 8 11 3 5 10 10 8 2 11 5 10 7 10 8 2 9 8 9 4 10 8 1 2 9 8 11 3 11 4 4 4 5 7 1 4 0 2 9 8 6 11 11 3 4 4 4 4 1 3 4 4 5 7 8 10 7 11 4 4 4 4 5 5 10 2 0 9 7 7 7 8 11 4 4 4 5 3 10 10 8 2 10 10 8 7 8 7 7 10 7 7 8 1 11 3 4 4 3 11 2 5 4 10 2 0 7 10 6 8 4 10 10 7 8 7 8 11 2 9 9 8 8 11 2 11 4 4 4 4 4 11 2 5 7 11 9 4 5 4 4 5 4 10 9 7 8 8 4 10 2 9 10 7 2 7 8 4 10 8 7 7 10 9 8 7 7 8 7 6 11 11 2 8 1 1 9 5 7 11 5 9 11 4 4 5 2 11 9 5 5 7 7 11 2 11 3 4 3 11 4 5 4 5 0 7 10 2 9 7 11 4 3 5 2 4 10 0 2 10 9 5 5 10 0 6 6 7 7 6 7 7 8 11 5 4 10 10 7 7 7 8 1 4 0 2 9 6 7 8 4 10 10 8 2 9 8 11 4 3 5 7 11 4 1 4 4 5 7 1 3 4 11 1 4 11 4 5 2 9 5 3 7 7 11 11 4 4 4 4 4 4 4 4 4 4 4 4 4 4 4 4 4 4 4 4 4 4 4 4 4 4 4 4 4 5 2 7 11 9 5 0 2 9 8 11 3 7 11 5 1 4 3 5 10 7 7 8 11 11 1 3 4 5 3 5 10 0 7 8 11 2 1 4 4 11 3 4 5 4 4 11 11 5 2 7 7 7 9 6 6 10 7 7 7 8 8 11 2 4 4 4 9 5 0 10 7 10 7 8 8 4 10 2 10 7 6 9 8 7 8 11 2 11 11 4 5 4 4 4 5 10 2 9 10 2 2 6 7 7 10 8 9 4 10 7 7 8 1 2 9 5 4 4 4 11 3 11 3 2 3 5 7 7 7 11 11 4 5 2 9 5 7 7 11 11 2 3 5 11 11 4 4 4 5 2 0 9 7 8 7 7 7 10 10 2 2 3 9 7 8 4 10 6 10 7 8 8 4 10 10 8 8 4 4 10 10 2 2 9 8 4 10 7 10 8 2 11 7 7 11 2 3 4 5 3 7 11 4 4 5 9 10 2 2 4 3 4 10 10 2 7 8 4 10 2 9 9 8 8 10 8 7 7 0 9 7 10 2 2 3 10 7 7 7 7 10 7 7 7 7 7 7 7 7 7 7 7 7 7 7 7 7 7 7 7 7 8 7 0 8 9 8 4 10 9 8 8 11 4 5 10 7 7 0 7 0 6 6 8 11 11 4 2 5 7 11 5 7 1 9 3 5 10 10 8 8 10 7 7 7 7 8 9 10 0 2 8 10 10 2 8 6 4 9 4 5 7 7 11 11 2 3 4 5 7 7 11 11 4 4 2 3 5 7 7 11 11 4 4 2 5 11 2 9 9 8 4 4 4 5 11 9 5 4 5 10 10 7 7 7 8 7 0 7 7 7 7 7 7 8
ppo_q50_s3_b_fd_l4,60,qv18_63,18,154,True,774.5,4.660000562667847,3 5 2 9 9 5 5 10 7 2 11 9 4 5 5 7 7 11 11 4 5 7 8 9 8 11 11 4 5 5 10 0 0 2 9 8 9 11 4 4 4 5 5 10 7 8 11 11 4 5 5 10 7 8 4 4 10 7 8 11 2 1 9 4 9 4 5 5 7 7 11 11 3 5 2 0 0 9 8 9 4 10 8 8 11 4 10 7 8 2 1 9 5 10 9 7 8 7 8 9 4 10 7 7 7 7 8 8 1 9 4 4 4 5 0 7 6 10 7 7 7 11 2 5 10 8 7 7 7 11 1 11 2 4 5 9 7 7 8 4 11 11 3 5 2 11 3 3 7 11 5 4 4 4 5 10 2 10 2 7 6 7 11 11 4 4 5 4 4 5 7 11 2 3 9 5 10 10 7 8 7 7 8 11 2 9 11 5 0 6 7 7 7 7 8 7 7 7 7 11 2 11 3 11 4 2 7 1 4 5 9 7 11 5 4 1 4 4 5 7 7 11 2 11 5 3 9 7 10 6 8 7 7 8 11 4 5 4 10 10 2 8 11 5 10 7 6 10 7 8 8 11 4 5 10 2 0 6 7 9 7 8 11 4 10 7 8 7 8 4 10 10 8 8 11 1 4 2 4 4 4 10 9 8 1 2 9 8 1 3 7 11 4 3 7 11 5 0 2 3 7 11 4 9 4 4 4 4 5 0 2 3 9 7 11 2 5 3 4 3 10 10 0 2 2 3 9 7 7 8 11 4 4 5 10 10 7 6 0 6 8 8 4 0 9 10 7 7 8 8 11 4 10 7 8 8 4 4 10 10 7 8 8 11 4 5 10 2 9 10 8 7 1 1 2 9 3 5 7 10 7 8 7 11 11 5 5 7 11 11 4 4 5 2 9 7 11 4 5 5 10 7 8 9 11 4 4 4 4 4 4 5 2 10 2 10 10 2 6 8 4 10 7 10 7 7 2 8 7 6 9 8 7 11 1 11 5 4 4 4 5 10 8 6 7 11 11 1 3 5 5 0 10 2 9 7 11 4 5 4 4 3 4 1 4 4 4 5 0 7 9 6 7 7 6 7 7 7 10 8 7 7 7 7 0 7 7 7 8 4 10 2 6 7 11 11 5 5 7 7 11 11 3 5 4 5 7 7 7 10 8 11 4 11 4 2 4 4 2 9 4 5 9 11 4 1 2 2 9 5 7 6 11 11 4 4 4 4 4 5 5 7 10 2 0 7 6 10 10 6 7 8 7 7 8 11 1 4 2 11 3 4 5 0 9 9 5 5 11 2 11 9 5 5 0 7 6 7 7 9 10 7 2 0 8 4 10 6 4 10 7 6 8 7 8 1 11 2 4 10 9 8 7 7 7 7 7 8 4 10 2 6 7 11 11 4 3 4 5 2 7 1 9 9 4 5 7 7 8 11 4 2 4 9 11 5 4 5 0 7 0 9 8 4 10 10 7 8 8 4 0 10 2 7 6 6 11 11 5 3 4 4 5 10 7 8 11 11 2 2 3 7 11 4 4 3 11 5 5 7 7 11 11 4 4 4 2 5 11 2 7 10 10 2 6 8 11 4 5 9 10 0 2 6 8 7 6 4 10 10 2 2 6 9 4 5 7 11 4 4 11 4 4 4 3 5 5 0 0 0 9 5 10 8 4 10 2 6 10 8 7 7 7 10 9 6 8 8 4 10 7 7 11 5 2 7 1 4 4 10 2 9 9 5 4 4 4 5 7 11 2 9 9 5 4 5 10 7 7 8 11 1 2 11 3 11 5 2 7 11 3 7 11 5 2 10 2 3 7 6 11 2 11 3 11 4 5 4 4 4 4 4 4 4 4 4 4 4 4 4 4 4 4 4 4 4 4 4 4 4 4 4 2 4 4 11 3 4 4 3 4 5 4 4 10 0 0 2 9 9 5 5 10 4 4 3 5 10 10 8 8 4 10 2 10 6 10 7 8 7 8 11 2 6 11 11 2 2 11 11 4 4 4 2 3 4 5 7 7 11 11 2 3 5 7 7 11 11 5 4 4 4 3 5 10 10 2 2
ppo_q50_s3_b_fd_l4,61,qv18_64,18,155,True,776.0,4.972143650054932,3 5 2 7 9 9 4 5 5 9 7 11 5 5 7 7 11 11 5 5 10 7 8 11 11 4 5 5 10 7 8 11 11 4 5 5 7 7 11 11 4 4 5 5 7 7 11 11 5 5 10 7 8 11 11 2 2 3 10 8 4 4 4 9 10 8 7 8 4 4 4 0 10 10 2 2 9 9 6 8 8 11 2 9 4 10 8 8 4 4 10 10 7 8 4 5 10 2 10 6 11 2 2 9 9 5 0 2 4 3 3 10 10 7 7 7 8 2 11 9 5 0 7 7 7 7 7 1 2 9 6 11 5 5 7 11 2 4 4 4 9 4 5 7 11 4 5 7 1 4 4 1 9 9 5 7 8 11 1 2 9 9 8 8 11 2 11 4 3 10 2 8 4 10 7 9 7 8 8 4 4 10 10 8 7 7 8 11 4 4 2 9 4 4 4 5 9 7 11 4 4 4 4 1 2 2 9 8 4 4 10 10 2 6 8 6 4 10 7 7 6 4 10 7 7 8 8 4 4 10 10 7 7 7 8 8 7 1 11 4 5 10 10 2 3 5 10 10 8 1 2 4 3 7 11 3 3 5 10 10 7 8 8 4 4 11 5 10 7 10 7 7 7 8 1 2 9 4 5 7 1 11 2 9 6 11 4 4 4 4 5 2 11 2 3 9 9 7 8 4 1 4 5 10 8 6 7 11 11 1 5 2 3 10 7 7 7 8 4 10 10 8 2 4 10 7 6 4 10 7 7 8 7 8 4 10 7 1 2 9 9 5 5 4 10 2 7 11 3 3 5 7 7 7 11 11 2 2 9 4 5 7 10 7 8 7 10 6 11 2 7 0 2 9 3 4 4 5 11 4 4 11 4 5 4 4 4 5 7 11 4 4 4 11 2 1 3 5 7 10 7 8 4 10 7 6 7 9 8 8 4 4 10 0 7 8 4 10 10 8 4 0 2 6 4 10 6 8 6 11 11 4 5 5 10 7 7 8 11 11 1 2 8 9 4 5 7 11 4 4 9 4 5 7 8 11 2 11 3 11 2 2 11 9 5 4 5 4 11 4 0 2 9 9 8 8 11 2 9 4 5 10 10 8 7 8 10 7 7 7 7 7 8 4 0 7 6 10 8 4 3 10 10 7 7 2 0 2 6 9 8 11 11 2 4 5 9 7 8 4 11 9 5 4 4 1 5 7 11 4 4 4 11 4 5 2 0 9 6 8 11 11 3 5 2 10 2 10 8 4 3 10 10 2 8 4 10 6 4 10 8 8 4 4 10 0 2 9 9 8 8 4 4 0 9 0 7 6 10 2 8 0 9 6 8 11 11 4 4 5 2 11 9 5 4 4 5 7 11 9 5 4 4 4 4 5 11 2 4 4 9 4 5 0 7 10 10 8 0 2 9 8 4 4 11 4 3 10 2 6 8 1 11 4 3 10 7 2 7 2 9 6 6 10 7 2 6 8 4 10 10 8 8 4 4 10 10 2 7 7 8 10 2 7 6 6 11 11 4 4 1 2 4 5 10 7 8 1 9 9 4 5 3 5 7 7 11 4 5 7 7 11 11 2 4 4 5 10 2 0 9 9 8 4 5 10 2 0 6 6 11 11 5 5 10 7 8 11 11 4 4 5 7 8 11 2 4 11 11 2 3 3 5 7 7 11 4 3 4 4 4 4 4 4 4 4 4 4 4 4 4 4 4 4 4 4 4 4 4 4 4 4 4 11 4 2 4 4 5 10 2 3 7 11 4 5 7 11 11 5 2 10 2 3 7 11 3 11 2 4 5 10 2 3 9 5 7 11 4 4 4 4 11 5 2 9 9 5 4 5 10 2 10 10 7 8 2 4 4 10 10 8 2 9 8 11 4 10 8 8 4 10 7 6 10 7 6 7 8 8 4 4 10 10 7 8 8 7 11 2 4 4 3 10 10 7 7 7 2 7 8 7 11 1 11 2 4 5 10 7 8 11 11 5 4 3 3 5 7 7 11 11 2 5 11 11 4 4 4 5 2 7 11 4 11 5 3 4 4 4 5 4 11 4 4 11 4 4 4 4 4 4 4 4 4 4 4 4 4 4 4 4 4 4 4 4 4 5 5
ppo_q50_s3_b_fd_l4,62,qv18_65,18,158,True,783.25,5.553661108016968,5 5 7 9 11 5 5 9 7 11 3 5 2 7 7 11 11 5 5 7 7 11 2 11 2 9 9 5 5 10 7 7 7 7 7 8 1 3 7 9 11 4 5 7 8 11 2 11 4 11 4 5 5 10 2 3 10 7 7 6 8 11 2 11 3 7 11 1 2 8 9 11 4 3 5 2 7 11 9 4 5 7 8 11 2 11 2 9 9 5 5 0 0 9 7 6 8 11 4 5 7 11 4 5 4 10 10 2 2 7 7 0 6 7 9 8 4 10 6 7 7 8 4 10 7 7 7 7 10 2 8 7 11 4 3 5 7 7 7 11 11 1 2 3 5 10 7 11 2 2 3 7 11 2 9 9 5 5 4 4 4 4 11 4 4 5 10 7 7 8 11 11 2 4 5 7 1 9 9 8 4 4 5 7 11 2 3 10 7 6 10 8 2 7 7 6 10 7 7 10 7 8 8 4 10 8 1 4 11 11 4 5 4 5 4 10 0 2 9 9 5 7 8 4 11 4 4 5 4 10 10 8 7 8 10 10 6 7 7 8 7 8 11 4 4 10 8 7 7 8 4 10 2 7 1 4 4 4 1 4 3 7 11 5 4 4 4 4 4 11 4 4 5 1 3 10 6 10 2 2 9 9 8 7 8 4 10 7 10 2 8 6 10 10 8 8 11 2 4 10 6 4 10 7 7 6 8 2 1 1 9 5 7 11 5 4 4 9 4 5 11 11 5 2 7 11 9 5 0 2 9 3 4 5 10 8 9 11 4 4 5 2 7 11 11 5 2 3 10 7 8 4 4 10 10 7 2 2 7 9 6 6 7 7 7 7 0 7 7 7 10 8 8 4 11 5 10 7 10 8 8 11 2 1 9 5 10 9 8 8 1 11 2 9 6 11 4 5 4 5 10 2 6 9 7 8 11 11 1 4 5 5 7 7 11 11 5 5 7 7 11 11 2 5 10 2 6 4 10 9 8 4 4 5 10 7 7 7 9 8 7 8 1 4 4 10 2 6 11 3 7 11 5 4 4 4 4 4 4 4 4 5 10 7 7 2 7 0 7 9 9 8 8 4 10 0 2 9 10 7 7 8 8 11 4 5 10 2 10 7 7 7 6 7 11 2 2 9 4 3 4 4 4 4 9 5 4 5 7 11 4 11 4 5 7 8 1 1 9 8 11 4 4 4 4 4 5 3 10 10 2 2 9 8 4 0 7 0 9 9 5 5 10 2 10 10 7 8 8 4 10 8 4 0 7 7 7 7 6 9 7 8 11 2 7 6 11 3 4 11 4 4 4 5 5 7 7 11 11 4 1 4 4 4 4 5 2 9 5 3 10 10 7 8 2 4 4 10 7 8 4 10 7 10 2 6 8 4 4 10 2 10 9 8 7 7 8 7 6 11 11 2 2 6 11 11 5 5 10 7 6 11 4 5 4 4 4 4 4 5 7 11 2 11 9 5 2 7 1 3 4 4 4 10 0 2 9 8 9 10 8 7 7 6 8 1 4 10 2 9 9 5 5 7 11 5 4 10 10 7 7 8 8 7 10 0 0 2 9 9 8 7 6 8 11 4 5 10 10 7 7 2 7 7 7 8 11 2 4 7 1 9 11 3 4 3 4 4 4 4 4 5 5 4 10 2 10 7 6 8 7 1 11 4 4 4 4 4 4 4 5 7 11 4 4 11 5 2 7 9 7 8 4 10 7 7 7 10 7 8 2 6 11 4 4 4 5 9 7 11 4 2 5 7 11 3 4 11 5 2 11 11 2 2 9 8 1 9 4 10 8 8 0 9 7 8 4 10 10 2 8 6 6 6 10 10 8 7 7 7 7 7 8 7 11 11 5 5 7 10 7 8 10 10 7 8 8 4 4 10 2 9 7 11 5 5 10 7 8 11 11 2 2 3 9 4 5 7 11 11 4 5 7 8 11 1 1 2 9 9 5 0 8 9 8 4 10 6 4 10 7 7 8 7 7 8 7 11 11 5 2 10 7 7 7 7 7 7 7 10 7 7 7 7 7 7 7 7 7 7 7 7 7 7 7 7 7 2 8 10 10 8 8
ppo_q50_s3_b_fd_l4,63,qv18_66,18,146,True,742.75,2.205782413482666,5 5 9 9 5 5 7 7 11 9 4 5 5 7 7 7 11 11 4 5 5 10 7 7 11 4 4 5 5 7 7 11 11 4 4 5 5 0 10 2 9 6 4 10 2 8 9 7 8 4 10 7 7 11 2 5 9 10 7 8 8 11 2 1 9 9 8 8 1 1 4 9 4 4 3 7 11 2 1 2 3 9 7 11 4 4 5 5 7 7 11 11 2 2 9 9 5 5 0 10 7 7 8 9 4 10 2 7 8 11 2 9 9 5 4 5 0 6 7 7 7 9 7 8 4 10 7 7 8 4 10 7 7 7 7 7 11 4 5 5 10 0 2 9 7 8 11 11 5 5 7 7 11 11 2 3 5 7 7 11 11 3 4 5 4 5 7 11 4 11 4 4 4 5 7 8 11 2 9 11 2 2 4 11 2 9 6 4 10 8 7 7 7 7 7 8 4 10 2 7 7 7 7 7 7 7 6 4 10 7 7 8 7 11 7 7 11 2 2 3 7 11 11 4 4 3 5 2 7 11 2 3 11 3 11 2 3 4 4 4 4 4 5 10 2 7 10 7 7 8 7 7 7 7 7 7 9 7 6 8 4 4 11 5 10 7 10 2 2 10 6 11 2 5 4 3 3 11 4 4 4 1 11 5 4 5 7 11 4 4 3 4 5 10 10 7 8 2 9 8 1 11 1 2 9 3 5 10 10 6 8 7 8 11 4 2 11 4 5 10 10 2 6 7 8 11 2 6 9 11 5 7 7 8 10 8 11 2 3 4 10 10 2 6 8 4 4 10 2 10 6 7 7 7 10 7 8 1 2 4 10 8 9 10 7 8 1 4 2 3 4 9 4 4 4 5 9 11 4 4 4 4 4 4 1 4 5 2 0 9 5 10 10 7 8 7 6 8 11 4 4 4 5 10 7 11 2 2 6 11 4 5 10 9 6 7 8 7 7 8 11 2 3 10 7 10 7 0 7 6 7 7 7 8 7 8 11 2 4 1 1 9 8 11 11 3 4 3 4 4 4 5 4 1 1 4 2 11 5 4 3 3 10 10 7 7 7 7 7 8 2 11 5 0 7 6 9 7 7 8 11 4 11 7 7 7 8 2 9 4 5 0 7 7 7 7 11 11 4 4 3 4 3 1 5 5 10 7 8 4 1 4 9 4 5 11 3 5 10 10 7 2 7 11 2 2 9 5 9 10 8 6 8 7 7 7 11 11 5 2 9 7 8 4 4 10 10 8 8 10 0 0 6 4 10 8 8 4 4 10 10 7 7 8 8 11 1 5 10 2 9 3 3 7 11 4 4 5 7 8 11 4 5 7 7 11 11 5 2 7 11 3 11 2 2 9 11 2 2 9 6 11 5 4 4 4 4 4 4 4 5 11 2 9 4 4 10 2 2 10 6 10 8 6 8 10 10 7 8 7 7 8 10 2 6 4 10 7 7 7 7 7 10 6 8 2 4 4 10 2 9 10 2 2 9 3 3 5 7 7 7 11 11 2 4 4 5 10 2 6 11 9 5 5 7 11 4 4 4 5 1 4 11 1 4 3 5 10 10 2 2 9 7 11 5 2 9 3 10 7 7 7 8 4 5 10 7 8 4 10 6 10 8 2 4 10 2 9 6 4 10 2 7 8 4 10 10 7 7 8 2 1 11 9 5 4 3 5 10 7 8 10 8 11 4 11 4 2 3 4 4 5 4 4 1 3 4 1 4 4 4 11 5 11 2 4 3 10 6 4 10 2 7 7 8 10 10 7 8 2 9 8 4 10 10 8 2 9 4 5 9 7 7 7 10 7 8 4 4 3 5 10 2 10 10 0 2 8 9 7 7 7 8 7 9 9 8 8 1 1 4 4 4 4 11 9 8 4 4 5 7 11 4 4 3 11 4 5 4 5 10 2 7 7 11 11 2 5 7 11 4 4 11 4 5 2
ppo_q50_s3_b_fd_l4,64,qv18_67,18,147,True,723.5,3.4265847206115723,5 5 7 11 9 5 5 7 11 9 5 5 7 7 11 11 5 5 10 7 8 11 11 4 3 5 2 7 7 11 1 9 4 5 7 8 11 2 9 11 5 5 10 0 7 6 8 11 4 10 2 7 7 8 4 10 2 9 7 6 4 10 8 8 10 8 7 11 11 5 2 10 8 9 11 5 4 4 5 7 7 11 11 5 4 4 5 7 11 4 4 4 9 4 5 5 7 7 11 11 5 5 0 0 9 8 9 7 7 7 7 8 4 10 7 7 7 7 11 4 5 0 2 9 8 11 3 5 7 7 11 11 2 2 9 4 5 10 4 7 4 7 4 7 4 7 6 7 7 7 7 7 7 7 7 8 7 7 7 11 11 5 2 11 4 11 2 2 3 10 9 5 5 7 7 6 11 11 4 5 5 10 2 9 7 11 5 5 7 7 11 11 4 1 5 2 9 7 8 11 11 4 5 5 7 11 4 4 5 0 9 8 4 10 10 8 0 8 11 2 3 10 9 5 4 3 5 7 7 7 10 7 7 8 11 4 4 4 4 10 7 8 7 7 8 11 2 6 4 10 7 7 7 10 8 2 4 10 6 7 7 7 8 11 11 2 2 3 7 11 11 2 2 9 4 4 4 5 7 11 9 5 4 5 4 4 1 9 5 4 11 2 4 3 10 10 8 8 4 10 7 7 7 7 10 2 7 2 10 6 7 6 7 8 11 4 4 5 10 10 2 2 7 7 6 4 10 7 8 6 11 11 5 5 7 10 6 8 11 11 5 2 7 11 11 2 2 9 5 11 4 5 7 11 11 5 5 10 2 9 7 7 7 8 6 11 4 5 7 7 11 11 4 2 2 9 11 5 4 5 7 11 9 5 5 10 7 8 11 11 5 2 0 6 6 6 10 8 4 10 7 7 7 7 10 7 7 2 8 1 3 7 11 3 5 7 7 11 11 5 2 9 5 7 7 11 11 4 4 4 5 4 4 0 2 10 7 8 1 9 9 8 8 11 4 4 5 0 10 9 7 4 7 8 8 1 9 11 2 2 9 11 5 5 3 9 11 5 1 5 7 11 4 5 10 10 8 2 4 10 8 4 10 0 6 10 7 7 7 7 8 7 7 7 8 4 10 2 7 7 6 7 11 11 5 2 9 5 4 9 9 5 5 7 7 11 11 2 3 4 5 7 7 10 8 7 7 10 7 7 8 10 7 11 4 2 2 4 4 4 4 3 4 11 5 4 4 4 1 11 4 4 3 3 5 10 7 10 7 7 8 8 1 9 4 5 7 11 11 5 2 7 11 11 4 4 4 5 0 2 9 8 9 4 5 10 0 6 8 11 11 2 2 9 5 9 5 4 11 4 4 4 4 4 4 4 4 4 4 4 4 4 4 4 4 4 4 4 4 4 4 4 4 4 5 7 11 3 11 5 1 2 3 7 11 11 5 5 1 9 11 4 5 0 2 7 9 8 11 1 9 5 5 9 11 2 5 0 6 7 11 4 9 5 4 4 4 5 7 11 2 4 11 11 4 5 7 2 7 7 7 6 6 9 7 8 11 4 4 4 5 10 10 7 7 7 8 7 7 7 7 7 7 7 7 7 7 7 8 4 10 2 9 7 11 4 4 5 4 1 4 5 9 10 7 2 2 7 10 10 8 2 7 7 6 9 7 8 11 11 2 2 4 4 3 11 4 5 3 7 7 11 11 5 3 5 10 2 3 11 4 11 4 4 2 3 5 10 7 7 7 8 4 4 10 10 2 7 8 9 7 11 1 5 0 2 9 5 4 4 4 4 3 11 4 4 9 5 1 2 9 8 4 10 10 8 6 8 10 10 7 7 7 0 2 8 4 3 10 10 8 7 7 6 8 4 4 4 10 10 7 8 8 4 0 0 7 0 9 6 8 7 11 11 4 5 5 10 2 7 7 11 11 5 3 5 10 10 2 2
ppo_q50_s3_b_fd_l4,65,qv18_68,18,155,True,788.75,7.405376434326172,3 5 2 7 11 6 4 9 5 5 9 7 1 9 5 5 7 7 11 11 4 5 7 8 11 11 5 5 10 7 8 11 11 4 4 4 5 5 10 2 9 10 8 8 4 10 8 1 4 1 9 5 7 11 9 4 4 4 5 5 4 0 0 9 10 8 8 4 4 10 7 8 4 4 10 10 2 2 9 5 10 7 9 8 8 4 4 10 0 2 3 10 9 8 8 4 0 7 7 7 7 7 10 2 3 7 7 11 11 5 4 2 3 7 11 5 4 4 1 9 4 5 7 9 11 4 4 3 5 5 10 0 7 7 7 7 7 8 11 2 3 7 11 4 4 4 1 3 7 11 2 3 5 7 7 11 11 2 2 9 5 4 10 10 2 8 9 6 8 4 4 4 10 10 7 8 7 8 11 4 1 2 9 11 2 4 5 3 3 10 10 7 7 7 8 4 0 7 7 8 11 2 6 4 3 10 10 8 2 9 4 10 8 8 4 10 6 10 7 8 2 7 1 11 5 10 2 9 6 11 5 5 11 4 1 4 4 3 4 4 5 4 1 3 9 5 10 10 8 8 4 4 10 2 10 10 6 8 7 7 7 8 11 2 9 4 5 4 10 10 7 7 8 4 5 10 7 8 4 10 10 2 7 8 11 1 4 3 11 4 5 0 2 6 7 10 8 9 4 10 7 7 6 8 2 11 4 5 10 2 10 7 6 11 2 2 9 3 4 4 5 9 7 11 4 4 5 7 8 11 11 4 4 4 4 4 4 2 5 3 10 10 0 0 2 8 9 4 10 8 8 10 2 9 9 8 7 8 1 4 4 3 11 4 7 4 4 3 7 11 5 7 7 8 11 5 7 11 11 4 4 5 2 7 11 5 4 1 4 4 0 10 9 8 8 0 6 9 9 8 1 2 6 9 7 8 7 7 10 7 10 0 7 7 8 1 2 9 8 6 6 11 11 4 5 2 7 7 11 1 4 5 7 11 4 3 4 4 4 11 5 0 2 9 6 8 11 11 5 4 4 5 11 1 2 9 9 5 5 9 10 7 8 4 10 8 2 7 11 11 5 0 2 3 10 8 4 4 4 3 10 10 8 7 8 10 10 7 7 7 6 7 7 7 7 8 8 11 2 9 11 2 2 3 9 5 7 11 11 4 4 2 3 5 10 10 0 2 2 3 10 6 7 7 10 6 2 6 8 4 4 10 10 7 2 6 7 8 1 11 4 5 10 0 2 9 9 8 8 4 11 4 4 4 5 4 0 10 2 9 6 4 10 8 8 1 1 9 3 5 9 7 7 11 2 2 11 9 5 4 5 9 7 8 11 11 5 1 4 4 4 1 2 9 7 8 11 5 3 4 11 1 11 2 4 5 7 9 6 7 7 7 6 10 7 7 8 2 1 7 7 7 10 2 9 8 6 4 10 10 2 2 7 6 7 6 6 7 11 11 2 4 2 9 5 11 3 7 11 4 4 4 5 2 7 7 11 11 4 5 2 9 9 5 7 7 8 11 2 11 11 2 5 11 4 4 4 3 5 10 10 2 2 9 3 7 7 7 8 11 4 5 9 10 7 7 8 7 7 7 7 7 8 4 10 2 7 6 4 10 7 7 7 7 11 2 2 9 8 11 11 4 5 7 1 2 9 9 3 5 5 7 7 7 11 2 11 11 4 4 2 5 3 11 11 5 2 11 4 4 5 10 9 7 8 8 10 2 7 7 10 7 6 7 7 8 4 10 7 7 6 11 5 5 10 7 11 2 2 3 9 7 11 2 4 4 5 11 4 3 5 7 11 4 4 4 4 4 5 10 10 2 2 3 10 10 7 7 7 7 7 7 2 6 7 8 4 4 10 10 7 8 7 7 7 7 7 7 7 1 2 9 5 9 9 5 7 7 8 11 2 1 4 10 9 8 8 11 2 6 11 11 5 3 5 7 7 11 11 4 5 2 11 4 4 4 11 1 4 4 5 2 10 8 11 9 5 5 9 4 4 4 5 4 10 10 2 2 7 7 10 10 7 8 7 8
ppo_q50_s3_b_fd_l4,66,qv18_69,18,155,True,776.5,3.702346086502075,3 5 2 9 9 5 5 7 7 11 1 9 5 5 10 7 11 5 2 7 11 9 4 4 5 5 7 10 9 8 8 1 11 5 7 11 11 5 5 10 0 2 6 11 5 9 7 11 4 5 5 9 7 7 8 11 11 4 4 5 7 8 7 11 2 11 1 2 9 8 4 4 3 4 10 10 2 8 7 9 7 8 4 10 7 7 7 7 7 6 7 8 11 4 4 10 2 2 9 9 8 7 8 11 2 4 11 3 4 4 4 4 4 4 4 4 4 0 10 2 8 9 4 3 5 10 10 7 8 8 11 2 4 11 4 5 10 9 7 8 4 5 10 2 10 10 7 6 7 8 8 4 10 10 7 7 7 8 8 11 2 11 4 5 9 10 7 7 8 7 1 1 4 5 10 2 9 7 7 8 9 11 5 5 7 7 11 11 5 4 5 0 7 0 9 8 6 11 11 5 4 3 5 7 7 11 11 4 1 5 4 5 10 7 2 7 11 11 5 4 4 4 4 5 0 9 9 5 5 7 7 11 2 4 10 9 6 8 8 4 4 10 10 2 6 7 7 8 11 1 4 4 5 3 10 10 7 7 7 7 7 7 7 7 8 7 7 7 7 8 7 11 2 11 4 4 11 5 1 4 5 9 4 5 0 7 0 7 7 9 7 6 8 9 4 10 7 7 8 0 0 2 9 5 4 6 11 11 4 3 4 4 4 4 4 4 4 4 4 4 4 4 4 4 2 4 5 0 9 5 10 10 8 1 2 9 9 6 8 2 4 10 2 10 6 4 10 6 7 8 8 11 4 5 10 10 7 8 8 4 10 8 7 11 11 2 5 7 6 11 11 4 5 0 2 10 7 9 8 8 4 10 10 7 7 8 2 4 10 8 6 7 11 11 2 2 9 6 8 11 11 2 2 9 11 5 1 3 5 7 11 3 11 5 5 9 7 11 5 4 5 4 0 10 7 7 8 7 11 11 1 5 2 9 7 8 9 11 4 4 4 4 4 4 1 2 3 5 7 10 8 4 3 10 10 8 7 7 8 4 0 6 10 6 8 11 1 4 4 10 2 2 9 8 4 0 9 9 8 7 7 7 7 8 7 11 2 11 11 5 5 10 2 7 6 11 11 5 5 7 11 11 4 5 4 4 4 4 4 5 10 2 6 10 6 4 10 8 8 10 6 7 8 7 11 11 2 2 9 5 4 10 10 7 7 7 7 6 8 8 4 4 10 0 2 10 6 4 10 7 8 2 11 3 4 4 5 7 11 4 11 2 2 9 4 5 7 11 5 7 11 4 9 5 4 4 4 4 4 5 7 11 2 1 3 4 10 10 8 7 7 2 9 7 7 6 8 4 10 10 6 7 7 7 2 8 4 10 9 7 8 8 11 4 10 8 2 7 10 6 7 11 2 2 1 9 8 4 4 3 9 11 4 5 4 5 10 7 0 2 9 6 8 11 1 9 5 5 7 7 11 11 5 5 7 11 4 4 4 4 4 4 4 4 5 4 10 0 7 7 7 11 1 2 5 9 7 8 4 10 6 10 7 8 7 7 8 11 2 9 9 5 4 4 5 10 0 7 7 8 4 10 10 8 2 4 10 6 9 8 4 0 7 7 1 2 9 5 10 6 6 7 8 11 11 2 2 4 11 3 5 7 11 11 2 4 3 5 10 7 8 11 11 4 1 2 4 3 3 5 10 7 7 7 8 11 11 4 4 4 4 5 4 5 0 10 2 10 7 6 7 7 6 7 8 11 9 8 7 8 4 10 7 7 10 8 7 1 2 11 9 8 8 6 7 10 7 7 7 7 10 7 7 7 7 7 7 7 7 7 7 7 7 7 7 7 7 7 7 7 7 0 0 8 6 8 4 4 10 7 6 8 11 11 2 2 11 5 4 10 10 2 8 9 8 9 9 8 7 7 7 7 7 7 8 10 7 7 8 4 10 7 7 10 7 7 8 1 4 0 2 9 8 11 3 11 4 4 5 2 7 11 4 4 9 5 5 11 4 11 4 4 4 5 4 1 4 5 9 4 5 3 10 10 2 8 10 10 2 2
ppo_q50_s3_b_fd_l4,67,qv18_7,18,158,True,794.5,2.363884687423706,3 5 2 9 9 5 5 10 7 2 11 9 4 5 5 7 10 8 11 4 11 5 7 1 5 10 2 3 7 11 9 3 5 2 7 7 1 9 11 4 4 5 5 7 7 11 1 2 9 9 5 5 9 10 7 7 2 8 11 3 11 4 5 5 10 7 8 11 11 5 2 10 8 1 9 9 5 1 4 0 2 9 6 4 5 10 10 7 8 8 4 4 10 10 6 7 7 8 8 4 0 9 8 4 10 7 7 8 1 4 9 4 4 4 11 5 0 7 6 8 11 1 3 10 8 7 8 1 4 11 2 9 3 4 11 2 4 5 10 2 4 3 10 6 10 7 7 0 7 7 7 7 8 7 8 11 5 4 10 2 10 6 4 10 7 8 2 10 2 3 11 9 5 4 4 4 5 7 11 4 5 3 10 10 8 8 1 1 4 3 7 11 4 3 5 7 11 4 11 4 2 1 2 9 4 5 7 4 7 4 7 7 9 7 7 6 7 8 4 10 10 8 8 11 4 4 4 5 10 7 8 4 10 10 7 8 8 4 4 10 2 10 9 8 8 4 10 7 8 11 7 10 8 7 1 1 2 9 8 11 9 3 4 5 5 7 10 8 7 11 11 4 4 2 1 4 3 5 7 10 6 8 11 11 5 2 10 8 11 4 11 4 4 4 4 4 5 2 9 7 7 8 11 11 4 5 5 7 7 7 11 1 2 9 8 6 9 4 10 7 2 7 6 8 4 10 7 7 7 7 7 10 8 4 0 2 6 4 10 6 8 1 1 4 4 4 4 9 3 5 7 7 11 4 5 7 7 11 11 4 2 5 7 11 11 4 5 2 10 9 8 7 7 8 4 10 7 7 6 4 10 2 7 8 4 10 2 7 7 7 7 6 7 7 11 11 2 4 5 0 9 9 5 5 10 2 9 7 11 4 5 5 10 7 8 11 11 5 4 5 7 11 5 7 11 4 4 4 4 5 7 1 1 9 3 3 10 7 8 2 9 8 11 4 10 8 7 7 7 8 4 10 7 7 7 10 2 7 8 4 10 2 7 10 7 8 7 7 11 11 2 4 5 7 11 3 7 11 5 4 3 4 4 5 9 5 0 10 6 7 10 8 2 9 4 5 7 10 7 11 4 4 4 1 5 7 8 1 1 9 9 5 4 4 4 4 4 5 10 9 7 8 7 8 1 4 11 2 11 3 11 5 2 10 2 3 10 7 10 6 7 8 6 7 7 7 8 11 2 9 4 4 10 7 8 8 4 10 7 8 4 4 10 10 8 7 8 4 10 10 2 8 1 9 5 10 7 9 8 7 1 1 2 6 11 5 4 4 3 11 6 11 4 4 4 1 5 4 5 11 2 4 4 11 5 0 7 6 10 6 7 6 7 8 4 4 4 10 10 2 2 10 6 8 11 4 10 2 2 9 6 8 11 4 5 10 10 8 8 10 7 7 10 8 1 2 9 4 5 3 9 5 11 11 2 5 7 11 4 3 7 11 4 2 2 6 11 4 4 4 5 7 11 1 9 4 5 4 5 9 11 2 1 2 4 10 8 6 10 9 8 0 8 11 2 9 9 6 8 8 4 10 10 2 7 6 8 11 4 4 5 10 10 2 0 2 6 7 7 6 7 7 10 10 7 6 8 8 11 2 1 1 11 4 9 3 5 2 3 11 3 4 11 5 2 10 2 3 9 4 5 7 11 4 1 11 2 2 9 3 11 5 7 7 7 7 7 8 4 10 9 7 8 7 8 4 4 4 10 10 7 8 7 1 2 1 11 9 3 5 5 7 7 11 11 5 5 10 2 3 4 11 3 11 2 1 2 9 8 11 11 3 4 4 4 4 4 4 4 4 4 4 4 4 4 4 4 4 4 4 4 2 4 4 4 4 4 4 4 5 7 1 3 9 4 4 5 11 11 2 2 9 8 4 4 3 3 10 10 7 7 8 1 2 4 10 9 7 7 8 8 11 4 4 5 10 7 7 6 7 8 11 11 2 1 2 9 8 11 11 4 5 5 7 11 11 3 4 5 5 7 11 2 11 4 4 11 4 5 2 10 10 7 7 7 6 8 7 8
ppo_q50_s3_b_fd_l4,68,qv18_70,18,155,True,772.25,7.356719017028809,5 5 9 9 3 5 2 9 7 11 5 5 10 7 8 11 11 4 4 4 5 5 10 2 7 1 9 4 4 4 4 4 9 5 5 7 7 11 11 5 5 0 0 9 8 9 11 2 5 3 4 10 10 2 0 2 3 10 7 9 6 8 8 11 2 11 4 5 9 5 0 9 10 0 7 6 8 8 4 4 10 7 8 11 11 2 5 4 10 7 8 4 4 10 10 7 7 8 8 4 4 10 7 8 11 11 5 7 1 2 6 11 5 3 10 10 8 8 1 11 5 10 9 7 8 8 7 7 10 0 2 7 11 4 9 5 5 3 11 11 3 4 5 5 10 7 8 7 11 11 4 4 4 5 5 10 0 2 7 9 8 7 11 11 2 2 9 3 7 11 5 5 7 7 11 11 4 4 4 5 2 9 10 8 4 3 5 0 10 7 8 4 4 10 10 2 6 8 11 4 3 5 10 10 7 8 4 0 6 8 11 4 10 2 7 7 7 7 7 2 7 9 8 10 10 2 2 3 10 7 9 8 8 1 11 4 4 3 4 4 4 4 3 5 10 7 8 11 11 4 4 2 3 5 7 7 11 11 2 2 9 11 4 5 7 1 2 9 8 4 4 3 4 10 10 8 2 0 6 7 7 9 7 6 7 7 7 7 8 0 10 7 0 2 9 9 8 4 5 0 9 7 8 4 9 11 4 5 5 7 10 7 8 11 4 4 11 5 4 5 7 7 11 11 2 3 5 7 7 11 11 5 4 5 7 7 7 11 2 11 11 5 2 9 4 4 5 0 7 7 10 8 1 4 9 3 11 5 2 11 4 5 4 0 9 5 10 10 6 6 0 7 7 7 8 7 8 11 2 6 4 10 6 4 10 2 6 8 4 10 7 10 2 8 4 10 9 8 8 1 4 10 2 9 3 7 11 4 4 5 2 10 8 11 4 4 4 10 2 2 6 6 4 9 10 8 2 6 11 11 2 2 9 5 9 7 8 11 11 4 5 4 5 7 11 2 3 7 11 11 2 5 4 0 10 2 3 10 7 6 7 8 10 10 8 2 4 10 7 7 6 7 7 7 11 2 2 9 3 3 4 4 4 4 4 4 11 4 1 4 4 2 3 4 5 10 7 7 11 5 5 11 1 2 9 9 5 7 8 11 2 4 3 10 10 2 6 8 10 2 10 6 6 8 4 4 4 10 10 0 2 8 6 11 4 5 10 10 8 8 4 10 7 8 7 7 7 10 7 11 2 2 9 5 9 10 8 1 2 6 7 11 2 11 4 3 3 7 11 4 4 5 5 9 11 5 0 7 7 1 2 9 5 9 7 11 5 4 4 3 5 10 7 8 11 11 4 4 1 1 2 5 9 3 7 7 8 4 4 10 10 7 8 7 7 7 8 7 11 2 4 10 6 7 7 7 7 8 1 1 4 9 4 4 4 3 5 7 11 4 4 11 5 2 0 7 6 9 8 7 0 10 6 4 10 8 0 7 8 11 2 9 9 4 5 7 8 11 2 11 11 4 4 5 2 9 5 11 11 4 3 5 2 9 7 7 8 11 4 4 3 11 4 4 4 4 4 4 4 4 4 4 4 4 4 4 4 4 4 4 4 4 4 4 4 4 4 4 4 4 4 5 5 7 4 7 4 7 11 4 4 1 4 4 5 10 2 9 3 5 10 10 8 4 0 7 6 8 4 4 10 2 10 9 8 8 7 11 2 1 1 9 9 8 4 5 0 10 2 9 3 7 11 3 4 5 7 8 11 4 5 7 7 11 4 4 4 4 4 4 4 4 10 2 7 7 6 8 11 4 10 8 7 8 4 10 10 7 8 2 9 4 5 7 10 7 8 11 11 4 2 4 4 4 4 2 4 4 4 9 4 3 7 11 5 4 5 11 11 4 5 2 10 2 3 10 10 8 7 7 7 7 8 4 10 10 2 6 8 10 6 7 7 10 7 7 7 7 8 7 1 2 9 4 5 10 7 8 11 11 5 4 4 5 7 11 4 4 4 11 4 4 4 4 4 4 5 2 11 2 9 9 8 4 5
ppo_q50_s3_b_fd_l4,69,qv18_71,18,154,True,760.0,8.935510396957397,5 5 7 11 9 3 5 2 9 7 9 4 5 5 10 7 2 9 7 7 8 11 11 1 4 3 4 5 7 8 10 2 9 7 8 11 11 4 4 4 5 5 7 7 7 11 11 4 5 5 7 7 10 8 11 2 4 11 11 5 5 10 2 7 9 11 4 5 5 9 10 2 7 8 11 2 4 0 9 7 6 8 9 4 10 7 8 7 8 4 10 0 2 7 7 6 4 10 2 6 6 7 11 11 1 2 2 6 11 4 4 3 5 7 11 3 7 11 4 4 4 4 4 2 5 7 7 11 11 4 4 5 5 10 2 9 9 5 7 7 8 11 2 4 10 9 8 8 4 10 7 8 4 10 8 4 10 7 10 8 1 2 7 7 7 10 2 6 6 9 7 8 7 7 7 11 11 4 1 2 2 9 8 6 9 11 1 4 4 4 3 4 4 4 4 4 4 4 2 5 7 11 9 5 4 5 10 2 10 10 7 7 7 8 7 8 11 2 4 11 4 4 4 4 5 3 10 10 2 7 2 9 9 8 8 7 7 7 6 7 7 10 10 2 0 8 11 2 9 9 8 8 11 2 11 9 5 4 4 3 4 4 5 10 0 6 10 8 2 4 0 7 10 2 6 7 7 6 6 11 11 2 5 7 11 3 4 5 7 7 7 11 11 1 5 2 7 11 4 5 9 7 8 11 11 2 2 11 3 9 4 5 5 11 11 5 7 1 2 9 3 5 10 7 8 4 4 10 10 2 8 9 6 7 10 8 2 11 5 10 7 7 8 4 4 10 10 7 7 8 8 4 4 10 2 10 6 4 10 7 8 1 2 4 4 3 9 7 11 2 5 7 11 2 9 9 5 4 4 4 4 4 4 4 4 4 4 5 10 2 7 7 0 10 10 6 8 7 7 7 7 7 8 11 2 6 11 4 4 4 4 5 4 11 5 4 4 3 10 9 8 4 4 5 10 7 7 7 7 8 4 10 2 10 10 6 8 0 7 7 9 7 7 7 8 4 5 10 0 7 7 1 2 9 9 5 4 3 5 10 7 8 7 11 1 2 6 9 4 10 8 8 11 1 4 11 5 5 9 5 7 7 11 11 5 7 1 2 9 9 5 7 8 11 2 4 4 10 10 8 7 8 0 6 11 3 4 4 11 2 2 9 5 4 11 4 5 4 1 4 1 3 3 3 10 10 2 7 8 11 2 9 4 10 8 8 4 0 9 8 7 10 8 4 3 10 10 2 8 4 10 6 10 8 7 2 10 10 8 6 8 11 4 4 5 10 10 0 5 2 10 7 6 11 4 3 4 4 5 2 10 7 8 7 6 11 11 4 4 4 5 1 2 9 4 11 2 2 9 6 7 8 9 11 4 2 4 5 7 7 11 11 4 4 5 2 1 9 5 7 7 7 7 7 7 7 6 4 10 7 7 8 4 0 7 0 9 8 6 6 11 11 4 5 2 7 11 4 5 7 1 11 4 4 5 4 3 4 11 3 11 2 1 5 0 9 8 7 10 8 6 10 7 10 8 8 11 4 3 5 10 0 10 8 7 8 4 3 10 10 8 8 7 1 11 4 10 2 8 1 3 9 5 7 7 11 11 5 2 11 4 4 3 7 11 3 4 4 4 4 1 5 5 7 7 11 11 5 4 0 2 9 5 10 10 2 8 9 6 8 4 4 10 10 8 7 2 7 10 7 7 7 7 7 7 8 4 9 10 8 4 0 2 6 6 4 10 7 7 7 11 2 2 9 5 3 4 11 4 4 1 9 8 4 4 5 9 5 10 7 11 4 5 2 10 8 11 4 11 5 2 11 3 4 4 5 7 11 11 2 2 9 3 5 10 7 11 2 2 9 5 4 10 10 8 7 7 8 10 10 2 8 10 7 6 4 10 7 6 8 7 7 6 8 11 4 5 4 10 10 2 2 10 6 4 10 8 1 2 9 9 8 7 7 8
ppo_q50_s3_b_fd_l4,70,qv18_72,18,154,True,765.75,7.380452871322632,3 5 2 9 9 3 5 2 10 2 7 11 9 4 5 5 10 7 8 9 8 11 11 1 4 3 5 2 9 7 11 4 4 8 8 4 7 4 10 8 7 11 11 4 4 5 5 7 7 7 1 11 1 2 9 9 5 5 10 7 11 4 5 5 7 7 11 11 5 5 7 10 7 9 5 5 10 0 2 3 3 4 10 10 7 8 8 4 11 4 10 2 8 4 10 10 7 8 1 2 6 4 10 7 6 4 10 2 2 9 9 8 7 7 8 4 10 2 9 7 8 7 7 11 6 11 4 1 5 0 2 3 9 7 8 6 11 11 4 4 4 5 7 7 8 11 4 4 4 5 10 7 7 11 1 5 2 9 7 11 4 5 4 5 7 11 4 4 4 3 11 2 4 0 2 9 8 11 5 10 7 10 6 6 7 7 8 7 8 11 2 4 9 7 7 7 8 4 4 4 4 4 10 10 2 2 6 7 10 8 4 10 6 4 10 2 2 9 8 9 4 4 4 5 7 11 4 11 4 4 4 5 4 0 2 7 7 7 6 4 10 2 6 9 8 11 4 10 2 6 7 7 7 7 7 8 4 4 10 2 0 7 6 7 11 11 5 5 7 11 4 11 2 2 4 3 4 9 11 2 2 9 6 11 4 4 5 7 8 11 2 4 4 4 4 11 3 3 5 10 10 0 2 2 9 9 7 8 7 8 11 4 4 4 5 10 9 7 7 7 8 7 7 7 7 7 7 8 11 1 4 4 5 3 4 10 10 2 0 7 8 9 4 5 9 5 0 10 10 6 8 8 4 4 10 10 2 8 11 5 3 10 10 8 2 6 11 4 5 7 7 11 11 2 2 4 1 9 3 4 4 4 5 11 11 4 4 5 7 8 11 4 5 0 0 6 10 6 7 10 8 8 11 4 5 10 10 8 2 6 10 7 6 8 11 11 4 2 2 4 11 4 10 2 6 7 8 7 7 7 9 8 4 10 0 2 9 9 8 4 5 9 5 10 7 11 4 5 2 3 7 11 5 10 7 10 8 1 2 9 5 7 7 7 7 6 11 11 4 4 4 4 4 4 4 1 5 3 5 7 7 11 11 5 4 5 7 7 11 2 11 11 5 4 5 10 7 0 7 6 6 7 7 7 7 8 11 2 9 11 2 5 3 4 10 10 2 2 9 5 10 10 7 8 8 10 7 7 7 8 11 2 11 3 7 11 4 4 4 2 4 5 10 10 2 7 8 9 4 4 5 10 7 7 7 8 11 3 11 4 4 5 4 4 5 11 11 4 4 3 5 2 7 9 7 7 8 4 10 7 7 7 1 2 9 6 4 5 10 7 7 7 7 7 7 7 7 8 4 4 10 10 7 7 8 2 1 9 5 10 7 7 7 10 2 2 9 5 7 11 9 5 3 5 7 7 11 4 0 6 10 2 2 3 7 11 11 5 3 5 7 11 4 4 4 11 5 4 0 7 1 2 9 8 9 11 5 4 4 4 4 5 4 3 4 10 10 8 2 0 9 7 7 8 11 4 5 10 10 7 8 2 11 2 3 10 7 7 7 6 6 8 7 7 10 10 7 7 8 2 7 11 11 2 2 4 3 7 11 2 9 4 5 3 3 11 11 4 4 1 5 2 7 11 4 4 4 5 11 5 0 6 4 10 10 8 6 8 4 4 10 10 2 6 8 4 11 5 10 7 7 6 7 8 7 10 10 2 2 10 2 9 6 9 8 8 11 4 4 5 10 10 7 8 7 8 1 4 1 1 9 5 4 3 4 4 11 4 11 4 4 5 0 2 9 5 3 10 10 2 8 9 7 8 1 11 4 4 4 11 3 3 5 5 7 7 7 7 7 7 7 7 7 7 10 7 8 7 10 7 10 7 8 8 11 2 4 10 6 4 10 2 2 9 8 7 7 11 11 2 2 11 3 7 11 5 3 5 7 7 11 11 3 5 5 7 7 11 11 4 4 5 2 0 9 8 7 11 11 5 5 10 10 2 2
ppo_q50_s3_b_fd_l4,71,qv18_73,18,151,True,753.25,7.224347352981567,5 7 11 5 7 8 9 4 4 9 5 5 7 7 11 1 9 5 5 7 11 9 5 5 10 2 7 6 7 11 11 1 3 5 5 10 7 7 8 11 11 4 4 5 5 7 10 2 9 7 7 8 11 11 5 5 7 7 11 11 1 5 5 10 2 9 7 11 4 5 5 7 7 11 11 5 5 7 7 11 1 2 11 9 8 8 9 4 10 8 8 9 4 10 8 8 11 4 5 10 10 7 7 8 2 4 10 2 9 9 8 4 4 4 5 10 7 7 7 7 8 11 2 7 7 7 7 7 7 6 7 7 11 11 2 1 5 10 2 9 9 5 3 5 7 7 11 1 2 9 9 8 1 5 4 3 4 4 7 4 7 4 4 4 4 4 4 11 4 4 4 10 0 8 1 2 9 8 4 10 9 8 8 11 4 4 5 10 8 4 10 10 8 1 2 6 9 4 10 6 7 8 7 7 8 11 2 9 4 10 8 7 8 4 10 10 8 2 1 9 5 3 11 11 4 2 3 4 4 4 5 0 10 6 7 7 7 8 4 10 7 10 7 7 8 2 10 8 11 3 4 5 7 11 11 4 4 4 2 5 11 2 4 11 4 3 4 5 7 11 3 7 11 5 1 2 9 8 10 6 7 7 7 7 7 0 6 7 7 8 4 10 8 4 10 7 7 10 2 2 9 10 8 8 9 11 2 2 1 9 9 8 7 8 11 4 4 4 4 4 5 9 10 2 2 9 9 8 7 8 1 4 11 5 4 4 3 11 11 2 5 10 8 6 11 11 2 5 7 1 9 9 5 5 7 1 1 9 3 5 7 11 11 2 5 0 4 1 9 9 8 8 6 4 10 7 10 7 7 7 7 7 7 7 7 8 2 4 10 10 8 2 4 10 6 8 4 4 0 9 10 7 8 8 11 2 1 9 9 4 4 5 5 10 7 8 10 9 8 8 11 1 5 11 11 4 4 4 5 2 4 0 9 3 4 3 5 7 7 11 11 1 2 8 11 4 4 5 3 10 10 2 2 7 6 9 4 5 10 10 2 2 9 5 9 3 5 10 10 7 8 4 2 4 10 2 10 6 4 10 8 6 7 7 8 1 11 4 0 2 6 4 10 9 8 7 8 1 9 9 5 4 4 5 4 10 7 2 11 3 11 4 4 4 4 4 4 5 2 4 10 10 2 2 9 8 9 8 4 4 3 10 10 2 7 7 8 11 2 3 4 10 10 8 2 9 4 5 10 10 7 7 7 7 8 8 10 10 8 8 4 9 4 5 0 10 10 6 7 8 8 11 2 11 4 10 8 2 6 11 11 2 2 3 9 11 4 4 5 5 10 7 8 4 4 4 11 11 1 5 4 4 4 4 3 3 4 5 0 7 0 10 6 7 7 7 0 8 4 10 2 6 6 6 11 11 4 5 2 7 1 9 4 5 7 11 4 4 11 4 3 4 5 2 10 2 6 9 10 2 6 8 4 4 10 10 7 8 7 8 7 10 7 8 10 10 7 2 8 4 10 2 10 2 6 6 11 11 5 2 7 11 9 5 5 4 3 11 4 4 4 4 4 4 5 10 2 7 11 3 7 11 4 4 4 1 5 0 2 9 8 1 9 9 5 0 8 11 2 9 9 6 2 6 8 4 4 4 10 10 7 7 7 8 4 0 7 9 7 7 8 4 5 10 7 7 7 7 8 10 10 2 7 7 8 7 11 2 11 3 3 7 11 4 4 1 4 3 5 2 10 7 7 8 11 2 9 4 10 8 7 8 1 3 7 11 2 1 3 9 11 5 1 3 4 5 10 7 7 8 11 11 4 5 4 5 0 7 10 2 9 3 7 11 5 5 9 5 7 11 11 5 7 1 2 3 3 4 10 10 2 7 8 11 2 4 10 6 7 7 10 7 7 7 8 2 4 10 9 8 7 8 4 10 10 8 8 4 10 9 8 7 7 7 8
ppo_q50_s3_b_fd_l4,72,qv18_74,18,147,True,730.75,2.330166816711426,5 5 9 7 11 5 5 9 7 11 5 5 10 7 2 11 9 4 5 5 10 7 8 11 11 4 5 5 10 7 8 1 1 9 9 3 4 5 7 8 10 2 9 4 11 4 4 5 7 8 7 11 11 4 5 5 7 7 7 11 1 11 5 5 0 0 9 8 4 3 10 10 6 8 8 4 11 4 5 10 10 2 8 11 5 10 7 10 8 7 7 7 7 7 7 7 8 10 2 6 7 11 11 2 2 9 5 11 3 4 5 7 6 7 11 11 1 4 5 5 3 10 7 7 8 11 11 2 2 4 0 9 8 9 4 10 8 8 4 10 2 7 7 7 0 6 6 11 11 3 5 2 9 4 5 7 11 4 11 4 5 5 7 7 1 1 11 2 6 11 9 8 6 8 11 4 1 5 7 11 4 4 4 4 3 4 10 2 0 8 11 2 9 5 10 9 8 7 7 6 7 8 4 10 2 10 7 7 7 9 8 7 8 4 10 7 11 5 2 7 11 4 1 4 3 7 11 5 5 10 7 8 11 11 4 2 5 4 11 4 3 4 5 9 5 10 10 0 2 2 7 9 9 8 8 7 10 7 7 7 6 7 7 7 7 7 8 4 4 10 10 2 2 9 8 11 5 7 6 7 11 11 1 4 5 7 1 2 9 9 4 5 5 11 4 4 3 4 4 4 4 4 5 7 7 0 9 10 8 1 2 9 8 7 9 7 7 7 7 0 10 7 8 4 5 10 10 8 2 11 4 3 5 7 11 4 3 7 11 5 4 1 4 4 5 7 11 4 11 4 2 5 3 10 10 7 7 8 1 2 9 6 7 10 8 8 1 9 4 5 10 10 8 8 10 7 7 7 7 6 8 4 4 4 10 10 2 0 2 9 7 8 9 11 5 5 0 10 2 9 8 6 11 11 5 2 9 4 5 7 11 4 4 9 5 4 5 4 4 0 10 0 8 4 10 0 7 7 8 9 11 4 5 5 7 11 3 7 11 5 5 7 10 8 11 4 4 3 4 4 4 11 4 4 2 5 7 7 11 11 5 2 9 7 8 4 4 10 10 7 2 6 8 4 10 6 4 10 2 8 4 10 6 10 0 2 8 11 2 3 10 6 7 7 10 8 7 8 4 10 10 8 1 2 9 8 6 11 11 2 3 5 7 11 5 7 11 11 4 2 5 10 2 9 7 8 6 11 4 4 9 5 5 7 11 11 4 4 1 2 3 5 10 7 8 11 11 4 4 4 5 2 10 2 9 10 8 6 7 7 7 8 11 2 3 9 5 10 10 8 7 7 7 7 7 7 7 7 7 8 7 7 11 2 11 11 5 1 2 9 6 11 5 2 3 9 4 5 10 7 7 7 8 10 8 11 4 11 4 4 4 4 4 2 3 5 4 4 4 4 11 11 4 4 2 5 7 11 2 4 11 2 9 4 10 7 8 6 8 4 4 10 10 2 6 8 6 11 11 2 2 1 9 5 7 11 9 5 4 5 10 7 11 5 5 4 4 4 4 4 4 4 4 4 4 4 4 4 4 4 4 4 4 4 4 4 4 4 11 11 1 5 2 3 3 10 7 7 8 4 10 8 1 4 11 11 5 5 3 11 4 11 5 4 4 1 1 4 4 5 4 4 4 3 10 8 11 9 5 4 5 7 7 10 7 7 7 7 7 7 7 8 7 10 10 8 2 11 4 4 11 4 5 3 5 10 10 2 7 2 11 5 3 7 11 11 5 3 5 10 7 7 8 11 11 2 2 9 4 5 3 10 10 7 7 7 6 7 8 7 7 7 7 7 0 8 9 10 7 2 7 8 4 4 10 10 7 8 2 4 10 9 8 8 7 11 2 6 11 11 2 2 11 3 7 11 5 4 4 4 3 11 5 5 7 7 6 11 11 2 4 5 7 7 11 11 2 5 3 10 10 2 2
ppo_q50_s3_b_fd_l4,73,qv18_75,18,151,True,720.25,7.2424376010894775,3 5 2 9 9 3 5 2 7 7 1 9 11 5 5 9 7 7 11 4 4 5 7 8 7 11 2 11 11 5 5 9 7 11 5 5 10 7 8 10 8 11 4 11 2 4 5 7 7 11 11 5 5 7 7 11 1 2 9 9 3 5 2 10 7 6 8 11 11 4 4 5 5 10 2 7 7 7 11 4 1 2 9 6 4 10 7 8 8 4 10 9 8 8 4 11 5 4 10 10 2 8 9 4 5 10 10 7 7 7 7 7 8 1 2 3 9 4 5 7 11 4 11 4 4 4 4 2 5 4 4 4 10 10 2 2 6 10 6 8 11 4 7 4 9 5 4 5 0 10 7 7 7 7 8 4 10 7 6 4 10 7 7 0 2 2 3 10 7 9 8 6 8 4 4 10 10 8 2 7 1 11 3 5 10 10 2 2 9 5 3 10 10 8 8 11 2 1 9 5 9 7 11 5 4 5 7 7 11 11 4 5 7 8 11 4 4 4 5 7 11 4 5 4 4 4 10 10 2 8 10 7 7 8 1 9 9 8 8 11 4 5 7 11 4 5 7 11 2 9 11 4 4 5 5 3 10 7 7 8 4 4 10 10 2 6 7 7 7 7 0 6 7 8 4 10 7 7 7 8 11 11 5 2 10 8 9 11 4 5 5 11 4 4 4 5 7 11 4 4 4 5 7 7 11 11 2 5 4 10 0 8 9 6 4 10 7 8 8 4 10 7 7 10 8 7 7 8 11 4 10 2 8 4 10 2 7 7 9 9 8 8 1 1 3 4 4 4 1 1 9 3 3 5 10 7 7 8 11 4 10 2 6 8 11 1 4 1 5 7 11 4 4 5 7 11 4 11 4 2 3 5 7 10 7 7 7 7 7 8 4 10 9 8 8 4 4 10 10 8 4 0 2 6 4 10 6 7 8 6 7 11 11 2 2 9 4 5 7 10 7 6 8 11 11 2 3 5 10 7 8 11 11 4 4 4 5 5 7 7 7 7 11 11 1 2 2 11 9 5 7 8 11 4 9 5 5 7 11 11 5 5 7 7 11 2 11 9 4 5 5 0 10 2 7 6 4 10 8 11 2 6 6 11 11 2 5 9 9 5 5 7 7 10 7 7 7 0 7 7 7 7 7 7 7 7 7 8 10 2 7 11 3 11 5 4 4 4 4 5 7 11 3 7 11 5 2 7 1 9 11 2 2 9 4 4 4 5 4 4 4 3 10 10 7 8 7 7 8 11 4 2 9 11 2 2 9 6 4 10 7 8 6 8 4 4 10 10 8 2 9 8 1 1 9 4 3 11 2 5 10 8 7 11 11 5 5 10 7 8 11 11 2 2 9 5 4 4 3 3 10 10 7 7 7 7 7 7 8 7 7 8 11 2 4 3 4 10 10 7 7 8 8 4 4 10 7 7 8 7 11 1 4 4 4 5 3 7 11 5 10 7 10 8 2 10 2 9 9 8 8 4 4 10 0 7 8 4 0 0 9 5 7 6 11 11 2 3 5 9 5 7 7 7 11 11 2 2 11 3 7 11 5 2 10 8 11 4 11 4 5 4 5 3 7 10 7 7 7 7 8 4 10 7 7 9 8 7 7 8 7 7 7 11 2 11 11 2 2 4 3 9 5 7 11 11 5 4 2 9 5 4 3 7 11 11 4 4 4 5 2 7 11 3 4 4 4 4 5 11 11 2 1 2 9 8 9 8 7 10 7 10 7 7 7 6 7 8 8 11 1 2 4 4 10 10 6 8 6 8 4 4 10 10 8 0 6 7 8 4 10 7 7 7 8 11 11 2 2 11 3 7 11 2 2 9 5 11 11 5 2 10 6 7 10 6 8 7 7 8 6 10 7 7 7 7 7 10 7 7 7 7 7 7 7 7 7 7 7 7 7 7 7 7 7 7 7 7 2 7 8 11 2 9 6 11 4 2 5
ppo_q50_s3_b_fd_l4,74,qv18_76,18,153,True,754.75,3.7619271278381348,5 5 9 9 5 5 7 11 9 5 5 10 7 8 11 11 4 5 5 10 7 8 11 11 4 5 5 7 7 11 2 11 3 7 11 2 5 7 11 4 4 4 4 9 5 5 7 11 1 2 1 9 9 8 8 11 2 9 7 6 10 8 8 4 4 10 7 11 5 2 9 10 7 8 8 11 4 5 10 10 7 8 4 5 10 2 9 10 7 7 8 8 4 4 10 0 2 7 6 6 11 11 4 4 4 5 7 2 11 3 7 11 4 4 4 5 2 7 1 4 3 9 11 5 7 7 7 8 11 4 5 10 10 7 8 7 8 4 10 8 1 4 3 11 4 4 5 4 4 10 10 2 0 2 3 9 7 8 11 4 5 10 10 7 8 7 7 8 11 4 5 10 10 7 8 8 11 2 4 3 9 10 0 8 2 9 4 5 10 10 6 7 7 8 7 7 8 4 7 7 11 2 4 10 9 8 1 7 7 1 2 3 7 11 3 4 5 9 7 11 4 5 5 7 7 1 11 2 1 9 9 8 8 11 2 4 4 4 3 4 4 11 4 4 5 4 4 4 10 10 2 8 4 10 10 2 6 8 9 8 4 4 10 10 6 8 7 7 7 7 8 1 1 4 4 1 11 4 4 3 4 5 3 9 5 10 10 7 7 7 8 2 4 10 10 8 8 4 10 6 4 10 7 7 8 8 4 10 10 7 8 7 8 11 4 4 5 0 10 10 8 8 1 9 8 11 11 3 5 5 10 7 7 8 11 11 4 5 5 7 7 7 11 11 4 4 1 5 2 10 2 9 9 3 5 7 7 8 11 4 4 5 0 10 0 2 9 9 8 8 1 11 4 4 4 4 4 5 7 11 9 3 4 4 4 4 4 5 4 4 4 4 4 4 4 4 4 4 4 4 4 4 4 4 4 4 4 4 4 4 4 4 4 4 4 4 4 5 10 2 9 7 7 11 2 2 1 9 3 7 11 2 4 3 5 4 11 3 4 4 4 4 4 4 5 11 1 11 2 4 5 9 7 7 7 8 11 5 4 4 3 10 10 7 7 8 8 4 10 10 7 8 8 11 2 9 4 10 8 8 4 4 7 10 7 7 10 7 8 7 7 8 1 4 11 11 2 5 7 6 11 11 3 5 5 7 7 11 2 9 11 4 1 5 2 10 7 6 4 10 7 8 7 7 7 7 0 7 7 7 8 10 2 3 7 11 11 5 4 5 10 2 9 3 7 11 5 5 7 7 11 11 3 5 4 1 2 9 9 5 7 8 11 4 5 10 10 8 2 9 11 4 4 4 5 4 0 2 0 9 6 8 4 10 7 7 10 7 7 8 2 4 10 7 8 6 10 8 11 4 11 4 2 5 3 11 4 4 4 3 4 4 4 4 4 5 11 1 1 2 3 3 10 10 8 2 9 8 11 4 5 10 10 7 8 2 11 5 10 7 10 2 6 6 8 7 7 10 2 9 9 5 7 8 11 1 2 9 5 4 4 10 10 7 7 7 7 0 8 7 7 2 10 6 7 7 8 10 2 9 3 11 3 5 4 5 1 9 8 11 11 1 2 3 4 5 10 8 7 11 11 5 2 4 11 3 5 11 11 4 4 5 5 7 11 2 3 3 10 10 7 7 8 2 4 10 8 7 7 10 0 2 3 3 10 10 8 6 7 8 4 4 4 10 10 2 0 7 8 4 0 9 6 8 11 4 3 5 7 7 11 11 2 2 9 5 7 6 11 4 5 7 7 11 11 4 2 4 5 7 7 11 11 5 4 5 9 11 5 4 7 4 7 4 7 4 7 4 7 4 7 4 7 4 7 4 7 7 1 1 2 9 5 9 10 8 1 2 3 9 7 8 9 7 8 4 10 10 8 0 8 4 0 6 7 7 7 9 7 8 10 2 6 10 10 7 7 8 2 11 1 2 9 8 6 11 11 4 4 4 4 5 0 2 3 7 11 11 5 2 3 7 11 3 4 4 5 10 2 7 11 9 5 5 7 11 11 4 4 5 1 4 3 5 10 10 2 2 10 7 10 7 7 7 7 7 6 8 7 8
ppo_q50_s3_b_fd_l4,75,qv18_77,18,150,True,748.75,2.539802074432373,5 5 7 11 9 5 5 7 11 9 5 5 7 11 9 5 5 7 7 11 11 4 4 5 5 7 7 11 2 11 4 9 4 5 5 7 7 11 11 5 5 11 1 2 9 8 6 10 10 8 2 4 9 10 7 8 8 11 1 5 7 11 4 4 4 1 2 9 6 8 4 4 10 10 2 7 7 8 4 0 6 4 10 6 4 10 7 7 8 8 1 9 4 5 10 10 8 8 4 4 10 10 8 8 4 4 10 10 7 8 2 11 2 9 11 5 4 4 5 10 2 3 7 6 11 11 4 3 5 0 2 7 9 9 8 7 7 8 11 4 4 1 1 4 5 7 11 4 4 3 10 2 8 4 0 6 6 9 8 11 2 11 4 9 5 4 5 10 2 3 10 7 0 10 7 8 7 8 4 10 6 8 11 4 10 2 2 7 9 9 7 7 7 8 7 8 1 1 11 2 9 6 9 4 5 4 5 10 2 7 7 9 11 1 4 4 4 4 2 5 11 2 9 4 5 4 4 3 4 3 11 4 10 2 2 9 8 4 10 10 8 0 2 9 6 4 10 8 2 10 6 6 7 7 8 11 4 4 10 7 2 2 7 7 9 7 8 4 10 7 10 2 8 11 2 9 3 7 11 4 4 5 4 3 5 10 7 8 11 11 2 2 9 3 4 11 4 5 2 11 4 4 11 2 2 3 3 3 10 10 2 7 8 11 4 5 10 10 7 6 8 8 10 10 7 7 7 7 7 7 7 8 7 7 8 11 2 4 4 1 3 11 4 5 7 11 11 5 2 9 10 7 7 8 1 2 9 5 7 9 4 10 8 8 7 11 1 4 4 3 4 9 5 4 5 11 1 2 9 11 4 4 4 5 0 2 9 5 10 6 9 7 7 7 8 4 4 4 5 4 10 2 10 6 7 10 7 7 8 7 8 10 7 10 8 8 4 4 10 10 7 7 8 8 1 11 5 7 11 4 4 4 5 10 2 3 10 8 4 10 7 9 8 7 8 4 10 8 7 7 11 1 11 2 2 9 8 11 9 5 5 1 3 4 4 9 4 5 7 11 11 4 4 4 5 7 7 2 11 4 4 5 1 9 8 11 5 10 6 10 8 2 10 6 10 7 8 2 4 9 10 8 8 4 10 8 4 10 7 7 7 10 7 2 7 8 1 4 4 4 3 4 4 4 4 4 3 4 10 10 2 0 6 8 11 4 10 2 2 9 6 8 7 1 11 11 5 3 5 10 7 7 8 4 11 11 2 2 9 3 9 5 4 4 5 7 11 11 5 2 7 11 2 11 4 9 5 5 0 10 8 11 3 7 11 2 2 9 9 6 8 7 7 8 11 4 5 4 10 10 2 6 7 8 10 8 0 9 7 7 8 10 7 7 10 7 7 7 8 8 11 4 5 4 10 2 10 2 7 6 11 11 4 2 4 5 7 11 4 5 10 2 6 9 4 10 8 8 1 4 3 4 4 4 11 4 4 5 11 4 1 5 11 5 3 10 10 7 7 8 8 7 10 10 6 8 7 7 8 10 2 10 2 7 6 6 11 11 4 4 5 2 4 3 4 4 10 8 7 7 11 11 4 5 4 5 7 7 10 7 8 11 11 4 1 2 8 9 4 4 4 5 9 11 4 2 0 2 3 11 3 5 7 11 4 11 5 0 2 9 5 10 7 6 6 7 8 10 8 0 7 7 9 7 7 8 4 10 7 7 10 2 8 4 10 2 6 4 10 7 7 6 7 11 2 2 1 9 8 11 4 4 4 5 7 11 4 4 3 7 11 4 2 3 4 4 3 5 7 11 11 4 2 1 2 11 4 4 3 5 10 10 7 7 8 8 11 2 4 10 9 8 8 7 7 10 10 7 7 7 7 8 7 7 6 7 8 11 2 9 9 8 7 8 7 11 11 5 4 5
ppo_q50_s3_b_fd_l4,76,qv18_78,18,146,True,735.5,6.385571002960205,7 4 7 4 5 5 9 9 5 5 7 7 11 11 5 5 10 0 8 4 10 9 8 1 2 9 8 11 9 4 5 5 10 7 8 11 11 4 5 5 7 7 1 11 9 5 5 9 7 11 5 5 7 10 8 7 11 11 2 5 7 11 11 5 5 7 11 9 5 5 7 7 11 11 4 5 7 8 11 2 11 1 2 9 9 8 8 4 0 9 6 4 10 8 2 7 7 10 7 9 8 4 0 7 8 9 7 8 4 0 7 6 7 7 7 7 7 7 11 11 2 2 11 11 5 2 4 11 9 3 4 5 4 3 5 7 10 7 7 8 11 11 4 4 4 4 5 2 4 4 11 5 3 4 10 0 0 2 3 10 6 4 10 8 4 0 8 11 2 9 3 10 8 7 8 10 2 7 10 7 6 10 7 8 7 1 2 9 4 5 9 7 11 4 4 2 3 5 7 7 11 11 5 5 11 4 11 2 2 9 4 5 9 10 8 4 4 3 5 10 7 7 7 8 4 10 7 11 5 2 11 4 11 5 5 0 10 2 9 8 4 3 10 10 7 7 7 2 6 6 7 7 7 7 7 8 11 4 4 5 4 10 10 7 7 7 7 7 8 7 8 11 4 1 1 5 7 11 5 7 11 11 5 2 9 5 10 10 7 7 6 7 8 8 9 4 4 5 10 10 7 8 8 1 1 4 3 9 5 0 10 0 2 9 3 7 11 4 5 4 4 3 4 4 4 4 4 4 4 5 7 7 7 7 11 2 11 11 2 4 5 0 9 9 5 5 7 11 2 3 3 10 7 7 10 7 7 7 7 0 8 7 7 7 7 7 7 8 4 11 2 4 10 6 10 7 7 6 8 2 1 9 4 5 7 7 11 4 5 7 11 4 11 2 3 3 4 4 4 4 5 10 2 9 7 11 4 5 0 8 4 10 8 7 7 7 7 11 11 4 5 2 11 4 4 4 3 4 5 3 10 10 7 7 8 8 4 10 8 7 0 7 7 7 9 7 8 4 4 10 10 2 2 9 7 8 10 9 8 8 1 11 4 1 2 9 6 8 11 11 5 2 7 11 4 4 4 4 3 4 5 7 11 11 2 5 1 9 8 11 4 4 4 4 11 5 2 9 7 8 4 4 10 10 2 6 8 10 10 6 7 2 6 8 4 4 10 10 6 7 8 2 4 9 10 8 7 7 7 7 7 8 11 4 5 7 1 4 4 4 1 9 5 11 2 4 4 4 4 11 4 3 4 4 5 3 11 11 4 4 4 4 4 4 4 4 4 4 4 4 4 4 4 4 4 4 4 4 4 4 4 4 1 1 4 5 5 10 7 2 10 7 8 9 11 5 5 7 11 11 3 3 5 5 10 2 0 9 9 5 5 7 7 11 2 11 3 7 11 4 5 4 5 11 4 4 1 2 3 7 11 4 4 4 10 2 7 8 11 2 9 4 10 6 8 7 8 4 10 6 7 7 7 10 8 7 7 8 7 7 11 2 9 11 4 5 2 4 11 4 11 4 5 1 3 5 10 7 8 10 10 2 2 3 10 7 7 7 7 7 10 8 6 6 8 4 4 11 4 5 10 10 7 7 7 0 8 2 11 2 4 4 4 4 4 4 11 3 9 4 5 4 4 5 4 10 2 9 9 7 8 8 11 2 11 11 3 4 5 4 1 3 5 4 11 4 5 10 7 11 5 2 3 10 10 7 8 2 7 1 9 4 5 10 7 11 5 4 5 9 11 4 4 4 4 4 4 4 4 4 4 4 4 4 4 4 4 4 4 4 4 4 1 2 2 9 11 5 5 7 11 2 4 4 3 9 4 5 7 11 3 11 5 2 7 11 2 11 3 5 4 11 11 4 4 5 4 4 4 5 9 7 8 11 11 1 5 4 0 2 9 7 8 11 11 5 5 11 4 4 4 4 4 4 4 4 4 11 4 4 4 4 4 4 4 4 4 4 3 5 4 5 4 11 2 11 4 4 11 2 3 5 10 7 8 4 4 3 10 10 7 7 8 7 8 10 2 7 7 11 11 2 3 4 5 7 11 11 5 4 4 4 5 11 11 5 2
ppo_q50_s3_b_fd_l4,77,qv18_79,18,151,True,761.25,2.867401123046875,5 5 9 9 5 5 7 7 11 9 4 5 5 7 10 7 8 11 11 4 4 4 5 7 8 11 11 5 5 10 7 8 11 11 4 5 5 7 7 11 11 5 5 10 0 8 9 4 10 8 8 11 4 5 10 10 2 2 9 7 7 9 8 7 7 8 11 2 11 3 11 4 4 4 4 4 4 5 5 7 7 11 11 5 5 7 7 11 2 11 1 2 9 8 4 10 6 4 10 8 8 9 11 2 2 9 4 10 6 8 8 4 10 8 4 4 4 4 10 10 8 0 6 7 8 4 10 7 2 6 4 10 10 7 7 8 7 7 1 2 3 7 11 11 5 0 2 6 11 9 5 4 4 4 3 5 7 7 11 11 4 4 2 5 10 7 8 11 2 4 10 6 6 7 8 11 4 11 2 2 4 10 2 6 6 9 8 1 11 11 4 4 5 4 5 7 7 7 11 2 11 11 5 5 7 11 4 5 10 2 3 10 6 4 10 2 6 7 7 7 6 8 11 4 10 2 7 6 7 7 7 7 8 4 0 10 2 9 9 8 7 8 1 9 4 4 4 5 0 6 7 11 4 10 8 7 8 7 11 11 2 5 7 1 11 2 9 6 11 4 5 5 7 11 4 4 4 1 5 7 11 9 5 4 5 4 0 10 2 6 10 9 8 7 8 11 2 4 4 10 7 7 7 7 7 7 7 9 5 4 5 10 10 7 7 8 1 2 9 5 10 6 7 8 7 11 2 11 4 11 2 3 4 4 3 4 5 9 5 7 7 11 11 4 4 4 1 2 5 7 11 9 5 4 5 0 9 5 10 10 7 8 8 9 4 10 7 2 6 7 8 4 10 7 7 7 11 5 4 4 5 10 7 7 0 7 8 10 0 2 9 9 5 5 10 2 7 11 3 11 4 5 5 7 11 4 9 5 4 5 4 11 4 4 4 5 0 7 7 0 9 8 11 3 5 0 9 10 8 8 10 7 0 7 7 7 7 8 4 10 10 8 8 4 4 10 10 2 8 11 2 4 3 4 3 4 11 5 9 7 11 5 5 7 10 8 11 4 11 4 5 1 4 5 7 7 11 1 2 9 9 5 5 9 5 7 10 7 7 8 7 10 10 7 7 2 7 8 11 4 4 4 4 4 5 9 11 2 2 9 3 11 5 2 7 7 10 8 4 10 10 8 7 8 4 10 7 7 6 7 10 7 0 7 7 6 8 4 4 5 10 2 7 7 1 9 4 3 5 7 7 11 11 4 2 3 4 5 4 10 0 7 0 8 4 10 6 8 9 7 8 11 11 1 4 4 3 4 5 2 7 11 4 4 4 4 4 1 2 4 9 5 3 10 2 0 9 7 7 7 8 4 10 6 4 10 2 7 8 11 2 9 3 10 2 6 8 7 9 10 8 7 1 2 11 5 10 6 11 2 2 9 6 4 5 10 10 8 8 4 4 10 7 8 4 4 10 10 2 8 1 3 9 9 7 8 4 4 4 5 7 11 2 4 4 4 11 11 2 3 5 7 7 11 11 4 5 5 9 7 4 7 4 7 4 5 10 7 7 11 2 2 11 9 4 5 4 5 10 2 9 9 5 0 8 4 0 0 7 9 7 9 8 7 7 7 7 7 8 4 10 2 7 6 6 11 11 4 5 2 10 7 8 7 7 7 7 11 11 2 2 3 4 11 4 9 4 4 3 4 4 5 4 4 4 4 4 5 11 4 2 4 10 10 7 7 8 8 4 4 10 0 9 8 8 7 7 1 11 2 11 4 9 4 5 7 8 11 11 4 5 2 9 7 7 8 4 10 7 10 7 6 8 6 8 4 10 10 2 7 8 1 9 3 10 7 7 8 2 7 10 7 7 0 2 7 11 9 5 5 7 7 11 11 5 5 3 7 11 11 5 5 10 2 7 11 3 4 4 5 11 11 4 5 2 9 3 5 10 0 10 7 7 7 7 8 2 4 10 9 8 7 8
ppo_q50_s3_b_fd_l4,78,qv18_8,18,151,True,756.75,7.1951892375946045,5 5 9 9 5 5 7 11 9 5 5 7 7 11 2 11 6 11 5 5 10 2 7 11 4 6 11 5 5 7 7 1 11 9 5 5 7 7 11 11 4 4 5 5 7 7 11 11 4 4 8 8 11 1 2 1 9 9 8 8 9 11 4 2 2 10 9 6 7 8 4 5 4 10 2 10 10 6 8 8 11 2 4 4 0 10 2 9 9 8 8 4 4 10 7 7 7 8 4 10 6 11 2 2 7 6 4 9 10 7 8 8 7 1 11 1 2 3 7 11 3 5 7 9 10 8 8 11 4 5 7 7 11 11 1 4 5 5 11 3 5 7 7 11 4 5 0 0 7 7 7 7 11 11 5 2 9 3 10 7 7 8 6 8 4 4 10 7 7 8 4 4 4 10 7 10 2 2 9 8 4 10 6 7 7 7 11 2 1 2 3 11 2 9 9 8 7 8 11 2 11 11 5 4 5 0 9 7 7 8 11 11 4 5 4 5 11 3 11 3 4 5 4 4 5 0 9 8 7 7 11 4 4 10 2 8 4 10 2 9 9 8 8 7 11 1 2 11 9 4 3 5 5 7 7 7 11 2 4 0 9 9 8 8 7 7 7 7 7 11 5 7 7 7 10 7 10 7 7 7 7 7 8 2 7 11 11 2 5 10 2 9 3 7 11 4 5 4 4 4 4 5 9 7 11 5 4 1 2 4 4 4 11 2 4 10 9 3 5 7 7 8 4 4 4 10 2 10 10 2 6 6 6 8 4 4 4 10 10 2 2 10 6 7 7 7 7 7 7 7 8 1 11 2 9 4 3 10 7 7 8 7 6 8 11 4 5 7 7 11 11 2 2 11 5 3 10 10 8 2 4 10 2 9 9 8 1 5 10 2 3 3 7 7 11 11 3 4 4 5 5 1 11 5 10 9 8 8 11 2 11 4 4 4 11 5 0 2 9 8 11 3 7 11 4 5 2 10 8 9 4 10 7 7 8 2 6 4 10 8 7 7 10 10 8 6 7 7 7 7 7 8 11 4 4 4 4 2 1 11 4 4 3 5 10 7 8 9 10 8 8 11 1 2 4 11 11 2 5 9 9 5 4 5 10 7 7 7 8 11 4 11 4 5 2 4 10 7 7 7 9 7 7 8 8 4 4 10 10 7 8 7 8 4 10 4 4 4 4 4 4 4 4 4 4 4 4 5 7 11 2 4 3 3 11 4 4 11 4 4 4 4 4 4 4 4 4 4 4 4 4 4 4 4 4 4 4 4 4 4 4 4 4 4 4 5 5 10 2 9 10 2 2 10 2 3 9 3 7 11 5 5 10 2 9 7 11 4 8 4 4 5 10 7 7 8 4 10 8 7 11 11 4 4 5 5 7 11 1 4 4 5 4 4 4 1 11 4 4 3 4 4 5 10 7 10 7 8 8 11 11 7 8 8 4 4 10 10 2 2 9 8 7 10 7 10 7 8 8 6 11 4 4 5 10 7 7 7 7 7 6 8 11 11 4 4 2 5 10 7 11 2 2 9 8 11 3 4 4 4 4 5 7 11 3 7 11 2 2 3 9 4 5 7 7 7 11 11 2 2 1 3 4 11 9 5 0 2 9 5 9 10 7 8 0 8 9 6 7 8 4 4 11 4 5 10 10 2 2 7 9 6 10 2 8 4 10 6 4 10 8 7 7 2 10 7 7 7 8 1 4 11 2 4 4 4 4 4 3 9 5 0 10 10 7 7 6 8 7 8 11 5 7 11 1 2 4 4 10 10 6 8 7 8 6 7 7 7 7 7 7 7 7 7 7 10 10 7 7 7 7 7 7 7 7 7 7 7 7 7 2 7 8 10 2 9 9 5 7 7 8 11 2 11 4 4 4 4 4 4 4 4 4 4 4 4 4 4 4 4 3 5 11 11 4 4 4 4 4 4 4 4 4 4 5 1 2 9 4 4 9 5 4 5 7 7 7 11 11 4 4 4 5 1 2 9 3 5 10 10 7 7 2 8 9 8 1 11 11 3 4 4 4 4 4 5 2 1 9 8 11 9 5 7 6 7 8 11 4 4 4 5 10 10 0 7 8 7 8 4 4 10 10 7 7 0 7 7 8 7 7 7 6 7 8 10 10 2 2
ppo_q50_s3_b_fd_l4,79,qv18_80,18,153,True,777.75,7.323050260543823,3 5 2 9 9 5 5 7 7 11 11 5 5 7 7 11 11 5 5 7 10 8 11 4 11 5 5 9 7 11 4 5 7 8 11 2 1 9 9 5 5 10 7 8 11 1 9 4 4 4 5 5 4 0 10 7 11 5 0 2 9 3 5 10 10 6 8 8 4 4 10 0 8 9 11 2 2 9 9 5 5 0 0 9 9 7 8 8 4 4 10 10 7 7 7 8 4 4 0 2 3 10 10 7 8 1 2 9 3 5 10 10 7 8 2 4 10 7 8 11 2 6 11 9 5 3 5 7 7 11 11 4 4 4 5 5 10 7 2 11 3 4 5 7 7 7 11 4 11 2 5 7 11 4 4 4 5 10 10 8 1 2 3 9 5 10 10 7 7 6 7 7 7 7 7 8 4 0 7 7 7 0 2 6 11 4 4 3 7 11 3 5 7 7 7 8 11 4 11 4 5 5 10 7 7 8 11 1 1 4 4 5 4 11 4 4 5 4 3 10 7 10 6 8 8 11 2 11 4 4 5 10 7 10 7 8 8 4 10 10 2 6 6 8 11 2 11 4 10 2 2 9 5 10 9 7 8 8 11 4 4 3 5 10 10 8 7 8 11 4 4 5 10 10 0 7 7 8 1 2 9 9 5 4 4 4 4 4 5 11 2 4 3 4 3 4 4 4 10 10 7 0 2 2 3 10 6 10 2 6 8 4 10 10 8 1 2 6 4 10 7 8 7 6 4 10 10 7 8 8 11 1 2 9 5 9 10 6 8 8 4 1 11 4 4 4 5 11 5 4 4 4 1 4 11 4 3 5 10 7 8 11 11 2 2 3 9 5 10 10 7 7 8 2 4 10 2 9 6 4 10 8 7 8 11 2 3 4 10 7 7 6 10 8 2 10 7 7 7 9 8 8 1 4 10 2 3 7 11 3 4 4 5 11 5 4 10 10 7 2 2 10 8 1 9 9 5 7 6 8 11 1 4 4 4 4 4 1 3 4 4 5 7 11 4 4 4 4 10 2 8 1 9 5 10 9 8 8 4 4 10 0 6 4 10 7 8 7 7 7 8 11 2 4 11 2 3 9 10 6 7 8 4 5 10 7 8 4 10 7 8 7 11 4 10 7 8 8 4 0 9 10 8 8 7 1 1 11 2 3 4 4 4 9 4 5 4 11 4 11 4 4 4 5 7 1 2 9 5 3 10 10 8 2 4 10 6 7 7 8 4 10 9 8 1 2 9 5 10 6 7 7 10 7 8 7 7 7 8 11 1 5 1 9 4 5 7 7 11 11 2 2 9 8 9 11 4 3 5 2 7 11 1 2 6 11 3 4 11 4 4 5 2 7 1 4 9 3 10 8 8 4 4 10 10 8 7 2 9 7 8 10 7 7 7 6 8 1 11 11 5 2 7 6 11 4 4 4 4 5 0 10 7 7 7 6 8 4 4 10 10 7 6 8 2 1 11 2 3 10 9 5 5 10 10 4 4 4 4 3 5 2 4 3 11 4 5 7 7 11 11 5 2 7 11 2 3 10 9 8 8 11 4 5 4 4 11 4 4 4 4 4 4 1 4 4 4 4 4 4 4 4 4 11 4 4 4 4 4 4 4 4 4 4 5 4 5 10 8 9 11 5 5 7 7 11 4 4 0 0 2 9 9 8 8 9 11 4 2 5 9 7 11 5 5 10 7 7 7 8 4 11 4 4 4 4 4 4 5 10 8 11 4 11 4 1 5 2 1 9 9 5 7 8 4 10 7 8 4 4 10 10 7 7 7 7 7 8 8 4 10 2 0 9 9 8 4 5 7 11 4 4 5 4 4 4 11 3 7 11 2 2 6 11 3 7 11 5 4 5 7 7 11 11 2 5 4 4 10 2 10 10 7 8 2 9 7 8 4 4 10 10 6 8 8 4 10 6 7 10 7 8 7 7 8 11 2 6 11 11 5 2 4 4 10 2 10 10 2 6 8 11 11 4 4 5 4 5 11 4 11 4 4 4 4 5 4 4 3 4 4 4 4 4 4 4 4 4 5 0 10 2 9 9 5 5
ppo_q50_s3_b_fd_l4,80,qv18_81,18,154,True,770.75,7.33980917930603,5 5 7 11 9 5 5 9 7 11 5 5 10 2 7 11 9 3 5 5 10 2 10 7 8 11 11 4 4 5 5 9 7 11 4 5 7 8 11 2 9 11 4 4 5 5 7 7 11 11 5 5 0 10 8 11 2 3 10 7 7 9 8 8 11 4 5 10 10 8 4 0 8 7 7 10 7 7 7 7 7 0 2 9 9 8 1 5 10 2 3 7 6 11 11 5 4 4 4 4 4 5 3 10 10 7 8 2 1 9 8 6 11 11 2 5 7 11 3 4 4 5 7 7 11 11 4 4 4 2 5 3 4 10 10 0 8 2 1 9 9 8 4 0 7 8 4 10 2 9 8 6 11 11 3 5 4 5 0 7 10 2 7 11 9 8 8 11 11 4 5 5 9 7 11 4 5 2 4 10 2 10 9 8 6 7 8 4 4 10 10 7 7 7 8 0 8 9 4 5 10 10 7 8 7 8 7 11 4 10 8 7 8 7 11 11 5 2 10 8 1 4 11 3 7 11 5 4 5 10 7 2 7 11 11 5 2 9 5 7 7 11 11 5 4 4 3 4 5 7 11 4 4 4 5 7 7 7 11 11 1 2 5 9 7 8 4 10 8 4 10 6 4 10 6 8 8 4 10 0 2 3 10 6 10 7 7 7 2 8 1 7 7 7 6 11 4 4 9 5 7 8 11 1 5 7 11 3 4 5 7 11 11 2 2 9 3 5 10 10 7 7 0 0 2 6 8 11 4 10 6 6 7 7 8 7 8 4 10 2 10 2 10 2 3 7 11 3 7 11 5 5 11 2 9 9 5 5 10 7 8 7 1 11 1 2 9 3 11 2 4 3 5 10 7 7 7 7 7 6 8 11 11 5 2 10 8 7 10 8 11 4 3 11 5 2 11 3 11 4 4 5 7 8 11 2 11 4 4 3 4 11 1 2 3 3 5 7 0 9 7 8 4 4 10 10 7 2 2 7 7 9 8 11 1 4 4 4 3 10 2 2 9 5 3 10 10 2 7 7 8 1 9 8 4 10 6 4 10 8 7 7 6 7 8 4 10 10 2 2 7 10 7 7 7 7 8 0 9 9 5 4 4 5 7 11 4 4 9 5 5 7 7 11 1 2 4 3 11 11 3 5 4 4 4 4 5 7 11 2 9 5 4 4 4 10 10 7 7 8 8 11 2 11 11 2 5 10 8 9 4 10 7 8 8 7 10 7 10 8 4 4 4 5 7 7 11 2 1 9 9 5 7 8 11 4 1 4 3 4 5 3 10 10 7 7 7 7 7 8 7 8 4 10 10 7 7 8 8 4 4 4 10 2 10 10 6 8 2 9 10 8 8 11 1 5 7 1 11 4 4 3 9 5 5 7 7 11 4 4 5 4 1 11 4 11 4 5 2 0 9 9 7 7 8 8 4 4 10 10 8 7 7 8 10 2 9 9 8 7 8 11 4 4 5 0 10 10 7 0 6 8 6 8 4 4 4 4 4 4 4 4 4 11 4 5 11 4 4 4 11 4 4 4 2 5 10 2 9 9 8 4 5 7 11 2 4 9 4 10 0 2 2 9 7 7 6 6 8 4 4 10 10 7 7 7 7 7 0 8 2 4 10 6 11 5 5 0 0 6 9 4 10 2 6 7 7 8 7 7 11 2 11 11 2 5 9 4 4 5 7 11 4 3 11 4 4 8 1 2 9 9 5 4 4 4 4 4 4 5 0 7 10 2 3 3 10 10 7 7 7 8 2 10 8 4 10 6 8 4 10 10 2 8 7 10 2 9 9 5 7 8 7 11 2 1 11 3 11 3 4 4 3 2 3 4 5 7 7 11 11 2 3 4 4 4 4 5 4 4 10 2 0 0 6 7 6 10 7 8 11 11 5 4 5 7 11 11 2 3 5 3 11 11 4 2 4 4 4 4 4 4 4 4 4 4 4 4 4 4 4 2 4 4 4 4 4 4 11 11 2 4 5 3 10 7 7 8 6 11 11 2 2 11 11 5 4 4 5 9 10 8 8 11 11 4 4 4 4 4 5 4 4 4 5
ppo_q50_s3_b_fd_l4,81,qv18_82,18,153,True,766.25,7.352010011672974,5 5 7 9 9 4 5 5 10 2 7 11 3 7 11 5 5 9 7 7 11 2 2 11 9 5 5 10 7 7 8 11 2 4 11 3 7 11 4 4 5 5 7 7 11 2 11 9 5 5 7 7 11 1 2 9 8 9 11 5 5 7 7 11 11 5 5 0 0 9 8 9 4 10 8 7 8 4 10 7 6 4 10 8 8 11 2 11 5 9 10 7 8 4 0 7 7 7 7 7 7 7 1 2 4 9 3 3 5 7 7 7 11 11 4 4 4 4 4 4 4 5 4 11 2 5 3 10 10 8 2 7 0 9 6 8 4 4 10 10 7 7 7 2 7 0 2 9 5 7 11 9 5 0 2 9 5 10 6 4 10 7 6 7 8 4 5 4 10 2 10 2 0 9 7 11 5 5 7 11 2 9 3 7 11 5 2 7 11 4 9 4 5 5 7 11 3 5 7 7 11 11 4 2 5 7 11 5 7 11 2 11 9 5 2 0 7 9 6 8 7 6 4 10 7 8 4 10 2 10 7 7 6 4 10 2 2 6 4 10 7 7 8 7 11 1 11 2 5 9 9 5 4 5 10 7 7 7 8 11 11 4 5 5 7 7 11 11 2 3 5 7 7 11 11 4 5 2 9 7 11 5 5 9 7 11 2 4 4 5 10 7 11 4 4 5 5 7 7 11 1 2 9 9 8 7 7 8 7 10 2 3 10 6 10 7 8 2 11 5 0 7 7 7 7 7 10 8 6 9 4 10 8 8 1 11 4 1 2 6 11 4 9 3 5 5 10 7 7 11 4 4 4 2 3 5 7 11 4 11 2 4 5 7 1 11 4 2 9 9 8 4 5 0 9 7 8 7 7 7 7 7 10 7 8 7 11 11 2 5 10 2 6 9 8 11 11 2 2 9 9 5 4 3 5 7 7 11 11 4 5 5 11 11 2 5 0 9 8 7 7 10 6 7 7 7 0 8 4 10 7 7 7 9 8 8 1 11 2 9 7 3 7 11 5 7 7 7 8 11 4 4 4 5 7 11 4 4 4 4 4 4 4 10 2 8 4 4 4 11 2 3 4 10 10 7 6 7 7 7 8 8 1 11 5 9 10 7 7 7 7 8 4 0 2 9 5 10 10 7 7 8 8 11 1 2 9 9 8 8 11 4 5 7 7 11 11 2 3 5 7 7 11 11 5 3 5 7 7 7 11 11 4 2 5 7 7 11 11 5 4 4 5 10 2 3 10 10 2 8 11 2 9 9 5 7 7 7 8 11 2 11 3 11 4 4 5 4 4 5 7 7 7 10 7 8 11 11 2 5 0 9 6 8 11 7 7 10 7 8 7 8 4 10 7 7 7 7 2 7 6 9 7 11 2 4 5 10 7 8 11 11 4 5 7 1 4 3 5 10 10 2 2 9 5 7 11 9 5 4 4 4 4 5 10 9 8 7 7 8 4 10 2 10 7 7 7 6 7 8 11 4 11 5 5 4 4 4 4 4 10 8 11 5 7 11 11 4 5 5 7 11 11 5 4 5 11 2 4 10 2 6 10 7 10 7 2 7 7 6 8 4 4 10 2 0 7 6 9 7 8 1 4 11 3 7 11 5 2 4 11 4 4 4 3 7 11 2 2 3 11 5 10 2 3 10 9 8 7 8 4 10 6 7 8 11 4 4 10 7 7 8 8 4 4 10 2 10 2 0 9 7 8 7 6 7 10 10 7 8 2 11 3 5 7 7 11 11 4 2 2 9 9 5 4 5 7 9 11 4 4 5 4 5 10 8 7 11 11 2 3 5 7 7 11 11 4 4 5 0 7 8 11 5 4 11 2 4 3 10 10 7 2 8 9 4 5 10 10 2 2 10 9 8 6 7 6 7 8 11 4 4 5 10 10 8 8 4 10 10 8 7 7 2 4 0 9 7 7 7 7 8 11 2 9 9 5 7 8 11 7 7 11 4 1 4 4 5 5
ppo_q50_s3_b_fd_l4,82,qv18_83,18,153,True,750.5,4.386483669281006,3 5 2 9 9 5 5 7 7 11 2 11 9 5 5 7 7 11 9 4 5 5 7 7 7 11 11 4 5 5 10 2 7 9 7 8 11 11 1 4 5 5 10 7 8 11 2 6 6 11 11 4 4 5 5 10 7 8 11 11 4 5 5 7 7 11 11 5 5 7 7 11 1 1 2 9 6 8 4 4 10 10 8 8 11 2 4 10 7 9 7 8 4 5 9 5 10 0 10 7 8 1 2 3 10 8 4 10 10 2 6 7 7 7 8 1 9 3 4 4 4 4 4 5 10 2 9 3 7 11 4 4 5 5 7 7 1 11 3 4 4 4 10 2 0 2 6 10 7 7 6 9 8 7 7 7 7 8 4 4 10 2 10 7 10 7 8 6 8 11 11 2 2 9 8 11 4 4 4 5 9 5 10 10 8 2 11 5 7 11 4 3 7 11 2 5 4 9 5 7 11 11 1 2 2 3 7 11 4 3 4 4 5 7 11 11 2 2 11 9 8 8 9 9 8 8 10 10 7 8 4 5 10 0 8 4 10 8 4 10 7 6 10 7 8 1 2 6 4 10 7 7 6 10 7 8 2 11 5 7 1 4 11 2 6 11 4 4 3 4 4 4 4 4 3 7 4 7 4 7 4 7 4 5 7 7 11 11 4 5 2 4 4 4 10 2 10 6 10 8 1 2 9 8 7 6 4 10 6 7 7 8 4 4 10 10 7 0 7 8 8 1 11 4 5 7 11 4 5 0 9 9 5 4 5 0 7 10 8 4 10 9 8 1 5 10 2 9 6 6 4 10 7 7 7 8 8 11 2 9 11 5 5 0 7 1 9 8 11 3 7 11 5 4 4 4 5 10 2 6 7 11 11 5 4 4 11 5 5 4 0 7 10 7 2 7 7 9 7 8 4 4 10 10 8 2 11 2 7 6 7 6 11 11 4 4 4 4 5 4 4 5 4 10 2 9 10 2 7 7 7 7 6 8 7 11 2 9 4 10 8 6 8 1 11 4 5 10 10 2 8 11 5 7 11 4 11 4 4 3 5 4 4 4 4 4 5 10 2 7 11 2 4 3 9 10 8 6 7 8 4 10 7 7 0 7 10 8 2 7 7 7 7 7 7 7 6 7 7 11 11 2 2 9 4 5 9 5 4 4 4 4 4 11 5 7 6 11 11 4 5 5 7 7 7 11 11 1 4 4 5 0 2 6 11 5 9 10 8 8 1 11 2 9 9 8 4 5 7 11 2 1 7 6 10 9 8 8 9 8 4 4 4 10 10 2 7 8 4 9 7 7 8 11 4 11 4 4 5 5 4 0 7 10 6 7 8 4 4 10 10 7 7 7 8 7 7 7 0 10 7 8 2 11 4 5 0 7 6 6 11 11 4 5 4 5 10 8 9 11 2 3 5 7 7 11 4 5 7 11 11 2 2 4 4 3 7 11 4 4 4 5 7 11 11 4 5 4 5 7 7 7 11 2 9 4 10 8 8 11 2 1 3 9 10 8 8 4 10 6 8 4 10 10 8 1 2 9 6 4 10 7 7 8 4 5 10 7 8 4 10 7 8 4 10 10 8 7 0 7 7 8 11 2 3 11 3 4 4 5 10 10 8 4 0 0 2 3 9 5 4 4 4 9 5 7 11 4 4 10 2 8 11 5 7 11 3 7 11 2 4 5 7 1 4 4 11 2 9 9 5 4 5 10 7 2 9 11 5 0 2 9 5 10 7 0 7 6 6 9 7 8 1 5 4 10 2 10 6 7 6 7 8 11 4 4 5 10 10 7 8 7 7 8 7 7 11 11 1 5 2 3 10 10 2 6 7 7 8 10 2 6 7 11 11 2 2 3 4 4 4 4 4 4 4 3 4 4 1 9 5 7 11 4 1 2 9 9 5 7 6 8 11 4 1 4 5 9 5 4 10 10 7 8 8 4 4 10 10 7 8 7 8 11 4 4 10 8 2
ppo_q50_s3_b_fd_l4,83,qv18_84,18,158,True,792.0,7.629077672958374,3 3 5 5 7 7 11 11 2 2 9 6 8 11 11 5 5 7 7 11 11 5 5 7 10 8 9 11 4 1 4 5 7 8 11 11 5 5 7 7 11 2 11 9 5 5 0 10 2 6 9 9 8 8 1 11 2 11 4 3 9 5 5 7 7 7 11 4 11 5 5 0 10 7 0 6 6 4 10 2 2 9 7 8 4 10 9 8 7 7 7 7 7 8 7 7 7 11 2 11 3 11 5 7 1 4 5 10 2 9 9 7 8 4 5 10 2 7 7 7 11 4 11 4 5 7 1 2 9 3 7 11 5 1 3 3 5 10 0 7 8 10 8 1 9 4 11 4 4 5 4 5 10 7 7 8 11 11 4 4 5 5 0 0 9 5 4 3 7 7 10 6 10 2 2 6 9 8 4 10 10 7 7 7 7 7 8 2 4 0 7 7 7 7 7 7 11 11 2 5 9 3 5 7 7 11 11 4 4 5 4 5 10 2 7 9 7 11 5 4 5 0 7 10 2 9 3 7 11 5 4 5 7 11 4 5 7 11 11 2 5 9 11 5 5 0 9 7 8 7 11 4 4 10 7 8 8 4 4 10 10 2 2 9 9 6 8 7 8 11 2 3 4 10 10 8 4 0 2 3 10 10 7 6 8 8 11 4 4 5 10 10 7 7 8 2 6 11 11 4 2 2 11 5 3 3 10 10 0 8 2 9 4 5 10 10 8 7 6 7 8 11 1 4 5 4 10 10 7 8 8 11 2 4 10 6 6 7 7 7 7 7 7 7 7 7 7 7 7 7 7 10 7 7 7 7 7 7 7 7 7 7 7 7 7 7 7 7 8 2 4 0 9 8 4 3 10 10 2 7 8 11 4 5 10 10 2 2 7 7 10 8 9 9 8 6 7 8 4 10 7 7 7 7 7 11 2 3 5 0 9 7 8 7 7 7 11 11 2 2 3 11 11 4 5 2 0 9 6 8 11 11 5 4 5 0 7 0 9 6 7 7 7 8 7 10 2 7 7 7 7 7 10 7 7 7 10 7 7 7 6 7 7 7 7 7 7 7 7 7 7 7 7 7 7 7 7 6 7 7 7 8 8 4 0 10 2 9 10 2 2 9 9 7 6 8 4 2 4 10 7 8 4 10 7 0 9 8 4 5 10 7 7 7 0 7 6 7 7 7 7 7 7 7 7 7 8 11 11 4 2 2 9 4 5 11 11 4 4 4 4 5 5 1 9 3 11 4 5 5 7 11 11 3 4 4 4 4 4 2 5 7 11 2 9 3 10 7 7 8 8 11 2 9 4 10 8 8 10 10 7 2 8 10 8 6 11 11 4 4 2 3 5 7 7 7 11 11 2 2 9 11 5 0 2 9 6 8 11 11 4 4 4 4 4 5 4 5 10 7 7 7 8 7 11 1 2 11 9 4 5 5 9 7 7 7 7 8 9 4 10 7 7 8 4 4 5 10 7 7 8 4 4 10 10 2 8 4 10 9 8 8 4 10 8 4 10 7 10 8 1 2 9 3 5 7 11 5 10 7 7 7 7 10 7 7 0 2 7 8 6 11 4 4 5 4 4 4 9 11 5 4 5 0 10 7 6 8 11 11 1 4 5 5 7 7 11 11 2 5 4 10 2 10 6 6 8 11 4 10 8 2 7 7 7 10 10 7 7 7 6 7 7 7 8 8 7 7 7 7 7 7 7 7 7 7 7 7 7 7 7 7 7 7 7 7 7 7 7 7 4 7 9 7 7 8 7 11 1 2 9 9 5 7 8 11 4 5 10 2 10 7 6 4 10 7 7 8 2 6 11 11 2 4 5 10 2 9 3 5 10 10 7 8 2 4 10 6 7 10 7 7 8 2 1 11 4 5 9 10 8 8 1 11 5 3 7 11 11 4 5 4 4 5 7 11 2 9 5 3 4 10 10 2 0 8 4 0 6 7 10 8 7 7 9 7 8 4 4 10 10 7 8 8 11 4 5 9 5 10 0 10 8 4 0 2 6 6 11 4 4 4 4 4 4 4 4 11 5 0 2 9 3 4 11 5 5 0 10 7 8 11 9 5 5 7 7 11 2 11 9 5 4 5 0 6 10 7 7 8 4 10 10 2 2 7 6 9 7 8 4 10 7 6 4 10 2 2 9 7 6 10 7 8 2 9 4 5 7 11 4 11 4 4 4 4 4 4 2 3 4 4 5 7 11 4 4 4 10 8 2
ppo_q50_s3_b_fd_l4,84,qv18_85,18,156,True,773.5,7.476433992385864,5 5 9 7 11 5 5 7 9 11 5 5 10 0 2 6 7 11 11 5 5 7 11 9 4 5 7 8 11 11 5 5 10 7 8 11 2 11 9 4 3 5 2 10 0 8 4 10 6 8 11 2 11 4 4 9 4 5 5 7 7 11 1 2 9 9 5 5 0 7 7 6 9 8 11 4 10 2 2 9 9 8 7 8 11 2 4 4 10 7 7 7 7 6 7 10 7 7 8 2 7 1 1 9 5 7 6 11 11 2 5 7 11 4 3 4 5 10 7 7 8 11 11 2 2 9 4 3 4 5 7 11 4 3 7 11 2 2 3 4 11 3 7 11 5 5 11 2 1 11 2 9 6 4 10 8 8 0 10 7 7 7 0 7 8 9 8 4 9 11 5 5 0 10 8 10 7 10 7 7 7 8 8 4 10 2 3 9 10 8 8 4 1 4 4 4 4 9 4 4 5 4 11 3 7 11 4 5 7 1 2 9 8 6 11 11 2 5 9 7 8 11 11 4 5 5 7 11 11 4 5 0 0 6 8 11 4 5 10 10 2 2 6 10 7 7 7 6 7 8 4 10 8 10 7 10 8 2 9 11 4 4 4 4 4 5 0 2 9 8 10 8 6 11 4 4 11 4 4 4 4 5 5 10 7 1 2 9 9 5 7 8 7 9 8 4 10 10 7 7 7 2 0 2 3 10 6 9 8 4 4 4 5 10 2 7 10 10 7 8 7 8 4 4 0 0 6 9 4 5 10 9 7 7 7 7 7 7 7 7 7 7 7 7 7 7 7 7 7 7 7 7 7 7 7 7 7 7 7 7 7 7 0 8 8 9 4 10 2 2 9 9 8 7 7 1 1 2 9 4 5 10 7 8 9 4 10 7 7 8 7 6 8 4 11 4 4 4 5 10 10 7 7 7 7 7 8 2 4 10 7 7 2 7 6 7 11 11 2 2 4 9 4 4 3 4 1 5 0 9 7 7 7 7 8 6 4 10 7 8 9 4 10 8 8 1 1 9 8 11 4 4 4 11 5 4 5 7 7 11 2 11 9 4 5 5 11 4 3 5 7 11 11 5 4 5 10 2 10 7 11 2 5 3 10 10 2 2 9 7 8 6 10 6 4 10 8 7 7 8 4 4 10 0 8 4 10 7 10 7 7 8 4 0 2 6 6 9 8 11 11 1 5 2 3 9 7 11 4 4 4 4 4 4 4 2 4 5 4 11 11 5 2 9 5 10 7 7 7 6 10 7 7 7 8 7 8 11 4 1 5 1 11 4 1 3 4 4 4 5 9 10 8 7 8 4 10 10 8 7 8 4 10 2 6 4 10 10 7 7 8 7 8 9 8 4 4 10 10 2 2 0 9 6 6 8 11 11 1 3 4 2 5 0 9 6 11 4 5 7 8 11 2 11 4 4 4 3 5 10 10 8 8 7 11 1 4 0 2 9 8 9 11 5 4 4 4 4 4 4 5 11 2 4 3 10 10 7 7 7 7 8 8 4 4 10 0 2 9 7 8 4 10 10 6 6 8 7 8 4 10 10 8 2 4 10 8 7 7 7 1 11 2 6 11 4 11 5 4 4 3 4 4 4 4 4 4 3 5 7 7 11 11 2 2 1 9 5 9 4 5 10 10 7 8 8 11 4 10 2 6 8 6 7 7 10 0 7 7 7 8 4 10 10 2 8 1 9 9 8 8 11 4 4 4 4 4 4 5 7 11 9 5 5 4 11 1 2 6 11 11 2 5 11 3 7 11 5 5 7 7 11 1 2 9 9 5 0 8 9 6 8 4 4 10 10 2 8 4 10 10 2 7 7 8 11 5 10 7 6 10 7 2 8 7 9 10 6 7 7 7 8 7 8 11 2 4 4 4 9 5 0 10 10 8 8 11 2 6 11 11 4 4 4 5 2 10 2 3 11 3 10 7 7 8 7 2 7 6 9 8 10 7 7 7 7 7 7 10 7 7 7 7 7 7 7 7 7 7 7 7 7 7 7 7 7 7 7 2 7 8 4 4 10 10 2 7 7 6 8 11 11 2 2 9 3 10 7 7 2 6 8 4 4 10 10 7 8 2
ppo_q50_s3_b_fd_l4,85,qv18_86,18,151,True,742.75,7.211177110671997,3 3 5 5 7 7 11 11 5 5 7 7 11 11 2 2 9 8 11 9 5 5 7 7 11 11 5 5 7 7 1 9 11 4 5 7 8 11 2 11 9 5 5 10 0 2 9 9 7 8 7 7 8 4 10 2 9 6 4 10 7 8 2 4 0 7 9 8 7 11 11 2 2 3 7 11 9 4 5 3 5 10 7 7 8 11 11 4 4 4 4 1 4 4 4 5 5 7 7 11 11 3 5 2 0 9 7 8 9 4 10 8 8 11 4 5 4 10 10 7 8 7 8 11 4 1 4 5 10 10 8 8 11 4 5 10 10 7 2 7 7 8 11 2 9 5 7 11 3 10 2 2 9 8 11 9 5 4 4 4 5 9 7 11 5 5 4 0 0 0 9 5 9 10 7 6 7 7 7 7 8 8 4 10 7 7 7 7 7 8 7 7 10 2 7 11 4 11 5 1 5 7 11 4 2 9 9 4 4 5 5 11 4 4 5 10 7 8 11 11 2 3 5 10 7 8 11 11 4 4 5 2 3 10 7 7 8 4 10 7 7 7 6 10 7 2 7 8 11 4 10 2 2 9 6 4 10 8 8 4 4 10 10 8 2 9 10 8 4 0 2 9 6 11 4 2 3 4 5 10 2 9 7 11 3 5 4 5 7 11 2 11 4 4 3 4 4 5 7 11 11 4 4 5 5 10 0 8 7 11 2 9 11 5 5 7 0 9 7 8 4 10 9 8 7 7 8 10 10 7 7 8 8 11 4 4 5 10 7 2 10 7 10 7 8 2 0 9 9 8 7 8 4 4 11 4 4 4 4 5 10 2 7 7 11 4 3 7 11 4 4 5 7 1 4 4 4 5 4 11 4 4 3 11 2 2 9 8 4 10 10 8 8 4 0 7 6 7 9 0 7 6 7 6 7 7 8 4 10 7 10 8 2 4 10 9 8 8 11 4 10 2 8 7 11 2 11 3 3 4 4 5 7 11 4 4 11 5 2 7 11 1 5 7 1 4 11 4 4 4 4 5 3 7 10 10 8 8 9 7 8 4 4 10 10 6 8 8 11 2 4 9 10 8 4 0 7 7 7 7 7 8 4 10 2 6 10 10 2 2 9 5 7 7 6 7 11 11 4 4 4 4 4 4 5 3 10 2 2 9 7 7 8 9 10 7 2 0 2 9 6 11 2 5 9 5 10 7 6 8 1 11 11 4 3 4 4 4 5 4 5 7 11 4 5 4 10 7 11 5 4 5 7 1 1 11 2 4 3 10 9 8 7 8 4 10 9 8 8 4 10 10 7 8 8 4 10 8 7 7 11 2 11 2 4 3 11 4 4 5 7 11 11 2 2 9 5 3 10 7 7 7 7 6 7 10 7 7 7 8 2 11 3 5 10 10 7 0 2 2 7 9 4 10 7 2 8 9 6 11 4 5 4 5 10 8 7 11 11 2 4 5 10 2 9 3 7 11 2 5 4 1 4 3 11 5 9 7 8 11 11 4 4 4 5 4 5 4 4 4 4 4 4 4 4 4 4 4 4 4 4 4 4 4 4 4 4 4 4 4 4 4 1 11 4 10 2 8 9 8 11 4 3 11 3 5 2 7 11 5 7 1 9 11 4 4 2 2 9 9 4 4 4 3 5 2 7 11 2 4 11 9 5 0 2 9 8 6 4 10 7 10 7 7 8 2 9 6 8 4 4 10 7 8 4 4 10 10 8 2 4 10 9 8 1 2 9 8 7 11 4 4 4 4 4 4 4 4 4 4 4 1 4 5 3 3 10 10 7 7 8 1 2 6 9 7 8 11 4 4 5 10 10 7 7 7 7 2 6 7 7 8 1 4 1 11 4 2 10 6 4 10 8 8 4 10 9 8 7 8 9 4 5 10 7 10 2 7 8 10 0 2 9 9 8 1 4 3 4 5 10 7 7 8 11 11 4 5 5 7 11 11 2 3 4 5 7 11 11 4 4 4 5 2
ppo_q50_s3_b_fd_l4,86,qv18_87,18,152,True,775.5,2.625143051147461,5 5 9 9 5 5 7 11 9 5 5 7 7 11 2 11 9 5 5 7 7 11 11 4 4 5 5 7 7 11 11 4 4 5 5 7 7 11 11 5 5 4 10 0 2 9 10 7 7 8 8 11 4 5 10 10 7 8 4 0 2 9 9 7 8 8 1 11 5 9 4 3 5 10 10 7 2 7 8 4 10 6 7 8 11 4 4 10 2 2 6 4 10 8 6 11 11 4 2 3 4 4 5 0 10 7 7 8 11 11 2 2 9 8 11 4 3 7 11 5 4 5 7 11 4 3 7 11 4 4 5 2 4 10 7 11 2 5 4 10 2 10 6 4 10 8 7 7 8 11 2 6 9 6 11 2 4 2 4 3 11 5 10 7 10 7 7 7 6 7 7 8 7 7 7 7 7 7 7 11 5 5 10 7 8 7 1 1 9 11 2 2 9 4 5 9 10 8 7 8 11 5 4 4 4 4 4 11 4 4 4 5 9 11 4 4 2 5 7 11 9 4 5 4 4 4 0 2 10 2 6 9 7 8 4 4 10 10 2 7 7 8 9 8 10 7 10 7 8 7 8 11 5 1 3 9 5 11 4 11 4 5 2 9 5 10 10 7 2 8 4 10 7 7 10 7 7 7 8 6 8 10 10 7 8 4 5 10 2 10 7 2 7 11 11 2 6 4 3 5 7 11 2 9 5 4 4 10 7 7 11 2 5 9 7 8 4 10 7 10 7 7 3 4 4 5 4 4 4 4 4 4 5 7 11 2 11 4 4 4 4 4 4 4 5 7 9 11 5 7 1 2 11 9 5 0 2 3 9 5 7 10 7 6 8 11 11 5 2 10 8 4 10 6 4 10 8 7 7 8 4 4 10 10 8 7 7 7 8 0 10 10 2 8 10 2 9 6 11 5 2 4 4 3 4 11 9 5 4 5 4 0 10 2 7 10 2 9 9 5 7 8 4 10 2 6 7 11 11 4 1 3 4 5 5 0 10 2 9 7 7 6 11 4 4 4 3 4 4 4 4 4 4 5 2 10 8 4 0 9 7 8 10 9 8 7 7 7 8 11 4 4 5 10 7 8 4 10 7 10 7 2 7 8 7 6 10 10 7 7 8 2 9 4 4 5 7 11 5 7 11 4 11 2 4 1 2 3 3 9 4 5 7 7 10 7 8 11 4 4 4 11 5 2 9 7 8 11 11 1 2 3 4 5 7 11 11 4 5 5 0 9 5 10 7 11 2 2 9 5 9 10 6 8 7 7 7 0 7 7 7 6 8 7 11 4 4 10 2 7 1 2 9 8 9 9 8 7 8 4 10 7 8 7 7 7 7 7 11 2 11 11 5 4 1 3 3 5 10 7 7 8 11 11 4 4 4 4 5 4 4 4 5 7 11 1 4 5 1 1 9 9 5 7 8 11 2 6 4 10 6 10 8 8 4 4 10 2 10 9 8 8 4 10 8 7 0 0 7 7 10 7 7 8 1 4 3 3 9 7 11 4 1 5 3 5 10 7 7 8 11 11 1 4 4 5 2 7 11 4 5 0 10 9 8 7 7 6 6 7 7 8 4 10 10 7 8 0 7 7 8 10 2 7 11 5 1 4 4 9 5 7 11 11 2 5 9 5 7 10 8 11 4 11 2 5 9 9 5 3 4 4 4 4 4 4 4 5 10 7 7 7 7 8 11 2 11 11 4 4 3 4 2 4 5 0 0 9 9 8 7 8 11 4 4 10 2 7 6 8 11 4 4 3 5 7 7 11 11 5 2 10 7 8 10 10 7 6 7 8 7 7 7 0 7 7 7 7 7 7 7 7 7 8 11 2 6 7 11 11 4 4 5 0 2 9 5 10 6 7 8 11 11 4 4 5 2 3 9 4 5 7 11 4 11 5 1 2 4 4 1 9 9 5 7 8 10 2 7 6 11 4 4 4 11 4 5 2 7 11 4 4 4 5 3 10 10 2 2 10 7 7 9 8 7 7 7 6 7 7 7 8 4 4 10 10 2 6 6 8 10 10 8 7 1 2 9 4 10 8 7 7 8
ppo_q50_s3_b_fd_l4,87,qv18_88,18,154,True,764.0,3.475872755050659,3 3 5 5 7 7 11 11 5 5 7 7 11 11 5 5 7 7 9 8 1 11 11 5 5 9 7 7 11 4 4 5 7 8 7 11 2 11 11 2 2 9 9 5 5 7 7 11 2 11 9 5 5 7 7 11 11 5 5 0 10 2 7 6 11 9 5 5 9 5 10 10 7 8 8 4 4 4 10 10 7 7 8 2 6 11 11 5 4 0 7 1 2 9 5 4 3 9 5 10 10 7 2 2 9 10 7 6 7 8 8 11 2 4 3 10 10 7 7 8 7 7 7 8 10 2 7 7 11 11 5 4 4 4 4 4 4 5 10 2 7 10 6 4 10 8 2 4 10 2 9 9 8 4 5 7 11 2 4 4 3 7 11 4 3 5 7 11 11 5 7 1 2 9 4 5 3 10 7 8 4 4 10 10 8 4 2 10 8 4 10 7 10 2 2 6 4 10 6 11 5 2 7 11 4 5 7 11 5 9 7 11 5 4 5 7 11 4 4 4 4 4 0 10 2 6 8 4 10 7 7 7 7 7 7 7 6 6 8 4 4 10 10 7 7 7 7 2 7 8 4 10 2 6 11 3 11 1 1 5 2 9 7 8 11 4 4 4 9 5 4 4 5 7 11 5 7 11 11 2 5 7 11 5 3 7 11 4 4 3 5 10 10 0 2 2 9 8 4 10 9 5 5 7 10 8 4 10 7 6 7 7 7 7 10 7 7 8 7 8 11 4 4 10 0 7 8 1 2 3 7 11 4 3 5 11 5 3 10 10 2 7 2 10 10 8 8 9 4 4 10 7 8 8 4 10 2 0 9 6 11 5 2 3 4 9 4 4 5 7 7 7 7 7 11 11 4 5 4 5 7 7 10 7 8 11 11 4 4 4 4 4 4 5 2 9 4 5 4 10 7 7 7 8 11 11 4 2 1 2 9 6 11 4 4 5 4 1 5 7 11 2 3 10 7 9 8 8 0 10 7 6 7 7 7 6 8 7 11 11 2 2 4 10 7 6 10 8 4 0 2 9 6 7 9 8 7 8 11 2 11 11 2 2 6 7 6 11 5 11 9 5 4 5 7 7 11 11 4 1 4 4 4 4 5 4 4 5 10 2 7 10 7 11 4 5 5 9 7 7 8 11 4 11 5 1 2 4 3 9 3 10 7 7 2 8 10 8 4 10 10 7 8 7 7 8 11 2 6 4 10 9 8 4 0 7 7 7 7 7 1 2 9 4 3 5 9 5 0 10 9 7 8 8 4 4 10 2 10 7 10 8 1 2 9 3 5 9 7 11 4 4 4 4 4 4 5 2 7 11 4 9 5 4 4 4 4 5 1 1 1 9 9 5 7 8 11 11 2 8 1 9 9 8 8 11 2 4 10 9 8 8 11 4 5 10 10 7 6 0 6 7 8 10 7 8 7 7 8 11 5 4 1 1 3 4 10 10 7 8 7 7 6 8 4 10 10 8 2 4 10 8 7 10 6 11 2 2 4 9 5 11 4 3 4 4 4 5 11 4 5 7 11 4 4 11 5 2 4 10 10 7 8 2 1 9 8 4 3 9 7 4 7 4 7 4 5 10 7 11 2 3 5 10 2 10 6 10 7 7 8 8 10 10 7 8 0 7 8 7 11 11 5 0 2 9 8 4 10 9 8 8 4 0 6 7 11 11 2 2 3 11 3 4 5 9 11 2 2 11 3 3 11 4 4 5 4 1 4 4 5 7 11 2 4 9 4 4 10 2 2 3 4 10 10 8 6 7 7 7 8 6 10 2 7 10 7 7 7 7 6 10 7 0 8 7 8 1 1 9 4 5 10 10 6 8 8 11 2 6 4 11 11 4 5 3 5 7 7 11 11 2 2 11 3 4 11 5 5 7 7 6 11 11 4 5 5 7 11 2 11 11 4 5 5 10 7 8 11 2 11 3 11 2 2 11 5 9 3 10 7 8 2 4 10 7 10 7 8 7 7 8 10 10 7 7 7 7 8 7 7 7 6 8 4 4 10 10 8 2
ppo_q50_s3_b_fd_l4,88,qv18_89,18,159,True,797.5,9.672226428985596,5 5 7 11 6 11 3 3 4 5 7 8 11 11 5 5 10 7 8 11 11 4 5 5 10 7 8 11 11 2 2 9 3 7 11 5 5 7 10 8 11 4 11 5 5 10 10 7 8 2 7 7 7 7 7 6 10 7 8 11 11 4 4 5 4 4 4 5 7 11 11 2 3 5 10 2 10 8 11 4 4 4 9 4 4 5 5 4 0 10 2 10 2 3 3 10 10 8 8 9 8 11 7 8 11 4 4 4 10 2 2 7 6 7 7 7 7 6 4 10 8 4 0 6 4 10 10 2 0 2 7 9 8 1 9 9 5 5 3 10 7 7 7 8 7 11 11 5 2 7 11 2 11 11 4 3 5 5 10 7 7 8 11 4 11 2 3 5 7 7 6 11 4 4 5 7 7 7 11 11 1 2 3 5 7 9 7 8 1 11 4 11 4 5 5 0 7 10 7 0 7 8 6 7 6 10 7 7 8 4 10 7 7 6 7 11 2 2 4 10 2 9 8 9 11 3 5 5 7 7 11 11 4 2 3 4 5 7 11 11 5 2 11 4 9 4 5 4 5 7 11 2 9 11 5 5 7 7 11 4 5 0 0 9 6 7 7 7 7 8 0 7 7 11 4 4 1 2 6 4 4 3 3 10 10 7 0 8 7 7 7 7 8 7 11 2 1 9 4 9 5 5 7 7 11 11 2 5 7 11 4 3 4 5 10 10 2 2 7 7 9 6 8 4 4 10 10 6 7 8 7 7 7 8 7 1 1 9 3 5 7 7 11 11 2 5 11 2 9 9 5 7 8 11 2 11 4 10 7 8 0 2 9 9 8 1 5 1 9 4 3 5 7 11 4 11 1 4 4 5 5 11 2 9 9 5 5 7 7 6 10 7 8 4 4 10 10 7 8 4 5 10 10 7 8 2 11 4 5 9 10 8 4 4 4 4 4 4 4 4 4 4 0 0 2 9 3 5 10 10 7 7 6 7 8 7 7 7 7 8 11 4 4 5 10 10 7 7 7 8 8 4 10 10 7 8 8 11 2 4 10 7 9 8 8 1 9 4 5 0 10 2 9 9 8 4 5 7 7 11 2 6 7 11 11 1 5 7 1 4 5 9 5 0 10 2 9 6 11 4 5 5 11 4 5 3 10 10 2 2 9 7 8 10 10 8 7 7 8 1 9 9 5 7 8 4 4 10 7 11 5 5 7 7 11 11 2 4 5 10 7 8 11 11 4 4 4 4 5 7 2 7 7 11 11 4 5 4 4 4 4 4 4 4 1 3 5 7 7 9 4 10 8 1 2 9 5 10 6 10 7 8 0 8 6 4 10 8 10 10 2 6 7 8 11 2 9 3 10 7 7 8 4 0 2 9 9 7 8 4 4 5 10 7 10 8 7 8 7 1 1 3 11 4 4 4 4 3 4 4 4 5 7 11 11 5 1 2 9 5 10 7 7 11 2 5 10 6 7 9 8 7 7 8 11 11 5 0 7 7 7 8 6 11 4 4 10 2 2 10 6 4 10 7 8 2 6 10 8 9 11 5 7 7 8 11 4 2 11 11 2 2 9 4 5 7 11 9 3 4 5 4 4 4 1 5 11 3 4 11 4 4 4 5 2 7 0 7 10 8 7 10 7 10 2 6 8 11 2 11 5 9 9 5 4 3 4 5 10 7 7 8 11 11 4 4 5 2 9 5 7 10 7 10 2 6 7 7 7 7 7 7 7 7 8 7 11 1 1 9 4 5 5 7 7 11 4 5 10 10 2 8 9 4 5 10 10 2 2 9 6 7 9 8 7 7 7 8 4 10 2 6 11 4 11 5 0 2 9 7 6 7 7 8 7 1 11 9 5 4 4 4 4 5 7 11 4 5 10 10 8 2 6 4 11 5 7 11 4 11 4 4 2 3 4 4 5 7 11 11 4 5 5 10 2 10 6 8 11 11 2 2 9 4 5 4 10 2 0 6 9 7 7 8 10 10 7 6 8 7 8 4 10 7 7 0 7 10 7 2 7 8 11 2 9 9 8 8 11 11 4 4 4 4 5 5 7 11 4 4 4 11 4 4 4 4 4 4 4 4 5 5
ppo_q50_s3_b_fd_l4,89,qv18_9,18,153,True,750.25,7.355777025222778,5 5 9 9 5 5 9 7 7 11 4 5 5 10 0 2 7 6 11 11 5 5 7 7 11 11 5 5 7 7 11 11 5 5 10 2 10 7 7 6 8 11 11 4 5 5 7 7 11 11 4 5 5 10 7 8 9 11 2 2 11 4 9 5 5 10 0 2 9 7 7 7 6 7 7 7 7 8 7 7 7 7 11 2 11 11 5 2 4 4 4 4 4 11 4 3 3 5 7 7 11 11 5 2 7 11 9 5 5 9 7 11 5 5 7 7 11 2 11 2 4 10 2 3 10 6 4 10 8 8 10 2 7 7 7 7 7 7 6 4 10 7 8 6 7 11 11 2 4 0 2 9 8 6 11 11 4 3 5 5 7 7 11 1 2 9 6 11 2 5 11 4 3 7 11 5 5 10 7 8 11 11 4 2 2 11 11 5 2 9 9 5 7 7 7 7 7 6 8 11 4 10 8 7 7 7 8 4 10 7 10 8 2 4 10 2 6 4 10 7 10 2 2 6 6 6 11 4 4 5 7 7 11 11 4 4 4 4 5 2 10 7 6 7 8 11 4 11 2 2 9 8 6 11 11 4 5 4 4 7 4 4 5 7 11 4 10 8 2 4 10 7 10 2 8 9 11 4 5 4 4 4 5 7 11 4 4 4 0 2 9 8 7 9 9 8 8 4 10 8 1 4 11 4 4 5 10 10 8 7 8 4 10 6 4 10 8 0 7 7 2 9 10 8 6 7 8 4 4 11 4 4 5 10 8 4 10 10 2 8 4 10 6 10 8 2 11 2 9 4 4 10 7 7 7 7 8 1 2 9 4 5 9 5 10 7 7 8 11 11 4 2 3 5 7 7 11 11 5 3 5 7 7 11 11 4 4 4 5 7 8 11 11 1 5 7 1 2 4 4 11 3 5 7 10 9 7 8 8 11 4 5 10 10 8 7 8 4 4 4 10 7 0 9 8 7 8 1 9 3 4 5 10 7 7 11 2 1 2 9 8 1 9 5 7 11 4 3 7 11 4 4 5 2 10 9 8 4 0 6 7 8 11 4 4 5 10 10 7 8 7 7 8 4 10 7 6 4 10 2 2 7 9 6 7 8 11 11 2 2 9 8 7 6 11 4 11 4 4 4 4 4 5 7 7 8 11 2 4 11 5 7 11 11 5 3 5 10 7 7 8 11 11 1 2 8 4 0 7 7 9 8 4 0 9 6 4 10 2 8 4 10 9 8 7 8 10 7 8 4 10 6 4 10 2 2 10 2 6 6 11 11 4 4 3 4 5 4 5 7 7 11 11 4 4 4 4 4 4 5 4 5 4 0 10 2 3 10 7 7 11 2 2 9 5 9 10 8 7 6 8 11 4 5 10 10 2 2 9 9 8 8 11 2 4 10 7 7 10 8 7 0 2 9 9 8 4 4 5 7 11 2 9 11 2 4 4 5 7 11 5 9 7 11 4 4 1 5 2 9 9 5 5 0 7 0 7 7 6 4 10 6 7 7 7 7 8 4 10 6 10 7 2 7 7 8 11 2 3 7 7 6 7 11 11 4 4 2 3 4 5 7 11 11 5 5 7 7 11 11 4 2 5 4 11 2 4 4 4 4 11 2 9 9 8 4 5 10 0 2 3 3 10 10 6 7 7 8 8 4 4 10 2 10 7 7 8 4 4 10 10 8 1 2 9 5 7 11 3 7 11 4 3 4 5 7 8 7 11 2 1 11 2 9 9 8 8 4 4 10 10 8 8 11 4 3 4 4 4 5 10 0 7 8 10 10 6 7 7 8 7 8 7 7 7 7 11 2 1 11 2 3 7 11 11 5 2 4 4 3 4 4 4 11 5 7 11 4 5 3 4 10 10 7 8 8 4 4 4 10 10 2 7 8 1 9 8 7 7 10 10 2 6 7 7 7 7 8 4 10 6 4 10 8 8 11 2 6 11 11 2 2
ppo_q50_s3_b_fd_l4,90,qv18_90,18,155,True,778.75,7.4449334144592285,3 3 5 5 7 7 11 11 5 5 7 7 11 11 5 5 7 7 11 11 5 5 10 7 11 2 2 9 8 11 9 4 5 5 0 10 2 7 6 4 10 6 7 7 7 7 6 7 11 2 2 1 9 8 11 3 7 11 5 3 5 7 11 11 4 5 5 7 7 11 11 4 5 5 10 2 9 7 11 4 5 5 7 7 11 11 4 5 7 8 11 1 2 1 9 6 8 4 4 10 10 8 8 4 4 10 0 7 7 6 8 9 7 4 4 10 7 8 7 8 7 7 7 11 1 4 11 5 2 9 7 8 4 4 10 10 7 2 8 4 10 6 4 10 7 8 2 1 9 4 5 7 9 11 5 3 5 0 7 7 9 11 2 2 11 3 4 11 3 4 4 5 5 10 7 7 2 11 11 5 2 9 9 5 5 10 7 7 8 11 11 2 4 3 5 0 7 10 8 6 11 11 2 5 10 7 8 4 10 6 4 10 2 2 6 7 7 7 10 7 7 7 7 9 8 8 11 1 2 9 8 7 7 7 11 11 2 2 3 11 3 5 7 7 11 4 4 5 7 11 7 7 7 11 2 2 9 4 3 5 10 10 8 7 7 8 1 4 4 9 4 5 7 7 11 11 4 2 3 4 4 4 5 7 11 4 4 4 11 5 5 10 2 0 7 6 9 1 9 8 8 9 8 7 10 10 2 8 10 6 7 8 4 10 7 7 7 0 9 8 1 2 9 5 9 5 10 0 7 6 7 11 2 1 2 9 8 11 4 4 3 4 3 4 5 7 11 11 2 3 4 5 10 7 7 8 11 11 4 2 4 4 5 11 2 11 11 4 5 5 7 7 11 2 6 6 7 7 7 10 7 6 7 7 7 7 7 0 6 7 7 7 8 11 4 4 1 4 5 0 0 9 9 5 7 8 11 4 5 10 7 11 5 4 5 9 5 7 7 11 11 4 2 1 2 9 11 5 5 9 5 10 7 7 7 7 7 7 7 7 0 9 7 8 8 4 10 8 4 7 1 9 3 11 4 5 7 8 11 11 2 5 10 2 9 9 8 4 5 0 10 2 9 6 7 10 7 8 8 11 1 5 0 7 7 7 7 11 2 9 11 5 5 4 4 4 1 3 7 11 3 4 5 7 11 4 3 7 11 5 1 1 2 9 9 3 5 0 7 8 11 2 6 6 11 11 4 2 5 10 7 7 6 7 7 7 7 8 7 11 2 4 3 10 10 2 6 7 7 7 7 8 7 7 11 2 11 11 5 2 3 7 11 4 4 11 4 4 5 2 0 9 7 7 7 8 11 3 4 4 5 3 11 4 5 7 7 11 11 4 5 5 10 7 11 5 2 11 2 11 4 4 4 4 4 4 4 4 4 4 4 4 4 4 4 4 4 4 4 4 4 4 4 11 4 4 4 4 5 2 9 5 9 4 5 7 11 3 11 4 5 5 7 10 8 4 4 4 4 10 7 11 5 5 7 11 4 11 2 1 3 5 7 7 11 11 4 1 5 2 10 8 9 11 5 4 5 0 7 10 7 8 6 11 11 5 5 7 11 2 4 9 9 5 5 0 9 7 10 7 7 7 7 8 7 8 6 11 11 2 5 11 5 9 10 7 2 7 7 8 4 10 7 7 11 2 5 10 2 7 6 6 10 7 10 2 7 8 7 7 7 7 7 10 2 9 9 5 7 8 7 7 7 7 7 7 7 7 7 7 7 7 7 7 7 7 7 7 7 7 7 7 0 9 5 10 7 10 8 1 2 9 5 10 6 6 10 8 1 2 7 6 6 7 11 11 2 4 5 10 7 8 4 11 4 4 4 4 5 10 10 2 2 10 9 8 6 8 4 10 10 8 8 7 7 7 7 9 7 8 1 11 11 2 4 5 10 2 9 7 6 4 10 7 8 8 4 10 2 7 6 7 11 11 2 2 3 4 11 4 4 4 5 3 9 4 4 5 7 11 4 11 4 2 3 5 7 7 7 11 11 2 1 2 9 5 3 3 4 10 10 2 2 0 9 7 8 9 4 4 5 10 10 7 7 2 7 7 8 7 10 10 7 2 7 8 9 8 4 4 10 10 8 2 9 9 8 8
ppo_q50_s3_b_fd_l4,91,qv18_91,18,153,True,744.0,2.525110960006714,5 5 9 9 5 5 10 7 2 11 3 7 11 5 5 10 2 7 1 9 9 3 5 5 10 7 7 8 4 10 7 8 7 11 11 5 5 7 10 8 11 4 11 4 1 3 5 5 7 10 7 8 11 11 5 2 7 11 1 2 9 9 3 5 2 7 11 9 5 5 10 2 7 7 10 7 7 8 11 9 5 4 5 10 7 0 8 7 10 7 7 8 6 7 11 11 2 2 11 3 5 7 11 4 3 11 4 4 4 4 1 3 4 5 7 8 11 2 9 11 5 5 7 10 7 8 7 11 2 11 4 3 10 2 7 7 6 7 8 1 4 11 4 5 4 11 4 2 10 6 4 10 8 2 1 9 9 8 0 8 9 4 10 8 8 11 4 5 4 11 5 10 7 7 10 7 7 8 6 8 4 10 7 7 2 0 7 7 9 7 8 11 4 10 2 2 9 6 8 11 11 2 2 9 7 8 6 11 11 4 3 4 5 5 7 7 11 1 5 7 11 9 4 5 7 8 4 11 4 4 5 0 7 0 6 7 11 4 5 9 7 11 4 4 4 4 5 0 2 9 5 10 9 8 7 8 11 2 1 1 3 4 4 3 4 10 10 7 8 7 2 7 6 7 10 7 10 6 7 8 8 11 1 2 4 9 4 4 4 4 5 4 10 10 2 2 7 9 9 8 7 7 8 4 9 10 7 8 7 7 8 4 10 7 8 7 11 11 5 2 7 1 4 1 9 8 11 9 5 4 5 4 11 4 4 5 10 7 9 8 8 11 2 11 11 4 4 5 0 2 9 5 9 9 5 4 4 5 0 0 7 0 7 6 9 8 4 10 7 8 9 4 10 7 8 7 0 2 10 7 7 8 9 4 10 7 8 1 2 9 8 11 3 4 9 5 4 4 4 1 4 5 10 2 10 7 9 8 7 8 10 6 7 8 11 11 2 2 1 4 11 3 4 4 4 9 3 4 5 5 11 11 4 2 4 4 4 5 0 7 7 0 9 6 8 4 10 6 10 7 8 0 2 9 6 8 11 11 2 5 4 9 4 5 11 4 11 4 2 5 7 11 9 5 5 4 4 4 10 10 8 7 7 7 8 11 4 1 2 11 4 5 9 10 7 8 8 4 4 10 10 6 8 7 8 7 7 7 10 2 3 10 10 2 8 11 5 10 2 7 6 10 10 7 7 8 1 2 9 5 9 7 11 5 0 2 9 5 10 6 4 10 8 8 4 4 10 7 6 11 2 2 6 7 7 7 7 7 7 7 7 7 7 7 7 7 7 7 7 7 7 7 7 7 7 7 7 7 0 0 9 9 8 4 5 10 7 7 7 7 8 10 10 2 8 11 5 7 11 4 11 5 2 11 5 11 9 5 5 7 7 6 10 9 8 4 5 10 7 7 8 4 4 10 10 8 7 8 10 7 10 7 7 8 2 7 10 8 4 10 2 6 6 11 11 2 3 4 4 4 5 10 10 8 4 4 4 4 4 5 0 7 0 6 9 8 10 7 0 7 7 7 7 0 7 2 11 3 3 3 5 7 7 7 7 11 11 2 4 2 11 2 9 3 4 5 10 2 7 7 6 7 11 11 4 5 4 2 4 11 1 3 4 3 5 9 11 2 3 4 5 10 7 7 11 2 1 2 9 9 8 4 4 5 4 0 10 7 7 8 6 10 10 6 7 8 2 4 10 2 6 6 11 11 2 5 4 4 4 4 4 11 4 4 5 7 11 4 4 4 10 8 2 9 8 7 9 7 7 8 11 11 5 2 10 8 4 10 7 10 2 2 6 6 7 7 10 7 7 8 10 2 10 7 9 8 8 4 4 10 10 8 1 2 7 6 11 4 4 4 3 7 11 4 4 4 3 5 5 10 7 7 7 8 11 11 2 1 4 2 4 4 4 4 9 4 4 5 7 11 4 9 5 5 11 11 5 0 2 7 7 10 10 7 7 7 7 7 7 7 8 7 8
ppo_q50_s3_b_fd_l4,92,qv18_92,18,146,True,738.0,8.904992580413818,5 5 7 9 1 9 5 5 7 9 11 3 5 2 7 7 11 11 5 5 7 7 11 11 5 5 7 9 11 5 5 10 0 8 9 7 11 2 2 9 11 5 5 7 7 11 11 4 5 7 8 11 9 4 4 5 7 8 11 2 4 10 7 7 11 4 4 3 5 2 0 0 9 7 8 9 4 5 3 10 10 0 8 6 8 4 4 10 10 7 7 7 2 8 4 10 7 7 7 8 7 11 11 5 7 1 2 9 9 5 5 10 2 9 9 5 7 7 8 11 1 1 9 5 5 7 7 11 11 4 2 4 5 4 1 9 9 5 7 8 11 4 5 0 10 7 7 7 6 6 8 4 4 10 10 2 7 8 9 4 10 7 8 8 4 0 7 6 7 11 11 2 2 9 3 4 4 5 7 11 4 4 4 4 11 4 5 7 2 7 11 1 4 5 9 7 11 2 5 9 9 5 5 0 0 0 6 4 10 9 8 8 11 1 5 10 2 9 9 6 8 8 11 4 10 2 6 8 4 4 10 10 7 7 8 7 8 7 1 11 4 4 5 9 10 2 2 10 9 7 7 8 8 9 10 8 4 0 7 7 1 2 9 9 5 5 7 7 11 2 11 4 11 4 4 5 4 3 5 10 7 8 11 11 4 4 4 5 7 8 11 4 4 4 4 5 7 11 3 11 2 2 9 8 4 4 10 10 2 2 9 5 10 10 6 8 8 10 10 2 6 6 8 4 10 7 8 4 10 10 2 8 7 11 2 11 3 4 4 3 4 4 5 7 7 7 7 11 2 11 2 4 4 3 10 10 7 6 8 8 4 4 4 10 2 10 10 7 7 7 8 7 8 11 2 4 4 3 10 7 8 4 4 10 10 8 7 8 4 10 7 0 2 7 9 11 5 5 9 5 9 7 7 11 1 5 2 11 5 0 9 8 7 6 4 11 11 2 4 5 7 11 3 4 3 5 7 7 11 11 4 4 4 4 4 1 4 4 4 8 0 2 7 9 6 8 11 11 4 5 4 4 5 10 2 6 7 9 10 7 7 7 7 2 0 7 8 11 2 3 10 7 7 7 10 7 8 8 4 4 10 10 7 8 2 9 4 5 9 7 11 4 2 3 4 4 5 7 11 3 4 5 0 7 7 9 4 10 8 8 7 11 1 4 5 7 7 11 11 2 5 7 1 9 9 8 4 3 5 7 7 11 2 9 11 4 5 4 1 2 3 4 4 3 4 11 4 11 4 4 4 4 4 4 4 4 4 4 4 4 4 4 4 4 4 4 4 4 4 4 4 4 4 2 5 10 2 9 10 2 2 3 7 6 11 11 5 2 4 9 4 5 10 7 11 2 3 5 4 4 4 4 4 9 11 5 4 5 7 11 2 9 11 4 5 4 0 7 1 2 9 5 4 10 10 8 8 11 2 4 9 4 5 11 4 11 3 4 5 4 4 4 4 4 4 4 4 4 4 4 4 4 4 4 4 4 4 4 4 4 4 4 5 4 1 11 2 3 11 11 4 3 3 4 4 5 4 5 10 2 7 7 6 11 11 1 5 2 0 9 8 9 11 3 5 2 7 11 5 4 11 5 9 11 2 5 4 0 10 2 6 9 10 2 8 4 10 9 8 7 8 0 6 9 8 7 7 7 10 10 7 7 2 7 8 11 2 6 11 11 5 0 2 9 3 3 7 11 4 4 4 5 5 4 10 2 7 7 7 1 11 2 9 11 5 4 5 10 0 7 7 6 9 8 8 11 2 4 4 10 7 9 8 6 8 4 10 10 7 7 8 8 10 2 7 7 11 2 11 2 3 9 11 4 5 2 3 9 4 5 11 11 4 5 5 7 7 11 11 4 4 5 4 4 4 4 4 4 5 10 2 10 7 6 7 11 2 1 2 6 9 11 2 2 9 6 11 4 4 3 5 5 10 7 7 7 8 4 10 8 11 4 4 11 1 2 6 4 5 11 4 4 11 4 4 4 4 4 4 4 4 4 4 4 4 4 4 4 4 4 4 4 4 5 0 2 7 11 9 5 4 4 4 4 4 4 5 11 4 4 11 4 4 4 5 4 4 4 4 4 5
ppo_q50_s3_b_fd_l4,93,qv18_93,18,145,True,700.0,2.1478233337402344,5 5 9 7 11 5 5 7 7 11 11 5 5 10 2 9 7 8 11 11 4 5 5 10 7 8 11 11 4 5 5 9 7 7 8 11 11 4 4 5 7 8 7 11 2 11 11 5 5 7 11 9 5 5 7 7 11 11 5 5 7 9 7 8 11 11 2 2 9 7 8 9 4 10 8 8 4 10 7 7 8 1 4 11 4 4 10 7 2 2 9 9 8 7 7 7 8 4 10 9 8 7 8 4 10 7 7 7 7 7 7 11 1 4 2 3 3 5 7 11 4 4 11 4 4 4 5 1 3 4 4 5 10 7 7 7 8 7 11 11 2 2 9 4 3 5 10 7 7 8 11 11 4 2 4 5 10 8 4 10 10 2 2 9 3 3 5 0 10 0 6 8 4 4 10 10 6 8 7 7 7 8 11 4 4 4 4 10 2 6 7 8 4 10 7 7 7 10 7 8 2 9 8 11 11 4 4 4 4 5 4 5 7 4 1 3 4 10 10 8 2 10 8 4 10 10 8 8 4 10 7 2 9 10 8 2 7 6 11 4 11 2 2 9 4 3 5 9 4 5 7 7 7 10 7 8 11 4 4 11 4 2 1 5 4 11 4 9 5 4 4 5 0 9 8 4 10 7 10 8 1 2 6 4 10 9 7 8 7 8 7 11 1 2 9 4 4 5 10 7 7 9 8 6 7 7 8 11 7 7 7 7 7 7 11 2 4 3 5 10 7 7 8 7 11 11 2 1 2 9 4 4 9 4 5 5 7 7 11 2 1 3 11 4 11 4 3 5 4 5 10 8 7 7 11 11 4 5 5 0 9 5 10 10 7 8 2 1 9 9 8 8 11 2 1 9 11 4 3 3 5 5 7 10 2 10 7 8 11 11 5 2 3 9 11 4 4 4 4 4 4 4 4 4 4 4 4 4 4 4 4 4 4 4 4 4 4 4 4 4 4 4 4 2 4 5 7 11 4 3 7 11 2 1 4 5 7 11 9 5 5 4 10 2 7 9 11 2 2 9 3 7 11 4 4 4 4 5 2 3 10 7 7 6 7 11 2 2 11 11 4 3 5 5 4 11 4 0 2 7 6 10 7 10 7 6 7 8 6 7 8 4 10 10 7 8 8 4 4 10 2 10 6 8 11 2 7 6 7 11 11 4 1 5 2 7 11 3 3 5 10 7 7 11 1 2 8 11 2 9 3 4 5 11 4 4 11 4 5 2 11 3 11 5 0 2 9 5 9 9 5 5 0 7 7 7 7 7 0 10 7 6 10 7 7 2 7 7 8 9 7 8 7 6 11 4 11 2 2 9 8 6 11 11 4 2 4 4 5 10 7 7 8 11 11 4 5 4 5 0 10 7 7 7 6 8 11 4 10 2 8 4 10 7 9 8 8 1 1 9 5 3 3 7 11 4 11 1 4 5 5 11 4 4 4 4 4 4 4 4 5 0 7 9 7 8 4 4 10 10 0 2 6 8 11 2 9 11 5 7 7 8 9 4 5 10 10 8 8 9 8 7 1 4 11 4 3 4 4 5 0 10 8 10 10 2 8 10 9 8 7 8 9 8 4 4 10 10 2 8 4 10 9 8 8 4 10 2 10 10 8 7 8 7 7 1 1 9 8 11 4 3 4 5 7 7 11 11 4 5 4 3 5 10 7 7 7 8 11 11 4 4 4 5 2 11 11 2 2 9 8 9 11 5 1 4 4 4 5 7 7 11 11 2 5 9 7 8 11 11 5 4 5 7 7 7 7 7 7 6 7 7 7 9 7 8 4 10 10 2 8 10 7 8 4 4 10 10 8 6 8 4 10 10 7 8 8 10 0 2 7 7 11 11 2 5 3 11 11 4 4 4 4 4 4 4 2 3 4 5 7 7 11 11 5 5 7 11 11 2 3 5 7 11 11 5 2
ppo_q50_s3_b_fd_l4,94,qv18_94,18,154,True,783.5,6.779683351516724,3 5 2 9 3 7 11 3 5 5 10 7 7 8 11 11 2 2 1 9 4 9 5 5 10 2 9 7 11 4 5 5 7 9 11 4 5 7 8 11 2 9 11 4 4 5 5 7 7 11 11 5 5 7 7 11 4 4 0 0 2 9 9 8 8 11 2 4 10 6 4 10 7 8 8 11 4 5 9 10 7 7 7 8 7 7 8 1 9 11 2 2 6 9 4 10 8 8 11 2 4 10 6 7 7 7 7 7 7 11 1 2 4 2 4 3 3 7 11 11 4 4 5 2 11 5 7 1 4 9 4 4 4 5 3 3 10 10 7 2 7 8 4 10 0 9 8 8 11 4 5 10 7 9 8 8 4 10 10 8 4 10 2 8 4 0 7 7 10 8 11 5 9 7 11 5 7 1 2 9 9 3 4 4 2 5 7 1 3 11 11 4 5 2 4 11 2 3 9 9 7 7 8 0 8 9 8 4 4 10 10 8 2 10 7 9 8 8 11 4 5 10 10 7 7 7 7 8 7 7 8 10 2 7 7 11 11 2 5 9 7 11 4 3 5 2 1 4 4 11 2 4 4 3 7 11 4 1 5 9 10 8 8 1 11 5 9 7 11 5 5 7 11 11 5 4 5 7 7 10 7 9 8 0 7 8 11 2 3 3 10 10 7 7 8 8 4 4 10 10 8 8 4 10 8 9 11 2 2 7 7 7 10 2 7 10 7 6 6 11 4 2 5 4 11 4 4 9 5 3 5 10 7 7 8 11 11 4 5 4 5 7 7 7 11 11 2 1 3 5 7 7 9 8 1 11 4 3 4 5 7 11 11 4 5 7 8 11 11 1 2 2 9 6 8 11 11 2 2 9 8 6 4 10 6 8 4 10 7 7 10 7 7 8 8 4 4 10 10 8 0 7 7 8 4 10 2 6 11 3 7 11 5 4 5 7 11 2 1 4 4 4 1 3 3 9 5 0 10 10 8 7 7 8 4 10 7 9 8 7 7 11 5 1 5 7 11 2 9 5 3 10 10 7 7 7 7 7 7 8 2 7 11 4 5 7 1 4 4 1 4 4 3 9 5 7 11 4 11 4 4 2 3 5 7 7 11 11 4 2 5 10 2 10 9 8 7 6 7 8 4 10 6 4 10 7 7 8 2 7 7 6 4 10 7 7 7 8 0 6 7 11 11 5 2 1 11 4 4 4 4 5 10 8 11 2 6 4 10 6 4 10 8 8 4 0 9 7 8 4 10 10 8 2 1 9 8 11 4 4 3 7 11 5 2 1 3 4 9 5 11 4 4 4 4 3 4 5 7 7 11 11 2 2 1 9 5 7 7 6 7 7 6 7 7 10 7 0 8 4 10 10 8 0 2 9 7 6 8 11 11 2 2 9 6 9 4 5 5 7 7 11 2 11 11 5 0 2 9 7 8 6 11 11 4 5 5 7 7 11 11 4 5 3 5 7 7 7 11 2 9 4 10 8 8 11 4 5 4 10 10 2 2 7 11 5 3 7 11 9 5 4 4 5 0 0 0 7 7 10 6 7 8 9 4 10 8 1 2 9 8 7 7 7 10 7 7 6 7 7 7 7 7 7 7 10 7 7 7 7 7 7 7 7 7 7 7 7 7 7 7 7 7 7 7 7 7 8 2 0 9 8 10 7 7 8 9 4 9 5 4 5 0 7 7 10 7 8 4 10 7 10 7 7 7 7 7 2 8 4 10 7 7 6 7 11 2 2 9 4 5 4 4 4 4 1 3 9 3 10 7 8 2 11 2 11 2 9 9 5 4 5 7 11 4 4 5 7 11 2 4 3 10 10 2 6 7 6 7 7 7 8 4 10 7 7 7 7 8 7 7 11 11 2 4 5 10 7 8 11 11 4 4 5 5 10 7 8 11 1 3 3 4 5 7 7 7 11 11 1 2 5 10 8 1 9 9 8 4 5 11 2 11 11 2 3 5 10 10 7 7 6 7 7 6 7 7 8 8 11 2 4 4 3 10 10 7 2 6 8 4 4 10 10 7 7 2 8 6 10 7 10 7 7 7 7 8 2 10 2 3 10 10 2 2 7 10 7 7 7 7 10 7 7 7 7 7 7 7 7 7 7 7 7 7 8 7 8
ppo_q50_s3_b_fd_l4,95,qv18_95,18,156,True,763.5,2.971686601638794,3 3 5 5 7 7 11 11 2 2 9 8 11 9 5 5 10 7 11 4 5 5 10 7 8 11 2 11 9 4 5 5 7 7 11 11 5 5 10 7 8 11 11 4 5 5 10 7 8 9 8 11 1 11 4 5 5 7 7 11 11 5 5 0 9 7 8 11 11 2 2 9 6 9 7 8 8 4 11 5 4 10 10 2 8 4 10 10 7 7 7 6 8 8 1 4 4 10 2 9 10 2 6 8 4 4 10 10 7 8 6 8 11 4 4 10 2 2 10 9 8 1 2 9 8 11 3 7 11 5 5 7 1 4 4 4 3 7 11 4 4 5 7 1 4 9 3 4 5 4 4 4 10 10 8 2 4 10 10 2 2 9 5 10 7 10 6 8 8 4 11 4 3 5 10 0 10 8 2 11 5 10 7 10 8 8 4 10 2 9 9 8 6 7 8 1 4 11 4 5 10 2 9 10 8 8 7 7 6 11 11 4 2 4 4 4 4 1 4 5 7 9 11 4 4 5 4 4 5 10 2 9 9 4 5 0 6 8 11 2 4 10 7 7 10 8 1 2 9 8 4 3 10 10 7 7 2 6 7 7 8 10 10 8 6 7 8 11 4 2 11 1 4 4 1 3 4 4 4 5 7 11 5 7 11 9 4 5 7 1 2 9 4 5 9 10 8 7 7 7 6 8 11 4 4 4 4 4 4 5 10 8 11 4 4 10 2 2 6 6 10 8 4 10 7 7 10 8 0 8 9 4 10 2 2 10 6 4 10 7 7 8 8 11 4 5 10 10 7 8 8 11 2 6 11 11 2 2 9 5 10 6 11 4 2 3 4 4 4 4 5 9 4 11 4 2 5 7 11 4 4 3 11 2 2 4 0 9 8 4 10 9 7 7 7 5 3 4 4 5 10 7 0 7 7 7 7 8 6 4 10 10 7 8 7 7 0 8 4 10 2 6 6 11 11 4 5 5 7 7 11 11 2 5 7 11 2 6 11 11 5 2 10 2 9 6 11 2 4 5 9 9 5 7 7 8 11 2 11 11 2 2 9 11 5 5 11 11 4 4 3 5 2 7 0 9 6 8 6 4 10 7 0 7 7 7 7 8 9 4 5 10 10 7 7 7 8 4 0 7 7 7 7 1 2 3 7 11 4 5 0 9 8 11 9 5 5 7 9 7 11 4 5 5 7 7 1 9 4 5 7 7 11 11 2 4 4 4 4 4 5 10 10 8 1 2 9 5 9 7 11 4 4 5 7 8 11 4 4 4 5 0 10 2 9 3 5 10 10 7 7 8 7 7 7 8 11 4 3 5 4 0 10 10 7 2 6 6 8 1 1 11 5 3 10 10 2 8 9 4 5 10 10 8 6 8 1 1 4 10 2 9 3 7 11 2 3 4 4 4 5 11 1 2 9 9 5 7 7 8 7 11 2 11 9 5 1 2 3 9 7 8 10 7 7 6 4 10 7 7 7 7 7 8 4 0 6 8 7 11 4 10 8 7 8 4 10 7 7 7 7 11 4 5 5 10 2 9 7 11 5 4 5 4 10 0 7 7 8 7 11 1 11 5 2 9 7 11 5 3 5 10 7 7 6 8 1 11 11 2 1 3 4 5 7 1 4 9 5 1 9 5 9 3 10 7 2 8 9 10 8 8 11 4 5 10 10 8 2 4 10 10 0 2 6 8 4 4 3 10 10 7 8 1 2 9 8 11 11 5 3 5 7 10 7 8 11 11 4 4 5 4 5 11 11 2 5 10 8 11 4 3 7 11 4 5 0 2 6 11 5 3 4 4 4 4 4 11 4 11 4 4 4 4 4 4 4 4 4 4 4 4 4 4 4 4 4 4 4 4 4 4 1 5 5 10 2 9 4 5 3 9 5 0 10 10 8 2 10 2 9 3 7 8 11 11 4 4 4 5 4 4 4 4 11 5 2 9 7 6 7 8 11 11 4 4 2 4 5 7 7 11 11 4 5 0 2 9 9 5 4 5
ppo_q50_s3_b_fd_l4,96,qv18_96,18,159,True,796.25,3.9788763523101807,5 5 9 9 3 5 2 7 7 1 9 11 5 5 7 10 7 8 11 6 11 5 5 7 7 11 11 1 5 5 10 0 2 9 8 1 9 3 7 11 4 3 5 2 10 7 8 11 11 4 5 5 10 2 7 6 11 11 3 5 5 7 7 11 2 9 11 5 5 7 7 11 11 5 5 0 10 2 9 9 5 7 8 11 4 5 4 10 10 7 8 7 7 7 2 0 9 8 4 10 9 8 7 8 11 4 4 5 10 10 7 7 7 8 7 7 8 7 11 2 1 4 3 1 4 4 4 9 3 5 7 7 11 11 4 5 4 5 10 7 7 8 11 11 5 5 10 7 8 11 1 4 1 11 4 2 5 7 9 9 8 7 7 8 11 2 4 3 4 10 10 2 2 9 9 8 4 0 6 8 11 4 5 10 10 7 7 6 7 7 8 7 7 8 4 10 2 10 9 8 8 11 4 4 4 5 10 2 7 7 10 7 7 0 2 3 7 7 11 11 5 5 10 2 9 9 5 4 5 7 11 3 4 4 1 4 5 9 11 4 4 5 2 4 4 4 4 4 10 10 2 6 8 7 10 7 6 8 4 4 10 10 7 7 8 8 11 2 11 4 4 10 8 4 0 2 9 9 6 8 8 11 4 4 5 10 7 10 8 2 7 11 2 1 9 9 3 7 8 8 4 4 10 10 8 8 10 0 7 8 7 11 2 1 3 3 7 11 3 4 4 4 5 7 11 11 2 4 5 10 7 7 7 8 10 10 2 2 9 7 8 11 9 4 4 4 4 4 4 4 4 5 3 4 5 7 11 5 7 11 4 11 2 4 5 10 2 7 1 3 3 10 10 8 8 4 4 10 10 8 7 8 11 2 3 9 4 5 10 10 7 7 8 0 7 7 2 0 7 6 7 9 8 1 11 11 5 5 9 7 7 8 11 4 11 5 4 4 4 5 0 10 8 4 0 10 7 7 7 6 8 9 11 4 4 3 4 4 4 4 5 4 4 4 4 5 4 11 1 2 9 4 10 8 8 4 4 10 2 10 6 10 6 8 7 7 7 7 7 8 7 10 10 7 7 2 6 8 10 7 10 8 8 4 1 9 4 5 10 8 1 9 4 4 11 4 4 4 2 5 4 11 4 4 4 4 4 10 7 8 8 7 7 7 10 2 9 10 6 7 7 7 5 4 4 4 4 5 10 7 2 10 10 6 7 7 8 8 11 1 5 11 1 4 4 5 4 4 9 3 4 4 11 2 2 1 3 4 11 4 4 4 5 3 3 10 10 7 0 2 2 3 10 7 10 7 6 7 6 7 7 7 0 6 8 2 4 10 0 2 3 10 6 4 10 7 8 8 4 10 2 10 7 9 8 1 2 9 5 9 4 5 9 7 8 11 11 4 5 7 1 2 6 11 5 7 11 4 4 11 5 1 2 6 9 11 2 4 5 11 4 1 5 4 3 3 10 10 6 7 8 2 7 6 10 7 7 7 8 4 4 10 10 7 2 8 4 10 7 7 10 2 7 6 7 8 11 2 11 11 2 4 3 5 10 2 7 6 11 11 5 2 3 7 11 9 5 4 3 4 4 4 5 11 4 4 11 4 5 2 7 11 4 11 4 5 0 2 6 9 6 8 11 2 11 11 5 2 10 7 6 7 8 10 7 0 10 7 7 7 8 7 7 8 10 2 9 7 7 7 7 6 8 6 11 11 4 4 2 3 4 4 5 10 7 7 7 8 11 11 4 5 2 7 7 11 9 4 5 4 4 5 7 7 11 2 11 11 4 4 5 2 7 11 5 9 7 11 5 4 5 4 10 2 7 6 11 11 2 2 9 4 3 4 3 5 11 2 6 10 7 7 7 8 1 4 11 11 2 2 9 3 4 4 4 4 4 4 4 4 4 4 4 4 4 4 4 4 4 4 4 4 4 4 4 1 4 11 3 5 4 5 7 7 11 11 5 5 11 1 2 9 11 5 7 7 8 11 4 4 5 3 11 4 4 5 10 7 10 7 7 7 7 7 8 8 0 10 7 6 7 7 7 7 8 11 11 2 5 11 2 6 11 11 4 5 3 5 11 2 6 11 11 2 5 11 11 4 3 4 5 4 4 4 4 5 7 11 2 6 11 11 2 2
ppo_q50_s3_b_fd_l4,97,qv18_97,18,157,True,793.75,7.538896083831787,5 5 9 9 5 5 10 7 2 11 3 7 11 5 5 7 9 11 5 5 10 2 7 9 11 4 5 5 10 7 8 11 11 4 4 5 7 8 4 10 8 11 4 11 4 4 4 4 5 5 4 0 10 7 11 5 2 10 9 7 8 8 4 9 11 5 2 9 5 10 10 7 7 8 8 11 4 4 5 10 10 2 7 6 8 4 4 4 10 10 7 7 7 7 7 7 8 2 7 1 11 5 0 9 9 5 4 4 3 5 0 10 8 9 11 2 2 9 4 3 11 4 4 2 5 10 6 11 4 4 5 2 4 4 4 4 10 10 8 7 0 8 9 8 1 1 9 5 9 3 10 2 0 8 9 4 10 8 6 8 11 4 4 5 10 10 7 7 7 7 8 7 7 7 7 7 8 7 10 2 7 7 11 1 9 3 5 4 5 7 11 2 9 4 4 4 4 4 4 4 5 7 11 11 5 4 5 7 11 4 11 5 2 3 10 10 2 2 9 7 8 9 8 4 4 10 10 8 4 4 4 4 5 10 2 7 7 7 10 10 6 7 7 7 0 7 8 7 8 4 10 8 10 0 2 9 10 8 8 4 9 4 5 7 11 3 7 11 4 4 5 4 4 5 10 0 7 7 7 8 1 9 8 11 11 4 4 2 3 3 5 7 11 11 5 2 10 2 9 6 8 11 1 4 4 4 5 7 11 4 4 3 7 11 4 5 4 4 0 2 7 0 9 6 7 8 4 10 6 7 10 8 8 4 10 8 7 7 7 7 11 1 11 2 3 4 5 11 2 3 10 6 7 10 7 7 8 8 4 10 10 7 7 8 2 7 7 7 11 2 11 3 11 5 2 0 9 9 5 5 10 2 7 11 3 7 11 2 3 5 7 11 11 2 2 3 4 4 9 4 11 5 5 10 7 8 11 11 4 4 3 5 2 7 11 2 11 9 5 5 7 11 5 4 0 9 10 8 1 2 9 8 7 7 7 7 10 7 7 7 10 2 8 7 9 7 7 7 7 8 9 4 4 10 7 8 7 0 8 1 9 4 3 11 4 5 4 5 11 11 4 5 2 7 11 4 5 9 7 11 5 5 10 7 7 7 8 7 11 2 11 4 4 11 2 5 11 3 3 4 4 3 5 11 4 4 4 4 4 4 4 4 4 4 4 4 4 4 4 11 4 4 4 4 4 4 4 4 2 1 5 7 11 2 9 9 8 4 5 9 5 10 7 7 8 11 11 4 2 4 4 5 11 11 5 2 11 4 4 5 0 9 9 5 4 5 0 7 9 7 8 4 4 10 7 7 7 10 7 8 2 7 10 2 9 6 11 4 4 4 2 3 4 5 7 1 4 9 11 5 5 7 11 3 4 4 11 2 2 4 4 4 10 2 10 6 6 4 10 7 8 7 7 0 7 6 8 11 4 5 10 10 8 8 9 10 7 0 2 2 6 9 7 7 6 8 11 11 2 2 1 9 5 7 7 6 11 4 11 4 4 4 4 4 4 5 7 2 7 11 11 5 3 5 10 7 7 8 11 11 2 2 4 3 4 11 3 5 11 3 4 4 11 1 4 5 7 7 2 7 7 10 8 11 2 3 10 6 10 7 7 7 8 2 7 10 7 7 8 4 10 6 10 8 0 2 9 6 10 7 8 7 7 7 7 7 7 7 7 7 7 8 4 4 4 4 4 4 4 4 11 4 2 4 9 4 3 5 11 4 11 2 2 6 4 4 4 10 9 5 4 5 7 11 1 4 4 11 4 4 2 5 7 7 11 11 2 3 4 4 4 5 11 2 11 4 4 4 4 4 4 4 4 4 4 4 4 4 4 4 4 4 4 4 4 4 11 4 5 5 9 5 9 11 4 4 2 5 0 9 9 5 5 1 4 9 4 4 4 5 9 7 11 2 4 4 3 4 5 7 11 4 11 4 5 7 1 2 9 9 5 4 5 10 7 2 11 3 10 2 2 9 8 4 4 3 10 7 10 7 8 2 10 8 4 3 4 10 10 0 8 1 2 9 6 8 10 10 7 6 8 7 8 4 10 10 7 7 7 7 7 7 2 8 11 4 4 4 1 5 4 4 3 3 4 10 10 7 7 8 2 10 8 10 10 7 8 7 7 7 7 8 4 4 4 11 2 6 11 11 4 4 4 4 4 5 1 2 9 9 8 4 5 7 11 11 5 3 4 4 4 4 4 4 5 7 7 11 11 4 4 4 4 2 5
ppo_q50_s3_b_fd_l4,98,qv18_98,18,153,True,765.0,4.924649477005005,5 5 7 11 9 5 5 9 9 5 5 10 0 2 9 7 7 8 11 11 4 3 4 5 5 10 7 2 11 9 4 5 5 10 7 8 11 11 4 4 5 7 8 4 7 4 7 4 7 4 7 4 10 8 11 4 1 4 4 4 4 4 4 4 4 0 2 9 10 8 8 9 4 10 8 8 9 4 10 8 8 11 1 5 7 1 9 4 10 8 8 11 4 5 10 10 8 7 7 7 7 8 11 4 4 4 4 1 2 9 9 8 6 7 7 8 11 4 4 4 4 5 7 7 11 11 4 5 2 1 9 3 5 7 10 7 7 8 11 11 4 5 2 9 7 8 4 4 4 10 10 7 7 7 7 8 2 7 1 4 3 10 10 2 2 9 5 0 9 6 4 10 6 8 7 7 7 7 8 7 11 2 11 9 4 5 0 2 9 5 10 6 4 10 7 8 2 4 0 10 7 8 1 3 7 11 9 3 5 5 10 7 7 8 11 11 4 4 4 4 2 4 5 11 11 4 2 3 4 5 0 9 8 4 10 10 7 7 8 7 7 7 8 11 2 3 7 11 3 11 2 1 2 9 8 9 11 5 4 4 4 5 7 1 4 4 10 2 6 9 11 5 5 0 4 3 4 10 10 8 2 9 4 5 9 10 7 7 7 7 8 4 5 10 2 10 6 7 10 2 6 8 4 10 10 2 8 9 4 5 10 10 7 8 4 0 0 2 9 8 11 9 6 8 4 4 4 4 5 10 2 9 8 11 4 4 4 5 1 4 4 9 4 5 7 7 11 11 4 4 4 4 4 5 0 2 9 8 7 11 11 5 2 10 8 9 11 5 7 7 8 11 5 4 10 10 7 0 8 2 9 8 9 7 7 6 4 10 2 7 6 7 7 7 8 4 10 2 6 7 10 10 2 2 6 11 4 5 7 11 3 7 11 2 2 9 4 5 7 11 5 10 7 7 11 2 2 4 3 4 11 4 3 5 10 10 7 8 8 1 11 4 4 5 4 4 4 1 3 3 9 10 0 8 2 9 4 5 10 10 7 6 7 7 7 7 7 8 7 8 11 4 4 5 10 7 0 7 7 8 4 0 7 6 6 11 11 5 5 7 7 11 11 4 5 2 7 1 9 5 7 11 11 4 1 5 2 10 8 9 6 8 11 11 4 2 4 4 5 11 2 11 5 4 3 3 3 10 10 7 7 2 0 2 9 3 7 7 8 9 4 5 10 10 7 7 8 0 7 7 9 7 8 8 11 2 11 5 10 7 9 8 4 0 2 3 10 8 4 10 9 8 8 4 4 10 2 10 7 7 7 11 1 2 5 9 7 8 11 4 5 7 11 3 7 11 4 3 5 2 7 11 3 5 7 11 4 5 11 4 4 5 10 10 2 0 2 9 9 5 7 8 4 9 11 4 2 3 5 7 11 11 4 4 4 5 4 0 2 9 5 10 10 2 6 7 6 8 4 10 7 10 2 7 7 7 0 6 7 7 8 11 4 4 4 3 4 5 10 0 7 10 8 7 8 11 4 4 5 10 10 7 7 7 8 2 4 10 7 7 7 8 11 4 10 7 8 2 9 4 5 7 9 11 5 3 5 10 7 7 8 11 11 1 3 4 4 5 0 0 2 9 5 7 6 11 11 5 1 3 4 4 4 3 4 5 7 1 4 4 1 11 11 2 5 3 10 7 7 8 4 3 4 10 10 7 6 7 8 8 11 2 9 4 10 2 2 7 6 4 10 10 8 7 7 7 8 11 2 4 10 2 7 10 8 6 11 11 5 2 4 9 3 4 4 4 5 7 7 11 11 4 5 7 2 11 5 0 6 9 7 7 7 10 6 7 8 7 7 7 7 8 11 2 1 4 4 11 4 2 4 9 4 5 7 7 11 11 2 4 4 5 4 3 3 11 11 4 4 3 4 4 4 4 4 4 4 4 4 4 4 4 4 4 4 4 4 4 4 4 4 4 4 4 4 4 4 1 4 4 2 5 10 2 9 9 5 7 8 7 6 7 11 11 4 4 4 5 4 5 4 4 4 10 10 8 2 9 7 8 10 10 7 8 2
ppo_q50_s3_b_fd_l4,99,qv18_99,18,151,True,735.0,4.209436655044556,5 5 9 9 5 5 10 2 7 11 4 9 3 5 2 9 7 7 8 11 11 4 5 5 7 10 7 8 11 11 4 4 5 5 0 10 0 2 6 7 6 9 7 8 7 11 11 5 2 10 6 8 11 11 4 1 4 1 4 3 4 5 5 10 7 11 5 2 7 11 2 9 9 4 4 5 5 7 11 4 9 5 7 8 11 2 11 1 2 9 4 10 8 8 4 0 9 6 4 5 10 10 6 7 8 8 11 2 4 10 6 4 10 7 8 2 11 5 10 7 7 0 7 8 7 7 7 6 9 8 7 11 11 1 2 2 3 7 11 3 4 11 3 5 5 7 7 11 1 5 7 11 5 7 11 3 4 11 2 1 2 3 9 10 8 7 8 4 10 2 10 7 9 7 8 8 11 4 5 7 11 3 10 2 8 10 2 3 10 7 10 2 2 6 11 4 4 4 11 5 4 5 7 11 4 11 5 4 4 5 7 10 2 6 9 10 7 6 8 8 4 4 10 10 0 2 8 4 3 10 10 7 8 7 7 8 10 2 9 8 4 4 4 10 7 10 2 2 9 5 3 10 10 8 2 9 8 4 7 6 4 4 4 4 4 4 4 4 4 10 8 11 4 4 4 4 4 4 11 2 2 4 4 11 2 3 10 7 9 8 7 7 8 6 11 4 5 7 11 4 11 2 5 4 11 2 9 9 8 8 4 4 10 2 10 10 8 2 4 10 6 4 10 7 2 2 7 6 7 9 7 8 4 10 6 8 11 11 5 5 10 7 11 2 2 9 3 5 4 10 2 10 10 8 7 8 4 10 6 4 10 2 8 4 10 2 9 8 1 4 4 4 3 11 4 4 4 1 4 4 4 3 5 3 10 10 7 7 7 8 8 11 4 10 2 6 8 11 4 5 10 10 2 8 4 10 6 4 10 8 8 11 4 5 10 10 7 2 7 8 1 1 9 4 3 4 4 3 4 5 7 11 4 11 5 2 4 4 4 10 2 10 6 10 7 8 2 9 6 4 10 8 7 8 4 4 11 5 4 10 10 7 7 2 7 8 4 10 10 7 8 7 7 8 9 8 1 11 5 3 11 5 10 7 10 7 8 2 4 4 10 10 8 8 1 11 5 9 10 8 4 0 2 9 8 11 3 7 11 4 5 3 5 10 7 7 8 11 1 11 2 3 5 7 11 4 5 4 10 10 2 2 6 9 8 9 11 2 4 5 7 11 4 11 5 4 3 5 0 10 2 6 10 7 8 7 10 7 10 7 2 6 7 8 9 11 5 4 4 4 4 4 4 4 4 4 4 4 4 4 4 5 7 7 11 2 11 3 4 10 2 2 0 9 6 4 5 10 10 6 7 8 4 5 10 2 10 6 7 7 7 7 7 8 4 10 7 7 7 7 7 11 4 5 2 7 1 9 4 5 7 11 4 5 11 3 7 11 5 1 2 4 10 8 10 7 8 10 7 7 9 8 8 4 10 10 7 7 8 1 2 9 5 4 4 9 4 4 5 9 7 7 8 11 11 2 4 4 4 1 5 4 11 4 4 9 5 1 2 9 5 7 7 7 6 4 0 6 6 11 11 4 4 0 2 2 9 6 4 10 8 7 7 0 7 6 8 11 2 9 11 5 5 10 0 7 6 7 7 7 7 8 7 11 2 11 9 5 7 1 2 3 7 11 2 3 11 4 5 7 7 11 11 4 3 3 5 2 7 7 11 1 2 9 11 4 3 3 4 5 5 10 0 2 7 7 11 11 5 5 0 9 7 8 4 10 6 10 8 7 8 11 2 6 4 10 2 6 9 10 2 8 4 10 7 7 6 4 10 2 0 2 9 3 10 2 6 7 7 8 1 9 9 8 8 7 10 2 7 7 11 11 5 2
