agent,env,problem_name,ion_count,op_count,solved,duration,compile_time,actions
ppo_x50_b_fd_l4_same_gamma,0,qv18_0,18,152,True,911.0,7.103379964828491,8 6 2 9 10 8 8 10 10 8 8 10 10 8 8 11 4 5 10 10 8 4 4 5 11 11 5 5 7 7 7 7 11 5 7 10 10 7 8 8 10 10 8 7 5 10 10 8 8 10 10 8 8 10 10 8 8 4 4 4 4 1 11 3 4 4 5 10 10 8 2 9 10 8 7 7 7 8 11 4 4 4 4 4 5 11 11 5 7 7 7 7 7 7 8 11 2 11 9 5 5 4 4 10 7 7 7 7 7 8 4 11 11 5 4 5 10 7 7 8 11 11 5 4 11 5 4 5 4 4 1 3 4 10 8 11 11 5 5 4 11 4 5 10 10 8 2 6 10 10 8 7 7 7 7 7 8 10 8 11 4 5 10 10 7 7 8 2 3 11 11 5 4 4 4 5 10 7 7 7 8 4 11 4 11 5 2 11 9 8 8 10 10 8 8 11 11 5 7 7 7 7 7 8 10 10 8 8 4 4 4 1 3 4 4 4 4 4 11 5 11 11 5 4 4 8 11 11 5 2 9 8 10 7 10 8 7 7 8 11 4 4 4 5 11 5 10 7 7 10 8 7 8 10 7 7 7 8 1 3 4 4 4 4 10 11 5 5 10 10 7 8 7 7 7 8 4 1 3 11 4 4 4 4 4 5 10 4 4 11 5 2 7 7 7 6 7 7 7 7 7 7 7 7 10 8 11 11 5 5 4 11 4 4 5 10 10 8 8 11 5 4 11 4 5 10 10 8 10 7 7 8 7 7 8 10 10 8 8 10 7 8 11 11 5 11 5 2 4 4 9 11 5 5 10 8 11 11 5 4 4 4 4 4 4 4 5 0 9 11 5 5 7 10 7 8 4 10 10 8 7 7 8 7 7 7 10 8 4 10 10 8 7 8 11 11 5 2 11 9 5 4 10 8 8 10 11 7 8 7 7 10 8 7 5 4 11 5 4 4 4 4 4 10 11 5 5 10 8 4 4 4 11 4 5 10 10 8 10 8 8 10 10 8 8 11 2 6 7 7 7 7 10 10 8 2 6 4 11 11 5 5 11 11 5 4 11 5 2 7 7 7 6 7 11 4 4 4 11 5 4 5 11 4 2 9 10 8 7 7 7 8 11 4 4 4 4 5 10 7 8 4 4 4 4 11 11 5 5 7 7 7 10 7 7 7 7 8 10 7 7 7 7 7 8 10 8 4 4 1 9 11 5 2 3 10 7 7 8 11 4 4 11 5 4 5 11 11 5 4 4 4 5 7 7 7 10 8 10 10 8 7 8 4 4 10 11 5 5 4 10 10 8 7 7 8 0 6 11 1 3 4 4 4 4 4 5 4 11 11 5 5 7 7 7 11 2 9 5 10 10 8 8 7 7 7 7 10 8 11 11 5 2 7 9 8 11 11 5 2 9 11 5 4 4 4 4 5 10 10 8 7 7 8 10 8 4 11 11 5 4 5 11 4 5 10 10 8 10 8 7 8 11 11 5 2 7 7 9 8 4 4 4 10 11 5 5 10 8 10 8 4 4 4 4 11 11 5 7 8 7 7 7 7 7 7 7 10 10 7 7 8 8 4 11 5 4 4 11 5 4 4 1 3 4 4 11 5 4 11 4 2 9 10 8 7 7 8 7 7 7 7 7 7 10 7 8 4 11 11 5 5 4 4 4 4 4 11 4 5 11 5 10 10 8 2 10 10 6 7 7 7 7 8 7 7 8 11 10 7 5 2 7 7 7 10 10 8 8 4 4 11 3 5 10 4 5 4 11 10 7 7 7 8 2 9 5 4 11 5 11 11 5 4 4 11 5 2 9 4 4 5 10 7 8 10 10 8 4 4 5 7 10 7 10 7 8 2 7 7 7 11 9 5 4 4 5 11 2 9 10 8 4 5 10 8 11 11 5 2 3 10 7 7 7 7 10 8 8 10 7 8 11 11 5 2 11 11 5 4 11 5 3 4 4 4 5 4 11 4 5 10 10 2 8 3 4 4 10 11 5 5 10 10 8 0 9 8 7 7 8 10 10 7 7 7 2 8 4 4 4 4 4 11 11 5 4 4 4 4 5
ppo_x50_b_fd_l4_same_gamma,1,qv18_1,18,153,True,926.0,7.276501178741455,8 6 2 10 9 8 8 10 10 8 8 11 5 11 11 5 4 2 6 7 7 7 10 10 8 8 10 10 8 7 5 11 5 4 4 4 4 11 4 5 10 10 8 8 10 10 8 7 7 10 7 7 8 8 10 10 8 8 4 11 5 10 10 8 2 9 7 10 8 8 10 10 8 8 11 5 4 4 4 4 4 4 4 11 4 5 11 4 4 5 7 10 10 8 2 7 6 7 10 10 8 7 7 7 8 11 5 10 10 7 7 2 8 11 9 5 5 11 4 4 4 4 5 10 7 10 8 2 9 7 8 11 11 5 4 4 4 5 7 10 0 6 8 10 7 7 7 7 10 8 4 2 9 5 11 5 4 4 4 11 4 4 5 11 11 5 2 9 4 4 4 4 4 5 10 10 8 7 7 7 10 8 2 3 11 4 5 7 7 10 10 8 7 7 7 7 8 10 7 7 10 8 4 5 4 4 11 2 3 11 4 5 11 10 8 4 5 7 7 7 7 7 11 5 11 11 5 4 5 4 4 4 11 5 10 10 8 4 4 4 5 10 8 7 10 8 11 11 5 4 4 4 11 5 2 6 0 6 10 11 5 5 7 10 10 8 7 7 7 0 6 7 7 7 7 7 7 8 1 4 4 4 4 9 11 5 2 3 11 7 7 5 4 4 4 4 1 9 4 4 5 10 7 10 8 2 3 4 10 11 5 5 7 10 10 8 10 8 7 7 10 8 7 8 4 11 4 10 8 8 7 10 10 8 2 7 9 7 10 8 7 8 11 1 3 4 11 5 4 2 9 11 5 7 7 8 11 4 5 11 11 5 5 11 2 9 10 8 4 4 4 5 7 7 7 7 10 7 10 8 8 4 11 10 8 8 4 11 11 5 5 0 6 7 7 11 10 8 8 7 7 11 11 5 4 4 4 4 4 4 4 4 4 5 10 7 7 7 7 8 4 4 11 11 5 4 11 5 5 7 7 7 7 11 5 4 4 11 11 5 4 4 5 7 10 7 7 7 8 7 7 7 10 7 7 8 11 5 4 4 4 11 4 5 10 10 8 8 10 10 8 8 10 7 7 8 4 10 10 8 8 4 11 4 1 3 4 4 4 4 5 4 4 11 11 5 11 5 5 10 8 7 10 11 5 4 11 5 2 6 7 7 7 7 10 7 7 7 7 8 4 4 11 4 5 10 10 7 8 8 11 4 5 10 10 8 7 7 7 8 4 4 4 11 5 7 10 10 7 7 7 8 8 11 4 4 5 10 7 11 7 8 4 4 4 4 4 4 4 4 4 10 8 2 7 7 7 7 7 7 7 7 6 10 8 11 2 4 4 4 4 4 4 4 11 5 11 9 5 4 4 5 4 10 10 8 7 8 11 5 4 4 11 11 5 7 8 7 7 0 6 7 7 10 8 4 11 11 5 4 4 5 10 10 8 10 8 7 8 10 10 8 7 7 7 7 8 4 10 10 8 8 10 7 10 8 2 9 5 11 11 5 5 11 4 4 5 4 4 11 4 4 5 10 8 4 4 11 4 4 4 11 5 2 7 6 7 11 5 10 10 8 8 7 10 7 7 7 10 7 8 5 10 7 7 7 10 8 8 10 7 11 5 2 11 3 4 4 4 5 4 10 7 5 10 10 8 2 4 4 3 4 11 4 4 4 11 5 2 10 6 0 6 7 7 7 7 7 5 7 10 10 8 2 9 8 10 10 8 8 4 4 4 4 4 4 10 8 11 11 5 4 4 5 11 11 5 2 6 10 11 5 2 9 11 5 5 10 8 10 10 8 7 10 8 8 7 10 7 8 11 4 11 5 5 10 8 11 11 5 4 4 4 4 5 11 11 5 4 5 10 2 6 7 7 10 7 7 7 7 8 11 11 5 7 7 7 8 10 10 8 8 10 7 10 8 2 4 3 4 11 4 5 10 7 7 7 8 11 11 5 11 5 5 4 4 4 4 4 4 4 11 4 4 5 11 11 5 2 7 7 9 10 8 8 10 10 8 8 10 10 8 2 10 10 8 7 7 9 8 7 8 7 7 10 10 8 2 4 4 4 4 9 5 4 4 4 4 4 4 4 4 11 11 5 2
ppo_x50_b_fd_l4_same_gamma,2,qv18_10,18,146,True,859.0,6.911506414413452,8 8 6 10 10 8 2 9 4 5 10 7 10 8 8 10 2 9 10 8 8 4 11 5 4 4 11 5 10 10 7 5 0 5 6 10 10 8 7 7 10 8 8 10 10 8 7 5 11 5 4 4 4 4 11 5 7 11 11 5 5 7 10 11 5 5 10 7 7 10 7 7 8 7 5 7 10 10 8 8 10 10 8 8 4 10 8 10 10 8 8 11 4 5 11 11 5 11 5 2 6 11 5 4 4 11 5 11 11 5 2 7 7 7 9 8 4 11 4 5 10 10 8 8 4 11 5 7 7 10 7 7 7 7 7 10 8 2 6 4 11 4 4 4 5 10 7 7 7 7 11 5 5 4 11 11 5 2 3 11 4 4 4 4 4 4 4 4 5 7 7 10 8 4 10 11 5 4 2 3 4 10 0 6 7 7 7 10 7 7 8 7 10 8 8 10 7 1 9 8 7 8 11 2 3 11 11 5 4 5 4 4 11 5 11 5 7 7 10 10 8 2 6 7 10 8 4 11 11 5 4 4 4 4 4 4 5 4 10 2 10 9 8 7 0 6 7 8 10 7 7 7 8 10 5 10 10 7 7 8 2 9 11 5 2 9 7 11 5 4 4 4 11 5 2 6 4 4 11 11 5 5 7 7 10 7 7 7 5 7 11 10 2 4 9 5 4 4 4 4 4 5 11 11 5 4 2 3 11 5 7 7 7 7 10 7 8 11 11 5 5 10 7 8 7 7 7 7 7 10 10 7 5 2 9 10 8 10 8 8 11 5 4 4 4 4 4 4 10 8 7 11 11 5 5 4 4 4 1 3 4 11 5 4 10 10 8 8 4 10 11 5 2 9 11 5 4 2 10 10 8 7 6 7 7 7 7 7 11 5 4 5 11 2 6 10 7 0 6 7 7 7 7 7 8 10 7 10 8 2 4 9 5 4 4 4 4 11 4 11 5 2 9 8 11 11 5 2 9 4 5 11 4 10 8 0 6 8 7 10 8 11 11 5 5 11 11 5 4 4 5 11 4 5 10 10 8 7 10 8 7 7 7 7 7 7 5 4 4 11 4 4 4 5 10 10 8 7 8 10 10 8 7 7 10 8 7 8 4 4 10 8 11 11 5 2 9 8 4 4 4 11 4 11 5 4 4 5 11 2 9 10 8 7 8 4 4 11 4 5 10 10 8 10 8 8 10 7 7 10 8 8 10 10 7 8 7 7 10 8 8 7 11 5 4 4 1 9 5 4 4 4 11 4 4 5 10 10 8 4 4 4 5 7 10 7 7 8 10 10 8 2 3 4 11 5 7 7 7 11 5 10 10 8 8 4 4 11 4 11 5 5 11 4 5 11 5 7 7 4 4 7 4 7 7 4 7 10 4 7 4 7 4 4 4 10 8 7 7 7 7 10 8 8 11 4 4 4 5 10 0 6 7 10 8 7 7 8 4 11 11 5 7 8 11 4 5 7 7 10 7 7 7 7 7 10 8 8 4 1 4 9 8 11 11 5 2 4 10 8 11 3 4 10 8 2 9 7 8 11 4 11 5 4 4 4 4 4 5 10 7 8 11 4 4 5 11 11 5 2 7 7 6 7 7 7 7 10 7 8 10 10 8 8 10 10 8 8 4 4 4 4 4 10 8 7 11 5 10 10 8 8 10 8 4 4 11 4 11 5 5 4 4 11 4 5 4 4 4 10 8 11 11 5 5 10 2 9 10 8 7 7 7 8 11 4 5 10 10 8 7 7 7 7 8 10 10 7 7 7 8 2 6 4 4 11 11 5 4 4 5 11 11 5 11 5 4 4 4 4 4 5 7 11 11 5 2 10 9 8 10 8 8 4 11 2 10 10 6 8 7 7 7 8 7 7 7 7 7 10 8 10 10 8 2 10 10 8 8 11 4 4 4 4 11 5 5 4 4 4 4 11 11 5 4 4 4 4 5
ppo_x50_b_fd_l4_same_gamma,3,qv18_11,18,155,True,933.0,7.327677488327026,8 6 2 10 6 7 11 5 2 7 9 5 10 10 8 8 10 4 2 6 10 10 8 8 10 2 9 10 8 8 10 10 8 8 11 5 4 11 4 4 5 10 10 8 7 7 7 7 10 8 8 10 10 8 8 4 10 8 11 11 5 4 4 5 10 10 8 8 10 11 5 2 9 5 4 4 4 4 4 4 4 4 10 11 5 5 7 11 5 4 10 10 8 0 6 10 8 7 7 7 8 11 2 9 11 5 4 2 3 7 10 10 7 7 7 7 7 7 7 8 2 9 10 8 8 4 4 4 4 11 5 7 10 7 8 4 10 10 8 8 11 4 5 4 11 11 5 5 4 4 4 4 11 4 5 7 0 6 7 7 10 7 7 7 7 8 7 10 8 11 11 5 5 11 4 5 11 4 4 11 5 2 7 7 9 8 11 5 1 3 4 11 11 5 11 8 2 9 11 5 4 5 11 5 0 6 10 7 7 7 10 8 8 10 10 8 7 7 7 7 7 7 8 11 4 4 4 5 10 10 8 2 3 4 4 10 10 8 8 4 11 4 4 4 4 4 4 5 4 11 11 5 2 3 4 10 10 8 7 7 0 6 7 7 7 7 7 7 7 7 7 5 11 4 10 8 7 5 10 7 10 8 4 2 3 4 1 3 4 11 11 5 7 8 11 4 4 4 4 4 4 4 4 4 5 7 10 8 10 10 7 8 2 10 9 5 5 10 10 7 7 7 7 7 8 8 10 10 7 7 7 5 2 11 3 11 5 5 4 11 4 5 10 8 11 2 6 7 10 11 4 5 5 4 4 11 4 4 5 4 4 10 11 5 5 7 11 10 8 8 10 10 7 7 8 8 10 7 8 11 11 5 5 10 7 11 5 5 10 10 7 8 7 7 8 4 11 11 4 4 8 7 7 7 7 8 11 4 4 4 4 4 4 4 4 1 3 4 4 5 4 4 10 10 8 0 6 7 7 8 7 7 11 5 10 7 7 8 10 10 8 4 1 3 4 5 10 8 11 11 5 5 10 8 4 11 11 5 4 4 4 5 10 10 8 10 8 2 3 10 10 7 8 10 7 5 2 9 10 8 7 7 8 4 4 11 4 4 5 4 11 11 5 5 10 10 0 6 7 8 0 6 7 7 7 10 8 7 8 11 4 4 5 11 10 8 8 10 10 7 7 8 7 8 11 5 7 11 10 8 2 11 3 11 5 4 5 10 8 11 1 3 4 4 5 7 10 8 10 4 11 5 4 4 4 4 4 5 10 7 10 8 7 7 8 4 4 10 11 5 5 4 4 4 4 4 11 11 5 2 7 7 9 8 7 7 7 10 7 7 7 7 11 5 2 4 11 3 11 5 5 10 2 6 4 11 4 4 4 5 10 10 8 2 6 7 10 11 5 5 7 7 10 10 8 10 8 8 11 5 10 11 5 5 4 10 4 4 4 4 5 7 10 10 7 7 7 7 7 7 8 7 7 10 8 8 11 2 9 4 5 10 10 8 7 7 8 11 11 5 5 4 4 11 5 4 11 5 10 7 7 7 11 5 5 4 11 4 4 4 5 0 9 0 6 7 7 7 7 7 8 10 7 11 5 4 5 11 4 4 4 4 4 4 4 5 10 10 8 8 10 7 8 10 8 11 11 5 5 10 7 10 8 7 7 8 11 11 5 7 7 7 7 7 8 11 2 11 5 4 4 4 4 9 4 1 4 3 5 4 4 4 11 5 10 10 8 2 9 5 11 11 5 4 4 2 10 10 8 6 7 7 7 7 8 7 10 10 8 8 11 5 10 10 8 2 9 7 7 8 4 4 11 11 5 7 7 7 7 8 7 11 11 5 4 4 4 4 4 4 5 7 10 7 8 11 11 5 2 6 10 7 7 8 10 10 8 7 8 7 11 1 11 5 3 4 4 1 3 4 4 4 5 4 10 2 9 11 5 5 4 4 11 4 5 10 10 8 2 10 10 7 7 8 6 10 8 7 8 11 10 8 8 10 10 7 7 7 2 8 9 10 8 8 11 11 4 5 11 5 11 5 4 4 4 5 10 7 7 7 7 8 11 11 5 4 4 4 4 4 5 10 10 8 8 10 7 11 5 4 4 4 5
ppo_x50_b_fd_l4_same_gamma,4,qv18_12,18,149,True,867.0,7.0543372631073,8 6 2 10 10 8 8 9 10 8 8 11 5 0 6 10 10 8 8 10 2 3 10 10 8 8 10 10 8 8 10 10 8 8 11 1 3 5 11 11 5 2 11 3 4 5 7 10 10 8 8 10 10 7 7 8 5 10 4 5 7 10 10 8 8 1 9 8 11 4 4 4 4 4 4 4 4 4 4 11 5 4 5 10 8 10 8 11 11 5 2 9 5 7 7 10 7 7 7 7 7 7 8 4 10 10 7 8 2 4 4 4 11 3 5 11 11 5 4 5 11 5 10 10 8 2 10 6 8 11 11 5 5 10 8 7 10 10 7 7 7 7 8 7 8 7 10 10 8 8 4 4 11 5 11 5 1 3 4 4 4 4 4 4 4 11 4 4 5 10 10 8 2 9 5 10 10 8 8 4 4 11 4 2 9 10 8 8 10 10 7 8 2 10 10 7 6 7 7 7 7 7 8 7 8 11 4 4 5 10 8 10 10 8 8 4 4 4 11 5 10 2 9 10 8 8 10 10 8 7 8 11 2 9 11 5 4 4 4 5 11 5 7 11 11 5 4 4 4 4 5 4 4 10 2 9 10 8 10 8 7 7 0 6 7 7 7 7 5 10 10 7 8 2 3 10 11 7 7 7 8 2 3 4 4 4 4 4 4 4 4 11 4 4 4 4 4 4 5 7 7 7 7 11 5 11 11 5 2 6 7 11 4 4 5 7 7 7 7 7 7 10 10 8 8 7 10 10 8 8 7 11 1 9 5 5 4 4 4 4 4 11 4 5 10 10 8 8 4 11 5 10 10 8 2 3 4 4 10 11 5 5 7 10 10 8 7 7 10 8 8 10 11 5 2 3 4 4 11 5 7 10 7 7 7 10 7 8 7 7 7 8 10 7 1 9 8 8 11 5 4 4 4 11 4 4 4 4 4 4 4 4 4 4 5 0 6 10 11 5 5 10 0 6 10 7 8 7 7 7 10 8 2 9 5 11 10 8 8 10 10 7 8 8 7 11 4 4 4 4 4 5 10 11 5 5 10 2 9 10 8 7 7 7 7 7 10 8 8 11 5 7 7 11 11 5 4 5 7 7 11 5 4 4 11 4 4 4 4 4 5 7 7 7 7 10 8 11 11 5 5 10 10 7 7 7 8 7 7 7 8 4 4 4 4 7 11 1 3 4 4 4 4 4 4 4 4 4 5 7 10 7 8 11 2 9 10 8 7 8 11 2 3 4 4 11 11 5 4 5 0 9 5 10 10 8 7 7 7 7 7 7 7 7 7 10 7 8 8 4 10 10 7 8 8 11 4 5 4 10 10 8 4 4 5 10 7 7 7 8 11 11 5 2 7 9 8 11 11 5 2 3 11 11 5 4 4 4 4 4 4 4 5 0 9 5 10 7 7 8 7 10 10 7 7 8 2 4 4 3 4 11 4 4 5 10 10 8 7 8 11 4 4 4 4 5 7 10 10 8 10 8 7 5 10 10 8 7 7 7 7 7 8 11 11 5 4 4 4 4 4 4 5 10 2 7 11 9 5 2 9 10 8 8 4 4 4 4 11 11 5 5 7 7 7 7 10 8 7 10 10 7 8 7 7 7 7 8 4 1 3 4 4 4 10 8 11 11 5 4 4 4 5 7 10 8 4 11 5 4 11 11 5 2 11 5 11 9 5 4 5 10 7 7 0 6 7 8 10 0 6 7 7 10 7 7 7 8 8 11 2 3 4 1 9 11 5 2 3 10 7 11 5 4 5 7 10 8 11 11 5 5 10 7 8 7 7 10 10 8 7 8 1 3 4 4 11 4 5 11 1 4 3 4 5 4 11 5 11 4 5 10 10 7 8 2 7 7 7 10 10 7 8 8 9 5 10 10 8 8 4 4 4 4 11 5 10 2 9 11 5 4 4 4 4 4 4 5 10 10 8 7 7 7 7 7 7 8 4 4 4 10 8 11 11 5 5
ppo_x50_b_fd_l4_same_gamma,5,qv18_13,18,155,True,897.0,7.3260416984558105,8 6 2 10 9 8 8 10 10 8 8 11 5 11 11 5 5 7 7 7 10 10 8 8 10 10 8 8 11 5 10 10 7 8 8 10 10 8 8 10 10 8 8 4 4 11 7 11 5 2 4 3 11 4 4 5 11 11 5 7 7 7 8 11 4 4 4 4 11 5 11 5 2 6 11 5 10 10 8 8 7 10 7 7 7 10 7 2 5 9 5 10 7 10 8 7 7 8 7 11 4 4 4 4 5 4 1 3 4 4 4 4 11 4 5 10 10 8 8 4 4 11 11 5 2 10 8 7 7 9 10 8 7 7 7 7 7 8 11 10 7 5 2 7 10 7 7 9 8 7 8 4 4 7 1 9 5 11 5 10 7 11 5 2 9 5 4 4 4 11 5 4 4 11 4 11 5 2 7 9 8 11 4 4 4 5 10 10 8 7 8 10 10 7 7 8 2 3 10 11 5 5 4 11 5 4 4 10 10 8 7 8 4 4 11 5 4 11 11 5 2 7 7 10 6 7 7 10 7 7 7 7 7 7 7 7 8 7 8 4 4 1 3 4 11 4 5 11 2 9 7 11 5 5 10 7 7 7 8 11 11 5 5 4 4 11 4 4 4 10 8 2 9 10 8 7 7 8 10 7 7 7 7 7 8 11 11 5 1 3 4 4 4 5 10 10 8 2 9 7 8 4 4 4 11 11 5 5 11 5 11 7 7 7 7 8 11 11 4 5 11 5 4 4 4 5 10 10 8 2 9 7 8 10 7 7 8 7 7 10 10 7 8 5 10 10 7 8 2 11 5 4 4 4 4 4 3 4 4 4 4 4 11 5 4 10 10 8 7 7 8 7 7 10 8 11 11 5 5 11 2 9 11 5 5 7 10 10 8 7 8 4 4 4 11 4 4 4 5 11 11 5 7 7 7 8 7 7 7 7 10 7 7 7 7 7 7 8 11 2 9 11 5 1 3 4 1 3 4 4 5 11 5 4 4 11 11 4 5 2 9 4 5 4 10 10 8 7 0 6 7 7 7 7 7 7 8 4 4 4 11 2 9 11 5 0 6 8 11 2 9 11 5 5 11 4 11 5 5 0 6 10 10 8 7 7 8 11 2 10 7 10 6 7 8 8 11 5 10 7 7 8 11 11 5 2 4 10 9 8 7 7 7 8 11 2 9 4 10 8 8 11 5 11 5 11 5 4 4 4 4 11 5 11 11 5 4 11 5 8 10 10 8 7 7 8 1 3 4 10 11 5 5 4 11 11 5 5 7 11 11 5 4 4 2 10 6 10 8 7 7 7 7 7 7 7 7 7 10 8 8 11 5 4 11 10 8 8 10 7 7 7 11 7 8 4 2 3 4 11 11 5 4 4 4 5 7 11 11 5 2 3 11 10 8 8 11 11 5 4 4 4 4 5 10 0 6 7 7 7 8 10 10 7 7 7 7 8 2 10 4 9 5 8 4 4 4 11 5 7 10 7 10 8 7 7 8 10 8 11 4 11 5 5 4 4 4 4 4 11 5 11 4 5 10 10 8 7 8 11 4 4 4 5 10 7 8 4 11 11 5 4 5 10 10 8 2 9 7 7 10 8 7 7 8 7 7 10 7 7 7 7 1 9 8 8 11 2 11 11 5 5 4 4 4 11 3 4 5 4 11 5 11 5 11 11 5 5 11 11 5 4 2 6 7 7 10 10 8 4 5 10 10 7 7 7 7 8 7 11 5 2 4 3 11 4 5 11 5 7 10 10 8 8 10 10 8 10 8 7 7 8 4 11 4 5 10 10 8 8 7 11 5 11 11 5 2 9 8 7 10 10 8 7 7 7 8 11 4 5 11 11 5 4 4 4 5 7 11 2 10 6 7 7 7 8 10 10 8 2 4 4 3 4 10 8 11 11 5 4 4 4 4 5 10 10 8 7 8 11 11 5 4 4 4 4 4 4 5 0 10 8 11 11 5 5 3 10 10 7 7 8 7 7 7 7 7 7 10 7 7 7 7 7 2 8 4 4 4 4 11 4 5 10 10 8 8
ppo_x50_b_fd_l4_same_gamma,6,qv18_14,18,154,True,893.0,7.291626691818237,8 6 2 6 7 10 10 8 8 10 10 8 8 10 10 8 8 11 5 11 11 5 4 5 10 10 4 4 4 5 11 5 2 9 8 7 7 10 11 5 5 7 7 10 10 8 2 9 8 7 7 10 10 8 7 5 11 4 4 5 11 5 7 11 11 5 4 4 5 7 7 7 10 8 10 7 7 7 10 8 8 10 10 8 8 4 10 4 5 4 4 10 10 8 7 7 8 11 4 4 5 1 3 4 4 4 4 4 11 4 5 10 10 8 8 10 10 8 8 10 8 4 4 4 11 10 8 4 5 4 11 11 5 4 2 6 7 7 7 7 7 7 7 7 10 11 7 7 7 7 8 2 10 8 9 10 8 8 4 4 11 4 5 10 11 5 5 10 7 7 5 10 10 8 8 4 4 11 5 4 11 11 5 2 11 9 5 5 11 5 4 4 0 6 10 10 7 7 8 7 5 10 10 8 2 7 7 6 10 8 11 11 5 2 9 11 5 7 7 7 8 4 4 4 4 4 4 11 5 4 10 4 4 4 11 5 4 5 11 4 5 0 6 10 10 8 7 7 7 7 8 10 10 8 8 4 10 4 4 4 5 10 10 8 7 8 10 4 5 10 10 7 7 8 2 10 6 7 7 8 4 11 11 5 4 4 4 4 4 4 4 4 5 11 2 9 10 8 8 4 4 10 2 9 10 8 7 8 7 7 7 10 7 7 7 7 8 11 4 11 5 5 4 11 4 5 10 10 8 10 8 2 9 11 4 8 7 7 7 7 7 8 4 11 4 5 4 10 10 8 7 0 6 7 8 4 1 4 11 4 4 4 4 4 3 11 5 4 4 4 4 4 5 10 10 8 8 7 11 5 10 2 9 10 8 10 8 8 7 7 7 7 7 10 8 4 4 11 7 7 10 8 8 10 8 4 4 11 7 10 8 8 11 5 11 4 11 5 4 4 4 4 4 4 5 10 10 8 8 4 4 11 5 4 4 10 0 6 10 8 8 7 10 7 7 7 8 11 11 5 7 7 8 11 4 4 11 5 2 11 4 3 5 10 10 8 8 10 10 8 2 6 10 10 8 7 8 7 11 11 5 5 11 5 4 4 4 11 5 4 4 11 11 5 5 11 10 8 8 10 7 10 7 7 8 10 8 7 7 7 8 7 10 7 10 7 8 8 1 3 4 11 10 2 8 7 11 9 8 8 4 11 5 4 4 4 10 8 11 11 5 4 4 4 4 4 5 10 2 6 10 8 4 10 10 8 8 4 10 11 5 5 7 10 7 10 8 4 4 4 4 5 10 2 9 8 10 8 10 7 7 10 7 7 8 2 6 10 10 8 4 4 4 5 11 2 9 10 8 8 11 10 8 8 10 10 7 8 4 4 1 4 4 5 4 4 4 3 11 4 5 4 11 4 4 5 7 7 7 10 10 8 7 8 11 11 5 4 5 11 2 9 10 8 7 7 8 4 4 4 11 4 4 4 2 10 10 8 9 8 0 6 7 7 7 7 8 10 10 8 7 8 10 10 7 8 7 8 11 5 10 7 10 8 2 11 3 1 3 4 5 11 4 4 11 5 4 4 5 10 10 8 4 4 5 11 2 9 0 6 7 7 7 7 7 11 5 2 9 7 7 7 7 8 11 11 5 4 4 5 7 11 11 5 4 11 5 4 11 5 2 3 11 11 5 5 7 10 8 10 10 8 4 4 4 4 5 7 7 7 7 7 10 8 4 10 7 8 4 11 11 5 5 11 4 4 4 5 7 7 7 10 10 8 8 11 4 5 7 7 7 10 10 8 7 7 7 7 7 8 4 11 1 3 5 11 4 5 10 10 8 2 6 10 10 8 8 1 11 3 4 4 4 4 4 5 4 4 4 4 4 11 4 5 10 10 8 8 4 10 2 9 11 5 5 10 10 7 8 7 8 0 10 6 10 8 10 8 7 7 8 10 10 8 8 7 10 10 8 8 4 11 10 2 8 11 11 5 4 5 4 4 4 4 9 5 4 4 4 11 11 5 2
ppo_x50_b_fd_l4_same_gamma,7,qv18_15,18,156,True,919.0,7.379753112792969,8 6 0 5 6 10 10 8 2 9 4 5 10 10 7 8 8 10 2 3 10 10 8 8 10 10 8 7 5 11 5 4 11 5 11 5 10 10 8 4 4 4 5 10 10 8 7 7 7 7 7 10 8 8 10 10 8 8 4 4 4 4 11 5 10 10 7 8 7 7 8 4 4 11 11 5 2 9 0 6 8 10 10 8 8 10 10 8 8 10 2 9 11 5 5 4 4 11 11 5 11 5 4 4 5 4 11 4 8 11 11 5 4 4 2 10 9 8 7 7 7 7 7 7 8 11 4 4 5 4 11 4 2 9 10 8 8 11 10 8 4 5 4 10 10 8 0 6 7 7 7 7 8 10 11 5 2 9 11 5 7 7 8 4 4 4 4 11 5 7 10 7 7 7 8 7 7 7 7 10 10 8 8 4 4 4 11 4 4 4 4 5 10 7 7 8 10 10 8 8 11 4 4 5 4 11 11 5 5 10 8 4 4 4 10 11 5 5 11 4 5 4 10 10 8 7 7 7 8 7 10 10 8 7 7 7 8 4 4 4 11 4 5 10 10 8 8 10 2 6 7 10 7 10 8 8 4 4 11 2 3 11 4 4 4 4 4 5 11 4 5 10 10 8 7 7 7 7 7 8 10 2 7 10 10 8 8 4 4 11 5 4 4 11 9 5 4 4 5 4 11 4 5 10 10 8 8 10 10 7 8 7 7 7 7 8 11 2 4 9 4 11 5 5 10 11 5 2 3 10 4 4 10 8 8 10 10 7 7 8 7 7 7 7 7 8 11 4 4 4 4 4 4 5 10 4 1 3 4 4 4 5 11 4 10 8 7 7 8 11 4 4 5 4 10 10 8 7 7 7 7 7 7 8 10 11 5 5 10 10 8 7 10 8 7 7 7 7 8 11 11 5 5 4 4 11 4 10 8 8 10 2 3 4 4 4 4 4 4 11 11 5 2 3 10 7 7 10 7 8 7 7 7 7 7 7 8 4 11 5 11 11 5 2 9 8 4 4 4 4 4 10 8 11 11 5 4 4 4 5 11 5 10 10 8 2 9 8 7 7 11 11 5 4 4 4 5 7 10 8 7 7 7 10 7 7 7 7 7 10 8 7 7 7 8 11 11 5 5 11 11 5 7 8 11 2 9 5 4 4 4 10 10 8 7 7 7 8 11 5 1 4 4 3 4 4 4 4 11 4 4 5 4 4 11 11 5 2 7 7 10 9 5 5 7 10 10 8 0 6 7 10 8 7 5 7 10 10 8 8 10 4 10 7 8 7 7 7 8 11 2 9 11 5 4 4 5 10 7 8 11 11 5 4 4 5 4 4 4 11 11 5 2 11 3 5 10 10 8 8 7 10 10 8 7 7 8 11 4 5 10 8 10 10 8 7 7 7 7 8 11 5 11 11 5 4 4 5 4 11 5 7 7 7 7 11 4 11 5 4 4 4 4 4 4 4 4 5 10 2 6 7 7 7 10 7 7 7 8 11 11 5 2 3 11 11 5 7 8 11 11 5 11 5 5 7 10 7 7 8 4 11 11 5 7 8 10 7 10 8 10 7 8 7 7 7 8 1 9 11 5 2 3 11 11 5 2 6 4 4 4 4 11 4 4 4 4 4 5 10 10 8 2 9 4 5 7 11 11 5 4 4 2 9 10 8 8 7 7 7 0 6 7 7 7 7 7 7 10 8 10 7 7 8 11 11 5 4 4 5 1 9 5 10 10 8 7 8 11 5 4 4 4 11 5 4 4 4 11 11 5 7 8 4 11 11 5 2 9 7 7 7 10 8 7 10 8 8 11 4 4 5 10 7 10 7 8 7 7 8 11 11 5 2 7 9 8 10 10 8 8 7 11 11 5 4 4 4 4 5 11 5 10 10 8 8 7 11 11 5 4 4 4 4 5 7 7 7 10 8 4 11 11 5 11 5 4 4 4 5 11 11 5 2 7 9 10 8 8 4 10 10 8 7 7 8 10 7 7 10 8 8 10 10 8 8 10 10 8 8 10 10 2 8 11 11 4 5 4 4 4 4 4 4 4 4 11 5 3 4 4 4 5 10 8 11 11 5 2
ppo_x50_b_fd_l4_same_gamma,8,qv18_16,18,157,True,930.0,7.457625150680542,8 6 10 5 2 9 10 8 8 10 10 8 8 11 5 7 10 10 8 8 10 10 8 8 11 5 11 4 5 10 10 8 7 8 10 10 8 7 5 10 10 8 8 11 5 10 10 7 8 8 11 5 10 10 8 2 3 4 4 1 11 9 8 8 4 11 4 11 5 4 5 10 7 8 7 11 10 0 6 7 7 8 8 11 4 4 4 4 4 4 4 4 5 4 4 11 11 5 5 7 7 0 6 7 7 7 10 7 7 7 8 10 8 7 11 11 5 11 8 4 4 11 5 2 11 5 9 4 5 10 10 7 8 8 7 11 2 9 10 8 8 10 8 10 4 11 5 4 4 11 5 4 4 4 5 7 7 10 7 7 7 7 7 7 7 8 4 4 4 4 11 5 10 7 7 8 4 11 11 5 7 7 8 10 0 6 7 10 8 8 4 4 4 4 4 4 4 1 3 4 11 4 4 5 7 10 7 11 5 7 8 4 11 4 8 11 4 4 10 8 2 10 9 5 5 10 10 8 4 4 5 7 7 10 7 7 7 7 7 5 7 7 10 8 7 7 11 7 8 4 11 11 7 8 4 4 4 4 4 4 4 5 11 2 6 7 7 11 11 5 4 4 5 11 4 5 10 10 8 7 7 10 8 7 7 7 7 7 8 11 2 4 4 9 11 5 5 4 4 4 4 11 4 8 4 11 11 5 4 2 10 9 8 7 7 7 7 7 8 10 8 10 8 7 7 7 11 10 8 7 7 8 10 8 4 4 10 11 5 5 4 4 4 4 11 5 4 4 10 11 5 2 10 6 10 8 0 6 8 10 10 7 7 8 2 11 5 4 11 4 3 5 4 11 11 5 4 4 5 10 10 8 2 6 0 10 9 5 8 4 10 11 5 5 4 10 10 8 7 7 10 8 10 8 10 8 8 10 10 8 8 10 8 4 11 4 5 7 10 10 8 2 4 10 9 5 5 4 4 4 4 11 11 5 4 4 4 4 5 7 7 7 7 7 7 7 10 8 10 4 11 5 7 7 7 8 4 11 4 5 4 11 4 5 7 11 11 5 4 4 5 4 10 10 8 7 7 7 7 7 7 10 8 7 5 10 10 8 7 7 8 7 11 11 5 5 10 7 7 8 11 4 4 5 4 10 8 11 11 5 4 4 5 11 10 8 2 9 8 11 11 5 4 10 8 7 7 7 7 7 8 10 2 9 10 8 8 4 4 11 10 8 8 11 2 11 5 4 4 3 10 11 5 5 4 11 11 5 4 4 4 5 11 2 9 4 5 10 10 8 7 7 7 7 8 11 4 5 4 4 10 10 8 7 8 11 2 10 9 8 7 7 7 7 7 7 7 7 8 11 2 11 11 5 3 5 4 11 5 7 10 7 8 11 11 5 4 4 4 4 4 4 5 10 11 5 5 11 4 10 8 7 8 10 8 11 4 4 5 4 4 4 10 10 8 7 7 7 7 7 7 8 4 4 4 4 4 11 4 2 9 10 8 8 11 5 11 5 7 10 10 8 2 6 10 10 7 8 7 10 8 8 10 4 4 5 11 4 4 5 10 7 10 7 7 8 7 7 7 7 7 7 8 4 11 4 4 4 4 4 10 8 7 8 11 11 5 2 6 7 10 8 10 7 10 8 8 4 11 1 3 4 4 4 4 4 4 4 5 4 11 5 10 10 7 7 7 8 7 8 10 8 11 11 5 7 7 8 4 4 11 11 5 2 9 8 4 11 4 4 5 4 4 11 11 5 5 7 7 10 10 8 7 8 10 10 8 7 7 8 11 4 5 10 10 7 7 8 2 6 7 10 10 8 8 11 2 9 10 8 8 11 1 3 4 4 4 5 4 10 11 5 5 4 4 4 11 11 5 2 3 7 10 7 10 7 7 7 7 8 2 6 11 4 4 5 10 8 7 10 10 8 8 4 4 4 4 4 4 11 4 5 4 11 11 5 2 7 7 7 7 7 7 11 9 8 8 10 7 8 7 7 10 10 8 2 9 10 8 8 11 4 4 4 4 4 5 11 11 5 4 4 4 4 4 4 4 5 10 10 8 2 10 10 7 7 7 7 8 8 7 7 7 7 7 7 10 10 8 8
ppo_x50_b_fd_l4_same_gamma,9,qv18_17,18,156,True,919.0,7.387007474899292,8 8 6 7 10 4 11 5 2 7 9 5 10 0 6 10 8 8 10 10 8 8 11 4 4 5 10 10 8 7 7 10 8 8 10 10 8 8 11 5 11 4 4 4 4 4 4 4 5 7 7 10 11 5 5 4 10 10 8 7 7 8 11 4 5 10 10 8 7 5 10 10 7 7 8 2 6 7 10 10 8 8 10 10 8 8 11 5 4 11 5 7 10 10 7 7 8 8 11 5 11 5 7 11 2 11 3 5 7 7 10 7 11 5 4 4 4 4 4 4 4 5 10 10 8 2 6 10 8 11 11 5 2 6 11 11 5 4 5 10 7 8 4 4 4 4 4 11 4 5 11 11 5 7 7 8 7 10 4 10 8 10 8 7 10 7 8 7 7 7 7 8 11 11 5 4 5 11 0 6 7 7 8 10 10 7 8 2 11 11 5 3 4 4 4 4 5 7 10 8 10 7 11 5 4 4 4 4 5 10 7 10 8 8 4 11 4 4 4 4 4 5 7 10 0 6 7 8 10 10 8 8 7 7 7 7 7 11 4 5 10 7 10 8 8 11 5 10 10 8 10 8 4 4 4 4 4 5 11 2 9 7 8 4 11 5 4 4 11 5 11 11 5 7 7 8 11 4 4 5 11 2 9 11 5 4 5 7 11 11 5 5 7 7 10 7 8 7 7 10 10 8 7 8 7 10 10 8 8 4 11 5 10 7 7 7 8 11 11 5 4 4 5 4 11 4 5 10 8 4 10 11 5 5 10 7 7 7 7 7 11 5 1 3 4 4 4 4 4 4 4 4 4 5 10 10 8 8 7 11 5 0 6 7 7 7 7 10 0 6 11 5 7 8 4 4 4 4 11 2 9 10 8 8 10 2 9 10 8 8 10 10 8 7 7 7 8 4 4 4 11 4 5 11 5 4 4 4 11 4 11 5 4 5 10 0 6 7 8 7 7 11 10 8 8 7 7 7 10 7 10 7 7 8 7 8 4 4 11 2 9 7 8 11 11 5 5 10 7 7 8 4 11 5 1 3 4 4 4 11 4 4 4 5 7 11 11 5 11 5 2 6 10 7 7 7 8 10 10 8 7 8 4 4 11 4 4 4 4 11 5 2 3 11 4 5 4 0 6 7 10 10 8 8 10 7 10 8 8 10 10 8 8 10 10 7 7 7 8 4 2 4 4 11 5 4 3 11 4 4 5 7 11 5 10 10 8 7 7 8 10 10 8 8 4 4 11 4 4 4 4 5 10 8 4 11 11 5 4 4 5 10 10 8 7 7 7 7 7 7 8 7 10 10 8 4 5 10 10 7 7 7 7 8 8 4 11 5 10 10 8 8 11 5 11 11 5 2 6 4 11 5 4 4 4 11 11 5 4 4 4 4 5 0 9 11 5 4 5 10 10 8 7 7 7 7 7 7 7 7 7 7 7 7 8 4 11 4 5 10 10 8 2 9 8 11 5 11 4 4 11 5 0 6 7 7 7 7 7 8 1 9 5 4 4 4 4 11 1 3 4 4 5 11 4 4 5 4 11 11 5 2 9 8 7 10 10 8 7 8 7 7 11 4 5 7 10 10 8 8 10 10 8 8 11 4 4 4 4 4 5 7 10 7 7 7 8 11 11 5 2 6 4 10 0 6 7 7 7 7 7 7 8 11 11 5 4 2 11 3 11 5 5 4 4 4 11 4 2 9 10 8 8 11 10 8 2 9 10 7 7 7 7 7 5 4 4 4 5 11 5 7 7 10 10 7 8 5 7 10 10 7 5 2 11 4 3 11 5 4 4 4 4 4 4 4 4 5 10 8 4 4 4 10 11 5 5 7 10 8 10 8 7 7 7 7 11 10 8 8 7 7 11 5 11 11 5 4 11 5 4 4 4 4 5 10 10 8 7 8 10 8 10 2 9 10 8 4 4 5 10 7 7 8 7 7 10 7 8 7 7 10 10 8 2 6 11 11 4 5 11 5 4 4 4 4 4 4 5 10 11 5 4 5 11 11 5 7 7 8 4 4 11 4 5 10 10 8 2 11 9 8 8 10 10 7 7 8 8 10 10 7 7 8 2 10 10 8 8
ppo_x50_b_fd_l4_same_gamma,10,qv18_18,18,158,True,954.0,7.548386335372925,8 6 2 9 10 8 8 10 10 8 8 10 4 5 7 10 10 8 8 10 10 8 8 11 5 11 11 5 2 9 4 5 10 10 8 8 7 7 10 10 8 8 10 10 8 8 11 5 4 4 4 4 11 5 10 10 8 2 11 3 4 5 10 7 7 7 7 7 0 6 7 10 8 8 10 2 9 10 8 8 4 11 5 4 11 11 5 4 4 4 5 11 2 9 10 8 7 7 7 8 4 4 4 4 4 11 4 4 5 4 11 11 5 5 7 7 10 0 6 7 7 10 8 8 10 10 8 10 7 8 8 7 11 10 7 8 5 10 10 8 2 9 8 4 4 4 4 4 1 9 11 5 4 4 5 11 11 5 2 6 4 4 4 11 10 8 2 10 6 7 7 7 7 7 7 7 7 7 11 5 4 5 10 8 11 11 5 4 10 2 8 11 9 5 4 4 4 4 5 11 4 2 3 7 10 10 8 2 6 10 7 10 8 10 8 2 9 7 7 11 5 5 11 11 5 11 4 5 4 4 4 4 5 7 7 7 10 7 8 11 11 5 2 9 11 5 5 10 7 8 10 10 8 10 8 7 7 7 7 7 8 4 1 3 4 4 10 4 10 8 4 5 4 4 4 10 11 5 5 10 7 8 4 4 4 11 11 5 5 4 10 10 8 2 7 7 7 7 7 7 7 9 7 5 7 11 11 5 2 3 4 4 4 7 4 10 7 4 10 8 10 8 7 7 7 10 8 7 7 7 8 11 2 9 11 5 5 4 4 4 11 5 10 7 10 8 7 8 11 2 6 11 11 5 7 7 7 8 11 2 3 4 11 4 4 4 4 4 4 4 11 5 5 7 11 2 9 10 8 7 7 7 8 11 7 7 5 4 4 4 4 4 11 4 5 4 4 10 10 8 7 7 8 7 7 10 8 10 7 7 10 8 4 4 4 4 5 11 2 3 4 10 0 6 7 7 7 7 7 10 8 8 10 10 8 2 11 3 4 5 4 4 4 4 4 4 4 11 11 5 5 10 8 4 11 11 5 2 3 4 10 10 8 7 7 7 7 7 8 7 7 10 7 7 7 7 7 8 4 4 4 4 4 4 4 11 5 11 5 10 10 7 8 8 10 10 8 8 7 10 8 11 4 4 5 10 10 8 8 7 7 10 8 11 11 5 2 11 11 5 3 4 4 5 10 8 10 4 4 11 5 2 11 5 4 9 11 5 4 4 4 4 5 7 7 7 11 5 10 10 8 0 6 8 10 10 8 8 7 10 7 7 10 8 8 7 1 3 4 11 5 10 11 2 4 5 9 7 7 8 10 11 5 5 11 11 5 4 4 4 5 4 4 4 11 11 5 4 2 6 7 7 7 10 7 7 8 10 10 8 7 7 7 7 7 10 8 8 11 5 10 7 10 8 4 2 3 4 4 1 3 4 4 11 5 4 4 4 11 5 7 11 11 5 2 9 11 5 5 10 8 10 10 8 7 7 8 4 10 10 8 7 8 7 7 10 7 7 7 8 11 11 5 11 5 5 11 5 4 4 4 4 4 4 4 4 4 11 4 2 9 10 8 8 11 2 9 10 8 7 8 10 8 10 10 8 7 7 7 8 11 4 4 5 4 4 4 4 11 4 5 7 10 10 8 0 6 8 7 7 10 10 7 7 7 7 8 8 10 7 8 11 11 5 2 9 11 5 4 4 5 7 7 7 11 5 4 4 4 4 4 1 9 11 5 4 4 4 4 8 11 5 4 11 10 8 2 10 9 8 7 7 7 7 7 7 7 7 7 7 8 10 7 7 8 11 11 5 5 7 11 10 8 8 11 2 11 3 11 5 11 5 5 11 4 10 8 1 4 4 3 5 11 4 4 5 4 11 2 3 7 10 10 8 7 7 7 7 8 10 10 8 8 11 4 5 7 7 7 7 11 10 2 6 7 8 11 11 5 2 11 11 4 5 11 5 3 4 4 5 11 2 9 11 5 5 10 10 8 4 5 4 4 11 11 5 11 5 5 10 2 10 10 8 7 7 7 6 7 10 8 8 11 4 5 10 10 8 7 8 7 11 11 5 2 9 5 7 7 11 10 8 8 4 4 10 10 8 7 7 7 7 8 11 11 5 4 4 4 4 4 1 3 4 4 5 4 4 4 4 11 11 5 2
ppo_x50_b_fd_l4_same_gamma,11,qv18_19,18,151,True,873.0,7.188873767852783,8 6 2 9 10 8 8 10 10 8 8 11 5 11 11 5 5 7 7 10 11 5 5 7 10 10 8 10 8 8 11 5 10 10 7 8 8 10 10 8 8 11 5 11 4 4 5 10 10 8 2 6 7 10 10 7 5 2 11 5 9 11 5 5 4 11 11 5 4 4 5 4 10 10 8 7 11 5 2 9 10 8 7 7 7 7 7 7 5 10 10 8 8 10 10 8 8 11 5 4 4 4 11 5 4 4 4 4 4 10 11 5 5 4 11 11 5 7 7 7 7 7 8 11 2 10 9 8 7 10 8 7 8 4 11 11 5 7 8 11 2 9 11 5 4 4 4 4 5 4 10 11 5 5 10 10 7 7 7 7 7 7 7 7 7 7 7 7 7 8 8 1 9 4 5 10 10 8 2 9 4 5 1 4 4 9 5 4 4 11 11 5 2 11 3 5 4 4 11 5 7 10 10 8 7 10 8 7 8 11 4 5 7 7 7 7 7 7 7 7 11 10 8 8 11 4 11 5 5 11 5 4 10 2 3 4 10 10 7 5 2 9 10 8 8 4 4 4 4 4 11 4 5 10 10 8 8 10 8 4 4 11 4 11 5 8 11 4 10 8 2 9 11 5 4 2 9 8 7 7 11 10 8 8 7 10 10 8 8 7 7 7 7 10 7 8 4 4 4 4 4 4 4 4 4 4 11 5 10 10 8 4 4 5 10 8 10 10 7 7 8 8 4 4 11 4 4 4 4 5 10 8 7 11 5 10 10 8 7 7 7 7 7 7 10 8 8 7 10 7 7 7 8 11 11 5 11 5 5 11 5 7 10 10 8 4 4 4 4 5 4 10 10 8 8 10 8 11 5 4 11 4 4 5 4 4 4 11 5 10 10 8 8 7 10 10 8 7 7 8 10 2 9 10 7 8 8 10 10 8 4 4 5 4 11 4 2 4 4 3 4 11 4 5 10 10 7 8 8 4 11 4 5 4 4 4 10 10 8 0 6 7 7 7 7 10 8 8 10 10 7 8 8 10 8 10 7 8 10 11 5 5 4 4 11 5 11 2 4 4 4 9 4 4 4 5 10 8 7 10 10 8 7 8 4 11 2 3 4 4 11 5 4 11 4 5 10 10 8 8 10 10 0 6 7 7 7 7 8 7 7 7 7 7 7 8 4 4 4 4 11 5 10 2 7 9 7 7 8 11 11 5 5 11 2 7 7 11 9 8 8 1 3 11 11 5 5 4 4 11 4 4 5 11 2 3 4 4 10 4 4 4 5 7 10 7 7 10 8 7 7 7 7 10 8 8 11 4 5 11 2 9 4 10 8 2 9 10 7 7 8 8 11 4 5 11 10 8 2 9 7 10 8 7 7 7 8 1 9 11 5 2 9 11 5 4 4 5 10 8 7 10 7 7 11 5 5 4 11 4 4 4 1 3 4 5 4 10 2 10 9 8 8 10 7 7 7 8 11 11 5 2 9 11 5 5 11 4 10 5 10 5 11 5 4 4 5 7 10 10 8 4 4 4 5 7 7 7 7 7 7 7 10 11 5 7 8 4 4 4 4 11 4 5 4 10 10 8 7 7 0 6 7 8 10 10 7 7 8 2 9 5 11 11 5 2 11 9 8 8 4 11 5 11 11 5 7 7 7 7 7 7 7 8 11 2 3 4 4 4 4 11 4 4 11 5 5 11 11 5 4 4 4 4 5 10 2 10 10 8 6 7 7 7 7 7 7 7 7 7 7 8 11 1 3 4 4 10 8 8 10 10 8 7 7 8 4 4 4 4 4 4 4 4 10 8 11 11 5 5 11 11 5 11 5 2 3 7 11 4 4 5 10 10 7 7 8 8 10 10 7 8 7 8 10 10 7 8 2 6 11 5 10 10 8 8 10 10 8 8 4 4 4 4 4 4 11 4 4 10 2 8 9 10 8 8 4 11 11 5 4 4 4 5 4 4 4 10 10 8 7 7 8
ppo_x50_b_fd_l4_same_gamma,12,qv18_2,18,153,True,901.0,7.291112422943115,8 6 10 8 8 10 10 8 8 11 5 11 11 4 5 0 5 6 7 10 8 10 10 8 10 8 8 10 10 8 8 11 5 11 11 5 2 3 4 4 11 5 7 11 11 5 5 7 7 7 10 8 10 10 7 7 7 8 8 10 10 8 8 4 10 8 11 11 5 4 5 10 10 8 2 10 9 5 5 11 11 5 5 4 10 10 8 7 7 7 5 11 5 10 7 7 10 8 8 10 10 8 8 11 11 5 4 4 5 10 4 10 8 4 5 11 5 7 7 7 10 10 8 7 8 11 5 4 4 4 11 1 3 4 5 4 11 4 4 5 10 10 8 7 8 11 11 5 2 6 7 7 10 4 1 9 5 4 4 4 4 4 5 4 10 2 10 6 7 7 7 8 7 7 7 7 7 7 7 11 10 7 5 7 5 7 10 10 8 4 2 4 4 4 9 11 5 2 11 9 5 5 4 4 4 4 4 11 5 7 7 7 7 7 10 7 7 8 4 10 8 11 11 5 4 4 4 4 4 5 11 11 5 5 7 10 7 7 7 7 7 8 11 11 5 5 4 11 2 9 11 5 7 7 7 8 11 2 9 11 5 7 7 8 4 10 10 8 8 10 10 8 8 4 4 7 4 7 4 10 4 4 4 4 4 4 10 8 8 4 10 11 5 4 4 4 5 7 7 7 10 7 7 7 7 8 11 2 9 11 5 4 7 4 11 4 4 5 5 0 6 7 7 7 7 10 8 10 7 7 10 8 7 8 11 11 5 2 4 11 3 5 4 11 11 5 2 9 10 8 7 7 7 8 11 4 4 11 5 4 4 4 4 4 5 11 11 5 4 5 10 8 7 7 7 11 5 10 10 8 7 7 7 7 7 7 8 4 4 10 2 11 9 5 5 4 11 4 4 4 4 5 4 4 10 10 8 7 7 7 8 10 8 4 11 4 5 10 10 8 8 11 4 4 5 7 11 10 4 5 2 6 0 6 7 10 10 8 10 8 7 7 10 8 8 10 10 8 7 8 11 1 9 8 8 11 11 5 4 10 8 2 10 8 6 7 10 10 8 4 4 1 3 4 1 3 4 5 11 7 7 8 4 11 4 4 4 4 4 4 5 11 4 5 10 10 8 7 7 7 10 8 2 4 11 9 8 8 4 4 4 4 11 4 11 5 2 9 10 8 2 10 10 6 7 7 7 7 7 7 8 8 11 5 10 7 7 8 11 7 7 8 10 7 8 4 11 11 4 4 4 5 5 11 4 4 4 5 4 4 10 2 9 11 5 4 4 5 7 10 8 11 11 5 5 7 7 7 10 10 7 7 8 7 8 4 4 11 5 10 10 8 8 10 10 8 8 10 7 8 11 11 5 5 11 2 7 7 9 7 7 8 11 11 5 4 1 9 5 4 4 4 5 4 4 4 4 11 4 5 10 10 8 8 10 11 5 5 7 10 10 8 7 7 7 7 7 8 11 11 5 4 5 7 7 10 8 11 11 5 5 11 11 5 2 10 6 7 7 7 7 7 7 7 8 4 4 4 4 11 5 11 4 4 11 5 5 7 11 11 5 4 4 5 4 10 10 8 7 7 7 7 8 7 7 7 10 10 7 8 7 7 8 4 4 11 5 7 10 8 4 1 9 5 4 4 4 4 4 11 5 10 10 8 4 4 4 5 7 7 7 7 7 11 4 5 10 10 8 2 9 10 8 8 7 10 8 11 4 4 5 7 7 7 10 10 8 8 4 4 11 4 4 4 5 7 11 11 5 5 7 7 7 11 11 5 4 4 4 4 5 10 11 5 7 8 10 4 4 4 4 4 4 10 8 0 6 7 8 7 7 7 10 10 8 2 9 7 8 10 10 7 8 4 4 4 5 10 2 7 7 10 10 8 7 8 6 10 7 11 5 4 5 4 4 4 4 4 11 5 10 8 4 4 4 4 4 10 8 4 4 4 10 11 5 5 10 10 7 7 8 8 4 11 5 10 10 8 2 10 10 7 7 8 9 8 8 10 2 10 8 11 11 5 4 5 9 4 10 8 8
ppo_x50_b_fd_l4_same_gamma,13,qv18_20,18,155,True,924.0,7.4332756996154785,8 6 10 5 2 10 9 8 8 10 10 8 8 11 5 11 11 5 2 6 7 11 5 10 10 8 10 8 10 8 8 10 10 8 8 10 10 8 8 11 5 10 7 10 8 8 10 10 8 8 11 5 7 10 10 8 8 4 4 4 1 3 4 11 4 4 5 11 11 5 4 5 0 6 10 7 7 7 7 7 8 10 7 10 8 2 11 3 4 4 4 4 4 4 5 11 4 2 9 11 5 4 4 4 5 7 7 0 6 7 7 11 5 10 4 4 4 5 7 10 11 5 5 7 10 10 7 8 10 8 7 7 8 10 10 8 8 7 11 2 6 7 11 10 7 8 2 9 8 4 11 11 5 4 4 5 10 10 8 2 6 10 7 11 5 4 4 4 4 11 5 2 9 4 5 10 10 8 2 9 5 4 11 11 5 2 6 10 7 10 8 7 7 7 8 4 10 7 10 8 7 7 10 8 8 4 4 4 11 4 5 7 10 4 1 3 4 4 5 4 11 5 10 5 10 10 8 4 4 4 4 4 5 10 0 6 7 7 7 7 8 7 10 10 8 2 3 10 11 5 5 7 7 7 10 10 8 8 4 4 4 4 4 4 4 4 11 5 7 11 10 8 8 4 11 11 5 4 4 5 4 10 10 8 7 7 7 7 7 7 8 7 7 7 7 7 7 11 5 4 4 4 4 4 4 4 4 4 11 4 5 10 10 8 8 4 11 5 7 11 11 5 2 7 10 9 8 7 8 10 7 7 7 7 7 7 7 10 7 8 8 4 4 4 11 5 4 11 5 10 10 7 8 8 1 3 4 4 4 11 5 10 10 8 2 9 5 4 11 11 5 2 9 11 5 8 7 10 8 4 4 4 10 10 8 7 7 7 8 7 7 10 7 8 4 11 11 5 5 4 10 7 11 5 4 4 4 4 4 4 5 11 11 5 4 5 10 7 8 10 8 7 11 5 4 4 10 10 8 7 7 7 7 7 8 11 2 9 10 8 4 5 4 10 10 8 7 7 7 8 10 10 8 7 8 4 10 10 8 8 4 4 4 1 3 1 3 11 10 8 2 9 8 11 5 11 11 5 4 4 4 4 5 11 5 4 10 10 8 10 8 2 4 11 5 9 10 8 8 10 10 8 8 10 7 7 7 7 8 11 11 5 5 4 4 11 4 4 4 4 11 5 5 10 7 7 7 8 10 10 8 8 4 4 4 4 4 10 11 5 5 4 10 10 8 7 8 7 7 7 7 7 7 7 7 7 10 8 11 11 5 5 11 2 9 11 5 4 4 4 4 4 5 7 7 11 5 10 10 8 7 7 7 8 4 4 4 4 11 5 7 7 10 10 8 0 6 7 7 7 7 8 10 10 8 2 11 3 1 3 5 11 11 5 2 6 11 11 5 2 9 8 4 10 10 8 7 8 10 11 5 4 4 4 5 7 10 8 4 11 11 5 4 4 5 10 7 8 11 5 7 11 10 8 8 7 7 10 10 7 8 5 10 10 8 8 4 4 4 4 4 4 4 4 4 4 4 11 4 5 10 10 8 8 11 4 8 0 9 10 8 8 10 8 10 10 8 7 7 7 7 7 7 7 10 8 2 4 11 3 4 4 4 4 4 4 4 4 4 4 4 4 4 5 10 7 10 8 8 10 7 7 0 6 7 7 7 7 8 11 5 4 4 11 4 11 5 5 10 7 7 8 10 7 7 10 8 2 6 7 10 10 8 8 4 11 2 9 10 8 8 11 2 11 11 5 3 5 4 4 4 4 4 11 11 5 4 4 4 4 4 5 10 7 0 6 10 8 8 11 4 4 5 10 7 7 7 8 10 10 8 10 8 2 11 4 4 5 3 4 10 10 8 7 8 10 10 8 7 8 4 1 4 11 4 8 9 10 8 8 10 10 8 8 10 7 8 11 10 8 8 10 8 4 11 11 5 11 5 5 7 10 0 7 7 6 7 8 11 5 10 10 2 8 11 11 5 11 5 11 4 4 4 5 5 4 4 4 11 4 4 4 11 5 5 10 6 7 7 8 11 4 2 9 10 8 8 4 11 11 5 11 5 5 10 8 4 10 10 8 7 7 7 8
ppo_x50_b_fd_l4_same_gamma,14,qv18_21,18,155,True,937.0,7.429735422134399,8 6 2 9 10 8 8 10 10 8 8 11 4 8 11 11 5 2 3 7 10 10 8 7 10 8 8 10 10 8 8 11 5 11 4 5 7 10 7 7 10 8 8 10 10 8 8 10 10 8 8 4 10 8 11 11 5 4 10 8 2 3 11 11 5 4 4 4 4 4 4 5 11 5 7 7 7 7 10 7 7 7 7 7 8 11 4 11 5 4 11 4 5 2 7 9 7 0 7 7 8 10 9 5 5 7 7 10 10 8 8 4 4 4 4 11 5 4 4 4 4 4 11 10 8 8 11 4 5 10 4 4 4 2 9 10 8 7 7 8 10 10 8 7 7 7 7 7 7 8 11 1 4 11 5 9 5 5 4 11 4 5 4 4 11 11 5 2 9 4 11 5 5 10 2 9 7 7 8 10 10 8 10 8 10 8 7 7 8 11 11 5 5 10 8 11 11 5 2 3 11 7 7 10 7 8 7 8 11 11 5 2 9 8 10 7 7 7 7 11 1 5 3 5 10 7 8 11 11 5 11 5 4 4 11 5 4 4 4 4 5 7 7 7 7 11 11 5 4 4 4 5 7 10 7 7 8 10 10 8 8 4 10 11 5 5 1 3 4 4 4 4 11 11 5 5 7 7 7 10 8 11 2 9 10 8 7 8 10 10 8 4 4 4 4 5 10 7 7 7 7 7 7 7 8 4 4 11 4 5 10 10 8 4 5 4 4 4 11 4 4 5 10 10 8 8 7 10 2 6 7 7 10 8 10 10 8 2 7 7 9 7 7 8 10 10 8 4 4 4 5 4 4 4 4 4 4 11 4 5 10 10 8 8 10 0 9 8 7 7 7 7 8 11 2 3 4 4 11 11 5 7 11 5 11 5 5 11 11 5 11 5 2 9 5 10 10 8 0 6 7 7 7 7 7 7 8 10 10 8 5 4 4 4 4 11 5 11 2 9 10 8 4 5 4 4 4 4 4 11 5 10 10 8 8 11 5 7 10 10 8 10 8 10 8 7 7 8 10 10 8 7 5 11 2 9 11 5 4 4 4 5 4 11 4 4 5 10 8 10 8 10 10 8 7 10 8 7 7 7 7 7 7 8 10 2 9 10 8 4 4 5 11 4 4 4 5 4 4 11 4 4 4 4 4 5 10 8 10 11 5 2 9 5 4 10 10 8 7 7 0 6 7 7 7 7 7 7 7 8 11 4 4 4 4 4 5 10 7 10 8 7 7 7 7 7 8 11 2 11 11 5 5 3 4 11 11 5 2 9 5 7 11 7 10 8 8 4 4 11 11 5 4 5 10 10 8 2 9 8 7 10 7 7 7 8 11 4 11 5 4 2 10 9 5 5 11 11 5 4 5 10 10 8 7 7 7 7 7 7 7 8 11 2 11 5 3 4 4 4 11 4 4 4 5 4 11 4 4 4 5 10 10 8 8 10 10 8 8 4 4 11 4 5 10 10 8 8 10 10 0 6 8 0 6 10 8 7 7 10 8 8 11 5 10 10 8 7 8 4 1 4 4 9 5 11 11 4 5 2 9 4 10 8 7 7 7 7 8 11 10 7 8 7 7 8 11 4 4 4 4 5 7 10 7 8 11 11 5 2 6 1 6 11 10 8 2 6 10 10 8 8 4 4 4 11 4 4 5 4 4 4 4 10 11 5 5 10 10 7 7 8 7 7 8 4 10 10 8 7 8 11 2 9 7 7 8 11 11 5 5 11 1 9 5 1 3 4 11 5 4 4 4 4 4 4 4 5 7 7 7 7 7 7 7 10 8 10 8 10 8 4 11 11 5 11 5 5 10 8 11 11 5 4 4 4 4 5 7 0 6 7 10 11 5 5 11 11 5 5 11 10 8 2 9 10 8 7 10 8 7 7 8 4 11 5 4 4 11 5 10 10 8 4 4 4 5 10 7 11 5 5 10 10 8 7 7 7 7 7 7 7 7 7 10 8 8 10 10 8 2 6 7 11 11 5 4 4 5 4 11 5 11 11 5 4 4 5 11 11 5 2 6 10 7 10 8 8 7 7 7 7 10 8 11 11 5 5 11 5 4 4 4 4 4 4 4 11 5 4 10 10 8 8 10 10 7 7 7 7 7 7 7 8 7 7 8
ppo_x50_b_fd_l4_same_gamma,15,qv18_22,18,155,True,919.0,7.380720615386963,8 6 2 10 9 8 8 10 10 8 8 11 5 11 11 5 4 2 10 9 8 0 6 7 7 10 8 8 10 10 8 8 11 5 4 4 10 2 6 10 10 7 7 8 7 5 10 10 8 8 10 10 8 8 11 5 7 10 10 8 8 4 11 1 3 1 3 4 4 5 11 4 11 5 2 9 10 8 2 9 10 8 7 7 8 10 8 11 4 4 4 4 4 5 10 10 8 7 10 8 7 8 11 5 4 4 4 4 4 4 10 11 5 5 11 5 11 4 4 2 10 10 8 6 7 7 0 6 8 11 10 8 2 6 11 11 5 4 4 5 10 10 8 8 11 4 5 10 10 8 10 8 7 10 8 8 7 10 10 8 7 8 7 10 10 8 8 10 8 11 5 4 4 11 5 10 7 8 11 11 5 4 5 7 10 7 7 7 8 11 4 4 4 4 4 10 7 8 2 3 4 4 4 4 4 11 4 10 8 8 10 10 8 2 7 9 7 8 10 7 11 5 4 4 4 4 4 4 5 7 7 11 5 10 4 11 5 4 4 4 5 0 9 5 0 6 7 7 7 7 10 10 7 8 10 8 2 9 7 7 7 8 10 10 8 10 8 8 11 1 3 4 4 4 4 4 11 5 5 7 7 7 7 10 8 10 8 11 11 5 5 4 11 4 11 5 4 4 11 5 5 4 4 10 10 8 7 7 7 8 7 11 11 5 4 4 4 5 4 4 11 11 5 2 7 7 6 7 7 7 10 7 8 0 6 7 7 7 7 10 8 11 11 0 4 5 5 6 7 10 8 10 10 8 8 4 4 4 4 11 11 5 2 11 5 11 4 9 5 11 5 5 4 4 11 5 0 9 5 10 10 7 7 8 8 10 8 10 10 8 2 6 10 7 10 8 4 4 4 4 4 5 4 11 4 10 8 8 10 8 10 8 4 10 10 8 7 7 8 4 10 11 5 5 11 4 5 10 10 8 8 11 4 10 8 8 4 11 4 1 9 5 4 4 4 5 10 10 8 7 10 8 8 7 7 7 7 7 7 7 10 8 11 4 4 5 4 4 11 4 4 4 4 5 10 10 8 8 11 4 2 9 10 8 7 8 11 2 6 10 7 7 7 7 10 8 8 7 10 8 11 11 5 5 4 11 5 7 10 7 7 8 11 11 5 4 4 5 4 11 5 7 11 11 5 4 4 4 4 4 5 11 5 4 0 6 7 7 7 7 7 10 10 7 7 7 2 8 11 4 3 4 4 5 10 7 8 10 2 7 9 10 8 7 7 7 7 8 4 4 4 11 5 4 11 5 4 4 4 4 4 11 11 5 7 8 10 10 8 7 7 10 8 7 7 7 8 7 11 10 8 8 11 11 5 4 4 4 4 5 10 10 8 8 10 10 8 7 7 8 11 11 5 4 4 4 5 7 10 8 4 4 11 11 5 11 5 4 4 4 4 4 5 7 11 5 10 11 5 2 6 0 6 7 7 7 7 7 7 7 7 10 8 11 11 5 5 7 10 8 7 7 7 10 10 8 4 4 5 4 4 4 4 4 11 2 4 3 4 4 4 11 4 5 7 7 7 10 8 11 11 5 5 7 7 7 7 7 11 11 5 4 5 10 8 10 8 11 5 11 11 5 4 5 11 11 5 5 7 7 10 0 6 7 7 7 7 7 7 7 7 8 11 4 5 7 10 7 7 8 11 11 5 11 5 2 9 11 5 2 3 11 11 5 4 5 11 5 10 7 7 8 11 4 4 11 5 5 10 8 4 4 11 11 5 4 4 4 5 10 2 9 4 10 8 7 7 8 11 2 9 4 5 7 7 10 7 7 8 10 7 10 7 8 2 4 9 10 8 7 7 7 8 11 4 5 4 4 4 10 11 5 5 4 4 4 4 11 11 5 4 5 10 8 7 10 7 8 11 4 11 5 2 11 9 8 8 4 4 10 10 8 7 7 7 7 7 7 7 7 7 7 8 11 4 5 11 5 7 10 10 7 8 8 4 11 10 2 8 9 10 8 7 8 11 11 5 4 1 3 4 4 4 4 4 1 4 4 5 10 7 10 7 8 8 10 10 8 8
ppo_x50_b_fd_l4_same_gamma,16,qv18_23,18,156,True,942.0,7.484917640686035,8 6 2 9 10 8 8 10 10 8 8 11 4 7 4 8 11 11 5 7 4 2 6 7 10 10 8 10 8 8 10 10 8 8 11 5 11 2 10 10 6 7 8 8 10 10 7 8 5 4 11 10 8 7 5 10 2 10 10 8 8 9 10 8 8 11 2 3 4 4 4 11 11 5 4 4 4 1 3 4 5 4 10 10 8 7 7 7 7 7 7 8 11 2 11 9 5 5 4 4 4 11 4 4 4 4 5 0 6 7 7 7 10 10 8 8 10 10 7 8 7 7 7 7 7 8 11 2 11 5 4 11 5 4 4 9 11 5 4 4 4 5 10 10 8 7 0 6 11 5 5 11 5 4 11 11 5 4 11 5 2 9 10 8 4 4 5 7 7 7 10 7 7 7 7 7 7 11 5 2 4 3 4 1 3 11 4 4 4 4 5 10 11 5 2 7 10 10 8 9 8 8 7 7 10 2 9 8 11 4 10 8 7 7 7 7 7 8 4 4 4 10 2 9 11 5 5 11 2 9 10 8 7 10 8 7 7 8 4 4 4 4 4 10 11 5 5 11 11 5 4 4 4 4 5 10 2 9 10 8 7 7 7 8 7 10 10 8 7 7 7 10 8 7 7 7 8 11 5 4 10 11 5 5 11 4 5 10 10 8 8 11 5 7 7 10 10 8 8 4 4 1 3 4 4 11 5 4 4 4 11 4 4 5 10 10 8 2 7 9 8 11 5 10 7 7 7 7 10 8 2 6 10 8 4 4 11 4 4 5 11 11 4 5 4 4 11 5 2 9 11 5 7 8 11 5 4 10 10 8 7 0 6 8 7 7 7 7 10 10 8 2 9 8 4 4 11 11 5 2 3 11 11 5 0 6 8 11 11 5 4 4 5 10 10 8 0 6 7 7 7 5 7 10 10 7 7 7 8 2 9 8 4 11 11 5 2 4 3 4 11 4 4 4 5 10 0 6 7 10 8 8 11 4 5 11 11 5 5 11 10 8 8 4 4 4 10 10 8 7 7 7 7 8 11 4 4 5 10 10 8 4 4 4 4 4 4 5 7 7 10 7 7 7 8 10 10 8 7 8 10 10 8 7 7 7 8 4 4 11 5 10 11 5 2 11 3 5 4 4 4 11 4 4 5 11 11 5 5 11 11 5 2 10 7 10 7 7 8 7 9 8 8 7 11 2 10 10 8 8 7 7 7 7 7 10 10 8 8 4 4 9 5 11 5 10 10 8 2 9 5 4 4 10 10 8 8 11 4 11 5 5 4 4 4 11 4 11 5 2 7 7 7 7 7 9 8 10 10 8 2 9 10 8 8 4 11 5 4 4 4 4 4 11 4 4 4 4 5 10 10 8 2 6 7 7 10 7 8 11 11 5 2 9 7 8 10 10 8 7 7 7 7 8 11 11 5 5 7 10 8 4 4 11 10 8 2 3 4 10 8 11 11 5 5 11 10 8 8 4 11 11 5 4 4 4 11 5 4 4 4 5 7 7 10 8 4 0 9 10 8 7 7 7 7 7 7 7 7 8 4 4 4 1 3 4 11 4 4 4 5 11 11 5 4 5 0 6 7 7 10 8 10 10 8 10 8 8 7 10 11 5 5 11 11 5 7 7 7 7 7 7 7 8 7 11 5 4 4 4 11 2 9 11 5 7 8 4 11 5 4 4 4 11 11 5 4 11 5 2 7 6 7 7 10 8 10 10 8 7 10 8 2 11 5 4 9 5 11 11 5 2 6 11 10 8 8 4 4 11 11 5 4 5 4 10 11 5 5 10 10 8 0 6 7 7 7 10 8 7 7 7 7 7 8 10 7 10 8 8 4 11 2 9 5 10 11 5 5 4 4 4 11 11 5 2 9 8 4 4 10 10 8 7 8 10 10 7 8 7 7 8 4 4 11 5 7 7 11 5 4 4 4 11 4 4 4 4 4 4 5 10 10 8 7 7 7 7 7 7 7 7 8 11 2 4 4 11 9 5 5 10 10 8 8 7 10 10 8 7 7 8 11 11 5 5 11 4 4 4 4 4 5 11 11 5 4 4 4 4 5 11 11 5 2 10 9 7 0 3 0 3 0 7 7 7 7 7 7 7 7 7 8 7 7 7 7 8 11 11 5 5
ppo_x50_b_fd_l4_same_gamma,17,qv18_24,18,155,True,920.0,7.460580110549927,8 6 10 8 0 6 2 9 10 8 8 10 4 5 10 7 10 8 8 10 10 8 8 11 5 11 4 4 4 5 10 10 8 7 8 10 8 10 10 7 8 8 10 10 8 8 10 10 8 8 11 5 11 11 5 2 6 11 10 8 8 4 4 4 11 4 5 10 10 8 7 7 8 4 11 2 9 5 4 4 4 11 11 5 5 11 4 11 5 11 5 5 7 11 5 10 10 8 2 7 7 7 7 11 5 9 10 8 8 10 10 7 7 7 7 7 7 7 8 8 1 9 5 4 4 10 10 8 2 10 8 11 9 5 5 11 11 5 5 10 8 11 11 5 4 4 11 5 2 3 4 4 4 4 4 11 4 5 10 10 8 8 0 6 10 10 7 8 7 7 8 10 8 10 7 7 7 7 7 8 11 11 5 2 3 11 11 5 7 8 11 5 4 11 4 4 4 4 5 10 10 7 8 7 8 4 4 4 4 4 10 10 8 2 7 7 7 7 6 11 4 4 2 4 3 4 4 4 11 4 5 10 10 8 10 8 8 10 4 2 9 11 5 7 7 8 7 10 10 7 8 8 11 4 4 4 4 5 4 4 4 4 4 0 10 9 5 5 10 10 8 0 6 7 7 7 8 10 7 8 10 7 10 7 8 8 10 8 11 5 4 4 11 10 8 2 9 7 7 8 4 4 4 11 5 4 11 4 10 8 8 7 11 10 8 8 4 4 10 4 11 5 4 4 4 4 5 10 10 8 2 6 7 10 10 8 7 7 7 7 7 7 7 8 4 4 11 11 5 2 3 11 5 10 10 8 2 4 11 9 8 8 10 10 7 5 4 4 4 5 4 4 11 4 4 8 11 11 5 2 9 11 5 5 11 5 7 7 10 10 8 7 7 7 7 7 8 11 2 3 11 11 5 7 7 7 7 7 8 10 2 7 9 10 8 8 4 4 10 8 11 4 5 4 4 11 2 9 4 4 5 11 11 5 4 4 4 5 7 10 7 0 6 7 7 7 7 7 7 8 10 10 8 2 11 9 8 8 11 5 4 4 4 4 10 4 4 4 4 4 11 5 2 9 11 5 5 7 10 10 8 4 4 4 4 5 7 7 7 7 11 5 7 10 7 7 8 7 7 10 10 7 8 5 10 10 8 2 4 11 4 3 4 4 4 4 5 10 8 11 2 3 4 10 10 8 7 7 11 5 4 4 4 5 11 2 3 7 7 7 10 7 11 5 5 10 7 7 10 8 7 8 10 4 4 4 5 11 5 7 7 7 7 10 7 10 8 2 9 10 8 10 8 8 11 4 4 4 5 10 7 8 10 10 8 8 4 4 4 11 11 5 4 5 4 4 4 11 4 4 11 5 4 11 5 5 7 10 11 5 2 6 10 10 8 7 7 7 7 7 7 7 7 8 1 4 3 4 4 11 4 4 4 4 5 0 6 7 10 8 4 11 5 11 11 5 5 7 7 7 7 10 7 7 7 7 8 10 10 8 8 4 4 4 4 4 10 2 9 10 8 8 11 2 6 7 11 10 8 7 5 7 7 10 10 8 8 4 4 4 4 4 4 11 4 2 11 4 4 9 5 5 10 10 8 8 0 7 7 10 9 8 8 10 7 8 10 7 11 5 2 4 4 4 4 9 4 5 10 10 8 8 11 4 4 4 4 5 11 4 11 5 7 0 6 8 10 10 8 7 0 6 7 7 7 8 11 11 5 5 11 5 10 10 8 2 3 10 7 10 8 8 10 2 9 10 8 7 8 11 5 11 5 4 4 11 5 4 4 11 11 5 5 11 5 4 11 11 5 4 4 5 0 6 7 10 7 7 7 7 7 7 11 5 2 9 5 4 10 10 8 2 9 7 7 7 7 8 0 6 7 11 11 5 4 4 4 4 5 11 10 8 8 11 4 4 4 4 4 5 11 11 5 5 7 7 7 10 2 7 7 11 9 8 8 10 10 7 8 7 7 8 11 11 5 2 11 11 3 5 7 7 7 7 7 7 8 4 4 4 4 4 4 4 4 11 4 4 4 5 10 10 8 8 7 11 2 9 10 8 8 4 11 11 5 4 4 4 4 5
ppo_x50_b_fd_l4_same_gamma,18,qv18_25,18,153,True,924.0,7.371570825576782,8 6 2 6 10 10 8 2 9 4 5 7 10 10 8 8 10 10 8 8 10 10 8 8 11 5 4 11 7 4 10 5 7 4 7 4 7 4 7 0 6 7 10 8 8 4 11 5 7 10 7 10 8 8 10 10 8 8 11 11 5 7 8 11 4 4 4 4 4 1 3 4 4 4 4 4 5 11 11 5 2 7 7 6 10 10 8 10 8 7 8 11 11 5 2 3 4 10 10 8 8 10 10 8 7 7 8 7 10 7 10 8 7 10 8 8 11 5 11 5 4 4 4 10 8 10 8 10 10 7 8 8 4 4 4 4 11 10 2 8 4 3 11 4 4 4 4 4 4 4 5 7 10 7 7 8 11 11 5 2 9 11 5 4 4 4 5 0 6 11 5 10 10 8 7 7 8 0 6 10 7 10 7 7 7 8 5 10 7 8 10 10 7 8 2 11 11 5 4 4 3 4 4 5 10 2 9 7 11 5 5 4 4 4 11 5 10 10 8 2 6 11 10 8 8 10 0 9 8 7 7 8 7 10 10 8 2 4 6 4 1 11 10 8 8 6 4 4 11 11 5 4 4 4 4 5 4 4 4 11 4 5 10 10 8 8 10 10 8 8 7 10 8 10 7 7 11 5 5 4 11 2 9 11 5 5 7 7 10 8 4 11 4 4 4 4 5 10 10 8 7 7 8 4 4 4 10 11 5 5 4 10 10 8 7 7 7 7 8 7 7 0 6 7 7 10 7 7 7 10 8 4 2 9 5 4 4 4 4 4 4 4 11 4 4 5 4 11 5 10 10 7 7 7 8 2 9 8 11 5 10 10 8 7 8 11 11 5 7 7 7 7 7 8 11 2 9 4 10 8 4 5 10 7 10 8 8 4 11 11 7 7 7 8 4 2 9 8 11 11 5 11 5 4 4 4 8 11 11 5 2 4 9 11 5 4 4 4 5 11 11 5 5 4 0 6 10 7 8 10 10 8 0 6 7 7 7 7 7 7 7 8 4 4 4 4 11 4 4 4 5 10 7 8 4 10 10 7 7 8 8 10 10 7 7 8 2 3 4 10 8 11 1 3 4 5 11 11 5 2 4 3 4 11 11 5 7 8 4 4 4 4 11 11 5 5 7 7 7 7 7 11 5 4 10 10 8 7 7 8 10 10 8 7 7 7 8 7 10 8 11 11 7 8 2 3 11 11 5 5 11 4 5 11 5 4 10 8 10 7 10 8 4 4 4 5 4 4 11 4 4 4 5 11 4 2 9 10 8 8 10 8 10 10 8 10 8 8 10 10 7 8 7 7 7 7 7 8 11 11 5 4 2 3 4 11 4 4 4 4 5 11 2 3 4 4 4 4 10 10 8 0 6 7 7 7 7 7 10 8 7 7 7 7 7 7 8 4 4 1 11 4 3 4 4 5 11 5 7 10 8 10 10 8 2 9 10 8 8 11 4 4 4 4 11 5 5 11 2 9 10 8 4 5 11 5 4 10 4 4 11 5 2 7 10 9 5 5 10 10 8 7 10 8 7 7 8 10 0 6 7 7 8 10 10 7 8 5 10 7 8 11 11 5 2 3 4 4 4 11 5 4 11 11 5 2 9 4 5 10 10 8 2 3 7 11 4 4 4 5 10 10 8 7 7 7 7 7 7 7 7 7 8 4 1 3 4 4 4 11 5 4 4 4 4 10 11 5 5 4 11 4 11 5 2 7 6 7 7 7 7 10 10 8 8 10 7 10 8 8 4 4 4 11 5 11 11 5 5 4 10 10 8 7 7 8 10 7 7 7 10 8 8 4 4 11 5 4 4 11 1 3 4 4 4 5 11 4 11 5 2 9 10 8 0 6 10 8 7 7 7 10 8 8 4 4 11 2 9 4 5 11 11 5 7 7 7 8 7 10 10 8 8 10 7 7 7 7 10 7 8 8 4 10 8 11 1 9 5 4 4 4 5 10 8 11 11 5 5 4 4 11 5 11 11 5 2 4 11 3 4 5 4 10 10 8 7 0 6 7 7 7 7 8 10 10 8 8 10 10 8 7 8 10 10 2 8 9 7 11 5 4 4 5 4 4 4 4 11 11 5 4 4 5
ppo_x50_b_fd_l4_same_gamma,19,qv18_26,18,154,True,926.0,7.401750087738037,8 6 2 9 10 8 8 10 10 8 8 11 5 7 10 10 8 8 10 10 8 8 11 5 10 10 8 10 5 2 9 10 8 8 4 11 4 4 5 11 11 5 2 3 10 10 8 7 7 10 7 5 2 9 10 7 7 8 8 4 11 5 4 11 4 4 5 10 10 8 10 8 8 7 10 7 7 10 8 8 10 10 8 8 4 1 3 4 11 4 4 4 4 5 7 11 5 10 10 8 7 7 7 7 8 11 11 5 5 4 4 10 8 11 11 5 4 4 4 4 5 10 7 0 6 8 10 10 8 7 8 4 11 4 5 4 11 5 4 4 4 11 11 5 5 7 10 8 10 10 8 7 7 7 7 7 7 7 8 4 11 4 4 5 4 4 11 5 7 11 11 5 4 4 5 7 7 7 7 10 8 7 7 7 10 10 8 7 7 7 7 8 11 2 3 1 3 4 4 11 4 4 4 4 4 4 4 5 10 7 0 9 5 5 11 11 5 4 5 10 10 8 7 7 7 7 8 4 4 4 4 11 5 10 10 8 4 4 5 7 7 10 10 8 7 7 7 7 10 8 2 9 11 5 2 4 3 4 4 11 5 10 10 7 7 8 7 7 7 10 8 8 10 10 7 8 8 1 3 4 4 11 5 10 10 2 8 4 11 3 5 10 7 7 7 7 8 11 11 5 4 11 5 5 4 4 4 1 9 5 11 11 5 4 4 4 4 5 10 4 11 5 2 6 0 6 0 6 7 7 7 10 7 11 5 5 4 4 11 4 5 10 10 8 7 7 7 7 7 10 8 8 7 7 7 10 8 11 4 4 4 4 5 10 10 8 8 10 4 5 10 7 10 7 8 5 10 10 8 8 1 9 11 5 4 4 4 4 4 5 7 7 7 10 11 5 5 11 4 11 5 4 4 4 5 7 11 11 5 2 4 10 9 5 5 10 10 8 0 6 10 8 7 7 8 10 10 8 8 10 10 8 7 7 8 10 10 8 8 4 4 11 5 4 4 4 4 4 11 4 4 4 4 4 4 5 7 7 7 10 8 7 10 10 8 8 11 4 4 5 4 11 5 10 10 8 2 10 9 5 5 10 10 8 7 7 7 7 7 7 7 7 7 8 11 4 4 5 11 11 5 2 6 4 11 11 5 4 4 4 8 11 4 8 11 11 5 2 9 11 5 4 5 0 6 7 7 7 7 7 0 6 7 10 7 7 7 10 7 2 8 6 11 5 4 4 4 4 11 2 9 11 5 5 4 4 11 11 5 2 6 7 10 10 8 7 7 8 11 5 11 10 8 2 9 10 8 8 4 4 4 4 4 4 4 11 4 4 5 10 10 8 10 8 8 4 10 2 10 10 8 7 8 7 10 10 7 6 7 7 7 8 7 5 10 10 8 8 4 4 10 2 9 11 5 5 10 8 10 8 11 5 11 11 5 2 6 11 4 5 11 4 10 8 7 7 7 7 7 8 11 2 11 11 5 3 4 4 4 4 5 4 4 11 11 5 2 7 6 10 7 8 4 11 4 4 5 10 10 8 10 8 7 7 7 8 4 4 4 4 4 4 11 5 7 11 11 5 4 5 10 10 8 7 7 7 7 7 7 7 8 4 4 11 5 11 5 11 11 5 5 4 10 10 8 7 7 7 10 8 7 10 8 7 8 11 5 10 2 6 7 10 7 11 7 8 2 3 11 11 5 5 4 4 11 5 4 11 4 2 3 4 11 4 4 5 4 11 11 5 4 2 6 7 7 10 10 8 7 7 7 7 7 7 7 8 10 10 8 8 10 8 10 10 2 8 4 3 11 11 5 7 8 11 2 3 4 4 4 11 10 8 8 11 2 11 9 5 4 4 5 4 4 4 11 4 10 8 2 9 8 10 10 7 8 8 10 10 8 8 7 7 7 7 11 5 10 2 10 10 8 8 6 11 4 4 11 5 4 11 5 2 11 5 4 4 4 11 3 4 4 5 10 11 5 5 4 10 10 8 7 8 10 7 10 8 8 4 11 4 4 5 10 10 7 7 8 7 7 7 7 7 7 8 11 11 5 4 5 11 5 4 10 10 8 7 8 4 10 10 8 7 7 7 7 8
ppo_x50_b_fd_l4_same_gamma,20,qv18_27,18,149,True,901.0,7.163502931594849,8 6 2 9 10 8 8 10 10 8 8 10 4 5 7 10 10 8 8 10 10 8 8 11 5 4 11 5 7 10 10 7 7 8 8 10 10 8 8 11 5 4 11 5 4 4 4 11 5 7 10 10 8 4 5 11 11 5 4 4 5 10 2 6 10 8 7 7 7 7 10 10 7 7 7 7 8 8 4 4 11 4 5 11 10 8 8 10 10 8 8 10 7 10 8 8 4 4 10 8 11 5 4 4 4 11 5 4 11 5 7 10 7 10 8 2 9 7 7 8 11 5 4 4 4 11 10 8 8 10 7 10 8 4 4 4 4 5 11 11 5 4 4 4 4 4 4 5 7 0 6 7 7 10 10 8 4 5 7 7 7 7 10 7 8 11 11 5 2 6 10 7 7 8 11 2 11 3 4 4 4 4 4 4 4 4 5 11 11 5 5 7 7 7 10 7 7 8 7 7 7 11 11 5 5 7 10 7 8 7 7 11 11 5 4 5 7 7 10 8 7 10 10 8 8 4 4 11 5 4 4 4 4 11 4 11 4 4 5 2 6 7 10 11 5 5 10 7 7 7 8 7 10 7 7 8 10 10 8 4 4 4 4 4 2 4 3 4 11 4 4 5 7 10 7 7 7 8 11 11 5 4 4 5 10 10 8 8 4 4 10 2 9 11 5 5 0 9 5 10 10 8 10 8 8 10 8 11 11 5 2 9 8 10 7 7 10 8 8 7 11 4 4 10 7 4 0 6 7 8 8 7 10 1 9 8 8 11 5 11 11 5 1 3 5 11 11 5 11 5 1 3 4 4 4 4 11 4 5 2 9 10 8 8 10 4 0 9 8 7 7 10 8 7 8 11 2 3 4 11 5 7 10 10 8 7 7 8 11 11 5 5 7 11 5 10 10 8 10 8 2 9 4 5 11 4 5 4 11 11 5 4 5 10 0 6 7 7 7 8 10 7 7 7 7 8 4 11 11 5 4 4 4 4 4 4 4 4 4 5 10 4 2 6 7 11 11 5 2 7 6 7 7 7 7 10 4 4 4 5 7 10 10 8 8 10 10 8 7 7 7 7 7 7 7 8 4 11 11 5 2 9 7 8 11 11 5 4 4 4 4 1 3 4 4 5 10 10 8 2 6 10 10 8 8 10 7 7 8 4 11 11 5 7 7 7 7 7 7 8 4 4 4 4 4 4 4 4 4 4 4 4 11 4 5 7 11 5 11 11 5 7 7 7 8 0 9 5 7 7 10 8 10 7 7 7 7 5 7 10 10 7 7 7 8 2 11 3 4 5 4 4 4 11 5 11 4 4 4 4 11 5 2 11 9 5 5 7 7 10 7 7 7 8 10 10 8 4 5 11 11 5 4 5 10 8 7 10 11 5 5 11 11 5 4 4 4 5 10 10 8 8 4 11 5 10 10 8 10 8 8 7 7 7 7 11 5 10 10 8 7 8 4 4 4 11 4 4 4 4 4 4 5 7 7 7 11 5 10 7 7 8 10 10 7 8 2 6 10 7 10 7 7 7 7 8 8 1 3 4 11 4 5 4 11 4 4 5 11 4 4 4 11 5 2 7 10 8 9 11 5 5 7 10 8 7 7 0 6 10 10 7 8 7 7 7 8 4 4 4 1 9 5 4 4 4 4 4 4 4 11 4 5 10 10 8 2 10 8 9 11 5 4 4 5 7 7 10 0 6 8 10 10 7 7 7 7 7 7 5 2 10 7 9 7 8 8 11 5 4 10 10 8 8 11 4 5 1 4 9 5 11 4 4 4 4 4 5 4 11 11 5 2 3 7 7 10 7 7 10 8 10 7 8 7 7 7 7 8 4 11 4 4 4 5 4 4 4 10 2 11 9 5 5 11 5 10 7 10 8 8 7 10 10 7 7 8 8 10 10 7 7 8 8 4 1 9 5 4 4 11 1 3 5 10 10 8 8 11 4 2 9 10 8 8 7 7 7 10 8 11 11 5 5 11 4 4 4 11 5 4 4 4 4 4 4 4 4 5 7 7 7 7 10 7 8 4 11 11 5 5
ppo_x50_b_fd_l4_same_gamma,21,qv18_28,18,147,True,900.0,7.107480764389038,8 6 2 10 9 8 8 0 10 9 8 8 10 10 8 8 10 10 8 7 5 11 5 4 11 11 5 2 6 4 11 11 5 5 7 7 10 0 6 7 10 8 7 10 8 8 4 10 8 10 10 8 8 4 4 11 4 4 5 10 10 8 7 5 10 7 7 7 5 10 10 8 8 10 10 8 8 11 5 11 10 7 8 2 4 3 4 4 4 4 4 11 4 4 4 4 4 11 5 2 9 11 5 7 7 8 11 4 5 10 10 8 4 4 5 7 7 10 7 7 8 10 10 7 8 8 10 10 8 8 11 2 6 7 7 11 10 8 10 7 7 5 5 4 4 4 4 4 4 4 4 4 4 4 4 4 4 10 11 5 5 7 11 5 0 6 7 7 10 8 10 10 8 7 7 7 8 4 10 4 4 11 5 2 7 7 7 7 7 9 7 8 7 10 8 11 11 5 11 5 4 5 1 3 4 11 4 4 5 4 10 4 11 5 4 4 5 7 0 6 7 7 7 7 10 8 10 10 8 8 10 10 8 8 7 11 2 11 3 4 4 4 4 11 5 4 8 0 6 7 7 10 7 8 11 11 5 5 11 11 4 5 4 4 4 5 11 11 5 5 7 7 10 8 10 10 8 8 10 7 11 5 5 11 5 4 11 4 4 5 10 10 7 8 2 7 6 7 10 10 8 7 7 7 7 7 7 7 8 4 4 4 4 10 1 9 5 5 10 10 8 8 11 5 11 4 4 4 11 5 2 3 4 10 11 5 5 4 10 10 8 7 7 7 7 7 8 11 4 4 5 4 4 10 11 5 5 7 10 10 7 8 7 7 7 7 7 10 7 8 7 8 11 4 5 10 10 8 8 11 2 4 9 11 5 5 11 5 4 4 11 11 5 2 7 7 9 8 10 10 8 2 6 4 4 4 4 4 4 10 10 8 7 7 7 7 7 8 10 10 8 8 11 4 4 4 4 4 4 11 5 2 7 7 9 8 10 7 7 10 8 7 8 11 11 5 4 2 4 4 3 11 11 5 4 5 4 4 4 11 4 4 5 10 4 2 6 7 10 10 8 8 11 5 11 11 4 5 7 7 7 7 7 7 8 11 4 10 8 7 7 7 8 4 10 4 10 7 7 7 7 5 2 4 9 5 4 4 4 4 11 11 5 2 9 11 5 4 4 4 5 4 11 10 7 2 5 10 10 8 7 6 7 7 7 7 7 8 7 7 7 10 7 8 11 11 5 7 7 8 11 4 5 11 11 5 5 4 11 4 4 4 10 8 2 9 10 8 7 8 7 10 7 7 7 8 4 11 1 3 11 5 11 5 5 4 4 4 4 4 10 10 8 2 9 7 7 7 7 7 8 11 11 5 1 3 4 4 5 11 11 5 7 8 11 4 11 5 4 4 5 10 7 7 8 4 11 11 5 2 7 7 6 7 10 7 7 11 5 2 6 7 10 7 7 7 7 7 8 11 11 5 4 11 5 4 4 1 3 4 5 4 4 4 11 5 4 11 11 5 11 5 2 6 7 7 7 7 7 10 8 10 10 8 8 11 4 5 10 10 8 8 10 10 8 7 7 8 4 4 4 4 4 4 11 4 4 4 5 7 10 11 5 5 7 10 10 7 8 2 10 9 8 5 10 7 8 7 10 7 10 8 7 7 8 4 11 5 10 1 3 5 10 10 8 8 4 4 4 11 4 5 4 11 4 4 4 4 4 5 10 10 8 7 7 7 8 10 8 7 7 7 7 7 11 5 10 10 8 8 11 5 7 10 10 8 8 4 4 4 4 11 5 11 11 5 4 4 4 5 7 10 7 7 8 4 10 10 2 8 3 4 11 4 4 11 5 4 5 0 11 5 10 10 8 6 8 7 10 10 8 7 7 7 8 4 1 4 3 4 4 10 11 5 5 11 2 11 4 5 10 10 7 8 7 7 6 8 10 10 7 8 8 11 5 10 10 7 7 2 8 11 11 5 9 5 4 4 4 4 4 5 11 2 4 10 10 8 8 9 7 11 5 4 4 4 4 4 4 5
ppo_x50_b_fd_l4_same_gamma,22,qv18_29,18,149,True,892.0,7.310127019882202,8 6 2 10 9 8 8 10 10 8 8 11 5 10 7 10 8 8 10 10 8 8 11 5 11 4 5 10 10 8 7 7 10 8 8 10 10 8 8 11 5 4 10 10 7 5 2 6 10 10 8 8 10 10 8 8 4 10 8 11 11 5 5 4 10 8 11 4 11 5 4 4 11 5 2 11 9 5 4 4 4 5 7 7 10 8 4 4 11 4 8 11 11 5 2 6 7 10 10 8 4 5 10 10 4 4 4 5 5 7 7 7 7 7 7 7 7 7 11 5 11 11 5 4 5 10 11 5 5 10 7 0 6 7 8 10 10 7 8 7 7 7 8 11 4 11 5 2 4 4 4 4 3 4 11 4 4 5 11 11 5 2 11 9 8 8 10 10 8 7 10 8 8 10 8 11 4 4 10 8 7 7 8 7 10 10 8 7 7 7 7 8 4 4 4 11 5 10 10 8 8 4 10 8 10 11 5 2 9 11 5 5 4 4 10 4 11 5 7 8 7 7 10 4 10 8 8 7 10 10 8 8 4 4 11 4 4 4 4 4 5 11 11 4 8 4 11 5 4 4 4 5 0 9 8 7 7 7 10 7 11 5 2 11 4 4 3 5 10 10 8 8 7 7 7 7 7 7 7 7 7 11 5 4 4 11 5 11 11 5 4 4 5 4 11 4 4 5 7 10 8 10 10 8 2 9 7 7 7 8 11 11 5 4 5 10 10 8 7 7 7 8 11 5 7 7 7 10 7 7 8 11 11 5 5 4 11 5 4 1 9 5 11 4 10 8 8 11 11 5 4 11 5 4 4 4 5 10 7 0 6 7 8 4 11 4 2 3 10 10 8 7 5 4 4 4 11 5 7 7 7 7 7 10 8 7 7 10 10 7 8 8 11 5 7 11 4 5 4 4 4 4 4 4 4 11 5 7 7 7 10 10 8 7 7 7 7 8 10 7 8 10 8 10 10 8 2 6 11 4 5 11 11 4 5 5 10 8 11 11 5 4 4 4 4 5 10 10 8 2 11 3 4 5 10 7 10 8 7 7 8 4 4 4 11 2 3 11 11 5 4 5 10 8 7 11 5 10 10 8 7 8 10 10 8 7 7 8 7 7 7 7 10 8 11 5 11 4 4 4 4 4 4 5 4 4 11 4 10 8 8 4 4 4 11 11 5 5 7 7 0 6 7 7 7 7 10 10 8 2 9 11 5 4 4 4 11 5 4 4 2 10 10 8 6 8 7 11 5 10 10 8 7 7 7 7 7 7 7 7 7 8 11 2 11 11 5 5 9 5 4 11 11 5 4 4 5 7 7 10 7 7 8 10 8 11 4 4 4 11 5 5 10 11 5 5 11 11 5 2 9 5 11 11 5 2 3 4 11 5 7 7 10 7 10 8 7 7 7 7 8 11 11 5 2 9 7 11 8 10 7 7 5 4 4 4 4 4 4 4 4 4 4 4 5 7 7 7 10 7 8 10 10 8 7 7 7 7 7 8 4 4 4 10 8 11 5 4 4 4 4 4 4 4 11 11 5 7 8 11 5 4 10 10 8 7 0 6 7 7 7 7 10 8 7 7 7 7 7 8 11 10 7 8 4 1 4 4 4 4 3 5 11 5 10 7 7 7 8 4 4 4 4 11 11 5 7 8 4 4 4 4 11 11 5 5 10 8 10 10 8 4 4 5 10 10 7 7 8 0 6 7 7 8 10 7 8 11 11 5 2 7 7 7 10 8 9 10 8 8 11 2 9 11 5 11 5 5 4 4 11 4 4 4 5 10 10 8 7 10 8 8 7 11 11 5 4 4 4 5 11 4 4 4 4 11 5 2 9 7 8 11 11 5 2 3 7 7 10 7 7 10 7 7 7 7 8 7 7 7 8 11 2 9 10 8 8 10 10 8 4 4 4 4 4 4 5 7 11 2 9 10 7 8 8 7 11 5 4 4 4 4 11 5 7 10 10 8 8 7 10 10 8 7 7 8 11 11 5 5 4 4 4 4 4 11 11 5 4 4 4 5
ppo_x50_b_fd_l4_same_gamma,23,qv18_3,18,157,True,943.0,7.794279098510742,8 6 0 5 9 10 8 8 10 10 8 8 11 5 11 11 5 5 7 7 7 10 10 8 8 11 4 4 5 7 7 10 10 7 8 8 10 10 8 8 11 5 11 4 4 5 10 10 8 10 8 7 8 10 10 8 8 4 11 4 5 4 11 4 5 10 10 8 8 10 7 7 10 8 7 5 10 10 8 8 10 10 8 8 11 1 9 8 8 4 11 4 4 4 4 4 11 5 2 3 11 4 4 4 4 4 5 0 6 7 10 7 7 7 10 7 7 8 2 7 6 7 10 10 8 8 11 5 11 11 5 5 10 8 10 11 4 4 5 11 5 4 4 4 4 5 11 2 9 10 8 7 7 7 7 7 7 7 7 7 8 7 11 2 11 5 4 4 4 4 4 9 11 5 2 9 5 7 7 10 7 7 7 8 11 4 4 11 5 5 4 11 4 4 4 4 11 5 2 6 7 10 8 4 11 7 8 7 7 7 7 10 8 4 11 4 4 4 4 4 4 11 5 4 5 7 7 10 8 11 2 9 10 8 8 11 2 3 4 10 10 8 7 8 7 7 7 10 7 7 8 4 4 11 11 5 5 4 11 11 5 4 4 4 4 5 10 2 9 10 8 4 5 7 7 10 10 8 10 8 7 8 4 11 5 7 7 10 10 7 7 8 8 10 10 8 7 7 7 8 1 3 4 4 11 10 8 8 11 7 10 8 2 3 4 4 4 4 4 4 4 4 11 5 10 10 8 2 4 4 9 4 4 4 5 10 10 8 7 7 8 11 11 5 2 3 11 5 10 10 8 7 5 10 10 8 7 8 7 10 10 8 7 7 7 8 11 4 4 5 7 10 4 10 7 8 2 9 10 8 8 11 4 5 4 4 11 5 7 7 7 7 10 10 8 8 4 11 4 11 5 4 4 11 5 4 4 4 5 10 10 8 7 7 7 8 7 11 2 9 10 8 8 4 1 3 4 11 4 4 4 4 4 5 4 4 11 11 5 2 7 7 9 7 11 5 2 6 7 10 8 7 7 10 10 8 7 7 10 8 2 11 9 5 11 5 5 4 4 4 4 4 11 11 5 2 9 8 10 10 8 4 4 4 5 10 0 6 7 8 10 10 8 7 7 7 10 7 7 8 7 8 4 4 11 2 9 10 8 4 5 4 11 2 9 11 5 5 4 10 0 6 7 7 10 7 7 8 7 7 8 4 11 4 4 5 10 2 6 4 4 11 5 10 10 8 2 3 11 5 4 11 11 5 7 0 6 7 8 4 11 2 9 11 5 4 4 4 5 4 7 10 11 5 7 7 7 7 7 8 10 7 7 10 7 8 8 7 11 5 4 11 4 1 3 4 4 4 4 4 4 4 4 5 11 2 9 11 5 7 7 7 7 7 8 10 11 5 2 9 7 8 7 7 7 10 8 7 10 10 8 8 10 4 4 4 4 4 4 4 4 4 4 4 5 10 0 6 7 8 11 10 8 2 6 7 7 7 10 8 7 7 7 10 10 8 8 4 4 11 5 4 4 4 4 11 11 5 7 8 4 4 4 11 4 4 11 5 4 5 0 9 0 6 8 7 7 7 7 7 10 7 8 7 7 7 10 10 8 4 4 4 4 4 2 9 5 4 4 11 4 5 10 10 8 8 4 11 5 11 11 5 2 11 4 5 9 5 10 10 8 8 7 7 7 10 7 8 7 10 7 7 8 11 11 5 11 5 2 11 3 11 5 5 11 7 7 7 7 7 7 7 7 7 8 11 11 5 2 9 7 8 11 11 4 5 4 4 4 11 5 5 11 11 5 4 11 5 5 10 7 8 10 8 4 11 11 5 11 5 4 4 4 5 0 6 10 7 10 8 8 7 7 7 7 10 10 8 2 11 3 4 4 5 10 4 10 8 7 0 6 10 8 7 8 7 1 11 5 3 4 4 4 4 10 8 11 11 5 4 4 4 5 11 2 9 11 5 5 10 2 10 10 7 8 6 7 7 7 7 7 8 10 7 8 10 10 8 8 4 4 4 4 4 1 4 3 4 11 5 4 10 10 8 8 10 10 7 7 8 8 11 4 5 7 10 10 8 7 7 7 7 8 7 11 11 5 4 4 5 11 11 5 4 4 4 4 4 4 4 4 4 5
ppo_x50_b_fd_l4_same_gamma,24,qv18_30,18,153,True,891.0,7.644982576370239,8 6 2 10 6 10 8 2 9 5 10 10 8 8 10 10 8 8 10 10 8 8 11 5 10 4 4 11 5 2 11 9 8 8 10 10 8 7 7 10 8 7 5 11 5 10 7 10 8 8 4 10 7 10 8 7 5 11 5 4 4 10 10 7 7 7 8 8 11 1 3 11 5 11 5 4 4 4 4 5 4 4 4 4 4 11 5 11 11 5 2 7 7 6 10 2 9 10 8 0 6 7 7 7 8 11 4 10 8 7 7 8 10 7 7 10 8 2 9 8 4 11 11 5 2 6 10 8 11 11 5 5 1 3 4 4 11 4 4 4 5 11 11 5 4 2 6 11 10 8 8 7 10 10 7 7 8 1 3 5 4 11 4 4 5 11 11 5 2 6 7 10 10 8 7 7 7 10 8 8 7 10 7 8 11 4 4 4 4 4 4 4 4 5 10 11 5 5 10 10 8 7 8 4 10 11 5 5 10 10 8 7 7 7 7 10 8 8 4 11 5 10 11 5 5 4 10 10 8 7 8 7 10 10 8 7 7 7 7 8 1 9 5 11 11 5 4 5 11 4 5 11 5 4 4 4 4 11 11 5 7 8 4 4 4 11 11 5 2 7 7 7 7 7 6 7 7 10 7 7 7 7 7 7 8 11 4 4 4 4 4 5 10 7 7 7 10 8 8 4 4 11 4 4 5 11 4 10 8 2 7 7 9 7 7 8 11 4 4 10 8 2 11 9 5 5 10 10 8 8 4 11 5 4 11 4 11 5 4 4 4 5 10 7 10 8 10 8 2 4 9 5 11 11 5 2 10 6 8 10 10 8 7 8 10 10 7 7 8 8 4 11 5 4 4 4 10 11 5 5 7 7 7 10 7 7 7 7 7 10 8 8 4 11 4 5 10 10 8 8 11 1 3 4 5 11 5 4 4 4 11 11 5 4 4 4 5 11 5 10 10 8 2 11 3 4 5 10 0 9 5 5 10 10 8 10 8 8 7 10 7 8 7 10 5 10 10 7 7 8 8 4 4 4 11 10 8 2 11 9 5 4 4 4 5 4 11 4 2 10 9 5 5 10 10 8 7 7 7 8 11 4 4 5 10 0 6 7 10 8 8 11 5 7 10 10 8 8 10 10 7 7 8 7 8 11 5 10 11 5 5 4 4 11 4 4 4 5 4 4 4 11 5 10 10 7 7 7 7 7 7 7 8 8 10 10 8 7 8 11 2 6 11 4 10 8 8 11 11 2 6 5 4 4 4 4 11 4 5 7 10 7 11 5 5 10 2 11 3 5 4 4 11 11 5 4 4 5 11 11 5 2 7 7 7 10 9 5 5 10 10 7 7 7 0 6 7 7 8 7 7 7 7 7 8 4 1 6 4 1 11 3 4 4 4 5 11 2 9 11 5 2 6 10 10 8 7 8 4 4 11 4 5 10 8 10 10 8 2 9 7 7 10 8 7 7 7 8 11 1 3 11 5 5 10 2 9 10 8 4 5 4 4 4 4 4 11 4 2 4 4 4 3 11 4 5 10 10 8 10 8 8 4 10 4 4 5 10 7 7 10 8 7 7 8 7 7 10 11 5 5 10 7 7 7 10 7 7 7 8 2 9 10 8 4 1 3 4 5 4 4 4 11 2 11 4 4 9 5 5 11 4 11 4 4 5 2 9 5 10 10 7 8 2 10 10 8 10 6 8 7 7 7 7 7 8 11 4 4 4 5 10 10 8 7 8 11 11 5 2 9 7 7 7 7 8 11 4 4 4 4 4 4 4 4 10 8 2 7 7 9 8 10 10 8 2 4 4 4 4 4 3 11 5 4 10 10 8 7 8 7 10 8 4 11 10 8 2 9 10 8 7 7 8 10 10 8 7 7 7 8 11 4 4 5 10 10 8 8 11 10 8 8 1 3 11 4 4 4 4 4 5 4 4 11 11 5 2 11 9 5 4 4 5 11 11 5 2 10 7 10 7 7 7 8 7 7 6 7 8 10 10 7 7 8 7 8 11 11 5 2
ppo_x50_b_fd_l4_same_gamma,25,qv18_31,18,150,True,882.0,7.511526823043823,8 6 2 10 9 8 8 10 10 8 8 10 4 4 0 6 2 6 10 10 8 8 10 10 8 8 11 5 7 10 10 8 8 10 10 8 8 11 10 7 8 8 10 11 5 11 5 2 3 11 4 4 4 5 11 11 5 2 9 7 7 7 7 10 8 4 4 4 4 4 5 4 4 11 2 9 11 5 5 7 10 8 10 10 8 7 7 7 8 7 7 7 7 10 7 10 8 8 4 4 10 8 11 5 4 1 3 4 10 8 10 8 11 4 11 5 4 5 10 8 11 4 4 4 4 4 5 4 4 11 11 5 2 7 7 6 7 7 10 7 7 7 0 6 0 6 7 7 7 7 8 1 9 1 4 3 5 10 10 8 8 11 4 4 4 11 5 4 4 4 4 4 4 5 0 6 10 10 8 8 10 4 2 3 11 4 4 5 10 10 8 4 4 5 7 10 8 7 10 10 8 10 8 8 10 7 7 7 7 7 8 4 4 4 4 4 4 4 4 4 4 11 4 5 10 10 8 8 11 5 10 10 8 4 4 5 7 10 7 10 7 7 7 8 10 8 7 7 8 11 2 4 4 4 3 4 4 10 4 4 5 10 10 8 8 10 10 7 7 7 8 8 10 8 7 7 10 7 10 8 8 4 1 3 4 11 2 11 4 5 10 9 5 5 7 10 10 8 8 11 2 11 3 5 11 11 5 5 10 11 5 2 3 4 10 10 8 7 7 7 7 8 11 4 10 8 7 7 8 4 4 1 3 4 10 4 4 11 5 2 11 3 5 10 10 8 8 10 10 8 8 4 4 4 11 4 5 10 10 8 8 11 5 11 4 11 5 5 11 4 11 5 4 2 6 7 7 7 7 7 7 7 7 10 10 8 4 5 11 4 4 5 10 10 7 8 7 7 7 7 10 8 8 11 2 9 10 8 8 10 11 5 5 4 4 4 4 4 4 4 4 4 11 4 4 8 11 11 5 2 10 9 5 5 10 8 10 10 8 4 4 5 10 7 7 7 10 8 8 4 10 4 5 10 7 10 8 8 11 5 7 7 10 11 5 5 10 7 5 10 10 7 7 7 7 8 7 7 8 4 11 5 4 11 4 4 5 10 7 5 10 10 7 8 8 10 10 8 8 11 1 3 4 5 11 4 4 5 4 4 4 4 11 11 5 2 3 10 8 11 11 5 4 4 5 10 7 7 8 10 7 7 7 7 8 7 7 10 10 8 2 6 10 10 7 8 8 4 11 2 11 3 4 4 4 5 11 4 4 5 11 11 5 4 4 5 4 11 10 8 2 6 7 7 10 8 7 7 7 10 10 7 7 7 7 7 8 8 11 2 9 4 5 4 4 4 4 4 4 11 11 5 2 3 11 5 4 4 4 10 10 8 7 7 7 8 10 7 8 11 11 5 4 4 4 4 4 4 5 7 7 7 7 7 11 5 10 10 8 8 10 7 7 7 7 7 7 7 10 8 8 4 4 4 4 10 8 11 10 2 8 11 3 5 4 4 4 4 4 4 11 5 11 11 5 7 7 8 10 2 9 8 7 7 7 7 10 8 10 10 8 8 10 10 8 2 9 5 11 11 5 4 4 4 4 4 5 4 11 11 5 4 4 5 0 6 7 7 7 7 10 11 5 5 4 11 4 4 8 10 7 10 8 2 9 10 8 2 9 10 8 7 7 7 7 7 7 7 8 1 3 4 4 4 4 4 11 4 4 4 10 8 2 9 4 4 4 4 11 5 4 5 7 7 7 7 10 7 7 7 7 7 7 7 8 7 11 2 11 11 5 11 6 5 11 5 5 4 11 4 4 4 4 4 5 10 10 8 8 10 7 7 8 11 11 5 4 4 4 4 4 5 10 7 8 11 11 5 5 10 10 7 7 7 7 8 2 7 7 10 7 9 8 8 11 5 11 5 7 10 10 8 7 7 7 8 4 10 2 9 10 8 8 11 11 4 5 4 4 4 4 4 4 4 4 5 10 10 8 7 7 8
ppo_x50_b_fd_l4_same_gamma,26,qv18_32,18,153,True,915.0,7.724775314331055,8 6 2 6 10 7 11 5 2 6 10 10 8 8 11 4 5 7 7 10 10 8 8 10 10 8 8 11 5 10 7 10 8 8 4 11 4 10 8 8 11 4 4 4 4 5 10 10 8 0 6 7 7 7 8 10 10 8 8 4 4 11 5 10 7 8 7 10 10 8 8 10 7 10 8 4 5 11 2 9 11 5 4 4 4 4 4 4 4 5 11 2 9 4 10 8 7 7 7 8 11 11 5 4 4 4 4 5 11 11 5 5 10 8 10 10 8 7 7 8 4 11 5 10 7 7 7 8 7 10 10 8 4 4 4 5 11 2 3 11 11 5 4 4 5 7 7 7 7 7 7 11 5 10 7 7 8 7 7 7 7 10 10 8 8 4 4 11 5 4 4 11 5 7 11 11 5 4 4 4 5 4 11 4 5 7 10 10 8 8 7 10 10 8 7 7 7 7 8 4 4 4 11 4 4 4 4 4 5 4 4 4 10 10 8 7 7 7 7 7 7 7 7 7 7 7 8 4 4 1 9 8 11 5 4 11 4 4 4 4 4 4 8 7 7 7 10 7 8 10 10 8 8 4 4 11 11 5 5 7 7 10 8 4 10 10 8 7 7 7 7 7 8 11 11 5 11 5 4 5 4 11 4 4 4 4 4 5 10 4 11 4 5 2 9 8 7 7 10 10 8 2 11 5 9 10 8 8 4 11 4 4 4 5 7 10 10 8 8 7 7 10 7 10 8 7 7 7 7 7 8 11 11 5 5 4 10 8 11 2 11 9 5 5 4 4 4 11 4 4 4 4 4 5 7 7 7 7 7 11 5 10 10 8 7 7 7 8 10 8 11 11 4 5 11 5 5 10 8 11 11 5 4 4 5 10 0 6 7 8 7 10 7 7 7 7 7 10 8 2 6 4 11 11 5 5 4 4 4 4 11 5 10 10 7 5 4 4 4 4 4 5 10 7 7 8 11 4 11 5 5 10 11 5 5 10 10 8 7 7 7 7 8 11 11 5 5 11 4 4 5 4 4 11 11 5 2 7 7 7 7 7 9 8 11 5 10 10 8 4 1 3 4 5 7 0 6 7 7 7 7 10 10 7 8 2 9 7 8 4 10 10 8 2 9 7 11 5 4 4 5 4 10 11 5 5 11 11 5 7 7 7 7 8 4 4 11 4 5 4 11 11 5 2 6 7 7 7 10 11 5 5 10 10 7 7 8 7 7 8 10 10 8 8 4 1 3 11 5 4 4 4 4 4 11 5 4 11 11 5 7 8 10 8 11 5 4 11 11 5 4 4 5 10 10 8 8 7 7 7 7 7 10 11 5 5 4 11 4 4 2 3 11 4 5 10 10 8 8 10 10 8 10 8 8 10 11 5 5 4 4 11 4 5 10 10 8 8 10 11 5 5 10 10 8 7 7 7 8 0 10 10 8 6 7 7 7 10 8 8 4 4 10 8 11 4 4 4 4 4 4 5 11 5 4 10 10 8 8 7 7 7 10 7 10 8 8 10 10 7 8 7 8 11 4 5 11 5 10 10 8 8 4 10 8 11 11 5 2 4 4 4 4 4 3 4 4 11 5 11 4 4 5 10 10 8 2 9 10 8 7 8 11 5 11 2 9 10 8 4 4 4 5 4 10 10 8 7 0 6 7 7 7 7 7 10 7 7 8 7 7 7 8 4 4 11 5 4 4 11 5 10 7 10 8 7 8 10 8 1 3 4 4 4 4 10 8 11 11 5 4 5 10 7 8 4 4 11 11 5 2 7 7 9 7 10 8 7 8 4 11 4 4 4 4 5 4 4 10 11 5 5 10 11 5 5 10 10 7 7 7 7 7 7 7 8 8 10 7 10 7 8 7 8 4 11 5 1 4 10 9 5 5 4 4 10 0 9 5 4 4 4 4 4 5 11 2 10 10 8 7 7 7 7 7 9 8 7 7 7 7 8 11 2 11 11 5 5 4 11 5 4 11 9 8 8 10 10 8 8 11 4 4 4 5 4 4 4 4 11 11 5 2 3 4 4 10 10 8 7 7 7 7 7 7 7 8 7 7 10 10 8 7 7 8
ppo_x50_b_fd_l4_same_gamma,27,qv18_33,18,155,True,929.0,7.805256605148315,8 6 2 6 7 10 10 8 8 10 10 8 8 10 10 8 8 11 5 4 11 11 4 4 4 4 5 2 6 10 8 10 10 8 7 7 7 7 7 10 8 8 4 4 11 5 4 11 4 4 5 10 7 10 8 7 7 10 8 2 6 7 10 10 8 8 4 4 11 2 4 9 5 10 7 10 7 7 7 8 8 4 10 11 5 5 4 4 4 11 5 4 4 11 11 4 5 4 4 5 7 7 10 8 7 11 5 11 11 5 5 11 11 5 2 7 6 7 7 10 10 8 8 10 4 11 8 4 11 5 7 7 7 7 7 8 4 11 2 3 4 4 10 11 5 5 10 10 7 7 7 7 7 7 7 8 7 7 10 8 8 11 5 4 11 5 7 11 11 5 4 4 5 10 7 7 8 4 4 4 11 5 10 7 10 7 8 7 7 7 8 4 11 2 9 5 11 5 4 4 10 4 4 10 8 8 11 4 5 11 4 11 5 2 7 7 7 9 8 11 10 8 8 7 10 10 8 8 10 2 9 10 8 8 4 4 10 8 11 11 5 4 4 4 4 4 4 4 4 4 4 11 5 4 2 9 7 7 8 4 4 4 10 10 8 0 6 8 7 7 7 10 8 10 8 7 10 10 7 7 7 8 4 2 4 11 9 5 4 4 4 4 5 11 4 2 9 10 8 8 4 4 4 4 11 4 5 10 10 8 8 10 10 8 7 0 6 7 8 10 10 8 2 7 11 9 8 8 10 7 10 7 7 8 8 11 5 4 10 10 8 8 4 4 4 4 4 11 2 9 7 8 11 11 5 5 11 5 11 11 5 5 10 7 8 11 11 5 4 4 4 5 11 11 5 5 7 7 0 6 10 10 8 7 7 7 8 4 10 10 7 7 7 8 2 7 9 7 8 11 4 5 4 4 4 10 8 11 11 5 4 4 4 4 5 1 3 11 4 10 8 7 7 7 7 8 4 11 4 4 4 4 5 7 7 10 10 8 7 7 7 7 7 7 7 7 8 4 11 4 1 3 4 4 4 4 5 10 8 4 11 4 4 5 10 10 8 10 8 2 9 7 10 8 8 4 11 4 5 7 7 7 7 7 10 10 8 8 4 4 4 4 4 4 11 4 4 4 5 7 10 8 7 10 10 8 8 11 4 4 4 5 10 10 8 7 7 10 8 8 4 4 4 4 11 5 4 4 4 10 10 8 0 6 7 7 7 7 7 7 8 10 2 9 8 7 11 10 8 8 10 10 8 7 8 11 5 11 10 8 8 11 2 11 11 6 5 4 4 4 4 5 4 11 10 8 7 8 4 11 4 4 5 10 10 8 0 6 7 7 7 8 7 11 11 4 7 2 3 4 4 4 4 4 4 4 4 4 5 10 2 9 10 8 7 7 7 7 8 11 4 4 5 7 11 4 4 4 4 5 0 6 7 7 7 10 10 8 8 4 10 11 5 5 7 7 7 7 10 10 8 7 7 7 7 8 11 5 4 4 4 4 4 4 4 4 11 4 4 5 10 7 7 7 7 0 6 7 7 7 7 8 11 4 5 10 10 8 7 7 8 4 4 4 4 4 11 2 4 9 11 5 4 5 4 10 11 5 5 11 11 5 4 5 11 5 7 0 9 11 5 5 10 7 7 8 7 11 11 5 4 5 10 7 7 10 8 0 6 7 7 7 7 7 8 11 11 5 5 11 5 11 5 10 7 11 5 4 5 10 8 4 10 7 7 7 11 5 4 4 4 1 3 4 4 5 11 4 5 7 7 10 8 0 6 7 7 7 10 7 7 7 8 7 7 10 10 8 2 6 4 4 4 4 4 10 8 11 11 5 5 11 4 11 5 4 5 11 11 5 2 9 5 10 4 4 11 5 2 6 7 7 11 5 10 10 8 7 7 7 7 8 11 4 11 5 2 11 9 8 8 4 4 10 11 5 5 4 11 11 5 5 7 7 7 7 10 11 5 2 6 10 10 8 7 8 10 10 8 7 7 7 8 10 10 2 8 9 8 11 11 5 11 5 5 11 11 5 4 4 4 5 11 11 5 4 4 5 10 10 8 2 10 10 8 7 7 7 7 6 7 7 8 10 7 7 10 2 8
ppo_x50_b_fd_l4_same_gamma,28,qv18_34,18,156,True,949.0,7.885782480239868,8 6 2 6 7 10 10 8 8 10 10 8 8 11 4 4 8 10 10 8 4 4 11 5 4 11 5 2 7 6 10 4 5 10 10 8 8 11 5 10 10 8 7 7 7 10 8 8 10 10 8 8 11 5 4 4 4 4 11 5 7 7 10 10 8 7 7 7 10 8 7 5 10 10 8 8 4 4 10 8 11 10 7 7 8 8 11 1 3 4 4 4 4 4 5 10 7 11 8 7 7 7 8 4 11 4 4 4 10 8 2 9 7 7 7 8 10 10 8 8 4 11 4 4 4 4 4 5 7 10 7 7 11 5 5 11 4 4 4 4 4 5 10 10 8 7 7 8 11 11 5 2 6 7 7 10 7 7 8 10 10 8 4 4 5 4 4 11 2 9 11 4 4 5 4 5 11 11 5 4 4 5 0 9 7 8 10 8 4 4 10 4 5 10 10 8 10 8 7 7 8 7 10 10 8 2 3 11 5 10 10 8 4 4 5 7 10 7 7 7 10 7 8 7 7 8 10 4 4 4 5 11 2 9 10 8 8 11 4 5 11 11 5 4 4 4 4 5 10 4 4 5 10 10 8 7 10 8 2 3 10 11 5 4 5 7 10 10 7 7 7 7 7 7 8 8 10 7 10 8 8 4 11 2 6 11 5 4 4 4 11 5 1 4 4 9 5 4 4 4 4 4 11 5 10 10 8 2 7 10 6 10 8 7 7 7 7 10 8 8 4 11 5 7 7 7 7 10 8 11 11 5 5 10 8 10 7 10 8 5 11 4 4 4 4 5 11 2 6 11 11 5 5 10 7 7 7 11 5 4 4 5 1 3 4 10 4 4 4 4 5 10 10 8 7 7 10 8 8 10 10 8 4 4 5 4 10 11 8 2 9 11 5 4 4 4 5 7 7 11 11 5 2 9 10 8 7 7 0 6 7 8 10 7 10 7 7 8 7 7 7 7 8 4 1 9 11 5 4 4 5 11 11 5 2 7 7 9 7 8 11 11 5 4 4 4 4 4 5 4 4 10 2 6 7 7 7 7 7 7 10 8 7 10 10 8 2 4 4 4 4 4 11 3 4 5 4 10 11 5 4 8 11 11 5 11 5 2 9 5 7 11 11 5 5 7 7 7 7 7 7 10 7 5 10 7 7 7 7 8 11 11 5 2 7 9 8 7 10 10 8 8 4 4 4 4 11 5 10 7 7 8 11 11 4 5 4 11 5 5 4 11 4 5 10 10 8 8 11 4 4 4 5 10 10 8 7 7 7 7 8 4 4 11 4 4 4 4 5 7 10 8 10 10 4 4 5 2 3 7 10 7 10 7 8 7 5 10 10 8 8 7 10 8 10 10 7 8 2 6 11 2 3 11 11 5 4 4 5 4 11 4 4 4 5 11 11 5 5 4 10 10 8 7 7 7 7 7 8 11 5 4 10 10 8 4 5 4 4 4 11 4 4 5 7 0 9 5 7 7 7 7 10 8 7 10 10 7 8 2 6 11 11 5 2 3 11 4 4 5 7 10 8 10 10 8 8 4 4 11 4 4 5 11 11 5 5 10 8 10 10 7 7 7 5 2 7 7 7 9 10 8 8 7 7 10 11 5 5 1 3 4 4 4 4 4 11 4 4 4 4 11 5 2 3 7 11 5 10 10 7 5 7 7 7 10 8 8 4 10 10 8 7 7 7 7 7 8 4 4 4 11 11 5 2 9 7 11 5 4 5 11 11 5 4 5 10 10 8 7 7 10 8 7 7 7 7 7 7 10 8 8 4 11 5 4 1 3 4 4 11 5 10 7 7 8 4 11 4 5 4 4 4 4 11 5 11 11 5 7 7 7 7 7 7 7 8 4 4 11 2 9 5 11 11 5 2 3 10 11 5 5 11 4 11 5 7 11 4 5 2 7 9 10 8 7 7 7 7 7 8 7 11 10 7 7 7 7 7 7 8 8 11 4 5 1 9 4 4 5 4 11 4 5 7 10 10 7 7 7 8 2 9 5 4 4 10 10 8 2 11 10 7 6 7 8 8 11 2 9 10 8 4 5 11 2 9 10 8 8 11 11 5 4 11 4 5 1 3 4 4 4 4 4 4 4 5 4 10 10 8 7 7 7 7 8 7 10 8 11 11 5 5 4 4 11 11 5 2
ppo_x50_b_fd_l4_same_gamma,29,qv18_35,18,153,True,887.0,7.719507694244385,8 6 2 9 10 8 8 10 10 8 8 10 10 8 8 10 10 8 8 11 5 10 7 10 8 8 10 10 8 8 11 5 11 4 10 7 5 2 6 7 10 10 8 8 10 10 8 8 11 5 11 5 4 4 4 4 4 4 10 7 8 4 11 11 5 4 4 4 5 10 4 2 9 10 8 10 8 4 4 5 11 2 9 10 8 0 6 10 8 0 6 7 7 7 7 7 7 7 8 4 11 11 5 2 9 7 7 7 8 4 4 11 4 11 5 4 4 4 5 7 10 7 7 7 8 4 4 4 11 11 5 4 5 10 7 7 8 4 11 11 5 4 5 4 11 5 11 11 5 5 7 7 7 7 7 7 7 7 7 10 7 8 4 10 10 8 7 7 7 8 4 11 2 9 5 4 4 11 5 4 11 11 5 2 10 6 7 7 8 11 10 7 5 2 7 9 10 8 4 1 3 4 5 11 10 8 4 2 9 5 11 11 5 5 4 11 11 5 2 9 4 11 5 5 7 7 7 10 8 11 11 5 5 10 8 11 11 5 4 5 7 11 10 8 8 4 4 4 10 10 8 0 6 7 7 7 7 8 4 11 11 5 4 4 5 7 10 7 8 7 10 10 7 7 7 7 7 7 8 8 4 4 11 2 3 4 10 10 8 8 11 5 10 8 10 7 8 11 4 11 5 2 9 7 8 11 11 5 4 4 4 4 4 4 5 7 10 8 10 10 8 7 8 10 8 4 4 4 4 4 4 10 11 5 5 11 4 11 4 4 4 5 2 6 7 7 7 10 8 4 10 10 8 7 8 10 10 8 8 11 11 5 4 4 4 5 7 10 7 7 7 8 11 11 5 11 5 2 11 3 5 10 10 8 8 10 7 10 7 7 7 8 8 10 8 4 11 1 9 8 8 11 5 4 4 4 11 5 4 4 4 11 11 5 5 4 0 9 11 5 5 10 8 7 7 7 7 7 7 10 11 8 11 7 7 7 7 8 2 4 4 4 11 5 9 11 5 5 10 8 10 10 8 8 4 4 4 4 11 4 4 11 5 4 2 10 10 8 9 8 8 11 5 10 7 7 10 7 7 7 7 7 7 7 7 7 8 8 11 11 2 5 9 8 10 10 2 8 3 11 11 5 5 11 4 5 10 10 8 8 11 5 11 4 7 4 11 5 4 4 11 5 7 7 7 7 7 7 7 7 8 4 4 4 4 4 4 4 11 4 5 7 10 7 7 8 11 11 5 5 4 4 4 4 4 4 11 4 11 5 2 7 7 7 7 7 6 7 7 7 7 7 10 7 7 7 7 8 11 5 11 5 7 11 11 5 4 5 10 7 8 11 4 11 5 11 5 2 7 6 7 11 5 4 4 4 11 5 7 10 7 5 10 10 8 8 10 2 9 10 8 7 7 8 1 3 11 11 5 4 4 5 4 11 11 5 4 4 4 4 5 11 11 5 5 7 7 0 6 10 7 7 7 7 7 7 7 7 7 2 11 9 8 8 11 2 9 11 5 4 4 4 1 4 4 3 5 11 11 5 5 10 8 10 8 10 7 7 7 7 7 8 4 11 11 5 5 11 5 11 11 5 11 5 4 4 4 4 5 11 11 5 2 7 7 7 9 8 10 8 10 7 7 7 7 7 7 7 7 7 7 8 11 11 5 2 9 5 4 10 8 11 11 5 2 9 7 8 11 11 5 4 4 5 4 11 4 11 5 4 4 4 4 4 5 7 10 10 8 8 10 8 10 10 8 2 10 9 8 5 10 7 10 7 8 7 7 7 8 11 11 5 4 1 3 4 4 5 4 4 4 11 11 5 4 4 5 10 7 7 11 5 2 7 6 7 7 7 7 11 5 10 10 8 8 10 10 8 10 8 8 4 10 10 8 7 7 7 8 11 5 4 4 11 5 11 11 5 4 4 4 4 4 4 4 4 4 5 10 10 8 10 8 8 4 10 10 8 7 7 7 7 7 7 7 7 8 11 2 10 10 8 8 10 10 8 8
ppo_x50_b_fd_l4_same_gamma,30,qv18_36,18,156,True,892.0,7.857268810272217,8 6 2 9 10 8 8 10 10 8 8 10 10 8 8 10 10 8 8 11 5 10 10 8 10 8 8 11 5 10 10 7 8 8 11 10 8 2 9 10 8 8 4 11 4 4 10 8 8 11 4 5 11 11 5 4 4 4 11 5 4 5 7 7 10 0 6 7 8 7 10 7 10 7 5 2 6 10 10 8 7 10 8 8 11 5 4 4 11 5 4 4 1 3 4 4 4 11 11 5 5 11 4 11 5 5 7 0 6 7 7 7 7 7 10 7 7 7 7 7 7 8 10 10 8 4 4 2 11 4 3 4 4 5 10 7 7 7 7 8 11 11 5 5 10 7 7 8 11 5 11 11 5 11 5 4 4 5 4 11 11 5 5 7 7 7 10 8 11 11 5 5 7 10 8 11 4 4 4 4 11 5 2 9 5 7 7 7 7 7 7 10 7 7 7 7 8 11 5 11 11 4 2 3 5 11 4 4 4 4 4 5 4 11 11 5 5 7 7 7 10 8 11 11 5 2 7 7 7 7 9 8 10 10 8 8 11 2 9 10 8 8 11 5 11 11 5 7 7 7 7 8 11 4 5 4 11 5 10 8 4 4 1 3 4 4 4 4 11 4 10 8 8 7 7 10 0 6 7 7 7 7 8 7 7 10 10 7 5 2 4 4 4 3 4 11 11 5 7 8 11 4 4 4 4 5 4 4 4 4 11 11 5 5 7 7 7 7 7 7 10 7 8 11 4 4 4 5 10 10 8 10 8 8 11 5 10 10 8 8 10 8 11 11 5 2 6 10 7 7 7 7 8 11 5 11 11 5 5 11 5 4 4 4 4 4 4 4 4 11 5 10 10 8 8 10 10 8 7 8 10 10 8 8 10 10 8 7 8 4 4 10 8 11 11 5 4 5 11 4 5 1 3 4 11 4 5 10 10 8 2 10 9 5 5 10 10 8 8 10 10 8 8 7 0 6 7 10 7 7 7 7 7 7 8 11 11 5 4 4 4 11 5 2 10 6 7 7 8 4 4 4 4 10 10 8 8 11 5 10 10 8 8 11 5 4 4 11 11 5 5 10 7 7 7 7 7 10 8 7 8 4 4 11 10 8 8 11 11 5 5 4 1 3 4 4 4 11 5 7 7 7 7 10 7 7 8 4 11 11 5 11 5 5 7 7 11 10 8 8 4 4 11 11 5 4 4 11 5 4 4 5 11 4 5 10 10 7 8 7 10 8 8 11 2 4 9 5 11 5 10 11 5 5 0 6 7 10 10 8 0 6 7 8 4 10 11 5 5 7 7 10 7 5 7 7 7 7 10 7 10 8 4 2 4 4 11 4 3 4 4 4 5 4 4 4 4 11 11 5 4 5 7 10 8 4 11 2 9 11 5 7 8 11 5 10 10 8 10 8 8 7 10 7 7 8 10 10 8 4 4 4 4 4 4 5 10 0 6 7 7 7 7 7 7 7 10 8 8 4 11 2 9 5 11 11 5 4 4 5 11 11 4 5 2 9 8 11 11 5 2 3 10 8 11 11 5 5 10 7 11 5 5 10 10 8 7 10 8 7 8 10 10 7 8 7 8 10 2 9 10 8 7 7 8 4 4 4 4 11 5 4 4 4 10 11 5 5 7 10 7 7 10 8 8 4 11 10 8 8 4 4 4 11 11 5 4 4 5 10 8 7 7 7 7 7 11 5 10 10 8 8 10 10 7 7 8 7 8 11 2 11 9 5 4 5 10 8 4 11 4 5 10 4 4 4 4 4 11 5 4 4 5 10 10 8 2 6 10 8 11 11 5 5 4 4 11 11 5 2 7 7 7 7 7 7 7 7 7 7 7 7 7 9 8 10 7 10 2 8 11 5 11 11 5 3 4 4 4 4 4 4 5 10 10 8 2 11 5 9 10 8 8 7 10 7 10 8 8 7 11 4 4 5 7 7 10 10 8 8 7 11 11 5 4 4 1 3 4 4 4 4 4 10 8 2 11 11 5 4 4 4 5 10 10 8 7 7 7 7 7 8
ppo_x50_b_fd_l4_same_gamma,31,qv18_37,18,154,True,896.0,7.818125486373901,8 6 2 9 10 8 8 10 10 8 8 11 5 10 10 8 10 8 8 10 10 8 8 11 5 11 4 4 5 10 10 8 8 7 10 7 10 8 8 10 10 8 8 10 10 8 8 4 4 4 4 11 5 11 10 7 7 8 7 8 11 11 5 4 4 4 5 11 5 10 10 8 7 7 8 4 4 4 11 5 10 10 8 4 4 4 5 7 7 7 7 11 10 8 8 7 7 7 7 10 10 8 8 4 4 4 10 8 11 11 5 2 9 5 4 10 10 8 7 8 11 4 5 4 10 11 5 5 4 4 4 11 11 4 5 2 9 7 7 7 7 7 7 7 8 11 10 8 4 5 7 10 7 11 0 5 3 4 4 4 5 4 4 4 4 4 11 4 11 5 5 7 11 2 9 5 10 10 8 8 7 10 8 7 7 7 7 10 7 8 4 4 4 10 11 5 5 4 11 11 5 4 11 5 2 3 10 10 8 2 6 7 7 7 7 11 5 10 4 4 5 10 7 7 10 7 8 8 7 7 7 10 7 8 11 11 5 2 4 4 11 4 5 4 3 10 10 8 8 11 4 4 4 4 4 5 4 11 11 5 5 7 7 0 6 7 7 7 7 10 8 11 4 4 5 10 10 7 8 7 7 7 8 11 11 5 2 6 10 7 7 7 7 8 11 4 4 4 4 5 4 10 8 11 5 4 11 4 10 8 8 10 8 4 4 4 11 5 4 10 10 8 7 7 7 7 7 7 8 11 2 3 4 11 11 5 2 3 11 4 4 4 4 4 11 5 4 2 9 7 7 10 8 7 7 8 11 5 10 10 8 7 10 8 8 10 10 8 8 11 2 9 11 5 4 4 4 4 4 5 11 4 2 9 11 5 4 5 0 6 7 10 8 7 7 11 10 8 8 10 10 7 8 7 7 7 5 10 10 8 7 8 4 4 4 11 2 3 11 4 11 5 7 7 7 8 11 4 4 5 4 4 11 4 4 5 7 10 10 8 2 6 7 7 10 10 8 8 7 7 11 2 9 10 8 8 11 5 10 7 10 8 8 4 4 4 4 11 4 4 4 4 4 4 4 4 5 11 5 7 10 10 8 7 7 7 7 10 8 2 4 4 3 4 4 4 11 5 11 11 5 2 7 7 9 8 10 10 8 7 7 7 7 7 10 8 8 11 4 4 5 11 4 5 10 10 8 8 7 7 7 7 11 11 5 5 4 4 4 4 11 4 4 4 4 4 5 7 7 7 7 10 11 5 2 9 5 10 10 8 0 6 7 8 11 11 5 2 7 7 6 10 7 7 8 4 4 4 10 10 8 2 9 10 8 7 7 7 8 11 1 9 5 5 11 4 4 8 11 4 4 4 4 4 5 10 10 8 10 8 7 8 4 10 10 8 8 7 10 10 8 2 4 4 3 4 4 11 4 4 4 4 5 10 10 8 7 7 7 7 8 7 7 10 8 11 11 5 5 7 10 8 7 7 10 10 8 8 4 4 4 10 8 11 11 5 5 4 4 10 11 5 5 4 11 4 4 5 10 10 8 7 8 11 4 4 5 4 4 4 4 10 10 8 7 7 7 7 8 4 11 5 10 10 8 2 9 5 4 4 10 10 8 7 7 7 7 7 7 7 8 4 4 4 4 4 4 10 2 9 7 7 7 7 7 8 11 11 5 2 9 11 5 11 5 4 4 11 5 5 11 5 11 11 5 7 7 8 4 10 8 11 11 5 4 4 4 5 10 10 8 10 8 7 7 7 8 7 7 7 11 5 11 4 5 10 10 8 8 7 10 7 7 7 7 7 8 11 11 5 11 5 4 4 4 4 5 10 11 5 2 9 11 5 4 4 4 4 5 0 9 5 10 10 8 7 7 7 7 7 7 7 8 7 10 7 8 11 10 7 2 8 11 11 4 5 11 5 3 4 4 4 5 11 4 4 4 5 10 10 8 0 6 8 10 10 7 8 8 11 5 10 10 7 8 2 11 5 6 4 4 4 4 11 11 5 4 4 4 4 4 5 10 10 8 2
ppo_x50_b_fd_l4_same_gamma,32,qv18_38,18,153,True,897.0,7.720673561096191,8 6 2 9 10 8 8 10 4 4 2 9 10 8 8 10 10 8 7 5 10 10 8 8 11 5 11 10 8 2 6 10 10 8 8 10 11 5 2 3 4 4 4 10 11 5 5 11 4 4 10 8 8 0 9 10 7 7 7 7 7 5 2 6 10 10 8 8 10 2 9 10 8 8 11 4 5 11 10 8 2 6 10 7 10 8 8 7 11 4 4 5 4 4 11 4 4 4 4 5 4 10 7 10 8 10 8 2 3 10 7 7 7 7 7 8 10 10 8 7 8 4 11 2 9 10 8 8 11 5 4 4 4 4 4 10 10 8 8 11 5 10 10 8 8 7 10 8 10 10 8 4 4 2 11 3 4 4 5 11 11 5 4 4 4 4 5 10 11 5 2 9 10 8 10 8 8 7 7 7 7 10 7 8 1 11 3 4 4 4 4 4 4 5 11 11 5 5 7 7 7 7 10 7 0 6 7 7 7 7 8 7 11 11 4 8 5 11 4 11 4 5 4 11 5 11 5 5 7 7 11 5 11 11 5 5 10 7 8 10 10 8 7 7 7 8 4 11 10 8 8 11 11 5 4 4 4 4 5 4 4 4 11 11 5 5 7 7 7 7 7 7 7 10 8 10 10 8 4 4 5 10 2 4 9 10 8 8 10 8 11 4 4 4 4 4 5 11 11 5 2 6 7 10 7 8 7 10 10 8 10 8 7 7 7 7 8 11 4 4 4 4 5 10 0 6 8 10 7 10 7 5 2 9 10 7 8 8 1 9 11 5 2 4 4 11 4 9 8 8 4 11 11 5 5 11 11 5 7 8 11 11 5 4 4 4 4 4 11 5 2 9 8 4 10 10 8 7 8 0 6 7 7 7 7 7 7 7 7 10 7 7 8 11 11 5 2 4 11 9 5 5 4 4 11 4 5 11 4 11 5 11 5 2 10 9 8 7 7 7 8 1 4 3 4 11 11 5 5 10 7 7 7 7 7 8 4 4 4 11 11 5 4 4 4 4 5 7 10 8 0 9 10 8 8 7 7 10 10 7 7 8 7 8 10 7 7 7 8 11 4 4 4 4 4 5 10 10 7 7 8 2 6 4 11 2 9 10 8 4 5 11 4 4 4 4 4 4 4 4 5 10 10 4 4 5 11 5 2 6 10 8 10 10 8 7 10 8 4 5 10 10 8 7 7 8 10 7 8 11 11 5 4 5 11 11 5 2 9 5 10 10 8 7 7 7 7 7 5 10 10 8 8 10 7 7 8 1 11 9 5 5 11 5 4 4 4 4 4 4 4 4 4 10 8 7 7 7 7 11 11 5 2 9 4 5 10 7 7 10 8 8 11 5 7 7 7 10 8 7 10 10 8 8 4 4 11 2 11 11 5 4 4 3 4 4 4 4 4 4 4 4 5 10 11 5 2 6 10 10 8 7 7 7 7 8 11 2 9 7 7 7 7 7 8 4 11 5 11 11 5 4 4 4 4 11 5 5 7 10 7 7 7 8 11 4 5 10 10 8 4 4 5 7 7 7 11 11 5 2 10 9 5 5 0 6 10 7 7 7 7 7 7 7 8 11 11 5 4 4 4 4 4 4 4 4 4 5 11 2 9 7 8 11 11 5 11 5 5 7 11 11 5 5 7 10 7 7 7 8 10 7 8 7 11 5 10 10 8 7 7 7 8 4 11 2 3 4 4 4 11 5 4 4 10 4 4 11 5 2 9 7 7 7 7 8 4 11 5 10 10 8 10 8 8 10 7 7 7 10 8 8 4 4 11 2 4 4 9 11 5 5 4 11 4 4 11 5 2 9 8 11 11 5 5 7 7 7 11 5 10 0 6 7 7 7 7 7 8 10 10 8 2 7 9 7 8 7 11 11 5 5 4 4 4 4 10 10 2 8 11 5 9 10 8 7 7 7 8 7 10 8 4 4 10 11 5 5 4 4 4 1 3 4 4 11 4 5 11 11 5 2 4 10 10 8 7 7 9 8 8 10 10 8 10 8 2 4 10 10 8 7 7 7 7 7 8
ppo_x50_b_fd_l4_same_gamma,33,qv18_39,18,151,True,898.0,7.664655923843384,8 6 2 10 9 8 8 10 11 5 7 10 5 10 8 8 11 4 5 10 10 8 2 7 9 10 8 8 10 10 8 8 11 5 10 7 10 8 8 10 10 8 8 4 10 8 4 4 11 5 7 10 10 8 8 10 10 8 8 11 5 10 10 8 2 6 4 10 8 10 8 4 4 11 10 8 4 2 4 3 4 4 4 4 11 4 4 4 5 7 10 10 8 4 4 4 4 4 5 7 10 2 6 7 10 8 7 7 10 10 8 8 4 11 4 5 11 4 5 10 7 10 8 7 10 8 7 8 4 4 11 4 4 5 7 10 8 10 10 8 8 7 10 10 8 7 8 11 10 8 8 10 10 8 2 6 4 4 4 4 4 4 4 10 8 11 4 4 5 11 11 5 2 6 7 11 10 8 8 4 11 5 11 11 4 8 7 7 7 7 8 10 10 8 7 7 7 7 8 11 10 7 5 2 11 11 4 4 5 4 4 4 4 4 4 4 4 4 9 5 5 4 10 2 6 7 11 11 5 11 5 2 9 10 8 8 10 8 11 2 6 7 7 7 7 10 8 4 4 4 4 10 8 10 10 7 7 7 7 7 7 7 7 7 7 8 2 4 11 11 6 8 4 11 5 5 4 4 4 11 5 7 7 10 7 7 7 8 11 11 5 4 5 4 4 11 11 5 5 4 4 4 11 4 4 5 7 10 7 8 10 11 5 2 6 7 7 7 11 10 8 8 10 7 7 7 7 11 5 2 4 4 3 11 4 5 4 4 4 11 11 5 4 5 4 10 10 8 8 7 7 7 7 7 10 7 7 8 4 11 2 4 9 4 4 4 4 4 5 11 11 4 5 2 10 9 8 7 7 8 11 5 11 5 7 10 10 8 4 5 10 7 10 8 7 10 8 8 7 7 10 7 8 7 11 10 8 8 10 2 6 11 11 5 4 11 5 2 9 11 5 5 7 10 7 8 11 4 4 4 4 11 5 5 10 7 7 7 7 8 7 7 10 8 7 11 11 5 4 4 4 4 4 5 10 7 8 10 8 11 11 5 5 11 11 5 4 4 5 10 8 11 4 5 10 10 8 2 6 10 7 8 7 10 7 0 9 8 7 8 11 11 5 4 1 4 4 3 11 5 4 4 4 4 4 4 5 7 7 7 7 10 11 5 4 11 5 5 11 11 5 2 6 7 7 7 10 10 8 7 7 8 11 4 4 5 10 10 8 4 4 5 7 10 7 10 8 7 7 7 7 8 11 10 8 8 11 4 4 4 4 4 4 5 10 10 8 10 8 8 11 5 10 10 7 7 7 8 4 10 8 7 7 7 8 11 11 5 5 7 10 8 4 4 10 11 5 5 4 11 1 9 5 4 4 4 4 4 4 4 4 5 7 10 11 5 5 0 6 7 10 8 7 10 7 7 7 7 7 7 7 8 11 11 5 2 4 9 5 11 7 11 5 11 5 2 9 4 4 5 10 10 7 8 2 7 7 7 6 11 2 9 10 8 8 11 10 8 2 6 11 11 5 4 11 5 5 11 11 5 5 4 11 5 11 11 5 5 11 11 5 5 11 4 11 5 2 7 10 8 6 7 10 8 10 7 8 10 10 7 7 7 7 8 4 5 7 7 7 10 8 10 10 8 4 4 4 4 2 4 4 4 9 8 11 11 5 2 9 8 10 10 8 8 7 11 11 5 4 4 4 4 5 7 7 7 10 8 4 4 11 4 4 11 4 5 5 11 4 4 2 9 10 8 8 7 11 5 10 10 8 8 7 7 10 8 11 11 5 5 4 4 10 11 4 5 2 9 7 0 9 5 5 10 10 7 8 7 7 7 7 8 10 10 8 7 8 10 2 6 11 11 5 4 4 4 4 4 5 4 11 11 5 4 4 11 5 2 11 10 8 8 10 7 7 7 7 10 8 7 7 7 8 9 10 8 7 7 8 4 4 4 4 4 11 4 10 8 10 8 8 10 10 8 7 7 7 7 8 11 11 5 4 4 4 4 4 5 11 11 5 4 4 4 4 4 4 5
ppo_x50_b_fd_l4_same_gamma,34,qv18_4,18,155,True,914.0,7.864224195480347,8 6 2 9 10 8 8 10 10 8 8 11 5 10 10 8 10 8 8 10 10 8 8 11 5 11 4 4 5 10 10 8 8 10 7 10 7 8 8 10 4 5 10 10 7 8 8 10 10 8 8 11 5 4 11 11 5 2 9 7 8 11 0 6 4 11 5 4 5 10 7 8 7 7 7 10 10 8 8 4 4 11 4 5 11 5 4 11 5 10 7 10 8 8 10 10 8 8 4 4 4 4 4 11 4 4 5 4 11 5 4 11 11 5 5 7 7 10 7 7 7 8 10 7 7 7 7 5 7 10 7 7 8 11 11 5 4 4 4 4 4 4 5 4 4 11 4 4 4 5 10 7 10 8 8 10 7 8 10 11 5 4 8 4 10 10 8 2 6 10 0 6 10 8 8 11 2 9 7 7 7 8 10 10 8 4 4 5 4 11 5 7 11 2 9 7 7 7 7 8 11 7 11 0 3 0 3 0 3 0 3 5 11 5 4 11 5 5 7 10 8 11 11 5 5 11 11 5 4 5 4 11 5 7 7 10 7 7 7 7 7 8 7 7 7 11 11 5 5 4 4 4 4 11 4 5 4 11 10 8 2 3 11 11 5 4 4 4 5 10 2 6 7 7 10 8 10 10 8 7 7 7 7 8 11 4 11 5 2 6 11 4 11 5 4 4 5 11 4 4 4 4 2 10 9 8 0 6 8 7 7 7 7 10 8 11 4 4 5 4 11 11 5 2 7 7 6 7 10 10 8 7 8 10 2 9 10 8 8 7 10 7 7 7 8 11 11 5 11 5 4 5 4 4 4 4 4 11 5 7 10 7 10 8 7 7 8 11 4 2 11 9 5 4 4 5 11 11 5 5 11 5 10 10 8 7 8 10 10 8 7 7 7 7 8 4 11 4 4 4 4 4 4 4 4 4 5 4 10 2 9 10 8 8 10 8 4 4 4 10 0 9 5 5 10 10 8 7 0 6 7 7 7 0 6 7 7 7 7 7 7 11 5 4 4 4 4 5 10 7 8 4 11 11 5 4 4 5 10 2 9 4 4 4 5 4 10 11 5 5 10 10 7 7 7 8 7 7 7 7 8 11 4 11 5 5 11 2 9 11 5 7 7 7 8 11 4 5 4 4 10 11 5 5 4 10 11 5 5 7 10 10 8 7 10 8 7 8 11 4 5 7 7 10 7 7 7 10 8 8 11 4 5 11 5 10 11 5 2 9 7 7 7 10 8 7 8 11 4 10 8 7 8 11 5 11 5 4 4 4 11 4 5 11 4 4 5 0 6 7 10 10 8 7 5 10 10 8 8 10 11 5 5 10 7 8 7 10 10 8 8 4 4 11 2 11 3 4 4 4 5 11 4 5 10 10 8 2 3 4 4 4 4 11 10 8 4 5 4 0 10 9 8 7 7 0 6 7 7 7 7 7 7 8 10 4 4 5 1 3 10 10 8 7 7 8 4 4 11 2 4 4 3 4 11 4 4 5 10 7 7 7 8 11 11 5 11 5 4 4 4 4 4 5 7 7 11 2 6 7 7 10 10 8 10 8 2 6 4 10 7 7 8 10 11 5 5 11 4 11 5 5 10 7 7 7 8 11 5 7 11 11 5 4 5 7 7 7 10 11 5 5 7 7 10 10 8 8 10 8 4 4 4 11 5 4 4 11 4 4 4 4 5 11 4 5 10 0 9 5 5 10 10 8 0 6 10 8 8 10 7 10 8 8 7 7 10 10 8 7 7 8 7 1 9 4 8 4 4 4 11 5 10 7 1 9 5 4 4 4 4 4 4 5 7 10 7 8 11 11 5 5 11 2 9 10 8 7 8 11 2 3 4 11 11 5 5 7 7 7 7 7 7 11 10 8 8 4 4 4 4 11 5 10 8 4 4 4 10 11 5 5 7 10 7 10 7 7 7 7 7 7 7 7 7 7 8 8 4 4 11 4 5 10 10 8 8 11 5 11 4 4 5 10 10 8 7 7 8 11 5 11 11 5 2 4 4 11 9 5 4 4 4 4 4 4 4 5 10 10 0 6 7 7 7 7 7 8 7 7 7 7 7 8
ppo_x50_b_fd_l4_same_gamma,35,qv18_40,18,156,True,923.0,7.904477834701538,8 6 10 8 8 10 11 5 11 5 0 5 6 10 0 9 5 5 10 7 10 8 8 10 10 8 8 10 10 8 8 11 5 10 10 7 8 8 4 11 4 4 4 4 5 10 7 7 8 7 10 10 8 8 10 10 8 8 10 10 8 8 10 11 5 5 11 4 5 10 10 8 2 6 4 4 4 4 4 4 4 4 4 11 11 5 4 2 9 10 8 7 7 7 8 11 4 4 5 11 4 4 2 10 10 8 7 7 8 10 6 10 8 7 8 11 10 8 8 10 10 8 10 7 7 7 7 8 8 11 5 4 4 11 5 10 7 11 5 2 4 4 4 3 4 11 4 4 5 11 11 5 5 7 10 8 11 11 5 5 7 10 10 7 8 0 6 7 7 7 7 7 7 7 8 10 10 8 2 4 3 11 4 5 11 2 9 11 5 5 7 10 8 10 10 8 8 4 4 4 11 4 4 4 4 4 4 4 4 4 5 7 7 11 11 5 2 10 9 8 10 8 8 11 4 2 9 10 8 7 8 7 10 10 8 8 11 4 4 5 10 0 6 7 10 8 8 10 7 11 5 5 4 11 5 7 10 10 7 7 8 8 11 5 4 10 10 8 7 8 4 4 11 5 4 4 1 4 4 11 3 4 5 4 11 11 5 2 3 7 10 7 8 10 10 8 7 7 8 11 4 4 5 10 10 8 8 7 7 10 7 7 7 7 7 10 7 8 2 9 5 4 11 5 4 4 11 1 3 4 4 5 11 2 6 11 4 4 5 10 8 4 4 10 11 5 5 7 10 10 8 7 7 10 8 8 4 4 4 4 11 5 10 7 7 7 10 7 7 7 8 8 11 4 4 4 4 4 4 4 4 4 5 0 9 5 10 11 7 7 7 7 7 7 7 7 7 7 8 8 10 10 8 8 4 10 8 11 11 5 4 4 5 11 11 5 2 9 7 8 10 10 8 8 0 11 9 8 8 11 5 4 4 4 11 4 4 5 7 10 8 10 10 8 8 4 4 4 4 4 4 11 4 11 5 2 6 10 11 5 2 9 11 5 5 10 2 6 10 0 9 8 10 8 8 4 4 4 11 5 10 0 6 7 10 8 10 8 7 7 8 4 4 4 4 11 10 8 2 3 4 11 4 5 10 10 8 7 5 7 10 10 8 7 7 10 8 7 7 7 7 7 8 10 10 8 8 4 4 4 11 5 4 4 4 4 11 5 10 10 8 4 4 5 7 7 7 7 7 10 7 7 7 8 11 11 5 5 11 2 9 5 11 11 5 5 7 7 7 10 7 8 11 4 11 5 11 5 4 4 5 4 11 5 4 10 10 8 8 4 11 4 4 5 11 11 5 2 10 6 7 7 8 4 11 5 11 11 5 5 4 10 0 9 5 5 10 10 8 7 7 7 7 7 7 7 7 10 8 8 10 8 10 7 7 7 11 5 4 1 3 4 4 4 4 5 10 8 10 7 7 7 8 11 4 4 11 5 2 11 4 3 4 4 4 5 10 10 8 2 9 10 8 8 11 10 8 7 7 7 8 4 11 11 5 5 10 8 11 7 7 7 7 10 8 7 8 11 11 5 2 4 4 4 4 4 9 4 11 5 5 7 7 11 11 5 4 4 8 11 11 5 4 4 5 7 10 10 8 2 6 10 7 7 10 8 7 7 8 4 4 4 10 11 5 11 5 4 4 4 4 4 5 0 9 5 10 10 8 7 7 7 7 7 7 7 7 7 8 11 11 5 2 6 4 4 11 4 4 4 4 4 4 4 5 10 7 10 8 7 8 11 11 5 2 3 10 0 6 7 10 8 8 10 2 9 10 7 7 7 8 7 8 7 11 11 5 5 4 4 4 11 4 4 5 10 10 8 7 7 10 8 7 7 8 7 7 11 11 5 4 5 11 4 4 5 4 4 11 5 4 11 11 5 11 5 5 10 10 8 7 7 7 8 7 7 10 10 7 7 8 7 7 8 10 10 8 4 4 4 5 4 10 8 11 11 5 4 4 4 4 4 5 11 4 4 4 4 5 10 10 7 7 7 7 8 8 7 10 10 7 7 8 7 7 8 4 11 5 10 10 8 8
ppo_x50_b_fd_l4_same_gamma,36,qv18_41,18,151,True,869.0,7.672168016433716,8 6 2 10 9 8 8 10 10 8 8 10 4 5 7 10 10 8 8 10 10 8 8 11 5 11 4 5 10 10 8 4 4 4 5 11 11 5 5 7 10 8 10 7 7 7 5 7 7 10 10 8 8 10 10 8 8 11 5 4 10 4 4 4 4 5 10 10 8 7 7 7 8 7 10 10 8 8 1 3 11 5 4 4 4 4 4 4 11 5 4 4 11 11 5 2 7 7 9 8 10 10 8 7 7 10 8 2 6 10 8 11 11 5 2 6 11 4 10 8 7 7 7 7 8 10 4 4 4 4 4 4 4 5 11 5 11 11 5 5 10 7 7 7 7 8 7 7 10 7 7 7 7 10 8 8 4 1 9 5 4 11 5 10 10 8 2 3 11 4 5 10 10 8 8 11 4 5 4 4 4 11 4 4 4 5 11 4 4 11 5 2 7 7 6 7 7 7 10 7 7 7 7 7 8 10 10 8 8 4 4 4 4 4 11 4 2 3 4 4 4 1 9 5 4 0 9 11 5 5 7 10 10 0 6 8 7 7 8 11 5 10 4 5 10 10 8 10 8 10 8 8 11 11 5 2 6 7 7 10 7 7 7 8 11 4 4 5 11 11 5 5 7 7 7 11 5 10 10 7 7 5 4 4 4 4 4 4 5 10 8 11 7 7 8 4 11 4 11 5 2 9 5 11 11 5 5 10 7 7 8 10 7 10 7 7 7 7 8 7 8 4 1 9 8 11 11 5 4 4 4 4 4 4 4 4 4 4 4 5 10 7 10 8 2 11 5 9 4 7 10 8 8 11 5 10 10 8 2 9 5 4 4 0 6 10 10 7 7 7 7 8 2 9 4 4 5 7 10 7 8 11 11 5 5 7 10 10 7 8 7 7 7 8 10 10 8 8 4 4 4 11 5 4 10 2 9 10 8 8 10 8 7 11 2 9 10 8 8 11 5 11 11 5 11 5 4 11 7 5 5 4 4 4 4 11 4 4 4 4 4 5 7 7 7 7 7 7 7 7 7 7 7 11 5 4 4 11 11 5 7 8 10 4 4 4 11 5 5 7 7 10 8 10 7 7 7 7 7 7 8 11 11 5 11 5 5 11 1 3 4 4 4 5 11 4 4 4 5 11 11 5 7 7 7 8 11 11 5 2 10 9 8 5 4 11 5 4 10 10 8 7 7 7 8 7 7 10 7 7 7 7 8 4 4 4 4 4 4 4 10 11 5 5 11 5 7 10 10 7 7 8 8 7 10 10 8 7 7 7 7 8 4 4 11 4 4 4 4 5 7 11 2 9 10 8 7 5 10 10 8 8 11 10 8 8 7 11 5 11 1 3 4 5 4 10 0 9 5 4 4 5 10 8 11 11 5 5 10 8 4 11 4 5 4 10 10 8 7 7 7 7 7 7 8 11 10 8 2 10 9 8 8 10 10 8 8 4 4 4 4 4 11 4 4 5 11 5 11 11 5 0 6 0 6 8 7 7 10 10 8 8 4 4 1 11 9 5 4 4 11 5 5 7 11 11 5 4 4 5 11 11 5 2 7 9 8 10 10 8 7 7 7 7 8 10 8 11 4 5 4 4 4 4 4 11 5 10 10 8 2 9 8 4 10 10 8 7 7 8 10 10 8 10 8 7 7 7 7 8 4 11 10 8 8 11 11 5 11 5 4 5 11 4 4 4 4 5 11 4 5 7 10 10 8 7 8 10 7 10 7 7 8 7 7 7 8 11 2 9 10 8 8 4 4 11 11 5 4 5 0 10 9 5 5 7 10 10 8 7 7 7 8 4 1 3 4 4 4 4 10 11 5 5 10 8 10 10 8 4 4 4 4 4 4 5 4 11 2 3 10 11 5 5 4 10 10 8 7 8 7 7 11 10 8 8 4 10 10 8 7 0 6 7 7 7 7 8 7 10 10 2 8 4 3 11 11 5 4 4 4 4 4 4 4 4 4 4 5
ppo_x50_b_fd_l4_same_gamma,37,qv18_42,18,149,True,876.0,7.541378974914551,8 6 2 9 10 8 8 10 10 8 7 5 10 4 5 10 7 10 8 8 10 10 8 8 11 5 4 11 5 10 10 8 4 4 4 5 10 7 7 8 10 10 8 10 7 8 8 10 10 8 7 5 11 5 10 7 10 8 8 4 11 4 4 5 7 10 10 8 8 10 11 5 5 4 4 4 11 4 4 4 5 4 10 10 8 7 7 8 7 7 7 7 7 7 10 10 8 8 4 4 4 4 11 4 4 5 7 10 7 5 10 10 8 2 9 8 10 10 8 8 11 4 4 4 5 4 4 4 10 10 8 10 8 2 9 10 8 7 7 7 7 8 11 1 3 11 5 2 9 11 5 4 4 5 4 11 4 10 8 8 10 10 7 8 7 7 8 4 11 2 6 11 11 5 4 4 4 11 5 4 4 4 5 10 10 8 2 9 10 8 7 7 7 7 8 11 2 9 11 5 4 4 4 5 4 11 2 3 4 11 11 5 5 7 7 7 11 5 10 10 8 7 0 6 7 8 10 10 8 4 5 10 7 7 7 7 10 7 7 8 8 4 4 1 4 3 4 4 4 4 4 10 8 7 10 11 5 7 8 11 4 5 11 11 5 4 4 4 5 0 9 5 7 10 10 8 4 5 4 11 5 7 10 10 7 8 10 8 2 9 7 7 10 8 7 7 8 4 4 4 4 11 4 5 10 7 10 8 2 9 8 11 11 4 4 5 4 2 9 10 8 0 6 7 7 7 7 10 8 8 10 7 10 8 8 4 11 5 11 5 4 4 11 5 7 10 10 7 8 7 7 7 8 11 4 4 4 4 10 8 7 8 10 2 4 9 10 8 7 8 11 11 5 4 5 11 2 3 11 4 5 11 11 5 5 11 11 5 2 3 4 4 11 4 11 5 5 0 9 5 10 7 10 8 8 4 4 10 10 8 2 6 7 10 7 8 10 10 8 7 7 7 7 7 7 7 8 11 11 5 2 11 3 11 5 5 4 11 4 4 4 4 5 11 4 4 5 10 7 10 8 8 11 4 4 5 10 10 8 2 9 7 7 7 8 10 7 7 10 8 8 11 4 4 4 4 4 5 10 10 8 7 0 6 7 7 7 8 4 10 10 8 7 8 11 1 3 4 4 8 4 11 11 5 4 1 4 3 4 5 4 11 5 11 11 5 5 7 7 10 8 11 11 5 2 7 10 9 5 5 11 4 5 7 7 10 10 8 7 7 10 8 4 5 10 2 10 6 10 8 8 10 11 5 4 4 4 5 10 7 7 8 4 4 11 4 5 10 10 7 7 7 7 7 7 7 8 8 11 2 4 9 8 4 4 11 11 5 2 11 3 4 4 4 4 5 10 11 5 7 8 10 10 7 7 7 8 8 10 7 10 7 7 7 8 7 8 4 10 8 11 11 5 4 4 5 10 7 8 7 11 5 4 11 11 5 2 9 7 7 8 4 10 11 5 5 4 4 4 4 11 4 4 4 4 5 11 11 5 4 2 10 6 7 7 7 7 7 10 8 2 7 7 7 7 7 7 6 10 11 5 5 4 11 11 5 2 3 11 4 4 5 11 4 2 9 11 5 4 5 4 0 10 6 7 10 7 8 7 7 7 10 8 8 11 2 3 4 10 10 8 7 7 7 7 10 8 8 11 5 4 4 1 9 5 10 7 8 4 11 11 5 4 4 4 4 5 10 10 8 2 9 11 5 4 4 4 11 5 2 3 7 10 10 8 7 7 7 8 10 10 7 7 7 7 7 8 8 1 9 5 4 4 4 4 4 4 10 11 5 5 4 10 11 5 5 11 11 4 4 5 5 11 11 5 2 7 7 7 7 7 7 7 7 10 9 8 5 11 5 7 10 7 7 10 8 7 0 7 8 9 4 11 5 5 4 4 4 4 11 4 5 4 11 4 4 10 8 7 7 7 8 7 11 11 5 4 4 4 4 5 10 10 7 7 7 7 7 7 7 7 7 7 7 8 8
ppo_x50_b_fd_l4_same_gamma,38,qv18_43,18,155,True,922.0,7.872553586959839,8 6 2 10 9 8 8 10 10 8 8 10 10 8 8 10 10 8 8 11 5 10 10 8 10 8 8 10 10 8 8 4 10 8 10 10 8 8 4 4 4 4 4 4 4 11 5 11 11 5 4 5 10 10 8 7 7 8 7 10 7 10 8 7 8 4 4 11 10 8 8 11 10 7 8 7 7 10 8 8 11 5 1 3 4 4 4 4 4 4 11 4 5 7 10 7 7 7 7 8 11 4 11 5 4 4 4 4 4 4 4 8 11 2 9 11 5 5 7 7 7 0 6 7 10 11 5 5 10 7 7 10 8 8 11 5 7 7 7 11 11 5 2 6 4 4 4 10 10 8 7 7 7 7 8 10 7 10 8 8 4 4 4 4 4 4 4 11 1 3 4 5 11 2 9 7 11 5 5 10 2 9 10 8 7 8 11 4 5 11 11 5 5 4 10 10 8 7 7 7 7 8 10 8 10 8 10 10 8 8 4 4 4 11 4 5 10 10 7 7 8 7 7 8 7 11 11 5 4 4 4 5 4 4 11 5 4 4 4 4 11 4 5 10 10 8 8 7 7 7 7 10 8 4 11 2 6 11 4 5 11 11 5 2 7 7 7 9 5 10 10 8 7 8 10 7 10 8 8 7 11 11 5 4 4 4 4 10 7 8 10 8 2 6 7 10 10 8 8 4 4 4 4 4 11 4 5 10 7 10 8 2 9 10 8 7 7 7 7 7 8 1 3 4 4 4 4 4 4 4 4 4 4 4 11 4 5 10 10 8 8 4 11 5 7 11 11 5 2 9 7 0 9 5 5 7 10 10 8 7 7 11 5 2 9 10 8 7 7 7 7 7 7 8 10 7 8 11 1 4 11 5 4 4 4 4 4 5 3 11 11 5 4 4 5 4 0 9 5 10 0 6 7 7 7 8 10 10 7 8 2 7 7 9 7 7 8 11 4 8 11 11 5 2 9 5 11 10 8 8 4 11 11 5 2 9 11 5 4 4 4 4 5 7 7 10 7 7 7 7 7 7 8 10 2 9 10 8 7 8 10 4 10 7 8 4 4 5 0 11 9 8 8 4 4 4 4 1 4 4 10 9 5 5 11 11 5 4 11 5 5 7 10 11 5 5 10 10 8 8 7 7 7 11 5 11 4 4 5 4 11 11 5 5 10 11 5 5 10 2 6 7 7 7 10 10 8 7 7 10 8 8 11 5 4 10 10 8 7 7 7 7 7 8 10 10 8 4 2 4 4 9 8 11 11 5 11 5 5 4 4 11 4 4 4 4 4 4 4 5 7 7 10 8 10 10 8 2 4 9 5 4 4 11 11 5 2 9 8 10 10 8 10 8 7 7 7 7 8 10 11 5 2 9 11 5 4 4 5 10 10 8 7 7 7 7 8 4 4 4 4 4 4 10 11 5 5 10 0 6 7 7 7 8 7 10 10 8 7 8 11 4 4 4 4 5 11 5 11 11 5 7 7 8 11 2 3 10 10 7 8 2 9 7 7 10 8 8 7 11 5 10 10 7 8 7 8 4 4 4 10 8 11 1 3 11 5 4 4 4 5 11 11 5 0 6 8 11 11 5 4 5 7 7 7 7 7 10 8 4 4 11 4 4 5 11 11 5 4 4 5 7 7 7 7 7 7 10 8 11 4 4 4 4 5 4 11 11 5 5 7 7 10 10 8 7 7 10 8 8 4 10 10 8 7 7 7 8 10 4 4 5 10 7 7 10 7 8 2 9 10 8 8 11 4 5 4 4 4 4 4 10 11 5 4 4 5 4 4 11 11 5 2 7 10 8 9 10 8 10 8 7 8 11 10 8 2 6 7 10 7 10 8 7 7 7 8 1 9 8 11 4 5 11 11 5 2 4 4 4 11 5 4 9 4 4 5 11 11 5 5 10 2 10 10 7 7 8 9 8 7 8 4 10 10 7 7 7 7 7 7 8 2 9 8 11 11 5 4 4 4 4 5 7 10 10 8 2 7 9 8 7 11 11 5 4 4 4 4 5 4 4 4 4 4 11 5 11 11 5 2 4 10 10 8 7 7 8 10 7 7 7 7 10 8 7 7 7 7 7 7 8
ppo_x50_b_fd_l4_same_gamma,39,qv18_44,18,156,True,928.0,7.919225454330444,8 6 2 10 9 8 8 10 10 8 8 11 5 11 4 5 10 10 8 7 7 10 8 8 10 10 8 8 11 5 10 7 10 8 7 5 4 11 5 11 5 11 11 5 5 11 4 5 10 4 4 5 10 10 7 8 10 8 0 6 7 7 7 7 7 10 8 8 10 10 8 8 10 5 10 4 5 10 7 10 8 8 4 4 4 11 4 8 4 4 4 4 4 11 4 5 7 10 10 8 2 6 11 4 10 8 8 10 10 8 7 7 7 7 8 11 11 5 5 11 5 7 7 10 10 2 8 6 11 4 4 5 4 4 10 10 8 2 9 8 7 10 8 10 10 7 8 2 3 4 4 4 11 5 4 11 4 5 4 11 11 5 4 4 5 0 9 5 10 10 8 7 7 7 7 7 7 7 8 4 10 10 8 2 3 4 4 4 4 4 4 11 4 5 10 8 7 7 7 7 7 7 7 11 11 5 4 4 5 11 11 5 11 5 5 4 11 11 5 7 7 7 8 11 4 5 4 4 4 10 10 8 0 6 7 7 7 7 7 7 11 5 2 3 4 4 4 4 11 4 4 4 5 7 7 10 10 8 8 7 7 7 7 10 10 8 7 7 7 7 7 8 11 2 3 11 11 5 5 4 4 11 2 9 5 10 10 8 8 11 2 9 5 11 11 5 4 4 4 5 10 10 8 2 9 7 11 5 4 4 4 5 4 4 11 5 10 10 8 2 9 5 0 10 10 7 8 6 7 7 7 7 7 7 8 10 7 5 10 10 8 2 11 5 9 7 7 10 8 4 1 3 4 4 4 4 4 5 10 0 6 7 8 10 7 8 10 8 11 11 5 11 5 11 5 2 9 11 5 4 4 5 10 10 8 8 4 4 4 11 4 5 7 10 10 8 8 11 2 9 10 8 8 7 10 7 7 11 5 4 4 4 4 4 10 8 7 8 4 11 2 9 11 5 4 5 0 6 7 7 7 7 7 7 11 4 5 10 7 10 8 8 1 3 4 4 4 11 5 11 2 3 10 7 10 8 4 4 4 4 4 4 5 11 11 5 5 7 7 0 10 6 7 7 7 7 7 7 7 7 7 8 10 7 11 7 8 4 4 4 5 4 10 2 9 7 8 4 11 11 5 4 5 10 10 8 2 11 9 5 4 4 4 4 4 5 7 11 11 5 4 4 5 10 2 9 10 8 8 7 7 7 7 11 5 11 4 4 4 4 5 4 10 10 8 7 7 10 8 8 7 10 10 8 7 8 10 7 7 7 5 10 10 8 8 11 10 8 8 1 3 4 4 4 4 11 11 5 5 11 4 5 4 11 11 5 2 9 5 7 7 10 10 8 7 7 7 5 10 7 7 7 7 7 8 11 11 5 4 11 5 2 11 9 5 5 4 11 4 5 4 10 4 4 4 11 5 11 5 2 6 0 6 10 11 5 2 9 11 5 5 7 10 10 8 7 10 8 7 7 7 7 7 8 7 11 10 8 8 11 2 11 11 5 3 11 5 4 4 5 11 5 11 11 5 2 3 11 4 4 5 4 10 10 8 7 7 7 7 7 8 10 10 8 8 10 8 11 4 4 10 8 7 7 11 5 0 6 7 7 7 8 1 3 4 11 4 11 5 5 4 4 4 4 4 4 11 5 10 10 8 2 9 10 8 7 8 4 4 4 11 4 5 10 10 8 8 7 7 10 10 8 7 7 8 7 10 8 4 10 10 8 7 8 10 10 8 8 4 11 1 5 11 5 4 3 4 4 4 11 11 5 2 9 7 10 8 4 4 4 4 4 5 10 0 6 7 7 7 8 10 10 8 8 10 8 11 11 5 2 6 4 4 11 4 4 4 4 4 5 4 10 10 8 7 7 8 7 10 8 11 11 5 2 7 11 9 8 8 11 11 5 4 5 10 10 7 7 7 7 7 7 7 8 8 10 2 10 10 8 8 4 4 4 4 4 4 11 5 4 3 4 4 4 4 11 4 5 10 10 7 8 8 7 7 10 10 8 7 8 7 7 10 7 8 11 11 5 7 7 7 7 8 4 4 4 4 4 11 4 4 4 4 4 4 4 5 7 10 10 7 7 7 7 7 7 8 8
ppo_x50_b_fd_l4_same_gamma,40,qv18_45,18,155,True,904.0,7.862743854522705,8 6 2 9 10 8 8 10 10 8 8 10 4 5 10 10 8 10 8 8 10 10 8 8 11 5 4 11 4 4 5 10 10 7 8 7 7 8 4 11 5 10 10 7 7 8 7 5 10 10 8 8 10 10 8 8 10 10 8 8 11 5 11 11 1 8 6 7 8 11 4 11 5 4 5 10 4 10 8 7 8 11 11 5 4 5 11 2 4 3 10 10 8 2 6 7 10 7 7 8 11 1 3 4 4 4 4 4 4 4 5 11 4 10 8 7 7 8 11 10 8 7 7 7 7 8 11 11 5 5 4 10 8 11 4 11 5 4 5 7 11 10 8 7 7 7 8 4 11 11 5 4 4 4 4 4 4 5 11 11 5 5 7 10 11 5 2 6 11 5 10 10 8 8 7 7 11 5 10 10 8 7 10 8 2 7 11 5 9 4 4 5 10 7 10 8 10 8 8 7 10 8 7 7 10 10 8 7 8 1 9 5 4 4 4 4 4 4 4 4 4 4 11 4 5 7 10 10 8 2 9 4 5 10 10 8 7 8 7 7 7 7 7 11 11 5 2 11 9 8 8 11 4 4 4 4 4 11 5 2 11 9 8 8 4 11 11 5 5 7 10 10 7 8 7 7 7 7 8 11 4 4 4 5 7 10 10 8 7 7 7 7 8 4 4 4 11 5 4 11 4 10 7 8 2 4 9 11 5 5 11 11 5 2 6 10 10 8 4 4 4 4 5 4 10 10 8 7 7 7 7 7 7 7 8 7 10 10 8 7 7 8 11 10 8 2 9 11 5 5 4 4 11 4 4 4 4 5 11 5 4 11 11 5 2 6 7 10 10 0 6 7 7 7 7 8 8 11 4 5 7 7 10 7 7 8 7 11 11 5 5 1 9 5 4 4 4 10 10 8 2 10 8 9 11 5 5 11 2 9 11 5 5 4 11 4 4 4 4 5 10 7 8 4 10 10 8 7 7 10 8 8 10 10 7 5 4 4 5 4 10 10 8 7 7 7 7 11 8 11 5 5 4 4 4 4 4 4 10 4 4 4 4 5 10 11 5 2 10 6 10 8 7 7 8 7 11 4 4 5 7 10 8 10 10 8 8 11 10 8 8 10 10 7 7 5 2 9 7 7 10 8 8 11 4 4 5 4 4 4 4 4 1 3 4 4 10 8 10 4 11 5 4 5 10 2 10 9 8 7 7 7 7 7 8 10 8 4 11 11 5 4 4 5 4 4 4 10 2 10 10 8 10 8 6 10 8 8 7 7 10 7 8 11 4 4 5 11 4 4 4 5 10 10 7 8 8 7 10 10 7 7 7 7 8 7 7 7 8 11 5 4 11 5 10 2 10 9 8 8 4 1 3 4 11 4 5 4 10 10 8 7 8 11 5 4 4 4 11 5 11 4 4 5 10 10 8 2 7 7 7 7 7 9 8 4 10 11 5 5 11 4 5 10 10 8 7 7 5 7 10 10 7 8 7 7 8 1 9 8 11 11 5 4 2 4 9 10 8 8 11 2 11 3 4 5 11 4 4 4 4 4 4 5 10 10 8 10 8 2 3 10 11 5 4 4 5 4 4 10 2 10 9 8 0 6 7 7 7 7 7 7 8 11 2 9 0 6 7 7 8 10 7 7 11 5 2 9 8 11 4 11 5 4 5 11 11 5 4 8 11 11 5 2 6 7 11 10 8 8 11 11 5 4 4 4 4 4 5 10 8 7 10 10 8 7 7 7 7 7 8 4 4 11 2 6 11 11 5 4 4 5 11 11 5 4 4 4 11 5 2 7 6 10 7 7 7 7 7 7 7 7 7 7 7 7 8 10 8 4 1 9 11 5 2 4 4 3 4 4 4 11 5 7 7 7 7 10 8 11 11 5 5 7 7 7 7 7 11 11 5 4 5 11 5 4 11 11 5 11 5 5 10 8 10 11 5 11 5 4 4 5 4 11 11 5 5 11 2 10 10 8 8 10 10 8 9 8 7 7 8 10 10 8 7 7 7 8 10 10 8 8 10 10 8 8 4 4 4 4 11 11 5 2
ppo_x50_b_fd_l4_same_gamma,41,qv18_46,18,155,True,917.0,7.8487725257873535,8 6 2 9 10 8 8 10 11 5 4 0 5 10 6 10 8 10 8 8 10 10 8 8 10 10 8 8 11 5 4 10 10 8 7 10 8 8 10 10 8 8 11 4 4 5 11 4 10 8 7 7 8 4 11 4 5 10 10 8 8 7 7 10 10 8 8 10 10 8 8 11 5 11 11 7 7 8 2 11 5 4 11 11 5 3 4 5 4 4 4 4 4 10 11 5 4 4 4 5 10 2 9 10 8 0 6 8 7 7 10 8 7 7 10 7 8 11 11 5 2 7 7 9 7 8 11 11 5 2 4 4 4 4 3 4 11 11 5 4 4 4 4 5 10 2 6 7 10 10 8 8 7 7 11 5 10 10 8 0 6 7 7 7 7 7 7 8 1 3 4 4 4 4 11 4 5 4 1 3 4 11 5 4 4 4 11 7 11 5 2 7 10 10 8 6 10 8 8 7 10 10 8 7 7 10 8 8 11 5 7 11 10 8 8 7 7 10 10 8 8 4 4 4 4 4 4 11 4 10 8 8 11 2 3 11 4 5 10 10 8 8 11 5 4 11 4 11 4 5 2 6 7 7 7 7 7 10 7 7 7 7 8 11 11 5 7 8 11 4 4 11 5 4 5 10 10 8 2 6 11 5 10 7 7 7 8 11 11 5 4 5 7 7 7 10 8 10 8 11 11 5 5 4 11 4 4 4 5 4 4 4 4 10 11 5 4 4 5 11 5 7 0 6 7 10 10 8 8 10 8 4 10 10 8 7 7 7 8 4 11 2 6 7 7 10 7 8 11 11 4 5 5 4 10 10 8 2 6 7 7 7 10 8 11 11 5 5 4 4 4 4 10 8 4 11 11 5 4 4 4 4 5 4 11 2 9 11 5 5 7 10 10 8 4 5 7 10 7 7 7 7 7 7 7 8 7 10 8 4 4 4 11 11 5 2 9 7 8 4 11 11 5 4 4 5 11 5 7 7 10 7 7 7 7 7 7 7 7 8 4 4 4 10 7 8 11 11 5 7 7 7 8 11 11 5 4 4 11 5 5 4 10 8 11 11 5 2 11 4 5 3 11 11 5 5 11 11 5 4 5 11 2 10 9 5 5 10 10 8 8 0 9 5 10 8 10 10 8 7 7 7 7 7 7 8 7 11 7 10 7 7 1 8 8 3 11 4 5 4 4 4 11 5 10 10 8 8 10 10 8 7 7 8 11 11 5 5 4 4 4 4 10 11 5 5 11 4 4 4 11 4 5 2 11 4 5 9 7 11 5 5 7 10 10 8 8 11 5 7 10 11 5 0 6 8 10 10 8 7 10 8 7 7 7 7 7 7 8 11 5 1 9 11 5 4 4 5 11 5 11 4 4 4 11 5 2 9 11 5 5 7 7 7 7 7 7 7 10 7 8 11 4 4 5 4 4 4 11 5 4 10 11 5 5 4 4 10 10 8 0 6 7 7 8 7 7 10 10 7 8 7 5 7 7 10 10 8 8 4 11 1 3 4 5 10 10 8 2 10 9 8 7 7 8 4 11 4 4 4 4 4 5 11 11 5 5 10 8 11 4 10 8 7 7 7 7 7 7 8 11 2 11 11 5 5 3 4 11 11 5 4 4 4 5 11 5 4 10 11 5 5 10 10 8 10 8 7 7 8 10 7 8 11 4 10 8 2 3 11 11 5 4 4 5 11 5 11 11 5 2 11 3 10 8 8 10 10 7 7 7 8 7 7 7 7 7 7 7 7 8 11 4 4 5 4 10 8 11 4 10 8 2 9 10 7 7 7 8 8 11 5 11 5 7 10 10 8 4 4 5 11 5 7 11 2 9 11 5 4 4 4 4 4 5 7 7 11 5 4 4 10 0 9 8 7 7 7 8 11 4 4 5 7 10 10 8 8 7 11 11 5 5 10 8 10 10 8 8 10 7 8 1 11 11 5 4 4 4 4 5 4 9 4 4 4 4 4 4 5 10 10 7 7 8 10 8 7 7 0 6 7 7 7 7 7 8 11 10 8 8 10 10 2 8 11 11 4 4 5 4 4 4 4 4 5 11 11 5 4 5 10 10 8 7 7 8
ppo_x50_b_fd_l4_same_gamma,42,qv18_47,18,152,True,880.0,7.714356184005737,8 6 10 8 8 10 10 8 8 11 5 7 10 10 8 8 10 10 8 8 11 5 11 4 5 0 9 10 8 4 4 4 4 5 0 6 7 7 7 10 8 10 10 7 8 8 10 10 8 8 10 4 4 5 11 7 10 7 7 8 8 10 10 8 8 11 5 10 10 8 2 11 9 5 8 11 11 5 11 5 5 11 2 11 9 5 4 4 5 7 10 7 0 6 8 7 11 11 5 4 4 5 11 4 4 4 4 4 4 5 11 2 3 4 10 10 8 7 8 7 10 8 11 4 4 5 10 10 8 10 8 7 7 7 10 8 8 10 7 10 8 2 9 11 5 11 5 4 5 10 7 8 4 11 11 5 4 4 4 5 0 6 7 7 10 8 10 7 10 8 7 8 4 11 4 4 4 5 11 1 4 5 9 11 5 4 4 5 10 8 7 11 5 10 10 8 7 8 10 10 8 7 7 7 7 7 7 7 8 4 4 4 11 4 5 11 5 11 10 7 5 2 9 7 7 7 10 8 8 10 10 8 8 1 3 4 4 11 5 4 4 4 4 4 11 10 8 2 9 8 10 10 8 7 8 11 5 4 11 4 10 8 8 11 11 5 11 5 4 4 4 4 5 7 11 11 5 4 2 6 7 10 10 8 8 7 7 7 7 7 7 7 7 10 7 7 11 5 4 5 10 10 2 8 6 11 7 1 4 3 4 5 4 4 4 4 11 4 5 11 4 10 8 7 7 8 11 11 5 4 4 5 4 4 0 9 5 10 1 6 10 8 7 7 7 7 7 7 7 7 7 5 4 4 4 4 4 4 11 5 7 11 11 5 5 10 2 3 7 10 10 8 7 7 7 8 10 7 7 7 10 8 7 8 4 4 4 11 5 4 10 8 10 10 7 8 7 10 8 8 4 4 1 9 8 4 10 11 5 5 4 4 11 11 5 4 11 5 2 4 9 11 5 2 3 4 10 10 8 7 7 7 7 7 7 8 4 11 4 4 4 4 4 5 4 4 10 10 8 7 7 0 6 8 7 10 8 7 10 7 11 5 1 3 4 5 11 2 9 7 7 10 8 7 7 7 8 11 4 4 4 4 4 4 5 11 4 5 10 11 5 5 4 11 5 4 10 10 8 7 0 6 7 10 8 8 7 10 8 10 7 8 10 7 7 10 8 7 8 4 4 11 4 5 7 10 10 8 7 8 4 11 1 9 8 8 11 11 4 5 5 4 4 4 11 5 10 10 8 4 4 4 5 11 5 7 7 10 7 8 7 10 7 8 11 11 5 5 10 7 8 7 11 11 5 4 4 4 11 5 5 11 4 4 5 10 10 8 7 7 8 4 11 2 9 11 5 0 6 8 11 5 4 4 4 11 4 5 10 10 8 8 10 7 8 4 11 11 5 4 5 7 10 7 8 11 11 5 5 10 8 7 10 10 8 7 7 7 8 10 2 9 7 8 7 10 8 11 11 5 5 11 4 11 5 7 7 7 7 7 8 4 4 4 4 4 4 4 11 2 4 3 10 11 5 4 4 5 4 10 2 10 10 6 7 7 7 8 8 10 10 8 0 6 7 7 7 7 7 7 8 11 4 4 10 7 8 2 9 8 4 11 11 5 4 4 5 11 4 11 5 2 9 5 11 4 10 8 7 8 7 10 7 7 7 10 8 2 9 7 8 11 11 5 5 11 1 3 4 5 10 8 4 4 4 4 4 11 11 5 2 9 8 7 10 0 6 7 10 8 8 4 4 4 11 4 4 5 11 11 5 2 6 7 7 11 11 5 4 4 4 5 10 7 7 8 10 10 8 0 6 7 7 7 10 8 7 8 4 11 5 4 4 11 4 5 7 7 10 10 8 7 8 7 10 10 8 8 4 4 4 10 2 11 11 5 5 4 4 4 3 4 4 4 11 4 5 10 10 8 2 10 10 8 8 7 7 10 10 8 7 7 8 10 10 8 7 7 8 9 7 11 5 5 4 10 10 8 7 8
ppo_x50_b_fd_l4_same_gamma,43,qv18_48,18,156,True,898.0,7.86519980430603,8 6 2 10 9 8 8 10 11 5 4 2 6 7 10 10 8 8 10 4 4 4 5 7 10 11 5 5 7 7 10 10 8 10 8 8 11 5 10 10 7 8 8 11 5 10 10 7 8 8 10 10 8 8 11 5 4 4 11 5 1 3 4 4 11 11 4 4 5 11 5 2 9 10 8 7 0 6 7 7 8 11 11 5 4 11 5 5 10 10 8 2 9 10 8 7 10 7 8 7 8 4 11 5 7 10 10 8 0 6 8 10 7 10 8 8 10 4 4 5 11 5 10 10 7 7 7 8 8 11 5 4 10 7 10 8 2 3 11 5 11 1 9 5 5 4 11 4 4 4 4 5 10 8 11 11 4 5 4 4 2 9 4 5 11 4 10 8 7 7 7 8 11 4 5 10 10 8 7 8 11 4 4 5 10 10 7 7 7 7 7 7 7 7 8 8 10 10 8 7 8 4 4 4 11 5 11 4 5 10 4 5 10 10 7 7 8 7 8 11 4 11 7 2 3 5 11 2 6 10 10 8 7 7 8 4 11 10 8 8 11 5 11 5 7 11 5 4 10 8 11 11 5 4 5 4 4 4 11 4 5 10 2 9 10 8 8 11 10 8 4 5 7 10 7 10 7 5 2 10 9 5 5 11 11 5 4 4 5 7 7 7 7 7 11 10 8 8 10 7 8 11 11 4 5 2 4 4 9 11 4 4 4 5 4 4 5 4 4 10 2 10 10 8 6 7 8 7 7 7 7 7 10 8 10 7 7 7 7 10 8 2 4 9 8 11 11 5 4 4 4 4 5 10 8 7 11 11 4 5 4 4 4 4 11 5 2 7 7 6 7 10 7 7 7 7 7 7 8 1 4 4 4 4 4 4 4 4 3 4 4 11 5 10 10 8 4 4 5 10 8 10 10 7 8 7 7 7 8 11 4 4 5 10 7 7 7 7 8 11 11 5 5 11 2 9 10 8 7 7 7 7 8 11 11 5 5 10 7 8 11 11 5 4 4 4 5 11 11 5 5 7 7 7 10 7 8 10 8 11 4 4 11 5 5 4 4 11 11 5 4 4 4 4 5 7 7 7 10 11 5 2 6 7 7 11 5 10 10 8 8 10 7 7 7 10 8 2 3 4 11 4 11 5 8 11 2 9 11 5 5 7 7 10 10 8 8 4 4 4 11 4 4 4 5 4 4 10 2 10 10 8 6 0 6 7 7 7 7 7 7 7 8 10 8 10 10 7 8 8 4 11 2 11 4 3 4 4 4 4 5 7 11 4 10 8 2 9 10 8 8 7 7 7 7 10 10 8 8 4 4 1 3 4 11 4 4 4 4 4 4 5 10 8 7 7 7 11 5 11 11 5 11 5 2 9 8 7 7 10 10 7 7 8 8 11 1 9 5 4 4 4 4 4 4 5 0 6 11 2 9 10 8 7 7 8 7 10 10 8 7 7 7 8 11 7 7 8 11 11 5 11 5 11 5 4 4 4 4 4 4 4 4 4 4 4 5 0 9 5 10 10 8 2 10 9 8 8 10 0 6 8 10 10 8 4 4 5 10 8 10 7 10 8 7 5 10 10 8 2 6 10 10 8 2 9 5 7 7 7 11 5 11 11 5 4 5 11 11 5 4 4 4 4 4 4 4 5 10 0 9 8 8 7 10 7 8 10 7 10 7 8 2 9 7 7 11 5 4 5 11 4 4 4 4 4 5 7 7 10 7 7 8 10 10 8 8 4 4 4 11 4 5 10 10 8 2 7 9 7 7 8 7 7 7 10 10 8 8 4 4 4 4 4 11 4 4 4 4 4 5 10 7 8 7 10 10 8 7 10 8 8 4 4 4 4 11 2 9 10 8 4 4 5 4 11 4 11 5 4 5 10 7 7 8 4 11 11 5 5 0 6 7 10 7 7 7 8 7 7 7 7 10 10 8 8 11 4 5 10 10 8 8 10 10 8 2 4 4 4 4 11 5 4 4 4 4 4 4 11 11 5 5 7 7 7 7 11 9 8 8 10 10 7 7 7 2 8
ppo_x50_b_fd_l4_same_gamma,44,qv18_49,18,151,True,897.0,7.597308158874512,8 6 2 9 10 8 8 10 10 8 8 11 5 11 11 5 5 7 7 7 10 10 8 8 10 10 8 8 10 10 8 8 11 5 10 7 10 8 8 10 10 8 8 11 5 11 4 5 4 10 10 8 8 4 11 4 5 11 11 5 1 3 5 11 11 5 4 4 4 5 10 7 7 11 5 2 10 9 5 5 10 10 8 7 7 0 6 7 7 7 8 7 7 10 10 7 2 5 6 10 10 8 8 4 4 4 4 4 1 9 8 11 4 4 4 11 5 2 9 5 7 11 11 5 5 10 0 6 7 7 7 11 5 2 9 10 8 7 7 8 4 4 11 5 10 10 7 5 2 9 10 8 8 11 4 4 4 11 5 5 11 11 5 4 5 11 5 7 4 11 4 4 0 6 10 8 7 7 8 7 10 11 5 5 4 10 10 8 7 7 8 11 5 7 7 10 7 8 10 10 8 7 7 8 4 11 5 4 4 11 4 10 8 8 10 8 7 7 10 7 10 8 4 2 4 9 8 4 11 11 5 4 4 4 4 4 4 4 4 4 5 7 7 10 10 8 8 4 4 11 4 4 4 5 10 10 8 2 9 10 8 10 8 8 11 11 5 2 9 8 10 7 10 8 7 7 7 8 10 7 8 11 11 5 2 9 8 4 11 11 5 5 7 7 7 0 10 9 5 8 7 11 11 5 4 4 5 4 4 4 11 4 4 5 11 4 5 0 6 7 7 10 10 8 4 4 4 5 11 5 7 10 7 10 8 7 7 7 7 7 7 8 4 11 4 11 5 7 7 7 7 7 7 8 4 4 11 4 2 9 10 8 8 11 4 4 4 4 4 4 5 10 7 7 8 4 10 10 8 7 7 7 7 7 7 8 4 4 4 4 4 4 4 4 11 5 7 10 8 4 11 11 5 4 5 11 11 5 2 6 7 7 7 7 7 7 7 10 8 11 11 5 7 7 7 7 8 10 8 4 11 11 5 7 7 7 8 4 11 5 11 4 4 4 5 4 4 4 10 10 8 7 7 7 7 7 8 11 4 5 4 4 4 4 4 10 8 11 11 5 4 4 4 4 4 5 7 7 10 8 7 7 7 7 7 7 7 7 7 10 7 7 8 11 11 5 4 4 4 4 5 10 8 10 10 8 8 4 4 1 3 4 4 4 4 4 11 4 11 5 11 5 2 9 7 8 11 11 5 5 7 7 7 7 7 7 7 7 10 8 7 7 10 7 8 4 11 11 5 5 11 11 5 5 11 5 10 10 8 2 3 4 11 4 5 11 11 5 5 7 7 7 10 8 4 11 4 5 10 7 7 10 8 7 7 7 8 10 10 7 8 8 4 11 2 9 5 10 10 8 8 4 4 4 4 11 5 4 4 11 11 5 2 9 8 11 11 5 4 4 4 5 0 6 7 10 10 8 7 7 8 7 7 7 7 7 7 10 7 10 8 4 4 4 2 3 4 4 4 11 5 10 7 7 8 4 4 4 11 11 4 8 7 8 4 4 4 11 11 5 2 6 7 7 11 10 8 8 7 7 7 7 10 7 8 11 11 5 4 1 3 5 4 4 4 4 4 4 4 4 11 4 10 8 8 10 2 6 7 7 7 7 7 10 7 11 5 5 11 5 4 4 4 11 11 5 7 7 7 7 7 7 7 8 4 4 4 11 2 6 11 4 11 5 2 6 10 7 10 8 8 11 5 11 4 4 4 5 11 11 5 5 7 7 7 7 10 0 6 7 7 8 11 2 9 10 8 7 7 7 7 7 7 8 11 11 5 5 4 11 4 4 5 10 8 7 7 7 7 11 4 5 7 10 10 8 8 11 2 4 4 11 11 5 11 5 3 11 5 4 5 7 11 4 4 11 5 5 10 2 9 8 11 11 5 5 11 5 0 6 7 7 7 10 7 10 8 8 10 10 2 8 11 5 11 11 5 5 11 11 5 5 11 11 5 4 3 5 10 11 5 5 11 11 5 2 10 10 7 7 8 6 7 7 7 7 7 7 8 7 10 7 7 7 10 2 8
ppo_x50_b_fd_l4_same_gamma,45,qv18_5,18,151,True,901.0,7.628031969070435,8 6 2 10 9 8 8 10 10 8 8 10 4 5 7 10 10 8 8 10 10 8 8 11 5 4 11 5 7 10 10 7 7 8 7 5 10 10 8 8 10 10 8 8 4 10 8 11 11 5 2 9 8 4 10 7 7 10 8 8 4 4 11 4 4 4 4 5 11 2 9 7 10 8 7 7 7 8 11 11 5 1 3 4 4 4 11 5 8 11 0 6 8 7 7 11 10 8 8 10 10 7 5 2 4 4 4 3 11 4 11 5 5 7 10 10 8 8 11 5 11 4 11 5 4 4 4 11 5 2 9 11 5 5 7 7 7 11 4 4 5 7 10 10 8 10 8 8 7 7 7 7 7 7 11 5 10 10 8 7 7 7 7 8 11 11 5 2 3 11 11 5 4 4 5 4 4 11 5 4 4 11 11 5 2 3 7 7 11 4 4 4 5 10 7 7 8 10 10 8 7 7 7 7 7 7 7 8 4 11 4 5 4 10 7 7 10 8 8 7 11 1 3 4 4 4 8 11 11 5 4 5 11 4 5 10 10 8 2 6 7 11 7 7 7 8 4 4 4 11 11 5 4 4 4 4 5 10 11 5 5 10 2 10 10 8 6 7 7 7 7 5 10 10 8 2 6 7 7 10 10 7 8 7 7 8 11 5 4 11 5 10 1 3 4 8 11 11 5 4 8 11 11 5 2 3 11 7 10 7 8 7 8 10 10 8 8 4 1 11 9 8 8 11 4 4 4 5 11 4 11 5 4 4 5 0 6 7 7 7 10 7 8 1 11 3 11 5 5 11 4 5 11 11 5 4 4 5 7 0 6 7 7 10 10 8 2 9 8 4 4 4 10 11 5 5 11 11 5 5 7 7 7 7 10 10 8 7 7 8 11 4 4 5 10 10 8 8 10 11 7 7 8 7 8 4 11 5 10 10 7 7 7 7 8 8 4 11 4 5 10 2 9 10 8 8 4 11 5 10 7 8 4 10 10 8 8 4 4 4 4 4 4 4 11 4 4 4 4 5 11 7 0 6 8 10 10 7 8 2 9 10 8 8 7 7 10 10 8 8 11 5 10 1 9 8 8 11 4 11 5 5 4 11 2 9 11 5 4 4 4 11 5 4 5 7 7 10 11 5 5 10 7 0 6 8 7 10 8 10 7 10 8 7 7 7 8 11 4 4 5 4 10 7 11 4 5 8 7 7 10 10 8 8 4 4 1 3 11 4 10 8 8 11 4 4 4 4 11 5 4 4 4 4 5 10 7 8 11 11 5 4 5 10 4 2 10 9 8 8 7 7 10 7 10 8 2 9 8 10 10 8 4 4 5 10 2 9 8 10 7 7 7 7 7 7 10 7 8 8 4 4 1 3 4 4 4 4 4 4 4 10 11 5 5 11 2 9 5 4 11 11 5 2 3 7 7 11 5 10 10 8 7 7 8 7 7 7 7 7 10 10 8 2 6 7 10 7 8 11 4 4 4 5 7 7 11 11 5 4 4 11 5 1 3 4 4 4 5 11 2 9 7 8 11 11 5 5 4 10 11 5 5 7 10 10 8 7 7 7 7 10 8 2 9 7 10 8 8 4 11 5 4 4 4 11 5 4 4 4 11 11 5 4 2 6 10 10 8 7 10 8 7 7 7 7 11 4 5 2 6 7 10 7 7 7 8 11 5 4 11 11 5 5 4 11 5 7 10 7 7 8 10 10 7 8 2 6 10 10 8 8 4 11 11 5 4 4 4 11 5 11 5 2 11 4 9 5 5 11 4 5 10 10 8 2 6 7 7 7 7 7 11 10 7 7 8 7 7 7 8 11 4 11 5 2 11 3 4 4 5 4 11 11 5 4 5 4 4 11 4 4 5 10 10 2 6 7 8 11 4 5 10 10 8 8 10 10 7 7 8 2 7 7 9 8 10 10 8 8 10 10 8 2 7 10 10 8 8 4 4 11 9 5 4 4 4 4 4 4 5 11 11 5 2 10 9 8 7 7 7 7 7 7 7 8 4 4 4 4 4 4 11 11 5 4 4 4 4 4 5
ppo_x50_b_fd_l4_same_gamma,46,qv18_50,18,154,True,915.0,7.785351037979126,8 8 10 6 10 8 2 9 5 10 10 8 8 10 10 8 8 10 10 8 7 5 11 5 4 11 11 5 2 9 8 10 10 7 5 4 4 4 4 5 7 10 7 7 8 10 7 7 10 8 8 10 10 8 8 4 10 8 10 10 8 8 4 4 4 11 5 7 10 7 11 5 4 5 4 11 5 7 7 7 10 8 10 10 8 4 4 5 10 8 7 7 10 10 8 8 4 4 4 4 4 4 4 11 11 5 4 4 4 4 4 4 5 0 9 5 10 10 8 0 6 10 8 7 7 8 7 10 7 7 7 7 7 8 11 1 3 4 11 5 4 4 4 4 4 4 4 5 0 9 5 10 10 8 7 7 7 7 8 11 2 6 11 11 5 5 11 4 4 4 4 5 11 11 5 2 7 6 7 11 5 10 10 8 7 10 8 7 7 7 7 7 7 7 7 8 11 4 2 9 11 5 7 8 0 6 11 10 8 8 10 10 8 4 2 4 11 3 4 5 11 11 5 4 4 4 5 11 4 5 11 11 5 2 7 10 9 5 5 10 10 8 4 4 4 5 7 7 10 8 10 10 8 10 8 8 10 4 10 8 10 8 8 11 5 10 10 8 7 7 7 7 7 8 11 11 5 5 10 11 5 1 4 3 4 5 10 7 10 8 8 11 2 4 4 4 4 3 4 4 10 11 5 5 4 11 11 5 11 5 2 9 8 11 11 5 7 7 7 7 7 7 7 8 10 2 4 3 4 10 4 10 8 7 5 10 10 8 7 7 8 11 10 8 8 10 10 8 8 10 8 10 1 4 4 4 3 4 4 4 4 4 4 4 4 4 5 4 10 2 9 10 8 7 7 8 7 11 5 4 11 5 4 4 10 10 8 0 6 8 11 11 5 4 5 10 7 8 7 10 10 7 8 7 7 8 7 11 5 10 7 7 8 11 11 5 5 4 11 4 4 5 7 10 10 8 8 4 11 11 5 7 8 4 10 10 7 7 7 7 7 8 7 7 8 11 4 5 11 10 8 2 9 10 8 8 4 4 4 4 4 11 4 4 4 4 5 11 2 11 5 3 4 4 10 10 8 0 6 7 7 7 7 7 10 7 8 8 4 1 9 4 5 10 10 7 5 2 4 3 11 4 4 5 10 10 8 7 8 10 10 7 7 8 7 7 8 11 11 5 2 9 11 5 5 10 8 4 4 4 4 10 11 5 4 4 4 4 4 4 5 4 10 10 8 7 7 7 0 6 7 8 10 2 7 7 7 9 10 8 7 8 4 10 8 11 1 4 3 4 4 5 11 11 5 7 7 7 7 8 11 2 9 11 5 4 4 4 4 4 4 5 10 10 8 8 4 10 11 5 5 0 9 5 10 10 8 0 6 7 7 7 7 7 8 10 10 2 8 11 4 5 9 7 7 7 10 8 8 4 1 3 4 4 4 11 5 11 11 5 7 7 7 7 8 11 4 11 5 4 4 4 5 4 4 4 11 5 7 7 7 7 10 7 8 11 11 5 5 4 10 10 4 5 5 11 11 4 5 2 9 4 5 7 7 7 7 7 10 10 8 7 7 7 7 8 11 5 10 7 7 10 8 2 6 4 11 2 11 11 6 5 4 4 4 5 11 4 4 11 5 5 10 0 7 6 7 7 7 8 11 5 4 4 4 11 11 5 4 4 5 4 4 10 10 8 8 7 7 7 10 8 11 2 9 4 4 5 7 10 10 8 7 7 7 7 7 7 7 8 11 4 4 4 4 4 5 4 4 4 11 5 4 11 4 5 10 10 8 8 4 11 5 10 10 8 7 5 10 10 8 7 7 7 10 8 8 10 7 7 7 7 8 11 11 5 2 4 9 10 8 7 7 7 8 11 4 4 4 5 7 11 11 5 4 4 11 5 5 11 5 4 11 11 5 2 7 10 8 10 10 8 7 8 3 4 4 11 5 10 10 7 7 7 8 7 7 7 7 8 4 10 2 9 10 8 8 11 4 4 5 10 10 8 4 4 4 5 10 8 11 11 5 4 4 4 1 3 4 5 10 10 7 8 8 7 7 7 7 7 7 10 10 8 8
ppo_x50_b_fd_l4_same_gamma,47,qv18_51,18,154,True,930.0,7.76123833656311,8 6 2 6 10 10 8 2 9 4 5 10 10 8 10 8 8 10 10 8 8 10 10 8 8 11 5 11 4 11 5 4 2 6 7 10 10 8 7 7 10 8 8 10 10 7 7 8 8 10 11 5 2 9 11 5 5 4 11 5 4 4 4 4 4 4 4 4 10 2 9 11 5 5 10 2 10 9 8 7 0 6 7 8 4 10 11 5 5 7 10 10 7 7 7 8 7 5 10 10 8 8 10 7 5 4 4 4 11 4 4 5 7 10 7 7 7 8 7 7 10 10 8 8 4 4 11 5 11 5 10 10 7 8 2 9 11 5 2 3 11 4 5 11 11 5 5 11 4 5 10 7 7 8 4 10 10 8 7 8 7 11 11 5 4 4 4 5 7 7 10 7 7 8 7 11 11 5 4 4 4 4 4 4 4 4 4 5 11 4 5 7 7 7 10 11 5 5 10 0 9 5 4 5 7 0 6 7 7 7 7 7 10 8 11 4 10 8 7 7 7 7 7 8 11 11 5 4 11 5 4 2 4 3 11 11 5 7 8 10 10 8 7 7 8 4 4 11 4 5 4 4 11 11 5 4 4 4 4 5 7 0 9 4 5 10 10 8 7 8 10 10 8 7 7 10 8 7 7 7 7 7 8 11 4 4 4 5 11 11 5 2 6 7 10 7 10 8 7 7 7 8 4 10 8 1 3 4 4 11 4 5 10 4 4 4 11 5 2 3 11 4 5 4 10 10 8 7 8 11 4 4 4 4 4 5 10 10 8 2 6 7 7 10 10 8 8 4 11 5 7 7 7 7 10 10 7 7 8 7 5 11 5 10 7 10 8 2 9 8 4 11 5 11 5 11 11 5 2 4 4 9 5 4 10 11 5 5 4 4 11 11 5 2 7 6 7 10 10 8 4 5 7 10 10 8 7 7 7 7 7 7 7 8 11 2 9 11 5 1 3 4 4 4 4 5 4 4 11 5 11 4 4 11 5 2 6 10 8 0 6 7 7 10 10 8 7 7 7 8 4 10 10 8 7 7 7 8 11 0 9 5 7 8 4 11 4 4 4 4 4 5 10 10 7 8 2 9 7 11 5 4 4 4 4 4 4 4 5 7 7 10 7 7 8 11 2 9 11 5 7 7 7 7 7 7 7 8 11 4 5 4 4 4 4 4 4 11 11 5 5 11 11 5 4 4 5 10 10 8 8 7 7 7 7 11 11 5 4 5 4 4 4 0 9 5 10 10 8 7 0 6 7 10 8 0 6 7 7 7 8 11 4 4 4 5 10 7 8 10 7 10 7 7 7 8 2 4 3 4 11 4 11 5 4 4 1 3 5 11 2 9 11 5 4 5 10 8 4 11 5 11 5 10 5 10 11 5 2 10 9 8 5 10 7 10 7 7 7 8 10 8 8 7 10 8 4 4 4 4 10 11 5 5 10 0 6 8 10 10 8 7 7 7 10 8 8 10 10 7 8 8 11 4 10 8 8 11 10 8 2 11 9 5 11 5 4 11 5 5 4 4 11 5 10 10 8 2 9 5 11 11 5 2 6 7 10 10 8 7 8 7 11 5 10 4 5 10 7 10 8 8 4 11 5 7 0 6 4 11 10 8 2 11 3 4 11 5 4 4 4 5 4 4 11 4 4 4 11 5 2 9 8 7 10 10 8 8 10 7 7 7 5 4 11 4 4 4 4 4 5 10 8 7 7 7 10 10 8 2 10 9 5 5 10 10 8 10 7 7 7 7 7 8 7 7 8 4 4 1 3 4 4 11 4 5 11 5 10 10 8 8 11 4 5 0 9 10 8 4 4 4 4 4 4 5 4 0 9 5 10 10 7 8 7 7 7 7 7 7 8 10 8 11 4 4 4 4 5 10 10 8 4 4 4 5 7 7 7 7 7 10 7 7 7 8 10 10 8 8 4 4 4 4 11 5 11 2 9 11 5 5 7 7 7 7 7 7 10 8 11 11 5 5 11 11 5 4 5 4 4 1 3 4 4 11 4 5 7 10 11 5 2 9 11 5 4 4 4 10 8 7 7 7 7 8 4 11 4 4 4 5 10 10 7 7 7 8 0 6 7 7 7 7 7 8 11 11 5 2
ppo_x50_b_fd_l4_same_gamma,48,qv18_52,18,148,True,870.0,7.499537944793701,8 8 10 10 8 6 2 9 10 8 8 10 10 8 8 10 10 8 8 11 5 10 7 10 8 8 4 4 11 4 5 10 8 10 10 8 2 11 6 4 7 10 7 7 8 8 10 10 8 8 10 10 8 8 11 5 11 11 5 5 10 8 10 10 7 5 2 6 4 4 11 11 5 4 4 4 10 8 7 8 4 4 4 4 4 4 11 10 8 8 4 11 11 5 4 5 10 10 8 2 6 7 7 10 7 7 7 8 11 11 5 4 4 4 4 4 4 5 10 11 5 5 7 10 10 8 7 10 8 8 7 7 7 10 8 7 10 7 7 8 11 11 5 1 3 4 1 3 4 4 4 5 11 11 5 2 6 11 4 4 4 5 7 10 8 10 8 10 10 8 7 7 7 7 8 11 10 8 2 6 10 8 4 11 11 4 5 5 4 4 4 4 4 11 4 5 10 10 8 8 4 11 5 4 10 10 8 7 7 7 7 7 7 8 10 8 7 7 7 7 10 11 5 5 4 4 4 10 8 11 11 5 4 4 4 5 4 4 4 10 10 7 8 7 7 7 0 6 7 7 7 8 10 10 7 8 5 1 9 5 11 5 4 10 10 8 8 10 11 5 5 11 4 4 4 11 5 5 4 4 11 5 10 10 8 8 4 11 5 11 4 5 10 10 8 4 4 4 5 10 10 7 7 8 10 8 10 8 7 10 8 2 6 10 7 7 8 4 4 11 11 5 4 4 5 11 5 10 10 8 2 10 10 6 8 7 7 7 7 7 7 10 8 8 11 5 10 1 9 8 8 11 5 4 11 4 5 11 4 5 10 10 8 2 9 7 8 10 10 8 8 4 4 11 11 5 7 8 4 4 11 4 4 5 11 5 7 7 11 10 8 8 4 11 11 5 4 4 4 4 4 5 7 10 10 8 2 4 9 5 7 7 7 7 10 8 10 7 10 7 8 2 10 9 5 5 7 11 11 5 4 4 4 4 4 4 4 5 4 10 2 6 7 7 10 10 8 8 7 7 7 10 8 7 10 10 7 7 7 8 2 3 4 4 4 4 11 4 4 4 4 4 4 4 4 4 4 5 7 7 10 8 0 6 7 7 7 7 10 8 10 10 7 2 5 11 5 9 11 5 11 5 5 10 8 11 10 8 8 7 10 10 8 7 7 8 4 4 4 4 4 4 4 11 4 4 4 4 5 4 0 9 4 5 7 10 10 8 8 10 10 8 7 10 8 2 11 5 7 9 7 8 7 7 11 10 8 8 7 7 7 10 7 11 5 4 4 4 4 4 4 4 5 4 4 4 10 8 10 8 11 2 9 11 5 11 5 5 11 5 7 10 10 8 7 7 8 11 4 4 5 7 7 10 10 7 5 7 7 7 7 8 4 4 11 1 3 4 4 8 11 4 4 11 5 11 5 2 11 9 5 5 10 10 8 8 4 11 11 5 2 6 7 11 5 10 10 8 2 6 7 10 10 8 7 7 7 7 7 7 7 8 4 1 9 8 11 11 5 11 5 11 5 2 9 11 5 4 5 4 4 11 2 9 11 5 0 6 8 7 7 10 10 8 8 7 7 7 10 10 8 2 6 7 11 11 5 4 4 5 4 11 4 5 7 11 11 5 4 4 4 4 4 4 5 0 9 5 7 7 7 10 8 7 7 7 10 7 7 10 8 2 9 7 8 11 4 4 4 5 11 11 5 5 11 11 5 7 7 7 7 8 4 4 4 4 4 4 11 11 5 2 6 11 4 5 10 10 8 7 8 11 11 5 2 10 9 5 8 10 7 11 5 4 4 5 10 10 8 7 7 7 0 6 7 7 8 10 7 10 8 7 7 7 8 10 10 8 2 4 4 9 5 11 11 5 2 10 8 3 11 11 5 4 4 4 4 4 4 5 10 0 6 7 8 4 10 10 8 7 8 7 10 7 10 7 2 8 4 4 4 4 4 4 4 4 11 11 5 5
ppo_x50_b_fd_l4_same_gamma,49,qv18_53,18,145,True,876.0,7.323140382766724,8 6 2 10 9 8 8 10 11 5 2 10 10 8 9 8 8 10 4 2 6 10 10 8 8 10 10 8 8 10 4 5 7 10 10 8 8 10 10 8 8 4 4 11 4 4 4 5 4 11 5 7 10 10 8 7 7 8 10 10 8 7 5 7 10 10 8 8 10 10 8 8 11 5 11 1 9 8 7 8 11 11 5 7 8 11 11 5 11 5 5 4 4 4 4 4 4 10 10 8 7 7 7 8 7 11 4 4 4 4 10 8 2 9 10 7 7 7 8 8 4 4 10 2 11 11 5 5 3 4 11 4 4 5 7 11 11 5 4 4 4 5 4 10 10 8 7 7 7 7 7 8 11 4 4 4 5 4 11 2 9 5 10 10 8 10 8 7 7 7 7 7 8 0 7 7 9 8 10 7 10 8 2 6 4 11 1 9 5 4 4 4 4 4 5 11 4 4 5 11 11 5 2 3 4 11 5 7 7 7 7 11 5 10 10 8 7 7 10 8 7 7 7 8 10 10 7 8 8 11 4 1 3 4 5 10 8 4 11 11 5 5 11 5 4 10 11 5 5 10 7 7 0 7 7 3 11 5 5 4 4 4 4 4 11 5 10 10 8 4 4 5 7 11 2 10 9 5 5 10 10 8 7 8 4 10 8 7 7 7 7 7 10 11 5 5 4 4 4 4 4 10 11 5 5 4 4 10 10 8 7 7 7 0 6 7 7 7 7 7 7 7 7 8 11 4 4 5 11 4 4 5 11 4 4 4 5 11 4 5 10 10 8 8 7 7 7 7 7 10 10 8 8 10 10 8 8 10 10 8 8 4 11 2 11 3 4 5 11 5 7 10 7 11 5 4 4 4 4 4 4 5 10 7 7 0 6 8 10 7 7 7 7 7 11 5 5 4 4 1 4 4 11 3 4 5 10 7 8 11 11 5 2 11 9 8 8 11 5 4 11 4 4 4 4 5 7 10 10 8 7 10 8 8 7 7 7 10 11 5 5 11 5 10 7 7 7 7 7 7 7 8 7 11 11 5 4 4 5 4 4 11 5 4 4 11 10 8 4 5 7 7 7 7 7 7 7 11 5 11 11 5 4 11 5 2 11 5 9 10 8 4 4 4 4 5 10 10 8 7 7 7 8 4 4 4 4 4 11 5 10 10 8 2 3 10 10 8 7 7 7 8 7 7 7 7 11 4 5 10 10 7 8 7 8 11 11 2 6 7 8 11 2 11 11 3 5 5 4 4 4 11 11 5 4 4 5 11 4 11 5 5 4 4 10 10 8 0 6 7 7 7 8 7 11 4 10 8 2 9 4 4 5 10 7 7 7 7 7 0 6 7 8 10 8 4 11 11 5 11 5 5 11 4 4 4 4 5 4 10 10 8 7 7 5 10 11 5 4 4 4 5 7 10 7 10 8 2 7 9 7 7 8 11 10 7 2 8 11 5 9 11 5 11 5 5 11 4 5 11 11 5 4 4 5 0 6 7 7 7 7 7 7 11 11 5 2 11 5 9 10 8 7 10 8 7 7 7 8 7 11 5 4 10 11 5 5 4 4 4 11 4 4 4 4 5 11 2 9 10 8 4 5 4 10 2 10 10 8 7 7 9 8 10 8 7 7 7 7 7 7 7 7 7 8 11 2 4 4 4 3 4 4 11 5 4 4 11 11 5 4 2 9 4 5 10 10 7 8 8 0 7 9 10 8 10 8 8 11 11 5 7 8 10 2 6 7 7 7 10 10 8 8 4 4 4 11 5 10 4 5 7 10 10 8 2 11 3 4 4 4 4 4 5 11 4 11 5 7 7 8 11 4 4 4 4 5 11 11 5 2 7 7 7 7 6 7 10 7 10 7 8 7 8 4 11 5 10 10 2 8 11 4 5 4 9 10 8 8 7 11 10 7 7 7 8 8 4 11 5 10 10 8 8 7 11 5 10 10 8 8 4 4 4 11 4 4 4 11 5 4 5 11 11 5 5
ppo_x50_b_fd_l4_same_gamma,50,qv18_54,18,156,True,916.0,7.9009692668914795,8 6 2 6 7 10 4 11 5 2 6 0 9 5 7 10 10 8 8 10 4 2 9 4 5 7 10 10 8 10 8 8 11 5 11 4 4 5 7 10 10 8 10 7 8 10 8 8 11 5 11 5 10 10 7 7 8 8 11 5 11 2 6 7 10 10 8 8 10 10 8 8 11 5 11 2 4 4 3 4 4 4 4 11 11 5 11 5 2 9 10 8 7 8 4 11 5 4 4 4 10 10 8 0 6 7 7 7 7 0 6 7 8 7 10 7 7 7 10 8 8 4 11 5 11 5 11 7 11 5 2 9 11 5 7 7 7 8 11 4 4 4 5 4 4 11 4 4 4 4 5 10 7 10 8 7 7 8 7 7 7 10 7 7 10 8 8 4 11 11 5 4 10 8 7 8 11 2 11 11 5 3 4 4 4 11 5 2 9 7 8 4 1 3 4 10 4 4 5 10 10 8 8 10 10 8 2 9 10 8 8 10 7 7 7 7 7 8 11 11 5 4 4 4 4 4 5 10 10 8 2 11 4 5 3 4 11 4 11 5 4 4 4 5 10 2 10 10 8 9 8 8 7 7 11 5 10 10 8 7 7 7 7 10 8 8 7 10 8 4 11 11 5 4 5 10 10 8 7 7 7 7 8 11 11 5 2 9 11 5 4 4 4 4 5 11 11 5 5 4 10 10 8 7 7 8 4 4 10 4 11 4 4 5 2 3 11 5 10 10 8 4 4 5 7 10 10 8 7 7 7 7 10 8 7 7 7 7 8 11 1 9 5 1 3 4 5 4 4 4 10 11 5 5 11 4 4 11 5 5 11 11 5 2 7 7 7 7 7 9 5 10 10 7 8 2 9 5 10 10 7 8 7 7 8 10 10 8 7 7 8 11 11 5 4 4 4 5 10 7 7 7 8 4 10 10 8 8 11 2 3 11 11 5 1 3 4 5 4 10 4 4 10 8 8 11 2 11 3 4 5 11 4 11 5 4 5 10 10 8 2 9 11 4 5 11 5 4 2 6 10 10 8 2 6 10 7 8 10 10 8 7 7 7 8 4 11 2 9 4 11 5 4 4 4 4 5 7 0 6 7 7 10 8 10 10 8 7 5 7 10 10 7 8 7 7 7 8 11 4 11 5 2 9 11 5 5 7 7 7 10 8 11 4 4 4 4 4 4 4 10 8 7 7 7 8 11 2 11 4 4 4 3 4 4 4 4 5 4 11 11 5 4 2 6 7 7 7 7 7 7 7 7 7 10 11 5 5 11 4 4 5 11 11 5 5 7 7 7 7 7 7 10 10 8 2 9 8 4 4 11 4 5 4 11 11 5 4 4 11 5 2 11 9 8 8 10 8 10 10 8 7 7 7 7 7 10 2 8 11 5 7 7 7 10 10 8 8 6 4 4 11 5 10 10 8 2 3 4 10 8 11 11 5 4 4 4 5 11 7 7 7 8 4 4 4 11 11 5 2 9 5 10 10 7 8 2 3 10 7 10 8 7 7 8 11 2 3 4 4 11 4 4 4 4 4 4 5 11 4 4 11 5 2 7 6 7 7 7 7 7 7 7 10 7 11 5 2 9 7 8 4 4 4 4 11 11 5 4 5 11 4 4 5 10 10 8 7 7 8 11 2 4 10 9 8 0 6 7 7 5 10 7 7 10 7 8 7 8 11 10 2 3 5 10 10 8 7 7 8 4 11 11 5 4 4 5 4 11 7 11 5 4 5 10 10 8 2 9 10 8 7 7 7 7 7 8 11 1 3 4 4 4 4 5 11 11 5 4 4 4 5 10 10 8 2 11 9 8 8 10 10 8 7 7 7 8 4 10 11 5 5 4 4 4 4 11 11 5 11 5 5 10 8 7 11 5 11 11 5 2 3 10 11 5 5 10 10 7 7 7 8 8 10 10 7 7 7 7 7 7 8 8 4 4 11 5 4 4 4 10 10 8 7 7 8 10 2 10 7 7 10 8 8 4 11 4 5 4 4 4 11 5 9 4 10 8 8 10 10 7 7 7 8 8 4 11 4 5 10 10 8 8 4 4 4 4 4 11 11 5 4 4 4 4 5
ppo_x50_b_fd_l4_same_gamma,51,qv18_55,18,151,True,899.0,7.680467367172241,8 6 2 10 9 8 8 10 10 8 8 11 5 7 10 10 8 8 10 10 8 8 10 4 5 10 4 4 5 10 7 7 7 10 8 8 10 10 8 8 11 5 7 10 10 8 8 4 4 4 10 8 11 11 5 2 4 3 4 4 4 4 11 4 4 11 5 5 10 8 10 0 6 7 7 8 10 10 8 10 8 7 7 7 7 7 8 10 10 8 8 4 4 4 4 4 11 4 5 7 11 11 5 2 9 8 11 11 5 7 7 7 8 4 4 4 4 4 11 11 5 5 7 10 11 5 0 6 8 7 7 7 10 10 7 8 8 7 10 7 7 8 11 11 5 2 11 9 5 4 5 11 5 7 7 11 11 5 4 4 4 4 4 4 4 4 5 4 4 10 2 10 9 8 7 7 8 11 4 5 11 4 5 10 8 0 9 10 8 10 8 8 7 10 7 7 7 8 7 7 11 10 8 8 10 10 8 8 4 4 4 4 11 11 5 4 4 5 10 7 7 7 8 1 11 9 8 8 11 11 4 5 5 10 8 4 11 2 9 11 5 11 5 5 10 8 4 10 4 4 4 11 5 5 7 11 5 10 10 8 7 8 7 0 6 7 7 11 5 10 10 8 7 7 7 7 7 7 7 8 4 4 11 4 4 4 4 5 10 7 10 7 8 2 4 11 3 4 5 4 10 11 5 4 4 5 7 10 7 7 0 6 7 7 8 11 11 5 7 7 7 7 8 11 2 9 11 5 5 7 7 10 8 11 5 11 1 3 4 4 4 4 4 5 4 4 4 10 4 4 4 5 10 0 9 5 0 6 7 8 7 7 1 4 6 4 4 11 5 10 10 8 2 10 6 10 7 8 7 8 11 5 7 10 8 10 8 10 10 7 7 2 6 8 11 10 8 8 11 1 9 8 8 11 11 5 4 4 4 4 4 4 11 5 5 11 2 9 4 5 10 10 8 2 9 10 8 7 7 7 7 7 7 8 7 11 5 11 1 3 4 4 4 4 4 4 4 5 4 4 4 11 5 7 0 6 7 7 7 7 7 10 10 8 2 11 3 4 4 4 4 4 5 7 7 10 8 10 10 8 8 4 11 4 4 4 5 0 6 10 11 5 2 9 5 4 10 10 8 0 6 7 7 8 7 10 7 7 8 4 4 4 11 5 10 7 10 7 8 8 10 4 5 10 7 10 7 5 2 6 7 10 10 8 8 4 11 2 9 11 5 11 5 4 5 10 8 4 11 11 5 2 11 3 4 4 4 4 4 4 5 7 10 10 8 0 6 7 7 7 7 7 7 8 7 10 10 7 8 2 11 5 3 4 10 8 11 4 11 5 4 11 5 4 2 9 4 10 8 7 8 4 11 4 4 4 5 4 10 11 5 5 4 4 10 10 8 7 7 7 8 10 11 5 5 4 4 4 11 5 7 10 10 8 10 8 7 0 6 10 8 7 7 7 7 5 7 11 4 10 8 2 6 7 11 11 5 4 4 4 4 5 10 7 7 7 7 7 8 7 10 10 8 8 4 4 4 4 4 11 4 5 10 10 8 8 11 4 2 9 10 8 8 7 11 2 9 10 8 8 10 7 8 11 11 5 4 4 4 4 4 4 4 4 5 10 11 5 5 4 4 4 10 2 6 7 10 10 8 7 10 8 7 7 8 11 4 10 8 7 7 8 11 4 4 4 11 5 2 9 4 10 8 8 7 10 10 8 8 4 10 2 6 7 10 10 8 8 11 5 11 4 10 8 7 7 7 8 7 11 11 5 4 4 4 4 5 1 3 4 11 11 5 4 5 7 7 7 10 8 10 8 10 0 6 7 7 7 7 8 11 11 5 11 1 5 3 4 4 4 5 10 8 11 11 5 11 5 2 11 9 5 4 11 5 4 4 5 7 7 11 5 10 10 8 7 8 11 2 9 11 5 4 4 5 4 10 10 8 7 7 7 7 0 6 7 7 7 8 1 4 4 11 5 4 11 11 5 4 5 4 10 10 8 7 7 7 7 8 10 7 10 7 8 8 10 10 8 8
ppo_x50_b_fd_l4_same_gamma,52,qv18_56,18,155,True,938.0,7.844151258468628,8 6 10 8 8 10 10 8 8 11 5 4 11 11 5 0 5 6 7 7 10 10 8 10 8 8 10 10 8 8 11 5 4 11 2 9 7 10 8 7 10 8 8 11 5 11 10 7 7 8 8 10 10 8 8 11 5 1 3 4 10 4 4 11 5 4 4 4 4 4 4 4 5 10 10 8 8 10 10 8 2 4 10 9 5 5 10 7 10 8 7 7 8 11 2 3 4 4 4 10 10 8 10 8 2 3 10 10 8 10 8 7 10 8 8 10 10 7 7 7 8 8 11 5 4 4 4 4 4 4 11 5 4 4 11 5 11 11 5 5 10 10 8 7 7 7 7 10 8 8 7 7 7 10 7 8 11 5 7 11 10 8 8 4 4 4 4 4 11 2 9 4 10 8 8 11 2 4 3 4 4 11 11 5 4 4 4 4 5 0 6 7 7 10 7 8 7 10 10 7 7 7 8 8 11 11 5 2 9 7 8 10 10 8 8 4 4 11 4 5 4 11 4 4 8 11 11 5 4 4 4 5 10 10 8 2 9 4 5 4 10 10 8 7 8 10 7 7 7 7 8 11 11 5 2 6 7 10 10 8 10 8 8 7 10 8 7 11 5 4 4 4 4 4 4 4 4 11 4 4 4 4 5 10 10 8 10 8 8 7 7 7 7 11 10 8 8 4 4 11 11 5 11 5 5 7 7 7 7 7 7 7 7 10 8 4 4 4 4 10 8 10 7 10 8 7 7 7 8 4 4 4 4 11 5 10 10 8 2 4 4 9 5 11 11 5 4 5 11 11 5 4 4 4 4 5 10 7 11 5 2 7 9 10 8 8 10 7 8 11 11 5 5 10 10 8 4 5 4 4 10 2 10 10 8 6 7 8 10 10 8 7 7 7 8 4 11 5 10 10 8 8 4 4 4 11 5 7 10 10 7 7 7 0 6 7 8 8 11 4 4 4 4 5 10 2 10 6 10 8 8 7 10 10 8 8 4 4 11 5 4 11 10 8 4 5 4 4 4 11 11 5 5 7 11 11 5 4 4 4 5 11 10 8 8 7 10 10 8 7 7 7 7 7 10 8 7 7 8 4 11 4 5 4 4 11 2 9 11 5 7 8 4 11 5 4 11 11 5 4 11 5 2 9 10 8 2 3 4 10 10 8 7 7 7 7 8 4 11 4 4 5 7 7 7 10 7 7 7 7 7 10 8 8 1 9 10 8 8 11 5 11 5 11 11 5 4 4 4 4 4 4 4 4 4 4 5 7 7 7 7 7 7 7 10 7 7 7 7 7 8 4 4 4 11 5 4 4 10 10 8 2 7 9 7 8 11 4 11 5 2 9 7 10 8 4 4 4 4 5 4 11 4 5 10 10 8 8 4 10 11 5 2 9 11 5 4 4 5 10 7 10 8 7 7 7 7 7 7 8 7 11 7 8 7 7 7 11 5 10 10 8 8 4 4 4 4 4 4 11 4 4 5 4 4 4 4 4 11 5 10 7 11 5 2 7 6 7 10 10 7 8 7 7 7 8 11 11 5 4 5 10 10 8 2 10 9 5 8 10 10 7 8 8 11 4 2 3 4 11 5 4 4 4 4 11 4 5 10 10 8 7 5 10 10 8 4 5 11 5 7 10 10 8 10 8 7 7 8 7 10 10 8 8 4 4 11 4 4 4 4 4 4 4 4 5 7 11 5 10 10 8 7 7 7 7 10 8 7 7 7 7 7 8 7 11 2 9 10 8 8 11 4 11 5 4 4 4 4 5 10 4 4 5 10 10 8 7 7 7 8 11 11 5 5 4 11 5 10 10 8 2 3 11 4 4 5 10 10 8 4 4 4 5 7 10 7 7 7 7 7 7 7 7 7 0 6 8 11 11 5 5 4 11 4 4 4 10 8 7 7 7 7 7 7 8 4 4 11 5 10 10 2 8 11 3 4 4 4 4 4 5 4 10 10 8 7 7 8 11 4 4 4 5 4 11 11 5 11 5 5 4 11 5 10 7 11 5 2 9 5 10 10 8 7 8 4 10 10 8 7 7 7 7 7 8 10 10 8 8 10 10 8 8 7 11 2 9 10 8 8 11 11 4 5 4 4 5 11 11 5 4 5 4 10 10 8 8
ppo_x50_b_fd_l4_same_gamma,53,qv18_57,18,150,True,905.0,7.613595962524414,8 6 2 9 10 8 8 10 11 5 4 2 10 6 10 8 10 8 8 10 4 5 7 10 10 8 8 10 10 8 8 11 5 11 4 5 10 10 7 5 2 10 9 8 5 7 10 10 8 8 10 10 8 8 10 10 8 8 11 5 11 11 5 4 5 7 10 8 4 4 4 4 4 4 11 5 10 10 8 4 4 4 4 4 5 7 10 10 8 7 7 7 7 10 8 7 7 8 7 10 10 8 4 5 4 4 4 11 4 4 4 4 4 4 4 5 7 10 8 10 10 8 7 7 7 10 8 7 7 7 7 7 8 4 11 10 8 8 10 10 8 8 4 11 2 9 8 11 8 1 3 4 10 11 5 5 10 8 11 11 5 5 11 4 4 4 11 5 2 7 6 10 10 8 8 10 7 7 7 10 8 2 6 10 8 11 11 5 2 3 4 11 1 3 5 4 10 10 8 4 7 10 8 8 4 4 4 11 11 5 11 5 2 9 11 5 4 4 4 4 4 5 10 0 6 7 7 7 7 8 10 10 8 2 9 8 7 10 10 7 7 8 7 8 4 11 4 5 10 10 8 2 11 3 5 4 4 11 4 11 5 2 11 9 8 8 7 10 4 11 5 4 4 4 4 4 4 5 10 0 9 8 0 6 8 7 7 7 7 7 7 7 10 8 7 10 10 8 2 3 4 4 11 4 4 4 4 4 5 11 4 4 5 10 10 8 7 7 7 7 10 7 8 8 10 10 8 8 11 4 5 4 4 11 5 7 10 10 7 8 2 4 3 4 4 4 4 4 4 10 11 5 5 11 4 4 2 10 10 8 8 7 7 6 0 6 7 7 11 10 8 8 7 10 10 7 7 7 7 8 8 4 11 2 6 11 4 1 3 4 10 8 8 11 2 9 10 8 8 4 11 4 4 4 4 4 5 4 10 11 5 4 11 5 2 6 11 10 8 2 3 4 11 5 7 10 10 8 0 6 7 10 8 7 7 7 7 8 10 10 8 8 1 9 5 4 4 4 4 11 4 5 10 10 8 8 11 2 3 4 4 4 11 4 4 4 5 10 10 8 2 7 10 6 10 7 7 8 0 9 8 7 7 7 8 10 10 7 7 8 8 4 11 5 4 4 1 3 4 11 5 10 10 8 4 4 4 5 11 2 3 11 5 7 7 7 7 7 7 7 7 11 10 8 8 10 10 8 8 4 4 4 4 11 5 4 10 11 5 5 11 4 5 10 7 11 5 4 5 11 10 8 7 7 8 11 10 8 4 5 10 10 7 7 8 8 11 4 2 4 4 3 4 4 11 4 4 5 7 10 10 8 8 10 10 8 4 4 4 4 4 5 0 6 7 7 7 7 11 5 10 10 8 7 7 8 10 7 7 7 7 8 11 11 5 11 4 5 5 11 2 7 7 11 5 9 10 8 8 11 5 11 11 5 4 4 4 4 4 4 4 4 4 5 7 10 8 10 2 9 10 8 7 7 7 8 11 4 5 11 4 4 4 4 2 10 10 8 6 7 8 7 7 10 7 7 7 5 10 7 7 10 8 7 1 9 8 7 8 11 5 4 11 11 5 11 5 4 4 4 11 5 2 9 11 5 5 7 10 7 8 11 11 5 5 10 8 10 10 8 7 10 7 7 7 7 8 2 9 11 5 4 4 4 5 4 4 4 4 4 4 4 4 10 8 11 11 5 5 7 11 5 4 10 10 8 7 7 0 6 7 8 7 7 10 7 7 5 10 10 7 7 7 7 8 2 9 5 11 11 5 11 5 2 11 3 4 4 1 3 4 4 4 4 4 5 11 11 5 2 10 6 7 5 10 10 8 8 7 11 5 10 10 8 7 7 8 11 5 10 7 7 7 7 7 8 11 11 5 1 3 4 4 5 10 8 7 11 4 4 11 5 4 4 5 10 10 8 7 7 7 8 11 4 4 11 5 2 7 11 5 9 10 8 8 10 10 8 7 7 7 7 7 8 4 4 4 4 4 11 4 4 4 5 11 11 5 4 4 5 7 7 7 7 7 7 10 10 7 8 8 10 10 8 8
ppo_x50_b_fd_l4_same_gamma,54,qv18_58,18,154,True,913.0,7.805099010467529,8 6 2 9 10 8 8 10 10 8 8 10 4 5 10 10 8 10 8 8 10 10 8 8 11 5 11 4 4 5 10 7 10 8 7 8 10 10 8 8 10 10 7 8 5 10 10 8 7 5 10 10 8 8 11 5 11 7 10 8 2 11 3 11 5 11 5 4 5 11 10 8 2 9 11 5 11 5 7 7 8 11 4 4 11 5 4 4 4 4 5 7 0 6 10 7 7 7 8 10 7 10 8 7 7 8 11 11 5 4 1 4 3 4 4 5 11 11 5 5 7 7 7 10 8 4 11 11 5 4 4 4 4 4 5 11 2 9 11 5 5 7 7 7 7 11 5 4 4 10 0 6 7 7 7 8 11 11 5 4 5 10 7 7 8 10 7 7 7 7 10 7 8 8 7 11 1 3 4 4 5 7 10 4 4 4 11 4 5 4 4 11 5 2 7 6 7 7 10 7 8 4 11 11 5 5 11 4 2 9 0 9 8 7 8 10 10 7 5 2 10 7 7 7 9 8 8 10 10 8 8 1 3 4 4 4 11 5 10 10 8 2 3 11 5 4 4 4 11 5 4 11 11 5 4 5 11 11 5 5 0 6 10 8 10 10 8 7 7 7 8 4 4 4 4 11 5 10 10 8 8 4 11 5 11 11 5 5 7 7 7 7 7 7 7 7 10 7 7 7 8 4 11 4 5 10 10 8 8 11 4 5 10 10 7 7 7 8 8 10 11 5 5 4 4 4 4 4 4 11 4 4 5 7 10 10 8 8 11 4 4 4 4 5 7 10 4 10 8 7 7 7 10 8 8 11 5 7 10 7 8 7 10 10 8 8 10 4 4 4 4 4 5 10 7 7 7 8 7 10 10 8 2 4 4 4 4 4 9 5 4 4 4 4 4 10 10 8 2 9 8 10 10 8 2 11 5 3 4 11 11 5 4 5 10 2 9 7 7 8 10 10 8 7 7 7 7 7 7 7 7 8 4 4 4 1 4 4 4 11 4 5 4 4 3 11 11 5 11 5 5 10 4 4 2 9 10 8 0 6 8 7 10 8 7 7 7 7 11 10 8 8 10 7 11 5 2 4 11 3 11 5 5 4 4 4 4 4 11 5 10 10 8 8 10 10 8 8 11 2 3 4 4 10 11 5 5 10 11 5 2 10 10 6 7 7 7 8 7 7 7 7 7 7 8 4 11 5 4 11 11 5 5 11 4 4 5 7 10 0 6 0 6 7 8 10 7 10 2 8 3 4 11 4 5 4 11 11 5 5 7 10 7 7 8 7 7 10 10 8 7 7 7 8 11 1 3 11 5 5 4 4 4 10 8 11 11 5 4 5 4 4 10 2 6 7 7 7 10 7 7 7 7 7 8 11 4 5 4 4 4 4 4 10 11 5 5 11 5 11 11 5 4 4 5 7 11 5 0 9 5 10 10 8 7 0 9 5 5 11 5 7 10 10 7 7 7 7 8 2 10 9 8 8 7 7 11 10 8 7 8 11 11 5 2 11 9 8 8 11 11 5 4 4 4 4 4 10 8 7 8 11 2 7 6 7 11 10 8 8 4 11 4 4 11 5 4 4 4 4 4 4 4 5 4 10 2 6 10 10 8 7 7 7 7 7 7 11 5 2 9 5 4 4 11 4 4 4 5 7 10 10 8 2 6 7 10 7 7 7 7 7 7 7 8 7 10 7 11 5 4 5 4 11 4 5 4 4 10 2 9 7 7 7 7 2 7 9 8 11 11 5 2 11 11 4 5 3 5 10 8 4 11 11 5 4 5 11 11 5 5 10 4 10 8 8 10 7 7 7 7 7 8 11 11 5 4 4 5 4 4 4 4 4 4 10 8 0 6 7 10 11 5 5 7 7 11 10 8 8 10 10 8 8 10 8 11 11 5 2 3 4 10 11 5 5 4 4 4 11 11 5 5 7 7 10 8 0 6 7 10 7 7 7 8 10 7 7 7 7 10 7 2 8 11 5 9 0 6 11 4 4 5 11 5 2 6 4 4 4 11 11 5 4 11 5 2 11 11 5 9 5 4 5 11 2 10 10 8 7 7 7 8
ppo_x50_b_fd_l4_same_gamma,55,qv18_59,18,150,True,899.0,7.565491676330566,8 6 2 6 10 10 8 2 9 5 10 10 8 8 10 4 2 6 10 10 8 8 10 10 8 8 4 10 8 11 4 4 4 5 7 10 10 8 8 4 4 4 11 4 5 10 10 8 8 10 10 8 7 7 7 10 8 8 10 10 8 8 4 10 11 5 2 4 11 5 3 4 11 4 5 10 10 8 8 7 7 10 10 8 7 5 11 2 4 4 4 3 4 4 4 10 11 5 5 7 7 7 10 8 11 11 5 5 4 10 10 8 7 7 7 7 7 7 7 10 8 8 10 10 8 8 11 5 11 5 7 1 3 4 4 10 10 8 2 10 9 5 5 11 11 5 5 10 8 4 11 1 4 4 3 5 4 4 4 4 4 4 10 10 8 7 7 7 7 7 7 7 7 7 7 7 7 7 8 4 10 2 9 8 11 11 5 4 4 4 4 5 7 10 7 7 8 7 10 8 11 11 5 5 11 11 5 11 5 5 4 11 5 11 4 5 4 4 4 10 10 8 2 9 7 10 8 10 8 7 8 11 4 5 10 10 8 8 10 7 7 11 5 4 4 4 4 4 4 4 4 5 7 10 0 6 7 8 10 7 7 7 7 7 8 1 4 4 11 9 5 8 11 4 4 11 5 5 4 10 7 7 7 7 7 7 8 7 10 10 8 7 8 1 3 4 4 10 11 5 5 11 4 4 4 4 5 11 11 5 4 5 10 11 5 2 9 10 8 7 7 7 7 7 7 8 7 10 10 8 2 9 8 4 10 10 8 7 8 11 11 5 2 3 10 11 5 5 11 11 5 4 4 4 4 4 4 5 7 10 7 7 7 8 4 10 11 5 2 6 10 10 8 7 7 7 7 7 8 11 2 3 11 4 4 4 4 4 5 11 4 4 4 4 11 5 11 5 5 7 7 11 10 8 2 9 8 11 4 10 8 7 7 7 8 10 11 5 5 7 7 11 10 8 8 7 1 4 3 4 4 4 4 10 11 5 5 4 11 11 5 5 7 7 7 7 7 7 10 7 7 8 11 10 8 7 7 7 7 7 8 11 2 3 11 11 5 4 4 5 10 7 7 7 7 8 11 11 4 8 4 4 4 4 4 4 4 4 4 4 5 4 4 10 11 5 5 10 10 7 7 7 7 8 8 7 10 7 8 7 10 8 10 7 8 11 11 5 4 5 10 7 7 7 7 8 11 11 5 11 5 4 11 5 5 4 4 4 4 10 10 8 8 11 2 9 4 4 5 11 11 5 2 9 0 6 7 8 10 10 7 8 7 8 7 11 4 5 10 7 10 8 7 8 4 1 4 4 3 4 4 4 11 5 4 4 10 2 9 10 8 10 8 8 7 10 7 5 7 10 7 7 10 8 8 4 4 4 4 4 11 5 4 11 4 4 4 4 5 10 10 8 7 7 7 7 7 7 7 7 8 7 10 7 8 4 11 11 5 5 4 4 4 4 11 5 10 10 8 2 3 10 10 8 8 7 7 7 11 11 5 4 4 4 4 4 4 5 10 2 10 9 8 7 7 7 8 7 11 10 8 7 7 7 7 8 11 4 11 5 5 7 11 5 11 2 11 9 5 11 5 4 4 11 5 5 10 11 5 5 11 2 3 11 4 10 8 7 7 7 8 7 11 10 8 7 8 1 9 8 7 11 4 4 11 5 4 4 4 4 4 4 4 5 10 10 8 8 7 7 7 10 11 5 2 6 7 10 7 7 7 7 10 8 8 10 10 8 8 10 8 11 11 5 2 7 11 5 9 10 8 8 11 4 5 11 4 11 4 5 5 4 4 11 11 5 5 10 8 7 10 7 11 5 4 4 4 4 4 4 5 7 7 10 7 0 6 7 7 7 8 4 11 10 8 2 4 11 5 11 11 5 9 5 5 7 7 11 10 8 8 4 11 4 4 4 4 4 11 5 2 7 7 7 9 8 7 7 7 7 7 7 10 10 8 2 9 7 8 11 11 5 4 5 4 11 11 5 2 11 5 10 10 8 7 7 7 8 9 4 10 8 7 7 8 10 10 8 8
ppo_x50_b_fd_l4_same_gamma,56,qv18_6,18,153,True,914.0,7.729036808013916,8 6 2 10 9 8 7 5 10 10 8 8 10 4 5 7 10 10 8 8 10 10 8 8 11 5 11 4 5 10 7 10 7 7 8 8 10 10 8 8 4 10 8 4 4 4 11 5 10 7 10 8 7 8 10 10 8 8 4 11 5 10 10 8 8 10 10 8 8 4 4 4 4 4 10 8 4 4 4 11 4 10 8 8 4 4 11 11 5 4 4 5 11 10 8 2 9 8 10 8 10 8 7 10 10 8 7 7 7 7 8 11 11 5 4 4 4 10 8 2 9 7 7 8 11 10 4 4 5 5 4 4 4 4 11 5 10 7 11 5 4 4 5 10 8 10 8 4 11 11 5 5 7 7 0 6 7 7 7 7 7 7 10 7 7 7 8 1 9 10 8 8 11 4 8 11 11 5 4 4 4 4 4 4 4 5 4 11 11 5 5 7 7 0 6 7 10 8 10 10 8 10 8 8 10 7 7 8 10 7 10 7 8 2 9 5 4 11 5 4 4 4 10 8 11 11 5 11 5 5 11 5 4 10 4 4 11 5 2 3 10 11 5 5 11 11 5 11 5 2 6 10 11 5 0 5 6 7 7 7 7 10 10 8 7 7 7 8 11 10 8 8 10 10 8 7 8 11 11 5 2 9 8 4 4 11 4 11 5 5 7 7 10 7 8 11 4 10 8 8 4 11 11 5 5 4 11 5 10 7 11 5 4 4 4 4 4 5 10 11 5 2 6 7 7 0 6 7 11 10 8 8 7 7 7 10 7 5 7 7 7 7 10 10 8 2 4 4 3 4 11 5 4 4 4 4 10 11 5 5 11 4 11 4 4 4 5 2 9 5 7 10 8 10 10 8 2 9 5 4 10 10 8 7 7 7 8 4 4 4 11 5 10 10 8 7 7 7 7 7 7 7 10 8 8 4 11 4 1 3 4 5 4 4 11 4 2 9 10 8 8 11 4 5 4 4 11 11 5 5 7 7 7 7 7 7 10 8 10 7 8 10 10 8 8 7 10 8 10 8 11 11 5 4 4 4 5 4 11 11 5 4 4 4 4 5 11 2 9 10 8 7 7 8 10 10 8 7 7 7 7 8 10 8 11 4 4 4 4 4 4 4 5 10 8 11 11 5 4 2 6 11 10 8 8 4 11 5 7 7 7 7 7 10 10 8 4 5 11 4 4 5 10 10 7 7 7 7 8 7 8 11 5 10 10 8 2 9 7 8 4 4 4 4 11 11 4 5 4 4 4 4 4 5 7 7 7 7 10 10 8 2 10 9 5 5 10 7 7 7 7 5 10 10 7 7 8 7 8 4 11 5 10 5 10 5 10 5 10 5 11 10 8 8 1 9 8 11 11 5 4 4 4 4 4 4 4 4 4 4 11 5 2 9 11 5 4 2 10 9 8 7 8 7 7 7 7 0 7 10 9 8 5 11 11 5 7 7 8 11 4 5 10 10 8 8 7 7 10 10 8 7 7 8 4 11 2 6 10 8 11 11 5 5 4 4 4 4 4 4 4 4 11 4 4 5 7 10 10 8 2 4 3 11 5 7 7 10 10 8 8 7 7 10 7 7 7 8 7 11 11 5 1 3 4 4 4 4 4 5 4 11 4 11 5 5 7 0 6 7 10 7 8 10 10 8 2 9 10 8 8 10 10 8 7 7 7 7 8 11 11 5 4 4 5 1 4 4 4 11 5 9 11 5 11 5 5 10 7 7 7 7 7 8 4 10 11 5 2 4 11 9 5 4 4 4 4 8 10 10 8 8 11 2 3 4 11 11 5 4 5 7 7 11 4 5 7 10 7 7 7 7 8 10 7 7 11 5 4 4 4 4 4 5 7 10 8 11 11 5 2 7 7 7 7 10 8 9 11 5 5 7 7 10 7 10 8 7 7 7 7 8 11 11 5 5 11 11 5 5 7 7 7 10 8 11 4 4 7 11 5 4 4 4 5 7 7 7 11 5 10 10 8 8 7 11 11 5 4 4 1 9 5 4 4 4 4 5 4 4 4 11 11 5 2 7 7 7 7 7 7 9 8 7 7 7 7 10 7 7 7 10 2 8
ppo_x50_b_fd_l4_same_gamma,57,qv18_60,18,146,True,867.0,7.351491212844849,8 6 2 10 9 8 8 10 10 8 8 10 4 5 7 10 10 8 8 10 10 8 8 11 5 4 11 5 7 10 10 8 8 10 4 4 4 4 5 7 7 7 11 5 7 7 10 10 8 8 10 10 8 8 10 10 8 8 4 10 7 5 10 4 4 4 10 8 2 3 11 11 5 4 4 4 4 4 4 4 5 10 8 7 10 7 7 8 10 8 11 11 5 2 9 8 4 10 10 8 7 7 7 8 7 7 10 10 8 8 4 4 4 1 9 5 4 11 11 5 2 9 8 10 10 7 2 8 11 3 4 4 4 4 4 5 11 4 4 11 5 11 5 5 10 4 2 6 7 0 6 7 7 7 7 7 7 7 7 11 5 10 10 8 8 11 10 8 2 11 11 5 4 4 3 4 4 4 4 5 7 7 7 7 10 7 7 8 4 4 11 11 5 5 10 8 4 4 4 4 4 11 11 5 5 7 7 10 2 6 11 11 5 2 6 7 7 7 7 7 7 10 8 7 7 7 10 10 8 8 10 10 8 2 11 5 11 5 4 4 4 9 11 5 2 9 11 5 5 7 7 10 8 10 7 8 11 11 5 5 4 11 4 4 5 4 10 10 8 7 8 7 10 10 8 7 7 0 6 8 4 4 11 10 8 2 3 11 5 4 4 4 4 11 5 10 10 8 4 4 4 5 10 7 8 11 11 5 4 4 11 5 5 7 11 2 10 9 8 7 7 7 7 7 8 7 7 10 10 8 2 6 10 10 8 8 4 4 11 4 5 7 10 7 7 8 11 11 5 11 5 4 5 4 11 5 4 4 4 4 4 11 4 4 5 7 0 9 10 8 7 7 7 7 7 7 8 7 11 2 9 10 8 8 7 10 7 8 11 11 2 5 9 8 11 11 1 4 5 3 4 4 4 4 5 11 11 5 5 10 11 5 4 5 11 11 5 5 10 8 0 6 7 10 10 8 7 7 7 7 7 8 11 11 5 2 3 11 4 5 4 11 11 5 0 6 7 7 7 7 8 11 10 8 2 7 6 11 11 5 4 11 5 5 7 10 7 8 4 4 11 11 5 4 4 4 4 4 5 10 10 8 4 4 5 7 7 10 2 9 10 8 8 7 11 11 5 2 9 10 8 7 7 7 7 7 7 7 8 11 2 9 10 8 8 7 11 11 5 4 5 11 1 3 4 5 11 4 11 5 4 4 4 5 4 10 8 7 10 8 10 10 8 2 11 3 4 5 10 4 4 11 5 5 7 7 7 7 10 8 7 7 7 7 7 10 8 11 11 5 4 5 7 7 7 10 7 7 8 11 5 4 4 1 4 4 4 3 4 11 5 10 10 8 4 4 5 4 4 4 11 4 2 10 6 7 10 8 7 7 7 7 7 7 7 7 7 7 7 7 8 4 4 4 4 4 4 4 11 2 9 11 5 4 4 5 4 11 5 11 11 5 2 9 5 7 10 8 11 11 5 5 10 10 7 7 7 8 7 7 7 8 7 10 7 7 7 7 7 8 11 1 3 11 5 5 4 4 11 2 7 9 7 7 7 8 11 11 5 5 11 11 5 2 9 7 8 11 4 11 5 11 5 5 4 4 11 5 11 11 5 7 7 8 4 11 2 9 10 8 4 5 11 5 4 4 10 10 8 7 8 10 10 8 7 7 10 8 8 7 10 10 8 7 7 8 7 11 11 5 4 4 5 4 11 4 4 4 5 10 4 4 4 5 7 7 7 10 10 8 0 6 7 7 8 11 5 1 3 11 5 4 4 4 10 10 8 7 7 8 4 11 5 4 4 4 4 11 11 5 4 11 5 2 11 10 8 8 10 8 7 7 7 7 7 7 7 7 9 10 8 10 8 7 8 7 10 8 11 11 5 4 5 4 10 2 10 10 8 8 4 4 3 4 4 11 11 5 2 7 10 10 8 8 4 4 11 11 5 4 4 4 4 4 4 4 5
ppo_x50_b_fd_l4_same_gamma,58,qv18_61,18,151,True,902.0,7.661725282669067,8 6 2 6 7 10 10 8 8 10 10 8 8 4 10 11 5 5 4 11 7 0 9 5 4 4 5 7 7 10 7 7 8 10 10 8 8 11 4 4 5 10 8 10 7 10 7 8 8 11 5 10 10 7 8 8 10 10 8 8 11 5 4 4 4 11 11 5 2 4 9 11 5 4 4 4 11 5 4 5 7 7 11 5 10 10 8 7 8 4 10 11 5 5 10 10 8 0 6 7 7 8 7 10 7 7 7 10 8 8 10 10 8 8 4 11 1 3 4 5 4 10 2 11 4 4 4 3 4 4 5 4 11 4 4 11 5 2 10 8 10 9 8 7 7 7 7 8 10 7 7 7 7 7 8 10 10 8 8 11 1 3 4 5 11 5 7 7 10 8 10 10 8 8 4 4 4 4 4 10 8 11 11 5 11 5 5 11 5 4 4 11 11 5 5 10 7 8 10 10 8 7 7 8 4 11 5 4 4 10 11 5 5 11 11 5 2 6 7 7 10 10 8 4 5 10 10 8 7 10 8 4 4 4 4 4 4 5 11 4 4 2 10 6 10 8 7 7 7 7 7 7 7 7 8 11 11 5 2 9 7 7 7 8 10 7 8 11 11 5 4 5 11 5 11 4 4 4 4 4 4 10 8 2 6 11 4 4 5 10 10 8 7 7 7 7 7 7 7 7 8 11 2 9 11 5 4 4 5 4 4 10 7 0 6 7 7 7 7 7 8 10 1 4 4 4 4 4 3 5 11 11 5 11 5 11 5 2 3 4 10 11 5 5 11 11 5 2 9 8 7 10 10 8 0 6 7 7 7 7 7 7 8 10 11 7 7 7 8 8 4 4 10 8 11 11 5 2 3 4 11 4 11 5 4 4 5 10 7 7 8 11 4 11 5 11 5 4 5 11 5 10 10 8 7 7 7 8 4 4 11 4 5 10 10 8 4 4 4 4 4 5 0 9 5 7 7 7 7 7 7 7 7 10 10 7 8 2 9 7 7 7 8 11 11 2 4 4 4 4 5 9 10 7 8 8 11 5 10 10 8 8 11 1 3 2 9 10 4 5 11 4 5 5 11 4 5 4 4 11 4 10 8 8 4 4 4 0 6 10 10 8 7 7 7 8 10 4 10 8 10 8 8 10 10 7 7 8 7 8 11 11 7 7 8 10 8 2 4 9 8 11 5 11 11 5 11 5 4 4 4 4 5 7 10 7 7 8 11 11 5 2 6 10 7 7 7 8 11 11 5 4 4 5 4 4 4 11 4 4 5 4 10 2 9 10 8 7 8 11 5 11 4 5 4 4 4 10 2 10 10 8 9 8 7 7 7 8 10 10 8 2 9 5 10 10 8 8 10 2 9 7 10 8 7 8 11 5 11 5 7 10 10 8 4 4 5 4 4 4 4 4 4 11 5 4 10 4 4 4 11 5 2 7 7 10 8 9 11 5 4 5 10 0 7 6 7 10 8 8 7 7 11 5 10 7 7 8 10 10 7 8 7 7 7 8 11 5 4 4 1 4 4 3 4 4 11 10 8 8 11 5 4 4 4 10 11 5 5 11 4 5 10 10 7 7 7 8 2 9 10 8 7 7 7 7 8 4 11 4 4 5 4 11 4 4 5 10 7 10 8 8 7 11 4 4 5 4 10 11 5 5 4 10 10 8 0 6 7 7 7 7 10 8 8 10 10 8 7 7 7 7 8 1 9 5 1 11 3 4 4 5 11 11 5 2 9 7 8 4 4 4 4 4 11 4 4 4 4 11 5 2 6 11 10 8 2 7 9 8 10 10 8 10 8 8 10 10 8 7 10 8 7 8 11 4 5 10 2 6 10 10 8 7 7 7 7 8 11 11 5 5 11 4 5 4 4 4 11 4 10 8 8 1 9 5 4 4 4 4 4 11 5 10 10 8 4 4 5 10 10 7 7 7 7 7 8 7 7 7 7 7 7 7 8 11 11 5 5 4 4 4 4 10 8 11 4 5 10 10 8 4 4 5 11 2 10 10 8 7 7 9 8 8 7 10 7 7 7 10 2 8
ppo_x50_b_fd_l4_same_gamma,59,qv18_62,18,152,True,928.0,7.646308660507202,8 6 10 8 8 10 10 8 8 11 5 7 10 10 8 8 10 10 8 8 11 5 4 11 5 0 9 11 5 4 4 4 5 7 10 11 5 5 10 0 6 7 7 7 7 10 7 7 8 8 10 10 8 8 11 5 4 4 4 4 11 5 10 10 8 7 10 7 8 8 7 10 10 8 8 11 5 4 4 4 11 5 4 4 1 3 4 4 4 11 5 4 10 10 8 8 0 6 7 7 7 7 7 7 10 10 7 8 2 7 6 11 10 8 2 9 10 8 8 4 4 4 11 5 7 7 11 10 8 8 1 9 8 11 11 5 1 3 11 5 4 4 4 4 4 5 7 10 2 9 10 8 4 5 10 8 4 4 4 4 4 10 8 10 10 8 10 8 7 7 5 11 5 7 10 10 8 8 10 7 7 7 7 8 10 8 4 1 3 4 4 10 11 5 5 4 11 2 3 4 4 4 4 4 11 11 5 5 7 11 5 10 10 8 8 11 5 10 10 7 7 7 8 7 7 7 7 7 8 7 11 5 4 4 10 10 8 4 5 7 10 8 10 10 8 8 4 4 11 1 3 4 5 11 4 4 4 5 7 7 11 10 8 8 4 4 10 10 8 7 7 7 7 8 11 4 5 4 4 4 11 4 5 10 7 7 7 7 7 7 7 7 8 11 5 4 4 11 4 4 5 11 5 4 11 11 5 4 4 4 5 11 11 5 7 7 7 7 7 7 8 7 7 7 11 2 9 7 7 7 8 4 11 11 5 5 11 5 4 4 4 11 11 5 2 3 11 5 10 7 7 7 7 7 8 10 10 7 7 8 7 7 8 4 10 10 8 8 4 4 4 11 4 5 10 7 10 8 8 11 5 10 10 8 2 4 6 11 4 11 5 5 4 4 11 5 11 2 9 4 11 5 4 4 4 5 7 7 10 10 8 7 7 0 6 8 11 7 10 7 7 8 2 3 11 4 4 5 4 10 10 8 8 4 11 4 11 5 5 4 4 11 4 5 4 10 10 8 8 7 7 7 7 7 7 7 7 7 7 7 7 10 8 11 2 9 11 5 5 11 11 5 5 10 8 11 1 3 4 4 5 11 4 10 8 7 7 8 10 8 11 4 4 5 10 10 8 0 6 7 7 8 10 8 10 10 8 4 4 5 11 2 9 5 4 11 11 5 4 4 4 4 4 5 10 2 9 7 7 8 11 11 5 11 5 5 11 2 6 7 7 7 7 7 7 7 7 7 10 7 8 11 11 4 2 4 3 5 10 7 8 11 11 5 4 4 4 5 4 4 4 11 11 5 11 5 5 10 8 10 7 7 7 7 7 8 11 4 4 5 11 5 4 11 11 5 4 4 5 10 7 10 8 4 2 9 5 11 5 10 7 10 8 7 7 7 7 8 10 7 10 8 7 8 7 10 7 7 8 11 11 5 11 5 4 4 11 5 2 4 4 11 9 8 8 11 10 8 7 7 7 8 11 11 5 4 5 4 11 11 5 4 5 10 8 7 7 7 7 10 7 8 4 11 11 5 5 7 7 7 7 11 4 5 10 7 11 2 3 4 4 4 5 4 4 4 4 4 4 11 5 7 11 2 9 7 7 7 8 11 11 5 4 2 9 7 11 5 5 7 7 7 7 10 8 11 11 5 5 7 10 8 7 7 10 10 8 2 4 10 9 5 5 11 10 8 10 7 7 7 8 8 11 5 7 7 11 11 5 4 4 4 4 4 4 4 4 4 4 4 4 11 5 5 7 11 5 0 6 7 7 7 10 8 10 7 7 11 5 2 9 4 4 4 5 10 10 8 7 8 4 4 11 4 4 4 5 10 10 8 7 0 9 5 5 7 10 10 8 8 7 10 10 8 7 11 5 2 9 7 7 7 7 7 8 11 11 5 4 4 4 5 4 11 4 11 5 11 5 2 7 7 10 9 5 5 10 10 7 8 8 10 10 8 7 7 8 11 11 5 4 10 2 8 11 11 5 4 4 4 4 4 4 5 9 4 5 10 10 8 8 11 2 10 10 8 7 7 6 7 7 7 7 7 7 7 7 8 11 11 5 2 11 11 5 4 4 4 4 4 4 4 4 4 4 4 4 5
ppo_x50_b_fd_l4_same_gamma,60,qv18_63,18,154,True,908.0,7.776752948760986,8 6 2 10 9 8 8 0 9 10 8 8 11 5 11 11 5 7 4 0 5 7 7 6 10 10 8 8 10 4 2 3 11 5 4 11 5 4 10 10 8 7 7 7 7 10 8 8 10 10 8 8 10 10 8 8 10 10 8 8 11 5 11 4 4 11 5 4 4 5 10 0 6 7 8 10 10 8 8 10 7 7 10 8 8 4 11 5 10 1 4 4 5 9 10 8 8 11 2 9 5 4 4 4 4 4 4 4 4 11 4 5 10 10 8 8 10 2 10 10 8 6 10 8 7 7 8 11 2 9 11 5 5 7 11 5 4 10 10 8 7 7 8 4 4 10 11 5 5 11 4 4 4 4 5 10 10 8 7 7 8 7 7 7 10 10 7 7 7 8 8 10 8 11 1 3 4 5 11 11 5 2 7 10 7 8 9 5 10 11 5 11 5 4 4 4 5 11 5 11 5 4 11 11 4 4 4 4 5 2 7 7 7 6 10 11 5 2 9 5 10 10 8 7 7 7 8 7 7 10 10 8 7 7 5 7 10 10 8 8 4 4 4 4 11 4 4 4 5 11 5 10 2 9 10 8 8 7 10 7 10 8 8 11 4 4 10 7 8 10 8 8 4 11 4 4 4 5 7 10 7 7 7 7 8 11 11 5 5 11 4 1 4 3 5 4 4 4 4 4 11 5 4 10 10 8 8 7 11 5 11 5 7 10 10 8 7 0 6 7 7 7 7 7 8 10 10 2 6 7 8 4 11 2 11 11 5 3 4 4 4 5 7 10 7 7 8 11 11 5 4 4 1 9 5 4 5 4 4 4 11 4 4 5 7 7 0 9 5 7 7 7 10 10 8 4 5 10 7 7 11 5 2 9 5 11 11 5 4 4 4 5 10 10 8 2 7 9 7 8 10 10 8 7 8 4 4 4 11 4 4 5 0 6 10 10 8 8 10 10 8 7 7 8 10 10 8 7 7 7 8 1 9 8 11 5 4 4 4 4 4 4 4 4 11 5 4 11 11 5 4 5 10 10 8 2 6 7 7 7 7 10 8 10 7 10 8 7 7 7 7 7 8 4 4 1 3 4 4 4 4 11 4 4 4 5 10 11 5 5 11 5 11 11 5 2 7 9 8 10 10 8 10 8 8 11 4 5 10 0 6 7 10 8 7 7 7 7 7 8 4 4 11 4 4 5 10 10 8 7 5 7 4 10 10 8 8 11 5 4 4 4 4 4 4 11 5 10 10 8 4 4 4 4 5 7 7 7 7 7 10 11 5 5 10 7 10 8 10 8 8 7 10 10 8 7 8 11 10 8 8 10 10 8 8 11 2 3 4 11 5 4 10 8 11 11 5 4 4 4 5 11 2 9 10 8 8 7 11 11 5 2 3 4 10 10 8 7 7 7 7 7 8 11 2 11 4 4 3 4 4 5 4 4 11 11 5 4 4 4 5 10 11 5 2 10 10 6 8 7 0 6 7 7 10 8 7 7 7 7 7 7 7 7 8 11 4 4 1 4 3 4 4 4 4 5 7 7 7 11 10 8 8 11 0 9 5 4 5 7 7 10 8 10 10 8 8 11 10 8 2 9 10 8 8 4 4 4 4 1 3 4 11 11 5 4 4 4 4 5 11 4 2 3 10 10 8 0 6 7 7 7 7 8 10 7 8 11 10 8 7 8 10 11 5 5 10 7 7 10 8 4 2 3 11 11 5 4 11 5 11 5 4 5 10 8 11 2 9 11 5 5 4 4 11 4 5 10 10 8 8 10 10 8 7 7 8 10 8 4 10 2 10 9 8 7 7 8 7 1 3 4 11 4 4 4 5 7 10 8 4 11 11 5 4 10 8 2 9 11 5 4 4 4 5 10 10 8 8 10 10 8 2 3 11 4 5 4 11 11 5 5 7 10 7 8 10 10 7 7 8 7 7 7 8 10 2 9 10 8 7 7 7 8 1 9 11 5 5 11 11 5 4 5 4 1 4 4 9 5 4 11 4 4 4 11 5 2 7 10 7 7 7 7 10 8 7 7 9 8 8 10 7 7 7 10 2 8
ppo_x50_b_fd_l4_same_gamma,61,qv18_64,18,155,True,913.0,7.821348190307617,8 6 2 6 10 10 8 2 9 4 5 10 10 8 10 8 8 10 2 9 10 8 8 10 10 8 8 11 5 11 0 5 9 10 7 7 8 8 11 5 10 7 10 8 8 10 10 8 8 10 11 5 5 11 4 4 4 4 5 10 11 5 5 11 11 5 4 5 10 8 4 10 10 8 7 7 7 7 10 8 7 8 11 4 5 7 10 10 8 8 11 4 5 7 7 7 10 10 8 8 4 4 11 5 4 4 4 4 4 4 1 3 4 4 4 11 5 4 10 10 8 8 11 4 5 0 9 5 10 10 8 10 8 0 6 7 7 7 7 7 7 7 7 8 10 10 8 2 4 4 4 4 10 8 11 9 5 5 11 4 4 5 0 9 10 8 10 8 8 4 11 10 7 7 8 8 10 11 5 5 4 1 3 4 11 11 5 4 4 4 5 11 2 9 4 5 7 10 10 8 0 6 7 7 7 7 8 4 4 4 4 11 5 7 10 10 8 7 8 10 10 7 8 8 10 7 7 5 10 7 10 8 2 3 11 11 5 7 8 11 4 5 11 11 5 7 7 7 7 8 11 5 11 5 4 4 4 11 11 5 4 4 4 8 10 8 10 7 7 7 7 8 4 10 10 8 7 7 8 11 11 5 4 4 4 4 4 5 11 5 11 4 11 5 2 9 10 4 8 7 10 8 7 7 8 11 10 2 8 6 11 4 4 5 7 7 10 10 8 8 10 7 7 10 8 2 6 4 11 4 4 4 4 4 4 4 5 11 4 4 11 5 4 4 5 7 0 9 7 7 8 11 4 11 5 2 6 7 10 0 6 7 7 8 10 8 11 11 5 2 9 8 11 11 5 0 6 7 8 11 5 11 11 5 5 11 2 3 4 4 11 11 5 5 7 7 7 11 2 9 5 10 10 8 0 6 7 7 7 7 7 7 7 7 7 8 11 11 5 2 11 5 9 10 8 7 8 11 4 5 11 4 4 4 4 5 11 4 11 5 2 3 7 10 10 8 7 7 7 7 8 7 10 10 8 2 3 4 4 4 4 11 11 5 7 8 10 7 10 8 7 7 8 4 4 4 10 8 11 1 3 4 4 4 4 4 10 8 2 11 9 8 8 11 11 5 4 5 4 4 10 10 8 7 7 7 7 8 7 7 7 7 10 8 4 10 2 9 10 8 7 8 4 11 5 10 8 4 4 4 4 4 4 10 11 5 5 7 7 11 5 4 4 4 4 4 4 4 11 5 11 10 8 8 0 6 7 7 10 10 8 7 7 7 7 8 10 2 9 10 8 8 7 11 4 4 11 5 4 4 4 5 10 7 7 7 7 7 8 11 4 5 7 10 10 8 8 4 11 4 4 4 5 4 11 11 5 4 5 11 4 4 5 7 10 10 8 8 4 10 0 6 7 7 7 7 7 7 8 10 10 8 7 8 7 11 11 5 4 4 4 4 4 1 3 4 4 5 11 2 6 10 11 5 5 11 11 5 5 7 11 5 11 11 5 2 9 5 7 7 7 7 7 7 11 10 8 8 10 10 8 8 7 7 10 8 7 11 5 4 4 11 11 5 2 3 10 11 5 4 4 5 4 4 4 11 11 5 2 6 10 10 8 0 6 10 8 7 7 7 7 7 7 8 10 10 8 7 8 1 3 4 11 1 3 4 5 10 7 10 8 8 4 1 3 11 4 4 4 4 11 5 2 7 9 8 11 4 4 5 10 10 8 7 8 10 10 7 8 2 10 9 5 5 4 11 5 7 7 10 10 8 8 10 10 8 2 6 11 4 4 4 4 4 4 4 4 4 4 4 5 10 2 3 10 10 8 10 8 0 6 7 8 10 10 8 2 7 9 8 10 7 10 7 0 6 5 5 7 7 10 10 8 8 4 4 4 11 5 4 4 4 11 5 4 11 5 11 11 5 5 7 7 10 7 11 5 5 4 4 4 4 11 11 5 2 10 10 7 7 7 6 7 7 8 7 7 7 8 7 10 10 8 8 4 4 4 4 11 2 9 11 5 0 6 8 11 1 9 5 5 10 10 8 8 4 4 4 4 11 11 5 2
ppo_x50_b_fd_l4_same_gamma,62,qv18_65,18,158,True,945.0,8.014596462249756,8 6 0 5 10 6 10 8 2 9 5 10 10 8 8 4 4 11 2 9 7 11 5 5 10 7 11 5 5 10 0 6 10 8 7 10 8 8 10 10 8 8 10 4 5 10 10 8 10 8 7 5 10 10 8 8 4 10 7 5 10 10 8 8 4 4 4 11 5 11 4 10 8 7 8 7 11 2 9 10 8 8 4 4 4 11 4 4 4 4 4 4 5 10 10 8 10 8 0 6 7 7 7 7 7 7 7 8 11 4 4 10 8 2 3 4 4 11 4 4 4 4 5 10 10 8 2 6 10 7 10 8 8 11 4 4 4 4 5 11 5 10 10 8 7 7 7 8 10 10 8 8 7 10 10 7 8 5 10 10 8 8 4 4 4 4 11 5 10 10 8 2 3 4 11 4 4 4 4 5 10 7 10 8 4 4 4 4 4 4 5 11 4 10 8 8 0 6 7 7 7 7 7 7 7 10 7 7 7 7 7 8 11 4 11 5 4 4 4 5 10 10 8 8 1 4 3 4 4 11 4 5 10 10 8 8 11 5 0 9 7 7 10 8 7 7 7 8 11 10 7 8 4 1 3 4 5 10 7 7 7 8 11 11 5 5 11 11 5 4 11 5 4 4 4 4 4 4 5 4 11 4 4 2 10 10 8 8 7 6 7 10 7 7 0 6 7 7 8 11 2 9 10 8 8 1 4 9 11 5 2 11 4 9 5 5 11 11 4 5 5 10 8 11 4 5 10 0 6 0 9 8 7 7 7 7 8 7 10 10 8 7 7 8 11 4 4 4 5 10 7 10 7 5 2 3 11 4 5 11 11 5 4 11 5 4 4 5 10 8 10 10 8 8 10 7 7 7 8 11 2 6 7 10 10 8 8 4 4 11 2 11 3 4 5 11 11 5 4 4 5 10 2 9 10 8 8 10 1 3 4 4 4 11 5 11 5 4 5 10 10 8 8 7 0 9 5 7 7 7 7 7 7 7 10 10 7 8 2 6 10 8 11 11 5 11 5 4 5 10 10 8 8 11 4 4 4 5 7 10 7 10 7 4 7 5 4 4 4 5 4 11 11 5 2 11 9 8 8 7 7 10 8 10 7 7 7 7 7 8 4 4 4 4 1 3 4 4 4 4 4 4 11 4 10 8 8 11 4 5 10 11 5 5 4 0 9 5 10 10 8 7 7 10 8 8 11 4 4 5 7 10 10 8 7 7 8 11 7 11 5 2 9 11 5 5 10 7 7 8 7 10 11 5 5 10 7 8 10 8 4 4 4 4 4 11 11 5 5 4 4 4 11 5 7 0 6 7 10 10 8 7 8 11 2 3 10 11 5 5 10 10 8 10 8 7 7 7 8 11 11 5 4 10 8 7 7 7 7 7 8 4 4 11 4 4 4 4 4 4 4 4 4 4 5 10 8 10 0 6 7 7 7 7 7 7 8 10 7 10 8 8 4 4 4 11 4 4 4 5 7 7 11 11 5 2 7 10 9 8 8 7 10 7 5 10 10 8 2 10 8 10 10 8 8 4 4 4 4 4 4 4 4 4 9 5 11 4 4 11 5 5 4 11 11 5 2 7 7 9 8 10 7 8 11 11 5 2 7 6 10 10 8 4 5 11 2 9 11 5 4 5 7 7 10 11 5 5 7 10 10 8 7 7 7 7 7 8 11 11 5 4 4 5 10 4 5 7 10 10 8 8 11 5 7 7 7 10 8 7 10 7 7 1 9 8 8 11 1 3 11 5 4 5 4 4 4 4 4 11 11 5 4 4 4 5 10 11 5 5 10 2 6 10 10 8 7 7 7 8 10 10 8 8 7 10 7 8 7 7 11 11 5 4 4 4 5 4 4 4 10 10 8 2 7 7 7 10 8 6 11 10 8 8 10 10 8 8 10 10 8 2 11 3 4 5 11 11 4 5 11 5 5 11 5 10 7 7 8 11 11 5 5 4 11 4 4 4 4 5 10 10 8 7 8 10 10 8 8 11 5 11 4 11 5 4 4 4 4 5 7 11 5 10 11 8 11 5 2 10 10 8 9 8 8 10 10 8 2 3 10 10 8 7 7 7 8 10 7 10 7 7 7 7 8 2 6 11 4 11 4 4 4 4 5 4 4 5 4 4 4 11 11 5 2
ppo_x50_b_fd_l4_same_gamma,63,qv18_66,18,146,True,858.0,7.4193620681762695,8 6 10 5 2 10 9 8 8 0 10 9 8 8 10 2 9 10 8 8 10 10 8 8 11 5 11 4 5 10 10 8 7 7 10 8 7 5 10 4 5 7 10 10 8 8 10 10 8 8 11 5 7 11 10 8 2 10 9 8 8 4 4 1 3 4 4 4 4 11 5 4 4 4 4 11 11 5 5 0 6 7 10 10 8 7 7 7 8 11 2 9 11 5 4 4 4 5 10 10 8 7 7 7 7 7 8 4 10 10 8 7 8 11 4 8 4 4 4 4 4 11 4 5 10 10 8 8 4 4 4 4 11 11 5 5 7 7 10 8 10 0 6 7 7 7 8 10 10 8 7 7 8 11 4 5 10 10 8 2 3 4 11 5 11 11 5 4 4 5 11 11 5 5 10 11 5 2 6 7 10 8 10 10 8 2 9 10 8 7 7 7 7 8 11 4 5 10 10 8 8 7 10 11 5 5 7 7 11 11 5 1 3 4 4 4 4 4 4 4 4 4 5 11 4 5 10 2 9 10 8 8 7 10 7 7 7 8 11 10 8 2 6 7 11 11 5 4 4 4 4 11 5 2 9 10 8 8 11 4 4 5 4 10 0 9 5 0 6 7 7 7 8 4 10 10 8 8 10 7 7 8 0 11 3 7 7 7 10 8 2 9 7 8 7 11 11 5 4 4 4 4 4 4 11 5 2 9 7 7 8 4 10 10 8 7 8 4 4 4 4 11 11 5 4 4 4 4 4 5 10 10 8 0 6 7 7 8 10 10 7 7 8 2 9 7 8 7 7 7 11 5 4 11 5 4 11 5 11 4 4 4 4 11 5 2 10 6 7 7 8 7 7 7 11 10 8 8 4 10 7 4 4 11 5 4 4 4 4 4 4 4 5 10 0 9 8 10 8 8 10 10 8 7 7 7 7 7 7 8 11 4 10 7 5 2 3 4 10 11 5 5 4 11 11 5 4 4 4 5 7 10 10 8 4 5 10 4 4 10 8 7 10 8 10 8 2 6 7 10 7 7 8 10 10 8 8 4 4 4 4 11 4 4 4 5 10 10 8 7 7 8 11 10 8 7 8 10 8 7 10 10 8 8 10 2 9 10 8 4 1 3 4 4 4 4 5 11 5 4 4 4 4 11 5 10 10 8 8 4 11 2 9 10 8 8 11 5 11 11 5 7 7 7 7 7 7 7 8 11 2 4 3 4 4 4 10 11 5 5 4 4 11 11 5 5 7 7 7 7 7 7 10 7 7 8 11 4 8 11 11 5 2 6 7 7 10 11 5 5 10 2 6 10 10 8 7 8 4 11 11 5 7 8 4 4 4 4 11 4 4 4 4 4 5 10 10 8 7 7 7 8 7 10 2 6 7 7 10 7 7 7 7 8 11 11 4 5 2 9 11 5 4 4 4 4 5 11 4 5 11 11 5 2 6 10 7 8 10 10 8 7 7 7 7 7 8 11 5 10 10 8 8 4 11 4 4 11 5 4 5 10 8 11 11 5 2 3 4 11 11 5 4 5 7 7 7 11 5 10 10 8 7 8 4 4 4 4 4 10 11 5 5 4 4 10 2 10 9 8 7 0 6 7 8 7 11 5 4 11 5 7 10 10 8 7 7 7 8 11 2 11 5 7 7 10 10 7 8 7 7 7 8 4 4 9 4 5 10 10 8 2 4 3 4 4 4 11 4 4 5 4 11 4 4 4 4 5 10 7 7 8 11 11 5 2 6 7 7 10 0 6 7 10 8 7 10 8 8 4 10 2 9 0 6 8 10 10 7 8 2 10 9 8 8 11 2 9 11 5 7 8 4 1 11 3 4 4 11 5 11 5 5 4 4 11 4 5 10 7 10 8 2 7 10 10 8 8 6 4 4 4 4 4 4 4 4 11 11 5 2 3 10 10 7 7 7 7 7 7 7 7 7 7 7 7 2 8
ppo_x50_b_fd_l4_same_gamma,64,qv18_67,18,147,True,839.0,7.457592487335205,8 6 2 9 10 8 8 10 10 8 8 11 5 11 11 5 2 9 7 7 0 6 10 8 8 10 10 8 8 11 5 4 4 4 11 5 7 10 10 7 7 8 7 10 8 8 10 4 5 10 7 10 8 8 10 10 8 8 4 10 8 11 11 5 2 3 4 11 11 5 2 9 8 4 10 7 7 10 7 8 2 9 10 7 8 8 11 5 4 11 4 11 7 7 8 8 11 4 4 11 7 4 7 4 7 4 7 4 5 4 4 10 8 7 7 7 7 7 8 11 2 11 3 1 3 4 4 4 4 4 4 4 4 4 5 7 10 10 8 7 7 7 7 8 7 11 10 8 8 11 4 1 3 11 5 4 4 4 4 4 4 4 5 4 10 0 9 5 5 10 0 6 7 7 7 8 10 10 7 8 2 9 7 7 8 11 4 5 11 11 5 2 6 11 4 4 4 4 5 7 7 7 7 10 7 7 7 10 8 8 11 4 4 5 4 4 10 11 5 5 4 4 11 11 5 4 2 9 5 10 10 8 7 7 7 7 7 7 7 8 10 10 7 8 8 4 4 11 5 7 7 10 10 8 8 7 7 11 11 5 5 4 4 4 4 11 5 10 8 10 2 7 7 7 7 9 8 11 11 1 8 5 7 9 8 11 11 1 8 5 7 11 5 9 10 8 8 4 11 11 4 5 1 3 4 11 5 5 10 8 4 10 10 2 8 3 11 4 4 5 10 10 8 8 11 5 10 7 10 8 7 7 8 4 11 4 4 4 5 7 7 7 7 7 7 11 11 5 4 11 5 11 5 4 4 4 5 10 2 3 10 7 7 10 8 8 10 7 8 7 10 10 8 8 10 7 10 8 4 2 4 4 4 4 4 4 4 9 5 11 11 5 2 11 9 5 4 5 7 11 11 5 4 5 7 11 2 9 10 8 7 7 7 8 11 2 9 10 8 7 7 7 8 11 2 9 10 8 8 11 4 11 5 4 4 4 4 5 10 10 8 7 8 11 4 4 4 5 4 11 11 5 5 7 11 5 10 7 4 7 4 10 8 7 8 7 7 7 10 10 8 8 7 7 10 7 8 7 11 2 9 11 5 4 4 4 4 5 4 4 4 4 4 11 4 5 10 4 2 10 10 6 8 8 10 2 6 10 10 8 7 7 7 7 7 8 10 10 8 7 8 7 11 11 5 5 4 4 4 4 11 5 10 2 9 11 5 5 7 7 10 10 8 7 8 7 10 7 5 10 10 7 5 2 6 11 11 5 4 4 11 5 4 4 5 11 11 5 4 4 4 4 5 10 7 5 10 10 7 8 2 7 7 7 6 11 2 9 5 10 7 7 11 5 5 10 7 7 8 11 11 5 4 4 4 4 4 5 10 10 8 2 3 10 4 4 4 4 5 7 7 10 10 8 4 5 7 10 10 7 8 7 8 11 5 4 4 4 4 4 4 11 5 4 10 10 8 8 0 6 10 7 8 4 11 11 5 5 10 7 8 10 10 8 7 7 7 10 8 7 7 7 8 11 2 4 4 4 4 4 9 5 11 11 5 2 9 4 5 10 10 8 2 9 8 10 10 7 8 7 7 7 8 4 10 10 8 7 7 8 11 1 3 5 11 11 5 4 11 5 2 9 5 7 7 10 8 11 11 4 5 8 10 4 5 4 4 1 4 4 4 4 9 11 5 5 10 8 11 11 5 11 5 2 9 8 10 10 7 8 0 6 8 10 10 8 7 10 8 7 7 7 7 7 7 7 8 4 11 4 2 9 10 8 8 4 11 5 4 4 4 10 8 10 10 8 7 7 8 10 8 11 11 5 11 5 5 11 4 4 11 5 4 5 4 4 4 11 11 5 2 9 5 10 7 7 7 7 7 7 10 2 8 7 7 10 10 8 8
ppo_x50_b_fd_l4_same_gamma,65,qv18_68,18,155,True,907.0,7.871844530105591,8 6 2 10 10 8 8 6 10 10 8 2 10 9 8 8 10 10 8 8 11 5 10 10 7 8 8 10 4 5 7 10 10 8 7 5 10 4 5 7 10 10 8 8 4 4 4 4 11 5 10 10 2 8 11 4 3 4 5 4 11 11 5 5 10 7 7 7 8 10 7 10 8 8 7 7 7 10 10 8 8 4 4 4 4 4 4 4 4 11 5 7 11 11 5 4 4 4 4 5 7 7 10 7 7 8 4 11 5 11 11 5 5 7 7 7 7 7 7 7 7 7 7 10 11 5 5 11 4 4 11 5 4 5 10 8 7 10 7 7 7 10 8 10 8 8 4 11 5 11 11 5 11 5 4 4 4 4 4 4 4 4 11 5 5 10 8 7 7 7 10 7 8 4 11 11 5 5 7 7 7 7 7 7 7 10 11 5 5 11 11 5 4 4 4 11 5 4 5 10 0 9 5 4 4 5 7 7 7 10 8 4 4 10 8 10 10 8 8 10 7 8 11 11 5 5 7 7 11 5 10 10 7 8 7 10 8 7 7 8 11 4 4 5 4 11 4 10 8 7 7 7 5 10 10 8 2 9 5 7 10 10 8 8 4 4 1 3 4 11 5 4 4 4 10 11 5 5 11 11 5 5 4 11 11 5 4 5 0 6 7 10 7 8 10 7 7 8 10 10 8 8 4 11 4 5 1 3 11 4 4 11 5 4 5 7 11 5 0 9 5 10 10 8 7 7 8 7 7 7 7 10 10 7 5 2 9 4 11 5 5 11 2 3 4 10 10 8 7 7 7 7 8 11 4 10 8 7 7 8 11 4 11 5 7 8 11 5 10 10 8 7 7 8 11 11 5 5 4 4 11 11 5 4 4 4 4 4 4 5 0 9 5 7 7 7 7 10 8 10 10 8 2 3 11 4 4 4 4 4 5 4 10 10 8 7 0 6 7 7 7 7 7 7 8 11 2 9 10 7 8 8 4 4 11 11 5 4 5 4 4 4 11 5 0 9 5 10 7 10 8 8 7 7 7 11 5 10 10 8 8 10 10 8 2 3 4 4 4 11 11 5 1 3 4 4 4 4 4 4 5 4 0 9 5 10 10 8 8 7 7 7 10 4 0 9 8 8 7 7 7 10 8 11 11 5 5 7 10 10 7 7 7 7 7 8 2 9 5 11 11 5 4 4 4 4 4 4 4 4 4 4 4 11 5 4 2 9 5 10 10 8 8 10 10 8 7 8 11 2 9 4 4 5 7 7 10 10 8 7 8 11 2 9 7 7 7 8 11 11 5 4 4 4 5 11 11 5 5 4 4 10 4 11 5 2 7 9 10 8 10 8 7 7 7 7 7 8 7 10 8 4 4 4 4 4 4 4 11 4 4 5 10 10 8 10 8 8 10 10 8 7 7 7 7 7 7 7 10 8 7 7 8 4 4 4 10 8 10 10 8 8 4 11 5 11 7 7 11 5 5 4 4 4 4 4 11 5 4 10 11 5 5 7 10 10 8 8 10 10 8 7 7 7 8 11 5 10 7 8 4 4 4 4 4 11 5 10 10 8 4 4 5 7 10 8 7 10 10 8 7 8 10 10 8 8 4 4 10 2 9 8 11 11 5 5 4 4 10 11 5 5 4 11 4 4 4 5 10 10 8 4 4 4 5 10 2 9 4 5 10 10 8 0 9 8 7 7 7 8 4 4 10 8 10 10 8 7 7 7 7 7 7 7 8 11 5 11 4 4 4 8 11 11 5 2 4 9 4 4 4 4 4 4 4 4 5 7 7 11 5 10 7 10 8 10 8 8 10 7 8 10 10 8 8 7 7 11 10 8 8 1 3 4 4 11 4 4 5 4 4 10 10 8 7 7 7 7 7 7 7 7 7 8 11 4 2 11 9 5 5 4 1 4 4 4 4 3 4 4 4 4 10 8 11 11 5 4 5 10 8 11 11 5 2 10 7 10 7 7 6 7 7 7 7 7 8 8 10 10 8 8 10 10 8 2 10 10 8 8 4 4 4 4 4 4 4 4 4 4 4 11 5 10 10 8 8
ppo_x50_b_fd_l4_same_gamma,66,qv18_69,18,155,True,924.0,7.829732179641724,8 6 2 10 6 7 11 5 7 2 9 5 10 10 8 8 10 10 8 8 11 4 5 10 10 8 2 6 10 10 8 8 10 10 8 8 10 10 8 8 10 10 8 8 10 10 8 8 11 5 11 11 5 5 10 11 1 8 6 7 7 8 11 4 5 11 5 4 10 4 4 4 4 10 8 7 8 7 10 7 7 11 5 5 4 4 11 5 4 4 4 4 11 5 11 4 4 11 5 4 2 6 10 7 10 8 8 7 10 10 8 2 9 10 8 7 7 7 7 7 8 11 5 11 11 5 4 11 5 8 11 11 5 4 4 4 2 9 5 11 11 5 4 4 2 10 9 8 8 7 10 10 8 10 8 7 7 7 7 8 10 8 11 11 5 4 11 5 5 11 5 4 4 4 4 11 5 10 10 8 2 9 5 11 11 5 2 6 7 0 7 10 10 8 7 9 8 7 8 10 10 8 7 7 7 7 7 8 4 4 11 10 8 8 10 10 8 8 1 9 8 11 11 5 5 4 4 4 4 4 4 4 11 5 10 10 8 2 10 9 5 5 4 11 5 10 10 7 8 7 7 7 7 7 7 7 8 11 11 5 4 4 4 4 4 5 7 7 7 7 11 11 5 2 9 7 10 8 8 4 4 11 5 7 7 10 8 11 11 2 3 4 5 4 4 11 10 8 8 11 4 4 4 4 5 4 10 10 8 7 7 7 7 7 7 8 11 2 9 11 5 7 7 7 7 7 7 8 11 5 11 5 4 4 4 4 4 4 11 5 11 4 4 4 5 10 10 8 2 9 4 5 4 10 10 8 0 6 7 10 8 8 11 2 9 11 5 7 7 7 8 10 10 8 7 7 7 7 8 11 5 11 5 4 4 4 10 11 5 5 11 11 5 4 4 4 4 4 4 5 7 7 7 10 8 7 7 10 7 8 4 11 11 5 5 10 2 9 11 5 5 10 8 10 10 8 10 7 7 7 7 7 8 7 7 8 1 3 4 11 5 10 10 8 2 11 5 4 3 4 4 4 10 10 7 8 7 7 8 11 11 5 5 4 4 11 5 4 4 1 3 4 4 4 4 11 5 10 10 8 8 10 2 10 10 8 9 8 7 8 7 7 10 2 9 8 10 10 8 7 8 4 10 10 8 8 10 7 8 11 11 5 5 11 5 4 4 4 11 5 4 10 2 9 10 8 4 5 7 10 7 7 8 10 10 8 2 3 4 4 11 11 5 11 5 5 4 4 10 10 8 7 8 11 2 9 10 8 8 4 4 11 11 5 4 10 8 4 4 4 5 10 0 9 8 7 7 7 8 10 7 10 8 2 9 10 7 8 7 8 4 11 4 4 4 5 4 1 3 11 11 5 4 4 4 5 4 10 2 6 7 7 10 7 7 7 8 10 8 7 7 10 10 8 8 4 4 1 3 4 4 4 4 11 5 10 7 11 5 4 4 4 4 5 10 11 5 2 6 10 0 6 7 7 7 7 7 10 8 2 7 7 10 7 8 9 10 7 8 7 8 11 5 1 3 4 11 4 4 4 4 4 4 4 4 4 5 11 5 10 11 5 5 10 10 8 10 8 8 10 7 7 7 7 8 11 11 5 2 3 4 4 4 4 10 10 8 8 7 10 7 7 7 7 7 10 8 8 11 2 4 9 5 7 7 11 10 8 8 7 11 11 5 4 4 5 10 7 7 8 11 11 4 5 7 7 7 7 8 4 4 4 4 4 4 11 4 4 11 5 2 9 10 8 4 4 5 7 10 10 8 4 5 10 7 7 7 5 10 10 8 8 4 4 11 4 5 1 11 4 9 5 7 11 5 4 8 11 11 5 4 8 11 11 5 2 6 7 10 8 7 10 10 8 8 10 2 9 10 8 7 8 10 11 5 5 7 7 7 10 8 7 11 11 5 4 4 4 5 4 4 4 4 11 5 7 10 8 11 11 5 2 9 11 5 4 5 10 10 8 7 7 7 7 0 6 7 8 7 10 10 8 2 7 9 8 11 11 5 4 5 10 10 8 7 7 7 8 10 7 11 5 4 5 4 4 4 4 11 5 11 5 10 10 2 8 6 4 4 4 11 11 5 2
ppo_x50_b_fd_l4_same_gamma,67,qv18_7,18,158,True,964.0,8.022367000579834,8 6 2 10 9 8 8 10 10 8 8 11 5 10 10 8 10 8 8 10 10 8 8 11 5 10 4 4 4 5 10 10 8 10 7 7 8 2 9 10 8 8 4 4 11 4 5 10 7 7 7 8 10 10 8 8 10 10 8 8 11 4 5 4 4 4 4 11 11 4 8 7 7 7 7 7 7 8 4 4 4 11 4 5 4 11 11 0 8 3 4 4 4 4 11 5 5 7 0 6 10 7 7 8 4 10 11 5 5 11 11 5 5 7 10 7 7 7 7 7 7 7 7 8 7 7 10 10 8 8 4 4 4 10 8 11 4 4 4 5 10 7 8 7 11 11 5 4 4 5 11 5 10 10 8 4 2 4 9 5 4 11 11 5 4 11 5 2 9 7 8 11 11 5 4 5 7 7 7 7 10 8 11 11 5 5 10 8 7 10 10 8 8 7 7 7 7 10 7 7 8 11 11 5 4 4 4 5 4 10 8 7 7 7 10 7 7 8 11 11 5 4 11 5 5 7 7 11 5 11 4 11 5 5 11 11 5 5 10 2 9 8 10 7 7 10 7 7 8 8 10 8 11 11 5 2 11 11 5 5 4 3 4 11 11 5 4 5 11 11 5 2 3 7 10 11 8 10 7 7 7 8 2 7 6 7 7 11 5 11 4 5 4 11 5 4 4 10 8 11 11 5 4 4 4 4 4 5 7 7 10 8 11 2 9 11 5 5 10 7 7 10 8 8 4 10 10 8 7 7 7 7 7 8 7 10 10 8 7 8 11 2 11 9 5 5 4 4 4 4 4 4 4 4 11 4 5 10 11 5 5 4 4 11 10 8 2 10 10 8 6 0 6 7 7 7 7 7 7 8 11 10 8 8 10 7 8 10 8 11 11 5 4 10 8 2 3 4 4 4 4 4 4 4 11 4 4 0 9 5 4 4 5 10 8 10 10 7 8 7 7 0 6 7 7 7 7 8 11 2 4 4 4 11 3 5 10 10 8 8 10 10 7 8 7 8 4 11 4 2 3 10 10 8 8 10 7 8 11 4 10 8 7 7 8 4 10 8 11 11 5 4 4 5 11 4 11 5 4 4 4 4 4 5 10 10 8 8 7 7 11 5 7 7 7 7 7 7 11 5 4 11 11 5 4 4 5 4 10 11 5 2 3 4 10 10 8 7 7 7 8 11 11 5 2 9 7 7 8 4 11 11 5 4 4 4 5 7 7 7 7 11 10 8 8 4 11 11 5 11 5 4 4 4 4 5 7 7 0 6 7 11 5 10 8 7 7 7 7 7 7 10 10 8 7 7 8 11 2 9 11 5 5 11 5 7 10 8 7 11 11 5 4 4 5 11 10 8 7 7 7 7 8 4 4 4 4 4 10 4 4 5 10 10 8 8 4 4 11 4 2 9 11 5 2 3 4 4 11 11 5 4 5 0 6 7 7 7 10 8 10 10 7 8 8 10 7 7 7 10 8 2 6 4 1 3 11 4 4 4 4 7 4 11 5 4 4 11 5 2 7 10 8 9 7 7 8 11 11 5 4 5 10 10 8 4 5 11 4 4 5 10 10 8 10 8 10 8 7 8 7 7 10 10 8 7 7 8 11 10 8 8 10 10 8 2 4 9 5 11 11 5 4 4 4 4 4 4 5 11 11 5 4 4 4 5 7 10 7 7 11 5 2 9 10 8 7 7 8 11 4 4 5 10 10 8 7 0 6 7 7 7 7 7 7 7 8 10 11 5 5 11 11 5 2 9 11 5 5 7 7 7 10 7 8 4 4 4 4 4 4 4 4 4 11 4 4 4 4 5 10 11 5 5 0 9 5 10 10 8 7 7 7 10 8 8 10 8 4 10 10 8 7 7 8 11 4 4 5 10 10 8 7 7 7 7 7 8 11 4 4 4 4 4 4 4 4 4 4 4 5 10 7 8 10 7 8 10 8 7 7 10 7 10 8 2 6 7 10 10 8 8 4 4 11 4 4 5 4 11 11 5 4 4 5 11 2 3 4 4 11 5 10 10 8 10 8 10 8 7 8 7 7 7 7 7 7 7 7 11 5 11 11 5 1 3 4 4 4 4 4 5 7 7 10 8 4 11 11 5 4 4 5 10 10 8 2 11 3 4 4 4 5 10 10 7 7 7 8 8 7 7 10 10 8 7 7 8 7 7 10 10 8 8
ppo_x50_b_fd_l4_same_gamma,68,qv18_70,18,155,True,899.0,7.828426122665405,8 6 10 8 8 10 10 8 8 11 4 8 4 7 4 7 4 0 9 11 5 5 7 7 11 5 10 4 5 7 10 10 8 7 10 8 8 10 10 8 8 11 5 10 10 7 8 7 5 10 10 8 8 11 5 4 4 11 5 11 4 11 5 4 5 10 2 9 4 10 8 0 6 7 8 7 10 7 7 10 7 7 8 8 11 5 4 4 4 10 10 8 7 7 8 4 10 10 8 2 9 10 8 8 11 4 5 1 3 4 4 4 4 4 4 11 4 4 4 4 5 11 11 5 2 6 7 7 10 11 5 5 10 11 5 5 10 10 8 10 8 0 6 7 7 7 7 8 11 10 7 8 7 7 7 8 4 11 4 4 10 7 5 2 11 11 5 3 4 4 4 4 5 11 2 3 10 10 8 2 9 10 8 7 7 7 7 7 8 4 4 4 11 11 5 5 11 7 7 7 7 8 11 2 11 3 11 5 4 4 5 4 11 11 5 4 4 5 7 7 11 11 5 2 7 10 6 7 7 11 5 2 10 9 8 7 7 8 11 4 4 4 4 4 5 10 7 0 10 8 7 9 8 7 7 7 7 8 11 2 4 4 9 11 5 7 8 4 4 11 4 5 10 10 8 2 10 7 7 7 7 7 7 7 7 10 8 8 4 9 4 5 10 10 8 2 9 5 11 1 3 5 4 4 4 11 11 5 2 7 11 9 8 8 10 7 0 6 7 10 8 8 11 5 4 11 1 3 4 4 11 5 4 4 4 4 4 4 4 5 7 10 10 8 2 9 5 7 10 7 7 7 7 7 7 8 10 10 2 8 11 4 3 4 4 5 11 2 9 10 8 0 6 7 11 5 4 4 4 4 4 4 4 5 10 2 9 10 8 8 11 4 2 9 11 5 5 7 7 7 10 7 8 4 4 11 11 5 5 7 7 10 7 7 7 7 8 7 10 7 10 8 8 10 10 8 8 11 5 11 2 11 11 5 4 4 3 5 11 5 7 7 11 11 5 4 5 4 4 11 5 4 4 4 10 0 9 5 5 10 10 8 7 8 7 0 6 7 7 7 10 7 8 10 7 10 7 7 7 2 8 11 5 4 9 5 4 11 11 5 4 5 11 11 5 5 7 7 7 7 11 5 10 10 8 8 7 7 11 11 5 4 4 4 4 4 11 5 4 11 5 2 7 9 7 5 11 4 5 11 4 4 4 5 10 10 8 10 8 8 7 7 10 7 5 10 10 8 2 11 3 4 5 10 8 4 11 11 5 4 5 10 0 6 8 7 10 10 8 7 8 7 11 11 5 2 3 11 10 8 8 10 10 8 8 11 5 4 10 10 8 8 7 11 5 4 4 1 3 4 4 4 4 4 11 11 5 7 8 10 10 8 2 9 11 5 7 7 7 8 7 0 6 7 11 10 8 8 7 10 7 7 7 10 8 2 4 4 4 9 5 7 10 8 11 11 5 5 7 11 11 5 4 4 4 4 4 5 11 4 11 5 2 9 7 8 11 4 5 11 4 5 11 11 5 2 7 7 9 8 7 11 5 10 7 7 10 8 7 7 0 6 7 7 7 8 10 2 9 10 8 8 4 1 3 4 11 5 1 3 11 11 5 5 4 4 11 4 5 10 10 8 10 8 2 9 8 10 10 8 7 8 10 11 5 2 9 11 5 4 4 5 10 7 7 7 7 7 7 7 8 4 11 11 5 5 11 5 10 11 5 2 3 4 11 11 5 11 5 5 4 10 0 6 7 7 7 7 7 7 7 8 4 11 4 4 1 4 5 9 10 7 8 7 8 4 11 5 4 10 11 5 5 4 11 11 5 5 11 11 5 5 7 7 7 7 10 8 10 8 11 11 5 4 4 4 5 4 4 10 10 8 0 6 7 7 7 7 7 7 7 7 7 7 7 8 11 4 4 4 4 5 10 7 8 7 10 10 8 4 4 4 5 7 10 7 7 10 8 8 11 5 7 11 11 5 4 4 4 4 5 4 4 4 11 11 5 7 7 7 7 7 8 11 2 10 10 8 8
ppo_x50_b_fd_l4_same_gamma,69,qv18_71,18,154,True,949.0,7.773770570755005,8 6 2 10 9 8 8 10 10 8 8 11 5 11 11 5 0 5 6 7 0 6 10 10 8 8 10 10 8 8 11 5 4 10 10 8 8 10 10 8 7 5 10 10 8 7 5 10 4 5 11 4 5 10 7 7 7 10 8 8 11 1 3 4 8 11 5 10 7 10 8 8 4 4 4 4 4 4 11 4 5 7 7 7 7 7 7 7 11 4 5 7 10 10 8 8 10 10 8 8 4 4 4 4 11 5 11 11 5 4 4 4 4 4 4 4 4 5 7 7 7 11 11 5 7 8 4 4 10 2 9 10 8 7 7 8 10 7 10 8 4 4 4 4 5 7 7 7 10 7 7 8 7 7 7 10 7 7 8 11 11 5 11 5 5 10 7 11 5 2 4 3 11 11 5 4 4 4 4 4 4 5 11 4 5 4 10 10 8 0 6 7 7 8 7 7 10 8 11 4 10 8 7 8 11 2 4 9 10 4 5 11 5 4 4 4 8 10 10 8 8 11 5 11 11 5 11 5 4 5 10 2 10 9 8 7 7 7 8 10 10 8 4 4 4 4 5 10 0 6 7 7 7 7 7 7 8 10 10 7 5 4 4 4 4 4 4 5 7 10 7 7 7 8 11 11 5 5 11 4 4 4 5 10 10 8 7 7 8 11 4 5 10 10 8 7 7 7 7 8 10 10 8 8 10 8 11 11 5 2 3 4 10 8 4 4 11 5 4 11 11 5 0 6 0 7 6 7 7 7 8 11 4 4 5 11 5 4 11 11 5 4 4 4 11 5 5 7 10 10 8 7 7 7 7 7 7 7 7 7 8 4 4 4 4 4 4 4 4 4 11 4 4 8 10 10 8 8 0 6 7 7 7 7 11 10 8 8 11 0 6 7 8 0 4 9 11 5 4 4 4 4 4 4 4 4 4 11 5 4 5 4 10 10 8 8 11 2 9 4 5 10 7 10 8 8 10 7 7 8 4 4 4 4 11 4 5 10 10 8 2 7 6 7 7 10 7 7 7 7 7 7 8 4 11 4 4 5 11 11 5 2 6 7 11 10 8 8 11 11 5 4 4 11 5 5 10 8 10 7 7 7 7 7 7 7 8 7 7 11 11 5 4 1 3 4 5 4 4 4 4 11 4 4 5 11 2 9 7 11 5 5 11 4 5 7 7 7 7 7 10 7 7 11 5 5 4 4 4 4 11 5 7 10 0 6 7 8 10 10 8 7 7 7 7 5 4 4 10 10 7 7 8 2 11 5 4 9 11 5 4 4 5 11 2 3 11 11 5 5 4 11 11 5 5 7 7 7 11 5 10 11 5 5 7 10 10 8 7 7 7 7 7 7 7 7 7 8 10 7 8 11 11 5 11 5 11 5 4 4 4 4 5 11 2 9 7 0 6 8 10 10 8 8 7 11 5 4 4 1 3 4 4 4 4 4 11 4 4 5 10 10 8 7 8 10 8 11 11 5 4 5 7 7 10 8 10 10 8 4 4 5 10 7 8 4 4 11 4 11 5 2 3 7 7 7 7 7 7 10 11 7 8 2 9 10 8 8 7 7 10 7 7 7 8 11 11 5 11 5 5 10 8 4 4 4 4 11 5 10 7 8 11 11 5 4 5 10 8 10 10 8 4 4 4 11 5 5 11 5 10 10 8 7 8 11 5 4 4 4 11 4 4 5 10 10 8 2 7 7 6 7 7 7 10 7 7 7 7 7 7 8 10 10 2 8 11 5 11 4 9 5 5 11 5 11 5 10 7 11 5 4 5 11 10 8 7 7 7 7 8 11 11 5 1 3 4 4 5 4 11 11 5 4 2 9 4 5 10 10 8 2 9 10 8 8 7 7 10 7 8 11 11 5 5 11 11 5 7 7 7 7 7 7 7 8 11 2 11 9 5 4 4 5 11 11 5 5 11 11 5 11 5 4 4 4 4 4 4 5 10 10 8 7 7 8 4 4 10 10 8 8 10 8 0 10 9 5 5 10 10 8 7 7 7 7 7 8 11 2 6 11 4 4 4 4 11 5 4 4 4 11 5 2 11 11 5 5 4 10 10 8 7 7 6 10 8 7 7 7 7 7 7 7 7 7 7 8 11 2 9 7 11 5 4 5 7 11 11 5 4 4 4 4 4 4 4 4 5
ppo_x50_b_fd_l4_same_gamma,70,qv18_72,18,154,True,894.0,7.811822175979614,8 6 2 9 10 8 8 10 10 8 8 11 5 11 11 5 5 7 10 11 5 5 7 7 10 10 8 10 8 8 10 4 5 10 7 10 8 8 10 10 8 8 11 5 7 11 11 5 2 9 7 7 10 8 8 11 4 4 4 5 7 10 8 4 11 11 5 5 10 8 7 10 10 8 7 5 10 7 10 8 8 10 10 8 8 11 5 11 11 5 4 5 7 11 2 9 10 8 8 4 4 10 8 10 8 10 10 8 8 4 4 4 1 3 4 4 4 4 4 10 11 5 5 10 8 11 4 4 4 8 10 10 8 4 4 4 5 4 10 2 9 10 8 7 7 7 8 10 10 8 7 8 10 7 7 7 8 11 11 5 4 4 4 4 4 5 10 7 7 7 7 7 7 7 8 11 11 5 4 4 11 5 4 4 4 4 4 5 10 10 8 8 11 5 10 10 8 7 7 7 8 4 11 11 5 4 4 4 4 5 11 2 9 10 8 4 5 7 7 7 7 7 7 7 7 7 10 8 7 10 10 8 2 3 4 4 4 4 4 4 11 4 4 5 10 7 7 10 8 8 4 4 11 4 5 4 4 4 4 10 10 8 7 7 7 8 7 7 7 10 8 11 4 4 4 4 4 5 11 10 8 2 6 7 7 10 7 10 7 8 7 7 8 4 4 4 4 11 4 4 5 7 10 8 7 7 10 10 8 8 10 10 8 7 8 11 5 1 9 5 4 11 5 7 10 10 8 7 7 8 4 4 4 4 11 5 4 4 4 4 10 11 5 4 4 4 5 0 6 7 7 10 8 4 11 4 5 10 10 8 8 10 10 8 7 8 11 5 10 10 8 8 1 4 4 3 11 5 11 11 5 4 5 11 11 5 2 9 8 10 10 8 0 6 7 8 10 10 7 7 7 5 2 9 10 8 7 8 7 7 10 10 8 8 1 3 11 2 9 11 5 7 8 11 4 4 4 5 10 7 8 10 10 8 8 4 4 11 5 4 4 11 11 5 2 6 10 7 7 8 11 4 1 3 4 4 4 5 4 0 9 11 5 4 4 5 4 10 10 8 7 7 7 0 6 7 8 10 8 11 4 4 4 4 4 5 11 4 5 10 10 8 7 7 8 7 10 7 10 7 7 7 7 7 8 2 6 4 11 4 10 8 2 9 11 5 4 4 4 4 5 11 2 3 4 4 4 11 4 5 10 10 7 7 7 8 0 6 7 7 8 10 7 7 7 7 7 7 8 11 11 5 5 11 11 5 4 5 7 7 10 11 5 5 11 11 5 2 11 9 5 5 4 11 4 4 5 7 10 10 8 8 10 4 4 4 5 11 11 5 2 6 7 11 5 7 10 10 8 10 8 10 8 7 7 7 8 10 10 8 7 7 8 11 1 3 5 4 4 11 5 11 11 5 5 7 7 10 10 2 8 3 4 4 4 11 4 5 10 10 8 8 7 10 2 9 10 8 8 4 7 7 7 11 11 5 4 4 5 7 7 10 7 8 11 11 5 5 7 10 8 11 11 4 4 5 4 1 3 4 5 4 4 11 11 5 2 9 7 8 10 8 4 11 11 5 4 2 3 10 11 5 5 7 0 6 7 7 10 10 8 7 7 7 7 8 4 4 4 4 1 4 11 4 3 5 10 10 8 8 11 5 10 7 7 10 8 7 7 7 7 7 7 7 7 8 1 3 4 4 4 11 4 4 5 10 8 10 10 7 2 8 9 5 4 4 4 4 11 10 8 8 10 10 8 2 7 10 8 9 11 5 5 10 7 7 8 7 10 10 8 4 2 4 11 9 5 11 5 4 4 4 4 5 4 1 4 4 3 4 11 5 7 0 7 7 7 7 7 9 8 10 4 4 5 10 7 10 8 7 11 5 2 4 4 4 11 3 5 4 4 11 11 5 5 7 10 2 3 7 7 7 11 10 8 8 10 7 7 10 7 7 7 8 2 9 7 8 11 11 5 4 5 4 4 4 4 4 11 11 5 2 3 10 7 7 10 7 7 7 7 7 2 8
ppo_x50_b_fd_l4_same_gamma,71,qv18_73,18,151,True,891.0,7.597919464111328,8 6 2 9 10 8 8 10 10 8 8 11 5 7 10 10 8 8 10 10 8 8 11 5 4 11 5 7 10 10 7 7 7 7 8 8 11 4 4 5 10 10 8 8 11 4 4 5 7 10 10 7 8 8 1 10 9 5 5 4 11 11 5 5 11 5 7 7 7 10 7 10 7 8 8 10 10 8 8 11 5 11 2 3 4 4 4 4 4 4 4 11 11 5 8 10 8 4 11 11 4 5 11 5 2 9 7 8 7 7 7 11 10 8 8 7 7 7 7 7 10 10 8 7 8 11 5 10 10 8 2 11 5 9 5 4 4 4 4 4 4 4 4 10 11 5 5 10 8 4 4 4 4 11 11 5 5 7 7 7 10 7 7 7 7 7 7 7 8 11 4 4 5 11 4 4 4 4 11 5 5 7 7 7 7 7 10 7 8 4 11 2 9 11 5 5 11 5 7 11 11 5 4 5 11 5 10 10 8 7 8 10 10 8 0 6 7 7 7 7 7 7 8 11 11 5 2 9 8 11 11 5 4 4 4 5 10 8 7 7 11 11 5 7 0 6 7 7 7 8 4 4 4 1 4 4 9 5 4 4 4 4 11 4 4 4 5 10 10 8 7 10 8 2 6 10 8 11 8 11 8 11 11 5 2 4 6 4 10 4 5 10 10 8 2 10 6 10 8 7 7 8 4 4 11 4 4 4 4 5 7 7 7 10 8 10 10 8 2 3 11 4 5 10 10 8 7 7 7 7 7 11 7 7 5 4 4 4 4 5 4 11 4 4 5 4 4 4 10 10 8 7 7 7 7 7 7 7 8 11 5 10 4 4 5 10 10 7 8 10 8 8 4 11 5 10 11 5 2 6 10 7 10 8 7 7 7 8 4 4 4 4 1 4 3 4 4 4 11 5 10 10 8 8 11 2 3 4 4 4 4 10 11 5 5 10 7 7 10 8 0 6 7 7 7 7 8 7 7 7 10 10 8 7 8 11 5 1 6 1 9 4 4 4 4 5 10 8 7 7 10 8 10 10 8 8 4 4 4 4 4 11 4 5 4 1 4 9 4 8 11 11 5 2 11 3 4 5 7 10 10 8 8 11 4 5 7 10 10 7 2 5 10 10 7 7 8 8 9 7 10 8 8 11 5 10 10 8 2 11 4 4 3 11 5 2 9 7 8 11 10 7 7 8 2 9 11 5 4 4 11 5 5 7 11 10 8 8 4 11 11 5 4 4 4 4 4 5 7 10 11 5 5 11 11 5 2 10 8 9 10 8 0 6 7 7 8 7 10 10 7 7 7 7 8 7 7 8 11 11 5 5 4 10 10 8 2 9 8 10 7 11 5 2 3 11 11 5 7 7 7 8 11 4 4 4 4 4 4 4 4 5 11 11 5 4 4 4 4 5 10 8 10 11 5 5 10 8 0 6 7 7 7 11 5 10 10 8 7 7 0 6 7 10 8 8 4 11 5 10 7 7 8 10 4 11 5 11 5 2 9 5 11 11 5 5 7 10 8 11 11 5 7 7 7 7 8 4 4 4 4 4 4 11 5 4 4 11 11 5 11 5 2 10 8 9 11 5 5 7 11 5 10 10 8 7 7 7 7 7 7 7 7 8 10 10 8 7 8 4 1 4 3 4 11 4 5 11 4 5 4 11 4 5 10 10 8 2 9 4 5 4 11 4 10 8 7 0 6 7 8 10 10 8 7 7 10 8 8 7 10 7 0 6 7 10 8 8 4 11 5 4 4 4 4 4 11 5 10 7 0 6 7 8 10 10 7 8 5 10 10 8 4 2 4 4 4 9 11 5 2 11 9 5 5 11 11 5 2 3 10 10 7 8 8 10 10 2 8 11 4 4 5 4 11 3 4 5 4 4 11 11 5 2 6 4 10 10 8 7 7 0 6 8 10 10 8 10 8 8 7 10 10 8 7 7 7 7 8 1 9 8 11 11 4 4 5 11 5 2 4 7 6 4 4 11 11 5 4 1 4 4 4 5 10 10 7 7 7 8 8
ppo_x50_b_fd_l4_same_gamma,72,qv18_74,18,147,True,873.0,7.400083541870117,8 6 2 10 9 8 8 10 10 8 8 11 5 10 10 7 8 8 10 10 8 8 11 5 11 4 4 5 10 10 8 0 6 10 7 7 8 8 10 4 5 10 10 8 10 8 8 11 5 10 7 10 8 8 10 10 8 8 11 2 9 11 5 4 4 5 11 4 4 4 5 11 4 10 8 7 7 7 7 0 6 7 8 10 1 9 8 8 4 4 10 8 11 11 4 5 4 11 5 2 3 4 4 4 10 10 8 7 7 7 7 7 7 7 7 8 4 11 4 4 4 4 5 4 4 4 11 5 10 7 7 7 10 8 7 8 11 10 8 8 10 7 10 8 8 4 4 4 4 4 10 8 11 11 5 4 5 10 7 8 4 11 11 5 4 4 5 11 4 4 4 11 5 5 7 10 2 6 7 7 7 10 7 8 11 11 5 5 11 4 4 4 11 5 2 7 9 5 10 7 10 8 2 9 8 10 10 8 7 7 7 7 8 11 5 11 7 10 8 10 8 7 7 8 4 11 11 5 4 4 4 4 5 7 7 10 7 8 4 4 4 7 4 7 4 7 4 7 4 7 4 11 10 8 7 5 10 10 8 2 9 8 7 7 10 10 8 2 4 3 11 1 3 11 2 3 4 4 4 4 4 4 4 4 4 5 10 10 8 7 7 7 8 4 4 4 4 11 4 5 10 8 10 10 8 2 3 10 10 8 10 8 7 7 8 11 4 4 4 5 10 10 8 7 8 7 7 7 7 10 8 1 11 9 5 5 10 8 10 4 4 4 11 5 4 5 11 4 5 11 11 5 4 5 7 7 7 7 10 10 8 4 5 11 2 9 10 8 7 0 6 7 7 8 11 10 8 8 10 10 7 7 7 7 8 2 4 9 11 5 2 9 11 5 7 8 11 5 4 4 4 4 11 4 4 4 4 5 11 4 5 10 10 8 4 4 4 5 0 9 5 7 7 7 7 10 10 8 7 7 8 10 10 7 7 5 5 11 5 7 7 7 10 10 8 7 8 11 5 4 4 4 4 4 11 5 4 11 11 5 4 5 10 8 10 7 7 10 7 8 2 9 11 5 2 6 10 8 11 11 5 5 10 8 4 4 11 11 5 11 5 2 9 5 7 7 7 7 10 7 7 7 7 10 7 7 8 4 2 11 3 4 4 4 4 4 8 11 11 5 5 4 4 11 11 5 4 4 5 7 10 10 8 7 7 7 7 7 7 7 7 8 11 2 9 10 8 8 4 11 11 5 4 4 4 4 11 5 5 11 11 5 2 3 11 5 7 7 7 7 7 10 11 5 7 8 4 11 4 4 4 5 4 11 11 5 4 0 9 8 7 7 7 7 8 11 2 10 6 8 11 4 5 10 7 10 7 7 7 7 8 2 6 7 10 8 11 11 5 2 9 8 11 11 5 5 4 4 11 5 10 10 8 2 9 7 7 7 8 7 10 10 8 8 4 4 4 4 11 4 5 4 10 11 5 4 8 4 11 11 5 4 4 4 4 5 7 7 11 5 10 10 8 10 8 2 9 7 8 11 10 8 4 5 11 4 10 8 7 7 7 7 7 8 4 4 11 2 9 11 5 7 8 7 10 10 8 8 10 10 8 7 8 4 11 4 4 4 4 4 4 4 4 4 4 4 5 10 8 0 6 7 7 7 7 7 10 8 7 10 7 7 10 8 8 7 11 4 4 4 5 1 4 9 5 11 11 5 4 5 10 7 8 4 4 4 4 4 11 11 5 4 2 10 8 7 7 7 7 7 7 7 7 9 7 5 10 10 8 7 7 8 4 11 11 5 2 10 8 10 7 8 10 10 8 8 4 4 9 5 4 11 11 5 4 4 4 4 4 5 10 8 10 10 8 2 11 9 8 8 11 4 4 4 4 11 5 2 10 7 10 8 6 7 7 7 7 7 7 8 11 11 5 2 7 7 7 11 11 5 4 4 4 4 4 4 4 4 4 4 4 4 5
ppo_x50_b_fd_l4_same_gamma,73,qv18_75,18,151,True,898.0,7.618998050689697,8 6 2 6 10 10 8 2 9 5 10 10 8 8 10 10 8 8 10 10 8 8 11 5 4 11 11 5 2 9 8 7 10 10 8 8 10 10 8 8 10 10 8 8 11 5 10 7 10 8 8 4 4 4 11 5 7 11 11 5 4 4 4 4 4 4 4 4 5 10 2 6 7 7 7 10 8 10 10 8 1 3 4 5 4 10 2 9 10 8 7 10 8 8 10 10 8 7 7 8 7 7 10 10 8 8 4 4 4 11 5 11 4 5 7 11 11 5 4 4 5 7 7 10 8 4 4 4 10 11 5 5 4 4 4 10 10 8 7 7 7 7 7 7 7 7 8 10 8 7 10 10 8 4 5 1 3 4 1 3 4 4 4 10 11 5 5 4 10 11 5 5 4 4 4 11 11 5 4 2 6 7 7 7 7 7 7 7 7 7 7 11 5 10 10 8 8 1 4 3 4 11 4 5 10 10 8 8 4 4 11 4 4 4 5 10 10 7 7 8 8 10 2 10 7 7 7 7 10 8 7 8 6 10 8 11 4 4 4 4 5 1 9 5 4 4 4 4 4 4 11 5 10 10 8 4 4 4 5 7 10 8 7 10 10 8 10 8 2 10 9 5 5 11 4 5 10 7 7 10 0 6 7 7 7 7 7 7 8 8 10 2 9 11 5 7 8 4 11 4 4 5 11 11 5 2 9 8 4 11 11 5 2 9 8 10 10 8 8 10 10 8 4 4 4 4 5 10 2 6 7 7 7 7 7 10 10 8 8 4 4 4 4 11 4 4 4 4 5 4 4 4 4 4 11 5 7 0 6 7 7 10 7 7 8 11 5 10 7 10 7 7 7 8 8 10 10 8 2 9 8 11 4 4 11 4 4 5 2 7 9 10 7 8 10 8 7 7 8 11 4 11 5 4 4 4 4 4 4 4 4 4 4 4 5 10 2 9 10 8 7 8 7 7 10 8 7 11 7 7 8 11 11 5 4 4 5 11 5 4 10 10 8 7 10 8 8 4 4 4 11 2 9 11 5 4 4 4 5 10 0 6 7 10 8 7 8 11 4 5 10 7 7 7 10 8 7 7 7 7 7 8 4 4 4 4 4 4 4 11 5 10 10 8 10 7 7 8 7 7 8 11 2 9 10 8 8 4 4 11 11 5 2 9 7 10 8 8 10 2 6 10 10 8 8 4 4 4 4 11 2 4 4 4 3 4 11 4 5 11 4 4 4 11 5 2 7 9 5 10 7 10 8 7 10 8 8 10 10 7 7 8 7 8 7 10 8 11 7 7 8 11 11 5 4 4 4 11 5 2 6 4 11 11 5 4 4 4 4 4 5 10 7 7 7 7 7 8 7 7 7 11 11 5 4 4 4 4 5 10 0 6 7 7 7 7 7 8 11 4 4 5 10 7 7 7 7 7 8 4 11 11 5 4 4 4 11 5 5 7 7 7 7 7 10 8 11 11 5 5 7 7 11 11 5 7 8 7 7 11 11 5 5 4 4 11 5 4 4 4 10 11 5 5 11 11 5 5 10 7 7 7 8 11 5 10 10 8 2 11 9 5 8 11 11 5 4 5 11 11 5 5 4 4 11 5 10 10 8 8 10 2 9 0 6 8 10 10 8 7 7 7 7 7 7 7 8 11 4 11 5 2 11 5 9 11 5 7 8 4 4 4 11 5 4 4 11 5 4 10 10 8 8 7 7 7 10 7 7 8 11 4 4 11 5 5 4 0 11 9 8 8 11 11 5 4 4 4 4 5 10 0 9 5 5 10 10 8 7 7 7 7 7 7 7 7 7 7 8 11 4 5 10 7 7 7 11 5 2 11 5 3 4 4 4 10 10 8 2 3 11 11 5 4 4 4 4 5 4 4 11 2 10 10 7 8 6 7 8 10 10 7 8 10 7 7 8 2 6 11 4 5 11 11 5 11 5 2 4 3 4 10 10 8 7 8 7 7 10 8 10 10 8 8 10 10 8 7 8 11 11 5 4 4 4 4 5 4 4 4 4 4 11 11 5 4 4 5
ppo_x50_b_fd_l4_same_gamma,74,qv18_76,18,153,True,868.0,7.761792898178101,8 6 2 9 10 8 8 10 10 8 8 10 10 8 8 11 4 5 7 11 11 5 5 11 11 5 5 7 7 7 10 7 7 10 8 8 10 10 8 8 11 5 10 7 10 8 8 10 4 4 5 11 4 4 4 4 5 11 11 5 5 7 10 7 7 7 7 7 7 7 5 7 10 10 8 8 4 4 11 5 11 5 7 10 10 8 4 4 4 4 5 10 7 8 11 10 8 8 7 7 10 8 10 10 8 8 4 4 4 4 4 4 4 11 4 4 5 10 10 8 4 5 11 5 11 11 5 5 10 8 10 10 7 7 7 8 4 10 8 10 8 2 11 9 5 8 7 10 7 8 4 11 11 5 5 10 8 11 11 5 7 7 8 4 4 11 4 4 4 5 4 4 4 11 4 10 8 2 7 9 10 8 7 7 7 7 8 11 5 4 4 11 5 7 11 7 10 8 7 10 8 7 7 7 8 4 11 2 11 9 5 5 4 11 11 5 7 0 6 7 7 8 10 8 4 4 10 10 8 8 4 4 4 11 2 9 11 5 4 5 10 10 8 7 8 11 4 4 4 4 4 4 4 5 10 10 8 10 8 8 7 7 7 7 7 7 7 7 11 10 7 8 8 4 11 5 4 11 4 5 10 7 7 11 7 7 8 7 8 10 8 4 11 4 10 8 8 11 4 5 10 7 10 8 8 11 4 4 4 4 4 11 5 4 4 4 4 5 4 10 2 9 10 8 7 7 7 7 7 8 7 10 7 8 11 4 11 5 5 7 10 8 11 11 5 4 4 4 5 7 7 7 10 7 8 4 4 11 11 5 4 11 5 4 5 7 7 11 7 7 7 7 7 7 8 11 2 4 9 10 8 8 10 10 8 8 4 4 4 11 4 4 4 11 5 5 11 11 5 4 4 5 7 10 7 7 8 10 8 4 4 11 11 5 4 4 5 10 8 7 7 7 7 7 7 10 7 10 8 8 4 11 2 4 9 11 5 5 11 11 4 5 4 4 4 4 5 10 10 8 8 10 11 5 5 4 4 0 9 5 10 10 8 7 7 7 8 10 7 7 7 7 8 4 10 10 8 2 10 9 8 7 7 8 11 5 4 4 4 11 11 5 5 11 4 11 5 4 4 4 5 0 6 10 7 7 7 8 10 7 7 7 0 6 8 11 11 5 5 1 9 8 7 7 10 10 8 7 8 11 11 5 2 9 8 11 11 5 4 2 6 10 10 7 2 6 8 11 1 3 4 4 1 3 4 4 4 11 5 4 4 4 4 5 4 10 10 8 7 7 7 8 11 2 9 10 8 8 4 10 11 5 2 9 11 5 5 11 5 10 11 5 5 7 10 10 8 7 7 7 7 8 4 11 10 8 8 4 4 4 4 4 4 11 4 5 4 10 0 6 10 8 8 10 4 5 10 10 8 8 10 10 7 7 7 7 8 2 9 7 7 7 8 11 11 5 2 9 8 11 11 5 5 4 10 8 4 4 4 4 4 4 11 4 4 4 11 5 2 7 9 5 10 10 8 7 7 8 11 11 5 4 2 7 7 9 7 8 10 10 8 4 4 5 7 10 7 10 8 7 7 7 7 7 8 10 10 8 8 11 5 11 2 9 11 5 4 4 8 11 11 5 5 4 11 4 4 4 4 4 5 10 8 10 7 10 8 2 3 7 7 10 10 8 8 4 4 11 4 4 4 4 4 4 5 10 10 8 8 10 8 11 11 5 5 7 10 11 5 5 4 10 10 8 7 7 8 7 7 7 7 10 10 7 7 8 7 7 8 7 11 2 11 11 5 3 5 11 5 11 2 3 11 4 4 5 10 10 8 2 9 10 8 8 7 7 11 11 5 1 3 4 4 4 5 11 11 5 2 3 11 4 5 10 10 8 10 8 8 10 10 8 7 7 7 7 7 7 8 7 10 10 2 8 4 4 11 11 5 4 4 4 4 4 4 4 4 5
ppo_x50_b_fd_l4_same_gamma,75,qv18_77,18,150,True,921.0,7.600205183029175,8 6 10 8 8 10 10 8 8 10 4 5 7 10 10 8 8 10 10 8 8 11 5 10 7 10 8 7 5 10 10 8 8 4 10 8 11 10 7 8 8 4 4 11 1 3 4 4 5 11 4 11 5 2 6 4 4 4 10 10 8 7 7 7 7 7 8 7 7 7 11 10 8 8 10 10 8 8 4 4 11 5 4 4 4 4 4 10 8 11 11 5 4 4 4 4 5 10 7 7 0 6 7 8 7 10 10 7 7 7 7 8 2 9 11 5 4 4 5 7 11 11 5 4 4 4 4 4 4 4 4 4 5 0 6 7 7 10 0 6 7 7 7 7 7 7 7 8 4 11 10 8 2 9 8 11 11 5 4 4 4 11 5 2 6 11 10 8 8 4 11 11 5 4 11 5 5 7 11 5 10 10 8 8 7 7 7 7 7 10 7 7 7 8 11 11 5 4 4 4 4 4 4 4 4 4 8 7 7 10 7 8 10 10 8 8 4 4 11 11 5 7 8 10 8 10 10 7 8 7 7 8 4 4 11 5 7 11 11 5 4 4 5 7 7 10 8 7 11 7 7 10 8 8 4 4 4 4 4 4 4 4 4 4 4 11 11 5 4 5 7 10 8 4 11 11 5 2 6 11 5 10 10 8 7 7 8 7 7 7 10 7 7 7 7 7 7 8 4 11 2 4 4 11 5 9 11 5 7 8 4 11 11 5 4 4 4 4 5 11 5 4 4 10 10 8 7 0 6 8 7 7 7 7 7 7 7 10 10 7 2 8 11 4 5 4 4 11 4 5 9 10 8 8 7 10 10 8 8 7 11 4 4 4 4 4 5 11 11 5 5 11 5 7 7 7 7 0 6 0 6 7 11 10 8 8 10 10 8 8 11 10 8 2 11 11 5 3 4 4 4 4 4 5 11 11 5 2 9 7 7 7 7 7 7 7 8 4 4 11 11 4 5 4 4 4 4 11 5 4 5 7 10 8 4 11 5 4 4 10 11 5 2 10 10 7 8 9 8 8 10 10 8 7 7 7 7 7 7 7 8 11 2 3 4 4 4 4 4 11 5 10 7 0 6 7 7 7 7 7 7 8 10 8 4 4 10 11 5 5 11 4 5 11 2 9 11 5 4 4 4 4 4 5 10 10 8 7 8 11 4 4 4 5 10 10 8 7 8 4 4 4 11 4 5 10 10 8 7 5 10 10 8 7 7 7 8 4 10 11 5 4 2 10 9 8 7 7 8 4 4 4 10 11 5 5 4 11 5 10 10 8 8 11 4 2 9 11 5 4 5 0 9 5 10 10 7 8 2 10 10 7 6 0 6 7 7 8 7 8 10 7 7 8 7 11 11 5 5 11 2 9 10 8 7 7 8 11 2 9 11 5 7 8 11 4 4 4 11 5 5 11 5 4 10 11 5 5 11 11 5 2 6 7 10 7 10 8 7 7 7 8 1 3 11 4 4 5 10 10 8 2 6 10 7 7 8 11 11 5 5 11 11 5 4 4 5 11 4 4 4 4 4 11 5 2 6 10 11 5 2 6 7 7 10 10 8 7 10 8 2 3 10 10 8 7 7 7 7 7 8 1 4 3 4 11 4 4 5 4 4 4 11 11 5 5 11 11 5 2 6 7 10 10 8 4 5 10 7 10 8 2 9 5 10 10 8 7 8 11 4 4 4 4 4 5 4 4 10 2 10 10 8 6 7 7 7 7 7 7 10 7 7 8 8 10 10 7 8 8 4 11 4 4 4 4 4 4 5 10 7 7 7 8 4 4 10 11 5 5 11 11 5 2 6 7 7 7 10 7 7 8 11 10 7 8 8 4 1 4 4 4 10 8 11 9 5 4 5 10 8 11 11 5 5 4 4 4 11 11 5 2 7 9 8 11 4 4 4 5 10 7 10 8 7 7 7 7 7 7 11 5 2 4 11 4 5 9 11 5 7 8 7 10 10 7 7 7 8 8 11 5 7 7 11 11 5 4 5 7 10 8 7 11 11 5 5 11 11 5 5 4 4 11 11 5 4 4 4 5 4 4 10 10 8 7 7 8 10 10 7 7 7 7 7 7 7 7 7 8 8
ppo_x50_b_fd_l4_same_gamma,76,qv18_78,18,146,True,870.0,7.357929468154907,8 6 2 9 10 8 8 10 11 5 2 6 10 10 8 8 10 10 8 8 10 10 8 8 11 4 8 11 4 11 5 2 9 8 10 10 8 7 8 11 4 4 4 4 4 5 10 0 6 7 7 8 10 10 8 8 10 10 8 8 4 11 2 9 5 0 6 10 7 10 8 8 10 10 8 8 10 10 8 8 11 5 11 11 5 4 5 7 7 11 10 8 8 11 7 11 5 4 4 4 4 5 11 4 11 5 4 4 5 11 11 5 4 4 5 7 0 9 5 10 7 7 7 7 7 7 7 7 7 10 7 8 2 9 7 8 10 10 8 4 4 4 5 10 8 11 4 5 4 4 4 11 4 4 4 5 10 7 7 8 10 10 8 8 10 8 7 7 11 11 5 4 4 4 4 4 4 4 4 5 10 11 5 2 9 7 8 10 8 4 4 11 11 5 5 7 7 0 9 5 10 7 7 8 7 7 7 7 7 7 7 7 10 10 8 2 6 4 4 11 5 4 4 4 4 4 4 4 11 5 10 10 8 4 4 5 7 10 2 6 7 10 7 7 8 7 7 11 10 8 7 7 8 11 11 2 4 5 6 11 11 5 4 5 4 4 10 8 11 11 5 4 4 5 11 2 11 3 4 5 10 10 8 7 8 4 10 2 9 10 8 10 8 8 11 4 4 5 7 10 10 8 7 7 7 8 7 7 10 4 5 10 10 8 7 7 8 11 11 5 5 7 10 8 11 11 5 4 5 10 7 11 5 4 5 11 11 5 4 4 4 4 4 4 4 4 5 7 7 7 10 8 4 10 7 7 7 7 8 7 7 7 11 5 10 10 8 7 8 7 7 11 11 5 4 4 4 4 4 4 4 5 4 10 8 11 11 5 5 11 2 6 7 10 7 10 8 2 11 4 3 11 5 5 11 11 5 5 11 4 5 7 10 7 7 8 10 10 8 10 8 7 7 7 7 7 8 1 4 3 11 4 11 5 5 10 11 5 2 3 11 10 8 4 5 4 4 4 4 11 5 7 11 10 7 5 2 6 0 6 7 7 7 7 7 10 10 7 5 2 3 11 4 4 5 10 7 10 7 8 8 10 10 8 4 4 5 10 7 8 10 10 8 8 4 4 4 4 4 4 4 4 11 2 3 10 4 4 4 10 8 0 6 7 8 11 4 4 5 10 10 8 7 8 10 10 8 7 7 7 7 8 7 11 5 11 11 5 4 4 5 4 11 5 10 7 10 7 8 2 9 8 7 7 7 10 8 4 4 4 4 4 4 11 11 5 4 4 5 10 10 8 2 6 7 10 7 11 5 5 10 10 8 7 7 7 7 10 8 7 8 4 10 11 5 5 10 4 4 10 8 8 7 10 10 8 8 4 4 4 4 4 4 4 4 4 11 4 4 4 2 9 10 8 10 8 8 10 7 7 7 11 5 2 3 11 11 5 4 5 10 8 7 11 10 8 8 10 7 11 5 7 7 7 8 11 11 5 1 3 4 4 4 4 4 4 11 5 5 4 0 9 5 7 7 7 7 10 7 7 7 7 8 7 7 7 10 7 11 5 2 4 3 4 4 4 4 4 4 11 11 5 5 4 10 10 8 7 8 11 10 8 8 10 7 8 11 11 5 4 4 4 5 4 11 11 5 5 7 7 7 10 8 0 6 7 7 7 7 7 11 5 10 10 8 8 7 10 10 8 7 8 11 11 5 2 4 9 5 11 4 4 5 4 4 4 4 11 11 5 5 10 11 5 5 4 0 9 5 10 10 8 7 7 8 4 4 10 10 8 7 7 7 7 7 7 8 11 5 11 11 5 2 7 10 7 10 8 7 8 6 11 5 4 11 11 5 4 11 2 3 4 4 5 10 11 5 5 4 11 11 5 5 11 11 5 2 3 10 10 7 7 7 7 8 7 7 7 7 7 7 7 7 8 10 10 2 8 4 4 4 4 4 4 11 11 5 4 4 5
ppo_x50_b_fd_l4_same_gamma,77,qv18_79,18,151,True,896.0,7.605730056762695,8 6 10 5 10 5 10 5 10 5 2 9 10 8 8 10 10 8 8 10 4 5 10 7 10 8 8 10 10 8 8 11 5 11 4 5 10 10 7 7 7 8 8 10 4 5 10 10 7 5 2 9 10 8 8 10 10 8 8 4 11 5 11 4 4 4 4 4 5 4 4 10 10 8 7 8 10 8 4 11 5 10 8 10 7 7 10 8 7 7 7 8 10 10 8 8 1 9 8 11 4 5 11 7 11 4 5 4 4 4 4 4 10 8 2 6 7 7 7 7 7 10 8 4 10 11 5 5 4 4 4 4 11 5 4 11 5 4 4 4 11 11 5 5 7 7 10 0 9 5 5 7 7 10 7 7 8 10 7 7 10 8 2 9 8 4 10 10 8 8 4 4 11 5 11 11 5 11 5 5 4 10 8 7 11 5 11 11 5 4 4 5 7 11 4 2 6 10 10 8 8 10 0 9 5 5 7 7 10 10 8 7 7 7 8 4 11 5 7 7 7 10 10 8 2 4 4 9 5 4 11 11 5 7 8 4 4 11 4 4 11 5 4 4 5 11 5 10 10 8 2 6 7 10 7 7 8 7 7 7 7 11 10 8 8 7 10 10 8 8 4 4 4 4 11 2 4 4 10 8 6 7 11 11 5 2 9 11 5 5 4 11 10 8 8 4 11 4 11 5 4 4 5 10 10 8 8 10 8 10 10 8 7 7 8 11 10 8 8 10 10 8 8 4 4 4 4 4 4 4 11 4 5 10 10 8 8 10 7 8 11 11 5 4 5 4 4 4 11 11 5 2 7 7 7 6 7 7 7 7 7 10 8 4 4 10 11 5 2 6 4 10 4 4 4 5 7 7 10 7 7 10 7 8 7 7 7 8 11 5 4 4 4 4 4 11 4 4 4 5 10 8 10 10 8 4 4 5 10 8 7 10 10 7 7 7 7 8 7 8 10 10 8 7 8 11 5 4 4 11 4 4 4 5 4 4 11 4 4 4 4 4 5 10 10 7 8 7 7 7 7 7 7 7 7 8 10 2 6 11 4 10 8 2 9 7 8 4 10 10 8 8 10 11 5 5 1 9 11 5 4 5 4 4 4 4 11 4 5 11 11 5 2 9 8 4 10 10 8 7 7 7 0 6 7 10 8 7 8 4 4 11 2 9 7 7 7 8 4 4 4 4 11 4 4 5 10 10 8 2 7 7 7 9 10 8 8 4 4 11 4 4 4 4 4 4 4 5 7 11 2 9 5 10 10 8 7 7 7 7 8 11 4 4 4 5 11 5 10 10 7 7 7 8 2 7 7 7 7 7 7 10 10 8 7 8 9 5 4 4 11 5 10 10 8 2 9 5 11 5 4 10 8 11 11 5 4 5 10 8 4 11 4 5 11 4 10 8 7 7 7 7 8 11 4 4 4 4 4 4 5 4 4 4 11 11 5 2 7 7 7 7 7 9 8 7 7 10 10 8 2 9 7 11 5 4 5 4 10 11 5 5 4 11 4 4 4 5 10 10 8 7 11 5 2 6 10 11 5 2 6 10 10 7 7 7 7 7 8 7 10 8 7 7 8 11 4 4 5 11 4 5 10 11 5 2 9 7 10 8 7 7 7 7 7 8 11 11 5 1 3 4 5 10 10 8 2 3 4 4 11 4 4 5 0 9 8 10 10 7 8 8 11 4 4 4 4 4 4 5 10 10 8 7 8 10 7 7 7 10 8 8 10 7 10 2 8 11 3 4 4 4 5 10 10 8 8 4 4 11 11 5 4 4 4 4 4 5 10 10 8 7 7 7 8 11 11 5 4 4 4 4 5 7 7 10 7 7 8 4 11 11 5 4 4 4 5 7 7 7 10 7 7 7 7 8 4 11 5 7 7 7 7 7 7 7 11 10 8 8 4 11 2 9 4 4 4 5 7 7 10 10 8 8 4 4 11 1 3 4 4 5 11 4 4 4 11 5 5 11 4 4 11 5 2 7 7 7 7 7 7 7 7 7 10 8 9 10 8 7 8 11 11 5 4 5
ppo_x50_b_fd_l4_same_gamma,78,qv18_8,18,151,True,897.0,7.6237499713897705,8 6 2 10 9 8 8 10 10 8 8 10 4 5 10 10 8 10 8 8 10 10 8 8 11 5 11 11 5 5 7 7 7 10 10 8 8 11 4 5 10 7 7 10 8 8 10 10 8 8 10 4 5 10 10 8 4 4 5 11 4 5 7 10 7 7 10 7 8 8 4 4 4 4 4 4 4 4 11 5 10 10 8 2 3 4 11 4 4 5 7 7 10 10 8 8 4 4 4 11 11 5 5 7 10 8 10 10 8 8 0 6 7 7 7 7 10 8 7 7 11 11 5 2 9 11 5 4 4 4 4 5 4 11 2 3 11 11 5 7 7 8 11 4 5 4 4 11 11 5 5 7 7 7 0 6 7 7 7 11 5 10 10 8 8 10 10 8 2 9 7 7 8 10 10 7 8 8 11 11 2 8 11 11 5 4 4 9 5 5 11 11 5 4 5 4 4 4 11 5 11 11 5 2 7 7 7 9 5 10 10 7 7 8 8 10 7 8 4 4 4 4 4 4 11 5 7 10 7 7 10 7 7 7 5 2 6 7 10 7 8 11 11 2 6 7 7 8 4 11 4 4 4 4 5 11 4 4 5 10 10 7 8 7 8 10 2 9 10 8 8 4 4 4 4 4 11 4 5 10 8 11 11 5 2 10 9 8 5 4 11 11 5 5 10 11 5 5 10 10 8 7 7 7 7 7 7 7 10 8 7 7 8 11 5 7 10 10 8 8 4 4 4 11 4 5 4 4 4 4 10 11 5 5 10 0 6 8 10 10 7 7 8 7 7 8 11 7 8 11 11 5 11 5 5 11 5 7 7 7 7 11 10 8 8 4 4 4 4 4 1 3 11 4 10 8 8 11 4 7 4 7 4 7 4 7 4 7 4 7 4 7 5 4 4 4 4 4 11 5 11 10 8 8 11 5 4 11 11 5 2 7 7 7 7 7 7 7 7 7 7 7 9 8 4 1 3 4 11 4 5 11 5 10 10 7 8 8 11 5 11 5 10 10 8 2 9 5 10 10 7 7 8 8 10 8 11 4 10 8 7 7 7 8 1 11 3 4 4 4 5 4 10 10 7 7 8 2 9 5 4 4 1 3 4 4 4 4 11 4 10 8 8 10 8 11 11 5 4 8 11 11 5 2 4 6 10 7 7 8 10 10 8 8 11 4 5 7 10 7 7 7 10 7 7 8 8 11 5 10 10 7 8 2 9 5 4 10 11 5 1 3 4 4 4 4 4 4 4 4 8 11 11 5 2 6 10 11 5 2 9 10 8 8 7 7 7 11 5 11 11 5 4 5 11 11 5 4 5 7 7 7 10 11 5 7 8 11 2 9 10 8 7 8 4 10 11 5 5 10 10 8 7 10 8 8 7 10 10 8 4 5 11 4 5 4 11 5 4 11 4 10 8 7 7 7 7 8 7 7 10 10 8 8 10 7 8 10 8 1 4 10 9 5 5 11 2 3 4 4 11 4 4 5 7 7 10 10 8 8 11 5 4 10 10 8 7 7 7 7 8 11 11 5 5 11 5 4 4 11 4 4 4 4 4 4 4 5 11 11 5 11 5 2 7 6 10 7 7 7 7 7 8 10 2 9 10 8 7 7 7 7 8 11 11 5 4 5 4 4 4 4 11 4 10 8 8 0 9 7 7 8 4 10 10 8 7 7 7 8 11 5 4 4 4 4 4 4 4 4 4 11 4 2 9 10 8 8 7 10 10 8 4 5 4 11 2 9 11 4 5 5 7 7 7 7 7 7 10 11 5 5 0 9 8 7 7 7 7 7 7 10 8 11 11 5 5 10 8 7 7 11 11 5 4 4 5 10 8 11 11 5 4 5 4 4 4 4 4 4 10 8 10 10 8 7 7 8 7 11 10 8 8 11 4 11 5 7 7 7 7 7 7 7 7 8 4 4 4 4 4 4 10 2 11 3 5 11 4 4 11 5 2 7 7 7 7 11 9 8 8 10 7 7 7 10 2 8 4 10 4 4 8 4 4 4 4 4 4 4 4 4 11 11 5 4 5
ppo_x50_b_fd_l4_same_gamma,79,qv18_80,18,153,True,955.0,7.754929780960083,8 6 10 8 8 0 9 11 5 5 7 10 4 2 6 10 10 8 8 10 10 8 8 10 10 8 8 11 5 11 4 11 5 4 4 4 5 7 7 10 7 8 10 10 8 7 8 10 10 8 8 10 10 8 8 10 4 5 4 10 10 8 7 5 10 10 8 8 4 4 4 10 7 5 11 5 4 4 4 4 11 5 7 11 11 5 4 4 4 5 10 10 8 7 7 7 7 7 7 8 4 10 10 8 8 10 7 7 7 10 8 8 4 4 4 4 4 11 5 4 1 3 4 4 4 11 5 10 2 7 7 6 10 11 5 5 11 11 5 4 4 5 4 10 0 9 5 5 10 10 8 7 7 7 7 7 7 7 7 7 7 7 7 8 11 4 4 5 11 2 9 7 7 7 7 7 11 5 1 3 5 4 4 11 4 4 4 4 5 4 11 5 7 7 7 10 10 8 7 8 11 10 8 8 10 7 8 4 4 1 3 4 4 4 4 11 4 5 11 11 5 2 9 5 7 7 10 10 8 8 10 10 8 7 10 7 8 2 9 10 8 8 11 5 4 4 10 10 8 2 6 7 7 10 7 8 11 11 2 5 9 11 5 5 1 3 4 4 4 11 5 4 11 11 5 7 7 7 8 11 4 4 4 4 5 10 10 8 2 6 7 7 10 7 8 11 10 7 5 2 3 11 11 5 5 11 2 9 0 6 8 10 7 7 11 5 4 4 4 4 4 4 4 4 5 0 6 7 10 4 4 5 7 10 10 8 8 7 7 7 7 7 10 7 10 8 2 9 8 11 11 5 7 8 10 10 8 7 8 11 4 4 4 4 4 11 5 5 4 4 11 11 5 4 4 4 4 5 7 10 7 7 10 8 2 6 7 7 7 7 11 11 5 4 4 4 4 5 11 2 9 10 8 8 10 8 4 4 4 11 11 5 5 7 7 0 9 8 7 7 7 7 10 7 7 8 10 7 7 7 7 11 2 6 8 11 1 3 4 4 4 4 4 5 11 11 5 5 4 11 11 5 2 7 7 9 8 7 7 10 7 7 7 7 7 11 5 4 4 10 8 2 4 4 11 3 4 5 10 10 7 8 8 10 10 8 2 9 7 10 8 7 8 4 11 5 11 5 4 4 4 11 5 10 10 8 8 4 4 4 11 4 5 11 11 5 2 9 10 8 7 7 7 7 7 7 8 7 10 10 7 8 8 1 11 9 8 8 11 11 5 4 4 11 5 4 4 11 5 11 5 1 3 4 4 5 4 4 10 0 9 8 8 10 7 7 7 7 7 11 5 2 4 3 11 11 5 4 4 8 10 10 8 7 7 8 11 4 5 4 7 4 10 4 4 11 5 4 5 10 2 9 11 5 7 8 7 7 7 7 11 10 8 8 10 7 10 8 7 7 8 7 11 2 9 10 8 8 11 5 1 11 9 5 4 4 4 5 11 11 5 4 4 4 5 10 10 8 7 7 7 7 0 6 7 8 11 4 5 10 7 7 7 10 8 7 7 8 11 11 5 2 3 4 11 11 5 4 4 4 5 7 7 10 7 7 7 8 11 11 5 5 4 4 11 5 4 11 5 11 11 5 4 4 4 4 5 10 2 9 4 10 8 8 11 5 7 7 7 10 7 7 7 7 8 10 7 10 2 6 8 4 11 10 8 2 7 9 7 8 4 11 11 4 4 5 4 11 5 4 4 5 4 11 4 4 5 0 6 10 10 8 8 11 5 7 7 10 10 8 7 7 11 5 2 9 7 7 8 11 11 5 4 4 4 5 11 11 5 2 3 7 7 10 10 8 10 8 2 6 10 7 8 10 7 8 7 7 7 1 9 10 8 8 4 1 3 4 11 4 5 4 4 11 11 5 4 4 5 7 7 10 8 4 4 4 4 10 10 8 7 7 7 8 4 11 4 4 4 5 4 11 11 5 2 7 7 7 6 7 10 8 11 4 4 5 10 10 8 8 10 10 8 7 8 11 5 10 7 7 7 10 7 8 8 11 5 10 10 7 7 8 2 11 11 5 3 4 4 4 11 5 5 4 4 4 4 10 8 11 11 5 4 4 4 4 5 7 7 10 2 6 10 8 4 4 10 10 8 7 7 7 8 4 11 5 10 10 8 2 10 10 8 7 8 6 4 4 4 4 4 11 11 5 2
ppo_x50_b_fd_l4_same_gamma,80,qv18_81,18,154,True,906.0,7.843687057495117,8 6 2 10 9 8 8 10 10 8 8 10 4 5 10 10 8 10 8 8 10 10 8 8 11 5 11 10 5 10 5 4 4 4 5 11 11 5 5 7 7 7 7 7 7 10 10 7 8 8 10 10 8 8 11 5 4 10 8 11 4 4 4 4 5 7 10 10 8 10 7 7 7 7 8 8 11 5 11 5 10 7 7 10 8 8 4 11 11 5 1 3 4 4 5 4 4 11 4 11 5 2 9 7 11 5 4 4 2 3 10 10 8 0 6 7 7 7 7 7 10 8 2 4 10 9 8 7 7 7 8 11 2 9 7 8 11 4 11 5 5 10 7 8 11 11 5 11 5 4 1 4 4 3 4 4 4 5 10 10 8 4 2 11 3 4 4 5 7 10 7 7 10 7 8 7 5 10 7 7 7 7 7 8 11 11 5 11 5 5 10 8 4 11 11 5 5 4 11 5 10 10 8 2 9 8 11 4 11 5 4 5 10 8 4 11 11 5 4 11 5 2 9 7 8 11 11 5 5 7 7 7 7 10 7 8 4 4 11 5 10 7 10 8 10 8 7 7 8 11 11 4 5 7 7 7 7 8 4 4 11 4 2 11 4 4 3 4 4 5 11 11 5 7 7 7 8 4 4 11 2 9 11 5 7 8 10 10 0 6 7 8 7 7 7 7 7 8 4 11 11 5 4 4 5 10 10 8 8 4 11 2 4 3 4 10 11 5 5 10 7 10 8 10 8 7 7 8 4 4 10 11 5 5 11 5 10 10 7 7 7 7 7 7 7 7 8 8 4 11 5 4 10 11 5 5 11 4 5 11 5 7 7 7 7 7 10 10 8 8 4 4 4 11 4 4 5 4 10 11 5 2 3 4 4 11 5 4 4 4 4 10 10 8 0 6 7 7 7 7 7 7 7 7 8 10 10 8 8 4 11 4 4 10 8 8 10 10 8 8 4 11 4 4 5 4 4 4 4 4 4 4 10 11 5 5 7 7 10 10 8 7 8 4 11 5 11 11 5 7 7 7 7 8 7 10 10 8 8 11 2 4 4 4 9 5 4 4 11 11 4 5 4 5 10 10 8 2 9 5 11 11 5 2 7 6 11 5 10 10 8 7 7 7 8 10 7 7 7 7 10 8 8 10 10 8 8 11 4 5 4 4 1 3 11 5 11 4 4 4 4 2 3 11 5 7 10 10 8 10 8 7 7 7 8 10 10 8 8 10 7 10 8 8 7 11 5 10 5 4 4 4 4 4 4 11 5 7 11 11 5 4 5 7 7 10 2 9 10 8 8 11 4 10 8 7 7 7 7 8 7 11 11 5 4 4 4 5 4 11 4 4 4 5 4 11 11 5 2 7 7 6 10 10 7 8 10 8 7 7 7 8 4 4 10 8 11 4 5 10 10 8 4 4 4 5 10 2 10 6 7 7 7 7 7 7 7 10 8 8 4 4 4 4 4 10 8 11 11 5 2 11 9 8 8 10 7 7 8 11 11 5 5 11 4 4 4 4 4 4 5 11 11 4 4 4 5 2 6 7 7 7 10 7 8 10 10 8 7 10 8 7 7 7 7 7 5 11 11 5 4 4 10 8 8 4 4 11 2 3 4 11 5 4 10 10 8 8 7 7 7 7 11 4 11 5 7 7 7 7 7 8 11 4 4 4 1 3 4 4 4 4 4 4 4 5 4 11 11 5 2 9 10 8 2 6 10 10 8 8 7 7 7 7 10 7 7 8 4 11 11 5 11 5 5 10 7 8 11 5 4 11 4 4 4 5 10 10 8 7 7 8 11 2 10 6 7 8 7 10 7 10 8 8 7 10 10 8 8 4 4 4 4 4 4 4 11 2 11 4 9 8 7 8 11 4 2 9 11 5 4 5 11 4 11 5 2 3 4 10 10 8 7 7 7 7 7 0 6 7 8 11 5 10 10 8 7 7 7 8 10 8 11 11 5 4 4 5 10 10 8 2 6 10 7 7 8 4 11 11 4 5 4 4 5 11 11 5 2 11 11 5 4 5 4 4 11 5 10 10 8 8 10 10 8 8
ppo_x50_b_fd_l4_same_gamma,81,qv18_82,18,153,True,923.0,7.695786714553833,8 6 2 10 9 8 8 10 10 8 8 10 4 5 11 11 5 5 7 7 10 10 8 10 8 8 10 10 8 8 11 10 8 10 8 8 11 4 4 4 5 10 10 8 7 5 10 10 7 7 8 8 10 11 5 5 11 4 10 7 7 7 8 8 11 5 11 4 10 8 8 4 11 11 5 2 7 7 9 8 11 11 4 4 7 8 4 7 4 7 4 0 11 6 5 4 4 4 5 10 2 6 4 4 4 4 4 11 11 5 2 7 7 10 9 8 7 7 7 7 7 8 10 10 7 5 2 7 7 7 9 10 8 8 4 1 3 4 4 4 4 4 4 4 11 5 10 10 8 4 2 9 4 5 10 10 8 7 8 7 10 10 8 2 11 5 9 10 8 8 7 7 7 11 11 5 4 4 4 4 4 4 4 5 4 4 11 5 4 10 10 8 7 7 7 7 8 11 4 5 7 7 7 10 7 7 7 7 8 10 11 5 5 4 4 4 11 5 11 11 5 5 4 11 5 10 10 8 4 4 5 4 11 5 7 10 7 7 7 10 8 7 7 8 10 4 2 4 4 3 4 4 11 10 8 8 11 11 5 4 4 5 7 7 10 8 7 10 10 8 7 7 10 8 7 8 4 10 10 8 8 10 2 9 10 8 7 7 8 11 11 5 5 7 11 5 4 4 1 3 4 4 11 4 5 10 10 8 2 9 4 5 10 7 10 8 8 4 11 5 4 4 10 10 8 8 10 10 8 2 10 9 8 7 8 7 10 4 11 5 5 4 4 4 4 11 11 5 5 4 11 11 5 4 5 10 10 8 7 7 7 7 8 11 5 4 4 4 4 11 5 10 10 8 2 9 4 5 10 10 8 0 6 8 10 10 7 2 6 7 8 4 11 5 10 10 7 8 7 7 7 7 7 7 10 8 8 11 2 9 11 5 7 8 11 4 5 4 4 11 4 10 8 2 7 11 3 4 4 5 10 10 7 5 2 6 10 10 8 8 4 4 4 11 11 5 4 4 4 5 11 11 5 11 5 2 9 10 8 2 9 8 4 10 10 8 7 7 7 7 7 8 7 7 7 7 10 10 8 8 4 4 1 9 5 4 4 11 10 8 2 9 7 8 11 11 5 2 9 11 5 4 4 5 11 4 4 4 4 4 4 5 7 7 7 7 7 10 10 8 7 7 7 7 8 4 11 11 5 11 5 5 11 4 4 4 5 10 10 8 8 10 10 8 0 6 7 7 7 7 7 7 8 10 8 11 11 5 2 9 11 5 5 11 4 11 5 2 3 10 7 7 10 8 8 10 10 8 2 4 11 9 8 8 11 11 5 11 5 4 5 4 4 4 4 4 4 11 4 4 5 4 10 10 8 7 0 6 7 0 6 7 7 7 8 11 5 11 5 4 4 4 4 10 4 5 10 10 8 8 10 10 8 8 10 10 7 8 2 7 6 4 10 11 5 2 6 10 10 8 8 11 4 4 5 11 5 4 11 4 4 4 4 5 7 11 5 11 7 7 10 8 7 7 7 10 8 7 7 7 7 8 4 11 5 7 10 10 8 7 7 8 1 11 5 3 4 4 4 4 11 5 10 11 5 2 4 4 3 4 4 10 11 5 5 11 5 11 11 5 7 7 2 6 7 7 10 10 8 7 7 7 8 4 11 4 4 4 5 11 2 9 11 5 7 8 4 4 4 11 4 2 9 10 8 8 7 10 0 6 7 10 7 7 8 8 7 7 7 7 10 8 11 11 5 5 10 8 10 7 10 8 8 4 4 4 4 11 4 5 11 2 6 7 11 11 5 5 4 11 5 10 10 8 2 9 4 5 4 11 5 10 10 8 7 7 7 7 7 7 8 11 11 5 4 4 5 11 2 9 7 0 6 8 4 11 11 5 5 11 4 4 5 10 7 10 7 8 8 7 7 7 10 7 7 10 8 2 4 11 3 5 4 11 11 5 4 5 4 4 4 1 4 9 5 4 4 11 11 5 2 10 7 7 10 8 7 7 6 7 7 7 8 11 11 5 2 9 10 7 5 4 4 4 4 5 10 7 10 8 7 7 0 6 7 7 7 8 10 7 10 2 8
ppo_x50_b_fd_l4_same_gamma,82,qv18_83,18,153,True,911.0,7.721540689468384,8 6 2 9 10 8 8 10 10 8 8 10 4 5 11 11 5 5 10 8 7 10 10 7 8 8 10 10 8 8 11 4 5 4 10 10 8 8 10 7 10 8 8 10 10 8 8 10 10 8 8 10 10 8 8 4 11 5 4 1 4 4 4 4 4 4 4 4 11 9 8 8 4 11 5 11 5 7 7 11 10 8 2 6 7 11 11 5 4 4 4 5 0 9 5 7 10 7 7 7 0 6 7 10 8 7 7 7 8 10 4 4 5 10 7 7 10 8 7 8 4 4 4 10 8 4 4 10 10 8 1 4 3 4 5 7 10 8 4 4 4 4 4 11 11 5 2 3 11 4 5 10 10 8 10 8 7 7 7 7 8 11 4 10 8 7 7 7 7 8 4 4 11 4 4 4 5 10 2 9 8 7 7 10 10 8 8 4 4 11 4 4 4 4 5 4 11 5 4 4 10 10 8 7 7 7 8 7 7 10 10 8 8 11 10 7 2 5 9 8 7 10 7 7 10 8 8 4 4 4 10 8 11 5 4 4 4 4 4 4 4 10 11 5 5 10 8 11 4 5 10 4 4 5 10 10 8 7 7 10 8 7 8 11 2 9 11 5 4 5 10 10 8 7 7 7 7 8 10 8 10 7 10 8 8 4 4 4 4 11 4 5 10 10 8 8 11 5 4 4 11 5 11 11 5 7 7 8 4 4 4 10 10 8 7 7 7 7 7 7 8 11 11 5 4 5 4 10 8 11 5 4 4 4 4 4 11 5 10 10 8 4 4 4 5 7 11 5 7 7 7 10 11 5 5 10 10 8 8 7 7 7 7 11 5 10 10 8 7 8 11 2 3 10 10 8 7 7 7 7 8 11 11 5 11 5 2 6 11 4 11 5 4 4 4 4 4 5 7 10 8 10 10 8 4 8 4 4 4 4 10 10 8 7 7 7 7 8 4 4 4 4 4 4 11 5 4 10 10 8 8 4 4 4 11 11 5 2 7 7 6 7 7 7 7 7 7 7 10 7 5 10 10 7 8 4 4 4 5 10 7 7 10 7 5 2 4 11 9 8 8 10 10 8 8 4 4 4 4 11 10 8 8 4 11 11 5 4 5 10 7 11 5 5 4 11 11 5 2 3 11 4 5 4 11 5 10 10 7 7 7 8 7 7 7 7 8 4 4 11 4 5 10 10 8 8 10 10 8 7 7 7 7 7 7 8 4 4 11 5 10 7 8 11 11 5 4 5 4 10 8 7 11 11 5 2 3 11 4 4 4 4 5 11 11 5 2 3 10 11 5 5 11 4 5 7 7 11 11 5 5 7 10 8 10 10 8 7 7 7 7 7 10 8 7 7 7 7 7 8 11 4 1 3 4 4 4 5 11 5 10 10 7 7 8 7 8 11 4 4 5 10 10 7 8 2 9 11 5 2 3 4 10 11 5 5 11 11 5 4 4 4 11 5 2 9 4 5 10 10 8 7 11 5 4 4 4 5 7 7 10 7 8 10 11 5 5 7 10 10 7 8 7 7 7 7 7 8 10 7 10 8 8 4 11 4 10 8 8 11 5 4 4 4 4 4 11 4 4 4 4 4 4 4 5 7 11 2 9 10 8 8 7 7 7 10 10 7 8 8 11 5 7 10 8 7 10 10 8 7 8 1 11 3 4 4 4 5 11 4 4 5 11 5 10 10 7 7 8 2 7 7 9 11 5 4 2 4 3 4 4 4 11 5 10 10 8 4 4 4 5 10 7 7 8 7 11 11 5 2 3 7 10 10 8 8 10 7 7 10 8 7 8 10 7 7 7 10 8 8 4 4 11 4 4 4 5 7 10 8 10 11 5 2 3 4 4 4 4 4 4 11 4 5 10 10 8 8 10 10 8 7 7 10 8 2 7 7 9 8 11 5 4 4 11 5 7 11 5 4 4 4 4 4 4 10 11 5 5 7 10 10 8 7 7 7 7 7 7 7 7 7 10 8 8 11 5 10 10 8 8 10 8 11 4 4 4 5 10 10 7 8 8 11 4 10 2 8 10 10 8 8 4 4 11 11 5 4 4 4 5
ppo_x50_b_fd_l4_same_gamma,83,qv18_84,18,158,True,942.0,8.002646446228027,8 6 2 9 10 8 8 10 10 8 8 10 4 5 7 10 10 8 8 10 10 8 8 11 5 10 10 7 8 8 10 10 8 8 4 10 8 11 4 4 11 5 2 9 7 10 8 8 10 7 10 8 8 10 10 8 8 11 5 1 3 4 11 4 11 5 5 11 4 4 4 11 5 2 6 7 7 7 7 7 7 10 11 5 5 4 4 11 10 8 8 11 4 11 5 4 4 4 5 4 0 10 9 5 5 11 11 5 5 7 7 10 0 6 7 7 7 7 8 1 3 4 4 4 4 4 11 5 10 10 8 2 6 4 11 5 10 10 7 7 7 8 0 6 8 10 10 8 7 7 7 7 7 7 8 4 11 1 3 5 4 11 5 4 11 5 7 10 7 10 7 5 2 4 3 4 11 11 5 4 5 11 4 10 8 7 7 8 11 4 5 10 10 8 7 8 11 2 3 10 10 8 8 11 4 4 4 5 10 10 8 8 7 10 7 7 10 7 8 8 7 11 11 5 5 7 10 8 11 4 4 4 5 7 10 10 8 8 11 2 4 4 11 9 8 8 4 4 4 4 11 4 8 4 11 11 5 4 4 4 4 5 7 7 7 7 11 4 5 10 10 8 2 11 3 4 5 10 10 8 10 8 2 10 9 8 7 7 7 7 7 7 7 7 8 4 11 4 5 11 4 4 4 5 10 10 8 8 10 7 7 10 7 8 8 10 10 8 8 4 4 11 5 10 7 11 5 5 4 4 10 4 5 10 7 7 7 8 10 2 9 10 8 4 5 10 8 7 11 11 5 4 4 4 4 5 11 5 7 10 10 8 4 4 10 4 8 4 4 4 4 4 5 7 7 7 7 7 7 7 7 11 5 4 4 10 8 10 7 10 8 8 10 8 11 7 11 5 11 5 2 11 3 4 4 11 5 4 5 10 7 8 11 11 5 4 1 3 4 4 4 4 5 7 7 10 7 8 10 11 5 11 5 5 4 4 10 8 10 4 11 5 2 7 6 10 4 5 10 10 8 10 8 8 10 11 5 2 6 10 10 8 7 7 7 7 7 8 11 2 9 10 8 8 10 2 9 10 7 8 7 8 11 11 5 5 4 1 3 4 4 4 4 11 11 5 5 11 2 9 11 5 8 10 8 4 11 4 10 8 7 7 7 7 7 7 7 8 11 2 9 11 5 4 4 5 4 4 4 4 4 11 5 7 11 11 5 5 7 7 11 5 11 7 11 5 2 10 10 6 8 0 6 7 8 10 10 8 10 8 2 6 10 7 7 7 7 7 8 10 1 9 8 8 11 5 11 4 5 1 11 9 8 8 7 10 8 11 11 4 5 4 4 4 4 5 4 11 11 5 2 3 4 11 5 10 10 8 10 8 7 8 7 10 10 8 8 11 2 6 7 7 10 8 1 9 1 3 4 4 4 5 11 11 5 2 7 7 7 7 7 7 6 10 8 11 7 7 7 11 5 4 4 2 4 4 3 4 4 11 4 4 5 11 4 4 4 5 11 11 5 2 7 7 7 7 9 7 8 11 11 5 2 6 10 7 8 10 7 10 8 7 8 10 7 7 7 8 11 11 5 11 5 5 4 4 10 7 7 11 5 5 7 10 8 11 4 4 4 5 11 11 5 7 7 8 4 4 4 4 11 11 4 5 7 11 5 4 5 11 11 5 2 6 7 7 10 0 6 7 8 10 10 8 7 7 7 7 7 7 8 10 7 11 5 2 11 3 4 4 4 4 4 4 4 4 5 4 4 4 11 11 5 2 6 10 0 6 10 8 7 7 7 7 7 7 7 7 8 11 10 8 8 1 3 4 4 11 4 4 4 4 4 4 4 5 10 10 8 10 8 2 9 7 7 7 7 8 4 4 11 11 5 4 5 11 5 10 10 8 0 6 7 7 5 10 7 10 7 8 8 10 10 8 7 7 7 8 4 4 4 4 4 11 5 1 9 10 8 8 11 4 4 5 11 4 11 5 11 5 2 7 9 8 11 11 5 4 4 5 4 10 10 8 7 7 7 7 7 7 7 8 10 10 7 7 7 7 8 8 4 11 4 4 5 4 11 5 10 7 10 7 7 7 8 8 11 2 9 7 11 5 4 4 5 4 11 11 5 4 4 5
ppo_x50_b_fd_l4_same_gamma,84,qv18_85,18,156,True,932.0,7.907451152801514,8 6 2 9 10 8 8 10 10 8 8 10 4 5 7 10 10 8 8 10 10 8 8 11 5 10 10 8 10 8 8 11 5 11 4 5 11 0 6 10 8 7 7 10 8 8 10 10 8 8 4 10 8 4 4 4 4 11 5 4 4 11 2 9 11 5 4 4 4 5 10 11 5 5 10 10 8 0 6 7 7 7 7 7 7 7 7 8 10 10 7 7 8 8 11 5 11 5 10 10 8 2 4 4 9 8 11 5 4 4 4 11 11 5 8 11 11 5 2 9 11 5 4 4 4 4 5 11 11 5 2 10 6 7 7 10 8 7 7 7 7 7 8 11 4 5 10 10 8 8 10 10 7 8 7 7 7 8 1 9 5 4 4 4 10 8 11 11 5 2 6 4 4 4 11 4 4 1 3 5 4 11 4 2 9 10 8 8 10 10 8 10 8 8 4 10 10 8 7 10 8 7 7 7 7 7 8 11 4 4 4 4 4 5 10 8 11 11 5 2 6 7 10 7 7 10 8 8 4 4 4 4 4 4 11 5 11 4 4 10 8 7 8 11 11 5 4 4 4 4 5 7 7 10 8 11 11 5 5 7 10 8 7 10 7 0 6 7 7 8 7 10 10 7 8 2 6 10 10 8 8 4 4 11 5 4 10 11 5 5 11 11 5 4 4 4 4 4 4 5 4 4 10 10 8 0 6 7 7 7 7 8 11 4 4 4 5 11 5 4 11 5 10 10 8 8 10 10 8 7 7 8 10 10 8 8 4 4 11 5 7 7 10 10 8 7 7 7 8 1 3 1 3 4 4 4 4 4 4 4 4 11 11 5 2 9 10 8 7 0 6 8 4 4 10 10 8 4 4 4 5 10 7 7 7 8 10 10 8 8 10 10 8 8 11 2 9 11 5 7 7 0 6 7 8 10 10 8 8 11 10 8 7 8 11 11 5 2 9 7 8 11 11 5 11 5 11 5 4 2 4 4 9 11 5 7 0 6 7 7 7 8 11 5 4 4 1 3 4 11 5 4 4 11 5 4 11 11 5 5 11 11 5 2 7 9 8 7 7 10 10 7 8 2 7 9 10 8 8 7 7 7 11 5 11 4 5 4 10 11 5 5 4 11 2 6 10 10 8 7 7 7 7 10 8 8 10 8 4 4 4 10 10 8 7 7 8 4 4 11 4 5 7 10 7 10 8 7 8 11 5 4 4 4 4 11 4 4 5 4 11 10 8 2 9 11 5 4 4 5 4 0 6 7 7 7 7 7 10 10 8 7 5 7 7 10 8 4 10 10 8 7 8 4 11 5 11 4 4 10 8 2 6 11 4 4 5 4 10 10 8 7 8 10 10 8 8 7 11 11 5 4 4 4 4 4 5 11 5 10 7 0 6 8 11 11 5 4 4 4 4 4 4 5 7 7 10 8 10 10 8 7 8 7 7 7 7 10 2 9 10 8 7 8 11 2 11 9 5 4 5 11 2 9 11 5 1 3 4 4 4 5 10 7 7 8 11 4 4 4 4 4 11 4 4 5 2 7 9 10 8 2 7 9 8 7 7 11 10 8 8 7 10 7 7 7 7 8 10 10 8 8 7 11 1 3 5 4 4 4 4 11 5 11 11 5 4 4 5 7 7 7 7 10 8 4 4 11 5 4 4 4 4 11 11 5 2 9 5 7 7 7 7 10 10 8 7 7 7 10 8 8 10 10 7 7 7 8 4 2 4 4 4 4 9 4 4 4 4 5 10 8 10 7 10 7 8 2 4 4 4 4 4 9 11 5 5 7 10 4 10 8 8 7 11 5 10 10 8 7 8 11 11 5 4 4 4 4 11 5 2 10 9 5 8 4 11 5 10 10 7 7 8 10 8 7 7 7 7 7 7 7 7 8 11 4 4 4 4 4 4 4 4 5 0 9 5 10 10 8 7 7 7 7 7 8 11 11 5 4 5 10 10 8 2 9 8 7 10 10 8 7 7 8 1 11 9 5 5 4 4 4 11 1 3 4 4 5 0 6 10 8 10 10 8 8 11 4 4 5 10 7 7 10 8 8 10 7 7 10 8 2 9 8 4 4 4 4 4 4 4 4 11 11 5 4 4 5 11 11 5 2
ppo_x50_b_fd_l4_same_gamma,85,qv18_86,18,151,True,882.0,7.607321739196777,8 8 9 10 8 8 10 10 8 8 11 5 10 10 8 10 8 8 10 10 8 8 11 5 10 10 7 8 8 10 10 8 8 10 4 5 7 10 10 8 8 11 5 10 10 7 8 8 4 4 4 4 11 5 11 11 5 4 1 3 4 5 7 10 10 8 8 7 7 4 10 7 7 11 5 11 5 4 4 5 10 10 8 8 11 4 5 4 4 4 11 11 5 2 9 4 11 5 5 7 7 7 7 10 0 6 8 10 10 7 7 7 8 2 9 7 8 10 7 8 11 11 5 4 4 5 11 7 11 7 8 7 7 7 8 4 4 4 4 4 1 4 4 4 3 11 11 4 5 4 4 5 10 0 6 7 10 8 7 8 10 7 10 8 7 8 11 4 4 4 4 5 4 11 11 5 5 11 11 5 5 7 7 7 10 8 4 10 10 8 7 7 8 7 10 10 8 8 7 11 2 9 10 8 7 7 8 11 1 3 5 10 10 8 8 11 11 4 4 4 5 5 11 4 11 5 4 4 1 3 4 5 4 10 2 9 11 5 5 10 2 10 10 8 9 8 8 10 2 3 11 5 10 7 10 8 8 7 10 7 7 7 7 7 7 7 7 8 11 11 5 4 5 11 4 4 4 5 7 7 7 7 7 7 11 10 8 8 11 2 11 5 3 4 4 1 3 4 4 4 11 11 5 5 7 7 7 7 10 7 8 10 7 8 11 4 11 5 11 5 5 11 5 10 7 7 8 11 11 5 11 5 4 4 4 2 4 3 11 5 4 4 0 10 9 5 5 10 10 8 7 8 10 2 6 10 7 10 8 7 8 11 5 10 11 5 2 3 10 10 8 10 8 7 7 8 4 11 10 8 8 10 10 8 8 11 1 3 4 4 5 4 4 4 4 4 11 4 5 11 5 4 4 10 10 8 7 7 10 8 8 0 6 10 7 7 8 10 10 8 8 11 4 4 1 3 4 11 5 5 4 4 11 11 5 2 7 10 8 9 11 5 5 7 10 10 8 0 6 7 5 10 7 7 7 8 7 7 10 7 7 10 8 4 2 9 5 4 10 8 11 11 5 4 4 4 4 5 11 11 5 2 7 9 7 7 8 4 10 10 8 7 7 8 4 11 11 5 2 11 3 4 5 4 11 11 5 2 9 8 11 11 5 7 7 8 11 4 5 7 10 7 7 7 10 8 7 7 7 8 11 4 4 1 4 4 3 4 4 4 4 5 7 10 7 8 4 4 4 11 11 5 4 11 5 2 7 11 5 9 10 8 8 7 7 10 7 11 5 5 4 4 11 5 4 10 10 8 7 7 7 7 7 7 8 7 10 8 10 10 8 8 11 5 0 4 11 9 8 8 7 11 11 5 4 4 4 4 4 4 8 11 4 5 10 10 8 2 9 10 8 7 7 8 10 10 7 8 10 7 5 2 6 10 10 8 4 4 4 5 10 8 11 5 4 4 4 11 4 5 10 10 8 8 11 10 8 8 10 10 8 7 8 11 7 7 7 10 8 8 4 4 11 10 8 2 3 11 11 5 4 4 4 11 5 4 4 4 5 7 7 7 7 7 7 10 8 7 11 10 7 7 5 4 4 4 4 11 5 4 4 4 4 4 5 4 10 10 8 7 7 8 7 11 2 9 10 8 8 10 7 7 8 11 10 8 8 7 7 11 11 2 6 7 8 4 11 11 5 4 4 5 11 4 11 5 4 4 4 5 4 10 10 8 8 7 7 7 11 5 11 11 5 4 4 4 5 4 4 0 9 5 10 10 8 0 6 7 7 10 8 2 11 4 3 5 10 10 8 7 7 7 7 8 10 2 9 10 8 8 4 4 4 10 10 8 7 7 7 8 7 11 1 3 4 4 4 5 11 11 5 4 4 11 5 2 6 10 8 11 11 5 5 4 11 11 5 2 10 7 7 10 8 7 7 7 7 7 7 8 9 10 7 8 8 11 11 5 4 5 4 4 4 10 10 8 7 7 7 7 7 8
ppo_x50_b_fd_l4_same_gamma,86,qv18_87,18,152,True,866.0,7.729564189910889,8 6 2 9 10 8 8 10 10 8 8 10 4 5 7 10 10 8 8 10 10 8 8 11 5 11 4 5 10 10 8 7 7 10 8 7 5 10 10 8 8 10 10 8 8 4 10 8 10 10 8 8 4 4 11 1 3 4 1 4 3 5 4 11 4 2 9 10 8 8 10 7 7 10 8 8 10 10 8 8 10 8 11 11 5 5 4 10 11 5 5 10 2 6 7 11 11 5 4 4 4 4 4 4 4 5 4 11 11 5 5 10 2 9 10 8 4 5 10 10 8 7 10 8 7 7 7 7 8 10 8 4 11 4 4 4 5 10 10 8 7 0 9 8 8 11 11 5 5 10 10 8 7 10 8 7 7 7 7 7 8 4 11 5 4 4 4 4 4 10 11 5 2 6 11 4 4 4 4 5 11 11 5 2 6 7 7 10 8 10 11 5 2 6 7 7 10 10 8 7 8 10 7 7 8 10 10 8 8 4 4 4 11 5 10 7 8 11 11 5 1 3 1 3 5 4 4 4 4 11 4 4 4 5 10 7 0 6 10 8 8 7 11 7 11 5 5 10 10 8 7 7 7 8 4 4 11 11 5 4 4 4 11 5 5 7 0 6 7 7 7 11 5 10 10 8 8 11 5 10 7 7 10 7 8 2 9 8 7 7 11 11 5 4 4 4 5 7 10 7 7 8 4 11 11 5 2 9 8 11 4 4 4 11 5 2 4 3 4 11 11 5 4 4 5 10 7 8 7 7 7 10 11 5 5 10 7 8 10 7 7 7 7 7 7 7 10 7 8 4 2 4 3 4 4 11 4 4 5 10 8 10 11 5 5 11 4 8 4 11 11 5 2 6 7 7 7 10 4 10 8 8 7 7 7 7 7 10 8 11 11 5 5 4 11 11 5 7 8 11 5 1 3 4 4 4 4 4 10 8 11 11 5 4 4 5 11 11 5 5 7 7 7 0 9 5 7 7 7 7 10 7 10 8 2 7 7 7 9 8 10 7 10 8 2 9 5 11 11 5 5 4 4 11 1 3 5 4 10 10 8 8 7 7 7 11 5 10 10 8 7 8 11 4 4 5 4 11 11 5 4 4 4 4 4 4 4 10 8 2 7 7 9 8 10 7 8 11 11 5 2 9 5 7 10 10 8 1 3 5 11 4 4 8 4 11 11 5 5 10 2 9 7 7 8 11 5 11 11 5 4 5 10 10 8 7 7 7 8 10 7 10 8 8 7 7 7 7 10 8 11 2 11 4 3 4 5 11 11 5 5 10 7 8 11 11 5 4 11 5 2 11 3 5 4 4 4 11 5 11 11 5 2 7 6 7 10 10 8 7 7 7 8 7 11 10 8 8 10 10 7 5 2 9 10 8 8 7 7 10 8 11 1 9 5 5 11 2 3 4 4 4 4 11 4 11 5 2 11 5 3 4 11 4 4 5 10 10 8 8 7 7 10 10 8 8 11 5 7 10 10 8 8 11 10 8 8 11 5 4 4 4 4 11 4 4 5 10 7 10 8 10 8 8 4 11 4 4 4 5 7 7 10 10 7 8 7 7 7 7 8 4 4 4 4 11 5 10 10 7 7 7 8 7 7 7 7 7 8 10 10 8 4 4 5 4 4 4 1 9 8 11 5 4 11 11 5 2 9 7 7 8 11 4 4 4 4 4 5 7 7 10 10 8 7 8 11 4 4 4 5 4 4 11 11 5 2 7 7 7 7 7 7 7 7 7 7 9 8 4 10 10 8 7 8 11 4 4 5 10 7 10 8 2 9 7 7 8 11 11 5 5 10 7 8 11 11 5 11 5 5 11 11 5 1 3 4 4 4 4 4 4 4 4 4 5 7 7 10 10 8 7 7 7 8 4 1 4 3 11 5 10 10 8 8 10 10 8 8 7 10 10 8 8 11 2 10 10 8 7 7 8 4 4 4 4 4 4 11 11 5 4 4 4 4 5
ppo_x50_b_fd_l4_same_gamma,87,qv18_88,18,154,True,900.0,7.798135280609131,8 6 2 9 10 8 8 10 10 8 8 10 10 8 8 10 10 8 8 11 5 7 10 10 8 8 10 10 8 8 4 10 8 10 10 8 8 4 4 11 11 5 5 10 8 10 10 8 8 7 10 10 8 8 4 4 4 4 4 4 4 4 4 4 4 4 10 8 11 11 5 2 9 8 4 10 10 8 7 8 10 7 7 7 7 7 11 5 2 9 11 5 4 4 4 4 8 11 4 4 5 11 11 5 5 7 7 7 7 11 5 10 0 6 7 10 8 8 10 10 8 2 9 5 10 7 10 7 7 8 2 9 11 5 4 4 4 4 5 11 11 5 5 7 10 8 4 10 10 8 8 4 11 11 4 5 4 4 4 5 10 10 8 7 8 4 4 4 11 4 10 8 8 7 7 10 0 6 7 8 7 7 10 10 7 7 8 7 8 7 11 11 5 2 4 6 4 4 4 4 4 4 11 4 5 11 5 7 7 7 7 7 7 10 8 10 10 8 7 8 10 2 9 10 8 8 4 11 5 7 10 8 11 4 11 5 5 7 11 10 8 8 11 5 4 4 4 4 4 11 4 4 11 5 4 4 4 4 5 0 9 5 10 10 8 7 7 8 10 8 10 10 8 7 8 11 11 5 2 7 9 7 8 7 7 11 5 7 7 7 10 7 10 8 4 2 11 3 4 4 4 4 8 11 5 4 10 10 8 2 6 10 8 7 11 10 8 8 11 4 5 11 11 5 4 4 4 5 4 11 2 11 9 5 4 4 4 5 10 0 6 10 8 8 7 7 7 10 8 10 10 8 2 9 5 7 7 7 11 11 7 8 8 7 10 10 8 2 4 4 4 4 11 11 5 3 4 4 5 11 5 10 10 8 8 7 7 10 7 8 7 11 4 11 5 4 4 4 5 10 7 11 5 4 4 4 4 5 4 11 2 3 7 10 10 8 7 10 8 8 7 10 10 8 7 7 7 8 10 10 8 8 10 11 1 8 6 7 8 11 4 4 1 3 4 4 4 4 4 4 5 4 11 4 5 10 10 8 7 7 7 8 11 2 6 10 10 8 8 11 4 4 4 5 10 2 6 7 10 7 10 7 7 7 7 7 8 1 3 1 3 4 4 5 10 2 4 9 7 11 5 7 7 8 11 4 4 4 4 11 5 5 11 11 5 5 10 0 6 7 8 4 11 11 5 4 4 5 4 4 10 2 10 10 8 6 7 7 7 7 7 7 7 7 7 5 10 10 7 8 2 11 4 3 4 5 4 4 4 11 11 5 7 8 4 4 11 11 5 2 3 4 4 10 11 5 5 10 7 10 8 7 8 7 10 10 7 7 7 7 8 8 4 4 10 8 11 11 5 5 4 4 4 11 5 10 7 7 7 7 7 7 7 10 8 8 10 10 8 8 11 1 3 4 4 5 7 10 2 3 4 10 7 7 11 5 2 6 4 11 1 9 8 8 11 11 5 5 4 4 11 5 11 4 11 5 4 5 11 11 5 2 7 7 6 7 10 10 8 7 8 10 10 7 7 7 2 8 6 10 10 8 8 4 4 4 4 10 11 5 5 4 4 11 2 9 10 8 4 4 5 10 10 8 4 5 10 10 8 7 7 7 7 7 7 8 11 11 5 1 3 5 4 4 4 4 4 4 10 8 11 11 5 4 4 4 5 4 10 2 9 7 7 8 10 10 4 4 4 5 5 10 8 7 0 6 10 7 7 8 7 7 7 7 7 7 11 5 10 10 8 8 10 1 3 5 10 10 8 8 7 11 11 5 4 4 4 1 3 4 4 4 4 4 8 10 7 7 8 11 11 4 4 4 5 2 9 8 10 7 10 8 2 11 9 8 8 10 10 8 7 7 8 11 11 4 5 4 4 4 4 4 4 11 5 4 5 7 7 10 8 11 11 5 5 10 8 10 7 8 4 10 10 8 8 7 7 7 7 7 7 7 7 7 11 5 10 10 8 8 4 11 11 4 4 4 4 4 5 4 4 4 4 4 5 11 11 5 5 7 7 7 10 0 6 8 11 11 5 5
ppo_x50_b_fd_l4_same_gamma,88,qv18_89,18,159,True,993.0,8.08224868774414,8 6 7 4 7 4 7 4 7 4 0 5 6 10 10 8 2 9 5 10 10 8 8 10 10 8 8 10 10 8 8 11 5 11 0 6 7 10 8 8 11 4 5 4 4 4 4 4 10 8 10 10 8 10 8 7 8 10 8 7 10 10 8 8 4 4 11 5 7 10 7 7 10 8 8 4 4 4 4 11 5 4 11 5 10 7 7 7 7 7 7 8 10 10 8 8 1 3 11 10 8 8 11 1 3 5 11 4 5 4 11 11 4 5 11 5 4 5 7 11 5 10 10 8 8 4 4 4 4 11 11 5 5 7 10 11 5 5 4 10 10 8 7 7 7 7 7 7 8 11 2 3 11 4 10 8 8 10 10 8 7 7 7 5 7 7 11 11 5 2 3 4 4 11 4 4 11 5 4 4 5 11 11 5 2 9 5 7 10 10 8 10 8 7 7 7 7 7 7 7 8 11 5 4 11 11 5 5 10 8 11 11 5 11 5 2 3 4 11 4 4 5 10 10 8 7 7 7 8 4 10 10 8 7 7 7 7 7 7 8 4 4 1 10 8 11 9 5 5 4 4 4 10 11 5 2 3 10 11 5 5 11 8 11 8 10 7 7 11 5 4 4 4 4 4 4 4 4 0 9 8 7 7 7 8 10 2 6 10 7 7 7 7 7 10 8 2 9 4 5 10 10 8 2 9 5 7 7 10 10 8 8 4 4 11 5 4 0 11 9 8 8 4 4 11 4 4 4 4 4 4 5 10 10 8 2 7 7 6 11 2 9 11 5 4 4 5 11 11 4 5 0 8 7 7 7 7 6 10 7 7 7 7 7 7 8 4 4 11 4 4 4 4 5 10 10 8 7 8 10 10 8 8 11 2 3 4 4 4 4 4 11 11 5 2 6 4 4 4 4 10 10 0 5 4 5 10 7 9 8 7 7 0 6 7 8 11 4 4 4 5 7 11 4 5 10 10 8 7 7 8 10 10 8 7 8 10 7 10 8 7 8 11 11 5 4 5 10 8 4 10 10 8 7 8 11 4 4 4 4 4 4 4 4 4 5 10 7 10 8 7 7 7 7 7 8 4 4 4 11 4 4 5 10 10 8 7 7 10 7 8 7 8 11 10 8 8 10 7 10 7 2 8 3 4 11 11 5 4 4 4 5 4 4 4 4 11 4 5 7 10 10 8 2 9 5 11 11 5 2 9 0 9 8 7 7 7 8 10 10 8 7 8 4 10 10 8 7 7 8 11 4 4 5 11 4 5 10 10 7 7 8 2 9 7 10 8 8 11 4 5 4 11 11 5 4 4 4 4 4 5 10 7 0 6 7 7 7 7 5 10 10 7 5 2 6 11 10 7 8 8 11 11 5 2 9 11 5 4 4 4 4 4 11 5 5 4 4 4 11 11 5 11 5 5 7 7 10 7 7 8 10 8 11 4 4 4 4 5 4 10 10 8 8 7 10 8 10 10 8 7 8 10 8 11 4 4 4 4 4 5 10 10 8 7 0 6 7 8 10 7 8 10 7 7 10 7 7 8 1 3 5 4 11 11 5 4 4 11 5 4 4 2 9 4 4 10 8 8 10 2 9 10 8 7 7 7 8 4 4 4 4 11 4 4 5 10 10 8 4 4 4 4 5 7 7 7 11 5 10 10 8 8 10 10 8 8 10 7 10 8 8 7 11 10 8 8 10 10 8 4 4 4 5 4 11 2 9 11 5 7 8 11 2 4 3 4 11 11 5 5 7 10 8 11 11 5 5 4 4 10 10 8 7 7 7 7 7 7 7 7 7 7 7 10 8 8 11 5 4 4 11 5 10 10 8 2 3 10 11 5 5 11 4 4 11 5 2 6 7 7 11 10 8 8 4 4 4 4 4 10 11 5 5 4 11 11 5 7 7 7 7 7 7 7 7 7 8 10 2 6 10 10 8 8 4 4 4 4 11 4 5 7 11 11 5 4 4 4 4 4 4 4 4 5 7 7 7 7 7 7 10 2 9 8 7 7 7 7 10 7 8 11 11 5 4 11 5 4 4 4 5 10 8 10 7 7 7 8 11 11 5 11 5 4 4 5 7 7 11 11 5 2 11 5 4 11 3 4 4 4 5 10 10 8 7 7 10 8 8 10 10 8 8 10 10 8 8 7 10 0 7 7 7 8 11 11 5 9 5 5 11 11 5 5 11 11 5 5 11 11 5 2 10 10 4 4 3 4 4 8 7 7 7 7 7 7 7 7 7 7 7 8
ppo_x50_b_fd_l4_same_gamma,89,qv18_9,18,153,True,887.0,7.719614267349243,8 6 2 10 9 8 8 11 5 10 10 8 2 10 9 8 8 10 10 8 8 11 5 4 4 4 10 10 5 2 9 11 5 5 7 10 10 8 7 5 10 0 6 7 10 8 8 10 10 8 7 5 10 10 8 8 10 10 8 8 1 9 5 4 4 4 11 11 5 4 4 5 7 10 7 8 11 11 5 2 6 7 7 11 5 4 4 4 4 11 5 10 10 8 4 4 5 10 8 11 11 5 11 5 7 7 7 7 7 7 7 8 11 4 4 4 4 4 4 5 11 10 8 8 4 4 10 10 8 7 7 7 10 8 7 10 8 7 7 7 8 4 4 4 11 5 10 7 11 5 4 4 5 7 7 7 10 8 10 10 8 8 4 11 4 5 4 4 4 10 4 4 4 5 4 11 5 10 10 7 7 7 7 7 7 8 7 8 7 7 7 7 10 10 8 8 4 4 11 5 10 10 8 1 3 4 5 10 2 9 7 8 11 11 5 5 4 11 5 4 10 8 11 4 11 5 2 9 4 5 7 7 7 7 7 7 11 5 4 10 10 8 2 9 7 7 8 11 11 5 5 4 11 4 5 11 4 4 11 5 7 8 10 8 11 4 4 11 5 2 10 6 0 6 11 5 4 8 4 10 10 8 8 10 8 11 4 4 4 4 5 10 10 8 7 7 0 6 7 7 7 7 11 5 2 9 10 8 7 7 7 8 4 4 4 4 10 4 4 4 4 5 11 11 5 2 9 4 4 5 4 10 10 8 7 8 10 7 8 10 10 7 8 7 7 7 7 8 11 4 5 4 4 10 10 8 8 11 5 10 7 10 8 7 7 8 11 4 10 8 7 8 11 5 11 10 8 2 9 10 8 4 1 3 5 11 5 11 4 5 10 7 7 7 11 5 4 4 4 4 11 5 4 4 4 5 11 7 7 8 10 10 8 8 11 2 3 4 4 11 11 5 7 8 4 4 4 4 11 5 10 10 8 2 10 6 10 8 8 7 10 8 10 7 10 7 8 8 7 10 10 7 8 7 8 11 2 11 3 11 5 4 4 4 5 11 4 2 6 10 10 8 8 10 8 7 10 8 11 4 11 5 4 4 5 4 11 5 11 11 5 5 7 7 10 7 0 6 7 8 7 7 7 11 10 8 8 10 10 8 4 2 4 9 11 5 4 2 4 4 11 9 5 4 4 5 10 7 7 11 5 5 10 7 8 11 11 5 7 7 7 8 11 4 4 4 5 11 10 8 8 4 11 11 5 4 4 5 10 8 11 4 11 5 5 4 0 9 5 10 10 8 7 7 7 7 7 7 7 7 7 7 7 8 7 11 11 5 2 9 11 5 5 11 4 4 5 7 10 10 7 7 7 7 8 8 11 5 11 5 1 3 1 3 4 4 4 4 10 11 5 5 4 11 11 5 11 5 2 9 5 10 10 8 7 7 7 7 7 7 7 7 8 1 3 11 4 4 4 5 4 4 11 5 4 11 11 5 2 9 5 7 7 0 6 7 7 0 6 7 10 10 8 4 5 4 11 5 7 11 5 4 4 11 5 7 7 10 7 7 7 7 10 7 7 8 8 10 10 8 2 9 8 4 4 11 4 4 4 4 5 10 8 10 7 10 8 7 7 8 11 11 5 5 4 4 4 11 4 5 4 4 4 11 4 5 11 4 11 5 2 7 7 7 9 8 7 10 8 7 7 10 10 8 8 10 8 4 4 4 10 10 8 7 8 10 10 8 7 8 11 11 5 4 4 5 10 7 7 10 7 7 7 8 2 4 4 4 4 4 4 4 4 4 9 5 4 10 11 5 4 5 10 10 8 2 6 10 8 7 11 10 8 8 10 10 7 7 7 7 7 7 8 2 4 4 11 5 11 11 5 4 3 4 4 4 4 4 5 4 4 4 10 10 8 7 7 8 11 2 9 4 10 8 8 4 4 10 10 8 7 7 8 11 11 5 4 4 4 4 4 5 10 10 7 7 7 7 7 7 7 7 7 8 7 7 8
ppo_x50_b_fd_l4_same_gamma,90,qv18_90,18,155,True,930.0,7.849011182785034,8 6 10 8 8 0 9 11 5 5 10 2 3 7 10 10 8 8 10 10 8 8 10 10 8 8 10 10 8 8 10 10 8 8 1 9 5 4 11 11 5 4 5 0 6 10 10 7 7 7 7 7 8 5 11 5 7 10 10 8 8 11 2 9 4 11 5 11 5 5 4 11 2 9 11 5 4 5 11 10 5 5 4 11 5 4 4 4 11 4 2 10 10 8 6 2 6 7 7 7 7 7 7 7 10 7 8 11 11 5 2 9 11 5 4 5 7 7 11 5 10 10 8 7 8 7 7 10 10 8 8 4 4 1 3 4 4 4 4 4 4 11 4 11 5 5 0 9 7 10 8 8 4 11 5 10 10 8 2 9 0 6 8 10 10 8 10 7 7 7 8 2 11 5 4 9 8 10 10 8 8 4 4 11 11 5 2 6 7 10 8 11 4 11 5 4 4 5 7 7 7 11 10 8 8 4 11 5 11 11 5 4 4 5 7 10 11 5 2 9 11 4 4 5 5 10 7 8 11 7 7 0 6 8 4 4 11 11 4 5 5 10 7 7 7 7 7 7 7 7 7 7 7 7 8 4 1 9 11 5 4 2 4 4 4 3 11 4 5 10 7 7 8 7 10 10 8 7 8 4 4 4 4 11 5 11 4 5 4 4 11 11 5 11 5 5 0 9 10 8 4 4 5 7 7 7 7 10 7 8 11 4 10 8 2 9 10 8 7 7 7 8 10 7 7 10 8 2 9 5 10 10 8 8 4 4 4 4 4 4 11 4 4 5 7 7 10 0 7 7 8 11 11 5 5 11 4 9 5 5 11 11 4 5 11 5 4 4 5 7 7 10 7 8 7 7 7 10 8 7 10 8 11 11 5 5 11 7 7 8 4 4 11 11 5 5 4 10 11 5 5 11 11 5 5 11 2 3 10 11 5 5 11 11 5 7 7 7 8 11 2 9 7 7 8 10 10 8 7 11 5 4 4 4 5 7 11 5 10 4 5 7 7 7 7 7 7 7 7 7 7 7 11 10 8 8 7 11 11 5 4 4 5 10 2 7 9 8 10 7 8 11 11 5 4 1 3 11 5 4 4 4 4 11 5 2 6 11 4 4 4 4 4 5 7 11 11 5 2 10 6 10 8 8 10 10 8 7 7 7 7 7 7 8 11 2 9 11 5 4 4 5 11 10 8 8 7 11 5 4 10 11 5 4 4 4 5 10 10 8 10 8 7 7 8 7 11 4 10 8 7 7 7 8 4 4 4 4 11 5 10 10 8 8 10 10 8 8 10 11 5 5 0 6 7 10 10 8 8 4 4 4 4 11 5 7 11 10 7 7 8 1 3 4 4 11 5 4 4 4 4 4 5 11 5 7 7 7 11 10 8 8 11 10 8 2 6 10 8 7 11 10 8 8 10 7 7 7 7 7 8 4 4 1 3 4 4 4 4 4 4 4 4 11 4 4 11 5 4 2 6 7 10 10 8 10 8 8 7 7 7 10 10 8 2 3 10 7 7 7 7 7 7 8 4 11 2 9 7 8 11 11 5 5 11 5 11 2 3 4 4 11 11 5 4 4 5 11 5 10 10 8 2 6 0 6 7 10 8 10 7 7 10 7 8 2 11 5 4 11 5 3 10 11 5 5 11 4 4 4 4 5 4 10 10 8 7 8 7 10 11 5 2 6 7 7 7 7 10 7 10 8 2 9 8 11 11 5 2 6 4 11 11 5 5 7 11 10 8 8 10 10 8 8 11 4 5 11 4 4 4 4 4 4 4 5 4 11 4 11 5 5 7 0 9 5 10 10 8 7 7 7 8 7 7 10 8 7 11 11 5 5 7 10 7 7 7 10 8 8 7 11 11 5 4 4 4 4 4 4 4 5 11 2 9 7 7 7 8 10 10 7 7 7 8 2 6 11 10 8 8 11 11 5 4 11 5 4 4 4 4 4 5 10 7 7 7 7 8 7 10 8 11 11 5 5 11 11 5 11 5 11 5 4 4 4 4 4 4 5 10 10 8 7 7 8 11 4 4 4 5 10 10 8 7 7 0 6 10 8 8 11 2 9 10 8 8 4 4 11 11 5 5 10 10 7 7 8 7 8
ppo_x50_b_fd_l4_same_gamma,91,qv18_91,18,153,True,885.0,7.836356163024902,8 6 2 9 10 8 8 10 11 5 4 0 5 10 6 7 10 8 8 11 4 5 10 4 5 7 10 7 10 8 10 8 8 10 4 5 7 10 10 8 8 10 10 8 8 11 5 11 4 5 11 4 11 5 2 4 4 3 11 11 5 7 8 10 2 10 10 8 6 7 7 7 7 7 7 10 8 8 10 10 8 8 11 4 5 11 4 4 5 11 2 6 10 10 7 8 8 4 11 1 3 4 4 5 4 4 10 11 5 5 4 10 4 4 4 10 8 0 7 7 6 7 7 10 0 6 8 7 7 7 7 8 4 11 2 4 11 4 3 4 4 5 10 2 10 10 8 6 7 10 8 8 10 2 9 10 8 4 4 5 10 8 7 10 7 7 10 8 8 4 4 11 5 10 10 8 8 11 4 5 10 4 4 4 4 5 4 4 4 10 11 5 5 11 5 10 10 8 7 7 8 7 10 7 8 7 7 10 10 8 8 4 4 1 3 4 1 3 11 4 4 4 4 4 4 5 11 11 5 2 6 10 2 9 10 8 4 5 7 10 8 10 10 7 0 6 7 7 7 8 8 11 2 3 10 7 11 5 4 4 5 10 7 7 7 8 10 8 10 8 11 11 5 4 11 5 11 5 5 10 7 7 8 4 4 4 10 11 5 4 4 4 5 7 7 7 11 7 7 7 7 7 7 8 4 11 11 5 11 5 7 7 7 7 7 8 4 4 4 4 4 4 4 4 11 4 5 4 11 4 4 4 10 8 0 6 7 7 7 7 8 11 1 3 4 4 4 4 5 11 11 5 2 7 7 9 8 10 10 8 8 4 4 11 5 7 7 10 10 7 8 2 9 0 6 7 7 8 10 10 8 2 6 4 4 10 11 5 2 11 9 5 8 11 11 5 4 5 4 11 2 3 11 4 11 5 5 7 10 10 8 7 7 7 8 11 4 5 11 4 5 11 11 5 5 7 10 7 7 7 7 7 8 7 10 10 8 7 7 7 7 7 8 1 3 4 4 11 1 3 5 10 10 8 2 10 6 11 5 5 11 1 9 5 4 4 4 4 5 10 8 7 11 5 4 4 11 4 11 5 2 9 8 10 10 8 7 7 7 10 8 7 7 8 10 7 7 7 8 11 5 4 4 4 4 11 11 5 2 9 11 5 7 7 7 7 8 10 7 10 8 7 8 1 3 11 1 3 4 5 11 4 11 5 4 4 4 5 10 7 7 7 7 7 7 8 10 10 8 8 11 4 4 5 4 4 4 4 4 4 10 10 8 2 9 10 8 7 8 7 7 11 5 10 10 8 7 8 10 8 11 11 5 2 11 3 4 11 5 4 5 4 4 11 11 5 11 5 2 6 11 11 5 2 9 8 10 10 8 8 10 10 7 7 8 8 7 7 10 7 7 8 11 11 5 5 4 11 2 6 11 4 11 5 4 11 5 2 9 5 4 4 11 5 11 11 5 11 5 5 0 6 7 7 7 7 7 7 7 10 7 8 7 10 7 7 8 4 4 4 4 10 11 5 5 11 11 5 5 11 11 5 2 9 7 8 11 4 5 10 10 8 2 9 7 7 7 8 10 7 10 7 8 7 8 11 4 5 10 10 8 8 4 1 11 3 4 4 4 4 4 4 4 4 4 4 4 4 5 10 8 10 7 10 8 10 8 2 3 4 10 11 5 5 11 5 10 7 10 8 7 10 8 7 7 8 4 10 10 8 7 7 8 10 2 9 10 8 4 5 4 4 4 11 2 9 11 5 4 4 4 4 4 4 5 10 2 10 10 7 8 7 6 7 0 6 8 10 10 7 7 7 2 5 9 4 5 7 10 10 7 7 8 8 11 4 5 4 4 11 5 4 4 10 11 5 5 4 10 10 8 7 7 7 8 7 7 10 7 10 8 8 4 11 2 4 9 5 10 10 8 8 11 4 4 5 11 11 5 2 6 7 7 7 10 10 8 8 4 4 4 4 4 4 4 11 11 5 4 4 4 4 4 4 5
ppo_x50_b_fd_l4_same_gamma,92,qv18_92,18,146,True,850.0,7.417901039123535,8 6 2 9 10 8 8 10 10 8 8 11 5 11 11 5 5 7 10 11 5 5 7 10 10 7 7 8 8 10 10 8 8 11 5 7 10 10 8 7 5 10 10 8 8 10 4 5 10 10 8 2 9 5 10 10 8 8 10 10 8 8 4 1 11 3 4 4 4 4 4 5 7 7 7 10 8 4 11 11 5 4 4 4 4 4 4 4 4 5 7 7 10 10 8 10 8 7 7 7 8 11 2 9 11 5 4 4 5 10 2 9 10 8 8 7 7 11 5 10 0 6 7 7 5 7 7 10 10 8 8 1 4 4 4 10 4 9 5 8 11 4 5 11 11 5 11 5 4 4 4 5 11 11 5 2 7 7 7 6 7 11 5 11 11 5 2 9 8 7 10 10 8 8 7 7 7 7 7 7 10 8 10 10 8 8 4 4 4 4 11 5 7 10 7 8 11 11 4 5 5 4 4 11 5 4 4 4 4 4 11 5 4 10 10 8 7 7 7 7 7 7 8 7 11 5 10 7 7 8 4 4 10 10 8 8 4 11 2 9 11 5 11 5 5 7 10 7 7 8 11 10 8 2 6 11 7 8 7 11 11 5 4 4 1 5 4 11 4 3 4 5 11 4 11 4 5 2 9 5 10 10 8 7 10 8 7 7 7 8 11 4 4 4 5 11 5 11 5 4 11 5 7 7 7 11 10 8 8 10 10 8 10 8 8 10 7 7 11 5 2 4 9 11 5 5 10 8 11 11 5 11 5 2 10 9 8 4 4 4 5 7 10 10 0 6 7 7 7 8 7 7 7 7 7 7 8 11 1 3 4 4 4 5 11 10 8 7 8 4 4 11 11 5 2 7 7 7 6 11 5 10 10 8 8 11 4 4 5 10 7 10 8 8 10 10 7 8 2 9 5 4 4 4 4 4 11 5 4 4 4 10 11 5 4 5 11 4 4 11 5 2 7 6 7 7 10 8 10 0 6 7 7 7 7 8 11 11 5 4 4 5 11 2 9 7 0 6 10 8 7 7 8 11 4 5 4 4 4 4 4 11 11 5 2 3 10 4 10 8 8 10 10 8 10 8 8 10 10 7 7 8 8 10 10 8 8 10 1 3 4 4 4 11 5 4 4 4 4 4 4 5 7 7 7 7 10 7 7 8 7 10 7 8 11 11 5 5 10 7 8 10 10 8 8 7 11 11 5 4 4 4 4 4 4 4 5 10 10 8 2 9 5 4 11 4 4 11 5 2 9 8 11 11 5 4 5 0 6 7 7 7 7 7 7 10 7 8 4 4 10 11 5 5 10 4 4 11 5 2 9 5 7 10 11 5 5 10 7 7 10 8 10 8 10 8 8 10 2 6 10 8 11 10 8 8 7 7 11 11 5 4 4 4 5 10 10 8 2 7 9 8 10 7 5 7 7 11 11 5 4 4 4 1 3 5 4 10 8 4 4 11 2 9 10 8 8 7 7 11 11 5 2 9 11 5 4 4 4 5 11 5 0 9 11 5 4 5 4 0 6 7 7 10 10 8 10 8 2 9 8 7 7 10 10 8 2 9 7 7 7 7 8 11 11 5 4 11 5 5 4 10 2 9 10 8 8 7 7 10 8 10 8 4 4 11 11 5 4 4 5 4 4 4 4 4 11 5 10 10 8 4 4 4 5 10 0 6 7 8 10 10 7 8 8 10 2 9 10 8 7 7 7 7 8 11 2 11 5 11 11 5 4 4 3 4 4 4 4 4 4 4 5 10 2 9 7 0 6 8 7 7 10 7 10 8 8 7 10 7 7 7 7 8 11 11 5 2 7 9 8 11 11 5 4 4 4 11 5 5 7 7 7 11 7 7 7 7 8 11 11 4 4 5 5 11 4 4 11 5 4 4 4 4 4 5 11 11 5 2 4 10 10 8 7 7 7 7 7 8
ppo_x50_b_fd_l4_same_gamma,93,qv18_93,18,145,True,838.0,7.368917942047119,8 6 2 9 10 8 8 10 11 5 2 9 10 8 10 8 8 11 5 7 10 10 8 8 10 10 8 8 11 5 4 4 11 5 10 10 8 2 3 10 11 5 5 11 11 5 4 5 7 10 11 5 5 7 7 7 7 7 10 10 7 7 8 8 11 5 10 10 7 8 8 11 5 11 5 11 11 5 2 7 6 10 7 7 10 8 8 10 10 8 8 1 3 4 4 11 5 11 4 4 4 4 4 4 4 4 4 4 5 7 7 7 10 10 8 2 10 6 8 10 10 8 7 7 7 7 8 4 4 10 10 8 2 6 10 8 10 10 8 2 4 4 4 4 4 4 3 4 4 4 4 11 4 5 10 10 8 8 4 10 8 10 10 8 8 7 10 7 7 7 7 7 7 7 8 11 5 11 11 2 3 11 5 5 4 4 4 11 4 4 4 5 10 10 8 7 7 8 11 11 5 4 4 4 4 4 4 5 10 10 8 7 7 7 7 8 11 2 9 5 10 10 8 4 4 4 4 4 4 5 10 10 8 10 8 0 6 7 7 7 7 7 7 5 10 10 8 8 10 10 8 2 6 11 4 4 5 11 5 7 7 10 7 7 8 11 11 5 7 7 8 4 4 4 4 4 11 4 4 5 4 4 11 4 4 4 4 5 10 10 8 10 8 7 7 7 7 7 7 8 4 4 4 4 4 11 2 9 10 8 4 5 10 8 11 11 5 2 10 9 5 8 7 10 10 8 10 8 8 4 11 4 4 5 4 11 5 7 10 7 7 7 7 10 8 7 7 7 7 7 8 10 7 8 11 11 5 5 11 11 5 5 11 11 5 5 7 7 11 5 4 4 4 11 2 9 4 5 10 10 8 8 10 10 7 8 8 10 10 8 8 11 5 4 4 11 5 10 10 8 2 4 11 4 3 4 4 4 4 5 11 11 5 5 7 7 10 0 6 7 7 8 10 10 7 8 8 10 10 7 8 7 5 10 10 8 2 4 9 8 7 11 5 11 11 5 4 4 4 4 4 4 4 11 5 8 11 11 5 2 10 8 6 10 10 8 7 7 8 11 4 5 10 7 7 7 10 7 8 7 7 7 8 11 4 1 3 5 10 10 8 8 4 4 4 11 4 4 4 4 4 4 5 10 10 8 4 2 9 11 5 2 9 11 5 5 7 7 7 7 10 7 8 11 11 5 5 7 7 7 10 8 10 10 8 8 4 4 4 4 10 10 8 7 7 7 7 7 8 11 5 11 5 4 4 4 4 11 4 5 11 2 9 11 5 4 4 4 4 5 4 10 7 7 7 7 7 7 8 11 5 11 11 5 7 7 7 8 10 7 10 8 7 7 7 7 8 11 2 11 11 5 3 4 5 7 10 8 11 11 4 5 4 11 5 4 4 4 4 5 11 11 5 4 5 10 2 9 11 5 5 10 10 8 10 8 7 8 7 7 7 10 7 7 11 5 4 4 4 4 4 5 11 2 9 4 5 10 10 8 8 7 7 10 10 8 8 4 4 10 10 8 7 8 11 2 9 10 8 7 7 8 11 4 10 7 7 8 2 6 7 11 11 5 4 11 5 4 4 4 5 4 11 11 5 5 4 4 4 4 10 0 9 5 5 10 10 8 7 0 6 7 7 8 10 7 8 10 10 8 10 8 2 9 4 4 5 4 11 11 5 4 4 4 5 11 4 5 10 10 7 8 7 0 6 10 8 7 7 7 7 7 8 4 4 4 4 4 4 11 4 5 10 8 11 11 5 5 10 10 7 7 7 8 7 7 7 7 7 7 8 7 7 11 11 5 4 4 5 4 11 5 10 7 0 7 8 11 9 8 8 11 11 4 5 5 4 11 4 4 5 7 7 10 10 8 8 4 11 5 10 10 8 2 10 10 8 8
ppo_x50_b_fd_l4_same_gamma,94,qv18_94,18,154,True,945.0,7.806366682052612,8 6 2 10 9 8 8 10 11 5 4 2 10 6 7 10 8 8 10 10 8 8 10 10 8 8 11 5 7 10 10 8 8 10 4 4 4 4 5 11 4 4 5 4 10 10 8 7 8 7 7 7 10 10 7 7 8 8 10 10 8 8 4 4 4 10 8 11 11 5 2 9 5 4 11 4 4 4 5 10 10 8 7 7 7 11 5 5 4 11 4 4 4 5 10 0 6 7 7 7 7 10 8 7 7 7 7 8 10 10 8 8 11 1 3 4 5 11 11 5 4 5 10 7 8 4 11 4 5 11 11 5 2 4 9 5 4 11 11 5 4 4 5 10 2 6 7 7 7 7 7 7 7 7 11 11 5 2 7 9 10 8 8 7 7 7 10 10 8 8 4 4 4 11 4 5 10 8 10 2 4 3 4 4 11 4 5 10 10 8 8 7 10 10 8 7 5 10 10 8 8 4 4 4 4 4 4 4 11 4 5 11 4 4 4 11 5 2 6 10 0 6 7 7 8 10 10 8 8 11 4 4 4 10 8 4 2 9 10 8 4 5 7 10 8 7 10 10 8 7 7 8 10 8 7 7 7 7 10 10 8 2 11 3 4 1 3 11 5 4 4 4 4 4 4 4 4 5 10 10 8 2 9 10 8 7 7 7 8 11 4 5 7 7 7 7 11 10 8 8 11 4 4 11 5 4 4 4 5 11 11 5 7 7 7 8 7 10 7 7 8 10 10 8 8 11 11 5 7 8 11 11 5 4 11 5 11 5 4 4 4 5 4 4 4 11 11 5 5 7 7 7 10 7 7 7 7 7 8 11 4 4 4 4 5 7 11 5 11 11 5 5 7 7 10 7 8 11 4 10 8 7 7 8 4 4 4 11 4 4 5 7 10 10 8 2 6 7 7 10 11 5 5 4 4 4 11 5 10 10 8 2 3 7 10 7 10 8 10 8 7 7 7 7 7 7 8 4 4 10 10 2 8 3 11 11 5 5 4 11 4 4 4 4 4 4 5 4 4 11 11 5 2 10 6 7 7 7 7 8 10 10 7 7 7 8 7 7 7 7 7 8 4 4 4 1 4 4 11 4 5 9 10 8 8 10 7 8 4 11 11 5 2 3 4 4 4 4 10 11 5 5 11 11 5 2 6 7 10 7 8 4 10 10 8 7 7 7 7 7 11 5 5 11 5 7 10 7 7 7 8 11 11 5 7 7 8 4 4 11 11 5 4 4 4 4 4 4 4 5 4 10 2 9 11 5 5 7 10 8 10 10 7 7 8 7 7 8 7 11 2 9 10 8 8 7 7 11 5 10 10 8 8 7 11 11 5 4 4 4 4 5 1 3 4 11 4 5 11 4 4 4 5 11 11 5 2 7 7 6 7 10 11 5 5 10 11 5 2 6 10 10 8 7 7 8 4 11 2 3 10 10 8 2 9 5 10 10 8 7 7 7 7 8 11 4 4 2 9 11 5 5 11 7 8 10 8 4 11 4 4 5 10 10 8 4 2 3 11 11 5 5 4 4 4 10 10 8 0 6 0 6 7 7 7 7 7 7 7 8 7 7 11 5 11 11 5 4 1 4 5 9 4 5 4 4 4 4 4 11 11 5 2 7 10 10 6 8 7 10 8 7 7 8 11 5 4 4 4 4 11 5 10 7 10 8 10 8 10 8 7 7 7 10 8 8 11 4 5 10 7 7 8 4 11 11 5 7 7 7 8 4 10 2 9 11 5 5 7 10 10 8 10 8 8 11 11 5 7 7 8 1 3 11 4 4 4 4 4 4 4 10 8 2 9 7 8 11 11 5 4 5 4 10 10 8 8 11 4 4 5 7 7 7 7 7 11 10 8 8 7 7 10 10 8 8 4 4 4 4 4 4 4 11 5 10 10 8 2 11 9 5 4 4 4 5 10 10 8 4 4 5 4 0 9 5 10 10 8 7 7 7 10 8 2 4 3 4 4 10 8 11 11 5 4 5 11 11 5 2 7 7 7 7 7 7 6 7 7 7 10 8 7 7 11 10 8 8 7 10 10 8 4 4 2 11 3 5 11 11 5 4 5 4 4 4 4 10 8 10 10 8 7 7 8 7 10 7 8 4 11 11 5 2 4 4 4 4 4 11 11 5 4 4 5
ppo_x50_b_fd_l4_same_gamma,95,qv18_95,18,156,True,869.0,7.91624116897583,8 6 2 9 10 8 8 10 10 8 8 11 5 11 11 5 2 6 7 11 5 7 10 10 8 10 8 8 10 4 5 10 10 7 8 8 10 10 8 8 11 5 4 4 11 5 4 4 11 5 11 5 7 7 7 7 7 10 10 8 8 11 4 4 4 5 10 10 8 8 7 7 10 10 7 8 8 11 5 10 7 10 8 8 10 10 8 8 11 4 5 4 4 11 5 4 11 5 7 7 7 10 10 8 7 8 11 5 4 4 4 4 4 4 4 11 4 4 5 4 11 5 4 10 10 8 7 7 7 7 7 7 7 7 7 7 7 7 7 8 4 4 0 11 5 4 4 4 4 11 9 8 8 4 4 11 4 4 4 4 5 10 10 8 2 10 6 10 8 8 7 7 10 10 8 7 8 11 5 10 7 7 5 10 10 8 7 8 4 4 4 4 11 2 4 4 9 8 11 4 11 5 11 5 2 6 11 11 5 2 9 10 8 10 8 8 10 10 8 7 8 4 11 4 4 5 7 7 10 10 8 8 10 10 8 8 11 1 3 4 4 4 4 4 4 5 11 5 11 11 5 5 4 10 2 9 10 8 0 6 7 8 11 5 10 10 8 7 7 8 7 7 10 10 8 2 6 10 10 8 7 7 8 11 4 5 1 3 4 4 4 11 5 11 11 5 4 4 4 4 4 4 5 7 10 7 8 10 10 8 2 10 9 8 10 8 7 7 8 11 10 8 7 7 8 11 11 5 4 4 5 10 7 7 8 7 7 10 10 8 8 4 4 11 4 4 4 4 4 4 5 10 8 11 4 5 11 4 11 4 5 8 7 7 7 7 7 7 10 8 4 4 11 2 9 0 9 8 4 5 7 10 7 7 7 7 7 7 7 8 11 11 5 2 9 8 11 11 5 5 4 11 5 7 11 11 5 11 5 5 7 11 7 7 10 8 8 11 4 4 4 11 5 4 4 4 4 4 4 5 7 7 7 7 7 7 10 7 7 8 11 4 5 7 10 10 8 8 11 4 5 7 7 7 11 10 4 4 5 2 7 7 10 6 7 8 11 11 5 2 11 4 11 4 4 4 3 5 4 4 11 5 4 4 4 5 7 7 10 7 8 10 8 10 7 7 7 7 7 7 7 7 7 8 4 4 11 4 4 4 5 11 7 0 7 6 7 7 8 11 11 5 4 4 11 5 4 1 9 5 4 4 4 5 11 4 11 5 5 11 2 9 5 0 6 7 10 10 8 8 11 5 10 10 8 7 7 11 5 2 9 7 8 11 11 5 0 6 7 8 4 11 11 5 5 10 7 7 8 7 7 7 11 5 11 11 5 4 4 4 4 4 4 5 11 2 9 11 5 5 7 0 6 7 7 10 8 10 7 7 10 8 2 6 11 4 4 4 4 4 4 4 5 11 11 5 2 7 9 5 10 7 0 6 10 7 8 7 8 7 10 7 5 10 10 8 7 5 10 10 7 8 5 10 8 10 8 11 11 5 2 9 8 11 11 5 4 4 4 4 5 7 7 11 2 9 10 8 8 7 10 8 7 7 7 11 11 5 4 1 3 4 5 4 4 4 11 5 11 5 7 7 7 7 10 7 7 7 8 11 4 4 5 11 11 5 5 10 7 7 8 10 7 7 8 11 11 5 5 4 4 11 4 4 4 11 5 4 4 4 5 4 11 2 9 11 5 7 8 10 2 10 10 6 7 8 8 10 2 6 7 11 11 5 5 10 8 11 10 2 8 9 10 8 8 11 4 4 4 4 4 4 5 11 2 10 10 8 8 7 10 10 8 8 9 8 10 7 0 6 10 8 7 7 8 11 4 10 8 4 5 10 7 7 8 7 10 10 8 2 4 4 11 9 5 4 4 4 5 11 11 5 4 4 4 4 4 4 4 5 11 2 10 10 8 7 7 9 8 7 7 8 10 10 8 7 7 7 8 11 11 5 2 7 7 10 10 8 8
ppo_x50_b_fd_l4_same_gamma,96,qv18_96,18,159,True,928.0,8.073813915252686,8 6 2 10 9 8 8 0 10 9 5 5 10 10 8 8 10 10 8 8 11 4 5 10 4 4 5 10 10 8 7 10 8 2 3 10 11 5 5 4 11 5 7 10 10 7 7 7 8 8 10 10 8 8 10 4 10 7 8 8 10 10 8 8 4 10 8 11 10 7 8 8 4 4 4 11 4 5 10 10 8 8 4 10 8 11 11 5 5 11 4 4 4 4 4 5 4 11 5 4 4 10 10 8 7 7 7 7 7 8 10 7 7 7 7 7 7 7 8 4 11 11 5 4 4 4 4 4 4 5 10 11 5 2 6 7 10 10 8 8 10 11 5 2 10 9 5 5 10 10 8 7 7 7 7 7 8 11 1 9 5 11 5 4 5 4 4 4 4 11 11 5 5 11 2 9 7 8 11 10 8 10 8 10 8 7 7 7 8 4 4 10 8 10 10 8 8 10 11 5 2 3 4 4 4 10 10 8 8 4 4 11 11 5 4 4 4 5 11 4 4 4 5 7 10 10 8 7 7 8 11 4 5 0 9 5 10 10 8 7 10 8 7 7 7 8 10 10 7 5 2 10 9 5 5 7 7 10 10 8 8 4 4 4 10 8 11 11 5 1 3 4 4 4 4 4 5 10 4 4 2 3 11 4 5 7 10 10 8 8 10 10 8 7 7 7 7 7 7 7 8 11 11 5 4 4 11 5 4 5 4 4 4 4 4 11 4 4 2 6 10 10 8 8 11 4 5 10 10 8 7 7 7 8 7 10 10 8 8 7 7 7 7 11 5 10 4 4 11 2 3 5 10 2 11 3 4 4 5 7 10 7 5 10 10 7 8 5 10 10 8 2 9 10 8 7 7 8 11 11 5 5 7 11 2 9 10 8 7 8 11 1 3 5 11 11 5 4 4 4 4 4 5 4 4 11 11 5 5 7 7 0 6 7 7 7 7 7 10 10 8 4 2 4 4 11 4 3 4 5 10 8 10 10 8 8 10 10 8 8 11 2 9 11 5 4 4 4 4 4 4 5 4 4 10 2 9 10 8 0 6 7 8 7 7 7 7 7 7 10 10 7 7 7 8 2 4 3 4 4 11 11 5 5 10 7 10 8 8 4 10 8 11 11 5 4 4 5 11 11 5 2 11 5 6 7 10 7 7 7 8 7 10 10 8 7 8 11 4 4 4 4 4 4 4 4 4 4 5 10 2 3 10 10 8 4 4 4 4 4 5 7 7 7 7 7 10 10 8 4 5 10 10 7 7 7 8 2 9 4 4 5 7 10 10 8 7 8 10 4 10 7 7 7 8 8 4 4 4 4 1 9 11 5 4 4 4 4 4 4 4 5 7 10 11 5 2 6 7 7 7 10 8 7 7 7 7 11 11 5 11 5 2 3 4 4 4 4 11 5 10 10 8 4 4 4 5 7 10 11 5 0 6 8 10 7 7 10 7 8 7 8 11 4 5 7 10 10 8 7 5 10 10 8 8 7 7 1 9 5 1 3 4 4 4 4 4 4 4 4 11 4 5 11 11 5 5 7 7 7 10 4 2 9 5 10 10 8 7 7 8 11 11 5 5 10 8 10 7 7 7 7 7 7 8 7 11 11 5 4 4 4 4 4 5 7 7 10 7 7 8 7 10 8 10 10 8 8 4 4 4 4 4 1 3 4 11 5 4 11 4 11 5 2 3 7 10 10 8 8 10 10 8 8 10 10 8 2 6 7 11 11 5 2 3 4 4 4 4 4 11 4 8 4 10 4 11 5 2 9 8 10 10 8 10 8 8 10 7 7 8 10 10 8 2 9 5 11 11 5 4 4 11 5 5 11 2 9 5 7 11 10 8 8 11 5 10 10 7 8 10 8 7 7 8 7 10 10 8 8 7 11 4 5 7 10 10 8 8 11 10 8 4 5 11 11 5 1 3 4 4 4 5 11 11 5 4 4 4 4 4 5 7 10 11 5 2 9 11 5 2 10 10 8 6 8 11 5 10 10 8 7 7 8 10 10 7 7 7 8 2 9 8 10 10 7 7 7 7 2 8 9 5 11 11 4 4 5 2 11 11 5 11 5 5 7 11 9 5 4 4 4 4 4 4 4 4 5
ppo_x50_b_fd_l4_same_gamma,97,qv18_97,18,157,True,948.0,8.011226654052734,8 6 2 10 9 8 8 10 10 8 8 10 4 5 10 7 10 8 8 10 10 8 7 5 11 5 4 11 5 10 10 7 7 7 8 8 10 10 8 8 4 11 5 11 4 4 4 4 4 4 5 10 7 8 4 10 10 8 7 7 7 7 7 8 10 10 8 4 4 4 5 10 10 8 8 10 10 7 8 7 5 10 2 9 10 8 8 4 11 4 4 4 4 4 4 5 10 8 7 10 7 7 10 7 8 8 4 4 4 4 4 4 11 5 10 10 7 5 2 9 5 10 10 8 7 7 7 7 8 10 2 11 11 5 5 6 10 8 11 11 4 4 5 5 4 11 4 4 4 4 4 8 11 11 5 2 3 11 11 5 5 7 7 7 7 7 7 11 5 10 2 9 7 7 7 7 8 7 7 7 11 10 8 8 7 11 11 5 4 4 4 5 4 4 11 4 5 10 7 8 11 2 9 11 5 4 4 5 10 10 8 8 11 5 11 4 5 11 11 5 2 9 8 7 10 10 8 7 7 7 8 10 7 7 7 8 11 11 5 5 10 7 7 8 11 2 6 10 7 1 9 8 8 11 11 5 4 4 4 11 5 4 4 4 4 5 10 10 8 7 7 8 11 4 5 4 11 5 11 4 5 4 10 10 8 7 7 8 10 7 7 7 7 7 7 7 7 8 11 11 5 5 4 11 11 5 4 4 11 5 4 4 4 4 4 4 5 7 7 11 2 9 5 10 10 8 7 0 6 7 7 8 7 10 7 7 7 7 8 11 11 5 2 9 11 5 4 11 5 4 4 5 7 10 8 10 8 11 11 5 2 11 9 5 4 5 11 4 4 4 4 5 10 7 11 5 2 3 4 10 10 8 0 6 7 7 7 7 8 11 4 4 5 10 8 10 10 8 7 7 8 7 7 7 7 11 11 5 2 6 10 10 8 8 7 11 11 5 4 4 5 11 11 5 5 11 4 5 10 7 8 11 5 10 7 7 8 11 4 11 5 4 4 4 5 11 4 10 8 7 7 8 11 2 9 5 4 4 4 4 11 5 7 7 10 10 8 7 7 8 11 2 9 10 8 7 7 7 7 7 7 8 11 10 2 8 3 11 11 5 4 11 5 4 4 4 4 4 4 5 10 10 8 4 4 4 4 4 5 10 2 9 10 8 8 7 7 7 0 6 7 7 7 7 11 5 4 11 11 5 2 9 8 4 11 5 10 7 10 8 8 4 10 7 10 7 8 7 7 7 7 8 4 4 4 4 4 10 8 11 10 7 8 2 4 4 3 4 4 4 4 4 11 5 7 11 11 5 5 7 10 10 8 8 10 10 8 8 10 4 4 0 9 5 4 4 4 4 4 4 5 7 0 6 7 7 7 7 7 7 7 7 10 7 7 10 8 2 9 8 11 11 5 2 3 1 3 11 11 5 5 4 4 11 4 4 5 4 4 4 10 10 8 0 6 7 7 7 7 7 7 7 7 11 5 2 3 4 4 4 4 11 4 4 4 5 10 10 8 4 4 4 5 0 9 5 10 8 7 7 7 7 10 10 8 8 10 4 4 5 10 7 7 10 8 8 10 7 10 8 7 8 10 7 11 5 2 4 4 9 5 10 10 8 7 7 8 4 4 4 4 11 4 5 4 4 4 4 4 11 5 7 11 5 0 9 11 5 4 4 5 10 11 5 2 9 10 8 8 10 4 5 10 10 8 10 7 8 0 9 5 8 7 7 11 5 10 10 8 7 7 7 10 8 8 11 10 8 7 7 8 11 4 4 4 4 4 5 7 7 7 10 7 10 5 10 5 11 2 5 10 8 9 10 8 8 7 11 11 5 4 4 4 4 5 4 4 11 4 4 4 5 11 5 10 10 8 0 6 7 7 7 7 7 7 11 5 2 4 11 5 9 10 8 4 5 7 10 8 10 10 8 7 7 7 8 1 3 11 11 5 5 4 4 11 11 5 5 10 7 8 11 11 5 4 4 4 5 4 11 11 5 2 9 5 0 6 7 7 7 7 11 10 8 8 7 7 10 10 8 7 7 8 10 10 8 8 4 4 4 4 4 4 4 4 4 11 4 5 4 10 10 8 7 8 11 11 5 4 4 4 4 5 10 10 7 7 7 7 7 7 7 7 7 7 7 8 8
ppo_x50_b_fd_l4_same_gamma,98,qv18_98,18,153,True,897.0,7.7859814167022705,8 6 2 9 10 8 8 10 10 8 8 11 5 11 11 5 4 2 6 7 10 7 10 8 2 9 10 8 8 10 10 8 8 11 5 11 4 4 4 5 11 11 5 5 10 7 8 10 10 8 7 7 7 7 10 8 8 4 11 5 7 11 10 8 8 10 10 8 8 10 10 8 8 11 4 5 10 2 6 7 11 11 5 4 4 4 4 5 4 11 11 5 2 9 7 8 11 11 5 2 3 10 10 7 7 7 8 2 3 11 4 5 10 10 8 8 10 7 7 7 7 7 10 8 8 4 4 4 11 5 1 4 11 9 8 8 4 4 4 11 4 11 5 5 4 4 11 5 7 0 6 7 7 11 5 10 10 8 7 7 8 11 11 5 5 10 8 10 7 7 7 10 8 8 4 10 7 8 4 11 11 5 5 7 11 2 9 10 8 8 4 11 5 4 4 4 4 4 11 5 11 11 5 7 7 8 11 2 3 11 5 11 11 5 5 7 7 7 7 7 7 7 7 10 8 11 4 5 4 4 4 4 10 11 5 5 11 5 4 4 10 10 8 7 7 7 7 7 7 7 7 7 7 7 7 8 11 4 4 4 4 5 11 5 7 7 10 7 7 8 11 11 5 5 11 2 6 7 7 10 10 8 8 4 4 4 4 4 11 4 10 8 8 11 1 3 4 4 4 4 5 10 4 5 10 10 8 10 8 7 0 6 8 11 2 9 7 10 8 8 7 7 10 7 8 11 11 5 4 11 5 4 4 4 11 5 5 4 4 4 11 5 10 10 8 2 3 11 5 10 10 8 7 7 10 8 8 10 11 5 5 11 5 10 7 7 10 8 7 8 7 11 5 10 2 9 10 8 8 7 11 5 10 10 8 8 11 5 11 2 3 4 4 4 4 4 4 4 4 11 11 5 7 8 0 9 7 10 7 7 8 7 10 7 8 7 10 8 2 9 11 5 4 4 4 4 4 4 4 4 4 4 4 4 5 0 6 7 7 7 7 10 11 5 5 11 4 5 10 10 8 4 4 5 10 7 7 8 4 11 5 7 7 10 10 8 7 7 7 7 7 7 7 7 8 4 4 4 4 4 1 3 11 4 5 4 10 11 5 5 10 10 7 7 8 8 4 11 4 4 4 5 10 10 7 7 7 7 7 8 7 7 10 8 7 7 8 4 11 4 5 10 8 11 4 4 5 10 10 8 7 7 8 4 11 11 5 2 9 8 4 1 3 4 4 4 4 4 4 4 11 11 5 4 11 5 2 9 10 8 7 7 8 4 4 11 5 10 10 8 2 6 10 10 8 7 7 7 7 7 10 8 7 7 8 4 10 10 8 2 9 10 8 8 10 8 11 11 5 5 11 5 4 4 4 1 9 5 4 4 4 11 11 5 2 3 10 4 4 4 5 10 10 7 8 8 10 10 7 8 2 9 7 7 7 10 8 8 4 11 4 4 5 11 5 7 11 11 5 4 4 5 11 4 5 10 10 8 7 7 7 8 7 7 10 0 6 10 8 7 8 10 10 8 7 8 4 11 2 9 7 10 8 8 4 11 5 10 7 8 11 11 5 4 4 5 11 5 4 4 4 4 10 10 8 7 7 7 7 8 4 4 4 4 11 1 3 4 4 5 11 11 5 5 11 5 10 10 8 8 10 10 8 7 8 10 10 8 8 10 8 11 4 4 5 4 10 10 8 7 7 7 7 7 8 11 2 4 4 4 3 4 4 4 11 4 5 10 10 8 8 7 10 10 7 7 7 7 7 7 8 4 4 5 10 8 10 10 8 8 10 8 11 11 5 2 7 9 8 11 11 5 11 5 4 5 4 4 11 4 5 4 11 11 5 4 4 5 10 10 8 7 7 7 7 8 7 11 7 7 10 8 7 8 7 10 8 11 11 5 11 5 4 4 4 4 4 4 4 4 5 4 4 4 11 4 10 8 7 7 7 7 7 7 7 8 11 2 10 9 8 7 8 10 7 7 10 2 8 11 4 11 5 4 4 4 9 5 5 4 4 4 4 11 11 5 2
ppo_x50_b_fd_l4_same_gamma,99,qv18_99,18,151,True,885.0,7.652249097824097,8 8 6 10 10 8 2 9 5 10 10 8 8 10 4 2 10 10 6 8 8 10 10 8 8 11 5 11 11 5 2 9 8 10 10 7 7 8 8 4 11 5 4 4 4 4 11 4 5 10 10 8 8 10 11 5 5 10 10 7 7 7 7 7 7 7 8 8 10 10 8 8 11 5 10 11 5 4 4 5 11 5 7 10 10 8 7 7 7 10 8 8 11 5 11 4 5 11 10 7 8 7 8 11 4 10 8 8 4 11 4 10 8 8 11 1 3 5 4 4 4 4 4 11 4 4 5 10 10 8 2 9 10 8 8 11 4 4 4 4 4 5 4 10 0 6 7 7 7 8 10 10 7 7 7 7 7 7 8 2 6 10 7 8 11 1 9 8 4 5 4 4 4 10 7 7 7 7 8 4 4 4 4 1 4 4 3 10 11 5 5 4 4 4 11 4 4 4 5 10 10 8 2 6 7 7 10 11 5 5 7 7 7 10 8 7 10 10 7 8 5 10 10 8 8 11 5 11 10 8 2 9 10 8 7 8 10 7 11 5 4 5 7 10 8 4 4 4 4 4 4 4 4 11 2 9 10 8 4 5 11 2 9 10 8 8 11 5 7 10 10 8 7 7 8 4 4 4 4 4 11 4 4 4 5 10 7 0 6 8 10 7 7 7 7 7 7 10 8 2 9 8 10 10 8 8 4 4 4 4 4 4 4 4 11 11 5 4 4 5 11 11 5 4 2 9 10 8 8 10 8 7 10 7 7 10 8 7 7 7 7 2 11 9 8 8 10 7 8 11 11 5 4 4 4 4 4 4 4 11 5 5 4 4 10 10 8 7 7 8 10 8 4 11 4 4 4 5 4 11 11 5 2 7 7 6 7 10 2 6 7 7 10 10 8 7 7 7 8 4 4 4 4 4 11 4 11 5 5 10 10 5 10 5 10 5 10 5 10 5 10 5 10 5 2 9 10 8 8 11 2 9 11 5 7 8 11 5 11 11 5 5 7 10 7 7 10 8 7 7 8 4 10 10 8 7 7 8 4 11 5 7 7 10 8 0 6 7 11 11 5 4 4 4 4 4 4 5 11 5 10 11 5 5 10 10 8 10 8 7 7 7 8 10 7 8 4 11 5 4 4 11 4 4 5 10 0 6 10 8 8 1 3 4 4 4 11 5 11 4 2 3 10 8 4 4 11 4 10 8 8 10 0 6 7 7 7 7 7 8 4 4 10 11 5 5 11 5 10 7 7 10 7 7 7 7 8 2 6 11 4 5 7 11 2 3 4 4 4 11 4 5 4 11 5 10 10 8 8 4 4 11 11 5 11 5 2 9 8 7 7 7 7 7 10 7 7 10 8 2 10 6 10 8 7 7 8 11 11 5 5 7 7 10 8 11 1 3 5 4 11 4 4 5 4 11 11 5 7 7 7 8 10 10 8 8 10 7 10 8 8 4 4 4 4 4 4 11 4 4 4 4 10 8 2 9 8 7 10 8 4 4 4 10 11 5 5 10 10 8 10 7 8 10 8 10 8 8 10 8 7 10 7 10 8 8 4 4 4 4 4 10 2 3 4 10 7 11 5 2 9 7 8 4 11 11 5 5 11 11 5 4 4 4 4 4 4 5 10 11 5 2 9 10 8 7 8 4 10 11 5 5 10 10 8 0 6 7 7 8 10 10 7 8 2 7 7 11 9 8 8 10 10 8 7 7 8 4 1 3 4 4 4 4 11 5 10 10 8 8 11 4 5 4 4 4 11 11 5 2 9 5 10 8 7 10 10 8 7 7 7 7 8 4 11 11 5 2 11 3 4 4 4 4 4 4 5 10 10 8 8 10 10 8 7 0 6 7 7 8 4 4 4 4 4 4 11 4 5 10 10 8 8 10 10 7 7 8 7 5 10 10 7 7 8 7 8 4 10 2 10 10 8 7 8 9 8 10 10 2 8 11 3 5 11 11 5 4 4 4 5 11 11 5 2 7 7 10 10 8 7 7 7 7 8
