agent,env,problem_name,ion_count,op_count,solved,duration,compile_time,actions
ppo_x50_b_fd_l4_linear,0,qv18_0,18,152,True,745.0,2.0331928730010986,8 8 10 10 8 8 10 9 5 5 10 10 8 8 11 2 10 10 7 8 8 9 5 10 10 8 8 10 10 8 8 11 5 10 10 7 8 8 11 5 7 10 10 8 8 11 5 11 4 11 2 5 9 5 11 11 5 2 4 11 9 5 4 4 4 5 11 2 10 9 8 8 11 5 10 10 8 5 7 7 7 7 7 7 10 8 11 5 7 7 10 10 8 7 2 6 7 11 11 2 5 9 5 4 4 4 4 4 4 11 5 11 4 5 11 11 4 4 4 2 5 9 8 7 10 8 10 10 2 6 8 7 7 10 8 11 5 7 10 10 2 8 6 4 4 11 11 5 4 5 4 4 4 10 10 8 2 6 10 8 10 10 2 6 7 8 10 10 2 6 7 7 8 4 10 2 9 11 5 5 11 5 4 10 10 8 2 7 6 10 0 9 8 7 7 8 10 2 6 11 11 4 4 2 3 4 4 4 4 4 4 5 11 2 3 4 4 11 11 4 2 5 9 8 10 8 10 10 7 7 8 7 8 7 7 10 7 7 8 10 7 8 11 11 5 2 10 8 11 4 9 5 4 11 5 5 11 5 4 4 11 5 10 8 4 4 11 11 2 5 10 10 7 7 6 7 8 7 7 8 7 10 7 8 7 7 10 8 11 5 11 11 4 5 2 3 11 11 4 5 5 4 10 2 10 9 8 8 11 5 11 11 5 4 4 5 4 4 4 11 5 10 8 10 10 8 2 11 5 4 3 10 10 7 8 7 8 10 10 7 7 7 7 8 8 10 10 8 2 9 7 7 8 7 11 11 1 3 4 5 4 4 4 4 5 10 2 10 9 8 5 10 10 8 7 7 7 8 11 11 4 5 2 4 4 3 4 4 11 5 4 4 4 4 10 10 2 8 10 10 8 7 7 7 9 8 8 10 7 7 8 11 10 2 3 5 11 4 4 5 10 11 2 3 5 4 4 1 3 11 5 10 10 2 8 9 5 11 11 2 5 4 3 10 10 7 7 7 8 8 10 10 8 7 8 10 2 10 6 7 10 8 8 10 10 8 2 6 4 11 5 7 11 11 5 5 10 8 4 0 9 11 5 5 4 4 11 5 11 11 2 5 11 9 5 4 5 11 2 3 10 10 7 8 7 7 7 10 8 7 8 4 4 11 5 10 10 7 8 0 6 8 10 10 8 8 11 4 5 7 7 7 7 11 11 5 2 9 5 4 4 11 11 2 5 9 5 11 7 7 8 11 4 4 5 4 4 11 5 4 11 5 4 4 4 10 10 8 8 7 7 7 10 8 4 11 5 10 10 7 7 2 8 9 5 10 10 8 8 10 10 8 2 9 8 1 4 11 9 5 5 10 8 11 11 2 3 4 4 4 5 11 4 11 5 2 10 8 10 10 7 8 7 6 7 8 4 10 10 8 2 7 9 10 7 8 8 7 10 8 10 10 8 2 9 5 11 11 2 5 3 11 11 5 5 10 11 5 5 10 11 5 5 10 11 5 5 4 11 11 5 2 3 10 7 7 7 7 8 11 5 10 10 8 7 8 7 11 11 4 2 5 4 4 11 3 4 4 4 4 4 5 10 8 4 4 4 10 10 0 7 6 8 8 4 4 10 10 7 8 8 11 5 10 10 2 6 7 7 8 7 7 10 8 4 10 10 8 7 7 8 10 10 8 2
ppo_x50_b_fd_l4_linear,1,qv18_1,18,153,True,748.0,4.34555459022522,8 8 10 10 8 8 10 9 5 5 10 10 8 8 10 2 10 10 8 8 9 10 8 8 11 5 11 5 4 10 10 8 8 10 10 7 8 8 10 2 10 9 8 8 11 4 5 10 8 7 0 10 10 8 8 9 10 8 8 11 5 4 4 4 4 4 4 11 4 5 4 4 4 11 5 10 8 10 10 8 2 7 7 10 6 7 7 8 11 2 9 10 8 7 7 8 7 7 11 2 11 11 5 4 4 4 3 5 11 4 5 10 10 8 8 4 11 4 4 5 10 10 8 8 11 5 4 11 11 2 5 4 4 4 3 10 10 7 8 8 7 7 7 7 10 8 11 5 10 10 8 7 10 8 2 9 8 4 10 11 5 5 11 1 3 4 4 5 4 11 11 2 5 3 7 10 10 8 8 10 10 7 7 2 8 6 7 11 5 10 2 10 9 8 7 8 4 4 4 11 4 5 10 2 10 6 10 8 8 11 2 9 10 8 8 4 11 5 4 4 4 4 11 11 2 5 9 8 4 1 4 4 3 10 10 7 2 8 7 7 7 7 7 10 9 8 7 7 7 7 8 4 10 2 10 9 8 7 8 11 5 10 11 5 5 11 11 1 3 5 11 5 5 4 4 4 4 11 11 5 2 3 10 8 10 10 2 8 10 6 7 10 7 8 8 4 10 10 2 6 8 7 7 7 0 6 11 11 5 5 11 5 11 11 5 5 11 11 5 4 5 4 4 11 5 11 11 4 5 2 9 8 7 10 7 10 2 8 3 10 8 10 10 8 2 9 4 5 10 10 7 8 7 7 7 7 8 1 9 5 10 10 8 8 11 5 11 11 4 4 2 3 4 5 11 4 4 11 2 3 5 11 10 8 8 4 4 11 11 2 4 3 5 10 8 7 10 7 10 8 2 7 7 7 9 7 8 11 5 10 10 2 6 8 10 10 8 2 9 8 7 7 11 11 5 4 5 10 2 7 10 8 7 6 11 11 4 4 4 4 4 4 5 4 4 4 4 5 10 10 8 7 7 8 4 4 11 5 4 4 4 4 10 10 8 2 9 7 8 10 7 7 10 2 6 8 10 8 10 10 8 2 9 8 7 11 11 5 4 4 5 11 4 4 5 11 11 5 5 7 7 7 7 11 11 5 2 11 5 10 11 5 5 10 10 7 7 6 8 8 7 7 10 8 10 7 10 2 8 9 7 7 8 11 11 4 5 4 4 4 4 4 5 4 11 5 7 11 4 5 7 11 11 2 3 4 4 5 11 11 2 5 10 8 10 10 7 6 7 7 7 7 8 8 11 2 9 10 8 7 7 7 7 8 10 2 6 11 11 5 4 11 5 4 5 10 2 7 6 10 7 8 11 4 11 2 5 4 3 4 4 4 4 11 5 10 8 11 11 2 3 5 11 5 11 11 5 2 3 7 10 8 10 10 8 7 7 7 8 10 10 2 6 8 7 10 7 8 11 5 10 10 8 8 10 10 7 8 2 9 5 4 4 11 4 4 11 5 2 6 10 8 11 11 4 5 4 4 5 7 11 2 9 11 5 5 11 2 3 4 4 11 11 5 2 3 7 7 10 8 4 10 10 8 7 7 8 10 10 2 8 6 11 10 8 8 7 7 7 10 10 8 2 10 8 6 11 11 5 4 4 5 4 4 4 10 8 11 11 5 4 4 4 5 10 10 2 8
ppo_x50_b_fd_l4_linear,2,qv18_10,18,146,True,707.0,2.99560284614563,8 8 10 10 8 8 10 9 8 8 11 2 11 11 5 3 5 7 10 7 10 7 8 8 11 5 4 11 4 5 10 10 8 8 10 10 7 7 8 8 10 10 8 8 11 5 1 4 4 4 11 4 5 10 9 8 8 10 2 10 10 8 6 8 10 10 8 7 10 8 8 10 10 8 8 4 10 8 11 11 5 2 9 8 11 11 5 5 11 11 2 5 6 4 4 4 4 4 4 4 4 11 11 2 5 9 8 10 10 2 8 11 5 10 7 6 8 7 7 7 7 10 0 6 7 7 7 10 8 2 9 5 7 7 7 11 11 5 5 1 3 4 11 5 11 5 7 1 11 9 5 4 5 11 4 4 11 2 5 4 3 11 5 10 10 7 8 8 7 10 7 7 7 7 10 8 8 10 8 10 2 3 11 11 5 4 4 5 11 5 11 4 5 7 0 10 7 9 8 8 10 7 7 8 7 1 9 11 5 4 5 11 4 4 5 10 10 8 8 11 2 4 11 5 10 9 8 8 11 2 7 6 7 7 7 10 10 8 7 8 11 11 2 5 4 4 11 4 4 4 3 4 5 4 4 4 4 11 5 4 10 2 10 10 8 8 7 9 7 8 10 10 8 2 9 5 7 10 10 2 8 7 7 9 8 10 8 7 7 7 11 11 2 3 5 4 4 11 11 1 5 4 4 4 4 5 3 7 10 8 11 7 10 2 7 8 9 5 10 10 8 2 9 8 7 11 11 5 5 11 4 1 9 5 8 11 4 11 5 4 5 11 11 5 4 2 3 10 10 7 8 10 8 8 7 7 7 10 10 2 8 9 8 4 10 10 8 8 7 7 10 10 8 2 9 8 10 10 8 2 3 11 4 5 11 11 2 5 11 11 4 5 3 4 5 10 8 11 11 2 3 4 4 5 4 4 11 11 2 5 9 8 10 10 7 7 8 8 11 5 10 0 9 8 7 7 7 8 4 4 11 4 2 9 5 1 3 4 11 5 4 4 10 10 2 8 7 10 8 10 10 7 6 8 8 11 5 10 7 8 10 7 10 2 6 7 7 7 8 10 2 9 4 5 7 11 11 5 4 5 11 4 4 5 4 11 4 5 7 11 11 5 4 5 4 11 5 11 11 2 5 7 6 7 7 10 8 7 7 11 10 2 6 8 10 2 6 10 10 7 8 8 10 7 7 8 7 11 11 5 2 9 4 4 4 5 7 11 11 5 4 4 5 4 4 4 11 5 10 8 11 4 11 2 5 3 11 5 7 7 10 8 10 8 7 7 7 10 8 4 10 10 8 8 10 10 2 8 10 9 8 8 7 10 2 10 7 8 11 11 5 5 11 11 4 5 5 4 4 4 4 9 5 11 11 2 5 11 9 5 4 5 11 11 2 5 3 10 10 2 8 7 7 7 7 7 7 7 6 7 10 8 11 5 10 10 8 8 7 10 10 2 8 6 11 11 4 4 2 3 4 4 5 4 4 4 4 4 4 11 11 2 5 11 4 5 10 10 8 8 10 7 10 7 8 6 8 10 10 2 8 6 7 10 8 7 10 10 2 8 6 11 11 4 4 2 3 5 11 11 2 3 5 11 11 2 5
ppo_x50_b_fd_l4_linear,3,qv18_11,18,155,True,767.0,2.12441086769104,8 8 10 10 8 8 9 11 2 5 10 10 7 8 8 9 5 10 10 8 8 11 2 10 10 7 8 8 10 10 8 8 9 5 10 10 8 8 10 10 8 8 11 5 7 11 11 2 5 9 8 11 11 5 5 4 4 11 5 11 4 5 4 4 11 4 11 2 5 9 8 10 10 8 7 7 7 8 4 10 2 9 10 8 7 8 11 10 2 8 6 10 7 7 7 7 10 8 8 4 10 2 3 4 4 4 4 4 4 11 5 7 11 11 4 4 4 4 4 4 4 2 5 7 7 7 7 7 7 9 8 11 10 8 8 10 0 9 8 7 7 7 8 7 7 11 10 2 8 10 8 11 11 4 4 3 5 11 5 4 4 5 4 4 10 11 5 4 5 10 8 4 11 11 5 2 9 5 11 5 10 10 2 6 7 7 7 8 7 10 7 8 11 11 2 5 3 10 7 8 7 7 10 10 8 2 9 8 11 4 5 11 11 5 4 4 4 5 11 5 10 11 5 4 4 5 11 11 2 5 3 7 7 10 10 2 6 7 7 8 10 7 2 6 7 11 11 2 3 4 4 5 10 4 4 5 7 11 11 5 2 4 9 5 11 11 5 2 6 10 8 10 10 2 6 7 7 7 10 8 8 4 11 5 4 11 5 11 5 10 7 10 7 7 8 7 7 8 1 4 4 4 3 4 4 4 4 11 5 10 10 2 8 9 5 10 10 7 7 7 7 7 8 7 7 8 11 2 3 10 10 7 7 8 2 10 9 8 7 8 1 11 3 4 4 5 4 1 10 9 5 5 4 4 4 4 11 4 4 5 10 10 2 6 8 10 8 10 10 7 7 7 8 8 11 5 11 4 5 7 10 10 8 2 9 5 10 10 8 7 8 10 8 10 2 10 9 8 8 4 11 5 11 5 4 4 11 5 11 11 5 5 11 4 11 4 5 2 9 8 7 1 3 11 11 4 4 5 2 3 10 7 8 10 7 8 10 10 8 7 7 7 8 10 10 8 2 9 7 8 7 10 10 8 2 10 8 11 11 5 5 9 11 5 4 5 7 11 11 5 4 4 4 5 11 5 0 9 7 10 2 6 7 8 7 10 10 7 8 2 9 4 11 2 3 4 4 5 4 4 10 2 10 10 8 6 8 11 10 8 7 8 10 10 8 8 11 2 3 11 5 4 11 11 2 3 4 4 4 4 5 7 11 11 2 3 4 4 5 11 4 11 2 5 10 8 6 10 10 8 7 7 7 7 8 10 10 8 7 7 8 7 7 7 7 11 11 5 2 9 5 11 4 5 4 1 3 4 4 4 4 4 4 10 11 5 5 11 11 2 5 3 10 8 10 10 7 7 2 6 8 11 5 10 10 8 7 7 7 7 7 8 0 6 7 10 8 11 11 4 2 5 9 11 5 5 11 5 4 4 4 10 10 2 8 10 9 8 7 8 11 4 5 10 10 8 7 8 10 2 7 10 8 7 6 11 11 5 5 11 11 5 5 11 11 2 5 3 4 1 3 4 4 4 10 8 11 11 5 4 5 10 7 8 4 4 4 4 10 10 2 8 6 7 7 7 10 8 7 7 10 10 8 2 3 7 7 10 7 7 8 7 11 11 4 2 3 5 11 11 4 4 5 4 4 4 5 11 11 2 5 4 3 10 10 2 6 7 8 10 10 8 2 9 8 11 4 4 5 10 7 10 7 8 8 10 10 2 8 9 8 10 10 2 6 7 8
ppo_x50_b_fd_l4_linear,4,qv18_12,18,149,True,716.0,2.9813504219055176,8 8 10 10 8 8 10 9 5 4 5 10 10 7 8 8 10 2 10 10 8 8 10 4 4 4 5 10 8 10 10 7 7 8 8 9 10 8 8 11 5 10 10 7 8 8 11 5 11 5 10 10 7 7 8 8 10 2 10 9 8 8 11 5 11 11 1 3 5 5 4 4 11 4 5 7 10 8 7 10 8 4 11 11 4 2 3 5 4 4 4 4 11 5 10 2 9 10 8 8 10 8 11 11 2 5 3 7 10 8 7 10 10 8 7 7 7 7 7 7 7 8 10 2 9 11 5 5 11 2 6 11 11 5 4 5 4 4 4 11 11 2 3 4 4 5 4 11 2 3 4 4 10 10 8 2 6 7 7 10 8 10 7 7 8 7 7 10 10 8 7 7 8 11 11 4 2 5 4 3 4 4 11 5 4 4 4 4 10 2 10 10 8 6 8 10 8 1 9 10 8 7 8 11 5 10 7 7 8 7 11 10 8 8 10 10 2 8 6 11 4 4 4 11 4 4 5 2 9 8 4 4 4 4 1 3 4 4 4 11 5 10 10 8 2 11 5 10 10 7 6 8 7 8 1 9 10 8 8 10 10 2 6 8 10 11 5 5 10 10 2 6 7 8 10 2 6 11 11 5 2 3 4 11 5 4 11 11 4 5 2 9 8 1 9 5 4 11 4 11 5 2 9 8 10 10 8 8 10 10 8 2 6 11 4 4 5 10 10 7 8 7 7 8 10 10 8 8 7 7 7 10 10 8 2 9 8 7 7 11 11 2 5 9 11 5 5 10 8 11 11 5 5 10 8 11 4 11 2 3 4 5 4 11 4 4 4 5 10 10 2 8 11 5 3 10 10 8 0 6 8 10 7 10 7 2 6 7 8 7 7 7 10 10 2 8 9 5 11 11 5 2 11 3 11 2 3 4 5 4 4 4 10 8 10 7 8 11 5 4 11 11 5 4 4 4 4 5 10 8 4 4 4 10 10 2 8 10 8 10 10 8 8 6 10 7 7 7 7 10 2 6 8 7 10 10 2 8 6 7 11 11 5 5 4 11 11 5 5 1 3 4 4 11 5 10 8 11 11 5 5 4 4 4 10 10 8 2 6 10 8 7 7 10 10 7 8 7 7 8 7 11 11 5 2 9 5 11 11 2 3 5 10 7 8 4 11 11 5 4 4 5 4 4 10 10 2 8 6 10 8 4 10 2 9 10 8 8 7 7 0 6 10 8 7 7 7 11 11 5 2 9 11 5 4 5 10 11 2 3 5 11 11 2 3 4 5 11 11 2 3 5 4 1 4 3 10 10 8 8 10 8 10 8 4 4 4 11 5 10 10 7 7 8 7 7 8 10 8 10 10 7 2 6 8 10 2 7 10 8 6 11 11 2 5 11 9 5 5 4 11 5 4 11 5 10 8 7 11 11 5 5 10 8 4 11 11 5 5 0 9 11 5 5 4 11 5 4 4 4 10 10 2 8 6 10 7 8 11 11 5 5 10 10 7 7 8 8 7 7 7 7 10 10 8 8 4 11 5 7 10 7 10 2 8 9 5 7 7 11 11 4 5 5 11 4 4 5 10 10 7 8 8 7 11 11 5 5 10 2 11 9 5 4 4 5
ppo_x50_b_fd_l4_linear,5,qv18_13,18,155,True,770.0,2.200340986251831,8 8 10 10 8 8 10 9 8 8 11 2 11 11 5 3 5 7 10 10 7 7 8 8 10 10 8 8 4 10 8 10 10 8 8 10 10 8 8 11 5 10 10 7 8 8 10 10 8 8 11 5 11 5 4 4 10 8 10 10 8 7 8 11 5 10 11 5 4 5 11 11 2 5 11 5 11 11 5 3 4 4 4 5 10 10 8 8 11 5 11 11 5 5 4 11 11 2 3 5 10 10 7 2 7 7 7 6 8 10 2 10 10 8 7 6 8 7 7 10 8 7 11 11 5 4 4 4 4 4 4 5 4 4 11 11 5 2 9 8 10 7 10 2 6 7 8 4 10 10 7 8 5 7 7 7 7 7 10 8 7 11 11 2 5 9 5 11 11 4 5 2 10 8 4 9 11 2 3 4 4 5 4 4 11 11 5 4 4 5 11 2 3 10 10 7 8 7 7 7 7 7 8 7 11 2 9 4 5 7 10 10 2 6 8 11 4 5 10 10 8 8 10 10 7 8 2 7 11 9 5 5 4 4 4 4 11 2 11 9 5 5 4 4 4 10 11 2 5 3 10 10 7 8 7 7 7 8 11 5 7 7 10 8 7 7 10 10 7 8 2 7 9 11 5 5 4 4 4 4 4 4 11 4 5 4 4 4 4 11 4 5 10 10 8 8 7 10 7 10 2 8 7 9 10 8 8 11 5 10 10 8 8 10 8 7 10 7 7 8 11 4 11 5 5 11 11 2 5 11 3 5 11 4 4 4 11 2 5 9 8 4 4 4 10 10 8 7 8 11 2 4 9 5 11 11 5 2 3 7 7 10 10 8 7 7 7 8 10 8 10 10 2 8 7 9 8 10 7 7 10 2 8 6 11 11 4 2 3 4 4 5 4 4 4 11 5 11 4 2 10 9 8 8 11 5 10 10 2 6 7 8 10 10 2 6 7 7 8 11 2 3 11 11 5 4 4 5 4 11 5 4 10 10 8 8 11 2 4 3 11 5 4 11 11 2 5 10 8 10 7 10 8 8 10 10 8 6 7 7 10 2 8 3 10 8 4 4 4 11 5 10 10 2 7 6 7 7 8 4 4 11 5 10 10 7 8 7 7 8 10 10 2 8 6 11 5 7 11 11 4 2 3 5 0 9 8 11 11 5 5 10 8 7 11 11 5 4 5 4 4 4 4 11 4 5 4 4 4 4 10 10 2 8 7 7 6 10 8 7 10 8 10 10 8 8 7 7 7 7 10 10 8 2 6 4 4 11 4 5 11 11 4 2 3 4 5 4 4 11 5 7 11 2 3 4 4 11 4 5 10 10 2 8 11 5 10 10 7 7 8 6 0 6 8 7 7 10 8 11 5 11 5 4 10 10 8 7 8 10 7 8 7 10 10 8 2 9 8 4 4 1 3 4 4 1 3 4 11 5 4 4 10 10 2 8 6 10 8 4 10 10 8 8 10 10 8 2 7 9 8 7 11 11 2 5 9 8 4 1 3 11 5 7 11 11 5 4 5 11 4 11 2 5 3 10 8 10 7 10 7 7 7 7 8 2 6 10 7 8 7 7 11 11 5 2 9 4 5 11 5 11 4 4 4 5 4 4 4 4 4 4 4 10 10 2 8 6 10 8 10 8 4 4 10 10 8 7 7 8 7 10 10 8 2 3 10 7 8 7 7 7 10 10 2 6 8 11 11 4 4 5 5 11 5 7 11 11 5 5 11 11 5 5 11 11 4 4 2 5
ppo_x50_b_fd_l4_linear,6,qv18_14,18,154,True,747.0,2.049010992050171,8 8 10 10 8 8 10 9 8 8 11 2 11 11 5 3 5 10 7 7 10 7 8 8 10 10 8 8 11 5 10 10 7 8 8 11 5 1 3 11 5 11 11 5 5 10 7 7 8 4 11 5 4 4 4 11 11 5 2 3 7 7 10 10 7 7 2 8 10 10 8 8 10 6 10 7 8 8 11 5 10 10 7 8 8 11 5 4 1 9 5 4 4 11 5 4 11 11 2 5 4 11 3 5 11 4 5 10 10 7 7 0 7 7 7 7 8 8 11 10 8 8 7 10 10 8 6 8 11 10 8 2 9 10 8 8 4 11 4 10 8 8 10 8 4 4 4 4 4 4 10 1 9 5 5 4 4 4 4 4 4 11 5 4 10 10 8 8 10 10 7 8 2 10 10 7 8 6 7 8 10 8 10 7 8 7 10 10 8 2 9 8 4 4 4 11 5 4 4 11 5 4 10 10 2 8 9 8 11 5 4 4 11 4 1 4 3 4 5 10 10 7 8 8 10 8 10 7 10 7 8 8 10 10 8 7 8 11 10 8 8 1 3 4 4 11 4 4 4 5 4 11 11 5 2 9 5 10 8 10 10 7 7 8 2 10 6 7 7 10 7 8 2 4 4 9 5 11 4 5 4 4 4 11 5 11 11 5 5 7 0 7 9 8 10 10 8 2 11 5 9 11 5 5 4 4 4 4 11 10 2 8 10 10 8 6 7 8 7 7 7 0 6 10 7 8 11 11 5 5 10 7 8 10 10 7 7 7 8 2 4 4 9 5 4 4 11 5 11 11 4 5 2 9 8 4 10 10 2 6 7 7 8 10 7 10 7 7 8 8 11 5 10 10 8 2 9 5 11 1 9 8 5 4 10 11 5 5 7 11 11 5 4 4 4 4 4 4 5 7 11 11 5 2 9 8 11 11 5 2 3 10 7 8 10 10 2 6 8 10 10 7 8 8 4 10 10 2 6 7 8 7 10 10 7 8 2 9 5 11 5 11 11 4 2 3 5 4 4 11 4 11 5 2 9 8 10 11 5 5 11 1 9 5 4 4 4 5 11 2 3 10 10 7 7 7 8 8 7 10 10 2 6 8 10 8 10 8 7 7 7 10 10 8 2 6 4 11 4 11 4 5 4 4 5 10 8 11 4 4 11 2 4 4 5 10 6 8 11 11 5 5 11 2 4 11 5 3 10 10 7 7 2 6 8 10 10 7 7 7 8 7 7 8 10 7 10 8 2 7 6 11 11 5 5 10 8 11 4 11 4 2 3 4 5 4 4 11 5 11 5 4 4 10 10 2 8 6 7 10 8 10 11 5 2 10 6 10 7 8 8 11 5 10 10 8 8 7 11 0 9 8 8 7 10 10 8 2 9 5 11 11 2 5 11 4 9 5 5 4 11 11 2 3 4 5 4 4 4 4 11 11 2 5 11 3 5 11 10 8 8 7 7 7 0 9 8 10 10 2 8 7 6 7 7 7 7 10 8 4 11 11 4 2 3 5 4 11 4 5 10 10 2 8 10 7 7 8 10 6 11 5 5 11 5 7 10 10 8 7 7 7 8 10 2 11 11 3 5 5 11 11 5 4 4 1 4 9 5 4 4 4 5 11 4 11 2 5 4 3 10 10 2 7 8 9 5 10 10 8 8 7 7 7 10 8 7 11 11 5 5 11 11 4 4 2 5
ppo_x50_b_fd_l4_linear,7,qv18_15,18,156,True,773.0,2.0596206188201904,8 8 10 10 8 8 10 9 8 8 11 2 11 9 5 4 5 10 2 10 10 7 7 7 8 8 9 10 8 8 11 5 4 11 5 10 10 7 7 7 8 8 11 5 7 10 10 8 8 10 2 10 9 8 8 4 11 1 3 4 5 4 11 11 5 2 11 5 4 11 5 3 10 7 10 7 2 6 7 7 8 7 7 10 8 4 11 11 4 5 2 3 4 11 4 4 4 4 5 11 11 2 5 3 10 7 7 7 10 2 6 7 7 7 7 8 11 2 4 4 4 11 9 8 5 4 4 4 4 11 11 2 5 10 8 10 10 8 8 10 10 7 7 6 7 7 7 8 7 8 4 4 4 4 11 5 11 5 10 10 7 2 8 10 10 7 7 7 7 7 7 8 8 9 5 11 5 4 4 11 5 10 10 2 8 9 8 10 10 8 2 6 11 5 11 1 9 5 4 5 4 4 4 10 2 6 10 4 11 5 5 11 5 10 10 8 8 10 10 7 7 8 7 8 11 5 10 2 9 11 5 5 11 11 2 5 9 4 5 7 7 7 7 10 10 8 7 8 1 9 5 4 4 11 5 11 11 5 4 4 4 4 4 5 4 4 11 11 2 3 5 7 7 10 8 7 7 7 7 10 7 7 7 8 7 11 11 2 5 9 5 11 11 4 5 5 11 11 5 2 3 4 11 11 5 5 4 11 2 3 10 10 8 8 10 8 4 10 10 8 8 10 10 8 7 7 8 11 2 6 10 7 8 10 10 8 7 7 8 7 11 11 2 5 9 4 5 7 10 8 11 11 5 11 5 4 4 5 11 4 4 11 2 5 3 4 4 1 4 9 5 0 9 11 5 5 10 10 7 8 8 11 5 10 10 7 8 7 8 11 2 3 10 10 7 8 8 10 8 4 11 5 10 10 7 2 6 7 8 10 7 7 8 7 11 11 2 5 3 11 11 5 4 5 10 7 8 7 11 11 5 5 1 3 4 11 5 11 11 2 3 4 4 5 10 8 10 7 8 4 4 4 4 4 4 4 10 10 2 8 9 10 7 7 2 6 7 8 10 10 7 7 8 2 9 5 10 10 8 8 7 7 10 8 10 2 6 11 11 4 5 4 4 4 4 5 4 4 11 11 2 5 3 10 7 8 7 7 7 7 10 7 11 2 5 4 4 3 4 4 4 10 8 11 11 5 5 7 10 2 9 10 8 8 7 10 2 10 9 8 8 11 4 5 7 10 2 6 10 10 8 7 7 7 8 11 2 11 11 4 3 5 4 4 4 4 4 4 4 1 3 5 10 8 11 11 5 5 10 11 5 4 5 10 10 8 2 9 5 10 10 0 8 7 9 8 8 10 7 10 2 8 6 11 5 4 11 5 4 4 4 11 11 5 2 3 10 10 7 2 8 9 5 4 11 5 10 10 7 7 7 7 7 8 2 10 7 6 7 8 7 7 1 11 11 5 4 3 4 4 5 10 11 5 5 11 11 2 5 10 7 7 6 7 7 8 4 10 10 2 8 7 7 6 7 10 8 10 10 8 2 4 3 11 5 4 4 4 4 4 0 9 11 5 5 4 4 4 4 11 4 4 5 10 10 2 6 8 11 2 10 10 8 8 10 10 7 8 7 6 8 7 7 7 10 10 2 6 7 8 10 2 6 11 11 4 5 5 4 4 4 4 11 5 10 2 7 6 7 7 10 8 7 11 11 2 5 11 11 5 3 5 11 11 4 5 5 10 8 11 11 2 5
ppo_x50_b_fd_l4_linear,8,qv18_16,18,157,True,780.0,2.1367290019989014,8 8 10 10 8 8 10 9 5 5 10 10 8 8 10 2 10 10 8 8 9 10 8 8 11 5 11 5 10 10 2 6 8 10 2 10 10 8 8 10 10 8 8 9 5 10 10 8 8 10 2 3 10 10 8 8 11 4 11 5 5 11 4 11 5 4 4 5 4 4 4 11 5 0 9 8 7 7 7 10 8 7 7 10 10 2 8 3 11 4 4 4 5 10 11 5 2 4 4 4 3 4 4 4 10 10 2 8 10 6 8 10 10 2 8 6 10 7 7 7 8 10 10 2 6 7 8 7 7 11 2 3 11 11 5 5 4 4 4 4 11 5 4 4 11 11 4 2 5 9 8 10 8 10 10 7 8 7 8 10 10 8 7 8 0 9 11 5 5 11 5 4 4 4 11 5 11 11 5 4 4 5 10 10 2 8 10 10 8 7 7 7 7 6 8 10 7 7 7 7 8 10 10 7 8 2 9 5 4 4 4 11 4 5 7 11 11 5 5 11 5 11 11 2 5 11 5 9 10 7 8 4 10 8 7 8 4 10 11 5 2 11 9 5 4 4 5 4 4 4 11 2 3 10 10 7 8 7 7 7 8 4 4 4 11 5 10 7 10 8 7 7 7 8 11 5 10 10 7 2 6 8 10 10 7 8 8 1 4 3 4 4 4 4 4 10 8 11 2 6 10 8 10 10 7 7 7 7 8 8 7 11 2 6 11 11 2 3 4 5 10 7 8 11 11 2 5 3 11 5 4 4 11 4 5 10 8 4 11 11 5 5 11 4 5 4 4 10 11 5 5 10 10 7 8 2 10 7 6 8 7 7 7 7 0 9 8 7 7 11 11 5 2 9 5 11 11 5 5 4 4 11 4 11 5 2 9 8 7 7 11 11 2 5 9 10 7 8 8 10 10 2 6 7 7 8 7 7 11 11 5 2 11 4 3 4 5 4 11 11 2 3 4 4 5 7 10 7 2 11 9 5 5 4 4 4 11 2 3 10 10 7 8 8 7 7 7 7 7 7 11 5 10 10 8 7 7 7 7 7 8 11 2 9 7 11 5 5 11 5 4 4 4 1 4 11 5 10 8 11 11 5 5 9 5 4 4 4 4 11 11 2 5 7 9 8 10 10 7 2 6 7 7 8 10 10 7 8 2 10 9 7 8 5 10 7 10 8 2 10 9 8 8 4 4 10 8 11 1 9 5 5 11 2 3 4 10 11 5 5 4 4 11 11 2 3 5 4 4 4 11 2 9 11 5 2 3 10 10 2 6 8 1 9 8 10 7 7 8 7 7 11 5 10 10 2 6 7 7 8 11 5 10 10 7 8 2 10 7 8 10 10 8 8 11 4 5 9 11 5 5 11 5 4 4 4 11 5 11 11 4 2 3 4 4 5 11 11 2 5 3 7 7 7 7 10 8 10 8 10 7 7 10 2 6 8 7 10 8 11 5 10 10 7 8 2 9 5 4 10 8 7 7 11 11 5 5 4 4 4 4 4 4 4 4 4 4 11 5 10 2 3 10 10 8 8 4 11 4 5 7 7 7 10 7 8 4 10 10 2 6 7 7 8 4 10 10 2 6 7 8 1 9 4 5 4 11 5 11 11 2 3 4 4 5 11 2 11 11 5 4 5 9 8 7 7 7 10 8 7 7 7 7 10 7 8 4 10 10 8 2 10 9 8 7 8 10 2 6 0 6 11 11 5 5 11 11 5 5 4 4 11 5 10 8 11 11 5 5 11 11 4 4 2 3 5 11 11 2 5
ppo_x50_b_fd_l4_linear,9,qv18_17,18,156,True,765.0,2.1384947299957275,8 8 10 10 8 8 10 9 5 5 10 10 8 8 10 2 10 10 8 8 11 4 4 3 5 10 7 8 10 10 7 8 8 10 10 8 8 11 5 10 10 7 8 8 10 10 8 8 1 9 5 4 11 11 5 2 10 7 8 6 10 10 7 8 8 10 2 11 9 5 5 11 10 8 8 4 11 5 7 11 11 5 5 4 4 1 3 4 4 4 4 10 11 5 5 11 11 2 3 4 5 11 2 3 10 10 8 8 10 11 5 5 10 10 7 7 7 7 7 7 2 8 9 8 7 10 8 7 11 11 2 5 9 8 11 11 5 5 4 10 11 2 5 3 10 7 7 7 8 7 10 10 8 7 2 6 11 4 4 5 11 11 2 3 4 5 11 2 6 11 0 9 5 5 11 11 5 5 7 11 11 2 3 4 4 5 11 5 4 4 10 10 2 8 10 6 7 8 7 10 10 8 2 6 10 10 8 7 8 10 7 7 10 2 8 6 7 11 11 5 5 11 4 5 11 11 2 3 5 4 4 4 4 11 5 4 11 5 10 10 8 2 10 9 8 8 11 1 3 4 4 5 4 10 10 2 8 7 9 8 10 10 7 2 6 8 7 7 7 10 8 4 10 10 8 7 8 7 7 10 10 8 2 11 5 4 9 11 5 4 5 4 4 4 4 11 5 10 8 11 11 2 3 4 4 5 4 4 4 10 10 2 8 10 6 7 8 10 10 8 7 7 8 10 2 3 10 7 8 7 7 7 7 11 11 5 2 4 11 4 3 4 4 5 4 4 4 4 4 10 10 2 8 6 10 7 8 10 10 7 8 5 10 10 8 8 11 2 6 11 10 8 8 10 7 7 8 7 11 11 5 2 9 4 5 7 10 8 11 11 4 2 4 3 5 4 4 4 4 4 1 9 11 5 2 4 11 9 5 4 5 11 2 10 10 8 6 8 11 5 10 10 7 8 8 10 10 8 8 7 10 8 10 10 2 8 9 4 4 5 7 7 7 7 10 7 8 7 7 11 11 2 5 11 11 4 3 4 5 5 4 11 5 4 4 11 5 10 8 10 10 2 8 10 9 8 8 10 8 4 4 4 1 3 1 3 4 11 5 4 4 10 10 2 8 10 9 8 8 10 10 2 6 8 11 5 7 10 10 8 7 7 7 8 7 11 11 5 2 10 8 10 6 7 7 7 10 8 2 11 5 11 11 3 5 5 4 4 11 5 4 10 10 8 8 10 8 11 11 5 5 11 11 2 3 5 11 5 4 11 4 4 11 5 2 11 5 3 10 10 8 8 10 10 2 6 8 10 10 2 6 7 7 8 11 2 6 10 10 8 8 11 2 6 10 7 7 11 5 4 4 4 4 5 10 2 11 9 5 5 4 11 11 5 5 0 9 8 7 10 10 2 6 7 8 10 10 2 6 7 7 7 7 8 10 2 6 11 11 2 3 5 4 11 5 10 8 11 11 4 5 5 4 11 5 10 8 11 11 5 4 5 4 11 11 5 4 4 5 10 10 2 8 6 10 7 5 7 10 7 8 4 11 5 10 10 8 8 7 7 11 5 10 10 2 6 7 8 10 2 7 10 10 8 8 11 5 9 4 10 8 8 11 5 11 11 5 5 1 3 4 4 4 4 4 4 11 4 5 11 11 2 5 9 8 10 10 7 8 8 11 2 3 10 10 8 8 10 7 7 10 8 7 7 8 10 7 7 10 8 8 10 10 8 2
ppo_x50_b_fd_l4_linear,10,qv18_18,18,158,True,789.0,2.1827166080474854,8 8 10 10 8 8 10 9 5 5 10 10 8 8 10 2 10 10 8 8 9 10 8 8 11 5 11 5 11 11 2 3 4 4 4 5 10 2 10 7 7 6 7 10 7 7 7 8 8 10 10 8 8 11 5 4 4 11 5 11 5 10 7 7 10 8 7 8 10 10 7 8 5 10 10 8 8 11 5 11 4 5 10 7 10 2 7 8 11 5 4 4 3 4 4 10 10 8 7 8 11 5 11 5 11 11 5 4 5 4 4 4 11 5 4 4 11 11 2 5 3 7 10 8 10 10 7 7 8 2 9 8 7 7 10 8 7 7 7 7 7 7 11 11 2 3 5 11 1 9 5 8 4 4 4 4 4 0 9 8 11 11 5 5 4 11 4 5 10 10 8 2 10 7 7 7 10 8 6 8 4 10 10 8 8 7 10 10 8 2 9 8 11 11 4 4 2 3 5 4 4 4 1 4 3 11 5 4 4 4 4 10 10 2 8 6 10 8 4 10 10 8 7 7 8 11 5 10 10 7 8 8 10 8 7 7 10 8 4 11 11 2 3 4 5 11 2 10 9 8 8 11 2 3 4 11 5 4 4 4 4 10 10 8 2 10 10 8 7 7 6 7 7 8 10 2 6 10 10 8 7 7 8 11 2 9 11 5 4 4 4 5 4 11 5 10 8 11 11 2 3 5 0 10 9 8 5 7 10 7 7 10 8 2 6 11 5 11 11 4 2 5 4 4 3 4 11 5 10 7 11 5 5 4 4 4 4 11 5 7 11 5 10 10 7 8 2 11 5 10 9 8 8 10 10 7 7 7 2 6 7 8 7 7 10 8 7 7 7 11 11 5 2 9 5 4 4 4 11 4 4 5 11 11 5 2 9 5 7 10 10 7 8 7 8 11 4 5 7 11 11 5 2 3 11 5 11 11 2 3 4 4 5 11 11 2 5 7 9 8 10 10 2 6 8 11 5 10 10 7 8 0 6 7 7 7 7 8 10 10 2 8 9 5 7 11 11 5 4 5 11 5 4 11 11 2 3 4 5 11 5 4 4 4 4 10 10 8 2 9 8 7 10 7 7 7 8 11 4 4 5 10 10 7 2 8 7 9 8 10 10 8 8 10 10 8 7 8 7 10 8 11 5 11 11 2 5 3 11 11 4 2 3 4 4 5 4 4 4 4 4 10 11 5 5 10 10 7 8 2 6 7 10 7 8 11 5 10 10 7 7 2 6 8 11 5 10 10 8 8 7 11 4 10 2 8 9 8 11 11 2 3 4 4 5 11 5 4 4 4 4 11 4 4 11 2 5 9 8 10 7 10 8 8 10 10 2 6 7 7 8 4 10 10 2 6 7 8 4 10 10 8 7 8 10 10 7 7 7 8 2 9 4 5 11 5 11 4 4 11 2 5 9 5 4 4 10 11 5 5 4 10 11 5 5 4 4 11 11 5 2 9 5 10 10 7 7 8 7 7 0 6 8 10 10 8 7 8 10 10 7 8 8 10 10 7 8 2 9 5 4 4 11 5 11 1 3 5 4 4 4 4 4 11 11 2 5 11 4 4 3 5 10 10 2 6 7 7 7 8 10 10 7 7 7 7 8 8 11 4 4 5 0 6 11 10 8 8 10 7 7 7 10 2 6 8 11 4 11 5 4 5 10 8 10 8 11 11 4 2 4 3 5 4 4 10 11 5 4 4 5 4 11 5 10 10 2 8 6 10 7 10 7 7 8 0 6 8 10 7 7 7 8 7 11 11 2 5 11 4 11 4 5 3 5 11 11 2 5
ppo_x50_b_fd_l4_linear,11,qv18_19,18,151,True,738.0,2.0389273166656494,8 8 10 10 8 8 10 9 5 5 10 10 8 8 11 2 9 4 11 5 2 3 10 10 7 7 7 8 8 11 5 10 10 8 2 10 10 8 8 10 9 8 8 10 2 11 9 5 5 11 5 4 1 9 4 10 8 8 4 11 5 4 4 11 4 5 10 10 2 8 10 9 8 8 11 10 2 8 10 10 8 7 7 6 8 10 10 8 2 10 10 8 8 9 10 8 8 11 5 10 10 7 8 8 10 2 11 9 5 5 10 2 4 3 4 4 4 4 11 5 11 11 2 5 3 10 7 8 10 10 8 8 10 10 7 7 8 5 10 10 8 8 10 2 11 11 5 3 4 5 11 11 5 5 4 4 4 11 1 3 5 11 11 2 3 4 4 5 10 10 0 6 8 7 7 8 11 4 4 5 10 7 8 10 10 8 8 10 10 8 8 7 7 7 7 10 8 11 5 11 11 2 3 5 4 11 5 4 11 4 4 4 5 11 11 4 4 4 5 2 7 9 8 10 10 7 7 7 2 6 7 8 7 7 10 8 11 5 10 10 7 7 8 4 4 4 4 5 4 4 4 10 2 9 11 5 5 4 4 4 11 2 3 10 10 7 8 7 7 7 7 7 7 7 7 10 7 8 7 7 8 10 2 9 11 5 5 4 4 11 10 8 8 10 10 8 8 11 5 11 11 5 5 4 4 11 5 4 10 10 8 8 11 4 5 4 11 5 10 8 4 4 11 11 2 5 9 5 10 7 7 8 11 4 5 4 4 4 11 5 10 10 8 8 10 10 7 7 8 8 10 10 7 8 2 9 5 7 10 10 8 0 6 8 7 10 10 7 8 2 9 5 11 11 2 5 11 11 5 3 5 4 11 5 11 11 5 4 4 5 7 0 7 7 6 0 9 8 11 5 10 10 7 7 8 5 7 10 10 8 2 9 5 4 4 11 11 2 5 11 5 6 7 10 10 2 8 6 7 7 11 11 5 5 4 4 4 11 1 3 4 4 11 5 4 5 0 9 7 8 7 10 8 1 9 4 4 4 4 5 4 4 11 11 5 2 9 8 10 10 0 7 8 6 8 11 5 10 7 0 6 10 8 8 10 10 8 8 11 2 9 5 10 10 8 8 10 8 4 1 4 11 5 9 11 5 4 5 11 5 7 0 6 10 8 10 10 8 8 10 10 8 8 10 10 8 2 3 4 11 5 7 7 7 7 7 11 11 5 2 9 4 5 4 11 5 11 11 4 4 4 5 2 11 9 5 4 4 4 5 0 9 5 10 10 8 7 8 7 11 5 10 10 8 7 7 8 10 8 7 10 10 2 8 6 7 10 8 11 11 4 5 2 4 4 4 4 4 3 4 4 4 10 8 10 7 7 8 11 11 5 4 4 4 5 4 4 10 10 8 7 8 10 8 0 7 11 9 8 8 10 10 2 6 8 10 7 7 7 8 10 7 8 11 11 4 4 2 3 4 5 11 4 5 7 7 11 11 2 5 11 4 3 4 4 4 4 4 11 2 5 9 8 10 10 0 7 6 8 8 10 7 2 7 6 7 0 6 10 8 4 4 4 11 2 11 3 11 5 5 11 4 2 10 9 5 5 10 10 8 8 7 7 10 8 1 3 10 10 8 8 10 10 8 7 8 1 3 10 10 8 8 10 10 2 6 7 8
ppo_x50_b_fd_l4_linear,12,qv18_2,18,153,True,763.0,2.016396999359131,8 8 10 10 8 8 10 10 8 8 9 5 10 10 8 8 10 10 8 8 11 5 10 10 7 8 8 11 10 8 2 10 9 8 8 1 4 9 5 11 4 5 10 10 2 8 10 6 8 1 3 11 4 5 11 11 2 5 11 11 5 4 3 5 11 4 5 10 10 8 2 10 9 8 8 7 11 2 11 11 5 3 4 5 10 10 8 7 7 7 7 7 7 7 7 10 7 7 8 8 10 10 8 8 1 3 11 4 5 11 11 5 2 4 4 9 5 11 4 5 11 11 2 5 3 10 7 7 7 7 7 7 10 2 8 9 5 10 10 8 7 7 8 11 11 5 5 4 4 11 5 10 2 9 11 5 4 4 5 11 2 10 6 10 8 7 7 7 7 7 8 11 11 5 2 11 4 9 5 4 5 4 4 4 11 1 4 3 5 11 4 11 5 2 9 8 10 7 7 7 7 7 7 7 8 7 7 11 11 2 5 11 4 4 3 4 11 5 5 4 11 11 2 3 5 10 10 7 7 2 6 7 8 7 7 0 9 8 7 7 7 10 8 11 5 7 7 11 11 2 5 9 4 5 11 4 11 4 5 5 11 4 5 7 11 11 5 2 9 8 4 4 11 11 2 5 4 3 10 7 7 7 7 10 8 7 7 8 7 7 10 10 8 7 7 8 7 11 11 2 5 3 4 10 8 11 5 4 4 4 11 5 7 11 11 5 5 10 7 7 8 4 10 8 11 11 5 5 11 11 2 3 5 11 5 11 11 5 2 9 5 4 10 10 2 8 7 7 6 10 8 10 7 10 7 7 2 6 8 11 5 7 7 7 11 11 2 5 4 3 11 5 11 4 4 4 4 5 7 11 11 5 2 6 11 5 4 4 4 11 2 3 10 10 7 8 7 8 7 7 7 7 7 7 10 7 8 11 2 11 9 5 5 0 10 7 6 7 8 7 11 11 2 5 9 4 5 4 4 4 4 4 11 5 4 4 4 10 11 5 5 10 10 7 2 8 9 8 10 8 10 10 7 2 6 8 10 10 7 8 2 9 8 4 11 5 4 4 11 4 5 7 10 10 7 8 2 7 9 8 10 10 8 8 11 1 4 3 5 11 5 11 11 4 4 5 11 5 5 4 11 2 9 11 5 4 5 10 2 10 10 8 7 6 7 8 10 7 8 10 7 10 2 6 7 8 10 2 10 9 8 7 8 7 11 11 5 5 7 10 8 11 11 5 5 4 11 11 5 4 4 5 0 9 11 5 5 4 11 11 5 4 5 4 11 11 5 2 3 10 10 7 8 8 10 7 8 4 10 10 8 7 7 7 7 8 10 7 8 10 10 2 6 8 10 2 6 11 11 5 4 4 11 5 5 7 11 11 5 5 4 11 11 5 2 10 7 8 10 10 8 8 10 6 7 7 7 8 11 11 4 2 5 3 4 4 4 4 4 10 11 5 5 4 4 4 11 11 5 2 9 5 7 10 7 10 8 7 7 7 8 11 11 5 2 10 8 9 10 8 7 7 8 10 2 7 6 11 11 5 4 4 5 4 4 4 10 11 5 5 11 4 11 5 5 7 10 11 5 5 4 4 10 10 8 2 9 8 10 10 7 2 7 6 8 10 7 7 8 7 7 1 11 11 3 5 4 4 4 5 10 2 6 11 11 5 5 4 4 10 10 8 2 6 10 7 7 10 8 8 10 7 7 10 8 7 7 7 8 11 11 2 5
ppo_x50_b_fd_l4_linear,13,qv18_20,18,155,True,772.0,2.030613899230957,8 8 10 10 8 8 9 11 2 5 10 10 7 8 8 9 5 10 10 8 8 11 2 10 10 7 8 8 10 9 8 8 10 2 10 10 8 8 9 10 8 8 11 5 11 11 5 5 4 4 4 11 5 11 11 2 3 4 4 4 4 5 11 2 10 10 8 7 9 8 8 11 4 5 10 10 2 7 6 7 7 7 8 11 10 2 8 10 10 8 6 7 7 7 8 10 10 8 8 10 2 9 4 4 5 4 4 4 4 4 4 10 11 5 5 4 11 11 5 2 3 10 8 7 7 10 8 11 5 7 10 10 7 7 7 8 7 7 7 8 11 2 4 10 9 8 8 11 4 5 4 10 11 5 5 7 11 11 2 3 4 5 11 4 4 4 4 11 5 4 5 11 11 2 5 3 10 7 7 10 2 8 9 8 10 10 2 6 8 7 7 10 7 7 7 7 10 8 8 10 10 2 8 9 5 11 11 5 5 4 1 3 4 11 5 10 8 10 10 8 8 4 4 11 5 4 11 4 11 5 4 4 5 11 11 2 5 3 10 7 8 10 10 8 2 10 7 8 4 3 11 4 5 4 10 10 2 8 10 8 10 7 7 6 10 7 8 8 10 10 2 6 7 7 7 8 10 2 11 11 5 3 4 4 5 11 11 5 5 0 7 9 8 7 7 1 11 11 5 3 4 4 4 5 11 2 3 4 11 5 10 10 8 2 3 10 7 7 8 7 7 10 10 2 8 11 3 5 11 11 4 4 4 4 5 4 4 5 4 4 11 10 2 8 10 10 8 6 7 7 7 7 8 11 11 2 5 9 8 4 11 4 5 10 10 7 8 8 10 10 8 8 7 7 7 7 10 10 8 7 8 11 4 5 10 10 8 2 6 4 4 11 4 5 10 10 2 8 11 5 3 4 11 5 4 4 4 4 11 11 2 5 11 9 5 4 4 5 11 2 10 9 8 8 10 10 8 8 7 7 10 2 10 6 10 7 8 7 7 8 10 10 7 8 2 9 5 11 5 7 7 11 11 5 2 11 5 4 9 11 5 5 7 10 10 8 8 11 5 11 11 5 5 4 4 11 4 5 10 8 4 11 11 2 3 5 4 4 11 11 5 2 10 6 10 7 8 7 7 7 7 8 11 2 10 10 8 8 7 7 9 10 8 7 8 11 10 2 8 7 6 11 11 4 2 3 5 4 4 11 5 10 8 10 11 2 3 4 4 5 4 4 4 4 4 11 5 10 10 7 2 8 10 6 7 7 7 8 10 10 2 8 10 6 8 1 10 9 8 7 8 4 11 5 7 11 11 5 4 4 4 4 4 5 4 10 11 5 5 10 10 7 8 2 10 7 6 7 7 10 8 2 9 7 7 8 4 4 4 4 4 11 4 5 4 10 11 5 5 10 10 7 2 6 8 10 2 9 10 8 8 11 5 10 10 8 2 9 5 7 10 10 8 8 7 11 1 9 5 4 4 4 4 5 4 4 4 11 5 10 11 2 3 4 5 11 2 3 10 10 7 8 7 8 4 10 10 8 8 10 10 8 7 8 4 10 10 2 7 8 9 5 1 9 10 8 7 7 7 7 8 7 11 2 11 11 5 5 9 5 4 4 4 11 5 11 11 5 5 4 11 11 2 5 4 4 9 5 4 10 10 8 2 10 10 8 6 7 7 7 7 7 7 8 10 7 8 10 10 2 6 7 8 10 2 11 11 3 5 4 4 5 11 11 2 5 11 9 5 4 4 5
ppo_x50_b_fd_l4_linear,14,qv18_21,18,155,True,768.0,2.119603157043457,8 8 10 10 8 8 10 9 5 4 5 10 10 7 8 8 10 2 10 10 8 8 10 9 8 8 10 2 10 9 8 8 10 10 8 8 10 10 8 8 11 5 7 11 11 5 5 1 3 4 4 4 10 8 11 11 5 4 11 2 3 4 5 4 11 5 0 10 7 9 8 7 8 7 7 10 8 7 7 7 10 10 2 8 9 5 7 10 10 8 8 4 4 1 9 4 4 4 5 10 11 5 5 11 11 5 5 11 5 4 4 4 10 8 11 11 5 2 9 11 5 5 10 8 4 10 10 2 8 7 10 8 10 10 8 6 7 7 7 8 10 10 8 2 3 11 5 4 4 10 11 2 3 5 4 10 11 5 4 5 10 8 11 11 4 2 5 3 10 8 7 10 8 10 10 7 7 7 8 0 6 8 10 8 7 11 11 2 5 9 5 11 11 5 2 7 6 10 8 10 7 7 10 8 2 9 5 11 11 5 4 4 5 4 11 5 10 8 4 11 11 4 2 3 4 4 4 5 4 4 10 10 8 2 9 8 7 7 7 10 7 8 4 10 10 8 2 9 10 8 2 10 9 8 8 11 4 5 10 7 7 7 7 8 4 11 11 5 4 4 4 4 4 5 11 4 2 3 4 4 10 10 8 7 7 7 7 8 7 7 10 7 7 10 2 6 7 8 7 11 2 11 11 5 5 9 4 4 5 11 5 4 4 4 11 5 10 8 4 11 11 2 4 5 9 8 11 5 10 10 2 6 7 7 7 7 7 8 11 2 3 4 0 10 10 8 6 8 10 8 10 7 7 8 7 11 11 5 2 9 5 11 11 5 4 5 7 11 11 2 3 4 4 4 4 4 4 5 11 11 2 5 9 8 4 4 10 10 8 0 6 7 7 7 7 8 11 2 4 9 5 11 1 4 3 5 11 4 5 10 10 7 7 8 8 10 2 10 10 8 10 8 8 9 8 10 10 2 8 9 5 7 10 10 8 8 10 10 8 2 3 11 4 4 5 11 11 5 4 5 11 11 4 5 2 10 7 7 7 6 7 7 10 8 8 4 11 10 8 8 7 7 0 6 11 11 5 5 11 11 5 8 4 4 4 11 5 10 8 11 11 2 3 4 4 4 5 11 5 0 9 10 8 7 8 11 2 7 7 7 9 8 7 10 10 8 7 8 11 10 8 8 10 10 2 8 11 11 4 4 4 5 4 3 4 4 4 4 4 5 11 2 3 4 4 4 10 10 8 2 10 10 8 6 7 8 1 9 10 8 7 8 11 5 10 7 8 1 4 4 4 4 9 5 11 11 5 2 11 5 10 10 7 7 7 7 7 7 8 6 8 11 5 4 10 10 8 8 10 8 10 10 2 8 9 8 7 11 11 2 5 3 11 5 11 11 5 4 4 5 0 7 6 7 7 7 7 10 8 7 7 11 11 2 5 3 11 4 5 10 10 8 8 11 5 11 11 5 4 5 11 11 4 2 5 3 4 11 5 11 4 5 11 11 4 2 5 9 8 10 7 10 7 8 7 8 7 10 10 8 2 6 7 7 10 8 7 10 10 7 5 8 7 1 9 11 5 4 4 11 5 4 4 5 4 4 4 4 4 11 5 11 11 2 5 3 10 10 7 7 8 8 10 10 0 6 8 7 7 8 10 2 6 11 11 5 5 4 11 2 3 10 10 7 2 6 8 4 10 10 2 6 7 8 11 2 3 10 10 8 7 7 7 8 11 11 2 5
ppo_x50_b_fd_l4_linear,15,qv18_22,18,155,True,743.0,2.030700206756592,8 8 10 10 8 8 10 9 5 5 10 10 8 8 10 2 10 10 8 8 10 10 8 8 9 5 4 11 5 7 10 10 7 8 8 10 10 8 8 10 10 8 8 11 5 11 4 10 2 8 10 8 7 10 9 8 8 4 4 4 4 11 1 3 5 7 11 11 5 4 5 11 4 4 11 2 4 5 9 8 11 11 5 4 2 3 10 10 8 7 7 7 8 11 4 5 10 7 10 7 7 7 2 6 7 7 8 10 8 7 7 10 8 11 11 4 2 5 9 4 5 4 11 5 4 11 5 10 10 8 2 10 7 6 10 8 8 4 11 10 8 8 10 7 8 11 11 5 2 9 5 11 11 5 5 4 4 4 11 5 10 8 7 11 11 5 5 11 11 2 5 9 8 7 11 11 2 5 4 3 4 4 4 10 10 2 8 10 6 10 8 8 7 7 7 7 0 6 10 8 11 5 10 10 2 8 6 11 11 5 2 4 4 3 4 4 11 5 11 11 5 2 3 7 7 10 8 10 10 7 7 7 7 7 2 6 8 10 10 2 8 9 5 7 7 11 11 5 4 4 5 4 11 5 10 8 4 4 11 5 10 10 8 2 9 4 5 4 10 10 8 2 7 9 10 8 8 11 4 4 4 4 4 5 4 10 2 9 11 5 5 11 2 3 4 10 10 7 8 8 4 11 5 10 10 7 8 7 7 7 7 7 7 10 8 7 8 7 11 11 5 5 4 11 2 9 4 5 11 10 8 8 10 10 8 8 7 7 10 8 7 11 11 5 5 10 8 11 11 4 4 5 2 4 4 4 9 5 1 4 4 3 11 5 11 5 10 10 7 7 7 8 8 1 3 10 10 8 8 7 10 7 10 2 8 9 8 7 1 9 1 9 5 5 11 11 5 5 4 10 10 8 7 7 8 4 4 11 5 11 11 2 3 4 5 11 5 11 4 4 4 5 0 9 8 11 11 5 5 7 7 7 10 10 0 7 8 7 6 7 8 10 10 8 8 10 10 7 8 7 8 11 2 6 11 11 5 2 9 8 4 11 5 4 4 11 4 5 10 8 4 11 11 2 5 11 3 4 5 7 7 7 7 7 10 7 8 4 10 10 8 2 9 10 8 8 11 5 7 11 11 5 4 4 5 4 11 4 4 4 5 4 4 11 5 4 10 10 2 7 8 9 5 10 10 0 7 6 8 7 7 7 7 10 8 7 7 8 10 10 8 8 4 4 4 4 11 5 1 9 5 4 11 4 4 4 5 11 5 4 10 10 8 8 10 10 8 2 9 8 10 10 2 8 10 9 8 8 10 10 8 8 7 10 8 1 11 9 5 5 11 5 11 11 5 4 5 11 11 2 3 5 11 4 4 4 11 2 3 5 7 7 10 8 7 10 8 7 10 10 2 6 8 10 10 2 8 10 6 10 8 7 7 8 10 2 6 11 11 4 5 2 9 8 11 4 5 7 11 11 5 4 5 11 11 5 2 9 8 7 7 11 11 2 5 9 8 10 10 8 7 8 7 10 10 2 8 6 11 11 4 4 5 5 4 4 11 1 3 4 4 11 4 4 5 5 11 2 3 10 10 8 8 10 10 8 2 9 8 11 4 4 4 5 4 10 10 2 8 9 8 10 10 7 8 7 7 7 8 7 11 11 2 5 11 11 5 3 5 11 11 2 5
ppo_x50_b_fd_l4_linear,16,qv18_23,18,156,True,780.0,2.1311147212982178,8 8 10 10 8 8 10 9 8 8 11 2 11 11 5 3 5 7 10 10 7 7 8 8 11 10 8 2 3 10 10 8 8 10 2 10 10 8 8 10 9 8 8 10 2 3 4 11 4 5 7 11 11 2 3 4 4 4 5 10 8 4 4 4 4 11 11 5 2 10 7 7 10 7 7 7 7 7 7 7 7 7 7 8 8 9 5 11 5 7 10 10 8 8 4 4 10 2 9 11 5 4 4 4 5 11 5 4 4 11 11 2 5 4 11 4 5 3 10 10 8 8 10 10 8 7 8 7 0 6 10 8 11 5 4 4 4 11 5 10 10 7 8 7 8 7 7 10 8 7 7 11 11 2 3 5 4 10 8 11 11 5 4 5 11 4 5 1 9 10 8 8 7 10 8 1 11 3 4 4 4 5 4 11 11 4 2 3 5 10 8 7 7 7 10 8 10 10 2 6 7 7 7 8 4 10 2 10 10 8 6 8 11 5 7 7 7 7 11 11 5 2 11 3 4 1 3 4 4 5 7 10 8 11 11 4 5 4 4 4 5 4 11 11 5 4 2 3 10 10 8 7 7 7 8 7 10 7 7 7 8 10 10 8 2 9 8 4 4 4 4 4 11 4 4 4 5 10 10 8 7 7 7 8 10 2 11 9 8 8 4 4 4 11 4 5 7 11 11 5 2 11 9 5 4 5 4 10 2 10 10 8 6 7 7 7 8 11 5 10 10 7 7 7 8 5 7 7 7 10 8 11 5 10 10 2 8 9 8 4 4 11 5 11 11 4 5 2 3 11 5 7 11 10 8 8 7 10 8 7 7 11 11 5 2 9 5 11 11 2 5 9 8 11 11 5 2 10 8 10 10 8 7 7 8 6 7 11 11 2 5 4 3 4 4 4 4 1 3 4 11 4 5 11 4 5 4 4 10 10 2 6 7 8 4 11 5 10 7 10 8 8 10 10 7 2 8 9 5 4 11 5 7 10 10 7 8 8 10 7 8 11 11 5 2 11 3 5 4 11 4 11 5 4 5 7 10 8 4 4 11 4 4 10 2 8 6 7 7 10 7 8 7 11 11 5 4 5 10 7 7 8 10 7 10 2 6 7 8 10 10 2 6 7 8 10 2 11 11 5 5 3 11 1 9 5 4 4 11 5 4 4 5 10 2 3 10 10 8 7 8 7 10 10 2 6 7 8 7 10 10 7 8 2 9 5 4 11 4 4 1 9 5 8 11 4 5 11 11 2 3 4 5 10 2 6 11 11 2 5 9 8 4 4 4 4 4 10 10 0 8 7 6 8 7 7 7 7 10 8 10 7 7 7 10 8 8 4 11 10 8 8 7 11 11 5 2 9 4 4 5 10 8 11 11 5 5 4 11 5 11 4 5 11 5 4 4 10 10 8 2 9 8 7 10 10 2 6 7 8 10 8 10 10 2 7 8 9 11 5 4 4 4 5 7 7 10 11 5 5 11 4 4 10 8 8 11 4 4 5 11 4 5 4 10 10 2 8 10 7 7 6 8 10 10 2 6 7 7 7 7 8 11 4 5 10 10 8 8 7 10 10 8 2 9 5 11 11 2 5 10 7 8 11 11 4 4 5 3 4 5 11 5 4 4 4 11 5 10 10 8 8 4 11 11 5 4 5 11 11 2 4 5 9 8 1 3 10 10 8 7 7 7 8 4 10 10 8 7 10 8 8 4 4 10 10 7 8 7 10 8 7 2 10 7 8 11 11 5 5 11 11 5 5 9 5 11 11 2 5
ppo_x50_b_fd_l4_linear,17,qv18_24,18,155,True,781.0,2.0963363647460938,8 8 10 10 8 8 10 10 8 8 9 5 10 10 8 8 10 11 5 2 11 5 10 7 10 7 8 8 9 5 10 10 8 8 10 2 10 10 8 8 9 10 8 8 11 5 4 11 5 11 4 1 3 4 4 4 4 11 5 2 3 4 11 5 10 10 7 8 8 10 10 7 8 7 8 10 10 2 8 6 10 7 8 4 11 4 5 10 10 7 8 8 10 10 7 7 8 8 11 5 10 10 8 2 9 5 11 11 5 5 10 8 11 11 2 4 3 4 5 4 4 11 5 4 4 4 4 4 11 4 5 10 10 8 8 10 10 2 6 8 10 10 7 7 8 8 7 7 7 7 10 7 8 7 11 11 2 5 4 11 5 9 10 8 8 10 8 11 4 11 4 5 4 5 4 11 5 10 8 4 4 4 4 11 5 4 4 11 11 2 5 7 10 10 7 8 6 8 11 5 10 10 7 7 7 7 8 8 4 10 10 8 8 7 10 7 10 8 2 10 8 6 11 11 4 2 5 4 9 11 5 4 5 11 11 5 5 4 4 10 7 7 8 4 4 4 11 4 5 11 11 2 5 3 7 7 10 7 7 10 2 8 9 5 10 10 7 8 7 8 7 7 10 8 1 9 11 5 5 4 4 4 10 10 8 7 8 11 4 5 11 11 2 3 4 4 5 4 11 4 5 4 4 10 10 2 6 7 7 7 8 10 7 7 8 10 10 7 8 2 10 6 8 1 9 10 8 7 7 8 11 2 6 11 11 5 5 4 4 4 10 8 11 11 5 4 4 5 11 11 5 2 9 8 7 1 3 4 4 4 11 11 2 3 5 11 10 8 8 10 10 7 8 8 7 7 7 7 7 7 10 8 1 9 5 4 11 5 7 11 11 5 5 11 11 5 5 4 10 10 2 8 7 7 7 7 9 8 10 10 8 8 10 8 11 4 5 7 11 11 2 5 4 3 4 4 4 4 11 5 4 10 10 8 8 10 7 2 7 10 10 8 7 7 6 7 8 10 2 6 11 11 4 5 4 4 5 4 4 4 4 4 4 11 5 10 8 4 4 4 4 10 10 2 8 6 7 7 7 7 7 10 8 7 7 10 8 10 10 8 2 9 8 11 4 4 11 2 5 9 5 1 9 11 5 5 4 11 5 0 9 10 8 8 4 10 10 8 8 7 7 10 8 10 10 8 2 4 11 5 10 7 7 9 8 7 8 1 3 4 4 4 11 5 4 4 4 4 4 4 11 11 2 5 3 7 10 8 10 10 8 7 2 7 6 7 10 8 10 10 8 2 3 10 7 7 7 8 11 11 4 5 2 11 3 4 4 1 9 5 5 11 5 0 10 6 7 7 7 8 7 7 10 8 11 11 5 5 11 11 5 2 4 11 3 4 11 5 5 4 4 4 4 11 5 4 1 3 10 10 8 8 10 10 8 8 7 10 10 7 8 2 6 10 8 4 1 9 5 4 0 9 11 5 5 10 8 4 4 4 4 0 10 6 10 8 7 7 7 8 11 5 10 10 7 8 8 10 10 2 8 3 11 5 7 11 11 5 5 10 11 5 5 4 4 4 4 11 5 11 11 5 4 5 10 7 7 7 8 10 10 2 6 8 10 0 6 7 8 10 10 8 2 9 5 10 10 8 7 8 10 2 7 6 11 11 4 5 5 4 4 4 10 8 11 11 5 5 4 11 1 9 5 4 4 4 4 5 11 2 3 10 10 8 7 7 7 7 8 10 10 8 2 10 10 8 6 7 7 7 8
ppo_x50_b_fd_l4_linear,18,qv18_25,18,153,True,769.0,2.0599899291992188,8 8 10 10 8 8 10 9 8 8 11 2 11 11 5 3 5 7 10 10 7 7 8 8 10 10 8 8 11 5 4 4 11 5 4 10 10 8 8 10 10 7 7 7 8 8 11 5 10 10 8 2 10 10 8 8 10 10 8 8 10 10 8 8 9 5 11 11 5 5 10 8 11 11 2 3 4 4 4 5 4 4 11 5 10 8 4 4 11 11 2 3 4 4 5 11 2 3 10 10 7 7 7 7 7 7 8 0 6 7 7 8 10 10 2 8 6 11 4 4 4 5 4 10 10 8 8 7 11 2 9 11 5 4 4 5 7 11 11 5 5 4 4 4 4 10 8 11 5 4 11 11 2 5 11 9 8 8 10 10 8 2 10 10 6 8 7 7 7 8 10 7 10 7 2 8 10 10 8 8 6 7 7 11 11 5 2 9 8 4 4 4 11 5 10 8 11 11 5 4 5 11 5 4 4 4 11 4 5 10 10 8 8 10 10 2 8 10 6 8 7 10 8 10 10 7 8 8 10 10 7 8 2 9 8 4 1 3 4 11 5 7 11 11 5 4 5 4 4 11 5 10 8 11 11 5 5 4 4 4 11 5 11 11 5 2 9 8 10 7 10 2 8 11 5 3 10 10 7 7 7 7 7 7 0 6 8 7 7 7 7 8 11 2 9 10 8 8 4 11 5 4 4 11 5 4 4 11 5 7 11 11 2 5 9 5 7 11 11 2 3 4 5 10 2 10 10 7 7 8 8 10 10 8 6 8 10 10 0 6 8 8 10 10 8 2 9 5 11 11 2 3 5 10 8 11 11 2 3 4 5 4 4 4 11 5 10 8 11 11 4 2 3 5 4 11 5 0 9 8 10 10 8 8 7 10 8 4 4 11 5 10 10 7 7 8 7 8 11 10 2 6 8 7 7 10 2 6 7 11 11 5 4 4 4 4 5 11 5 10 7 8 11 11 2 5 11 5 4 4 4 4 11 11 5 5 4 3 10 8 7 7 7 7 7 7 10 8 7 7 10 10 8 2 9 8 10 8 11 5 4 4 4 11 5 11 11 2 5 4 4 11 4 5 11 5 4 3 10 10 7 8 8 10 10 2 8 9 8 10 10 8 7 7 8 10 10 8 1 3 5 11 5 11 11 2 3 4 5 4 4 11 5 7 11 2 11 11 5 3 5 11 10 8 8 10 10 7 7 8 7 7 7 7 8 10 10 8 7 7 8 7 7 11 11 5 4 5 4 10 2 11 9 5 5 4 4 4 4 11 5 7 11 2 9 11 5 4 5 10 2 10 10 7 7 8 6 7 7 7 8 10 10 8 8 10 2 9 8 7 11 11 5 4 4 4 5 10 8 7 11 11 2 3 4 5 4 4 4 11 2 9 5 11 11 5 4 4 4 2 3 10 10 7 7 8 7 7 8 10 10 8 7 8 7 7 7 10 8 10 2 9 8 11 11 5 5 4 10 11 2 3 4 5 10 8 1 3 4 10 10 8 8 7 7 10 8 4 10 10 8 8 11 5 11 11 5 4 4 5 4 11 4 4 4 5 4 10 10 2 8 10 7 6 8 4 10 10 8 8 10 10 8 2 6 7 7 7 7 7 11 11 5 2 9 5 4 4 11 5 10 8 4 4 4 4 4 10 8 11 11 2 3 4 4 4 5 4 4 11 2 10 10 8 8 6 10 10 7 7 8 7 7 8 7 7 10 8 11 5 10 10 8 7 8 11 11 2 5
ppo_x50_b_fd_l4_linear,19,qv18_26,18,154,True,767.0,2.0783729553222656,8 8 10 10 8 8 10 9 5 5 10 10 8 8 10 2 10 10 8 8 9 10 8 8 11 5 11 4 5 7 10 10 7 7 8 8 10 2 9 10 8 8 11 4 5 11 2 10 10 8 8 7 10 9 8 8 10 10 8 8 1 11 3 4 4 5 4 11 1 3 4 5 11 5 4 4 4 11 11 2 5 4 3 10 10 7 7 7 2 6 8 7 7 10 8 11 5 10 10 2 6 7 8 10 11 5 5 10 7 8 7 7 10 10 8 2 9 8 11 4 5 11 11 5 4 5 11 5 4 0 9 11 5 5 11 4 4 5 4 4 11 4 5 10 10 7 7 2 6 7 8 10 10 7 7 8 2 9 5 10 10 8 8 7 11 1 9 5 4 4 5 10 2 11 11 5 5 3 7 7 7 10 8 10 10 8 2 10 6 7 7 7 11 5 2 4 4 9 4 4 4 4 5 11 4 5 4 4 11 11 2 5 11 4 5 10 6 7 8 4 10 10 2 8 10 8 10 10 7 7 7 8 6 8 7 7 11 11 5 2 4 11 5 3 4 10 10 2 6 7 7 7 7 7 7 7 8 10 2 11 9 5 5 11 5 4 4 4 4 11 11 5 2 11 5 3 10 10 2 6 8 7 0 6 7 10 8 10 10 8 8 10 10 2 8 11 5 3 4 4 4 11 4 1 9 5 5 11 4 4 4 5 7 11 11 5 2 3 10 8 10 10 7 7 2 6 7 8 11 2 11 4 3 5 11 4 5 4 11 11 5 2 3 7 7 10 8 10 8 10 10 0 7 7 6 8 8 10 7 7 8 10 10 2 8 6 11 11 4 5 4 4 4 4 5 11 4 5 4 4 4 4 4 4 10 10 8 2 7 7 9 8 7 7 10 8 11 5 10 10 2 6 7 8 10 7 10 8 8 10 2 11 9 5 5 11 11 5 5 4 11 5 10 7 8 11 11 5 2 9 5 4 4 4 10 10 8 7 0 7 7 7 6 8 7 7 10 10 8 2 6 11 5 4 11 11 5 5 4 1 3 4 4 4 10 8 11 11 5 5 4 11 5 4 11 4 2 3 10 10 8 8 10 10 2 6 8 10 10 8 7 7 7 10 8 8 4 11 5 4 11 5 10 10 7 7 8 2 6 10 8 10 10 8 2 6 11 4 5 4 4 11 11 2 5 9 4 5 4 4 4 4 11 5 10 10 7 7 7 8 2 10 10 8 7 7 7 6 7 8 7 10 10 7 8 5 4 4 4 4 11 2 9 4 4 5 10 8 11 11 5 5 4 4 4 11 4 5 10 10 7 7 8 2 7 9 8 11 10 8 8 10 7 10 8 2 10 10 8 8 10 8 9 7 8 11 4 4 4 4 4 5 4 10 11 5 5 4 4 4 4 11 5 4 4 10 10 2 8 9 7 8 10 7 7 7 7 8 4 10 10 2 6 7 7 8 10 10 7 8 2 9 8 11 5 4 4 11 4 10 8 8 11 4 4 5 4 4 4 1 3 10 10 8 8 10 8 10 7 0 6 7 7 8 7 10 10 7 8 5 4 11 2 9 5 11 11 4 4 5 5 11 10 2 8 4 11 4 11 5 3 4 4 5 11 4 4 5 10 10 7 2 8 6 7 7 7 0 6 7 7 7 10 8 4 10 2 10 10 8 7 7 8 9 8 11 4 11 4 4 4 5 4 5 7 11 11 5 4 5 11 11 4 4 4 2 5
ppo_x50_b_fd_l4_linear,20,qv18_27,18,149,True,750.0,2.008206844329834,8 8 10 10 8 8 10 10 8 8 11 5 10 10 7 8 8 10 9 8 8 10 2 10 10 8 8 10 10 8 8 9 5 10 10 7 8 5 1 9 4 4 5 11 11 2 3 4 1 3 5 11 4 4 4 4 5 4 10 10 2 6 8 10 2 10 7 10 8 7 6 8 10 0 9 8 7 7 7 8 10 2 7 6 7 11 11 2 5 9 5 4 11 1 9 5 4 4 5 4 4 11 4 11 5 2 10 8 11 9 5 4 4 5 10 2 6 10 10 7 7 8 8 10 10 8 7 7 7 8 10 2 11 9 5 5 11 4 4 4 1 4 3 5 10 8 10 10 2 8 4 9 5 4 4 4 4 4 10 10 0 8 7 7 7 6 7 7 7 7 7 7 7 8 10 2 11 3 11 5 4 4 5 10 8 11 11 5 5 0 9 7 7 8 10 8 11 11 5 4 5 7 10 8 11 11 4 5 11 5 5 7 11 4 5 7 11 11 5 5 10 8 4 11 11 2 4 5 9 8 11 11 5 2 3 10 8 10 10 2 6 7 7 8 11 5 10 10 7 2 6 7 8 11 10 8 8 7 10 10 8 7 8 7 11 11 5 2 3 4 4 11 5 7 11 11 5 5 0 9 8 11 11 5 5 4 4 11 4 1 3 4 4 5 10 2 3 10 10 7 8 8 10 8 7 10 10 7 8 7 7 7 0 6 7 8 7 11 2 11 11 5 3 5 11 5 7 11 11 5 4 5 4 4 4 1 3 4 11 5 10 8 11 4 4 11 2 3 5 7 7 10 11 5 5 10 10 8 8 7 7 10 8 11 5 10 7 8 4 10 10 8 7 8 10 10 8 7 7 7 8 7 11 11 2 5 9 5 11 4 11 5 2 9 5 4 4 10 10 8 7 8 11 4 4 5 4 4 4 11 11 2 3 5 11 11 2 5 9 4 5 11 10 8 7 8 4 10 10 2 6 7 7 7 7 8 7 7 10 8 11 5 10 10 8 8 10 10 2 8 10 8 7 6 11 11 2 3 5 4 4 11 5 11 5 4 4 4 4 4 11 5 10 8 10 7 10 2 6 8 10 8 10 10 8 7 8 11 4 5 10 10 2 8 9 5 11 11 5 2 3 7 10 8 10 10 2 6 7 8 10 10 2 8 4 11 5 11 11 5 4 4 4 4 3 4 4 4 5 4 11 11 4 2 5 9 8 7 11 5 10 10 8 7 7 8 10 7 7 8 4 4 10 10 8 2 9 8 7 7 7 7 10 8 7 11 11 2 5 4 3 4 4 4 4 4 11 5 7 11 11 5 4 4 5 4 10 10 8 2 10 6 8 7 11 5 10 8 7 7 7 7 7 7 11 5 10 10 8 7 7 7 7 8 10 2 9 11 5 5 4 11 5 4 4 4 11 5 11 11 2 5 4 9 5 0 11 9 5 5 10 8 4 4 4 11 11 2 3 5 10 10 7 7 8 7 7 8 7 7 10 10 2 8 10 8 7 6 7 7 7 11 11 5 2 9 5 11 11 2 5 6 4 4 11 4 5 10 7 7 8 11 11 2 3 5 11 11 5 4 4 4 4 5 10 10 7 8 2 9 8 10 10 8 7 8 11 11 2 5 4 4 3 10 7 7 7 7 7 7 10 7 8 2 9 5 11 11 4 4 4 4 4 4 4 4 4 4 2 5
ppo_x50_b_fd_l4_linear,21,qv18_28,18,147,True,722.0,2.020984411239624,8 8 10 10 8 8 10 9 5 5 10 10 8 8 10 2 10 10 8 8 9 10 8 8 11 5 4 11 5 10 7 10 7 7 8 8 11 4 2 10 9 8 8 10 2 10 10 8 8 10 10 8 8 9 10 8 8 1 9 5 11 5 4 4 4 4 4 4 1 3 4 4 4 10 11 5 5 4 11 2 3 10 10 7 8 8 10 8 7 11 5 10 10 8 7 8 7 10 0 6 8 7 10 8 7 11 1 9 5 8 11 4 4 4 11 5 5 4 11 5 4 4 11 5 10 8 4 4 10 10 2 8 10 10 7 8 7 7 6 8 10 10 8 7 7 7 7 7 8 10 2 9 4 4 4 4 5 4 1 10 9 8 8 11 4 4 5 10 10 8 8 11 5 4 4 4 10 10 8 2 10 6 7 8 10 10 7 7 7 8 8 4 11 5 1 9 10 8 8 11 4 5 11 4 4 5 11 11 5 4 5 4 4 4 4 11 5 10 8 4 4 10 10 8 2 7 7 9 8 4 4 11 5 10 10 7 7 7 2 8 6 10 7 7 8 7 7 10 10 7 8 2 9 5 10 10 8 8 1 11 9 8 8 11 4 4 5 7 11 11 5 4 5 11 4 5 4 4 4 11 4 5 10 10 8 8 10 10 2 8 10 8 7 7 9 7 8 10 8 11 11 4 2 5 11 9 5 5 4 11 11 2 3 4 4 5 4 4 4 10 10 2 8 6 7 10 8 4 10 10 8 7 7 8 10 10 2 6 7 8 7 11 10 8 8 7 10 10 8 2 9 8 4 4 4 4 4 1 9 5 11 11 2 3 4 5 11 2 3 7 7 7 7 10 10 2 8 10 8 4 9 10 8 8 7 11 11 5 4 4 4 4 4 4 4 4 11 2 5 4 3 10 10 8 8 10 8 7 7 10 8 1 9 5 10 10 8 8 7 10 7 8 10 10 2 8 9 5 7 7 11 11 2 3 4 4 5 11 11 5 2 4 4 9 5 4 4 4 11 11 5 2 4 3 10 7 7 8 10 10 8 8 1 9 10 8 8 10 8 10 10 2 6 7 7 7 7 7 7 8 10 2 9 11 5 4 4 4 5 7 10 7 8 11 11 4 5 5 4 4 11 5 4 4 4 4 11 5 11 11 5 2 3 10 8 10 10 7 8 8 10 10 8 7 7 8 11 2 11 5 10 9 8 7 7 7 8 4 11 2 11 3 11 5 4 5 10 2 9 8 10 8 7 7 10 10 8 7 7 8 10 2 11 11 5 3 5 4 4 11 4 5 4 11 5 4 4 4 4 10 8 11 11 5 4 4 5 10 2 6 7 7 7 10 7 8 10 10 2 8 9 8 7 7 1 11 9 5 5 4 4 4 1 3 4 4 4 11 5 10 8 10 8 7 10 8 4 4 4 4 10 10 2 8 9 8 10 8 10 10 8 7 8 7 7 7 11 5 10 10 8 7 8 11 2 3 10 10 8 8 10 10 2 8 7 6 11 11 5 4 4 5 4 4 4 11 5 10 8 4 11 11 5 2 9 5 4 10 11 5 5 4 10 10 8 2 9 8 10 10 2 6 8 10 10 7 2 6 8 10 10 2 7 8 9 5 11 11 4 4 2 5
ppo_x50_b_fd_l4_linear,22,qv18_29,18,149,True,724.0,2.0664777755737305,8 8 10 10 8 8 9 4 11 5 2 10 10 7 7 8 8 11 3 5 10 10 7 8 8 10 10 8 8 1 9 5 4 11 4 5 10 10 2 8 10 8 10 10 7 7 8 8 10 9 8 8 10 2 10 10 8 8 10 9 8 8 10 2 11 3 4 5 7 11 11 5 2 4 11 9 5 4 4 5 1 9 8 10 10 8 8 11 5 4 4 11 4 5 7 10 8 11 11 5 4 5 4 4 10 10 2 8 6 10 8 10 7 8 7 11 11 5 2 9 5 4 4 4 11 11 2 5 3 10 7 8 10 10 7 8 7 7 7 8 10 10 8 8 7 7 11 5 10 10 2 6 7 8 10 2 11 9 5 5 11 2 3 11 4 5 4 4 11 5 4 4 4 11 4 4 11 2 5 9 8 4 4 10 10 2 6 7 7 8 10 10 7 2 6 7 7 8 4 11 5 10 10 8 2 6 7 10 8 1 10 9 8 8 11 5 4 11 11 5 5 4 11 11 2 5 4 4 4 3 11 5 7 10 10 8 7 7 8 10 10 7 8 7 7 7 7 8 10 10 8 8 11 2 9 5 4 4 4 4 11 4 4 5 10 10 8 2 10 7 7 8 9 11 5 4 5 4 4 4 11 5 7 11 2 3 4 4 4 11 4 10 2 8 10 10 7 7 6 8 7 7 7 7 8 10 2 9 7 11 5 5 10 2 7 6 7 7 7 11 11 5 2 9 5 0 9 11 5 5 4 4 4 4 11 5 7 11 1 3 5 4 4 11 5 11 11 4 4 5 2 7 9 8 10 10 2 6 7 8 10 2 10 7 10 8 8 7 11 9 8 8 7 7 10 10 2 8 9 5 7 10 10 8 2 6 11 5 11 11 4 5 4 1 4 3 5 4 4 4 11 11 5 4 2 10 9 8 8 7 10 2 10 6 10 8 7 8 10 2 11 9 5 4 4 4 5 10 2 7 6 7 7 7 7 7 7 10 7 10 8 2 9 5 11 4 11 5 2 11 5 11 11 3 4 5 4 5 4 4 4 4 10 2 4 4 4 3 10 10 7 8 8 10 10 2 7 8 9 5 10 8 10 10 7 7 8 2 9 5 0 9 11 5 5 11 4 11 2 5 3 11 4 4 4 5 10 10 8 2 6 10 8 10 8 7 11 10 7 8 8 10 10 2 8 3 7 7 10 8 4 4 11 10 8 8 10 10 8 8 10 10 8 2 3 10 11 5 5 4 10 11 5 5 11 11 5 4 4 4 5 11 11 5 4 5 11 11 2 5 4 3 10 10 8 8 10 1 9 8 7 8 11 5 11 5 10 10 7 8 7 7 7 7 8 11 10 2 6 7 7 8 11 5 10 10 2 6 8 10 2 7 6 11 5 4 4 4 10 8 11 11 2 3 4 4 5 10 2 9 11 5 5 11 5 4 10 10 8 7 8 11 4 5 7 11 11 5 4 4 4 11 2 3 4 5 11 2 10 10 8 9 8 8 10 10 8 2 10 10 8 6 7 7 7 8 10 2 11 9 5 5 4 4 4 1 11 4 3 5 10 10 8 8 10 10 8 8 10 10 8 2 6 10 10 7 2 6 7 7 8 10 10 2 8 6 4 4 4 11 11 4 2 5
ppo_x50_b_fd_l4_linear,23,qv18_3,18,157,True,781.0,2.269773006439209,8 8 10 10 8 8 9 11 5 2 10 10 7 8 8 9 5 10 4 4 5 10 10 7 7 8 8 10 2 10 10 8 8 9 10 8 8 11 5 11 5 10 10 2 7 8 9 10 8 8 4 11 5 11 4 5 4 4 4 1 4 11 5 4 3 10 7 7 10 8 8 10 7 7 7 10 8 8 10 10 8 8 10 10 8 8 10 10 7 8 5 4 11 2 9 5 4 11 11 2 3 4 4 4 5 11 2 9 10 8 7 7 7 8 7 11 2 3 11 4 5 4 11 11 5 4 4 4 4 4 5 10 10 7 7 2 8 6 10 10 8 7 7 7 7 7 7 7 8 10 2 6 11 11 5 2 9 8 7 11 11 2 5 6 4 11 5 7 11 11 2 3 4 5 4 4 4 4 11 5 7 11 11 5 5 11 11 5 2 9 5 10 8 10 10 2 6 8 10 8 7 7 7 11 5 10 10 8 7 8 4 11 2 10 7 6 7 7 10 8 2 9 8 4 4 4 11 4 1 9 5 4 5 4 4 4 4 4 4 4 1 3 10 10 8 8 10 8 7 11 10 8 8 10 10 7 8 7 7 8 11 2 3 11 4 5 7 10 2 6 10 10 8 7 10 8 8 7 10 2 6 11 11 4 5 5 11 5 4 4 4 1 4 3 4 4 11 5 11 4 4 5 10 10 8 2 10 10 8 7 9 8 8 11 5 10 10 7 7 2 8 9 10 8 8 10 8 10 10 7 7 8 5 10 7 8 11 11 2 5 3 11 5 11 5 11 4 11 2 3 5 4 11 2 4 4 4 11 3 5 10 10 8 8 11 4 5 10 10 7 8 7 7 10 8 8 7 10 8 7 10 7 7 10 8 2 6 11 5 11 11 5 4 4 4 4 4 4 5 10 7 7 8 11 11 5 5 11 11 2 3 4 4 4 4 5 11 11 5 2 9 8 10 10 8 7 7 7 7 7 7 7 8 4 4 11 5 10 10 7 7 2 6 8 1 11 4 5 9 5 10 10 8 8 11 1 3 4 5 4 4 10 2 6 10 10 8 7 7 7 0 6 7 8 4 11 5 10 10 8 8 10 8 10 10 7 2 8 9 5 4 11 4 11 2 3 4 5 4 4 4 4 4 4 11 11 5 4 4 5 10 7 7 8 11 11 2 3 5 7 10 7 8 7 7 7 7 7 10 10 2 6 8 10 10 8 2 9 10 8 8 11 5 4 11 11 2 3 4 5 11 11 2 5 4 4 4 9 5 4 4 11 11 5 2 3 10 8 10 7 10 2 8 6 10 7 7 8 11 4 5 10 10 7 8 7 8 7 7 10 10 7 8 7 8 11 0 9 5 5 11 5 11 5 11 11 4 5 4 5 10 7 11 2 5 9 4 5 7 10 7 8 4 4 11 11 5 4 4 4 5 4 4 4 10 10 2 8 7 7 6 10 8 4 10 10 8 7 7 7 7 7 7 7 8 10 10 7 8 2 9 5 4 4 4 4 4 10 8 11 11 5 5 4 4 11 4 5 4 11 11 5 2 9 5 7 10 7 7 7 8 4 10 10 8 2 10 8 9 10 8 7 8 10 2 6 7 7 7 11 11 4 2 5 3 4 4 11 5 11 11 5 2 4 9 5 4 11 11 4 5 4 4 5 0 9 7 7 8 7 7 10 10 7 8 7 7 8 7 10 10 2 8 6 11 11 4 4 5 4 4 5 4 4 4 4 11 4 11 5 2 11 5 10 10 8 8 10 10 8 8
ppo_x50_b_fd_l4_linear,24,qv18_30,18,153,True,765.0,2.0268492698669434,8 8 10 10 8 8 9 11 2 5 10 10 7 8 8 9 5 10 10 8 8 10 10 8 8 11 5 4 4 11 5 10 10 7 7 7 7 8 8 11 4 5 10 10 7 7 8 8 10 10 8 8 1 9 5 11 11 5 4 5 4 11 5 4 4 4 4 11 4 5 11 11 5 2 7 10 9 7 8 8 7 10 8 10 10 2 6 7 8 10 7 7 7 10 8 2 11 5 3 4 4 4 4 10 11 5 5 11 4 11 4 5 5 11 11 2 5 3 7 7 10 8 10 7 8 10 10 7 7 7 7 7 7 7 7 8 8 1 11 5 4 4 10 9 5 5 11 5 4 1 9 5 10 10 8 8 11 10 8 8 10 10 8 7 8 11 5 11 4 5 11 11 2 3 4 5 4 4 4 4 11 5 10 8 4 11 11 5 2 9 4 5 7 7 7 7 10 7 7 7 7 8 10 7 7 10 8 2 3 11 4 4 4 4 5 11 2 11 4 11 5 5 11 4 4 5 3 10 10 7 7 8 7 7 7 7 7 8 10 7 7 7 7 10 8 8 4 10 2 9 4 4 5 11 4 5 4 4 11 5 4 11 11 5 2 9 10 7 2 6 7 8 4 10 2 9 11 5 5 4 4 4 4 4 11 2 3 7 10 10 7 8 7 7 8 10 2 6 10 10 8 7 8 7 7 10 2 6 7 7 11 11 2 3 5 4 4 4 11 5 7 11 11 2 3 4 1 4 5 9 8 4 4 4 10 10 0 7 8 7 8 7 7 6 10 8 11 11 5 2 9 8 4 10 10 8 7 8 10 11 2 5 11 9 5 4 4 4 5 11 2 4 4 4 9 5 11 11 5 2 9 8 4 10 10 8 7 8 10 2 10 10 7 6 8 7 8 7 7 10 10 2 8 9 8 11 4 5 11 11 5 1 3 5 4 4 4 4 11 5 4 11 5 4 10 10 2 8 7 7 9 10 8 8 7 10 10 7 8 8 10 7 7 8 10 1 10 7 6 8 5 11 5 1 9 11 5 5 11 11 4 4 2 5 6 4 4 4 4 10 10 2 8 6 7 7 10 8 4 4 1 11 9 5 8 11 5 11 11 4 2 3 5 10 8 10 8 7 10 10 7 8 7 7 8 4 4 11 5 10 10 7 7 8 7 7 10 8 7 8 11 2 11 9 5 5 11 5 4 4 11 5 11 5 4 10 10 8 2 10 6 7 0 10 8 6 8 7 10 10 2 8 9 5 11 4 5 10 10 8 2 11 4 3 4 4 4 4 4 4 5 11 11 5 2 9 8 4 4 11 11 5 5 4 0 6 7 7 10 7 8 10 8 1 4 4 4 4 11 5 3 10 10 8 8 10 10 0 6 7 7 8 7 7 7 8 11 10 8 8 10 7 7 8 7 11 11 2 5 3 4 4 11 4 4 5 11 4 4 4 5 10 10 2 6 7 8 10 8 10 10 7 8 2 11 5 10 9 8 8 10 7 7 11 5 5 10 7 8 7 11 11 2 5 9 5 11 11 5 4 4 4 4 4 5 11 5 11 11 2 5 4 4 3 11 5 10 10 7 7 7 7 7 8 10 8 0 6 7 8 11 5 7 7 11 10 8 8 10 10 2 6 8 10 2 6 11 11 2 3 4 4 4 4 5 7 10 8 11 11 4 5 4 5 11 4 4 5 11 11 5 2 3 10 7 7 7 7 10 8 8 10 10 2 8
ppo_x50_b_fd_l4_linear,25,qv18_31,18,150,True,738.0,2.992159843444824,8 8 10 10 8 8 10 9 5 5 10 10 8 8 10 2 10 10 8 8 10 9 8 8 11 2 10 10 7 8 8 10 9 8 8 4 11 5 7 11 11 2 3 4 4 5 4 4 10 11 5 4 4 5 10 10 7 2 8 10 6 7 7 8 7 11 10 2 6 8 10 2 7 7 10 10 8 8 9 10 8 8 4 10 8 11 11 5 4 4 5 11 5 4 4 11 4 5 4 4 4 11 5 4 4 10 10 2 8 10 7 8 9 5 4 4 11 5 10 7 10 7 7 7 7 8 8 10 8 10 10 2 8 6 7 7 7 7 11 11 5 4 4 5 4 4 4 11 5 4 4 11 2 10 9 5 5 11 5 10 10 7 7 7 8 8 10 10 2 6 8 7 7 10 8 7 7 7 11 11 5 4 5 4 4 4 4 4 11 5 10 2 9 7 7 7 8 10 7 8 10 7 7 8 11 4 11 2 5 3 11 5 11 11 5 5 4 11 11 4 5 5 10 8 4 1 9 5 4 4 4 11 11 5 2 9 8 10 10 2 8 10 10 8 7 9 8 8 10 10 8 2 3 10 7 8 10 7 7 10 2 6 7 8 7 7 11 11 2 5 11 3 11 5 4 4 5 1 4 4 4 4 4 4 9 5 4 11 11 2 5 9 8 10 10 7 7 7 8 7 7 8 7 7 11 11 5 4 5 7 7 10 7 7 8 7 10 7 8 10 10 8 2 11 5 11 11 4 5 5 9 8 11 11 4 5 5 11 11 5 4 11 5 5 11 2 4 3 10 10 7 7 8 2 9 5 7 7 7 7 10 8 4 11 11 5 5 11 2 11 11 3 5 5 10 2 9 11 5 4 4 5 11 5 11 11 5 2 7 10 8 10 10 8 7 7 6 7 7 8 11 5 7 10 8 7 10 10 8 7 8 10 10 2 7 8 9 5 11 5 11 11 4 5 4 4 4 4 4 5 4 10 11 2 4 5 9 8 4 11 11 2 5 9 8 11 11 5 5 7 7 7 0 6 11 10 8 8 10 10 8 8 10 8 11 1 9 5 4 4 5 10 8 4 4 11 11 2 5 9 5 10 10 7 7 7 7 7 0 6 8 7 8 4 11 5 10 7 10 7 7 8 2 9 5 4 4 11 5 7 7 7 10 10 2 8 6 7 11 11 5 4 4 5 4 4 4 4 11 4 5 10 10 8 2 9 5 10 10 8 8 7 11 2 9 10 8 8 4 11 1 9 5 4 5 11 2 11 11 5 4 5 9 5 11 11 5 2 3 10 10 7 8 8 7 7 7 7 10 8 7 7 10 10 2 6 7 7 8 10 2 6 11 11 5 4 5 7 11 11 2 3 4 4 4 4 5 11 4 5 10 10 8 2 3 4 4 4 4 11 5 4 10 10 8 8 10 10 8 7 7 7 7 8 4 4 4 11 2 3 4 4 4 11 11 2 5 7 10 8 10 10 8 7 7 8 10 7 7 7 6 7 8 7 7 7 7 11 11 2 5 11 9 5 5 11 11 5 4 5 4 4 4 4 10 2 9 11 5 5 0 9 8 10 10 8 7 8 7 0 6 7 10 8 10 2 6 11 11 4 2 5 9 8 11 11 2 3 5 11 11 2 5 9 5 11 11 4 4 5 4 4 4 5 10 10 2 8
ppo_x50_b_fd_l4_linear,26,qv18_32,18,153,True,756.0,2.0200934410095215,8 8 10 10 8 8 9 10 8 8 11 5 4 4 10 10 8 2 10 10 7 7 8 8 10 9 8 8 10 2 10 9 8 8 4 4 4 11 5 4 4 11 5 4 10 10 2 8 10 7 7 10 7 8 6 8 10 7 10 8 8 11 5 4 1 3 4 11 5 4 4 4 4 4 4 10 10 2 8 7 7 7 10 7 6 8 10 10 0 7 7 8 8 3 10 10 8 8 10 10 8 8 11 5 10 10 8 2 9 5 11 4 4 5 7 11 11 5 4 5 10 2 9 10 2 8 10 7 8 6 11 11 4 4 4 2 3 5 11 10 8 8 10 8 11 11 2 3 4 4 4 5 4 4 11 5 10 0 6 7 7 8 4 10 10 2 8 10 8 9 4 5 7 7 10 10 8 2 9 5 10 10 8 7 7 8 11 10 2 8 6 11 11 5 4 5 4 4 4 10 8 11 11 5 4 5 11 4 11 5 2 11 9 5 4 4 4 5 10 2 10 10 8 6 8 10 8 4 11 5 10 10 7 8 8 7 10 8 7 11 11 2 5 11 5 9 11 5 4 4 4 4 5 10 7 2 11 9 5 5 10 8 7 10 10 2 8 6 10 7 10 7 5 7 7 7 7 7 7 8 10 2 3 10 11 5 5 4 4 4 4 4 4 0 9 11 5 5 11 4 11 5 2 4 4 10 10 8 7 8 9 8 10 10 2 6 8 10 10 7 7 8 7 8 10 10 8 2 6 11 5 4 4 11 11 5 2 10 8 6 11 11 5 4 4 5 4 4 4 4 11 11 2 5 3 10 10 7 7 7 7 7 7 7 7 7 7 7 7 2 6 7 8 10 2 11 9 5 4 5 7 10 8 11 11 5 2 6 11 11 5 5 4 4 11 5 4 10 8 11 11 5 4 4 4 5 11 5 4 11 4 5 10 10 7 7 8 2 10 10 6 8 0 6 8 7 7 10 8 11 5 11 5 4 4 4 1 9 5 4 11 11 2 5 10 7 8 10 10 7 8 7 6 7 7 8 10 8 7 10 10 8 2 6 11 4 5 11 11 4 2 5 4 4 9 5 4 1 3 4 4 4 4 11 5 10 10 8 8 11 2 9 10 8 7 7 8 11 10 2 8 10 10 8 8 6 10 10 8 8 7 7 10 10 2 6 7 8 11 2 9 11 5 5 4 4 4 11 4 5 10 10 8 8 10 8 11 11 5 5 4 11 4 4 5 4 11 11 2 5 9 5 7 11 10 8 7 7 7 8 7 10 10 7 8 2 7 7 6 7 7 11 11 5 2 9 5 11 4 4 5 10 8 4 4 4 4 4 4 1 4 11 5 9 10 8 8 11 5 4 4 4 10 10 2 6 8 7 7 10 10 8 8 10 2 11 9 5 4 5 7 7 7 10 8 7 7 7 10 10 7 8 5 11 2 6 11 5 4 4 4 4 4 11 5 4 10 10 2 8 9 8 11 5 10 7 10 8 7 7 8 11 10 0 6 2 6 7 8 10 10 2 8 9 5 11 11 2 5 9 11 5 5 11 5 4 4 4 4 11 4 5 10 8 11 11 5 4 4 4 5 4 10 10 2 8 10 10 8 6 8 7 7 10 8 10 4 2 9 10 8 8 11 5 4 10 10 8 7 7 8 11 4 5 10 10 7 7 8 8 7 10 10 2 8 6 11 4 11 4 5 5 11 11 2 5
ppo_x50_b_fd_l4_linear,27,qv18_33,18,155,True,771.0,2.0629959106445312,8 8 10 10 8 8 10 9 5 5 10 10 8 8 10 2 10 10 8 8 10 9 8 8 10 2 10 9 8 8 4 4 11 5 1 3 4 4 11 5 11 4 2 3 10 10 7 8 7 7 8 10 10 7 2 8 6 10 7 10 8 8 10 2 3 4 4 4 11 5 7 10 10 7 7 7 8 8 10 10 8 8 11 2 9 5 11 11 5 5 4 1 4 4 11 5 3 4 4 4 4 4 11 4 5 10 10 8 8 10 10 2 8 10 7 6 7 7 8 11 5 10 10 7 7 7 8 8 10 8 4 10 10 8 8 7 11 11 5 2 9 4 4 5 10 11 5 5 4 4 11 4 5 4 10 10 8 2 6 4 11 4 5 7 0 9 10 8 7 8 10 2 9 10 8 2 10 10 8 7 7 8 9 1 9 5 4 4 4 4 5 11 2 3 10 10 8 8 7 7 7 7 11 11 2 5 4 11 4 4 5 3 4 11 11 5 4 5 7 11 11 5 5 11 2 3 10 7 7 7 7 7 0 6 7 8 7 7 7 7 10 10 8 2 6 4 4 4 4 10 11 2 3 5 10 8 10 7 8 11 11 5 5 11 4 4 5 11 11 5 2 4 3 11 5 7 10 7 2 9 11 5 5 11 2 3 4 4 4 4 10 10 2 6 7 8 10 10 2 6 7 7 7 7 7 8 10 2 7 9 8 10 7 8 11 11 5 2 11 5 11 3 11 5 5 4 4 11 4 5 4 4 11 5 10 8 10 10 2 6 8 10 8 4 10 4 4 5 10 10 2 6 7 7 8 11 5 10 10 2 6 7 7 8 7 7 0 6 11 11 5 5 4 11 5 4 4 0 9 8 11 11 5 5 11 4 4 5 4 10 10 2 8 9 7 8 7 11 5 10 10 8 8 10 7 7 7 7 8 7 7 7 11 11 5 4 1 3 5 4 11 5 10 8 11 4 4 11 2 3 4 5 4 11 11 5 4 2 3 4 10 8 7 7 1 9 5 10 10 8 7 7 7 7 7 8 10 7 10 8 8 10 10 2 8 9 5 11 11 2 3 5 11 11 2 5 11 9 5 5 7 10 8 11 11 5 4 4 5 4 10 10 8 8 4 11 2 11 4 5 10 10 8 8 10 7 9 8 7 7 8 11 10 8 2 6 7 10 10 8 2 9 7 8 11 4 4 5 4 4 4 4 4 4 11 5 10 8 4 4 4 4 4 4 10 10 8 2 6 7 7 10 8 7 7 10 10 2 6 8 7 7 7 11 11 2 5 10 8 11 9 5 4 5 0 9 8 10 10 7 8 7 8 1 9 4 5 11 5 11 4 11 5 4 4 4 5 4 11 5 10 8 10 10 8 8 11 4 4 4 4 5 10 10 2 8 9 8 10 7 8 10 10 7 2 6 8 11 10 8 8 10 10 7 7 7 8 2 10 9 8 8 1 9 4 5 10 8 11 11 5 5 11 11 2 5 4 3 4 4 10 8 11 2 11 11 5 3 4 5 11 2 3 4 4 4 10 10 2 8 7 9 10 8 8 7 11 10 8 8 10 10 7 7 7 2 6 7 7 8 7 11 11 2 5 11 3 11 2 3 4 4 4 4 4 4 5 10 8 4 4 11 11 2 5 3 11 5 10 10 8 7 7 7 8 4 10 10 8 7 7 7 8 11 2 3 10 10 7 2 6 8 7 7 10 8 7 11 11 2 5 9 5 11 11 2 5 11 11 5 5
ppo_x50_b_fd_l4_linear,28,qv18_34,18,156,True,761.0,2.078070640563965,8 8 10 10 8 8 9 11 2 5 10 10 7 8 8 9 5 10 10 8 8 11 2 10 10 7 8 8 10 10 8 8 9 5 10 10 8 8 10 2 10 9 8 8 4 4 10 8 10 8 10 10 8 8 4 4 4 11 11 5 4 1 3 4 5 11 5 4 4 11 11 5 5 11 11 2 5 3 10 8 10 10 8 8 10 10 7 8 7 7 7 8 7 7 7 11 11 2 5 11 11 5 3 5 7 10 11 5 5 11 4 11 2 5 9 5 7 10 10 8 7 0 6 8 10 7 8 7 11 11 5 2 9 5 7 10 8 7 11 11 5 5 4 11 5 10 8 11 11 2 3 5 4 11 11 5 4 5 4 4 11 5 11 11 5 2 3 7 10 10 7 8 2 9 8 10 7 7 10 8 2 7 7 7 9 8 7 7 10 10 8 2 6 11 5 11 11 4 4 4 4 2 5 9 5 4 11 11 5 2 4 4 4 9 5 4 11 11 5 2 10 7 8 10 10 8 7 7 6 8 7 10 10 8 8 10 10 8 2 9 8 10 8 11 11 5 4 5 11 4 4 4 5 4 11 5 10 10 8 2 10 7 9 8 5 10 7 8 11 4 1 9 5 5 4 4 4 4 10 8 11 2 9 11 5 5 7 10 8 10 10 2 6 7 8 10 10 8 8 10 10 2 6 7 7 8 7 10 10 8 2 6 4 4 11 5 4 4 4 4 11 5 4 4 11 5 10 8 4 4 11 11 5 2 9 5 7 7 10 7 7 10 7 7 8 8 4 11 4 2 3 10 10 8 8 11 4 2 9 11 5 5 4 4 4 10 10 2 8 10 10 7 6 7 7 7 7 7 0 6 8 7 7 7 8 4 10 2 11 3 4 4 5 4 10 10 8 2 9 8 10 10 8 2 10 9 8 8 10 11 5 5 11 11 4 2 3 5 4 10 8 11 11 2 3 4 5 11 11 2 5 9 5 4 4 10 11 5 5 4 4 10 10 2 6 8 7 7 10 10 2 6 8 10 10 2 6 7 7 7 8 11 2 9 10 8 8 7 11 2 11 9 5 4 5 4 4 11 5 11 11 5 5 0 7 7 7 6 7 7 11 10 8 8 10 7 10 8 2 9 4 5 4 4 4 4 4 1 9 5 11 11 2 5 11 9 5 4 4 4 4 5 11 2 3 10 10 7 7 7 8 8 7 7 7 7 10 8 10 10 8 2 9 8 11 4 5 11 11 5 5 7 7 10 8 4 4 11 5 11 11 2 3 4 4 5 0 10 6 8 7 7 10 10 8 8 10 10 8 7 8 11 2 4 11 9 5 8 11 11 5 5 4 4 4 4 4 4 4 4 10 10 2 8 10 10 8 6 8 10 10 8 5 7 7 7 7 7 10 7 7 8 11 4 4 5 10 10 2 8 9 8 1 4 3 4 4 4 4 11 4 5 11 4 5 11 4 5 10 10 2 6 7 8 11 4 2 11 4 5 3 10 10 8 8 10 10 8 8 10 10 8 8 10 10 8 7 8 10 8 10 10 7 7 8 7 8 11 5 10 10 2 8 9 5 11 11 2 3 4 5 11 11 2 4 3 5 10 8 7 11 11 5 5 4 4 4 11 4 5 10 10 8 8 10 10 2 8 6 10 10 8 7 7 7 8 10 8 10 10 8 2 9 5 11 11 4 5 5 7 11 11 2 3 4 4 5 11 11 2 5
ppo_x50_b_fd_l4_linear,29,qv18_35,18,153,True,746.0,2.043811321258545,8 8 10 10 8 8 9 11 5 2 10 10 7 8 8 9 5 10 10 8 8 10 10 8 8 11 5 10 10 7 8 8 10 10 8 8 11 5 7 10 10 8 8 10 10 8 8 11 5 11 11 5 2 6 11 4 5 4 4 4 0 9 11 5 5 4 4 11 4 5 10 10 8 2 9 5 11 11 5 4 2 4 3 10 10 7 7 7 7 7 2 6 7 7 7 8 10 10 8 2 7 6 10 8 4 11 11 2 3 4 5 4 11 4 11 2 5 9 8 10 10 2 8 11 4 5 7 10 10 7 7 8 6 7 7 7 8 11 5 1 4 3 11 5 7 11 11 5 4 4 4 4 5 10 8 4 4 4 4 4 1 9 5 11 11 5 2 10 7 8 10 10 8 8 6 7 7 7 7 7 7 10 8 7 10 10 8 2 9 10 8 8 11 5 11 11 2 3 4 4 5 4 10 2 11 9 5 5 4 4 4 1 4 4 4 4 11 5 10 10 8 8 10 8 10 10 7 8 8 10 10 7 8 7 7 6 8 10 7 8 11 11 5 5 7 10 8 7 7 11 11 5 2 9 5 10 11 5 5 11 5 4 4 1 11 4 3 5 4 4 4 4 4 11 11 5 2 9 8 10 10 2 8 10 10 6 7 7 7 7 8 8 10 2 10 10 8 8 9 8 10 10 8 7 8 11 11 2 5 4 4 4 3 11 5 4 4 11 5 4 10 11 5 5 10 10 2 6 0 6 8 11 5 7 10 10 7 8 8 10 7 10 7 8 2 9 8 10 10 8 2 6 4 11 11 4 2 5 9 5 10 7 8 11 11 4 2 3 11 5 5 4 10 10 8 8 10 7 7 7 8 10 8 11 11 5 4 4 4 4 4 4 5 7 10 10 8 8 4 4 11 5 4 4 4 4 10 8 11 11 5 4 5 11 11 5 2 10 8 10 10 8 9 8 7 7 0 6 8 10 7 7 7 7 7 8 10 10 8 2 9 5 7 11 11 5 5 10 8 7 11 11 5 5 11 11 2 3 5 4 11 11 2 3 5 11 11 2 3 5 4 4 4 11 11 4 2 5 9 8 10 10 8 2 10 11 5 3 5 10 10 7 8 0 6 8 10 10 8 8 10 7 8 11 11 5 2 11 3 5 0 9 7 7 7 7 11 5 4 4 5 10 7 7 8 7 10 10 2 8 10 9 8 8 10 2 7 6 11 11 2 3 4 4 4 4 5 4 11 11 2 5 11 11 5 3 4 4 4 5 10 10 8 2 9 10 8 7 7 7 8 7 10 2 6 11 11 2 5 9 8 10 10 8 8 10 10 2 6 8 1 9 5 10 10 8 8 4 4 11 5 4 11 11 2 5 10 8 6 11 11 5 2 11 11 5 4 3 5 11 11 2 3 4 5 4 10 10 8 2 10 6 8 7 11 11 2 5 9 4 5 10 10 7 2 6 8 7 7 7 7 7 11 10 8 8 7 7 11 10 8 8 7 7 11 11 5 2 3 11 5 4 11 11 5 5 7 10 7 7 8 10 8 7 11 11 5 5 11 11 4 4 4 5 4 4 1 3 4 4 4 5 11 11 2 5 3 10 10 7 7 8 8 11 2 10 10 8 7 8 7 6 10 8 4 4 10 2 6 10 10 8 7 8 10 2 11 11 5 5 11 4 11 4 5 5
ppo_x50_b_fd_l4_linear,30,qv18_36,18,156,True,753.0,2.1187355518341064,8 8 10 10 8 8 10 9 5 5 10 10 8 8 10 2 10 10 8 8 10 10 8 8 9 5 4 11 5 7 10 10 7 8 8 11 2 10 6 10 8 8 10 2 3 10 10 8 8 10 10 8 8 11 4 5 4 11 11 5 5 11 11 5 4 4 4 4 5 11 4 11 4 2 3 5 10 8 10 10 7 2 6 7 8 7 7 7 11 10 8 8 7 11 11 5 5 10 8 7 7 7 10 7 7 7 11 2 5 3 10 11 5 5 7 11 4 4 1 3 4 5 4 4 4 11 5 4 4 11 5 4 4 10 10 2 8 7 10 8 10 7 10 8 7 8 9 5 10 10 2 6 8 10 7 7 8 7 11 11 4 5 2 10 8 9 11 5 5 4 4 4 4 11 4 4 5 10 8 11 11 4 2 5 3 11 5 10 10 8 8 4 10 10 8 7 8 10 10 8 8 11 2 10 6 7 10 8 7 8 10 10 8 7 7 8 4 4 4 4 4 11 4 5 11 4 5 10 10 7 2 6 7 8 10 8 7 10 7 8 10 10 2 8 6 4 4 11 11 4 4 4 2 3 5 4 4 4 4 4 11 11 2 5 9 8 11 11 5 5 7 7 11 10 8 8 10 10 8 8 7 7 10 8 11 5 11 5 7 10 10 2 6 7 8 10 10 8 2 9 7 8 11 11 5 5 4 11 4 5 4 11 11 4 5 4 4 4 5 11 11 5 2 11 9 8 8 10 10 2 8 9 5 10 10 0 6 8 7 8 7 10 7 10 2 6 8 7 10 10 2 6 8 10 10 2 6 8 10 2 6 11 11 2 3 4 4 5 11 2 11 11 3 5 5 4 4 4 4 11 5 4 11 5 4 10 10 8 7 7 8 10 10 2 8 7 9 8 10 7 8 4 4 11 4 5 10 10 7 7 7 8 7 7 8 11 11 5 2 9 5 10 8 11 11 5 4 5 11 11 5 2 3 4 11 5 11 4 4 4 5 10 7 11 2 5 9 5 10 10 0 7 8 7 6 8 10 10 8 7 8 10 10 2 6 8 10 7 10 7 8 2 9 7 8 11 11 5 5 1 3 4 4 4 4 4 4 10 8 11 2 11 9 5 5 4 4 11 5 11 11 2 5 10 10 7 7 7 7 6 7 8 7 7 8 7 10 10 7 8 2 9 8 4 11 5 4 4 10 8 11 5 11 11 2 3 5 11 1 3 4 5 11 4 2 9 4 5 10 10 7 8 8 11 2 3 11 5 10 10 7 7 8 8 10 2 6 7 11 10 8 8 10 10 7 7 7 8 8 11 5 4 4 10 8 11 11 2 5 6 4 4 4 11 4 5 10 8 4 11 11 5 2 6 10 8 10 10 8 7 8 11 1 4 3 4 5 4 11 5 10 10 2 8 6 10 7 7 10 8 7 8 7 7 10 10 8 8 11 2 9 5 11 11 2 5 9 8 11 11 4 5 5 11 11 2 5 3 4 4 4 4 4 4 4 4 10 10 8 2 9 8 10 8 7 7 7 7 10 8 10 10 7 7 8 2 9 7 7 7 8 4 4 4 4 11 5 4 11 4 4 5 10 10 8 2 10 7 9 8 8 7 10 10 2 8 9 7 7 8 11 4 4 11 4 4 5 4 5 4 4 4 4 11 5 4 11 2 6 10 10 8 8 7 7 7 7 10 8 11 11 2 5
ppo_x50_b_fd_l4_linear,31,qv18_37,18,154,True,755.0,2.0394368171691895,8 8 10 10 8 8 10 9 5 5 10 10 8 8 10 2 10 10 8 8 10 10 8 8 9 5 10 10 8 8 10 2 10 10 8 8 10 7 7 10 8 8 11 5 11 9 5 5 11 4 4 5 4 11 11 5 4 4 5 10 11 4 5 4 4 5 10 10 8 2 10 10 8 7 6 8 7 1 9 10 8 8 7 10 10 8 7 8 7 10 8 4 11 11 2 3 5 4 4 1 9 5 4 4 11 11 2 3 4 5 4 11 11 2 5 3 10 7 7 7 7 7 8 10 10 7 7 8 5 10 7 8 7 7 10 10 7 8 2 9 5 4 4 4 11 5 11 4 5 11 4 5 10 10 8 2 10 7 7 6 8 11 10 2 8 6 11 11 5 5 4 11 11 5 4 4 4 4 5 11 4 5 10 10 2 8 10 9 8 8 10 0 6 7 7 7 7 7 8 1 3 11 11 5 1 3 4 4 5 4 4 4 10 11 5 5 4 4 10 10 8 2 9 10 8 7 7 8 11 4 5 10 10 7 2 6 7 7 7 8 10 8 10 10 7 8 7 7 8 11 11 5 2 9 8 11 11 2 3 5 11 11 4 4 2 4 4 4 3 5 11 5 11 11 5 4 5 10 10 8 2 9 4 4 5 10 7 8 10 10 7 7 8 7 8 10 1 9 8 8 10 7 7 8 10 10 2 8 3 11 5 11 11 4 4 5 5 4 4 1 11 4 3 4 5 10 8 10 10 8 8 10 2 10 7 9 8 7 8 4 11 5 10 7 8 7 10 8 10 10 2 8 7 7 7 6 11 11 4 4 2 3 4 4 5 10 11 5 5 4 1 3 4 10 11 5 5 11 11 5 2 4 4 3 10 10 8 7 8 7 7 7 10 8 11 5 10 7 7 7 7 8 11 4 11 5 2 9 7 7 7 8 4 4 4 4 4 11 4 4 4 4 5 10 10 2 6 8 10 8 4 11 5 10 10 7 2 8 9 8 10 10 8 8 11 1 3 4 5 4 11 4 11 5 4 5 11 2 10 10 8 6 8 10 10 8 8 10 7 10 7 8 7 8 7 7 11 5 10 10 8 7 8 11 2 3 11 5 10 10 7 8 8 4 4 10 2 3 11 5 7 11 11 2 3 5 11 2 11 11 5 4 5 9 5 0 6 7 10 7 7 7 8 7 7 7 11 11 5 2 9 5 11 5 7 11 11 5 4 5 11 11 5 5 11 11 4 2 3 5 4 11 5 11 4 11 5 2 3 10 8 10 10 8 7 8 10 10 8 7 2 7 7 10 8 10 9 8 8 11 5 10 10 8 7 7 8 1 3 11 4 5 7 11 11 5 4 5 4 4 1 3 4 4 4 11 5 7 11 11 5 5 10 8 11 11 4 5 2 9 8 10 10 2 7 6 8 11 5 10 10 7 8 7 7 8 11 5 4 10 10 8 8 11 5 10 7 7 8 10 10 2 6 8 10 10 2 6 8 10 2 10 10 8 8 4 4 3 4 4 4 4 4 11 5 10 7 8 11 11 5 4 4 5 7 11 2 9 11 5 4 4 4 4 5 10 11 5 2 10 10 8 6 8 10 10 7 8 7 8 10 10 8 2 9 4 5 10 10 2 6 7 7 8 10 10 2 6 8 7 10 10 2 8 6 11 11 4 4 2 3 4 4 5 11 11 5 4 4 4 5 10 10 2 8
ppo_x50_b_fd_l4_linear,32,qv18_38,18,153,True,754.0,2.9575092792510986,8 8 10 10 8 8 11 4 5 10 10 8 8 9 11 2 5 10 10 7 8 8 10 10 8 8 9 5 10 10 8 8 10 10 8 8 11 5 11 4 5 10 10 2 8 4 11 4 3 4 5 11 4 4 11 2 5 9 8 10 10 7 8 2 10 10 7 6 7 7 7 7 7 8 8 11 5 10 10 7 8 8 10 10 8 8 11 2 6 11 11 2 3 5 10 8 4 0 9 11 5 5 11 4 11 5 5 11 4 4 5 11 11 2 5 11 4 5 3 10 10 7 7 7 7 8 7 7 8 10 2 9 10 8 8 11 4 4 5 4 11 5 7 11 11 5 4 5 0 6 10 7 8 10 10 8 8 10 11 5 4 2 4 4 11 5 11 11 5 5 7 7 9 10 8 2 10 7 8 7 7 10 10 7 7 8 5 9 10 8 8 1 9 5 0 9 11 5 5 11 4 4 4 4 5 11 4 11 5 2 9 7 8 11 11 5 4 4 5 11 11 5 2 9 8 4 4 10 10 0 8 6 7 7 7 7 7 7 7 8 7 7 7 11 10 8 8 7 11 11 2 5 9 5 11 11 5 2 6 11 4 4 4 5 11 4 5 10 10 7 2 6 8 10 10 2 8 10 6 10 8 7 8 10 2 6 11 11 4 5 8 4 4 4 4 4 1 3 4 11 5 10 8 10 8 4 4 4 4 0 10 10 8 7 8 7 7 9 7 8 10 7 7 10 8 2 11 5 11 11 4 4 5 4 9 5 4 5 10 7 8 11 11 4 2 3 4 5 11 11 5 4 4 5 10 10 2 6 8 7 7 7 10 8 10 10 7 8 8 7 7 7 7 7 10 10 8 2 9 5 11 11 5 2 3 11 4 4 5 11 11 2 3 5 4 4 11 10 2 3 5 11 5 4 4 4 11 11 5 2 9 8 10 10 2 8 9 5 10 10 8 7 7 8 10 10 8 8 11 4 5 10 10 2 6 7 7 8 7 10 10 8 7 7 7 8 11 11 4 5 5 4 4 4 4 11 5 11 5 10 10 7 8 8 10 2 11 3 5 10 10 8 8 11 4 4 4 4 4 4 4 5 10 10 2 6 8 10 8 4 10 10 8 7 7 8 7 7 7 10 8 7 10 8 11 5 11 11 2 5 9 5 11 11 5 5 4 4 4 11 11 5 2 9 8 7 7 10 8 1 4 4 3 4 4 4 4 4 10 10 0 6 8 5 7 7 10 8 11 5 10 10 8 5 7 7 7 7 7 7 7 10 8 11 5 7 7 7 11 11 5 2 9 5 4 11 11 5 5 11 11 4 5 2 9 8 10 7 8 4 11 11 5 4 5 11 11 2 3 4 5 11 2 3 4 11 5 10 10 7 7 8 8 7 10 7 7 8 4 10 10 8 7 7 8 10 10 2 8 10 8 9 8 11 11 5 5 11 11 5 5 0 9 11 5 5 4 4 4 4 4 11 11 2 5 3 7 10 8 10 10 8 7 7 7 7 8 10 10 2 6 8 10 8 7 7 11 11 2 5 11 4 3 5 4 11 11 2 5 6 10 8 11 11 4 4 5 5 10 11 5 4 4 4 5 4 4 10 10 7 8 2 3 10 10 8 7 7 0 6 8 10 8 10 7 7 10 7 8 5 10 10 2 8 6 10 8 11 11 5 5 11 11 5 4 4 4 4 4 5 10 10 2 8
ppo_x50_b_fd_l4_linear,33,qv18_39,18,151,True,755.0,2.481407642364502,8 8 10 10 8 8 9 11 5 2 10 10 7 8 8 9 5 10 10 8 8 10 10 8 8 11 5 10 10 7 8 8 10 10 8 8 11 5 7 10 10 7 7 8 8 11 10 2 8 3 11 11 5 5 11 11 4 4 5 5 11 11 5 2 3 7 10 0 6 8 7 7 10 7 7 8 11 11 4 5 2 4 11 3 11 5 5 11 11 5 4 5 11 11 2 3 4 4 5 11 11 4 5 2 9 8 7 7 7 11 5 10 10 8 7 7 7 7 8 11 11 5 2 4 11 5 9 11 5 4 4 5 11 2 3 10 10 7 7 7 8 7 7 7 8 4 10 10 7 8 7 8 11 4 5 10 10 2 8 9 8 7 1 9 11 5 4 1 3 5 4 4 10 8 10 10 8 8 4 11 5 11 11 2 3 4 5 11 11 2 5 3 11 5 4 10 10 8 7 7 8 10 10 8 7 7 7 7 7 7 7 8 11 2 3 11 5 10 10 7 8 8 11 5 10 10 2 7 8 9 5 11 5 11 11 5 4 5 11 11 5 2 9 5 11 11 5 2 11 3 5 4 11 11 5 2 4 3 10 10 7 7 7 7 8 7 8 4 4 10 10 8 7 8 10 10 7 8 2 6 11 5 4 4 4 4 11 11 5 4 4 4 5 11 11 2 4 3 5 10 8 10 10 7 7 7 8 7 7 8 7 7 7 10 10 2 6 7 8 4 4 10 2 9 4 5 7 11 11 5 4 4 5 4 4 10 8 11 2 11 11 5 4 3 5 4 4 11 5 11 2 10 9 8 8 11 5 10 10 7 7 7 2 6 7 8 4 10 10 8 7 7 8 7 7 10 8 7 7 7 11 11 5 2 9 5 4 11 11 5 2 9 8 7 11 1 9 5 4 4 5 11 4 4 4 5 11 11 2 5 9 8 10 10 0 6 7 7 8 8 10 2 10 10 8 7 8 9 8 7 11 11 2 5 9 5 4 4 11 4 4 5 4 4 11 5 4 10 10 2 8 9 8 10 10 8 2 6 10 10 7 0 6 8 8 4 10 10 8 7 8 10 10 8 2 9 8 1 3 4 4 4 11 5 11 11 5 2 4 9 5 4 10 10 8 2 10 9 8 7 7 8 7 10 2 10 10 8 6 8 7 11 11 2 5 4 4 4 3 4 4 4 4 4 11 4 5 7 11 11 5 5 11 4 11 2 5 7 9 10 7 8 8 10 10 2 6 7 7 7 7 7 8 10 8 7 10 8 7 11 11 2 3 5 11 11 5 5 11 4 11 5 2 3 4 4 11 5 7 11 11 5 5 10 8 4 4 4 1 3 10 10 8 8 10 10 8 7 7 8 10 2 6 7 7 7 7 10 8 11 10 8 8 7 7 11 11 2 5 4 4 9 5 11 4 5 10 10 2 8 9 8 11 4 11 4 5 4 5 4 11 5 4 10 10 2 6 8 11 5 10 7 10 2 6 8 7 10 8 4 10 10 8 8 7 7 11 11 2 5 11 5 9 5 11 11 4 2 3 4 4 5 4 4 4 1 3 10 10 8 8 10 0 6 7 7 8 4 11 11 5 5 7 7 10 7 8 4 10 10 8 7 7 8 11 10 8 8 10 10 7 8 2 9 8 4 11 10 8 8 7 11 11 2 5 3 4 4 4 10 8 11 11 5 4 4 4 4 5 11 11 4 4 2 5
ppo_x50_b_fd_l4_linear,34,qv18_4,18,155,True,743.0,2.0455219745635986,8 8 10 10 8 8 9 11 5 2 10 10 7 8 8 9 5 10 10 8 8 11 10 8 2 10 10 8 8 9 4 4 5 11 5 7 10 10 7 7 8 8 10 2 10 10 8 8 10 9 8 8 10 2 9 10 8 8 4 4 11 5 10 10 8 8 4 1 9 11 5 5 7 11 11 5 8 4 4 4 11 5 10 8 7 11 11 2 5 4 4 9 5 11 11 4 5 5 4 4 11 10 8 2 6 10 10 8 8 7 7 10 10 8 8 7 10 8 10 10 8 2 6 7 10 8 10 7 10 8 2 9 5 11 11 5 4 5 11 2 3 4 4 4 4 11 4 11 2 5 6 4 4 10 8 11 11 2 3 5 11 11 5 2 9 8 1 3 10 10 8 7 7 8 10 10 7 7 8 8 4 10 10 8 7 7 7 8 10 10 2 8 9 8 4 11 4 5 7 11 11 5 4 5 11 5 7 11 11 5 5 10 11 5 4 5 10 10 2 8 10 7 7 6 7 7 7 8 1 9 4 5 10 10 8 8 10 10 8 8 4 4 4 4 11 5 4 4 4 11 4 5 4 4 4 11 4 5 10 10 2 8 9 8 10 10 8 0 6 7 7 7 8 10 7 8 7 11 11 2 5 11 5 11 9 5 5 11 5 4 0 10 10 8 7 6 8 7 7 10 8 10 7 11 2 5 9 5 7 7 11 11 5 4 5 11 5 4 11 11 2 3 5 11 11 2 3 5 4 4 4 4 11 5 10 2 10 9 8 8 10 7 10 2 6 7 8 4 10 10 2 6 7 7 7 7 8 4 11 5 1 11 9 5 4 4 4 5 11 2 3 4 4 4 10 10 8 2 9 8 10 10 7 7 7 7 7 7 2 6 5 7 7 7 10 8 11 5 7 7 7 11 11 5 2 9 5 4 11 5 10 8 10 8 11 11 4 2 3 5 4 11 0 9 5 5 4 11 5 11 11 4 5 2 10 8 9 11 5 5 7 10 8 10 7 7 10 7 8 8 11 5 10 10 8 8 10 11 5 5 4 10 10 8 7 8 10 10 2 8 6 11 5 4 4 4 4 11 5 10 8 11 11 4 2 3 5 11 5 4 4 4 10 10 8 2 9 8 10 7 10 8 8 7 7 7 10 8 11 5 7 10 10 2 8 10 7 8 6 11 4 11 5 4 4 4 5 4 11 11 4 4 2 5 10 8 7 11 9 8 8 7 10 8 10 10 8 2 7 10 8 6 11 11 4 5 4 4 5 11 11 5 4 1 4 3 5 11 11 2 4 5 3 10 8 10 7 7 10 8 2 3 10 8 10 1 9 8 8 10 8 4 10 10 8 7 7 8 4 10 10 2 6 8 11 2 10 9 8 8 10 2 9 11 5 5 11 5 10 10 2 8 7 7 7 6 11 11 5 5 4 4 4 4 4 4 4 11 4 5 4 4 10 8 10 10 8 8 4 4 11 11 5 5 10 8 7 11 11 4 4 5 2 9 8 11 10 7 8 2 6 7 10 10 8 7 8 10 7 11 5 2 11 9 5 4 4 5 10 0 6 7 7 7 10 8 2 6 11 5 11 11 2 3 4 5 10 2 9 8 11 11 2 3 4 5 4 4 4 10 10 8 2 10 10 8 8 9 8 10 7 7 7 7 10 8 8 10 10 2 6 7 8
ppo_x50_b_fd_l4_linear,35,qv18_40,18,156,True,780.0,2.8181042671203613,8 8 10 10 8 8 10 9 8 8 11 2 11 11 5 3 5 10 7 10 7 7 8 8 10 10 8 8 11 5 10 10 7 8 8 10 10 8 8 10 10 8 8 10 10 8 8 11 5 11 11 5 5 11 11 5 2 11 3 4 4 5 4 4 4 11 5 10 10 7 2 8 6 10 8 10 10 8 8 7 7 7 10 8 7 10 10 8 2 3 11 5 11 11 1 5 4 3 4 5 4 4 11 5 11 11 2 4 4 3 5 11 2 4 3 10 10 8 7 7 8 7 10 8 10 10 2 8 6 10 11 2 3 4 4 5 10 8 4 11 11 2 5 9 11 5 5 10 8 0 10 8 10 10 7 8 8 10 10 7 6 8 8 11 5 10 7 10 2 8 7 9 10 8 2 4 11 9 5 5 4 4 11 5 4 4 10 10 8 2 7 7 7 6 7 7 7 11 11 5 2 9 5 11 4 4 4 5 11 11 4 4 4 4 4 5 5 11 11 2 3 5 7 10 7 8 7 7 7 10 8 10 10 7 2 6 7 8 10 7 8 11 1 9 5 5 4 4 10 8 11 11 5 4 4 5 10 8 11 11 2 3 4 4 5 11 2 11 11 5 5 3 7 7 7 7 7 11 5 10 10 2 6 7 7 7 7 7 8 10 2 10 9 8 7 8 7 11 2 6 11 11 5 5 11 0 9 5 5 11 11 2 3 4 4 5 7 10 11 2 3 5 4 4 4 4 11 5 0 9 8 7 11 11 5 4 5 7 10 8 4 10 10 8 8 10 10 2 8 9 8 10 10 2 6 7 7 7 8 7 7 10 10 2 8 4 11 5 11 11 4 5 3 5 10 8 4 4 10 11 4 4 5 4 5 4 4 11 11 5 4 5 10 10 2 8 9 8 4 4 10 10 0 6 8 7 7 7 8 10 10 8 2 4 3 4 4 11 5 11 4 5 10 10 8 2 10 8 10 10 7 8 6 7 7 8 11 4 5 10 10 2 8 10 10 6 8 8 10 8 10 7 7 8 11 1 3 4 5 11 11 5 2 4 3 11 5 4 10 10 8 5 7 7 7 10 8 11 5 10 10 7 8 8 10 10 8 2 9 5 11 11 2 5 9 8 11 11 4 4 4 1 4 5 3 4 5 10 7 8 11 4 11 5 4 4 5 11 5 11 11 2 3 5 7 7 10 7 7 7 8 10 10 2 8 10 11 5 3 5 11 4 4 4 4 4 11 2 5 7 10 10 7 8 6 7 8 7 7 0 6 7 10 8 4 10 10 2 6 7 8 11 5 10 10 8 8 10 10 8 2 9 5 7 11 11 2 3 4 4 5 7 7 10 8 11 11 4 2 3 4 4 4 11 5 5 11 5 10 11 5 5 4 0 10 9 8 7 7 8 11 5 10 7 7 8 1 11 11 3 5 4 4 4 4 5 7 7 10 8 7 10 7 8 11 11 4 2 4 3 5 11 5 11 11 5 11 5 2 9 4 4 10 8 7 8 11 4 5 10 10 2 6 7 8 7 7 10 8 1 9 5 4 4 4 4 10 10 8 2 10 10 8 7 8 9 5 10 10 8 8 7 7 0 6 10 8 11 5 10 10 8 8 1 3 4 4 10 8 11 11 5 5 4 4 11 5 4 11 11 2 3 4 4 5 11 2 10 10 8 7 7 7 7 9 8 8 10 10 2 8 6 10 10 7 7 8 0 6 8 7 7 11 11 5 2 11 5 4 11 3 5 10 10 8 2 9 10 8 8
ppo_x50_b_fd_l4_linear,36,qv18_41,18,151,True,720.0,2.0244224071502686,8 8 10 10 8 8 10 9 8 8 10 2 10 10 8 8 10 9 8 8 10 2 4 3 11 5 4 11 11 5 2 11 9 5 4 5 10 2 10 6 7 8 10 10 7 7 7 7 8 8 10 10 8 8 11 5 11 4 4 5 10 10 8 8 10 10 7 7 8 8 10 10 8 8 1 11 3 4 5 11 4 11 2 3 5 11 5 4 4 11 5 7 11 11 2 3 4 4 4 4 5 11 2 9 10 8 8 10 10 2 6 7 8 10 10 7 7 8 7 7 10 8 2 4 11 4 5 3 11 5 4 4 11 11 2 3 4 5 11 11 5 2 7 9 8 10 10 2 6 7 8 10 7 8 10 10 7 0 6 7 8 7 7 8 10 2 9 10 8 8 4 4 4 10 8 10 8 11 4 11 5 5 11 5 4 4 10 10 2 8 9 5 10 10 0 6 8 7 8 10 8 7 11 11 5 2 6 11 5 11 11 2 3 4 5 11 4 1 3 5 4 11 11 4 2 3 5 11 4 5 7 11 11 5 2 3 10 8 10 10 7 8 8 11 5 10 7 7 8 10 10 7 8 2 7 7 6 10 8 4 10 10 8 8 7 11 11 5 2 3 11 5 7 11 11 5 5 4 4 11 4 4 4 4 4 5 4 4 10 10 2 8 7 9 8 10 10 8 7 7 7 10 7 8 7 7 7 8 11 5 10 10 8 2 9 5 11 11 5 2 7 10 8 7 6 11 11 2 3 4 4 4 5 11 2 9 5 7 11 11 4 5 8 11 4 4 5 10 8 11 11 5 5 11 4 4 5 10 10 8 2 9 8 10 7 7 10 7 8 2 9 5 4 4 11 11 2 5 3 4 11 5 4 10 10 8 2 7 6 10 8 10 10 7 7 7 8 7 7 8 11 5 4 11 4 5 10 10 8 8 11 5 10 10 7 8 8 11 10 8 8 7 10 10 2 8 6 11 11 4 4 5 5 1 4 4 4 3 11 5 11 4 5 4 11 4 4 5 10 10 7 2 8 9 8 10 10 2 6 8 10 10 2 6 8 10 7 8 10 10 8 8 7 11 2 11 3 4 5 11 11 2 5 4 4 9 5 11 11 5 1 4 4 5 3 10 10 8 7 7 7 7 7 8 4 10 2 9 10 8 7 7 8 11 5 10 10 7 7 8 8 10 8 7 11 11 5 1 3 5 10 8 10 11 5 4 4 4 5 4 11 4 1 4 4 5 11 11 5 5 3 7 7 7 10 10 8 8 10 7 11 5 2 10 6 7 7 8 4 10 10 8 2 6 7 11 10 8 8 10 10 8 2 6 4 4 11 4 4 4 11 5 4 4 4 4 4 5 11 5 10 10 7 8 2 9 7 7 8 7 10 7 8 11 11 5 2 11 5 4 11 11 5 5 10 7 7 6 7 7 7 7 7 8 10 2 6 11 11 2 5 9 8 11 11 4 4 2 3 4 4 4 4 4 5 4 4 11 11 2 5 4 10 10 8 7 7 7 7 6 7 7 7 7 8 11 2 9 4 5 11 4 5 10 10 7 7 7 8 8 10 11 2 5 9 5 10 10 8 7 7 7 8 11 10 2 8 11 11 3 5 4 4 4 4 5 11 11 2 5
ppo_x50_b_fd_l4_linear,37,qv18_42,18,149,True,730.0,2.010497808456421,8 8 10 10 8 8 9 11 5 2 10 10 7 8 8 9 5 10 10 8 8 11 10 8 2 10 10 8 8 10 4 4 4 5 9 5 11 11 2 5 9 8 4 11 11 5 2 3 10 10 7 7 7 7 7 7 7 8 8 10 10 8 8 11 5 10 10 7 8 8 10 1 9 5 5 11 5 4 11 11 2 5 9 8 4 4 10 10 8 0 6 8 10 10 7 7 7 8 8 10 2 11 9 5 5 11 5 4 11 5 11 4 11 5 2 3 7 10 8 10 7 10 2 8 9 5 10 10 8 8 7 11 1 9 5 4 4 4 4 4 4 4 5 7 7 7 7 10 2 11 10 8 8 3 4 11 11 4 4 5 11 5 5 7 7 7 11 2 10 6 7 7 7 8 7 10 10 8 2 6 4 4 11 4 4 5 7 11 11 2 5 4 4 11 3 4 5 4 4 11 5 7 11 11 5 5 4 10 10 2 6 7 7 8 11 4 5 10 10 7 7 8 8 4 11 5 10 7 10 8 7 8 11 4 5 10 10 8 2 6 10 8 11 10 8 7 7 7 7 7 8 11 11 2 5 10 6 8 11 11 2 5 11 11 5 3 5 4 1 3 11 5 10 8 10 11 5 5 4 4 4 4 4 11 4 5 4 10 10 7 8 2 9 5 10 10 8 8 10 2 10 6 10 8 7 7 7 8 11 2 11 4 10 8 8 10 9 8 8 1 4 3 4 11 5 11 4 5 4 10 10 2 8 7 10 9 7 8 8 10 2 6 11 11 5 4 5 10 10 2 8 10 8 4 10 10 8 8 6 7 7 10 10 2 6 8 11 11 4 4 5 4 4 4 4 4 4 4 4 5 10 8 11 4 11 2 5 10 6 7 7 8 11 2 4 3 10 10 7 7 7 7 2 8 7 6 7 7 11 11 5 4 4 4 4 5 1 4 11 5 4 4 4 3 10 10 7 7 7 7 8 8 10 7 10 8 2 9 8 7 10 7 7 10 8 2 9 5 7 7 11 11 5 1 4 4 5 4 9 11 2 3 5 11 11 5 2 3 4 4 11 5 11 2 3 10 10 2 6 8 7 7 0 7 9 7 7 7 8 1 9 5 11 11 5 2 11 4 11 3 5 5 4 11 4 5 10 11 5 5 10 10 7 8 2 10 9 8 7 8 11 2 10 9 8 7 7 8 7 10 2 10 10 8 8 9 8 4 4 4 11 5 4 11 5 10 8 11 11 2 4 3 5 11 5 11 4 5 11 11 5 2 3 7 10 8 10 10 2 7 6 8 7 10 8 10 10 7 8 8 7 7 7 10 7 8 10 2 3 11 11 5 5 4 4 11 5 4 11 5 4 11 11 2 5 9 11 5 5 0 9 8 10 7 8 10 10 2 6 8 7 7 7 11 10 8 8 7 11 11 2 5 9 5 10 7 8 7 11 11 2 3 4 4 5 11 11 5 5 10 2 3 4 10 11 5 5 4 4 4 4 11 5 10 8 4 1 4 3 10 10 8 8 7 10 8 10 10 8 2 9 8 10 7 10 2 8 9 8 7 7 7 7 11 11 2 5 11 11 5 3 4 5 11 11 5 5 4 4 11 5 7 11 2 11 11 5 5 10 10 7 7 8 8 10 10 8 6 7 8
ppo_x50_b_fd_l4_linear,38,qv18_43,18,155,True,772.0,2.0376265048980713,8 8 10 10 8 8 10 9 5 4 5 10 10 7 8 8 10 2 10 10 8 8 10 10 8 8 9 5 10 10 8 8 10 10 8 8 11 5 10 10 2 8 10 9 8 8 4 4 4 4 4 11 1 3 5 10 8 4 4 4 4 4 0 11 9 5 4 5 10 10 7 7 7 8 0 6 7 7 8 10 10 8 2 3 10 7 7 8 10 10 8 2 6 7 11 11 2 5 9 4 4 4 5 4 4 11 5 11 11 2 4 3 5 10 8 7 10 7 7 7 7 8 11 11 5 2 9 8 11 11 5 5 4 11 5 7 10 10 8 7 7 7 7 7 7 8 11 2 3 11 11 5 4 5 11 4 4 4 11 4 2 3 5 11 11 5 4 5 10 8 11 4 4 11 2 5 9 8 10 10 8 8 11 10 8 8 10 10 8 2 9 10 8 8 11 5 10 10 8 8 4 4 11 11 5 4 4 4 5 10 10 8 2 6 10 10 8 5 7 7 7 7 7 10 8 11 5 7 10 10 7 2 6 8 11 5 10 10 8 8 7 11 11 2 5 9 8 11 11 4 2 3 4 5 4 4 4 11 5 4 11 11 2 4 5 9 8 10 10 2 8 9 5 11 11 2 5 4 3 10 10 8 7 7 7 10 8 8 10 10 7 7 8 2 3 7 7 10 8 10 7 10 7 8 2 9 5 4 11 5 11 5 4 11 11 2 3 4 5 10 8 11 4 4 5 11 11 5 2 9 5 7 7 10 10 7 8 2 9 5 10 7 7 10 7 8 7 8 10 8 11 11 2 3 5 4 4 1 3 4 11 5 4 4 4 4 4 4 11 5 10 8 10 10 8 2 11 5 4 4 3 10 10 7 7 7 7 8 2 10 6 10 8 7 8 10 10 8 8 10 2 6 10 10 8 8 7 1 11 11 5 3 4 4 1 4 3 5 10 8 10 11 2 3 4 5 4 4 4 10 2 11 11 5 5 3 4 11 5 7 10 10 7 7 7 7 7 8 8 4 10 10 2 6 7 8 10 10 8 2 7 9 8 4 1 3 4 11 4 11 5 2 4 4 4 4 9 5 11 4 5 4 10 10 8 2 10 10 7 7 7 7 8 6 8 4 11 5 10 10 7 7 7 8 8 10 10 8 7 7 8 10 2 11 3 1 9 5 5 10 8 4 4 10 8 11 11 5 5 4 0 9 11 5 5 4 11 5 4 4 0 9 11 5 5 11 5 4 4 11 11 5 2 10 6 8 10 10 0 7 7 6 7 7 7 8 7 8 10 2 6 7 7 10 10 8 2 9 8 4 4 4 11 5 7 11 11 2 3 4 5 10 2 9 11 5 5 10 8 4 4 4 10 10 8 2 10 6 10 8 7 8 11 1 3 5 11 1 3 4 4 4 4 4 4 5 4 10 10 8 2 10 10 7 7 6 8 7 7 8 10 10 7 8 7 7 8 10 2 9 11 5 5 11 4 4 4 5 7 11 11 2 3 4 5 11 11 2 5 9 8 4 11 5 4 11 4 5 10 10 7 2 8 10 9 8 7 7 8 10 2 10 10 8 6 7 7 7 7 8 10 2 6 7 11 11 2 3 4 5 11 11 5 2 9 8 4 4 4 4 10 1 9 5 5 4 4 4 4 10 10 2 8 10 10 7 7 8 8 7 7 7 10 9 8 8 10 7 7 8 11 11 2 5 11 11 5 3 4 5 10 8 11 11 5 4 4 5 11 11 2 5
ppo_x50_b_fd_l4_linear,39,qv18_44,18,156,True,756.0,2.007716655731201,8 8 10 10 8 8 10 10 8 8 9 5 10 10 8 8 10 10 8 8 11 5 10 10 7 8 8 11 5 10 10 7 8 8 10 10 8 8 1 9 5 4 0 9 11 5 5 10 8 4 11 11 4 2 5 6 4 11 11 5 2 9 8 1 11 11 5 3 4 5 10 8 4 4 11 11 5 2 9 8 10 7 10 7 7 7 7 2 6 8 10 10 7 2 8 4 11 5 7 7 7 7 7 7 6 7 11 11 5 2 9 5 11 5 4 4 4 10 8 11 11 5 2 4 3 4 4 11 5 4 11 11 2 5 3 10 10 8 2 7 10 9 8 8 7 7 11 11 2 5 11 9 5 5 4 10 2 10 10 8 7 6 8 10 8 10 10 7 8 8 10 10 8 8 4 11 10 2 8 9 8 11 11 5 1 3 5 11 10 8 8 10 8 4 11 11 4 4 2 3 5 4 11 4 4 5 11 11 5 2 4 3 10 10 7 7 7 7 7 8 8 10 7 7 8 0 9 11 5 5 11 5 11 4 4 4 4 5 11 11 2 3 5 10 7 10 7 8 7 7 8 10 10 0 6 8 7 7 0 6 7 7 8 11 11 2 5 4 4 9 5 11 5 4 11 11 5 4 4 4 4 1 3 4 4 5 11 2 10 10 8 8 10 10 7 8 7 8 6 10 7 7 7 10 8 7 7 8 11 2 10 9 8 8 4 4 11 5 7 11 11 5 4 4 4 4 4 5 11 11 2 5 9 8 10 10 0 7 8 3 7 7 7 7 7 7 7 8 7 11 2 9 11 5 5 4 4 11 4 4 4 5 10 8 11 11 5 5 4 10 11 2 3 4 5 7 11 11 2 3 5 11 4 11 2 5 9 8 10 10 8 0 6 7 7 7 7 7 8 10 10 7 8 8 11 5 1 3 4 4 4 10 8 1 4 4 4 9 5 4 4 11 5 10 10 7 7 8 2 10 7 10 8 8 10 7 6 7 10 7 8 0 6 8 10 8 10 10 8 2 3 11 5 11 11 5 5 4 11 5 0 9 11 5 5 11 11 5 5 11 4 4 4 5 11 11 2 5 9 5 11 10 8 7 8 10 10 8 7 7 7 8 4 10 2 6 7 10 10 8 7 7 8 10 10 2 8 6 4 11 5 11 11 2 5 11 9 5 4 4 4 4 4 5 11 2 9 10 8 0 6 7 8 10 8 4 10 10 2 6 7 8 10 7 7 8 11 5 11 4 10 2 8 10 8 7 6 11 11 2 3 4 4 5 11 5 11 4 5 11 11 5 5 11 11 5 4 4 1 4 3 5 10 8 10 10 2 8 10 6 7 8 10 7 8 10 10 2 6 7 7 7 8 7 7 1 11 3 11 5 1 3 5 11 11 5 4 4 5 11 5 11 11 2 3 4 4 4 5 10 2 3 10 10 8 7 8 1 4 11 4 5 10 10 8 8 9 5 10 10 8 8 7 7 10 0 6 7 7 8 10 10 8 8 10 10 2 8 6 11 5 11 11 2 3 4 4 4 5 4 11 5 10 8 11 5 4 4 4 11 5 4 10 10 8 2 10 10 8 6 8 11 5 10 10 8 7 8 10 10 8 8 7 10 7 8 10 10 2 8 7 6 7 11 11 5 2 9 5 4 4 11 11 5 2 6 10 8 11 11 5 5 11 11 5 4 4 5 4 10 2 11 9 5 4 5
ppo_x50_b_fd_l4_linear,40,qv18_45,18,155,True,765.0,2.0334346294403076,8 8 10 10 8 8 10 9 5 5 10 10 8 8 10 2 10 10 8 8 9 10 8 8 11 5 4 11 5 4 10 10 8 7 7 8 11 4 5 10 10 8 8 10 10 8 8 10 0 9 8 8 10 2 10 10 8 8 9 10 8 8 11 5 11 5 4 11 11 2 5 6 11 11 5 5 10 8 10 11 2 3 4 5 4 4 10 8 11 5 4 4 11 11 5 4 4 2 3 7 10 10 8 7 8 10 7 7 7 7 7 10 8 7 8 4 11 5 7 7 7 7 7 11 11 5 2 3 11 5 4 4 0 9 11 5 5 10 8 11 10 8 8 10 10 8 8 4 4 4 1 9 4 5 11 4 4 4 4 4 5 11 11 4 5 2 9 8 11 10 8 8 10 10 7 8 8 10 10 0 6 8 7 7 8 10 10 8 2 9 5 10 10 8 2 9 8 7 7 11 11 5 2 11 9 5 5 11 11 5 5 4 4 4 11 5 4 4 10 2 11 9 5 5 10 2 10 7 6 10 7 8 8 10 10 8 8 10 2 10 6 7 7 8 10 10 2 8 6 4 11 5 11 11 2 4 4 3 5 10 8 11 11 5 1 3 4 4 4 5 4 4 11 5 0 10 8 10 7 8 7 10 10 8 8 10 8 10 7 9 5 5 10 10 8 7 8 7 7 10 8 11 5 11 11 2 5 4 9 4 4 4 4 5 4 11 5 4 4 4 11 11 5 5 7 10 7 7 10 2 8 6 10 8 10 10 7 8 7 7 8 10 2 9 11 4 4 5 4 4 4 4 5 4 11 4 11 5 2 11 5 10 10 8 8 4 11 5 10 10 7 7 8 8 6 7 7 10 8 10 10 2 6 7 8 11 5 10 10 8 0 6 8 4 10 10 8 7 8 7 11 11 2 5 9 4 5 4 4 4 4 4 4 1 9 5 4 4 11 1 4 5 3 10 10 8 8 11 2 10 11 5 5 10 10 7 7 7 7 8 8 9 5 0 6 7 10 10 7 8 7 7 8 10 8 7 11 11 2 5 3 4 4 4 4 11 5 7 11 11 5 5 10 7 8 4 11 11 2 3 5 4 11 5 0 9 10 8 8 7 7 7 10 7 7 7 7 7 8 11 11 2 5 11 9 5 5 4 11 5 4 10 11 5 5 11 11 2 3 5 4 4 4 11 11 5 2 9 8 4 4 10 10 8 7 7 0 7 8 9 10 2 6 8 10 10 7 8 2 7 6 7 10 8 4 11 11 2 5 11 5 11 9 5 8 11 4 1 3 4 4 4 5 4 11 5 4 10 10 2 6 7 7 8 11 2 10 10 7 8 9 8 8 11 10 8 8 10 10 2 6 8 7 11 11 5 2 6 4 11 4 4 5 4 4 4 10 10 8 2 7 7 9 8 10 10 7 7 7 7 2 8 10 10 8 8 4 4 4 4 4 9 5 11 11 4 2 5 4 4 11 5 11 9 5 4 5 10 2 10 10 8 7 6 7 7 8 11 2 10 10 8 6 8 10 10 8 7 7 8 7 7 11 2 9 11 5 4 5 10 8 4 4 4 4 4 11 4 5 10 8 4 4 11 11 2 5 4 4 3 4 10 10 8 7 7 7 7 0 7 6 8 7 10 8 7 7 7 10 10 2 8 6 11 11 4 4 5 5 4 4 4 11 4 2 10 9 8 8 10 8 10 10 8 8 11 11 4 4 2 5 9 11 5 5
ppo_x50_b_fd_l4_linear,41,qv18_46,18,155,True,788.0,2.0711541175842285,8 8 10 10 8 8 9 10 8 8 11 5 4 4 10 10 8 2 10 10 7 7 8 8 9 10 8 8 11 5 10 10 7 8 8 11 5 7 10 10 8 8 11 2 11 4 5 10 10 8 8 10 10 7 8 8 10 9 8 8 11 2 11 9 5 5 4 4 11 2 3 4 11 11 5 4 4 5 7 11 11 5 4 5 4 4 11 2 3 10 10 7 7 2 6 7 7 7 8 7 7 10 7 7 7 8 7 7 11 11 2 3 4 4 5 11 4 4 4 5 4 4 4 4 4 11 4 5 10 10 8 8 10 10 7 7 8 2 9 5 10 7 7 7 7 8 10 10 8 8 7 11 11 2 5 3 4 11 4 4 5 10 2 10 10 8 8 6 4 4 4 11 11 2 5 9 8 11 11 5 5 7 7 10 8 11 4 10 8 2 7 7 7 9 8 11 11 5 4 5 10 7 7 7 7 7 7 10 2 6 8 11 5 11 11 5 11 5 5 7 11 11 5 4 4 5 11 11 4 5 4 4 4 5 10 10 2 7 8 7 7 6 7 7 10 8 10 10 2 8 4 3 10 11 5 4 4 4 4 4 4 4 5 4 11 2 3 10 10 7 8 7 0 6 8 11 10 8 8 7 10 10 8 8 11 5 7 11 11 5 5 11 11 2 5 9 5 0 6 7 7 7 7 7 7 10 7 8 10 2 6 11 11 4 5 5 11 11 5 4 5 4 4 4 11 4 5 10 7 8 11 11 2 5 4 4 11 9 5 8 10 10 8 8 11 2 3 10 10 8 7 8 10 8 10 10 8 2 9 5 10 7 7 7 10 2 8 6 4 4 11 11 2 3 5 4 11 5 11 11 4 2 5 11 5 11 3 4 5 10 10 2 8 9 8 10 10 8 8 7 7 7 7 7 7 10 8 11 10 8 8 7 7 11 11 2 5 3 11 5 7 11 11 2 3 5 4 4 11 0 9 5 5 11 4 4 4 11 2 5 9 11 5 4 5 10 7 8 4 4 4 10 10 0 6 8 7 8 10 10 2 6 7 8 11 2 6 7 7 7 10 7 7 7 8 11 11 4 4 2 5 9 5 11 1 4 3 4 4 4 5 11 11 5 2 9 5 7 7 10 10 7 8 7 8 7 7 7 11 5 10 10 8 8 10 8 7 7 11 11 5 2 4 4 3 11 4 5 11 11 5 5 4 10 0 9 8 8 7 7 10 8 11 5 10 10 8 7 7 8 11 11 2 3 5 4 4 11 11 5 4 4 4 5 4 4 4 11 11 5 2 3 10 7 8 10 10 7 7 8 7 8 11 4 5 10 10 8 2 10 6 8 10 10 8 2 11 3 5 11 4 4 11 5 2 3 10 8 4 4 4 4 10 10 8 7 7 7 7 8 7 10 7 7 7 8 7 10 10 2 7 8 11 5 11 9 5 8 11 11 1 3 4 4 4 5 5 11 4 4 11 2 5 3 4 11 5 4 4 10 10 8 7 7 7 7 7 7 7 8 11 2 3 11 5 7 10 10 8 8 7 1 3 4 4 4 4 11 5 4 10 10 8 2 10 7 6 8 11 11 5 5 10 8 7 10 10 8 7 10 8 8 4 10 10 8 7 8 7 11 11 5 2 9 5 4 11 11 4 2 5 9 8 11 11 4 2 5 4 3 4 4 4 4 10 10 8 2 9 10 8 8 11 5 10 10 7 8 8 10 8 4 10 10 8 7 7 8 10 10 8 2 10 9 8 8 7 11 11 5 4 4 4 4 4 4 4 5
ppo_x50_b_fd_l4_linear,42,qv18_47,18,152,True,747.0,2.747488498687744,8 8 10 10 8 8 10 10 8 8 9 5 10 10 8 8 10 10 8 8 11 5 1 3 11 5 4 11 11 5 2 11 5 3 10 10 8 7 7 7 8 10 10 0 7 7 8 8 9 5 10 10 8 8 10 2 4 4 4 3 11 5 10 10 8 8 11 5 10 10 7 7 7 8 8 10 10 8 8 11 5 7 11 11 2 5 9 8 11 11 5 5 10 2 11 9 5 5 10 7 8 11 11 4 5 5 11 4 4 5 4 4 4 11 11 2 5 3 10 8 10 10 8 2 7 7 7 9 8 7 7 11 11 5 2 3 4 11 5 4 4 4 4 4 10 10 8 7 7 7 8 7 7 7 7 7 7 7 10 8 4 4 10 2 9 4 4 4 5 4 4 11 11 5 2 10 8 6 0 7 7 6 10 10 8 8 10 10 7 7 8 5 11 2 10 9 5 5 4 4 4 4 1 9 5 4 10 11 2 3 5 4 11 5 7 11 11 5 4 4 11 5 4 2 3 10 10 8 8 10 10 8 8 7 7 7 7 7 10 8 7 7 7 11 10 8 8 7 11 11 2 5 9 5 11 11 5 4 4 5 11 11 2 5 10 8 9 7 8 4 11 11 5 5 11 4 5 4 10 10 8 2 6 10 7 7 8 10 10 8 7 8 10 7 7 10 2 8 9 5 11 11 5 5 4 4 4 0 9 11 5 4 4 5 11 5 11 11 2 3 4 4 5 0 6 10 8 7 7 10 10 8 8 11 5 4 10 10 8 7 8 10 10 8 2 10 7 7 7 6 8 11 11 5 5 4 11 2 3 4 4 4 4 4 4 4 4 11 11 5 4 5 7 11 11 5 2 9 8 10 10 8 8 7 11 11 2 5 11 5 10 10 8 7 7 6 8 7 11 11 5 5 4 11 5 4 10 10 8 7 7 8 10 10 8 7 8 10 10 2 6 7 7 8 10 7 8 4 4 1 9 5 11 4 1 3 4 5 4 11 4 4 4 1 4 5 3 10 10 8 8 11 5 10 10 7 7 2 6 7 7 7 7 8 10 10 2 8 9 5 4 10 10 2 8 10 10 7 8 8 10 9 8 8 10 2 9 11 5 5 10 8 11 1 3 4 4 4 5 4 4 11 11 5 5 10 8 4 4 4 10 10 2 8 7 7 7 7 7 10 8 10 6 10 8 8 10 10 8 2 11 4 3 5 11 11 4 4 5 5 11 4 11 4 5 2 9 8 1 9 5 11 4 4 4 5 1 3 10 10 8 7 7 8 10 8 10 10 8 8 7 10 10 7 2 6 8 7 10 8 10 10 8 2 9 8 4 4 11 11 5 5 11 11 5 2 9 4 5 7 7 10 7 7 7 8 11 11 2 5 11 4 5 4 4 4 4 4 3 4 4 4 10 11 5 5 4 10 10 2 8 10 10 7 7 8 7 7 8 10 9 8 5 11 4 5 7 10 10 2 6 7 0 6 8 4 10 2 9 10 8 8 4 11 11 5 5 7 10 8 11 11 2 3 4 5 7 11 11 5 5 11 11 2 5 10 8 10 10 8 8 10 10 8 8 6 7 10 10 2 8 7 6 11 11 2 3 4 4 5 4 4 4 4 1 3 11 5 10 8 4 4 4 11 5 11 11 5 2 3 10 7 10 7 8 2 6 10 10 8 8 11 2 9 10 8 8
ppo_x50_b_fd_l4_linear,43,qv18_48,18,156,True,755.0,2.0031938552856445,8 8 10 10 8 8 9 11 2 5 10 10 7 8 8 9 5 10 10 8 8 11 2 10 10 7 8 8 9 5 10 10 8 8 10 10 8 8 11 5 4 1 9 5 11 11 2 3 5 11 11 2 3 5 4 11 11 5 2 3 7 10 8 4 4 4 10 10 2 6 7 7 8 4 11 5 10 11 5 4 5 10 10 7 7 8 10 8 7 8 10 10 7 7 2 6 8 10 10 7 8 8 11 5 4 11 5 10 10 7 7 7 8 8 11 5 10 10 2 8 9 5 11 11 2 3 5 11 11 5 2 9 5 7 10 10 8 8 11 5 11 11 4 5 4 4 5 4 4 4 4 10 10 2 6 8 7 10 8 7 11 11 5 2 9 5 4 4 1 11 11 5 5 3 4 11 5 10 7 10 8 8 10 10 7 8 8 7 10 10 7 7 8 8 7 7 7 10 8 11 5 11 11 5 2 3 4 4 4 11 5 4 0 10 10 6 8 8 10 7 10 2 6 8 10 10 2 8 6 11 5 11 11 5 5 11 11 2 3 4 4 4 1 3 5 10 8 11 11 5 5 10 11 5 5 4 4 4 10 10 2 8 10 10 7 8 6 8 10 10 8 8 10 7 11 2 5 9 5 4 11 11 2 3 4 4 5 10 10 7 8 5 7 7 7 7 10 8 11 5 10 10 7 7 2 6 8 10 10 8 2 6 11 5 11 11 4 5 4 1 3 4 5 4 4 11 5 4 11 5 1 3 10 10 8 8 10 10 2 6 8 10 7 7 10 2 8 9 5 4 4 11 4 4 5 4 4 4 4 10 10 2 6 7 7 7 7 8 10 8 10 10 2 6 7 8 11 5 10 10 8 8 11 4 5 7 10 7 10 8 2 10 7 8 6 11 11 2 3 4 4 5 10 2 3 4 4 4 4 10 11 5 4 5 4 11 11 2 5 3 7 7 7 7 11 5 10 10 8 8 10 8 10 10 7 8 2 7 10 8 7 10 8 4 11 9 5 5 11 11 5 4 4 4 11 5 4 5 7 11 11 5 4 4 5 11 11 5 2 3 10 7 8 10 10 7 8 7 7 8 7 7 7 0 6 10 8 11 4 10 8 2 9 8 10 7 10 7 8 5 4 11 2 9 11 5 4 5 4 11 5 4 4 10 2 11 9 5 5 10 8 4 4 4 4 4 11 11 5 2 3 10 8 10 10 7 7 7 8 0 6 7 7 7 8 10 7 7 8 11 11 5 2 9 8 1 4 9 11 5 5 4 11 5 4 11 5 4 4 10 11 5 5 4 4 10 10 8 2 9 8 10 10 7 8 7 7 7 7 7 8 11 10 8 2 6 10 10 8 8 10 10 8 2 9 8 4 11 5 4 4 4 11 11 5 2 9 5 11 11 5 2 9 5 4 10 11 5 5 10 10 7 8 8 7 7 10 8 10 7 7 8 7 7 11 11 5 2 3 11 4 5 11 11 2 3 4 4 5 11 5 4 11 11 2 3 4 4 5 11 11 2 5 7 10 8 10 10 7 8 6 8 10 10 7 7 8 8 7 11 2 3 4 4 11 4 5 11 11 2 5 10 7 7 8 10 10 7 6 8 7 7 7 8 10 2 7 10 8 11 11 5 5 11 11 5 4 5 6 11 11 5 2 9 8 7 11 11 5 5 11 4 11 4 4 4 5 4 4 4 5 10 10 2 8
ppo_x50_b_fd_l4_linear,44,qv18_49,18,151,True,765.0,4.808473825454712,8 8 10 10 8 8 10 9 5 5 10 10 8 8 11 2 11 5 10 7 10 7 8 8 9 5 4 11 5 10 10 7 7 8 8 11 10 8 2 3 10 10 8 8 10 2 10 10 8 8 10 9 8 8 10 2 9 4 4 5 4 4 4 11 11 5 2 11 5 7 7 7 10 10 7 8 6 8 10 2 7 10 10 8 8 9 4 4 5 4 11 5 4 4 4 11 5 7 11 11 5 4 4 4 5 4 4 4 10 10 2 8 9 8 10 7 8 10 10 2 8 6 7 10 8 7 7 7 0 6 7 10 8 11 5 11 11 2 5 9 5 4 4 11 11 5 8 4 4 4 4 11 5 0 9 8 10 10 7 8 7 7 7 8 7 11 11 5 2 9 8 11 11 5 4 4 5 4 11 2 4 9 10 8 8 11 4 2 11 11 5 5 4 9 5 7 7 7 7 7 10 10 7 8 8 7 7 7 7 7 7 11 5 10 10 8 8 11 2 3 4 10 8 11 11 5 5 11 11 5 4 4 1 3 4 4 5 4 10 2 9 11 5 5 4 11 11 2 5 3 10 10 7 7 7 7 8 8 7 7 7 7 10 8 7 7 11 10 8 8 7 11 11 2 5 4 4 4 11 5 7 11 9 5 5 4 11 2 9 11 5 5 0 7 10 7 9 8 8 7 10 4 11 5 2 9 11 5 5 11 4 1 3 5 4 4 4 10 10 2 8 9 5 10 10 7 8 8 10 10 8 7 8 7 10 10 8 8 11 4 5 7 7 7 7 7 11 11 2 5 11 11 5 3 4 5 4 11 4 5 10 10 2 8 9 8 11 5 11 1 9 5 4 4 5 4 4 4 4 10 11 5 2 10 10 7 8 6 8 10 10 7 8 7 7 7 7 8 10 2 3 10 10 8 2 9 7 7 7 8 11 11 4 5 4 5 4 11 11 4 4 5 5 10 11 5 5 11 11 2 5 6 7 10 7 8 4 10 10 2 6 7 7 8 10 10 8 8 10 10 2 8 9 8 4 1 9 7 11 5 5 4 11 11 5 4 4 4 5 11 11 5 5 10 8 4 4 4 4 4 10 10 8 2 10 10 6 7 8 7 7 7 8 11 10 8 8 10 8 4 4 10 10 2 6 7 8 10 10 2 6 7 8 1 9 5 11 4 4 1 3 4 4 4 4 4 4 5 10 10 8 7 0 9 8 7 8 4 10 10 8 7 8 11 5 7 7 7 7 7 7 11 11 5 2 9 5 4 10 8 11 11 5 4 4 5 11 4 5 11 11 5 2 9 5 10 7 7 8 11 11 4 4 5 5 11 11 5 4 5 10 10 8 2 7 10 9 8 8 10 7 10 7 7 8 7 8 10 10 2 8 9 7 8 7 11 11 5 1 4 4 4 3 5 4 1 3 4 4 4 11 5 4 10 10 8 8 11 4 2 9 11 5 2 3 4 10 10 8 7 7 7 0 9 8 7 7 8 10 10 8 8 10 10 2 7 8 9 5 10 7 8 11 11 5 2 3 4 4 4 4 10 8 7 7 10 8 7 11 11 5 5 10 7 8 7 7 11 11 5 4 4 4 4 5 10 8 11 11 4 5 5 11 11 2 3 5 11 2 3 10 10 8 8 7 10 7 8 11 11 5 2 11 5 3 10 10 8 7 7 7 8 10 10 7 8 2 9 5 11 11 4 4 5 4 4 4 4 4 4 5 11 11 2 5
ppo_x50_b_fd_l4_linear,45,qv18_5,18,151,True,763.0,2.079024314880371,8 8 10 10 8 8 9 10 8 8 11 5 4 4 10 10 8 2 10 10 7 7 8 8 9 10 8 8 11 5 4 4 4 11 4 5 10 10 7 8 8 10 10 7 7 7 8 8 10 10 8 8 11 10 2 8 10 9 8 8 4 1 9 5 11 5 4 4 4 11 11 2 5 9 8 11 5 7 10 10 8 8 10 7 7 8 4 4 1 11 3 4 5 4 4 1 4 3 11 5 10 8 10 10 8 8 10 7 7 8 4 10 10 2 8 10 10 7 7 6 8 7 7 10 8 8 11 2 4 4 3 11 5 10 10 8 2 9 4 5 4 11 5 4 11 4 4 11 2 5 9 5 11 4 4 11 5 2 9 8 11 10 8 8 4 1 3 10 10 8 7 7 7 8 10 10 7 7 7 7 7 7 7 7 8 8 11 5 10 10 2 8 9 5 11 11 5 5 11 11 2 5 10 8 11 9 5 5 4 10 10 8 7 8 4 11 5 4 4 11 4 10 2 8 9 8 11 11 5 4 4 5 1 3 10 10 8 8 10 11 5 5 10 7 10 7 7 7 7 7 8 8 10 10 2 6 8 11 5 11 11 2 3 4 5 10 2 3 4 11 5 4 11 5 4 4 4 4 4 10 10 8 2 9 7 8 10 10 7 7 2 8 6 10 8 10 10 8 7 7 8 7 11 11 2 3 4 5 4 4 4 11 4 5 4 4 4 4 4 11 5 10 8 7 10 7 10 2 8 9 8 10 7 10 8 8 4 11 0 9 5 5 11 5 4 11 4 5 10 10 8 8 11 5 4 4 4 1 3 10 10 8 8 10 8 7 10 11 5 5 4 11 4 5 10 10 7 7 7 7 7 8 7 7 7 7 8 7 7 11 11 2 5 4 9 5 11 11 2 3 5 10 8 10 10 8 8 7 10 8 10 10 2 8 6 4 11 1 3 5 7 11 11 5 4 4 4 4 5 11 4 5 11 11 2 3 5 4 11 5 10 10 7 7 7 7 7 2 6 8 10 7 8 4 10 10 8 2 10 6 7 10 8 7 8 11 11 2 5 9 5 11 11 5 5 11 11 2 5 9 8 7 7 7 10 10 8 2 6 4 11 5 11 4 11 5 2 11 4 4 9 5 5 11 5 7 11 11 5 5 10 8 4 4 4 11 4 5 10 10 2 8 11 5 4 3 10 10 7 7 7 8 0 7 6 8 7 7 7 7 10 10 8 2 3 11 5 7 10 8 10 10 8 2 6 4 4 11 11 4 2 5 9 8 11 4 4 4 11 5 5 10 11 5 5 10 11 5 5 11 11 2 5 3 10 10 7 7 7 8 7 8 7 11 10 8 8 10 7 10 8 2 6 11 5 11 11 5 5 11 4 11 5 4 5 11 11 2 5 4 3 11 5 4 4 10 10 8 7 8 10 10 2 6 8 0 6 7 7 7 10 8 7 7 10 10 2 8 9 8 11 4 11 4 4 5 5 11 11 5 4 1 3 5 4 4 11 4 5 10 10 2 8 7 9 7 7 7 8 7 11 10 8 8 10 10 2 8 9 11 4 4 4 4 4 5 4 5 11 11 2 5 4 3 10 10 7 7 2 7 6 8 4 11 4 5 10 10 8 7 7 7 8 4 4 10 10 8 8 7 7 7 7 10 8 7 10 10 7 8 2 9 5 11 11 4 4 2 3 5 11 11 2 3 5 4 11 11 4 4 4 2 5
ppo_x50_b_fd_l4_linear,46,qv18_50,18,154,True,773.0,2.052760601043701,8 8 10 10 8 8 10 9 5 5 10 10 8 8 10 2 10 10 8 8 10 9 8 8 11 2 4 9 5 4 4 4 11 11 2 5 3 7 10 8 10 10 7 8 7 8 10 10 7 8 8 10 10 8 8 11 5 7 1 4 4 4 9 5 10 10 8 7 8 10 2 10 10 6 8 8 4 4 4 11 5 10 7 8 10 8 11 4 11 2 5 9 5 11 10 8 7 8 7 7 10 10 8 8 4 4 4 4 4 4 4 4 11 5 10 7 8 11 11 2 3 4 5 10 8 4 4 10 10 2 8 9 8 10 7 8 7 7 11 11 2 5 4 9 5 4 11 4 11 5 4 5 4 4 10 10 2 6 7 8 10 8 10 10 2 6 7 7 8 11 2 6 7 7 7 10 10 8 2 6 7 11 1 3 5 4 11 4 4 0 9 5 4 5 10 8 11 4 4 4 5 4 4 4 11 11 5 2 10 7 8 10 10 7 6 7 7 8 8 10 10 7 7 2 6 7 7 8 10 2 11 9 8 8 7 1 9 11 5 5 11 5 7 11 11 5 4 5 11 5 11 11 2 3 4 5 4 4 4 4 11 4 5 10 10 8 8 4 11 5 10 10 7 7 7 7 8 2 6 10 10 8 7 7 8 10 10 8 7 8 1 4 3 4 4 11 5 0 9 11 5 5 4 0 10 6 8 7 11 11 2 5 11 4 11 5 5 4 10 9 8 8 10 2 10 10 7 7 7 7 7 7 7 8 6 8 11 5 10 10 2 8 9 5 11 11 5 5 11 11 5 2 9 4 4 5 4 11 4 4 11 2 3 4 4 5 11 2 10 6 10 2 6 7 7 7 8 7 7 10 8 11 5 7 10 10 2 6 8 7 11 2 9 11 5 8 4 4 4 11 5 10 8 7 10 8 11 11 4 5 4 5 11 11 2 5 3 10 7 8 7 7 7 11 10 8 8 7 10 10 8 7 8 11 2 6 11 11 5 4 4 4 4 4 4 5 4 4 1 9 5 10 8 11 11 5 5 10 11 2 4 4 5 10 7 8 10 9 8 7 7 8 7 11 11 5 5 10 2 9 10 7 8 7 7 8 7 7 10 10 2 8 6 7 11 11 5 4 4 4 4 4 5 4 4 11 5 4 11 4 11 5 4 5 11 2 10 9 8 8 7 10 7 7 7 8 11 10 8 8 7 10 10 2 8 7 7 9 8 7 11 10 8 8 11 11 4 2 5 11 11 4 5 4 4 4 4 5 9 8 11 11 5 2 9 8 11 11 5 5 11 5 0 7 7 7 6 7 7 10 8 4 11 11 2 5 9 8 1 3 4 4 11 11 4 4 5 2 9 7 8 11 5 10 10 8 7 7 7 7 7 8 7 7 10 8 1 9 5 4 10 10 8 8 10 8 7 11 11 5 4 4 4 5 11 4 4 5 4 10 11 5 5 4 4 10 10 8 2 7 9 8 10 10 7 7 7 2 6 7 8 10 10 8 7 7 7 7 8 1 11 3 4 5 4 4 1 3 4 11 5 10 8 0 6 7 11 10 8 8 7 7 10 10 8 8 10 2 3 4 4 11 11 1 4 3 4 5 4 4 5 10 2 9 11 5 5 11 4 5 1 3 10 10 8 8 10 10 7 8 7 7 8 10 10 8 2 9 8 7 10 8 11 11 5 5 11 11 4 4 2 3 5 4 11 4 4 4 4 4 5 10 10 2 8 10 10 7 7 6 7 8 8
ppo_x50_b_fd_l4_linear,47,qv18_51,18,154,True,763.0,2.024322271347046,8 8 10 10 8 8 9 10 8 8 11 5 4 4 10 10 2 8 10 10 7 7 8 8 10 9 8 8 11 2 4 10 10 8 8 10 10 8 8 10 9 8 8 10 2 10 9 8 8 10 10 8 8 1 9 5 11 4 5 11 11 5 5 4 4 4 4 4 10 11 2 3 5 11 5 11 11 5 2 10 8 10 10 8 6 7 7 7 7 7 7 8 7 7 10 10 8 2 6 4 4 11 5 4 11 5 7 11 11 2 3 4 5 10 8 7 10 8 4 11 4 4 11 4 2 5 10 8 11 9 5 5 1 9 4 4 5 4 11 11 5 2 7 9 8 10 10 8 7 7 8 11 5 4 4 4 11 5 10 10 2 8 11 5 10 10 7 7 8 7 6 7 8 10 10 2 6 8 10 10 7 2 6 7 8 10 8 7 11 11 2 5 4 3 11 5 7 11 11 5 4 5 4 11 11 4 5 2 9 5 11 10 8 7 7 7 7 8 10 7 7 10 8 2 9 8 11 4 5 10 10 8 8 11 4 4 4 11 5 4 5 4 4 4 4 4 10 10 2 8 10 6 7 7 8 7 7 7 11 10 8 8 7 7 7 11 11 2 5 3 4 4 4 4 11 4 5 11 10 2 8 10 10 8 8 6 11 5 4 4 4 4 4 11 5 4 11 11 2 5 3 10 8 7 7 10 8 11 5 4 10 10 8 7 7 7 7 8 11 11 2 5 11 5 9 5 10 10 2 6 7 7 7 8 11 5 10 10 2 6 8 10 7 8 1 11 9 5 5 10 8 11 4 5 11 11 2 3 4 4 5 4 11 5 11 4 4 11 5 2 3 10 8 10 10 7 7 2 6 7 8 11 5 10 10 7 7 2 6 7 8 10 10 8 2 10 7 9 8 8 11 5 7 11 11 5 2 11 9 5 4 4 5 4 11 5 10 8 4 4 11 10 2 3 5 10 4 4 4 11 5 2 4 3 10 10 7 7 7 7 8 8 10 10 8 2 10 9 8 7 7 7 7 8 7 10 2 6 11 11 4 2 3 4 4 1 3 5 11 5 11 5 11 11 2 5 4 4 4 11 5 9 5 10 10 8 2 9 5 10 0 10 7 7 8 7 7 6 7 8 11 5 10 10 7 8 5 7 7 10 7 8 10 11 4 2 5 9 8 11 11 4 4 5 4 4 4 4 5 10 7 11 5 2 11 3 4 5 10 10 2 8 10 7 6 7 8 10 10 7 8 2 9 5 10 7 7 7 8 4 11 5 11 11 5 2 11 3 5 11 11 4 2 5 6 11 5 11 1 11 5 3 4 4 4 4 5 10 8 0 6 10 10 8 7 7 8 7 7 10 8 4 10 10 8 8 7 7 7 10 10 8 2 9 4 5 11 4 11 5 4 5 4 4 1 9 5 4 4 4 4 11 11 2 5 3 10 10 7 7 7 2 6 7 7 7 7 7 8 10 2 7 10 9 8 5 10 8 7 0 6 11 11 5 5 4 4 4 4 4 1 9 4 4 5 11 11 2 3 4 5 11 5 10 10 7 7 7 7 8 8 10 10 2 8 10 9 8 7 8 10 2 9 7 8 7 10 8 11 11 5 5 11 11 4 5 4 5 10 8 11 11 5 4 5 11 4 5 11 11 2 5 4 11 4 4 5 10 7 10 7 8 8 10 10 7 7 8 7 6 7 8 7 11 11 5 2 9 5 11 11 2 5
ppo_x50_b_fd_l4_linear,48,qv18_52,18,148,True,715.0,2.9000959396362305,8 8 10 10 8 8 10 10 8 8 9 5 10 10 8 8 10 10 8 8 11 5 4 11 5 10 10 7 7 7 8 8 4 11 5 11 5 10 10 7 7 7 8 8 10 10 8 8 10 10 8 8 11 5 11 11 5 5 10 8 7 7 11 11 2 5 4 9 5 11 11 5 5 11 10 2 8 9 8 10 10 2 8 6 7 10 8 11 11 4 4 4 4 5 1 3 5 4 4 4 4 4 4 10 10 2 8 9 8 10 8 10 7 10 2 6 7 8 10 2 11 9 5 4 4 5 11 2 11 3 4 5 4 4 4 10 10 0 6 8 7 8 10 7 10 2 6 7 8 10 2 3 7 7 7 10 10 2 8 6 7 11 11 5 4 5 11 11 2 3 4 5 7 11 11 5 5 10 8 11 11 4 5 2 9 8 11 11 2 5 11 3 4 1 4 3 5 10 10 8 8 10 8 7 7 7 7 10 10 2 6 7 7 8 10 7 7 10 2 8 6 11 5 11 11 4 5 2 4 9 5 4 11 5 7 11 11 5 5 4 11 4 5 11 11 2 5 9 4 5 10 10 2 6 7 7 7 7 7 7 8 10 10 2 8 3 10 7 8 10 10 8 2 3 11 11 5 5 11 11 5 4 4 5 11 5 10 10 8 8 11 4 10 8 8 11 11 5 4 4 4 4 4 5 11 11 2 5 7 9 7 10 7 8 7 7 8 7 7 7 11 5 10 10 8 8 11 5 10 10 2 6 7 7 7 8 10 2 6 4 11 11 4 4 2 3 4 4 4 4 4 5 4 10 8 7 10 8 11 11 4 2 3 4 5 4 11 2 3 10 10 7 8 8 11 5 11 5 4 10 10 8 8 10 10 8 8 7 7 10 10 8 7 7 8 7 11 11 2 5 6 11 5 4 11 0 9 5 5 4 4 4 4 1 4 11 4 5 3 10 10 8 8 10 10 8 8 10 10 7 7 8 7 8 10 10 7 7 8 8 10 10 7 8 2 9 5 4 11 5 11 4 11 5 2 6 11 5 4 4 11 5 0 9 8 10 7 7 7 7 10 8 2 6 11 5 11 11 4 5 2 4 4 10 9 8 7 8 11 4 1 3 4 4 5 10 2 6 11 11 5 4 4 5 11 11 5 2 11 5 10 10 7 8 6 7 7 8 10 10 2 6 8 4 11 5 7 7 7 10 10 7 2 6 7 7 8 11 5 7 7 11 11 2 5 9 4 4 5 10 7 8 11 11 5 5 11 4 5 11 11 2 3 4 4 5 10 11 5 4 5 11 4 5 10 10 8 8 1 9 10 8 8 10 8 10 8 4 10 10 8 8 10 8 7 7 7 7 7 10 7 8 11 11 2 5 11 5 11 11 4 5 3 4 4 5 10 8 11 5 4 4 4 11 11 5 2 7 10 8 7 7 10 7 9 8 7 7 8 10 10 8 7 8 7 11 11 5 2 11 11 3 4 4 5 1 3 5 4 4 10 11 1 5 3 4 4 5 10 8 4 4 4 10 10 2 8 6 7 7 7 11 5 11 2 3 11 5 10 10 7 8 7 8 4 11 5 10 10 7 8 8 11 2 9 5 10 10 8 7 8 11 11 2 5
ppo_x50_b_fd_l4_linear,49,qv18_53,18,145,True,715.0,2.9095468521118164,8 8 10 10 8 8 10 9 5 5 10 10 8 8 10 2 10 10 8 8 10 9 8 8 11 2 3 11 5 10 10 7 7 8 8 11 5 10 10 7 8 8 10 2 10 9 8 8 10 10 8 8 11 5 11 4 4 11 5 5 11 4 5 4 4 1 3 4 4 11 4 5 1 3 10 10 7 8 8 11 5 10 10 7 7 8 8 4 10 10 7 7 8 7 7 8 10 10 2 6 8 11 2 6 11 5 11 4 1 9 5 8 4 4 4 11 5 4 4 11 11 4 4 2 5 3 10 8 10 10 7 7 7 0 6 7 7 8 7 8 7 7 7 10 7 8 4 11 5 10 10 8 8 10 2 9 11 5 4 4 5 4 4 4 4 4 10 2 9 11 5 5 11 5 4 11 11 2 5 10 8 10 10 7 7 7 7 7 7 6 8 7 8 4 11 5 10 7 10 2 6 8 4 4 4 11 4 2 4 4 9 5 10 10 8 2 10 6 10 8 8 10 7 10 8 7 8 10 2 9 11 5 5 11 11 5 2 11 4 9 5 5 11 7 11 5 4 5 7 11 11 5 4 4 4 4 5 11 10 8 8 4 4 11 11 5 2 3 10 8 10 10 7 7 7 7 2 6 7 7 7 7 8 10 2 11 9 8 8 7 11 11 5 5 4 4 11 4 5 10 8 4 4 4 4 4 11 5 10 10 7 7 8 2 10 9 8 7 7 8 4 4 11 1 3 5 4 4 4 11 5 11 4 10 2 8 6 10 8 10 7 10 8 2 10 10 7 8 8 9 5 10 10 0 6 8 7 7 7 8 10 10 8 8 10 11 5 2 6 11 5 11 11 2 3 4 5 4 10 10 8 8 7 7 10 8 11 11 5 4 4 5 11 11 5 5 7 7 7 7 7 10 8 11 11 5 5 11 11 5 5 4 4 4 4 4 4 11 4 5 4 10 10 8 7 8 11 4 4 5 4 10 10 2 8 7 9 8 10 10 8 8 10 10 7 7 2 6 8 7 10 8 7 10 10 2 6 8 11 11 2 5 4 4 4 3 4 11 5 10 8 11 11 5 5 11 4 4 4 4 5 4 4 10 10 2 8 7 9 8 10 10 8 2 11 3 5 10 10 7 8 0 6 7 7 7 7 7 8 11 2 9 10 8 8 11 5 11 11 5 5 4 4 4 11 5 4 11 4 4 5 11 5 10 10 2 6 8 10 10 8 8 11 5 7 10 10 8 8 10 7 0 6 7 7 8 7 11 11 2 5 9 8 11 11 5 4 5 4 10 10 8 8 11 5 4 4 1 4 11 4 5 10 9 8 8 11 1 9 5 4 4 5 4 10 2 10 10 8 7 8 11 9 8 8 10 7 10 8 8 10 0 6 7 7 8 7 7 7 7 11 11 2 5 9 11 5 5 4 11 5 10 8 10 8 11 11 4 5 5 4 11 11 5 5 11 11 2 3 4 5 11 2 9 5 10 10 8 7 7 7 8 11 5 4 10 10 8 8 7 10 10 8 7 7 7 8 10 8 7 11 11 2 5 11 11 5 5 11 11 3 5 4 4 5 4 4 4 11 4 4 4 5 11 2 10 10 8 8 10 10 6 7 8 8
ppo_x50_b_fd_l4_linear,50,qv18_54,18,156,True,759.0,2.05399227142334,8 8 10 10 8 8 10 9 5 5 10 10 8 8 11 2 4 11 5 3 10 10 7 7 7 8 8 11 5 11 5 10 10 7 7 8 8 11 5 11 5 10 10 7 7 8 8 11 5 10 10 8 2 10 10 8 8 10 9 8 8 10 2 10 9 8 8 1 9 4 5 10 8 11 11 2 3 5 11 4 5 11 5 4 11 11 2 5 9 8 7 11 11 5 4 4 4 4 5 11 4 2 3 10 10 7 8 7 8 10 10 2 8 6 7 10 8 10 7 10 7 8 8 10 7 10 2 8 6 11 4 11 5 1 3 5 10 7 8 11 4 4 5 7 11 11 5 4 4 5 11 4 11 2 4 4 5 3 11 5 10 10 8 7 8 10 7 10 7 8 8 10 10 8 7 7 8 11 2 4 4 3 4 4 4 4 4 11 4 4 11 2 5 3 10 10 8 2 7 9 10 8 8 11 5 10 11 5 5 10 10 7 7 8 2 10 7 7 6 7 7 8 10 10 8 7 8 10 2 7 11 9 5 5 11 5 4 4 4 4 4 4 4 4 11 5 10 10 7 7 7 2 6 8 7 11 5 10 10 8 8 11 4 5 10 10 7 8 7 8 10 10 8 2 6 4 4 4 4 4 4 10 11 2 3 4 5 10 7 8 11 11 5 5 11 11 5 2 9 5 11 11 5 4 4 5 4 10 10 8 2 10 6 7 8 4 10 10 8 7 8 10 10 2 8 9 5 10 10 7 2 6 8 4 10 10 8 7 8 10 10 8 2 9 8 11 11 2 3 5 10 8 11 11 4 4 2 3 4 4 4 4 5 10 2 10 6 10 8 7 8 10 10 8 2 9 8 4 11 11 5 4 5 4 4 10 10 2 8 9 7 7 7 8 7 10 10 8 2 6 11 5 7 7 7 11 11 2 3 5 4 4 4 4 4 11 5 4 11 4 4 11 4 5 4 5 10 10 2 8 3 10 8 10 10 7 8 7 7 7 8 10 10 8 2 9 8 10 7 8 11 11 5 4 5 11 11 2 5 9 8 11 4 11 5 5 4 10 1 9 8 8 7 7 10 8 7 7 7 11 5 10 10 8 8 7 10 10 2 8 11 3 5 11 11 5 4 4 5 4 4 4 4 4 11 5 4 11 2 4 3 10 10 2 8 7 9 10 8 8 7 11 5 4 11 5 10 10 7 8 7 7 8 11 5 4 10 10 2 6 7 7 8 4 10 2 11 4 4 5 10 10 8 8 10 8 9 10 7 2 6 7 8 10 10 8 7 2 6 11 11 2 3 4 4 4 5 4 4 10 2 3 4 11 4 5 4 4 11 5 4 10 10 2 6 8 10 2 6 10 10 7 7 8 8 1 3 4 4 11 5 4 10 10 2 8 10 9 8 8 10 10 7 8 7 8 7 10 8 7 7 7 11 11 2 5 11 9 5 4 5 4 4 4 10 2 9 11 5 5 7 10 2 6 10 10 8 2 9 8 11 10 8 8 11 5 4 4 4 4 4 10 11 5 8 4 4 4 11 5 10 8 4 4 4 10 10 8 2 9 8 7 10 8 4 4 11 4 5 10 10 8 8 10 10 7 8 7 7 8 11 11 2 5 9 5 10 8 4 4 10 10 2 8 7 9 7 7 8 11 11 5 5 7 7 7 7 10 10 7 8 5 10 7 8 11 11 2 5 11 11 5 4 4 4 4 3 4 5
ppo_x50_b_fd_l4_linear,51,qv18_55,18,151,True,748.0,2.9760944843292236,8 8 10 10 8 8 9 11 4 2 5 10 10 7 7 8 8 9 5 10 10 8 8 10 10 8 8 11 5 4 11 5 10 10 7 7 7 8 8 11 10 8 2 10 10 8 8 10 9 8 8 1 9 5 7 11 11 5 4 4 5 11 4 4 5 4 4 11 4 11 2 5 11 5 9 10 8 7 8 11 5 10 10 2 6 7 8 7 10 0 6 7 10 8 7 7 7 8 10 10 7 8 5 4 4 4 4 11 2 3 4 4 11 5 7 0 10 10 8 6 8 11 10 8 8 7 10 7 8 11 11 2 5 11 11 5 11 5 5 4 4 3 4 4 11 5 4 4 11 5 4 4 10 10 8 2 9 8 10 8 4 11 4 5 10 10 8 8 10 10 7 7 8 8 11 4 5 10 10 8 8 10 10 2 6 8 11 2 9 10 7 8 5 10 10 8 8 7 1 11 11 5 4 3 5 4 4 4 4 10 11 5 5 10 10 2 6 7 8 11 2 10 6 7 10 8 0 6 8 7 10 10 8 7 7 8 11 11 5 2 9 8 11 11 2 3 4 4 4 5 11 5 11 11 5 2 11 9 5 4 5 4 4 4 4 10 10 8 2 10 10 7 6 8 7 8 7 7 10 8 4 10 10 8 7 8 10 10 2 8 10 7 8 6 11 4 4 4 4 1 3 4 4 4 5 11 11 5 2 9 5 7 7 10 8 7 7 7 10 8 11 5 4 10 10 2 8 7 9 8 7 10 10 2 8 9 4 5 11 5 4 4 11 5 7 11 11 5 1 3 4 5 10 2 10 9 8 8 10 2 9 10 8 7 2 10 10 8 6 8 7 7 11 11 5 2 3 4 4 11 5 4 4 4 11 4 5 7 10 8 4 11 11 2 3 4 5 11 11 2 5 9 8 7 11 11 5 4 5 10 7 7 8 10 10 2 6 7 7 7 8 4 10 10 8 7 8 1 3 4 4 11 4 5 4 4 4 1 4 3 10 10 8 8 10 8 10 8 10 10 2 6 7 7 8 1 3 11 5 11 11 2 3 4 5 11 2 3 10 10 8 7 7 8 10 10 7 7 7 8 8 11 5 4 11 5 10 10 7 7 8 7 7 7 8 11 11 2 5 9 8 4 11 11 5 5 11 11 2 5 9 5 4 11 5 4 4 4 11 4 5 4 10 10 2 8 10 9 8 8 10 10 8 2 6 7 7 7 7 10 8 11 5 11 11 5 5 11 5 7 11 11 5 5 11 5 7 7 10 7 7 7 10 7 7 2 8 10 10 8 8 9 5 11 11 5 4 5 10 11 5 4 4 5 7 11 11 5 4 4 4 4 4 1 4 5 4 3 10 10 8 10 8 8 10 8 7 10 7 8 10 10 7 7 8 8 10 10 8 7 8 4 10 10 8 2 9 8 11 5 11 4 5 7 11 11 5 4 4 5 11 5 4 4 4 1 3 4 4 11 4 5 10 10 8 8 10 10 2 8 10 9 8 8 10 8 4 10 10 8 8 7 7 10 10 2 8 3 10 7 7 8 7 0 6 11 11 5 5 11 5 11 11 5 4 5 11 11 4 2 4 3 4 5 10 2 9 10 8 7 8 11 11 5 4 5 10 8 11 11 5 4 5 4 4 10 10 8 2 10 10 8 6 7 7 8 10 10 8 7 7 8 10 10 2 6 7 8
ppo_x50_b_fd_l4_linear,52,qv18_56,18,155,True,780.0,2.0623669624328613,8 8 10 10 8 8 10 9 8 8 11 2 11 11 5 3 5 10 7 10 7 7 8 8 10 10 8 8 11 5 7 10 10 8 8 10 10 8 8 10 10 8 8 11 5 11 11 2 5 3 4 11 4 4 11 2 3 5 11 4 5 10 10 8 2 6 10 8 10 7 7 7 10 7 7 8 2 7 10 9 8 8 1 9 4 5 11 4 10 8 8 10 8 11 11 4 2 3 5 0 9 11 5 5 4 4 11 5 10 8 11 11 5 4 4 4 5 11 11 5 2 3 7 7 11 10 8 8 10 10 2 6 7 7 7 8 10 7 10 8 2 7 9 7 7 8 4 11 5 11 11 5 5 11 11 5 4 4 11 2 3 5 4 4 11 5 11 1 4 5 3 10 10 8 8 10 7 10 2 7 7 6 8 11 4 5 11 4 5 11 10 8 8 10 10 8 8 10 10 7 8 7 7 8 10 10 2 6 7 8 11 2 11 9 5 5 4 11 2 3 11 11 5 5 11 2 3 4 4 4 4 10 10 8 2 10 7 6 7 7 7 7 7 7 8 7 7 11 11 2 3 4 4 5 11 5 11 4 11 2 5 4 4 3 4 4 11 4 5 11 2 3 10 10 7 8 8 10 8 4 10 10 8 7 8 10 10 8 2 3 7 10 7 7 7 10 8 8 1 9 5 4 4 11 5 11 11 5 4 4 5 7 11 11 2 3 4 4 5 11 11 5 4 2 9 10 8 8 11 5 10 10 7 8 7 7 8 10 10 2 6 8 10 10 2 6 7 7 7 8 11 2 4 3 4 11 5 10 7 11 5 5 4 4 4 4 4 4 4 11 5 10 8 10 10 7 7 2 8 7 9 8 10 10 2 8 9 8 10 7 10 7 8 8 10 10 7 8 5 1 9 4 4 5 10 8 4 4 4 10 11 5 5 4 4 4 4 10 10 2 8 7 9 8 10 10 2 8 7 9 8 10 7 10 8 8 10 11 5 2 9 5 7 11 11 4 4 4 5 8 4 11 5 10 8 4 4 11 4 5 4 4 4 4 10 10 2 6 8 10 7 0 6 8 10 10 7 8 7 0 9 8 7 8 11 10 8 8 7 7 7 11 11 5 2 9 5 4 4 4 4 10 10 8 2 9 8 11 5 11 11 5 5 4 4 11 4 4 4 5 11 5 10 10 7 2 6 8 7 10 2 9 8 4 11 5 10 10 7 2 6 7 7 8 4 10 11 5 5 10 10 7 8 8 10 10 2 8 9 8 1 4 4 4 4 3 4 4 4 11 5 4 10 2 11 9 5 5 4 10 2 10 10 8 7 7 8 9 7 10 8 2 10 7 10 8 6 8 7 7 7 7 7 11 11 5 2 3 11 11 5 5 10 2 9 7 8 11 11 1 5 3 5 11 5 11 11 5 2 9 4 5 4 11 11 5 2 9 8 10 7 10 2 6 8 11 5 4 10 10 2 6 7 7 7 7 8 11 2 3 4 10 11 5 5 4 11 4 4 4 11 2 5 9 11 2 4 5 3 10 7 8 7 7 7 10 8 4 10 10 8 7 7 7 8 10 10 7 8 5 10 10 2 8 9 8 7 11 11 5 5 11 4 5 11 11 2 3 4 5 11 5 4 4 4 4 4 4 11 5 10 10 8 2 10 10 8 7 6 8 7 7 0 6 10 8 7 7 10 7 7 8 7 11 11 2 5 11 11 5 3 5 4 4 11 5 7 11 11 4 2 5 9 8 11 11 4 4 2 5
ppo_x50_b_fd_l4_linear,53,qv18_57,18,150,True,752.0,2.9738593101501465,8 8 10 10 8 8 9 11 2 3 5 10 10 7 8 8 11 5 10 10 7 8 8 11 10 8 2 10 10 8 8 9 10 8 8 10 2 3 10 10 8 8 11 10 2 8 10 10 8 8 4 9 4 5 10 8 11 11 5 5 11 11 2 3 5 4 4 4 11 5 10 2 9 10 8 8 11 4 4 5 11 2 4 10 10 8 6 8 11 10 8 8 10 10 8 8 7 7 11 10 8 8 7 10 10 2 8 7 6 7 11 11 5 2 9 5 4 4 10 11 5 1 3 5 11 11 5 4 4 4 4 4 4 5 11 11 2 5 9 8 10 10 8 7 8 10 10 7 7 7 2 6 8 7 10 10 8 2 9 8 4 4 4 4 11 5 7 11 11 2 3 5 7 7 7 7 10 7 7 8 11 5 11 11 4 5 5 4 11 4 4 5 4 11 11 2 5 9 4 5 7 7 7 10 10 7 2 6 7 7 7 8 7 10 7 7 10 2 6 7 8 11 11 4 4 2 3 4 4 4 5 11 5 4 10 11 2 3 5 11 4 5 10 10 8 8 11 4 4 4 11 2 5 3 10 8 10 10 2 6 7 7 7 7 7 8 11 2 3 10 10 8 8 7 7 10 8 11 5 10 10 8 7 8 11 11 2 5 4 3 4 4 4 11 5 10 10 8 4 5 4 4 11 5 10 8 4 4 4 11 11 2 5 3 10 7 8 10 10 8 7 8 10 10 0 6 8 5 7 7 10 8 11 5 1 3 11 5 4 11 5 4 4 11 5 10 10 7 7 2 8 7 7 10 8 10 10 6 7 8 5 10 7 8 10 10 7 8 2 9 5 4 11 5 11 11 5 2 3 4 11 5 11 11 2 5 4 3 11 5 10 10 7 2 6 7 7 8 7 10 8 10 10 2 7 8 9 5 11 4 5 11 11 5 4 4 5 0 9 11 5 5 11 5 4 4 11 5 11 11 5 2 9 8 4 4 10 10 2 6 7 7 8 4 4 11 5 10 10 7 7 8 7 8 4 4 10 10 2 6 8 7 7 7 10 8 11 5 7 7 11 10 8 7 8 10 11 5 5 7 7 7 11 11 5 2 3 4 4 4 11 5 4 10 2 10 9 8 8 10 7 8 10 8 11 11 4 2 5 11 9 5 4 4 4 5 0 9 10 8 8 10 10 8 2 6 7 11 11 5 5 1 4 4 3 11 5 11 11 5 2 3 10 8 10 10 7 8 2 9 5 10 10 8 8 7 10 8 10 10 8 8 11 10 2 8 9 11 2 3 4 5 1 9 11 5 5 7 11 4 5 7 11 11 5 4 5 7 10 8 4 4 4 4 11 11 5 2 4 3 10 10 8 7 7 7 8 7 7 7 7 10 8 11 5 10 7 7 7 10 8 2 9 8 4 4 4 11 5 7 11 11 5 4 5 11 10 8 8 4 4 4 11 4 4 5 10 10 8 2 10 8 7 7 7 7 7 7 10 6 7 8 7 11 11 5 2 9 5 4 4 4 4 11 4 5 4 4 4 4 4 11 11 2 5 3 7 7 7 7 7 10 10 8 2 7 7 7 9 8 7 11 11 2 5 11 11 5 9 5 4 5 10 8 4 11 11 2 5 11 4 3 5 10 7 10 8 7 7 0 6 8 10 10 2 6 8 10 10 7 8 8 7 7 11 11 2 5 11 9 5 5
ppo_x50_b_fd_l4_linear,54,qv18_58,18,154,True,742.0,2.0679383277893066,8 8 10 10 8 8 10 9 5 5 10 10 8 8 10 2 10 10 8 8 9 10 8 8 11 5 11 5 10 10 7 8 2 10 10 8 8 10 10 8 8 10 10 8 8 10 10 8 8 9 5 11 11 5 5 11 11 5 5 4 4 11 11 2 3 4 5 4 4 4 4 11 4 5 11 2 10 10 6 7 8 8 10 10 2 6 7 7 7 8 10 7 10 2 6 8 10 2 6 11 4 10 2 8 9 8 10 10 8 8 4 4 4 4 1 3 4 4 10 11 5 5 4 10 10 2 8 9 8 1 4 9 4 5 4 4 4 11 11 2 5 7 10 8 10 10 8 6 8 7 10 8 10 10 2 7 6 8 7 7 10 10 2 6 7 7 8 11 2 6 11 11 5 4 5 4 11 11 5 2 11 11 5 5 9 8 7 7 7 7 10 7 10 2 6 8 11 5 11 11 5 4 5 10 8 11 11 2 3 4 4 5 4 11 4 4 5 1 11 4 5 3 10 10 8 8 11 5 4 4 10 10 8 7 7 10 8 8 7 7 7 10 8 7 10 10 7 8 8 7 7 11 11 2 5 3 11 5 7 7 10 8 11 11 5 5 10 7 8 11 11 4 4 4 4 4 2 3 5 0 9 11 5 5 10 8 4 4 4 4 4 11 11 2 5 11 3 5 10 10 8 7 8 10 10 7 8 7 8 11 5 7 7 11 5 10 10 8 7 8 4 11 5 4 10 10 8 8 4 1 3 4 4 11 11 2 5 4 10 9 8 8 10 2 10 10 7 6 8 7 7 7 8 10 2 9 8 7 10 8 11 11 4 1 3 5 5 4 4 4 4 11 2 4 4 3 4 4 10 8 11 11 5 5 11 2 10 9 8 8 10 10 8 7 8 4 10 10 2 6 8 10 10 8 2 10 7 10 7 8 6 8 11 5 7 10 10 2 8 9 5 7 7 7 11 11 2 3 5 11 11 5 5 11 11 5 2 6 11 5 11 4 4 4 4 11 2 3 5 11 4 11 2 3 5 10 8 10 10 8 7 8 7 7 10 10 7 8 7 7 7 8 10 7 7 8 11 11 2 4 5 9 8 11 11 4 5 4 5 7 11 11 5 5 4 11 4 2 11 9 5 4 5 11 5 11 11 2 5 3 7 10 10 7 7 7 7 8 8 10 10 2 6 8 7 7 11 11 2 3 5 10 8 11 11 5 4 4 5 4 10 10 2 8 7 9 8 10 7 8 10 10 8 7 8 7 10 10 8 2 4 9 5 11 11 5 5 4 4 4 4 4 10 8 11 11 5 4 4 5 7 11 2 9 11 5 4 5 11 2 3 10 10 8 7 8 10 10 7 2 6 7 8 7 10 10 2 8 7 9 8 7 11 11 5 2 4 11 4 4 3 4 4 5 4 4 0 10 10 8 7 6 8 7 11 5 11 5 7 10 10 8 7 7 8 7 10 8 1 11 9 5 4 5 0 7 10 8 6 7 7 11 11 5 2 9 5 4 4 4 4 1 3 4 4 4 4 4 10 11 5 5 4 4 11 2 10 10 7 8 6 7 8 11 5 10 7 7 8 7 10 10 7 8 8 7 10 7 2 11 9 8 8 11 11 5 5 10 2 3 11 11 5 5 11 4 11 4 5 4 5 11 5 4 10 10 8 2 9 10 8 8
ppo_x50_b_fd_l4_linear,55,qv18_59,18,150,True,717.0,2.8867907524108887,8 8 10 10 8 8 10 9 5 5 10 10 8 8 10 2 10 10 8 8 10 9 8 8 10 2 11 9 5 5 4 4 4 11 5 4 10 10 8 8 10 10 2 6 8 10 10 7 7 8 8 10 10 8 8 4 11 5 10 10 8 2 4 11 4 4 5 10 9 8 8 11 4 4 4 4 5 4 11 11 5 2 3 10 7 8 11 11 5 5 10 10 7 7 7 7 8 7 8 10 10 7 7 7 7 8 8 11 5 10 10 7 8 8 11 5 11 5 7 7 11 11 5 2 9 4 5 4 11 11 5 2 9 5 7 11 11 2 3 4 4 5 4 11 11 2 5 10 9 8 5 10 10 8 2 9 5 10 10 8 7 7 0 6 7 7 7 7 8 10 2 11 3 11 5 5 10 11 5 5 4 1 4 9 5 11 11 5 2 6 11 5 4 4 11 5 4 4 10 10 2 8 10 6 8 10 10 7 7 8 8 10 10 7 8 8 4 4 4 4 11 5 10 10 8 2 6 10 8 7 10 10 8 7 8 11 2 4 9 5 11 11 5 2 10 8 7 6 7 7 7 11 11 5 2 9 5 4 4 4 11 4 5 7 11 11 5 4 5 11 4 5 4 4 4 4 10 10 2 8 9 7 7 8 10 10 7 8 7 8 10 8 7 10 8 7 7 11 11 2 5 4 9 5 11 11 5 4 5 4 11 5 10 7 10 8 2 9 10 7 7 2 8 7 7 7 9 8 10 10 8 2 9 5 11 11 4 4 4 5 4 1 3 4 5 11 11 4 5 5 4 11 4 4 5 10 10 7 8 8 11 5 10 10 7 8 8 11 2 10 9 8 8 7 10 8 11 5 7 7 7 7 7 10 8 11 4 11 2 5 3 11 11 4 4 5 8 4 4 4 11 5 10 8 11 11 4 5 2 10 8 11 9 5 5 10 2 3 10 10 8 8 10 7 10 8 7 7 8 4 11 5 10 10 8 8 7 10 8 1 4 11 4 3 4 4 4 5 11 11 4 4 2 5 7 7 7 7 9 8 10 10 7 8 8 7 10 10 8 7 7 8 4 4 10 2 11 9 5 5 4 11 5 4 11 5 4 11 5 7 10 10 7 2 8 10 9 8 7 7 7 7 7 8 7 10 2 6 11 4 11 5 4 5 10 8 11 11 5 5 0 9 11 5 5 10 11 5 5 11 11 5 4 5 4 4 11 5 10 8 11 11 2 3 5 11 2 3 10 7 7 10 7 2 8 10 7 6 7 8 10 10 8 2 9 8 10 10 2 6 7 7 8 11 10 2 8 9 11 5 1 4 5 3 4 4 11 5 10 10 8 8 11 4 5 11 11 2 3 4 5 4 4 11 5 4 10 10 8 2 10 7 8 6 10 10 8 7 7 7 7 7 8 10 2 6 11 4 4 4 5 10 10 7 7 2 8 3 10 8 7 7 11 11 5 2 9 5 11 4 5 4 4 4 4 4 10 11 5 5 4 4 4 4 4 10 10 2 8 9 8 10 10 7 8 8 7 10 2 9 8 4 10 10 2 6 7 7 8 7 7 7 11 11 2 5 11 11 5 3 4 4 4 4 4 5 11 5 4 10 10 8 2 10 10 8 8
ppo_x50_b_fd_l4_linear,56,qv18_6,18,153,True,756.0,3.021418809890747,8 8 10 10 8 8 10 10 8 8 9 5 10 10 8 8 10 10 8 8 11 5 11 4 5 10 10 8 2 10 7 10 7 8 8 10 9 8 8 4 11 2 4 4 9 5 11 11 2 3 4 4 5 4 4 10 10 2 8 10 7 8 10 7 7 7 7 10 8 8 7 9 10 8 8 10 2 9 10 8 8 4 4 4 11 5 4 4 11 4 4 10 2 3 5 11 5 4 4 10 10 2 8 10 6 8 10 10 7 8 8 10 0 6 8 7 11 11 5 5 10 2 9 10 7 7 8 8 10 2 11 9 5 4 4 5 4 4 4 4 4 4 4 4 11 5 11 2 6 4 10 10 8 8 10 7 7 8 7 7 7 7 11 11 2 5 4 3 4 4 4 10 8 11 1 9 5 4 4 5 4 10 2 6 10 10 8 7 8 10 10 7 7 7 2 6 7 7 8 7 10 2 3 10 8 10 10 2 7 8 9 5 4 4 4 11 4 4 5 4 4 4 11 5 10 10 8 8 4 4 4 4 11 5 10 10 7 2 8 7 7 7 9 8 10 10 8 2 10 10 8 8 7 7 7 9 8 11 11 2 5 9 8 11 11 5 5 4 4 11 1 3 5 11 5 11 4 4 4 5 11 4 11 2 3 5 7 10 8 10 8 10 10 7 0 6 8 7 7 8 4 4 10 10 2 6 7 8 7 10 8 1 4 3 4 11 5 10 0 10 7 8 8 9 5 10 10 8 8 11 1 4 5 4 4 4 3 4 4 11 4 5 4 11 11 5 2 9 5 7 7 10 10 7 7 7 8 0 6 7 8 7 7 10 7 7 7 10 2 8 9 5 11 11 2 3 4 5 11 11 5 2 6 11 4 4 5 11 11 5 2 9 8 7 10 10 7 8 8 10 2 10 10 6 8 2 9 10 8 5 4 4 4 11 5 10 8 4 11 11 2 3 4 4 4 5 4 4 0 10 10 8 6 7 8 11 4 5 10 10 7 8 7 8 4 10 10 8 8 7 10 10 7 7 7 8 2 9 4 4 5 11 4 4 11 2 3 4 4 5 11 4 4 5 11 11 5 11 5 2 9 5 7 7 10 8 10 10 7 7 2 6 7 7 8 7 10 10 7 8 7 8 11 11 5 2 9 8 7 11 11 5 5 11 11 5 2 11 11 5 3 4 4 5 11 11 4 2 3 4 4 5 11 2 11 11 5 5 7 7 7 6 7 10 8 10 7 8 7 1 9 11 5 11 5 5 4 4 4 11 5 4 10 10 2 8 10 10 7 7 6 8 8 10 7 10 8 8 10 8 7 1 11 9 5 4 5 10 11 2 3 5 11 11 5 5 0 10 7 7 8 10 10 8 7 6 8 10 10 8 8 10 10 2 8 9 5 11 11 5 5 11 11 5 5 10 8 7 11 11 5 4 5 11 11 5 4 5 11 11 5 2 11 9 5 5 11 4 5 11 11 2 5 3 7 10 8 10 10 8 7 8 10 10 7 7 7 2 6 7 8 10 2 10 8 7 7 6 11 11 5 4 4 5 4 4 10 8 10 8 11 11 4 2 3 4 4 4 4 5 0 6 7 10 8 7 7 7 10 7 8 7 11 11 2 5 11 11 5 5 11 11 3 1 4 5 5 11 3 11 5 4 4 5 10 8 11 11 2 5 4 10 10 8 7 7 6 7 7 8 11 2 9 10 8 8
ppo_x50_b_fd_l4_linear,57,qv18_60,18,146,True,721.0,2.0531160831451416,8 8 10 10 8 8 4 10 9 5 5 10 10 7 8 8 10 2 10 10 8 8 9 10 8 8 11 5 11 5 10 7 10 2 8 10 9 8 8 11 4 4 5 4 4 11 5 10 8 10 10 2 8 7 10 8 11 4 3 5 11 4 11 5 4 4 5 11 2 10 10 7 7 6 7 7 7 7 7 7 7 8 8 11 10 8 2 10 10 8 8 10 9 8 8 11 5 4 11 11 2 3 5 4 11 4 5 10 10 2 8 10 8 6 7 7 7 7 11 11 5 2 9 5 11 11 4 2 5 4 4 9 11 5 4 5 4 4 4 4 10 10 2 8 6 7 7 10 10 8 5 7 7 7 7 10 8 11 5 11 11 2 5 11 4 4 5 4 4 4 4 4 11 4 5 9 10 8 8 11 5 10 10 8 7 7 7 7 7 8 4 10 10 8 8 10 2 6 11 10 8 8 7 7 7 7 7 11 11 2 3 4 5 4 11 4 11 2 3 5 4 11 2 11 9 5 4 4 4 5 11 2 3 4 10 10 8 7 8 10 10 0 6 8 7 7 7 8 10 2 3 10 10 7 8 8 11 2 4 11 4 3 5 10 10 8 8 11 5 1 9 11 5 4 5 4 11 5 4 4 11 11 5 2 3 10 8 10 10 2 6 7 7 8 10 2 10 6 10 8 7 8 10 10 7 7 8 8 4 10 8 11 11 2 5 10 8 10 9 8 8 11 5 11 11 5 5 11 4 4 5 10 8 7 7 7 10 8 7 7 11 11 5 4 5 10 11 2 5 6 7 11 11 5 4 5 11 10 8 7 8 4 10 10 8 8 11 5 11 11 4 4 2 3 5 4 4 4 11 5 10 8 4 11 11 5 2 4 11 3 5 11 10 8 2 10 7 6 7 7 7 7 8 7 7 10 10 8 2 7 9 8 1 9 4 11 5 2 11 4 3 4 11 5 5 11 11 2 3 4 5 11 2 3 10 10 8 8 7 10 2 3 10 10 8 7 7 7 7 7 7 7 7 7 8 11 2 9 11 5 5 4 4 11 5 4 4 1 4 4 4 9 5 11 11 4 5 4 2 3 10 7 7 7 8 4 4 10 10 2 8 7 6 7 10 8 10 10 8 8 10 10 2 7 8 6 11 5 11 11 2 3 4 5 4 11 5 10 8 4 11 5 10 11 2 3 5 11 2 9 10 8 7 7 7 7 7 7 8 10 7 2 6 7 7 11 11 5 2 9 4 5 4 4 11 11 5 2 4 4 3 4 11 5 4 11 5 10 8 4 4 4 10 10 2 8 6 7 10 8 10 10 2 6 7 8 11 2 3 10 10 7 7 7 2 8 7 10 8 6 10 8 11 11 4 4 2 3 4 5 0 9 8 11 11 5 5 10 11 5 5 4 11 4 4 4 4 5 10 10 7 2 8 6 10 8 10 8 4 4 10 10 8 2 9 7 10 8 7 8 10 7 7 7 7 7 8 11 11 2 3 4 5 10 8 11 11 4 5 5 4 4 11 4 5 10 10 8 8 4 4 4 4 4 11 11 2 5 4 3 10 10 8 8 10 10 8 7 8 4 10 10 8 8 7 7 10 8 11 2 3 10 10 8 8 10 8 11 11 2 5
ppo_x50_b_fd_l4_linear,58,qv18_61,18,151,True,736.0,3.000988245010376,8 8 10 10 8 8 9 10 8 8 11 5 4 11 11 2 5 7 10 8 10 10 7 7 8 8 10 9 8 8 11 2 4 4 4 4 4 4 9 5 10 10 8 2 11 5 10 10 8 7 8 10 10 7 8 8 10 10 7 8 8 9 5 10 10 8 8 10 10 8 8 11 5 4 10 10 8 8 10 10 8 8 4 11 2 9 5 11 11 2 3 5 4 11 1 9 5 4 5 11 4 4 4 5 4 11 11 5 2 10 7 10 8 8 7 10 10 7 6 7 8 8 11 10 8 8 10 10 2 6 7 7 8 11 2 9 5 10 10 8 8 4 10 2 3 10 11 5 5 11 11 5 4 4 4 5 10 8 7 11 11 4 5 5 11 5 4 10 0 10 8 7 8 9 10 8 8 7 7 7 10 8 4 10 10 8 8 4 11 2 11 9 5 5 11 11 5 4 4 4 5 11 2 11 11 5 3 5 4 4 4 11 5 0 9 8 10 10 7 8 2 11 5 9 5 7 7 7 7 10 8 7 10 10 8 2 6 11 4 4 11 5 4 4 4 5 11 11 5 2 9 5 4 10 10 8 0 6 8 7 7 7 7 7 7 10 8 4 10 11 5 5 7 10 10 8 8 7 10 10 2 6 8 7 11 2 3 10 11 5 4 4 4 5 4 11 11 5 4 4 4 4 5 11 11 5 2 3 10 7 7 7 7 8 7 11 5 11 10 8 8 7 7 7 11 5 11 5 7 10 10 2 6 7 7 7 7 8 10 2 11 9 5 4 4 5 10 2 6 10 10 8 8 10 11 5 4 5 11 11 5 5 4 4 4 4 4 10 8 11 11 5 5 4 4 11 2 11 5 11 11 5 5 9 7 7 7 8 10 8 7 7 10 8 4 4 4 11 11 5 5 11 5 4 10 10 8 8 7 10 8 10 10 8 2 9 8 7 7 11 5 10 10 8 8 4 11 5 4 10 10 8 8 7 7 7 7 7 7 10 8 4 10 8 11 11 2 3 5 11 5 7 11 11 2 3 5 11 11 2 3 5 7 10 8 11 11 2 3 4 5 4 4 4 4 11 4 4 5 7 11 2 9 11 5 5 7 10 8 10 10 8 8 0 9 8 10 7 7 7 10 2 8 9 8 4 11 11 5 8 4 4 4 11 5 10 8 10 10 2 8 10 10 8 6 7 7 7 7 7 8 7 11 1 9 8 8 11 11 5 5 4 4 10 8 11 11 5 5 11 5 11 11 2 3 4 4 4 4 5 11 2 3 10 10 8 8 11 10 8 8 10 10 7 8 7 7 8 7 10 10 8 7 8 11 1 4 3 5 11 4 4 4 11 2 5 9 8 4 11 11 5 4 4 4 4 2 3 10 10 8 7 7 8 7 7 7 10 7 7 7 7 8 11 2 9 4 5 10 7 10 7 8 5 10 8 7 11 11 2 5 9 4 5 4 11 11 5 5 7 10 8 4 11 11 2 3 4 5 11 5 11 4 4 4 11 2 5 9 8 10 10 2 6 7 8 4 10 10 2 6 7 8 11 2 10 10 8 6 7 8 10 10 8 7 7 7 8 11 11 2 3 5 10 2 11 9 5 5 11 10 8 8 11 11 5 4 4 5 4 4 4 10 8 11 11 5 4 4 4 4 5 11 11 2 5
ppo_x50_b_fd_l4_linear,59,qv18_62,18,152,True,755.0,2.0799355506896973,8 8 10 10 8 8 10 9 5 5 10 10 8 8 10 2 10 10 8 8 10 10 8 8 9 5 4 11 5 10 10 7 7 8 8 11 10 2 8 10 10 8 8 9 4 4 5 4 11 5 4 4 4 11 11 5 2 3 7 7 7 7 7 10 10 2 8 6 10 10 7 7 8 8 4 10 8 10 10 8 8 4 10 2 3 4 4 11 5 4 4 4 4 4 4 4 10 8 11 11 2 3 4 4 4 5 11 2 9 10 8 8 10 11 5 5 10 7 7 8 10 10 8 2 10 10 7 6 7 7 8 7 7 7 8 1 3 11 5 4 11 11 5 2 9 4 5 7 10 10 2 6 7 7 8 10 2 6 7 7 11 11 2 5 11 9 5 4 5 10 8 11 11 5 4 5 7 10 8 11 11 4 2 3 5 10 8 11 11 2 3 4 5 4 4 10 2 11 9 5 5 4 4 11 2 3 10 10 7 8 7 7 7 7 8 11 5 11 5 10 7 7 7 7 8 10 10 7 7 8 2 9 8 7 11 11 2 5 9 8 11 11 5 5 4 4 4 4 4 11 5 10 8 11 11 2 3 5 4 10 10 2 8 9 8 11 11 5 4 4 4 5 11 11 5 2 10 10 7 7 6 8 7 7 7 7 8 11 2 9 10 8 8 10 7 8 10 10 8 7 2 6 7 11 11 5 4 4 4 5 11 11 5 5 11 4 5 4 4 4 11 5 4 10 10 8 8 10 10 7 2 6 7 8 11 5 10 10 8 8 10 10 2 6 8 7 10 8 10 10 8 2 9 8 7 11 11 2 5 9 5 11 1 4 9 5 5 11 5 4 1 9 5 11 11 5 5 4 10 11 5 5 4 4 4 10 10 8 2 9 8 10 10 7 7 2 6 7 8 10 10 2 8 9 5 10 10 8 7 8 4 4 4 4 4 11 5 10 10 8 8 4 4 4 4 11 5 11 11 2 5 3 10 8 10 10 7 7 7 7 2 6 8 7 11 11 2 5 3 4 4 4 10 8 7 10 7 10 7 8 7 8 10 10 8 8 11 2 9 10 8 8 1 9 10 8 7 8 11 11 4 5 4 4 4 4 5 11 5 4 4 4 4 4 11 5 4 10 10 2 8 10 8 10 4 3 4 5 10 10 7 7 7 0 7 6 8 7 7 7 8 7 10 10 2 8 6 10 7 8 11 4 4 4 5 4 4 11 5 10 8 4 11 11 5 2 9 5 11 5 10 10 8 7 7 7 7 8 7 7 10 10 8 2 9 8 4 10 11 5 5 11 11 5 4 5 4 10 2 9 11 2 3 4 4 5 10 8 4 4 11 11 2 5 11 5 3 10 11 5 5 10 10 7 7 7 7 7 8 8 10 10 2 8 7 7 6 10 8 4 11 11 5 5 4 10 10 8 7 8 4 4 4 4 4 10 10 8 7 7 7 7 7 8 10 2 6 11 11 5 5 4 4 4 1 9 5 11 5 4 4 4 4 4 11 5 4 10 10 8 8 10 10 2 8 10 6 7 7 8 4 10 10 2 6 7 8 10 8 7 10 8 7 10 10 8 2 9 4 5 11 11 5 5 11 11 5 5 11 4 1 4 4 5 11 5 4 4 4 4 3 10 7 7 7 7 10 8 7 7 10 8 8 1 3 10 10 8 8 7 7 7 10 7 8 11 4 11 5 4 5 11 11 2 5
ppo_x50_b_fd_l4_linear,60,qv18_63,18,154,True,761.0,2.051347255706787,8 8 10 10 8 8 9 11 2 5 10 10 7 8 8 9 5 10 10 8 8 11 2 11 4 4 5 10 7 8 10 10 7 7 8 8 9 5 10 10 8 8 10 10 8 8 10 10 8 8 10 10 8 8 1 11 3 5 10 10 8 8 4 11 11 4 5 2 10 8 3 11 11 5 5 0 6 7 7 7 10 8 11 2 9 11 5 5 11 11 5 4 4 4 5 11 11 5 5 11 11 2 5 4 4 3 4 4 10 10 8 8 7 7 7 7 7 7 10 8 11 5 4 11 5 7 10 10 8 10 8 8 7 10 7 8 10 10 2 7 8 11 5 11 11 4 3 5 5 4 4 4 4 4 11 5 11 2 4 4 3 4 11 5 10 10 7 7 7 2 7 6 8 7 10 8 10 10 2 8 10 9 8 8 10 8 10 10 8 2 11 3 4 4 4 4 4 4 4 4 4 4 4 4 5 10 10 7 8 2 10 7 6 10 8 8 11 10 8 8 10 8 10 7 7 10 8 2 9 7 7 8 10 11 5 5 7 7 11 11 2 3 4 4 4 4 5 1 3 4 4 4 4 11 4 5 11 2 4 3 10 10 8 8 10 10 7 8 7 8 11 2 3 10 10 7 8 7 8 10 8 4 4 10 10 2 8 9 5 10 10 8 7 8 11 5 7 7 10 8 11 11 4 5 2 3 11 5 11 4 11 2 3 5 11 1 9 5 4 4 5 4 4 11 11 2 5 9 8 10 7 10 8 7 10 8 7 8 7 7 0 9 8 1 9 10 8 7 8 11 5 7 10 7 7 8 7 11 11 2 5 9 4 11 4 4 5 4 4 4 4 5 4 4 11 5 11 11 2 5 9 5 10 7 7 10 7 0 6 8 7 8 7 10 10 8 2 9 8 4 10 10 2 8 7 6 7 10 7 8 11 11 4 4 5 1 3 4 4 5 11 4 4 5 10 10 8 2 9 8 7 7 10 7 7 8 7 10 8 11 11 4 4 2 5 9 8 10 8 11 11 4 5 5 11 11 5 5 11 5 4 11 11 2 5 9 10 7 7 8 8 7 7 11 11 2 5 9 8 11 11 2 3 4 5 4 4 4 4 4 10 10 2 8 10 7 6 7 7 8 7 7 10 10 2 6 8 10 10 8 2 3 7 7 10 10 8 2 6 11 5 11 11 5 4 4 5 4 11 5 4 4 4 11 11 5 2 9 4 5 11 4 5 10 7 10 7 8 7 7 8 7 7 10 10 8 2 9 8 7 11 11 5 5 4 11 5 7 0 6 7 7 10 7 8 7 7 11 11 2 3 4 5 11 2 9 5 11 11 2 3 4 4 5 4 11 5 7 11 11 5 4 5 11 4 4 5 10 10 7 2 8 10 6 7 8 4 10 10 8 2 7 10 10 8 8 11 9 8 8 7 10 8 7 7 11 11 5 2 3 4 4 4 4 10 8 11 11 5 4 4 5 4 4 11 5 10 8 10 10 2 8 9 8 11 10 8 8 7 11 11 5 2 4 4 11 5 3 4 10 10 8 7 7 7 7 7 7 7 7 8 4 4 11 5 11 5 7 10 10 7 7 8 8 11 2 10 10 8 8 10 6 10 8 2 9 5 7 11 11 5 4 4 4 5 11 11 4 4 4 2 3 5 4 4 4 10 10 8 2 6 10 10 8 7 7 8 11 2 10 10 8 8 10 10 8 8 9 10 8 8
ppo_x50_b_fd_l4_linear,61,qv18_64,18,155,True,761.0,2.0247035026550293,8 8 10 10 8 8 9 10 8 8 11 5 4 4 10 10 8 2 10 10 7 7 8 8 10 9 8 8 11 2 11 9 5 5 4 11 4 4 5 4 10 10 2 8 10 10 7 7 7 7 7 7 8 8 9 5 10 10 8 8 10 10 8 8 10 10 8 8 11 5 11 11 5 5 11 11 5 2 9 7 8 11 11 5 4 4 5 4 4 10 10 8 2 6 10 7 7 8 7 7 7 7 11 11 2 5 4 3 4 4 11 5 4 4 11 1 3 4 4 4 5 10 10 8 2 10 10 8 6 8 10 10 8 8 10 10 7 8 8 4 11 10 8 8 10 7 7 7 8 4 11 11 5 2 9 5 11 11 2 3 5 4 4 11 5 11 4 11 5 4 2 4 3 11 5 4 10 10 8 8 10 11 5 5 10 10 7 7 8 8 10 10 8 7 8 11 10 8 8 1 3 4 11 5 11 4 4 10 8 2 9 8 10 7 10 8 2 9 5 10 10 0 6 8 8 7 10 8 4 4 11 5 7 7 10 10 8 7 8 7 11 11 5 2 9 5 10 8 11 11 2 3 4 4 5 1 11 9 5 8 4 4 4 11 11 5 5 10 8 4 11 11 2 5 11 5 4 3 10 10 8 7 7 7 7 8 4 11 5 10 10 7 2 8 6 7 7 10 8 11 5 10 7 10 8 7 7 8 7 11 11 2 5 9 5 1 9 11 5 4 5 4 11 5 4 4 4 4 4 4 11 4 5 10 10 2 6 10 8 8 7 11 2 9 10 2 6 7 8 10 10 8 0 6 8 7 10 10 2 6 7 8 11 5 7 7 11 11 2 5 9 8 4 4 4 11 11 5 5 10 2 7 6 11 4 11 5 4 4 4 5 11 11 5 5 7 10 7 8 7 7 10 8 4 11 11 4 4 5 2 11 11 5 4 5 7 7 7 7 9 8 10 7 8 10 7 10 8 2 10 9 8 7 8 10 2 6 7 7 11 11 5 2 9 5 4 11 4 4 4 5 4 4 11 5 11 11 2 3 4 4 4 5 10 8 4 10 10 2 8 7 9 8 7 10 8 10 10 8 2 7 6 7 7 10 10 8 8 4 4 11 2 9 11 5 4 5 11 11 2 5 3 4 10 10 8 8 11 4 4 4 2 3 10 10 8 7 7 7 7 7 7 8 10 10 8 0 6 7 8 7 11 11 5 2 11 9 5 5 11 11 5 2 4 4 4 4 4 4 11 3 4 5 10 10 7 8 8 10 10 0 7 8 7 6 7 7 8 11 2 9 11 5 4 5 10 0 6 8 7 7 10 8 11 5 11 11 5 2 9 11 4 2 5 3 4 4 4 4 11 11 4 4 4 2 3 5 7 7 10 8 7 10 8 10 10 7 7 7 7 8 2 10 8 9 8 10 10 2 8 7 6 11 11 5 4 4 5 11 11 5 2 9 5 11 5 11 4 5 4 4 4 11 11 5 2 9 5 7 7 10 10 2 6 8 7 10 10 8 7 8 11 4 5 10 10 8 8 10 10 2 8 7 7 9 8 7 10 10 8 2 9 5 11 11 5 4 1 4 3 5 11 11 5 5 4 4 11 11 5 4 5 11 5 4 4 10 10 2 8 7 7 9 8 10 7 7 7 8 4 10 10 8 7 7 8 11 10 8 8 7 11 11 5 2 9 5 11 4 4 4 4 11 4 4 5 5 11 11 2 5
ppo_x50_b_fd_l4_linear,62,qv18_65,18,158,True,767.0,2.106107711791992,8 8 10 10 8 8 10 9 5 5 10 10 8 8 10 2 10 10 8 8 10 9 8 8 10 2 10 10 8 8 10 9 8 8 10 2 10 9 8 8 4 11 4 5 7 11 11 5 5 4 4 11 5 11 4 4 4 5 11 11 5 2 3 10 10 7 7 2 8 6 10 8 10 10 2 6 8 11 5 10 10 7 2 6 7 8 10 10 7 8 2 9 8 4 11 4 5 4 4 4 4 11 5 7 11 11 2 3 5 4 4 4 11 5 10 10 8 8 10 7 10 8 2 11 5 10 9 8 8 7 7 11 11 5 5 4 4 4 11 4 5 10 2 3 10 10 8 8 10 2 10 10 7 6 7 7 7 7 7 7 8 8 4 4 11 5 4 11 5 10 10 8 8 10 10 7 7 7 7 8 8 11 5 4 11 5 10 10 7 8 8 11 5 10 10 8 2 4 9 5 11 11 5 2 9 11 5 5 10 7 7 8 4 4 11 4 5 11 11 4 2 3 4 5 4 11 4 5 4 4 4 10 10 2 8 10 10 7 6 7 8 0 6 7 8 10 8 10 10 7 7 7 7 7 8 2 9 5 11 11 2 5 6 4 10 11 5 4 4 4 4 4 5 4 4 11 11 5 2 9 8 7 10 10 8 8 7 7 7 7 10 7 7 8 10 2 6 11 11 4 4 5 5 10 8 10 8 4 11 1 9 5 8 4 11 1 3 4 5 4 4 10 8 11 11 2 4 3 4 4 5 4 10 10 2 6 8 11 5 4 10 10 2 6 7 0 6 8 11 5 10 10 8 8 11 5 10 10 7 7 8 7 8 10 10 2 8 9 10 8 7 8 11 5 10 7 10 8 2 6 11 5 11 11 2 5 3 4 11 5 11 1 3 4 4 5 10 10 8 7 8 11 4 4 5 4 4 11 5 10 8 4 11 11 2 5 9 5 7 7 7 7 7 7 10 10 8 7 7 7 8 11 5 1 4 10 9 5 5 4 11 4 5 11 11 2 3 4 4 4 4 5 11 2 6 7 7 10 7 11 2 5 9 5 10 10 8 0 6 8 10 10 7 0 6 7 7 7 8 7 8 7 7 11 2 11 11 5 3 5 11 2 4 9 5 10 10 8 8 11 4 4 5 11 4 5 11 4 5 10 10 7 7 2 8 6 10 7 8 10 10 2 6 8 1 3 4 4 4 4 10 8 11 11 5 4 5 4 4 1 4 3 11 5 10 8 10 10 8 8 10 10 8 7 7 7 7 10 8 7 7 7 8 7 11 2 9 11 5 5 4 4 11 5 4 4 11 5 7 11 11 2 3 4 5 11 4 4 5 4 4 10 10 2 8 9 8 7 10 10 2 8 6 10 7 10 7 7 8 7 7 7 7 8 10 2 6 11 4 11 4 5 5 11 2 3 4 4 4 11 5 7 11 11 2 5 9 5 4 4 11 11 2 5 9 8 10 10 8 2 10 7 6 10 7 8 8 10 7 7 7 7 7 7 8 11 11 5 2 3 11 11 5 5 11 5 7 11 11 5 5 10 8 11 11 5 8 4 4 4 11 5 10 8 1 3 4 11 4 5 4 4 10 10 2 8 6 10 8 10 10 8 8 10 10 8 2 6 10 10 8 7 7 8 10 8 4 11 11 5 5 10 8 7 10 10 8 8 10 8 7 11 11 2 5 11 11 5 4 4 3 4 5 7 11 11 2 3 5 4 11 11 4 4 4 2 5
ppo_x50_b_fd_l4_linear,63,qv18_66,18,146,True,728.0,2.331996440887451,8 8 10 10 8 8 10 9 5 5 10 10 8 8 10 2 10 10 8 8 10 10 8 8 9 5 4 11 5 7 10 10 7 8 8 11 5 10 10 7 8 8 10 10 8 8 1 11 5 9 11 5 5 10 11 5 5 4 4 10 11 5 5 11 11 2 3 5 4 4 11 11 5 2 3 7 7 10 10 8 8 7 7 7 7 10 8 10 10 7 2 7 8 11 5 4 3 4 4 4 4 4 11 5 11 11 5 2 3 10 10 7 7 8 8 10 10 2 8 10 10 7 6 7 7 7 7 8 8 11 5 10 10 2 8 9 5 11 11 5 5 10 7 8 11 11 5 5 11 11 5 2 11 3 5 4 10 10 8 7 8 0 9 11 5 5 11 5 4 4 4 10 8 11 11 5 4 4 4 4 4 4 5 10 10 8 2 11 5 10 7 6 10 8 7 7 7 7 7 7 8 10 10 8 7 7 8 11 11 5 2 3 10 8 10 10 8 2 6 4 11 5 11 4 11 2 3 4 5 4 4 11 5 4 4 11 4 4 4 5 10 10 7 2 6 8 10 10 7 7 8 8 4 11 5 10 10 8 0 6 8 0 6 10 8 4 10 10 8 7 7 8 11 11 5 4 4 4 5 7 10 7 7 7 7 8 10 10 8 2 9 5 11 4 4 4 11 5 2 9 5 11 11 4 2 3 4 4 4 5 11 11 5 2 9 8 4 4 11 11 2 5 9 8 10 10 7 0 7 6 7 7 7 8 8 4 11 5 10 10 8 8 7 7 10 8 7 11 11 5 5 7 10 8 10 10 7 8 2 10 8 9 11 5 5 4 10 10 2 8 11 4 11 5 4 3 4 5 11 11 5 4 5 4 11 4 5 4 10 10 2 6 8 10 10 2 8 10 6 7 7 7 7 7 8 11 11 2 3 5 4 10 2 9 11 5 5 11 4 4 4 4 5 0 7 10 10 8 7 6 7 8 7 11 10 8 8 7 10 10 8 2 6 10 8 1 3 4 4 4 4 11 11 5 2 4 4 4 4 9 5 11 4 11 2 5 3 10 8 10 10 7 8 8 10 10 7 8 7 8 10 7 8 7 10 7 8 7 11 11 2 3 4 4 4 5 11 5 11 11 2 5 11 5 9 7 7 7 7 7 10 2 8 7 10 7 8 11 4 11 4 4 4 5 4 4 3 4 5 4 4 4 4 11 5 10 4 2 3 10 10 8 7 7 8 10 10 8 2 9 7 8 11 5 10 10 2 6 7 8 11 5 11 5 7 10 10 8 8 1 4 9 11 4 4 2 5 3 4 11 11 5 5 10 11 5 1 4 5 10 9 8 8 10 2 3 10 10 8 7 7 10 8 8 10 8 7 10 10 7 8 8 10 8 10 1 9 8 8 11 11 5 4 5 11 4 10 8 8 10 4 4 11 4 5 4 5 10 8 4 10 11 5 5 4 11 4 5 4 10 10 2 8 7 7 9 7 8 4 11 4 5 10 10 7 7 8 7 8 11 10 8 8 7 11 11 5 2 11 5 3 10 10 2 6 7 7 7 7 7 7 7 8 11 2 6 11 11 5 4 4 5 7 10 8 11 11 5 5 4 10 10 2 8 11 11 3 5 4 4 4 4 4 5 10 10 2 8
ppo_x50_b_fd_l4_linear,64,qv18_67,18,147,True,707.0,2.851968288421631,8 8 10 10 8 8 10 9 5 4 5 10 10 7 8 8 10 2 10 10 8 8 9 10 8 8 11 5 4 11 5 10 10 7 7 7 8 8 10 2 10 10 8 8 10 9 8 8 1 9 8 10 10 8 8 4 11 5 11 11 5 4 4 5 0 10 6 7 7 7 10 2 8 6 11 11 5 2 10 8 9 11 5 5 11 11 4 4 4 5 8 4 4 4 4 11 4 5 10 7 8 11 11 2 5 3 4 4 4 10 10 2 8 10 6 10 8 7 7 7 7 7 8 10 7 2 9 11 5 5 4 4 4 4 11 4 4 5 10 10 7 8 8 11 4 5 10 10 7 8 7 8 10 10 8 7 2 6 7 11 10 8 8 7 7 7 11 11 5 2 9 5 11 11 2 3 5 11 11 5 5 4 4 4 11 5 10 10 8 8 10 2 9 8 11 4 5 4 11 11 2 3 4 4 5 11 2 3 10 10 7 8 7 7 8 10 10 8 8 11 5 10 10 8 7 7 8 7 1 10 9 8 7 8 10 7 8 4 11 4 4 4 11 5 4 4 5 4 11 5 10 8 11 11 5 1 3 4 5 10 11 5 5 4 10 10 8 2 10 10 7 8 8 9 5 10 7 8 10 10 7 7 2 6 8 10 10 7 8 2 3 10 10 8 2 9 8 4 4 11 4 5 4 4 4 11 5 7 10 10 7 2 6 8 10 8 7 10 10 8 2 10 9 8 8 11 5 10 10 8 2 9 5 11 11 5 2 9 5 11 11 4 5 5 11 11 5 2 11 5 3 11 11 5 4 4 4 4 5 10 0 7 8 10 10 8 8 7 7 11 9 8 7 8 11 5 10 10 7 8 8 7 10 8 10 10 2 8 9 4 4 11 5 4 5 11 4 4 5 4 11 11 2 3 4 5 10 7 2 9 8 11 11 5 5 11 4 2 4 3 10 10 8 8 7 7 7 7 7 7 7 7 10 8 10 10 8 7 7 10 8 2 9 5 11 4 5 4 10 11 5 5 11 11 5 2 4 9 5 11 11 5 5 7 10 8 10 10 2 6 7 7 7 7 8 10 10 8 2 9 5 11 11 5 4 5 4 4 4 1 3 4 11 4 4 5 4 4 11 11 2 5 10 8 10 10 7 8 6 8 10 10 8 7 7 8 10 7 8 7 7 10 10 2 6 8 4 11 5 11 11 4 2 3 5 7 11 11 5 4 5 10 8 11 11 5 5 10 8 11 11 4 2 5 3 11 5 11 4 5 4 4 10 10 2 8 10 9 8 7 7 8 10 10 8 7 2 7 10 9 8 7 8 10 2 9 11 5 5 4 11 5 7 10 7 8 4 11 11 2 5 11 11 5 4 3 5 4 4 11 5 11 2 9 10 8 8 11 4 4 5 10 10 8 7 8 10 10 0 6 8 8 7 10 8 7 7 7 7 10 8 11 5 7 10 10 2 8 6 4 4 4 4 11 11 2 5 9 8 11 4 11 2 3 5 4 11 5 4 4 4 11 5 1 3 10 10 8 8 10 10 8 2 10 10 6 7 8 8 4 10 10 8 8 10 10 8 2 10 6 10 8 8 10 10 2 8
ppo_x50_b_fd_l4_linear,65,qv18_68,18,155,True,769.0,2.2653071880340576,8 8 10 10 8 8 9 10 8 8 11 5 4 4 10 10 2 8 10 7 10 7 8 8 9 10 8 8 11 5 10 10 8 10 8 8 11 5 10 7 10 8 8 11 5 7 10 10 8 8 10 10 8 8 11 2 9 11 5 5 4 4 4 1 9 5 10 8 11 11 2 3 5 4 4 11 5 10 8 7 11 11 5 5 4 4 11 11 5 2 9 8 4 10 10 8 7 7 2 6 7 7 10 8 11 5 10 10 8 8 10 10 2 6 8 11 2 3 4 4 11 5 4 4 4 4 11 11 5 2 4 3 10 7 7 8 10 10 7 8 7 8 7 7 7 7 7 10 7 7 8 10 2 9 11 5 5 11 11 5 5 11 1 4 3 5 10 10 8 8 10 10 2 6 7 8 10 2 11 9 5 4 5 7 11 2 11 11 5 3 4 4 5 4 4 11 5 0 9 8 10 10 2 6 8 11 10 8 8 7 10 8 7 7 7 7 11 11 5 2 3 11 5 4 4 4 4 11 11 5 2 4 3 11 5 4 4 11 11 2 5 9 5 7 7 10 10 8 7 7 8 11 5 10 10 8 8 7 10 10 7 2 8 9 8 7 7 10 8 11 4 11 5 1 3 5 10 8 11 11 5 4 4 8 4 4 4 11 5 10 8 4 4 10 10 2 8 10 6 7 8 4 4 4 11 5 4 10 10 2 6 7 7 7 8 7 7 11 11 2 3 5 11 5 7 0 6 10 8 10 7 7 7 7 10 2 8 6 11 5 11 11 5 4 5 11 11 5 2 9 7 8 4 4 1 4 3 4 4 4 11 5 4 4 1 3 10 10 8 8 7 7 10 7 8 11 11 5 5 10 7 7 10 8 2 10 9 8 8 4 11 5 10 10 7 7 2 6 8 10 2 6 11 11 5 4 5 7 0 9 11 5 5 4 4 4 11 5 7 11 11 5 5 11 11 5 5 7 10 11 5 5 11 11 2 5 9 8 10 10 7 8 0 6 8 10 11 5 5 4 10 11 5 5 10 10 7 7 2 8 6 7 7 7 7 10 8 1 9 5 10 10 8 8 11 4 4 5 4 4 4 11 11 2 5 9 8 1 11 4 4 5 3 4 10 10 8 7 8 7 7 10 8 11 5 10 10 0 7 8 6 8 7 7 7 7 7 10 8 11 5 1 9 5 11 0 9 5 5 4 11 5 4 4 11 11 5 2 9 5 4 10 0 9 8 7 8 10 2 10 6 10 7 7 8 8 10 10 8 8 4 4 4 4 10 8 11 11 5 2 9 4 4 4 5 11 4 5 11 11 2 3 5 4 11 5 10 10 7 7 7 8 8 7 7 10 8 7 7 7 10 10 8 2 6 10 8 11 5 4 4 4 4 10 8 11 4 5 7 11 11 5 5 4 1 9 5 4 4 4 4 11 5 4 10 10 2 8 9 8 11 5 10 10 8 7 0 6 10 8 7 8 11 2 10 10 8 8 10 6 7 8 10 2 9 11 5 5 11 2 11 11 5 4 3 5 4 11 4 10 8 2 10 10 8 6 7 7 7 7 8 7 7 10 8 11 5 7 7 11 11 2 3 4 5 10 8 11 11 4 5 2 9 4 4 4 5 11 5 11 11 2 3 4 5 7 7 7 10 2 9 7 11 5 5 11 1 4 4 3 4 5 4 10 10 2 8 9 7 8 4 10 10 8 8 10 10 8 8 10 10 8 7 7 8 10 10 8 2
ppo_x50_b_fd_l4_linear,66,qv18_69,18,155,True,773.0,2.02040958404541,8 8 10 10 8 8 10 9 5 5 10 10 8 8 10 2 10 10 8 8 10 10 8 8 10 9 8 8 10 2 10 10 8 8 10 10 8 8 10 10 8 8 11 5 6 11 11 5 5 4 11 11 4 2 5 3 4 4 11 5 10 8 4 4 4 4 4 4 4 10 10 8 2 10 7 7 7 6 8 10 10 2 6 7 7 8 7 10 10 8 2 6 11 5 4 11 11 2 3 5 10 11 5 4 5 4 4 4 11 4 5 10 10 8 2 10 8 10 6 10 8 7 8 11 2 10 6 7 7 8 7 10 8 11 5 7 7 7 11 11 2 3 5 4 0 9 11 5 5 4 11 5 10 8 11 11 5 5 4 10 11 2 3 4 4 5 11 4 4 4 5 10 10 7 2 6 8 7 10 7 8 11 11 5 5 10 7 8 10 10 8 2 6 7 7 11 10 8 8 10 10 8 2 9 8 4 1 11 9 5 8 4 11 4 5 4 4 10 8 11 11 5 4 4 5 10 10 8 8 11 4 11 5 4 4 5 10 10 8 2 10 10 8 7 6 7 7 7 7 8 11 2 9 5 4 4 4 11 4 4 11 2 5 9 8 4 10 10 8 7 8 10 8 10 10 2 6 7 8 10 10 8 7 7 7 7 7 8 11 2 11 11 5 5 11 9 5 5 4 11 2 3 10 11 5 4 5 11 4 11 5 4 4 5 11 11 5 2 3 10 7 8 11 11 5 5 10 7 8 10 10 8 7 7 7 7 7 7 8 10 10 2 8 11 5 9 11 5 5 11 2 11 9 5 5 4 10 11 2 5 3 4 11 5 10 10 7 8 7 7 7 7 7 7 7 7 8 7 11 2 11 11 5 3 5 11 5 7 11 11 5 2 9 5 4 11 5 4 10 10 2 8 9 8 10 10 7 8 7 7 7 8 11 5 10 10 8 2 11 5 9 11 5 4 11 5 5 10 7 8 11 5 4 4 11 5 11 4 4 4 11 5 2 6 4 4 11 11 5 2 3 10 8 4 4 10 10 2 6 7 7 7 7 7 8 10 10 8 7 8 4 11 4 5 4 4 11 5 10 10 7 7 8 7 7 7 7 8 11 11 5 2 9 8 10 10 8 10 8 7 8 11 2 9 11 5 5 11 11 2 5 3 4 4 4 4 4 11 4 5 4 11 11 2 5 11 3 5 11 10 2 8 6 7 7 0 6 10 8 11 5 10 10 7 7 8 7 7 0 9 8 8 11 4 4 5 10 11 5 5 10 7 10 2 6 7 7 8 4 10 10 8 8 10 10 7 8 2 9 5 10 11 5 5 11 4 4 11 4 5 2 9 8 7 10 10 2 6 8 10 8 7 11 11 5 2 9 4 5 4 10 10 8 8 7 10 8 11 11 4 4 4 4 5 2 4 4 3 11 5 4 10 11 5 5 4 4 4 4 10 10 7 2 8 6 10 8 7 7 7 11 5 10 10 8 8 11 2 9 10 8 8 10 8 7 11 11 5 2 4 4 9 5 4 4 11 11 5 2 3 10 8 10 10 7 8 7 7 7 8 4 10 10 8 7 7 8 11 11 5 2 9 8 11 11 5 2 4 4 4 4 4 4 4 9 5 4 4 4 10 10 2 8 10 10 6 8 7 7 7 7 8 7 7 7 0 9 7 8 11 5 7 7 7 11 11 2 5 11 11 5 3 4 4 4 4 5 7 11 2 9 11 5 5 10 10 7 8 8 10 10 8 8
ppo_x50_b_fd_l4_linear,67,qv18_7,18,158,True,794.0,2.151526927947998,8 8 10 10 8 8 10 9 8 8 10 2 10 10 8 8 10 9 8 8 10 2 10 9 8 8 11 4 1 3 4 4 4 5 11 11 5 4 5 10 7 11 5 2 9 5 10 10 2 6 8 11 4 5 10 10 7 7 8 2 10 7 9 8 7 8 10 2 10 10 7 7 8 8 10 9 8 8 11 5 0 10 10 7 8 8 9 5 11 11 2 3 4 4 5 4 10 2 10 9 8 7 7 7 8 11 2 3 4 11 11 5 4 5 4 4 4 11 5 4 10 2 10 10 8 8 10 9 8 7 7 8 4 4 4 4 11 5 4 4 11 4 4 5 10 10 2 8 9 10 8 8 7 7 11 10 8 8 10 7 7 10 8 7 7 8 7 7 11 11 2 3 4 4 5 7 11 4 5 7 11 11 2 3 4 5 4 10 1 9 5 5 4 4 4 11 5 11 4 4 10 8 2 7 7 9 8 10 10 8 7 7 8 11 2 9 10 8 8 10 10 7 7 7 8 7 8 11 4 4 5 7 7 10 10 8 2 9 5 11 11 4 5 1 4 3 4 4 4 5 10 2 11 9 5 5 10 8 11 11 5 2 9 8 11 4 4 4 4 5 10 10 2 8 6 7 10 8 10 10 8 7 7 8 10 7 10 8 2 10 8 6 11 11 5 5 4 11 4 11 5 4 4 11 2 5 6 11 11 5 2 3 11 5 7 7 7 7 10 8 7 7 7 7 7 7 10 8 7 7 11 11 5 4 5 4 4 11 5 10 10 8 2 9 5 11 11 4 4 4 5 5 4 11 5 4 11 11 2 5 3 7 7 7 7 10 10 2 6 8 11 5 10 10 8 8 10 10 2 8 7 10 8 6 11 7 11 2 3 5 4 4 1 4 4 4 3 11 5 7 10 10 8 7 8 10 10 7 8 5 10 10 8 7 8 10 10 2 8 9 5 4 4 4 4 4 11 5 11 11 2 5 9 5 11 11 2 5 11 11 5 5 3 10 11 5 5 10 10 8 7 8 7 7 7 7 10 8 11 5 10 10 2 7 6 8 11 5 10 10 7 8 0 9 8 8 10 10 2 8 9 5 7 11 11 5 1 3 5 11 5 4 10 11 5 4 5 4 4 11 11 5 5 11 11 2 5 3 10 8 7 7 7 7 7 10 8 10 10 2 6 7 7 8 10 2 7 9 11 5 5 11 2 3 11 11 5 4 4 5 4 4 4 10 11 5 5 4 4 4 4 10 10 8 2 6 7 10 8 7 10 7 10 8 2 3 7 7 10 10 8 2 7 10 8 6 7 7 11 11 5 4 4 4 5 1 4 11 4 3 4 5 4 4 4 10 10 2 6 8 10 7 7 7 8 10 10 8 2 9 8 11 4 5 11 11 5 5 11 11 5 2 6 11 4 4 4 5 4 11 2 10 10 7 8 8 9 5 10 10 7 7 8 7 7 7 10 8 7 8 7 11 2 7 6 7 11 11 5 4 5 4 4 11 5 4 4 4 4 4 11 4 5 10 10 8 8 10 10 7 7 8 2 9 5 10 10 7 7 8 8 1 9 5 4 4 4 10 10 2 8 9 5 10 10 8 7 7 7 8 11 2 11 11 5 5 9 5 11 10 8 7 7 8 4 1 4 9 4 5 4 11 11 5 4 4 4 1 4 4 5 9 8 10 10 8 8 10 10 2 6 8 10 10 8 7 7 7 8 11 5 10 10 7 7 8 7 7 7 8 11 5 4 11 4 5 10 10 8 8 10 10 8 8 4 4 4 4 11 5 10 10 8 2
ppo_x50_b_fd_l4_linear,68,qv18_70,18,155,True,767.0,2.043534278869629,8 8 10 10 8 8 10 9 8 8 11 2 11 11 5 3 5 11 10 8 8 10 10 7 7 8 8 10 10 8 8 11 5 11 11 5 5 11 5 10 10 8 7 8 10 10 7 8 8 11 10 8 2 10 6 10 8 2 10 10 8 8 9 5 11 11 5 4 4 5 11 4 4 4 5 7 10 7 10 8 2 9 10 8 8 4 4 4 4 11 5 4 11 5 11 11 2 4 3 5 7 11 5 10 0 9 8 7 7 8 4 10 2 9 11 5 5 10 10 7 7 8 7 7 7 8 7 7 7 10 8 11 11 5 5 7 7 10 2 6 7 11 11 5 2 4 9 4 4 5 11 4 5 7 7 11 11 4 5 2 9 5 7 11 11 5 5 10 7 7 8 4 11 11 5 5 11 4 5 4 4 11 11 5 2 9 5 7 7 7 10 8 10 10 2 8 7 7 7 10 9 8 7 7 8 11 2 6 7 10 8 11 11 4 4 5 5 4 4 4 11 5 7 11 11 5 4 4 5 11 4 5 10 10 2 8 10 10 8 6 7 8 10 10 8 7 8 10 10 8 8 1 4 4 3 4 4 1 9 5 4 11 11 5 4 2 11 5 3 10 10 8 10 8 8 7 10 10 8 8 10 10 8 7 8 4 4 1 4 9 5 11 11 2 5 11 11 5 5 9 4 11 5 2 7 10 6 7 7 8 10 10 7 7 8 7 7 7 0 6 8 10 8 1 3 11 5 0 9 11 5 5 11 4 5 4 11 11 2 5 4 11 5 4 4 10 10 8 7 7 7 7 8 10 7 10 7 8 6 8 10 2 10 6 7 10 8 2 9 4 5 4 11 1 3 4 4 5 4 10 2 11 4 4 5 4 4 4 11 5 4 3 10 10 8 7 7 7 7 10 8 8 10 10 7 7 7 8 8 10 8 11 11 5 2 9 5 7 11 11 5 4 5 4 4 11 5 10 8 7 11 11 5 2 3 10 8 10 10 7 8 2 11 5 3 10 11 5 5 4 4 4 4 4 4 4 10 10 2 8 10 10 7 7 7 8 6 7 7 7 7 7 7 8 7 11 2 9 10 8 8 4 11 5 4 4 10 8 11 1 9 5 5 4 10 8 7 10 8 11 11 4 5 5 4 4 11 4 5 0 9 10 8 8 11 5 1 11 9 5 5 11 4 5 4 11 11 2 5 10 7 8 10 10 7 8 6 8 10 10 8 0 7 6 7 8 10 8 7 10 10 8 8 10 10 2 8 9 5 11 11 5 2 6 10 8 11 11 4 4 4 5 5 1 9 11 5 5 11 5 10 11 5 4 5 4 4 10 11 5 5 4 4 10 10 2 8 10 6 7 8 10 10 2 6 8 10 10 7 8 7 8 11 5 4 10 10 8 7 8 10 10 2 6 8 7 11 2 11 9 5 4 4 5 10 7 7 8 4 4 1 3 4 11 1 3 4 4 5 10 10 8 7 8 11 4 4 4 11 5 4 4 4 5 10 10 7 2 6 8 10 8 10 8 10 10 7 7 8 8 10 10 7 8 2 10 7 8 10 10 8 8 4 4 4 3 4 11 4 4 5 10 2 10 9 8 5 7 10 10 8 8 10 8 11 10 8 7 8 11 11 2 5 11 11 5 3 4 4 4 4 5 7 11 11 2 3 4 4 4 5 11 11 5 2 9 8 11 11 5 2 4 10 10 8 7 7 6 8 10 10 2 7 7 6 7 8
ppo_x50_b_fd_l4_linear,69,qv18_71,18,154,True,763.0,2.1749606132507324,8 8 10 10 8 8 10 9 5 5 10 10 8 8 10 2 10 10 8 8 9 10 8 8 11 5 11 5 10 7 10 8 2 10 10 8 8 10 9 8 8 10 2 3 10 10 8 8 10 2 3 11 4 5 11 11 2 3 5 4 4 4 4 11 4 5 10 8 4 4 11 11 4 5 2 9 8 7 10 10 7 7 2 6 8 10 7 7 8 4 10 10 8 2 6 10 8 4 10 10 8 8 7 0 7 6 7 11 11 2 5 9 5 11 11 5 5 4 4 4 4 4 4 11 4 5 10 10 8 2 7 10 6 8 11 10 8 8 7 7 10 10 2 6 8 7 10 2 7 11 9 5 5 10 8 11 11 4 2 3 4 5 11 11 4 4 5 4 4 4 5 4 4 4 10 10 8 2 9 10 7 2 6 8 7 10 10 8 2 3 10 8 4 11 5 11 11 5 5 7 10 7 7 7 8 4 1 9 5 4 4 10 11 5 5 4 4 4 10 10 2 8 10 7 6 8 10 10 2 8 10 7 6 7 7 7 7 8 4 10 10 2 8 6 10 8 7 11 11 5 4 4 11 5 4 5 4 11 11 5 2 3 10 8 7 10 10 8 7 8 11 10 8 2 7 10 8 10 8 6 11 11 2 5 11 11 5 5 11 11 5 4 3 4 4 4 4 4 5 10 11 5 5 0 6 10 8 10 10 8 7 8 10 10 2 6 8 10 8 1 4 3 4 4 11 4 4 4 4 4 5 10 7 10 2 8 9 5 10 10 8 0 6 7 7 8 11 2 11 9 5 5 11 2 4 11 5 4 3 10 10 7 7 7 7 7 7 7 8 0 6 8 10 10 2 8 7 7 6 11 11 5 4 5 11 11 5 5 11 0 9 5 5 4 11 5 11 4 11 2 5 11 5 4 4 9 11 2 5 3 10 10 7 7 7 7 7 8 7 8 10 0 6 7 7 7 7 8 11 11 2 5 4 4 11 5 4 3 4 4 11 5 7 7 10 10 8 2 9 7 10 8 8 11 5 7 7 7 10 10 2 8 6 4 11 5 11 11 4 5 4 5 10 2 11 3 5 4 11 11 5 2 11 9 5 5 11 11 5 2 7 9 8 7 10 10 7 7 8 7 8 7 7 10 7 8 10 11 5 5 11 11 5 2 11 5 11 11 5 5 3 11 5 4 11 11 4 5 4 5 11 10 8 8 4 4 11 11 2 5 9 8 10 10 7 8 7 7 7 7 0 6 8 7 10 8 7 10 10 2 6 7 8 10 2 6 11 11 5 4 4 4 4 5 7 10 8 11 11 4 4 5 5 4 11 11 2 3 4 5 10 7 2 11 11 5 5 9 8 7 7 10 8 7 7 7 7 7 7 10 7 8 11 11 2 5 11 5 3 4 11 5 11 11 4 5 5 11 11 5 2 6 4 11 11 2 5 3 7 7 10 0 6 7 8 10 7 7 8 7 10 10 8 2 10 8 4 4 4 3 10 11 5 5 4 4 11 11 4 5 8 11 1 3 4 4 5 10 7 8 11 11 5 5 4 10 10 2 8 7 7 9 8 10 10 2 6 7 7 7 7 8 7 7 7 10 8 11 5 7 7 11 11 5 2 9 4 5 4 11 4 5 11 11 5 2 4 4 9 5 11 11 4 5 4 5 4 10 10 8 7 8 4 10 10 8 2 10 7 7 10 7 7 7 7 8 6 7 8 11 11 2 5
ppo_x50_b_fd_l4_linear,70,qv18_72,18,154,True,765.0,2.1881706714630127,8 8 10 10 8 8 10 9 5 5 10 10 8 8 11 2 4 11 5 10 10 7 7 7 8 8 9 5 10 10 8 8 10 10 8 8 11 5 11 4 5 10 10 0 6 7 7 8 8 10 2 4 3 11 5 4 11 5 11 11 5 4 4 4 5 4 4 10 10 2 8 7 10 9 8 7 8 7 7 10 10 7 7 8 2 10 10 7 8 8 10 9 8 8 11 2 6 11 11 5 5 11 10 8 8 4 4 10 8 11 11 2 3 4 5 4 11 11 4 2 5 4 4 4 4 4 11 5 3 10 10 8 2 10 10 7 6 8 7 7 8 7 10 8 11 5 4 11 5 10 10 7 7 8 7 8 7 11 10 8 8 10 10 8 2 6 4 4 11 4 5 4 4 10 10 2 8 10 8 6 10 8 11 4 1 4 9 5 5 4 11 5 4 4 4 11 5 11 11 2 5 3 10 7 8 7 10 10 8 8 7 7 7 10 8 11 5 10 10 7 8 5 7 10 8 10 10 8 2 4 10 9 5 5 11 11 5 4 4 5 4 11 2 7 6 10 7 7 8 11 11 2 5 11 5 4 11 3 11 5 5 10 8 4 4 4 4 11 11 5 2 9 8 4 4 10 10 2 6 7 8 4 11 5 10 10 7 2 6 8 7 7 11 10 8 8 10 10 2 8 3 11 5 10 7 7 0 6 7 8 7 10 7 7 11 2 5 9 5 4 4 4 4 11 5 4 4 4 4 11 5 4 11 5 4 4 10 10 8 7 7 7 8 4 11 5 10 10 7 7 7 2 8 7 9 8 11 5 10 10 2 6 8 10 10 7 2 8 6 10 7 8 11 4 11 4 2 5 11 5 9 11 5 5 4 4 11 5 11 5 4 11 11 2 5 4 10 10 8 7 9 8 8 10 10 2 6 8 10 10 8 7 7 8 4 11 5 1 9 5 4 4 4 11 11 2 5 11 5 4 9 10 8 7 7 8 10 2 7 10 10 7 7 8 7 6 8 10 8 7 7 11 11 2 5 11 11 5 4 5 10 8 7 9 7 8 11 11 5 4 11 5 5 4 4 4 4 4 4 4 4 11 5 4 10 2 10 10 8 8 7 7 7 7 9 8 7 7 10 10 8 8 7 10 7 8 11 11 5 5 11 11 2 5 9 5 4 11 4 5 11 11 5 4 4 4 5 11 11 5 2 3 7 7 10 10 2 7 8 9 5 10 8 7 7 7 0 9 8 7 7 7 7 7 7 11 11 2 5 3 4 4 4 4 11 5 4 11 4 4 5 4 11 5 10 10 2 8 9 5 10 10 7 5 7 7 7 7 10 8 8 7 10 7 8 10 8 7 11 11 5 5 10 7 8 11 11 4 4 4 5 5 4 10 10 8 8 11 2 6 11 11 5 4 1 9 5 5 4 11 4 5 7 11 11 2 5 9 5 4 11 11 2 5 3 7 10 8 10 10 8 7 7 7 7 8 7 10 7 8 7 7 10 8 11 11 4 4 2 5 4 4 4 4 3 11 5 4 11 5 10 10 7 8 8 10 10 8 8 7 7 11 2 9 10 8 8 4 10 8 11 10 8 8 11 11 4 4 5 5 4 10 2 3 10 11 5 5 4 4 4 4 4 4 10 10 8 2 6 10 8 4 10 10 8 7 7 7 8 10 10 2 6 8 10 8 7 7 7 7 7 11 11 2 5 11 4 4 11 4 4 5 4 3 5
ppo_x50_b_fd_l4_linear,71,qv18_73,18,151,True,741.0,3.0586981773376465,8 8 10 10 8 8 9 11 2 5 10 10 7 8 8 9 5 10 10 8 8 10 10 8 8 11 5 4 11 5 10 10 7 0 7 7 8 8 9 4 5 10 10 7 8 8 11 5 10 10 8 2 9 5 10 10 8 8 10 10 8 8 11 5 11 2 4 4 4 9 11 5 4 5 4 4 10 11 5 5 11 11 5 2 4 3 4 10 10 8 8 10 8 7 7 7 7 10 8 7 10 8 4 10 10 2 8 10 8 6 4 4 11 11 5 4 5 11 11 5 2 11 5 10 9 5 5 4 11 11 2 5 11 5 4 3 10 7 7 7 7 7 7 7 7 7 8 7 7 7 7 7 11 11 2 5 9 5 4 4 11 11 5 4 5 4 4 10 10 2 8 7 7 10 8 7 10 9 8 5 11 11 5 4 5 10 2 3 11 5 4 10 11 5 5 4 4 4 4 4 10 10 2 6 8 10 8 10 10 8 7 7 7 7 7 8 4 1 4 3 4 4 11 5 11 11 2 5 9 8 1 3 4 4 4 10 10 2 8 7 7 7 7 9 8 10 10 2 6 8 11 4 4 5 10 10 7 8 8 10 10 7 7 8 7 8 4 11 5 7 11 11 2 5 10 8 9 11 5 5 11 2 3 4 4 4 4 4 4 11 5 4 4 10 10 2 8 10 10 7 8 7 8 7 10 7 6 8 10 10 7 7 8 8 11 4 5 10 10 8 7 7 8 11 10 2 8 11 11 3 5 5 11 0 9 5 5 4 4 4 4 11 5 4 11 4 4 5 4 10 10 8 7 7 8 11 11 5 2 11 5 9 10 8 7 7 7 8 10 2 4 4 4 4 4 4 4 4 11 5 10 9 8 8 10 2 10 10 7 7 7 7 8 6 7 7 7 7 7 7 8 11 11 5 5 10 2 11 9 5 5 4 11 5 10 8 4 11 4 4 4 5 10 10 2 8 10 8 9 1 3 5 11 11 4 5 2 11 4 4 5 3 7 7 7 10 10 2 8 10 7 8 11 9 5 5 11 2 3 10 10 7 7 0 6 0 6 7 8 8 10 10 8 2 6 11 5 11 11 5 5 10 8 4 11 11 5 2 9 5 4 11 4 4 4 1 4 3 5 10 10 8 8 7 7 10 8 10 10 8 8 7 10 8 10 10 7 8 7 8 7 11 11 5 5 10 2 9 11 5 5 10 2 9 10 8 7 8 11 2 11 11 5 3 5 10 11 2 3 4 4 4 4 4 4 5 4 10 11 5 5 4 4 4 10 10 2 8 6 10 7 8 4 10 10 8 7 8 11 4 5 4 4 11 5 10 10 7 7 7 7 2 6 7 8 10 10 2 6 8 7 7 7 10 10 2 8 6 4 4 11 11 2 3 5 4 4 4 4 11 5 10 7 7 8 11 11 5 5 7 10 7 8 10 7 7 7 8 11 11 5 11 5 5 11 11 2 3 4 5 4 4 4 11 5 0 9 8 10 10 8 2 4 11 5 11 9 5 4 4 4 5 11 2 10 10 8 8 10 10 7 8 7 6 7 7 8 10 10 2 6 7 8 7 10 8 7 7 11 11 2 5 3 4 11 5 4 11 5 11 11 5 4 4 5 4 10 10 2 8 6 10 10 8 7 7 8 7 10 2 9 8 7 11 11 2 5 11 9 5 5
ppo_x50_b_fd_l4_linear,72,qv18_74,18,147,True,716.0,2.9341299533843994,8 8 10 10 8 8 9 10 8 8 11 5 4 11 11 5 2 7 10 8 10 10 7 7 8 8 10 9 8 8 10 2 10 9 8 8 11 4 5 4 4 4 4 11 11 2 4 3 5 10 8 10 10 7 8 2 10 7 6 10 7 7 7 7 8 8 11 5 10 10 7 8 8 11 5 7 10 10 7 8 5 11 2 6 11 11 5 5 4 4 4 11 5 4 10 10 2 8 9 8 11 4 5 7 10 10 8 7 8 11 4 5 7 7 7 7 7 11 11 2 5 11 3 5 4 4 4 4 4 11 5 11 5 10 10 7 8 8 10 2 9 8 10 7 10 8 2 10 8 9 11 5 5 4 4 11 11 2 3 4 5 4 4 4 10 10 8 2 9 8 10 10 8 7 7 8 7 7 7 7 11 11 2 5 4 9 4 5 7 11 11 5 4 4 5 10 10 2 8 9 5 10 10 8 2 6 11 5 11 11 2 3 4 4 4 4 5 11 2 4 3 10 10 7 8 7 8 10 10 8 2 7 7 7 7 10 7 8 9 8 11 11 5 5 4 11 2 11 9 5 4 4 5 4 4 4 11 11 2 5 3 10 8 10 10 7 8 0 6 7 8 7 7 1 10 9 8 8 10 7 7 8 10 10 2 6 8 10 10 2 8 11 5 3 4 11 5 11 11 2 3 4 4 4 4 4 5 11 4 5 7 11 5 4 4 10 8 11 11 5 2 3 10 8 10 10 7 7 7 8 2 10 9 8 8 10 10 8 7 8 1 9 5 10 10 8 8 7 7 7 7 11 11 5 2 9 5 11 4 5 11 5 10 10 7 2 8 4 4 4 9 4 4 4 5 4 4 11 4 4 4 5 7 10 8 10 10 8 8 10 10 8 2 6 10 8 10 10 8 8 4 10 10 8 7 8 7 10 10 8 2 9 8 7 11 11 5 4 4 5 4 11 5 11 11 2 3 4 5 4 10 11 2 3 4 5 4 11 5 10 8 4 4 10 10 2 8 7 10 7 9 8 7 7 8 11 2 10 9 8 8 10 10 7 7 7 7 2 8 6 7 11 11 5 4 5 11 11 5 5 4 4 4 4 10 8 11 11 2 3 5 11 2 4 3 10 10 8 8 11 4 5 4 10 10 2 6 7 7 7 8 10 8 7 7 7 10 10 8 2 9 8 7 11 11 5 5 11 4 11 5 4 4 4 5 10 8 0 6 10 7 7 8 10 8 1 4 4 11 9 5 5 11 11 4 5 5 11 4 11 2 5 4 4 3 10 10 8 7 8 10 10 8 7 8 7 7 7 7 10 2 3 10 7 10 8 7 8 1 10 9 8 8 11 5 11 11 2 3 4 11 5 5 7 11 11 5 5 4 11 11 2 3 4 5 10 8 11 4 4 4 5 11 4 5 10 10 7 7 8 7 8 11 4 10 2 8 7 6 10 8 7 10 10 8 8 10 7 7 10 2 8 9 5 7 7 11 11 5 4 5 4 1 3 4 4 10 11 5 4 5 7 11 11 5 5 10 8 11 11 5 4 4 5 10 10 8 2 10 10 8 7 7 6 8 7 10 8 10 10 8 2 6 7 11 11 5 2 4 4 9 5 11 11 2 5
ppo_x50_b_fd_l4_linear,73,qv18_75,18,151,True,717.0,2.202641010284424,8 8 10 10 8 8 10 9 5 5 10 10 8 8 10 2 10 10 8 8 9 10 8 8 11 5 11 5 10 7 10 2 8 10 10 8 8 10 9 8 8 10 2 10 10 8 8 9 4 4 4 5 4 11 11 5 4 4 4 4 4 4 5 4 10 10 2 8 7 6 10 8 10 7 7 8 4 11 11 5 5 10 8 10 10 7 8 7 8 10 10 8 7 8 10 7 10 8 8 4 4 11 4 5 1 4 9 4 5 10 8 11 4 5 4 4 4 4 4 10 10 2 8 6 7 7 7 10 8 10 8 7 10 10 8 7 8 10 8 11 11 2 5 9 8 11 4 10 2 8 9 8 4 4 4 4 4 4 4 11 5 4 10 10 2 8 9 8 7 10 10 8 7 8 4 11 5 7 10 10 2 6 8 10 10 7 7 7 8 5 10 2 3 11 5 1 3 4 4 4 4 4 4 4 4 4 4 11 5 7 11 11 5 4 5 11 2 10 8 6 7 7 11 5 10 10 8 8 11 4 4 5 10 10 7 7 8 8 10 10 8 8 7 7 7 10 7 8 10 10 7 8 2 9 8 10 11 5 5 11 4 5 4 11 11 5 2 4 4 9 5 1 3 4 11 5 10 7 11 2 5 9 5 11 4 4 11 2 5 3 10 8 10 10 7 2 6 7 7 7 8 11 2 3 10 10 7 7 8 7 8 7 7 7 0 6 11 11 5 5 11 4 5 11 11 4 2 5 9 5 10 7 7 7 7 8 11 11 5 2 6 4 4 1 9 11 5 5 4 11 11 2 3 5 11 4 11 2 5 4 11 5 3 10 10 2 6 7 8 10 2 11 4 3 5 10 10 7 7 8 7 8 10 10 0 7 8 8 10 9 8 5 10 10 8 7 8 7 10 10 2 8 9 4 5 11 11 4 2 3 5 4 4 4 11 5 7 11 11 5 5 10 8 4 11 11 2 5 9 5 4 11 4 5 4 10 10 8 2 7 10 7 10 8 7 7 7 7 6 7 8 4 11 5 4 11 5 10 10 7 7 7 8 8 10 2 9 8 10 10 2 8 6 4 11 11 2 3 5 11 5 4 4 4 11 5 4 4 4 11 5 10 8 11 11 5 4 5 0 7 10 7 8 9 11 5 5 4 4 4 10 2 10 10 8 8 10 6 7 10 7 7 8 8 7 10 10 7 8 8 11 5 11 5 7 10 10 8 2 7 6 11 11 5 4 4 4 4 4 5 7 0 9 8 10 10 2 8 7 9 8 7 10 10 8 8 4 11 2 6 11 4 11 2 3 4 5 4 11 11 5 4 5 11 2 3 10 10 8 8 4 11 10 2 8 9 8 7 11 11 2 5 11 4 9 5 5 4 11 2 11 5 4 3 10 10 7 7 7 8 8 7 7 7 10 7 10 8 8 10 7 2 9 8 11 11 5 5 4 11 11 5 5 11 5 10 10 8 8 11 5 4 11 11 5 2 3 10 7 7 7 7 10 8 2 10 6 8 7 10 10 8 2 9 8 4 4 4 11 4 5 11 11 2 3 5 4 4 4 11 5 10 8 4 11 11 5 2 3 10 7 7 10 8 8 10 7 7 7 7 10 8 2 9 10 8 8
ppo_x50_b_fd_l4_linear,74,qv18_76,18,153,True,732.0,2.019475221633911,8 8 10 10 8 8 10 9 5 5 10 10 8 8 10 2 3 10 10 8 8 10 2 10 10 8 8 10 9 8 8 11 2 6 10 10 8 8 10 2 10 9 8 8 4 11 5 7 10 8 10 10 8 8 4 4 4 4 4 4 4 4 4 1 9 5 11 11 2 3 4 4 4 5 11 2 10 10 8 6 7 7 8 7 10 10 8 8 10 10 8 2 9 5 10 10 7 5 7 7 8 11 10 8 8 11 11 2 3 5 7 10 10 8 8 4 10 8 11 11 5 5 10 7 8 7 11 11 5 4 4 4 1 3 4 4 4 4 5 10 10 8 2 11 4 5 9 10 8 8 11 5 1 3 4 4 10 10 2 8 6 7 7 11 10 8 8 7 10 8 10 7 7 8 11 11 4 5 2 9 8 4 10 11 5 5 4 4 10 10 2 8 10 8 6 7 11 11 5 4 4 4 5 4 4 4 4 1 3 10 10 8 8 7 7 7 7 10 7 7 8 4 10 10 2 8 9 8 7 10 8 10 10 8 2 6 10 8 11 4 4 4 11 2 5 11 9 5 5 11 2 11 4 11 5 5 9 11 2 4 4 5 3 11 5 10 10 7 8 8 0 9 7 7 8 10 10 7 8 7 8 10 10 7 2 7 8 11 5 9 10 8 8 4 11 11 4 2 4 4 4 5 3 4 11 11 4 5 5 11 11 2 5 11 5 10 10 8 6 7 8 7 10 7 10 7 8 5 10 7 8 10 10 2 8 7 10 8 4 4 4 4 4 4 9 5 11 11 5 2 11 3 11 5 4 4 5 4 4 10 10 8 0 7 7 8 7 7 7 7 7 11 9 8 8 10 8 10 10 7 8 2 11 5 9 5 7 7 7 11 11 5 5 11 5 11 11 4 4 2 3 4 4 5 11 11 4 2 3 5 10 7 7 7 7 7 8 11 5 4 10 10 8 8 10 10 2 6 7 7 8 4 10 2 9 11 5 5 4 11 11 5 2 4 10 9 8 7 8 10 2 6 10 10 8 2 6 7 10 8 11 11 4 5 4 4 4 11 5 4 4 5 7 7 0 9 8 7 7 7 10 7 8 11 11 2 5 11 5 11 4 4 11 4 3 4 5 5 11 11 4 5 5 11 2 10 9 8 8 10 2 9 8 7 11 11 5 2 10 8 4 11 3 11 5 5 11 11 5 2 9 7 8 11 10 8 8 10 10 7 7 2 6 8 7 10 7 7 8 10 10 2 6 8 10 2 9 10 7 2 8 6 11 11 4 4 5 5 4 11 11 4 4 4 4 5 2 9 5 11 5 4 11 11 2 5 3 7 7 7 10 8 10 10 8 2 9 8 11 10 8 8 7 11 11 2 5 11 5 9 10 8 8 10 10 8 8 4 10 10 8 7 8 11 10 8 7 8 11 11 4 2 3 5 11 5 11 11 2 3 5 10 2 11 9 5 5 4 11 5 10 7 2 11 11 5 3 4 5 4 11 2 3 10 10 7 7 8 5 7 7 0 6 7 7 7 7 10 8 11 5 10 10 8 8 11 4 5 4 10 10 8 8 7 7 7 10 8 4 10 8 11 11 2 3 5 11 11 2 3 5 11 11 4 4 4 5 5 7 11 11 4 2 5 9 8 11 11 4 4 2 5
ppo_x50_b_fd_l4_linear,75,qv18_77,18,150,True,756.0,2.9799039363861084,8 8 10 10 8 8 9 11 2 5 10 10 7 8 8 9 5 10 10 8 8 10 10 8 8 11 5 10 10 7 8 8 10 10 8 8 11 5 11 4 4 5 10 10 7 8 2 9 8 7 10 10 8 8 4 4 1 9 4 5 11 5 4 4 4 4 4 4 11 5 10 8 4 4 10 10 2 8 7 6 10 8 10 7 7 7 8 4 10 10 8 2 6 7 7 7 7 10 10 8 8 4 4 11 2 9 4 11 5 4 4 5 4 4 4 4 4 11 5 10 8 10 10 2 6 8 1 11 3 4 4 5 11 10 2 8 10 10 7 7 7 7 6 8 7 8 11 4 5 7 10 10 8 8 10 7 7 10 8 2 9 8 4 11 4 11 5 5 11 11 2 5 7 10 10 8 8 4 4 4 4 3 4 10 10 8 7 8 4 10 10 8 7 7 8 10 2 7 11 11 5 5 9 4 5 4 11 4 10 2 8 10 8 10 10 8 8 11 9 4 4 4 4 4 5 5 4 11 7 2 11 9 5 5 11 4 4 2 3 10 10 8 7 8 7 7 10 8 7 7 7 7 7 10 10 7 7 8 8 11 2 6 11 5 4 4 4 1 9 5 11 11 2 3 4 5 11 4 11 2 5 3 10 8 4 4 4 10 10 8 7 7 8 7 7 7 10 7 10 8 2 10 6 7 8 10 2 9 11 5 5 4 4 11 5 4 4 4 4 11 5 4 10 10 2 8 7 10 8 9 10 7 7 8 8 11 10 8 2 6 10 10 8 7 8 10 11 2 5 6 11 11 5 8 4 4 4 4 10 8 11 5 11 11 5 2 11 4 5 11 9 5 4 4 4 4 5 11 2 6 10 7 8 10 7 10 7 2 6 8 10 10 7 7 8 2 7 7 9 8 7 7 11 11 2 3 5 11 11 2 3 4 4 5 10 2 3 10 11 5 5 11 11 4 5 2 9 8 7 11 11 2 3 4 4 4 4 5 11 2 3 10 10 8 7 7 7 8 4 10 8 7 7 7 7 10 7 7 11 5 2 9 5 0 9 11 5 5 4 4 10 8 11 11 5 5 10 8 4 11 4 4 4 4 5 10 10 2 8 9 8 7 10 10 8 2 9 4 5 10 10 7 7 8 2 9 10 7 8 8 10 10 8 7 7 8 10 2 6 11 11 4 5 1 4 5 4 11 4 3 4 5 11 4 11 5 2 3 11 5 10 10 7 7 7 7 7 8 8 10 10 8 8 11 2 4 4 9 5 4 11 11 2 5 11 9 5 4 4 4 4 5 11 2 6 10 7 8 10 10 7 2 6 7 8 10 7 10 8 7 7 7 7 8 11 2 10 10 8 8 4 11 4 9 5 5 4 11 5 11 0 9 5 5 4 4 4 4 11 4 5 11 11 2 5 9 5 7 7 10 7 7 10 7 7 7 7 2 6 7 7 8 10 10 2 6 7 8 10 2 9 11 5 5 10 2 6 11 11 5 4 5 11 11 5 5 10 1 9 5 5 11 11 2 4 5 9 8 10 7 7 8 11 11 4 5 2 3 4 4 4 11 5 4 10 10 8 8 7 10 10 2 8 9 7 7 7 7 8 7 7 10 10 2 8 6 11 11 4 4 5 5 4 4 11 11 5 5 10 8 1 3 4 4 4 11 4 5 10 10 8 8 10 10 8 2 10 10 8 6 7 8 11 11 2 5
ppo_x50_b_fd_l4_linear,76,qv18_78,18,146,True,731.0,3.0131847858428955,8 8 10 10 8 8 10 9 8 8 4 11 4 2 3 10 10 8 8 10 10 8 2 10 10 8 8 10 9 8 8 10 2 11 9 5 5 10 8 10 10 8 8 4 4 11 4 5 7 7 10 7 8 0 10 10 8 8 10 10 8 8 10 10 8 8 9 5 11 11 2 3 5 0 9 11 5 5 10 8 4 10 10 8 7 8 11 11 5 8 4 4 4 4 1 3 4 4 1 3 4 4 11 5 10 8 10 10 8 8 4 4 4 11 11 2 5 9 8 4 10 10 8 8 7 7 7 10 8 11 5 10 10 8 8 10 10 8 7 7 7 7 7 8 11 11 4 2 5 6 4 11 5 7 7 10 8 7 11 11 4 4 4 5 4 5 7 7 10 7 8 11 11 4 4 4 5 4 4 4 4 1 9 5 4 4 5 4 10 10 8 2 9 7 8 10 10 8 2 3 10 8 10 7 7 10 2 8 9 7 8 11 11 5 4 4 4 4 5 11 11 5 5 7 0 9 8 10 10 8 8 10 10 2 8 11 5 11 9 5 4 5 11 2 3 4 4 4 10 10 8 7 8 11 11 2 5 6 7 7 10 8 10 10 7 0 6 8 8 7 10 8 7 10 8 7 11 11 2 3 5 11 11 2 3 5 1 3 4 11 4 4 4 4 5 11 10 2 3 5 10 10 8 7 8 4 11 5 10 10 7 7 7 8 8 11 5 10 10 7 7 8 5 10 8 7 7 10 10 2 8 6 11 11 4 4 5 4 4 5 11 4 1 3 4 4 4 4 5 4 4 10 10 8 2 10 7 7 8 10 10 7 8 8 7 7 9 8 10 10 8 2 9 8 7 10 7 8 11 11 4 2 3 4 4 5 11 4 5 4 4 4 11 11 4 2 5 9 8 10 11 2 3 4 4 5 10 2 3 10 10 7 8 7 7 8 10 2 7 7 10 6 10 7 7 8 8 4 10 2 9 11 5 5 10 8 10 10 8 8 4 4 11 5 4 4 1 11 3 5 4 4 11 4 4 5 10 10 2 6 8 10 8 10 10 8 7 7 8 11 5 4 10 10 2 6 7 7 7 8 10 10 8 2 6 10 8 7 11 11 2 3 4 5 4 4 0 9 11 5 5 4 11 5 10 8 11 5 4 4 11 5 11 11 2 5 11 4 5 3 10 10 8 7 7 7 8 11 10 8 8 10 10 7 7 2 6 8 7 10 10 8 2 9 8 4 11 4 5 4 4 10 10 2 8 9 8 10 10 8 8 11 2 4 4 4 3 4 11 5 4 4 4 4 4 4 10 10 2 8 7 6 10 8 10 7 7 10 8 8 10 10 2 6 7 7 7 7 8 7 11 2 11 11 5 5 9 5 11 11 5 4 4 11 5 5 4 4 11 11 5 4 4 4 5 10 10 7 2 8 6 7 7 10 8 10 10 2 6 8 7 7 7 10 10 8 8 7 7 11 11 2 5 9 5 10 7 8 11 11 4 5 5 11 11 4 2 3 5 4 4 11 5 11 11 5 2 6 11 4 4 5 10 8 4 11 11 5 2 3 10 7 7 10 8 7 7 8 10 10 8 7 8 10 7 8 10 10 2 8 6 11 11 4 4 2 3 4 5 7 11 11 5 4 4 4 5 10 10 2 8
ppo_x50_b_fd_l4_linear,77,qv18_79,18,151,True,762.0,2.9796125888824463,8 8 10 10 8 8 10 9 5 5 10 10 8 8 10 2 10 10 8 8 10 9 8 8 10 2 4 3 11 5 4 4 10 10 8 2 7 10 8 10 10 7 8 8 9 5 10 10 8 8 11 5 11 11 5 5 11 5 4 4 4 4 4 11 5 10 8 4 4 10 10 2 8 7 9 8 10 10 8 7 7 7 8 10 10 7 7 7 8 8 4 10 8 10 10 8 8 11 2 3 11 4 4 4 5 4 4 4 4 11 11 2 5 4 4 4 3 11 5 10 7 7 7 7 7 10 2 8 10 7 6 8 7 10 10 2 6 7 7 7 8 10 2 9 11 5 5 11 11 5 4 4 4 5 4 4 4 11 4 5 10 10 2 8 3 10 8 10 10 8 2 10 6 7 8 7 7 7 7 11 11 2 5 11 4 9 5 4 5 4 4 1 3 11 11 5 4 4 4 4 5 10 2 10 10 7 8 6 7 7 8 11 4 4 5 10 10 7 2 8 9 10 7 8 8 10 7 7 7 7 8 7 7 11 11 2 3 4 4 5 11 5 11 4 5 11 11 5 2 11 5 4 4 11 4 4 3 5 10 10 7 8 8 10 0 7 9 8 8 7 7 10 8 10 8 10 7 7 10 2 8 6 10 8 11 11 4 4 1 3 5 1 3 4 5 7 10 11 5 5 4 4 4 4 11 5 4 10 11 5 5 11 11 5 2 7 9 8 10 10 0 7 8 8 10 6 7 8 4 11 11 5 5 10 7 8 10 10 8 7 7 8 4 11 2 10 9 8 8 10 8 7 10 10 8 2 9 8 4 10 10 8 8 11 11 4 4 1 3 5 5 11 11 5 5 11 4 4 5 11 11 5 5 10 8 4 4 11 11 4 2 5 9 8 7 10 10 7 7 7 7 7 8 2 10 10 8 8 6 10 7 8 11 11 5 2 9 5 11 4 5 11 11 2 5 3 4 11 4 4 5 10 7 7 7 7 7 8 7 10 10 2 6 7 7 7 8 10 2 6 11 11 4 5 4 5 4 4 1 3 4 4 4 11 5 10 8 11 11 2 3 4 4 5 11 11 2 5 9 8 10 10 7 7 2 6 8 10 10 7 7 8 7 8 7 7 10 8 11 1 9 5 8 11 4 4 5 10 8 11 11 2 3 4 4 5 4 11 5 10 8 10 11 2 3 5 4 4 10 8 11 2 11 11 5 5 7 7 9 8 10 10 0 6 7 7 7 8 7 7 7 7 7 8 4 1 11 9 5 8 11 5 11 4 5 11 11 2 5 11 5 4 11 5 10 10 8 8 6 10 8 10 10 7 7 7 7 8 7 8 4 11 2 4 9 4 5 10 10 7 8 8 10 2 10 9 8 8 1 3 11 4 5 4 11 5 11 4 4 4 11 2 5 6 11 11 5 4 4 4 5 11 2 3 10 10 8 7 8 7 7 7 10 8 4 10 10 8 8 7 7 10 7 8 11 4 5 10 10 8 2 10 8 6 10 10 2 8 6 4 4 4 4 4 4 1 9 5 4 4 11 4 4 11 2 5 3 10 8 10 7 10 8 8 7 7 10 10 8 2 9 8 11 4 4 4 5 4 4 10 10 2 8 9 10 8 8 10 10 7 7 8 7 8 7 10 10 2 8 6 11 11 4 4 2 3 4 5 7 11 11 5 5 4 4 11 5 7 11 11 2 3 4 4 4 5 11 2 10 10 8 8
ppo_x50_b_fd_l4_linear,78,qv18_8,18,151,True,750.0,2.0141985416412354,8 8 10 10 8 8 9 10 8 8 11 5 4 4 10 10 8 2 10 10 7 7 8 8 9 11 5 2 10 9 5 4 5 10 10 7 7 8 8 4 10 8 10 10 8 8 10 2 10 10 8 8 10 9 8 8 10 2 9 11 5 5 4 11 4 5 10 10 8 7 7 2 7 6 7 11 11 2 5 4 4 4 4 4 3 4 11 5 4 11 1 3 4 5 11 2 3 4 10 10 8 7 7 8 10 7 10 8 8 4 11 5 10 10 8 2 6 7 10 7 8 7 10 10 8 2 6 4 11 5 11 11 5 4 4 5 10 2 10 9 8 8 1 9 5 11 11 5 5 4 4 4 4 11 11 5 2 3 10 10 2 8 7 9 10 8 8 4 11 5 10 7 7 10 8 8 11 4 4 5 4 11 5 4 10 10 8 8 10 10 7 7 2 7 6 7 7 7 8 10 10 7 7 2 6 8 10 10 8 2 9 5 11 11 4 2 3 5 11 11 2 3 4 5 4 4 11 4 5 10 10 8 2 10 10 8 7 8 10 6 7 8 7 7 10 10 8 2 4 11 5 3 11 11 5 4 4 5 4 4 11 5 4 4 10 11 5 4 11 5 2 3 4 10 10 8 8 10 10 0 7 7 8 6 8 10 8 10 10 2 6 7 8 10 2 11 3 4 4 5 4 11 11 5 2 3 4 11 4 10 8 8 10 10 2 6 7 7 7 7 8 11 2 9 5 10 10 2 6 7 8 4 10 10 8 8 11 5 7 10 10 2 8 6 4 4 4 4 4 4 0 9 11 5 5 10 8 11 5 4 4 4 4 4 11 4 4 5 10 10 7 8 2 9 7 7 8 10 7 10 2 6 8 11 5 10 10 7 8 8 7 10 10 8 2 6 10 7 8 11 4 11 5 4 4 4 5 7 7 7 10 8 11 11 4 2 3 4 4 4 4 5 11 2 11 3 4 4 4 4 11 2 5 9 8 10 10 0 7 7 8 8 9 5 10 8 7 7 10 7 7 8 10 8 11 4 11 5 2 11 9 5 5 11 11 4 2 3 5 11 4 5 10 10 2 8 6 10 8 10 7 8 7 10 10 2 6 8 10 2 9 4 5 10 7 10 8 8 7 11 5 4 4 4 4 10 8 11 5 4 10 11 5 5 7 10 2 6 7 7 7 10 8 7 10 10 8 2 9 8 4 4 4 4 11 5 4 4 4 11 11 2 3 4 5 4 11 11 2 5 4 3 10 10 8 8 10 10 8 2 7 6 7 11 10 8 8 7 10 8 7 10 10 8 2 9 7 8 4 11 4 4 4 4 4 1 4 3 5 10 10 8 8 11 5 4 11 11 5 4 2 9 10 8 5 7 7 7 0 6 10 8 11 5 10 10 8 7 8 1 11 3 5 11 1 3 4 4 4 4 4 11 2 5 10 8 10 10 6 7 7 0 6 8 8 11 5 4 10 11 5 5 11 4 4 5 10 10 7 7 7 7 7 7 7 7 8 8 10 10 2 8 9 10 8 8 7 10 8 10 2 11 11 5 3 4 4 5 4 4 10 10 8 2 9 8 4 1 9 11 5 5 4 4 4 4 10 10 2 8 10 10 8 7 6 7 8 11 5 4 10 10 2 6 8 7 7 10 8 4 11 2 4 9 5 10 10 8 8 11 2 6 10 10 8 8 10 10 8 2
ppo_x50_b_fd_l4_linear,79,qv18_80,18,153,True,788.0,2.062079668045044,8 8 10 10 8 8 9 10 8 8 11 5 4 4 10 10 8 2 10 7 10 7 8 8 10 9 8 8 11 2 10 9 8 4 5 4 4 4 4 11 11 5 2 3 10 10 7 8 2 10 10 7 7 7 7 7 8 8 9 10 8 8 11 5 10 10 2 8 10 9 8 8 4 11 5 11 5 4 4 4 4 1 4 4 3 4 11 5 10 10 8 8 10 7 10 8 8 11 5 10 10 7 7 8 7 7 7 8 7 10 2 10 9 8 8 4 4 4 4 11 4 5 10 8 4 4 4 4 4 4 1 9 5 4 4 11 11 2 5 7 10 8 9 10 7 8 8 10 10 7 7 0 6 7 8 7 8 11 5 10 10 8 7 8 1 9 5 1 3 4 4 4 4 4 10 10 8 2 9 11 4 2 3 4 4 5 11 4 11 5 2 9 8 4 10 10 2 6 7 7 8 10 10 7 2 8 10 10 7 6 7 8 7 8 11 4 4 5 4 11 5 4 10 10 8 8 10 10 7 7 8 7 7 8 4 11 2 3 4 11 5 11 5 7 10 10 2 6 7 8 4 4 4 10 2 3 4 11 5 7 11 11 2 3 4 5 4 4 4 11 5 4 10 2 11 11 5 5 7 9 8 10 10 8 8 10 10 7 8 7 7 7 7 8 11 4 5 10 10 7 7 7 8 2 7 6 7 11 11 5 2 9 5 11 5 4 4 1 3 4 11 5 10 8 7 10 11 5 5 4 4 4 4 11 5 7 11 11 5 5 11 11 5 2 3 10 10 8 7 7 8 10 10 7 8 8 7 7 10 8 11 5 4 11 5 10 10 2 8 10 8 10 10 8 6 7 8 11 5 10 10 8 2 9 8 10 10 8 2 4 11 5 11 11 5 4 4 3 5 4 4 4 4 4 11 4 11 2 5 4 3 7 10 10 2 8 10 9 8 8 10 10 2 8 3 10 10 7 8 7 7 7 8 11 4 4 5 1 9 5 11 4 4 11 2 5 3 7 10 7 10 7 7 8 7 8 10 8 7 11 5 10 10 8 7 8 7 11 2 9 11 4 2 3 4 5 4 11 4 4 4 4 5 4 4 4 11 11 5 2 3 7 7 10 8 7 7 10 8 4 10 10 2 6 7 7 8 10 2 9 10 7 7 8 2 4 9 5 10 10 8 8 11 10 8 7 8 10 11 5 5 10 2 6 11 11 4 5 4 4 4 5 10 2 11 9 5 5 11 4 11 2 3 4 4 4 5 10 2 10 6 10 8 7 8 7 7 7 7 7 10 7 11 5 5 11 11 4 2 5 9 8 11 11 5 4 5 4 4 11 2 4 3 11 5 10 10 8 8 10 10 8 2 10 7 7 6 7 10 8 7 8 10 10 7 8 2 9 8 4 4 4 11 5 4 4 11 11 5 2 9 5 10 7 8 11 11 5 8 4 4 4 4 11 5 10 8 4 4 4 10 10 2 8 6 7 7 7 7 10 8 10 8 10 10 7 7 7 7 8 2 6 7 11 11 5 2 4 3 11 5 4 11 4 4 4 4 4 5 10 10 2 8 9 8 10 11 5 5 4 11 11 5 2 11 5 3 10 11 5 5 10 10 7 8 8 7 7 7 10 8 11 5 10 10 2 8 7 10 7 6 10 8 8 11 2 9 10 7 8 5 10 7 8 11 11 5 2 11 9 5 5 4 4 4 4 4 4 4 11 5 4 11 2 4 10 10 8 8 6 10 10 8 8 11 2 10 10 8 7 7 8 7 9 10 8 7 8
ppo_x50_b_fd_l4_linear,80,qv18_81,18,154,True,778.0,2.0676381587982178,8 8 10 10 8 8 9 10 8 8 11 5 4 4 10 10 8 2 10 7 10 7 8 8 10 9 8 8 10 2 10 9 8 8 4 4 11 5 4 4 4 10 11 5 5 4 11 11 5 2 10 10 7 7 7 7 7 7 7 6 7 7 8 8 11 2 9 5 10 10 7 8 8 11 5 7 10 2 7 6 11 11 2 5 3 4 4 4 4 11 5 4 10 10 8 7 2 6 7 10 8 7 11 11 5 2 9 5 11 0 9 5 5 11 11 5 4 4 5 10 11 5 4 5 11 4 5 0 10 9 8 8 10 10 8 7 8 4 10 10 8 8 7 10 8 7 7 7 0 6 11 11 5 5 11 11 4 2 3 4 5 4 11 5 7 11 11 5 5 11 11 2 5 4 11 11 5 3 5 10 8 7 7 7 10 8 10 10 8 7 7 8 10 10 8 2 9 8 4 4 4 4 11 5 11 4 11 2 5 7 9 8 10 8 10 10 7 7 7 8 7 7 7 8 7 10 2 11 11 4 5 9 5 4 5 11 11 2 5 9 5 10 7 7 8 11 4 5 11 11 2 3 4 4 4 4 4 4 5 10 8 11 11 5 5 11 11 5 2 9 7 7 7 8 7 7 10 8 10 10 7 7 2 6 7 7 7 8 10 8 10 10 8 2 11 5 11 11 4 3 4 1 5 4 3 4 4 4 4 4 4 5 10 7 11 5 5 4 4 10 10 2 8 6 10 10 8 7 7 7 7 7 8 11 5 10 10 8 7 7 8 10 7 8 11 11 5 5 11 11 5 2 9 5 10 11 5 4 4 4 4 5 11 11 2 3 5 11 11 2 5 9 5 4 10 10 8 8 10 10 8 2 6 7 7 10 8 4 10 10 8 7 8 10 7 7 8 7 10 10 8 2 6 4 11 5 11 11 4 2 3 5 4 1 9 5 7 11 11 5 4 5 11 11 2 3 4 5 11 4 5 10 10 2 8 6 7 7 7 7 10 8 7 11 11 5 5 11 11 5 2 6 11 4 5 4 11 11 5 4 2 6 4 10 10 7 7 7 8 7 7 8 7 7 10 8 11 2 9 11 5 5 11 4 4 4 5 11 11 5 2 3 10 7 7 10 2 8 7 7 7 7 6 10 8 11 5 10 10 8 8 7 10 8 11 5 7 7 11 11 2 5 9 5 4 11 5 7 11 11 5 4 4 5 4 4 4 4 11 11 2 3 4 5 10 2 9 10 8 8 11 4 4 2 3 10 10 8 7 7 8 10 10 7 7 8 8 10 10 2 8 7 7 9 8 1 11 4 9 5 4 5 10 7 8 11 4 4 4 4 4 4 5 11 11 5 2 3 10 8 10 10 8 2 10 10 7 7 8 6 8 10 10 8 7 7 7 8 7 11 2 10 9 8 8 11 5 11 11 5 5 11 1 4 3 5 10 10 8 8 11 5 1 3 4 4 4 11 5 4 4 4 4 4 10 10 2 8 6 7 10 8 10 10 0 6 7 7 7 8 10 8 7 8 4 10 10 8 7 8 7 10 11 2 5 11 11 5 3 4 4 5 11 4 5 11 5 11 11 5 2 6 11 4 4 4 5 11 5 4 10 10 2 8 10 10 7 8 6 7 7 7 7 7 7 8 7 11 10 8 8 10 10 2 8 6 11 4 4 11 4 4 5 5 10 8 11 10 8 8 11 11 4 4 2 5 9 5 4 10 10 8 8 11 4 4 5 4 10 10 2 8 10 10 6 7 8 8
ppo_x50_b_fd_l4_linear,81,qv18_82,18,153,True,762.0,2.0224084854125977,8 8 10 10 8 8 9 10 8 8 11 5 4 4 10 10 8 2 10 10 7 7 8 8 10 9 8 8 10 2 10 9 8 8 11 4 4 5 4 4 10 0 9 8 7 8 7 10 2 10 10 7 8 8 10 10 8 8 11 5 11 9 5 5 10 7 11 5 5 11 5 7 7 7 10 10 8 8 4 4 4 11 1 3 4 4 4 4 5 11 11 2 3 4 5 10 10 8 7 8 11 4 4 5 4 4 4 10 10 2 8 10 9 8 7 7 8 7 11 2 10 10 8 7 6 8 7 1 9 10 8 8 10 10 8 8 1 3 4 4 10 1 11 5 3 5 4 11 5 4 11 5 10 8 11 11 4 2 3 5 11 10 8 8 10 8 10 7 10 8 8 7 10 10 8 2 9 8 11 5 7 10 10 2 6 8 11 2 9 5 10 10 7 7 8 4 5 10 2 9 4 5 7 10 10 8 8 4 4 4 4 11 4 11 5 5 11 4 4 5 10 11 5 5 4 4 11 11 2 5 3 10 8 10 10 7 8 0 6 7 7 8 10 2 6 7 10 10 8 8 10 8 7 11 11 2 5 11 4 5 4 10 9 8 8 11 5 11 11 5 5 4 11 5 0 10 10 8 8 6 7 7 7 10 7 7 8 10 2 11 11 4 3 5 5 10 8 11 11 4 4 5 4 4 5 11 11 2 3 4 5 11 4 4 11 5 2 10 8 10 10 8 7 7 6 8 7 10 10 2 6 7 8 11 2 9 11 5 5 4 4 4 11 5 11 5 4 4 10 10 2 8 10 7 9 8 5 10 10 8 2 10 10 8 8 10 6 10 7 8 8 7 7 7 10 7 8 4 11 5 11 11 5 2 3 4 4 11 4 4 5 4 11 11 5 2 9 8 4 4 10 10 0 8 8 7 7 7 6 7 7 7 7 10 8 11 5 4 10 10 2 8 9 8 11 11 2 3 5 4 4 11 5 7 11 2 3 4 4 11 11 5 2 9 8 4 4 4 4 4 10 10 0 6 8 7 10 8 7 7 7 0 7 7 6 7 8 7 10 10 8 2 9 8 4 4 4 11 5 7 11 11 2 3 4 5 4 11 11 2 5 11 4 5 3 10 7 10 7 2 8 9 10 8 8 7 10 8 10 10 2 8 9 8 11 11 4 1 3 5 4 4 5 10 2 10 9 8 8 4 4 10 8 11 11 5 4 4 4 5 11 4 4 5 10 10 2 8 10 10 8 7 8 6 10 10 8 5 7 7 7 10 8 11 5 10 10 2 6 8 7 11 10 8 8 7 10 8 11 5 11 11 2 5 3 11 4 5 7 11 11 5 5 11 11 2 3 4 5 7 11 11 2 3 5 11 11 2 5 9 8 4 10 10 2 8 6 7 10 8 7 7 10 10 8 7 7 8 10 10 2 7 8 9 5 11 5 11 11 2 4 3 5 10 8 4 4 11 11 5 4 4 4 4 4 5 11 11 2 5 7 6 7 7 10 8 11 11 5 5 11 4 5 4 4 10 10 8 7 8 7 7 7 10 8 11 5 10 10 2 6 7 7 8 11 4 11 5 4 4 4 4 4 5 7 11 2 9 10 8 8 7 7 10 8 4 10 10 8 7 8 7 7 7 10 10 2 8 7 6 11 11 2 3 4 4 1 3 5 10 8 11 11 2 3 4 4 4 4 4 5 11 4 5 10 10 8 2 9 10 8 8
ppo_x50_b_fd_l4_linear,82,qv18_83,18,153,True,747.0,2.0123937129974365,8 8 10 10 8 8 10 9 5 5 10 10 8 8 11 2 11 5 10 10 7 7 8 8 9 5 10 10 8 8 10 2 10 9 8 8 4 4 4 11 5 4 11 4 11 2 4 5 3 10 8 10 10 7 7 7 7 7 7 7 7 8 8 10 10 8 8 11 5 10 7 10 8 8 4 11 5 7 11 11 2 5 4 9 11 5 4 5 10 7 8 4 11 11 2 3 5 11 1 4 3 5 10 10 8 8 7 10 10 7 7 8 7 7 8 10 8 11 11 2 3 5 11 4 4 5 11 11 5 4 4 4 5 4 1 3 10 10 8 8 10 10 2 6 7 7 7 7 8 10 2 10 9 8 8 10 7 8 10 11 2 5 11 4 11 5 4 4 3 4 5 11 11 5 5 4 4 4 1 4 3 11 5 10 8 10 10 8 8 10 11 5 5 10 10 7 7 7 8 7 8 7 10 8 11 5 7 11 11 2 3 5 11 4 5 10 10 2 8 10 9 8 7 7 8 7 7 11 2 10 9 8 8 11 5 11 11 1 3 5 5 11 11 5 5 11 11 5 4 4 4 4 5 4 11 11 2 5 7 9 8 10 10 8 7 7 8 11 4 5 10 7 8 7 7 7 7 10 8 7 11 11 2 3 4 4 5 4 4 4 11 4 5 4 4 10 10 8 2 9 8 11 5 10 10 7 0 6 7 8 0 6 7 7 7 7 7 7 7 7 8 10 2 3 10 11 5 5 4 11 5 4 11 11 4 5 2 9 5 1 4 3 11 4 5 10 10 8 8 10 10 8 8 10 8 4 4 4 4 11 5 10 10 7 7 8 7 7 8 7 7 7 7 7 11 11 2 5 9 4 5 0 9 11 5 5 4 4 4 11 4 5 10 10 8 8 4 11 5 11 11 4 4 2 5 11 5 10 9 8 7 8 11 2 9 10 8 8 10 10 8 7 7 10 8 7 8 4 4 11 5 10 10 7 7 5 7 7 7 8 11 10 2 8 11 11 4 5 3 5 10 2 3 11 5 10 11 5 4 5 7 0 6 7 7 7 7 10 10 2 8 9 5 11 4 5 10 10 2 8 10 8 11 4 11 4 4 4 4 5 3 4 5 4 4 11 11 4 4 2 3 4 5 10 8 7 7 10 8 7 11 11 5 5 11 5 11 11 5 5 7 7 7 10 8 10 10 8 8 10 7 10 8 2 9 8 4 11 11 5 4 4 1 3 5 7 11 11 5 5 10 8 4 4 11 11 5 2 7 10 8 10 10 8 7 7 6 7 8 10 10 8 2 9 7 7 8 1 11 11 5 5 11 5 11 4 3 4 4 5 10 10 2 6 8 7 10 7 8 10 7 8 1 11 9 5 5 10 2 7 6 10 10 8 7 8 10 10 2 8 9 8 10 11 5 5 11 11 4 5 2 4 4 11 3 4 5 4 4 11 5 7 11 11 5 4 4 4 2 3 10 10 8 8 7 7 7 7 10 8 11 5 0 10 6 8 10 10 2 8 6 7 7 10 8 7 11 11 5 5 7 11 2 11 3 11 4 5 5 11 11 5 4 4 4 5 11 11 2 5 3 10 10 7 7 8 8 7 7 7 10 8 4 10 10 8 5 7 7 7 7 10 8 11 5 11 5 7 7 11 11 2 5 9 5 11 11 2 5 11 4 4 9 5 4 4 5
ppo_x50_b_fd_l4_linear,83,qv18_84,18,158,True,791.0,2.1312716007232666,8 8 10 10 8 8 10 9 5 5 10 10 8 8 10 2 10 10 8 8 10 9 8 8 10 2 10 10 8 8 10 9 8 8 10 2 10 9 8 8 10 10 8 8 11 5 11 11 5 5 11 11 5 5 11 11 5 4 4 4 5 4 1 3 10 10 8 8 10 10 7 7 7 7 7 7 2 7 6 7 8 11 2 11 9 5 4 4 5 4 4 4 4 4 10 8 11 11 5 4 5 11 11 5 2 9 8 4 4 4 10 10 0 8 6 7 7 7 7 7 0 6 8 7 11 10 8 8 4 10 10 2 6 8 10 2 7 6 11 11 5 5 11 5 11 11 2 3 4 5 10 11 5 5 11 4 11 5 2 3 7 10 7 7 8 10 10 2 6 7 8 7 10 7 10 7 8 2 9 5 4 11 11 5 2 9 8 11 11 5 5 1 3 4 4 4 10 8 11 11 5 4 4 4 5 7 11 2 10 9 8 8 10 11 5 2 3 10 7 10 8 7 7 7 7 8 4 11 11 5 2 7 6 4 4 4 4 11 11 5 2 11 5 3 4 4 4 10 10 8 2 10 10 6 7 8 8 4 10 10 2 6 8 7 7 7 7 7 10 8 11 5 10 10 7 8 7 8 11 4 5 7 11 11 5 2 9 4 4 5 11 4 5 7 11 11 5 2 3 10 10 7 2 6 8 7 10 8 7 10 10 2 8 6 11 4 4 11 4 4 4 4 2 3 4 5 4 10 11 5 5 4 4 10 10 2 6 8 10 8 4 4 11 4 5 4 10 10 8 8 11 5 10 10 7 7 7 2 7 6 8 7 10 8 7 10 10 8 2 10 8 6 11 11 5 5 4 11 11 4 5 5 4 10 2 10 10 8 8 6 11 4 4 4 5 7 11 11 5 5 4 10 2 11 11 5 3 4 5 11 2 10 10 8 6 8 10 10 7 8 0 6 8 10 7 10 7 7 7 2 6 8 10 8 7 7 11 11 2 5 9 4 5 7 10 7 8 11 11 4 4 5 4 5 10 8 10 8 7 10 8 11 11 4 5 5 11 11 2 3 5 11 5 7 11 11 2 3 5 11 10 2 3 5 11 4 5 4 4 11 5 4 10 10 7 8 2 11 5 10 10 8 8 6 10 10 8 7 8 7 10 7 8 11 11 5 5 10 8 10 10 7 8 8 7 10 10 7 2 8 9 5 11 4 4 11 2 3 5 4 11 5 11 11 2 5 11 9 5 5 11 5 7 11 11 5 4 5 10 7 7 0 6 8 10 10 2 6 7 8 10 2 10 10 8 8 6 4 4 11 4 5 11 4 4 4 4 11 2 5 9 5 4 11 11 5 2 3 10 8 10 10 2 8 6 7 7 10 8 11 5 4 11 5 10 10 7 7 8 5 7 7 7 7 11 5 10 10 2 6 7 7 7 8 11 2 4 3 11 5 11 5 11 11 5 5 4 10 10 8 7 7 7 8 11 4 4 4 5 4 4 4 4 4 11 5 10 8 4 11 11 5 2 3 10 7 7 7 7 8 10 10 7 7 7 7 7 8 8 11 5 7 7 10 10 8 8 4 4 4 4 11 2 3 11 5 4 11 5 10 8 10 10 8 7 8 11 5 11 4 5 4 4 1 3 11 5 10 8 4 4 4 11 11 5 2 3 10 7 7 10 7 8 7 8 7 10 10 8 2 4 9 5 10 10 7 7 7 8 7 8 11 5 7 11 1 9 8 8 11 11 5 5 1 9 5 7 11 11 5 5 11 11 4 4 5 5 11 11 2 5
ppo_x50_b_fd_l4_linear,84,qv18_85,18,156,True,775.0,2.059277296066284,8 8 10 10 8 8 10 10 8 8 11 5 10 10 7 8 8 10 9 8 8 10 2 3 10 10 8 8 11 2 11 4 5 7 10 10 7 7 8 8 9 10 8 8 11 5 11 4 5 4 11 5 7 10 10 7 8 7 7 10 8 8 10 2 11 9 5 5 10 2 9 11 5 4 5 4 11 11 2 3 4 4 4 4 4 5 11 4 4 2 3 4 10 10 7 8 7 7 7 8 11 2 10 9 8 8 1 9 10 8 8 7 7 7 11 11 2 5 9 8 11 4 11 5 1 3 4 4 5 11 11 5 2 3 7 7 10 10 8 7 7 7 7 7 7 7 8 11 2 4 4 4 3 4 4 11 5 10 10 8 2 11 5 9 10 8 8 11 5 4 4 4 4 11 5 4 10 10 8 2 10 10 8 8 10 10 7 7 7 8 7 8 7 7 6 7 7 11 11 5 2 9 5 11 4 5 7 11 11 5 2 3 4 4 10 8 11 2 9 4 4 4 5 0 10 6 10 8 8 10 7 7 8 10 10 8 2 4 3 4 4 11 7 11 5 4 5 11 11 2 5 9 8 1 3 4 4 4 4 1 3 10 10 8 8 10 10 8 5 7 7 7 7 10 8 11 5 10 10 8 8 11 5 10 7 10 7 8 7 8 10 2 6 10 8 11 11 4 5 4 5 11 2 4 11 3 4 5 4 4 4 11 4 5 10 11 2 5 4 11 5 10 10 7 7 7 6 8 7 8 4 10 10 2 6 7 7 8 7 10 8 11 5 10 10 8 8 10 10 8 2 9 8 7 11 1 9 8 5 11 4 4 5 7 11 11 5 4 4 4 5 10 8 11 11 5 4 5 11 11 2 5 9 5 4 10 10 2 8 7 7 10 9 8 7 7 7 7 8 10 7 2 6 10 10 2 8 6 4 4 11 5 4 11 1 9 5 8 11 5 11 11 2 3 4 5 4 4 11 11 2 5 7 9 8 10 0 10 8 6 7 8 7 7 10 10 8 2 9 5 7 7 1 11 11 5 3 4 5 10 2 9 8 11 11 5 4 5 4 4 4 4 4 4 11 5 11 10 2 8 10 9 8 8 11 4 5 10 8 10 10 8 0 6 8 7 10 10 2 6 7 8 11 2 6 10 8 7 7 10 10 7 2 6 8 10 10 2 8 9 5 11 11 5 5 11 4 4 11 2 3 4 4 5 11 4 4 11 5 5 10 11 5 5 4 4 10 10 8 2 9 8 10 10 7 8 2 3 11 5 10 10 7 8 7 7 8 7 10 8 7 1 9 11 5 5 10 8 4 11 11 5 4 5 0 6 7 7 7 0 6 7 10 8 1 10 9 8 8 11 5 4 11 11 5 5 11 11 5 2 9 5 10 10 7 8 7 7 7 8 7 11 1 9 5 5 4 4 4 11 10 2 3 4 4 5 11 11 5 5 10 11 5 4 4 4 5 10 10 8 2 9 8 10 10 2 8 6 10 8 7 10 10 7 7 8 8 10 7 7 8 11 11 2 5 4 3 4 4 10 8 11 5 4 11 5 7 11 11 5 4 5 7 11 11 5 5 11 10 8 8 4 4 11 11 2 3 4 5 11 2 10 6 10 8 7 7 8 7 7 7 7 7 7 10 7 7 8 4 10 10 8 7 8 10 2 9 11 5 5 10 2 6 11 11 4 4 4 5 5 7 10 8 7 11 11 2 3 5 11 11 5 4 5 7 11 11 5 4 4 5 11 11 2 5
ppo_x50_b_fd_l4_linear,85,qv18_86,18,151,True,731.0,2.9455840587615967,8 8 10 10 8 8 10 9 5 5 10 10 8 8 10 2 10 10 8 8 9 10 8 8 11 5 1 9 5 10 11 4 2 3 4 5 11 11 2 5 3 7 10 7 7 8 4 10 11 5 5 10 10 7 7 7 7 2 8 10 10 8 8 10 9 8 8 10 2 10 9 8 8 10 2 10 10 8 8 4 4 3 4 11 5 11 4 11 2 5 4 3 11 5 10 10 7 8 8 10 10 8 2 9 8 4 11 5 11 4 4 5 4 10 10 8 7 7 7 7 7 8 11 2 4 9 5 10 11 5 5 11 11 2 5 4 3 11 5 4 10 10 8 8 11 4 5 4 4 4 4 10 10 2 8 6 7 7 10 8 4 10 10 8 8 10 10 7 7 7 7 7 8 8 7 10 8 11 11 5 2 9 7 8 11 11 5 1 9 5 5 11 11 5 2 10 8 11 9 5 5 11 2 3 4 10 10 8 7 7 7 8 10 2 7 11 9 5 5 11 11 2 3 5 4 4 4 1 3 4 4 11 11 5 4 4 5 11 11 2 5 9 8 10 10 8 7 0 6 7 8 11 11 5 5 10 8 11 11 5 4 5 10 10 2 6 7 7 7 7 7 8 7 7 0 6 7 10 10 8 2 3 10 10 8 2 6 11 5 4 11 11 5 5 11 11 5 2 3 4 11 5 7 10 2 10 10 8 6 8 7 10 8 7 7 11 11 2 5 3 11 5 7 11 11 5 4 5 4 11 11 5 2 9 11 5 5 10 8 4 4 11 5 4 4 4 4 10 10 2 8 6 10 8 10 10 8 8 10 10 7 2 6 7 8 10 10 8 2 7 7 10 8 6 7 11 11 5 5 4 11 11 5 4 4 4 5 10 2 7 9 8 1 11 11 5 5 4 3 4 11 5 4 11 5 10 10 8 2 11 5 10 10 7 6 7 7 8 7 7 7 7 8 7 10 10 8 2 9 8 4 11 5 7 11 11 2 3 5 4 4 4 11 4 4 5 10 11 5 5 11 4 5 4 4 10 10 2 6 8 10 8 10 10 7 2 7 6 7 8 11 4 5 10 7 10 8 8 10 10 8 8 10 7 7 8 4 1 9 5 4 11 11 2 5 3 4 4 4 1 4 9 5 4 4 11 5 10 10 7 0 7 7 8 8 10 7 6 7 7 8 10 10 7 8 7 8 10 2 9 11 5 4 5 11 4 4 5 4 4 4 4 11 5 10 8 10 10 2 8 10 6 8 10 7 7 7 10 8 8 10 2 9 7 11 5 5 11 5 11 11 2 5 3 4 11 5 11 11 5 4 4 11 5 5 7 11 2 11 9 5 5 7 10 2 9 10 8 7 8 10 10 2 8 4 11 11 5 3 5 4 4 4 11 5 10 8 4 4 10 10 8 2 7 6 10 8 10 8 7 7 7 7 10 10 8 2 3 7 10 8 10 10 2 8 7 6 11 11 5 4 4 4 4 5 7 11 11 2 5 3 11 5 10 11 5 5 4 11 11 2 5 3 10 7 7 7 8 10 10 2 8 10 8 9 10 8 8 11 5 7 7 11 11 5 5 11 11 5 4 4 4 4 4 11 5 4 4 5 10 10 8 2 10 10 8 8 7 7 9 8 10 10 2 7 6 7 7 7 7 8
ppo_x50_b_fd_l4_linear,86,qv18_87,18,152,True,758.0,2.0167741775512695,8 8 10 10 8 8 10 9 5 5 10 10 8 8 10 2 10 10 8 8 10 9 8 8 10 2 10 10 8 8 10 10 8 8 10 9 8 8 10 2 10 10 8 8 4 4 11 9 5 5 10 11 2 3 4 5 4 4 4 11 5 10 8 4 4 11 11 2 5 4 11 4 5 3 10 10 7 7 8 7 7 7 7 8 7 7 10 8 10 10 7 8 2 9 5 10 10 8 2 6 11 10 2 5 3 4 4 4 11 5 10 8 4 4 4 4 4 4 4 4 4 10 11 5 5 10 10 7 2 8 6 10 8 10 10 7 7 8 8 7 10 10 8 7 2 11 9 5 5 7 7 7 11 2 11 9 5 4 4 5 4 4 11 5 11 4 11 5 2 4 3 10 10 7 2 6 7 7 8 10 2 3 10 10 8 8 7 10 8 4 10 10 8 7 7 8 11 5 4 1 3 4 4 4 4 11 5 11 5 4 4 11 5 4 11 11 4 5 2 9 8 11 10 8 7 8 10 10 7 8 2 10 8 10 6 10 7 2 6 7 7 7 7 7 7 8 11 2 9 11 5 5 10 2 10 9 8 4 5 10 8 11 11 4 4 5 8 11 5 1 3 4 4 4 4 11 5 10 8 10 7 11 2 5 9 5 4 11 5 4 4 4 10 10 8 2 6 7 10 8 10 10 7 7 7 8 7 8 7 10 10 2 8 9 5 10 10 2 8 7 6 11 5 4 4 4 11 11 2 5 9 5 11 5 7 11 1 9 5 5 4 10 10 8 8 10 7 7 8 7 11 11 5 4 5 4 4 10 11 4 5 4 4 5 11 11 2 5 9 5 10 10 7 8 8 10 10 2 6 7 8 10 10 8 8 7 7 7 10 8 4 4 11 11 2 3 5 11 4 4 4 5 7 11 11 2 3 4 5 11 4 4 11 2 5 9 8 10 10 7 8 7 8 10 7 7 10 8 7 2 10 9 8 7 8 10 2 10 10 8 6 8 7 11 11 2 5 9 4 4 4 5 11 5 11 11 5 4 5 4 4 11 5 7 7 0 7 9 8 10 10 7 2 6 8 11 5 10 10 8 7 8 7 10 10 8 2 11 4 5 11 11 5 3 4 4 5 10 8 11 11 4 4 2 5 9 8 11 11 5 4 4 5 10 8 4 10 10 8 8 11 5 10 11 4 2 4 3 5 10 7 7 7 7 8 7 7 11 10 8 7 7 7 8 7 10 10 7 2 6 8 11 5 4 4 11 11 5 4 4 5 11 11 4 4 2 5 6 11 4 11 2 5 11 11 5 3 5 7 7 10 8 10 10 2 8 9 10 8 8 4 10 10 8 7 7 7 8 7 7 7 11 10 8 8 7 11 11 2 5 4 4 4 3 11 5 4 4 11 5 4 4 11 11 2 4 5 9 8 10 7 7 10 7 8 8 10 1 9 8 8 7 7 1 11 3 11 5 4 5 10 8 11 11 5 5 4 4 4 11 11 5 2 3 7 7 7 7 11 5 11 4 4 5 10 10 7 7 7 8 7 7 7 8 10 7 10 7 8 2 10 8 7 11 9 5 5 4 4 1 9 5 11 5 4 11 11 2 3 4 4 5 11 2 4 10 10 8 8 10 10 7 8 3 7 7 7 7 8 11 2 6 10 10 7 7 8 7 8 10 2 11 11 3 5 5 10 2 11 11 5 5 11 11 4 4 5 5
ppo_x50_b_fd_l4_linear,87,qv18_88,18,154,True,760.0,2.0282680988311768,8 8 10 10 8 8 9 11 2 5 10 10 7 8 8 9 5 10 10 8 8 10 10 8 8 11 5 4 11 5 7 10 10 8 8 10 10 8 8 10 10 8 8 11 5 10 10 7 8 8 10 10 8 8 11 2 4 9 11 5 4 4 5 7 11 1 9 5 4 4 4 4 4 4 5 4 4 11 2 3 10 10 7 8 7 8 4 10 10 8 8 7 7 7 7 10 8 11 5 10 10 8 8 7 7 7 7 11 11 5 2 3 11 5 11 11 5 4 4 5 11 2 3 11 4 4 5 11 11 5 2 9 4 4 5 10 10 7 7 7 7 7 8 8 7 7 10 8 4 11 11 2 5 4 4 4 10 10 6 8 7 7 7 7 7 8 7 1 3 10 11 5 4 5 11 4 5 11 11 5 2 11 3 4 4 5 10 8 11 11 5 5 11 5 11 11 5 2 10 8 6 10 10 8 8 10 10 7 7 2 6 8 10 10 7 7 7 2 8 9 8 10 10 8 7 8 4 4 11 4 5 1 4 4 4 3 4 4 11 5 7 11 5 4 4 4 1 9 11 5 2 10 8 10 10 8 8 10 7 7 10 8 7 6 8 10 7 10 7 7 8 2 10 9 8 8 7 11 2 11 9 5 4 5 11 4 10 8 8 10 8 10 8 11 11 4 5 4 4 4 4 4 4 5 0 9 10 8 7 8 4 10 10 8 8 7 10 8 11 5 7 10 7 8 11 11 2 5 9 5 4 4 11 11 2 3 4 4 4 4 5 10 2 10 10 8 8 9 10 7 8 8 7 7 7 7 10 8 7 7 11 11 2 3 5 11 5 11 11 4 5 2 9 4 4 5 10 7 8 10 7 11 5 5 10 0 6 7 8 7 7 10 8 11 11 4 4 2 5 4 3 11 4 4 5 4 4 10 8 11 11 5 4 4 5 10 8 10 8 11 10 8 8 4 4 4 4 4 10 10 2 8 9 8 7 7 7 7 10 10 8 2 9 5 7 7 11 11 1 3 5 5 4 10 11 5 5 4 4 10 10 2 6 8 10 8 10 10 7 8 2 6 10 8 10 7 10 2 8 9 5 11 11 5 4 5 4 10 2 9 10 8 7 7 7 8 10 2 6 11 11 4 4 2 3 5 4 4 4 11 5 7 11 11 2 3 4 5 11 4 11 2 5 3 10 8 10 10 2 8 7 10 10 8 7 6 7 8 10 10 8 7 8 11 10 8 8 10 10 8 2 6 11 5 11 11 4 2 3 4 4 4 5 4 11 4 5 4 11 5 10 10 7 2 6 8 10 10 8 8 1 4 4 9 5 4 4 11 11 5 2 3 7 10 8 4 10 10 8 7 7 7 7 7 10 8 7 8 4 4 4 11 2 11 4 5 10 9 8 8 10 2 10 10 8 8 10 7 6 8 7 10 8 10 10 2 7 8 9 5 4 4 1 9 5 11 11 5 5 10 8 7 11 11 2 3 4 4 4 4 5 11 1 3 4 4 5 11 11 4 5 2 9 8 7 10 10 7 8 2 10 9 8 8 4 11 5 7 10 10 7 8 8 10 2 6 10 10 8 8 7 7 10 8 11 5 10 0 9 8 7 8 11 2 6 11 11 5 5 4 1 3 4 4 4 4 4 11 4 4 4 5 11 11 5 2 4 10 10 8 7 7 8 10 7 10 7 8 8 10 10 8 7 7 6 8 10 10 2 8
ppo_x50_b_fd_l4_linear,88,qv18_89,18,159,True,795.0,2.1071507930755615,8 8 10 10 8 8 10 9 5 5 10 10 8 8 10 2 10 10 8 8 10 9 8 8 10 2 10 9 8 8 11 4 5 4 1 4 9 10 8 8 11 4 4 4 4 11 2 5 3 10 8 10 10 8 7 7 8 10 10 7 7 7 7 8 8 11 5 7 10 10 8 8 10 1 9 5 8 11 4 5 11 5 4 4 4 11 5 7 10 10 7 2 8 10 6 7 8 10 10 7 8 8 11 5 7 11 11 2 5 3 4 11 5 7 11 11 5 4 5 4 4 11 4 11 2 5 9 8 4 4 10 10 8 7 8 11 5 10 4 10 7 8 0 9 8 8 10 10 2 6 8 7 10 7 8 10 11 2 3 5 4 10 10 8 7 8 11 5 11 11 2 3 4 4 4 4 5 4 10 2 11 11 5 3 4 5 4 4 4 10 10 8 2 6 10 8 7 7 7 7 10 10 8 8 7 7 7 10 8 7 0 6 11 11 5 5 11 5 7 11 10 8 8 11 11 4 5 5 4 4 1 9 5 11 5 4 11 5 7 11 11 2 5 6 4 4 4 11 5 10 2 10 10 7 6 7 7 7 8 7 8 10 7 2 9 8 11 1 9 5 5 4 11 4 5 4 4 4 4 11 5 4 10 10 2 8 10 8 7 10 8 10 10 7 8 7 7 7 8 11 4 4 3 5 10 10 8 8 11 5 10 10 7 8 0 6 8 10 8 1 11 9 5 4 5 11 4 11 2 3 4 4 4 4 5 11 4 11 2 5 10 8 10 10 8 9 8 7 8 10 10 7 2 8 10 8 7 9 10 8 7 8 10 2 6 7 7 11 11 5 2 9 5 4 1 4 4 9 5 4 10 11 5 5 10 11 5 4 5 4 11 5 10 8 4 4 4 4 10 10 2 8 7 6 7 7 7 10 7 8 10 11 2 5 6 10 10 7 8 7 7 8 11 2 9 11 5 5 1 3 4 4 4 4 11 4 5 7 10 10 8 2 11 5 10 9 8 8 11 5 7 1 9 11 4 2 3 5 4 4 10 10 2 8 7 9 8 10 7 10 8 8 7 7 7 7 10 8 10 7 11 2 5 9 5 4 4 11 4 4 4 4 11 5 5 0 9 11 5 5 11 5 4 11 11 2 5 3 10 7 7 7 7 7 10 2 8 9 5 10 10 8 0 7 7 7 6 8 10 2 6 10 10 7 8 2 9 5 4 4 10 11 5 5 11 11 2 3 5 0 9 11 5 5 10 8 11 11 5 4 4 4 5 11 4 4 5 10 10 2 8 7 6 7 7 7 10 8 7 7 7 7 7 10 10 2 8 11 3 5 11 11 4 4 4 5 1 3 5 11 4 5 4 4 11 5 4 4 10 10 2 8 7 9 8 11 4 4 5 4 10 10 2 6 7 7 7 0 6 8 10 10 7 8 8 4 10 10 8 8 10 10 8 2 9 8 11 4 5 10 10 8 8 11 5 11 11 5 5 4 4 4 11 11 5 2 9 4 5 11 5 10 10 7 8 7 7 8 7 7 7 10 8 10 10 7 7 2 7 8 9 5 11 4 11 5 2 9 8 4 4 11 11 5 5 11 11 2 3 4 5 11 11 2 3 5 11 5 11 4 4 11 5 2 9 8 10 10 8 7 7 8 7 1 9 10 8 8 10 10 2 6 8 10 10 8 8 7 7 7 10 10 8 2 9 8 4 4 4 11 10 8 8 11 11 5 4 5 4 4 4 4 11 5 11 11 5 5 4 10 10 8 2 7 7 9 8 10 10 2 6 7 7 7 8
ppo_x50_b_fd_l4_linear,89,qv18_9,18,153,True,731.0,3.1012790203094482,8 8 10 10 8 8 11 4 5 10 10 8 8 11 5 10 10 7 8 8 10 10 8 8 9 5 4 11 5 7 10 10 7 8 8 10 2 10 10 8 8 4 11 5 4 3 11 5 4 10 10 8 8 10 10 8 7 7 10 8 8 10 10 8 8 1 9 5 4 11 4 5 10 10 8 2 9 8 4 4 11 0 9 5 5 11 4 4 4 5 4 11 11 5 2 4 3 10 7 7 7 10 2 8 6 7 7 7 7 10 7 8 10 11 5 2 6 4 11 11 5 5 4 4 4 10 2 9 11 5 5 10 8 4 4 11 11 5 2 3 10 8 10 10 7 7 7 7 8 7 8 10 10 7 7 0 6 7 8 8 11 5 10 10 8 2 11 5 4 4 11 5 10 10 8 8 9 10 8 8 10 1 9 5 5 4 11 5 4 11 5 7 11 11 2 3 4 5 11 5 4 4 11 5 10 11 5 5 4 11 11 5 2 3 7 7 10 10 7 7 7 8 7 8 4 10 10 8 7 7 7 7 8 10 10 2 7 8 9 5 4 1 3 4 4 4 4 10 8 11 11 2 3 5 4 11 5 4 4 10 8 11 11 5 2 4 11 5 10 10 8 8 7 10 8 10 10 8 7 6 8 10 10 8 8 10 10 7 8 8 10 8 11 11 2 5 10 8 9 11 5 5 4 11 11 5 5 4 4 4 11 11 2 4 5 9 8 7 11 11 5 2 9 8 4 4 4 4 4 10 10 8 0 7 6 7 8 7 10 7 8 10 10 7 8 8 10 10 2 8 6 7 7 11 11 5 4 4 4 5 10 2 9 8 7 7 7 7 11 11 5 2 4 4 4 3 4 4 4 4 10 11 5 5 4 11 11 5 2 9 5 10 8 10 10 7 2 6 8 10 10 7 8 5 10 7 7 10 7 8 2 10 8 9 8 1 11 9 5 5 4 4 11 4 5 1 9 5 4 11 4 4 5 10 10 2 6 8 7 10 10 7 8 8 10 11 2 5 3 10 10 7 8 7 7 7 8 10 2 6 11 11 2 4 3 5 10 8 11 11 2 3 5 10 8 11 11 5 8 4 1 3 4 4 11 5 10 8 4 11 4 11 2 5 9 8 4 11 11 5 4 5 0 6 7 7 7 10 8 4 10 11 5 5 10 7 7 8 4 10 10 8 7 8 11 5 10 10 8 8 11 5 10 10 7 8 2 9 8 10 7 10 2 6 8 1 9 5 10 10 8 8 4 4 4 11 5 4 4 4 4 1 3 4 4 4 11 4 4 5 10 7 8 10 10 8 8 10 2 10 10 8 7 8 6 7 7 10 7 10 8 8 10 8 10 10 2 8 9 5 11 11 5 1 9 5 5 11 11 5 5 11 4 5 11 4 5 10 4 4 4 4 11 4 2 5 3 10 8 7 10 10 7 8 5 7 7 0 6 7 10 8 11 5 7 10 10 8 2 6 10 8 10 10 2 6 8 7 11 11 5 4 4 5 4 4 11 1 3 5 4 11 5 4 4 11 5 4 4 10 10 2 8 9 7 8 10 10 7 7 7 8 8 11 4 5 11 5 10 10 8 8 10 10 7 8 5 10 7 8 10 10 2 8 6 11 11 4 4 2 5 11 11 5 4 4 4 4 4 3 5
ppo_x50_b_fd_l4_linear,90,qv18_90,18,155,True,782.0,2.049377679824829,8 8 10 10 8 8 9 10 8 8 11 5 4 4 10 10 8 2 10 7 10 7 8 8 10 9 8 8 10 2 10 10 8 8 10 10 8 8 9 5 4 1 3 4 10 8 11 11 5 4 4 4 4 4 4 4 5 10 10 2 8 11 5 10 10 7 7 6 7 8 7 7 7 7 8 10 10 7 8 8 11 5 10 10 2 8 10 9 8 8 4 4 11 11 2 3 4 5 4 4 4 4 4 11 11 2 5 6 11 5 4 4 11 11 5 2 9 8 10 10 8 2 4 9 5 10 10 0 7 7 7 8 8 10 10 7 6 8 7 7 7 8 10 7 8 7 11 11 4 2 5 9 8 10 7 8 11 11 4 4 2 3 5 11 5 4 4 10 10 8 2 6 7 10 8 10 10 2 8 9 5 11 11 1 3 5 5 11 5 11 11 5 5 4 11 4 4 5 10 10 2 6 8 10 8 10 10 7 8 7 10 8 8 4 11 5 10 10 7 8 8 7 7 7 11 11 5 2 9 8 11 11 1 3 5 5 11 5 11 11 2 3 5 4 11 4 11 4 2 3 5 4 0 9 10 8 8 7 11 5 10 10 8 8 10 10 8 8 7 7 10 8 7 11 11 5 5 10 7 8 10 10 8 2 9 5 11 11 2 5 7 10 8 7 6 11 11 5 4 4 4 1 11 5 5 6 11 11 4 2 5 6 11 11 5 4 5 4 11 11 5 4 5 10 2 6 7 7 11 5 10 10 8 7 7 7 8 7 7 10 10 8 2 9 8 4 11 5 4 4 11 5 10 8 11 11 2 3 4 5 11 11 5 4 2 4 3 10 10 2 7 7 7 6 8 11 5 10 11 5 5 7 10 10 2 6 5 7 7 7 10 8 1 9 5 10 10 8 8 10 7 8 10 7 8 10 10 8 2 9 5 11 11 4 5 1 3 5 11 11 4 4 4 4 5 4 5 4 4 4 4 11 10 7 8 2 10 7 10 8 6 7 8 11 2 4 4 9 5 10 7 10 7 8 5 7 7 10 8 11 5 11 5 7 10 10 8 7 8 11 11 5 2 3 4 4 11 5 4 4 11 2 3 10 7 10 7 8 8 10 10 7 2 6 8 7 7 10 7 8 7 11 11 2 5 11 11 5 4 3 4 5 10 7 8 10 8 4 11 11 2 3 4 4 4 5 4 4 4 11 11 2 5 9 8 10 7 7 7 8 11 11 5 2 11 5 11 11 5 3 5 7 7 0 6 10 8 7 7 10 8 7 1 3 4 10 8 11 11 5 5 4 4 4 11 5 11 11 4 2 5 6 7 7 10 7 8 11 2 10 10 7 6 7 7 7 8 7 7 7 8 7 11 11 5 5 10 8 1 11 9 5 4 5 11 4 4 10 2 8 10 10 7 8 7 8 10 10 8 7 8 9 5 4 4 4 4 4 4 1 3 4 4 4 11 1 4 4 4 5 9 10 8 8 11 5 10 10 7 8 8 10 10 8 8 10 10 8 7 8 10 10 2 8 7 6 7 11 11 5 4 1 3 4 5 4 11 2 9 5 4 4 11 11 2 5 9 8 4 4 4 10 10 8 7 7 7 7 7 8 7 7 7 7 7 10 10 2 8 7 6 11 11 2 3 5 11 11 2 5 4 11 4 9 5 5 4 11 5 11 4 5 11 11 5 2 3 10 7 10 7 8 7 8 10 10 8 8 11 5 10 10 8 7 7 8 7 11 11 2 5 11 11 3 5 4 4 5 11 11 2 5
ppo_x50_b_fd_l4_linear,91,qv18_91,18,153,True,752.0,2.025291919708252,8 8 10 10 8 8 3 10 11 5 5 10 10 7 8 8 11 5 4 11 5 7 10 10 7 7 8 8 11 5 10 10 2 8 10 10 8 8 10 9 8 8 11 2 10 10 7 8 8 3 10 10 8 8 10 10 8 8 10 2 9 11 5 4 5 7 11 2 10 9 8 8 11 5 11 11 5 1 3 5 11 4 5 11 11 2 5 6 4 11 5 4 4 4 11 11 2 5 7 10 8 6 10 10 8 7 8 7 10 10 8 7 7 8 11 11 5 2 3 11 5 11 4 4 4 10 2 8 7 9 8 10 7 10 8 2 9 8 10 10 8 8 7 11 11 5 4 4 5 4 11 4 4 1 9 5 4 4 4 5 11 4 2 3 10 10 2 8 7 6 7 7 7 10 8 11 5 11 5 7 7 10 10 8 7 2 7 6 7 10 8 11 11 5 5 11 4 11 5 4 5 10 10 2 8 6 11 5 10 11 2 3 5 4 4 4 4 4 4 11 2 3 10 10 7 7 7 7 7 8 7 7 7 8 11 2 9 10 8 8 7 7 7 7 11 2 11 11 5 3 5 4 4 4 4 11 5 11 5 4 11 11 2 5 9 8 7 11 11 5 2 3 10 8 10 10 7 8 8 10 10 8 2 3 10 8 7 7 7 11 11 2 5 11 5 11 11 5 4 5 11 5 11 4 5 9 10 8 8 10 10 8 8 7 10 8 10 10 8 8 7 7 7 10 8 11 5 11 11 5 4 5 7 10 2 7 6 11 11 5 5 11 11 5 4 4 5 11 4 4 4 11 2 5 11 11 5 5 9 11 5 2 6 7 7 7 10 8 10 10 2 6 8 11 2 11 5 4 3 10 10 7 2 6 7 8 7 10 10 8 2 6 7 11 11 4 4 2 5 11 9 5 4 4 4 4 4 4 5 11 2 3 10 10 7 7 8 7 7 10 8 8 7 7 10 8 11 10 8 8 7 7 7 7 11 11 5 2 4 3 4 11 4 5 10 2 6 11 11 5 5 11 5 4 4 4 4 11 11 5 2 7 10 8 6 10 10 7 7 8 7 7 7 8 7 10 8 11 0 9 5 5 11 5 11 11 2 3 5 4 4 11 5 4 11 5 10 10 8 8 7 10 10 2 6 8 10 10 8 2 3 10 7 7 7 10 2 8 6 11 5 11 11 5 5 0 9 4 4 4 5 10 8 10 10 8 8 4 4 4 4 4 11 11 5 4 4 5 11 11 2 5 9 8 7 7 11 10 8 8 7 10 10 2 8 10 7 9 8 7 8 4 10 10 8 7 7 7 8 10 2 11 11 5 4 4 3 4 4 5 10 8 7 11 11 5 4 4 5 4 11 11 2 3 5 11 11 4 5 5 4 10 10 2 8 9 8 7 11 5 10 10 8 8 7 10 8 10 10 2 6 8 10 2 11 3 4 4 4 5 4 4 4 4 10 10 2 8 10 6 7 10 8 7 7 7 7 7 8 10 10 2 6 7 8 1 9 8 11 11 5 4 4 5 11 5 10 11 5 5 4 4 4 4 11 11 5 2 3 11 5 10 10 8 7 7 10 7 0 7 8 7 6 8 11 5 10 10 2 6 7 7 8 10 10 2 8 7 6 11 11 5 4 4 5 4 4 4 11 5 10 8 11 11 5 4 4 5 10 10 8 2 9 8 10 10 2 7 6 7 7 8
ppo_x50_b_fd_l4_linear,92,qv18_92,18,146,True,719.0,2.9534904956817627,8 8 10 10 8 8 10 9 5 5 10 10 8 8 10 2 10 10 8 8 9 10 8 8 11 5 11 4 5 10 7 10 7 8 2 10 10 8 8 10 9 8 8 11 2 9 11 5 4 5 4 4 4 11 4 5 7 10 8 4 11 11 2 3 5 4 11 2 3 10 10 7 8 7 7 7 8 10 7 10 7 7 7 8 2 9 5 10 10 8 8 1 9 4 4 5 11 4 4 4 5 11 11 2 5 10 7 7 8 10 7 6 10 8 7 8 10 10 7 8 8 10 2 11 9 5 5 11 4 4 11 5 2 6 4 11 11 5 2 9 5 7 11 5 4 4 11 5 4 4 11 4 5 10 10 8 8 10 10 2 8 9 10 8 8 11 5 10 10 7 7 8 7 8 10 10 7 7 8 2 6 7 11 11 5 2 9 4 5 11 4 5 11 0 9 5 4 5 10 8 10 11 5 5 4 11 5 4 11 5 7 11 11 5 4 5 10 7 8 4 11 11 4 2 5 9 8 4 11 10 8 0 6 8 10 10 7 7 7 2 6 8 10 10 2 6 8 10 10 7 8 2 9 5 4 11 4 5 7 10 10 8 8 10 10 8 8 7 11 2 9 11 5 4 4 4 4 5 10 8 11 11 4 5 2 4 4 11 4 4 4 3 5 7 7 10 10 7 7 8 8 7 7 7 7 7 7 7 10 8 11 5 10 7 7 11 5 2 4 3 4 4 4 1 9 5 11 5 4 11 11 2 5 3 7 10 7 7 8 10 10 8 8 10 10 7 8 8 10 11 5 5 10 7 10 8 2 9 5 11 11 4 4 5 2 9 11 5 8 4 4 11 5 10 8 4 4 11 11 5 5 4 11 5 10 8 11 4 4 4 11 2 5 9 8 10 10 8 7 7 7 0 6 7 7 7 8 10 8 7 7 10 10 2 8 10 8 6 11 4 4 4 4 11 2 3 4 5 10 8 11 11 5 5 4 4 4 4 4 4 11 5 10 10 8 8 11 5 10 10 7 2 6 7 7 8 4 10 8 7 7 7 10 7 11 5 5 10 8 10 10 8 2 10 7 7 8 10 9 8 5 11 5 7 11 11 5 4 1 3 4 4 4 5 4 4 4 4 1 9 5 4 11 11 2 4 5 9 8 10 10 7 8 8 10 10 8 8 0 7 7 9 8 1 9 10 8 8 7 10 8 7 7 7 7 11 11 4 2 5 11 11 4 3 5 5 11 4 11 5 2 9 5 7 10 8 10 7 7 11 2 5 11 9 5 5 11 11 2 5 9 5 4 4 4 11 4 5 10 10 8 2 9 8 10 10 8 7 7 8 10 10 7 8 7 8 7 10 8 1 11 5 11 9 5 5 10 8 11 11 2 4 5 9 5 11 11 2 3 4 4 5 4 4 11 11 5 2 3 10 8 10 10 7 7 7 7 2 6 7 7 8 7 10 8 10 10 8 2 10 6 8 1 3 4 11 4 5 11 11 2 3 4 4 5 4 4 11 2 11 4 4 4 5 10 7 10 7 8 8 10 10 8 6 8 10 7 8 4 10 10 8 7 7 8 10 10 8 2 9 8 10 10 8 8 10 2 11 11 5 3 4 4 4 4 4 4 4 5
ppo_x50_b_fd_l4_linear,93,qv18_93,18,145,True,716.0,2.8393425941467285,8 8 10 10 8 8 10 9 8 8 11 2 11 11 5 3 5 7 7 10 10 2 8 9 5 10 10 8 8 10 10 8 8 11 5 4 4 4 11 4 5 10 10 8 8 4 11 5 10 10 7 7 7 7 7 7 8 8 11 5 10 10 7 8 8 11 5 1 9 5 11 11 5 4 4 4 5 10 10 2 8 9 5 10 10 7 0 6 7 7 7 7 7 8 5 10 10 8 8 4 4 11 5 11 5 0 9 10 8 7 7 8 11 2 11 3 11 5 4 5 4 4 4 11 4 4 4 5 4 4 4 4 10 10 8 2 7 7 6 7 7 10 8 10 10 8 8 10 10 8 7 7 8 10 10 7 8 2 9 5 4 4 11 5 4 4 11 5 1 4 3 4 4 4 4 4 4 11 5 10 10 7 7 8 2 6 10 8 10 10 7 8 7 7 8 11 2 9 11 5 5 10 8 4 4 11 4 5 11 11 5 2 4 4 11 3 5 10 10 7 8 0 6 7 7 8 10 10 7 7 7 8 7 8 4 4 11 5 11 5 4 4 11 5 4 10 10 8 8 11 5 10 10 7 7 7 7 8 0 7 9 8 8 10 10 2 8 6 11 5 7 11 11 5 5 0 9 11 5 5 4 11 5 10 10 8 8 11 4 11 2 3 5 4 11 5 4 4 4 11 11 2 5 3 10 10 7 2 8 7 7 7 7 6 10 10 8 2 10 9 8 7 7 7 8 11 2 11 11 5 3 5 4 11 11 5 2 9 5 7 11 11 5 4 4 4 5 0 9 8 10 0 6 7 7 8 7 10 7 10 8 7 2 6 11 11 4 4 2 5 9 4 11 5 4 5 11 11 2 5 11 4 9 5 5 11 4 4 2 4 6 10 10 7 8 8 10 10 7 7 2 8 6 10 8 7 11 11 5 2 4 9 5 4 11 5 10 10 7 2 8 6 7 11 5 1 9 4 5 4 4 4 11 11 2 5 4 3 10 7 8 10 10 7 8 7 7 7 7 10 8 7 7 8 11 11 5 5 10 8 7 10 10 8 2 9 8 11 4 4 4 4 5 4 11 5 11 5 4 10 10 2 6 7 8 10 2 6 11 10 8 8 7 7 7 7 7 11 11 5 2 9 5 4 4 11 11 5 4 4 5 10 10 8 2 10 6 8 10 10 2 8 9 8 11 11 2 3 5 4 4 4 4 1 3 4 4 11 5 10 10 2 8 4 11 5 3 7 10 7 10 7 8 8 11 5 4 11 5 7 10 7 10 8 8 10 10 8 7 7 8 11 11 5 2 10 6 7 7 8 1 10 9 5 5 11 5 11 11 4 5 2 11 5 4 4 4 9 5 11 11 5 4 5 11 2 3 10 10 8 8 11 4 5 10 10 7 7 7 7 7 7 7 2 6 8 7 10 2 3 10 8 10 10 8 2 10 10 8 6 8 11 5 4 11 4 5 4 4 11 11 5 2 11 5 9 4 5 10 10 7 8 7 7 8 10 10 8 7 7 8 10 2 6 11 11 5 4 4 5 7 11 11 2 3 5 4 4 11 5 10 8 11 11 5 4 4 4 5 4 10 10 8 2 10 10 8 7 7 7 6 7 7 7 7 8
ppo_x50_b_fd_l4_linear,94,qv18_94,18,154,True,765.0,2.038794994354248,8 8 10 10 8 8 10 9 5 5 10 10 8 8 10 2 10 10 8 8 10 10 8 8 9 5 10 10 8 8 10 10 8 8 10 2 9 10 8 8 4 4 1 3 11 5 11 11 2 3 4 5 11 10 2 3 5 4 4 11 11 2 5 9 8 10 10 7 7 8 7 7 7 8 7 7 10 7 7 2 6 7 11 11 2 5 4 11 5 11 5 9 11 5 5 4 4 10 8 11 11 2 3 5 4 4 4 11 5 4 4 10 10 8 2 9 8 10 10 2 8 10 8 7 6 7 10 8 11 5 10 7 10 2 6 7 7 8 11 2 9 5 0 7 7 10 6 8 11 11 5 2 11 11 5 5 3 4 4 4 4 4 11 5 7 11 11 5 5 4 11 11 2 5 9 8 10 10 8 2 10 10 8 6 7 8 11 2 3 10 10 8 8 7 7 10 8 11 5 11 11 2 3 5 11 4 4 5 11 4 11 5 2 3 10 8 10 10 7 8 7 8 10 10 2 6 7 7 7 8 10 10 2 8 11 5 11 11 5 3 5 4 4 10 11 5 5 7 11 11 2 3 4 5 1 4 11 3 5 11 2 3 10 10 7 7 8 8 10 7 8 7 7 7 7 7 7 10 10 8 2 6 4 4 11 5 4 11 5 4 4 4 11 5 4 4 4 11 4 5 4 10 10 2 8 9 7 8 10 8 10 10 8 2 7 7 7 10 9 8 7 8 7 7 11 11 5 4 5 4 10 2 3 11 5 4 4 4 11 5 4 10 10 2 8 9 8 4 11 4 4 4 5 10 10 7 7 8 8 10 7 10 7 8 7 8 10 10 8 8 7 10 10 2 8 9 8 11 11 4 5 1 3 4 1 3 5 4 10 10 8 8 11 5 11 11 5 4 5 11 4 4 4 4 5 10 10 7 2 8 6 7 7 10 8 10 7 10 7 8 8 10 11 5 5 11 5 7 7 7 10 10 2 8 6 4 11 4 5 4 4 10 1 9 5 5 4 4 4 4 0 9 11 5 5 4 11 11 2 5 9 8 10 10 2 8 10 10 7 7 6 7 8 7 8 4 4 11 5 10 7 8 7 7 7 7 0 6 10 8 7 7 11 11 2 5 9 4 4 5 4 4 11 5 7 7 11 11 5 2 3 4 11 5 10 11 5 5 4 11 5 7 10 10 8 7 8 10 10 2 8 9 8 10 10 8 10 8 2 7 6 7 10 8 11 4 11 4 2 5 4 3 4 4 11 4 5 11 4 11 2 5 4 3 4 10 10 8 8 10 8 10 10 7 7 8 8 7 7 11 2 9 5 10 10 8 7 7 7 8 11 2 4 11 4 9 5 4 4 5 4 10 0 6 7 7 8 11 10 8 7 8 11 5 10 10 7 2 6 8 4 11 4 4 1 3 5 4 11 11 4 4 2 5 9 4 5 4 4 11 11 5 2 3 7 7 10 10 2 6 8 7 10 8 11 5 11 5 10 10 7 2 6 8 7 10 7 10 7 8 2 9 5 10 8 11 11 5 5 11 11 5 5 11 4 11 5 2 7 9 8 10 10 8 7 7 7 8 7 10 10 8 8 4 4 11 2 9 4 11 5 5 11 11 4 4 2 5 3 4 11 11 5 4 5 11 2 10 10 8 6 7 7 8 7 7 11 5 10 10 8 7 7 7 7 8 11 4 5 10 10 8 2 9 8 11 4 11 4 4 4 4 4 2 5
ppo_x50_b_fd_l4_linear,95,qv18_95,18,156,True,767.0,2.0594050884246826,8 8 10 10 8 8 9 11 4 2 5 10 10 7 7 8 8 9 5 10 10 8 8 11 2 10 10 7 8 8 10 9 8 8 11 2 9 4 4 5 10 10 8 8 11 4 4 5 11 11 4 5 4 5 0 6 10 7 7 7 7 8 10 10 7 7 8 8 11 5 10 10 7 8 8 11 5 10 7 10 8 8 4 11 5 1 11 4 4 5 10 10 8 8 4 4 4 3 4 4 4 4 10 8 11 11 5 4 5 11 2 4 3 10 10 8 2 7 6 7 7 7 7 7 10 10 8 7 7 8 10 10 8 8 10 2 9 7 11 5 5 4 4 10 8 11 11 2 3 4 5 4 4 4 4 11 11 2 5 9 5 7 10 10 2 8 9 5 10 0 6 10 7 8 7 8 7 11 10 8 8 7 7 11 11 5 2 3 4 11 5 11 1 9 5 8 11 4 4 5 4 4 4 11 5 10 7 7 8 11 11 4 5 5 4 4 4 10 10 2 8 10 7 9 8 8 11 5 10 7 8 10 10 7 7 8 2 6 10 10 2 6 7 8 10 10 2 8 9 8 11 4 5 10 10 8 8 7 11 11 2 5 4 11 3 5 4 4 1 9 5 11 11 2 3 4 4 5 10 2 9 11 5 4 5 4 10 11 5 2 3 10 10 7 8 8 11 5 10 10 7 8 7 7 8 7 7 7 10 10 7 8 2 9 8 4 4 11 11 4 5 2 9 8 11 11 5 4 5 4 4 10 11 5 5 11 11 2 5 10 8 7 6 10 10 8 7 7 11 5 5 10 0 6 7 7 8 4 11 5 7 7 7 10 10 7 8 7 8 11 4 5 10 10 8 2 9 8 11 5 11 11 2 3 4 4 2 3 4 4 11 5 10 8 4 4 10 11 5 5 11 11 2 3 4 4 4 5 10 2 10 10 8 6 7 7 7 7 8 7 11 5 10 10 8 7 8 7 11 10 8 8 7 10 10 7 8 2 9 5 10 11 5 5 11 11 2 3 4 5 11 2 11 11 5 4 3 5 11 4 4 4 4 5 10 10 8 7 7 7 7 8 10 2 4 3 10 7 8 7 7 7 7 10 8 7 11 11 2 5 9 5 11 11 4 5 4 4 5 10 11 5 4 4 4 4 5 11 11 2 5 9 8 10 7 10 8 7 7 8 10 10 8 7 7 8 7 11 10 8 8 7 7 11 11 2 5 11 9 5 4 4 4 4 4 4 4 4 4 5 10 7 2 11 9 5 5 4 4 4 10 2 10 10 8 6 7 7 7 8 11 2 6 7 7 7 7 11 11 5 2 9 5 10 8 4 4 4 4 10 10 8 2 9 7 8 4 10 11 5 5 10 10 7 8 8 11 5 10 10 7 8 8 10 10 8 2 9 5 7 7 11 11 2 3 5 11 11 5 2 9 8 4 4 11 11 4 4 2 3 4 5 4 11 5 4 4 10 10 2 8 7 10 8 10 10 8 8 10 7 8 11 9 5 5 11 4 4 5 11 1 4 3 5 10 10 8 8 10 2 10 10 7 7 7 7 8 8 10 10 7 8 6 8 11 5 10 10 7 2 6 7 8 10 2 9 4 4 5 10 10 8 8 4 11 2 4 11 9 5 8 11 11 5 4 4 4 4 4 5 10 10 2 8 10 10 8 6 8 10 10 8 7 7 8 10 10 8 2 9 8 11 4 4 11 4 4 4 4 4 4 4 4 4 4 2 5
ppo_x50_b_fd_l4_linear,96,qv18_96,18,159,True,792.0,2.088676929473877,8 8 10 10 8 8 10 9 5 5 10 10 8 8 11 2 10 10 7 8 8 9 5 10 10 8 8 10 10 8 8 11 5 10 10 7 8 8 10 10 8 8 11 5 7 11 11 5 2 6 4 4 11 5 10 11 2 4 5 9 8 11 1 3 11 4 5 4 5 4 4 4 10 10 2 8 7 6 10 8 7 10 7 8 1 11 3 11 5 4 4 4 5 4 10 2 10 10 7 8 6 8 11 5 10 10 7 7 7 8 7 7 8 10 10 7 7 8 2 6 7 11 11 5 2 9 5 11 11 5 2 9 8 10 7 8 11 11 2 5 6 11 1 3 5 11 11 5 5 10 8 7 11 11 5 5 4 4 4 10 11 2 3 5 11 5 4 11 11 4 5 2 3 10 10 7 7 7 7 2 8 9 8 10 10 7 8 7 7 7 7 7 8 7 10 11 5 2 11 11 5 5 9 4 5 4 4 11 5 10 8 4 1 3 10 11 5 5 4 4 4 4 4 11 11 2 5 9 8 10 10 7 0 7 7 7 7 8 7 8 9 11 2 3 5 4 4 10 2 11 3 4 4 5 10 10 7 2 8 10 8 10 10 7 7 8 6 7 8 7 11 11 5 5 4 11 5 10 10 8 8 7 7 10 8 10 10 7 2 8 9 5 4 11 11 2 3 5 4 11 11 5 4 5 0 10 6 8 4 1 3 4 11 5 11 11 5 2 3 10 7 7 8 10 10 7 2 6 7 8 10 10 2 8 7 10 7 8 9 11 5 5 11 11 5 4 1 3 5 11 4 4 4 5 4 4 4 11 5 10 8 4 4 4 10 10 2 8 10 9 8 7 7 8 10 10 2 8 6 10 10 7 7 8 7 8 11 2 3 4 4 10 11 5 5 4 4 4 11 11 5 2 11 5 4 9 5 10 10 8 0 6 7 7 8 10 7 7 8 10 10 7 7 2 8 7 9 10 8 8 4 11 11 5 5 7 10 8 10 2 6 11 11 2 5 11 4 9 5 5 10 11 5 4 4 1 3 4 5 11 4 4 4 5 4 10 10 2 7 8 9 5 10 7 10 8 7 7 8 4 10 10 7 2 8 3 7 10 10 7 8 2 9 5 10 8 1 3 4 4 4 11 5 11 11 2 3 4 4 5 11 5 11 11 5 2 4 3 10 10 7 8 7 8 7 7 7 11 5 10 10 8 7 7 7 8 10 10 7 8 2 9 8 10 11 5 5 11 4 4 1 9 5 8 11 4 5 4 4 4 4 4 4 11 4 5 10 10 8 8 10 10 2 6 8 10 10 7 2 6 7 7 8 7 7 10 7 8 7 7 11 11 5 2 9 5 11 11 5 5 11 4 4 4 1 9 5 4 4 5 4 4 11 11 5 2 3 10 8 10 10 2 6 7 7 8 10 2 10 10 8 8 7 10 7 8 10 6 8 10 10 8 2 6 11 5 11 11 4 4 5 5 4 11 4 4 1 3 4 5 11 2 9 5 10 7 10 8 8 7 10 10 7 0 6 8 8 10 10 2 6 7 7 7 8 11 2 11 9 5 4 4 5 10 8 11 11 2 3 4 4 5 4 10 11 2 3 5 0 10 7 7 6 7 7 8 7 7 7 11 11 2 3 5 11 11 2 3 4 5 10 2 9 8 7 11 11 5 4 4 5 11 11 4 5 1 3 4 1 3 5 4 4 10 10 8 2 9 8 10 10 8 2 9 8 4 1 3 10 10 8 7 8 4 10 10 8 8 10 10 7 7 8 8 11 2 9 10 8 7 7 8
ppo_x50_b_fd_l4_linear,97,qv18_97,18,157,True,787.0,2.0799624919891357,8 8 10 10 8 8 9 11 4 2 5 10 10 7 7 8 8 9 5 10 10 8 8 10 10 8 8 11 5 4 11 5 7 10 10 7 7 8 8 11 5 10 10 7 8 8 11 5 10 10 8 2 3 11 5 4 4 4 11 4 11 2 4 3 5 10 8 4 4 4 10 10 8 2 6 10 8 10 10 7 7 7 7 7 8 8 10 10 8 8 10 2 10 9 8 8 4 4 11 10 8 8 10 8 11 11 4 5 4 4 4 5 10 8 10 8 11 11 5 8 4 4 4 11 5 10 8 11 11 5 4 4 4 5 4 4 10 10 8 2 7 9 8 10 10 2 6 7 7 7 7 8 10 2 10 6 10 7 7 8 2 9 8 7 11 11 5 5 11 5 11 11 4 2 3 4 5 11 4 5 4 4 11 5 10 8 11 11 5 4 4 5 10 10 8 2 9 5 10 10 0 6 7 7 7 7 7 8 8 7 7 10 8 10 10 2 8 3 4 10 11 5 5 7 7 7 7 11 2 11 11 5 3 4 4 5 1 3 4 11 5 10 8 4 4 11 5 10 10 7 8 7 7 8 11 2 9 11 5 5 10 11 5 5 11 11 2 5 3 4 4 4 4 11 5 11 2 10 10 8 7 7 7 7 6 7 8 10 7 10 2 8 3 10 7 7 8 10 7 8 11 11 5 2 11 11 4 5 5 3 4 4 4 4 11 5 11 11 5 2 3 11 4 5 7 10 10 7 7 7 8 7 8 4 11 5 10 10 7 8 7 8 4 11 2 11 5 7 7 9 10 8 8 7 7 10 10 2 8 7 6 11 4 4 5 11 11 4 2 3 4 5 4 11 5 4 4 11 5 10 8 4 4 11 11 2 5 3 10 10 7 7 7 7 8 7 8 7 11 11 2 5 11 5 4 3 4 11 5 10 10 7 7 7 7 2 8 9 10 8 8 7 7 7 10 10 2 8 6 7 11 11 5 5 10 8 11 11 2 3 5 4 4 4 4 4 11 5 10 8 11 11 5 4 5 11 4 4 4 5 10 10 2 8 6 7 10 10 7 7 7 7 8 7 8 1 10 9 5 5 11 4 5 11 11 5 2 7 10 7 8 10 9 8 7 8 7 1 3 4 11 5 4 11 4 11 2 3 5 4 11 5 4 11 11 5 2 7 9 8 10 10 7 8 8 4 10 10 2 6 8 10 10 8 2 10 7 7 8 10 6 10 8 8 4 11 10 8 8 7 7 11 11 5 2 9 5 11 4 4 11 2 5 9 8 11 11 2 4 3 4 4 4 5 11 5 4 4 4 10 10 2 8 7 7 7 6 7 7 10 8 10 8 7 7 11 11 5 2 11 5 9 11 5 4 5 4 4 4 4 11 5 10 10 8 2 11 5 10 10 7 6 7 8 8 10 10 0 6 8 7 7 8 7 10 10 2 8 6 10 8 11 5 4 4 1 4 9 5 11 11 2 5 4 11 4 4 3 4 4 4 4 5 10 8 4 10 10 8 7 7 7 7 7 7 8 7 7 11 5 10 10 8 8 10 7 2 10 6 7 8 10 2 11 11 5 5 9 7 8 11 11 4 4 5 5 4 4 4 11 4 4 5 0 7 10 9 8 8 7 11 2 9 11 5 5 4 11 5 4 4 4 11 5 4 10 10 8 8 10 10 2 8 10 10 7 6 7 8 7 7 7 7 8 4 10 2 9 11 5 4 5 10 8 4 4 4 4 10 10 8 2 10 10 8 6 7 8 4 10 10 8 8 10 10 8 2
ppo_x50_b_fd_l4_linear,98,qv18_98,18,153,True,754.0,2.128927230834961,8 8 10 10 8 8 3 10 11 5 5 10 10 7 8 8 11 5 4 11 5 10 10 7 7 8 2 10 10 8 8 10 10 8 8 9 5 10 10 8 8 11 2 3 4 4 11 5 4 4 11 11 5 2 11 3 5 10 7 0 7 7 10 8 7 8 10 6 10 7 7 8 8 10 2 10 9 8 8 4 4 10 8 11 11 5 5 7 7 7 10 2 10 9 8 8 1 4 9 4 4 5 11 11 2 3 5 4 10 8 11 4 4 4 5 10 10 2 8 10 6 8 10 8 11 1 4 3 5 4 4 4 11 11 5 2 3 7 7 10 7 7 7 7 10 8 7 7 8 7 7 7 10 10 8 2 4 11 5 9 11 5 4 4 5 11 4 5 7 11 11 2 5 3 11 5 4 4 4 11 5 4 4 10 10 8 2 9 7 8 10 7 0 6 7 8 4 4 10 10 8 7 8 10 7 7 10 8 8 10 2 7 10 7 8 11 11 5 5 4 3 4 11 4 5 11 5 11 11 2 5 9 4 4 5 7 7 7 7 10 7 10 2 8 11 5 9 10 8 8 11 5 4 10 0 6 7 7 7 7 10 2 8 9 5 11 11 5 4 5 11 11 2 3 5 4 4 4 10 8 11 11 5 5 4 4 4 11 5 10 8 11 11 5 5 10 7 8 11 11 5 5 10 7 8 10 10 2 8 9 8 7 10 7 7 7 10 2 8 6 7 7 11 11 5 4 4 5 10 2 11 9 5 4 11 5 5 4 10 10 8 8 11 2 10 9 8 8 11 5 1 3 4 4 11 5 4 4 1 3 10 10 8 8 10 7 8 4 10 10 8 7 7 8 7 10 10 2 6 7 8 7 10 7 7 8 11 11 5 2 11 5 9 11 5 4 5 7 11 11 5 5 4 4 11 5 10 8 11 11 5 5 11 4 4 11 2 5 10 8 6 10 7 10 8 7 8 10 2 10 10 8 7 8 10 9 8 7 8 10 7 8 11 11 2 5 9 11 5 4 4 5 0 7 7 10 8 7 9 11 5 5 4 4 4 4 4 4 10 8 10 7 8 4 11 4 11 5 4 5 11 11 2 5 9 8 4 4 4 4 10 10 0 8 6 8 7 7 7 7 7 7 7 10 8 10 10 8 8 4 11 4 5 10 8 11 4 5 7 10 10 7 8 2 10 10 8 8 4 4 10 9 5 5 11 5 11 11 2 3 4 4 5 11 11 5 2 3 7 7 7 7 10 8 7 7 7 10 7 7 11 5 2 9 5 4 11 11 2 5 4 4 4 3 4 4 4 11 5 11 11 5 2 3 7 7 10 8 4 1 11 4 4 3 5 10 10 7 8 8 10 10 2 6 7 7 8 7 7 11 10 7 8 5 10 7 7 7 8 11 11 2 3 5 11 4 4 4 4 4 5 11 11 5 2 11 3 4 5 11 2 4 3 10 10 7 7 7 8 7 7 8 4 11 5 10 10 7 2 6 8 10 7 8 7 7 10 8 11 11 4 5 5 1 4 4 4 3 4 11 5 4 0 9 5 10 10 8 7 7 8 7 10 10 8 8 4 11 5 10 10 8 8 10 10 2 6 7 7 7 8 10 2 11 11 5 3 4 4 5 11 11 4 2 5 6 11 11 4 5 5 10 8 11 11 5 5 4 4 4 11 5 10 10 8 8 10 2 11 9 5 4 4 5
ppo_x50_b_fd_l4_linear,99,qv18_99,18,151,True,721.0,3.275782346725464,8 8 10 10 8 8 10 9 5 5 10 10 8 8 10 2 10 10 8 8 10 9 8 8 10 2 9 10 8 8 11 2 4 4 3 4 4 4 1 4 11 5 3 10 10 8 8 11 5 10 10 7 8 8 7 10 7 0 6 8 10 10 7 8 8 10 10 8 8 11 5 10 10 7 8 8 10 2 11 9 5 5 10 8 11 4 11 5 2 9 8 11 1 9 5 4 5 11 5 0 9 7 7 7 10 2 8 6 7 11 11 5 4 4 11 5 4 4 4 5 10 2 6 7 10 8 11 11 4 5 5 4 4 4 11 5 10 10 8 7 8 11 2 9 10 8 7 8 7 11 2 11 9 5 4 5 4 4 1 9 5 4 11 11 2 5 3 10 8 10 10 7 8 8 11 5 10 10 7 7 8 0 6 7 7 7 8 4 11 5 10 10 7 8 7 8 10 7 8 11 11 5 5 11 11 5 2 9 5 11 5 11 4 4 11 2 5 9 5 10 8 10 10 2 6 8 10 10 2 6 8 7 10 8 10 10 2 8 11 11 4 5 4 9 5 5 4 4 1 3 4 4 10 11 5 5 11 11 2 5 9 8 11 11 5 4 2 3 10 10 8 7 7 8 10 10 7 8 8 11 5 10 10 7 8 8 10 10 8 8 10 8 1 3 11 5 7 11 11 2 3 4 5 4 10 2 9 11 5 5 10 2 9 11 5 5 4 4 4 11 11 2 5 10 10 7 6 8 7 7 7 8 10 2 10 10 6 7 7 7 8 7 7 8 11 5 4 11 2 9 5 11 4 10 2 8 10 8 7 6 7 11 11 2 5 9 5 1 3 4 4 4 4 1 3 4 4 10 8 11 11 5 5 4 11 2 9 11 2 5 4 3 10 10 7 2 6 8 10 2 10 10 8 7 6 7 8 7 10 7 7 10 2 8 9 5 4 4 10 10 8 2 10 10 8 8 4 4 4 3 11 4 4 5 7 0 9 8 10 7 7 8 7 7 7 11 11 4 2 5 4 4 4 4 4 3 4 4 11 5 11 11 2 5 11 3 5 10 10 8 7 7 7 10 8 8 7 11 5 10 10 8 7 8 11 2 6 7 10 8 7 11 11 2 5 11 4 5 11 3 4 5 11 11 5 2 3 11 1 3 4 5 11 11 2 5 3 10 8 10 10 7 2 7 8 11 5 9 5 10 10 8 8 11 10 8 8 10 10 7 7 0 8 9 8 8 4 11 5 10 10 8 7 8 1 4 3 4 11 5 11 4 5 4 10 10 2 8 7 7 7 6 10 10 7 8 8 10 7 8 11 11 2 5 6 11 11 5 5 4 11 5 11 11 2 3 4 5 10 11 5 5 4 4 4 4 4 4 10 10 8 2 10 6 8 7 10 10 2 8 3 7 10 8 10 10 8 7 7 8 4 4 11 5 7 7 7 7 10 10 2 8 6 7 11 11 5 4 4 1 3 4 4 4 4 4 4 4 5 11 11 5 2 9 8 10 10 8 7 8 10 10 8 7 7 8 1 3 4 11 4 5 4 10 10 0 6 8 8 10 10 7 8 8 10 10 8 2 3 10 7 7 8 7 11 11 2 5 11 11 4 4 3 5 5 11 11 4 4 2 5
