agent,env,problem_name,ion_count,op_count,solved,duration,compile_time,actions
ppo_x50_b_fd_l4,0,qv18_0,18,152,True,709.0,2.1045656204223633,8 8 10 9 7 8 5 10 2 10 10 8 8 9 10 8 8 11 2 10 10 7 8 8 9 10 7 8 5 10 10 8 8 4 10 8 10 10 8 8 11 5 7 10 10 8 8 4 4 4 1 9 8 4 11 4 11 5 5 4 11 11 5 4 4 5 11 11 2 3 4 5 0 9 5 10 10 8 7 7 8 11 5 7 10 10 8 7 7 7 8 7 10 10 8 8 10 10 2 8 4 4 9 5 10 8 4 11 11 4 5 5 11 5 4 4 4 11 2 3 4 4 1 3 10 10 8 8 10 0 9 8 8 10 7 7 10 7 8 5 10 8 10 2 7 11 9 8 8 10 10 8 8 10 2 7 6 11 11 5 5 4 4 4 4 11 4 5 11 11 5 2 11 9 5 5 11 2 3 7 10 10 8 8 7 10 10 8 2 9 7 8 11 5 4 11 5 11 11 4 4 4 4 5 2 9 8 11 5 10 10 8 8 10 10 7 8 2 6 11 5 11 4 4 5 10 10 8 2 11 4 5 4 3 10 10 7 7 7 7 7 8 7 8 10 10 7 7 8 5 10 2 10 8 7 6 7 11 11 2 4 3 4 5 4 4 4 1 4 4 9 5 4 11 5 4 11 5 10 10 7 8 2 10 7 6 10 8 8 1 9 5 10 10 7 7 8 5 10 2 7 10 10 8 7 8 9 5 11 4 11 2 3 5 10 8 11 1 4 9 5 4 4 4 5 11 2 10 10 8 8 10 6 10 8 8 10 2 10 7 10 8 8 9 10 8 7 8 1 3 4 4 4 4 10 11 4 5 8 11 5 11 11 5 5 11 11 4 5 2 9 5 4 10 10 8 7 8 7 10 8 7 7 7 10 10 2 6 8 7 10 8 7 11 11 2 3 5 10 8 11 11 4 2 3 5 11 4 1 4 9 5 4 4 4 4 4 4 5 11 2 3 10 7 10 7 2 6 7 8 7 7 10 8 11 2 9 5 11 11 5 5 10 8 7 10 10 8 8 10 7 8 10 10 2 8 9 5 7 10 10 8 2 6 11 5 11 11 4 5 5 4 4 10 10 8 8 11 5 10 10 8 8 11 5 11 11 4 4 4 4 5 5 11 11 5 5 10 2 11 9 5 4 5 10 8 11 2 9 11 5 5 0 7 10 7 9 8 7 8 10 7 0 6 7 7 7 7 8 10 10 2 8 9 5 7 7 11 11 5 5 4 4 4 11 1 3 4 4 4 4 4 4 5 10 10 8 8 7 11 2 11 4 4 11 5 5 9 8 4 10 10 8 7 8 7 7 7 10 10 7 8 5 10 7 8 11 10 8 8 10 10 2 8 11 5 11 11 4 4 3 5 4 4 11 5 5 11 5 4 10 10 8 7 8 11 5 11 5 7 10 10 8 2 10 10 8 6 8 7 7 7 0 9 8 7 7 10 10 2 8 9 5 11 11 5 2 11 11 4 5 5 9 8 4 4 4 4 4 4 11 5 11 11 4 5 8 11 4 11 5 2 9 8 10 10 8 8 7 7 10 7 7 8 10 10 8 8 11 5 10 10 8 8 7 11 11 2 5 4 11 11 4 5 5 11 11 5 5
ppo_x50_b_fd_l4,1,qv18_1,18,153,True,711.0,2.05971360206604,8 8 10 10 8 8 10 10 8 8 9 5 10 10 8 8 10 10 8 8 11 5 4 11 5 7 10 10 7 7 8 8 10 4 4 5 7 10 10 7 8 8 1 9 5 11 4 5 7 11 5 4 4 4 4 4 11 11 5 5 11 11 5 2 6 10 8 10 8 7 10 10 8 8 7 7 10 10 8 7 7 7 10 8 8 10 10 8 8 11 5 7 11 2 11 9 5 4 5 7 11 11 5 5 10 8 4 4 4 4 1 9 4 5 11 4 5 11 11 4 5 4 5 11 2 9 10 8 8 10 8 11 11 2 5 9 8 7 7 10 10 2 8 11 5 7 10 10 7 7 8 8 10 6 10 7 8 8 4 10 8 11 11 2 5 10 8 10 6 10 8 7 8 1 9 5 10 8 11 4 5 7 11 11 5 4 4 5 4 11 11 2 4 5 9 8 11 4 4 11 5 5 4 4 4 10 10 2 8 7 6 10 8 7 10 7 7 7 7 7 7 7 8 0 7 6 11 11 4 5 5 11 11 5 5 11 2 9 11 1 3 5 5 11 5 4 4 4 11 11 2 5 9 8 11 10 8 8 10 10 8 8 7 7 7 10 7 8 11 2 10 10 8 8 9 7 8 10 8 11 11 4 5 4 4 5 4 4 4 10 8 11 5 4 4 10 11 5 5 11 4 11 5 2 3 10 8 10 10 8 2 7 10 8 6 7 7 7 7 7 7 7 10 7 8 7 11 11 2 5 9 5 11 11 4 5 5 10 8 11 11 4 4 4 5 4 5 10 10 8 8 11 5 4 4 11 5 10 10 8 2 7 7 10 9 8 8 10 8 11 1 3 5 11 11 5 5 4 11 2 11 5 3 4 4 10 10 8 7 7 8 10 8 7 10 7 7 10 8 8 7 7 7 10 7 8 11 11 2 5 11 9 5 5 11 2 3 11 11 5 4 5 10 8 11 11 5 5 4 4 4 4 4 11 5 10 10 7 8 2 10 9 8 8 10 8 7 7 10 7 8 10 10 7 8 2 9 5 11 5 11 11 2 3 4 4 5 4 4 4 4 10 11 5 5 11 11 2 5 3 10 8 10 10 7 7 7 8 7 8 11 4 5 0 10 7 10 8 8 9 10 7 7 7 7 8 7 8 1 3 11 4 5 4 11 4 5 0 9 7 8 11 11 4 5 4 5 10 7 8 11 5 11 11 5 4 5 11 5 10 10 8 8 4 11 5 4 11 4 11 2 4 5 9 8 10 10 8 2 7 10 7 10 8 7 7 8 10 6 10 8 8 7 7 10 8 4 10 2 9 8 7 7 11 11 5 5 1 9 11 5 4 5 4 4 4 11 5 10 8 11 1 9 5 4 4 4 5 4 10 2 11 11 4 5 8 9 8 10 10 7 7 7 7 8 7 8 10 10 8 7 7 8 4 11 5 7 10 10 8 8 7 7 10 8 11 2 11 11 5 5 3 4 4 11 11 5 2 3 4 11 11 5 5 10 8 1 3 11 4 4 5 10 10 8 2 9 10 7 8 8 4 4 10 10 7 8 8 11 5 10 10 7 8 8 4 10 10 8 8 10 10 2 6 8 10 10 7 2 6 8
ppo_x50_b_fd_l4,2,qv18_10,18,146,True,673.0,2.002638816833496,8 8 10 9 8 8 10 10 8 8 11 5 10 7 7 7 10 8 8 10 10 8 8 11 5 7 10 10 8 8 10 0 9 8 8 10 2 10 9 8 8 1 9 5 11 11 4 5 5 4 4 4 11 2 3 4 11 11 4 5 8 11 5 11 4 11 5 5 11 2 10 7 9 8 5 10 10 0 8 8 6 7 7 10 7 7 7 8 7 10 10 2 8 6 11 4 4 4 5 11 11 5 5 10 8 4 11 11 4 4 5 4 5 10 11 2 4 5 9 8 7 10 10 8 8 11 2 10 6 10 7 8 7 10 8 8 11 5 7 7 11 10 2 6 8 7 10 2 6 7 7 11 11 2 5 9 5 4 11 4 11 2 3 5 4 4 11 4 5 4 4 4 11 4 5 10 2 10 7 9 8 8 7 10 2 10 9 7 7 8 5 10 8 7 7 10 8 11 11 5 5 10 8 7 11 11 5 5 10 8 7 7 1 11 11 5 4 4 5 3 10 11 5 5 11 4 5 11 11 4 5 2 9 8 11 4 11 5 2 9 8 10 10 8 8 7 7 7 10 0 10 8 6 7 8 7 0 9 8 7 7 10 10 2 8 6 4 11 5 11 11 5 1 4 5 11 5 3 4 11 11 2 5 11 4 5 9 10 8 8 10 8 10 7 10 8 8 7 7 1 11 11 5 5 4 11 5 9 5 4 11 11 4 4 5 5 7 11 11 5 5 0 9 8 10 7 8 4 10 10 8 7 7 7 8 10 7 7 0 6 10 8 7 8 10 10 2 6 8 11 5 11 11 4 5 5 10 8 11 4 11 2 5 3 4 4 11 11 2 5 9 8 1 4 3 10 10 7 8 8 11 5 10 10 7 8 8 11 5 7 7 7 10 8 7 7 7 11 11 5 2 3 11 5 4 1 9 11 4 2 3 4 5 11 11 4 4 4 4 4 5 5 10 8 7 7 10 8 11 11 2 5 9 8 1 9 10 8 8 7 10 7 8 10 10 8 8 10 8 7 10 10 8 8 7 10 8 4 10 2 11 11 5 3 4 5 11 4 11 5 2 9 5 7 7 7 7 7 7 11 11 2 5 3 11 4 4 4 11 5 5 10 8 11 11 4 4 5 8 10 2 9 8 11 11 4 4 4 4 5 5 0 9 8 7 10 8 7 7 7 7 7 11 10 2 7 8 9 5 10 7 8 1 4 9 11 5 5 11 2 4 11 9 5 5 4 11 11 4 5 5 0 9 8 11 5 10 10 8 7 7 7 8 7 10 10 2 7 8 7 7 10 8 7 11 9 5 5 10 8 7 7 11 11 5 1 4 3 5 11 4 5 10 10 8 8 10 8 11 5 4 4 4 11 5 4 11 11 2 5 9 8 1 11 11 5 3 5 11 11 5 2 3 7 10 10 7 7 7 8 8 10 10 7 8 2 9 5 10 7 7 10 8 8 10 10 2 8 9 5 7 7 11 11 4 5 5 7 11 11 2 3 5 11 11 5 5 10 2 11 11 5 5
ppo_x50_b_fd_l4,3,qv18_11,18,155,True,730.0,2.1337952613830566,8 8 9 10 8 8 10 10 8 8 11 5 10 10 7 8 8 11 5 10 10 7 8 8 10 0 10 8 8 9 5 10 10 8 8 10 10 8 8 11 5 10 10 2 8 9 5 11 11 4 5 5 4 4 4 11 5 11 4 5 4 4 11 11 4 5 8 7 11 2 10 9 8 7 7 7 8 10 2 6 7 10 10 8 8 7 7 7 7 10 10 8 8 11 5 7 10 2 11 11 4 5 5 9 8 11 5 4 11 11 2 3 5 11 5 4 4 11 5 10 8 4 4 11 11 5 2 9 5 7 10 10 7 8 7 8 7 10 10 2 8 9 5 7 7 10 10 0 6 8 8 10 10 2 8 11 5 9 11 5 4 4 4 4 1 3 4 4 4 4 4 5 11 4 11 4 5 8 10 2 3 10 7 8 10 10 7 8 2 10 7 10 6 8 8 10 8 10 10 8 2 9 7 8 4 4 11 4 11 2 3 5 11 11 2 5 10 8 7 9 11 5 5 4 4 10 2 10 10 8 6 7 7 7 7 7 8 10 10 8 7 8 10 2 11 9 5 5 4 11 5 4 11 11 2 5 4 3 4 4 4 4 4 11 11 4 5 5 10 8 11 11 2 5 7 9 8 11 10 2 7 6 8 10 10 8 8 7 7 7 10 8 11 2 4 3 4 11 11 5 5 4 10 10 8 8 11 4 5 4 11 11 4 5 2 9 8 10 8 10 10 7 8 7 7 7 7 10 8 7 8 4 11 5 7 10 10 7 8 5 11 2 9 5 10 7 10 8 8 10 10 8 8 11 5 11 2 3 11 4 4 4 11 4 5 2 9 8 4 4 4 11 4 4 1 4 3 5 10 8 10 10 8 7 8 10 8 10 10 7 8 8 11 5 7 7 10 8 10 10 7 8 8 7 7 11 2 11 11 5 4 5 9 8 4 4 11 4 4 4 1 3 4 4 5 10 2 6 7 10 10 8 8 11 2 10 10 8 8 10 9 8 8 4 11 5 11 11 5 4 4 5 4 4 11 4 11 5 2 9 8 10 10 8 8 10 10 7 7 8 7 7 8 10 10 7 8 7 8 11 2 6 11 5 4 4 4 4 11 11 5 2 9 8 7 10 7 10 8 7 7 8 7 7 7 11 11 5 4 4 5 4 4 4 11 4 11 5 5 10 8 4 4 11 5 10 7 0 10 8 8 7 9 10 8 8 10 7 8 10 10 2 8 11 5 3 11 11 4 5 5 10 8 4 11 11 5 5 10 8 11 11 4 4 5 8 11 2 3 4 11 11 5 2 9 8 4 10 10 8 7 8 0 6 7 7 7 7 0 9 8 10 8 10 7 7 10 8 2 9 7 8 11 11 5 4 5 11 5 4 4 11 11 5 2 9 5 0 7 7 10 7 8 7 11 11 5 5 11 5 4 11 11 4 5 3 4 4 4 5 10 2 10 9 8 8 7 10 7 7 0 7 7 8 11 10 8 8 7 7 7 6 11 11 5 5 11 4 5 11 11 4 5 5 11 11 4 5 5 10 8 11 11 4 5 4 5 11 4 11 2 5 9 8 10 10 8 8 7 7 7 7 7 7 10 8 7 7 10 7 2 6 11 11 5 5 11 11 4 2 4 5 11 3 4 4 11 4 5 5
ppo_x50_b_fd_l4,4,qv18_12,18,149,True,687.0,2.976620674133301,8 8 10 10 8 8 10 10 8 8 9 5 10 10 8 8 11 2 9 10 7 8 8 0 9 10 8 8 11 5 10 10 7 8 8 11 5 11 5 10 7 7 10 8 8 10 2 10 9 8 8 11 5 11 11 5 4 4 4 5 4 4 4 4 4 4 11 11 5 4 5 11 2 10 10 7 8 8 9 5 10 8 10 10 8 7 8 10 10 8 7 7 7 8 11 4 2 11 11 5 5 11 5 11 9 5 4 4 4 5 10 2 6 7 10 10 8 7 7 7 8 7 7 7 7 7 10 8 11 5 7 10 2 11 11 4 5 5 9 8 11 5 4 4 4 11 11 5 5 11 5 10 10 2 8 9 5 7 10 10 7 7 8 5 10 8 10 7 7 8 11 11 5 2 11 9 5 5 11 11 5 5 4 4 4 4 4 4 1 3 11 5 4 0 10 9 8 8 10 2 9 10 7 8 7 8 11 4 5 10 10 7 7 5 7 11 5 5 10 10 7 8 7 7 7 7 7 8 11 11 5 2 9 11 4 1 3 4 5 4 4 4 5 4 11 5 10 8 11 11 4 4 4 5 5 0 9 8 10 10 2 8 9 5 10 7 7 7 10 8 8 10 7 7 7 10 7 2 8 9 5 10 10 2 6 8 10 10 2 8 9 5 11 11 5 5 10 8 11 11 2 4 5 4 11 11 5 5 11 4 3 5 11 5 4 10 11 4 4 4 5 5 0 10 7 8 7 6 10 7 8 7 7 7 11 10 7 2 8 10 9 8 7 7 7 8 11 2 11 11 4 4 5 4 5 11 4 11 4 5 5 4 11 5 9 10 8 8 11 5 4 11 11 5 5 10 7 7 8 7 7 11 10 7 8 5 10 10 8 2 7 9 8 7 1 11 11 5 5 10 8 11 11 5 5 11 4 11 3 5 5 11 2 11 4 4 9 5 5 10 7 8 11 2 4 3 10 10 2 8 7 7 7 9 7 8 11 5 10 10 8 8 10 7 10 7 2 8 9 5 10 10 8 8 7 10 8 7 11 11 5 4 4 4 5 4 4 1 3 4 4 11 5 11 5 7 0 7 7 7 9 8 10 7 8 4 10 10 8 2 10 8 10 9 8 8 4 4 4 4 1 11 3 4 4 4 11 4 5 5 7 0 9 8 10 7 8 7 7 11 11 2 5 11 5 11 11 4 5 5 3 11 4 11 5 2 10 8 10 9 8 7 8 11 5 10 10 8 8 7 10 10 8 8 7 7 7 10 7 8 11 4 1 5 11 11 4 5 5 3 4 4 11 5 10 10 2 8 9 5 11 11 5 2 9 8 4 4 4 10 10 0 8 6 7 7 8 7 7 10 7 8 11 4 4 11 2 5 9 8 11 11 5 4 5 0 9 5 10 8 7 10 10 7 8 8 11 2 9 5 10 10 0 6 7 8 8 10 7 7 8 1 9 11 5 5 11 5 4 0 9 10 8 8 7 10 2 7 7 11 11 5 5 9 5 11 11 2 3 5 11 11 5 5 11 11 4 4 4 4 2 3 5 11 11 2 5
ppo_x50_b_fd_l4,5,qv18_13,18,155,True,730.0,2.111358404159546,8 8 10 9 8 8 10 10 8 8 11 5 10 10 7 8 8 10 10 8 8 11 5 7 10 10 8 8 10 10 8 8 11 5 10 7 10 8 8 10 10 8 8 11 5 7 11 11 2 3 5 4 4 1 11 5 3 11 5 4 11 11 5 5 10 11 2 3 5 4 4 11 2 4 4 10 10 8 8 3 10 7 7 7 8 7 7 10 2 10 9 8 7 8 10 7 7 10 7 8 5 11 5 7 10 2 6 11 11 4 4 5 5 10 2 11 3 4 4 4 5 11 4 5 4 11 4 4 11 5 2 9 5 10 10 7 8 8 10 8 10 0 9 8 8 11 2 9 10 8 8 7 7 7 0 9 10 7 8 5 10 2 6 7 7 11 11 5 4 4 5 11 11 4 1 5 3 4 4 5 10 7 7 8 11 4 5 11 11 2 3 4 5 10 11 5 5 4 11 11 2 5 7 10 8 10 7 9 8 7 0 6 7 8 10 8 7 11 11 5 5 10 2 11 11 5 5 4 11 11 4 5 8 9 4 5 10 8 7 10 7 7 8 10 10 7 8 7 7 7 7 10 8 2 9 5 10 8 7 11 11 5 5 11 11 5 5 4 4 4 4 4 1 4 4 4 4 3 11 5 10 8 0 7 10 9 8 8 7 7 11 11 5 5 10 11 5 5 4 10 10 7 8 5 10 8 0 7 6 7 7 10 10 8 8 10 8 1 11 3 5 11 4 11 2 3 4 5 11 11 5 2 11 3 5 11 4 11 5 5 7 11 2 10 10 8 8 10 8 6 7 11 10 8 7 7 8 10 10 2 6 8 7 7 7 7 10 8 4 10 2 11 3 11 4 5 8 11 5 4 4 4 11 11 5 2 9 8 4 4 11 11 4 5 8 7 7 7 11 2 9 10 8 7 8 11 2 3 10 10 8 8 7 10 10 8 2 6 10 8 11 5 4 4 4 4 4 11 5 4 4 4 11 11 2 5 11 9 5 5 11 2 10 9 7 8 5 7 7 10 8 7 10 0 9 8 8 10 7 7 8 10 8 11 10 7 8 2 9 5 7 10 10 8 8 4 4 1 9 5 4 11 4 4 5 4 4 4 11 11 4 5 8 11 4 5 4 10 10 8 2 9 8 11 5 10 10 2 6 8 7 7 10 8 10 10 8 8 10 8 10 10 8 8 11 5 7 10 10 8 2 6 11 5 11 11 4 4 5 1 3 4 5 11 11 5 2 11 4 5 11 5 3 4 10 10 8 7 8 11 5 10 7 10 8 8 7 7 7 7 11 5 10 8 7 7 0 7 9 8 7 10 10 2 8 9 5 11 11 4 5 4 5 10 8 11 4 4 4 4 4 4 11 5 4 5 10 10 8 2 9 5 7 10 10 8 8 7 10 8 10 7 8 11 11 5 5 10 8 11 11 4 4 5 8 11 4 5 4 4 4 4 11 5 10 2 3 10 8 10 10 8 8 10 8 7 0 10 7 6 8 11 5 11 11 5 5 7 7 7 7 7 10 10 2 6 7 8 10 8 1 4 4 3 11 5 7 10 10 7 8 5 10 10 8 8 11 5 7 11 11 2 5 11 11 5 4 4 9 5 5 11 11 2 3 5 11 11 4 4 5 5 4 4 11 5 10 10 2 8
ppo_x50_b_fd_l4,6,qv18_14,18,154,True,710.0,2.1790473461151123,8 8 10 9 8 8 10 10 8 8 11 5 7 10 10 8 8 10 10 8 8 11 5 11 4 5 7 10 10 7 7 7 8 5 10 10 8 8 11 5 10 7 10 7 8 5 1 9 8 11 5 11 11 2 5 9 5 11 11 5 5 1 9 5 4 11 4 11 5 4 5 10 2 6 10 8 10 8 7 7 7 7 7 10 7 7 10 7 8 8 10 2 9 11 5 5 10 8 11 11 5 4 4 5 11 11 5 2 4 4 4 4 11 4 5 4 4 4 4 10 10 8 8 9 8 7 7 7 7 7 10 8 7 7 10 8 4 11 11 4 5 5 11 11 5 2 9 5 7 10 7 7 7 0 6 8 7 10 8 10 2 6 7 11 11 5 4 5 11 11 5 5 4 11 2 11 9 5 4 5 11 4 4 4 4 4 5 10 10 8 2 10 10 8 8 10 8 7 6 7 7 7 0 6 7 10 8 7 11 11 2 5 11 9 4 5 8 11 4 11 5 4 5 11 11 5 5 0 10 7 6 8 7 10 10 2 8 11 5 11 9 5 5 11 4 4 11 5 5 11 11 5 4 5 10 2 10 6 10 7 8 8 10 10 8 8 11 2 10 10 8 8 7 6 7 10 8 11 5 10 10 8 7 8 4 11 5 7 10 10 7 2 8 9 5 7 11 11 5 4 4 4 4 5 4 1 4 9 5 11 11 4 4 5 2 6 11 5 10 11 4 2 5 3 10 8 10 10 7 8 8 10 7 10 2 7 8 9 5 10 10 8 8 11 2 9 5 10 10 2 6 7 7 7 8 7 10 10 2 8 9 5 11 11 2 5 11 11 3 4 5 5 4 4 11 5 4 10 10 8 8 11 5 11 11 4 5 2 11 9 4 5 8 11 5 4 4 10 10 8 2 10 8 7 6 7 7 0 9 8 7 10 10 2 6 7 7 7 7 8 11 2 11 11 3 4 5 4 4 4 1 3 5 4 4 11 5 10 10 2 8 11 4 5 3 10 10 7 7 8 2 9 5 10 10 8 8 10 8 7 7 7 7 7 10 7 10 2 8 9 5 11 11 5 5 4 11 5 11 11 5 5 4 4 11 5 4 11 5 10 8 11 11 1 3 2 3 4 5 0 9 10 8 8 11 5 11 11 5 5 7 7 10 8 11 10 8 8 10 10 7 8 8 7 7 7 7 7 11 1 5 9 11 5 4 4 4 5 11 5 4 11 11 5 4 5 11 11 2 5 9 8 10 10 7 2 6 7 7 7 8 10 10 8 8 0 9 5 10 8 10 7 10 8 7 8 4 10 10 8 7 8 11 4 5 10 10 2 8 9 8 11 5 4 11 11 5 2 10 9 5 5 11 11 5 4 5 4 10 2 6 7 7 7 10 10 2 8 6 4 11 11 5 5 11 11 4 4 5 4 4 1 4 3 5 11 5 11 11 2 5 9 8 10 10 7 8 8 7 7 0 6 7 7 7 10 7 7 7 7 10 8 8 10 2 11 11 5 3 5 10 2 11 11 5 3 5 11 11 5 5 11 11 4 4 5 4 5 10 7 8 11 5 11 11 5 5 11 2 4 10 10 8 8 7 7 10 10 8 8
ppo_x50_b_fd_l4,7,qv18_15,18,156,True,722.0,2.1550567150115967,8 8 10 9 8 8 10 10 8 8 11 5 10 10 7 8 8 10 10 7 8 5 10 10 8 8 11 5 10 10 2 8 7 7 7 7 9 11 5 5 10 8 10 10 7 8 5 4 11 2 11 4 11 4 5 5 3 4 4 4 11 4 5 10 2 10 9 8 8 7 7 10 7 7 7 7 7 8 1 11 9 5 5 11 11 4 5 5 10 8 0 7 9 10 8 2 7 7 6 11 11 5 5 11 5 11 11 4 4 4 1 4 3 5 2 11 3 5 11 5 4 11 11 5 5 7 10 8 0 9 5 10 10 8 7 8 11 5 10 10 8 7 7 7 8 11 11 2 5 11 11 4 5 4 4 4 3 5 10 0 6 7 7 8 11 5 0 9 5 10 10 8 7 8 10 0 9 8 7 7 7 7 8 4 10 2 11 11 3 5 4 4 5 11 4 1 3 5 4 4 4 11 11 5 5 7 7 7 11 2 10 9 8 8 10 2 10 6 10 8 8 10 2 10 10 6 8 8 10 7 10 7 8 8 10 2 6 11 11 5 5 11 11 5 2 9 5 11 11 2 3 4 4 4 5 11 4 11 4 5 4 2 9 10 8 8 11 5 11 5 4 10 10 7 7 7 7 2 8 6 7 7 0 6 7 10 8 10 10 2 8 3 11 5 7 10 10 8 8 10 2 6 11 5 4 4 11 11 2 3 5 4 4 11 2 4 4 3 4 4 4 11 4 5 10 10 8 8 10 10 8 2 9 10 7 8 8 11 5 11 2 9 7 10 8 8 0 10 8 9 10 8 8 10 7 8 10 2 6 11 11 4 4 5 4 5 10 2 10 9 8 8 11 5 4 4 11 4 4 4 10 8 8 0 9 8 7 10 10 8 8 10 7 10 8 2 10 7 8 10 9 8 8 4 11 5 11 5 4 4 4 4 4 4 4 11 11 5 4 4 5 0 10 6 10 8 7 8 10 10 8 7 8 11 4 5 10 10 7 2 6 8 11 5 10 10 0 6 8 8 10 2 10 10 8 7 8 9 5 4 4 11 4 1 9 5 8 11 4 5 11 4 5 4 4 11 11 2 5 9 8 11 11 4 5 5 10 8 10 7 7 7 10 7 8 5 7 10 7 7 8 10 10 7 8 8 7 7 11 2 11 11 5 3 5 4 4 1 9 8 11 4 5 7 11 11 5 5 11 11 2 5 11 5 11 3 5 11 4 11 4 5 2 9 8 7 10 7 7 10 7 8 8 11 5 10 7 10 8 2 9 8 10 10 7 8 7 8 4 4 11 2 11 5 9 11 5 4 4 5 4 11 11 4 5 5 10 8 7 10 2 10 10 7 7 7 8 7 8 10 6 10 7 8 7 7 8 11 2 6 11 11 4 5 5 10 11 2 3 5 4 4 4 11 5 11 2 10 6 8 10 10 8 7 7 7 8 10 2 7 6 11 11 5 5 11 11 5 2 9 8 7 11 11 5 4 4 4 4 11 2 3 4 4 4 5 11 11 4 5 5 11 2 10 9 8 8 11 5 10 10 8 8 10 10 2 8 6 10 10 7 8 8 11 5 10 10 8 8 10 10 7 8 8 7 10 7 7 8 11 11 2 5 11 11 3 5 5 11 11 2 5
ppo_x50_b_fd_l4,8,qv18_16,18,157,True,732.0,2.0990519523620605,8 8 10 10 8 8 10 10 8 8 9 5 10 10 8 8 10 10 8 8 11 5 4 11 5 10 10 7 8 8 11 5 10 10 7 8 8 10 11 5 2 11 5 10 10 7 7 8 8 9 5 10 10 8 8 4 1 9 8 11 11 5 5 11 11 5 4 4 5 4 4 11 11 4 5 5 11 11 2 5 9 8 10 10 8 8 7 7 10 8 7 7 7 7 7 7 10 10 8 8 11 5 4 11 11 2 5 4 3 4 4 10 8 11 5 4 4 4 4 11 11 5 2 9 8 4 10 10 8 8 10 2 6 10 10 7 7 7 7 8 8 10 2 9 10 8 4 5 10 8 7 7 7 7 7 11 11 1 5 5 11 9 5 5 11 11 5 4 5 11 11 2 3 5 7 7 10 7 8 11 5 7 7 7 11 11 2 5 3 4 11 5 11 5 11 11 4 5 2 6 11 5 11 11 5 2 10 8 10 10 8 8 6 7 7 7 7 10 7 8 7 7 10 10 2 8 9 5 11 11 4 4 1 3 4 5 5 11 11 5 5 4 4 4 4 11 5 4 10 2 9 10 8 8 10 7 7 7 8 10 8 7 7 0 9 8 10 10 8 2 9 8 4 4 11 11 4 5 8 11 4 4 4 5 11 4 11 5 5 11 2 11 9 5 5 7 7 7 10 7 7 7 7 8 11 1 4 5 3 4 4 4 4 11 5 10 10 8 2 9 5 10 10 0 6 7 8 8 10 7 7 2 7 7 9 8 7 7 7 10 10 2 8 6 11 5 4 11 11 4 5 5 11 11 5 5 11 2 11 4 9 5 5 10 8 11 4 4 4 1 4 3 5 7 10 7 7 10 8 8 10 0 7 6 7 8 7 7 11 11 5 4 5 4 10 2 10 9 8 8 1 9 5 11 11 2 3 5 0 10 7 7 9 8 7 7 8 7 10 2 7 6 11 11 5 2 4 9 4 4 5 10 10 8 8 11 5 11 11 5 5 11 4 4 1 9 5 5 11 5 11 11 4 5 8 11 11 5 5 0 9 8 10 10 2 6 8 11 5 10 7 10 8 7 7 7 7 7 7 7 8 10 10 2 8 9 5 7 10 10 8 2 11 5 4 4 9 11 5 4 5 11 4 4 4 4 4 4 4 5 10 0 10 7 6 8 8 10 8 7 7 10 2 6 10 8 7 7 10 10 2 8 11 5 11 11 5 5 11 4 4 5 11 9 4 5 5 11 5 0 10 9 8 8 11 5 10 0 9 8 5 7 10 10 8 8 7 10 7 8 10 10 2 8 6 4 4 11 11 2 3 4 5 11 4 5 10 11 4 5 5 10 8 11 11 4 5 5 11 11 4 4 5 5 10 8 7 7 11 2 10 9 8 8 7 7 7 10 8 10 10 8 8 7 10 7 8 10 8 1 11 3 11 5 5 4 11 5 4 4 4 4 11 11 1 3 4 4 5 5 10 8 11 11 2 5 10 8 9 10 8 7 8 10 8 7 10 10 8 7 7 7 8 7 11 2 11 11 5 3 5 4 11 2 10 9 8 8 7 7 7 10 8 7 10 10 8 8 10 2 11 11 5 4 4 9 5 5 11 11 2 5 11 11 4 4 5 4 4 3 5 11 11 5 4 5 11 2 10 10 8 8
ppo_x50_b_fd_l4,9,qv18_17,18,156,True,724.0,2.144784927368164,8 8 9 10 8 8 10 10 8 8 11 5 10 10 7 7 7 8 8 10 0 10 8 8 9 5 10 10 8 8 10 10 8 8 11 5 11 10 7 2 8 9 5 7 7 11 11 5 5 11 4 4 5 4 4 4 1 9 11 4 5 8 4 11 4 4 11 5 5 10 8 11 11 5 2 9 8 10 10 2 6 8 11 10 7 8 2 10 10 7 8 8 10 7 9 8 8 10 7 10 8 7 8 10 2 7 10 8 9 11 5 5 4 4 4 4 4 4 4 4 11 4 5 10 10 8 2 7 10 10 8 8 10 10 7 8 5 10 7 9 8 8 7 11 2 11 9 5 5 10 7 8 10 8 11 11 5 5 11 11 5 4 5 7 11 2 11 9 5 5 4 4 1 9 5 4 4 4 11 11 2 3 5 11 11 5 2 9 8 10 7 7 7 7 10 8 7 8 10 10 7 8 8 7 10 10 7 2 6 8 4 11 5 7 11 11 5 5 4 4 4 1 9 5 4 4 10 10 8 2 10 10 8 8 9 8 10 7 7 11 1 3 4 5 5 11 11 4 4 4 5 2 9 5 7 10 8 7 10 7 7 10 8 2 10 8 9 10 7 8 2 7 7 6 11 11 2 5 4 9 4 4 5 10 7 8 11 11 5 5 4 4 4 4 11 4 4 4 11 5 5 10 2 7 10 8 11 9 5 5 11 2 4 3 10 10 2 8 7 6 7 7 0 9 8 7 10 7 8 10 10 7 2 6 7 8 4 4 4 4 10 2 11 9 5 5 11 2 11 4 9 5 5 7 7 7 7 7 10 8 7 7 7 7 11 11 1 5 3 5 11 4 5 7 11 11 5 2 6 4 11 4 5 4 11 4 4 4 4 4 5 10 10 8 2 10 10 6 8 8 11 2 10 9 7 8 5 7 10 8 7 7 10 8 11 5 1 11 11 4 3 5 8 11 4 11 5 2 9 8 1 3 4 4 11 5 10 10 8 2 3 11 5 10 10 7 7 7 8 8 11 5 10 10 7 8 8 7 0 6 10 8 11 5 10 10 7 7 2 8 7 10 8 9 10 8 4 5 11 11 5 5 11 5 11 4 4 5 11 11 4 5 8 11 5 11 11 4 2 5 9 8 11 4 5 10 10 8 2 10 9 8 8 10 7 10 2 6 8 11 5 10 7 7 10 7 7 7 8 8 11 5 10 10 2 8 10 9 8 8 4 11 5 4 11 5 10 8 11 5 4 4 1 4 9 5 11 11 4 5 2 6 11 5 11 2 3 4 4 4 10 10 8 2 9 8 10 7 8 10 10 8 7 7 7 7 7 10 8 7 7 8 10 8 11 11 5 5 1 9 8 11 11 5 5 11 4 11 5 5 10 2 10 8 11 4 9 5 4 5 1 3 4 11 5 10 8 11 2 10 9 8 8 11 5 4 4 0 10 10 8 8 6 7 7 7 10 7 10 7 7 8 5 10 2 6 7 7 11 11 5 2 11 9 5 4 5 11 4 5 0 9 10 8 8 10 2 7 6 11 11 5 5 11 11 4 5 5 10 8 11 11 4 5 5 11 2 11 9 5 4 4 4 5 11 2 3 10 10 8 8 10 10 7 2 7 6 8 11 2 10 10 8 8
ppo_x50_b_fd_l4,10,qv18_18,18,158,True,736.0,2.0582900047302246,8 8 9 10 8 8 10 10 8 8 11 5 10 10 7 8 8 10 0 10 8 8 9 5 10 10 8 8 10 10 8 8 1 11 5 4 3 11 5 4 4 11 4 11 5 2 3 10 8 10 10 7 7 8 8 10 2 7 11 9 5 5 10 2 10 10 7 6 8 8 10 10 8 8 10 2 10 9 8 8 1 11 4 5 4 11 5 11 4 3 4 5 10 8 11 5 4 4 11 4 11 2 5 9 8 4 4 4 10 0 10 8 8 6 7 7 10 8 7 7 7 7 0 6 7 7 11 10 8 8 11 2 10 3 10 8 8 4 11 5 11 4 4 11 2 5 9 8 11 11 5 5 4 11 2 3 11 10 8 7 7 7 8 10 10 7 8 5 10 7 7 8 11 11 2 5 9 8 4 1 3 4 4 4 11 5 11 11 4 4 5 2 7 9 8 7 7 10 8 7 10 10 7 7 2 8 9 10 8 8 11 5 4 11 4 4 4 8 4 4 4 4 4 4 4 4 11 11 2 5 9 8 7 10 10 0 6 8 8 7 10 7 7 7 8 4 10 2 11 11 5 3 5 11 11 5 5 11 2 7 11 11 4 5 8 9 5 4 11 11 5 5 7 10 7 7 8 0 9 10 8 7 7 8 10 2 7 6 7 7 7 7 7 11 11 5 2 11 5 9 11 5 5 4 11 5 11 4 5 4 11 5 4 4 11 5 11 11 5 2 9 5 10 8 10 10 7 2 8 10 10 8 6 8 11 10 8 7 7 8 10 7 7 7 7 8 11 11 5 4 5 11 5 10 7 10 2 8 11 5 11 4 5 4 3 4 4 11 5 10 10 8 8 10 0 7 8 9 10 8 4 5 10 7 7 8 11 5 10 7 8 10 10 2 8 6 11 11 4 4 5 2 4 4 4 4 3 4 11 5 4 11 11 2 5 11 5 4 3 7 7 7 10 8 10 10 2 8 9 8 10 10 7 8 8 10 2 10 10 8 8 7 9 7 8 11 11 2 5 9 8 11 11 5 5 11 5 4 4 10 11 5 5 10 8 4 4 10 11 4 5 2 9 8 4 4 4 4 4 10 10 0 8 8 9 8 10 7 10 2 6 7 8 10 0 9 8 5 10 7 7 7 8 10 10 7 8 2 6 11 5 4 11 4 11 4 5 5 4 4 4 4 10 2 9 8 11 11 5 5 10 2 10 8 9 10 8 8 10 10 8 7 8 1 9 5 11 5 4 4 11 4 10 8 2 9 8 10 10 2 8 9 10 8 8 10 7 7 11 5 5 10 8 10 10 8 8 7 10 2 6 11 4 4 5 11 11 4 5 4 5 11 11 4 4 4 5 5 11 5 10 10 2 8 3 11 5 7 7 10 8 7 10 7 8 7 7 10 7 7 10 8 2 9 8 11 4 4 4 4 11 4 5 4 4 4 5 11 11 4 5 4 5 10 2 3 7 7 7 10 0 6 7 8 7 7 7 11 11 5 2 11 11 3 4 5 5 4 11 4 11 5 5 7 11 2 10 9 5 5 10 10 8 8 0 10 6 10 8 8 11 5 10 10 8 8 10 10 8 8 10 10 8 7 8 10 10 8 2 6 10 10 8 8 10 2 11 11 5 4 4 4 4 9 5 4 4 4 4 4 4 5 11 11 2 5
ppo_x50_b_fd_l4,11,qv18_19,18,151,True,683.0,2.0274429321289062,8 8 9 10 8 8 10 10 8 8 11 5 10 10 7 8 8 11 5 10 10 2 8 10 9 8 8 10 10 8 8 1 9 5 11 11 2 5 9 5 4 10 11 4 5 5 4 11 11 5 5 7 11 2 10 10 8 7 8 9 8 10 10 7 8 8 10 2 10 10 8 8 10 10 8 8 9 10 8 8 11 5 10 10 7 8 8 10 2 11 9 5 5 11 2 9 11 4 5 5 4 4 11 4 4 4 4 11 5 5 11 11 2 5 3 10 8 7 7 10 10 7 8 8 7 7 7 7 0 9 8 4 11 10 7 8 8 11 5 10 10 7 8 8 4 10 2 9 8 11 11 5 4 4 4 5 4 10 2 9 10 8 8 1 11 5 11 9 4 5 5 7 11 11 5 5 0 10 8 10 10 8 7 8 9 10 8 7 7 8 7 1 9 11 5 5 4 4 10 11 5 5 11 11 2 5 10 8 7 6 7 7 11 11 5 4 4 4 4 5 10 11 5 4 5 11 11 4 5 4 4 5 7 11 5 0 9 5 10 10 8 8 7 11 5 10 10 8 7 7 8 10 10 7 8 2 10 7 8 6 11 11 5 5 4 11 11 2 3 5 4 0 10 7 8 7 6 10 7 0 9 8 8 7 10 2 7 6 11 11 5 4 4 5 4 10 2 9 8 11 11 5 4 1 3 5 11 2 3 4 11 5 4 11 11 5 4 5 10 10 8 7 8 11 4 5 4 10 10 8 2 10 7 6 10 8 7 8 7 11 5 10 10 8 8 10 8 7 7 10 10 8 2 9 8 4 4 4 4 1 3 4 11 0 9 5 5 11 4 2 4 9 11 5 5 11 5 4 10 2 10 10 8 8 9 8 4 11 5 10 10 7 7 0 8 8 7 7 10 6 10 8 8 11 5 11 10 2 7 7 8 9 5 11 5 7 7 10 10 8 7 8 11 11 2 5 9 8 4 11 5 11 11 4 2 5 9 11 4 5 5 10 8 11 2 3 4 4 4 11 4 5 4 4 10 10 8 2 7 9 8 10 7 0 7 7 7 9 8 8 7 11 2 11 11 4 5 8 11 5 4 11 5 10 10 8 8 10 9 8 7 7 8 7 7 7 7 10 8 4 10 2 9 8 11 11 4 5 5 1 3 4 4 4 4 11 5 4 4 4 11 5 1 9 10 8 8 10 8 10 10 7 8 5 10 10 7 8 5 10 2 11 9 5 5 11 2 11 11 5 4 3 4 5 7 10 8 11 4 11 5 5 7 10 8 11 11 2 5 11 5 3 10 10 8 7 7 7 8 10 7 7 10 8 8 10 10 7 8 7 8 11 1 5 9 5 4 11 1 5 3 4 4 4 4 11 5 11 4 5 10 10 0 6 7 8 8 11 4 5 10 10 7 7 7 7 8 8 11 5 4 11 5 7 10 10 7 8 8 10 10 7 8 8 10 8 1 11 9 5 5 11 5 10 10 8 8 10 10 8 8 11 11 4 4 4 4 5 5 11 11 4 4 5 5 11 11 4 2 4 4 4 5
ppo_x50_b_fd_l4,12,qv18_2,18,153,True,699.0,3.5447120666503906,8 8 10 10 8 8 10 10 8 8 9 5 10 10 8 8 10 10 8 8 11 5 10 7 10 8 8 10 10 8 8 1 9 5 4 11 5 11 11 5 2 9 5 10 10 7 7 7 7 8 5 10 2 10 10 8 8 10 9 8 8 11 4 4 4 5 11 11 5 2 3 4 10 8 7 7 10 10 8 2 9 5 7 10 10 8 8 4 4 1 9 5 4 4 11 11 4 5 4 5 11 11 5 4 4 5 4 11 5 10 2 10 9 7 8 8 4 10 10 8 8 11 5 7 7 7 7 7 7 10 8 1 11 11 5 5 11 11 5 3 4 4 5 11 4 5 4 10 10 8 2 9 10 7 8 8 10 10 2 8 3 7 10 8 7 7 7 7 7 7 11 11 1 4 3 5 4 4 4 1 11 5 3 5 4 4 11 11 2 3 5 10 8 10 10 7 7 7 8 5 10 8 10 7 8 10 10 8 8 7 10 2 9 8 11 11 5 5 11 4 5 1 11 11 5 5 11 4 4 5 3 11 5 10 10 7 8 8 10 8 7 10 8 10 10 8 8 10 2 10 10 8 7 7 6 8 1 11 9 5 8 4 4 4 4 4 4 4 1 11 9 5 4 5 11 2 4 3 4 10 10 8 7 7 8 0 7 9 8 10 8 7 7 7 7 10 8 10 10 2 8 4 3 4 11 5 4 4 11 5 4 11 11 5 5 11 2 3 10 10 8 7 8 10 10 8 8 10 10 8 7 8 0 9 10 7 8 2 6 7 11 11 2 5 9 5 4 10 11 5 5 4 10 10 2 8 9 8 11 5 7 7 11 11 5 5 10 8 11 11 4 5 4 5 11 4 4 4 5 11 11 4 5 2 3 10 8 7 10 10 2 6 7 8 7 7 10 8 11 5 10 10 8 8 7 10 8 10 10 8 7 8 10 2 3 11 11 5 4 4 5 4 4 4 11 5 11 4 11 2 3 5 11 11 4 4 4 5 2 9 8 10 7 8 10 7 8 1 9 10 8 7 8 11 5 10 7 10 8 8 4 10 8 7 7 7 10 10 7 8 7 8 11 2 11 11 5 5 11 5 4 11 11 5 5 9 11 5 4 5 7 11 2 3 4 11 5 4 11 11 4 5 5 10 8 0 11 9 5 5 10 8 10 7 8 7 7 7 7 7 10 8 4 10 10 8 8 10 10 8 8 10 8 11 1 3 5 11 11 4 4 4 5 1 5 9 11 5 4 5 7 11 2 10 9 8 8 7 7 10 2 3 10 8 7 10 8 10 10 7 8 7 7 8 10 2 9 11 5 5 4 4 4 4 4 4 4 1 9 5 10 10 8 8 11 5 4 4 4 11 11 5 4 4 5 11 2 9 10 7 8 8 11 5 10 10 0 6 7 7 8 8 7 7 11 2 10 9 8 8 10 7 8 10 10 2 6 8 10 2 7 6 11 11 5 2 3 4 4 11 5 11 4 11 5 4 5 7 10 8 4 11 11 5 4 4 5 4 11 2 4 4 10 10 8 8 9 8 10 10 8 7 7 7 7 7 7 7 8 10 2 11 11 5 5 11 11 5 5
ppo_x50_b_fd_l4,13,qv18_20,18,155,True,722.0,2.0459532737731934,8 8 9 10 8 8 10 10 8 8 11 5 10 10 7 8 8 11 5 10 10 7 8 8 10 10 8 8 11 5 10 10 7 8 8 10 10 8 8 11 5 11 11 2 5 4 9 4 5 4 4 4 0 9 11 5 5 4 11 11 4 5 5 0 9 8 10 8 10 10 7 7 7 7 8 8 7 0 6 7 7 10 8 10 10 7 8 5 11 2 9 5 4 4 4 11 11 4 5 2 9 8 11 11 5 5 7 10 7 8 11 5 4 11 11 4 5 2 3 10 8 7 7 7 7 10 10 7 7 8 7 8 10 2 11 9 5 5 10 8 11 4 11 5 5 4 4 4 4 4 11 11 4 4 5 2 9 8 4 4 11 11 5 5 7 7 7 7 7 7 11 5 10 10 8 7 7 7 8 7 10 8 10 10 8 2 6 4 4 11 5 7 11 11 5 5 11 11 5 2 4 11 4 4 4 3 5 4 11 5 4 10 10 0 6 8 7 8 10 10 2 8 9 5 7 10 7 7 10 7 8 2 7 10 10 8 8 7 6 11 11 2 3 4 4 4 4 4 4 5 10 8 0 10 6 8 7 11 2 11 9 5 5 10 7 7 7 7 8 7 11 2 11 11 5 3 4 5 4 11 4 11 5 4 4 4 4 4 4 4 5 10 2 10 10 7 6 8 7 8 10 2 9 8 7 1 11 11 4 5 8 9 5 11 4 4 4 5 7 10 8 10 10 8 2 9 8 11 10 8 8 7 10 10 8 7 8 11 5 10 10 8 8 10 10 7 2 8 6 11 5 11 4 4 5 11 11 5 5 4 11 11 5 4 4 4 5 11 2 3 10 7 7 10 2 7 8 9 5 11 5 11 11 5 5 10 7 7 8 7 10 8 10 10 8 7 7 0 7 9 8 8 4 4 11 5 10 10 7 7 7 8 7 8 11 11 5 5 7 1 9 11 5 5 10 8 11 1 9 8 5 4 11 5 11 11 5 4 4 4 5 11 4 11 5 2 9 11 4 5 5 10 8 11 2 3 10 10 8 7 8 10 10 8 8 7 7 10 8 7 7 10 10 2 8 7 7 7 6 11 11 2 5 3 11 4 4 5 11 2 9 10 7 5 8 1 3 11 4 5 4 10 10 8 8 11 5 11 11 4 5 2 9 8 11 1 9 5 4 4 5 10 8 10 2 6 7 7 7 10 8 7 7 7 7 7 7 11 10 7 8 5 11 5 11 11 4 4 5 8 1 9 5 10 8 7 11 11 4 5 4 5 10 7 8 11 11 5 2 4 4 4 4 9 5 10 8 7 11 11 5 4 5 11 11 5 5 11 11 2 5 9 8 10 7 8 4 10 10 8 7 8 10 8 0 6 7 7 0 9 8 7 10 7 0 9 8 7 7 8 10 2 11 11 5 5 9 11 4 5 5 1 9 5 11 11 5 5 11 11 5 4 5 11 5 10 7 7 7 8 7 10 8 11 11 5 5 4 11 11 4 5 8 11 5 11 4 11 5 2 9 8 4 4 10 10 8 7 8 10 7 8 11 5 4 4 10 10 8 8 7 11 11 5 2 10 10 6 8 7 7 8 7 7 7 11 5 10 10 8 8 11 2 10 10 8 6 8 10 10 2 8
ppo_x50_b_fd_l4,14,qv18_21,18,155,True,727.0,2.286348581314087,8 8 10 9 8 8 10 10 8 8 11 5 10 10 7 8 8 10 10 8 8 11 5 10 10 8 7 7 10 8 8 10 0 9 8 8 10 2 7 6 11 11 5 2 3 4 4 4 1 11 9 5 5 10 2 6 11 4 4 5 11 11 5 2 4 3 4 11 11 4 5 8 10 2 3 10 7 8 10 10 8 0 6 7 7 8 11 4 5 10 10 7 2 7 8 3 10 8 11 10 2 8 10 10 8 8 10 9 8 8 11 2 4 4 4 10 9 5 5 4 4 4 4 4 11 5 7 10 10 8 7 7 7 8 7 11 2 3 4 4 4 11 1 3 4 4 5 11 2 11 9 5 5 7 0 9 7 8 10 7 7 7 11 5 5 10 8 10 10 7 7 7 8 7 7 7 8 11 11 5 5 10 8 7 7 11 11 5 4 4 4 5 4 11 2 10 10 8 8 10 9 8 7 8 10 2 6 11 11 5 4 1 4 5 9 4 4 4 5 0 10 10 6 8 8 7 7 10 8 11 5 10 2 11 3 11 5 5 4 4 11 2 9 11 4 5 5 11 4 4 5 1 3 10 7 10 8 8 7 10 7 7 10 8 2 10 8 6 7 7 10 10 8 7 7 8 1 10 9 5 5 11 5 4 4 4 10 8 10 8 11 11 4 5 4 4 5 11 5 11 11 4 5 8 11 11 5 2 9 8 4 10 10 8 2 9 5 10 10 8 7 7 7 7 8 11 11 5 5 0 10 8 7 6 0 10 7 8 10 10 7 8 8 9 5 4 11 4 11 5 5 11 11 5 4 5 4 1 3 4 4 10 8 11 11 5 5 10 8 4 4 4 4 10 10 8 8 11 2 9 10 7 8 5 10 7 7 0 9 8 8 10 10 8 8 10 2 9 8 11 11 4 5 8 7 7 7 7 7 7 11 2 11 9 5 5 11 2 11 3 4 4 11 4 5 5 11 5 11 4 11 5 5 11 2 9 5 10 10 8 7 8 11 10 8 0 8 6 7 7 7 7 0 7 10 8 9 5 7 7 7 11 11 1 5 5 9 5 11 4 1 9 5 5 10 8 4 4 11 4 1 9 5 5 11 4 4 5 11 11 5 2 3 10 10 2 7 7 7 8 9 5 10 10 8 8 1 11 5 9 11 5 5 11 2 3 10 10 8 8 10 10 7 8 8 11 5 10 10 7 7 8 8 10 8 11 4 4 5 10 10 8 8 4 10 2 10 8 10 10 6 8 8 10 10 2 8 6 11 5 4 11 5 4 11 11 4 5 2 4 4 9 5 4 4 4 11 5 11 11 2 5 3 7 7 10 8 10 10 2 6 7 7 8 10 10 7 8 5 1 9 5 11 11 5 5 0 10 8 7 10 10 8 7 7 6 8 10 10 7 8 5 11 2 9 5 7 11 11 1 3 5 4 5 4 11 4 5 4 1 9 11 5 5 11 2 3 4 4 11 11 5 2 3 10 7 8 10 10 8 7 7 7 8 11 1 3 4 5 4 4 11 2 4 3 10 10 8 8 10 10 7 7 8 8 10 7 8 7 7 7 7 11 10 8 8 11 10 8 8 7 11 11 2 5 11 11 5 5 11 11 5 3 4 4 5 10 2 9 10 8 8 11 11 4 5 5
ppo_x50_b_fd_l4,15,qv18_22,18,155,True,712.0,2.0468533039093018,8 8 9 10 8 8 10 10 8 8 11 5 7 10 10 8 8 10 10 7 8 5 10 7 7 10 8 8 10 10 8 8 11 5 7 10 10 8 8 10 11 2 5 6 11 5 11 11 4 1 3 5 5 7 11 11 4 5 5 0 9 8 10 8 11 4 11 4 5 5 4 11 5 11 11 4 2 5 9 8 11 11 5 5 11 2 10 9 8 7 7 7 7 8 10 10 8 8 7 0 10 9 8 5 10 8 10 10 7 8 5 10 8 1 3 4 4 11 4 5 11 11 5 4 5 4 11 11 5 2 3 10 8 10 10 7 2 6 8 11 4 5 4 4 4 11 5 10 8 10 10 8 8 7 7 7 7 7 10 8 11 5 10 10 7 8 8 10 10 7 8 7 8 10 2 9 11 5 5 11 4 5 4 4 4 4 11 4 4 5 11 11 2 5 9 8 10 10 8 2 7 7 10 9 8 8 10 2 7 10 10 8 6 7 7 8 11 2 11 11 5 5 4 4 9 5 4 4 11 5 4 4 4 4 11 5 11 11 2 3 5 7 7 0 9 10 8 8 11 5 7 10 7 7 8 7 10 10 8 8 7 7 10 10 2 8 9 5 11 11 5 2 9 8 7 7 7 11 11 1 5 3 4 4 4 4 5 11 2 9 11 5 4 5 11 4 11 5 5 11 11 2 5 3 10 8 10 10 8 8 11 5 7 11 11 5 5 10 8 10 10 7 2 8 7 9 10 8 7 8 11 5 7 10 10 8 8 7 1 3 11 4 5 11 11 2 5 3 11 5 7 7 7 11 10 7 8 8 10 0 9 8 7 8 11 2 10 10 7 8 5 6 11 5 11 11 4 4 5 8 1 9 5 4 11 1 4 5 3 4 4 11 4 5 4 4 10 10 2 6 8 10 8 10 10 7 7 8 2 9 8 10 10 2 8 9 5 10 7 10 8 8 7 11 5 10 10 8 2 7 10 8 6 11 11 4 5 4 4 5 11 11 2 5 6 11 11 5 4 4 5 10 2 10 10 8 8 7 10 6 7 8 10 10 8 2 4 9 4 5 11 4 4 4 4 11 2 3 5 7 10 7 8 10 10 8 8 10 2 3 10 7 8 10 8 7 7 7 11 11 2 5 4 3 4 1 9 5 7 11 5 4 4 4 11 11 5 5 11 4 11 5 4 5 10 2 9 7 8 7 10 10 8 8 7 1 3 11 11 4 4 4 5 2 9 4 5 10 8 4 10 10 8 8 11 4 5 10 10 8 8 7 10 7 7 8 10 10 8 8 10 10 2 7 6 7 7 8 10 2 9 8 7 11 11 5 5 4 4 4 1 11 9 5 8 4 11 5 4 4 11 11 4 5 5 4 11 11 5 2 9 7 8 10 10 8 8 10 8 10 10 8 2 9 5 10 10 0 6 7 7 7 8 8 11 5 10 10 7 8 8 7 10 8 11 11 2 5 11 9 4 5 8 4 4 4 10 2 11 11 5 5 4 4 4 11 4 4 4 5 4 10 10 8 6 8 0 9 5 10 10 8 8 10 10 7 7 8 8 10 10 7 8 8 11 5 10 10 7 8 8 11 5 10 10 2 6 8 10 10 2 8
ppo_x50_b_fd_l4,16,qv18_23,18,156,True,743.0,2.6500062942504883,8 8 10 9 8 8 10 10 8 8 11 5 10 10 7 8 8 10 0 10 8 8 9 5 10 10 8 0 8 10 9 8 8 10 2 9 10 8 8 11 4 4 5 10 2 6 11 11 4 4 5 4 11 5 5 11 11 2 5 9 8 7 7 10 7 7 10 2 8 9 5 0 9 10 2 8 6 7 7 7 7 11 1 3 11 5 2 9 5 4 4 4 0 9 11 5 5 4 4 11 11 5 4 5 4 11 11 5 5 7 7 11 2 9 5 10 10 8 7 7 7 8 11 11 5 5 7 10 10 7 8 2 6 7 7 10 8 1 11 4 9 5 4 5 4 11 11 5 5 10 8 10 11 5 2 3 4 4 11 11 5 2 3 7 10 7 10 7 8 7 7 7 8 10 2 9 8 11 10 8 8 7 7 7 7 11 11 2 5 11 4 11 5 5 3 11 5 4 10 10 8 8 4 11 5 4 11 5 7 11 11 5 4 5 11 4 11 5 2 9 8 10 10 7 7 8 7 7 8 7 10 7 8 11 2 3 10 8 7 7 7 7 10 10 2 8 4 9 5 11 11 4 4 4 5 4 5 4 10 7 7 7 7 8 4 10 11 1 3 5 4 5 10 11 5 5 11 5 4 4 4 11 5 10 10 8 8 11 2 11 5 7 10 10 7 8 8 7 9 10 8 7 7 7 8 10 7 8 11 11 2 5 9 8 11 1 9 5 4 4 4 5 10 8 11 4 11 5 5 0 7 9 10 8 2 6 7 7 7 10 8 7 11 11 5 4 4 4 1 3 5 10 8 11 11 4 5 8 11 11 5 5 11 11 4 4 4 4 5 2 9 8 10 8 7 11 11 5 5 10 8 10 10 8 8 11 5 4 10 10 8 7 8 10 10 8 8 10 7 10 2 6 7 8 10 8 10 8 1 9 11 5 4 4 4 4 4 4 4 4 4 4 5 0 9 5 10 8 7 10 10 8 2 10 8 10 10 7 6 7 7 8 7 8 10 2 10 9 8 8 4 4 4 11 5 10 2 7 6 7 7 7 7 11 11 5 2 9 5 4 11 4 5 4 11 1 9 5 8 11 5 11 4 5 4 1 3 7 7 7 10 0 9 8 7 7 8 10 2 10 9 8 8 11 4 4 1 4 9 5 4 4 4 5 10 2 7 9 8 10 10 8 8 4 11 2 10 11 5 5 4 4 4 4 4 3 10 10 2 8 7 7 9 8 10 0 9 8 5 10 7 8 7 7 7 7 7 7 10 7 8 11 11 5 5 10 8 11 11 4 5 5 4 10 2 11 9 5 5 11 5 4 4 11 4 4 11 5 5 7 10 7 8 11 11 5 5 7 11 2 9 10 8 7 8 10 7 7 10 8 4 5 10 2 9 10 8 7 7 8 11 2 11 11 5 5 11 4 11 4 5 3 5 10 8 11 11 2 5 4 11 9 4 5 8 11 4 5 10 2 6 10 10 8 7 8 10 10 7 7 8 2 3 10 8 7 10 10 2 6 7 8 7 10 2 6 7 11 11 5 4 5 4 4 4 11 5 11 5 4 4 11 11 2 5 11 9 5 4 4 5 11 2 10 10 8 8 10 10 8 8 10 10 7 6 8 7 8 7 7 10 7 8 7 11 11 5 5 11 11 2 5 11 11 4 5 5 10 8 11 11 5 5
ppo_x50_b_fd_l4,17,qv18_24,18,155,True,723.0,6.474700927734375,8 8 10 10 8 8 9 10 8 8 11 5 10 10 7 8 8 10 10 7 8 5 10 10 8 8 11 5 10 10 7 7 8 5 10 2 9 10 8 8 11 4 5 4 4 11 5 10 10 8 2 3 11 5 4 4 4 4 4 4 11 11 2 5 10 8 7 10 10 7 6 8 8 10 0 9 8 8 10 2 7 10 7 6 7 10 7 8 8 11 5 10 10 8 2 9 5 11 11 4 2 3 5 4 11 2 11 9 5 5 11 11 4 5 5 7 7 0 6 7 7 10 10 8 8 11 5 4 4 10 2 11 11 5 4 4 5 4 4 4 4 11 9 5 5 11 2 3 10 10 7 7 7 7 8 8 10 2 3 10 7 8 10 8 10 10 7 7 8 5 10 10 8 8 10 10 8 2 9 5 4 4 11 11 5 2 4 4 3 4 11 11 4 5 8 10 8 4 4 11 11 5 5 1 3 7 10 8 10 7 0 10 8 6 8 10 10 2 6 7 8 11 5 10 10 7 7 2 8 10 9 8 8 11 4 5 10 8 7 11 11 4 5 4 4 11 2 3 5 4 4 4 4 4 11 11 5 4 5 4 10 2 3 10 10 8 8 7 0 9 8 10 10 7 7 0 7 6 7 8 5 10 8 7 7 7 1 11 11 3 5 4 4 5 10 7 8 4 11 2 11 9 5 4 5 11 5 0 7 7 10 8 9 10 8 8 10 8 7 10 2 7 6 11 11 2 5 4 4 9 5 11 11 2 3 5 4 4 11 2 11 11 5 3 5 4 4 11 11 5 2 3 10 8 10 10 7 8 8 11 2 6 10 7 7 8 11 5 10 10 7 8 8 7 11 2 9 5 10 10 8 7 8 7 11 1 4 5 4 4 11 4 3 4 4 4 4 5 4 11 2 3 10 10 7 7 8 8 7 7 7 7 7 10 8 7 7 7 10 8 11 5 11 11 2 5 11 9 4 5 8 11 4 5 4 4 4 11 4 5 11 5 11 4 5 10 10 7 7 7 8 2 9 8 10 10 7 8 8 10 10 8 8 0 9 5 10 10 8 8 7 7 10 8 1 9 8 11 5 11 11 5 4 4 4 5 1 9 11 5 4 11 2 3 5 4 11 11 2 3 5 7 10 8 10 10 8 8 10 2 9 10 8 7 8 11 5 7 10 8 10 10 2 8 10 10 8 6 7 8 11 5 7 11 5 4 4 4 4 11 4 11 5 4 5 7 10 2 7 9 10 8 8 4 11 11 5 4 5 4 11 5 4 4 4 11 11 5 2 9 8 10 10 7 7 8 7 8 4 11 5 10 7 10 8 7 8 7 11 10 8 8 10 2 9 10 8 7 8 7 10 10 8 8 11 5 4 10 11 2 5 11 11 5 3 4 4 5 10 8 11 11 4 5 5 10 8 4 4 4 10 10 8 2 9 10 8 8 7 10 2 7 7 7 10 8 6 7 7 11 11 5 5 11 5 11 11 4 5 5 11 11 5 5 4 11 11 5 2 6 11 11 5 4 4 5 11 2 3 10 10 7 8 8 7 7 7 11 2 9 10 8 8 10 8 7 7 7 7 7 11 11 2 5 11 11 4 4 5 3 5 11 11 2 5 11 11 5 5 11 11 5 5
ppo_x50_b_fd_l4,18,qv18_25,18,153,True,725.0,2.0957815647125244,8 8 10 9 8 8 10 10 8 8 11 5 10 10 0 6 8 8 10 10 8 8 11 5 10 10 7 8 8 11 5 7 10 0 9 8 8 10 10 8 8 10 10 8 8 1 11 5 11 9 5 5 4 4 4 4 11 2 9 11 5 4 4 4 4 5 4 4 10 2 10 10 8 8 7 7 6 10 7 7 8 10 7 10 2 6 7 8 11 2 3 10 10 7 7 8 2 9 8 11 11 5 5 11 5 4 4 11 11 5 4 4 4 4 5 10 2 10 9 8 8 7 10 2 7 7 9 8 10 10 8 8 7 7 11 2 11 11 5 3 5 4 1 11 11 3 5 5 11 4 11 4 5 5 7 11 5 4 10 2 10 10 6 8 7 8 11 5 11 5 7 10 10 8 8 10 10 8 2 9 8 4 11 4 11 2 3 4 5 11 2 4 11 11 4 5 3 8 7 7 10 8 7 10 7 8 10 10 7 7 7 8 2 10 6 8 1 3 4 4 10 0 8 6 10 10 8 8 10 10 7 8 5 1 9 8 4 11 5 4 11 4 11 2 3 4 5 4 11 4 5 11 11 5 5 0 7 6 0 9 8 7 7 7 7 10 10 8 8 11 5 7 10 10 7 8 8 11 5 10 10 8 2 9 5 11 11 4 4 4 4 4 1 5 3 4 4 5 11 11 4 5 5 10 0 6 7 7 8 11 2 10 9 8 8 11 4 4 5 11 11 5 5 11 5 7 7 7 0 9 5 10 10 8 8 4 10 10 7 8 7 8 11 4 5 10 10 8 2 6 7 10 8 10 10 2 8 6 11 5 7 7 7 11 11 5 4 4 4 5 11 5 4 4 4 4 4 4 11 11 4 4 5 8 10 2 9 8 4 10 10 8 7 8 11 10 8 8 7 7 7 10 8 11 4 11 5 2 11 11 5 5 3 10 8 10 7 8 10 10 7 7 8 8 7 7 7 11 11 5 2 3 4 10 8 10 8 11 11 4 5 4 5 4 4 11 1 9 5 8 11 2 4 3 11 4 11 5 2 3 10 7 10 2 8 9 5 10 7 10 8 2 9 10 8 8 11 5 10 7 7 8 10 10 8 8 7 10 7 10 8 8 1 11 5 11 3 11 5 5 4 4 11 11 2 3 4 4 5 0 9 5 10 10 7 8 7 8 0 6 7 7 7 10 8 11 5 11 2 11 11 5 4 4 5 11 9 5 5 4 4 4 11 2 4 4 3 10 10 8 8 7 10 8 7 10 10 7 7 7 7 7 7 7 7 7 8 2 9 5 10 11 5 5 4 4 4 4 4 11 4 5 11 11 4 2 5 11 4 5 10 8 10 9 8 8 7 7 10 8 4 10 10 7 7 8 5 10 10 8 0 6 7 7 8 1 9 8 11 11 5 4 4 4 4 5 7 10 8 11 11 5 5 0 9 8 11 11 5 4 4 5 11 11 5 5 4 4 10 2 10 10 8 8 6 7 7 11 5 1 4 11 4 5 11 11 5 5 3 10 10 7 7 8 8 10 10 8 2 10 10 7 8 8 7 6 7 7 7 10 8 11 11 2 5 11 11 5 5 9 5 11 4 4 4 5 10 10 7 8 2 11 5 10 10 8 8 10 10 8 7 7 7 6 8
ppo_x50_b_fd_l4,19,qv18_26,18,154,True,745.0,2.5186095237731934,8 8 9 10 8 8 10 10 8 8 11 5 10 10 0 6 8 8 7 7 11 10 7 8 8 11 5 10 10 7 8 8 11 5 10 10 8 2 10 10 8 8 9 5 11 11 2 5 11 9 4 5 5 4 11 11 4 5 5 11 5 10 11 5 5 0 10 7 9 7 8 5 10 7 7 10 7 8 5 10 10 8 2 7 7 10 9 8 8 4 1 4 3 4 4 11 5 4 4 11 11 5 4 4 4 5 7 10 0 7 6 8 10 10 8 7 8 7 11 11 2 5 11 4 3 4 5 10 2 10 10 7 8 8 6 11 5 4 4 11 4 11 5 5 4 11 2 3 4 10 10 8 2 9 7 8 11 5 10 7 8 7 7 7 7 7 10 10 7 2 8 10 9 8 8 11 4 4 4 1 3 5 11 2 4 10 10 8 7 8 7 10 10 6 7 7 8 5 1 11 5 6 4 11 5 10 10 8 8 11 4 4 11 5 5 10 8 4 11 11 4 4 5 5 11 11 5 5 4 4 10 2 9 11 5 5 10 8 4 10 10 7 8 8 7 10 8 4 10 8 7 7 7 7 7 7 7 10 10 7 8 8 11 2 9 5 7 11 11 5 4 5 11 4 1 4 4 4 3 4 5 4 4 4 11 5 0 10 10 7 8 8 10 9 8 8 10 8 7 0 7 7 7 7 7 9 8 11 11 5 5 10 2 11 9 4 5 5 10 8 11 11 4 4 4 5 8 11 4 4 5 0 10 10 8 7 6 8 11 5 4 1 11 5 9 11 5 5 11 2 4 11 9 5 5 7 0 9 8 7 7 0 7 6 7 7 7 7 7 10 10 8 7 8 7 11 11 5 2 9 5 11 4 4 11 2 3 5 11 1 9 5 5 11 5 11 11 5 5 0 6 10 8 10 7 7 10 8 8 10 10 2 6 8 10 10 8 8 11 5 7 7 11 11 2 5 3 11 4 5 7 7 10 8 11 11 4 4 5 5 11 11 4 5 5 11 5 4 1 11 11 5 5 4 11 5 7 10 10 8 8 10 7 8 10 9 8 8 10 7 7 7 8 7 10 11 5 2 11 11 3 4 1 3 5 5 10 8 11 4 4 11 5 5 11 5 10 7 8 11 11 2 5 11 5 3 11 11 5 5 7 7 7 7 7 10 8 10 10 8 2 9 5 4 10 0 6 8 7 7 10 7 0 9 8 7 7 8 10 2 11 3 11 4 5 5 11 4 4 4 5 4 4 11 4 5 4 4 11 4 5 10 10 8 2 10 7 10 7 6 8 8 11 5 10 10 8 7 7 7 7 7 7 8 11 1 11 3 5 5 10 2 11 9 5 4 4 5 11 2 3 10 10 7 8 8 11 2 9 5 10 10 8 7 8 11 5 10 7 10 8 8 11 2 9 5 7 7 7 11 11 4 5 4 5 4 4 4 11 11 2 5 11 11 4 5 3 5 10 2 7 6 7 7 7 10 8 7 10 8 4 11 2 11 11 5 5 3 4 4 1 3 4 11 11 5 4 5 0 9 5 10 10 8 7 7 8 10 8 11 10 8 8 10 10 8 2 7 7 9 8 10 10 7 7 8 5 4 10 8 10 8 7 11 11 2 3 5 11 11 5 4 4 4 4 4 4 4 5 10 2 6 11 11 5 5 11 11 2 3 5 11 11 2 5
ppo_x50_b_fd_l4,20,qv18_27,18,149,True,710.0,2.2082114219665527,8 8 10 10 8 8 10 10 8 8 9 5 0 10 10 8 8 9 10 8 8 11 5 11 5 7 7 10 10 8 8 0 9 10 7 8 5 10 7 7 10 8 8 1 9 5 11 11 5 5 10 7 7 8 11 5 11 1 11 3 4 5 5 4 4 11 4 1 3 5 4 11 4 11 5 2 10 7 9 8 7 7 7 7 7 8 7 7 10 7 8 11 2 11 9 5 5 10 8 11 11 4 4 5 8 1 9 5 11 11 4 5 5 7 11 11 5 5 4 4 4 4 10 10 7 8 7 2 9 8 10 10 8 2 10 9 8 7 8 10 2 7 6 11 11 5 5 11 11 4 5 2 7 9 8 1 9 10 8 7 8 10 2 6 7 7 7 7 7 11 11 5 4 5 10 8 10 2 11 11 5 3 5 11 4 5 11 11 4 4 5 4 4 11 5 5 10 8 10 8 11 11 2 4 5 9 8 10 7 8 1 9 4 4 5 10 8 7 7 7 7 10 10 8 4 5 10 7 7 7 7 7 7 8 11 11 2 5 9 8 11 11 4 5 8 4 4 4 11 4 4 11 5 5 10 8 11 11 5 5 7 7 7 11 5 10 2 10 10 7 8 5 6 11 5 11 11 4 4 5 2 9 4 5 4 10 10 8 8 10 8 4 11 5 10 10 8 7 7 8 7 7 7 7 0 7 10 7 7 6 8 4 4 4 4 11 11 5 5 4 11 4 4 4 11 2 5 9 8 10 10 8 2 6 11 5 4 4 11 11 2 5 3 7 10 8 10 10 8 7 8 10 10 8 8 10 10 8 7 7 8 11 2 4 9 5 4 4 11 4 5 11 11 5 2 9 4 4 5 7 7 10 8 10 10 7 7 7 7 7 8 5 10 2 10 10 8 6 7 7 8 11 2 3 4 11 5 4 4 4 11 5 10 8 10 10 2 8 10 6 7 8 10 10 8 8 11 2 6 4 11 5 4 11 4 4 1 4 9 5 4 5 11 4 1 4 4 4 5 3 10 10 7 7 7 8 8 10 10 8 7 8 4 11 5 10 7 10 7 8 2 3 7 10 10 8 2 9 5 10 8 11 11 5 4 5 4 4 4 11 5 4 11 11 5 2 9 5 7 7 7 11 10 7 8 5 10 8 7 7 7 7 7 10 10 8 8 10 2 6 4 4 4 4 10 8 11 11 5 5 10 8 0 7 7 7 6 11 4 4 11 4 5 4 5 4 4 4 11 2 9 5 4 11 4 5 4 11 11 5 2 7 10 8 6 7 10 10 7 8 8 11 2 10 9 8 7 8 10 10 7 8 5 10 10 2 8 6 11 5 11 4 4 11 5 5 10 8 11 11 4 2 3 4 5 4 11 11 2 5 11 4 5 10 10 8 8 7 7 7 6 7 7 7 10 10 2 8 9 8 10 10 7 8 8 11 5 7 10 10 2 8 9 8 11 11 4 1 4 5 3 4 5 4 4 4 4 4 11 5 11 11 2 3 5 11 2 3 10 10 8 7 7 8 10 10 8 8 7 7 10 10 8 8 11 5 4 10 10 7 8 8 10 10 8 2 10 8 7 6 11 11 5 5 11 11 4 4 2 5
ppo_x50_b_fd_l4,21,qv18_28,18,147,True,702.0,2.0345771312713623,8 8 10 10 8 8 10 10 8 8 9 5 10 10 8 8 7 7 11 11 5 5 10 7 7 10 8 8 11 4 5 10 10 8 8 11 5 10 10 7 8 8 10 10 8 8 10 10 8 8 11 5 7 11 11 5 2 4 3 11 5 4 4 11 5 4 11 4 4 5 4 11 11 5 5 11 2 3 10 7 8 10 10 7 7 8 8 11 5 10 10 7 7 8 8 10 10 7 8 8 10 10 2 8 6 11 5 4 4 4 4 4 4 10 8 11 5 11 11 5 4 4 4 4 4 5 10 10 8 2 9 8 7 7 10 8 11 5 10 10 8 8 10 10 7 8 8 10 10 8 2 9 5 4 11 11 5 2 11 5 10 9 8 7 8 7 10 7 2 7 7 7 6 11 11 2 5 4 4 11 5 11 3 5 11 4 4 11 5 5 4 4 4 10 2 10 10 8 6 7 8 7 10 7 7 10 2 6 8 11 4 5 11 5 4 4 4 11 4 4 5 11 11 5 2 3 7 7 7 7 7 10 10 0 7 6 7 8 5 10 2 10 10 7 7 8 8 9 5 4 10 8 11 11 5 5 4 4 11 5 11 11 5 2 9 5 4 10 10 2 8 3 10 8 10 8 10 8 7 10 8 11 11 2 5 9 8 11 11 4 5 8 11 4 4 5 4 11 4 11 4 5 8 1 9 8 4 10 10 8 8 10 10 8 8 10 10 8 8 10 8 4 11 5 10 7 7 10 8 8 7 7 7 10 8 11 10 2 6 8 10 10 2 8 9 5 11 11 4 5 4 1 3 5 4 11 4 11 2 5 11 5 9 7 7 8 10 10 8 8 11 5 4 4 4 4 4 11 11 2 5 3 11 4 5 10 7 7 7 8 10 10 2 6 8 10 10 2 8 9 8 11 4 10 8 8 7 7 10 7 11 2 5 11 3 5 4 4 11 5 7 11 5 4 4 4 4 11 4 5 10 10 0 6 8 8 11 5 10 10 2 8 6 7 10 7 7 8 4 11 2 9 5 7 10 10 7 7 8 5 10 8 7 7 10 7 8 1 11 11 5 5 9 8 11 11 1 5 5 3 4 10 8 11 5 4 4 4 11 4 5 10 10 8 2 10 9 8 8 10 2 10 8 7 10 10 8 8 11 4 4 9 5 5 11 11 5 4 4 5 4 11 4 5 4 11 2 10 7 9 8 8 11 5 11 5 10 10 7 8 8 11 2 10 10 7 8 6 8 11 2 9 5 11 10 7 2 6 7 7 8 7 0 9 10 8 8 10 2 7 7 6 11 11 2 5 3 4 4 11 5 4 11 5 10 10 2 8 3 11 5 4 4 11 5 4 11 4 5 10 2 10 10 6 8 2 9 5 10 10 8 8 10 10 7 8 8 4 10 8 7 7 10 10 7 8 5 11 5 7 10 10 8 2 6 11 5 11 11 4 5 5 11 11 5 1 5 9 11 5 5 4 4 4 11 4 4 5 4 10 10 8 2 6 10 10 8 8 10 10 2 7 7 6 8 11 2 9 5 4 10 10 7 8 8 11 5 10 10 2 6 8 10 10 8 8 7 7 10 10 2 8
ppo_x50_b_fd_l4,22,qv18_29,18,149,True,686.0,2.0433878898620605,8 8 10 9 8 8 10 10 8 8 11 5 10 10 7 8 8 7 7 11 1 9 5 5 4 10 8 11 11 2 5 10 8 10 7 10 7 7 8 8 10 10 8 8 11 5 7 10 10 8 8 10 9 8 8 10 2 11 11 5 5 4 4 9 11 5 4 5 4 10 2 9 11 5 5 4 4 4 4 11 5 10 8 11 11 2 5 4 3 10 10 2 8 7 7 10 9 8 8 10 8 10 10 7 7 7 8 5 10 8 7 10 10 8 8 10 10 8 2 9 5 4 4 11 11 2 5 9 8 1 11 3 11 5 4 5 10 8 11 4 4 5 4 0 9 10 8 7 8 1 9 5 11 4 11 5 5 11 2 4 9 10 8 8 10 8 7 7 7 7 10 8 7 10 10 8 8 10 2 10 10 8 8 4 4 11 9 5 5 4 4 1 9 5 4 4 11 2 11 9 4 5 8 11 11 5 4 4 5 0 6 7 10 7 7 7 8 10 10 7 8 2 9 7 8 11 11 5 5 10 7 8 10 10 7 8 2 9 8 4 4 11 5 11 4 11 5 4 4 4 5 10 8 11 11 4 5 5 11 4 5 4 10 10 8 8 10 2 3 10 8 7 7 7 7 10 8 4 4 11 5 7 10 10 2 6 8 7 10 8 11 10 8 2 10 8 7 7 7 6 11 11 5 2 11 9 5 4 4 5 4 4 4 4 11 2 4 4 4 4 10 10 8 8 6 10 8 7 10 7 8 0 7 10 10 8 7 8 10 8 11 9 5 5 11 4 4 11 5 5 10 8 11 11 4 2 5 11 11 3 5 5 10 2 9 11 5 5 10 2 9 11 4 5 5 7 11 5 4 10 0 10 6 8 7 7 8 10 10 2 6 8 7 7 7 10 2 7 7 7 9 8 11 11 5 5 11 5 7 11 2 6 11 11 5 5 11 11 5 5 7 11 2 3 4 4 4 4 11 11 2 5 9 8 1 3 10 10 8 8 10 10 8 7 7 8 7 11 2 11 9 5 5 10 7 7 7 8 7 11 2 3 11 11 5 4 4 4 5 11 2 9 4 5 4 11 11 4 5 5 10 8 4 10 10 8 2 10 7 8 10 10 7 7 8 7 6 0 6 7 0 6 7 8 7 10 2 6 11 11 4 2 3 4 5 10 2 3 11 4 5 11 11 5 2 11 5 7 10 7 6 8 10 10 7 2 7 8 9 8 11 11 5 5 1 4 4 4 9 11 4 5 5 7 1 9 8 11 11 5 4 4 4 5 11 11 5 2 10 8 10 10 7 8 7 6 7 7 8 11 5 11 11 5 5 10 8 7 10 10 2 6 7 8 0 7 7 10 7 8 6 11 11 5 5 11 11 4 5 5 11 4 5 11 11 2 3 4 4 5 11 5 11 2 4 4 4 10 10 8 8 7 7 7 6 7 7 7 10 8 11 10 8 7 8 11 2 11 5 11 11 5 5 4 4 4 9 5 11 5 4 10 10 2 8 10 6 10 8 7 7 7 7 7 8 11 2 3 10 10 8 8 10 10 2 8
ppo_x50_b_fd_l4,23,qv18_3,18,157,True,743.0,2.115597724914551,8 8 10 9 8 8 10 10 8 8 11 5 11 11 5 2 3 10 8 10 10 7 7 8 8 11 5 10 7 10 8 8 10 10 8 8 11 5 4 11 5 10 10 7 8 8 7 7 1 9 11 5 5 10 8 11 11 5 5 11 4 5 4 4 4 11 4 5 4 10 10 8 2 7 7 10 8 10 6 8 7 7 10 8 7 10 10 7 8 8 7 7 11 11 5 5 11 5 7 7 10 8 11 11 2 5 9 8 11 11 4 5 8 4 4 4 1 11 5 9 8 4 4 11 11 2 5 3 10 8 7 7 7 7 7 10 8 10 10 7 7 2 6 8 11 5 4 4 4 1 9 5 11 11 5 5 10 2 9 8 11 11 4 5 5 4 4 4 4 10 2 10 6 10 7 8 8 1 9 5 10 10 8 8 10 7 7 7 10 8 2 7 7 10 10 8 8 9 5 11 11 5 5 10 8 11 11 4 5 5 11 11 5 5 4 11 4 5 4 10 11 5 5 4 11 11 5 5 0 7 7 6 7 10 10 8 8 11 5 10 8 7 7 11 10 8 8 11 5 7 10 10 8 2 7 10 7 8 6 11 4 4 4 4 5 11 11 4 2 5 11 3 5 11 11 5 2 3 11 5 11 11 4 5 5 0 9 5 7 11 5 10 10 8 7 7 8 10 7 7 7 7 7 7 7 10 8 2 10 8 9 4 4 4 4 4 11 5 5 10 8 11 4 4 4 11 5 4 4 4 5 10 10 2 8 6 11 5 7 10 10 8 7 8 11 5 10 10 7 8 8 10 10 8 7 8 10 10 8 2 6 10 7 7 10 8 2 11 5 11 11 5 5 9 5 11 4 11 2 3 4 4 4 5 11 5 7 11 11 2 5 11 9 5 4 5 11 2 4 3 10 10 8 7 7 7 7 7 8 7 10 10 8 2 10 8 10 9 8 8 11 2 11 4 9 5 5 11 4 4 5 10 0 7 6 10 7 8 5 10 8 7 0 7 7 6 11 11 4 5 5 11 5 4 11 5 11 11 5 2 11 4 4 4 4 5 11 5 9 10 8 8 11 5 7 10 10 7 7 2 8 9 7 8 7 7 7 7 7 10 10 8 2 11 5 11 11 4 5 3 5 4 4 11 5 10 2 9 8 10 8 4 11 11 5 4 5 11 10 8 8 4 11 4 4 1 9 5 5 4 10 2 10 9 8 8 7 10 7 7 8 7 7 7 11 10 8 8 11 5 10 10 2 6 8 10 7 7 10 7 2 8 9 5 11 5 11 11 4 4 4 4 4 5 4 4 5 10 2 6 11 11 1 3 5 5 7 11 2 10 9 8 7 7 7 7 8 7 7 11 2 10 9 8 8 11 2 11 11 4 5 3 4 4 4 5 4 11 11 4 5 4 5 0 9 7 8 4 10 8 7 7 7 10 8 10 10 8 8 11 4 4 11 2 5 9 8 11 4 5 10 10 8 2 10 9 8 8 10 10 8 7 8 7 7 7 7 10 10 2 8 6 11 5 11 11 2 4 3 4 4 4 5 7 7 7 10 2 9 8 11 11 5 5 11 4 5 4 1 4 3 4 11 5 11 4 11 5 5 7 11 2 9 10 8 8 11 5 10 10 8 7 8 10 10 8 8 10 10 2 8 10 10 8 8 10 10 8 7 7 7 6 8
ppo_x50_b_fd_l4,24,qv18_30,18,153,True,729.0,8.109026670455933,8 8 10 3 10 8 8 10 10 8 8 11 5 10 10 7 8 8 10 10 8 8 11 5 10 10 7 7 8 5 10 10 8 8 10 10 8 8 11 5 10 10 8 2 9 5 7 7 11 11 5 5 1 4 11 3 5 7 11 11 1 3 5 4 5 4 1 9 5 4 10 10 8 8 11 5 4 4 0 9 10 8 7 8 10 2 6 10 10 8 8 10 7 7 7 8 11 11 2 5 6 11 5 11 11 2 5 3 4 4 4 4 11 5 11 11 5 5 11 11 4 5 8 7 10 2 9 8 10 7 10 2 6 8 10 7 7 8 7 7 11 5 10 10 8 8 10 10 8 8 7 10 2 6 11 11 4 5 4 4 4 4 4 5 11 5 4 4 4 11 5 7 11 11 5 5 11 2 4 10 9 8 8 11 5 10 10 2 6 7 7 8 7 7 7 7 7 10 8 7 10 8 7 11 11 2 5 4 3 4 11 5 11 11 5 5 11 11 5 5 10 7 8 11 11 4 5 4 4 5 4 10 2 10 10 8 7 6 8 10 8 4 4 11 5 7 10 10 7 7 8 7 8 10 10 8 2 10 9 8 7 7 7 8 10 2 6 4 10 11 5 4 4 4 5 4 11 5 4 4 4 10 10 8 2 10 8 9 10 8 7 7 8 11 5 7 7 7 11 11 2 5 11 11 5 5 9 8 11 11 4 4 5 7 8 11 5 4 10 8 11 1 3 4 4 11 5 2 9 8 4 4 1 3 10 10 7 8 8 10 8 7 7 10 7 8 7 7 10 10 7 8 5 11 5 7 7 7 7 11 11 5 2 9 5 11 5 4 11 11 2 5 11 3 4 4 4 4 5 7 10 2 11 11 4 5 5 10 8 9 11 5 5 10 8 4 10 10 8 8 11 5 10 10 7 7 7 8 8 4 10 2 6 10 10 8 7 7 7 8 10 2 11 9 5 5 11 5 11 11 2 5 9 5 4 11 11 5 5 4 4 11 4 4 5 10 10 2 8 11 5 7 10 10 7 7 7 6 7 7 8 8 10 7 7 10 8 8 0 9 5 11 5 7 7 11 11 5 4 5 11 4 4 5 4 4 11 11 5 2 9 5 7 7 11 11 2 5 10 7 8 7 10 10 6 7 8 8 11 5 7 11 10 7 8 2 6 11 5 11 11 4 5 4 4 5 10 2 11 9 5 5 11 5 1 3 4 4 11 11 5 5 4 10 10 8 2 7 9 8 10 10 8 2 6 7 7 7 7 10 8 10 10 8 2 4 3 4 11 5 7 11 11 5 5 11 11 4 5 5 10 11 5 2 11 4 11 5 3 5 7 10 10 8 7 7 8 11 10 8 8 7 7 7 7 7 10 8 10 10 7 7 8 5 4 10 2 9 8 11 11 5 4 4 4 1 3 5 10 8 11 11 2 4 5 4 11 4 4 3 5 4 10 10 8 8 11 4 1 3 4 5 11 2 10 10 7 8 8 7 10 9 8 7 8 10 10 7 8 5 10 2 9 10 8 7 7 7 7 7 8 10 2 11 11 4 5 3 4 4 5 10 10 8 8 11 5 10 10 8 8 11 11 4 4 2 4 3 5 7 11 11 5 5 11 11 4 5 5 10 8 11 11 5 5 11 11 2 5
ppo_x50_b_fd_l4,25,qv18_31,18,150,True,707.0,2.073108196258545,8 8 10 9 8 8 10 0 10 8 8 9 5 10 10 8 8 10 10 8 8 11 5 10 10 7 8 8 10 10 7 8 5 10 2 10 9 8 8 10 10 8 8 11 5 11 1 3 5 11 11 5 5 4 4 10 8 11 11 5 4 4 5 10 11 4 2 3 4 4 4 5 10 2 3 10 10 8 8 10 10 8 7 7 7 8 7 10 8 7 7 10 10 2 6 7 8 10 2 6 11 11 4 2 3 4 4 4 5 4 10 11 2 3 4 5 4 0 9 10 8 8 10 2 6 7 7 10 10 8 2 9 8 11 4 4 11 5 4 5 10 11 4 4 4 5 4 5 10 2 11 11 4 5 8 9 8 4 10 10 7 7 8 8 7 7 10 10 8 7 8 7 10 8 7 7 10 10 2 6 8 11 5 11 11 4 5 5 4 4 11 5 10 8 10 7 8 10 8 11 11 4 4 5 4 5 11 11 4 5 4 5 4 11 5 7 0 7 7 7 10 7 6 7 7 8 10 8 7 7 10 10 7 8 2 9 5 10 11 5 5 11 11 4 4 4 5 2 11 11 4 3 5 5 11 11 4 5 5 10 2 6 11 2 11 11 5 5 11 4 5 9 10 8 8 11 5 10 7 8 11 11 5 2 3 7 7 0 9 8 10 10 8 8 7 10 8 11 5 1 11 9 5 4 4 5 4 10 2 10 9 8 8 11 5 7 10 10 8 7 8 7 7 7 7 10 7 8 11 2 9 10 7 8 5 4 11 2 11 11 5 5 3 4 4 10 8 11 11 4 5 2 9 5 10 8 10 7 10 8 7 7 7 8 11 5 7 7 7 7 11 11 2 5 11 5 6 4 4 1 3 4 11 4 5 4 4 4 4 4 11 2 11 11 5 5 9 7 7 7 8 10 8 7 10 10 2 8 9 8 10 10 8 8 10 10 8 8 11 2 4 9 11 5 4 4 5 0 9 11 5 5 10 8 4 11 11 5 5 4 0 10 9 8 7 7 7 7 8 4 10 10 8 8 11 5 10 10 7 7 2 6 8 10 0 7 6 8 11 11 5 5 4 11 5 10 11 5 5 11 5 4 4 11 11 2 5 3 10 10 7 7 8 8 7 7 7 10 8 1 4 11 9 5 5 4 4 11 4 4 4 4 5 11 11 5 4 5 10 2 10 10 8 6 8 10 7 8 7 10 8 10 10 2 8 3 10 8 7 7 7 10 7 8 4 1 11 5 9 11 5 5 10 7 8 11 5 11 11 4 5 5 11 11 5 4 5 4 4 11 5 4 4 10 10 8 7 8 11 2 3 10 10 7 8 8 10 7 8 4 4 10 2 10 9 8 7 8 7 11 11 5 5 10 8 7 10 7 7 7 7 10 8 8 4 10 11 5 5 4 10 2 11 11 5 5 11 11 5 5 11 9 4 5 8 11 5 11 11 5 5 10 8 4 4 11 11 5 4 5 10 2 3 10 10 8 7 7 0 6 7 7 8 7 10 7 7 8 10 10 7 8 8 11 2 10 10 8 8 9 5 11 11 5 5 11 11 4 4 4 5 5 7 11 11 5 4 5 7 11 11 5 5 11 11 2 5
ppo_x50_b_fd_l4,26,qv18_32,18,153,True,724.0,2.13073468208313,8 8 10 9 8 8 10 10 8 8 11 5 10 10 7 8 8 0 9 10 8 8 11 5 7 7 7 10 10 8 8 10 10 8 8 10 10 7 8 5 10 2 11 11 5 5 9 8 11 5 4 4 11 5 4 11 11 5 5 11 5 7 11 11 5 4 5 4 4 11 11 5 5 10 8 11 11 2 5 9 8 10 10 7 7 7 8 7 7 7 0 6 8 10 2 10 9 8 7 8 7 10 8 4 1 11 11 5 3 4 4 4 4 5 7 10 11 4 5 4 5 10 7 8 11 11 5 2 9 4 5 11 5 10 10 8 8 10 8 7 10 10 7 2 6 7 7 8 7 7 10 7 8 10 2 11 9 5 5 11 5 11 4 1 3 4 4 4 4 4 4 5 4 4 11 5 10 10 8 2 10 10 7 8 8 6 10 8 7 7 7 7 7 10 10 7 8 8 11 5 11 5 10 10 2 7 8 9 5 11 5 11 11 4 5 2 11 11 4 4 3 5 5 10 8 11 4 5 7 11 11 5 5 10 2 9 11 5 5 11 4 4 11 5 2 9 8 4 10 10 8 7 8 11 5 10 7 8 7 7 7 7 7 10 8 1 4 11 11 5 5 3 4 10 8 11 11 5 5 11 4 5 10 10 2 8 9 8 10 0 9 8 5 10 7 7 7 8 7 7 11 11 5 5 10 8 10 10 8 8 4 4 10 10 2 6 7 8 10 2 6 7 11 11 5 4 4 4 5 4 4 4 11 5 10 8 4 10 10 8 8 11 4 5 11 11 2 5 11 9 5 5 11 2 3 10 10 8 8 7 7 7 7 10 10 2 6 8 10 10 8 2 9 8 7 11 11 5 5 4 4 11 4 11 5 5 10 8 4 4 11 11 5 4 5 11 11 2 3 5 7 7 7 10 8 7 7 7 7 7 10 8 11 5 10 10 7 8 2 7 10 7 8 6 11 4 4 4 5 4 4 4 4 4 10 11 2 3 5 10 2 6 4 4 4 4 11 11 2 5 9 8 10 10 8 2 11 4 5 3 10 10 7 7 8 8 10 8 7 10 10 7 8 8 7 7 10 7 1 11 5 5 4 3 4 11 5 11 11 2 5 11 9 5 5 11 5 11 11 2 5 10 8 10 10 8 7 7 8 10 10 7 7 8 7 7 6 8 11 5 11 4 5 7 7 10 10 8 2 9 10 8 8 10 2 9 11 5 5 11 5 4 11 11 5 5 7 11 2 3 4 4 4 4 4 4 11 5 4 11 4 5 1 9 10 8 8 10 8 10 10 8 8 10 7 7 7 7 8 11 11 2 5 9 8 11 11 5 5 7 7 10 0 7 7 9 8 7 7 7 8 11 2 9 11 5 5 11 4 5 10 10 8 8 10 2 11 11 5 5 11 9 5 4 4 4 4 4 5 11 2 11 3 11 5 4 11 5 2 3 10 8 10 10 8 7 7 8 7 7 10 10 8 7 7 8 7 7 7 10 8 4 11 2 9 4 5 4 11 11 5 5 4 11 5 4 11 11 5 4 4 4 5 4 10 10 8 2 9 8 10 10 2 8 10 10 8 7 7 6 8 10 10 2 6 8 10 10 7 7 8 8 11 5 11 5 10 10 2 8 10 10 8 8
ppo_x50_b_fd_l4,27,qv18_33,18,155,True,735.0,2.254621744155884,8 8 9 10 8 8 10 10 8 8 11 5 10 10 7 8 8 10 10 8 8 11 5 7 7 7 11 11 5 5 10 2 7 7 9 10 7 8 5 10 10 7 8 5 4 11 2 3 4 4 11 11 4 2 3 5 10 8 11 11 2 3 5 4 11 4 4 11 5 5 10 8 0 9 8 10 10 8 2 7 6 7 10 10 7 8 5 11 5 7 7 10 10 7 7 7 7 8 8 11 5 11 5 7 7 11 11 5 2 9 4 5 4 10 10 8 8 10 7 8 11 11 5 5 4 11 5 4 4 4 11 11 5 5 11 11 2 3 5 4 4 11 2 9 11 4 5 8 10 7 8 11 5 11 10 2 8 6 7 7 7 7 10 8 11 5 7 7 7 7 7 7 10 7 10 8 2 9 10 8 5 4 11 5 10 8 11 4 5 11 11 2 3 5 4 11 11 5 5 4 4 4 11 5 4 4 11 5 11 2 10 9 8 8 10 8 10 10 8 8 10 8 7 7 11 11 2 5 9 8 11 11 4 5 4 4 4 5 10 2 10 10 8 7 7 8 7 7 10 9 8 8 7 10 10 8 7 7 8 11 2 6 11 4 5 11 4 4 11 5 5 4 4 4 4 11 5 4 4 10 10 2 8 7 7 9 7 7 8 4 10 10 8 8 10 8 10 10 7 2 8 10 10 7 8 8 9 5 0 10 9 8 8 4 4 4 4 1 9 5 11 5 4 4 4 4 1 4 4 4 11 5 7 9 10 8 8 10 10 8 8 10 8 7 7 7 10 2 10 9 8 7 8 11 4 4 4 5 10 2 6 7 7 7 7 7 7 11 11 4 5 5 10 2 11 9 5 5 11 4 5 11 11 4 5 4 5 10 11 4 5 8 4 4 11 4 5 10 7 8 11 11 5 5 10 8 0 10 10 7 6 8 7 8 10 2 3 10 8 11 10 8 8 10 10 7 2 8 9 5 7 7 7 1 11 11 5 3 5 4 4 4 4 4 10 8 10 2 7 10 8 7 6 7 10 8 10 10 8 8 10 2 6 11 4 4 5 11 11 4 4 4 4 5 5 10 8 4 11 11 5 5 11 2 6 11 11 5 2 10 8 10 9 8 7 8 4 4 4 4 4 11 2 3 10 10 7 8 2 9 8 10 10 2 6 7 7 8 7 7 11 2 9 11 5 5 4 4 11 5 7 10 2 10 10 8 6 8 11 5 10 10 7 8 8 7 10 8 7 7 10 8 4 11 11 5 2 11 9 5 5 4 11 5 11 4 5 4 4 11 11 5 5 11 4 2 3 10 10 8 8 7 10 8 10 10 8 7 8 7 7 7 10 8 11 2 4 3 11 4 4 4 4 4 5 11 11 4 5 2 9 8 11 11 5 5 0 10 7 10 8 7 6 8 10 10 7 7 7 8 4 5 10 8 10 10 7 7 8 8 11 5 7 10 2 10 9 8 8 4 4 11 4 5 4 4 1 9 11 5 4 5 4 4 11 5 10 2 10 8 6 10 10 8 7 7 8 10 10 2 6 8 10 10 8 8 11 2 9 5 7 7 7 11 11 2 5 11 11 5 5 11 9 8 5 11 11 4 4 5 5 4 10 2 11 3 11 4 4 5 5 11 2 4 4 10 10 8 8 9 8 10 10 2 8
ppo_x50_b_fd_l4,28,qv18_34,18,156,True,725.0,2.131335496902466,8 8 9 10 8 8 10 10 8 8 11 5 10 10 7 8 8 11 5 10 8 7 7 7 7 7 7 7 7 11 11 5 5 10 7 8 11 5 7 7 7 11 11 5 5 1 9 8 11 5 11 11 4 5 5 10 8 11 4 11 5 5 10 7 8 10 8 10 8 4 11 11 4 4 1 3 5 5 10 8 11 11 2 5 9 5 4 11 11 4 5 5 10 8 4 10 0 9 8 5 10 7 7 10 8 7 7 7 8 11 11 5 5 10 8 10 8 7 7 7 11 10 8 8 11 5 10 10 2 6 7 8 10 2 6 11 11 4 5 4 4 5 4 4 4 4 4 10 8 11 5 4 4 11 11 2 5 9 8 11 11 5 5 7 10 2 10 7 10 7 7 8 8 7 9 11 5 5 10 8 10 10 8 8 11 5 10 8 7 7 7 10 10 8 2 10 8 9 11 5 4 5 11 11 5 4 1 3 4 5 7 11 5 11 11 5 5 11 5 4 4 11 11 5 2 9 5 7 10 7 10 8 8 11 5 10 10 7 8 2 3 10 7 7 0 9 8 7 7 8 7 10 7 10 8 2 6 11 5 11 4 4 4 4 10 8 2 10 8 11 4 4 9 5 5 4 11 11 4 2 3 5 4 11 11 5 5 11 11 5 2 9 8 10 10 8 7 7 0 6 7 8 10 7 7 7 10 8 7 7 8 10 2 10 8 6 11 4 11 5 2 9 11 5 5 11 5 11 11 4 4 5 8 11 4 4 4 1 4 9 5 5 0 10 9 8 8 10 10 8 8 10 7 7 8 1 4 4 4 4 9 5 4 11 1 9 5 5 7 10 7 7 8 10 10 7 8 5 10 8 7 7 7 7 11 10 8 8 11 5 7 11 1 9 5 4 4 5 4 10 2 10 7 7 7 9 8 8 7 7 7 11 2 11 11 4 5 3 5 10 8 11 11 4 5 2 9 7 7 8 11 4 4 4 4 11 4 5 4 4 5 11 2 10 10 8 7 8 7 11 9 5 5 11 1 5 4 4 11 11 5 5 7 7 9 8 10 8 10 10 8 8 10 10 8 8 10 10 7 8 8 11 5 10 10 7 8 2 9 5 4 11 11 5 5 11 4 4 11 5 5 4 4 10 10 2 8 10 6 7 8 10 10 8 2 10 8 10 10 7 7 7 8 7 6 8 4 4 10 11 5 5 4 4 4 11 4 4 5 4 11 11 5 4 2 11 4 3 5 10 10 8 8 11 5 4 10 10 8 7 7 7 8 10 10 7 2 6 7 8 10 7 8 10 10 8 8 10 2 10 9 8 8 4 11 5 7 10 8 11 11 5 5 4 4 11 5 4 11 11 5 5 11 5 4 4 4 11 11 2 5 9 5 10 8 10 10 7 8 0 8 6 7 7 7 7 10 8 11 5 7 10 7 7 7 8 11 4 5 10 10 2 8 11 4 3 5 11 2 11 3 11 5 5 11 5 10 11 4 2 3 5 11 11 2 5 9 5 7 7 7 1 11 11 5 5 11 9 5 4 4 5 11 2 3 10 10 8 8 10 10 8 8 10 10 7 7 2 6 7 8 11 5 10 10 8 2 7 7 9 7 7 10 8 8 10 2 11 11 5 5 11 11 5 5
ppo_x50_b_fd_l4,29,qv18_35,18,153,True,703.0,2.107405424118042,8 8 9 10 8 8 10 10 8 8 11 5 10 10 7 8 8 10 10 8 8 11 5 10 10 7 8 8 10 10 8 8 11 5 4 4 11 4 5 4 10 10 8 7 7 0 6 7 8 10 10 8 8 10 10 8 8 11 1 5 3 4 11 4 4 4 4 5 7 11 5 4 4 4 11 4 5 10 10 7 2 7 8 9 5 10 8 10 7 10 7 8 8 0 10 7 7 7 9 8 8 11 1 5 9 4 4 11 5 5 0 9 8 11 11 5 5 11 4 11 5 2 10 8 4 4 11 9 5 5 11 4 5 4 4 11 2 10 10 7 8 8 7 7 7 7 7 7 7 7 7 10 9 8 8 11 5 11 5 10 10 7 2 8 11 5 9 5 4 4 4 4 11 4 4 10 8 8 11 2 4 3 4 4 11 11 2 5 10 8 9 11 5 5 4 10 2 10 10 8 7 8 10 9 7 8 5 10 8 10 2 10 10 7 7 7 7 8 5 10 8 10 10 7 8 8 9 5 4 4 11 5 0 9 7 8 11 11 4 5 5 10 8 11 11 5 4 5 10 8 7 11 11 5 5 4 4 4 11 11 5 2 9 5 7 7 10 11 2 3 5 4 4 10 2 9 11 5 5 4 4 10 2 10 10 8 7 7 6 8 10 7 8 7 7 10 10 8 2 7 6 7 10 7 10 8 2 9 4 5 10 8 11 11 5 5 11 11 5 5 11 5 10 11 4 5 2 11 5 4 4 4 11 5 3 7 10 10 8 8 10 10 8 8 11 5 10 10 8 8 1 4 11 5 4 3 10 10 7 7 7 7 8 7 8 11 2 11 11 5 5 11 3 4 5 7 11 2 11 9 5 4 4 5 7 11 2 6 11 11 5 2 9 8 4 4 4 4 10 10 0 8 7 6 8 7 7 0 7 10 7 6 7 7 8 10 10 8 2 6 11 5 4 4 4 11 11 5 5 11 5 11 11 5 2 9 5 7 10 8 10 10 2 8 6 11 4 4 4 4 5 4 10 10 2 8 7 10 8 7 7 10 6 8 11 5 11 5 7 10 10 8 2 10 6 10 8 8 10 10 8 8 0 9 5 4 11 5 10 10 8 8 11 5 11 11 5 4 5 4 4 4 4 11 11 5 2 9 5 11 11 4 4 5 7 2 9 8 7 7 7 7 7 7 10 10 8 4 5 7 10 0 9 8 7 7 8 10 2 6 11 11 4 4 5 5 4 11 5 11 1 3 4 11 4 2 3 5 4 4 4 11 5 10 8 0 9 11 5 5 10 8 10 10 8 8 10 8 7 7 10 10 7 8 5 10 7 8 11 5 7 7 7 7 10 8 4 11 11 5 2 11 3 11 5 5 11 11 5 2 11 5 11 9 5 5 11 2 11 9 5 5 7 10 0 6 7 8 7 10 7 0 6 8 7 10 8 10 10 8 8 4 4 11 5 11 11 4 5 5 4 4 11 11 2 5 10 8 7 10 10 8 8 11 9 8 8 7 7 7 11 11 2 3 4 4 4 4 4 4 5 11 11 4 5 4 5 4 10 10 2 6 8 10 10 2 8 7 7 10 10 8 8
ppo_x50_b_fd_l4,30,qv18_36,18,156,True,717.0,2.1952710151672363,8 8 10 10 8 8 10 9 8 8 10 2 10 10 8 8 9 10 8 8 11 5 11 5 7 10 10 7 8 8 11 5 10 10 7 8 8 11 5 10 7 10 8 8 10 2 10 9 8 8 1 11 3 5 4 11 2 11 3 11 5 5 4 4 4 11 5 4 4 11 11 5 5 11 11 2 5 9 8 10 10 8 7 8 10 10 2 6 8 7 10 8 7 7 7 10 7 8 11 5 7 10 10 7 8 2 11 5 10 9 8 8 11 4 5 4 4 4 4 4 4 4 4 4 4 4 11 4 5 10 10 8 2 9 5 7 11 11 5 5 10 8 10 10 7 8 8 10 10 8 8 10 10 8 7 8 11 5 1 11 4 4 5 4 10 10 8 8 7 7 9 10 7 8 8 11 5 11 2 11 9 4 5 5 10 8 11 11 5 4 5 11 4 5 11 11 5 2 3 10 8 10 10 7 8 7 7 7 7 7 7 7 0 9 8 8 10 8 10 2 10 9 8 8 4 11 5 4 4 11 5 7 10 8 11 1 3 4 4 5 10 10 8 8 11 5 4 4 11 11 2 3 5 4 11 2 11 5 10 10 7 7 8 8 11 10 8 8 10 10 6 7 8 8 7 10 10 8 8 11 2 4 9 11 2 3 5 4 4 4 4 10 8 11 11 4 5 8 11 5 10 11 5 5 11 11 5 5 10 8 4 11 4 4 10 2 8 9 8 7 10 7 7 10 7 8 7 7 7 7 7 8 10 2 7 7 6 11 11 5 2 11 5 3 4 4 4 11 5 11 1 4 3 5 10 10 8 2 9 5 10 10 7 7 8 4 5 10 8 11 10 8 2 10 10 7 6 8 8 11 5 10 7 8 11 11 2 5 9 5 10 7 8 7 11 11 5 2 4 3 4 4 11 11 5 4 5 4 4 1 3 4 4 4 11 5 10 8 10 10 2 7 8 9 5 10 8 7 7 7 11 10 7 8 5 7 1 9 5 10 10 8 8 10 7 7 7 7 8 11 11 4 5 2 11 4 5 11 9 5 4 4 5 11 2 11 4 9 5 5 10 8 11 11 4 5 8 0 9 7 8 7 10 10 7 7 7 7 7 8 5 7 7 11 2 10 10 6 8 2 9 5 11 11 4 4 5 4 5 10 11 5 4 5 10 2 11 9 5 5 4 4 4 11 2 3 4 11 11 5 2 3 10 10 7 7 2 6 7 8 7 7 7 10 8 11 5 10 2 9 10 8 7 8 7 10 8 10 8 1 11 4 9 4 5 5 10 8 11 11 4 4 5 5 4 11 5 11 5 10 10 8 8 4 11 5 4 4 4 11 11 2 5 9 8 10 10 2 8 11 5 7 10 10 7 6 8 8 10 10 7 8 7 8 11 5 10 7 7 10 8 8 11 5 11 11 5 5 7 10 8 10 10 7 8 5 10 10 8 8 4 10 2 11 9 5 4 4 4 4 4 4 5 7 7 11 2 11 9 5 4 5 4 4 11 4 4 5 4 10 10 8 2 10 10 7 7 7 8 7 8 11 9 8 5 10 8 10 10 8 8 10 7 8 7 10 10 8 8 11 4 11 4 5 2 9 5 11 11 5 4 4 5 11 11 2 5
ppo_x50_b_fd_l4,31,qv18_37,18,154,True,710.0,2.1397902965545654,8 8 9 10 8 8 10 10 8 8 11 5 10 10 7 8 8 10 10 8 8 11 5 4 4 11 5 10 10 7 0 8 8 10 9 7 8 8 11 5 11 5 10 7 10 7 7 8 5 11 5 10 7 10 8 8 10 2 7 6 11 11 5 2 3 4 11 5 4 11 4 11 5 2 11 5 3 4 4 10 10 8 7 8 7 7 7 7 10 10 8 2 9 8 4 4 11 11 5 5 10 8 7 11 11 4 4 2 4 3 5 7 11 5 4 4 4 4 11 11 5 5 7 11 2 11 5 10 7 9 8 7 8 10 8 7 0 9 10 2 8 7 7 7 7 6 7 7 7 10 10 2 8 9 5 11 11 4 5 5 10 8 11 11 4 1 3 4 4 5 4 4 4 4 5 11 2 11 11 5 5 10 7 7 8 9 5 10 10 8 8 10 10 7 8 8 11 5 10 7 7 8 1 9 11 5 5 11 11 4 5 8 4 4 11 2 4 4 11 9 5 5 7 0 9 8 10 7 8 10 10 7 8 8 7 10 8 10 10 8 8 11 4 4 5 11 11 5 2 9 5 7 7 10 8 7 7 7 7 10 10 8 2 9 5 7 11 11 5 4 4 5 7 10 8 11 11 4 5 5 11 11 5 5 0 9 8 11 11 5 5 11 5 4 4 4 4 10 11 5 5 10 8 10 11 2 4 5 3 10 8 10 10 7 8 8 11 2 10 7 7 6 8 7 10 7 7 10 2 8 3 10 8 10 10 8 8 10 2 6 11 11 5 4 5 11 11 5 5 4 10 11 5 5 11 11 4 5 5 10 2 11 9 5 5 7 10 7 7 7 8 7 10 10 8 7 7 8 11 11 5 2 3 4 11 5 11 11 5 4 4 4 4 11 5 5 10 8 4 4 11 11 5 2 3 10 8 10 7 7 10 7 8 2 9 8 10 10 8 7 7 7 8 10 10 8 2 10 8 11 11 5 5 11 9 5 5 11 11 4 5 4 4 5 7 10 7 8 11 2 11 11 5 5 11 3 5 4 4 4 4 10 10 2 8 7 10 7 7 8 7 10 8 10 9 8 7 7 8 10 2 7 7 7 6 11 11 2 3 4 5 4 4 4 4 4 4 11 5 10 2 10 9 8 5 10 8 10 10 7 8 0 6 7 8 7 10 8 4 11 11 5 2 4 9 4 5 4 11 5 10 10 8 8 11 5 11 11 4 4 4 5 8 11 5 4 11 4 5 10 10 8 2 9 4 5 10 7 10 7 8 8 0 10 8 10 7 7 6 8 10 2 10 9 8 8 4 4 11 5 4 4 4 4 11 5 11 4 5 10 8 10 0 9 8 7 8 0 9 10 7 8 8 7 7 7 10 7 7 7 10 8 2 9 5 11 11 5 5 4 4 4 11 5 4 4 11 5 10 8 10 10 8 8 11 2 4 3 4 4 4 10 11 5 5 4 4 4 10 10 8 8 0 9 8 7 10 0 7 9 8 8 10 10 7 7 8 5 7 7 7 7 10 7 2 11 11 5 5 11 11 4 5 5 9 5 7 11 11 5 5 11 11 2 5 11 11 4 5 5 9 8 11 11 5 5 11 11 2 5
ppo_x50_b_fd_l4,32,qv18_38,18,153,True,720.0,7.085862398147583,8 8 10 9 8 8 11 5 10 10 8 2 9 5 10 10 8 8 0 9 10 8 8 11 5 10 7 10 8 8 10 10 8 8 11 5 10 10 7 7 8 5 10 10 8 8 1 11 5 11 9 5 5 10 8 11 11 5 4 5 7 11 11 4 5 4 5 10 2 9 10 8 8 10 8 10 11 2 4 5 9 8 11 11 4 5 1 3 5 11 4 11 2 3 5 10 8 7 11 11 5 5 10 7 7 7 7 10 2 8 9 5 7 11 10 8 8 10 10 7 8 8 10 10 7 7 7 8 8 1 9 5 11 11 2 5 9 8 1 9 5 10 10 8 8 11 5 4 4 4 4 4 4 11 4 4 11 2 3 5 11 4 4 5 10 10 2 6 8 10 7 8 7 10 10 8 8 10 7 8 10 10 8 8 7 11 10 7 8 2 9 10 8 8 11 4 5 11 4 5 4 4 4 11 5 4 4 4 4 4 11 5 7 10 10 8 2 10 10 8 7 6 7 8 11 4 5 11 5 11 10 2 7 8 10 7 7 6 8 7 7 11 11 5 4 5 4 10 2 11 11 5 4 4 3 5 11 4 11 5 2 9 8 4 4 10 10 8 8 0 9 8 10 10 2 6 7 8 10 10 7 7 7 7 7 2 8 7 6 7 11 11 5 2 9 5 4 1 9 5 4 4 11 11 5 2 9 5 4 4 4 4 0 10 10 8 7 6 7 8 10 7 10 7 8 8 4 11 2 4 11 4 3 5 4 4 11 0 7 7 6 7 7 7 10 8 8 10 8 4 1 11 4 5 11 11 5 5 9 5 10 8 4 11 11 4 5 5 11 11 5 5 11 5 0 10 10 8 7 6 8 11 5 7 10 7 10 7 8 8 10 10 8 8 0 10 10 8 8 10 8 9 4 5 11 11 5 5 10 8 7 7 7 11 11 5 5 11 4 4 5 4 4 4 4 4 1 3 4 11 5 10 8 11 11 4 5 5 10 2 9 8 10 7 10 7 8 8 7 11 5 10 10 8 8 11 5 7 7 10 10 8 8 10 10 8 2 6 11 4 5 4 4 11 11 5 2 3 4 11 5 11 11 2 5 7 6 7 10 7 8 0 9 10 8 8 7 7 11 2 9 11 5 4 1 3 4 5 11 11 7 0 8 8 7 7 9 7 8 7 7 1 11 11 5 5 4 3 4 4 4 4 4 4 4 4 11 5 0 9 8 10 10 8 8 10 7 10 8 2 9 8 4 11 11 5 2 9 8 7 11 11 4 5 5 0 9 8 10 10 7 7 8 8 11 2 9 10 8 8 10 8 7 7 7 10 10 7 8 5 11 2 9 5 11 11 4 4 5 4 4 4 4 5 4 4 4 4 4 10 2 10 10 8 8 9 8 7 10 7 7 7 7 7 8 11 11 5 4 5 7 10 8 7 7 11 10 8 7 8 7 7 11 11 5 2 9 5 4 11 4 4 4 4 11 4 5 8 11 4 4 11 2 5 11 4 3 5 10 8 10 10 8 8 10 10 8 8 7 7 10 8 7 7 7 10 2 7 6 11 11 5 5 11 11 4 5 4 5 10 7 8 11 11 4 5 5 7 11 11 5 5 11 11 4 2 4 4 4 5
ppo_x50_b_fd_l4,33,qv18_39,18,151,True,697.0,2.0682766437530518,8 8 10 9 7 8 5 10 2 9 10 8 8 11 10 7 8 8 10 0 10 8 8 9 5 10 10 8 8 10 10 8 8 1 9 5 11 4 5 10 10 8 2 10 7 7 9 8 8 4 4 4 4 4 10 2 11 9 5 4 5 10 2 10 6 10 8 8 11 5 7 7 7 10 10 7 7 8 8 1 9 5 10 8 11 11 5 5 7 11 5 4 4 11 4 4 4 4 4 11 2 3 5 10 8 7 10 8 4 4 4 4 4 4 4 10 10 8 2 9 7 8 7 11 10 8 8 7 7 10 7 8 11 5 10 10 7 8 2 9 8 11 5 11 11 2 4 4 5 9 11 5 2 4 4 4 4 3 11 5 10 10 7 8 8 10 8 7 7 10 10 2 8 7 7 6 7 7 10 10 8 2 9 5 10 10 8 8 4 11 1 4 5 9 8 11 11 1 4 3 5 4 5 4 11 4 11 4 5 8 7 11 2 9 5 10 10 7 8 5 10 7 10 8 8 7 11 2 9 11 5 5 4 11 11 5 4 4 5 4 10 8 7 7 0 9 8 11 5 10 10 7 8 8 11 5 10 10 7 7 8 2 9 8 4 11 11 5 2 6 11 5 10 10 8 8 11 4 4 4 11 5 2 9 8 4 4 4 4 4 10 10 8 8 10 7 8 7 7 7 7 7 11 10 8 7 7 8 10 10 8 8 10 8 1 11 9 5 4 4 4 5 11 5 11 5 4 11 5 4 4 4 4 11 5 10 10 7 8 8 11 2 10 10 8 8 10 10 6 7 8 8 11 5 7 10 10 8 8 10 8 4 10 7 10 8 4 5 10 8 10 10 8 2 9 8 4 4 11 5 11 5 4 4 11 11 2 3 5 11 4 4 11 5 5 4 4 10 2 9 11 5 5 10 8 10 10 7 7 7 8 8 11 5 10 10 8 0 7 6 8 4 4 10 2 10 6 10 8 7 7 7 8 10 2 9 8 11 11 1 5 4 5 10 9 8 4 5 4 11 4 11 4 5 5 4 11 4 10 8 8 0 9 5 10 10 7 8 5 10 8 7 7 10 7 7 7 8 7 7 11 11 5 2 11 4 4 11 5 5 11 4 4 4 4 5 9 10 8 8 11 5 4 4 4 11 5 10 8 11 11 5 2 3 10 8 10 7 10 7 8 2 9 7 7 8 11 4 5 10 10 8 8 7 7 7 10 10 8 2 9 8 1 11 5 4 11 11 5 5 3 11 5 11 4 4 10 8 2 9 8 10 10 2 6 8 10 8 10 10 7 8 8 7 7 7 10 8 11 11 2 5 10 8 4 11 11 3 5 5 4 4 1 4 4 9 4 5 11 11 5 4 5 0 6 10 8 7 7 7 10 10 2 8 10 7 6 7 11 5 5 10 2 3 11 4 5 4 11 11 5 5 4 11 5 10 10 2 8 11 4 5 3 4 4 10 10 8 2 9 8 7 10 8 4 4 10 10 2 6 7 8 11 2 3 10 10 8 7 7 7 8 10 10 8 7 8 7 10 10 8 8 10 2 11 3 11 4 4 5 5 11 11 4 4 2 5
ppo_x50_b_fd_l4,34,qv18_4,18,155,True,713.0,2.1518914699554443,8 8 9 10 8 8 10 10 8 8 11 5 10 7 7 7 10 7 8 5 10 10 8 8 11 5 10 10 8 2 10 9 8 8 10 10 8 8 11 5 4 4 4 4 10 8 11 11 2 5 9 8 11 11 4 4 5 5 11 5 11 11 4 4 5 8 0 9 8 10 10 7 7 8 7 8 10 2 7 7 7 10 7 7 7 6 10 8 8 4 11 5 11 5 4 11 4 5 10 10 8 8 10 10 8 8 10 7 8 11 11 5 2 3 4 4 4 4 4 4 11 4 4 5 10 2 7 7 6 11 11 5 5 11 5 0 7 7 10 8 6 7 7 7 7 1 11 11 5 4 3 4 5 11 11 2 5 10 8 4 11 11 3 5 5 4 11 2 10 9 8 8 7 7 10 7 7 7 7 7 10 7 8 8 10 10 8 2 6 11 5 11 11 5 5 11 11 5 2 11 3 11 4 5 4 4 4 4 4 4 11 5 5 10 8 4 11 2 10 6 10 8 8 7 11 2 9 10 0 6 7 8 7 7 8 11 2 9 10 8 8 10 7 8 10 10 8 2 9 5 7 7 7 11 11 1 5 3 4 4 5 11 2 3 4 4 4 4 4 1 11 3 4 11 5 2 9 8 4 10 10 8 8 11 10 8 8 10 7 7 10 7 8 8 7 10 8 4 10 0 7 6 7 8 10 8 11 11 4 5 5 11 4 2 11 11 3 5 5 4 11 11 5 5 11 2 9 5 7 7 10 10 8 8 11 5 11 10 7 8 8 11 5 7 7 10 10 8 8 10 8 10 7 8 7 11 11 5 2 9 5 11 4 11 5 4 4 4 4 5 4 4 4 4 11 5 11 2 3 10 8 7 10 10 8 8 11 2 9 4 5 10 8 10 10 8 8 10 7 7 8 10 7 7 8 10 10 2 8 10 7 8 6 11 11 5 5 4 4 4 4 11 11 5 5 10 8 11 11 4 4 5 8 11 2 9 11 2 5 3 4 10 10 8 7 8 11 5 10 10 7 2 8 6 7 7 11 11 5 4 5 10 7 8 7 7 11 10 0 6 8 5 7 7 7 10 2 6 11 11 4 4 5 8 11 4 4 4 5 1 9 11 4 5 4 5 11 11 5 2 4 4 4 10 10 8 8 7 7 7 6 7 7 0 9 8 10 7 7 7 8 11 11 5 2 9 4 5 10 8 11 4 11 5 5 11 5 11 11 2 5 3 10 7 7 8 10 8 1 3 4 11 11 2 5 9 8 11 11 5 5 11 4 5 10 10 8 8 7 7 7 10 7 0 6 8 10 10 2 6 8 11 5 4 11 5 7 10 10 2 6 8 10 10 8 8 4 10 2 9 7 8 7 11 11 5 5 1 3 4 4 11 5 11 11 4 5 5 11 11 5 4 4 4 5 7 7 10 8 11 11 5 5 10 8 4 4 4 10 10 8 2 9 8 10 8 10 10 7 8 2 10 9 8 8 7 7 7 10 8 10 10 7 8 5 11 2 9 5 10 10 7 8 5 10 2 6 11 11 2 3 4 4 4 5 11 11 5 5 4 11 5 11 4 4 4 5 10 10 7 7 2 8 10 10 8 8 10 10 8 7 7 8
ppo_x50_b_fd_l4,35,qv18_40,18,156,True,729.0,2.0920464992523193,8 8 10 10 8 8 10 10 8 8 9 5 10 10 8 8 10 10 8 8 11 5 10 10 7 8 8 4 11 2 11 4 5 3 7 10 7 10 8 8 7 7 10 10 8 8 10 10 8 8 1 11 5 4 6 4 1 9 5 11 11 5 5 4 11 1 4 9 4 5 5 10 8 4 11 11 4 2 3 5 10 8 11 11 4 5 2 9 8 7 0 6 7 7 7 7 7 10 0 7 10 8 6 8 7 7 10 10 8 8 4 11 2 10 11 5 5 11 11 4 5 3 5 10 8 7 7 7 11 2 9 5 4 11 11 4 1 3 4 4 5 5 10 8 11 11 5 5 11 5 4 11 11 5 2 9 5 7 7 7 7 10 8 7 10 10 2 8 9 8 7 7 7 11 10 8 8 10 10 8 8 11 2 3 4 4 1 4 9 11 2 4 3 5 4 10 10 8 8 11 5 4 4 4 4 4 4 4 10 10 8 2 10 10 6 8 8 10 10 8 8 7 7 11 2 9 5 10 10 8 8 7 10 8 1 9 11 4 5 8 4 4 4 11 5 10 8 4 10 2 9 10 7 8 5 10 7 8 7 7 7 7 7 7 1 11 11 5 5 4 9 5 4 11 4 4 4 4 4 11 5 2 9 5 4 11 5 7 10 10 8 8 10 8 7 7 7 0 9 10 7 8 8 11 5 7 7 10 2 6 11 11 4 5 4 4 5 11 5 4 0 6 7 7 10 10 8 2 9 5 0 7 7 10 8 10 9 8 8 1 4 11 4 5 10 10 8 8 9 5 11 11 4 4 5 5 11 11 1 3 5 4 4 5 7 11 2 3 4 11 11 5 2 9 8 4 4 10 10 8 8 7 7 7 7 11 5 4 4 10 2 10 10 8 8 10 10 8 6 7 7 8 7 7 10 2 9 8 7 7 11 11 5 4 5 10 11 5 5 4 4 11 11 4 5 8 4 4 11 4 11 5 5 0 9 8 10 10 2 8 6 7 7 7 7 7 10 10 8 2 10 8 6 11 11 5 5 11 4 11 5 4 1 3 5 10 8 11 11 5 5 11 4 5 0 10 9 8 8 11 5 11 11 4 5 5 7 11 5 10 10 8 7 7 8 7 7 7 10 8 7 7 10 0 9 8 7 7 8 11 2 6 11 11 4 5 5 11 4 11 4 4 5 5 7 7 11 2 11 11 3 5 5 11 2 11 4 5 11 9 5 4 5 11 2 3 10 10 7 2 6 7 8 7 7 11 5 10 2 6 7 10 8 10 10 8 8 11 10 2 6 7 7 8 1 4 11 5 10 9 8 8 11 5 1 11 9 5 4 4 5 4 11 11 5 5 4 11 5 10 0 10 7 8 7 7 7 6 7 7 8 11 2 9 11 5 5 0 10 8 6 7 7 7 7 11 11 5 1 3 5 10 8 11 11 4 5 4 4 5 10 11 5 5 11 11 2 3 5 11 2 4 10 9 8 8 7 10 8 10 8 7 7 7 10 0 7 6 8 7 11 11 4 5 5 10 8 11 11 4 5 5 10 2 10 8 11 11 3 5 5 11 11 2 3 5 11 11 5 2 11 3 11 4 5 4 4 5 11 2 10 6 10 8 8 10 2 7 7 10 8 11 11 5 5 11 11 5 5
ppo_x50_b_fd_l4,36,qv18_41,18,151,True,686.0,2.027388334274292,8 8 10 9 8 8 10 10 8 8 11 5 7 10 10 8 8 10 10 8 8 11 5 11 10 7 7 8 8 10 10 8 8 11 5 1 11 4 4 5 11 11 5 3 5 4 11 11 5 2 9 11 5 5 10 8 10 8 10 10 7 8 7 7 10 7 8 5 10 10 7 7 7 8 8 4 1 4 4 11 5 3 4 11 4 4 5 7 11 11 2 3 4 4 4 5 10 2 7 9 8 11 11 5 5 0 6 7 7 7 10 8 10 2 10 10 7 7 8 8 9 5 10 10 7 7 7 7 8 8 11 5 11 5 4 4 10 10 7 8 7 8 4 11 5 1 11 3 5 4 11 11 4 5 2 9 8 11 4 4 4 4 0 9 8 8 7 7 7 7 7 10 8 10 2 7 7 7 6 11 11 5 2 11 5 7 11 9 5 5 11 5 11 11 5 2 10 8 4 3 11 4 4 11 4 4 5 5 10 2 11 11 5 3 5 4 10 10 2 8 3 10 8 10 10 8 7 8 11 11 5 2 9 8 7 7 10 10 8 8 7 10 10 8 8 7 7 11 2 11 9 5 5 11 4 5 11 5 10 11 5 4 5 4 11 11 5 4 5 11 2 11 9 5 5 7 7 0 6 7 7 10 8 7 7 0 7 7 7 11 9 8 8 10 10 8 8 4 4 10 2 9 8 10 10 2 8 6 11 5 11 4 11 4 4 5 8 4 4 4 10 2 10 8 6 10 10 8 2 9 8 11 5 4 11 11 4 5 4 5 4 10 2 3 11 5 4 11 4 5 10 10 8 2 9 8 10 10 2 6 8 11 5 10 7 10 8 2 10 7 6 7 8 11 11 4 5 2 9 5 4 11 4 5 11 11 5 4 5 10 10 2 8 9 5 7 7 7 10 8 7 7 7 10 10 7 8 8 7 10 8 1 4 4 4 4 11 5 4 3 4 11 5 11 11 5 2 9 4 4 5 10 7 8 7 7 7 10 10 2 6 8 10 10 8 2 9 8 10 10 8 8 11 2 11 9 5 4 4 11 5 4 4 5 4 4 11 2 4 4 10 9 8 8 10 8 10 2 7 10 10 6 7 8 8 7 10 10 2 8 11 5 7 7 7 6 7 7 7 11 11 2 5 9 11 5 5 11 4 5 11 5 4 10 11 2 3 5 11 4 4 5 4 4 11 5 10 10 2 8 11 5 7 10 10 6 7 7 8 8 7 10 10 8 8 10 10 8 7 8 11 5 10 2 6 7 11 11 5 4 4 5 4 4 4 11 5 4 1 9 11 4 2 3 4 5 11 2 3 10 10 7 7 7 7 7 8 5 7 11 2 10 6 8 10 10 8 2 10 6 8 10 10 8 2 10 8 6 4 11 4 5 11 11 2 5 4 9 5 4 4 4 4 11 4 5 10 10 2 8 9 8 10 10 7 7 8 8 0 9 8 7 11 10 2 6 7 8 10 2 7 6 7 11 11 5 2 9 5 11 5 4 11 5 11 11 5 5 11 11 5 2 9 5 7 10 10 7 7 7 2 8 10 10 8 8
ppo_x50_b_fd_l4,37,qv18_42,18,149,True,689.0,2.1021010875701904,8 8 9 10 8 8 10 10 8 8 11 5 10 7 10 8 8 10 10 8 8 11 5 4 1 9 5 4 11 11 2 5 10 8 10 10 7 8 7 8 9 10 7 8 8 10 10 8 8 11 5 4 10 2 10 10 6 7 8 8 10 2 9 11 5 5 10 8 10 10 8 8 4 4 4 4 4 4 11 5 10 2 11 9 5 5 4 0 10 10 8 6 8 7 11 5 11 4 5 10 10 8 8 10 10 8 8 10 7 8 11 4 5 10 10 2 8 9 10 7 8 5 11 5 11 4 4 4 4 11 5 4 4 4 5 11 11 2 5 9 8 4 4 4 10 10 7 8 5 0 9 8 7 0 6 7 10 7 7 7 7 7 8 7 7 7 11 11 2 5 11 5 4 3 4 11 1 9 5 8 11 11 4 5 5 7 10 8 11 1 9 5 8 11 4 4 4 4 4 5 11 11 2 5 9 8 10 10 7 7 7 8 8 11 5 11 10 7 8 8 11 5 4 4 11 5 10 10 7 7 7 7 7 7 8 8 4 11 5 7 10 7 7 7 7 7 8 11 11 2 5 11 11 5 4 5 9 8 11 5 11 11 4 5 5 11 11 4 5 2 9 8 10 8 4 4 11 4 5 10 10 8 8 10 10 7 8 8 4 10 10 8 8 11 5 4 4 11 5 10 10 8 8 7 10 10 7 2 6 7 8 10 2 6 10 8 11 11 4 5 5 4 4 4 11 2 3 4 11 5 4 4 11 11 5 2 9 8 10 7 7 7 7 8 7 10 10 2 6 7 7 7 8 7 10 2 6 7 11 11 5 4 4 4 4 5 4 4 4 4 4 1 9 5 10 2 9 11 5 5 11 2 3 4 10 10 8 7 7 7 7 7 8 10 8 7 7 7 10 8 11 5 1 11 11 5 5 11 4 3 11 5 5 10 8 10 8 10 7 8 11 11 4 4 4 4 5 2 9 8 11 4 5 10 10 7 7 8 5 10 7 10 8 2 10 7 7 7 9 8 7 8 7 11 2 9 11 5 5 11 4 1 3 4 1 3 5 10 8 11 11 2 4 3 4 5 7 10 2 11 9 5 5 4 11 5 4 11 5 10 10 8 2 9 5 10 10 8 8 7 0 6 7 7 7 10 7 7 10 7 8 5 7 10 2 6 7 11 11 5 2 9 5 11 11 5 2 9 5 7 7 11 11 4 4 5 5 10 7 8 10 8 11 11 4 4 5 5 4 11 11 1 3 5 4 5 4 4 10 2 6 10 10 7 8 8 10 10 2 8 7 10 7 7 6 8 11 11 5 5 4 10 2 11 9 5 4 4 4 5 4 4 4 4 10 2 10 10 8 8 7 7 9 8 0 9 10 8 8 10 10 8 8 7 7 10 0 6 10 8 7 8 11 2 3 11 5 7 7 11 11 5 4 5 11 4 5 11 11 4 4 5 1 3 4 4 5 11 5 4 4 10 10 8 2 9 8 10 10 8 2 10 10 7 8 8 9 5 10 7 8 11 11 5 2 9 5 10 7 7 10 7 7 8 8 10 10 2 8
ppo_x50_b_fd_l4,38,qv18_43,18,155,True,734.0,2.0693278312683105,8 8 10 9 8 8 10 0 9 8 8 0 9 5 10 10 8 8 10 10 7 8 5 10 10 8 8 10 10 8 8 11 5 7 7 7 11 11 5 5 11 2 6 11 11 5 4 5 10 11 2 3 4 4 5 7 7 11 2 11 11 5 5 4 9 5 0 10 6 7 7 7 7 7 7 7 8 7 7 7 11 11 5 5 4 1 9 11 2 3 4 5 11 4 5 10 10 8 2 9 5 11 11 5 2 11 9 4 5 5 11 2 3 4 4 4 10 10 8 8 10 2 6 10 7 7 7 7 7 10 8 8 11 5 10 10 7 8 2 9 8 10 8 11 4 4 5 4 4 4 4 11 4 5 4 4 10 10 8 2 9 8 10 10 8 2 11 5 10 9 8 8 11 5 4 4 11 11 5 2 3 10 8 10 10 7 7 7 7 7 8 7 8 4 10 10 7 7 8 5 11 5 10 7 10 8 8 10 2 6 4 4 11 11 5 4 4 4 5 4 11 11 5 2 11 5 9 5 7 7 7 10 10 7 8 5 10 2 9 10 8 8 10 7 8 1 3 11 5 4 4 4 11 5 4 4 11 11 5 4 4 4 5 10 2 6 7 10 7 7 7 10 8 7 8 7 10 10 2 8 9 5 10 10 8 8 10 10 7 8 8 11 5 1 11 4 5 10 10 8 8 10 9 8 8 4 4 4 1 3 11 5 11 11 5 5 11 11 5 1 5 4 4 4 4 4 11 5 10 8 9 4 10 7 8 5 7 7 11 11 5 5 10 8 10 7 7 8 7 10 10 7 8 2 3 10 7 7 8 7 10 8 11 11 5 2 9 8 7 7 1 11 11 5 4 4 5 11 3 4 4 5 11 11 5 4 5 10 2 10 9 8 7 7 7 8 11 5 10 10 8 8 11 5 10 10 2 6 7 8 10 10 8 2 7 7 6 11 11 2 3 4 4 4 4 4 4 4 5 4 4 11 5 10 2 10 8 3 4 4 11 11 5 5 7 7 0 9 8 10 8 7 10 8 7 7 7 7 11 11 2 5 11 4 3 4 5 7 10 8 11 4 11 4 5 5 10 8 11 4 4 5 4 10 10 8 2 9 10 8 8 7 7 7 7 10 0 6 10 7 8 8 7 10 10 2 8 6 11 5 11 11 5 2 11 11 5 5 11 5 10 9 5 5 7 10 8 7 7 7 7 7 11 11 5 5 10 2 11 11 5 5 3 4 4 11 11 5 5 10 2 11 11 4 3 5 4 5 4 4 10 2 9 10 8 7 7 8 11 2 10 9 8 8 7 7 7 10 10 8 7 8 4 10 2 9 11 5 5 4 11 2 11 11 5 3 5 11 4 11 5 5 4 11 2 9 11 5 5 7 10 7 8 10 8 4 11 11 5 5 10 7 7 7 8 7 7 7 10 8 10 10 7 7 8 8 7 11 2 11 9 5 4 5 4 11 11 4 5 2 11 5 3 4 4 4 4 11 11 5 5 7 7 0 9 8 10 10 7 8 8 7 7 7 10 8 10 7 0 9 7 8 5 10 2 10 10 8 8 9 4 4 4 5 4 4 4 4 11 4 4 4 5 11 11 5 5 10 10 7 7 2 8 9 8 10 10 8 8 10 10 8 8 11 2 10 6 10 8 8 10 10 2 8
ppo_x50_b_fd_l4,39,qv18_44,18,156,True,739.0,2.126723289489746,8 8 10 10 8 8 9 10 8 8 11 5 10 10 7 8 8 10 0 9 8 8 11 2 10 7 9 8 8 11 5 11 5 7 10 10 7 8 8 10 10 8 8 11 5 7 10 10 8 8 4 1 3 11 4 5 4 4 4 1 4 11 9 5 5 10 8 11 5 4 11 4 4 11 2 5 3 10 8 10 10 7 2 8 4 10 10 8 8 6 10 8 7 7 7 10 10 7 8 8 10 10 8 2 9 8 11 11 5 2 9 8 4 4 4 4 4 4 4 11 11 5 5 10 8 4 4 4 4 4 10 10 2 8 7 7 6 10 7 8 10 10 8 8 11 2 10 10 8 8 9 8 11 10 2 6 8 7 10 2 6 7 7 11 11 5 2 11 5 3 4 4 4 4 4 4 4 11 4 5 10 2 9 10 8 8 10 7 8 10 8 7 7 7 7 7 11 11 5 5 11 1 3 5 4 1 3 10 1 9 5 5 11 4 11 4 2 3 5 10 7 8 7 7 10 10 7 2 8 9 5 10 10 8 7 8 11 11 5 2 6 4 11 4 5 7 11 11 5 5 10 8 4 4 4 4 4 4 4 10 10 8 2 10 9 8 8 10 8 10 10 8 8 11 2 3 10 8 7 7 7 0 7 10 10 8 7 8 9 11 5 2 9 5 4 0 9 10 8 7 8 7 1 11 9 5 5 10 8 11 5 4 11 11 5 5 11 11 2 5 11 4 9 5 5 11 11 5 5 11 2 11 4 3 5 10 10 2 8 7 9 7 7 7 8 10 7 8 10 7 7 10 2 8 9 8 11 4 11 4 5 2 9 4 11 5 5 11 5 4 4 11 1 4 5 4 3 10 10 7 8 8 11 5 7 10 7 10 8 7 10 8 8 10 10 2 8 6 4 11 5 11 11 5 2 9 5 7 11 10 2 6 7 7 7 8 10 10 8 8 10 2 9 10 8 8 1 11 4 3 5 11 4 11 2 5 9 8 4 4 11 11 5 5 4 4 4 11 5 10 2 9 11 5 5 4 10 2 10 9 8 7 8 10 2 6 10 10 8 7 7 7 7 7 7 7 7 8 11 4 2 3 4 4 11 11 5 2 9 5 7 0 7 10 9 8 8 10 7 7 8 11 2 11 11 5 5 9 11 4 4 5 5 10 8 11 4 4 4 4 5 4 4 4 4 4 10 10 2 8 10 6 0 6 8 10 10 7 8 7 7 7 7 8 4 11 2 11 3 11 5 5 11 5 4 4 4 11 5 10 8 10 10 2 8 9 8 11 5 7 10 7 10 8 8 0 9 10 7 7 8 7 8 10 10 2 8 6 11 4 5 11 11 5 5 11 11 2 5 10 8 6 11 11 5 5 10 11 4 5 2 9 8 1 11 5 11 3 11 4 5 5 10 8 4 11 11 5 2 9 5 7 7 7 7 7 10 7 10 8 7 8 4 10 8 7 7 7 7 10 10 8 2 9 5 11 11 5 5 11 2 4 11 3 11 4 5 5 1 11 9 5 5 4 4 4 4 11 2 4 3 10 10 8 8 10 10 7 2 6 8 7 7 7 10 8 10 7 0 6 7 8 7 10 2 6 11 11 5 5 11 11 5 5 10 2 11 11 3 4 5 4 5 4 11 5 4 10 10 8 8 10 10 2 8 10 10 8 8
ppo_x50_b_fd_l4,40,qv18_45,18,155,True,714.0,2.20333194732666,8 8 9 10 8 8 10 10 8 8 11 5 10 10 7 8 8 7 7 11 11 5 5 11 5 11 5 10 10 7 8 8 10 10 7 8 8 10 0 9 8 8 10 2 10 10 8 8 9 10 8 8 11 5 11 5 4 11 11 5 2 6 4 4 4 11 11 4 4 5 8 11 2 4 3 4 11 11 5 5 7 1 9 8 10 7 10 8 7 7 8 7 10 10 7 8 8 11 5 10 0 6 7 8 7 7 7 11 11 5 4 4 5 10 8 10 10 8 2 9 5 11 11 4 5 5 4 4 4 11 5 10 8 11 11 2 3 5 10 8 4 4 1 3 10 10 8 8 10 10 7 7 8 7 7 8 10 8 10 10 8 7 8 11 11 5 2 9 5 4 4 11 1 11 5 5 9 5 4 11 11 5 2 9 8 7 11 11 5 4 5 4 4 4 4 10 10 7 8 8 0 9 8 7 7 10 10 7 8 7 7 7 8 11 2 3 4 4 10 8 11 11 5 5 10 8 11 11 2 3 4 5 4 10 11 2 5 3 4 4 11 5 10 10 7 8 2 9 8 7 10 8 7 7 7 7 10 0 7 10 8 6 8 11 10 7 8 2 11 5 11 3 4 1 9 5 5 10 8 11 11 5 5 11 5 11 5 11 11 4 5 5 10 2 9 8 4 4 10 10 8 8 7 7 0 7 10 8 7 11 9 5 5 10 8 10 10 7 8 7 8 4 11 5 10 10 8 8 10 2 11 11 5 3 5 11 4 4 1 3 4 4 5 10 10 8 8 11 4 4 5 11 11 5 4 4 4 5 4 10 10 2 8 9 8 10 10 2 6 8 11 10 8 8 10 7 8 7 7 7 0 10 9 8 7 7 8 10 2 6 11 11 4 5 5 4 11 11 5 5 11 4 2 11 3 5 11 11 2 3 5 7 11 2 3 4 11 11 5 5 11 2 3 10 7 7 8 10 10 8 7 7 8 10 10 8 8 11 2 3 4 4 10 11 5 5 11 4 4 5 11 11 5 2 9 5 10 8 7 10 10 7 7 7 7 0 6 7 8 8 10 2 9 10 8 8 7 1 11 3 4 11 5 5 7 10 11 5 5 4 11 11 5 2 9 5 7 1 3 4 11 5 11 4 5 4 1 3 10 10 8 8 10 8 10 10 7 7 7 0 8 6 7 8 0 9 5 10 10 8 8 7 7 11 2 11 11 5 5 3 4 4 4 4 10 8 11 11 5 5 4 10 2 9 11 5 4 4 5 10 8 4 4 11 11 5 2 10 8 10 10 7 8 7 8 10 10 7 8 8 10 7 7 6 7 7 8 7 7 11 11 5 2 9 5 11 4 4 11 5 2 9 5 7 10 10 2 8 9 7 8 11 11 5 4 5 11 11 5 5 4 10 10 2 8 6 11 5 11 5 4 4 11 4 4 4 5 4 10 10 2 8 9 8 10 10 0 6 8 7 7 8 7 7 10 7 8 11 5 10 10 2 6 8 7 10 10 8 2 6 11 5 7 11 11 5 5 11 11 5 4 4 5 10 8 11 11 4 5 2 9 8 11 11 4 4 5 8 10 8 4 4 10 10 2 8 10 10 8 7 7 7 7 8
ppo_x50_b_fd_l4,41,qv18_46,18,155,True,719.0,2.1062705516815186,8 8 10 9 8 8 10 10 8 8 11 5 10 10 0 6 8 8 10 10 7 8 5 10 10 7 8 5 10 2 7 7 10 10 8 8 10 10 8 8 9 5 11 1 3 4 4 11 5 5 10 2 11 11 3 5 5 11 1 9 5 5 4 4 11 4 5 4 4 10 0 10 8 8 9 7 8 10 10 2 6 7 7 7 8 10 10 8 8 1 9 5 11 11 4 4 5 5 10 8 11 4 4 5 0 7 7 7 7 10 7 8 6 7 7 10 10 8 2 9 8 4 4 11 4 5 11 4 4 4 4 4 11 4 5 4 5 10 10 8 2 9 8 11 4 5 7 7 10 7 7 10 2 8 4 11 3 5 11 5 4 4 11 11 5 2 9 5 7 7 10 7 10 7 7 7 2 6 8 10 10 8 8 7 11 11 5 5 10 8 10 10 8 2 7 6 11 11 5 2 4 4 4 4 4 9 4 5 11 5 11 11 2 5 9 5 7 10 10 7 8 8 4 11 5 7 10 10 7 7 8 5 0 9 8 7 7 10 8 10 7 10 2 6 8 4 11 4 4 5 11 4 11 2 3 5 4 4 4 4 4 11 2 11 9 5 4 5 11 2 10 10 8 6 8 10 10 2 8 10 10 8 8 7 7 10 6 8 10 10 8 2 7 9 8 10 10 8 8 10 2 11 3 4 11 2 3 5 4 4 11 4 11 5 4 4 5 4 11 2 3 10 10 8 8 10 10 7 8 5 10 7 2 7 9 10 8 8 10 2 10 10 8 8 10 10 8 8 6 11 5 4 11 4 4 1 3 5 4 11 11 5 5 4 4 11 5 10 10 8 8 4 11 4 1 9 5 4 5 10 2 10 10 8 8 10 8 6 10 10 8 7 7 8 10 10 8 8 11 4 4 1 3 5 10 8 11 4 5 4 11 11 5 2 11 5 4 3 10 10 8 8 7 10 10 7 7 8 2 9 8 10 10 7 8 2 10 10 8 6 7 8 10 10 8 8 11 5 10 10 2 8 11 5 3 4 4 11 5 11 11 4 5 2 6 11 5 4 4 4 4 4 1 9 11 5 4 5 10 2 10 10 8 7 8 10 7 7 9 8 7 7 7 7 7 8 10 2 7 7 6 11 11 5 5 4 4 4 10 2 9 11 5 5 4 11 5 10 8 4 11 11 5 2 3 11 5 7 7 10 10 7 8 8 11 5 7 10 10 2 8 10 8 6 4 4 11 5 10 11 2 3 5 4 11 4 4 11 5 5 11 5 10 10 8 8 7 10 10 8 8 11 5 10 11 2 3 5 11 2 3 4 4 4 4 10 10 8 2 9 8 7 7 7 7 10 7 7 8 7 10 10 7 8 8 11 2 10 10 8 8 9 5 7 11 11 5 4 5 11 11 4 4 5 5 11 4 5 10 10 8 2 3 10 8 7 10 8 7 10 2 7 7 6 11 11 5 5 11 4 1 4 4 3 4 4 5 4 4 11 11 2 5 9 8 10 10 7 8 7 7 8 11 5 10 10 7 7 8 5 10 8 7 10 0 9 8 7 7 8 10 2 11 3 11 4 4 5 5 11 11 4 2 3 5 7 11 11 2 3 4 4 5 10 2 11 11 5 5
ppo_x50_b_fd_l4,42,qv18_47,18,152,True,710.0,2.011841297149658,8 8 10 10 8 8 10 10 8 8 9 5 7 7 10 10 7 8 5 10 10 8 8 11 5 10 7 10 7 8 5 10 10 8 8 10 10 8 8 11 5 10 10 2 8 11 5 3 11 11 5 5 11 11 5 4 5 4 11 11 2 3 4 5 11 11 5 5 11 5 10 10 8 2 11 5 4 4 3 10 10 8 8 10 10 8 7 7 8 10 10 2 8 9 5 10 10 8 8 11 2 10 10 7 8 6 8 11 5 10 10 8 8 7 7 11 11 2 5 6 11 11 5 4 1 11 5 4 4 4 5 4 11 9 5 4 5 4 11 4 5 10 10 8 2 10 10 7 8 6 7 8 7 7 7 10 8 11 4 5 10 10 8 7 7 7 8 10 10 2 8 11 5 4 4 9 11 5 5 10 8 4 11 1 3 11 4 5 5 11 4 2 3 11 5 7 7 7 7 7 10 10 8 2 3 10 8 10 2 7 10 10 8 8 10 9 8 8 4 11 4 4 1 9 8 5 11 4 5 4 11 11 4 5 4 5 10 7 8 10 8 11 11 2 3 5 4 4 11 4 4 5 10 2 6 10 10 8 8 10 10 8 8 7 10 8 7 7 7 10 10 2 8 6 11 5 11 4 11 4 5 8 11 1 9 5 5 11 5 11 11 2 5 7 10 8 10 10 8 8 9 10 8 7 8 10 2 7 7 7 10 10 8 8 4 4 11 4 5 9 5 11 5 11 11 4 4 4 5 4 4 4 4 11 5 2 3 10 8 10 10 8 8 7 7 7 10 7 8 4 11 10 8 8 10 8 7 10 7 7 10 8 2 9 4 5 11 5 7 10 7 8 11 5 11 11 4 4 4 5 5 10 8 7 11 11 5 4 5 10 11 2 3 5 11 4 5 11 10 8 8 4 4 11 11 2 5 4 3 10 10 8 8 10 7 10 8 7 8 11 2 3 10 8 7 10 8 7 7 7 10 8 7 7 7 11 11 2 5 3 11 5 4 4 4 4 4 11 11 2 5 11 9 5 4 5 4 4 11 5 10 10 2 8 9 5 10 10 0 6 8 7 8 10 10 8 7 10 8 7 7 8 11 4 1 3 5 11 2 11 9 5 4 4 5 0 11 10 8 8 9 10 8 8 11 5 10 10 2 8 11 5 3 4 4 4 11 11 5 2 4 3 10 7 7 8 10 10 2 6 8 10 7 7 10 7 8 5 10 10 0 6 8 7 8 10 2 9 7 8 1 3 4 4 4 11 11 2 5 9 8 11 11 5 4 4 5 10 2 9 11 5 5 0 9 7 8 11 10 2 6 7 7 8 7 10 2 10 10 7 8 8 10 8 9 11 5 5 11 2 4 4 11 9 4 5 4 5 10 2 10 7 8 7 11 11 5 5 3 4 4 4 4 4 11 4 5 4 11 5 10 10 8 2 9 5 10 10 8 7 7 7 10 7 8 7 8 11 5 7 10 7 7 8 10 10 2 8 10 10 8 8 4 4 4 4 3 4 4 1 3 4 11 5 11 2 9 5 4 4 4 4 4 10 10 2 8 10 10 7 7 7 8 8 9 5 10 10 8 8 11 2 10 10 8 8 10 10 8 8
ppo_x50_b_fd_l4,43,qv18_48,18,156,True,712.0,2.023240566253662,8 8 9 10 8 8 10 10 8 8 11 5 10 10 7 8 8 11 5 10 7 10 7 8 5 10 7 10 8 4 5 10 2 6 7 7 10 10 7 7 8 8 11 11 5 5 10 8 10 10 2 8 11 3 5 11 4 4 4 11 4 5 8 11 5 1 11 9 5 4 5 10 2 11 11 5 4 5 11 11 4 3 5 2 9 8 10 8 4 10 10 2 6 7 8 11 5 10 10 2 6 8 7 10 10 8 8 10 2 10 10 6 8 7 7 0 6 8 11 5 10 10 2 8 10 8 6 11 11 5 5 10 8 11 11 4 2 3 5 11 4 4 4 4 1 4 3 5 10 8 0 10 9 8 8 10 8 7 10 10 7 8 5 10 8 10 8 10 10 2 8 6 11 5 11 11 4 4 2 3 4 4 5 10 8 11 11 1 3 5 4 5 11 2 11 11 5 3 4 5 4 10 10 8 8 10 7 7 8 11 4 5 10 10 7 7 7 8 2 9 5 4 11 5 11 10 7 7 8 8 7 1 9 10 8 8 7 7 10 0 6 7 8 1 9 8 11 11 5 5 11 11 4 4 4 4 5 5 11 4 2 4 11 4 5 4 4 3 10 10 8 8 7 7 7 7 7 0 6 7 7 10 8 11 11 5 5 7 11 2 11 11 3 5 5 4 4 10 2 11 9 5 5 4 10 8 11 11 2 5 3 11 5 4 10 10 8 8 11 5 10 10 7 7 7 7 8 8 11 5 4 10 10 7 2 6 8 10 7 10 8 8 11 4 5 11 5 7 10 7 10 7 8 2 10 10 8 6 8 11 1 5 3 4 11 5 11 11 2 5 4 9 11 5 5 10 8 11 11 2 5 10 8 10 10 8 7 8 6 7 11 1 9 5 5 4 4 4 4 4 4 4 11 4 5 11 2 3 10 10 7 7 7 7 8 8 7 7 7 7 7 7 10 10 8 8 11 5 10 2 9 10 8 8 4 11 5 4 4 4 4 10 2 9 8 11 11 5 4 4 4 4 4 5 0 10 6 10 8 8 10 2 10 6 8 7 7 7 10 7 10 8 8 11 2 9 4 5 4 4 11 5 4 4 4 4 4 10 10 2 6 8 11 10 7 8 7 7 7 8 11 2 4 4 9 5 4 10 10 8 2 9 10 7 8 5 10 10 8 8 11 5 7 10 10 7 8 8 1 9 5 10 8 11 5 4 11 5 11 11 4 5 4 5 11 11 4 4 4 4 4 5 8 11 4 5 10 10 2 8 11 5 3 10 7 10 2 6 8 7 10 10 2 8 9 8 7 7 10 10 8 8 1 4 11 4 5 9 11 4 5 8 4 11 2 11 11 5 3 5 10 7 7 7 8 7 7 7 7 10 8 7 7 10 7 11 5 5 11 2 9 5 7 11 11 5 4 4 5 10 2 7 7 10 8 7 7 6 7 11 11 5 2 9 5 4 11 4 11 5 5 11 11 4 5 5 4 11 2 3 4 11 5 4 4 10 10 8 8 11 2 10 9 8 7 7 8 4 11 4 5 10 10 8 8 10 10 7 8 8 7 10 8 11 11 5 5 4 10 10 8 7 7 8 10 10 8 8 10 10 2 8
ppo_x50_b_fd_l4,44,qv18_49,18,151,True,714.0,2.0502965450286865,8 8 10 9 8 8 10 10 8 8 11 5 11 11 5 2 9 8 10 10 7 7 8 8 11 5 11 5 7 10 10 7 8 8 10 10 8 8 11 5 10 10 7 8 8 10 10 8 8 11 5 1 4 4 9 5 4 4 4 10 10 8 8 11 2 11 4 3 4 4 4 4 5 1 3 10 10 8 8 10 10 8 7 7 7 7 7 10 7 8 8 11 5 10 10 7 7 7 8 8 11 5 7 11 11 5 2 6 4 10 8 11 5 4 4 4 11 4 4 1 4 4 5 3 11 10 7 7 7 7 8 5 10 2 9 10 8 8 10 7 8 10 10 8 7 8 1 9 5 10 8 11 11 5 5 11 11 5 4 4 5 11 11 4 5 2 4 9 5 11 1 3 4 11 5 5 10 8 0 10 10 8 8 10 7 10 8 8 7 10 7 9 8 8 10 2 10 7 7 6 8 4 1 9 11 5 5 11 11 5 4 5 10 11 5 4 5 11 11 4 5 8 11 5 11 11 2 5 11 11 5 4 5 9 8 7 7 7 10 10 7 7 7 2 7 8 9 5 10 10 8 8 7 7 7 7 10 8 11 11 5 5 11 2 11 3 4 4 5 4 4 4 4 4 11 11 5 2 11 5 9 10 8 7 8 10 2 10 10 7 7 8 7 6 8 7 7 11 2 11 11 4 5 5 10 8 11 9 5 5 7 7 10 8 10 10 8 7 8 1 4 4 4 9 5 11 11 5 5 10 8 11 11 5 4 5 4 4 4 4 4 4 10 10 8 7 7 8 11 2 10 10 8 8 7 6 10 8 7 10 8 11 5 7 7 7 10 10 8 2 9 7 8 11 5 4 11 4 4 5 7 11 11 5 4 4 5 4 11 4 11 4 4 5 2 9 8 10 8 10 8 7 11 11 5 4 5 10 7 7 7 7 7 7 7 8 10 7 7 7 8 7 11 11 5 2 9 5 4 11 5 7 10 8 11 11 4 5 4 5 11 11 2 3 5 10 2 11 9 5 5 4 4 10 11 4 4 5 4 5 0 9 5 10 10 7 8 5 10 8 7 7 7 7 7 10 8 7 7 11 1 4 3 5 11 11 4 5 4 5 11 4 11 2 5 3 10 8 10 10 8 8 10 10 8 8 7 7 11 2 9 10 7 8 8 11 5 7 10 10 8 8 10 7 8 7 11 11 2 5 11 11 5 4 3 4 1 5 3 4 11 4 5 11 11 2 3 5 7 7 7 10 10 8 8 11 5 7 10 10 8 2 10 9 8 8 7 10 2 9 11 4 5 5 11 4 1 3 4 4 4 5 11 4 2 4 4 3 10 10 8 2 9 8 7 7 11 10 8 8 11 5 10 10 8 8 7 10 7 7 7 7 0 6 8 10 10 2 6 8 11 5 11 11 4 5 5 10 2 9 8 4 4 11 11 4 5 5 11 4 5 4 11 5 4 0 9 10 8 8 10 10 8 8 10 8 7 0 7 9 8 10 10 8 8 0 10 7 7 8 9 5 11 11 4 5 5 10 8 11 11 5 4 4 11 5 5 11 11 5 4 5 10 8 4 11 11 5 4 5 11 2 10 10 8 8 10 7 7 10 8 7 7 8
ppo_x50_b_fd_l4,45,qv18_5,18,151,True,719.0,2.0435588359832764,8 8 10 9 8 8 10 10 8 8 11 5 7 10 10 8 8 10 10 7 8 5 10 10 7 8 5 10 10 8 8 10 10 8 8 11 5 10 10 8 2 9 5 7 7 11 11 5 5 4 1 3 11 5 4 4 4 4 11 4 4 5 10 10 2 6 8 10 8 10 10 7 8 5 10 2 6 7 10 10 8 2 9 8 4 4 11 4 4 5 11 11 2 3 5 0 6 10 7 7 7 8 7 10 10 8 7 7 8 1 11 4 3 5 11 4 11 4 5 8 4 4 4 4 4 4 11 5 10 2 9 8 10 10 7 8 2 9 7 7 8 7 7 10 10 2 8 7 6 10 10 8 8 4 10 8 11 11 5 4 4 4 5 11 11 4 5 5 4 4 4 4 11 11 4 5 5 10 8 4 10 10 8 8 10 8 10 8 11 11 4 2 5 9 5 7 0 6 7 7 7 7 7 7 7 11 10 8 8 10 10 2 8 9 5 7 10 10 8 2 6 11 5 11 11 4 5 4 5 10 7 8 11 11 2 5 4 11 11 4 4 4 5 5 11 9 5 4 5 11 11 5 5 7 0 10 7 8 9 5 10 0 9 8 8 10 7 8 7 7 10 10 2 8 7 10 8 7 7 6 11 11 4 5 5 11 4 4 4 11 4 4 4 4 5 8 11 2 11 11 4 3 5 2 9 5 11 10 8 7 8 7 0 6 7 7 10 7 8 0 6 11 11 5 5 10 2 11 11 4 4 4 5 5 9 8 10 8 4 4 4 4 10 10 8 7 8 0 9 8 7 7 10 10 7 7 7 8 7 7 8 11 2 3 11 4 4 5 11 11 2 5 4 11 5 4 4 4 4 10 10 8 8 9 8 11 10 8 8 10 8 7 11 10 8 7 7 10 7 8 2 10 6 7 8 7 10 2 11 3 11 4 5 8 11 4 5 11 4 5 10 0 9 8 8 7 11 2 11 11 5 3 4 4 4 4 4 5 10 2 10 10 8 8 9 8 4 11 1 9 5 4 4 5 11 2 3 4 10 10 8 7 7 8 10 8 4 4 10 10 8 8 10 8 7 7 10 7 8 7 10 10 7 8 2 9 8 11 5 10 10 7 8 2 9 5 11 11 5 5 4 4 4 4 4 4 4 11 11 5 2 9 8 4 1 11 9 5 5 11 4 5 11 2 10 10 7 6 8 7 8 11 5 10 10 2 6 7 8 10 10 7 8 5 10 7 8 11 5 11 10 2 6 7 7 8 7 7 7 11 2 3 11 11 5 4 5 10 8 0 9 11 5 4 5 4 11 5 4 4 10 8 11 11 5 5 0 10 7 6 7 8 7 7 7 10 7 10 2 6 8 11 5 11 11 4 4 4 5 4 5 10 8 7 11 11 1 5 3 5 1 9 11 4 5 5 4 4 0 10 9 8 7 8 11 5 10 10 8 7 8 10 2 7 6 7 7 7 10 7 8 7 11 11 5 2 9 5 11 11 4 4 1 5 3 4 4 5 4 4 4 11 4 11 2 5 9 8 4 10 10 8 8 11 2 10 10 6 7 8 8 11 5 10 10 7 7 8 8 4 10 2 11 11 5 5 10 10 7 7 8 7 8 11 5 10 10 8 8
ppo_x50_b_fd_l4,46,qv18_50,18,154,True,724.0,2.042886257171631,8 8 10 10 8 8 10 10 8 8 9 5 10 10 7 8 5 10 2 7 7 10 9 8 8 10 10 8 8 1 9 5 4 11 5 11 11 5 5 10 2 7 7 9 8 10 10 7 7 8 8 4 11 5 4 11 2 11 5 4 11 11 4 5 5 9 5 10 8 11 11 4 4 4 5 8 4 0 9 5 10 10 8 8 7 7 7 7 7 7 7 7 7 10 8 11 4 4 5 10 7 10 8 8 10 7 10 7 8 5 4 10 2 9 8 11 11 4 5 8 11 5 1 4 9 11 4 5 5 7 11 5 4 11 11 5 4 5 11 11 5 2 9 8 4 4 4 10 10 0 8 6 8 7 7 0 7 7 10 10 8 6 7 7 7 8 10 8 10 10 2 8 11 4 5 11 11 4 5 5 9 8 11 11 2 3 5 0 9 8 11 4 4 11 5 4 5 10 8 11 11 5 5 10 2 6 7 10 1 11 3 5 4 4 5 10 2 10 9 8 8 10 7 0 6 8 10 10 7 8 5 10 7 8 7 7 7 11 10 8 8 11 5 11 11 2 5 11 5 11 11 5 5 11 4 4 5 4 11 11 4 5 8 11 5 4 4 3 10 10 8 8 7 7 7 7 7 0 7 9 7 8 10 7 10 7 2 8 4 4 11 3 4 4 11 5 5 10 7 8 10 8 4 11 5 4 4 4 4 4 11 4 5 10 10 2 8 9 8 10 10 2 6 8 10 10 7 7 8 5 10 2 6 10 10 8 8 10 7 2 6 7 7 11 11 5 2 9 5 11 5 11 5 1 3 4 4 4 4 11 5 11 10 7 8 8 4 10 2 6 10 10 8 7 7 8 7 0 10 9 8 5 4 11 4 5 4 10 10 8 2 9 8 10 8 4 11 11 4 5 4 5 11 11 4 5 4 5 4 11 11 4 5 2 9 8 10 8 10 10 2 6 7 8 7 7 10 7 8 7 7 10 10 7 8 7 7 8 11 2 9 11 5 5 1 9 5 10 8 11 11 5 4 5 11 11 5 4 4 5 10 8 4 4 4 4 4 4 11 11 2 5 7 9 8 10 7 10 0 7 6 8 2 6 7 7 11 5 1 9 8 11 11 5 5 10 8 11 11 5 5 11 5 11 11 5 2 9 4 5 10 8 4 10 10 8 7 7 7 7 8 10 10 7 8 7 7 7 7 7 7 8 1 3 4 4 11 5 10 7 8 10 10 8 8 11 5 11 11 4 2 5 3 11 5 4 4 10 10 8 2 9 10 8 8 11 5 4 11 11 5 4 1 3 5 4 11 4 5 4 11 11 5 2 10 7 8 6 7 10 10 7 8 8 10 7 8 4 10 10 8 8 10 7 10 8 8 7 10 10 8 2 6 11 5 11 11 4 1 5 3 4 4 5 4 4 11 5 7 10 2 10 10 7 8 8 9 10 8 8 4 11 5 11 4 4 5 10 8 4 11 11 2 3 4 5 4 4 1 3 10 10 8 8 10 10 8 8 7 7 7 7 10 7 8 11 2 10 10 8 6 8 10 8 10 10 2 8 6 11 11 4 2 4 3 4 4 5 10 8 7 11 11 4 5 5 7 11 11 4 5 5 7 11 11 5 4 4 4 5 10 10 2 8
ppo_x50_b_fd_l4,47,qv18_51,18,154,True,720.0,2.091479539871216,8 8 10 9 8 8 10 10 8 8 11 5 10 10 7 8 8 10 10 8 8 11 5 7 10 10 8 8 10 10 8 8 11 5 4 11 5 10 10 7 8 8 10 10 8 8 10 10 8 8 11 5 7 11 11 5 2 11 9 5 5 4 4 4 4 4 4 4 11 5 0 7 10 10 8 8 7 6 10 7 10 8 7 10 8 7 8 11 2 6 11 11 5 5 11 11 2 3 5 11 11 5 5 10 7 8 11 11 4 4 4 5 8 11 11 2 5 3 4 4 11 5 4 4 10 10 8 8 7 11 2 10 10 8 7 8 7 10 7 6 7 7 7 8 11 2 10 11 5 5 11 3 11 4 4 4 5 5 4 10 0 7 7 6 8 11 11 5 5 10 7 10 8 7 7 8 10 10 7 8 2 9 8 11 4 4 4 4 11 4 5 2 11 5 11 11 4 4 4 5 5 11 3 5 10 10 8 8 7 10 0 9 8 5 10 7 7 10 8 2 9 8 4 10 10 8 8 11 2 10 10 8 7 8 7 6 7 7 11 11 5 2 9 5 11 5 4 4 4 4 4 4 11 5 11 11 5 5 11 11 5 4 5 10 10 8 2 9 5 0 10 8 4 10 9 8 7 8 7 10 10 7 8 5 10 10 8 8 7 7 10 7 7 8 10 2 6 11 11 4 5 5 11 5 10 7 8 11 11 5 2 11 3 4 11 5 5 4 4 11 2 3 11 11 5 5 11 2 11 4 11 5 5 7 6 7 7 7 7 7 10 8 7 10 7 8 10 8 7 11 5 11 11 2 3 5 11 11 5 2 11 9 5 5 11 2 11 4 9 5 4 4 5 11 2 3 10 10 7 8 7 8 11 5 10 7 8 10 10 2 8 7 6 7 7 10 8 7 7 7 10 2 6 11 11 4 4 5 4 4 4 4 5 4 4 4 10 10 2 8 11 5 11 9 5 4 5 11 5 11 11 5 2 10 8 10 10 7 6 7 7 8 7 7 7 8 11 4 5 4 10 10 8 8 11 5 7 10 10 7 7 7 8 5 11 5 11 5 7 7 10 10 8 2 9 5 4 11 11 5 5 4 4 1 3 4 11 4 5 7 10 8 11 11 5 5 10 7 2 6 10 10 8 8 7 10 8 10 10 2 6 7 7 7 8 11 2 6 11 11 5 5 1 3 4 4 4 11 1 3 5 11 11 2 5 9 8 11 11 4 5 5 11 4 5 4 10 2 10 10 8 7 6 8 7 7 10 7 8 10 10 8 8 10 8 7 1 3 11 4 4 4 4 1 4 4 5 4 10 10 8 7 8 9 8 10 10 8 8 11 5 10 7 10 2 8 3 7 10 8 10 2 7 7 6 7 11 11 4 5 5 11 4 2 11 5 4 4 3 4 4 11 5 10 11 4 5 2 9 8 4 4 4 10 10 8 0 7 7 7 7 6 7 7 8 11 2 9 10 8 8 11 2 10 10 8 8 7 7 9 7 8 11 11 2 5 11 11 5 5 4 4 4 9 11 5 5 10 8 7 7 10 8 11 11 4 4 5 5 10 8 11 11 4 5 4 5 7 10 8 4 11 11 4 5 2 11 5 10 10 8 8 7 7 10 10 8 7 7 8
ppo_x50_b_fd_l4,48,qv18_52,18,148,True,678.0,2.0391745567321777,8 8 10 10 8 8 9 10 8 8 11 5 10 10 7 8 8 10 10 8 8 11 5 10 10 8 7 7 11 5 5 10 2 11 4 3 4 4 4 4 5 10 10 8 2 11 5 11 11 5 5 10 8 7 10 10 7 6 8 7 8 10 7 10 7 8 8 10 10 8 8 10 10 8 8 11 5 1 9 11 5 5 10 8 4 11 11 5 5 11 5 11 11 5 2 11 11 4 5 8 9 8 7 11 11 5 5 10 7 8 10 8 0 7 6 7 10 10 7 7 8 8 11 5 10 10 8 2 9 5 11 11 2 5 6 11 5 4 11 11 4 4 5 5 4 4 4 4 11 5 4 4 4 10 10 2 6 8 10 7 7 7 7 0 6 8 7 10 8 7 7 7 10 10 8 2 6 4 4 4 4 4 4 4 4 4 4 11 11 2 3 5 10 8 10 10 8 8 11 5 10 10 2 6 7 8 10 8 4 4 10 2 9 10 8 8 7 10 8 7 0 9 8 4 11 4 4 4 5 11 11 5 4 4 5 11 11 5 5 10 8 10 11 4 2 4 5 9 8 11 10 8 8 10 10 7 2 6 7 8 7 10 8 7 7 7 10 10 8 2 6 10 10 8 2 9 5 7 11 5 4 4 4 10 8 11 11 4 5 5 11 5 7 10 8 4 11 4 4 5 4 11 11 5 2 11 5 4 4 3 10 10 2 6 7 7 7 7 7 7 8 10 7 8 7 7 7 10 2 7 11 9 5 5 4 4 11 2 9 5 11 11 4 5 4 5 7 11 5 10 11 5 5 11 11 5 5 10 8 7 11 11 5 5 4 11 11 2 5 3 10 8 7 10 10 8 7 7 8 10 10 8 8 7 0 7 7 10 6 7 7 8 11 11 5 5 10 8 1 11 9 7 8 8 11 5 11 11 4 5 5 10 8 4 4 4 4 4 11 4 10 8 8 10 10 2 8 9 5 10 7 7 10 8 5 7 7 7 10 8 11 2 6 11 5 11 11 4 4 5 5 11 5 4 11 5 11 11 5 4 5 11 11 4 4 4 5 8 7 0 9 5 10 8 10 10 7 7 8 7 7 7 7 8 11 2 10 10 8 8 6 11 5 11 11 5 5 10 8 11 11 4 5 4 4 5 10 11 5 4 1 4 4 5 9 8 10 10 8 2 9 10 8 8 10 8 0 6 7 7 11 5 10 10 8 7 7 8 10 10 8 7 7 8 11 5 7 11 11 2 5 3 4 11 5 7 11 11 5 4 1 3 5 4 4 4 11 5 4 4 10 11 5 4 5 0 9 5 10 8 7 10 10 7 8 7 7 10 8 7 8 11 4 5 7 11 11 2 5 3 10 8 10 10 7 8 8 7 10 7 10 2 7 8 9 4 5 11 11 5 4 4 5 11 1 3 5 4 11 11 4 5 8 11 5 11 4 11 5 5 11 2 10 10 8 7 8 10 10 7 6 7 7 8 8 10 10 7 8 8 11 2 3 10 10 8 8 10 10 7 8 8 11 5 10 10 2 8
ppo_x50_b_fd_l4,49,qv18_53,18,145,True,676.0,2.9819540977478027,8 8 10 10 8 8 10 10 8 8 9 5 10 10 8 8 10 10 8 8 11 5 10 10 7 8 8 11 5 10 7 7 7 10 8 8 10 10 7 8 5 10 2 11 6 11 5 5 11 11 2 3 5 11 11 5 5 11 5 4 4 4 4 4 4 11 11 5 5 11 1 9 8 5 7 7 10 8 10 7 10 8 7 7 8 10 10 2 8 9 5 7 7 7 7 7 7 11 11 5 5 11 2 11 11 5 4 11 3 2 3 5 4 11 11 2 5 6 4 11 5 4 11 2 4 4 3 10 10 8 2 6 7 7 10 10 2 8 7 7 9 10 7 8 5 10 8 11 10 8 8 10 10 7 8 2 9 5 11 5 11 4 4 11 5 5 11 5 4 4 11 11 5 2 9 8 11 4 4 4 5 10 10 7 8 8 10 2 6 7 10 10 8 0 6 8 7 10 10 2 8 9 5 10 10 2 8 9 8 11 11 2 5 3 4 11 5 4 1 4 4 11 11 5 5 3 11 5 10 10 8 8 10 10 8 2 10 6 10 8 8 11 5 4 10 10 7 7 8 7 8 7 10 10 7 8 8 10 2 6 11 4 5 4 11 11 5 2 3 4 11 5 4 11 11 5 4 4 4 5 4 0 9 11 5 5 10 8 10 10 8 8 10 10 8 8 7 10 7 7 7 0 6 7 8 10 10 8 8 11 2 9 10 8 8 11 4 4 4 11 5 5 4 4 4 4 11 11 5 2 11 5 3 4 4 4 10 10 8 7 7 8 10 8 10 7 10 7 7 8 8 11 5 11 5 10 10 7 8 8 7 10 2 10 8 9 10 8 8 4 4 11 5 11 4 4 5 4 4 4 1 3 4 11 5 4 0 9 10 7 8 5 10 0 9 8 7 8 7 10 2 10 10 7 8 7 7 8 7 11 9 5 5 4 11 11 5 2 9 4 4 5 4 11 11 5 5 11 11 2 3 5 10 8 11 11 4 5 5 4 10 10 8 2 9 8 11 5 10 10 7 7 2 7 8 10 10 7 7 8 6 7 8 11 2 9 11 5 5 10 8 10 10 7 7 8 8 11 5 4 10 8 11 2 9 11 5 4 4 4 5 4 11 4 5 4 0 10 9 8 8 7 10 2 6 7 7 10 8 7 7 7 7 11 11 5 5 10 2 11 9 5 5 11 5 4 4 11 5 4 1 11 4 5 11 4 3 5 7 10 10 7 8 8 11 2 3 10 10 8 8 10 10 7 8 5 7 7 10 2 7 7 6 11 11 5 5 11 4 4 11 5 4 4 4 5 11 2 9 11 5 2 4 4 3 4 10 10 8 8 7 7 7 11 7 8 4 11 5 10 10 7 8 8 10 10 2 6 8 10 10 2 8 9 5 10 10 8 8 10 2 11 4 3 5 4 4 4 0 6 10 10 8 8 7 7 7 0 9 10 8 8 10 2 11 11 5 5 11 11 5 5 11 3 11 5 4 4 4 5 10 2 6 11 11 5 5 11 11 2 3 5 11 11 2 5
ppo_x50_b_fd_l4,50,qv18_54,18,156,True,719.0,2.0267152786254883,8 8 9 10 8 8 10 10 8 8 11 5 11 10 7 7 7 8 5 10 10 7 8 5 10 10 7 8 5 10 2 10 10 8 8 10 9 8 8 10 2 10 9 8 8 4 10 4 5 7 10 8 11 11 4 5 5 11 4 5 11 11 1 5 5 11 9 5 5 11 11 5 5 11 11 5 2 6 11 4 11 5 5 7 11 2 10 10 8 8 10 7 9 8 8 7 7 7 7 0 9 5 10 8 7 7 7 11 10 8 8 1 11 5 11 3 11 5 5 4 4 11 1 9 5 5 7 10 8 11 11 5 4 4 4 5 11 11 5 2 9 11 5 5 10 7 7 8 10 10 7 8 8 11 5 4 4 11 5 11 10 2 6 8 10 7 10 2 8 9 5 10 10 8 7 7 8 11 4 5 1 4 4 9 5 4 11 4 11 5 5 11 2 10 10 6 7 8 2 10 8 6 10 7 8 10 10 7 0 6 8 8 7 10 8 10 10 7 7 8 5 10 2 11 11 5 5 10 8 6 11 11 5 1 3 4 5 4 4 4 4 4 4 4 11 4 4 5 11 11 2 5 10 6 8 7 10 10 8 8 4 10 2 10 10 6 8 8 11 2 10 10 8 8 10 7 6 10 7 8 7 8 0 9 8 4 11 11 5 5 11 11 4 5 4 5 4 4 4 11 4 5 11 11 5 2 9 5 7 7 10 10 8 2 3 10 7 0 6 8 10 10 8 8 10 10 7 8 7 7 7 10 8 8 11 5 7 11 2 6 11 11 5 5 11 1 9 5 5 10 8 11 4 5 4 4 11 11 2 3 4 5 11 4 11 5 5 10 2 6 11 11 5 5 11 11 5 2 10 8 6 7 11 10 7 7 8 8 11 5 10 10 2 7 6 7 8 10 7 7 10 8 7 8 7 11 2 9 4 4 4 4 5 10 11 4 2 3 5 11 4 4 5 11 11 2 5 9 8 4 11 11 5 5 7 7 10 8 10 7 10 7 8 0 7 7 6 8 11 10 7 7 7 8 5 4 10 2 9 11 5 5 1 11 4 11 5 5 11 5 9 10 8 8 7 11 11 5 4 11 5 8 11 5 11 2 4 4 3 10 10 8 8 10 8 10 10 8 8 7 7 10 7 7 7 7 10 8 8 11 4 5 10 8 10 10 8 2 9 5 11 11 4 5 5 4 4 0 9 11 5 5 11 11 5 2 11 9 5 4 4 5 11 2 3 10 10 7 8 7 8 7 11 11 5 4 5 10 7 8 7 10 10 7 7 8 8 11 5 7 7 10 7 8 11 1 3 4 11 5 5 11 5 4 11 1 3 4 4 4 5 11 2 4 4 3 4 10 10 8 8 10 8 10 7 10 7 8 7 8 10 7 7 10 8 2 6 11 5 11 11 4 5 5 10 8 11 11 4 5 5 11 4 4 11 4 5 2 9 8 10 10 8 2 10 9 8 8 7 7 7 7 7 10 8 7 10 2 10 10 8 8 10 9 8 5 4 4 11 5 11 11 2 5 9 5 11 11 5 2 6 11 5 4 11 11 5 5 11 5 4 4 11 5 4 10 10 2 8 10 10 8 8 10 10 8 8 10 10 7 7 8 8 10 10 8 7 7 8
ppo_x50_b_fd_l4,51,qv18_55,18,151,True,714.0,2.0154223442077637,8 8 10 9 8 8 10 10 8 8 11 5 10 10 7 8 0 8 10 10 8 8 9 5 10 10 8 8 10 10 8 8 11 5 10 10 7 8 8 1 9 5 11 11 5 4 4 4 5 4 11 11 2 5 6 4 4 10 11 5 5 11 2 4 3 10 10 8 2 7 10 8 10 9 8 7 7 7 8 7 10 2 9 10 8 7 8 7 7 7 1 11 11 3 5 2 9 11 5 8 11 5 4 4 11 4 4 5 7 11 11 2 5 6 4 4 4 11 5 0 10 10 7 6 7 8 7 8 11 2 3 11 4 5 10 0 9 8 8 11 5 10 7 10 8 7 7 10 8 2 7 6 11 11 5 5 10 2 11 11 4 5 5 4 9 5 4 4 4 4 4 4 11 11 2 5 10 8 7 10 9 8 8 10 10 8 7 8 0 6 7 7 10 8 11 11 2 5 9 8 11 11 5 1 3 4 5 10 2 10 6 7 7 7 0 7 9 8 8 10 2 7 7 7 11 11 5 5 9 5 4 4 4 11 4 4 5 11 11 4 5 5 11 11 2 5 3 10 8 10 1 9 8 8 7 10 7 7 8 7 7 7 10 10 8 8 10 8 1 11 9 5 5 11 11 4 5 5 10 8 10 11 2 5 3 4 4 11 11 5 2 9 8 4 4 4 4 4 4 10 10 0 8 8 9 8 10 10 7 8 2 11 5 9 10 7 8 5 10 8 7 7 10 8 11 5 11 11 5 5 10 7 7 7 7 8 11 11 5 2 9 8 10 10 2 8 6 10 10 8 8 4 4 4 4 4 4 4 1 9 8 11 4 11 2 3 4 5 11 11 2 5 9 8 4 11 5 10 7 10 8 8 10 10 8 7 8 11 5 10 10 8 8 10 7 10 2 6 8 10 10 8 2 7 9 11 5 4 4 5 11 11 5 5 4 4 4 11 11 2 3 5 11 11 5 2 11 5 3 10 10 8 7 7 8 10 10 7 2 6 7 8 10 10 2 6 7 8 11 5 10 10 7 7 8 2 7 6 11 11 5 5 11 5 4 1 3 4 4 4 4 10 11 5 4 5 11 11 2 5 9 8 11 11 5 4 5 10 2 6 7 10 8 10 10 7 2 8 7 10 6 10 8 7 7 8 10 2 6 11 11 5 5 11 2 6 7 11 10 8 8 7 10 10 2 6 8 11 5 11 11 4 5 4 4 5 11 2 6 11 5 4 11 11 5 2 9 5 0 7 7 6 7 7 10 10 8 2 9 8 10 8 11 11 5 5 4 11 11 4 5 8 11 1 4 4 3 5 4 11 5 0 9 8 11 7 10 8 7 10 8 8 11 5 7 10 8 7 7 0 7 7 10 8 6 7 11 11 5 5 4 11 5 7 10 8 11 11 4 4 5 8 11 5 11 5 4 1 4 3 4 4 11 11 5 4 5 11 2 9 10 8 8 7 7 0 6 7 10 7 8 11 2 11 4 4 11 5 5 9 8 10 10 8 8 7 7 10 8 7 7 10 7 7 7 8 7 11 11 2 3 5 11 11 2 5 11 11 5 5 11 11 3 5 5 11 11 5 2 9 5 11 11 4 4 5 4 5 10 8 11 11 2 5
ppo_x50_b_fd_l4,52,qv18_56,18,155,True,733.0,2.077737808227539,8 8 10 10 8 8 10 9 8 8 10 2 10 10 8 8 9 10 8 8 11 5 11 5 7 7 10 10 8 8 10 2 9 10 8 8 10 10 8 8 11 5 11 10 2 8 7 10 9 8 8 4 1 9 5 4 11 1 3 5 4 4 4 4 11 5 4 10 10 8 8 11 4 5 4 11 11 2 3 5 11 11 5 2 9 8 11 10 8 7 7 7 7 7 7 7 0 6 8 7 7 10 10 8 8 11 4 2 11 5 11 11 5 5 9 11 2 5 11 3 5 11 11 4 5 2 9 4 4 5 10 7 7 8 10 8 7 7 7 11 11 2 5 9 5 10 10 8 8 7 7 10 8 7 10 10 8 8 10 10 2 8 9 5 11 11 5 4 4 5 4 1 4 4 11 11 4 3 5 5 4 11 4 11 5 5 10 8 11 11 5 2 9 8 10 10 7 8 8 7 7 7 10 2 9 4 10 8 8 10 8 7 10 10 8 8 10 8 4 10 10 8 7 8 4 10 10 8 8 10 2 11 9 5 5 11 11 5 1 3 4 5 4 4 11 11 5 5 11 11 4 5 5 10 8 4 4 4 10 2 10 10 6 8 8 7 7 0 7 7 10 7 6 8 11 2 11 9 4 5 8 11 4 4 4 4 4 5 11 2 4 4 4 10 10 8 8 9 8 10 10 2 6 7 8 11 10 2 6 7 7 7 10 8 7 7 8 7 11 10 7 8 8 11 5 7 11 11 5 2 11 4 9 5 5 11 11 5 5 11 2 11 11 3 5 5 10 2 9 11 5 4 5 4 10 10 8 8 10 2 10 6 8 10 7 10 2 8 9 5 7 7 7 7 7 11 11 1 3 4 5 5 10 8 11 4 11 5 4 4 4 4 5 11 2 11 9 5 5 11 5 11 2 3 10 10 7 2 8 9 8 10 7 10 8 8 7 7 7 10 8 11 5 11 4 10 2 8 11 9 5 4 5 4 4 11 11 2 5 3 7 10 8 10 10 8 8 7 7 7 7 7 10 7 7 7 8 4 4 11 2 6 11 4 4 4 4 4 5 11 11 5 2 9 8 10 10 7 7 8 8 11 5 10 10 7 8 5 10 2 9 10 8 8 4 11 5 4 4 4 1 4 9 5 4 4 4 11 11 5 5 11 2 3 10 10 2 6 7 7 8 7 0 9 8 7 10 10 7 8 7 8 7 7 10 8 7 11 11 5 5 11 5 10 10 2 8 9 8 4 11 4 11 5 5 11 4 4 4 1 4 3 5 10 10 8 2 9 5 10 7 7 7 10 8 8 11 4 5 10 8 10 10 8 2 9 8 10 11 5 4 5 11 11 4 5 5 10 8 11 11 4 4 5 4 5 7 11 2 10 10 8 8 6 11 5 11 11 4 5 4 5 10 2 3 10 10 8 7 7 7 7 8 7 7 7 7 7 10 8 11 2 10 9 8 8 11 2 3 4 4 11 11 5 2 3 4 11 11 5 5 10 8 11 11 2 5 4 4 4 3 4 10 10 8 8 7 7 7 7 7 0 6 7 10 8 10 10 8 7 8 7 7 10 2 11 11 4 5 5 9 5 10 8 11 11 2 3 4 4 5 4 11 5 10 8 7 11 11 4 5 5 7 11 11 5 4 4 5 11 11 2 5
ppo_x50_b_fd_l4,53,qv18_57,18,150,True,709.0,2.0238230228424072,8 8 10 9 8 8 10 10 8 8 11 5 10 10 7 8 8 10 0 10 8 8 9 5 10 10 8 8 10 2 3 10 10 8 8 10 10 8 8 1 9 5 4 10 10 8 8 11 5 11 11 5 5 11 11 4 4 4 5 5 10 8 11 11 4 2 5 9 11 2 3 5 10 10 7 2 7 6 7 8 7 10 7 7 8 7 0 7 6 7 11 11 5 2 9 5 4 4 4 4 4 4 11 4 11 2 5 3 10 8 7 7 10 10 8 2 9 8 11 4 5 11 11 5 5 1 3 4 11 11 5 2 7 10 8 10 10 6 8 2 7 7 9 8 7 7 7 7 7 10 8 4 11 11 5 4 5 10 2 6 11 5 1 4 4 4 4 4 11 5 4 4 4 3 10 10 2 8 6 7 7 7 7 7 7 7 10 8 11 2 9 11 5 5 11 5 4 11 4 5 1 11 9 5 5 7 7 7 10 8 10 10 7 8 7 8 11 4 5 11 5 7 7 10 10 8 8 1 9 8 11 5 4 11 11 5 4 4 5 11 11 5 5 10 2 6 11 11 5 4 5 11 2 3 10 10 7 8 2 9 5 7 10 10 8 8 10 10 7 8 5 7 10 2 6 11 4 5 4 4 10 8 11 11 5 5 1 3 7 10 8 7 7 7 10 10 7 8 7 7 8 11 11 5 5 7 11 2 11 9 5 5 10 8 10 10 8 8 4 1 3 4 4 4 4 4 11 5 4 11 2 4 3 4 4 10 10 7 8 8 10 8 10 10 7 7 7 7 8 7 7 7 8 10 10 8 8 4 4 4 4 4 10 2 9 11 5 5 10 8 11 11 4 5 8 11 4 5 7 11 4 11 4 4 2 3 5 7 7 7 7 10 7 0 6 8 7 7 7 11 11 5 4 5 10 7 8 10 10 7 8 2 9 5 10 8 11 11 5 5 10 8 11 11 4 4 4 5 5 11 4 4 4 11 5 2 6 11 4 4 5 7 10 8 11 11 4 4 5 2 9 8 10 10 8 2 10 8 10 10 7 7 8 8 9 8 10 8 10 10 2 8 9 8 10 8 11 11 5 4 5 11 11 2 3 5 10 7 7 8 7 10 8 7 7 7 7 11 11 2 5 9 5 4 4 4 11 4 5 4 11 11 5 2 9 5 11 4 4 11 2 3 5 11 10 8 8 7 7 7 7 7 7 7 7 11 11 2 5 11 3 4 11 4 5 5 4 4 11 11 4 5 2 9 8 10 8 10 10 7 7 8 8 1 9 10 8 8 10 7 10 8 7 8 7 7 10 8 11 2 4 3 11 11 5 4 4 5 4 4 11 2 4 10 11 5 5 11 5 4 3 10 10 7 7 7 8 8 11 5 11 5 10 10 7 7 8 7 2 9 10 8 8 11 5 10 10 8 7 8 7 7 7 7 11 11 5 1 3 5 10 8 11 11 2 3 5 11 11 5 4 4 11 5 5 11 2 3 7 7 7 10 7 7 10 2 8 6 11 5 10 10 8 8 11 11 4 4 5 11 5 5 7 11 11 5 4 4 4 4 4 5 11 2 10 10 8 8 10 10 6 8 8 11 2 10 9 8 8
ppo_x50_b_fd_l4,54,qv18_58,18,154,True,704.0,2.0620391368865967,8 8 9 10 8 8 10 10 8 8 11 5 10 10 7 8 8 10 10 8 8 11 5 4 4 11 5 10 10 7 7 8 8 10 10 8 8 10 10 8 8 10 10 8 8 10 10 8 8 11 5 1 11 11 5 5 11 9 5 5 11 11 5 4 4 5 11 2 3 10 10 8 8 10 8 7 7 7 7 10 10 2 8 9 5 7 7 11 11 1 5 5 11 5 6 11 11 5 5 11 4 11 5 2 11 9 5 4 5 4 4 4 4 4 10 10 8 8 11 2 4 11 5 10 10 8 8 10 10 7 8 6 7 8 0 6 7 10 8 11 5 7 7 7 7 10 7 7 8 11 11 4 2 5 11 5 11 11 4 3 5 5 10 8 11 4 11 5 5 11 11 4 5 8 11 2 11 5 3 10 10 7 8 7 7 7 8 11 5 10 10 7 2 6 8 7 7 7 7 10 10 2 8 9 5 11 11 4 4 5 5 4 1 11 4 3 4 5 11 2 10 10 8 8 10 9 7 8 5 10 8 10 2 10 10 8 8 11 9 8 8 10 8 4 10 10 7 8 5 11 5 11 11 5 4 4 11 4 5 4 4 4 1 9 5 5 4 10 2 9 11 5 4 5 4 10 2 3 10 10 8 8 7 10 0 9 8 8 10 8 10 10 8 8 11 5 10 7 10 8 2 9 8 11 4 4 5 11 11 1 3 5 5 11 2 11 11 5 5 11 5 4 10 9 8 8 7 10 8 10 10 8 8 7 7 10 10 8 7 7 8 10 2 10 10 8 7 6 8 11 5 11 4 5 11 11 5 2 11 9 5 5 4 4 1 3 4 11 4 5 4 11 11 5 5 7 7 0 6 10 8 10 10 8 8 10 10 8 8 11 5 10 7 10 8 8 11 5 7 7 7 7 7 7 11 11 5 2 11 5 4 4 3 4 4 4 11 4 5 11 11 4 5 5 10 2 9 11 5 5 4 10 2 3 10 10 8 7 8 11 5 11 5 10 10 7 8 8 7 10 10 7 8 5 10 7 7 8 7 11 11 5 5 11 4 2 9 10 8 8 11 2 10 9 8 8 7 10 2 7 7 7 6 11 11 4 5 5 4 4 4 11 4 5 10 8 11 11 2 3 4 5 11 4 4 5 10 10 8 2 10 10 8 6 8 7 7 10 8 10 10 2 8 7 6 7 10 8 11 11 4 5 1 3 5 11 1 9 5 5 11 11 5 4 5 10 10 8 8 7 11 4 5 4 4 1 9 11 4 5 2 3 4 10 10 8 7 7 7 7 7 7 7 8 10 10 8 2 9 7 8 10 8 4 11 11 5 4 5 4 11 1 9 5 4 5 11 2 3 10 10 8 7 7 8 10 10 2 6 8 1 4 4 11 5 4 3 10 10 8 8 7 7 10 2 6 7 7 7 7 7 11 11 5 2 9 4 5 10 11 5 5 4 4 11 11 4 5 2 3 4 4 4 11 11 5 2 3 10 8 11 11 5 5 10 10 7 7 2 8 10 10 8 8 9 10 8 8 11 5 10 10 8 7 7 7 8 4 10 10 8 7 8 11 2 3 10 10 8 8 10 10 2 8
ppo_x50_b_fd_l4,55,qv18_59,18,150,True,695.0,6.981216192245483,8 8 10 10 8 8 10 9 8 8 10 2 10 10 8 8 10 9 8 8 10 2 10 10 8 8 10 9 8 8 11 5 7 10 10 8 8 10 2 10 9 8 8 4 11 5 10 2 11 9 5 5 10 8 11 11 4 1 5 3 4 5 11 11 5 5 11 11 2 3 4 5 11 2 11 11 5 5 6 7 7 7 10 8 4 10 2 9 10 8 8 7 10 7 7 8 11 11 4 5 5 10 2 6 11 11 5 4 5 4 11 11 5 2 4 11 5 3 10 10 2 6 8 7 7 7 7 7 7 7 7 7 7 7 10 8 11 5 10 2 7 6 11 11 2 5 3 11 4 4 5 4 4 4 1 3 4 4 4 4 4 11 5 10 10 8 8 10 7 2 10 10 7 6 7 8 5 10 7 8 7 7 10 8 10 10 2 8 10 8 7 11 9 5 5 10 8 11 4 4 4 4 1 9 5 4 5 4 4 11 1 4 5 9 11 5 4 4 5 10 2 10 10 8 8 7 7 7 7 9 10 7 8 8 11 5 7 7 10 2 6 7 7 10 10 8 2 9 8 11 5 4 11 11 4 5 5 11 11 5 5 11 5 10 11 2 3 5 11 11 5 5 11 2 10 10 8 8 9 10 7 8 7 8 4 4 10 10 8 7 8 7 11 10 8 2 6 7 10 10 8 8 1 9 8 4 11 5 11 11 4 4 5 5 11 11 5 2 3 4 1 11 4 9 5 4 5 4 11 2 3 10 10 7 8 8 7 7 7 7 0 6 7 10 8 11 11 2 5 9 7 7 8 11 5 11 11 4 5 5 11 5 4 4 0 10 7 9 8 8 10 8 11 11 5 5 10 8 7 7 7 10 10 2 8 10 8 7 10 10 8 8 4 9 4 5 11 11 5 4 4 4 5 7 10 8 11 11 4 5 4 5 11 11 5 4 4 5 10 2 9 11 5 5 10 8 10 10 8 8 7 10 7 8 7 11 5 10 10 8 2 9 8 1 4 9 11 5 5 4 1 9 11 5 4 5 11 2 4 3 10 10 2 8 7 6 7 7 10 8 11 5 0 6 7 10 10 7 8 7 7 10 8 2 7 9 11 5 4 5 10 8 11 4 4 11 2 5 10 8 11 9 5 5 11 4 4 4 11 5 4 5 4 11 5 10 10 7 8 0 7 8 7 10 10 8 8 6 10 8 10 10 7 8 5 11 2 9 5 11 11 2 3 4 4 5 4 4 4 0 10 10 7 7 6 7 8 7 7 8 10 10 7 7 8 4 2 9 5 10 10 8 8 11 5 4 4 4 4 4 4 11 11 5 2 9 5 0 10 8 6 11 4 11 5 4 4 4 5 10 2 9 11 4 5 8 11 2 3 10 10 7 7 8 2 9 5 7 10 10 7 7 8 7 8 11 2 3 10 10 8 8 10 10 2 8 7 6 7 7 11 11 5 5 10 2 9 11 5 5 11 4 11 2 4 3 4 5 4 11 4 4 5 1 3 10 10 8 8 10 10 8 8 10 10 8 7 8 4 10 10 7 8 2 10 8 9 10 8 8 11 11 4 5 5
ppo_x50_b_fd_l4,56,qv18_6,18,153,True,729.0,2.0738890171051025,8 8 10 10 8 8 10 9 8 8 10 2 9 10 8 8 10 10 8 8 11 5 11 10 7 7 8 8 10 10 8 8 11 5 4 4 11 5 10 10 8 2 10 10 8 7 8 10 10 8 8 10 10 8 8 9 5 4 4 11 4 5 4 11 11 4 4 4 4 5 4 5 11 11 2 5 3 10 8 10 10 8 2 10 9 8 8 10 2 6 7 7 7 10 10 2 8 11 4 5 11 11 4 5 3 4 4 5 0 10 10 8 6 8 11 5 10 7 8 7 10 10 7 7 7 8 8 4 4 4 10 2 10 8 10 10 7 6 7 8 5 11 2 6 10 11 5 5 11 4 5 11 11 5 5 4 4 4 4 10 8 11 11 5 4 4 11 4 5 2 9 11 5 5 7 7 10 8 11 4 4 5 10 7 7 10 8 8 7 10 7 7 7 7 7 7 7 8 10 10 2 7 8 9 5 11 5 11 11 2 5 3 4 4 4 4 11 5 11 11 5 5 11 11 5 5 11 2 11 9 5 5 10 7 7 8 7 7 7 7 10 8 10 7 8 10 10 8 7 7 8 4 11 1 4 5 11 11 3 5 5 4 4 4 11 2 9 4 11 5 4 5 11 2 4 3 10 10 2 8 6 7 7 7 7 10 8 7 11 11 5 5 10 8 10 10 8 8 1 9 11 5 2 4 3 4 4 4 4 11 10 7 8 7 8 11 2 9 5 11 5 10 10 7 7 8 5 10 8 7 7 7 10 7 8 11 10 7 8 8 11 2 10 10 6 8 2 9 5 11 11 5 5 11 11 4 5 5 10 8 4 11 11 5 5 11 11 5 5 10 8 10 10 8 2 6 4 4 4 4 4 11 4 11 5 4 5 11 2 10 10 8 6 8 11 5 10 10 7 8 8 10 10 2 6 7 8 7 7 10 8 7 7 7 7 1 10 9 8 8 11 5 11 11 4 5 4 4 5 7 11 11 5 4 4 5 0 10 7 7 6 7 7 8 10 2 7 10 8 6 11 4 11 4 4 5 4 5 10 2 3 11 11 4 5 8 11 5 10 11 5 5 4 4 1 4 9 5 4 10 10 8 2 9 8 11 5 10 10 7 8 8 1 9 8 10 10 8 8 7 7 7 7 10 8 1 9 5 11 11 5 1 3 4 5 11 2 3 4 4 11 1 4 3 5 10 8 10 10 7 7 7 7 7 8 8 4 10 0 6 7 8 0 6 7 10 10 2 6 8 11 2 9 5 4 11 11 5 5 4 11 4 4 5 4 10 2 10 9 8 8 7 10 7 7 11 5 5 10 8 10 8 7 10 10 7 8 8 1 9 5 11 4 4 4 5 11 11 1 3 4 5 8 11 5 11 11 2 5 11 4 4 5 4 3 10 10 7 8 8 11 2 10 9 8 8 7 7 10 7 8 4 11 5 11 5 7 10 10 8 8 10 10 2 6 7 8 10 8 0 10 10 6 8 8 4 10 2 9 8 11 11 5 4 4 1 3 4 5 10 7 8 11 11 4 4 4 4 4 5 5 11 11 5 5 4 11 11 2 5 9 8 10 10 0 6 8 8 7 7 7 10 8 11 5 4 4 11 11 5 5 10 7 7 10 7 7 8 8 10 10 2 8 7 7 10 10 8 8
ppo_x50_b_fd_l4,57,qv18_60,18,146,True,673.0,3.394106864929199,8 8 10 9 8 8 10 10 8 8 11 5 7 10 10 8 8 10 10 8 8 1 11 5 9 4 5 10 10 8 8 11 10 7 7 8 8 4 11 4 5 4 4 4 11 5 10 2 10 9 8 8 7 10 8 10 2 10 10 7 6 7 8 8 10 10 8 8 11 5 10 10 7 8 8 11 5 10 10 2 8 9 5 4 1 3 4 4 4 4 4 11 11 4 5 2 9 8 4 4 4 4 4 4 10 10 0 8 8 9 8 7 10 7 7 7 8 10 7 10 7 8 8 11 5 10 7 8 4 10 10 8 8 10 10 8 2 9 5 11 4 4 11 4 5 5 10 8 11 4 11 4 4 2 5 4 11 9 5 5 11 2 3 10 7 7 8 7 7 7 10 8 11 10 8 8 10 10 2 8 4 3 11 4 4 4 5 11 4 11 5 5 11 4 5 10 11 5 4 5 11 2 6 10 10 7 7 8 8 11 4 5 10 10 7 7 7 7 7 8 5 4 10 2 6 10 10 8 8 7 7 7 10 8 11 2 9 5 10 10 8 8 4 4 11 5 10 2 7 11 11 5 3 4 5 4 4 4 11 4 4 5 10 10 2 8 9 10 8 8 11 4 5 10 10 8 8 11 5 10 10 2 8 6 7 7 7 10 8 10 7 7 10 2 8 9 5 11 11 5 5 11 4 5 11 11 5 4 5 4 4 11 4 5 11 4 1 4 3 5 10 10 8 8 11 5 10 10 2 6 7 7 8 10 7 10 8 2 10 6 7 7 10 7 8 8 10 2 7 11 9 5 5 10 8 7 11 11 5 4 5 11 11 4 5 5 10 8 11 11 5 5 11 11 4 5 5 11 4 4 1 4 5 9 10 8 8 10 10 7 8 5 10 7 8 11 5 10 7 8 7 7 7 7 7 7 7 10 8 11 11 5 5 11 11 5 5 1 9 8 11 11 5 4 4 1 3 5 10 8 10 8 11 11 4 4 4 2 3 5 4 11 11 4 5 2 9 8 7 0 9 8 10 10 8 7 8 7 10 7 8 7 7 7 7 10 8 4 11 4 4 1 9 8 5 4 11 5 4 4 10 11 5 4 5 11 11 2 5 4 3 10 10 8 7 7 8 7 11 2 9 10 8 8 7 10 8 7 7 7 10 7 7 7 10 2 8 11 5 11 11 5 5 9 11 5 5 11 4 4 4 4 4 4 11 5 2 9 5 7 11 1 9 5 4 5 11 2 3 10 10 7 8 8 11 5 10 10 7 7 8 0 8 10 9 8 7 7 8 10 0 6 7 7 7 8 10 2 11 9 5 5 10 8 11 11 4 4 5 5 11 11 4 5 5 10 8 11 11 5 5 10 8 11 4 4 5 4 11 4 5 10 10 7 7 8 2 10 9 8 8 7 10 10 8 8 11 5 4 4 11 5 7 10 10 7 8 7 7 7 8 7 7 11 11 2 5 11 11 3 5 5 4 10 8 11 11 5 5 4 4 11 4 4 5 10 10 8 8 10 10 2 8
ppo_x50_b_fd_l4,58,qv18_61,18,151,True,692.0,3.0027098655700684,8 8 10 9 8 8 10 10 8 8 11 5 10 10 7 8 8 10 10 7 7 8 8 11 10 7 8 8 10 10 8 8 11 5 1 4 4 11 11 4 5 5 9 8 11 11 2 5 4 4 9 5 11 11 4 5 5 10 8 11 11 2 5 9 8 10 10 7 8 2 10 7 10 8 8 10 7 6 8 10 10 7 7 8 7 8 10 10 8 8 1 3 11 5 4 11 5 10 8 11 10 7 8 8 10 8 11 4 5 10 10 8 2 9 8 4 11 4 11 4 5 5 4 4 11 11 5 5 4 11 5 4 4 10 8 11 11 5 2 3 10 8 10 10 8 8 10 8 7 7 7 7 7 11 10 8 8 11 2 9 5 4 11 11 5 5 4 4 11 4 5 10 10 8 8 10 10 8 8 10 2 10 6 8 10 10 8 8 10 7 10 7 8 5 7 11 2 6 11 11 5 5 11 11 5 5 11 2 6 11 5 11 11 4 4 5 5 4 4 1 4 11 5 9 8 11 11 5 5 7 11 2 10 9 8 7 8 10 10 8 8 11 5 7 10 7 7 7 7 10 2 6 8 11 5 10 10 2 8 9 5 7 7 7 0 6 11 11 4 4 4 5 4 4 4 5 4 11 4 11 5 4 5 11 11 2 5 10 8 10 6 10 8 8 7 10 2 9 10 7 8 7 7 7 8 4 11 1 3 4 5 7 11 11 2 3 4 5 11 4 4 5 11 11 4 5 2 9 8 7 10 7 7 10 7 7 8 5 7 10 10 8 8 10 10 8 7 8 11 10 2 8 10 8 10 7 8 11 11 5 5 11 11 5 3 5 11 5 11 11 5 5 11 11 4 5 4 5 10 10 2 8 11 5 9 11 4 5 1 3 5 7 10 8 10 8 7 7 7 7 7 7 10 10 2 8 7 9 8 1 11 9 5 4 5 1 9 8 11 11 5 4 4 5 10 2 11 11 3 5 5 11 5 10 2 10 10 8 6 7 8 7 10 7 0 7 6 7 10 8 8 10 10 8 2 9 5 11 11 5 5 11 4 4 4 4 4 4 4 4 4 11 2 5 9 8 1 3 4 4 10 10 8 2 9 8 10 8 7 10 10 8 8 10 10 2 8 9 8 11 10 8 8 11 4 5 7 10 7 7 7 7 10 8 8 11 5 7 7 11 11 2 3 4 5 11 1 9 5 5 11 5 11 11 4 5 4 4 4 5 11 11 2 5 9 5 7 10 10 8 2 7 7 7 7 7 9 8 7 7 7 11 10 7 8 2 9 7 8 11 11 5 5 11 11 4 5 5 1 9 5 4 11 4 11 5 5 11 11 2 5 11 5 10 10 8 8 9 4 5 10 7 8 7 7 7 11 10 8 8 7 7 10 2 9 11 5 5 11 5 4 11 4 1 3 11 5 5 10 8 4 4 4 4 4 10 10 8 8 10 8 11 11 5 2 9 8 10 8 7 7 10 8 4 11 11 5 4 5 10 10 8 7 7 10 8 8 11 5 10 10 2 6 8 10 10 2 6 8 10 10 2 6 8 10 10 8 8 10 10 2 8
ppo_x50_b_fd_l4,59,qv18_62,18,152,True,721.0,2.1046016216278076,8 8 10 10 8 8 10 10 8 8 9 5 10 10 8 8 0 9 10 7 8 5 10 10 8 8 10 10 8 8 1 11 5 4 4 11 11 5 5 3 11 5 10 10 8 8 7 10 10 8 8 10 10 8 2 10 10 7 8 8 10 9 8 8 4 1 9 5 11 4 4 4 5 4 4 4 4 4 4 10 8 11 11 4 4 2 4 5 10 9 8 8 1 9 5 10 10 8 8 11 5 7 7 10 10 2 7 6 7 8 7 7 0 9 10 8 8 7 7 10 8 7 11 2 6 11 11 5 5 11 11 5 5 10 8 7 11 11 5 4 5 0 9 7 8 4 11 11 5 5 11 11 5 4 5 4 4 11 5 11 11 5 5 11 2 3 10 10 2 6 7 7 8 11 2 9 5 10 10 7 8 8 7 10 8 7 7 11 5 10 10 8 8 11 5 7 7 10 10 8 8 10 2 6 11 11 4 4 4 5 4 4 4 5 10 2 7 6 11 11 5 5 10 8 11 11 5 4 4 4 4 1 4 4 5 10 9 8 8 11 5 10 0 6 10 8 8 11 5 10 10 7 7 7 8 5 10 2 3 10 10 8 2 9 5 10 10 7 8 7 7 7 8 11 4 4 4 4 4 4 4 5 11 2 10 9 8 8 7 7 10 10 7 8 5 10 8 11 5 4 1 9 5 11 4 4 11 4 5 2 9 8 10 8 10 7 7 10 7 8 2 9 5 10 10 8 8 7 7 7 7 11 1 3 11 5 5 4 11 10 8 8 11 5 4 4 4 4 11 5 4 10 11 5 5 4 4 11 11 5 2 9 5 7 7 7 7 10 8 7 10 10 8 2 10 8 4 3 4 4 11 5 4 10 10 8 8 7 7 11 2 9 10 8 7 7 7 8 7 10 8 7 10 10 8 2 11 5 11 11 4 3 4 5 4 4 5 4 10 2 11 3 5 11 11 5 4 5 11 11 5 2 3 10 8 7 10 8 11 5 7 7 7 10 10 2 8 9 8 4 11 5 7 10 10 7 8 8 1 9 5 11 4 1 4 3 11 5 4 4 5 11 11 5 5 7 7 10 7 8 7 11 2 11 5 11 11 4 5 8 9 5 7 7 7 10 10 7 7 8 2 9 8 10 10 7 8 8 10 8 11 2 3 4 4 11 11 5 5 4 4 4 4 11 5 4 4 10 10 8 2 9 7 8 11 5 10 10 7 8 8 7 7 10 7 8 10 10 2 6 7 7 8 7 10 2 6 11 11 4 5 5 11 11 4 4 4 5 5 11 11 5 2 9 5 11 5 10 10 2 6 8 7 7 7 10 8 7 10 10 8 2 7 11 11 5 5 4 4 11 5 11 9 5 4 4 5 4 10 2 10 10 8 6 8 10 10 7 8 2 9 10 8 8 7 10 7 8 7 11 2 6 11 11 4 8 5 11 11 5 5 4 11 4 4 5 4 1 9 5 11 11 5 4 4 5 11 2 4 10 10 8 7 8 9 10 8 7 7 8 10 8 10 10 7 8 8 7 7 7 10 7 8 11 11 2 5 11 11 4 5 4 5 4 4 4 9 5 4 4 11 11 5 2 3 10 10 7 7 7 7 7 7 8 8 11 2 10 10 8 8
ppo_x50_b_fd_l4,60,qv18_63,18,154,True,725.0,2.0516159534454346,8 8 10 10 8 8 10 10 8 8 9 5 10 10 8 8 11 2 11 10 7 7 8 8 9 5 10 10 8 8 10 10 8 8 10 10 8 8 11 5 10 10 7 8 8 11 5 7 11 11 5 2 3 4 4 4 11 4 5 7 11 11 5 4 4 4 4 4 4 4 5 11 2 10 6 10 8 8 7 11 2 10 10 8 6 8 10 0 9 8 8 7 10 7 10 7 8 8 11 5 1 9 5 4 11 11 4 5 4 4 4 5 11 1 9 5 4 5 10 2 10 10 8 8 6 7 10 10 8 8 7 7 10 10 8 2 7 10 10 7 8 6 8 10 10 2 8 9 5 11 11 5 5 7 11 5 4 4 11 1 9 5 8 4 11 4 4 1 3 5 4 10 10 8 7 8 11 4 5 4 11 11 5 2 4 9 4 5 7 11 5 10 10 2 6 7 7 7 7 8 10 8 7 7 10 7 7 8 11 11 5 5 10 2 9 8 0 6 11 11 4 5 5 11 11 5 5 1 9 11 5 5 4 11 4 4 5 10 10 8 2 9 8 7 10 10 0 8 6 8 7 7 10 7 7 8 10 7 7 7 11 5 5 10 2 9 11 5 5 11 4 4 1 9 5 8 11 5 11 11 2 3 5 11 11 2 5 9 8 4 11 11 5 5 4 11 5 4 10 10 8 2 9 8 11 5 10 10 7 7 8 7 7 7 7 7 10 8 8 4 10 2 9 10 8 7 7 7 8 11 2 9 11 4 5 8 11 5 4 4 4 4 11 11 4 5 8 11 5 11 4 5 0 6 10 10 8 7 8 7 7 10 10 8 8 10 7 10 8 2 9 5 10 8 7 11 11 2 3 4 5 11 4 5 10 10 8 2 9 8 11 5 4 11 11 4 5 1 3 5 4 4 10 8 11 11 4 5 4 5 4 10 10 2 8 10 6 8 7 11 5 10 10 7 7 8 7 8 11 11 5 2 10 8 6 7 10 8 7 7 7 7 0 6 11 11 5 5 11 11 5 4 4 4 4 4 5 4 4 4 11 5 10 8 4 4 0 10 9 8 8 10 8 7 10 10 8 8 10 7 7 10 8 8 11 5 7 7 10 10 2 8 10 8 11 11 5 3 5 10 8 11 11 4 5 4 5 11 11 5 5 0 9 8 11 11 5 5 4 11 5 4 4 11 11 5 5 0 10 6 7 8 0 10 9 8 7 8 7 7 7 10 8 10 2 9 8 4 11 11 5 5 4 1 9 5 7 10 7 7 8 10 10 8 7 7 7 8 11 2 3 11 5 7 7 11 11 2 3 5 4 4 4 4 11 5 4 4 4 11 11 4 4 5 5 10 0 6 8 10 2 7 7 9 10 8 8 7 10 7 7 7 7 10 2 8 6 11 5 11 11 5 2 11 3 11 5 5 11 4 11 5 5 10 8 11 11 4 4 4 5 5 10 8 11 2 11 11 4 3 5 2 9 8 10 7 7 10 7 8 2 11 5 10 9 8 8 11 4 4 5 11 11 5 5 10 10 7 7 8 7 8 7 10 8 4 10 10 7 8 8 11 5 10 10 8 8 10 10 2 6 8 10 10 7 8 8 10 2 11 11 5 5 11 11 4 4 4 4 4 4 4 3 5 5
ppo_x50_b_fd_l4,61,qv18_64,18,155,True,712.0,2.0667872428894043,8 8 10 9 8 8 10 10 8 8 11 5 10 10 7 8 8 10 10 7 8 5 10 0 10 8 8 9 5 10 10 8 8 10 0 10 8 8 10 10 8 8 9 5 11 11 5 5 11 11 5 5 11 4 11 4 5 2 10 8 4 11 11 5 5 11 11 5 5 9 5 4 10 10 8 8 10 7 8 10 10 7 2 6 8 10 10 8 2 3 11 5 10 7 10 8 7 8 7 11 2 11 3 4 5 7 11 11 5 4 1 3 5 4 4 11 5 10 8 11 11 4 5 8 11 2 9 5 11 11 2 5 9 8 11 11 5 5 7 7 0 7 7 7 6 7 0 9 7 8 7 10 7 7 7 10 7 8 2 9 5 11 11 5 2 9 5 10 8 11 4 4 4 11 5 5 4 4 11 5 7 11 11 5 5 11 11 5 2 9 8 10 10 8 8 10 10 8 2 11 5 7 10 10 8 8 7 9 8 10 10 7 7 7 8 2 9 5 11 11 5 5 11 1 5 11 11 5 3 4 11 5 5 4 4 11 4 4 11 5 2 3 10 8 10 10 7 7 8 5 10 7 8 7 7 7 7 7 10 7 8 1 11 11 3 5 5 11 5 4 11 4 4 4 11 4 5 2 9 8 10 8 10 10 8 8 7 10 7 8 1 11 9 4 5 5 10 8 11 11 5 2 11 5 11 11 4 5 5 9 8 4 11 11 5 5 7 7 0 9 8 10 7 7 10 8 7 8 10 10 7 8 8 4 11 10 8 2 10 9 8 8 10 2 10 10 7 8 8 9 5 4 4 4 11 1 3 4 4 4 4 5 7 11 11 2 5 3 10 8 10 10 7 7 7 8 8 11 5 7 10 10 8 8 1 4 11 4 3 5 4 11 5 11 11 4 4 4 5 5 10 8 11 4 11 2 5 3 10 8 10 10 7 8 7 8 7 7 10 10 7 2 6 7 8 10 8 7 7 10 10 8 2 9 5 4 11 1 9 5 5 11 5 4 4 11 5 4 11 4 4 11 5 5 11 11 2 5 4 3 10 10 8 8 7 7 0 6 7 7 7 10 8 11 5 10 10 7 8 0 6 7 8 1 9 8 11 11 2 3 4 4 4 4 5 11 5 11 11 4 5 2 9 8 11 5 11 11 5 5 10 8 4 4 10 10 8 7 7 8 7 7 7 10 7 7 10 2 6 8 10 8 7 10 10 7 8 5 11 2 4 3 11 11 5 5 10 8 4 4 4 11 11 5 5 11 4 11 2 3 5 11 4 4 5 10 10 8 2 6 10 10 8 8 10 10 8 7 7 7 7 8 7 10 7 7 8 10 2 9 11 5 5 10 8 11 11 2 5 11 11 5 5 11 9 5 5 11 2 3 11 4 4 5 0 10 10 8 8 9 8 10 10 8 8 10 2 6 11 11 5 5 4 11 11 4 4 5 1 3 5 11 4 5 10 11 4 5 2 3 10 8 10 10 7 8 2 7 7 7 10 7 8 11 5 10 10 8 8 10 10 8 6 8 10 10 8 7 8 10 2 11 3 11 5 4 4 4 4 4 4 5 10 2 11 3 11 4 5 5 10 8 11 11 5 5 11 11 2 4 4 5
ppo_x50_b_fd_l4,62,qv18_65,18,158,True,733.0,2.359433889389038,8 8 10 9 8 8 10 10 8 8 11 5 7 11 11 4 2 5 4 10 10 8 8 10 8 10 10 7 8 8 9 10 8 8 11 5 11 5 10 10 7 7 8 8 10 10 8 8 11 5 4 10 10 2 6 8 10 10 8 8 10 2 11 3 5 4 11 11 2 3 4 5 10 8 11 5 4 4 4 4 4 10 8 11 11 5 5 11 11 2 5 3 10 8 7 7 10 7 10 8 8 11 5 10 10 7 8 8 7 7 7 7 11 11 2 5 11 3 5 4 1 4 11 11 4 3 4 5 8 4 11 2 11 11 5 5 7 7 7 10 6 7 8 10 10 8 2 10 7 9 8 8 11 5 10 2 10 10 7 7 7 7 7 8 8 9 5 11 4 5 4 10 10 2 7 8 9 5 10 10 8 2 11 5 11 9 5 5 11 11 5 5 4 4 11 2 9 11 5 5 10 8 4 4 11 11 5 5 4 0 6 7 7 7 7 7 7 10 8 7 7 7 7 11 11 5 2 9 5 11 11 2 5 3 4 11 4 11 4 4 5 2 9 8 11 5 4 11 4 11 2 3 5 10 8 4 4 10 10 8 7 8 7 7 7 10 10 8 2 9 8 4 11 5 7 10 7 10 8 8 10 7 7 7 8 11 11 2 5 11 9 5 5 11 4 4 5 11 4 11 4 5 2 4 9 4 5 10 10 0 7 8 8 10 7 8 10 6 7 7 7 10 8 7 7 8 11 2 6 4 11 4 4 11 5 5 4 10 8 11 11 5 5 4 4 4 11 5 10 8 11 10 7 8 2 9 10 7 8 5 10 8 1 11 9 5 5 4 10 8 11 11 4 4 5 5 11 2 9 11 5 5 4 0 6 7 10 8 7 10 7 7 7 7 7 8 7 7 7 7 11 10 8 8 4 11 11 5 4 5 10 10 8 2 9 8 7 11 11 5 5 10 8 11 11 4 4 5 5 10 8 7 7 7 10 8 7 11 11 5 5 11 5 11 11 4 4 5 5 10 8 11 11 5 5 11 11 4 5 2 9 5 11 11 5 5 11 5 1 3 10 10 8 8 10 7 8 10 10 2 8 10 8 10 9 8 8 7 10 8 10 2 7 11 9 5 5 4 11 5 4 4 4 11 5 11 2 3 10 10 2 7 7 6 8 11 10 8 8 7 10 10 8 7 7 10 8 8 7 11 2 9 11 5 5 11 5 4 11 5 11 11 4 4 4 2 3 5 11 4 5 11 11 5 2 9 5 11 10 2 6 7 7 7 7 8 7 7 7 7 10 10 7 8 5 10 7 10 8 2 9 5 7 11 11 5 5 4 4 11 5 10 10 8 8 11 5 11 11 2 3 5 10 11 2 3 5 11 11 4 2 3 4 4 4 5 4 4 10 10 8 2 9 8 7 10 7 7 10 8 2 6 11 4 5 0 10 9 8 8 7 7 7 7 7 11 5 11 2 3 4 11 11 2 5 11 11 4 3 4 5 5 10 7 8 11 11 5 5 11 4 5 4 10 10 2 6 8 10 7 8 10 10 8 8 10 10 8 7 8 10 10 8 8 10 10 8 8 10 8 7 11 10 8 2 11 11 3 5 5 4 11 5 7 7 11 11 2 5 11 11 5 4 4 5 9 4 4 11 4 4 5 5
ppo_x50_b_fd_l4,63,qv18_66,18,146,True,674.0,2.0108065605163574,8 8 10 10 8 8 10 10 8 8 9 5 10 10 8 8 10 10 8 8 11 5 10 10 7 7 8 5 10 10 8 8 10 10 8 8 1 9 5 4 4 4 4 4 4 4 4 10 11 5 5 4 4 4 10 10 8 2 9 10 8 8 7 10 10 8 7 7 8 10 10 8 7 7 7 7 10 8 8 1 9 5 11 11 5 2 10 8 9 10 8 8 10 2 11 11 5 5 11 11 4 5 5 9 8 11 11 5 5 4 4 11 5 10 2 9 8 1 3 4 4 11 11 5 5 10 7 8 10 10 8 2 9 10 8 7 8 4 11 5 10 10 8 8 7 7 10 10 8 2 3 10 7 7 8 11 11 2 5 9 7 8 7 11 11 5 4 4 4 5 4 4 4 4 4 11 5 11 11 5 5 0 7 10 7 8 9 5 10 10 0 7 6 7 8 8 11 5 7 7 10 10 8 2 9 8 11 4 4 11 5 5 11 5 11 5 0 9 10 8 7 8 10 7 10 2 8 7 6 7 11 11 5 5 4 10 8 10 8 11 11 4 5 4 4 1 3 5 4 10 11 5 5 4 4 4 11 11 2 4 5 4 10 9 8 8 7 7 7 10 2 6 7 7 10 0 9 8 5 10 8 10 8 1 11 9 5 4 5 4 11 2 4 3 10 10 2 6 7 7 8 11 2 9 10 8 8 10 10 8 8 10 7 7 0 6 8 4 4 11 11 5 5 10 8 11 11 5 5 11 11 4 4 5 5 10 2 9 7 11 5 5 4 11 2 4 9 11 5 5 4 11 5 0 9 8 11 5 10 10 7 8 7 8 7 7 7 10 8 11 5 4 10 10 8 7 7 8 11 10 7 7 7 8 2 9 5 10 10 8 8 4 4 11 4 2 9 5 4 4 4 4 4 11 4 4 11 5 2 3 7 10 10 8 8 7 7 7 7 7 7 7 7 11 11 5 5 10 8 11 11 1 3 4 5 5 7 10 8 11 4 4 4 11 2 5 3 10 8 10 10 8 8 10 2 6 10 7 7 7 10 7 8 2 9 11 5 7 8 11 5 11 5 4 11 11 5 5 11 4 11 5 2 9 5 4 0 10 9 8 8 10 10 8 8 11 5 1 11 11 5 5 4 4 3 4 4 4 4 10 10 8 2 9 10 8 8 11 5 10 10 7 8 8 4 10 2 9 10 8 8 7 7 7 7 7 10 8 0 10 10 8 7 8 9 5 4 4 11 5 4 11 11 4 5 5 4 11 11 4 4 5 2 9 8 11 11 5 2 3 10 8 7 7 10 10 2 6 7 7 8 11 5 7 7 10 10 0 6 8 8 10 2 10 8 6 11 11 4 5 5 10 8 11 4 4 5 11 11 5 5 11 2 6 11 4 5 7 11 11 5 5 4 4 11 5 0 9 5 10 8 7 7 1 11 11 5 5 4 11 5 4 10 10 8 8 9 8 10 10 7 7 2 6 7 7 8 10 7 10 7 7 2 8 9 5 10 10 8 8 10 10 2 8
ppo_x50_b_fd_l4,64,qv18_67,18,147,True,674.0,2.005110740661621,8 8 10 9 8 8 10 10 8 8 11 5 10 10 7 8 8 0 9 10 7 5 8 11 5 4 10 10 7 7 8 8 11 2 9 11 5 5 10 8 10 10 7 8 8 10 10 8 8 1 9 5 11 11 5 5 10 8 11 11 2 3 5 4 4 4 4 11 5 10 2 9 8 11 4 11 5 2 3 11 11 5 5 7 7 7 7 10 7 0 6 7 8 7 10 2 10 7 7 7 6 10 8 8 4 4 10 8 11 1 9 5 8 4 11 4 4 5 11 11 4 5 5 11 5 11 11 4 5 8 7 11 2 9 10 8 7 7 8 4 10 2 6 11 10 7 7 7 7 7 8 5 10 2 10 10 8 8 9 8 11 11 4 4 4 5 5 4 11 5 11 11 4 5 4 4 4 5 4 4 10 10 8 2 10 6 8 10 10 8 2 10 6 8 10 8 7 7 10 10 8 8 10 2 7 6 7 10 8 11 11 4 4 5 5 10 8 11 4 4 4 11 2 4 3 4 4 4 4 5 4 10 2 9 11 5 5 10 8 10 10 8 8 7 10 0 10 8 6 8 11 5 10 7 8 4 11 11 5 5 7 7 7 7 10 8 7 7 10 10 2 8 9 8 10 10 2 8 9 5 11 11 2 5 4 4 11 3 11 5 4 4 5 1 9 8 11 5 4 4 10 10 2 8 9 8 10 10 8 2 10 9 8 8 7 10 2 11 9 5 5 10 1 3 11 5 4 5 4 11 11 5 5 4 4 10 8 11 11 5 5 11 2 10 9 8 8 10 2 11 11 5 5 10 8 10 10 7 7 8 7 7 6 7 7 8 7 7 11 5 10 10 2 6 8 10 10 8 8 11 5 10 10 8 2 6 11 5 11 11 4 5 5 11 11 5 4 5 11 11 5 2 3 4 10 8 10 8 10 10 7 8 2 9 5 10 0 9 8 7 7 7 7 8 10 2 11 11 5 3 5 11 11 5 1 3 5 4 4 4 1 4 4 4 11 5 9 5 7 10 10 8 8 0 10 9 8 8 10 8 7 7 10 10 8 2 6 11 4 5 11 11 5 4 5 7 11 11 4 5 8 11 5 4 4 11 11 4 5 2 4 10 10 8 8 6 7 7 0 10 7 6 7 8 7 7 7 7 7 10 10 2 8 6 11 5 11 4 11 2 3 5 11 11 2 3 4 4 5 4 10 0 6 7 7 8 7 1 3 4 11 11 2 5 10 8 10 9 7 8 8 11 5 10 2 11 11 5 5 4 11 11 5 3 5 11 4 11 2 5 11 11 5 5 3 10 7 8 10 10 8 2 9 10 8 8 11 5 11 5 7 10 10 8 7 7 8 7 10 7 7 8 11 10 2 6 8 11 10 8 8 7 11 11 1 5 4 3 5 10 8 11 1 9 5 4 5 11 4 11 2 3 4 5 4 11 11 5 5 11 11 5 5 10 8 4 10 10 2 8 10 10 8 7 7 9 8 8 10 10 2 8 10 10 8 8 10 10 8 8 10 10 8 8
ppo_x50_b_fd_l4,65,qv18_68,18,155,True,727.0,2.074479579925537,8 8 10 9 8 8 10 10 8 8 11 5 10 0 10 6 8 8 10 10 8 8 11 5 10 10 7 8 8 4 10 8 10 10 8 8 11 5 7 7 7 11 11 5 5 4 4 10 2 9 8 11 11 5 5 1 3 4 4 11 11 5 2 4 4 4 4 10 10 8 8 7 9 7 7 8 10 7 10 8 8 11 5 7 7 10 10 2 6 8 10 10 2 8 7 10 10 8 8 4 4 4 4 4 4 4 4 4 9 5 11 11 2 4 3 5 7 10 8 0 9 7 8 11 11 5 5 7 10 8 7 7 7 10 7 8 4 1 11 5 6 4 11 11 5 4 4 4 4 11 5 4 5 4 10 2 10 10 6 8 7 8 7 0 7 10 9 8 5 7 10 8 10 10 7 8 8 10 10 8 2 6 11 5 4 4 11 4 4 5 11 11 4 5 5 10 2 9 8 7 7 7 10 10 7 7 8 7 8 7 11 2 6 11 11 5 5 4 4 4 4 11 4 4 4 1 9 4 5 4 4 4 5 11 2 10 9 8 8 10 10 7 8 8 11 5 10 2 9 10 8 8 10 8 7 7 11 1 11 5 3 4 4 5 11 11 2 5 9 8 7 10 10 2 8 3 11 5 4 4 4 10 10 8 8 0 9 8 7 10 10 0 7 7 8 8 7 7 9 10 8 8 7 10 8 4 10 10 7 8 5 1 9 5 11 11 1 3 5 4 4 5 10 8 7 10 8 11 11 2 5 9 5 11 11 5 4 5 11 5 4 11 11 2 5 4 4 3 11 5 10 10 7 8 7 8 7 7 7 7 0 7 7 7 9 10 8 8 10 2 11 11 5 5 4 11 9 4 5 5 11 2 9 11 5 5 11 5 11 4 4 5 10 10 8 8 10 0 6 8 7 7 0 9 8 11 10 8 8 10 10 8 2 10 7 10 7 8 8 9 4 5 10 8 11 11 5 5 11 11 2 3 5 4 11 4 5 10 8 10 8 11 11 5 4 4 4 5 10 11 4 5 2 6 4 4 11 5 11 2 3 10 10 7 8 2 9 8 10 10 8 7 2 6 10 10 8 8 10 8 7 7 7 10 10 8 2 6 11 4 4 11 5 5 10 8 10 8 11 11 4 4 5 1 9 5 5 11 4 11 5 5 4 10 10 8 2 9 8 4 4 4 11 5 7 10 10 8 7 7 10 8 7 7 8 7 0 9 5 10 8 7 7 7 7 11 11 5 5 4 4 4 4 4 4 4 10 2 9 11 5 5 11 2 3 11 5 10 10 7 7 7 8 7 8 11 2 9 10 2 6 7 8 7 10 7 8 11 11 2 5 4 9 5 11 11 5 4 5 7 10 2 11 3 11 5 5 11 11 5 2 9 8 4 11 11 4 2 3 5 11 2 10 9 8 8 11 5 4 4 10 10 0 8 8 7 6 7 7 7 10 8 10 8 7 10 10 8 8 7 11 2 3 4 11 4 11 5 4 5 10 8 11 11 4 5 5 11 5 10 10 8 2 10 7 7 6 8 10 10 7 7 7 8 8 7 10 2 11 11 3 5 4 4 5 10 7 8 10 2 11 11 5 5 11 11 5 4 4 3 5 10 2 11 3 11 5 5 11 11 2 3 5 11 11 2 5
ppo_x50_b_fd_l4,66,qv18_69,18,155,True,727.0,2.096212863922119,8 8 10 10 8 8 10 10 8 8 9 5 10 10 8 8 0 9 5 10 10 8 8 10 10 8 8 11 5 7 10 10 8 8 10 10 8 8 10 10 8 8 11 5 1 11 9 5 5 11 4 5 4 11 5 4 1 4 3 4 4 11 11 5 5 11 2 3 10 10 8 8 10 10 8 2 6 10 7 7 7 0 9 8 7 7 8 11 2 11 9 4 5 5 11 11 5 5 11 11 4 5 8 11 5 4 11 11 2 5 9 8 10 10 2 8 11 5 4 3 10 10 8 8 10 10 8 7 8 7 10 0 6 7 7 10 7 8 7 8 11 10 8 2 10 9 8 8 4 11 1 3 5 4 4 4 11 4 5 11 10 7 8 8 11 5 7 10 0 6 8 7 7 10 10 8 2 9 8 11 4 11 5 5 11 11 5 5 11 4 5 0 10 8 7 6 11 11 4 4 5 4 5 11 2 11 9 5 5 7 0 9 7 8 11 5 7 7 10 10 2 8 6 10 8 1 11 9 5 4 5 11 2 7 11 11 4 5 5 11 4 10 8 8 9 8 11 10 8 8 7 7 7 7 7 7 7 7 11 11 5 1 5 11 9 5 5 4 1 4 3 4 4 4 4 11 5 10 10 8 2 6 11 5 4 4 4 4 10 10 8 2 6 10 8 7 7 7 10 7 7 7 10 2 8 9 5 10 10 8 8 11 2 9 4 4 4 4 5 11 11 5 5 11 5 0 10 9 8 8 7 7 10 8 11 2 3 10 7 7 7 7 7 7 8 11 11 2 5 11 11 5 5 11 4 9 5 5 11 4 11 2 5 10 8 4 11 11 4 3 4 5 5 11 5 11 11 2 5 10 8 7 10 10 6 8 2 9 8 11 5 10 10 8 8 10 7 10 8 8 10 10 7 8 8 4 11 2 9 10 8 8 11 5 10 11 5 5 11 11 2 3 4 5 11 11 4 5 2 4 11 11 4 5 5 9 8 7 7 7 10 8 10 10 2 8 7 7 7 7 6 7 7 10 8 11 5 7 10 10 2 8 9 5 11 11 4 4 5 5 10 8 4 4 11 4 4 4 11 2 5 3 4 4 11 11 5 2 3 10 8 10 10 7 8 7 7 8 0 9 5 10 10 8 7 7 7 8 11 5 7 10 10 2 8 9 5 7 11 5 4 4 11 11 5 5 7 11 2 9 5 10 10 0 8 8 10 7 9 8 7 8 10 2 6 11 11 5 5 11 11 2 3 4 4 4 4 4 4 4 5 10 2 9 7 8 11 11 5 5 11 5 10 11 5 4 5 4 10 10 8 2 7 7 10 9 8 7 7 8 11 2 4 10 9 8 8 7 10 8 10 10 8 8 11 2 9 5 4 4 11 11 5 8 4 4 4 11 5 11 2 3 7 10 8 10 10 8 8 11 10 2 6 8 7 7 7 7 7 10 7 10 8 2 6 11 5 11 11 5 2 9 5 11 11 4 2 3 5 7 10 11 4 4 5 8 11 4 11 2 5 9 8 4 4 1 9 5 11 11 5 4 5 10 11 2 5 10 6 10 8 7 7 8 7 7 10 7 7 8 4 11 11 5 5 10 10 7 7 8 8 7 7 10 7 7 8 10 2 11 11 5 5 11 11 5 5
ppo_x50_b_fd_l4,67,qv18_7,18,158,True,750.0,2.1933681964874268,8 8 10 10 8 8 10 10 8 8 9 5 10 10 8 0 8 9 7 7 10 7 7 8 8 11 2 10 10 7 8 8 9 5 10 10 8 8 4 11 2 4 9 5 4 11 11 4 5 8 11 1 4 9 5 5 11 5 4 4 11 1 3 5 11 11 5 2 9 7 8 7 7 11 11 5 5 10 7 7 7 2 9 10 7 8 8 11 5 10 10 8 8 10 8 7 7 10 10 8 8 7 10 2 6 11 11 4 5 4 5 10 2 9 8 4 11 11 1 5 3 5 4 4 4 4 4 11 11 4 5 5 10 2 9 7 8 7 11 10 7 7 0 6 8 8 7 7 10 8 7 10 10 8 2 9 8 10 8 4 11 4 5 11 11 4 4 5 5 1 9 5 4 10 10 8 8 10 8 7 11 11 5 5 11 5 7 7 11 11 4 4 4 4 4 4 5 5 10 8 0 9 8 7 7 7 0 7 6 7 7 11 10 8 8 11 10 7 8 2 9 5 7 7 7 7 11 11 1 5 5 11 5 9 11 5 4 4 5 1 4 11 4 9 5 5 4 11 2 11 11 4 5 5 9 8 7 7 7 0 9 10 8 8 11 5 7 7 11 10 7 8 8 10 7 7 10 2 8 11 5 9 11 4 4 5 5 11 2 3 11 11 5 5 4 4 11 5 4 10 10 8 7 2 10 6 8 7 7 7 7 7 7 7 7 10 11 5 5 11 2 9 5 11 11 4 5 2 9 8 4 4 4 11 5 4 4 4 10 10 8 2 6 10 7 8 10 10 7 7 8 7 7 8 11 2 10 10 8 6 8 10 8 10 10 2 8 9 5 11 11 4 5 4 5 4 4 4 4 4 4 11 5 10 8 11 11 2 3 5 10 8 7 10 7 10 7 8 0 9 8 7 8 10 8 1 11 9 5 4 5 4 4 11 5 11 5 11 11 5 2 11 11 4 3 5 8 4 10 10 8 7 8 7 7 7 7 7 7 10 8 11 2 10 6 7 10 8 8 10 2 6 10 8 11 11 4 5 4 5 10 8 11 4 11 5 5 11 11 5 4 5 4 10 2 10 10 8 6 7 7 7 7 7 8 11 5 11 11 2 5 3 4 4 4 11 5 11 4 11 5 2 9 8 4 4 4 4 10 10 0 7 8 8 6 7 7 7 7 10 10 8 2 3 7 10 8 7 7 7 7 11 11 2 5 11 9 5 5 11 5 11 11 5 2 9 8 11 11 1 3 4 5 8 11 11 4 4 5 5 10 2 10 9 8 5 7 7 10 8 7 7 7 10 8 7 10 10 8 2 9 8 4 4 11 11 4 5 8 4 11 4 5 11 11 4 4 5 5 10 8 11 1 9 5 5 11 2 3 10 10 8 8 11 5 10 10 7 8 8 7 10 7 7 0 6 7 8 7 11 11 5 5 7 10 8 7 7 7 11 11 2 5 3 11 4 4 4 5 11 4 11 2 5 9 11 5 5 4 4 10 0 8 6 7 10 7 10 2 8 6 7 7 0 10 9 7 8 5 10 2 10 8 6 11 11 2 5 11 11 5 5 11 9 5 5 11 11 5 5 10 8 4 4 4 11 4 11 5 4 5 11 2 4 4 10 10 8 8 9 7 8 11 5 10 10 2 6 7 8 11 2 10 6 10 7 8 8 10 8 4 10 10 2 6 8 10 10 2 8
ppo_x50_b_fd_l4,68,qv18_70,18,155,True,720.0,2.051367998123169,8 8 10 9 8 8 10 10 8 8 11 5 10 10 7 8 8 10 10 8 8 11 5 10 10 7 8 8 10 10 8 8 11 5 11 4 10 2 8 9 8 10 7 7 7 10 7 8 5 4 10 2 11 11 3 5 5 11 4 4 4 5 4 11 1 4 9 5 5 11 4 5 11 11 5 5 10 2 10 6 10 8 7 7 7 7 7 7 7 8 10 10 8 8 11 2 6 11 4 1 3 11 5 5 10 7 8 11 11 4 4 5 5 10 8 11 11 4 5 5 11 4 5 4 4 10 2 9 10 8 7 8 11 5 10 10 8 10 8 7 7 7 7 1 9 5 5 10 8 7 7 7 10 7 10 8 2 9 10 8 8 11 5 11 5 7 7 11 11 2 3 4 5 4 11 5 4 1 3 4 4 11 11 4 5 8 11 5 11 1 4 5 3 10 10 8 2 9 8 10 10 7 8 7 8 10 7 8 4 10 10 8 8 11 2 11 5 3 4 11 4 4 11 2 4 5 3 7 10 8 10 10 7 8 5 10 7 7 8 4 10 10 8 7 8 7 11 2 10 9 8 8 1 9 5 11 11 5 5 4 11 1 4 3 5 10 10 8 8 10 10 8 8 7 7 7 10 8 10 2 11 4 9 5 5 11 4 11 5 5 11 11 2 3 4 4 5 11 11 5 2 9 8 4 11 11 5 5 7 7 0 9 8 7 10 10 2 8 10 6 7 7 7 8 7 7 11 11 2 5 11 4 5 9 5 4 4 4 4 4 11 11 5 2 10 8 10 7 10 7 8 6 8 10 7 10 7 8 5 10 7 10 7 7 8 2 9 10 8 4 5 4 11 5 11 4 4 4 4 4 11 2 5 6 11 4 5 11 5 4 11 11 2 3 5 7 7 7 7 10 8 10 10 7 8 8 11 5 7 10 10 8 8 10 2 10 9 8 8 10 2 9 10 8 7 8 4 11 5 4 4 4 4 11 4 5 10 8 11 4 5 4 4 4 4 4 11 11 5 2 10 8 10 10 7 7 6 7 8 7 8 10 7 8 10 10 7 8 2 10 10 8 8 6 7 11 11 5 2 9 5 10 7 8 11 11 5 5 10 11 4 2 3 5 4 4 4 11 4 4 4 5 10 10 2 8 9 8 11 5 10 10 7 2 8 10 9 8 8 11 4 5 10 10 8 7 8 4 11 5 7 10 10 2 6 8 10 10 2 8 9 5 11 1 3 4 5 11 4 4 5 4 4 4 4 11 11 5 2 3 10 8 10 10 8 8 10 10 2 6 8 10 8 7 7 7 7 7 10 10 7 7 8 2 9 7 11 5 5 11 4 4 4 5 11 4 4 11 2 5 9 8 4 4 4 4 10 10 8 2 9 5 10 10 7 8 8 11 5 10 0 9 8 7 8 7 10 2 6 7 10 10 7 8 8 11 5 10 10 8 2 3 11 5 4 4 11 11 2 3 5 11 1 9 5 8 11 5 4 11 4 4 4 11 5 4 4 5 11 2 10 10 8 8 10 10 8 8 10 10 6 7 8 7 7 8 11 2 3 10 10 8 8 7 7 7 10 8 7 11 11 2 5 9 5 11 11 2 5 11 11 5 3 4 4 5 11 11 2 5
ppo_x50_b_fd_l4,69,qv18_71,18,154,True,728.0,2.0951523780822754,8 8 10 10 8 8 10 10 8 8 9 5 10 10 8 8 10 10 8 8 11 5 4 11 5 10 10 7 8 8 10 10 8 8 10 10 8 8 11 5 11 10 7 7 8 8 11 5 11 5 10 10 7 8 2 4 10 10 7 8 8 9 5 11 4 11 5 4 4 11 4 5 4 5 4 11 4 4 4 11 5 5 7 10 2 10 6 8 7 10 7 10 7 8 8 4 10 10 8 8 7 10 8 7 10 10 8 2 9 8 11 4 4 11 4 5 5 11 11 2 5 11 4 5 4 4 4 4 4 4 4 10 10 8 8 9 8 7 11 5 10 10 8 7 7 7 8 0 6 7 7 7 10 8 7 1 11 11 5 5 11 4 9 4 4 5 5 11 4 5 11 4 5 0 7 10 10 8 8 9 10 8 8 7 0 9 8 7 7 7 10 7 8 4 11 11 5 2 6 11 5 11 4 11 5 4 1 3 4 5 4 11 11 5 2 9 4 4 5 10 7 7 7 7 7 10 8 8 11 5 10 10 7 2 6 7 8 7 10 7 7 10 7 8 5 4 0 9 5 11 11 5 5 10 8 10 10 8 8 11 5 4 11 11 4 5 5 4 4 11 4 5 11 11 5 2 9 5 7 10 8 10 10 8 8 10 10 7 8 5 10 10 2 8 9 5 11 4 4 11 5 4 4 5 11 11 4 4 5 5 10 8 11 11 5 5 11 2 10 10 8 6 8 10 8 10 7 7 7 7 7 7 10 8 2 9 11 4 4 2 5 4 11 5 3 4 11 11 4 4 5 8 0 9 8 10 7 7 10 8 8 11 5 1 9 11 4 5 5 4 4 10 2 10 10 8 8 7 7 7 6 7 7 7 7 7 10 8 11 5 7 7 10 2 7 6 11 11 5 2 3 4 4 4 11 5 4 11 4 4 5 0 9 10 7 7 8 8 7 11 2 9 11 5 5 10 7 7 7 8 7 7 10 8 11 11 2 5 11 11 3 5 5 11 4 4 11 5 5 10 8 11 2 10 7 6 10 8 8 11 4 5 10 8 10 10 2 8 9 8 7 7 10 10 2 8 4 9 5 11 11 4 1 3 4 4 1 3 4 5 5 11 4 5 7 10 11 4 5 5 10 8 4 4 11 11 5 2 3 10 7 10 7 7 2 6 7 8 7 7 0 9 5 10 7 7 8 10 7 8 11 11 2 5 11 4 3 5 11 4 11 5 4 5 7 7 11 2 10 9 7 8 5 7 7 10 2 10 7 8 7 6 7 11 11 5 4 1 5 11 3 4 5 4 4 4 4 4 4 1 9 5 11 11 2 3 5 10 8 10 10 8 8 10 10 7 8 8 10 7 7 7 7 8 11 4 11 2 5 11 9 5 5 11 11 5 5 11 2 11 4 5 9 10 8 8 4 4 4 11 2 3 10 10 7 7 2 6 7 7 7 8 10 10 7 7 8 7 8 11 4 5 10 2 10 10 8 8 6 11 4 4 11 4 5 2 11 5 4 11 11 5 5 9 4 5 10 7 7 8 10 10 8 7 8 4 10 10 8 8 10 7 8 10 10 8 8 10 10 2 8 9 5 11 11 5 4 4 5 11 11 5 5 11 11 2 5 11 11 4 4 3 5 5 11 11 2 5
ppo_x50_b_fd_l4,70,qv18_72,18,154,True,726.0,2.065577745437622,8 8 9 10 8 8 10 10 8 8 11 5 10 10 7 8 8 11 5 10 7 10 8 8 10 10 8 8 11 5 4 11 5 10 10 7 2 6 8 10 0 9 8 8 11 5 11 4 5 11 5 10 10 7 8 8 10 10 7 8 8 10 10 8 8 1 9 5 4 4 10 10 8 8 11 5 10 11 2 3 5 4 4 4 4 4 11 4 5 11 11 5 4 5 11 2 11 9 5 5 7 0 6 7 10 7 8 7 7 0 9 5 10 8 7 7 10 10 8 7 8 11 11 5 2 9 8 4 4 11 11 4 1 3 4 4 4 5 7 8 11 4 11 5 5 10 8 7 11 2 9 10 8 8 7 10 8 7 7 7 11 2 11 11 4 3 5 5 11 5 10 2 11 11 5 5 11 9 5 5 11 4 5 7 7 7 0 7 6 7 10 7 7 7 7 7 8 7 7 7 10 2 11 11 4 3 5 2 9 5 4 11 4 11 4 4 5 5 10 8 11 4 11 5 2 11 4 4 4 11 5 5 9 8 10 0 8 9 10 7 7 8 7 8 7 7 7 10 8 11 5 7 10 10 8 8 0 10 9 8 5 4 11 5 11 11 5 4 11 5 5 4 4 4 4 4 11 5 10 8 10 10 2 6 8 11 5 7 10 10 8 7 10 8 8 7 7 7 10 10 2 8 3 11 5 10 7 10 8 7 8 11 2 3 11 5 4 11 11 4 4 4 5 5 10 2 11 11 5 5 11 4 4 9 4 5 8 10 8 4 11 11 5 5 1 9 8 10 7 7 10 8 7 7 8 10 7 0 9 8 5 7 10 8 10 10 2 6 7 7 8 7 11 2 11 11 5 5 3 4 4 4 11 1 9 5 5 10 8 11 11 4 4 5 5 10 8 11 11 5 5 10 8 4 11 11 2 5 11 11 5 5 9 8 7 10 8 10 10 8 7 8 7 7 10 8 7 7 0 9 10 8 7 7 7 8 4 11 5 10 2 6 11 11 4 5 4 5 11 2 11 11 4 5 8 11 5 11 4 9 5 5 7 10 2 9 10 8 7 7 7 8 11 10 2 8 10 10 7 8 5 11 5 11 11 4 4 4 3 5 4 4 4 4 4 4 5 0 10 9 8 7 7 8 11 5 10 10 8 7 7 8 7 7 11 10 8 7 0 6 7 7 8 7 11 2 11 11 5 4 3 5 4 4 11 5 4 4 4 4 11 4 5 0 9 5 10 10 8 8 4 11 5 10 10 8 8 11 5 4 4 10 10 8 7 7 7 8 11 10 8 8 10 10 8 8 11 5 10 10 8 8 0 9 8 7 1 9 11 5 5 11 4 11 5 2 4 3 4 4 11 11 4 2 4 3 5 7 0 9 8 10 7 8 10 10 7 8 8 7 10 7 8 11 2 9 11 4 5 5 10 8 11 11 5 5 10 8 11 11 2 5 3 10 8 10 10 7 7 7 8 8 10 10 8 7 7 8 11 5 7 11 11 5 5 11 5 11 11 5 5 7 10 8 7 0 6 7 11 11 4 4 5 4 4 5 10 8 10 10 8 8 7 11 11 5 4 4 4 5 7 11 11 5 4 4 11 5 5 11 11 5 5 11 4 5 10 10 2 8 10 9 8 7 7 8
ppo_x50_b_fd_l4,71,qv18_73,18,151,True,698.0,2.0751962661743164,8 8 9 10 8 8 10 10 8 8 11 5 10 10 7 8 8 10 10 7 8 5 10 10 7 8 5 10 7 7 10 8 8 10 10 7 8 5 11 4 2 11 11 3 4 5 5 10 8 11 1 9 5 4 5 10 2 6 11 11 4 5 5 11 11 5 2 3 7 10 7 8 7 7 10 10 8 2 10 6 8 10 10 7 7 8 5 10 2 11 11 5 5 10 8 11 11 5 4 5 11 11 5 4 3 4 4 5 4 4 4 4 4 4 0 10 10 8 8 9 8 10 7 7 7 8 7 7 10 8 11 4 4 11 2 3 5 11 2 11 9 5 5 0 10 7 6 7 8 10 7 7 7 10 2 8 9 5 4 10 0 9 8 8 10 2 6 7 11 11 5 4 4 4 4 4 4 4 4 5 10 11 4 4 5 5 11 2 10 10 8 6 8 10 2 6 7 7 10 10 8 8 10 10 2 6 7 8 10 2 6 10 8 11 4 11 5 5 11 11 2 3 5 4 4 11 1 3 4 11 5 5 10 8 11 4 11 4 5 5 10 8 11 11 5 2 10 6 8 11 10 8 8 7 7 10 10 8 8 11 2 9 10 8 8 7 10 7 8 7 7 7 7 11 10 8 8 4 11 2 11 11 3 5 4 4 5 11 2 4 4 3 11 5 7 0 6 10 10 8 8 10 10 8 2 9 8 10 11 5 4 5 4 11 5 11 5 4 4 4 11 11 5 4 5 0 10 9 8 7 8 7 11 11 2 5 10 8 6 7 7 7 10 10 2 6 7 8 10 2 7 6 7 10 10 8 8 11 5 4 11 11 5 5 4 4 11 4 5 11 11 4 5 5 11 11 2 5 10 8 9 11 5 7 8 11 5 10 10 8 8 10 10 7 7 7 8 5 10 2 9 10 8 8 4 11 4 5 10 2 9 10 8 8 10 7 8 10 10 7 8 8 4 10 8 11 11 5 4 4 5 11 2 3 4 10 10 8 8 11 5 11 4 11 4 4 4 5 5 4 4 4 4 10 10 8 8 0 9 8 11 5 10 7 7 10 7 2 8 11 5 11 5 11 9 5 5 10 7 8 11 10 2 8 10 10 8 8 7 7 7 9 7 8 10 10 2 8 6 10 8 11 11 5 4 4 4 4 5 4 4 4 1 4 4 4 4 11 5 3 10 10 7 8 8 10 8 4 11 5 10 10 7 7 8 8 4 10 8 7 10 10 8 8 10 7 7 7 7 7 10 2 8 11 5 11 11 4 3 5 5 11 4 1 3 4 4 5 10 10 8 7 8 11 5 11 4 11 4 5 5 7 10 8 11 11 5 5 11 11 5 2 11 9 5 5 11 2 3 10 10 7 8 8 10 10 8 7 8 10 10 7 7 8 8 10 10 8 8 10 2 9 8 11 11 5 4 4 5 7 0 9 8 7 10 10 2 7 8 9 5 7 11 11 5 4 4 5 4 1 9 4 5 10 8 11 4 4 5 11 11 2 3 5 4 4 10 10 8 2 9 8 10 10 7 7 7 8 8 7 10 8 7 11 2 9 10 8 8 11 11 4 5 5 11 11 5 5
ppo_x50_b_fd_l4,72,qv18_74,18,147,True,691.0,2.0467441082000732,8 8 10 9 8 8 10 10 8 8 11 5 10 10 7 8 8 7 7 7 7 10 10 8 8 11 10 7 8 8 1 9 5 11 4 5 4 11 11 4 5 8 11 1 9 5 5 4 10 2 9 10 8 8 11 2 10 10 7 8 7 7 6 8 10 7 7 10 8 8 4 11 2 9 4 5 10 10 8 8 4 4 4 11 2 3 4 4 11 5 11 11 4 4 5 2 9 5 4 11 11 5 5 7 7 10 7 8 7 11 5 10 10 8 7 7 8 4 11 5 7 10 7 10 8 7 8 11 11 5 2 9 8 11 4 5 10 10 7 7 7 8 8 11 10 7 8 2 9 5 7 11 11 5 4 5 10 8 11 11 5 5 11 5 11 11 4 2 3 5 4 4 11 5 10 8 11 4 11 5 5 4 1 9 5 10 7 8 7 10 8 7 7 10 1 9 8 8 7 7 7 10 8 7 7 11 10 8 8 10 10 2 8 9 5 11 4 11 4 5 4 5 4 11 4 4 4 4 4 4 4 11 4 5 8 0 9 8 10 10 8 2 10 10 8 7 8 6 7 11 5 10 8 7 10 8 10 10 2 8 6 11 5 4 11 11 2 5 11 3 5 11 11 2 5 10 8 7 10 6 7 8 10 10 7 8 7 7 8 11 5 11 11 5 2 9 5 7 7 10 7 8 11 11 5 5 10 8 11 11 5 5 4 4 4 4 4 1 9 1 11 3 2 3 4 5 11 11 2 5 9 8 11 11 4 5 8 10 2 9 8 10 10 2 6 7 7 8 10 10 8 2 6 11 5 11 4 11 5 2 11 4 5 3 4 10 10 8 8 7 7 0 10 6 8 7 7 7 7 7 7 7 7 10 8 4 10 2 11 11 5 5 11 11 5 3 4 4 5 11 11 5 5 11 11 5 2 9 5 10 8 4 11 1 9 5 4 4 5 10 2 10 6 10 8 8 7 7 7 7 7 10 8 11 4 10 8 2 9 8 10 10 8 8 7 7 10 10 8 8 11 5 11 1 3 11 5 5 4 4 4 4 10 8 11 11 4 5 5 4 0 10 10 7 8 5 3 10 8 10 10 8 8 4 11 2 3 11 11 5 5 4 4 11 5 4 11 5 11 2 10 9 8 8 10 10 8 8 1 9 5 10 10 7 8 8 11 5 10 10 8 7 8 11 10 7 8 7 7 7 8 10 2 11 9 5 5 0 10 8 10 10 8 7 8 9 5 4 11 11 4 4 4 4 5 2 9 8 4 11 11 2 3 5 10 8 11 4 4 4 11 5 2 9 8 10 10 8 7 7 7 8 11 2 3 10 8 7 7 7 10 10 2 8 9 5 7 7 7 11 11 1 5 3 4 5 11 5 4 4 4 4 4 1 9 5 4 4 11 11 5 5 7 7 10 2 9 7 11 5 5 10 8 7 10 7 10 8 8 10 7 10 8 8 10 2 7 6 10 8 11 11 5 4 4 4 5 11 11 5 4 5 11 4 4 11 2 5 9 8 10 10 2 8 10 10 8 8 6 10 10 7 7 8 8 11 2 10 10 8 8
ppo_x50_b_fd_l4,73,qv18_75,18,151,True,706.0,2.0095489025115967,8 8 10 10 8 8 10 10 8 8 9 5 10 10 8 8 10 10 8 8 11 5 4 11 5 10 7 10 8 8 10 10 8 8 10 10 8 8 11 5 10 10 7 8 8 1 9 4 4 4 5 4 10 11 5 4 4 5 11 11 4 4 5 5 4 10 10 2 8 9 8 10 7 7 7 8 7 10 10 7 8 8 7 7 10 10 7 7 8 5 1 9 5 10 8 11 4 4 5 11 11 2 5 4 9 5 11 4 1 3 4 4 5 11 2 11 11 5 5 4 6 7 7 7 7 7 0 7 9 8 7 10 10 2 6 7 8 7 10 10 8 2 9 8 4 11 4 4 5 10 7 8 11 11 2 5 4 3 4 11 1 11 4 5 5 9 8 11 4 4 5 1 9 10 8 8 7 7 7 7 7 10 10 8 8 7 7 10 10 2 6 8 4 11 5 11 11 5 4 5 11 11 4 5 4 4 5 11 4 4 5 4 4 10 10 8 7 7 8 11 2 4 11 5 9 5 10 10 8 8 10 10 8 7 8 10 8 11 11 5 5 7 7 10 8 4 10 10 8 7 7 7 7 7 8 11 1 3 5 4 4 11 4 4 11 5 2 4 11 11 5 3 5 0 10 7 7 6 7 8 11 5 10 7 0 9 8 8 7 7 10 2 6 7 7 11 11 5 2 9 5 4 11 11 5 4 5 4 4 4 11 2 4 11 3 1 3 4 5 4 10 10 8 2 9 7 8 11 5 10 10 2 6 7 7 8 11 4 5 10 7 7 10 8 2 9 7 10 7 7 8 5 7 1 9 11 5 5 10 8 10 10 8 8 11 5 4 11 11 5 5 11 11 5 5 11 11 5 5 11 2 11 9 5 1 4 4 5 9 7 8 10 8 7 7 10 10 8 7 8 7 10 10 2 6 8 7 7 7 10 8 1 11 5 11 11 5 3 5 11 5 11 11 2 3 4 5 11 2 4 11 4 3 11 4 4 4 5 2 9 8 10 8 7 10 7 7 7 7 7 7 8 7 7 11 11 2 3 4 5 11 5 7 11 5 4 4 11 10 8 2 10 8 10 10 6 8 8 10 7 7 10 2 8 9 5 4 4 11 1 9 5 4 5 11 2 11 11 5 3 5 11 11 5 2 9 8 4 11 11 5 5 7 7 10 8 7 11 5 4 11 5 7 10 10 8 8 7 7 7 7 7 7 7 7 10 8 10 2 9 10 8 8 1 3 4 4 4 11 5 10 10 8 7 8 11 2 4 4 11 9 4 5 8 11 2 11 11 5 5 10 7 7 7 6 8 10 2 10 10 7 6 8 5 10 10 2 8 9 5 11 5 4 4 11 11 5 2 11 4 4 4 9 5 5 4 11 4 5 0 9 8 10 10 7 7 8 5 10 7 7 7 10 8 2 6 11 5 11 11 4 5 4 4 5 10 11 5 5 4 1 9 5 11 2 4 4 4 10 10 8 8 9 8 10 8 10 10 2 8 7 6 7 10 8 7 7 7 10 8 10 10 8 2 10 10 8 8 9 5 11 11 2 3 4 4 5 11 11 4 4 5 5 10 2 11 3 11 5 5 11 11 2 4 4 5
ppo_x50_b_fd_l4,74,qv18_76,18,153,True,712.0,2.0148723125457764,8 8 9 10 8 8 10 10 8 8 11 5 7 7 7 10 10 8 8 10 10 7 8 5 10 10 7 8 5 10 10 8 8 1 9 5 11 11 5 5 11 4 4 11 5 2 6 11 4 5 10 11 4 4 5 8 11 5 4 4 10 0 9 8 8 10 2 10 7 7 7 7 7 9 7 8 5 10 2 9 10 8 8 7 11 11 5 4 4 5 10 7 7 8 10 2 11 9 5 5 10 8 7 7 7 7 11 1 11 5 5 9 5 4 4 4 11 4 5 4 10 10 8 8 11 5 11 11 4 4 5 2 9 4 5 10 7 8 10 8 7 10 7 7 10 8 2 9 8 7 10 10 2 8 9 5 11 11 2 5 9 7 8 11 11 5 5 4 11 5 4 4 4 4 11 11 4 4 5 5 0 7 10 8 11 9 5 5 7 10 7 8 1 9 5 10 10 8 8 7 10 8 10 1 9 8 8 7 10 8 7 10 8 4 1 9 11 5 5 4 4 11 11 5 5 11 4 5 11 11 4 5 8 1 9 5 10 7 7 10 8 7 7 8 7 1 11 9 5 4 4 5 10 2 10 6 10 8 7 10 8 7 8 4 11 5 10 10 8 8 10 8 10 10 7 8 7 8 11 2 9 10 8 8 11 4 1 9 5 5 4 4 4 11 5 10 11 2 3 5 11 1 9 8 5 4 4 11 11 4 4 5 5 10 2 6 10 7 7 7 7 7 10 7 7 8 2 3 11 5 7 10 10 8 7 7 8 10 2 10 9 8 8 4 11 4 4 4 4 11 4 2 3 4 5 4 4 11 11 4 5 2 9 8 11 11 5 2 3 7 7 7 7 10 7 10 7 8 8 10 10 8 2 3 10 8 10 2 6 7 7 10 10 8 2 9 8 4 4 11 11 5 5 4 11 5 4 4 4 4 4 10 10 7 2 8 10 8 10 9 8 7 8 11 5 10 2 7 10 7 7 6 8 11 11 5 5 4 11 11 4 5 5 4 4 4 11 11 4 2 3 4 5 7 7 10 2 9 8 0 10 10 7 6 8 8 10 10 8 2 10 8 7 7 10 7 6 8 11 5 11 11 5 5 11 11 1 3 4 5 8 1 4 11 5 11 5 4 4 4 11 11 5 4 5 9 8 7 7 10 8 7 7 7 7 11 5 11 5 4 10 10 8 8 10 10 2 8 9 10 8 8 10 2 10 6 11 4 5 5 10 8 11 1 9 5 8 10 8 11 4 4 11 5 5 4 4 4 10 10 8 8 7 10 2 3 10 8 10 10 7 8 2 10 8 10 10 8 6 8 10 7 7 10 8 2 9 5 11 5 11 11 2 5 3 4 4 4 11 5 4 4 11 4 4 5 4 11 11 2 5 3 10 8 4 10 10 8 8 10 1 9 8 7 8 7 10 7 7 7 8 10 7 7 10 8 8 10 10 2 8 6 4 4 11 11 2 4 3 5 10 8 11 11 4 5 4 5 11 11 5 5 4 4 10 2 11 9 5 4 5 11 2 3 10 10 7 8 2 9 5 10 10 7 8 8 11 5 10 10 2 6 8 10 10 2 8 10 10 8 8 9 8 10 10 2 6 8 10 10 2 8
ppo_x50_b_fd_l4,75,qv18_77,18,150,True,709.0,2.0470640659332275,8 8 10 10 8 8 10 10 8 8 9 5 10 10 8 8 10 10 8 8 11 5 10 7 10 8 8 10 10 8 8 11 5 11 4 5 10 10 8 2 10 8 7 7 6 11 11 5 2 3 4 4 4 11 5 11 11 4 5 2 11 5 4 4 4 3 10 10 8 8 0 7 6 10 7 8 7 7 7 7 10 7 7 8 11 11 2 3 5 11 11 5 5 11 11 4 5 8 4 4 4 11 4 5 10 8 0 9 8 10 0 9 7 8 5 7 7 10 7 8 10 7 8 10 10 2 8 7 6 11 11 5 2 4 4 3 4 4 4 4 11 5 10 2 6 11 4 4 10 8 8 11 5 4 11 4 4 4 11 5 2 9 7 10 8 8 11 5 10 10 8 8 7 10 8 10 0 9 8 7 8 7 10 10 8 8 10 8 1 11 3 11 4 4 5 4 5 11 4 5 11 4 5 7 7 7 11 11 5 2 11 11 5 5 10 7 7 6 8 10 10 7 8 5 10 7 8 4 10 10 8 8 7 7 7 7 10 8 10 2 3 11 5 11 11 5 4 4 4 4 4 5 11 2 9 11 5 2 4 4 11 9 5 5 11 2 4 3 10 10 8 2 9 7 7 8 10 10 2 6 7 8 10 10 2 6 7 8 10 10 8 8 10 2 11 9 5 4 4 5 4 11 1 9 5 5 4 11 11 5 2 9 8 10 10 7 8 8 11 5 7 10 10 7 8 5 10 7 8 10 10 7 8 2 9 4 5 11 11 5 4 4 5 4 4 0 9 11 5 5 4 4 11 4 5 11 11 5 2 10 8 10 10 7 6 7 8 8 7 10 8 11 5 10 10 7 7 8 2 9 5 10 10 7 7 7 8 7 8 1 9 8 11 11 5 4 4 5 10 2 3 11 11 2 3 4 5 10 11 2 5 9 5 4 4 4 11 11 5 2 10 8 10 10 7 6 8 7 8 10 10 7 8 2 7 10 6 10 8 8 11 4 5 10 7 7 10 8 2 9 5 11 11 5 5 11 4 1 9 5 5 4 11 5 4 4 11 4 4 4 4 11 2 5 3 10 8 10 10 8 8 10 8 10 10 7 7 7 8 8 11 5 10 10 2 6 8 10 7 8 1 11 9 5 5 4 11 11 5 5 4 11 5 11 11 4 2 5 9 5 4 4 10 10 8 8 7 7 7 7 10 7 8 7 11 11 5 5 7 10 8 10 10 8 8 10 10 8 8 10 7 8 11 2 11 11 5 5 4 4 4 3 11 4 5 4 1 9 5 4 11 4 4 5 10 10 8 2 7 9 8 7 7 7 10 10 8 8 11 2 10 9 8 8 7 7 7 7 7 10 11 2 5 11 11 5 3 4 5 4 4 4 10 2 11 11 5 3 4 4 5 11 2 11 11 5 3 4 5 10 10 8 7 7 7 7 7 7 8 10 7 7 7 7 11 1 4 3 4 5 8 11 5 11 11 4 5 2 6 11 5 11 5 11 11 2 3 4 4 5 11 2 10 10 8 6 8 10 10 7 7 2 8 10 10 8 7 7 7 8 9 8 11 5 10 10 8 7 8 7 7 11 11 2 5 11 11 5 5
ppo_x50_b_fd_l4,76,qv18_78,18,146,True,696.0,2.3048338890075684,8 8 10 9 8 8 10 10 8 8 11 5 10 10 8 2 10 9 8 8 10 10 8 8 11 5 7 11 11 5 5 7 10 8 7 7 11 11 5 5 11 2 7 11 4 3 11 5 4 5 4 11 11 4 5 8 7 10 2 10 7 8 6 10 8 7 7 7 10 10 7 0 8 8 9 10 8 8 10 10 8 8 4 10 8 11 11 5 4 5 10 10 8 2 11 5 3 4 4 4 4 11 5 4 11 11 2 3 5 10 8 11 11 4 5 5 11 11 5 2 9 5 7 7 10 10 7 2 6 7 8 11 2 10 6 10 8 8 10 2 7 10 7 6 7 10 8 7 8 11 1 9 5 4 5 4 10 2 11 5 4 3 4 4 4 4 10 8 11 11 5 5 10 2 6 10 7 8 4 11 11 5 4 4 4 4 5 10 10 2 8 11 5 3 10 10 7 0 6 8 8 7 7 11 10 7 2 6 7 8 1 9 4 5 10 10 7 8 8 10 7 7 7 7 10 8 4 5 10 2 9 8 11 11 5 5 11 11 5 5 4 11 5 10 2 6 11 11 5 5 4 11 11 5 2 11 3 5 4 11 11 2 5 3 10 7 7 10 0 8 6 7 7 7 7 7 8 11 5 10 10 7 8 2 9 5 11 4 11 2 3 5 11 2 3 10 10 8 8 10 10 8 8 10 10 2 8 3 4 4 11 4 4 4 4 4 5 4 4 10 0 8 6 7 7 10 8 7 7 10 10 8 2 10 7 7 8 6 11 4 5 11 11 2 3 5 11 4 11 2 3 4 5 11 5 4 1 3 4 4 11 11 5 5 7 10 2 10 9 8 5 10 10 7 8 5 10 8 0 9 10 7 8 8 7 10 2 10 9 8 8 7 11 1 3 4 5 11 11 5 5 10 2 9 8 1 3 11 11 4 5 2 3 11 5 11 11 4 5 2 9 5 10 8 10 10 7 2 6 7 8 11 5 10 10 2 6 7 8 10 10 2 6 8 10 10 2 6 8 11 5 10 10 7 8 8 4 10 2 10 8 7 6 11 11 2 5 11 5 3 11 5 4 4 4 4 11 5 4 11 5 11 4 5 4 11 4 10 8 2 9 8 11 5 10 10 7 2 6 8 10 10 2 6 8 10 7 7 10 8 7 7 8 7 7 10 8 1 11 11 4 5 3 5 11 5 7 10 8 11 11 4 5 5 10 11 1 3 5 5 11 2 9 11 5 4 5 10 8 7 7 7 10 7 8 10 8 7 11 11 5 2 11 3 4 4 4 5 4 11 4 11 2 3 5 10 8 10 10 8 8 10 10 7 8 8 10 2 7 7 7 6 10 7 8 1 11 11 5 5 9 5 11 11 4 4 5 8 11 5 10 7 8 4 4 4 1 4 4 4 3 4 10 10 8 7 7 8 0 9 8 10 10 2 6 7 7 7 7 8 10 7 10 7 7 8 5 4 10 2 9 8 11 11 5 4 5 4 4 4 11 5 10 8 11 11 2 3 5 11 4 5 4 10 10 2 8 9 8 10 10 8 8 10 10 2 6 8 10 10 8 8 10 10 2 8
ppo_x50_b_fd_l4,77,qv18_79,18,151,True,719.0,2.117875814437866,8 8 9 10 8 8 10 10 8 8 11 5 10 10 7 8 8 10 10 7 8 5 10 10 8 8 11 5 10 10 2 8 10 9 7 8 5 10 10 8 8 1 9 5 11 4 4 4 4 11 5 5 11 4 4 5 0 10 10 8 8 9 8 4 11 5 10 10 7 8 8 7 10 10 8 7 8 7 10 10 7 8 8 11 5 11 4 5 10 10 7 7 8 2 9 5 11 11 5 2 9 5 11 4 4 4 4 4 1 3 4 4 5 4 4 4 4 10 10 8 8 10 2 9 10 8 8 11 5 7 7 0 9 7 8 11 11 5 5 7 7 0 9 8 7 7 7 10 7 8 0 9 11 5 5 11 4 4 5 4 4 4 4 11 5 4 4 0 10 10 8 7 8 9 5 10 8 10 10 2 6 7 7 8 7 10 2 11 9 5 5 1 9 8 11 11 5 5 11 5 4 4 11 4 11 5 2 9 8 4 4 4 10 10 0 8 6 8 7 7 10 10 8 8 7 7 7 7 10 10 8 7 7 8 1 9 8 11 11 5 4 5 4 11 5 4 11 4 11 5 2 11 5 4 4 3 10 10 8 8 7 7 10 7 8 10 10 2 6 8 10 2 10 10 8 8 6 4 11 4 4 5 4 11 11 5 5 0 6 7 10 8 10 7 7 10 8 8 10 2 6 11 11 4 4 2 3 5 4 11 4 4 4 11 5 5 7 11 2 9 11 5 4 5 7 11 2 11 11 5 3 5 10 7 7 7 8 4 11 5 10 10 7 7 7 8 2 11 5 3 7 10 8 10 10 8 8 10 2 9 10 8 7 8 11 2 11 11 5 3 5 4 11 5 10 11 5 4 1 3 4 5 4 4 4 4 10 10 8 2 9 8 10 8 10 10 7 2 6 7 8 10 0 6 7 7 7 7 8 1 9 5 4 4 11 1 9 5 5 11 11 5 5 10 8 0 6 7 10 8 10 10 8 7 7 7 8 4 10 2 9 11 5 5 11 4 4 11 2 3 4 4 5 4 4 4 4 4 11 5 7 10 2 10 10 6 7 7 8 8 4 10 10 8 8 11 5 4 4 11 5 10 10 7 7 8 0 6 7 8 10 8 7 7 10 10 8 2 6 11 11 2 3 4 4 4 4 4 5 11 4 0 9 8 8 10 8 10 8 10 10 2 8 9 8 4 11 11 4 4 5 2 9 8 7 7 10 7 10 8 8 7 7 11 11 5 2 3 11 5 7 10 8 11 11 4 4 5 2 11 5 11 4 4 9 4 5 8 4 4 4 11 2 4 11 11 5 5 9 7 7 8 7 7 11 5 11 5 10 10 7 8 7 7 8 11 5 10 10 7 8 2 7 10 8 7 9 11 5 5 1 9 5 4 4 4 11 11 2 5 9 4 10 8 7 10 8 8 10 10 7 8 8 10 2 6 7 7 10 10 2 7 8 9 5 11 4 11 4 4 2 3 4 5 11 4 4 11 5 2 6 11 5 11 2 3 4 11 11 5 4 5 10 10 8 2 9 5 4 10 10 8 7 7 7 8 4 10 10 8 8 7 7 7 10 7 8 11 2 11 11 5 5 9 5 10 10 7 7 8 8 10 10 2 8 10 10 8 8
ppo_x50_b_fd_l4,78,qv18_8,18,151,True,712.0,2.029956579208374,8 8 10 9 8 8 10 10 8 8 11 5 10 10 7 8 8 10 10 8 8 11 5 10 10 7 8 8 10 10 8 8 10 10 8 8 11 5 7 7 7 11 11 5 5 4 4 4 4 10 2 9 11 4 5 8 11 2 3 4 11 4 4 11 2 3 5 10 8 10 10 8 8 10 7 8 7 10 7 0 7 8 9 7 7 11 5 5 11 5 11 11 5 5 0 10 7 8 9 11 5 5 11 1 9 5 4 5 4 1 3 4 4 11 5 7 11 11 4 5 5 10 8 11 11 5 2 9 8 10 10 8 2 3 7 7 10 10 2 6 8 10 7 7 10 8 7 7 7 8 10 10 8 7 8 10 2 11 4 11 5 3 5 11 5 11 4 11 2 3 4 5 1 3 4 4 11 5 11 4 11 5 2 9 8 10 10 8 8 7 7 7 7 7 7 10 10 8 8 7 7 10 8 11 2 11 11 5 5 11 9 5 5 11 4 5 10 0 9 8 8 7 10 8 1 11 9 5 5 11 4 11 4 4 5 4 5 0 9 7 8 10 8 4 11 11 5 2 9 8 10 7 10 2 6 8 7 10 10 8 8 10 10 8 8 10 10 8 8 10 2 11 11 5 5 3 4 4 4 4 11 4 5 4 4 4 4 4 10 8 11 2 11 5 4 4 10 10 8 6 7 7 8 7 11 2 11 5 3 11 5 11 10 7 7 7 8 7 7 8 11 4 4 5 10 8 10 10 8 2 10 9 8 8 7 7 7 7 11 5 10 10 8 2 9 8 4 11 11 4 5 5 11 11 5 5 0 9 8 11 11 5 5 4 11 11 5 5 4 10 2 11 11 5 3 5 0 9 8 11 11 5 5 10 2 9 10 8 2 10 10 7 7 8 8 7 6 7 10 7 8 4 11 5 10 7 10 2 6 8 7 10 10 2 8 10 9 7 8 5 4 1 9 5 11 4 4 4 4 4 4 11 5 2 3 10 8 10 10 2 8 9 8 10 10 8 7 8 4 11 2 11 3 5 4 11 11 4 5 5 10 8 11 4 4 11 5 2 4 3 10 7 8 10 10 7 8 5 7 7 10 8 7 7 7 0 6 7 0 6 7 10 10 8 2 11 5 11 11 4 5 5 11 9 5 5 4 10 8 11 2 11 3 4 4 4 11 5 5 10 11 5 5 4 4 4 10 10 7 2 8 7 7 7 7 10 8 7 9 8 10 10 8 8 11 10 2 8 11 3 5 11 4 1 9 5 5 10 8 11 11 4 5 8 11 4 4 5 4 4 11 5 10 10 7 8 2 10 9 8 7 8 11 5 10 0 9 8 7 7 7 8 7 7 7 11 2 9 10 8 8 7 10 2 6 11 11 4 4 4 5 5 4 4 11 5 7 11 11 2 3 5 11 2 9 5 4 4 4 11 11 2 5 3 10 7 8 10 10 8 7 8 7 11 10 8 8 10 10 8 2 10 7 7 8 7 6 11 11 1 5 5 9 11 2 3 4 5 4 11 5 10 8 11 11 4 5 2 6 11 5 11 4 4 5 4 10 10 2 8 10 10 7 7 6 8 7 7 7 7 8 11 4 5 10 10 2 8 10 10 8 8
ppo_x50_b_fd_l4,79,qv18_80,18,153,True,726.0,2.092076301574707,8 8 10 9 8 8 10 10 8 8 11 5 10 10 7 8 8 10 10 8 8 11 5 7 10 10 8 0 8 10 9 8 8 10 2 10 10 8 8 9 5 11 5 4 4 4 11 5 4 4 4 4 11 4 10 8 8 11 5 4 4 4 10 10 8 8 0 9 5 10 10 7 7 7 7 8 5 10 7 8 7 10 10 8 8 7 10 2 9 10 8 8 4 4 4 11 1 3 4 4 4 4 5 7 10 8 4 10 2 9 11 5 4 5 7 10 2 4 11 11 4 5 8 9 5 10 7 7 7 7 10 7 8 7 7 8 11 4 4 5 10 2 10 9 7 8 5 4 11 4 5 4 4 11 4 4 11 4 2 3 5 7 10 7 7 7 7 10 7 7 8 2 10 8 10 10 7 8 6 8 11 2 9 4 5 4 4 11 5 11 11 5 2 9 5 11 11 4 5 8 4 11 11 5 5 10 8 11 11 4 5 5 7 0 9 5 10 7 7 7 8 7 7 7 10 10 8 8 11 5 10 10 7 7 7 7 8 8 1 9 4 4 5 10 8 10 10 8 2 9 8 11 5 4 4 4 11 5 4 4 11 11 5 2 3 11 5 7 7 7 10 10 8 7 7 7 8 11 2 10 10 6 8 2 9 5 7 11 11 5 4 5 11 4 4 4 11 4 5 8 4 4 4 4 11 5 10 8 11 11 4 5 5 10 2 3 10 8 10 7 7 10 7 7 8 5 11 2 4 9 10 8 7 8 7 7 10 10 8 8 7 7 10 8 4 11 1 9 5 5 4 11 5 10 10 8 8 11 5 11 11 4 4 5 5 10 8 11 4 11 5 4 5 10 10 8 8 11 5 4 4 11 11 5 2 3 7 7 10 10 7 7 2 7 8 6 7 7 7 10 8 10 10 8 8 11 5 10 7 10 8 8 4 10 2 9 11 5 4 4 4 5 11 4 5 11 5 4 4 11 4 4 4 5 10 10 8 2 10 10 7 8 8 9 5 10 8 7 7 7 7 7 7 7 11 11 4 4 5 2 6 11 2 4 9 11 2 3 5 11 11 2 5 9 5 4 10 10 8 7 7 8 11 5 10 10 7 8 7 8 4 10 2 10 9 8 8 10 2 10 6 10 8 2 9 8 4 4 11 5 11 4 11 5 2 6 11 5 4 4 11 11 5 4 4 4 5 11 11 2 5 3 10 7 10 7 8 8 10 10 8 7 7 7 7 7 8 11 5 10 10 7 7 2 8 10 8 3 4 4 4 11 5 7 10 10 2 6 8 11 2 9 5 11 11 4 5 5 11 4 1 4 9 5 4 4 5 7 10 2 10 9 8 8 10 8 7 10 7 7 8 10 10 2 8 6 10 10 8 8 4 4 4 4 4 4 4 11 2 4 9 5 4 4 11 11 4 5 8 11 11 5 5 10 8 11 11 2 5 7 10 8 6 7 7 7 10 10 7 7 8 5 4 10 2 10 7 10 6 8 8 10 2 11 9 5 5 11 11 5 5 10 8 11 11 1 3 5 4 4 5 11 4 4 4 5 11 2 10 10 7 8 8 10 9 5 5 10 10 8 8 0 9 5 10 10 8 7 8 4 10 10 8 7 7 8 10 10 8 7 7 8 10 10 2 8
ppo_x50_b_fd_l4,80,qv18_81,18,154,True,732.0,2.1163156032562256,8 8 10 9 8 8 10 10 8 8 11 5 10 10 0 6 8 8 10 10 8 8 11 5 10 10 7 7 8 5 10 10 7 8 5 10 10 8 8 1 11 5 11 11 5 5 11 3 4 4 5 11 11 5 2 6 11 4 4 4 11 5 5 0 10 8 10 10 8 7 7 7 6 8 10 10 8 7 7 7 8 10 2 6 7 7 11 11 5 5 11 2 9 11 4 4 5 5 4 4 11 11 2 5 10 8 7 11 9 5 5 4 10 2 6 10 8 7 7 7 7 10 10 7 8 2 9 5 7 10 8 11 4 11 5 4 4 11 2 5 3 4 4 4 4 11 5 11 4 5 11 11 5 2 9 5 10 7 10 7 8 8 10 0 9 8 5 7 10 7 8 10 10 2 6 8 11 5 4 4 11 11 5 4 5 4 11 11 2 5 10 8 7 7 9 7 8 11 11 4 8 5 10 7 7 7 7 7 8 10 10 8 7 7 8 11 5 1 11 4 5 11 11 3 5 5 11 2 11 3 4 11 4 5 5 11 11 4 5 5 0 9 8 10 8 10 10 2 6 7 7 7 7 8 7 7 0 9 8 11 5 10 10 8 8 10 10 7 8 8 11 5 10 10 2 8 9 5 11 11 5 5 10 8 11 11 4 4 2 5 11 11 5 3 4 4 5 4 4 11 5 4 11 11 5 5 7 1 9 8 10 10 7 8 8 11 5 7 10 10 2 8 9 8 10 10 7 8 7 7 8 7 11 2 9 11 5 5 4 4 10 2 3 11 5 4 4 4 4 4 11 11 5 5 7 10 7 2 9 10 7 8 5 7 10 2 6 7 7 10 10 8 8 10 10 8 2 9 5 10 10 8 7 7 8 1 11 5 4 10 9 8 8 11 4 4 4 4 4 4 4 1 9 5 4 5 10 2 10 10 8 8 11 5 11 11 4 5 5 9 8 11 11 5 5 11 5 11 2 6 10 10 8 7 7 7 7 7 8 11 2 3 10 10 8 8 10 10 7 8 7 7 8 10 2 10 9 8 8 4 11 5 7 11 11 5 5 4 4 4 1 9 5 11 11 2 3 4 1 3 5 4 4 11 11 2 5 9 8 10 10 7 7 8 8 10 2 9 10 8 7 7 8 11 5 7 7 7 7 7 10 10 8 8 4 4 1 9 11 4 5 5 11 5 4 10 2 11 9 5 5 4 4 11 4 5 4 11 11 5 2 3 10 10 7 7 7 8 7 7 7 7 7 8 10 10 8 2 9 8 11 11 5 2 9 8 11 11 5 5 4 4 11 11 5 5 10 8 7 10 10 8 8 11 5 1 9 11 4 4 5 4 4 5 0 10 6 10 8 8 11 5 11 10 8 7 7 8 10 10 8 2 7 10 8 9 11 5 5 11 4 4 11 5 5 11 2 11 4 3 10 2 6 7 7 7 7 7 7 7 8 10 2 10 10 8 8 10 7 8 11 9 5 5 4 4 11 5 4 4 10 10 8 2 10 9 8 7 7 7 8 10 2 11 11 5 3 5 11 11 5 4 1 3 4 5 4 4 4 11 4 4 4 5 11 2 4 10 10 8 6 8 10 8 11 11 2 5 10 10 7 7 8 8 10 10 8 8 9 10 8 8 4 10 10 2 6 8 10 10 2 8
ppo_x50_b_fd_l4,81,qv18_82,18,153,True,729.0,2.1905899047851562,8 8 10 9 8 8 10 10 8 8 11 5 10 10 7 8 8 10 10 8 8 11 5 10 10 2 8 10 9 8 8 11 4 4 4 5 10 2 7 7 10 10 7 7 8 8 10 10 8 8 11 5 9 11 5 5 4 4 10 11 2 5 9 5 11 11 5 4 4 4 4 5 4 4 0 10 10 8 8 7 7 7 7 7 7 10 8 10 10 7 8 8 6 7 7 11 11 5 5 10 2 3 10 11 5 4 4 5 4 4 4 11 5 10 8 4 4 4 10 10 8 2 10 8 9 8 7 7 0 6 7 7 10 10 8 2 10 8 9 4 5 7 7 11 11 5 5 11 11 5 2 3 11 11 5 5 4 11 11 4 5 1 4 3 5 7 10 8 0 10 7 7 6 8 7 7 7 10 8 11 11 5 5 10 8 10 10 8 8 11 5 1 4 11 11 5 3 5 11 5 11 11 4 4 1 4 5 3 5 11 10 8 2 6 10 8 11 11 4 4 5 5 11 2 10 7 7 8 11 9 5 5 10 7 7 7 10 8 8 11 5 11 5 10 0 7 6 7 8 7 7 7 10 10 8 8 7 7 11 11 5 2 9 5 4 4 11 4 5 4 4 11 11 5 5 10 7 8 1 9 11 5 5 11 2 4 4 4 4 4 10 10 8 8 7 7 7 7 6 7 11 5 10 0 9 8 7 8 7 11 2 10 9 8 7 7 7 7 8 1 11 4 5 3 4 11 11 4 5 5 7 11 2 11 9 5 5 11 2 9 11 5 4 5 11 11 5 5 0 7 6 7 7 7 7 7 7 7 7 10 8 11 11 5 5 7 11 2 3 4 4 11 5 4 4 4 10 1 9 5 5 4 10 2 10 9 8 8 7 10 8 10 2 10 9 8 8 7 7 10 10 8 7 8 7 1 9 11 5 5 11 2 9 5 7 7 10 8 11 11 4 5 5 1 4 9 11 5 4 4 4 5 11 5 4 4 4 4 11 11 5 2 6 10 8 10 10 7 8 5 10 8 7 7 7 7 10 7 7 10 7 8 5 10 2 6 11 11 5 5 11 11 4 5 5 10 8 11 11 5 4 4 4 5 11 11 2 5 3 10 8 4 4 4 10 10 8 7 7 7 10 8 8 10 0 9 8 8 7 11 11 5 2 11 5 11 9 4 5 8 1 9 5 7 10 10 7 8 8 10 10 8 8 10 7 7 10 8 8 10 10 2 8 9 5 11 11 5 5 11 11 5 5 11 11 2 3 4 5 4 11 11 2 5 11 4 4 9 5 5 7 10 8 11 11 5 5 10 8 4 4 0 10 10 8 8 6 7 7 10 8 11 10 7 7 8 8 7 7 10 2 10 8 7 6 11 11 5 4 5 11 5 11 11 5 5 10 2 3 10 7 8 11 11 4 5 5 11 11 4 5 5 7 11 5 11 11 5 2 9 5 11 11 4 5 5 10 8 10 11 2 4 5 9 8 10 10 8 8 0 6 7 7 7 7 7 7 10 8 10 10 7 8 8 4 10 2 11 3 4 4 4 1 3 4 5 4 11 11 2 4 3 5 4 11 2 4 10 10 8 8 10 10 8 8 10 10 7 7 8 6 8 11 2 10 10 8 8 10 10 7 7 6 8 8 10 10 2 8
ppo_x50_b_fd_l4,82,qv18_83,18,153,True,711.0,2.052560567855835,8 8 10 10 8 8 10 9 8 8 11 2 11 11 5 5 3 10 8 10 10 7 7 7 8 5 10 10 7 8 5 10 7 7 10 8 8 10 10 8 8 11 5 7 7 7 11 11 5 5 11 4 2 11 9 5 5 10 8 4 11 11 4 5 8 11 11 5 5 11 11 5 5 7 11 2 9 10 8 7 8 11 2 9 10 8 7 7 8 7 10 2 10 10 8 8 4 4 4 4 3 4 4 11 5 11 1 4 3 4 4 5 4 10 10 2 8 10 8 9 10 8 7 7 7 8 11 4 5 10 2 10 8 6 7 7 7 7 10 8 7 7 7 11 11 5 2 9 11 5 4 5 10 7 8 11 5 11 11 4 4 5 5 10 2 11 11 5 5 11 5 11 11 5 3 5 11 11 2 5 9 5 10 8 10 7 7 8 7 7 7 7 10 10 8 2 9 5 7 7 7 11 11 5 5 4 4 1 3 4 11 4 1 3 4 5 11 4 11 2 5 3 10 8 7 10 10 8 8 10 10 2 8 9 8 7 10 10 8 2 9 5 10 8 11 10 8 7 7 8 7 10 10 2 8 6 4 4 4 11 11 2 5 9 8 4 11 4 11 4 5 5 11 1 3 4 4 4 11 5 5 11 2 10 9 8 8 10 10 0 6 7 8 8 10 7 7 8 11 11 2 5 11 9 5 4 5 7 7 10 7 7 8 11 4 5 10 10 8 8 10 10 2 8 10 9 8 8 10 8 10 7 8 11 11 2 5 6 10 8 4 11 11 1 3 5 4 4 4 4 4 5 11 11 4 5 5 7 7 7 11 2 11 11 3 4 5 5 10 8 11 11 4 5 5 11 2 10 9 8 8 10 7 8 0 6 7 7 7 7 10 8 7 7 10 10 2 8 11 3 4 11 5 5 4 4 4 11 5 10 8 10 8 10 11 2 3 5 11 2 10 9 8 8 11 5 4 4 4 4 4 4 10 10 0 8 8 9 10 8 7 8 4 11 5 10 10 7 8 8 7 10 10 2 8 6 7 10 10 8 8 11 5 7 7 7 7 11 11 5 2 11 9 5 4 5 4 4 11 5 10 8 4 4 4 4 11 1 4 3 5 11 5 10 10 7 8 8 10 8 10 10 8 7 0 6 7 8 11 5 7 7 10 10 8 2 9 8 7 11 11 5 5 4 11 11 5 5 11 4 5 10 10 2 8 10 8 6 11 11 2 3 4 4 4 5 4 4 10 10 7 2 8 6 7 10 7 8 10 10 8 8 10 10 8 8 4 10 2 10 8 10 9 8 8 4 4 4 11 5 4 4 4 4 11 4 4 4 4 4 4 5 0 9 8 7 7 7 0 10 10 8 8 9 10 2 8 7 10 9 8 7 7 8 11 5 4 11 5 7 7 7 7 7 7 11 11 2 5 11 11 3 5 4 4 4 5 10 2 10 7 9 8 8 10 2 10 6 8 11 11 4 5 5 10 8 11 11 4 4 5 5 11 4 5 11 2 11 11 4 5 8 11 11 5 5 9 8 11 11 5 2 9 7 8 4 10 10 8 8 7 7 10 8 4 10 10 7 8 8 7 10 8 11 11 2 5 11 11 5 5
ppo_x50_b_fd_l4,83,qv18_84,18,158,True,751.0,2.346327543258667,8 8 9 10 8 8 10 10 8 8 11 5 10 10 7 8 8 10 10 8 8 11 5 10 10 8 2 10 10 8 8 10 9 8 8 10 2 10 10 8 8 10 10 8 8 9 5 4 11 5 4 11 11 5 5 11 5 11 11 2 3 4 4 4 5 10 7 8 4 10 8 7 7 7 7 7 7 7 7 11 10 8 8 10 2 11 11 5 4 3 5 11 11 2 3 4 5 4 11 4 5 4 4 11 4 11 2 5 9 8 10 10 8 8 0 6 7 7 7 10 11 5 5 10 10 2 6 7 8 4 4 10 2 10 10 6 8 7 8 10 2 10 10 8 6 8 4 4 10 11 5 4 4 5 11 11 5 4 5 11 11 4 5 2 4 11 4 5 9 11 5 5 7 7 10 10 7 8 8 4 10 10 8 8 7 7 7 0 7 7 7 10 8 11 5 10 10 8 8 6 11 5 11 11 4 1 3 5 4 4 4 5 4 4 11 4 5 10 2 7 11 9 5 5 4 4 10 2 10 10 6 8 7 8 10 2 7 9 8 7 10 10 8 8 1 11 4 5 11 11 4 5 5 10 8 7 7 9 7 7 10 8 8 10 2 10 7 7 8 6 11 11 4 4 4 4 5 8 11 4 4 5 11 11 4 5 5 7 11 4 1 4 11 4 5 5 9 8 10 10 8 2 9 10 8 8 11 5 10 10 8 8 10 10 8 8 7 10 7 7 7 7 8 10 10 8 2 9 8 4 11 11 5 4 5 11 11 5 5 7 7 7 11 5 1 9 4 5 4 11 11 4 5 2 3 4 11 11 2 3 5 11 11 5 2 9 8 10 10 8 8 10 10 7 8 8 0 9 5 10 10 7 7 8 8 11 5 10 10 7 7 2 6 7 8 10 10 8 2 9 8 4 4 4 10 8 10 8 11 11 4 1 3 5 8 11 4 4 4 11 5 2 9 5 11 11 2 5 7 9 8 7 7 7 11 11 4 5 4 5 4 4 11 4 4 5 10 2 10 10 8 8 10 7 6 10 8 8 10 7 2 9 11 5 5 10 8 10 8 7 10 10 8 8 10 8 10 8 11 10 7 2 8 6 11 5 11 11 2 3 4 5 10 7 11 5 5 4 4 11 4 5 4 4 10 10 8 8 7 10 8 10 8 4 11 11 5 5 11 5 11 11 4 5 5 10 8 7 10 8 4 11 11 4 2 3 5 11 2 6 11 10 8 8 7 7 10 10 7 8 2 10 7 8 10 10 8 7 7 6 8 4 4 1 3 4 4 11 4 5 11 4 5 11 4 11 2 5 4 4 3 10 10 2 6 8 7 7 7 7 7 7 7 7 7 7 10 7 8 11 2 9 10 8 8 11 4 5 11 5 11 11 5 2 9 4 5 10 8 7 7 11 11 5 4 5 10 7 8 7 7 7 7 11 11 5 5 11 5 1 4 4 3 11 4 4 4 4 4 5 0 9 8 10 10 7 0 6 8 8 11 2 10 9 8 8 10 7 8 10 10 8 8 4 4 4 11 4 4 4 5 10 2 7 11 9 5 5 4 11 2 3 11 11 5 4 4 5 11 2 10 10 8 8 6 7 7 7 10 8 7 7 7 0 7 6 10 7 8 11 11 5 5 11 11 5 2 9 5 11 4 4 5 11 11 5 2 9 5 10 10 7 7 8 8 11 2 10 10 8 8
ppo_x50_b_fd_l4,84,qv18_85,18,156,True,726.0,2.0842225551605225,8 8 10 10 8 8 10 10 8 8 9 5 10 10 8 8 10 10 8 8 11 5 11 10 7 7 8 8 11 5 11 5 7 10 10 0 6 8 8 7 7 11 10 7 8 8 11 5 10 10 8 2 9 5 11 11 4 4 5 5 11 5 7 0 9 7 8 11 11 5 4 5 10 8 11 11 5 4 4 5 10 8 4 11 11 4 5 4 4 5 0 10 6 7 8 7 7 7 10 2 6 7 7 10 10 8 2 9 5 0 10 10 8 8 6 4 4 11 11 5 5 11 11 4 5 5 11 11 4 4 2 3 5 11 2 11 11 4 5 4 5 9 10 8 8 11 5 10 10 8 7 7 7 7 8 7 10 8 7 11 11 5 2 4 9 5 11 11 5 5 0 10 8 7 6 7 0 9 10 8 8 11 5 7 7 7 7 7 10 10 2 8 11 5 11 11 4 4 3 4 2 3 5 4 11 4 4 4 4 4 4 5 11 2 3 10 10 8 7 8 10 10 8 2 10 8 7 7 9 7 10 8 8 11 5 10 10 8 8 4 11 11 2 4 5 10 7 8 9 11 5 5 11 2 11 11 5 5 3 11 5 11 4 11 5 2 3 10 7 8 11 5 10 10 8 8 10 7 11 5 2 9 1 4 3 4 11 5 5 10 8 7 11 2 10 10 8 8 10 10 8 6 7 8 7 7 7 10 7 8 10 2 7 6 7 11 11 5 5 4 11 5 10 8 4 4 11 11 2 3 5 4 4 4 11 4 4 5 4 4 10 10 8 2 9 8 10 8 7 7 10 8 7 7 0 10 9 8 5 10 7 0 9 8 7 7 7 8 11 2 11 11 4 5 5 9 8 11 5 11 11 4 4 5 5 10 7 8 11 11 1 3 5 4 4 5 10 2 7 11 9 5 5 11 2 11 11 5 5 3 10 7 7 10 2 6 7 7 7 7 8 7 7 10 8 7 10 2 7 6 11 11 5 5 10 11 2 3 4 5 10 8 4 11 11 4 4 4 5 5 10 8 10 7 8 11 4 11 1 3 5 4 5 4 4 4 4 10 10 8 8 11 5 11 11 2 5 7 9 8 11 10 7 2 6 8 11 5 10 10 7 7 8 7 2 9 8 10 10 7 8 8 10 10 2 8 3 11 5 4 11 11 4 4 5 5 11 2 9 10 8 0 6 8 7 10 7 10 8 7 8 10 10 8 7 8 11 2 11 9 5 4 5 11 4 4 4 4 4 4 4 5 11 5 11 11 2 5 9 8 1 4 3 10 10 7 8 8 10 10 8 8 10 10 8 8 10 10 8 8 10 7 10 8 8 10 10 8 2 7 9 8 4 4 1 3 4 11 5 10 10 8 2 9 5 11 11 2 3 4 4 5 4 11 0 9 5 5 4 4 11 4 4 5 10 10 8 2 10 6 7 10 8 7 7 10 8 7 7 7 7 7 10 8 2 9 5 10 10 8 8 4 4 10 2 10 8 6 11 11 4 5 5 4 4 11 2 11 9 5 5 11 5 7 0 9 8 7 7 10 10 8 8 4 10 2 11 11 3 4 5 5 10 2 11 11 4 5 3 4 4 5 11 11 5 2 11 5 3 4 10 10 8 8 10 10 7 7 8 8 11 2 10 10 8 8
ppo_x50_b_fd_l4,85,qv18_86,18,151,True,684.0,2.3504228591918945,8 8 9 10 8 8 10 10 8 8 11 5 10 10 7 8 8 10 10 8 8 11 5 10 10 8 2 10 10 8 8 10 9 8 8 10 2 10 9 8 8 10 2 10 10 8 8 4 4 3 4 11 5 1 3 4 10 8 7 11 11 5 4 5 1 11 9 5 5 4 4 11 5 10 2 7 10 6 10 8 7 8 11 10 8 8 10 8 10 10 7 8 2 9 8 7 10 8 11 4 11 5 5 11 11 2 3 4 4 5 10 8 0 10 7 6 7 8 10 2 11 11 3 4 5 5 11 2 11 11 3 5 5 11 5 11 11 4 1 4 4 4 5 5 9 10 8 2 9 8 7 10 7 8 7 7 7 1 11 5 9 5 11 11 4 4 4 5 5 10 7 8 11 2 10 7 9 8 5 10 8 10 10 2 8 6 11 5 10 10 7 8 7 7 8 7 7 7 10 8 11 2 10 10 8 8 9 5 11 11 5 5 11 5 4 4 4 4 11 5 7 11 5 4 4 11 11 5 7 8 11 5 11 11 4 4 4 5 8 0 9 5 10 8 7 7 7 7 7 10 7 7 7 10 7 8 2 7 7 10 8 6 11 11 5 5 10 8 11 11 2 3 4 4 4 5 10 2 9 11 5 4 4 5 4 0 10 8 10 10 8 8 10 7 10 7 8 8 6 11 5 10 11 5 2 9 5 7 10 10 8 7 8 11 4 4 4 4 5 4 4 4 11 11 4 5 5 7 0 10 8 7 6 7 7 7 10 7 8 10 10 8 8 4 4 4 4 11 2 9 11 4 5 5 11 11 4 5 5 11 2 3 4 4 4 4 10 10 8 8 0 9 5 10 8 7 10 8 7 7 10 10 7 8 2 9 7 8 11 5 4 11 5 11 11 4 4 2 5 11 5 11 9 5 5 7 10 8 7 7 7 7 7 10 10 8 8 7 7 10 7 8 11 11 2 5 11 11 3 5 5 10 2 9 11 5 5 11 11 5 5 10 7 11 5 5 11 11 2 5 9 8 7 10 10 8 7 8 7 11 11 5 5 11 2 11 5 11 11 4 4 4 4 5 5 10 8 10 8 7 7 7 7 7 11 9 8 8 10 8 7 7 10 7 10 2 8 9 5 11 11 5 5 11 11 5 1 5 4 4 4 4 3 4 11 4 11 5 4 5 7 0 9 8 7 7 10 8 11 11 5 5 10 8 11 11 4 5 2 9 5 7 7 10 10 2 6 7 7 8 7 10 8 11 5 10 10 8 2 7 7 6 7 10 10 8 2 9 5 11 11 4 5 4 4 4 1 4 11 5 3 5 10 8 11 11 5 5 11 4 4 11 4 5 5 0 9 8 10 7 7 8 7 7 7 7 10 7 8 10 10 8 2 9 8 11 4 5 4 4 4 4 11 4 5 11 11 2 5 11 5 9 11 5 5 10 8 4 10 10 7 8 5 7 7 10 8 11 5 10 10 8 8 10 10 8 8 11 2 10 10 7 8 8 10 7 9 8 8 10 7 8 11 11 2 5 11 11 5 5 11 11 5 5
ppo_x50_b_fd_l4,86,qv18_87,18,152,True,707.0,2.229883909225464,8 8 9 10 8 8 10 10 8 8 11 5 10 10 7 8 8 7 7 11 11 5 5 11 5 7 7 10 7 10 8 8 10 10 8 8 10 10 8 8 1 9 5 11 11 5 2 11 9 5 4 4 4 5 11 11 4 5 8 11 5 11 11 5 2 10 7 7 8 7 7 7 10 9 8 7 7 8 10 2 7 6 7 7 11 11 5 5 0 9 5 4 4 11 5 11 11 4 2 3 5 10 8 11 11 5 2 11 3 5 0 9 10 8 7 7 7 8 10 10 8 7 8 1 11 9 5 8 11 5 11 11 4 5 4 4 11 4 5 5 11 11 5 2 6 7 10 8 7 10 7 10 8 8 11 5 10 10 8 8 7 7 7 7 7 11 11 2 5 11 11 5 5 11 3 5 11 4 4 11 4 4 4 4 4 4 5 5 7 10 7 0 6 8 10 2 9 8 7 7 10 7 7 8 10 10 2 6 8 11 4 4 5 11 11 4 5 5 11 11 5 5 10 2 11 11 4 3 4 5 5 10 8 11 11 5 2 9 8 10 10 7 8 5 10 8 7 10 7 8 4 10 10 8 7 7 7 7 8 10 10 7 2 8 9 5 11 5 7 7 7 11 11 5 2 3 4 4 4 4 11 5 4 4 4 4 11 4 11 2 5 9 8 4 0 10 10 7 6 7 8 5 10 8 10 10 7 2 8 11 4 4 3 4 5 10 8 11 2 11 9 5 5 0 6 10 7 8 10 2 6 10 10 8 7 7 8 7 10 2 6 10 7 8 11 11 4 4 5 5 11 11 5 5 10 7 2 7 10 8 11 9 5 5 4 1 9 8 11 4 5 11 4 4 11 4 5 8 4 4 4 4 11 2 10 10 7 8 8 9 8 10 7 7 8 7 0 6 7 7 10 8 11 10 8 8 0 6 4 11 4 4 4 11 5 5 0 9 5 4 11 4 5 0 10 7 6 10 8 8 7 11 11 5 5 10 8 7 10 0 9 8 5 7 7 10 7 8 7 11 2 11 11 5 5 11 4 3 1 3 5 11 11 4 5 5 11 11 4 5 5 10 2 11 9 5 5 11 5 11 11 2 5 9 8 0 7 9 10 8 0 6 8 7 7 10 7 7 7 10 2 8 10 8 11 9 5 5 11 2 11 4 5 11 9 5 5 11 5 11 11 5 4 5 4 4 10 2 10 10 8 8 6 7 7 7 10 7 7 7 7 8 7 11 11 5 5 10 8 10 10 7 8 5 11 5 7 7 7 11 11 2 5 3 4 4 11 1 9 5 5 4 4 4 4 11 11 2 5 3 10 8 7 10 10 8 8 7 10 10 2 8 7 6 10 8 7 11 11 5 5 11 11 5 5 1 4 11 5 4 9 5 11 4 4 4 11 2 5 3 10 8 10 10 7 8 8 10 7 7 10 2 8 7 7 7 6 11 2 3 11 11 5 5 4 10 2 11 11 5 5 10 7 7 9 8 7 7 7 8 11 4 5 10 10 8 7 10 8 8 10 2 7 11 11 5 3 5 10 2 11 11 5 5 11 11 4 4 5 5 11 3 11 5 5 11 11 5 5 4 4 10 2 11 11 5 5
ppo_x50_b_fd_l4,87,qv18_88,18,154,True,724.0,3.359487295150757,8 8 9 10 8 8 10 10 8 8 11 5 7 10 10 8 8 10 10 8 8 11 5 4 11 5 7 10 10 8 8 10 10 8 8 10 10 8 8 11 5 7 7 7 1 11 9 5 5 10 8 11 11 4 5 5 10 8 4 10 11 5 4 5 4 4 4 1 4 3 4 4 10 10 8 8 7 7 10 8 7 7 10 7 8 7 7 7 7 7 7 11 11 5 5 11 5 10 10 8 2 9 5 11 4 4 5 4 1 11 4 4 5 4 4 11 4 3 5 10 10 8 7 2 6 7 7 7 10 8 10 10 8 2 10 7 8 7 6 11 11 5 5 11 2 3 11 4 11 5 4 11 5 5 11 11 5 2 3 10 8 10 10 8 8 10 10 2 6 8 11 10 7 2 6 7 8 7 7 7 11 2 10 9 8 8 11 5 11 11 5 5 4 4 10 11 5 5 11 11 2 4 5 11 9 5 4 5 11 2 4 4 3 4 10 10 8 7 8 11 5 10 10 2 8 6 7 7 7 7 10 7 8 7 7 7 11 2 9 10 8 8 10 2 6 11 11 4 4 4 5 5 4 10 2 9 8 7 11 11 4 5 5 10 8 10 8 11 11 4 4 4 5 4 5 7 10 8 7 11 11 5 5 10 8 4 11 4 11 2 5 9 8 4 4 10 10 8 7 7 7 7 8 10 7 0 7 7 9 7 8 5 7 11 2 10 9 8 8 1 9 5 11 11 5 5 4 1 4 4 3 4 1 4 11 11 5 5 9 8 11 4 11 2 4 5 9 7 8 10 7 7 7 7 7 10 8 8 11 2 11 5 11 4 4 9 5 5 10 0 10 8 8 9 5 10 7 7 10 8 8 11 2 9 10 8 8 10 10 2 6 7 8 7 7 11 11 5 2 9 5 11 4 4 4 4 5 11 11 2 5 11 5 9 11 5 5 10 2 10 9 8 7 7 7 7 8 7 10 2 10 10 8 8 6 11 4 4 4 11 2 4 4 5 11 4 4 4 3 4 4 11 5 5 7 11 2 10 10 6 8 8 7 10 7 7 7 8 7 11 2 4 3 11 11 4 5 5 0 9 8 10 7 8 4 10 10 2 6 8 10 2 9 10 8 8 4 11 5 7 10 8 7 7 11 10 7 8 2 9 5 7 7 11 11 5 5 4 1 4 9 5 10 11 2 3 5 4 4 11 4 5 7 11 2 3 4 4 4 4 4 10 0 10 8 8 10 7 6 7 7 8 7 10 10 8 2 9 8 7 10 8 4 11 11 2 3 4 4 4 5 11 11 5 5 10 2 9 8 10 10 8 2 9 5 4 10 10 7 7 8 5 11 5 10 7 7 7 7 10 8 8 10 8 11 1 3 5 10 11 4 4 4 5 5 4 4 4 11 11 5 5 10 8 11 11 5 5 10 7 7 8 10 11 4 5 2 9 8 11 4 4 11 5 5 7 10 11 2 5 9 5 10 10 7 8 8 11 5 10 0 10 8 7 6 8 7 7 7 10 10 2 8 10 8 7 6 7 7 11 11 5 2 9 5 4 4 11 5 7 10 10 8 8 11 11 4 4 2 3 4 5 10 8 11 11 4 5 5 10 8 11 11 2 3 5 11 11 2 5 11 11 5 5
ppo_x50_b_fd_l4,88,qv18_89,18,159,True,751.0,2.160475015640259,8 8 10 10 8 8 10 10 8 8 9 5 10 0 10 8 8 9 10 8 8 11 5 11 5 10 10 7 7 7 8 5 10 10 8 8 11 5 7 10 10 8 8 11 2 9 5 4 11 1 4 9 5 5 4 4 4 4 4 11 11 5 5 7 11 5 4 10 0 6 10 7 8 5 10 7 7 8 7 10 10 8 7 7 7 10 7 8 2 9 5 10 10 8 8 10 2 11 11 5 3 4 5 11 4 4 4 4 4 5 4 4 4 11 4 11 5 5 10 8 10 10 8 2 9 8 10 10 7 7 8 7 7 8 11 4 4 5 11 5 10 8 7 7 10 10 8 8 10 8 4 10 10 7 7 8 5 7 11 2 11 11 5 5 10 9 5 5 4 4 4 1 11 9 5 4 5 11 2 6 4 10 10 8 7 8 7 11 11 5 5 10 2 7 7 6 7 7 7 7 7 7 11 11 5 2 9 5 10 11 2 4 4 3 4 5 10 2 3 11 4 11 4 5 4 4 5 11 11 2 5 9 8 10 10 8 7 7 8 11 4 10 2 8 6 10 7 10 8 8 7 7 7 10 2 10 10 8 6 8 4 4 4 1 4 4 4 9 5 11 11 4 4 5 4 5 11 11 2 5 9 8 4 4 10 0 10 8 6 7 8 7 7 7 7 10 8 11 2 4 10 8 10 10 8 8 9 8 10 10 2 8 9 8 11 4 11 5 5 11 11 2 5 3 4 4 11 11 2 5 9 5 11 4 4 5 11 5 10 10 8 8 10 10 8 0 6 8 7 10 7 10 8 8 11 5 7 10 10 2 6 8 7 7 10 10 2 8 9 5 7 11 11 5 4 4 4 4 5 4 11 5 7 11 2 9 5 4 4 4 4 4 11 11 2 5 3 10 8 10 10 7 7 7 8 8 0 6 7 7 7 10 8 11 5 1 11 4 3 5 10 8 10 10 8 8 11 5 10 10 7 8 8 11 2 10 10 8 8 9 7 8 11 4 4 4 5 4 4 11 4 11 2 3 5 11 11 5 2 3 10 8 10 10 8 7 7 7 7 7 10 8 2 9 5 11 5 4 11 11 2 3 5 11 5 4 11 4 1 9 5 5 11 5 11 2 4 3 10 10 7 7 8 8 11 5 10 10 7 7 7 8 8 7 10 7 7 10 7 8 8 11 2 9 5 10 10 8 8 4 4 4 11 5 11 5 4 4 4 1 4 4 4 4 3 4 11 5 10 10 8 8 11 5 10 10 7 7 7 7 8 8 11 5 10 10 8 7 8 7 7 7 0 9 10 8 8 11 5 10 10 2 8 6 11 5 11 4 11 4 5 8 1 9 8 11 11 5 5 11 11 5 2 9 8 11 11 5 2 3 4 10 10 8 2 9 8 7 11 11 5 5 10 8 7 10 10 8 7 8 7 11 10 2 6 8 10 10 2 6 8 11 5 11 4 4 4 11 5 4 4 4 4 4 5 4 11 11 5 2 3 4 10 10 7 8 5 10 10 7 8 8 7 10 8 4 10 10 0 8 6 7 7 7 7 8 7 10 2 6 11 11 5 5 11 11 5 5 4 4 11 4 4 4 1 3 5 10 8 11 11 5 5 11 4 5 4 10 10 7 8 2 11 5 10 10 8 6 8 10 10 2 6 7 8 4 10 10 7 8 8 11 5 10 10 2 8 10 10 8 8
ppo_x50_b_fd_l4,89,qv18_9,18,153,True,708.0,2.064399480819702,8 8 10 9 8 8 11 5 10 10 2 8 9 5 10 10 8 8 0 9 10 8 8 11 5 11 5 7 10 10 7 8 8 11 5 10 8 7 7 10 10 8 8 7 7 11 10 7 8 8 10 2 11 9 5 5 11 2 11 11 3 4 5 8 4 10 2 9 8 11 11 4 5 8 11 2 4 4 4 4 4 9 11 5 4 4 5 10 2 9 10 0 6 8 8 11 5 10 10 2 6 7 7 7 7 7 7 7 7 7 8 10 2 10 10 8 8 4 4 9 5 4 4 11 11 4 4 5 5 10 8 7 11 2 3 11 11 5 5 11 5 4 11 4 11 4 4 5 2 9 8 10 7 10 2 8 7 10 7 9 8 8 7 10 2 7 6 11 11 5 5 11 4 11 5 2 3 10 7 8 10 10 8 7 7 7 7 10 8 8 11 4 1 3 5 4 11 4 11 2 3 4 4 4 5 7 11 2 11 9 5 5 11 11 5 5 10 8 4 10 2 10 7 10 8 7 7 7 6 8 10 10 8 8 10 7 10 7 7 8 8 1 9 5 4 4 11 11 5 2 9 5 4 4 10 11 1 7 7 8 7 7 8 7 6 7 7 11 11 5 2 9 5 11 5 11 11 5 5 4 4 11 4 1 3 4 4 5 11 11 5 2 9 4 5 10 8 10 8 10 10 7 7 8 8 11 5 10 7 7 7 7 8 11 11 2 5 9 4 5 4 10 10 2 6 7 7 7 8 10 7 10 8 2 9 7 8 11 11 5 4 5 10 7 8 4 10 10 8 8 11 5 11 11 4 4 5 4 5 11 11 5 2 4 9 5 11 11 2 3 5 7 10 8 11 4 5 4 4 4 11 4 10 8 2 9 8 10 10 8 7 7 7 7 8 11 10 8 8 11 4 5 7 10 10 7 7 7 8 5 7 10 2 10 8 7 6 11 11 4 4 1 3 5 5 4 4 4 4 4 4 11 5 10 0 9 8 8 7 10 7 10 2 6 8 7 7 7 7 7 1 10 9 8 8 11 5 11 11 4 1 4 3 5 4 4 5 4 11 2 9 11 5 5 7 10 8 10 8 11 11 4 5 5 4 11 5 7 11 5 11 11 5 5 1 9 8 10 7 7 10 7 8 5 10 10 2 8 10 8 9 11 5 5 10 8 10 10 7 7 8 8 11 5 10 10 8 7 8 1 11 5 4 9 11 5 5 11 5 4 4 4 4 4 11 11 5 5 10 2 7 10 8 10 10 8 6 8 7 7 10 7 8 10 10 8 8 7 7 10 7 10 2 8 9 5 11 11 5 5 11 11 5 5 11 5 4 4 4 11 11 4 5 2 10 8 7 9 10 7 7 8 5 10 8 10 10 8 7 8 7 10 8 11 11 5 2 11 11 3 5 4 4 5 7 10 8 11 11 5 5 4 1 4 4 4 11 4 5 4 11 9 5 5 7 7 10 7 7 8 10 8 7 1 3 4 4 4 10 10 8 8 11 5 11 11 4 4 5 8 11 2 11 5 10 10 8 6 8 10 7 10 7 7 8 7 8 11 4 5 10 10 8 8 10 10 8 2 9 8 10 10 8 8 10 10 2 8
ppo_x50_b_fd_l4,90,qv18_90,18,155,True,732.0,2.1830029487609863,8 8 10 9 8 8 10 10 8 8 11 5 10 10 7 8 8 10 10 7 8 5 10 10 8 8 10 10 8 8 1 11 5 4 4 9 11 5 5 11 4 4 5 11 11 2 5 9 8 4 4 10 10 8 8 7 0 10 10 8 6 7 7 7 7 8 10 7 7 7 10 7 8 5 4 10 2 9 8 11 11 4 5 5 11 5 10 2 6 11 11 5 5 11 1 9 5 8 4 11 4 4 4 5 11 4 5 10 10 8 2 9 5 11 11 5 2 10 7 8 10 10 7 6 8 8 10 7 8 7 7 7 10 7 8 11 11 5 5 10 2 10 6 7 8 11 5 11 11 5 4 4 5 4 4 4 4 10 0 10 8 7 6 8 1 4 4 11 5 3 4 4 4 11 4 4 11 2 5 9 8 10 10 2 6 8 11 4 5 10 10 7 7 8 8 10 8 10 10 7 7 0 7 7 8 6 8 11 2 4 3 11 5 7 10 10 8 8 7 11 2 9 5 10 10 8 7 8 10 2 9 11 5 5 4 4 4 4 11 2 9 11 5 5 4 11 5 4 4 11 5 7 11 11 5 2 3 7 10 10 7 8 7 0 6 7 7 8 10 7 10 8 8 11 5 7 7 7 11 11 2 5 11 9 5 5 4 4 4 4 10 8 11 2 3 4 4 4 11 4 4 4 11 2 5 3 10 8 10 10 8 2 7 9 8 10 10 7 8 8 11 5 10 10 7 8 7 8 7 10 8 11 5 11 2 11 9 5 5 10 7 8 11 11 4 5 5 11 4 4 5 0 7 6 10 7 7 8 10 7 10 8 8 10 8 7 11 11 5 5 10 8 10 10 2 8 9 5 11 11 4 5 4 4 4 11 5 5 11 11 4 5 5 11 11 4 4 5 7 8 11 2 11 9 5 4 5 10 7 7 7 8 7 7 7 7 10 8 1 11 5 4 4 3 11 5 4 11 5 11 11 5 5 7 7 10 0 8 9 10 8 7 8 11 5 10 10 7 8 8 11 5 10 10 2 6 7 8 10 7 10 2 8 9 5 7 7 7 11 1 3 11 4 5 5 10 8 11 5 4 4 11 4 4 5 11 11 4 2 5 9 8 11 11 4 5 8 11 2 3 7 7 7 7 7 7 10 8 7 7 7 7 7 10 10 8 2 9 8 4 4 11 11 4 5 5 11 2 9 11 5 5 4 11 4 11 5 4 5 4 11 2 3 4 10 10 2 6 7 7 7 8 11 5 7 7 10 10 8 2 9 8 4 11 5 10 10 7 8 8 7 10 10 8 2 4 4 3 4 4 4 11 4 4 11 5 2 11 5 9 4 5 10 10 7 8 8 10 7 7 7 7 0 8 9 10 8 7 7 8 0 6 4 4 11 5 11 5 11 4 11 4 4 5 5 11 2 9 5 4 11 5 7 10 10 7 8 8 11 5 10 10 8 8 7 10 10 8 7 7 8 1 3 4 11 4 5 4 4 11 11 2 5 9 8 4 11 11 5 2 11 11 5 5 7 7 7 7 10 6 8 10 10 0 6 7 8 8 11 5 10 10 7 7 8 8 4 11 2 9 5 7 10 10 7 8 8 11 5 10 10 2 8 6 11 11 4 4 4 4 5 2 9 4 4 5 11 11 2 4 4 5
ppo_x50_b_fd_l4,91,qv18_91,18,153,True,717.0,2.0230324268341064,8 8 10 9 8 8 10 10 8 8 11 5 11 10 7 7 8 8 11 5 0 7 10 10 8 8 10 9 8 8 7 7 7 11 2 4 9 10 8 0 6 8 10 10 8 8 10 2 11 4 3 4 10 8 8 11 5 10 11 4 4 4 5 5 10 2 11 9 5 5 4 11 4 11 5 5 10 8 11 11 5 5 11 4 11 5 5 7 11 2 10 10 8 8 9 8 7 7 10 10 7 8 5 10 7 10 8 7 8 11 2 11 9 5 4 5 10 8 11 11 1 4 5 3 4 4 4 4 5 11 2 3 10 10 7 8 8 7 7 7 11 5 10 10 8 8 7 7 7 7 10 10 2 8 9 5 7 7 7 11 11 5 5 1 9 5 4 11 1 9 5 8 11 11 5 5 7 11 11 4 5 2 9 4 11 5 5 10 8 10 10 8 8 10 8 11 5 4 4 4 11 4 4 5 10 10 8 8 0 9 5 10 10 8 8 10 8 10 10 8 8 10 10 7 7 8 5 10 2 10 10 8 8 6 11 4 5 10 10 8 8 11 5 11 11 4 5 5 4 4 11 4 4 4 5 10 7 11 2 5 11 5 11 11 5 3 4 5 10 8 7 10 7 10 7 8 7 8 4 4 10 10 0 6 8 7 8 11 10 7 8 8 11 5 7 7 10 10 7 8 2 6 11 5 11 4 5 4 11 11 4 4 5 2 9 5 11 5 11 11 5 5 10 8 4 4 4 11 11 4 5 2 9 8 10 7 7 10 8 8 10 7 7 10 8 8 10 10 2 8 9 5 7 10 10 2 6 7 7 8 7 11 2 6 11 11 5 4 5 4 4 4 11 4 4 5 4 10 0 6 10 8 8 10 10 8 2 6 11 5 11 11 5 5 10 8 11 11 4 4 5 4 5 4 11 11 2 5 3 10 8 10 7 10 7 7 8 2 9 8 4 0 9 10 8 7 7 7 7 7 7 8 1 11 9 8 5 11 11 5 5 11 5 4 11 4 4 4 4 5 7 11 11 5 2 9 5 4 4 10 10 8 8 7 7 10 8 10 7 7 7 0 6 10 8 8 11 5 10 10 2 8 6 4 10 11 5 5 11 11 2 5 4 11 5 11 9 4 5 8 4 11 2 9 11 5 4 4 5 10 10 8 7 7 8 11 5 4 10 10 8 7 7 8 4 10 10 8 8 10 10 2 6 8 7 7 7 7 7 7 11 11 5 2 9 11 5 5 10 11 5 5 4 4 4 11 0 9 5 5 11 5 4 4 11 5 0 10 10 7 8 6 8 10 7 10 8 7 7 7 8 1 9 11 5 5 7 11 2 9 11 5 5 11 4 5 0 10 6 10 8 8 10 10 8 8 4 10 2 10 7 8 11 11 5 5 11 11 5 4 4 3 4 5 7 10 8 11 11 4 5 5 11 1 4 5 11 9 5 4 5 4 0 9 10 8 8 11 5 11 5 10 10 7 7 7 8 8 10 10 8 8 10 8 10 10 7 8 2 9 5 0 10 10 8 7 6 8 7 11 11 5 5 4 4 4 4 4 4 4 4 4 11 5 10 8 11 11 5 5 10 10 7 7 2 8 6 10 10 8 8 10 10 7 2 7 8
ppo_x50_b_fd_l4,92,qv18_92,18,146,True,690.0,2.9682133197784424,8 8 9 10 8 8 10 10 8 8 11 5 10 10 7 8 8 10 10 8 8 11 5 7 10 10 8 8 10 10 8 8 11 5 10 10 8 2 9 5 7 7 7 7 11 11 5 5 11 2 11 11 5 5 11 3 11 5 5 4 4 4 4 10 8 0 10 9 8 8 11 2 10 9 8 8 7 0 9 8 7 10 7 7 8 7 11 11 4 2 5 11 5 11 4 3 4 11 5 4 5 1 11 3 11 5 4 5 10 7 8 11 4 11 4 5 5 7 11 2 10 10 8 7 8 6 7 10 8 11 4 4 5 7 10 10 2 6 7 7 8 10 7 10 8 2 9 8 10 10 8 8 4 4 4 10 2 11 9 5 5 10 8 10 11 2 3 4 5 4 4 10 2 10 10 8 8 9 8 10 10 0 6 8 7 7 7 8 11 2 11 11 5 4 3 5 11 5 4 4 4 4 4 11 11 2 5 9 7 8 11 5 11 11 4 5 8 11 2 11 9 5 5 7 0 7 7 7 7 9 8 10 8 7 7 7 10 8 1 10 9 8 8 11 4 4 4 4 5 4 4 11 5 0 10 7 9 7 8 7 8 0 9 8 7 11 11 1 5 3 4 4 5 4 10 2 3 11 11 5 5 11 2 4 3 4 10 10 8 8 7 7 7 7 7 7 0 9 8 7 10 7 7 8 7 10 10 8 2 4 9 5 11 11 5 5 11 4 11 5 5 11 11 5 2 11 11 3 5 2 9 8 11 5 10 10 7 8 7 7 8 10 10 8 8 10 10 2 8 9 5 10 10 8 8 11 5 11 11 4 2 4 5 11 11 5 4 3 5 4 11 2 4 3 10 10 8 7 7 8 10 0 9 8 5 10 2 6 7 7 10 10 7 2 6 8 11 5 4 11 4 4 4 4 11 4 5 5 11 2 4 3 4 4 11 11 2 5 3 10 8 10 10 7 0 8 6 8 7 7 7 7 10 8 11 2 11 5 11 11 4 3 5 4 5 10 2 9 11 5 5 10 8 10 10 8 8 0 7 10 8 9 11 5 5 10 8 0 10 6 10 8 8 7 7 10 10 2 6 8 11 5 11 11 2 5 4 4 4 4 4 4 9 5 11 5 4 4 4 11 11 5 2 3 7 7 10 10 8 8 7 7 7 7 7 7 7 7 10 7 10 7 8 2 9 5 11 11 4 5 2 9 5 11 11 5 5 4 11 4 5 10 7 11 5 5 4 11 5 4 4 11 11 2 5 9 8 11 11 5 2 3 7 10 8 10 10 8 8 10 2 6 10 10 7 8 7 8 11 2 9 4 5 11 5 10 10 7 8 7 7 7 7 8 11 1 4 5 11 9 5 5 4 11 4 4 4 5 0 9 8 10 7 7 10 7 8 8 7 10 10 8 7 7 8 1 9 8 11 11 5 5 4 11 5 11 11 5 5 0 9 5 10 11 5 5 11 11 4 4 5 4 5 4 4 4 10 10 2 8 10 10 8 6 8 11 5 4 10 10 7 8 8 4 10 10 8 8 10 10 7 7 8 7 7 8 10 10 2 8
ppo_x50_b_fd_l4,93,qv18_93,18,145,True,664.0,2.9531137943267822,8 8 10 9 8 8 10 10 8 8 11 5 10 10 8 2 10 9 8 8 10 10 8 8 11 5 10 10 7 8 8 11 5 10 7 10 8 8 11 4 5 10 8 10 10 8 7 7 10 8 8 1 9 5 10 8 11 4 11 5 5 7 10 8 11 11 5 5 4 4 11 11 4 4 5 4 1 4 4 3 5 7 10 7 7 7 8 1 11 4 9 5 5 4 4 11 2 11 11 5 5 7 7 7 9 8 10 10 2 7 8 9 5 10 7 10 8 7 10 8 5 10 8 11 1 3 1 3 5 11 11 4 4 2 5 3 10 7 8 10 7 7 10 8 2 3 10 10 7 8 8 7 7 10 2 7 6 11 11 5 2 4 9 11 5 4 5 10 2 11 9 5 5 11 4 4 5 7 7 11 11 5 4 4 5 7 10 8 11 11 5 5 11 11 5 5 0 9 5 10 8 10 10 8 7 7 8 0 6 7 7 7 7 7 10 10 8 2 6 11 5 4 10 10 8 8 11 5 11 11 4 4 5 5 10 8 11 11 5 4 5 4 10 2 9 10 8 8 10 7 8 11 4 4 5 11 11 5 4 5 4 4 11 11 5 5 11 2 3 10 10 7 8 2 7 9 8 7 7 7 10 8 7 7 10 10 8 2 9 8 7 10 8 7 11 11 4 4 5 4 5 11 11 5 5 4 4 11 5 4 10 10 8 8 10 2 3 10 10 8 8 11 5 7 7 7 7 7 7 11 11 2 5 4 4 4 4 4 3 11 5 4 11 11 5 5 7 10 2 7 10 9 8 8 7 7 7 7 7 7 11 2 10 9 8 7 8 7 10 2 11 11 4 5 5 10 8 10 8 11 11 4 5 5 11 11 4 4 5 3 5 4 4 4 11 5 10 2 10 9 8 7 8 4 11 5 1 11 11 5 3 5 11 11 2 5 9 8 10 10 8 8 7 10 7 8 11 4 5 10 10 7 7 7 8 8 11 5 11 5 0 6 7 7 7 10 10 2 8 9 5 4 11 11 4 5 5 11 5 7 10 8 11 1 3 4 4 5 10 10 8 8 11 2 4 11 5 4 11 11 5 3 5 7 0 9 7 8 10 7 7 10 8 7 7 7 7 7 8 10 10 2 8 9 5 7 11 11 5 4 5 10 2 6 10 8 11 11 4 5 4 2 9 5 11 11 5 5 11 5 4 11 11 5 5 0 9 8 7 7 7 11 11 5 5 10 2 11 11 5 5 9 11 5 5 11 2 10 10 8 7 8 10 9 8 7 8 10 2 7 6 7 7 7 7 7 7 11 11 2 3 4 5 11 5 4 4 4 4 4 11 5 4 4 4 11 11 5 2 9 5 7 7 7 10 7 7 8 10 7 7 7 10 8 8 11 4 5 10 8 7 7 7 11 11 5 2 9 4 5 10 8 11 11 2 3 4 4 5 11 5 11 11 2 3 5 11 11 5 2 9 5 10 7 7 10 7 7 8 8 10 10 2 8
ppo_x50_b_fd_l4,94,qv18_94,18,154,True,732.0,2.1299591064453125,8 8 10 10 8 8 10 10 8 8 9 5 10 10 8 8 10 10 8 8 11 5 4 11 5 10 10 7 7 7 7 8 5 10 10 8 8 10 10 8 8 1 9 4 4 5 11 11 5 4 5 4 4 4 4 11 11 5 5 10 8 0 7 10 9 8 7 7 7 7 7 8 10 2 6 7 7 7 7 11 11 5 1 5 11 5 11 9 5 4 4 5 11 2 4 3 11 5 11 11 5 2 9 11 4 5 4 5 10 7 8 7 7 7 10 7 10 8 8 11 5 4 4 11 5 7 10 10 8 8 7 10 10 7 7 8 4 5 10 7 10 8 8 11 4 5 11 10 2 8 9 10 8 8 10 7 8 11 2 6 11 1 9 5 5 4 11 4 5 4 4 11 4 5 4 4 4 4 4 4 10 2 10 10 8 8 7 6 7 7 10 8 4 10 2 9 10 8 8 10 7 8 7 1 9 11 4 4 5 8 11 11 2 3 4 5 11 2 4 3 11 5 10 10 7 2 8 7 10 9 8 7 7 8 10 2 7 10 6 7 7 7 8 11 11 5 5 11 2 11 11 5 3 4 4 5 11 2 11 9 5 5 11 5 4 10 2 10 10 8 6 8 7 10 10 8 8 10 2 3 11 10 8 8 10 10 7 2 8 9 7 8 11 11 5 5 4 4 4 1 9 5 11 11 5 4 5 4 4 4 11 11 2 5 9 8 4 4 10 10 0 8 8 7 7 6 7 10 8 11 5 10 0 9 8 7 7 8 7 10 2 6 11 11 1 3 5 4 4 5 4 11 2 3 10 10 8 8 10 8 10 8 7 7 7 0 9 10 8 7 8 11 2 6 11 11 5 4 5 4 1 11 4 4 3 5 11 11 5 4 4 4 5 10 2 10 10 8 6 8 10 10 2 6 7 8 10 7 8 1 11 9 5 5 10 8 11 11 2 4 3 5 4 11 4 4 4 11 5 2 9 8 10 10 8 7 7 7 7 8 11 2 3 10 10 7 2 6 7 8 7 7 7 10 7 8 10 2 11 11 4 5 5 9 8 11 11 4 5 5 10 8 1 3 4 10 11 5 5 1 3 4 4 4 11 5 11 11 5 2 10 8 7 7 7 9 10 8 7 7 8 10 10 7 8 5 10 8 10 10 8 8 7 11 2 11 11 5 4 4 4 4 5 3 4 4 10 11 4 5 5 10 8 11 11 5 4 5 11 11 4 5 2 9 8 10 8 10 10 7 2 6 7 7 7 7 7 8 7 10 8 4 10 10 2 8 6 11 5 11 11 4 5 5 4 4 11 2 9 10 8 8 11 2 10 10 8 8 6 4 11 1 4 3 4 4 4 5 4 4 10 10 2 8 10 7 9 8 8 10 10 8 7 8 11 4 5 7 11 11 2 5 9 8 11 11 5 5 11 2 3 10 7 8 4 10 10 8 7 7 0 7 9 8 7 7 7 7 7 8 10 2 6 11 11 4 4 5 2 4 4 4 11 4 5 10 10 8 8 10 9 7 8 5 10 2 9 10 8 8 1 3 4 11 4 5 10 2 3 10 10 8 8 7 10 7 7 8 7 11 11 2 5 11 11 3 5 5 11 11 2 5 4 9 4 11 5 5 11 5 10 10 8 8 11 11 4 2 4 4 3 5
ppo_x50_b_fd_l4,95,qv18_95,18,156,True,712.0,2.0861194133758545,8 8 10 9 8 8 10 10 8 8 11 5 10 10 7 8 8 11 5 10 7 10 8 8 10 10 8 8 11 5 10 10 7 8 8 11 5 10 10 7 8 8 11 5 10 7 10 7 8 5 4 10 2 9 8 11 11 5 5 11 4 4 5 11 11 5 4 4 5 4 4 11 11 2 5 7 9 8 10 10 7 8 8 11 5 7 7 7 0 9 7 10 8 8 11 5 7 7 10 10 8 2 6 4 11 5 11 11 5 5 4 4 4 4 11 5 11 2 9 11 2 5 4 4 4 11 11 5 5 9 7 7 8 10 7 7 7 7 8 10 10 2 8 9 8 4 4 11 11 5 2 9 8 7 11 1 9 5 5 11 2 11 11 4 5 5 9 8 10 8 7 10 10 0 8 6 8 7 7 10 10 7 8 5 10 7 7 8 10 10 8 2 9 5 1 3 4 11 1 4 3 5 4 11 11 5 2 9 11 5 5 10 8 11 11 5 4 4 4 4 5 11 11 2 5 9 8 10 10 7 7 8 5 7 7 7 10 7 7 8 10 10 7 8 8 4 10 8 7 10 10 8 8 4 11 2 11 4 3 5 4 4 10 11 5 5 4 4 1 4 4 4 9 5 10 8 0 10 9 7 8 8 1 9 5 10 11 5 5 11 11 5 5 11 11 5 2 3 10 8 10 7 7 8 10 10 7 7 7 0 6 8 5 10 7 8 7 7 10 10 8 2 9 8 4 4 11 11 5 5 4 4 11 4 5 10 10 2 8 4 3 11 4 4 11 2 4 5 3 10 8 7 10 10 7 8 8 10 8 10 0 9 8 5 7 7 7 7 1 11 9 4 5 4 5 10 2 10 10 6 8 2 9 8 11 4 5 10 11 5 4 4 4 4 5 4 11 11 5 4 4 5 10 8 0 7 7 7 7 10 9 8 8 7 7 10 7 8 11 5 7 7 10 10 7 8 2 7 11 9 5 5 10 8 11 11 5 4 4 4 5 7 11 11 4 5 5 10 8 4 4 4 11 5 10 7 11 2 5 9 5 4 11 11 4 4 5 5 10 8 11 2 3 10 8 7 7 0 9 8 10 10 8 2 6 10 10 8 8 7 10 8 10 10 8 8 10 7 8 1 9 4 4 4 11 5 4 5 4 11 5 7 11 11 2 3 5 11 11 4 5 2 9 4 5 11 5 10 10 8 8 7 10 7 7 8 10 10 2 7 6 8 7 10 7 8 11 10 7 8 8 11 2 9 5 10 10 8 8 4 11 2 4 9 4 4 4 10 8 8 11 4 5 4 4 4 4 4 10 8 11 4 11 5 4 5 4 10 2 10 9 8 8 10 7 8 11 5 10 10 8 2 10 10 7 7 7 6 8 7 7 7 7 8 11 5 11 11 5 5 10 2 11 11 3 5 5 11 11 2 5 10 8 10 9 8 8 10 10 8 7 8 10 2 7 6 11 11 5 2 4 11 5 11 3 4 4 5 4 4 11 5 11 11 2 5 11 11 3 5 4 5 10 8 11 2 4 10 10 8 6 7 7 7 7 8 11 2 10 10 6 7 8 7 7 7 8 11 2 10 9 8 8 11 11 4 5 5 11 11 5 5
ppo_x50_b_fd_l4,96,qv18_96,18,159,True,744.0,2.1417899131774902,8 8 9 10 8 8 10 10 8 8 11 5 10 7 10 7 7 8 8 10 0 10 8 8 9 5 10 10 8 8 10 10 8 8 1 9 5 4 11 4 5 11 11 5 5 11 11 5 5 4 10 2 11 11 3 5 2 11 5 11 9 5 5 7 10 7 8 10 7 10 8 7 8 11 2 3 10 10 8 7 8 7 10 10 8 2 10 10 7 7 8 8 9 5 11 11 5 2 10 8 9 7 11 5 5 11 5 4 4 4 11 11 5 4 4 4 4 5 10 7 7 7 8 10 8 11 11 5 5 11 11 2 4 5 9 11 5 5 11 2 11 9 5 5 10 7 7 7 0 6 7 7 7 7 7 7 7 7 8 4 4 4 4 10 2 10 9 8 8 10 2 7 10 9 8 8 4 1 9 5 11 4 11 5 5 4 4 4 11 4 4 4 4 5 11 11 4 5 8 7 7 10 2 10 9 8 8 7 7 7 10 2 9 10 8 7 8 10 2 6 11 11 5 4 5 11 11 5 2 3 4 4 11 4 4 5 10 10 8 2 9 8 10 7 10 7 8 5 11 5 7 10 7 7 10 2 8 7 10 9 7 8 8 11 2 9 5 7 7 7 11 11 5 4 5 4 4 4 11 5 4 11 11 4 5 4 4 4 4 5 10 2 6 7 10 10 8 8 11 2 9 10 8 8 10 7 7 7 0 9 8 7 8 4 11 5 7 7 7 7 7 10 10 2 8 11 5 11 11 4 4 5 5 9 5 11 4 11 5 2 9 5 11 1 9 5 5 7 11 2 9 11 5 5 11 4 11 4 5 5 0 9 8 7 7 10 10 2 6 7 7 7 8 4 11 5 7 7 7 7 7 10 7 8 4 1 11 11 4 5 5 11 9 5 4 4 5 4 4 11 5 10 2 7 10 7 9 8 8 10 2 7 7 6 7 0 10 8 10 10 8 8 10 8 6 11 5 4 4 4 11 11 4 4 5 5 11 5 11 11 5 2 9 5 11 4 11 5 5 10 7 8 7 7 10 8 7 7 7 7 1 11 11 3 5 4 5 4 11 1 9 5 8 4 11 11 4 5 5 10 8 10 8 11 11 2 4 5 9 8 10 10 2 6 7 8 10 10 8 8 10 10 7 8 5 10 8 10 10 7 8 8 7 10 7 10 8 2 6 11 11 5 2 4 9 11 5 5 4 4 4 11 5 4 11 4 1 4 5 9 11 5 4 5 10 2 3 10 10 7 7 7 8 8 10 8 7 7 7 7 7 7 11 11 5 5 1 11 4 4 11 5 5 9 8 11 1 9 5 4 4 5 0 9 5 10 10 7 8 8 7 7 10 8 4 4 4 4 11 5 10 10 7 7 8 8 11 4 5 10 10 7 7 2 6 7 7 8 10 8 7 10 10 8 2 6 11 5 11 11 2 5 3 11 5 4 11 11 5 2 9 4 5 10 8 10 8 10 10 7 2 8 9 8 10 8 10 7 7 11 5 2 11 5 11 9 5 5 4 4 11 5 4 11 11 5 4 11 5 5 11 5 4 4 10 11 5 5 10 8 4 10 10 8 2 10 6 10 8 7 8 10 2 7 7 7 9 10 8 8 11 5 10 10 8 8 10 10 8 7 8 0 9 8 11 11 5 5 11 11 4 4 4 4 4 4 5 5 10 2 11 11 5 5
ppo_x50_b_fd_l4,97,qv18_97,18,157,True,749.0,2.2323386669158936,8 8 10 9 8 8 10 10 8 8 11 5 10 10 7 8 8 10 10 7 8 5 10 10 7 8 5 10 10 8 8 1 9 5 4 4 11 1 9 5 5 4 4 11 5 10 11 2 3 5 11 2 11 11 5 5 7 7 7 9 7 8 10 10 0 8 6 8 10 7 10 8 8 10 10 7 7 8 5 10 10 8 8 11 4 2 11 4 3 5 10 10 8 2 11 4 4 4 4 9 5 5 11 11 2 5 10 8 10 10 7 8 8 7 9 8 10 10 7 7 8 8 1 11 5 9 4 10 8 8 10 8 11 4 4 5 11 11 4 5 5 10 8 11 11 5 5 4 4 1 3 4 4 11 4 4 5 10 10 2 6 8 10 7 10 8 7 8 7 10 8 7 7 7 10 8 7 7 7 11 11 2 5 11 11 5 5 4 3 11 5 4 4 4 4 11 5 11 2 9 10 8 8 10 2 10 10 8 8 9 8 0 10 9 8 5 11 4 4 4 4 5 11 11 4 5 8 11 5 0 10 6 7 7 8 11 5 10 10 7 7 7 8 7 8 11 2 9 5 10 10 8 7 8 4 4 4 11 5 4 4 11 4 4 4 4 11 5 5 7 10 8 4 10 0 9 8 5 10 7 7 7 7 7 8 7 0 6 7 7 7 7 10 10 8 2 3 11 5 7 11 11 4 4 5 5 10 8 11 2 11 11 3 5 5 11 11 2 3 5 10 8 11 4 4 4 4 4 4 11 5 2 9 5 10 7 10 8 8 7 11 5 11 5 10 10 7 7 8 8 10 10 8 2 9 5 4 4 10 10 8 7 7 8 7 11 5 10 10 8 2 7 7 7 11 11 5 5 3 4 4 10 11 5 5 4 4 11 5 11 11 5 2 11 3 4 11 5 5 11 2 10 10 8 8 10 10 8 6 7 7 8 0 10 6 10 7 8 5 7 7 7 10 2 10 10 8 6 8 11 5 11 11 4 5 2 11 9 5 5 4 4 11 4 5 11 2 11 9 5 4 5 11 2 11 11 5 3 5 7 10 7 0 6 7 8 7 7 7 10 10 8 7 8 7 1 11 9 5 5 11 2 4 11 4 9 5 5 1 9 11 5 5 11 2 9 4 5 10 10 8 8 7 7 10 10 8 8 10 10 7 8 8 0 9 5 10 10 8 7 8 10 2 6 11 11 4 2 3 4 4 4 4 4 5 10 2 11 11 5 5 9 8 11 11 5 2 11 3 4 5 11 11 5 2 9 5 7 7 7 10 7 8 7 10 10 8 2 10 8 6 7 7 11 5 4 4 4 4 1 4 10 9 5 5 10 2 9 10 8 8 11 4 11 4 5 5 10 8 4 10 11 2 5 4 3 10 10 7 7 8 8 11 5 10 10 7 7 8 8 7 10 10 7 7 7 8 7 7 8 11 2 9 11 4 5 4 5 10 7 8 11 4 11 4 5 8 11 4 4 5 4 11 11 5 2 11 5 4 3 10 10 7 7 7 8 8 0 6 7 7 7 10 10 7 8 5 10 8 7 11 11 5 5 4 4 11 4 5 10 2 11 9 5 5 10 8 7 7 11 11 1 4 5 3 5 10 8 11 11 5 5 11 5 4 4 4 4 4 10 10 2 8 10 10 8 7 7 6 8 10 10 2 8 10 10 8 8 7 10 10 7 8 6 8 10 10 2 8
ppo_x50_b_fd_l4,98,qv18_98,18,153,True,712.0,2.042611598968506,8 8 10 9 8 8 10 10 8 8 11 5 10 10 8 2 10 10 8 8 9 10 7 7 8 8 11 10 7 8 8 10 2 9 10 8 8 4 11 5 4 10 10 8 8 11 2 3 4 11 11 4 5 5 10 8 11 11 5 5 4 11 11 5 2 3 4 11 11 4 5 8 1 9 8 10 7 7 10 8 8 11 5 10 10 2 6 7 7 8 4 10 10 8 8 7 11 5 10 10 8 8 10 7 10 8 8 10 2 10 9 8 8 4 1 9 5 4 11 5 10 8 4 11 4 5 11 11 4 2 3 4 5 11 2 6 11 5 11 11 4 2 5 9 8 10 10 2 6 7 8 11 2 11 11 5 4 5 11 9 5 5 7 0 6 7 7 7 0 6 7 11 5 10 10 8 8 7 10 7 8 10 10 8 2 10 7 8 4 3 4 1 3 4 4 4 11 4 4 4 5 11 5 7 10 10 8 2 7 7 7 7 7 10 10 8 8 9 5 10 10 7 7 8 1 5 9 5 11 4 4 5 11 11 5 2 9 11 4 5 5 7 11 11 5 5 10 7 7 8 7 11 5 4 4 1 9 11 5 5 4 4 11 5 11 2 3 4 10 10 8 7 7 8 10 0 6 7 7 7 8 10 10 2 6 7 8 7 10 10 8 8 1 9 8 11 4 4 11 4 5 2 4 9 5 4 10 10 8 7 8 11 5 4 11 5 11 11 5 4 5 11 5 10 0 7 7 7 7 7 7 9 8 8 10 10 2 8 9 5 11 11 2 3 5 11 4 4 4 11 5 5 10 2 11 3 11 4 5 8 11 2 11 11 5 5 11 5 11 9 5 7 8 11 5 10 8 7 0 6 7 7 7 7 7 7 11 5 10 0 9 7 8 5 10 7 7 8 10 10 8 8 4 4 4 11 5 7 7 10 2 7 6 11 11 5 5 11 11 5 5 1 9 8 11 11 4 5 8 11 2 11 11 4 3 5 5 11 11 4 5 5 11 2 11 9 5 5 7 10 10 8 8 10 8 10 10 8 8 10 7 8 7 7 1 11 3 11 5 4 4 4 4 4 4 5 10 2 10 10 8 8 7 9 8 10 10 8 8 11 5 7 7 10 10 0 6 8 7 7 8 10 2 6 7 11 11 5 4 5 4 4 4 4 4 4 4 11 4 5 10 1 9 8 8 10 8 10 7 7 7 7 7 7 7 7 7 8 11 11 2 5 11 3 11 5 5 4 11 2 9 5 7 11 11 4 5 4 5 11 11 4 4 2 5 11 9 4 5 5 0 9 8 7 10 10 8 2 9 8 4 11 4 5 10 10 8 2 9 8 10 10 8 8 10 10 7 8 8 11 5 11 5 10 10 0 6 8 7 7 8 4 10 2 10 9 8 7 7 8 10 2 6 11 11 4 2 4 3 4 5 11 11 5 5 11 4 5 4 4 11 1 4 4 5 3 10 10 8 8 11 5 10 10 2 7 8 9 8 11 5 10 10 7 7 0 6 8 5 10 7 8 7 7 10 7 8 11 11 2 5 9 5 11 11 4 2 3 5 10 8 11 11 4 4 5 2 9 8 7 11 11 5 5 11 11 4 2 4 4 4 5
ppo_x50_b_fd_l4,99,qv18_99,18,151,True,684.0,2.1627116203308105,8 8 9 10 8 8 10 10 8 8 11 5 10 10 7 8 8 10 10 8 8 11 5 11 10 7 0 6 7 7 8 8 10 10 8 8 11 5 10 7 10 8 8 10 2 11 3 5 11 11 5 2 11 11 3 4 5 5 4 10 2 11 11 5 5 4 4 4 4 4 11 11 5 5 7 10 8 10 10 7 7 8 8 11 9 8 8 7 10 8 10 10 8 8 10 2 7 9 11 5 5 4 4 4 11 2 4 10 10 8 8 6 10 8 0 6 7 10 10 8 7 7 8 11 5 10 2 3 7 11 11 5 5 4 4 4 4 4 4 4 1 11 3 5 0 7 6 11 11 5 5 0 10 8 10 9 8 7 8 10 7 2 7 7 11 11 5 5 11 5 3 4 4 1 4 4 4 10 9 8 8 11 5 11 11 4 4 5 8 0 9 8 11 5 10 10 2 6 7 7 7 8 10 8 10 7 10 8 8 4 11 2 4 4 4 4 10 10 8 8 9 5 10 10 7 8 8 11 5 11 5 10 10 7 7 7 2 6 8 10 10 7 8 8 7 11 2 11 11 5 5 4 11 3 5 4 4 4 4 11 5 7 10 8 11 4 11 4 5 4 5 7 10 8 11 11 2 5 11 11 5 3 5 10 8 7 10 8 7 10 8 10 10 7 7 7 7 8 8 11 5 11 5 4 10 8 10 10 7 8 8 11 5 10 10 7 7 7 8 2 9 5 11 4 5 10 10 8 2 9 8 4 4 11 5 4 4 4 11 1 3 4 5 4 4 11 11 5 5 10 8 4 1 11 11 5 5 9 8 10 10 7 8 8 11 5 10 10 8 8 10 10 7 7 8 8 10 7 7 7 8 11 11 5 2 4 9 11 5 5 10 7 0 6 8 7 7 10 10 2 8 4 11 5 4 4 4 3 4 4 4 4 11 11 4 5 2 6 11 11 5 5 0 7 10 6 8 10 10 8 2 10 10 7 8 7 7 7 6 8 11 4 5 11 11 5 2 9 8 4 10 10 7 8 5 10 7 7 10 8 2 9 5 7 7 11 11 5 4 5 10 8 11 4 4 4 4 5 11 11 4 5 4 5 4 11 11 4 5 5 10 8 11 11 5 2 9 8 10 10 8 7 7 0 6 8 4 10 10 8 8 10 10 7 2 6 8 10 7 10 8 8 10 8 1 9 4 5 7 11 11 5 5 11 2 9 11 5 5 10 2 9 11 5 5 4 4 11 2 3 4 11 11 5 4 5 10 10 8 2 9 5 7 10 7 10 7 7 8 7 7 8 10 2 6 7 0 10 9 8 7 8 10 2 6 11 11 4 5 4 5 4 4 4 4 11 2 9 5 4 11 5 7 0 10 10 8 8 6 10 8 10 7 7 10 8 8 11 5 11 11 5 2 9 5 11 4 11 2 5 9 8 11 5 4 11 11 2 3 4 4 5 11 11 4 5 2 9 8 10 8 4 10 10 8 8 10 10 8 8 10 10 7 7 8 7 8 4 10 10 2 6 8 10 10 7 7 2 6 8 10 10 2 8
