agent,env,problem_name,ion_count,op_count,solved,duration,compile_time,actions
ppo_x50_b_fd_l4_same_gamma,0,qv22_0,22,237,True,1709.0,10.85270094871521,8 8 6 10 10 8 2 9 5 10 10 8 8 10 4 2 6 10 10 8 8 10 10 8 8 10 4 5 4 11 5 4 10 10 8 7 7 7 10 8 8 10 10 8 8 10 10 8 8 4 4 4 11 4 8 10 10 8 2 9 10 8 7 8 10 10 8 8 10 10 8 8 4 10 8 11 4 1 3 4 5 4 4 4 4 10 8 11 4 4 11 5 11 5 2 6 7 7 7 7 7 7 10 0 6 7 7 1 3 5 10 10 8 8 10 8 11 7 10 8 8 4 4 4 4 4 11 4 4 4 4 4 4 5 7 7 7 7 7 11 11 5 2 3 11 4 4 4 5 4 4 11 5 4 4 4 10 10 8 10 5 7 8 7 7 7 7 7 10 7 7 7 7 8 11 2 9 10 8 8 10 8 4 4 4 4 4 11 11 5 5 10 7 7 0 6 8 4 11 4 5 4 4 10 10 8 7 7 7 7 7 7 0 6 7 7 8 11 11 5 11 5 11 5 2 3 4 4 11 5 4 10 10 8 7 7 7 7 7 8 11 5 4 4 4 4 4 4 4 11 5 11 11 5 11 5 5 7 11 10 8 2 3 10 7 7 7 7 7 7 7 10 8 2 9 10 8 8 10 7 10 8 2 9 4 4 11 5 2 6 11 5 11 11 5 5 7 11 7 0 6 7 7 8 4 4 11 11 5 5 10 8 7 11 10 0 6 5 0 3 0 3 4 11 5 4 4 4 4 4 4 4 5 11 11 5 11 5 4 4 4 5 4 10 2 10 10 8 6 7 10 8 8 11 5 7 7 7 7 10 10 8 2 9 10 8 2 3 10 7 10 8 7 7 7 7 7 7 10 8 4 2 3 4 4 11 5 4 4 4 11 5 10 10 4 8 10 7 8 7 7 8 4 4 11 5 10 7 8 4 11 11 5 5 4 7 10 4 4 10 4 5 4 4 4 4 4 4 5 10 8 7 7 7 0 6 7 7 7 7 7 7 7 7 7 10 8 10 8 11 4 11 5 4 4 5 10 7 7 8 1 3 4 11 4 4 5 11 4 11 4 2 3 5 7 7 7 11 5 4 4 11 11 5 4 4 4 5 11 4 4 5 10 11 5 10 2 5 6 10 8 7 7 7 7 7 7 7 10 10 8 7 7 7 7 8 7 10 10 8 7 8 10 8 11 11 5 5 4 4 10 2 10 9 8 7 7 8 11 11 7 8 1 8 9 11 5 11 5 4 4 4 11 5 4 4 5 11 4 4 8 4 10 10 8 7 7 7 8 7 11 5 1 4 3 4 4 1 3 4 11 5 4 4 4 4 4 4 10 11 5 2 6 10 10 8 10 8 10 8 7 7 8 10 11 5 4 5 4 11 5 10 8 10 10 8 10 8 0 6 8 7 7 7 7 7 10 7 7 7 8 11 4 4 4 4 4 4 5 10 7 10 8 8 10 8 10 10 8 7 7 7 8 11 11 5 2 6 4 1 3 4 4 4 4 4 10 8 11 11 5 4 4 5 11 4 8 11 11 5 4 2 9 5 7 7 7 7 7 7 11 10 8 8 4 4 10 4 11 5 2 9 4 4 4 5 7 11 5 10 5 10 8 7 7 7 7 7 10 10 8 7 7 8 10 1 9 8 7 7 8 10 10 8 8 1 3 4 11 1 3 5 11 11 5 4 4 4 4 4 4 5 7 10 7 10 8 2 9 8 10 7 7 7 8 10 10 8 8 4 4 4 4 4 11 5 4 7 4 7 4 4 10 8 4 4 4 11 10 8 4 8 4 4 4 4 4 4 10 8 7 7 4 7 4 7 7 7 7 7 7 7 7 11 5 4 4 4 11 4 5 4 4 4 11 5 10 10 8 0 6 10 8 7 8 7 10 8 7 10 7 10 8 8 7 7 7 7 10 8 7 10 10 8 8 4 4 4 4 4 4 4 11 2 3 10 10 8 2 9 8 4 11 11 5 5 4 11 11 5 5 4 11 4 11 4 5 2 9 11 5 2 6 7 7 7 10 11 5 5 4 4 11 5 10 10 7 8 7 7 7 10 8 7 7 7 7 11 5 2 9 5 4 11 4 4 5 11 11 5 2 6 7 10 10 8 7 10 8 8 10 2 9 10 8 0 7 6 7 7 7 8 4 4 4 4 4 11 1 3 4 5 10 7 10 8 8 4 4 4 10 11 5 5 4 4 11 11 5 7 8 4 11 4 4 4 5 4 10 10 8 7 0 6 7 7 7 7 7 0 6 7 8 10 4 1 9 8 7 7 7 7 7 8 11 4 4 4 4 4 4 5 10 7 8 11 11 5 4 4 4 4 4 5 11 2 9 11 5 7 8 4 4 4 11 5 10 10 7 8 0 10 8 6 0 6 10 8 10 8 7 7 7 7 7 7 7 7 8 11 2 11 9 5 5 7 7 10 8 4 4 4 4 4 4 4 4 11 5 0 6 7 10 11 5 5 4 4 1 3 4 4 11 5 11 11 5 7 7 8 10 10 8 7 10 8 8 10 7 0 6 7 7 10 8 7 7 7 8 7 10 8 11 5 11 4 10 8 8 11 2 11 3 11 5 4 4 5 4 4 11 4 10 8 2 6 10 8 4 11 4 4 4 4 4 4 5 7 10 8 7 7 7 7 10 11 5 5 10 7 10 7 8 10 8 7 7 8 4 4 10 10 8 7 7 8 4 0 6 4 4 4 4 11 5 10 10 8 4 2 4 4 3 4 4 4 4 4 11 4 4 5 7 10 8 11 11 5 11 5 4 4 5 10 10 8 7 7 7 7 8 10 10 8 8 7 11 5 11 4 4 4 4 4 5 11 7 11 5 5 10 10 8 8 7 4 10 7 7 8 10 11 5 7 7 7 7 7 8 4 4 4 11 4 10 5 10 5 10 5 10 5 10 5 10 5 10 5 10 5 10 5 4 4 4 4 5 10 10 8 7 7 7 7 7 10 8 7 7 7 7 8 11 11 5 5 10 7 11 5 4 4 4 4 4 4 5 11 4 5 10 8 7 10 10 7 7 8 8 7 7 7 7 7 7 11 5 10 10 8 7 7 8 11 5 11 4 4 4 10 8 2 11 9 8 8 1 3 4 4 4 4 4 1 4 3 4 11 4 5 10 10 4 4 4 5 11 4 4 5 2 9 8 7 7 10 8 10 10 7 7 8 8 4 10 11 5 5 7 7 7 10 10 7 8 8 7 7 10 8 10 7 7 10 8 7 8 1 3 4 4 11 5 10 7 8 11 11 5 2 4 3 11 5 4 11 10 8 2 9 10 8 7 8 7 10 7 7 8 11 11 5 5 11 11 5 5 10 8 7 7 11 5 11 11 5 1 3 5 4 4 10 11 5 5 11 5 4 4 4 11 5 4 10 10 8 8 7 7 10 11 5 7 8 4 7 7 11 4 10 8 7 7 8 4 4 4 4 4 11 4 4 4 4 4 4 5 11 11 5 2 10 8 6 10 10 8 7 7 7 7 10 8 8 10 8 11 11 5 2 9 10 8 2 3 11 11 4 8 7 7 7 7 7 7 7 7 8 1 3 11 11 5 4 4 2 4 3 4 4 11 5 4 11 4 4 5 10 10 8 4 4 4 5 10 0 9 5 5 10 10 7 7 7 8 7 7 8 7 7 10 10 8 7 7 7 8 1 3 4 4 11 5 11 11 5 11 4 4 5 2 6 7 7 10 11 5 5 10 10 8 7 7 7 7 7 7 7 7 8 10 10 8 8 4 4 11 5 11 11 5 5 4 11 11 5 5 4 4 4 4 4 11 5 10 10 8 4 4 4 4 5 10 10 7 7 7 7 7 7 7 7 7 7 7 8 7 7 8
ppo_x50_b_fd_l4_same_gamma,1,qv22_1,22,232,True,1746.0,10.598510980606079,8 6 10 8 8 7 4 7 4 0 9 11 5 5 10 4 7 4 7 4 7 4 7 4 7 4 0 10 5 10 5 5 6 10 7 10 8 8 1 3 11 5 0 3 0 6 1 4 9 5 10 10 7 8 0 6 10 8 8 10 10 8 8 10 4 5 10 10 8 10 8 8 10 10 8 8 10 10 8 8 4 10 8 10 10 8 8 10 10 8 8 4 10 8 10 10 8 8 4 4 11 1 9 5 4 8 11 4 5 11 11 5 4 4 4 4 4 4 4 5 4 10 4 5 7 10 10 8 7 7 8 10 10 8 7 8 11 11 5 4 2 3 10 11 5 5 4 10 10 8 7 7 7 7 8 4 4 11 4 5 11 4 5 10 10 8 8 10 7 8 10 10 8 10 8 7 7 7 5 10 7 10 8 8 4 11 5 11 11 5 5 4 4 4 4 4 4 4 10 10 8 4 5 4 4 4 7 4 7 4 7 4 7 4 7 4 7 4 7 4 7 4 7 4 7 4 7 4 7 4 7 4 7 10 4 8 4 7 4 7 10 4 8 4 7 4 4 10 10 8 7 7 7 7 7 7 7 7 8 11 10 8 8 11 4 5 10 7 5 4 4 4 10 10 8 7 7 7 8 4 4 4 4 1 3 4 11 5 4 10 7 11 5 7 8 4 4 4 11 11 5 2 3 11 4 5 4 10 10 8 7 0 6 7 0 9 8 10 8 7 10 8 7 7 8 10 10 8 7 7 7 8 4 4 4 4 4 11 5 11 5 4 4 4 4 11 4 5 7 7 10 10 8 7 7 7 8 4 10 4 5 10 7 10 8 8 7 7 7 10 8 10 10 8 7 8 4 10 2 3 4 4 11 7 7 8 10 10 8 8 4 4 11 5 11 11 5 4 5 10 10 8 2 3 4 4 1 3 4 4 4 11 5 7 11 11 5 4 11 5 4 11 5 5 7 11 11 5 5 4 0 9 5 10 10 8 7 7 8 7 11 4 4 5 11 5 7 11 11 5 5 10 7 8 10 10 8 10 8 2 6 7 10 10 8 2 9 10 8 8 10 11 5 5 4 4 4 4 10 10 8 7 7 10 8 7 7 8 10 10 8 8 7 7 7 10 7 11 5 4 4 4 4 4 4 5 7 7 7 11 5 10 2 9 10 8 7 7 7 7 8 4 4 4 1 3 4 4 4 11 5 1 3 4 4 10 8 0 6 7 7 7 7 7 7 10 10 8 2 9 8 11 4 4 5 10 10 8 7 7 7 8 11 11 5 7 8 11 5 4 4 4 4 4 4 4 10 4 10 7 5 4 5 7 10 10 8 2 4 9 11 5 5 11 11 5 1 3 4 5 10 0 9 5 5 10 10 8 8 7 7 10 10 7 7 8 2 4 9 11 5 2 6 10 11 5 5 11 4 4 4 4 4 4 8 4 4 4 4 4 0 9 11 5 2 10 8 6 10 10 8 7 7 8 10 7 7 7 10 8 7 5 11 11 5 5 10 7 7 7 7 10 8 2 6 10 8 10 7 10 8 8 4 1 3 10 4 1 3 5 4 4 4 4 4 4 11 4 4 4 4 5 11 4 4 5 10 7 10 8 10 8 2 10 9 5 5 10 10 8 7 7 10 8 8 7 7 7 7 7 10 10 7 7 8 4 4 4 4 5 10 11 5 5 4 10 2 6 7 10 10 8 7 8 7 10 10 8 7 8 4 4 4 4 4 4 4 1 3 4 4 4 11 5 7 7 10 7 7 8 11 4 4 11 5 5 11 11 5 4 5 10 2 6 7 7 7 7 7 7 7 7 7 10 7 7 8 11 11 5 4 1 9 8 8 4 4 4 4 11 4 5 11 5 10 11 4 4 5 7 8 11 4 11 5 2 3 11 4 5 11 5 7 7 7 7 0 6 4 11 10 8 2 6 10 7 10 8 7 7 7 7 7 7 8 7 11 5 10 10 8 8 4 11 11 5 4 4 4 4 4 5 11 5 7 10 10 8 10 8 7 7 10 8 2 9 4 4 0 9 7 8 7 7 7 8 4 4 4 1 6 4 4 4 4 10 8 7 7 10 8 4 4 4 11 11 5 2 6 4 4 7 4 7 4 7 4 7 4 7 4 7 4 11 5 4 4 1 3 4 4 4 4 10 11 5 5 4 0 6 10 7 7 8 7 11 5 10 10 8 8 10 10 8 8 10 10 7 8 7 7 7 7 7 8 11 11 5 2 4 6 4 4 11 4 7 10 8 2 6 7 7 11 4 5 4 4 4 4 10 4 4 4 5 11 4 5 11 5 11 11 5 5 7 7 7 7 7 10 8 7 7 7 7 7 7 7 10 10 8 8 7 11 11 5 4 5 4 4 4 4 11 2 9 10 8 4 5 11 10 8 8 10 10 8 7 8 4 11 4 4 4 11 5 5 4 11 11 5 7 7 8 7 11 5 7 7 11 11 5 4 4 4 4 5 7 7 4 4 4 7 7 7 11 4 4 5 0 6 7 7 7 7 7 7 7 7 7 7 10 10 8 8 10 8 7 7 11 11 5 11 5 4 4 5 4 1 3 1 3 4 4 4 4 11 11 5 8 11 11 5 2 6 4 4 4 4 11 10 7 0 6 5 5 10 10 8 7 7 7 8 10 10 8 7 7 7 7 7 7 7 7 8 4 4 4 4 4 11 4 4 5 10 10 8 7 8 10 10 8 7 7 7 7 7 7 8 11 2 3 11 5 11 11 5 4 4 5 11 4 5 11 11 5 4 1 3 4 5 10 7 10 8 8 11 4 5 7 10 7 7 7 7 7 10 8 7 7 8 10 7 8 1 3 4 4 4 4 4 10 8 11 11 5 5 10 7 8 7 4 10 10 8 4 4 8 11 11 5 5 7 7 10 7 5 7 10 8 10 10 8 8 4 11 5 4 4 4 4 4 4 1 3 4 10 8 11 1 3 4 4 4 5 11 11 5 2 6 0 6 7 7 7 7 10 7 7 7 7 7 7 7 7 8 4 11 5 4 4 11 4 4 4 4 4 4 5 10 10 8 8 10 8 4 4 4 4 11 11 5 7 8 4 4 4 4 4 0 9 5 10 10 8 7 8 7 7 7 7 7 7 7 10 7 8 10 10 7 1 5 4 3 4 11 5 5 10 7 8 11 4 4 4 4 4 5 4 10 11 5 5 0 9 10 8 7 7 8 7 10 10 8 8 4 4 11 4 4 5 7 10 10 8 8 4 11 4 5 4 4 4 4 4 4 0 6 10 8 7 10 10 8 7 7 7 8 11 4 4 4 5 7 10 7 8 7 7 7 7 10 10 8 7 7 7 7 5 10 10 8 2 6 4 10 4 5 4 4 4 4 11 11 5 2 6 4 11 4 4 11 5 4 2 3 11 11 5 5 7 11 5 10 10 8 8 4 1 3 4 4 4 0 10 9 5 5 10 10 0 6 8 0 6 7 7 10 8 7 0 9 5 5 10 10 8 7 7 7 7 7 7 7 7 7 7 8 11 2 11 9 5 5 11 11 5 5 11 4 5 11 11 5 4 4 5 0 9 10 8 7 7 7 8 7 7 7 10 8 11 4 1 3 4 4 5 4 4 11 11 5 7 0 6 7 7 7 7 7 8 4 11 11 5 4 4 4 4 4 4 4 4 4 4 4 5 7 7 0 6 7 10 8 7 7 10 10 8 2 9 7 7 8 11 4 4 4 4 4 4 11 5 2 4 10 9 8 10 7 5 4 4 4 5 11 11 5 7 7 7 7 7 8 4 11 5 10 10 7 7 7 8 7 7 8 10 10 8 7 7 7 8 7 11 11 5 1 3 4 4 4 4 5 4 4 10 2 11 11 5 5 7 9 8 10 7 10 8 7 7 7 8 10 10 2 8 4 4 11 11 5 4 4 4 4 4 3 5 4 4 4 4 4 11 11 5 2
ppo_x50_b_fd_l4_same_gamma,2,qv22_10,22,229,True,1684.0,10.42508602142334,8 8 10 9 8 8 7 4 7 4 7 4 7 4 10 10 8 8 11 5 11 11 5 5 7 7 10 7 10 8 8 10 10 8 8 11 5 4 4 4 11 4 4 5 10 10 8 8 7 10 5 11 4 4 5 10 10 7 7 7 8 7 0 6 7 10 8 8 10 10 8 8 10 10 8 8 10 4 5 10 7 10 8 8 10 10 8 8 11 5 4 1 3 4 4 10 8 11 11 4 5 5 4 4 4 4 4 4 11 10 8 2 6 4 4 11 5 10 10 8 2 6 10 10 7 7 8 7 7 8 10 2 6 10 11 5 7 8 4 4 4 4 11 11 5 2 7 7 6 10 10 7 7 7 7 7 7 7 7 8 8 11 5 4 11 5 10 10 8 2 11 5 9 4 4 7 4 7 4 7 7 4 4 7 10 8 4 4 4 4 5 10 2 6 7 7 10 10 8 2 6 10 8 4 4 4 10 11 5 5 7 11 5 10 10 8 8 11 5 4 4 4 4 4 4 4 4 4 1 3 4 4 4 11 5 10 10 8 0 6 8 7 10 10 8 7 7 0 9 5 5 4 11 5 7 10 10 8 7 7 7 10 8 7 7 7 7 7 7 8 4 4 4 4 4 4 4 10 8 7 10 8 11 11 5 5 10 8 4 11 11 5 2 4 10 8 11 4 3 5 10 10 8 2 6 7 7 10 8 7 10 10 8 8 10 10 8 4 4 4 4 2 3 11 5 4 4 10 8 11 11 5 5 4 4 4 4 11 4 5 10 10 8 4 2 9 5 4 10 4 4 5 4 10 10 8 7 7 7 8 7 7 7 10 7 7 7 8 10 7 10 8 2 9 10 8 7 8 11 4 5 4 11 4 4 4 4 5 10 8 7 7 11 10 8 7 7 7 8 11 2 3 4 11 7 4 11 5 11 5 5 11 11 5 4 4 4 4 4 4 5 4 0 9 5 7 4 7 4 4 0 6 10 10 8 8 7 7 10 10 8 8 4 4 10 10 8 10 8 7 7 7 7 7 7 7 7 8 4 11 4 11 5 2 6 7 1 9 7 5 4 4 4 4 4 4 4 10 11 5 5 1 3 4 4 4 4 4 0 9 11 5 5 10 10 7 7 8 7 10 8 0 6 7 7 10 8 7 7 7 10 8 2 9 7 8 4 4 4 1 3 4 4 4 11 4 5 11 11 5 2 10 10 7 6 8 8 7 10 10 8 7 7 7 10 8 7 7 7 7 8 1 3 4 4 4 11 5 10 7 7 7 8 4 4 10 8 11 4 5 11 10 8 2 3 11 5 4 4 10 10 8 7 8 4 4 11 5 4 4 4 4 10 10 8 4 4 2 3 4 10 11 5 5 11 4 5 7 11 5 11 5 11 11 5 7 7 8 7 7 7 7 10 8 4 11 2 3 4 1 3 4 4 10 11 5 5 7 1 10 10 8 9 8 10 5 8 7 7 7 7 7 7 7 0 6 7 10 10 8 7 7 2 9 7 8 11 4 4 10 2 8 9 8 11 11 4 5 4 11 5 5 11 0 6 7 8 11 11 5 2 6 0 6 7 7 7 7 1 9 0 6 11 5 1 3 4 8 11 4 11 5 4 11 5 11 5 5 4 11 11 5 4 2 9 11 5 4 5 10 8 7 10 7 7 7 7 7 7 7 7 7 7 10 8 4 2 11 9 8 8 4 11 4 4 11 5 4 4 4 4 4 4 11 5 4 8 11 11 5 4 2 9 5 4 4 10 10 8 7 7 7 7 7 7 7 7 7 8 10 7 7 8 7 11 10 0 8 8 9 11 5 4 4 5 11 11 5 4 5 4 11 4 5 10 7 7 7 7 7 7 8 7 0 6 11 10 8 8 10 4 4 4 4 4 4 4 5 11 11 5 4 4 4 4 5 4 10 10 8 7 10 8 8 4 11 5 10 10 8 7 7 7 7 8 4 4 11 11 5 4 8 4 10 10 8 8 11 2 9 11 5 4 4 4 4 4 4 5 10 10 8 10 8 7 11 5 7 7 7 7 7 7 8 11 10 8 8 11 2 3 11 4 11 4 4 4 4 5 11 5 2 6 7 7 7 10 11 5 7 8 7 10 7 7 7 10 8 7 7 7 8 7 7 10 10 8 8 4 4 4 11 2 6 4 10 10 8 2 9 8 11 4 1 3 4 4 5 7 4 11 4 5 1 3 11 5 4 4 4 4 4 4 11 4 5 10 10 8 0 6 10 8 7 8 7 7 7 7 10 8 1 9 8 4 10 10 8 7 10 8 7 7 7 7 7 8 11 11 5 11 5 5 4 4 4 4 11 5 11 4 4 10 8 8 11 4 5 10 10 8 4 4 5 4 10 10 8 7 7 7 7 8 7 10 10 8 7 7 8 4 1 3 4 4 4 4 10 11 5 5 4 11 4 5 4 4 10 10 8 7 7 7 7 7 7 7 7 7 7 8 11 2 9 4 10 8 8 11 2 3 4 4 11 5 4 4 4 4 4 11 5 4 4 11 5 4 4 0 11 5 6 11 10 8 2 6 10 8 7 7 7 7 7 7 7 7 10 7 7 7 8 4 11 11 5 2 3 4 4 4 11 4 5 7 10 10 8 8 10 10 8 8 10 7 7 10 7 8 7 7 8 11 5 4 11 4 5 7 11 5 4 11 5 4 4 11 5 4 4 4 4 4 4 4 11 4 5 10 10 8 10 5 10 5 7 2 6 7 7 7 10 8 7 7 7 7 7 7 7 7 4 7 7 4 7 7 11 1 3 4 4 5 11 4 4 5 10 4 10 2 4 3 4 4 4 5 10 4 4 4 4 4 4 5 7 7 7 7 7 7 10 8 11 10 8 2 6 10 10 8 7 7 10 7 8 7 7 7 7 7 8 4 4 4 4 11 4 5 1 11 5 10 9 8 8 10 7 10 8 8 4 4 4 4 4 4 4 4 10 11 5 5 11 2 9 11 5 5 7 0 6 7 7 7 7 7 7 7 7 11 5 4 4 4 4 4 10 8 11 11 5 4 4 4 4 4 4 5 11 5 4 10 10 8 8 10 10 8 7 7 7 8 10 7 7 7 8 10 10 8 8 11 5 7 7 10 10 8 7 10 8 7 8 4 4 10 8 11 1 3 4 4 4 5 11 5 4 4 11 4 11 5 5 10 7 8 11 5 4 4 4 11 11 5 2 6 7 0 6 7 10 8 11 4 10 8 7 7 7 8 4 11 5 7 7 7 7 10 4 11 5 2 4 4 10 9 5 5 4 4 4 11 11 5 11 5 4 4 5 4 10 8 7 7 0 6 7 10 11 5 2 10 6 8 10 7 7 7 7 7 10 8 2 9 10 8 8 11 2 9 11 5 5 7 7 7 10 10 8 7 8 11 5 4 4 4 4 11 4 5 11 4 5 1 9 7 7 7 7 0 6 7 8 11 10 7 7 7 8 10 8 2 9 5 4 4 4 4 4 4 4 4 11 4 4 1 3 4 4 4 4 4 8 10 10 8 8 10 4 4 4 11 5 2 3 10 10 8 7 10 8 7 10 7 8 8 11 2 4 4 3 4 11 5 4 11 10 8 2 3 11 11 5 4 10 8 7 7 7 8 4 11 4 4 5 10 10 7 7 8 2 10 7 7 7 10 8 9 8 7 8 10 10 8 8 4 11 10 8 8 7 7 10 10 7 8 2 11 11 5 4 4 9 5 4 4 5 4 4 4 11 5 10 10 2 8 9 10 8 7 7 8 4 11 4 4 4 4 5 10 10 7 7 7 7 8 7 7 7 7 7 7 8
ppo_x50_b_fd_l4_same_gamma,3,qv22_11,22,229,True,1671.0,10.487979888916016,8 6 10 5 10 5 10 5 10 5 10 5 10 5 10 5 10 5 10 5 10 5 10 5 10 5 10 5 10 5 10 5 10 7 5 8 10 4 11 5 0 5 6 10 10 8 10 8 8 10 2 9 10 8 8 10 10 8 8 4 10 8 11 4 4 5 4 10 10 8 0 6 8 10 7 10 8 8 10 10 8 8 10 2 9 10 8 8 10 10 8 8 11 5 10 10 8 10 8 8 4 4 11 4 4 8 7 10 10 8 7 8 10 4 2 9 11 5 4 5 4 4 11 11 5 5 10 8 10 0 6 7 10 7 8 1 3 8 11 8 11 8 7 4 11 8 11 8 11 8 11 8 11 8 11 8 11 8 11 8 11 8 11 8 11 8 11 8 11 8 11 8 11 8 11 8 11 8 11 8 11 8 11 8 11 8 11 4 4 4 4 4 4 5 7 7 7 10 7 7 7 7 8 1 3 4 11 11 5 4 4 4 4 4 4 4 5 4 4 11 4 4 2 6 10 10 8 7 7 7 7 7 8 4 11 4 4 4 4 4 4 5 7 7 10 8 10 7 7 8 7 7 11 11 5 5 7 10 7 8 7 10 10 8 8 11 10 8 8 10 10 8 8 7 10 7 10 8 8 4 11 5 4 1 3 4 4 4 4 4 4 4 4 4 4 10 8 10 10 7 8 10 8 2 11 3 4 4 4 11 5 5 11 5 7 7 11 0 8 6 7 7 7 7 7 7 7 7 7 10 7 7 8 10 8 11 11 5 4 5 4 4 4 4 4 4 4 11 5 11 5 10 10 8 7 8 4 4 4 11 11 5 4 4 5 10 7 11 5 4 5 11 2 9 7 11 5 5 7 10 10 8 7 7 7 8 7 7 10 10 7 8 7 8 10 10 8 2 9 10 8 8 1 10 9 8 7 8 11 11 5 11 5 5 7 11 11 5 4 4 4 4 4 4 5 4 11 11 5 4 5 10 7 8 4 10 10 8 7 7 7 7 8 11 10 8 8 11 4 4 4 5 11 10 8 2 6 7 7 10 4 5 4 4 4 4 4 4 4 4 4 10 11 5 5 7 0 6 7 7 7 7 7 7 7 7 7 10 8 4 4 4 4 4 11 4 4 5 10 11 5 4 4 8 7 11 4 4 5 7 7 7 7 7 10 11 5 5 11 5 7 7 10 8 10 8 10 10 8 10 7 7 7 8 8 4 4 11 4 5 10 7 7 8 11 11 5 5 7 10 7 8 10 10 8 2 6 10 7 7 7 8 11 4 8 1 9 5 11 11 5 2 9 5 1 3 4 4 1 9 11 5 4 5 7 10 8 11 11 5 5 11 11 5 11 5 4 4 4 4 5 11 11 5 2 9 5 10 10 8 8 7 7 10 10 8 4 2 6 7 7 10 7 7 7 7 7 8 10 7 7 10 7 8 2 9 4 4 4 5 4 1 3 4 4 4 11 11 5 7 8 1 6 11 11 4 8 4 4 4 4 11 5 2 9 5 10 10 8 2 6 10 7 7 7 7 8 10 7 7 10 7 7 7 8 7 10 8 2 9 5 11 4 5 4 11 5 4 11 11 5 4 4 4 11 5 2 9 11 5 2 3 4 11 5 7 11 11 5 5 7 7 7 7 7 7 7 7 7 7 7 10 10 7 7 7 8 10 8 8 4 11 2 6 11 11 5 11 5 2 11 5 6 4 4 4 11 4 11 5 11 5 2 6 1 6 1 6 1 6 1 6 1 6 1 6 1 6 0 6 10 8 11 11 5 5 1 9 4 4 5 4 4 4 4 4 11 8 11 4 10 8 8 0 6 7 7 7 7 7 7 10 8 10 8 7 10 7 10 8 8 10 7 7 10 8 2 9 10 8 8 11 4 4 11 5 4 4 4 11 5 2 6 4 11 5 4 11 11 5 4 5 11 4 1 3 4 5 10 10 8 10 8 8 11 2 4 3 4 10 0 6 10 8 8 7 10 8 7 7 10 10 8 10 8 7 7 7 8 11 4 10 8 4 5 7 7 7 1 3 4 11 11 5 4 4 5 11 11 5 5 4 11 11 5 2 3 1 3 11 4 11 5 5 7 11 11 5 5 10 8 10 0 6 7 7 7 8 4 4 10 10 8 8 7 7 7 7 7 10 10 8 2 9 4 4 8 7 7 7 11 10 8 8 4 4 4 4 4 4 4 4 11 11 5 7 8 4 11 5 1 3 11 11 5 5 11 4 5 0 6 10 11 5 2 6 10 10 8 7 7 7 7 7 7 7 7 0 9 7 7 7 7 7 7 7 8 8 4 10 2 9 8 11 11 5 4 4 4 4 4 5 10 7 7 7 7 8 4 10 8 7 11 11 5 4 4 4 4 1 3 4 4 5 11 11 5 2 9 11 5 2 3 11 11 5 7 7 8 11 5 11 5 10 10 8 4 4 4 4 5 10 8 10 7 10 8 7 10 7 8 7 10 8 8 10 10 8 8 7 7 11 5 4 11 2 4 9 4 10 8 4 5 4 4 10 11 5 5 10 7 10 8 0 6 7 8 4 10 4 10 8 10 7 7 7 8 8 10 10 8 4 2 3 4 4 4 11 2 9 2 9 2 9 1 4 8 9 11 5 4 4 4 4 5 10 10 8 4 5 4 4 4 4 4 4 10 2 10 10 6 8 8 7 7 7 7 7 7 7 7 7 10 7 7 8 11 11 5 5 11 11 5 5 11 4 4 5 10 10 8 7 7 7 7 8 10 10 8 7 8 11 4 10 8 7 7 8 11 2 3 10 10 2 8 11 5 3 4 11 5 4 4 4 4 11 4 4 4 4 4 4 5 4 10 10 8 8 10 10 8 4 4 2 9 4 4 5 7 7 7 10 8 7 7 10 8 10 10 7 8 8 7 7 10 10 8 2 3 11 5 10 10 7 5 2 3 10 10 8 8 7 11 11 5 4 4 4 4 4 4 4 4 5 7 7 10 7 7 8 7 7 7 7 4 7 10 8 11 1 3 11 5 2 6 11 4 11 5 5 11 11 5 5 4 4 4 11 4 11 5 4 2 9 10 8 8 7 10 7 7 8 11 5 7 7 7 7 7 7 7 7 11 10 8 8 4 11 0 5 9 0 6 4 11 5 5 11 11 5 11 2 3 5 4 11 5 4 4 4 4 4 11 11 5 7 8 11 4 4 5 7 10 11 5 2 6 10 7 10 8 7 7 7 8 11 7 7 0 6 7 8 4 4 4 4 4 4 10 11 5 5 4 4 4 11 4 2 3 4 10 10 8 7 7 7 7 7 7 7 7 8 0 6 7 11 10 8 8 7 7 11 11 5 4 2 4 3 11 11 5 4 5 10 10 8 2 11 3 4 5 10 10 8 8 7 7 7 11 5 10 10 8 8 4 4 4 10 11 5 5 4 4 10 4 4 4 11 5 2 9 5 11 11 5 4 5 11 5 10 7 8 7 10 10 7 7 8 7 7 7 7 7 8 10 10 8 7 8 10 10 7 8 2 3 10 10 8 2 6 11 4 4 5 4 11 11 5 4 4 4 4 5 10 11 5 5 11 11 5 2 7 7 7 9 8 4 10 10 7 8 2 6 7 4 10 0 6 7 7 7 7 7 8 11 11 5 2 11 11 5 3 11 5 11 5 5 4 4 10 8 11 11 5 5 4 4 4 4 11 5 4 4 4 11 11 5 2 3 10 10 7 7 8 7 7 8 10 10 7 7 7 8 7 7 8 10 10 2 8 6 4 4 4 4 4 4 11 11 5 2
ppo_x50_b_fd_l4_same_gamma,4,qv22_12,22,235,True,1715.0,10.710973978042603,8 6 10 5 10 5 10 5 10 5 0 5 10 9 8 8 10 0 9 5 5 10 10 8 8 10 4 2 6 10 10 8 8 10 10 8 0 8 9 4 5 4 4 10 8 10 10 8 7 4 7 10 8 8 11 2 9 11 5 4 8 11 11 5 4 5 4 11 4 4 4 0 5 10 10 8 6 7 7 11 5 5 10 7 7 10 8 10 8 10 8 7 10 7 8 8 11 5 10 4 4 4 4 4 4 5 7 7 7 11 4 4 5 10 10 8 10 8 10 8 8 10 10 8 8 10 7 10 8 8 10 10 8 8 11 5 7 10 10 8 8 10 10 8 8 4 4 4 4 11 5 7 10 7 8 4 4 4 4 11 4 4 5 10 10 8 7 7 7 7 5 7 7 11 2 9 10 8 8 4 11 2 6 11 11 5 11 5 4 11 5 5 7 11 11 5 4 4 4 4 5 11 2 3 4 10 7 7 8 10 10 8 8 4 11 5 4 4 10 10 8 7 7 7 7 8 4 11 5 7 7 10 10 8 7 7 8 10 7 7 7 11 5 5 4 4 11 4 5 4 4 4 4 4 4 4 4 11 4 4 11 5 7 7 7 8 11 4 4 5 11 5 10 10 8 2 3 4 4 11 5 10 10 7 8 7 7 8 4 4 10 10 5 10 5 10 5 10 5 10 5 4 4 4 5 10 7 7 7 7 7 7 8 7 7 7 7 7 7 7 7 10 10 7 7 8 2 9 5 11 11 5 4 4 1 9 5 4 4 4 4 4 4 4 5 10 0 6 8 4 4 4 10 8 11 11 5 5 10 7 7 10 8 8 4 4 11 10 5 10 5 10 5 11 5 4 5 4 10 10 8 7 8 11 4 4 4 5 0 6 10 7 4 8 10 4 10 8 8 7 10 8 7 10 10 8 8 4 4 4 4 4 4 4 11 4 2 9 10 8 8 0 6 10 10 8 0 9 8 7 0 6 7 7 8 7 7 7 7 7 7 7 11 10 8 8 10 10 8 5 4 4 11 2 3 4 4 4 4 4 4 4 4 1 4 6 4 11 5 10 10 8 2 3 4 4 11 5 11 5 7 10 11 5 7 8 4 11 5 10 7 10 7 8 8 10 10 7 8 7 8 10 10 8 4 4 5 7 7 7 10 7 8 11 5 10 10 7 8 2 9 10 8 8 7 11 11 5 4 5 4 4 11 11 5 4 4 4 5 11 4 4 11 5 2 6 4 4 4 4 11 11 5 7 7 2 6 7 7 7 7 7 7 7 7 7 10 8 4 10 10 8 7 8 1 3 4 11 4 4 4 4 4 5 4 10 4 5 10 10 7 8 7 7 0 6 7 8 11 11 5 4 4 5 10 2 6 10 7 7 7 7 8 4 10 10 7 8 8 11 4 5 11 4 11 5 7 8 4 10 8 0 6 11 7 7 7 10 8 7 8 4 4 4 4 4 4 4 4 10 4 4 11 5 4 4 4 4 5 7 7 10 11 5 7 8 0 6 7 7 10 10 8 8 11 5 7 7 7 7 7 7 11 10 8 8 10 10 8 8 4 4 4 4 4 4 11 10 8 2 6 11 10 8 8 11 4 4 4 11 5 4 5 11 5 11 11 5 4 5 10 8 7 10 10 8 7 7 7 8 7 10 8 11 11 5 5 4 4 10 10 8 7 7 8 11 2 11 11 5 5 4 3 4 4 4 4 4 11 5 4 4 11 11 5 2 6 7 10 7 7 7 8 11 11 5 4 5 11 7 11 5 5 10 11 5 5 4 10 10 8 7 7 7 7 11 5 2 9 10 8 7 7 7 7 7 8 11 4 4 4 4 4 4 4 5 0 6 7 7 10 7 8 4 1 4 3 1 3 4 4 4 4 10 8 11 11 5 2 10 10 7 6 7 7 8 10 8 8 10 10 8 7 7 7 10 7 7 7 7 8 8 4 4 4 1 9 5 11 4 4 4 4 4 4 4 5 10 7 8 10 10 7 7 8 7 7 8 7 11 10 8 8 7 7 7 11 11 5 4 4 4 4 11 5 4 2 9 5 10 10 8 8 11 10 8 7 8 4 10 10 8 7 7 7 0 3 0 3 4 11 5 2 11 3 2 4 4 3 4 11 11 5 5 7 7 11 5 10 10 8 7 0 6 2 9 0 8 9 11 5 4 4 4 4 4 11 5 4 4 4 4 4 5 10 0 9 8 7 0 6 2 3 10 11 5 5 11 4 4 5 10 7 7 8 7 0 6 7 7 7 10 8 10 7 10 8 7 7 8 4 11 11 5 2 6 11 4 4 4 4 4 2 9 10 8 8 11 5 11 11 5 4 4 5 7 10 11 5 5 10 4 11 5 5 0 9 5 10 5 10 5 10 11 5 5 10 10 8 8 7 7 7 10 10 8 4 5 4 4 4 11 5 7 7 10 10 8 0 6 7 7 7 7 7 10 7 8 7 7 7 8 4 4 10 8 4 11 11 5 2 6 11 11 5 0 6 7 8 7 10 10 8 7 8 4 10 10 8 8 11 2 9 11 5 4 4 4 4 5 11 4 11 5 5 11 4 4 4 10 8 10 8 7 7 7 7 7 8 11 2 9 11 5 4 11 5 1 3 5 4 10 10 8 7 8 7 7 7 11 11 5 2 6 10 7 7 8 11 11 5 5 11 5 11 11 5 4 4 5 4 4 4 4 1 10 9 5 5 1 3 4 10 10 8 7 7 7 7 8 4 4 11 4 10 8 8 10 10 8 7 7 7 8 7 10 8 10 7 10 8 2 6 10 10 8 7 8 11 5 4 4 4 4 4 4 4 11 5 11 4 4 2 6 10 7 10 8 7 7 7 8 7 1 6 1 6 4 11 7 1 6 7 11 5 11 8 11 8 11 8 11 7 5 7 4 4 7 7 4 7 4 11 8 11 8 7 4 11 8 4 1 3 5 11 11 5 4 4 4 4 4 4 4 4 4 5 11 5 10 10 8 2 9 5 10 10 8 7 10 8 7 7 7 7 7 7 7 8 11 4 5 10 10 8 2 4 6 4 4 4 4 4 4 4 4 4 10 11 5 5 4 10 10 8 7 7 7 7 7 7 8 4 11 4 4 4 5 4 11 5 7 11 11 5 5 10 7 7 5 10 10 8 7 10 8 7 7 7 7 7 7 7 7 7 7 7 8 7 10 8 4 4 1 9 8 11 11 5 4 11 5 11 5 2 4 4 9 5 11 4 5 7 10 11 4 4 4 5 2 6 10 7 7 7 7 7 7 7 7 8 11 11 5 4 1 4 3 5 4 4 11 5 10 7 10 8 7 8 10 10 8 8 4 4 4 10 10 8 0 6 7 7 7 7 7 8 4 4 1 3 4 10 8 7 7 10 8 11 11 5 5 11 11 5 11 5 4 5 11 4 11 5 5 11 11 5 4 4 4 5 10 2 9 10 8 8 7 7 7 7 10 8 4 11 2 9 11 5 5 11 11 5 7 7 7 8 10 2 9 10 8 7 8 11 4 4 4 4 4 4 4 5 10 7 8 11 11 5 4 5 10 7 7 7 7 7 7 7 8 11 4 5 0 7 6 10 7 10 8 7 7 7 7 8 4 4 1 3 4 4 4 11 4 4 4 4 4 4 4 4 4 4 4 5 7 7 7 7 10 11 5 5 11 11 5 4 4 5 11 10 7 5 2 10 10 8 6 7 7 10 8 7 7 8 10 10 7 7 7 7 8 8 11 10 2 8 6 7 10 10 8 8 11 4 11 4 5 1 3 4 4 4 4 10 2 8 11 11 5 4 4 4 4 5 4 10 10 4 3 4 4 5 4 10 8 7 7 7 7 7 7 7 7 7 7 7 7 7 7 7 7 7 7 8
ppo_x50_b_fd_l4_same_gamma,5,qv22_13,22,233,True,1712.0,10.578225135803223,8 6 10 8 8 10 10 4 5 11 5 7 0 5 10 9 5 5 10 10 8 10 8 8 11 5 10 8 10 10 8 8 10 10 8 8 10 4 5 4 4 4 11 5 7 7 7 10 10 8 0 6 10 8 8 10 10 8 8 10 4 5 11 7 10 8 10 8 8 10 10 8 7 5 11 4 5 10 10 8 4 4 5 10 7 8 4 4 1 3 4 11 4 4 4 5 11 11 5 4 4 4 4 0 5 6 11 7 7 10 8 0 6 7 7 0 6 7 8 7 7 7 10 7 5 7 10 7 10 8 8 10 10 8 8 4 10 8 11 5 11 5 4 11 11 5 4 2 4 3 4 4 10 11 5 4 4 5 7 7 10 7 8 4 11 11 5 5 7 10 11 5 5 4 10 10 8 7 7 7 7 7 7 7 8 11 2 6 11 11 5 4 5 10 4 10 8 8 4 4 11 11 5 2 7 7 6 7 10 8 4 4 4 10 8 4 7 4 11 10 7 7 5 4 4 5 7 10 11 5 5 7 7 7 7 7 10 10 7 8 2 3 4 4 1 3 4 4 4 4 4 4 4 4 4 4 11 5 10 2 9 8 4 4 10 11 5 5 7 7 7 7 7 7 7 7 7 7 7 7 11 5 10 10 8 7 8 4 11 2 3 11 4 4 4 4 4 4 4 4 4 4 11 5 2 6 11 11 5 7 7 7 0 6 7 7 7 8 4 11 10 8 8 7 10 10 8 7 7 8 7 11 11 5 2 11 5 4 4 4 4 3 4 4 11 11 5 2 3 4 11 5 10 8 4 10 10 8 10 8 10 8 10 8 8 11 5 11 11 5 7 8 4 4 11 5 4 4 4 10 10 8 7 7 7 7 7 7 7 7 7 7 7 7 7 7 7 7 7 8 4 4 11 2 9 11 5 7 8 4 4 4 11 4 4 4 4 4 10 8 2 6 10 7 7 7 5 10 10 8 7 7 8 4 11 4 4 4 4 4 4 4 4 5 10 10 8 7 8 4 4 10 8 4 4 4 4 11 5 4 4 10 10 8 7 7 7 7 7 7 8 7 7 10 7 7 7 8 1 11 9 5 4 4 4 4 5 4 4 4 10 11 5 5 4 4 10 10 8 7 7 7 7 8 11 11 5 2 6 10 8 10 10 8 8 7 4 7 4 7 4 11 4 4 11 5 4 2 9 10 8 8 7 7 10 10 7 8 5 11 5 4 4 4 4 4 4 1 3 4 4 11 4 4 5 10 10 8 10 7 5 2 9 10 8 7 8 10 8 0 6 7 7 7 7 10 10 7 7 7 8 8 4 4 4 4 4 4 4 4 11 5 7 7 11 5 10 7 0 6 7 7 8 11 11 4 4 5 4 4 5 4 11 2 6 4 4 4 11 11 5 2 9 5 10 8 10 7 7 8 7 7 7 10 10 8 7 8 11 2 6 7 7 10 7 7 7 10 8 8 4 4 4 10 8 10 10 8 7 8 4 1 3 4 11 10 8 8 11 4 4 4 4 4 4 4 4 11 5 2 3 4 10 11 5 5 4 4 4 10 11 5 5 11 11 5 2 6 10 10 8 0 10 6 8 0 6 7 7 7 8 7 7 10 10 8 4 5 10 10 7 7 7 8 8 7 1 3 4 4 4 4 4 11 5 10 10 8 4 2 3 4 11 5 10 11 5 4 11 5 2 3 7 7 4 10 10 8 7 8 10 0 6 7 7 7 7 7 7 5 11 11 5 2 6 4 4 4 4 11 11 5 5 10 8 4 4 4 11 11 5 4 4 4 5 7 1 10 9 5 5 10 10 8 8 4 11 5 11 5 7 7 7 10 4 10 8 8 7 7 7 10 10 7 7 7 5 2 9 10 8 7 7 7 7 7 7 8 11 11 5 5 4 4 4 11 10 8 7 8 4 4 11 5 4 4 4 4 4 4 4 4 0 6 11 4 4 5 4 11 5 7 7 7 10 10 7 8 7 5 10 10 8 7 7 7 7 7 7 8 10 10 8 8 10 2 9 7 10 8 8 4 11 1 3 4 11 5 4 4 4 4 4 4 10 8 7 7 0 6 8 7 7 11 5 10 10 8 8 11 4 4 4 4 10 8 4 4 5 7 11 5 11 11 5 5 7 11 5 10 10 8 8 10 7 7 7 7 7 7 7 8 4 10 8 11 8 4 10 8 4 7 4 7 4 7 10 8 11 11 5 2 3 4 4 10 11 5 5 11 11 5 4 5 11 4 4 11 5 2 9 4 10 8 7 7 7 7 8 11 4 4 4 4 5 10 10 8 4 4 4 5 10 10 8 7 7 7 8 11 11 5 4 4 4 5 10 11 5 7 8 7 7 7 11 5 4 4 4 11 5 4 4 4 10 10 8 0 6 7 7 7 7 7 7 7 8 7 7 7 7 10 8 11 11 5 5 7 7 7 11 7 11 5 7 8 4 1 3 11 11 5 4 5 4 11 5 4 11 11 5 2 6 10 7 8 10 4 2 6 7 10 10 8 7 7 7 8 10 10 8 8 4 4 4 1 11 3 5 4 4 11 5 4 11 4 5 4 11 11 5 11 8 11 8 11 8 11 8 7 0 6 11 5 4 5 11 2 3 4 10 10 8 7 7 7 7 7 7 7 8 11 4 11 5 4 4 5 7 7 10 7 8 10 0 9 8 7 7 7 7 8 4 1 3 11 4 5 11 1 9 5 4 4 5 4 4 4 4 4 4 11 4 5 10 10 8 8 4 4 4 10 2 10 6 7 7 7 7 10 8 7 7 7 11 5 2 10 6 8 11 11 5 5 10 8 7 7 7 10 10 7 7 8 2 9 10 8 7 8 11 4 2 11 6 4 4 11 5 5 11 5 4 11 11 5 4 5 10 11 5 4 4 4 4 4 5 10 11 5 5 10 0 6 7 10 8 0 6 7 7 7 7 7 7 7 8 11 10 8 8 7 7 7 10 10 8 4 2 4 11 3 11 5 1 3 4 4 10 8 7 8 11 2 3 4 4 4 11 4 5 11 4 2 3 10 10 8 7 7 5 10 8 7 7 7 10 10 7 8 4 4 5 10 7 7 10 8 11 8 4 4 2 9 4 4 5 4 4 4 4 4 4 10 8 4 4 10 8 7 7 7 7 7 7 11 11 5 7 8 7 7 7 7 10 8 11 11 5 5 11 11 5 7 7 7 7 7 8 1 4 3 4 4 4 4 4 11 4 5 10 10 8 2 11 3 5 11 11 5 4 4 4 4 4 5 7 0 6 7 7 7 10 7 7 7 8 10 8 4 4 4 4 11 11 5 5 4 4 10 11 5 5 4 4 4 4 10 10 8 0 6 7 7 7 8 4 10 8 10 7 0 6 11 5 5 10 0 6 7 7 7 7 7 7 7 7 8 11 11 5 2 3 1 3 4 4 4 10 11 5 5 11 11 5 4 4 4 4 4 4 4 5 10 7 10 8 2 9 10 8 8 4 4 4 4 11 5 7 7 10 11 5 5 10 10 7 7 8 0 9 8 8 10 7 7 7 7 7 7 7 7 7 7 7 8 4 4 1 4 11 5 4 4 4 4 4 9 5 4 4 11 11 5 2 3 10 4 4 4 4 5 7 7 10 10 7 8 7 7 7 8 4 4 11 4 5 10 10 7 8 7 10 8 7 7 7 10 8 7 10 8 8 10 7 7 8 10 8 4 4 4 4 10 11 5 5 4 11 2 3 10 4 5 7 10 10 8 2 4 4 3 4 4 4 11 5 4 11 4 4 11 5 2 3 10 7 10 7 7 7 8 7 0 6 7 7 7 7 8 10 7 10 8 2 10 10 8 8 4 4 4 4 4 4 4 4 4 11 11 5 5
ppo_x50_b_fd_l4_same_gamma,6,qv22_14,22,231,True,1658.0,10.549646854400635,8 6 8 10 4 10 5 10 5 8 10 4 8 10 4 8 10 4 8 10 4 8 10 4 8 10 4 8 10 4 10 5 10 5 0 5 6 10 10 8 2 9 5 10 10 8 8 10 4 2 6 10 10 8 8 10 10 8 8 10 4 5 11 4 5 10 10 8 7 7 10 8 8 10 4 5 10 10 7 8 8 10 10 8 8 10 10 8 8 10 4 5 10 10 7 8 8 10 11 5 4 1 3 4 4 4 4 4 4 4 4 5 4 4 4 4 4 10 5 11 5 10 8 10 10 7 8 2 4 3 10 11 5 5 10 10 8 10 8 7 7 7 0 6 7 8 10 10 7 8 7 8 11 5 4 4 4 4 4 1 11 3 4 4 4 4 5 11 5 0 6 7 10 8 10 7 8 4 4 4 11 5 10 8 10 10 8 0 6 7 10 8 8 7 11 4 4 5 4 4 4 4 10 11 5 5 10 7 7 7 8 10 10 7 8 7 7 7 8 11 11 5 5 7 7 7 10 7 7 7 10 8 8 10 7 10 8 8 4 1 9 5 10 0 6 8 11 1 9 8 8 11 11 5 4 4 4 4 4 5 7 11 5 10 10 8 8 11 5 4 10 10 8 7 8 11 5 4 4 4 11 11 5 4 2 3 7 7 11 11 5 2 6 10 10 8 10 8 8 7 7 7 4 11 4 5 11 11 5 0 6 7 8 10 10 8 8 10 10 8 8 4 1 3 4 4 4 4 4 4 4 11 5 4 0 6 7 7 7 7 10 4 4 7 10 8 7 7 7 7 7 7 7 8 11 11 5 4 4 2 3 1 3 4 4 4 4 4 1 3 11 11 5 4 4 4 4 4 5 7 10 4 2 6 10 8 7 7 7 7 11 5 4 10 11 5 5 10 10 7 8 7 8 7 7 7 10 10 8 2 11 3 4 4 4 5 7 10 10 8 8 10 10 8 7 8 11 2 3 4 4 4 4 7 4 4 11 11 5 2 7 6 7 7 7 7 7 7 7 7 7 7 7 11 4 5 7 4 7 4 7 4 1 3 4 4 4 4 4 4 4 11 5 10 10 4 7 4 8 7 11 4 4 5 4 1 3 4 5 4 4 4 10 8 0 6 10 10 8 7 7 11 5 2 6 7 10 7 8 11 5 11 11 5 5 4 4 11 1 3 5 10 10 8 7 7 7 7 7 7 7 7 7 7 7 7 7 8 11 4 10 8 2 9 11 5 4 4 4 4 5 11 4 11 5 4 4 4 8 11 11 5 5 10 8 4 4 4 11 11 5 2 7 7 6 7 7 7 7 7 10 7 8 11 2 9 11 5 5 4 4 11 5 10 0 6 10 8 7 7 8 4 4 10 11 5 5 10 11 5 5 4 4 10 10 7 7 8 8 10 10 7 7 8 0 6 7 8 10 10 7 7 7 7 8 8 4 4 10 4 5 7 10 10 8 2 6 1 9 10 8 2 3 11 11 5 5 11 11 5 5 11 4 2 9 8 4 4 10 10 8 7 7 8 7 11 2 9 10 8 8 4 11 11 5 5 4 4 11 4 5 4 4 4 11 11 5 0 6 8 11 11 5 5 4 10 0 6 7 8 7 10 10 8 7 7 7 7 7 11 5 2 9 11 5 2 3 4 11 5 4 4 4 4 4 11 4 5 4 11 5 4 10 11 5 2 3 7 7 7 7 7 7 10 8 10 8 4 4 11 5 11 4 10 8 7 7 0 6 8 10 10 8 7 7 8 10 10 7 7 8 7 7 7 8 11 4 8 11 11 5 2 3 10 10 7 7 8 4 2 9 8 11 11 5 4 2 3 11 11 5 11 5 4 4 4 4 4 4 5 1 9 8 7 7 7 10 8 4 4 4 4 4 11 5 11 11 5 4 4 4 5 10 10 8 7 8 7 7 7 7 7 7 7 7 7 7 7 11 5 11 2 9 11 5 4 5 4 4 4 4 11 4 2 9 10 8 8 10 11 5 5 11 11 1 5 3 4 5 10 10 8 7 7 7 7 0 10 8 7 6 0 6 7 7 7 7 7 7 7 8 11 11 5 4 4 4 10 8 8 10 7 8 11 11 5 2 4 4 3 10 10 8 2 6 10 7 7 7 8 4 4 4 4 4 11 4 5 7 10 10 8 8 4 4 10 10 7 8 7 7 8 11 4 11 5 4 4 4 4 4 5 4 10 2 9 10 8 8 7 7 11 4 4 4 5 10 7 7 11 5 4 4 5 7 10 7 8 10 7 10 8 7 7 11 5 2 4 4 9 11 5 4 4 4 4 4 5 10 8 7 7 10 7 7 7 7 5 11 7 10 8 10 8 7 7 7 8 4 4 4 4 10 8 11 8 11 8 1 6 11 8 11 8 11 8 11 11 5 4 4 4 4 5 11 11 5 5 11 4 4 5 4 4 4 10 10 8 8 7 7 7 7 10 8 11 10 8 10 8 2 6 4 10 10 8 7 8 10 7 10 8 8 7 7 7 11 5 1 9 11 5 5 4 4 4 4 4 4 11 4 5 11 5 11 11 5 4 4 4 4 4 5 0 6 7 7 7 10 8 7 7 10 10 8 7 8 7 10 8 10 10 8 2 6 11 4 4 11 1 5 4 3 4 4 4 4 11 5 5 11 4 4 5 10 10 8 8 10 11 5 2 10 9 5 5 10 10 8 7 8 4 11 5 10 8 10 10 8 7 7 11 5 2 4 3 4 4 10 11 5 5 10 8 10 10 5 8 10 10 8 10 4 8 10 8 0 6 7 10 8 8 11 5 10 10 7 8 7 8 11 11 5 2 3 7 11 7 10 8 7 10 8 8 4 11 2 6 10 10 7 7 7 8 8 11 5 4 4 4 4 4 11 5 4 1 4 3 4 4 11 5 4 11 11 5 7 7 0 6 8 4 11 4 5 4 4 4 4 10 10 8 7 7 7 7 7 7 7 7 7 7 8 4 11 4 4 4 5 4 4 10 11 5 5 10 7 8 7 10 10 7 8 7 7 7 7 7 8 11 11 5 5 7 7 10 8 7 7 7 11 11 5 5 4 4 4 4 4 4 11 4 5 7 7 10 7 8 10 7 7 8 11 5 4 11 11 5 5 11 0 6 11 5 11 5 5 4 10 10 8 8 11 2 9 11 5 4 4 4 4 4 4 5 0 6 0 6 11 4 4 5 7 0 6 10 10 8 7 7 7 7 7 7 0 6 7 7 7 7 7 8 10 10 8 4 2 9 11 5 11 5 5 11 4 4 4 4 4 4 5 11 10 8 7 7 5 10 7 7 8 4 10 10 8 2 9 10 8 8 11 5 4 11 4 11 5 4 5 7 7 10 0 9 8 4 5 10 7 4 7 7 7 8 7 10 10 8 8 4 4 11 2 3 4 11 11 5 7 8 11 11 4 5 4 4 11 5 4 4 4 4 4 5 4 11 11 5 2 9 5 10 10 8 2 10 10 6 8 7 7 7 7 8 4 11 4 5 10 7 7 7 7 7 7 7 7 7 7 7 8 11 4 4 1 3 4 5 1 3 11 11 4 5 5 11 11 5 4 4 5 7 10 7 11 5 5 10 7 7 8 4 4 10 10 8 0 6 7 7 7 7 7 7 7 8 11 10 8 8 10 10 8 2 11 4 4 11 5 9 5 5 4 4 4 4 11 11 5 11 5 2 4 4 11 11 5 9 5 4 4 4 4 5 11 2 10 10 8 7 7 7 7 7 7 7 7 8
ppo_x50_b_fd_l4_same_gamma,7,qv22_15,22,234,True,1697.0,10.682264566421509,8 6 10 5 10 5 8 10 4 10 5 10 5 10 5 10 5 10 5 0 5 10 6 10 8 2 9 5 10 10 8 8 10 10 5 2 9 10 8 8 10 10 8 8 4 10 8 4 4 11 5 4 10 10 8 7 0 6 8 10 10 8 8 10 10 8 8 10 4 5 7 10 10 8 8 10 10 8 8 4 10 8 4 10 10 8 2 9 10 8 8 4 4 1 3 4 11 4 4 5 10 8 4 4 4 11 4 4 4 4 4 5 4 4 0 10 9 5 5 10 0 9 5 5 10 10 8 7 7 7 7 7 10 8 7 7 7 7 8 7 11 11 5 7 7 8 4 4 11 4 10 8 8 7 11 10 8 7 8 4 10 10 8 7 8 10 10 8 8 4 4 1 3 4 4 4 4 4 4 11 4 4 5 7 10 10 8 2 9 10 8 8 4 11 5 4 4 11 2 9 4 4 4 4 4 4 5 10 10 8 7 10 8 0 6 7 10 8 7 7 7 7 7 8 7 10 8 0 9 8 11 11 5 4 4 8 4 11 11 5 5 11 11 5 5 4 10 11 5 11 5 4 4 5 11 2 10 9 5 5 10 10 8 0 6 7 7 10 8 10 8 7 8 4 4 10 11 5 5 4 4 11 5 1 10 9 8 7 7 8 7 7 10 7 8 4 4 4 11 4 4 5 11 11 5 5 1 9 4 4 10 8 7 7 8 10 0 6 0 6 7 10 8 10 8 7 10 8 7 8 11 2 9 10 8 4 4 8 10 7 7 8 11 4 4 1 3 10 7 8 2 9 10 8 7 7 7 8 0 9 10 8 2 3 10 8 4 4 4 4 4 4 4 10 8 11 11 5 4 5 4 11 4 4 11 5 2 9 8 10 0 9 8 10 8 8 4 4 10 10 8 4 4 5 10 7 7 7 7 7 7 7 8 7 7 10 7 7 10 8 4 2 3 1 3 4 11 11 5 4 4 4 1 9 8 4 5 10 2 6 7 7 7 10 8 7 7 11 4 8 11 11 5 4 4 4 4 4 4 5 11 11 5 4 4 4 4 5 7 11 11 5 2 3 7 10 10 8 8 10 10 8 10 8 2 9 8 7 10 10 8 8 10 7 7 10 8 8 4 4 4 11 2 9 11 5 4 4 4 5 10 8 1 6 11 11 5 8 10 0 9 8 7 8 7 7 10 10 8 2 4 3 4 4 4 10 8 11 11 5 5 10 8 7 7 10 8 4 4 4 4 4 4 4 11 4 11 5 5 4 7 4 7 7 10 10 8 8 7 7 10 8 7 7 7 7 10 11 5 5 4 7 7 7 10 7 10 8 7 7 7 8 4 4 4 4 1 3 4 4 4 4 4 4 4 4 4 4 11 10 8 2 9 8 10 8 10 10 8 2 3 4 11 5 11 4 4 5 4 10 10 8 7 8 11 5 10 10 8 7 7 7 7 10 8 2 9 11 5 7 7 8 4 4 4 4 11 5 4 4 4 10 11 5 2 10 10 8 6 10 8 7 8 10 0 6 10 8 7 7 7 7 7 7 7 7 8 10 10 8 8 4 4 11 2 9 5 0 6 7 4 7 4 7 4 7 4 7 1 7 3 11 10 8 2 3 4 1 3 4 4 4 11 11 5 2 9 10 8 4 4 4 4 4 5 4 10 10 8 7 7 0 6 7 7 8 10 4 4 4 5 7 7 10 7 7 7 8 7 10 10 8 8 4 4 11 2 3 11 11 5 7 7 8 4 4 4 4 4 10 7 8 4 11 11 5 5 4 1 3 4 4 11 4 5 4 10 10 8 8 10 10 8 8 11 5 4 10 10 8 8 10 10 8 8 11 4 4 2 3 4 4 4 11 5 4 4 7 4 10 7 8 7 7 7 7 7 11 5 4 11 11 5 4 4 5 1 9 8 10 10 8 8 4 11 2 6 11 8 0 6 7 7 10 10 8 10 8 7 7 7 8 4 4 4 4 10 8 10 7 10 8 7 7 7 7 8 11 4 4 5 4 10 10 8 7 7 7 8 1 11 3 5 4 4 10 8 10 10 8 8 1 3 1 3 4 11 4 4 4 4 4 4 4 4 4 4 4 5 4 0 6 7 7 7 7 10 11 5 5 11 10 8 7 10 7 7 8 10 8 10 8 7 10 8 8 4 10 10 8 8 4 1 4 4 4 4 3 11 4 4 5 11 5 11 11 5 4 4 5 0 6 10 10 8 7 7 7 7 7 7 8 1 11 9 5 5 11 11 5 5 4 11 5 4 11 11 4 5 2 9 10 8 0 6 7 7 7 7 7 8 10 10 8 0 6 7 7 7 0 6 7 7 7 8 11 11 2 5 6 7 10 7 8 11 5 11 4 4 5 11 4 11 5 5 7 7 10 8 7 10 10 8 8 4 11 4 4 4 11 5 4 4 5 11 10 8 2 4 3 10 11 5 5 10 8 10 10 8 10 8 7 8 11 4 5 4 4 4 4 4 10 10 8 7 7 7 7 8 4 4 4 4 11 4 5 10 10 8 4 4 4 4 5 11 4 5 10 8 4 10 8 1 9 8 10 8 7 10 10 8 7 7 8 7 7 7 7 10 10 8 8 1 3 4 4 4 4 10 11 5 5 11 2 9 5 11 11 5 4 2 3 10 8 7 10 8 10 10 8 8 7 4 7 10 7 10 7 8 7 10 7 7 8 7 8 4 11 1 3 5 11 2 6 11 5 4 10 10 8 8 10 10 8 8 4 4 4 4 4 4 11 11 5 2 6 7 4 11 4 4 4 4 4 4 4 11 5 2 11 9 5 8 11 5 7 7 7 4 7 10 7 7 7 7 10 8 2 10 9 5 5 11 11 5 7 8 10 7 10 8 7 8 4 7 4 7 4 7 4 7 4 7 4 7 4 4 7 7 4 7 4 7 11 10 8 7 7 8 4 4 4 4 4 4 4 11 4 5 10 10 8 8 11 4 5 4 4 11 11 5 4 5 10 11 5 2 9 10 8 8 7 7 10 7 11 5 2 9 0 6 7 8 7 7 10 10 8 4 7 7 7 10 7 5 2 9 5 11 11 5 7 7 7 11 8 11 8 7 7 7 8 4 4 4 11 4 4 4 4 4 4 4 4 5 4 11 11 5 2 6 10 8 10 8 11 11 5 4 8 7 7 7 7 10 11 5 5 4 4 4 4 4 4 11 11 5 2 3 10 7 7 8 7 7 7 7 7 10 10 8 7 7 7 7 10 8 2 9 7 8 7 11 5 10 10 8 7 8 11 11 5 4 4 4 5 10 10 8 2 11 3 10 8 2 9 4 10 8 1 3 4 5 4 4 4 10 11 5 5 11 11 5 4 4 4 4 2 9 8 10 8 11 11 5 2 3 1 3 0 3 4 7 4 4 10 10 8 7 8 7 7 10 10 8 7 8 10 10 7 8 7 7 7 5 7 11 4 4 5 7 7 10 7 7 10 8 7 8 4 10 10 8 8 4 10 8 11 4 11 5 4 5 4 4 1 10 9 5 8 11 11 5 4 4 4 4 4 5 11 5 0 6 7 7 7 7 7 7 10 8 7 10 10 8 7 8 7 10 10 8 2 11 5 11 11 5 3 4 4 4 5 11 11 5 5 11 11 5 11 5 4 4 11 5 2 9 5 10 7 8 11 11 5 4 4 4 5 7 10 10 8 8 11 5 4 10 5 10 4 4 10 8 7 7 7 7 7 7 10 8 4 2 3 4 4 4 4 4 10 8 11 11 5 4 5 11 11 5 2 10 10 6 8 10 7 7 7 8 7 7 7 0 6 7 7 7 7 7 7 8 10 7 7 10 2 8
ppo_x50_b_fd_l4_same_gamma,8,qv22_16,22,232,True,1635.0,10.55246877670288,8 6 10 0 5 6 10 8 2 9 11 5 5 10 10 8 10 8 8 10 4 4 2 6 0 6 10 10 8 8 10 10 8 8 10 4 5 4 11 5 10 10 8 10 8 10 7 8 8 11 5 7 10 10 8 8 10 10 8 8 11 5 10 10 7 8 8 11 5 11 10 7 7 8 8 10 10 8 8 11 1 9 5 4 2 4 3 11 5 11 11 5 2 6 10 8 10 7 10 8 8 4 11 11 5 4 1 4 3 4 4 5 11 11 5 5 11 4 4 4 11 5 4 2 6 10 8 10 7 7 8 10 7 8 7 7 7 11 11 5 2 9 11 5 4 5 11 4 10 5 8 11 10 5 10 5 4 8 10 10 8 2 6 4 11 10 8 2 4 9 5 4 4 4 4 4 10 10 8 8 7 7 7 7 7 7 10 7 7 0 6 7 7 7 8 7 10 10 8 2 9 10 8 8 4 1 3 4 11 4 4 4 4 4 4 4 4 4 4 4 4 5 7 7 7 7 10 11 5 5 4 4 11 11 5 2 6 7 11 5 4 4 10 7 10 8 7 11 1 5 8 3 10 1 9 5 5 11 5 10 11 5 5 7 10 7 10 7 8 0 6 7 7 10 8 8 11 5 10 10 8 7 7 8 4 4 4 4 4 10 10 8 7 7 7 7 8 11 4 4 5 7 7 10 10 8 8 10 10 8 8 7 11 2 3 1 4 3 4 4 11 5 7 7 4 7 10 10 8 7 7 7 8 11 11 5 5 4 4 4 4 11 4 4 5 4 10 11 5 2 9 11 5 5 11 5 4 4 4 10 11 5 5 7 7 10 10 8 10 8 8 10 10 0 6 8 10 8 7 7 8 11 10 8 7 7 8 11 11 5 5 10 8 4 4 11 11 5 5 7 7 7 7 7 7 11 5 4 4 4 4 11 2 3 11 4 4 4 4 5 11 11 5 2 3 7 4 7 10 8 7 7 10 10 8 7 7 8 11 2 3 11 5 7 7 7 7 10 10 7 7 8 7 7 8 11 5 4 4 1 11 3 4 11 5 5 11 4 4 4 4 4 4 4 4 4 5 7 4 1 3 7 7 10 8 7 7 10 8 7 7 7 10 8 7 11 4 4 4 5 7 10 10 8 7 10 8 8 10 8 10 10 8 8 10 10 8 2 6 4 4 4 4 4 4 10 10 8 2 4 3 4 4 4 11 4 4 4 4 4 11 5 4 2 9 4 8 10 1 9 4 8 5 10 8 7 7 7 10 11 5 5 11 11 5 5 7 7 7 7 7 7 4 7 10 10 8 8 11 5 10 10 8 2 3 4 11 11 5 5 4 0 10 9 5 5 10 8 7 7 7 7 7 7 0 6 7 7 7 7 11 10 8 8 4 4 4 4 10 8 7 7 11 10 8 8 10 7 11 5 4 4 4 4 4 5 4 11 5 11 5 4 4 4 4 4 4 4 4 11 4 2 6 7 11 11 5 2 3 10 7 10 8 7 7 7 7 8 7 10 7 7 7 11 5 2 4 6 4 4 4 4 4 4 11 7 0 6 7 7 7 7 10 8 7 7 0 6 8 7 7 11 11 5 4 4 4 5 4 11 5 7 7 10 7 7 7 8 7 7 11 11 5 5 7 10 7 7 8 11 11 5 5 11 11 4 4 5 11 5 5 4 4 10 8 11 2 9 11 5 4 4 4 5 10 7 8 11 2 3 11 11 5 5 11 11 5 4 4 5 0 6 0 6 7 7 7 7 7 7 10 11 5 0 6 8 11 11 5 5 4 4 4 4 10 8 7 7 10 10 8 7 7 7 8 4 4 11 5 11 5 7 7 7 10 10 8 8 4 1 11 3 4 4 4 4 4 4 4 5 4 10 10 8 8 0 6 11 4 4 11 5 11 5 5 7 10 8 11 11 5 5 7 7 10 8 7 7 7 7 11 5 10 10 8 7 8 1 3 4 4 4 11 4 4 4 5 10 7 11 5 2 6 7 0 9 11 5 5 1 6 10 10 7 8 0 9 8 8 11 5 11 5 10 10 8 7 7 8 10 10 7 8 2 9 10 8 8 7 7 11 5 10 10 8 8 10 8 10 11 5 11 5 4 2 7 6 4 11 10 7 7 5 4 4 7 4 7 10 8 2 6 10 8 4 4 4 4 4 10 11 5 5 4 4 4 4 11 4 2 3 4 4 11 5 4 4 10 10 8 8 7 0 6 7 7 7 7 7 7 0 6 7 7 10 7 7 8 11 4 11 5 2 9 8 10 10 8 2 6 11 10 8 8 11 10 8 10 8 1 9 8 8 4 4 4 4 4 11 11 5 5 7 4 7 0 6 11 2 9 11 5 4 4 11 5 5 7 10 10 7 8 7 7 8 4 4 4 4 4 11 11 5 4 4 4 4 8 10 10 8 8 4 4 11 4 5 7 10 10 8 8 10 8 4 10 10 8 8 4 4 4 4 4 4 4 10 8 0 9 10 8 8 0 6 7 0 6 7 7 10 7 7 7 7 8 10 11 5 2 3 4 11 7 7 10 7 8 8 4 4 11 5 11 1 3 4 11 5 4 4 4 5 4 4 4 11 2 9 11 5 5 7 7 7 0 6 7 7 10 10 8 8 10 7 7 10 8 7 7 7 11 5 2 9 10 8 7 8 7 11 11 8 10 8 8 11 5 11 7 5 11 11 8 11 8 7 1 3 11 5 5 7 11 4 4 5 4 4 4 10 10 8 2 9 4 8 10 7 10 8 2 6 7 7 11 11 5 5 4 11 2 3 4 11 11 5 4 4 4 4 4 5 4 11 5 10 10 8 2 11 3 5 4 11 11 5 4 2 10 9 8 7 0 6 7 7 7 8 7 11 10 8 8 11 4 4 5 10 4 4 5 7 7 0 6 7 10 11 5 5 7 7 7 10 10 8 2 6 0 6 7 11 4 4 5 4 4 4 10 11 5 4 4 4 4 4 4 5 10 10 8 8 11 4 5 10 10 8 7 7 8 4 10 10 8 7 7 7 7 10 8 7 7 7 7 7 7 7 7 7 8 4 4 4 10 11 5 5 11 11 5 5 11 2 9 11 5 4 4 4 5 7 10 10 8 7 7 7 7 7 7 8 11 5 1 3 4 4 11 5 7 11 11 5 4 4 4 5 10 8 10 7 8 7 7 7 7 10 7 8 10 10 8 8 4 4 4 4 4 4 10 8 11 11 5 4 4 5 7 7 10 8 4 4 11 11 5 7 8 4 11 4 11 5 4 4 5 10 10 8 4 7 4 5 10 7 10 8 2 9 4 5 10 8 7 7 7 7 10 10 7 7 7 8 8 1 9 4 5 10 7 10 8 8 4 11 4 5 10 10 8 2 3 4 4 4 11 11 5 5 4 4 11 10 8 2 9 11 5 11 5 4 11 5 5 4 4 10 10 8 0 6 7 8 7 7 10 8 7 7 7 7 7 10 7 7 7 8 11 11 5 7 7 8 11 11 5 11 4 5 2 7 7 6 10 8 11 11 5 2 11 11 3 5 11 5 11 5 5 11 11 5 5 10 8 11 11 5 11 5 4 5 4 11 2 9 11 5 4 4 4 4 4 5 10 10 8 0 6 7 7 8 10 10 7 7 7 8 8 10 7 7 10 8 8 10 10 2 8 4 4 4 4 4 4 4 11 11 5 4 4 4 4 5
ppo_x50_b_fd_l4_same_gamma,9,qv22_17,22,231,True,1705.0,10.484173059463501,8 8 10 9 8 8 10 10 8 8 11 5 11 11 5 5 7 7 10 11 5 5 7 7 10 10 8 8 10 10 8 8 10 10 8 8 11 5 11 11 5 5 10 4 10 8 8 10 10 8 7 10 8 8 10 10 8 8 11 5 11 4 5 10 10 8 2 6 10 7 10 8 8 10 10 8 8 4 11 5 0 6 11 5 4 4 11 5 4 4 4 4 4 4 4 10 10 8 2 9 10 8 4 4 4 4 4 4 5 10 10 8 8 7 7 7 10 7 7 7 8 4 4 10 11 5 2 3 4 10 8 11 11 5 5 11 11 5 4 4 4 5 7 7 10 8 7 10 4 7 8 7 7 7 7 7 10 7 7 7 10 8 7 7 8 11 2 3 1 3 4 10 4 10 8 4 5 4 4 4 4 4 4 4 4 11 4 4 4 4 5 10 8 7 7 10 10 8 8 10 11 5 5 7 7 10 8 10 8 7 10 10 8 8 7 7 7 7 10 10 8 8 10 10 8 8 11 1 3 10 8 8 11 5 4 4 4 4 11 5 4 11 5 4 4 4 4 4 4 4 4 11 11 5 4 8 11 8 11 10 8 2 6 11 2 9 11 5 5 10 8 10 10 8 8 4 10 4 5 11 5 10 10 8 10 8 10 8 0 6 7 7 8 7 10 7 10 8 7 7 0 6 8 10 8 4 4 4 10 10 8 8 4 4 11 1 3 4 5 4 4 4 11 4 5 4 4 10 11 5 11 5 2 9 8 10 11 5 5 10 10 8 10 7 0 6 7 8 7 7 7 7 7 7 7 7 8 11 4 4 4 10 8 7 7 7 7 7 7 7 8 11 11 5 4 4 5 7 10 7 7 8 11 5 4 10 8 11 11 5 5 4 4 11 5 10 10 8 4 4 10 8 2 6 7 7 10 8 4 4 4 11 11 5 5 11 2 4 3 11 11 5 4 8 4 4 10 4 4 4 5 10 10 7 8 10 8 7 8 7 10 8 10 10 8 4 4 4 4 5 7 7 7 7 10 7 7 8 7 11 7 7 4 7 11 5 4 4 4 5 4 4 11 5 7 10 10 8 8 7 7 7 10 8 0 6 7 11 11 5 5 4 4 11 5 11 4 8 4 4 1 3 4 4 4 10 11 5 5 4 4 11 11 5 2 3 7 7 10 0 6 7 10 7 8 7 7 7 7 7 7 5 11 7 10 8 2 9 11 5 4 4 4 4 4 4 5 4 4 4 4 11 4 5 4 10 10 8 7 7 0 6 7 7 7 10 8 10 8 7 7 7 7 7 7 7 7 7 8 4 4 4 4 4 1 3 4 4 11 4 5 4 4 4 11 5 10 10 8 8 10 7 11 5 5 10 7 10 8 10 8 8 4 10 11 5 2 9 7 10 8 4 5 10 0 6 7 8 4 10 10 8 7 7 8 11 11 5 4 10 8 2 3 4 4 4 11 5 4 11 11 5 2 6 4 4 11 10 8 2 3 11 11 5 5 4 4 10 8 7 7 7 11 4 5 4 10 8 7 0 6 7 7 11 10 8 8 7 7 10 7 11 5 2 9 0 6 7 8 10 8 10 7 7 8 1 9 11 5 4 4 4 4 4 4 4 4 4 4 5 4 11 10 8 8 10 8 7 7 7 7 11 11 4 5 8 11 4 1 3 4 4 4 4 5 4 4 10 8 7 7 11 5 4 10 10 8 0 6 7 8 10 8 10 10 8 8 10 10 8 8 10 10 8 8 10 10 8 2 9 5 11 11 5 4 4 5 4 4 10 11 5 5 11 11 5 11 5 2 6 7 7 7 7 7 11 10 4 5 2 6 11 10 8 2 9 10 8 8 10 11 5 5 4 11 1 3 5 11 4 4 4 11 5 4 11 5 2 11 9 8 8 10 8 7 10 8 7 7 0 6 7 7 10 7 7 7 7 7 7 7 7 10 8 2 9 10 8 8 1 3 4 4 10 8 11 11 5 4 5 4 4 4 4 4 11 5 10 10 8 8 11 5 10 10 8 10 8 2 6 7 10 7 7 7 7 11 5 4 5 1 9 5 4 11 11 5 4 4 4 4 4 4 11 5 2 9 7 7 8 7 7 7 11 5 10 10 8 0 6 7 7 8 4 4 11 4 5 4 10 7 7 10 7 7 7 8 8 4 4 4 4 4 4 4 4 11 11 5 4 4 4 5 10 10 8 8 10 10 8 8 10 10 8 2 11 5 3 4 10 10 8 8 7 10 4 11 8 1 11 5 3 4 5 4 11 5 4 11 4 5 10 10 8 8 10 8 7 0 6 7 7 7 7 7 7 7 7 7 7 7 7 7 7 10 11 5 5 11 5 4 11 4 5 7 10 10 8 8 4 11 5 11 11 5 4 4 11 5 2 6 4 4 4 4 4 4 4 7 4 7 11 4 11 5 2 6 10 11 5 2 6 10 10 8 8 11 4 5 4 4 10 10 8 7 7 7 7 8 7 7 7 7 10 8 10 7 7 7 7 10 8 8 4 1 9 8 11 11 5 4 5 4 4 4 4 4 11 5 11 11 5 2 9 5 7 7 7 10 8 10 10 8 2 6 4 4 4 4 4 4 4 4 10 8 11 11 5 2 4 9 5 10 10 8 7 7 7 0 6 8 7 10 7 7 7 8 10 10 7 7 8 2 6 7 11 11 5 4 4 4 4 4 5 4 11 11 5 4 5 7 0 6 10 11 5 0 6 8 10 10 8 0 8 6 7 7 7 7 7 10 8 4 4 4 4 7 11 5 4 4 4 4 10 4 4 4 4 11 5 5 10 8 11 10 8 2 9 4 5 7 7 7 7 7 7 7 7 7 11 10 8 8 7 10 10 8 8 4 11 5 11 10 8 2 9 10 8 8 4 4 11 11 4 5 11 5 4 4 4 5 4 4 4 4 4 4 4 4 4 11 5 0 9 8 7 7 7 7 10 10 8 4 5 4 11 4 5 10 8 7 7 10 10 8 7 7 11 5 4 2 3 4 11 5 11 5 7 4 7 4 7 4 7 4 4 4 10 10 8 7 7 8 7 10 7 0 6 8 7 10 8 7 11 11 4 4 5 4 11 5 5 7 7 10 8 11 11 5 5 7 10 7 7 8 7 10 10 7 7 8 2 6 4 11 5 11 10 8 2 6 4 4 4 4 4 4 10 11 5 5 4 11 11 5 4 10 8 2 6 7 7 7 7 7 7 7 7 7 7 7 10 8 11 11 5 5 11 5 4 4 4 4 11 4 4 4 5 11 5 11 11 5 4 5 10 8 7 7 7 7 7 10 0 9 8 4 5 7 10 7 7 7 7 8 7 10 7 0 6 8 11 11 5 4 2 6 10 4 7 4 7 4 0 6 8 4 11 11 1 5 3 4 4 4 4 5 4 4 4 4 4 4 4 10 8 11 11 5 5 11 4 10 8 2 6 7 7 7 7 7 7 10 10 8 2 6 7 7 7 11 4 8 11 11 5 5 4 11 11 5 5 10 8 11 11 5 1 3 4 4 5 11 11 5 2 11 9 5 5 7 7 7 10 10 8 4 5 10 10 8 7 7 7 7 8 10 7 7 8 10 10 8 7 8 7 10 10 8 8 4 4 1 9 8 11 11 2 3 4 4 4 4 5 7 10 11 5 4 4 4 4 5 11 2 9 10 8 8 10 10 8 8 7 10 10 8 7 7 8 10 11 4 1 4 4 3 4 5 4 4 4 4 4 5 4 11 11 5 5 10 10 7 7 7 8 0 6 7 7 7 7 7 7 7 7 7 7 7 7 8 10 10 8 2 4 4 9 5 4 4 4 4 4 4 4 4 4 4 4 4 11 11 5 2
ppo_x50_b_fd_l4_same_gamma,10,qv22_18,22,234,True,1669.0,10.638773918151855,6 8 10 5 2 10 9 8 8 10 10 8 8 7 4 0 3 10 4 5 10 8 10 10 8 8 10 11 5 2 3 4 10 11 5 5 11 11 5 5 10 10 8 7 8 0 6 7 10 10 8 8 10 4 4 4 5 11 5 10 7 8 7 10 10 8 10 8 8 10 10 8 8 10 10 8 8 10 10 8 8 4 4 11 4 5 10 10 8 10 8 8 10 7 10 8 8 10 11 5 4 2 3 4 4 10 10 8 4 2 3 11 4 11 5 5 4 4 11 5 4 4 11 11 5 2 9 11 5 5 11 11 5 2 6 7 10 10 7 7 7 8 10 8 0 6 7 10 8 8 7 10 10 8 8 10 5 10 5 10 5 10 5 10 5 10 5 10 4 5 10 10 8 2 9 5 7 7 7 10 10 8 8 4 4 1 9 5 4 11 5 4 4 4 4 4 4 4 1 4 3 11 5 11 5 0 9 4 4 4 4 10 8 7 7 7 7 8 4 4 11 4 5 10 7 10 8 8 11 5 10 7 7 7 10 8 7 7 8 7 10 7 7 7 7 8 11 1 9 5 4 4 5 11 11 5 5 10 8 4 4 10 8 10 7 11 5 2 6 10 7 7 8 11 4 4 4 4 4 4 4 4 4 4 4 4 5 10 10 8 7 7 7 0 6 7 0 6 8 10 7 7 10 8 8 4 4 11 7 4 7 4 7 10 7 7 7 7 8 2 9 8 10 8 11 11 5 4 4 5 11 11 5 2 3 4 4 11 7 4 7 11 4 8 7 8 11 11 4 4 4 8 0 7 6 7 7 8 7 7 7 11 5 10 10 8 8 10 8 7 7 11 11 5 4 4 4 4 5 4 4 4 4 11 4 4 5 10 10 8 7 8 11 11 5 4 4 5 4 11 4 2 6 10 10 8 8 7 7 7 7 7 7 7 7 7 10 8 11 11 5 5 4 11 11 5 4 5 4 11 4 5 4 10 10 8 2 6 4 10 11 5 2 6 10 10 8 7 7 7 8 7 7 7 4 7 11 11 5 4 4 1 3 5 7 7 7 7 11 4 8 10 10 8 8 11 5 4 11 11 5 4 4 4 4 4 4 5 11 11 5 2 9 7 5 7 7 7 7 7 10 10 8 2 6 7 10 7 7 7 8 4 4 4 4 4 4 10 11 5 5 10 8 10 4 4 5 4 4 4 4 4 4 7 4 10 11 5 5 7 7 7 10 11 5 5 4 10 2 6 7 7 7 7 7 11 10 8 8 10 8 7 7 7 7 7 7 10 7 10 8 8 4 1 9 8 11 5 4 4 4 4 4 4 11 5 4 11 4 4 4 11 5 4 4 5 7 10 10 8 2 3 7 10 8 10 8 10 8 11 11 5 2 3 11 11 5 4 5 7 7 10 8 7 7 7 10 8 7 7 7 7 7 7 11 10 8 8 10 10 8 8 10 8 4 4 4 4 11 2 3 4 4 4 4 1 3 4 4 4 4 11 5 7 0 9 11 5 4 4 4 5 11 7 7 11 5 5 10 8 10 8 10 4 5 7 7 11 11 5 4 4 5 10 0 6 8 7 10 10 8 7 7 7 8 11 4 8 4 10 10 8 8 7 10 10 8 4 2 6 10 7 7 8 11 11 5 7 7 7 8 4 4 4 11 2 11 9 5 4 5 11 4 11 5 4 4 4 4 4 5 4 0 9 10 5 10 5 10 5 10 5 5 10 10 8 7 7 7 7 8 7 7 7 7 10 4 5 10 7 10 8 7 8 11 5 4 4 10 10 8 4 5 4 4 4 11 5 10 8 4 4 4 10 11 5 5 7 7 10 7 8 11 10 7 8 7 7 7 7 7 7 8 7 10 10 8 4 4 2 9 10 8 7 7 8 1 3 1 3 4 4 4 10 8 11 11 5 4 4 4 4 4 4 4 4 4 5 7 0 6 7 7 7 7 7 10 7 7 7 8 10 10 8 2 6 7 11 5 4 4 1 9 8 11 11 5 4 11 5 2 11 3 5 10 8 10 7 7 8 1 3 11 11 5 5 4 4 4 4 4 11 11 5 1 4 4 5 9 7 7 7 7 8 10 7 7 8 4 1 4 3 4 11 4 4 5 10 11 5 4 2 3 10 10 8 7 10 8 2 9 10 8 8 10 10 8 4 2 3 10 10 8 7 7 8 4 10 10 8 8 7 7 11 10 8 7 7 5 10 10 8 2 9 10 8 4 4 4 4 5 4 4 4 4 4 4 4 4 4 11 5 7 7 11 11 5 5 7 10 4 4 0 9 5 4 5 10 10 7 8 8 7 10 8 7 7 10 10 8 7 7 7 7 7 7 7 5 7 10 10 8 10 8 8 11 1 8 3 4 11 11 5 5 4 4 4 4 4 1 3 4 4 4 4 4 4 4 11 5 7 10 10 8 10 8 7 7 8 10 10 8 7 7 7 8 7 10 10 8 4 5 10 10 7 8 8 10 7 7 8 4 4 11 4 4 8 11 5 4 10 2 6 7 11 10 8 8 4 4 4 11 5 4 4 4 4 4 11 4 4 4 4 4 5 7 7 10 11 5 5 4 4 10 10 8 7 7 10 8 7 10 8 8 4 4 11 5 10 10 8 10 8 0 6 7 7 7 8 7 7 7 10 7 7 7 8 4 10 10 8 4 2 3 4 4 4 4 4 4 4 4 4 10 10 8 2 9 10 8 7 7 8 4 10 10 8 7 8 10 8 10 10 8 4 2 11 9 5 4 4 5 11 5 4 4 4 11 11 5 5 4 11 4 4 5 4 0 10 9 5 0 6 7 7 7 7 8 4 10 10 8 7 8 4 11 4 4 11 5 5 10 8 1 4 3 4 11 10 8 2 9 11 5 8 11 11 5 5 10 8 4 10 10 8 7 8 7 0 6 7 11 5 11 11 5 5 10 10 7 7 7 7 7 7 7 8 7 7 7 7 7 7 8 11 5 4 11 4 4 4 4 5 10 10 8 2 9 10 8 7 7 8 11 1 3 4 5 4 11 4 4 4 4 4 4 4 4 5 4 11 5 10 10 7 7 7 7 7 8 2 9 10 8 7 7 8 10 10 8 2 6 4 4 11 11 5 4 4 4 4 4 4 4 4 4 4 5 10 2 6 4 10 8 7 7 7 7 11 10 8 8 10 11 5 5 4 10 10 0 8 6 7 7 7 7 7 7 10 8 2 7 9 10 8 7 7 7 8 1 9 5 11 4 10 8 8 4 4 4 4 4 11 10 8 8 4 4 4 11 4 10 8 2 6 7 7 7 7 7 10 7 8 11 4 4 10 8 8 11 1 3 4 4 5 10 8 11 11 5 5 10 8 11 4 4 11 4 5 2 3 11 5 11 11 5 7 8 10 8 11 5 4 4 4 4 11 4 4 11 5 2 6 7 10 7 7 0 6 8 7 10 10 8 8 10 8 10 8 11 11 5 2 6 7 7 7 7 10 7 7 7 7 7 8 11 11 5 5 4 11 4 4 4 4 4 5 11 4 4 4 4 5 7 7 10 8 7 10 10 8 8 7 4 7 10 7 10 8 8 7 7 11 11 5 5 11 5 11 11 5 5 4 4 4 4 11 4 4 4 4 11 5 5 11 11 5 7 7 8 11 4 4 5 7 10 10 7 7 7 8 0 6 10 8 8 4 10 10 8 7 7 7 8 7 7 10 7 10 2 8 10 10 8 8 7 11 11 5 4 4 4 5 4 4 4 4 4 4 4 4 4 4 11 5 10 10 8 8
ppo_x50_b_fd_l4_same_gamma,11,qv22_19,22,230,True,1567.0,10.433977365493774,8 8 6 10 8 10 11 5 2 9 8 10 10 8 8 10 4 4 4 8 4 10 0 5 6 7 10 10 8 10 8 8 10 4 5 7 10 10 8 8 10 10 8 8 10 4 5 10 10 7 8 8 10 10 8 8 4 7 4 0 6 10 10 8 8 11 5 10 7 10 8 8 4 4 11 4 4 4 4 10 8 8 10 10 8 2 6 10 8 4 4 4 4 4 10 11 5 5 4 4 11 4 4 5 0 6 7 7 7 7 7 10 7 7 8 7 7 10 7 7 10 8 8 4 4 11 4 4 4 4 4 4 4 4 1 3 4 8 11 4 2 9 11 5 11 5 4 5 11 5 0 9 5 7 10 8 7 11 11 5 2 10 9 5 4 5 4 10 10 8 7 8 10 10 8 7 8 7 7 7 10 10 8 7 7 8 10 7 10 7 8 8 4 1 3 4 4 4 11 4 4 4 8 4 4 4 11 4 5 7 7 7 7 7 7 10 7 7 7 7 7 5 10 10 8 8 11 11 5 7 8 11 11 5 4 4 11 5 4 5 4 4 10 10 8 8 4 11 11 5 4 4 5 11 2 3 4 4 10 11 5 5 7 7 10 10 8 0 6 10 8 7 7 7 7 8 11 4 1 3 4 4 5 4 4 4 4 11 5 10 10 8 2 9 5 11 11 5 4 2 6 7 7 10 10 8 7 7 7 7 10 8 10 8 7 7 7 8 4 4 4 11 5 10 10 8 4 4 5 10 8 11 11 5 4 4 4 5 11 4 5 10 10 7 7 7 0 6 8 7 7 7 10 8 7 7 7 7 7 8 4 4 4 4 4 10 2 9 11 5 5 4 11 2 3 4 4 10 11 5 5 10 7 10 8 7 8 11 4 4 5 4 4 4 4 1 10 8 11 9 5 4 5 4 4 10 10 8 0 6 7 7 7 7 7 7 7 0 6 7 7 0 6 7 8 11 11 5 7 7 7 7 7 8 4 4 11 2 11 3 5 10 10 7 8 2 4 11 3 4 5 4 11 11 5 4 8 7 10 7 8 7 7 10 7 11 5 4 5 11 5 11 4 11 5 0 6 8 11 4 11 5 11 5 4 7 4 8 4 11 4 4 10 8 0 6 7 10 8 8 7 7 7 7 11 4 5 10 10 8 7 5 10 10 8 2 4 3 4 4 4 4 4 4 4 4 11 4 4 4 5 10 4 4 0 5 6 7 10 10 8 7 7 8 10 10 8 10 8 7 10 8 7 8 11 11 5 4 2 9 10 8 8 10 10 8 7 7 7 8 11 4 4 4 2 10 10 8 6 8 7 10 10 8 7 8 11 1 9 5 4 4 1 3 4 4 4 4 4 5 11 4 5 4 11 4 4 4 5 11 11 5 4 2 9 10 8 7 7 7 10 8 8 7 0 6 7 7 10 7 7 8 1 3 10 10 8 7 7 8 11 10 8 8 11 11 5 4 4 4 4 4 4 4 4 4 5 11 5 7 7 7 10 11 5 5 7 10 2 9 10 8 8 7 7 7 11 5 10 10 8 8 7 7 11 10 8 8 1 9 11 5 4 4 4 8 4 11 2 3 11 11 5 4 5 11 4 5 11 4 11 5 2 9 8 7 10 10 8 8 10 4 5 10 7 10 8 8 4 4 4 4 4 4 4 10 2 6 7 11 11 5 5 10 8 7 7 4 7 7 4 4 7 10 10 8 5 7 10 7 10 8 8 7 7 7 7 10 10 8 2 4 4 3 4 4 4 11 4 5 4 11 4 5 4 4 4 11 11 5 2 6 10 8 10 10 8 0 6 7 7 10 8 8 10 10 8 8 7 7 7 7 7 10 10 7 7 0 6 8 8 4 11 5 10 7 11 5 5 4 4 4 11 2 3 4 11 5 11 5 7 7 7 7 10 7 7 5 10 2 9 10 8 7 8 1 3 4 4 4 4 11 10 8 8 4 11 4 4 5 4 4 4 10 8 11 11 5 4 4 4 5 4 4 4 11 2 6 7 0 6 7 10 8 10 8 7 11 5 10 10 8 7 7 7 7 7 8 11 4 11 5 2 10 9 8 5 10 8 10 10 8 7 7 8 7 11 4 4 5 10 10 8 2 6 10 8 11 11 5 4 5 4 4 11 5 10 8 4 11 11 5 4 4 4 4 4 1 3 2 3 11 10 8 2 9 10 8 8 7 0 6 7 7 7 7 10 7 7 8 10 8 11 11 5 4 2 9 11 5 5 11 11 5 7 8 4 11 4 10 1 8 8 9 5 4 4 4 4 4 4 11 11 5 4 5 10 8 7 7 7 7 7 11 5 10 0 6 7 10 8 2 3 11 4 10 8 8 11 4 5 10 8 10 7 10 8 7 7 7 7 7 7 7 7 8 11 5 11 11 5 2 6 10 8 4 4 4 4 4 4 4 4 4 11 11 5 4 4 5 11 2 6 7 7 7 10 11 5 5 11 5 11 4 5 4 4 10 11 5 5 7 7 7 7 7 7 7 7 10 7 7 7 7 7 7 7 8 11 11 5 4 4 4 4 4 4 5 10 8 10 8 4 4 11 5 4 4 4 4 11 4 4 5 10 10 7 8 8 10 10 8 7 7 7 7 10 8 7 7 7 7 7 8 4 10 10 8 7 7 7 8 1 3 4 4 4 4 4 1 9 5 11 4 10 7 5 8 4 4 11 10 8 8 4 11 5 4 7 10 4 10 8 2 6 7 7 10 10 8 8 7 7 10 7 8 11 11 5 5 7 10 8 11 4 1 3 4 5 4 4 4 4 4 11 5 7 7 10 11 5 4 7 4 10 8 1 3 4 4 4 4 5 4 4 11 10 8 2 10 6 10 8 7 7 7 8 4 1 3 4 4 4 11 4 4 5 7 10 7 7 7 7 5 10 10 7 8 7 7 7 8 10 10 8 8 4 4 4 10 4 4 5 10 7 7 7 7 8 4 4 11 11 5 5 7 7 7 7 7 7 10 8 11 11 5 5 10 8 4 4 4 4 4 4 4 4 4 4 10 11 5 5 11 11 5 5 7 10 7 8 7 10 7 10 8 7 7 7 0 6 7 7 7 7 8 1 3 4 4 4 11 4 4 4 5 7 11 2 9 10 8 8 10 10 7 8 8 7 7 10 7 11 4 5 5 4 4 4 10 11 5 2 11 3 4 5 4 11 5 4 4 4 11 11 5 4 2 3 4 10 10 8 7 7 7 7 7 7 8 7 7 7 7 7 10 10 7 8 7 7 7 8 1 9 5 4 4 11 5 1 9 4 10 8 2 9 10 8 8 7 11 5 11 4 4 4 5 4 11 4 4 4 4 4 5 10 10 8 2 10 10 7 6 7 7 7 8 7 8 11 10 8 8 10 10 8 7 7 8 11 2 11 11 5 5 4 4 4 9 5 11 4 4 11 5 2 9 5 7 11 10 4 5 4 4 4 4 4 4 4 5 11 11 5 2 10 10 7 7 6 7 7 7 7 7 7 7 7 8 7 7 8 11 11 5 5 7 7 7 7 10 7 7 10 2 8
ppo_x50_b_fd_l4_same_gamma,12,qv22_2,22,231,True,1691.0,10.516109704971313,8 6 0 5 10 9 8 8 10 10 8 8 11 5 7 10 10 8 8 10 11 5 2 6 10 10 8 8 10 2 9 10 8 8 10 4 4 5 7 7 10 10 8 7 10 8 8 10 10 8 8 4 10 8 11 11 5 5 4 4 4 4 4 11 4 4 5 10 10 8 7 8 11 7 10 8 0 6 7 10 8 8 10 8 11 10 7 7 8 8 10 10 8 8 11 4 8 11 4 5 10 7 11 5 4 5 1 3 11 11 5 4 5 11 4 5 11 11 5 2 9 11 5 4 4 4 5 4 11 11 5 5 7 7 0 6 7 7 7 7 7 7 7 7 7 10 10 8 2 6 10 8 11 5 4 4 4 4 4 4 4 4 11 4 11 5 2 3 10 7 7 8 10 8 11 11 5 2 9 5 7 7 7 7 7 10 10 8 0 6 7 7 8 7 7 7 10 7 11 5 0 5 4 4 4 3 4 10 8 11 5 4 4 4 4 10 11 5 5 7 10 7 7 8 4 4 4 4 1 3 4 4 4 4 4 4 4 4 10 0 6 7 7 8 10 8 4 4 4 4 7 4 7 0 10 9 5 5 7 11 8 4 0 6 7 7 7 7 10 10 8 10 8 7 8 10 7 7 5 10 10 8 7 7 8 11 4 1 3 4 4 4 4 4 4 5 4 4 11 4 5 10 10 8 8 10 10 8 8 7 10 7 7 7 8 11 4 10 8 2 10 6 7 10 8 8 11 10 8 8 0 6 4 11 2 9 10 8 7 8 4 11 4 2 11 3 11 5 8 11 5 11 11 4 4 5 5 4 4 4 4 4 11 4 5 7 10 10 8 2 9 5 4 11 5 4 11 11 5 5 7 7 7 7 10 7 7 7 7 7 7 7 7 7 7 7 7 8 4 11 4 4 4 5 4 11 11 5 5 4 4 10 10 8 7 7 7 8 4 4 4 1 3 11 4 4 4 4 4 4 4 5 10 7 10 8 7 8 7 10 8 11 4 4 4 4 5 7 10 10 8 0 6 7 7 8 7 7 7 10 8 10 10 7 7 8 2 6 7 11 5 4 11 11 5 4 4 5 4 4 4 11 11 5 4 2 9 10 8 7 7 7 7 8 10 10 8 7 8 4 7 10 7 7 10 8 8 11 2 11 5 9 11 5 1 5 3 4 4 11 5 10 7 11 5 4 4 4 4 4 4 4 5 1 3 4 10 7 11 5 8 7 10 7 7 8 4 4 4 11 4 5 10 10 8 8 10 10 8 10 8 7 7 7 10 8 7 7 7 7 7 7 7 7 8 4 7 4 7 4 11 4 4 4 4 4 4 4 5 10 7 7 8 4 4 11 11 5 5 11 2 9 10 8 7 7 8 11 11 5 4 4 4 5 7 7 7 10 10 8 4 5 7 7 7 7 10 8 7 10 10 7 5 2 9 10 8 7 8 11 5 4 4 4 4 4 4 4 4 11 5 11 11 5 4 5 7 7 7 10 8 7 10 7 7 8 7 10 8 7 7 7 11 11 5 4 4 4 4 4 5 4 11 5 4 10 10 8 8 7 11 4 4 4 4 5 4 11 4 4 4 4 11 5 4 2 10 6 8 10 10 8 7 7 7 7 7 8 7 7 7 10 10 8 7 8 10 8 11 11 4 5 2 4 4 4 3 4 11 4 4 5 10 11 5 5 0 6 7 7 7 7 11 5 11 11 5 5 7 10 7 7 8 4 10 10 8 7 7 8 4 4 4 4 11 5 10 8 4 4 4 4 4 4 4 10 11 5 5 10 8 10 10 7 8 7 7 7 8 7 7 7 7 11 4 4 5 7 10 10 8 7 7 7 7 8 4 11 10 8 8 10 10 8 2 6 4 4 4 4 4 4 4 4 10 11 5 5 7 10 0 6 8 10 10 8 8 10 8 10 2 11 9 8 8 7 11 10 8 8 11 5 4 4 11 10 4 5 4 4 4 5 10 7 7 7 7 8 10 10 8 8 4 4 4 4 4 11 11 5 4 11 5 4 4 5 11 10 5 11 5 4 4 4 4 5 7 7 7 7 7 10 7 8 7 7 7 10 7 7 7 8 4 4 4 11 11 5 5 7 11 10 8 4 5 4 7 4 10 10 8 4 4 4 4 11 5 5 10 11 5 2 6 10 8 10 8 7 7 7 7 7 7 7 7 7 7 7 7 7 11 5 7 11 4 10 8 8 11 4 4 4 4 4 11 5 2 6 4 4 4 4 4 4 4 11 11 5 4 5 0 6 7 7 0 6 7 7 7 7 7 10 8 4 4 4 4 10 10 7 7 8 8 10 10 8 4 5 11 4 10 8 4 11 5 4 5 11 5 7 10 8 4 4 4 4 11 10 8 4 5 7 7 7 7 7 7 10 10 8 7 7 7 7 10 8 8 10 1 9 8 8 4 4 1 3 4 4 11 4 4 4 4 4 4 4 4 4 5 7 10 7 7 8 4 11 11 5 2 9 5 11 11 4 5 5 4 11 5 10 8 4 7 10 10 8 7 7 7 7 7 7 7 8 10 10 8 2 4 4 6 10 10 7 8 7 7 7 7 8 10 10 8 8 4 11 2 9 7 4 7 0 8 11 3 11 5 4 11 5 4 4 4 5 4 4 4 4 4 11 5 4 4 4 11 4 4 5 0 6 7 10 7 7 7 7 7 7 8 4 4 4 4 4 4 4 4 10 10 8 8 11 5 10 10 8 10 8 8 4 10 10 8 7 7 7 8 10 10 8 8 10 11 5 5 4 11 11 5 2 6 7 7 7 7 7 10 10 8 8 11 1 3 4 5 4 4 4 4 10 2 6 11 11 5 5 4 11 5 11 11 5 5 4 11 11 5 5 7 7 0 6 7 7 7 10 11 5 5 7 10 8 7 10 10 8 7 8 7 10 10 8 7 7 7 8 11 1 3 5 4 4 4 4 11 1 3 4 4 4 4 5 4 10 0 6 7 7 7 8 10 10 8 8 11 10 8 8 4 10 7 7 7 7 7 8 1 4 9 4 4 4 4 11 5 4 4 4 5 4 11 4 4 5 4 11 11 5 0 9 5 5 10 10 7 8 10 8 8 10 11 5 2 9 11 5 2 3 7 10 10 8 0 6 7 7 10 8 7 7 7 8 7 7 7 11 2 9 7 7 7 7 8 11 11 5 5 11 11 5 5 11 4 5 10 10 8 8 4 4 4 11 11 5 4 4 5 11 11 5 2 6 7 7 11 5 10 10 8 7 8 11 4 10 8 7 7 7 7 7 7 8 1 3 4 11 4 4 5 4 11 4 5 11 4 11 5 2 3 7 10 7 7 8 7 7 10 10 8 2 7 3 4 10 7 7 8 10 4 5 4 11 11 5 4 4 5 4 4 11 4 4 5 4 4 4 1 9 7 7 8 10 8 7 7 7 7 7 10 8 11 10 8 8 11 11 5 4 4 4 4 4 5 4 4 11 11 5 4 5 0 9 10 8 7 7 7 7 7 8 7 7 7 7 7 11 10 8 8 7 11 11 5 2 9 11 5 7 4 4 5 11 4 10 8 7 7 7 7 7 7 8 10 2 10 10 8 8 6 4 4 4 4 4 4 4 4 4 4 4 11 4 4 5 11 11 5 2 7 7 7 11 5 10 10 8 8 6 10 8 11 11 5 4 4 4 5 4 4 11 11 5 11 5 2 9 10 8 7 7 7 7 7 7 7 7 7 8 7 7 7 11 10 8 8 10 10 8 8 10 10 2 8 4 4 4 4 11 11 5 5 4 4 4 4 4 4 4 11 3 4 4 4 5 10 10 7 7 7 8 8
ppo_x50_b_fd_l4_same_gamma,13,qv22_20,22,231,True,1699.0,10.49657392501831,8 6 10 8 8 11 7 10 8 8 11 5 1 3 4 10 10 8 8 1 9 8 7 10 10 8 8 10 11 5 2 3 11 5 10 5 4 0 6 7 10 10 8 10 8 8 10 4 5 10 10 8 10 8 8 11 5 10 10 8 2 9 10 8 8 10 10 8 7 5 11 5 4 10 11 5 2 10 6 7 7 10 8 8 10 10 8 8 10 4 5 10 2 9 10 8 4 1 3 5 4 4 4 4 4 11 4 4 4 5 10 10 8 4 4 4 4 4 4 5 11 11 5 2 7 10 9 5 5 10 10 8 10 8 7 7 7 7 7 7 8 4 4 4 11 10 8 8 10 10 8 10 8 7 8 4 11 5 10 10 7 7 7 7 7 8 2 4 4 4 4 3 4 1 3 10 11 5 5 4 11 11 5 5 4 4 4 11 11 5 2 10 10 6 8 10 8 10 8 8 7 7 7 7 7 7 7 7 10 10 7 7 7 7 8 8 4 4 4 11 5 10 4 4 5 10 7 7 10 8 8 4 4 1 9 5 4 4 10 11 5 11 5 4 2 9 5 4 10 8 10 10 4 8 10 4 8 2 6 10 10 8 7 8 4 10 10 8 7 7 7 7 7 8 11 11 5 4 5 0 6 4 11 4 2 3 4 4 4 4 11 5 11 11 5 4 4 4 4 5 11 5 10 8 10 10 8 7 7 7 11 5 4 2 9 5 10 5 0 9 4 4 8 4 7 11 8 10 8 11 4 8 10 4 8 11 8 4 4 4 4 10 10 8 7 7 7 7 7 0 6 7 7 7 7 7 8 4 4 1 4 3 4 4 11 5 11 2 9 10 8 7 8 11 2 9 11 5 4 5 4 4 4 10 11 5 5 10 10 7 8 0 6 7 7 7 7 7 8 10 10 8 8 7 10 10 8 4 5 10 10 7 8 7 7 8 7 11 11 8 1 3 11 5 5 11 11 5 2 6 11 4 10 8 2 6 10 10 8 8 4 4 1 3 11 11 5 5 4 4 10 7 0 6 8 11 11 5 4 4 4 4 4 4 5 1 9 8 4 11 5 4 11 5 7 11 11 5 2 6 7 10 8 7 7 7 7 10 8 4 4 10 8 10 10 8 7 7 7 8 4 11 11 5 5 4 4 4 4 4 10 11 5 5 4 10 8 7 7 0 6 7 7 7 7 7 7 10 11 5 7 8 4 4 1 3 4 4 4 4 10 11 5 4 4 4 5 11 11 5 2 11 8 11 9 8 8 4 10 10 8 0 6 0 7 9 8 7 10 8 8 4 10 10 8 7 7 8 7 10 10 8 7 8 4 4 4 10 11 5 5 11 4 1 3 4 4 5 4 10 2 6 7 11 10 8 8 10 10 8 7 7 7 7 7 7 10 8 7 7 7 8 4 11 10 8 8 1 9 8 11 11 5 4 1 3 5 10 2 11 3 5 1 3 4 4 4 11 5 11 4 4 4 1 3 4 4 4 5 4 10 10 8 7 7 7 7 8 4 4 4 4 11 5 10 10 7 7 8 0 6 7 7 7 7 10 7 7 8 7 8 11 4 5 11 11 5 4 2 6 7 10 10 7 7 7 8 7 7 8 1 3 11 5 4 11 10 8 2 11 3 5 11 11 5 4 4 4 4 4 4 5 7 11 2 6 10 10 8 4 5 10 10 8 10 8 4 2 3 4 4 11 4 4 5 11 5 10 0 6 10 8 8 7 7 7 7 10 8 11 5 7 10 10 8 7 7 8 10 7 10 8 7 7 8 1 9 1 3 1 3 4 5 4 4 11 11 5 2 9 4 8 11 11 5 2 4 3 11 11 5 4 4 5 10 10 8 8 10 7 8 10 10 8 7 7 8 10 7 7 7 8 10 10 8 8 4 4 4 11 4 5 4 10 8 10 10 8 8 7 4 11 5 4 4 4 4 4 4 11 5 7 7 7 10 10 8 7 10 8 7 7 8 4 4 4 1 4 6 4 10 11 5 2 6 10 8 10 7 10 8 7 7 7 7 8 11 5 4 4 4 4 4 4 4 4 4 4 4 11 4 4 5 4 4 11 11 5 2 3 10 7 7 7 10 8 7 10 8 8 7 7 11 10 8 8 10 10 7 7 7 8 2 7 9 7 8 7 11 11 5 5 4 4 4 4 4 4 4 4 7 4 7 4 4 10 8 7 7 4 10 0 6 0 6 7 7 7 7 7 8 10 2 9 10 8 8 4 11 11 5 4 4 4 4 5 11 10 8 2 6 11 4 11 4 5 5 11 4 2 9 11 5 4 4 4 5 11 11 5 2 9 11 5 5 7 7 10 4 5 0 6 10 10 8 10 8 7 7 7 8 4 10 11 5 2 3 4 4 10 10 8 7 7 8 10 10 8 8 7 7 10 7 7 7 5 11 11 5 2 6 10 7 7 7 8 10 11 5 11 5 5 11 2 3 11 5 4 1 9 11 5 4 4 4 4 5 4 10 10 8 4 4 4 2 3 4 10 11 5 5 11 5 7 7 4 4 7 4 7 10 11 5 2 9 8 7 4 7 4 7 4 4 7 4 7 7 4 7 4 7 4 7 4 4 7 7 4 7 4 10 11 5 4 2 6 10 8 7 7 10 8 7 10 10 8 7 7 7 0 6 7 8 11 11 5 4 4 4 5 4 11 4 4 4 4 11 5 2 6 0 6 7 7 7 7 7 10 7 7 8 7 10 10 7 7 7 8 2 3 11 5 11 5 4 4 11 11 5 4 4 5 4 4 4 4 11 11 5 2 9 5 4 4 10 8 7 7 7 10 10 8 8 10 10 8 7 10 8 7 7 7 7 7 8 7 7 11 11 5 5 4 11 11 5 2 9 11 5 4 4 5 10 8 7 7 7 11 10 8 8 0 6 4 4 1 11 3 10 8 8 11 11 5 4 4 4 4 4 4 4 4 10 8 2 6 11 10 8 8 7 7 7 7 10 11 5 5 10 2 9 10 8 7 7 7 7 7 7 8 4 4 4 4 11 4 4 4 5 10 7 7 7 10 8 8 11 5 10 10 8 2 4 10 5 10 11 5 5 9 5 10 5 7 7 10 7 7 7 10 8 8 4 1 3 4 4 4 4 4 4 4 4 4 4 4 11 5 10 10 8 8 1 3 4 11 4 5 4 0 6 7 10 10 8 2 6 10 4 4 4 11 5 4 5 10 0 9 5 5 7 10 10 8 4 2 3 11 8 11 7 8 4 11 11 5 5 10 7 7 0 9 5 4 4 5 7 7 10 7 7 7 7 10 8 8 4 10 10 8 7 7 7 7 8 7 7 7 7 11 11 5 1 3 5 4 4 4 4 4 4 11 4 5 10 10 8 8 4 11 4 11 5 7 7 7 7 8 11 2 4 9 11 5 5 10 10 8 10 8 10 8 8 11 4 4 5 10 10 8 4 4 4 4 4 4 4 5 10 8 10 0 6 8 7 7 7 7 7 7 7 7 11 11 5 2 9 10 8 10 8 8 4 4 4 11 4 4 4 4 4 5 10 11 5 5 4 4 4 10 2 9 10 8 7 7 7 8 4 4 11 4 4 5 7 10 10 0 6 7 7 7 8 7 10 8 7 10 8 8 4 10 10 8 7 7 7 8 4 4 11 1 4 4 3 4 4 4 5 11 11 5 2 9 7 0 6 8 10 10 7 8 7 7 7 7 7 8 4 10 2 9 10 8 7 8 11 5 7 11 10 8 8 11 4 4 4 11 5 4 5 11 11 5 4 4 4 4 4 4 5 10 10 8 8 10 7 7 10 7 8 7 7 8 11 4 4 5 7 7 10 10 8 7 7 7 7 7 8
ppo_x50_b_fd_l4_same_gamma,14,qv22_21,22,226,True,1595.0,10.295430660247803,6 8 10 8 8 10 10 4 4 5 2 6 0 6 10 10 8 8 1 9 8 10 4 4 11 5 5 7 10 7 4 4 5 10 10 7 7 8 10 8 8 4 11 4 0 5 9 10 8 8 10 0 6 10 8 8 10 10 8 8 10 10 8 8 11 5 11 11 5 7 7 8 10 10 8 8 10 10 8 8 11 5 4 4 11 5 4 4 4 4 10 10 8 2 9 10 8 7 7 7 8 7 7 10 10 8 8 10 10 8 8 1 9 5 11 5 4 4 10 11 5 5 1 9 7 8 11 11 5 5 4 11 4 4 4 4 4 5 10 8 4 4 4 10 11 5 5 11 11 5 2 6 7 7 0 6 7 10 10 8 7 7 7 10 8 8 10 10 8 2 3 11 4 4 4 4 8 11 11 5 4 5 4 4 4 11 10 8 4 5 4 1 9 10 8 0 6 10 8 10 8 7 7 11 5 7 7 7 7 7 7 7 7 8 11 2 9 11 5 7 7 7 8 11 11 5 4 4 4 5 4 4 10 7 0 6 7 7 8 1 9 10 8 7 7 7 8 1 3 4 4 4 4 4 4 4 4 4 11 4 4 4 4 5 7 7 10 10 8 2 9 10 8 8 4 4 10 8 11 11 5 2 9 8 4 4 4 10 10 8 7 7 0 6 8 7 7 7 11 10 8 8 10 10 8 7 7 7 7 7 8 4 1 9 5 11 5 10 10 8 4 2 6 1 3 4 11 5 4 4 4 11 11 5 4 4 4 5 10 8 7 7 7 7 10 8 4 4 4 4 4 4 4 4 11 5 10 10 8 8 10 10 8 7 7 8 11 2 6 7 7 10 10 8 7 7 8 4 10 7 8 10 10 8 4 4 2 4 11 9 5 4 4 4 8 11 5 4 4 4 4 4 4 10 8 11 11 5 4 5 11 4 4 2 10 10 8 7 6 7 7 7 7 7 7 8 11 4 4 4 4 4 4 5 7 10 11 5 2 6 11 4 5 10 8 10 10 8 7 7 7 8 10 10 8 0 6 8 10 7 8 10 10 7 8 8 10 10 8 2 9 8 4 4 4 10 10 8 2 4 3 11 11 5 11 5 5 11 11 5 5 4 4 10 11 5 5 4 4 4 4 0 4 6 4 11 5 10 10 8 2 9 7 8 7 11 5 4 10 10 8 7 7 8 10 7 7 8 10 10 8 10 8 4 2 6 10 10 8 4 4 4 4 4 4 4 4 5 10 2 9 8 10 8 0 6 7 7 10 8 7 10 10 7 7 7 7 7 8 2 6 4 4 4 1 4 4 4 3 1 3 11 5 11 2 3 4 4 4 4 4 11 4 11 5 4 2 6 10 10 7 8 2 7 10 9 5 5 10 0 6 10 8 7 7 7 7 8 7 7 11 5 10 10 8 8 4 4 11 4 11 5 4 5 7 7 11 5 4 4 10 11 5 5 10 8 10 10 7 8 10 8 7 7 7 8 10 7 10 8 7 7 7 8 4 11 5 4 4 4 4 4 4 4 11 4 5 10 10 8 8 10 8 7 7 10 8 7 7 7 10 10 8 8 4 4 11 4 4 5 4 4 11 4 5 7 10 10 8 2 4 4 4 9 8 4 4 4 4 4 11 4 5 10 10 8 2 6 7 11 10 8 8 10 7 10 8 7 10 8 7 8 7 7 10 10 8 8 4 4 4 4 4 4 10 8 11 11 5 5 10 8 10 10 8 8 10 8 4 4 11 4 4 5 10 7 11 5 4 4 4 4 4 4 4 4 5 4 10 0 9 8 8 4 4 10 10 8 8 7 10 11 5 8 7 11 5 4 4 0 9 11 5 5 7 7 7 10 0 6 8 10 7 7 7 7 7 10 7 7 8 5 10 10 8 8 7 10 7 8 11 11 5 2 11 3 5 4 4 4 11 11 5 5 4 4 11 11 5 4 4 4 5 11 11 5 2 4 10 9 5 5 10 10 8 7 7 7 0 6 8 7 7 10 10 8 4 5 10 10 8 10 8 8 10 10 8 8 10 4 10 8 7 7 7 8 10 8 4 4 4 4 7 4 7 10 11 5 5 4 4 4 1 3 4 4 10 11 5 5 10 4 4 11 5 5 4 4 10 10 8 7 7 7 7 7 8 10 8 7 7 7 7 10 7 7 7 8 10 8 4 4 11 10 8 4 4 2 6 10 1 9 8 7 8 4 11 4 5 11 11 5 5 4 4 11 4 4 5 4 4 4 4 11 5 7 10 10 8 7 7 7 7 7 7 7 7 7 7 8 1 3 1 6 10 5 10 5 4 4 4 4 4 11 11 5 4 5 4 4 11 4 4 5 4 10 5 4 10 10 7 5 10 5 10 5 10 5 8 7 7 7 7 7 7 7 7 11 7 7 8 11 4 11 5 5 4 4 10 7 0 6 8 11 11 5 5 4 4 4 4 4 4 11 5 10 10 7 8 7 7 7 7 8 4 10 10 8 7 7 10 8 7 7 7 7 8 11 2 9 5 10 10 8 8 4 4 11 5 4 10 10 8 2 9 10 8 4 4 4 5 7 7 7 10 2 6 11 4 10 8 2 6 7 7 11 11 5 4 4 5 4 4 11 5 11 4 4 4 4 4 4 5 10 10 8 7 7 7 8 7 10 10 8 7 8 11 2 7 6 4 7 4 10 7 10 8 7 7 8 10 8 4 4 1 3 4 4 4 4 11 11 5 7 8 4 4 4 4 11 5 10 10 8 7 8 1 3 4 4 4 4 4 10 8 11 11 5 4 5 4 4 10 10 8 7 7 7 7 7 8 10 11 5 5 10 7 7 7 7 7 7 7 8 7 7 7 7 11 4 11 5 4 2 3 11 11 5 4 11 5 5 11 4 11 5 2 9 7 7 7 7 7 8 4 11 11 5 4 4 5 4 1 3 4 11 4 5 10 8 4 4 4 4 10 0 9 5 5 10 10 8 7 10 8 7 8 4 10 4 5 7 10 7 7 7 7 7 11 5 2 9 4 4 5 11 4 5 11 5 4 11 5 10 10 8 2 10 6 7 10 8 7 7 8 10 10 8 7 7 7 8 10 10 8 2 4 4 4 9 5 11 11 4 5 11 5 5 4 11 11 5 2 10 6 0 6 7 7 7 7 7 7 8 7 10 10 7 8 2 6 4 4 4 4 4 4 4 11 11 5 2 9 5 4 4 10 8 7 7 7 7 10 4 8 10 1 9 4 5 8 11 7 8 7 7 7 7 7 7 10 11 5 5 4 4 4 11 5 11 2 6 7 11 11 5 4 4 4 4 5 11 2 9 11 5 4 4 5 10 8 10 10 8 7 7 7 8 4 4 4 4 4 11 4 4 5 10 10 8 0 6 10 8 8 7 7 10 10 7 7 7 8 2 7 9 10 8 7 8 7 7 10 10 8 8 4 4 4 4 11 4 10 8 8 11 1 3 5 11 11 5 4 11 5 11 5 2 4 4 4 9 5 4 10 10 8 7 7 7 0 6 7 11 5 0 9 5 4 4 4 4 4 4 4 4 4 5 11 2 10 10 8 7 7 7 7 7 7 7 7 8 10 10 8 7 7 7 7 7 8 11 11 5 5
ppo_x50_b_fd_l4_same_gamma,15,qv22_22,22,230,True,1606.0,10.438060998916626,8 8 10 6 10 8 2 9 5 10 10 8 8 10 4 2 9 5 10 10 8 10 8 8 10 4 5 10 10 7 8 8 10 10 8 8 11 5 7 10 2 9 10 8 8 10 10 8 8 10 10 8 8 11 5 0 9 7 10 8 8 11 4 5 7 7 10 2 9 10 8 8 4 4 4 4 4 4 10 7 5 7 7 7 10 8 11 4 2 3 11 11 5 4 11 5 4 4 8 11 4 4 8 11 4 4 11 5 4 4 2 3 4 10 11 5 5 4 10 10 8 7 8 10 0 3 7 7 7 7 8 4 11 4 4 4 4 5 0 9 5 7 10 10 8 10 8 8 10 10 8 10 8 7 7 7 8 11 4 4 4 5 11 2 6 10 10 4 4 5 4 4 4 4 11 5 2 9 8 4 4 10 10 8 7 7 7 7 8 4 10 10 8 7 7 7 7 7 10 8 8 11 10 8 8 4 4 10 10 8 11 8 4 7 11 8 8 10 7 7 8 10 8 11 5 4 4 4 4 4 4 11 10 8 8 11 4 5 7 10 10 8 7 7 8 7 10 8 11 11 5 4 5 11 4 4 4 4 4 4 10 8 7 7 8 10 4 10 8 7 7 7 7 7 8 10 7 5 4 4 4 4 4 4 4 4 4 4 10 11 5 4 4 4 4 5 4 10 0 9 8 0 6 7 7 7 7 7 7 8 7 10 10 8 7 7 8 11 4 11 5 2 9 5 11 11 5 5 7 10 0 6 8 7 7 7 10 10 8 2 6 4 11 5 11 11 5 4 11 5 4 4 4 4 1 9 8 8 4 4 11 5 11 4 4 4 4 4 5 7 10 7 10 8 2 10 9 5 5 11 5 0 6 7 10 10 8 0 6 7 7 8 7 7 10 7 7 8 11 11 4 5 2 10 9 5 5 7 7 7 11 10 8 8 10 10 8 8 4 11 5 11 11 4 5 4 11 5 4 4 4 11 5 4 4 5 10 7 7 8 7 7 10 8 11 4 4 4 5 4 11 11 5 5 11 5 10 4 4 11 5 5 7 10 7 8 10 8 4 10 10 8 8 7 10 8 4 4 4 4 4 10 8 7 0 6 7 7 7 10 10 8 8 4 1 9 11 5 5 10 8 10 4 11 5 4 4 4 5 11 5 4 11 7 10 4 4 5 2 10 10 6 8 10 8 7 8 7 10 8 7 7 7 7 7 10 8 4 11 4 4 4 5 10 4 4 4 10 8 0 6 7 7 7 8 1 9 8 0 6 10 10 8 7 7 7 7 8 10 10 8 8 4 1 9 8 11 4 4 11 5 11 5 2 3 4 4 4 11 4 11 5 2 9 8 10 10 8 8 4 4 4 11 4 10 8 8 10 4 4 11 5 11 5 2 3 10 10 8 8 10 10 8 7 10 8 7 7 10 8 2 6 10 7 10 8 2 3 11 11 5 2 3 4 4 4 11 11 5 2 3 10 7 7 7 10 8 7 7 7 7 8 4 10 8 4 1 3 4 4 7 4 0 6 4 4 4 11 10 8 2 6 10 0 6 2 6 11 4 10 4 5 4 1 3 4 4 4 5 11 11 5 4 2 3 7 10 7 11 5 5 4 4 4 10 10 8 8 7 7 7 7 7 10 7 7 7 7 8 7 11 10 8 8 10 7 10 7 8 2 3 4 4 4 1 3 11 4 4 4 4 11 5 4 4 2 4 9 5 4 11 5 7 0 6 10 10 8 7 8 10 7 7 8 7 7 10 10 8 8 10 10 8 2 6 7 10 10 8 8 4 4 4 4 4 1 4 3 4 11 4 5 7 10 0 6 8 10 10 8 10 8 2 9 8 4 4 10 11 5 5 4 11 11 5 5 4 11 11 5 5 11 2 6 7 7 10 7 7 7 10 8 2 10 9 5 5 4 11 5 11 11 5 4 4 10 8 8 7 10 8 7 10 7 10 8 7 10 8 8 11 10 8 2 3 4 4 4 4 4 10 11 5 5 4 4 11 11 5 4 4 5 10 11 5 5 4 4 11 5 10 10 8 2 6 10 10 8 8 7 7 11 5 4 4 10 7 10 7 8 7 7 7 7 7 7 7 7 7 7 8 4 11 4 10 8 2 9 11 5 4 4 4 4 4 1 3 4 4 5 11 5 10 10 8 7 0 6 8 7 7 10 0 6 8 4 11 11 5 5 11 4 4 4 5 4 4 11 11 5 4 5 7 11 11 5 5 0 6 7 7 7 10 11 5 7 7 7 7 7 7 8 11 4 2 9 11 5 7 7 7 8 4 11 11 5 4 4 5 4 4 11 4 5 11 10 8 2 3 10 8 10 10 8 0 6 10 8 7 7 7 7 7 7 7 7 7 10 8 7 8 4 11 4 5 4 11 5 10 10 8 4 4 5 11 5 10 8 4 4 4 10 10 8 7 7 8 7 7 7 7 10 10 8 8 4 4 4 11 5 10 10 8 8 4 10 8 1 4 3 4 11 4 4 4 8 4 11 4 4 11 5 2 3 4 4 10 4 5 10 10 8 2 9 5 7 10 10 8 8 4 4 11 5 10 10 8 8 7 7 7 7 7 7 7 10 10 8 8 1 3 4 4 4 11 4 5 4 4 4 4 4 4 10 11 5 5 4 4 10 10 8 0 9 8 7 7 7 7 7 7 8 7 10 10 8 8 1 11 4 3 4 4 5 11 5 7 10 10 8 7 8 7 10 7 7 7 10 7 8 8 4 4 4 4 10 8 4 10 7 7 7 10 8 8 10 10 8 2 4 11 5 4 11 3 5 11 11 5 4 5 11 1 3 4 5 4 4 10 11 5 2 9 5 11 11 5 5 0 7 7 6 7 7 7 7 7 7 10 11 5 5 4 10 4 4 5 10 10 8 8 10 7 7 7 7 8 4 4 11 4 8 4 4 4 4 11 5 10 10 8 7 7 7 10 8 7 7 7 8 11 10 8 8 10 11 5 5 4 4 1 3 4 4 11 4 8 0 6 11 11 5 5 4 4 4 4 4 4 11 11 5 2 3 4 11 5 10 8 7 7 10 10 8 2 3 4 1 6 1 6 10 4 4 4 5 10 10 8 7 8 7 10 8 10 8 4 4 4 4 11 10 8 2 6 4 11 5 7 7 10 10 8 7 0 6 7 7 7 7 7 7 8 4 10 10 8 7 8 7 7 11 5 10 10 8 7 8 11 4 10 8 8 11 2 3 4 11 4 4 11 5 2 6 10 8 4 4 4 4 4 11 4 4 11 5 5 11 11 5 7 7 7 8 11 2 9 11 5 4 4 4 4 4 5 10 10 8 7 7 10 5 7 7 7 7 7 7 7 7 7 7 8 10 10 8 8 7 11 2 9 11 5 4 1 3 4 5 11 2 3 7 7 7 7 10 7 7 10 8 4 2 4 4 4 11 5 4 4 3 4 11 5 11 2 11 3 4 11 5 5 4 4 11 4 5 10 10 8 2 10 10 7 8 6 7 7 7 7 8 10 10 7 7 7 2 8 11 4 3 5 4 4 11 11 5 4 4 10 8 2 11 11 5 4 3 4 4 4 4 5 11 11 5 2 10 10 7 7 7 7 7 7 7 7 7 7 7 7 7 7 7 8 7 7 8
ppo_x50_b_fd_l4_same_gamma,16,qv22_23,22,230,True,1672.0,10.459985733032227,8 6 10 5 10 5 10 8 8 7 4 7 4 7 4 7 4 7 4 7 4 10 10 4 5 11 5 7 7 2 3 10 10 8 8 1 9 8 10 10 8 8 10 10 8 8 10 4 5 4 4 11 5 4 11 11 5 5 7 7 10 8 7 10 8 10 8 10 10 8 10 8 8 11 5 7 10 10 8 8 10 10 8 8 10 4 5 4 4 11 5 7 7 10 7 7 10 8 8 4 4 10 8 11 4 10 7 8 7 10 8 8 10 10 8 8 11 5 1 3 4 4 11 11 5 4 5 11 4 4 4 11 5 4 4 4 5 7 7 7 7 10 11 5 11 5 8 11 4 4 5 10 10 8 2 6 7 7 7 7 7 10 11 5 5 11 4 10 8 7 7 7 7 8 7 11 2 6 4 7 0 6 7 10 11 4 5 4 1 3 4 5 4 4 4 11 4 4 5 10 4 4 4 11 5 4 4 2 9 8 0 10 4 8 9 10 8 7 7 7 7 7 8 7 10 7 7 7 7 8 1 9 11 5 4 4 4 4 4 5 10 0 6 8 11 5 4 10 8 4 4 4 4 11 11 5 5 7 10 11 5 5 4 4 10 10 8 7 7 8 7 7 7 7 7 10 7 8 7 7 10 10 8 4 4 4 4 5 7 7 11 10 8 8 7 10 10 7 7 1 3 7 4 7 4 8 7 10 8 8 11 4 4 5 4 4 4 4 4 4 4 4 4 4 10 10 8 2 6 7 7 7 7 11 11 5 4 5 11 11 5 4 4 5 10 7 7 8 10 7 7 7 7 8 10 7 8 0 6 4 7 4 4 11 11 5 5 4 4 4 1 3 1 3 4 4 4 4 4 10 10 8 7 7 0 6 7 7 7 7 8 11 4 4 4 4 5 4 4 4 10 5 10 7 11 5 4 4 5 10 8 10 10 8 4 5 10 10 7 8 7 10 8 8 7 11 2 6 7 7 10 7 7 7 7 10 8 2 3 4 11 10 8 2 6 4 10 7 7 7 10 8 8 4 4 11 4 4 4 4 4 5 10 8 4 4 4 4 11 5 10 10 8 8 11 5 4 11 5 7 7 7 7 7 7 7 7 7 10 8 4 4 4 4 10 11 5 5 11 5 4 4 11 5 7 7 10 7 7 7 7 7 10 8 8 4 1 9 10 8 2 3 1 9 8 1 3 4 4 4 4 4 4 4 4 4 4 11 4 10 8 2 10 9 8 8 11 11 5 5 4 4 10 0 9 8 7 7 7 7 7 7 7 7 7 7 7 8 10 8 10 2 7 10 10 8 8 4 4 4 4 3 4 4 11 5 4 4 4 4 4 4 0 11 9 5 5 10 8 7 10 10 8 7 7 7 7 8 4 7 4 7 10 8 11 11 5 2 3 4 4 10 8 10 0 6 7 7 8 11 11 2 6 7 7 7 7 7 8 4 4 4 4 4 11 4 5 4 11 4 4 4 5 11 11 5 4 4 4 4 4 5 7 7 7 7 0 6 7 7 7 10 7 7 7 7 5 7 7 7 4 7 10 8 11 11 5 5 11 11 5 4 4 5 10 8 7 7 7 10 8 11 11 5 4 8 11 11 5 11 5 2 4 11 3 11 5 5 4 4 4 11 5 11 11 5 2 9 5 7 7 10 8 4 4 11 5 4 10 10 8 7 7 7 7 7 7 8 10 10 8 8 10 4 4 5 10 7 7 7 10 8 7 7 8 10 10 8 8 10 8 11 11 5 2 4 4 4 4 4 4 3 4 4 4 4 11 5 4 11 2 9 11 5 7 8 4 4 11 4 5 10 7 11 5 2 10 9 5 5 10 0 6 8 10 10 8 7 10 8 8 7 0 6 7 7 10 11 5 2 6 10 7 7 7 7 7 7 7 8 11 5 4 10 8 11 7 8 10 10 8 4 4 4 2 3 4 11 4 4 5 1 9 11 5 4 4 4 11 5 4 2 9 10 8 8 7 7 10 10 8 4 5 11 4 2 3 10 8 4 4 10 11 5 5 10 11 5 5 4 4 11 5 7 10 8 7 7 7 7 7 7 7 7 7 11 11 5 2 3 4 10 10 8 7 10 8 8 7 11 1 9 5 4 10 8 7 7 8 11 4 2 4 3 11 4 4 5 4 4 4 4 11 5 4 11 5 10 10 8 2 6 7 7 7 7 10 7 8 10 7 8 11 11 5 11 5 4 2 9 10 8 8 11 5 7 10 8 10 7 10 8 4 4 4 4 4 5 4 4 4 10 11 5 5 4 4 11 4 5 10 7 7 11 5 5 7 11 5 10 8 7 10 10 8 7 8 4 10 4 8 10 10 8 8 7 7 7 7 7 7 10 10 8 7 7 7 8 4 10 8 11 11 5 4 4 5 10 10 8 8 1 9 11 5 2 9 11 5 4 4 11 5 4 4 4 4 1 3 4 4 5 4 11 5 7 0 9 10 8 8 7 7 0 6 7 7 7 10 8 1 6 11 4 4 5 4 4 4 11 5 10 10 8 8 11 10 8 8 10 10 8 7 7 7 7 7 7 7 7 8 11 4 4 4 4 5 10 10 8 7 7 7 7 7 8 11 5 1 9 10 8 8 4 11 11 5 7 8 4 11 11 5 5 7 11 7 7 8 4 4 1 3 1 3 11 11 5 7 8 4 11 11 5 11 5 2 9 8 4 7 4 11 4 4 11 4 5 11 5 2 6 7 7 7 7 10 4 10 8 8 4 10 10 8 7 7 8 7 7 10 10 8 8 4 11 5 11 5 4 4 4 4 4 4 4 4 11 5 11 5 7 11 10 8 8 7 10 8 11 11 4 8 7 7 7 7 7 7 8 10 7 8 4 4 11 11 5 4 4 5 4 4 4 4 4 4 4 4 10 11 5 5 7 11 5 10 10 8 8 7 11 5 0 9 5 10 10 4 5 4 8 7 10 4 10 8 7 8 7 10 7 7 7 7 7 7 7 7 7 7 7 7 8 4 4 11 11 5 2 6 7 10 8 4 10 10 8 5 11 2 3 4 4 4 4 4 4 1 3 10 10 8 8 7 7 10 8 7 7 7 7 7 11 11 5 4 1 3 1 3 4 4 4 4 4 4 4 4 4 4 4 5 11 4 4 5 7 0 9 11 5 5 0 6 7 10 10 8 7 8 4 4 4 11 5 7 7 0 6 7 10 8 10 8 4 4 4 4 4 4 10 11 5 5 0 9 5 7 10 10 8 7 8 7 0 6 7 10 10 8 8 7 10 7 8 7 7 7 10 10 8 4 4 1 8 11 3 11 5 4 4 4 4 4 4 4 5 11 11 5 4 4 2 3 1 10 9 5 5 10 10 4 7 4 7 4 7 2 6 7 7 8 4 4 11 5 7 10 10 7 8 7 7 7 7 8 1 3 4 11 4 5 10 10 8 8 7 7 7 7 7 7 7 7 7 7 10 8 4 11 11 5 2 3 4 4 10 8 11 11 5 11 5 4 4 4 5 4 10 2 10 9 8 7 8 10 8 7 10 8 10 10 8 8 10 11 5 5 11 11 4 4 5 4 4 4 4 4 4 5 4 4 11 4 5 10 10 8 8 4 11 11 5 2 10 6 10 7 8 7 7 7 7 7 7 10 8 8 11 4 4 5 10 7 7 10 8 8 11 4 4 5 10 10 7 8 7 8 11 8 4 10 10 8 7 7 7 8 10 10 7 8 8 11 5 10 10 8 2 4 4 4 4 11 11 5 4 4 4 4 5 4 4 11 11 5 4 4 4 4 5
ppo_x50_b_fd_l4_same_gamma,17,qv22_24,22,232,True,1685.0,10.60843563079834,6 8 10 5 2 9 10 8 8 10 10 4 5 5 10 10 8 10 8 8 10 10 8 8 10 10 8 8 11 5 7 10 10 8 8 10 4 4 4 4 5 4 4 4 4 10 7 5 11 11 5 5 10 8 7 10 10 8 0 6 8 7 7 7 10 10 7 8 8 10 10 8 8 10 10 8 8 11 5 10 10 8 2 9 4 5 7 10 10 8 8 4 4 4 4 11 4 5 4 4 11 4 4 5 10 10 8 8 10 11 5 5 4 4 4 11 5 7 10 10 7 8 7 7 7 7 7 8 10 7 7 8 7 7 10 10 8 8 4 4 4 4 11 5 11 4 4 4 4 5 1 9 5 11 11 5 2 3 10 8 10 10 7 8 7 7 8 7 10 7 7 7 8 11 4 11 5 2 9 5 4 11 11 5 5 10 7 0 9 8 8 10 10 7 8 2 4 3 11 5 11 11 5 4 4 5 10 10 8 8 7 11 4 4 4 4 4 11 5 4 5 10 4 8 4 4 4 11 11 5 5 10 11 5 2 6 7 7 7 7 7 7 10 10 8 8 4 4 11 2 9 10 8 8 7 10 10 8 7 7 7 7 7 7 8 11 5 4 4 11 10 8 8 11 5 4 4 4 4 4 4 4 4 4 4 4 0 9 5 10 10 8 7 7 11 5 2 3 10 10 8 8 7 7 7 7 10 10 8 0 6 7 7 7 7 7 8 10 10 8 2 3 11 11 5 5 7 1 3 11 4 4 5 11 4 5 4 11 10 8 2 9 10 8 7 7 7 8 10 8 11 5 4 4 4 10 8 4 10 10 8 4 4 4 4 7 4 7 4 4 4 4 4 5 10 2 6 7 10 10 8 7 7 8 7 4 7 4 7 4 7 1 3 11 10 8 2 6 10 7 7 7 7 10 8 8 4 4 4 4 11 2 3 4 4 1 3 4 4 4 4 11 5 11 4 11 5 4 4 4 5 7 0 9 11 5 5 7 7 11 5 10 10 8 7 7 7 8 10 10 8 4 4 5 4 10 11 5 5 10 11 5 5 10 10 7 7 7 8 7 7 10 8 7 8 10 8 4 11 11 5 2 10 9 8 5 4 10 10 8 7 7 7 8 11 4 4 4 4 5 4 10 8 7 7 10 10 8 7 7 8 7 10 7 8 4 4 10 7 11 5 4 5 10 7 8 4 11 7 7 11 5 4 8 4 7 4 7 4 7 4 7 4 7 11 4 4 4 10 8 7 8 4 7 4 1 3 4 4 11 10 8 4 5 4 4 4 11 11 5 5 4 4 4 4 11 5 7 7 7 7 7 10 7 7 8 11 4 5 11 11 5 5 4 10 8 7 7 10 8 7 7 7 7 10 0 6 8 10 10 7 7 7 8 10 8 2 4 6 4 4 4 4 4 4 4 11 5 1 3 4 4 11 5 10 10 8 8 4 4 4 11 5 11 4 5 4 4 10 10 8 0 9 8 7 7 7 7 7 7 7 7 7 7 10 8 2 6 7 10 8 4 10 10 8 7 7 8 1 11 3 5 11 11 5 1 3 4 4 1 3 4 4 4 4 4 4 4 4 4 4 4 5 10 11 5 2 6 10 7 10 8 7 7 7 7 11 5 2 4 3 4 11 5 10 10 8 10 8 0 6 0 6 7 7 7 10 8 8 11 2 3 10 7 7 10 8 7 8 11 4 4 4 5 10 7 7 7 7 8 1 4 3 4 4 11 4 4 4 4 4 4 4 5 4 11 5 7 7 10 10 8 10 8 7 7 7 8 11 2 9 10 7 8 4 4 5 7 10 7 8 10 10 8 7 8 11 10 8 7 8 4 10 10 8 8 4 11 4 4 5 4 4 4 11 11 5 4 4 4 5 11 10 8 2 3 11 4 5 10 10 8 8 10 10 8 0 6 7 7 7 7 7 7 7 7 8 11 1 3 4 5 4 11 5 4 4 4 4 4 4 4 4 11 5 11 11 5 11 5 2 9 8 10 8 10 8 10 10 8 2 9 11 5 2 6 11 0 6 8 10 0 6 8 11 11 5 5 11 11 5 4 5 10 10 7 8 7 7 7 7 0 6 7 7 10 8 7 7 10 8 8 10 7 8 4 11 11 5 5 10 11 5 2 3 4 10 10 8 7 7 5 10 10 2 8 9 10 8 8 4 4 4 4 10 8 11 1 9 8 7 11 8 4 1 9 5 4 4 4 4 5 7 7 10 2 9 10 8 4 5 4 4 4 11 8 11 8 11 8 11 8 11 8 4 10 8 11 11 5 2 9 5 10 7 7 10 8 7 7 7 7 7 7 7 8 11 8 11 4 5 11 2 6 10 8 4 4 11 10 8 4 11 5 4 4 4 4 4 4 4 4 4 4 10 8 4 2 6 1 6 11 4 5 11 11 5 2 3 7 7 7 10 10 8 7 7 7 7 7 7 10 8 2 6 7 7 7 7 10 7 7 8 11 5 4 11 1 9 5 5 4 11 4 5 4 4 4 4 4 11 4 4 4 4 4 5 0 9 7 10 4 4 5 5 10 8 10 10 8 10 8 7 7 7 8 0 6 11 5 10 10 8 8 7 7 10 10 8 8 7 7 4 7 10 10 8 8 4 4 1 4 3 4 11 11 5 5 4 4 10 10 8 0 6 7 8 4 11 11 5 4 4 4 4 4 5 4 10 4 2 6 10 10 8 8 7 10 8 7 10 10 8 7 8 7 10 10 7 8 5 10 7 10 8 2 9 1 3 5 4 4 4 11 11 5 11 5 2 6 7 7 11 11 5 4 5 4 1 3 4 4 11 11 5 7 7 7 8 10 8 0 6 11 5 10 10 8 8 10 0 6 10 8 7 8 11 4 4 10 8 8 4 10 7 11 0 5 3 4 11 5 11 5 4 4 4 4 4 5 4 4 4 10 2 10 10 6 8 8 7 7 10 10 8 7 7 7 7 7 7 7 7 7 7 8 10 10 8 4 2 4 9 5 11 5 11 5 7 11 11 5 4 4 4 4 4 4 4 11 5 4 11 5 2 6 4 4 11 10 8 2 7 7 6 10 11 5 7 8 7 7 10 10 8 7 7 7 7 7 7 10 8 2 10 6 8 11 11 5 5 4 4 4 4 4 4 11 5 7 7 7 7 10 8 7 11 11 5 5 11 11 5 4 11 5 11 5 5 4 10 0 9 8 7 7 7 7 7 7 7 7 8 4 4 4 11 2 11 9 8 8 11 4 5 11 4 11 5 2 3 11 11 5 4 4 4 4 5 11 11 5 4 4 5 7 7 10 8 7 10 8 7 11 11 5 4 4 5 10 2 9 5 7 7 7 0 6 10 10 8 4 5 10 7 8 7 7 7 7 7 7 7 7 10 8 10 10 8 8 4 4 4 4 4 4 4 4 4 11 2 9 11 5 2 3 4 11 11 5 5 4 4 4 4 11 10 8 2 3 4 10 10 8 7 7 7 8 4 10 2 6 7 7 10 10 7 8 10 8 2 9 7 8 4 4 11 11 5 2 6 7 10 11 5 2 6 11 10 8 7 8 10 7 10 8 2 9 10 8 8 7 11 4 8 1 3 4 4 4 10 11 5 5 10 11 5 4 4 5 11 11 5 5 11 11 5 4 4 5 10 10 8 8 7 7 7 7 11 10 8 8 7 10 0 6 8 11 11 5 5 7 7 7 7 7 7 10 10 8 8 10 10 2 8 4 4 4 4 11 11 5 4 4 4 4 4 3 5 4 4 4 4 4 4 11 11 5 2 3 10 10 7 7 7 7 7 7 7 7 7 7 7 2 8
ppo_x50_b_fd_l4_same_gamma,18,qv22_25,22,237,True,1740.0,10.988889694213867,8 6 10 8 8 4 10 10 8 4 2 10 9 5 10 5 5 10 10 8 10 8 8 10 4 5 0 6 10 10 8 8 10 10 8 8 11 4 8 11 4 1 3 5 10 8 0 6 4 4 4 0 10 9 5 5 0 6 7 7 7 7 10 10 8 8 10 10 8 8 10 10 8 8 10 10 8 8 11 1 3 4 4 4 8 4 11 4 4 5 7 10 10 8 2 6 10 10 8 8 11 4 4 4 4 5 4 4 4 4 10 11 5 5 10 10 7 8 8 10 8 7 7 7 10 10 8 4 5 10 8 10 10 8 8 7 7 7 10 10 8 8 4 4 4 10 8 11 2 6 11 10 8 8 7 10 10 8 8 4 4 4 4 11 11 5 5 4 10 10 8 8 1 11 9 8 8 7 11 11 5 5 4 4 4 4 4 4 11 5 4 10 10 8 8 7 7 7 11 5 10 4 11 5 4 4 11 5 4 4 4 11 5 4 2 6 7 11 11 5 2 7 6 10 7 7 7 7 11 5 2 6 7 10 10 8 7 7 7 7 7 7 7 10 8 7 8 4 1 4 3 4 4 4 11 11 5 4 2 3 4 11 4 2 9 10 8 8 11 5 11 5 7 11 11 8 11 4 5 0 6 7 0 6 10 8 10 8 10 8 8 4 11 5 4 10 11 5 5 10 10 7 8 7 10 8 8 10 7 7 10 8 2 9 8 10 4 4 5 4 4 11 11 5 4 4 2 10 7 6 7 7 7 8 11 10 7 5 2 6 7 10 10 8 8 10 11 8 10 5 10 8 5 11 5 4 1 3 4 11 5 7 11 11 5 4 4 4 4 4 4 4 4 5 4 4 11 11 5 5 7 7 7 7 7 7 7 7 10 7 0 6 7 7 7 7 7 7 7 8 10 8 11 5 4 4 10 8 10 8 11 11 5 11 5 5 11 2 9 10 8 0 6 7 0 6 8 1 3 4 4 11 11 5 7 8 11 11 5 4 11 4 5 4 11 4 8 5 11 11 5 5 10 7 7 8 10 7 7 8 11 4 11 4 5 2 6 4 4 11 11 5 4 4 4 4 5 7 0 6 7 7 7 7 7 7 7 7 10 11 5 5 4 10 8 0 9 10 8 7 7 7 7 8 1 3 11 4 4 5 4 11 1 4 3 4 5 4 4 4 11 11 5 4 4 11 5 2 9 11 5 7 8 10 4 5 7 10 10 8 8 7 7 7 7 7 7 10 8 10 4 10 8 8 7 10 8 11 10 7 7 8 8 1 3 4 4 4 4 4 11 11 5 4 2 3 10 11 5 4 2 9 10 8 8 7 7 7 7 11 11 5 4 4 4 4 5 10 2 9 10 8 7 8 4 4 4 10 11 5 5 10 8 10 8 4 4 4 4 4 11 11 5 7 8 7 11 2 3 10 8 0 6 7 7 10 10 8 7 10 8 8 10 2 9 10 8 7 10 8 8 4 4 4 11 4 5 4 11 4 4 2 6 10 10 8 8 10 10 8 10 8 8 10 7 10 8 0 6 7 7 8 10 10 8 8 1 9 10 8 8 11 4 5 4 4 4 11 5 4 11 11 5 7 8 11 4 4 11 5 0 7 6 7 7 7 8 10 10 8 7 7 7 8 11 4 4 1 8 9 10 8 4 5 4 1 9 5 7 7 10 8 4 11 5 4 4 4 11 11 5 4 2 4 3 4 11 4 5 4 4 10 10 8 7 7 7 7 8 11 11 5 5 7 10 7 7 8 4 4 10 10 8 7 8 11 5 10 0 6 4 11 5 4 4 4 11 5 4 10 8 2 11 9 8 8 11 4 8 4 4 4 4 4 11 4 10 8 8 7 7 7 10 10 8 8 7 7 11 5 10 0 6 7 7 5 7 7 10 10 8 7 7 7 7 7 10 8 2 4 11 9 8 8 11 11 5 1 3 4 4 5 4 4 4 4 4 4 4 4 4 11 4 4 5 7 7 11 0 9 8 8 10 8 4 4 4 10 11 5 5 11 11 5 2 7 7 6 10 10 8 8 10 10 8 7 7 7 7 7 7 0 6 7 8 7 11 5 4 11 11 5 1 3 5 4 11 4 5 4 4 4 11 11 5 2 3 7 7 10 7 7 7 7 7 7 7 7 7 7 7 7 8 11 11 5 4 2 4 3 4 4 4 4 11 4 4 5 4 10 10 8 7 8 0 6 7 11 4 4 8 11 4 4 11 5 5 4 4 11 5 10 8 7 10 0 6 8 10 10 8 10 8 7 7 10 8 8 7 7 11 11 5 4 5 10 7 8 10 10 8 8 10 10 8 8 11 8 7 10 8 11 5 4 4 4 4 4 4 4 4 4 10 8 11 0 6 7 7 7 0 6 7 8 11 4 4 11 5 4 1 3 4 4 11 5 4 4 11 5 5 4 4 10 11 5 2 6 10 8 4 4 7 4 7 10 8 7 7 11 11 5 4 5 4 11 5 7 10 8 7 7 7 7 7 7 11 5 11 5 7 7 7 7 7 11 4 5 4 4 4 4 10 11 5 5 4 4 4 10 11 5 5 10 10 8 8 10 10 8 7 7 7 7 7 8 4 4 11 4 4 4 5 7 7 10 10 8 8 4 4 11 5 4 7 4 7 4 7 4 7 4 7 4 10 10 8 7 10 8 7 7 7 7 7 7 8 7 7 10 7 10 7 8 2 6 4 4 4 4 4 4 4 4 4 11 11 5 2 6 7 7 10 7 8 4 11 4 1 3 4 4 4 5 10 8 4 11 4 5 4 4 10 10 8 7 7 7 7 7 8 4 11 4 4 4 2 3 11 4 4 5 7 7 0 6 10 10 8 0 6 7 10 8 8 11 5 11 11 5 7 7 8 10 2 9 10 8 8 10 7 7 8 4 4 4 10 10 8 7 7 8 4 10 10 8 7 8 4 11 10 8 8 11 4 11 7 8 4 1 4 3 4 4 4 4 5 10 7 10 8 7 7 8 11 4 10 8 7 7 7 7 7 8 11 4 4 4 4 2 4 3 1 4 4 4 3 4 11 4 4 4 4 5 10 10 4 5 8 10 4 8 10 10 4 5 8 10 10 8 10 8 10 8 7 7 7 7 7 8 11 4 4 4 4 4 5 10 11 5 2 9 10 8 7 10 8 8 4 4 4 4 11 5 4 4 4 4 10 0 9 5 5 10 10 8 7 7 7 7 0 6 7 7 7 7 7 10 8 8 10 7 7 8 4 4 11 11 5 4 4 5 10 7 0 6 7 8 10 10 8 7 7 8 10 10 8 4 4 2 4 3 4 4 4 11 5 4 4 4 4 4 4 10 2 9 11 5 4 4 5 4 0 6 10 7 7 8 11 11 5 2 3 11 5 4 4 10 11 5 5 10 10 7 8 7 7 8 10 10 7 8 7 10 8 7 7 7 8 11 2 4 4 6 4 4 4 4 4 4 11 5 10 10 8 2 3 4 4 11 5 7 10 10 8 7 7 7 10 8 2 3 4 11 5 7 7 7 10 10 8 7 7 7 8 10 10 8 1 3 5 4 11 11 5 5 10 11 5 4 4 11 4 4 5 11 5 2 9 8 10 10 8 2 6 10 10 8 7 7 10 8 7 7 10 8 7 7 7 7 8 1 7 9 11 5 2 9 11 5 5 4 1 9 5 4 10 10 8 7 7 7 8 4 11 11 5 5 4 4 11 4 4 11 5 2 7 7 6 0 6 7 7 11 10 8 8 4 4 11 5 10 10 2 8 7 7 9 10 8 8 4 11 4 5 7 11 11 5 4 4 1 3 4 5 4 4 4 4 4 4 4 11 4 5 10 10 8 2 9 10 8 8 4 4 11 11 5 5 10 10 4 0 4 5 4 10 8 7 7 7 7 6 7 7 7 7 7 7 7 8 7 7 7 10 7 7 10 2 8
ppo_x50_b_fd_l4_same_gamma,19,qv22_26,22,230,True,1644.0,10.52394962310791,8 8 6 10 10 8 2 9 5 10 10 8 8 0 9 5 10 10 8 8 10 10 8 8 10 4 5 4 11 5 7 10 10 8 7 10 8 8 4 11 5 10 7 7 10 8 8 10 10 8 8 10 4 5 4 4 10 4 4 4 4 4 4 5 4 4 10 10 8 7 7 7 8 4 11 5 11 8 11 5 7 0 6 7 7 10 10 8 7 7 8 11 11 5 5 11 2 10 9 5 5 10 10 0 6 7 7 7 8 8 10 10 8 8 10 7 5 11 11 5 5 7 10 10 8 8 4 4 4 10 8 10 7 7 5 11 11 5 4 4 5 4 4 4 4 4 4 4 4 4 4 11 4 4 4 5 7 11 5 4 10 10 8 7 7 7 10 8 8 4 10 2 9 10 8 7 8 10 8 1 3 10 1 3 4 4 4 4 5 10 11 5 7 8 7 7 7 7 10 10 8 7 7 8 4 4 4 11 5 4 10 4 11 5 4 4 4 5 4 10 11 5 5 10 7 7 7 7 7 7 7 7 7 8 4 4 4 11 5 7 7 10 10 8 7 7 7 7 7 7 7 8 10 10 8 2 3 1 3 11 11 5 5 4 10 8 7 7 7 10 8 4 4 1 3 4 11 11 5 5 11 4 4 4 4 4 4 4 4 5 4 10 11 5 5 7 10 10 8 2 6 10 11 5 5 10 10 8 7 7 7 7 7 7 7 5 10 10 8 7 7 7 8 11 1 9 8 8 10 4 4 5 11 11 5 2 11 9 8 8 11 10 8 10 5 10 5 10 5 10 5 10 5 7 5 4 4 4 4 4 4 4 4 4 4 4 4 4 10 10 8 8 10 11 5 2 6 7 7 7 7 7 7 7 7 7 11 5 10 10 8 8 7 10 10 8 2 6 4 4 1 3 11 4 4 5 11 10 8 2 6 7 10 7 7 8 11 11 5 5 4 4 4 4 4 4 4 11 5 7 7 10 4 10 8 8 10 8 7 7 7 7 7 7 11 10 8 8 10 10 8 8 4 4 4 4 4 4 4 4 4 4 4 11 4 8 4 4 10 10 8 7 8 7 10 7 7 7 7 8 11 11 5 4 4 4 4 4 4 5 7 10 7 7 7 7 7 8 11 4 4 4 11 5 5 7 10 8 4 4 4 11 11 5 4 5 11 10 8 2 3 4 11 11 5 5 10 11 5 5 10 7 8 7 7 11 5 10 7 8 4 10 0 6 7 7 8 11 5 7 7 7 7 7 10 10 7 8 2 6 11 10 7 7 7 7 8 4 4 4 2 4 4 4 4 4 3 1 3 4 4 11 5 4 4 11 11 5 4 5 11 11 5 2 6 10 11 5 5 0 6 7 7 7 7 10 8 7 10 10 8 7 5 10 7 10 8 2 6 7 7 7 7 7 10 8 11 5 1 3 4 4 4 4 4 4 4 4 10 4 4 5 10 10 8 8 10 10 8 2 9 7 11 5 4 4 10 8 2 10 9 5 5 4 4 11 11 5 4 4 5 7 7 7 7 7 7 7 7 7 11 5 4 10 11 5 5 10 2 3 10 4 4 4 5 10 8 7 7 7 10 10 8 7 7 7 7 8 7 10 8 11 11 4 5 5 4 10 10 8 2 10 6 4 4 11 5 5 4 4 4 4 11 5 4 4 4 4 11 11 5 4 4 2 6 7 7 7 7 7 7 7 7 7 7 7 7 11 10 8 8 7 10 7 7 7 10 8 8 4 4 4 4 4 4 4 4 11 2 3 10 11 5 5 4 4 4 11 4 5 11 2 3 4 11 5 4 10 10 8 7 7 7 7 7 7 7 10 7 7 8 8 11 4 5 10 8 11 11 5 4 4 5 7 10 7 8 7 7 7 7 7 7 7 10 8 11 11 5 5 11 4 4 4 4 4 4 4 10 8 7 8 11 2 11 4 3 4 5 4 11 5 0 6 0 6 10 10 8 10 8 5 10 10 8 7 8 4 10 10 8 8 11 2 4 3 11 11 5 2 6 10 10 8 8 4 11 11 5 8 11 4 4 4 4 10 8 2 6 7 7 7 7 11 10 8 8 4 11 11 5 4 4 5 11 7 7 10 8 7 8 7 10 10 8 7 8 7 7 10 8 10 8 4 1 3 4 11 5 10 11 5 11 5 4 2 4 3 4 4 11 11 5 4 4 4 5 4 11 2 9 11 5 7 7 7 8 4 4 11 4 5 7 10 10 8 8 7 7 7 10 11 5 7 8 4 4 4 4 4 1 3 11 5 10 1 9 5 8 4 10 10 8 7 7 7 8 7 7 7 11 4 4 5 7 10 7 10 8 8 11 4 5 11 4 4 1 3 11 5 5 10 8 7 7 7 10 8 10 10 8 7 7 10 8 7 7 7 5 7 10 10 8 8 4 4 11 5 4 4 4 4 4 4 11 4 4 4 4 5 10 8 7 7 11 5 10 10 8 7 7 7 7 7 7 7 7 8 4 10 2 6 11 11 5 2 6 10 8 7 7 10 10 8 8 4 4 4 4 4 4 4 11 5 4 4 11 4 4 4 4 5 4 4 10 11 5 5 10 10 2 6 10 8 7 7 7 8 7 10 10 8 7 7 7 8 10 10 7 7 7 8 1 3 4 4 4 4 4 4 4 4 4 5 4 1 4 9 5 4 4 10 11 5 5 11 11 5 2 7 7 6 7 10 10 8 7 0 6 7 7 8 4 4 4 11 5 7 10 4 5 4 10 11 5 5 10 10 8 4 5 10 7 7 7 10 8 7 7 7 10 8 8 7 7 4 7 7 1 9 8 11 4 5 10 10 8 2 3 4 4 4 11 5 4 10 10 8 8 10 11 5 2 3 4 4 11 4 5 11 11 5 2 7 6 7 7 0 6 7 7 10 7 10 8 7 8 10 7 5 10 7 5 11 10 8 8 4 4 4 1 6 10 8 1 3 4 4 4 10 10 8 2 3 4 4 4 4 4 4 4 10 11 5 4 5 10 8 10 7 8 4 10 11 5 5 11 8 10 11 5 4 4 4 5 7 11 11 5 8 7 4 7 4 7 11 7 8 7 7 7 7 7 7 10 8 0 6 7 7 1 4 3 11 5 10 10 8 8 4 11 4 4 5 11 10 4 5 4 4 4 4 4 5 7 10 8 7 10 11 5 7 8 10 10 8 7 7 7 7 10 8 8 10 10 8 7 7 7 7 7 8 4 4 4 11 1 3 5 10 10 7 8 5 11 5 7 10 10 8 8 4 4 11 2 3 11 7 5 11 7 5 11 7 5 11 7 11 5 5 4 4 11 4 8 4 4 11 5 4 4 11 5 4 11 4 4 11 5 4 2 6 7 10 10 8 8 7 7 7 7 7 7 10 7 10 8 8 7 7 10 10 8 7 7 7 8 4 4 11 11 5 2 4 3 4 4 4 11 5 11 2 9 11 5 5 7 11 4 4 4 5 10 10 8 7 8 7 7 10 10 8 8 11 4 4 4 4 5 11 2 3 4 4 10 10 8 7 7 7 8 11 4 5 10 10 8 7 7 7 0 9 8 7 7 8 10 7 7 7 10 7 5 2 11 9 5 11 5 4 5 4 4 4 4 4 4 4 10 8 11 11 5 4 4 4 4 4 4 5 4 0 6 7 7 7 7 7 7 7 7 7 7 7 7 7 11 10 2 7 7 8 11 4 4 5 10 10 8 8 10 10 8 8
ppo_x50_b_fd_l4_same_gamma,20,qv22_27,22,233,True,1654.0,10.646759510040283,8 8 9 10 8 8 10 11 5 4 0 5 6 10 10 8 10 8 8 10 4 5 7 10 10 8 8 10 10 8 8 10 4 5 11 4 5 10 8 7 10 10 8 10 8 8 10 10 8 8 11 5 4 4 1 3 4 11 5 4 4 4 10 8 0 6 7 7 0 6 10 10 8 7 7 7 10 8 8 10 10 8 8 11 5 1 9 11 5 4 4 4 5 11 7 7 10 8 8 11 5 4 11 4 5 4 11 11 5 2 9 4 4 4 5 0 3 10 5 0 6 7 7 0 11 3 5 4 4 4 11 10 8 4 5 10 7 0 9 5 4 5 10 7 10 8 7 7 7 7 7 0 6 7 7 7 7 8 10 7 7 10 7 8 5 4 4 4 11 2 9 10 8 4 4 4 5 4 11 4 2 9 10 8 8 4 4 11 4 4 4 4 5 4 4 10 11 5 5 10 10 7 7 8 7 10 8 8 10 10 0 6 8 8 4 11 2 3 4 4 4 4 4 10 11 5 5 10 10 7 8 7 10 7 8 7 7 7 7 10 8 7 8 4 10 11 5 5 7 7 7 7 10 7 7 10 8 8 4 4 1 9 5 4 11 11 5 2 11 4 5 3 11 5 10 10 7 8 7 7 8 11 4 4 10 8 8 10 8 4 4 11 2 9 11 5 4 4 5 11 4 4 4 5 0 6 7 7 10 7 7 7 7 5 7 10 10 8 2 9 10 8 7 7 8 4 4 11 5 4 4 11 5 4 11 11 5 11 5 8 11 4 11 5 2 6 10 0 6 7 7 7 8 10 8 10 8 7 11 11 7 7 8 8 1 6 1 6 1 6 4 4 11 4 4 5 10 7 7 8 4 4 10 8 7 7 0 6 7 11 10 4 4 8 5 4 11 1 11 5 4 4 3 11 5 5 11 11 5 4 5 10 7 11 5 4 4 4 5 4 11 5 4 10 10 8 7 7 7 8 7 0 6 7 10 7 7 7 8 10 10 8 2 6 7 10 7 8 10 10 8 8 1 9 8 11 11 5 4 11 5 5 10 8 11 4 11 5 4 4 4 4 5 4 4 11 11 5 4 5 11 2 11 3 5 11 5 7 7 10 8 7 7 7 10 10 8 8 11 11 8 5 10 7 10 8 2 7 9 7 8 4 11 11 5 4 4 4 5 1 3 4 4 4 11 5 7 0 6 7 10 8 7 7 0 6 7 7 11 5 10 10 8 8 10 4 1 3 4 4 4 5 4 4 11 11 5 4 5 4 4 10 10 5 2 10 9 8 8 7 11 5 0 6 7 7 10 0 9 5 7 8 11 4 5 10 10 8 7 7 7 7 7 7 8 7 10 7 7 7 8 1 3 4 4 11 4 11 5 4 4 4 4 4 4 4 8 10 10 8 10 8 2 6 7 10 7 7 8 4 4 4 4 4 4 4 11 4 5 7 10 10 8 8 7 10 10 8 7 7 10 8 7 7 5 7 11 4 4 4 5 10 10 8 7 7 7 8 11 4 4 5 4 1 3 4 4 11 5 10 10 4 4 5 10 5 4 4 11 5 4 4 4 5 10 8 7 7 10 8 10 8 4 11 11 5 2 6 7 7 7 7 7 7 10 11 5 5 10 7 8 10 10 8 10 8 7 8 10 10 8 7 8 10 10 8 8 4 1 3 1 3 4 11 11 8 10 8 2 4 3 10 4 5 10 10 8 2 3 10 4 5 10 10 8 2 6 7 11 11 5 4 4 11 5 2 6 0 6 4 7 11 5 4 4 4 4 4 4 4 4 4 11 4 4 5 0 6 10 10 8 8 7 7 11 5 10 10 8 7 7 7 7 7 7 5 10 7 7 7 7 7 8 10 8 11 11 5 2 4 4 3 4 4 4 4 4 4 4 4 4 4 4 11 5 4 10 10 8 8 7 7 7 11 2 9 10 8 7 8 4 4 4 4 4 4 10 11 5 2 9 11 5 5 10 7 8 10 11 5 5 10 10 8 10 8 7 7 8 7 7 7 10 8 11 10 8 2 3 4 4 4 4 4 4 4 10 11 5 5 10 10 0 6 0 6 8 7 7 0 6 7 7 7 8 10 7 10 8 7 7 7 7 8 4 4 4 11 4 4 4 4 5 7 7 10 7 8 4 10 10 7 8 2 9 8 11 4 4 5 4 4 11 4 4 11 5 2 9 7 7 7 7 7 7 7 8 10 10 8 7 8 11 11 5 4 4 4 4 11 5 5 7 7 10 7 7 8 11 4 11 5 4 11 5 4 4 4 5 4 11 4 5 10 11 5 2 6 10 10 8 8 11 4 5 11 5 10 10 8 10 8 10 8 7 7 7 7 7 8 11 11 5 2 9 11 5 4 5 7 7 10 0 6 7 7 8 11 11 5 5 4 4 11 4 5 4 11 5 4 4 4 11 4 4 5 4 4 10 10 8 7 7 10 8 8 4 0 9 5 10 10 8 7 7 7 8 7 7 11 5 11 4 5 10 10 8 7 7 7 7 7 7 7 7 8 4 11 5 11 4 10 7 5 2 9 4 11 5 4 4 5 11 4 4 4 4 4 4 4 4 5 0 6 7 10 0 6 7 8 10 7 10 8 2 9 10 8 10 8 7 7 7 7 7 8 4 11 5 4 4 11 5 4 4 4 4 4 4 4 11 11 5 5 10 5 10 5 7 10 11 5 7 8 4 4 11 11 5 5 10 10 8 7 10 8 10 8 10 8 7 7 7 7 7 7 8 4 4 11 4 10 8 8 11 11 0 6 4 5 4 4 4 4 5 4 4 10 11 5 5 10 10 7 8 10 7 8 0 6 7 7 7 7 7 10 7 8 7 7 7 7 8 4 11 4 4 4 5 7 11 2 9 10 8 7 8 4 4 4 4 11 5 11 4 11 5 2 6 4 10 10 8 0 6 7 10 7 8 7 7 10 7 8 8 1 9 5 4 4 4 11 10 8 2 6 7 11 4 8 1 4 4 4 3 11 5 11 4 4 4 5 10 10 8 7 10 8 7 8 10 10 8 7 8 10 4 10 8 8 10 10 8 8 11 5 1 9 10 8 8 4 11 4 5 4 4 4 4 4 11 4 4 4 11 5 2 6 7 11 4 4 4 4 11 5 2 3 4 10 10 8 7 7 7 7 7 7 7 7 7 11 8 11 5 7 8 4 4 11 4 4 4 4 5 7 7 10 10 8 7 5 10 10 8 2 6 10 7 7 8 4 4 11 5 4 4 4 11 4 5 10 10 8 8 10 10 8 7 7 7 10 8 0 6 7 8 11 4 5 1 4 3 4 4 4 4 4 4 11 4 5 0 9 10 8 8 11 5 11 11 5 4 5 10 8 7 7 11 10 8 8 11 5 7 10 10 7 7 7 8 2 7 9 8 10 10 8 7 8 4 4 4 4 11 5 4 4 11 4 4 4 4 5 4 10 10 5 5 11 5 7 0 9 10 8 10 7 8 7 7 10 8 8 7 10 10 8 2 3 4 4 11 4 4 4 4 5 0 10 10 6 7 7 8 8 10 7 7 7 7 7 10 7 8 8 7 11 5 10 10 8 8 10 7 11 5 4 4 4 5 7 7 7 11 5 10 2 10 10 8 8 4 4 4 4 9 5 4 4 4 4 11 4 5 4 4 0 10 10 7 7 7 8 8 11 7 5 7 7 7 10 10 8 8 4 4 4 4 4 4 4 4 4 4 11 11 5 4 4 4 4 4 5
ppo_x50_b_fd_l4_same_gamma,21,qv22_28,22,229,True,1984.0,10.472230911254883,8 8 6 10 10 8 4 2 6 7 4 7 11 4 5 10 10 8 7 8 10 4 5 7 10 10 8 8 10 10 8 8 10 4 5 4 4 11 5 7 7 10 10 8 7 10 8 8 10 10 8 8 10 10 8 7 5 11 4 8 11 11 5 2 9 10 8 10 7 7 8 8 10 10 8 8 11 5 1 6 10 1 6 1 6 1 6 4 10 2 8 6 1 6 1 6 11 1 3 11 5 11 5 4 4 4 4 4 5 7 7 10 7 7 8 4 11 11 5 5 11 11 5 4 5 10 2 6 7 10 8 7 7 10 7 10 8 2 6 4 11 11 5 4 4 4 4 4 5 7 11 11 5 4 2 6 4 4 11 11 5 4 5 0 6 7 7 7 7 7 11 5 7 10 10 8 7 8 7 11 11 5 4 4 4 5 7 7 7 10 7 7 10 7 7 7 7 8 2 6 4 4 4 4 4 4 4 4 4 4 4 4 10 11 5 5 7 10 7 7 7 8 4 4 4 4 4 4 11 5 4 4 10 10 8 7 7 7 7 7 7 8 7 7 7 7 7 7 10 8 4 4 4 4 11 1 3 4 4 4 5 4 11 4 5 4 11 5 11 11 5 2 10 10 6 0 7 6 7 8 7 7 7 8 10 10 8 10 8 8 11 5 7 7 10 10 7 7 7 7 7 8 8 4 1 9 5 4 4 4 4 4 4 10 11 5 5 4 11 5 11 4 11 5 2 6 11 4 5 0 6 10 10 8 8 7 7 7 10 10 8 4 5 11 4 8 4 10 4 5 4 4 10 10 8 7 7 7 7 8 7 10 7 7 10 8 2 9 7 7 8 4 11 11 5 11 5 5 11 11 5 2 9 8 11 11 5 5 7 7 7 7 7 11 10 8 8 10 10 8 8 4 4 4 4 11 11 5 4 4 4 11 5 5 10 4 5 7 7 10 8 4 11 11 5 4 5 7 7 7 7 7 7 10 8 4 10 10 8 8 11 10 8 8 4 11 5 4 4 4 4 4 4 11 11 5 2 6 4 10 11 5 4 4 4 5 4 4 0 9 5 10 8 10 8 7 7 7 7 7 10 11 5 0 6 8 10 8 7 10 10 8 8 10 8 4 4 10 11 4 4 4 8 11 8 11 8 11 8 11 8 11 8 11 8 11 8 11 8 11 8 11 8 11 8 11 8 11 8 11 8 11 8 11 4 5 5 10 8 7 4 4 10 8 10 8 4 10 8 10 8 11 8 11 8 4 7 4 7 10 8 4 4 4 4 4 4 11 5 7 11 10 8 4 5 7 7 0 6 10 8 7 7 7 7 7 7 10 10 8 7 7 8 11 5 4 4 1 4 4 4 4 3 1 3 4 4 4 4 4 11 5 11 4 2 9 10 8 0 6 8 7 7 10 11 4 5 8 1 9 5 10 10 8 8 7 7 7 7 7 11 5 10 10 7 8 10 8 8 10 10 8 7 8 11 4 7 5 10 10 8 7 2 3 4 11 5 4 4 11 11 5 2 3 4 4 11 4 5 10 8 7 10 8 11 11 5 5 4 4 4 11 4 5 4 7 10 5 7 10 8 10 8 10 8 7 7 7 7 7 11 5 10 8 7 7 7 7 7 7 11 10 8 8 4 11 11 5 2 6 10 8 4 4 4 4 11 5 4 11 4 4 4 5 4 11 11 5 2 6 7 0 6 7 10 8 7 10 10 8 8 7 11 4 10 8 2 9 5 4 4 11 11 5 7 8 10 0 6 7 7 8 7 1 3 4 4 4 4 4 10 11 5 5 4 4 4 4 10 10 8 4 2 9 11 5 5 11 4 4 8 4 4 0 6 7 10 8 11 8 11 8 4 4 10 10 8 7 7 7 7 7 7 7 7 7 7 7 7 7 7 8 1 4 6 11 10 8 4 2 6 10 10 8 8 4 4 4 4 4 4 4 4 4 4 4 4 11 4 4 5 7 10 10 8 2 6 10 7 8 7 7 10 7 7 8 11 2 3 4 4 4 4 4 4 4 11 11 5 2 6 7 10 10 8 7 7 7 7 7 7 7 8 4 4 11 4 4 5 4 4 11 11 5 7 7 7 7 7 8 4 4 4 11 4 5 7 10 10 8 8 11 2 4 10 9 5 5 4 4 11 11 5 4 4 5 10 11 5 5 0 6 10 8 7 7 7 10 7 7 7 7 10 7 8 2 9 4 10 8 7 7 7 8 10 8 7 7 1 9 10 8 8 11 2 3 11 11 5 4 11 5 4 4 5 4 4 10 11 5 5 4 4 11 5 4 4 4 4 11 4 10 8 8 10 11 5 2 9 0 9 8 0 6 7 7 8 7 7 7 7 7 10 10 8 2 10 9 8 7 8 4 4 11 4 11 5 8 11 4 10 8 2 9 4 5 7 10 4 10 8 4 10 8 4 10 8 10 7 8 7 7 7 7 7 8 11 11 5 4 2 9 7 10 7 8 8 4 4 11 11 5 4 5 10 8 7 4 7 4 7 1 3 4 11 11 5 4 4 4 5 4 4 4 11 4 4 5 4 11 2 9 11 5 5 7 10 10 8 0 6 7 7 10 8 8 10 10 8 7 7 7 7 7 7 7 7 8 4 11 4 2 9 4 5 4 4 11 11 5 7 2 9 8 10 10 8 7 8 10 10 8 8 11 5 1 3 4 4 4 4 11 5 10 8 4 4 4 4 11 5 4 11 11 5 4 2 9 8 11 8 7 7 7 7 0 6 7 7 7 10 10 8 4 5 10 11 5 4 4 4 5 4 4 11 5 4 4 10 10 8 7 7 7 7 7 8 7 7 7 7 10 7 10 8 7 8 4 10 10 7 7 7 8 5 11 2 3 4 10 8 4 10 10 8 1 8 3 4 4 4 4 4 4 11 4 5 11 11 5 4 4 4 2 3 10 10 8 7 7 7 7 7 7 7 7 8 7 7 10 10 8 2 11 5 3 11 11 5 1 3 4 4 4 4 4 4 4 4 5 4 4 4 4 4 11 5 7 7 7 7 7 7 7 10 10 8 2 6 10 11 5 5 4 4 4 7 4 11 8 11 8 11 8 7 10 0 6 10 8 7 7 8 10 10 8 8 11 10 8 7 8 1 9 11 5 4 4 4 4 4 8 7 10 11 5 5 0 4 11 9 8 8 4 10 8 7 7 7 11 11 5 4 4 4 4 4 5 11 2 9 11 5 7 7 7 8 7 0 6 7 7 0 6 7 7 7 7 1 6 1 6 1 6 1 6 1 6 7 4 1 6 1 6 1 6 1 6 1 6 1 6 1 6 1 6 1 6 1 6 7 4 1 6 1 6 1 6 1 6 1 6 1 6 1 6 1 6 1 6 1 6 1 6 1 6 1 6 1 6 1 6 1 6 1 6 1 6 1 6 7 4 1 6 1 6 1 6 1 6 1 6 1 6 1 6 1 6 1 6 1 6 1 6 1 6 1 6 1 6 1 6 1 6 1 6 7 11 5 10 7 1 9 8 8 7 11 11 5 5 4 11 4 5 1 3 4 11 4 4 5 7 10 10 8 8 4 11 5 11 5 4 4 11 11 5 4 4 4 4 4 5 0 9 5 7 1 6 4 7 4 7 4 7 4 7 4 7 7 10 8 7 0 9 4 4 8 4 10 10 8 1 9 5 8 10 4 8 4 7 10 4 8 10 4 8 4 7 4 7 4 7 11 8 4 7 11 8 11 8 10 4 8 11 8 10 4 8 4 7 4 7 1 9 8 4 4 4 10 7 8 4 10 8 7 10 4 10 8 8 7 7 7 7 7 7 10 8 11 4 4 4 4 4 4 4 5 10 7 8 4 4 10 8 4 7 11 10 8 4 8 10 4 8 10 4 8 10 8 7 7 7 7 10 10 8 7 7 10 8 2 3 4 4 4 4 10 8 7 4 7 7 7 11 10 8 8 10 10 8 8 7 10 10 8 2 3 4 11 5 4 1 3 4 4 4 11 5 11 11 5 4 4 4 4 5 4 4 4 10 8 0 6 7 7 7 10 7 8 11 11 5 5 10 7 7 7 7 7 7 7 7 8 7 10 10 8 2 6 4 4 4 4 4 4 4 4 4 4 10 11 5 5 7 7 7 10 8 11 11 5 5 4 4 11 5 11 5 0 6 7 7 7 7 7 7 7 7 11 10 8 8 4 11 4 4 1 3 4 4 4 4 4 5 11 11 5 2 9 8 4 11 11 5 5 4 10 10 8 7 7 7 7 7 0 6 7 7 7 7 7 10 8 7 7 7 7 7 8 4 4 4 4 4 11 5 4 4 4 4 10 2 11 9 5 5 11 11 5 2 7 6 10 10 7 7 7 7 8 8 11 5 10 10 8 8 11 1 3 5 4 4 4 4 4 11 11 5 4 4 5 10 10 8 2 7 10 7 7 7 7 10 8 7 7 7 7 7 8 7 9 5 4 10 11 5 5 4 10 10 8 7 7 8
ppo_x50_b_fd_l4_same_gamma,22,qv22_29,22,234,True,1710.0,10.701322078704834,6 8 0 5 9 10 8 8 10 7 5 10 5 7 10 11 5 5 7 11 5 10 8 10 10 8 8 10 10 8 8 10 4 5 4 11 5 10 8 0 6 7 10 10 8 8 10 10 8 8 10 4 5 4 4 11 5 7 7 10 7 7 10 8 7 5 10 10 8 8 4 10 8 10 10 8 8 4 4 4 4 10 10 8 2 3 11 10 8 8 4 1 3 4 4 10 11 5 5 4 4 11 4 4 4 4 11 5 2 9 5 10 10 8 2 3 4 11 11 5 5 7 7 0 6 7 7 10 7 8 10 10 8 7 7 7 7 7 7 7 7 8 10 10 8 8 4 4 4 11 4 5 7 10 7 8 11 11 5 4 11 8 4 4 4 10 8 4 4 4 4 4 4 5 7 7 7 7 7 11 5 4 4 10 8 10 10 7 8 7 7 7 8 4 4 10 2 9 10 8 7 8 11 2 3 4 11 11 5 4 5 4 4 11 5 4 4 4 4 4 4 11 11 5 7 8 11 5 10 10 7 7 7 8 7 7 7 7 7 7 8 4 4 4 4 11 4 5 11 4 5 11 5 10 10 8 7 7 7 10 8 2 6 4 10 0 3 0 6 8 7 7 7 7 7 10 7 8 4 10 10 8 2 3 4 4 11 4 4 4 4 4 4 11 5 4 4 5 11 10 8 2 9 7 7 8 11 4 4 4 4 4 5 11 5 4 10 10 8 7 7 7 7 7 7 11 5 5 10 10 8 7 8 7 7 7 7 7 7 7 7 10 8 4 11 5 4 4 4 4 4 4 4 4 4 4 11 5 10 10 8 8 11 2 9 11 5 4 5 10 10 8 0 6 7 7 7 7 7 7 8 11 10 7 7 7 8 8 10 10 8 8 4 4 4 11 5 11 10 8 8 1 3 4 4 4 11 5 4 11 5 11 11 5 2 6 7 7 10 8 4 11 11 5 4 4 4 5 10 8 10 0 6 8 7 7 10 10 8 7 7 11 5 2 3 4 4 11 5 4 10 11 5 5 4 4 4 11 11 5 2 7 6 7 10 8 10 0 6 7 8 4 11 4 5 4 4 11 5 7 10 8 7 7 7 7 11 10 8 8 4 10 7 7 7 10 7 8 2 9 5 0 6 7 10 10 8 8 4 4 10 10 8 7 8 4 4 1 3 11 4 4 4 4 4 4 4 4 4 4 4 1 3 4 5 11 5 7 4 7 4 7 4 0 6 7 10 10 8 8 7 7 7 7 7 7 7 10 10 7 7 8 8 4 1 3 4 11 5 4 4 4 11 4 4 4 8 11 4 4 4 5 10 11 5 5 4 10 10 8 7 7 7 7 7 10 8 8 4 11 4 4 5 4 10 10 8 8 7 10 10 8 10 8 10 8 2 9 7 8 11 4 4 4 5 11 8 11 8 10 11 8 11 8 11 8 4 8 11 8 4 7 11 8 4 4 7 4 7 4 7 4 7 0 4 3 7 4 7 4 4 10 10 8 7 7 7 7 8 4 10 4 4 4 4 5 10 10 8 0 6 7 7 10 8 7 7 7 7 7 8 10 10 8 8 4 11 1 3 5 11 2 9 11 7 8 7 10 8 7 8 11 4 5 11 4 8 10 10 8 4 2 3 4 11 11 5 5 4 4 4 4 11 4 5 10 7 7 7 7 8 11 4 4 4 4 4 4 4 5 11 11 5 5 11 2 3 10 10 8 8 7 7 7 10 10 7 8 8 11 5 11 5 4 10 11 5 5 7 7 10 10 8 10 8 7 7 7 7 7 7 8 10 8 4 11 4 10 8 2 9 8 11 11 5 5 4 4 4 4 4 4 7 4 7 4 7 11 4 4 4 4 4 5 4 1 9 7 11 5 5 0 6 10 10 7 8 7 7 10 8 2 7 9 10 8 7 5 7 10 10 8 7 7 7 7 7 8 7 1 9 11 5 5 4 4 4 10 8 11 2 9 11 5 5 10 8 10 10 8 7 7 8 4 4 1 4 4 3 4 4 4 4 4 4 11 11 5 2 3 4 10 10 8 8 7 10 7 7 7 7 7 7 7 7 8 11 10 4 5 4 4 4 4 4 4 11 5 7 7 7 7 7 8 11 4 4 4 4 5 4 11 11 5 4 4 4 4 4 5 7 7 10 2 9 10 8 8 10 8 7 7 11 5 10 10 8 7 7 0 6 7 7 7 7 8 10 10 8 8 7 4 7 4 7 1 9 7 8 11 11 5 11 5 4 1 3 4 5 11 2 9 11 5 11 5 4 4 5 10 7 7 7 7 7 8 4 4 11 1 3 4 4 4 4 4 5 4 4 11 11 5 4 2 9 5 7 7 7 10 10 8 4 2 6 10 8 7 7 7 10 10 8 8 7 11 4 2 9 5 10 7 10 8 8 11 4 5 7 10 10 8 8 7 10 10 8 8 10 8 4 4 1 4 3 4 4 4 4 4 10 8 10 7 7 7 7 8 11 11 5 4 4 5 4 11 11 5 4 4 4 4 5 7 7 10 8 11 11 5 5 10 8 4 10 7 5 7 7 0 6 7 11 5 10 10 8 8 7 7 10 10 8 2 7 6 7 7 7 10 10 8 4 4 2 4 4 9 4 4 4 4 4 4 4 4 11 5 11 5 4 4 4 4 4 5 7 7 10 8 7 7 11 11 5 4 4 2 3 10 10 8 7 7 7 8 4 4 10 2 9 11 5 4 4 4 5 0 9 5 7 10 7 8 10 10 8 8 10 10 8 10 8 2 6 7 0 9 0 6 7 8 7 7 7 7 10 8 4 10 7 11 4 5 5 4 4 4 4 4 4 4 11 4 4 5 10 2 9 10 7 8 8 11 5 10 7 7 7 7 7 8 10 10 8 2 6 7 10 0 6 8 10 8 4 1 11 9 8 8 11 11 5 4 4 4 4 1 3 4 4 4 5 11 4 5 11 11 5 4 2 3 4 11 5 10 10 8 8 7 7 7 10 4 4 5 7 10 10 8 7 7 7 8 7 7 7 7 7 7 7 10 8 10 8 4 11 11 5 4 11 5 5 11 4 4 4 11 5 11 5 2 9 11 5 5 7 7 7 7 10 7 7 8 11 11 5 11 5 5 10 8 10 8 11 5 4 4 4 4 4 4 4 11 11 5 5 7 7 7 7 7 7 7 7 10 7 7 8 4 11 11 5 5 11 5 10 10 8 7 8 11 11 5 4 4 4 5 4 4 4 4 11 5 10 8 4 4 4 10 11 5 5 7 0 6 7 10 7 10 8 2 3 10 8 7 10 7 10 8 2 3 11 4 4 4 1 3 4 4 4 5 10 10 8 8 11 2 10 9 5 5 4 10 11 5 5 7 10 10 8 10 8 7 7 7 7 8 7 7 7 7 7 7 7 7 7 4 7 4 7 4 7 4 7 4 7 4 7 4 7 4 11 10 8 8 1 9 10 8 7 8 11 5 4 4 10 8 4 11 11 5 1 3 4 4 4 4 4 5 11 4 4 8 11 11 5 4 2 11 5 11 3 4 5 7 10 10 8 8 7 0 6 7 10 10 8 4 5 10 8 7 7 11 5 4 10 10 8 7 7 7 0 6 8 4 4 4 11 10 8 2 4 3 10 7 10 7 8 8 10 8 10 10 7 7 8 2 11 5 9 10 8 8 7 11 11 5 4 4 4 4 4 5 11 4 4 4 4 4 4 4 5 11 11 5 7 7 7 8 4 11 4 4 5 10 7 7 10 8 0 6 7 10 8 8 10 10 2 8 9 10 8 8 4 4 4 4 11 11 5 4 4 4 4 4 5 4 10 10 8 7 7 7 7 7 7 7 0 6 7 7 7 8 10 7 7 10 2 8
ppo_x50_b_fd_l4_same_gamma,23,qv22_3,22,232,True,1636.0,10.552550315856934,6 8 10 8 8 7 7 11 11 5 5 7 10 11 5 5 11 11 5 7 2 9 5 10 10 8 7 7 10 8 8 4 10 11 5 5 7 7 10 10 8 8 4 11 4 4 5 10 8 4 4 1 3 11 5 10 10 7 8 0 6 7 7 10 8 7 10 8 8 10 10 8 8 11 5 4 4 4 4 11 4 5 10 10 8 8 7 7 7 7 7 10 10 8 8 10 10 8 8 10 10 8 8 10 4 5 10 10 8 2 9 10 8 8 4 4 4 11 5 4 4 4 4 11 4 10 8 7 7 7 8 4 4 11 4 5 10 8 10 0 6 8 7 7 7 11 11 5 11 7 5 4 4 4 4 4 4 5 7 7 7 10 7 7 7 7 7 8 7 11 5 4 4 11 4 5 7 10 10 8 4 4 2 9 11 5 4 4 4 4 5 4 4 4 10 11 5 5 11 11 5 2 3 10 7 8 4 11 11 5 5 10 7 7 7 10 8 7 10 8 7 8 10 8 11 4 10 8 2 9 7 10 8 8 7 11 5 4 4 4 4 10 11 5 5 7 7 7 7 7 11 5 10 10 8 8 10 8 11 11 5 7 11 5 4 4 4 4 4 4 4 5 10 10 8 7 7 8 11 4 11 0 5 4 3 4 4 4 4 4 5 10 8 1 10 6 0 3 0 6 10 1 3 8 8 4 4 7 4 0 3 4 0 9 8 7 10 8 4 10 8 10 4 8 10 4 8 10 7 5 4 10 8 0 9 10 8 10 8 7 10 8 7 7 7 7 7 7 7 7 7 7 8 1 11 3 5 11 4 4 4 5 4 4 4 4 11 5 10 10 8 4 2 9 4 5 4 10 11 5 7 8 10 10 8 7 8 10 4 10 8 7 8 4 10 10 8 7 7 7 7 7 8 11 4 2 3 11 11 5 2 10 9 5 5 4 11 5 4 11 4 11 5 4 4 4 4 4 5 11 2 9 5 10 10 8 8 10 2 6 10 7 7 7 7 7 8 11 11 5 4 2 3 4 4 4 10 11 5 5 11 4 5 0 9 5 4 10 11 5 5 10 10 8 10 7 8 10 8 7 7 7 7 8 10 10 7 0 6 7 7 8 7 8 10 10 8 8 4 11 5 11 5 4 4 11 11 5 5 7 10 10 8 8 4 4 4 4 4 11 5 4 4 4 11 7 11 5 2 3 4 10 10 8 7 7 7 7 8 4 11 4 4 5 10 10 8 7 7 7 7 7 8 7 7 7 7 10 10 8 7 8 1 3 4 4 11 1 3 5 10 10 8 8 11 4 10 8 4 4 10 8 7 7 7 7 8 11 11 5 11 5 5 11 4 4 4 4 4 4 4 10 8 2 6 7 7 7 7 7 11 7 7 8 11 4 11 5 5 4 4 4 11 5 11 4 11 5 2 9 8 7 7 7 1 6 10 10 8 1 3 4 4 4 4 4 4 5 4 4 4 4 4 0 9 5 10 10 8 0 6 0 6 7 7 7 7 7 7 8 1 3 4 4 11 4 4 5 4 10 10 8 7 7 7 0 6 8 7 7 7 10 7 10 8 2 7 6 7 7 10 8 4 4 4 4 4 4 4 10 8 10 10 8 7 8 4 4 4 11 11 5 4 1 3 4 4 4 4 5 11 4 4 5 0 10 9 5 5 10 7 10 8 7 10 8 8 4 0 9 5 10 10 8 7 10 8 8 11 4 5 11 2 3 4 4 4 4 10 11 5 5 4 10 10 8 7 7 7 7 8 4 4 4 4 11 5 10 10 8 4 4 5 10 8 10 10 7 8 0 6 7 10 8 8 10 10 8 7 7 7 8 4 4 4 11 4 5 7 7 10 10 8 7 7 7 7 8 10 7 10 8 8 4 4 11 4 4 4 4 5 11 2 3 4 4 4 4 4 11 4 10 8 8 0 6 7 7 10 7 8 10 10 7 7 7 7 8 4 5 7 10 2 9 10 8 8 11 1 3 4 4 5 4 4 4 4 4 1 4 9 4 8 10 10 8 2 3 10 7 8 11 11 5 11 5 4 5 0 6 10 7 8 4 10 10 8 7 7 8 4 11 4 4 4 4 4 4 4 5 1 3 4 4 10 10 8 7 0 6 7 8 10 8 4 10 11 5 5 7 7 7 7 7 7 7 10 10 7 7 8 8 10 11 7 7 7 8 8 4 11 4 5 10 2 9 7 7 8 11 11 5 5 4 10 8 11 4 4 4 4 4 4 4 4 4 4 4 4 4 4 5 7 10 7 7 10 8 7 7 8 11 4 4 5 10 7 7 10 7 8 8 10 10 7 8 7 8 10 8 11 5 4 4 4 4 4 4 4 4 4 11 4 5 10 10 8 8 7 7 11 2 6 10 8 7 7 7 7 10 10 8 7 11 5 2 3 4 4 4 4 4 4 4 4 4 4 11 4 5 10 10 8 8 7 10 10 8 7 7 8 7 10 7 7 8 7 10 10 8 7 7 8 11 2 3 11 11 5 2 3 4 1 3 4 4 4 4 11 4 4 11 5 4 4 4 5 4 4 0 9 5 10 10 8 2 6 10 7 10 8 7 8 7 7 7 7 7 10 7 8 7 10 10 8 7 8 10 10 8 8 4 4 4 4 4 4 4 11 2 6 7 11 11 5 2 3 4 4 4 4 4 4 10 8 11 11 5 2 9 4 10 8 8 7 7 10 10 8 8 11 4 4 5 4 4 4 11 4 4 5 10 10 8 8 1 9 4 5 10 10 8 2 10 9 8 8 0 6 7 7 10 10 8 7 10 8 7 8 11 11 5 2 9 7 7 7 5 10 10 8 7 8 11 11 5 4 4 11 5 8 11 4 4 4 5 4 4 11 4 10 8 2 9 7 10 8 8 10 7 7 8 7 7 11 5 11 4 10 8 7 0 6 7 7 8 7 10 7 10 8 4 2 11 11 5 3 5 4 11 4 4 4 4 4 5 4 11 11 5 2 4 9 11 5 4 4 5 0 10 9 5 5 10 10 8 0 6 7 7 10 8 7 7 7 7 7 7 7 7 8 1 3 4 4 4 11 4 11 5 2 3 7 11 4 5 4 10 10 8 8 10 10 8 7 7 7 7 8 10 11 5 5 4 10 10 7 7 8 8 4 11 4 5 1 9 11 5 4 11 5 4 4 4 4 5 4 4 11 4 11 5 4 2 10 10 8 6 7 7 7 7 8 4 4 10 2 9 10 8 7 7 7 7 8 10 10 8 7 7 8 4 10 10 8 7 7 7 7 8 4 4 4 11 10 8 8 1 3 4 10 8 11 4 4 4 4 4 4 4 4 11 5 2 9 5 7 7 7 11 11 4 5 4 2 9 5 4 11 11 5 7 7 7 7 8 11 4 2 3 11 4 5 11 11 5 7 7 7 7 8 10 10 8 7 10 8 8 4 10 10 8 8 7 10 10 8 7 8 11 10 8 8 4 11 11 5 2 9 8 7 7 10 7 10 8 8 4 4 4 11 5 4 4 4 4 4 4 11 4 5 4 11 5 11 11 5 2 3 4 4 10 10 8 7 7 7 8 10 10 7 8 7 7 7 8 7 7 11 10 8 8 10 10 8 7 8 4 4 4 11 4 4 4 4 4 4 5 10 10 8 8 7 10 7 7 10 8 8 4 4 4 4 11 11 5 4 4 4 4 4 4 4 4 4 5
ppo_x50_b_fd_l4_same_gamma,24,qv22_30,22,228,True,1644.0,10.322598934173584,8 8 9 10 8 8 10 10 8 8 11 5 10 10 8 2 6 10 7 10 8 8 10 10 8 8 11 4 5 4 11 11 5 10 5 7 2 6 0 6 7 10 7 10 8 8 10 10 8 8 11 5 7 10 10 8 8 4 11 4 4 5 10 10 8 4 4 4 5 7 7 10 8 10 10 8 4 4 5 10 8 10 10 7 7 7 8 8 4 4 10 8 4 4 4 4 4 4 4 11 11 5 5 10 8 10 10 8 10 8 7 7 7 7 7 8 4 1 3 4 4 11 4 5 7 7 7 10 8 4 1 3 11 11 5 4 4 4 4 5 7 11 11 5 4 4 4 5 11 11 5 5 7 7 7 0 6 7 10 11 5 5 10 7 7 8 10 10 8 7 10 8 2 3 4 4 11 2 3 4 1 3 10 8 7 7 7 7 7 7 7 7 7 7 10 10 8 2 6 10 8 4 4 4 11 10 8 2 4 3 11 5 4 4 4 4 11 5 11 7 7 7 7 7 0 6 7 7 8 1 3 11 11 5 5 4 4 4 4 4 4 11 4 4 4 4 4 5 7 7 10 7 8 11 4 11 5 5 7 10 8 4 4 4 4 4 10 10 8 8 7 7 7 7 7 7 10 7 7 8 4 4 11 11 5 5 4 11 2 6 7 7 7 7 10 7 8 11 11 4 8 2 6 4 4 4 4 4 4 4 4 4 10 10 8 0 6 7 7 8 7 7 7 7 7 7 7 11 11 5 7 8 4 4 4 4 11 4 11 5 4 5 10 8 10 7 11 5 11 5 2 6 4 4 10 11 5 4 4 4 2 9 8 4 10 11 5 5 7 10 8 10 10 8 7 8 10 8 7 7 10 11 5 0 6 8 11 10 8 7 7 8 7 10 10 8 7 7 7 5 11 11 5 2 3 4 4 4 4 4 4 4 4 4 1 3 4 1 3 4 4 11 5 10 10 8 7 8 7 7 11 5 4 4 11 5 10 10 8 8 10 10 8 10 8 7 0 6 7 7 7 8 10 4 1 3 4 4 5 4 4 4 4 10 10 8 2 6 10 8 10 10 8 8 7 10 10 8 7 8 4 4 11 4 5 11 5 4 4 10 4 8 10 8 0 6 7 10 10 8 7 7 7 7 7 7 8 4 1 4 4 4 4 4 3 4 11 4 4 4 5 11 11 5 4 4 5 10 8 10 10 7 7 7 7 7 7 8 8 10 2 10 10 6 7 7 7 7 7 7 7 8 8 4 4 4 11 4 5 11 2 9 4 10 8 8 11 2 3 4 4 4 4 4 11 11 5 2 11 3 4 5 10 8 10 10 8 7 7 7 8 4 11 4 11 5 4 4 4 2 9 10 0 6 7 8 8 7 10 10 7 7 7 7 0 6 5 5 7 7 10 10 8 8 7 10 8 4 4 4 4 1 3 4 4 11 2 9 4 10 8 8 4 4 4 1 3 10 8 11 5 4 4 4 4 4 11 5 10 10 8 8 4 4 11 5 4 10 10 8 0 8 7 6 7 7 10 7 8 11 4 4 4 5 4 4 10 8 11 11 5 4 5 10 7 8 10 10 7 7 7 7 8 7 7 7 7 8 7 11 5 4 4 4 4 11 4 5 11 5 10 11 5 5 10 10 7 7 8 8 11 10 7 2 5 10 7 7 7 7 7 7 6 7 7 5 10 7 10 8 2 4 9 5 4 4 11 11 0 5 5 9 7 8 11 11 5 2 3 4 4 10 2 9 11 5 5 4 4 4 4 4 10 5 4 11 4 4 4 5 7 7 7 10 10 8 2 10 6 8 11 10 8 2 6 10 10 7 7 8 7 7 7 7 8 11 1 9 8 8 11 11 5 5 11 5 4 11 4 11 5 2 6 10 10 8 8 4 11 4 4 4 4 11 5 11 5 8 10 8 11 11 4 5 2 3 4 10 11 5 5 7 7 7 10 8 10 8 7 7 10 10 8 4 5 10 8 10 10 8 7 7 7 7 8 11 11 5 5 11 5 10 7 7 7 7 7 8 11 11 5 5 10 11 5 4 4 4 4 4 10 8 7 7 7 8 10 10 8 0 6 7 8 11 4 7 4 7 4 7 4 5 4 4 11 11 5 4 4 4 4 4 4 4 4 4 4 4 4 5 4 0 9 5 10 10 8 7 8 7 7 10 0 6 7 7 7 7 7 7 8 11 4 4 10 8 2 6 10 10 8 7 8 10 8 11 11 5 4 5 11 4 11 5 4 4 4 4 4 5 10 8 7 11 11 5 4 4 5 11 11 5 2 7 6 7 7 7 7 7 7 7 7 7 10 7 7 7 7 8 10 8 4 4 11 11 5 2 6 11 10 8 7 11 5 4 5 4 4 4 4 4 4 4 4 10 7 8 11 4 11 5 4 5 0 9 7 7 8 11 5 4 11 11 5 5 7 7 7 7 7 10 10 8 4 5 10 10 8 7 10 8 2 9 10 8 8 10 7 7 7 8 4 4 4 4 4 4 4 4 4 4 4 4 11 4 4 4 5 11 5 10 10 8 2 6 10 8 10 7 10 8 7 8 4 1 10 4 3 4 4 4 5 10 10 8 7 8 10 10 8 10 8 0 6 7 7 7 7 7 7 8 10 7 7 8 10 10 8 8 4 4 4 4 11 2 4 4 9 4 5 10 10 8 2 3 10 11 5 5 11 11 5 0 7 3 7 7 7 7 7 7 7 8 11 2 4 9 11 5 5 11 7 7 8 4 1 3 11 11 5 5 7 4 7 10 8 11 11 5 5 4 4 11 1 3 5 11 11 4 4 5 4 4 0 9 5 4 4 4 5 10 8 7 7 10 8 11 11 5 4 4 5 7 7 7 7 7 7 7 7 11 5 10 10 7 8 7 7 11 5 2 9 11 5 4 4 4 5 7 7 7 7 7 7 7 11 5 4 10 7 7 7 8 11 5 4 10 11 5 5 11 10 8 8 4 11 5 4 4 4 4 4 4 7 4 11 11 5 2 9 8 7 7 10 11 5 7 8 11 4 8 7 7 7 7 0 6 7 7 7 7 10 7 10 8 4 2 3 11 4 11 5 7 8 11 11 5 5 11 4 4 4 4 11 5 2 3 4 11 11 5 11 5 4 4 4 5 7 7 7 10 8 4 4 10 11 5 5 10 8 10 10 8 7 7 0 6 7 8 4 4 4 4 4 4 10 11 5 5 4 10 10 8 7 7 7 0 6 7 7 7 10 8 7 7 7 0 9 5 5 10 7 8 4 1 3 4 4 4 4 4 4 10 11 5 5 4 11 11 5 2 7 6 7 7 7 0 6 11 10 8 8 4 4 11 11 5 5 7 11 11 5 4 5 10 10 8 7 7 7 7 7 10 7 7 7 8 7 7 7 7 8 4 4 11 4 4 4 4 5 0 11 5 10 9 8 7 8 10 7 7 7 7 8 7 11 10 8 2 11 11 3 5 4 1 3 4 5 4 4 10 2 9 10 8 4 5 7 10 7 8 11 10 8 8 10 10 8 4 4 4 2 9 5 11 11 5 5 4 11 4 5 11 4 4 5 4 0 9 11 5 4 4 5 7 7 7 7 7 10 10 8 8 10 10 8 8 4 4 4 4 11 5 4 10 10 8 7 0 6 7 7 7 8 7 7 10 10 2 8 4 11 4 11 5 3 4 4 5 4 11 11 5 4 4 4 4 4 5 11 11 5 2
ppo_x50_b_fd_l4_same_gamma,25,qv22_31,22,237,True,1764.0,10.828562259674072,6 8 10 5 10 5 10 5 10 5 10 5 2 10 9 8 8 10 10 8 8 11 5 11 11 5 4 0 5 6 7 7 10 10 8 10 8 8 10 10 8 8 10 10 8 8 11 4 8 11 11 5 5 7 10 10 8 7 10 8 8 10 10 8 8 4 10 8 11 4 4 5 10 7 11 5 2 6 4 10 4 4 4 4 11 5 4 4 4 5 4 10 0 9 5 5 10 10 8 7 7 7 8 4 10 10 8 7 7 7 7 7 8 4 4 4 11 4 5 11 5 10 0 6 10 8 8 11 5 7 10 10 8 7 7 7 10 8 8 10 10 8 8 11 5 4 4 11 10 8 2 9 10 8 8 7 10 10 8 8 4 4 1 3 4 4 11 2 6 4 11 4 5 10 10 8 7 7 8 11 4 5 4 4 4 4 11 4 4 5 4 11 11 5 4 2 6 7 7 10 1 3 4 4 4 4 5 7 7 7 7 7 7 10 7 7 10 8 7 7 7 7 7 11 5 2 3 11 5 11 5 7 10 8 4 4 4 4 0 6 11 10 8 2 6 7 10 10 8 10 8 7 7 7 8 4 4 4 4 4 4 4 4 4 4 11 11 5 5 7 7 7 7 7 7 7 7 7 10 8 7 7 11 11 5 4 1 3 4 4 5 10 10 2 8 10 9 5 5 11 4 4 4 4 11 4 5 4 5 4 4 4 4 10 11 5 5 7 10 8 0 10 8 9 5 7 7 7 7 7 7 7 7 7 7 7 7 11 10 8 8 7 11 10 8 8 7 11 11 5 4 4 4 4 4 4 1 3 4 4 4 4 4 4 5 10 7 11 5 5 10 7 8 4 10 8 7 7 11 11 5 7 8 4 11 4 4 5 11 5 10 8 0 6 7 7 7 7 0 11 9 8 8 7 7 7 7 11 10 8 8 7 10 7 1 9 8 0 8 3 11 11 4 4 5 4 4 4 4 4 4 4 5 4 4 4 4 4 4 10 10 8 8 10 8 10 8 11 4 4 4 5 4 10 10 8 7 7 7 0 9 8 8 10 10 8 2 6 10 11 5 8 10 8 10 10 8 7 8 11 4 4 4 4 5 10 10 8 7 7 7 7 8 4 11 10 2 8 3 11 5 4 4 4 4 4 4 4 11 4 4 5 10 10 8 10 8 10 8 8 10 4 10 8 8 10 4 4 5 7 7 7 7 7 7 7 7 7 7 7 11 10 8 8 11 2 9 11 4 5 4 5 4 11 11 4 5 7 0 6 7 7 8 4 4 11 4 4 4 4 4 4 5 4 11 5 4 4 10 10 8 7 7 0 6 7 7 7 7 7 8 4 11 4 5 10 10 8 8 10 10 8 2 6 10 7 7 7 7 7 8 10 10 8 2 6 4 4 11 5 4 4 11 10 8 2 6 10 8 11 11 5 4 5 7 11 1 8 9 5 4 1 3 4 4 11 5 11 5 11 11 5 4 2 6 7 7 7 7 7 7 7 7 10 7 8 10 10 8 7 7 8 11 11 5 4 1 3 4 5 11 2 9 11 5 5 4 4 11 11 5 11 5 4 4 4 5 11 11 5 5 7 10 10 8 7 8 4 4 4 11 2 9 11 5 5 0 6 7 0 6 7 7 7 10 10 8 7 7 7 7 7 7 5 4 11 5 1 11 3 4 4 4 4 5 10 4 4 5 0 6 7 0 6 7 7 10 7 10 8 8 7 10 10 8 2 9 10 8 7 7 8 11 11 5 5 4 4 4 4 4 4 11 11 5 8 10 4 11 5 7 8 10 8 11 4 5 11 4 4 4 5 4 4 11 5 7 11 11 5 5 7 7 7 7 7 7 10 8 4 4 11 4 2 9 10 8 8 4 7 4 4 4 10 8 7 7 0 6 10 10 8 7 10 8 7 7 7 7 8 4 4 4 4 4 11 5 1 3 4 4 11 5 4 10 11 5 5 11 10 0 3 0 6 5 8 10 0 6 7 11 5 4 4 4 4 5 10 7 7 7 7 8 11 5 7 7 10 10 7 8 7 10 8 7 0 9 8 7 7 7 7 7 7 8 11 11 5 7 2 11 7 3 11 5 5 4 11 4 5 4 4 11 4 5 11 11 5 4 2 6 10 10 7 7 8 8 10 10 8 7 10 8 8 11 5 10 7 7 10 8 1 3 4 5 4 11 11 5 4 4 5 4 4 10 2 9 11 5 5 11 4 4 4 4 4 4 4 5 10 0 6 7 7 8 10 10 8 7 7 7 7 8 10 10 8 8 10 0 6 8 11 11 5 5 4 4 10 8 11 11 5 5 10 8 7 10 10 8 8 7 7 7 10 10 7 8 8 11 2 9 10 8 4 5 10 8 11 4 4 4 11 5 2 9 4 5 11 7 10 8 7 7 7 8 1 3 4 11 1 3 4 4 4 4 4 4 11 5 2 6 7 7 7 7 7 7 7 4 11 10 8 8 1 3 4 4 4 4 4 4 11 5 10 10 8 4 4 5 4 11 5 7 7 0 10 9 5 8 4 4 4 4 4 4 11 4 10 8 7 0 9 8 7 8 7 7 7 7 7 7 7 7 7 7 7 11 5 10 2 9 10 8 8 11 4 4 5 7 10 8 10 10 8 8 10 10 8 8 4 4 4 4 4 1 4 9 5 4 4 11 11 5 7 2 9 7 7 8 4 4 4 4 10 5 10 5 10 5 10 5 10 5 11 4 4 4 4 4 5 10 10 8 7 7 7 7 7 8 7 7 10 8 10 7 10 8 8 10 8 4 4 10 10 8 7 8 10 8 4 1 9 11 4 4 4 5 4 11 5 5 11 4 11 5 5 10 7 7 7 7 7 8 4 11 11 5 4 4 4 4 5 10 11 5 5 10 7 0 6 7 0 6 8 11 4 8 11 11 5 11 5 5 10 1 8 6 4 4 10 11 5 5 10 2 10 9 8 8 7 7 7 7 7 7 7 11 5 10 4 4 10 7 7 8 7 8 1 9 10 8 8 11 4 4 4 5 11 11 8 10 8 8 4 4 4 4 4 4 4 4 4 10 11 5 5 11 2 9 11 5 4 5 10 10 8 7 7 7 0 6 7 7 7 7 7 7 8 4 4 10 10 8 7 7 8 11 4 4 4 11 5 5 10 7 7 7 8 10 10 8 8 7 10 10 8 7 8 11 2 6 4 4 4 4 4 4 4 4 4 4 4 11 11 5 2 9 8 7 11 10 8 7 7 7 7 7 7 7 8 10 11 5 4 4 1 3 4 11 5 4 5 7 10 4 10 8 8 4 4 1 3 11 11 5 5 4 4 4 11 4 4 5 7 0 9 11 5 5 7 7 10 8 0 6 7 4 7 11 8 10 11 5 2 9 8 7 11 5 11 11 5 4 5 4 7 4 7 10 10 8 7 8 10 8 7 7 7 10 8 1 3 4 4 11 4 4 4 4 5 4 10 10 8 7 7 7 7 7 7 7 7 7 7 7 7 7 7 8 10 10 8 2 9 8 4 4 4 4 4 11 4 4 11 5 5 10 8 4 4 4 11 11 5 5 7 10 8 10 10 8 0 6 7 7 10 8 8 4 11 2 9 11 5 7 8 11 5 11 4 4 4 4 4 4 4 5 4 0 9 11 5 4 4 5 7 7 7 7 10 7 11 5 5 4 4 10 8 10 10 8 7 7 7 7 7 8 7 10 10 8 7 7 8 7 7 11 2 9 11 5 4 4 5 7 10 8 4 10 10 8 7 7 8 4 4 11 4 5 11 11 4 8 7 7 7 7 7 7 8 11 4 4 1 4 3 4 4 4 5 11 11 5 4 4 4 4 5 10 8 10 10 8 2 3 4 4 0 9 10 8 7 7 7 7 7 8 7 7 7 11 11 5 4 4 4 4 4 4 4 4 4 4 4 4 4 5 10 10 8 8 10 10 0 7 7 6 0 4 7 7 7 7 7 7 7 7 7 7 7 7 7 8 8
ppo_x50_b_fd_l4_same_gamma,26,qv22_32,22,223,True,1582.0,10.133807897567749,8 6 2 9 10 8 8 10 11 5 5 10 7 10 8 8 4 11 5 10 10 8 7 10 8 8 10 10 8 8 10 10 8 8 11 5 10 10 7 8 8 10 10 8 7 5 11 5 7 10 10 8 8 10 10 8 8 4 10 8 10 10 8 8 4 4 11 1 3 1 3 4 4 4 5 11 11 5 2 3 11 5 10 7 7 7 7 10 7 8 2 6 10 7 11 5 7 8 4 4 4 4 4 4 4 4 4 4 4 4 4 1 4 3 11 4 5 7 10 10 8 8 1 9 8 10 10 8 7 8 10 7 7 7 8 7 10 10 7 7 2 8 9 5 4 4 4 4 4 4 4 4 11 4 10 8 8 0 6 7 7 7 7 11 5 11 5 10 10 7 8 7 7 8 4 7 4 7 4 7 4 7 11 10 8 4 5 10 10 7 8 2 7 9 7 8 4 4 11 4 4 4 4 4 5 10 10 8 8 4 4 4 11 11 5 5 4 4 4 4 4 11 4 4 2 10 6 10 8 8 10 7 7 7 7 7 8 11 4 4 5 10 8 10 10 8 8 7 10 10 8 7 7 7 5 11 5 7 10 10 7 8 2 9 8 10 7 10 8 8 4 11 2 3 4 4 4 4 4 4 4 4 4 4 4 4 11 4 11 5 2 10 9 5 5 10 8 10 10 8 8 10 8 10 10 8 2 6 10 7 10 8 7 7 8 4 4 4 4 4 4 4 4 10 8 11 11 5 4 5 1 3 4 10 10 8 7 7 7 7 7 7 7 7 7 8 10 2 9 10 8 7 4 4 10 5 10 7 7 7 8 7 8 11 5 4 10 8 4 4 4 4 4 11 4 8 10 10 8 2 9 10 8 8 7 11 7 7 7 7 8 11 11 5 5 4 4 4 4 4 1 3 4 4 4 11 4 4 4 4 11 5 2 6 7 10 8 4 4 11 11 5 7 8 4 10 8 4 4 4 10 10 8 7 7 7 7 7 7 7 7 7 8 11 4 2 9 4 0 8 3 11 4 4 5 10 10 8 8 4 4 11 5 11 11 5 0 5 7 7 9 8 7 7 7 10 10 8 8 7 7 11 10 8 7 7 7 8 11 4 4 10 8 8 7 11 1 8 9 11 5 7 8 1 3 11 5 4 4 4 4 11 5 7 11 11 5 4 5 11 5 4 4 4 11 5 4 4 11 11 5 2 10 6 7 7 10 8 7 7 7 0 6 7 7 7 7 7 7 7 7 8 4 4 4 10 10 8 8 7 11 10 8 7 7 8 11 1 9 8 8 11 11 5 4 4 5 1 9 8 11 11 5 4 4 5 11 4 4 11 5 2 11 3 5 11 11 5 5 10 8 10 10 8 2 3 4 10 11 5 7 8 10 10 8 7 7 8 4 4 4 4 4 4 4 4 4 10 10 8 0 9 8 0 6 7 7 7 7 7 7 7 7 7 7 7 7 7 7 8 11 11 5 4 5 11 5 4 4 10 10 8 2 6 7 7 7 11 10 8 8 11 4 11 5 4 1 3 4 4 11 5 2 11 3 5 11 4 4 4 4 4 4 4 4 4 5 10 2 9 10 8 7 7 0 6 8 4 11 4 4 5 10 10 8 10 8 8 11 5 7 7 7 7 10 7 10 8 7 7 8 10 10 2 8 9 5 11 10 7 7 7 8 1 3 4 4 4 4 5 10 2 9 11 5 5 7 11 5 10 4 4 4 4 4 5 11 4 5 7 4 10 11 8 10 8 7 7 7 8 7 10 7 7 8 11 7 7 7 10 7 7 8 5 10 10 8 2 6 4 4 11 5 4 1 3 4 4 4 4 11 4 4 11 5 4 11 5 2 4 9 5 10 10 8 4 5 11 2 3 10 11 5 5 4 10 10 8 7 7 7 8 0 6 7 7 7 7 7 7 7 7 7 10 7 8 4 4 4 11 4 10 8 2 9 10 7 8 8 11 5 4 11 11 5 4 4 4 4 5 10 10 8 7 8 11 4 10 8 8 10 8 11 2 9 4 10 8 0 6 7 7 7 7 8 4 1 11 3 1 3 5 4 4 11 11 5 4 4 4 5 10 7 10 8 4 2 9 11 5 5 4 4 11 4 5 7 7 11 11 5 5 11 11 5 7 8 10 10 8 10 8 0 6 7 7 7 7 7 7 8 7 10 10 8 8 4 4 4 1 3 11 5 4 4 4 11 11 5 2 6 10 10 8 4 4 4 5 4 4 10 8 7 10 10 8 10 8 10 7 8 7 7 8 1 3 4 4 4 11 4 4 4 4 4 5 10 7 8 10 10 7 7 7 8 8 10 10 7 8 7 7 7 7 7 7 8 7 10 2 9 11 5 5 4 4 4 4 10 11 5 5 4 4 4 11 4 4 4 1 3 4 4 4 4 5 7 11 5 10 10 8 8 7 7 10 10 8 7 8 11 2 3 4 11 5 10 10 8 4 4 5 11 5 10 10 7 7 7 7 7 7 8 7 7 8 11 2 4 4 4 3 10 11 5 5 11 4 5 10 10 7 7 7 8 7 10 7 7 7 7 7 7 8 7 8 11 10 8 4 5 4 4 4 4 4 10 11 5 5 11 5 4 1 3 4 4 4 4 11 5 4 10 8 10 8 4 4 4 11 11 5 7 8 7 7 10 7 8 7 7 7 10 10 8 7 8 10 10 7 7 8 7 7 7 8 4 4 4 10 8 11 1 9 5 4 5 4 11 11 5 4 2 3 4 11 5 11 4 4 4 5 10 10 8 7 7 7 8 7 10 10 8 8 7 10 8 7 10 10 8 8 10 8 11 11 5 5 4 1 9 11 5 4 5 10 5 4 4 10 7 7 4 11 4 5 4 4 4 11 5 2 6 7 7 10 11 5 7 8 4 10 4 5 4 4 4 4 4 4 11 11 5 2 7 6 7 7 7 7 7 7 7 7 7 7 7 7 7 7 10 10 8 4 5 4 1 3 4 4 4 10 11 5 5 4 7 4 11 8 7 4 11 8 7 4 4 4 1 3 0 3 4 4 4 10 10 8 7 7 7 7 7 7 7 7 7 7 7 7 7 8 7 1 3 11 1 9 8 1 3 4 4 4 4 5 4 10 2 9 7 7 7 8 10 7 7 7 8 7 11 11 5 5 4 4 4 11 5 1 3 4 4 4 4 4 4 4 4 10 8 10 11 4 5 4 4 5 10 10 8 4 5 11 5 7 7 10 10 8 10 8 7 8 0 6 10 10 8 7 7 8 10 7 8 4 10 10 8 8 1 3 4 4 4 10 10 8 7 8 10 7 8 7 7 10 8 11 11 5 11 5 4 5 4 11 1 9 8 8 11 5 4 1 3 4 4 4 11 4 11 5 2 9 8 10 10 8 8 7 11 4 10 8 2 9 10 8 7 7 7 8 10 8 11 11 5 4 5 4 4 11 11 5 4 4 4 4 4 5 10 11 5 5 10 10 8 0 7 7 10 8 7 7 7 7 7 7 8 7 7 11 9 8 8 10 10 8 8 10 7 7 10 8 2 4 4 4 4 4 4 4 4 11 11 5 4 4 4 4 4 5
ppo_x50_b_fd_l4_same_gamma,27,qv22_33,22,233,True,1701.0,10.596810340881348,6 7 0 5 10 5 10 5 3 10 8 0 8 9 10 8 8 11 5 1 9 5 10 5 10 5 10 5 10 5 10 5 10 5 10 5 10 5 10 5 10 5 10 5 10 5 10 5 10 5 10 11 5 5 7 10 8 0 6 10 10 8 8 10 11 5 4 4 4 4 2 9 5 10 10 7 8 8 7 0 6 10 10 8 8 10 2 3 10 10 8 8 10 4 2 9 7 10 8 8 10 10 8 8 11 5 10 2 7 9 10 8 8 10 4 4 5 11 5 7 7 7 10 10 8 8 10 10 8 8 1 11 3 5 4 4 4 11 4 4 11 5 4 4 2 11 3 4 4 4 4 5 10 10 8 0 6 7 8 7 10 7 7 7 7 7 7 7 7 8 10 4 1 9 8 7 8 4 4 11 11 5 5 11 4 5 10 8 4 11 11 5 4 5 4 10 11 5 11 5 8 11 11 5 5 4 11 11 5 4 4 0 5 9 8 10 10 8 7 0 6 7 7 7 7 7 7 7 7 7 7 7 8 11 5 11 4 5 11 11 5 2 6 7 10 7 7 11 5 5 4 4 4 11 5 11 4 4 5 4 10 11 5 5 11 4 4 5 4 10 10 8 10 8 5 7 7 7 10 10 8 7 7 8 11 4 4 5 4 4 11 5 7 10 10 7 8 10 8 7 7 8 7 11 4 4 5 10 2 9 10 8 7 5 10 10 8 7 7 7 7 8 4 4 4 4 10 7 5 11 4 4 4 5 11 4 4 4 5 10 8 10 8 7 7 7 7 7 7 7 11 11 5 4 2 9 11 5 4 4 4 5 4 11 11 4 5 4 4 2 3 4 4 10 10 8 7 7 0 6 7 7 7 7 7 7 7 0 6 7 7 7 7 7 8 4 1 4 4 4 4 3 4 11 4 1 3 4 5 11 4 4 5 7 10 10 8 7 7 7 7 8 11 2 9 11 5 5 11 4 5 4 4 11 4 4 4 5 10 10 8 10 8 7 10 8 8 7 10 10 7 8 7 8 11 2 6 7 10 7 7 10 7 7 7 8 8 4 1 3 11 5 11 10 8 8 11 2 3 4 4 4 4 11 11 4 4 5 2 6 11 4 4 4 5 11 4 5 0 9 5 7 10 7 7 8 0 9 11 5 5 10 8 7 10 10 8 8 7 11 5 10 7 7 11 5 5 10 4 10 8 4 5 4 4 4 4 4 4 11 5 4 10 8 7 11 11 5 5 4 11 5 10 7 11 5 5 10 2 10 10 6 7 8 7 7 10 8 7 7 7 7 7 7 7 11 5 2 9 4 4 5 7 10 10 8 7 7 8 4 4 4 4 4 4 4 4 4 11 4 4 5 10 8 7 10 10 8 8 11 5 7 7 7 7 7 7 7 10 10 8 10 8 7 8 10 8 7 11 11 5 5 4 11 5 10 8 11 5 4 4 4 4 4 11 4 5 4 4 11 4 4 5 10 0 6 10 8 7 7 7 7 10 8 8 4 10 8 11 4 10 8 2 4 3 11 4 4 5 7 10 10 8 8 10 10 8 4 4 4 4 4 4 5 10 7 7 7 0 6 7 7 7 7 5 10 10 7 7 8 2 9 10 8 7 8 4 4 11 4 4 4 10 8 2 9 10 8 8 7 7 10 10 8 8 4 4 4 1 3 4 4 4 4 4 4 4 11 4 4 4 4 4 4 4 5 7 11 10 8 8 10 10 8 8 10 10 7 8 2 4 3 4 4 4 11 4 5 10 11 5 2 9 10 8 7 7 8 11 4 4 5 10 10 8 8 7 7 7 10 0 6 7 10 8 7 7 7 8 4 11 2 4 4 3 4 4 4 11 5 10 7 0 6 7 8 10 10 8 7 7 7 7 8 4 4 10 8 10 8 7 11 10 8 8 11 11 4 4 4 5 4 4 4 5 10 2 9 10 7 8 8 7 7 10 10 8 4 2 4 9 11 5 4 5 7 10 8 10 10 8 8 0 6 7 7 11 5 4 1 3 4 4 11 4 4 5 10 7 8 11 11 5 4 5 11 0 11 3 5 4 11 5 4 5 7 10 8 10 4 11 5 5 4 10 0 9 5 4 5 4 10 8 7 0 6 7 7 10 10 8 8 7 7 7 7 10 8 10 7 7 7 7 10 8 8 4 1 9 8 10 4 5 4 4 4 11 11 5 5 10 7 7 7 7 8 4 4 4 4 4 4 10 11 5 5 11 11 5 4 1 3 4 4 4 5 4 4 10 2 6 7 10 10 8 7 7 10 8 8 7 7 7 7 0 6 10 8 7 7 10 8 4 11 4 11 5 5 4 4 4 4 4 11 11 5 4 2 9 10 8 8 4 10 8 7 11 11 5 4 4 4 4 5 11 2 6 7 0 6 10 8 10 7 8 10 8 7 7 7 10 10 8 8 4 10 4 10 7 7 8 2 6 10 10 8 4 4 5 0 6 10 8 7 7 10 10 8 8 4 4 1 9 5 4 4 11 10 8 4 2 3 4 4 4 4 11 4 4 11 5 7 11 5 11 5 4 2 11 9 5 8 0 6 10 10 8 8 10 10 8 7 7 7 7 8 4 11 4 4 4 4 4 4 5 10 8 7 7 7 7 11 11 5 7 7 8 4 4 11 5 10 7 11 5 4 4 7 4 7 4 7 10 5 4 7 4 4 4 4 4 5 7 7 10 7 7 7 8 7 7 10 10 8 7 7 7 7 8 4 4 4 4 4 4 11 5 7 10 10 8 10 8 7 7 7 8 7 10 7 8 11 4 11 5 2 9 11 5 4 5 7 10 8 10 7 8 11 11 5 4 4 4 4 4 5 4 11 11 5 4 4 5 11 5 10 10 8 2 6 10 10 8 4 5 7 7 7 7 7 7 10 10 8 2 6 10 8 11 4 4 5 4 4 4 4 4 4 11 4 5 10 10 8 8 4 4 4 11 4 11 5 5 7 10 8 7 10 8 4 10 10 8 7 7 8 11 4 4 4 5 10 5 10 5 10 5 4 11 11 5 2 7 7 7 7 7 6 0 6 7 7 7 7 10 7 7 8 4 10 10 8 7 7 8 11 1 9 5 5 1 10 9 8 5 11 4 4 11 5 5 10 7 8 4 11 11 5 5 11 10 8 7 1 3 2 3 4 4 4 4 4 10 11 5 11 5 7 11 5 0 9 5 4 4 5 7 7 10 8 7 10 8 10 0 6 8 11 11 5 5 4 10 10 8 8 7 7 7 10 7 7 7 11 5 11 5 5 4 4 4 1 3 4 4 4 11 4 5 4 10 0 9 5 5 10 10 8 10 8 8 7 10 10 8 10 8 7 10 8 7 7 8 10 2 9 10 8 8 4 11 4 4 4 4 4 4 4 4 4 5 10 8 7 10 11 5 5 4 11 11 5 4 2 9 8 7 10 8 10 11 5 5 10 0 6 10 0 6 7 7 8 7 10 8 7 7 8 10 10 8 7 7 7 7 8 10 10 8 5 4 4 11 5 7 11 10 8 8 11 2 3 4 4 4 10 8 11 11 5 5 4 4 11 11 5 2 11 3 5 11 7 0 6 7 7 8 10 10 7 7 7 8 2 6 4 4 4 4 4 4 4 4 4 4 11 5 10 7 10 0 6 8 8 11 4 4 4 5 10 10 7 7 7 8 7 7 7 7 8 10 7 7 10 8 8 4 4 4 4 11 2 9 5 11 11 5 2 4 4 9 11 5 4 1 3 4 4 4 4 4 4 4 5 7 10 11 5 2 9 5 10 10 8 7 7 7 7 7 7 7 7 7 7 7 7 7 8 4 4 4 4 11 2 4 4 10 10 8 7 8
ppo_x50_b_fd_l4_same_gamma,28,qv22_34,22,228,True,1699.0,10.373024940490723,8 6 10 8 0 8 9 10 8 8 11 5 11 11 5 5 7 7 10 11 5 5 7 7 10 10 8 8 10 10 8 8 10 4 5 10 10 8 10 8 8 10 4 5 10 10 7 8 8 10 4 5 11 5 10 7 7 10 8 8 10 10 8 7 5 4 11 5 7 4 7 4 7 4 7 4 7 4 4 11 4 10 8 7 7 7 8 4 4 4 10 8 10 10 7 8 10 8 8 4 7 4 4 1 3 4 11 4 4 5 4 4 4 4 4 10 11 5 5 4 4 4 11 5 7 7 0 6 7 7 7 7 10 10 8 4 5 10 7 7 8 10 7 7 7 7 7 7 10 7 8 8 4 4 11 4 5 0 6 11 10 8 8 11 5 4 4 4 4 4 4 4 4 4 4 10 10 8 7 7 7 7 8 10 7 11 5 4 4 5 10 11 5 2 6 7 7 7 7 7 7 7 11 10 8 8 7 11 11 5 4 1 3 5 4 11 2 9 10 7 5 1 3 5 11 5 4 4 4 4 4 11 11 5 5 10 7 0 9 5 8 4 11 4 5 7 10 8 4 10 8 7 10 10 8 2 6 7 11 4 4 4 4 4 11 5 4 4 5 7 0 6 7 10 11 5 5 7 7 10 8 10 10 8 7 7 7 7 7 10 8 2 9 4 7 4 7 4 7 5 11 4 4 4 4 5 10 4 4 10 4 4 4 4 5 11 5 5 10 2 6 7 10 7 8 7 10 8 7 10 10 7 8 7 10 8 2 4 3 11 5 10 10 8 2 10 9 5 5 4 4 4 11 5 10 4 5 10 5 10 5 10 5 4 7 4 4 10 10 8 7 0 6 0 6 0 6 7 7 10 8 7 7 7 8 11 4 10 8 4 5 4 4 10 7 5 7 11 5 10 10 8 7 7 7 8 4 7 10 8 4 11 11 5 5 11 1 3 4 1 3 4 5 11 2 9 4 5 10 10 8 8 4 4 11 4 4 5 4 4 4 4 4 4 10 10 8 8 7 7 7 7 7 7 7 7 7 7 11 5 7 11 11 5 7 0 6 8 7 0 11 9 8 8 4 11 5 11 5 11 11 5 4 4 4 4 5 4 4 4 11 11 5 2 9 8 10 8 10 11 5 2 9 10 8 2 10 6 7 7 8 7 7 7 7 7 7 7 10 10 8 7 7 8 4 10 8 11 4 5 4 11 10 8 2 11 3 4 5 4 4 10 7 0 6 7 7 7 7 8 11 11 5 4 4 10 8 7 7 7 8 4 11 11 5 4 5 4 1 3 4 11 4 5 4 11 4 4 11 5 4 5 11 11 5 4 2 6 7 7 10 8 7 7 7 11 5 10 10 8 7 7 7 8 7 10 8 4 10 10 8 7 7 8 10 8 4 4 4 4 4 11 10 8 2 9 8 4 11 5 4 4 4 4 4 4 4 11 4 4 5 11 11 5 2 9 7 7 7 10 8 8 4 10 4 4 2 9 10 8 8 4 4 11 10 8 2 6 10 7 10 8 8 0 6 7 11 5 10 10 8 7 5 10 10 7 7 8 2 6 7 10 8 11 10 8 8 10 10 8 2 10 6 11 5 5 4 4 11 11 5 5 11 11 5 2 9 8 4 4 4 4 4 4 4 4 10 8 7 10 8 7 7 7 7 10 10 8 8 7 7 10 7 7 8 11 5 4 1 3 4 4 4 10 8 11 11 5 4 4 2 4 3 11 5 11 4 11 5 8 10 8 7 7 7 11 0 6 8 4 11 11 5 5 10 8 4 4 10 11 5 5 11 8 11 8 11 5 4 10 11 5 5 7 10 8 7 7 7 7 7 7 11 5 10 10 8 7 7 7 7 8 10 10 8 8 10 10 8 2 6 4 4 4 4 11 5 4 11 11 5 4 2 3 4 4 4 11 5 10 8 4 4 4 4 4 4 11 11 5 7 8 7 11 5 7 7 7 10 11 5 5 11 2 3 4 10 10 8 0 6 8 7 7 7 7 7 10 7 8 11 11 5 2 3 10 10 8 0 6 7 7 7 7 7 7 8 1 3 4 4 11 5 10 10 8 2 4 3 11 11 5 4 5 4 4 4 7 4 7 4 7 4 7 4 11 4 4 5 10 10 8 0 6 7 7 8 11 11 5 5 1 3 4 4 4 11 4 4 5 11 7 8 0 9 8 10 10 8 8 10 7 7 10 8 7 7 7 7 7 7 7 8 4 4 11 11 5 4 2 4 3 11 5 10 10 8 4 4 5 10 8 7 10 10 8 7 8 4 4 4 4 4 4 4 11 4 5 11 11 5 11 5 4 5 0 9 5 10 10 8 7 7 7 7 8 10 7 7 7 7 7 7 0 6 7 7 7 10 8 10 8 8 11 5 4 4 11 4 5 4 1 3 4 4 4 4 4 11 4 5 4 4 4 4 11 5 10 8 0 6 7 7 10 10 8 7 10 8 7 8 7 4 10 4 4 5 7 10 10 8 8 7 0 11 9 8 8 10 10 8 7 7 7 7 7 8 11 4 4 4 5 10 7 7 8 11 11 5 5 1 3 4 10 10 8 4 2 3 4 4 4 11 5 4 4 11 11 5 2 6 7 7 7 7 11 7 0 6 7 7 7 7 8 1 3 11 5 4 4 4 4 4 11 5 4 11 4 11 5 7 7 7 7 8 4 11 4 4 4 4 5 4 4 4 11 11 5 0 5 10 6 8 7 7 10 8 7 7 7 11 11 5 4 2 9 10 8 8 10 8 7 7 7 11 10 8 8 4 4 4 1 3 4 4 4 10 11 5 5 4 10 2 3 4 10 10 8 8 7 7 7 7 7 7 7 7 7 10 8 7 7 7 7 7 11 11 5 1 3 4 5 4 4 11 4 4 4 5 1 3 4 11 4 4 5 10 11 5 2 10 6 10 8 7 8 11 2 10 6 7 10 8 7 7 8 4 10 11 5 5 10 7 7 7 10 8 7 7 7 7 7 8 4 4 1 3 4 10 8 4 4 10 8 11 4 11 5 7 8 11 5 1 3 4 4 4 4 4 4 11 11 5 4 4 2 9 8 7 7 11 11 5 5 10 8 10 10 8 8 11 7 4 7 8 11 8 10 8 11 8 10 8 10 10 8 4 4 4 4 4 4 4 5 11 4 4 5 7 0 9 5 11 5 10 10 7 8 7 8 7 7 7 7 10 10 8 2 9 7 0 6 7 7 7 7 10 8 2 9 4 1 3 4 5 10 10 7 8 7 7 7 8 11 1 8 9 11 5 5 4 11 11 5 7 8 11 5 4 4 4 11 4 4 4 4 4 4 4 4 11 5 11 5 7 8 11 11 5 2 6 0 10 9 5 5 10 10 8 0 6 10 8 7 7 8 7 7 7 11 5 10 10 8 7 8 11 4 4 4 4 5 4 4 4 10 11 5 5 11 5 10 10 7 7 8 10 8 7 7 7 7 7 7 8 4 11 4 4 4 4 4 5 10 10 8 7 7 7 8 11 2 4 9 5 4 10 10 8 7 10 8 7 7 7 8 4 10 7 7 11 5 4 4 5 10 8 10 10 8 7 7 8 11 4 4 4 4 4 4 5 4 4 11 1 3 4 4 5 10 8 0 10 10 7 8 8 10 6 0 6 7 7 8 7 7 10 10 8 8 4 4 4 4 4 4 10 8 11 11 5 2 11 4 9 5 5 11 4 4 11 5 4 4 4 4 5 4 10 10 8 7 7 7 8 11 11 5 2 6 10 7 7 7 7 7 7 10 8 8 10 10 8 7 8 4 10 10 8 8 4 4 4 4 4 11 11 5 4 4 4 4 4 4 4 4 4 4 5
ppo_x50_b_fd_l4_same_gamma,29,qv22_35,22,235,True,2109.0,10.721669435501099,8 6 10 5 10 5 10 5 10 5 10 5 10 5 10 5 10 5 10 5 7 8 7 4 7 4 7 4 7 4 7 4 7 4 7 4 7 4 11 8 7 4 7 4 7 4 7 4 7 4 11 4 10 5 10 5 10 5 10 5 10 5 10 5 10 5 10 5 7 8 7 4 7 4 7 4 7 4 7 4 11 8 7 4 11 8 7 4 7 4 7 4 7 4 7 4 7 4 7 4 10 10 5 10 5 10 5 10 5 10 5 10 5 10 5 10 5 10 5 10 5 10 5 10 5 10 5 10 5 10 5 10 5 10 5 10 5 10 5 10 5 10 5 10 5 10 5 10 5 10 5 10 5 10 5 10 5 10 5 10 5 10 5 10 5 10 5 10 5 10 5 10 5 10 5 10 5 10 5 10 5 10 5 10 5 10 5 10 5 10 5 10 5 10 5 10 5 10 5 10 5 10 5 10 5 2 9 11 5 5 7 7 4 7 4 7 4 7 4 7 4 7 4 7 4 7 4 7 4 10 4 5 7 10 10 8 8 10 7 5 11 4 4 4 5 7 7 10 11 5 5 7 4 7 4 7 4 7 4 7 4 7 4 7 4 7 4 7 4 7 4 7 11 7 4 4 5 7 7 10 8 10 10 8 8 10 10 8 8 11 5 4 4 4 4 4 11 5 10 10 7 7 7 8 7 10 8 7 10 8 8 10 10 8 8 10 10 8 8 11 10 8 2 9 10 8 8 10 11 5 4 4 4 5 11 4 2 3 4 4 4 4 4 10 8 10 8 10 10 8 10 8 7 8 7 10 10 8 8 10 8 10 7 10 8 8 4 11 5 10 10 8 2 9 5 4 4 4 10 8 4 4 10 11 5 5 10 8 4 4 4 4 4 4 10 11 5 5 11 11 5 5 4 11 5 10 10 8 0 6 7 7 7 7 7 7 7 8 10 10 7 8 2 9 5 7 4 7 4 7 10 8 7 7 10 10 8 8 4 4 4 4 4 1 3 4 4 11 4 5 10 10 8 8 11 5 7 0 6 7 10 8 10 8 4 11 11 5 0 6 7 7 8 10 8 1 11 3 5 4 4 4 11 4 11 5 4 4 2 3 7 7 7 10 10 8 2 6 4 4 11 10 8 2 3 4 4 4 4 10 11 5 5 4 4 4 4 4 10 10 8 7 7 0 6 7 7 7 7 10 8 2 7 6 7 10 7 8 11 11 5 5 4 4 4 11 5 7 10 10 8 7 8 11 4 4 1 3 5 4 4 4 11 5 4 10 10 8 8 10 4 4 5 10 7 10 8 8 10 10 4 8 10 5 10 7 8 7 8 7 7 7 7 10 8 10 8 11 10 8 8 11 8 11 8 11 5 11 11 5 5 11 5 4 4 11 4 4 4 4 4 5 4 4 4 10 10 8 7 7 7 7 7 7 8 11 2 3 10 10 8 7 7 7 7 7 8 7 10 10 8 4 2 4 3 4 4 4 11 5 10 10 8 8 4 10 4 4 4 4 4 5 7 10 10 7 8 10 8 8 11 4 4 4 4 4 4 5 4 4 11 5 10 8 10 10 8 7 8 7 7 7 7 11 5 10 10 8 7 7 7 7 8 4 4 4 11 4 5 11 11 5 5 7 7 10 10 8 7 7 7 7 7 7 8 11 8 11 5 4 4 4 4 11 4 4 4 4 4 4 4 5 4 1 9 8 11 4 4 5 4 4 10 10 8 8 7 7 10 7 7 8 7 7 7 7 7 7 10 10 8 8 10 10 7 7 8 2 3 7 11 11 5 5 4 11 2 6 11 10 8 8 11 11 5 4 8 4 4 11 10 8 8 7 10 7 8 10 10 5 10 5 10 5 10 8 8 4 4 4 4 4 11 4 5 4 4 4 4 11 11 5 4 5 4 10 10 8 2 6 7 10 8 11 11 5 5 10 4 10 5 4 2 9 10 8 7 8 10 8 7 7 7 10 11 5 5 4 4 4 4 4 4 4 4 4 0 10 9 5 5 4 10 10 8 7 10 8 7 8 10 4 2 6 10 10 8 10 8 7 7 8 4 11 5 10 10 7 8 7 7 7 7 7 8 11 11 5 5 4 4 10 2 4 3 4 4 7 4 7 10 7 7 10 8 7 7 7 8 4 4 4 4 4 4 11 5 4 4 4 4 4 11 4 5 7 7 7 7 10 10 8 7 7 8 11 4 5 7 7 10 7 7 7 7 7 10 8 8 4 1 9 10 8 7 8 4 4 1 3 4 4 4 4 4 4 1 3 4 4 11 4 5 4 4 4 0 9 11 5 5 10 10 8 10 8 0 6 7 7 10 8 8 7 7 10 10 8 7 7 7 7 7 7 8 11 11 5 11 5 2 6 4 11 2 4 9 4 4 4 4 4 4 4 4 4 4 4 4 4 5 7 7 7 7 10 4 4 5 10 10 8 8 10 10 8 8 10 10 8 7 7 7 7 7 8 4 11 2 3 4 4 4 4 4 1 3 7 11 10 8 8 11 2 9 11 5 5 4 4 4 10 4 4 5 10 8 7 10 11 5 5 4 10 10 8 7 0 6 7 7 7 8 11 5 7 7 7 10 10 8 7 8 7 10 10 8 8 11 4 11 5 5 7 11 7 7 10 8 8 10 7 10 8 8 11 2 3 11 11 4 5 4 4 4 5 4 4 4 11 4 4 4 4 5 4 11 4 8 7 7 7 7 7 10 10 8 8 11 4 4 5 1 9 8 11 4 4 4 4 11 5 2 6 7 7 10 0 6 10 8 8 10 10 8 8 10 7 7 7 7 7 7 8 7 11 11 7 8 7 8 10 10 8 4 4 4 2 3 11 5 1 3 4 4 11 4 4 4 10 8 2 6 7 10 10 8 8 11 5 4 4 4 11 11 8 4 4 4 4 4 4 5 7 7 10 8 7 7 7 7 7 7 7 7 7 7 7 11 10 8 8 7 4 7 4 7 4 7 10 8 11 11 5 4 5 10 7 11 8 8 11 11 5 4 11 5 11 5 11 5 4 5 4 4 4 4 10 0 9 8 7 7 7 7 8 11 11 5 4 4 4 4 5 4 4 4 4 4 11 4 5 0 6 7 11 4 5 10 10 8 7 8 7 10 7 7 7 7 7 8 10 8 11 11 5 2 6 10 0 6 8 7 7 7 1 9 7 8 1 3 11 11 5 11 5 1 3 4 4 4 4 4 4 4 4 5 4 11 5 7 10 10 8 7 7 11 5 2 3 4 11 5 4 4 10 10 8 7 10 8 8 10 10 8 0 6 7 7 8 4 11 4 5 10 10 8 7 7 7 7 7 8 4 11 5 11 4 4 11 5 2 9 7 10 8 4 5 4 4 4 4 4 4 10 7 8 7 7 7 10 0 6 8 4 10 10 8 7 7 8 4 4 1 10 4 3 10 8 2 11 9 8 11 8 11 7 8 7 0 6 7 7 8 10 8 11 4 1 5 9 10 8 8 4 4 11 11 5 0 6 8 7 11 4 4 4 4 5 4 4 4 4 4 4 11 11 5 5 4 10 10 8 7 8 10 0 9 8 7 7 7 7 8 7 10 8 11 4 4 4 5 10 11 5 5 7 0 6 11 10 8 8 10 10 8 10 8 7 7 0 6 7 7 7 7 8 11 5 11 11 5 5 4 11 11 5 5 11 4 11 5 4 4 4 4 4 5 7 7 11 11 5 7 8 4 4 4 4 11 5 11 5 7 7 7 10 11 5 5 7 10 10 8 7 10 8 7 7 0 6 7 7 7 7 8 7 11 10 8 2 6 4 11 11 4 4 5 7 0 6 7 7 7 7 8 11 5 11 10 8 8 11 5 11 5 4 4 11 4 5 4 11 4 5 11 11 5 4 4 4 5 0 6 7 7 11 10 8 8 7 10 10 8 2 6 11 4 4 4 4 4 4 5 4 4 10 11 5 5 7 7 7 4 1 9 11 5 2 3 7 10 10 8 7 0 6 8 11 5 10 10 8 7 7 7 7 7 7 7 7 7 7 7 8 11 11 5 4 4 2 3 10 11 5 2 6 7 7 11 7 11 5 5 4 4 1 3 11 11 5 4 2 4 4 3 4 4 11 10 8 4 5 7 7 10 8 10 10 8 4 4 5 10 8 10 10 7 7 8 8 7 11 7 8 11 8 11 8 11 8 7 1 7 3 1 6 1 11 3 5 11 7 5 11 5 4 4 4 4 4 4 4 10 11 5 5 10 8 4 4 4 11 5 11 11 5 2 7 6 7 7 7 7 7 11 5 7 7 7 7 7 7 7 7 7 7 11 5 10 10 8 8 11 4 5 11 4 4 4 5 7 10 7 7 5 4 4 4 4 4 4 4 10 11 5 5 4 10 4 4 5 7 10 8 7 0 10 9 5 5 7 10 10 8 7 7 7 7 7 7 7 7 7 7 8 1 3 4 1 3 4 4 4 4 11 4 4 4 4 5 10 7 8 7 11 5 10 10 8 7 7 7 0 6 7 8 11 5 7 10 10 8 7 7 8 11 4 4 4 4 1 4 4 4 4 4 3 4 5 11 4 5 4 4 10 10 8 0 6 7 0 6 7 7 7 7 8 1 4 4 3 11 1 3 5 10 10 8 8 10 10 8 8 10 10 8 8 10 10 7 7 7 8 8 7 1 3 4 4 11 5 10 4 4 11 4 4 4 4 4 4 4 5 4 4 4 11 5 2 9 8 10 10 7 7 7 7 7 7 7 7 7 7 7 7 7 2 8
ppo_x50_b_fd_l4_same_gamma,30,qv22_36,22,229,True,1605.0,10.411518335342407,6 8 10 5 10 5 10 8 8 7 11 4 1 9 5 8 10 8 7 10 11 5 7 8 10 4 4 4 4 2 9 0 9 8 8 7 10 0 6 10 8 8 10 4 2 6 10 4 4 5 10 8 7 10 10 8 8 10 10 8 8 11 5 10 4 4 4 4 4 4 5 7 11 5 4 10 10 8 7 7 7 7 10 8 7 7 10 8 8 10 10 8 8 10 10 8 7 5 10 10 8 8 11 5 11 4 4 4 11 5 7 7 8 4 11 5 11 11 5 5 10 10 8 4 5 11 4 10 8 7 7 7 7 7 8 4 4 4 4 10 4 4 4 4 4 4 4 5 7 7 0 6 7 7 7 7 7 11 5 10 10 8 8 7 10 10 7 7 8 2 9 5 10 10 8 8 4 4 4 4 4 4 4 4 10 11 5 4 4 4 4 5 4 10 11 5 5 0 9 11 5 4 4 4 5 7 7 7 7 10 8 7 11 5 10 8 7 7 7 7 10 7 7 7 7 8 7 7 10 10 8 4 2 11 3 11 5 4 5 4 4 11 5 11 11 5 5 4 4 4 4 11 5 7 7 10 0 6 8 7 10 10 8 2 9 10 8 8 4 4 10 2 6 7 11 10 8 7 7 7 7 8 11 2 9 5 7 7 7 11 11 5 1 4 4 3 4 4 4 5 4 4 11 5 11 4 11 5 2 3 7 10 8 10 10 8 7 8 11 11 5 2 3 4 4 4 11 11 5 5 7 7 7 10 8 11 11 5 5 11 2 9 10 8 8 7 7 10 8 4 11 5 4 11 5 4 4 4 4 10 10 8 0 6 7 7 7 7 7 7 7 7 8 11 7 7 7 7 8 11 11 5 11 5 4 4 11 5 2 6 10 0 6 8 10 8 1 4 9 11 5 5 4 10 10 8 2 3 11 11 5 4 4 4 4 5 10 8 10 10 8 7 8 7 7 7 11 5 10 10 8 10 8 8 7 10 8 7 7 11 5 1 3 11 4 10 8 2 6 11 11 5 4 1 4 3 4 5 4 4 4 4 4 4 4 10 11 5 5 10 10 8 2 9 11 5 2 3 4 4 10 10 8 7 7 7 0 6 7 7 7 7 7 7 7 7 7 7 7 7 7 8 4 11 5 10 10 2 8 9 1 3 1 3 4 4 4 4 4 4 4 4 4 4 5 7 7 10 7 8 7 10 10 8 8 7 11 11 5 2 4 4 3 4 11 4 4 4 4 5 7 7 11 5 4 11 5 10 10 8 7 10 8 7 10 8 8 4 11 5 10 10 8 2 10 9 8 0 6 7 8 10 10 8 2 10 9 5 5 10 10 8 7 8 10 10 8 8 11 4 4 5 7 10 8 10 10 8 8 4 4 1 3 1 9 8 7 0 9 7 8 11 11 5 1 3 4 11 5 4 4 4 5 11 4 4 4 5 4 4 10 11 5 5 11 4 11 5 2 6 7 7 7 7 10 11 5 5 4 11 4 5 10 4 8 0 9 8 7 7 10 10 8 7 10 8 8 7 7 7 7 10 8 4 4 11 11 5 5 7 7 7 10 7 7 7 7 8 11 11 5 5 11 5 4 4 4 4 4 4 4 11 4 4 4 4 5 4 4 4 0 10 9 5 5 10 10 8 7 7 7 7 0 6 7 10 8 4 5 10 10 8 10 8 8 4 11 5 10 10 8 4 4 4 4 4 5 1 9 11 5 2 9 4 5 10 10 8 7 7 7 7 8 11 4 4 4 5 10 10 8 7 7 7 7 7 7 7 8 10 7 10 8 7 8 4 4 4 4 11 5 10 10 8 4 4 4 4 5 10 7 7 7 7 7 5 7 11 11 5 4 4 5 4 4 4 11 4 5 10 2 9 10 8 8 11 4 5 11 4 4 4 4 5 0 6 7 7 10 11 5 7 8 7 7 10 10 8 7 8 4 10 10 8 8 7 7 11 5 10 10 8 7 7 8 10 2 9 10 8 7 7 8 4 10 8 11 11 5 5 4 11 4 4 4 4 11 5 4 4 4 5 4 4 4 4 4 4 11 5 0 9 5 10 10 8 7 10 8 0 6 10 8 8 7 7 7 0 6 10 7 7 7 7 7 7 7 8 1 9 10 8 8 11 5 4 11 5 11 11 5 4 4 4 11 5 5 11 4 4 11 5 4 5 11 4 4 5 0 10 9 5 5 10 0 9 5 5 11 5 10 10 7 8 7 7 7 7 5 10 10 8 0 6 7 8 7 7 7 7 10 7 7 8 11 11 5 2 9 5 11 11 5 5 11 11 5 4 1 3 4 5 10 7 7 7 8 11 11 5 5 7 7 7 7 7 10 8 7 10 10 8 4 4 4 4 2 4 4 4 3 4 4 11 11 5 5 4 11 4 4 4 4 5 10 10 8 10 8 10 8 8 11 2 3 4 10 11 5 5 7 10 10 8 7 7 7 7 10 8 8 4 11 4 5 10 10 8 2 9 0 6 7 7 7 8 11 11 5 2 11 9 8 8 11 11 5 2 10 9 8 5 11 4 5 4 4 4 4 11 5 10 8 4 4 4 4 4 10 11 5 5 7 7 7 7 7 7 7 7 10 7 8 4 11 11 5 5 11 2 6 10 7 7 7 10 8 7 7 7 8 10 7 8 1 3 11 4 1 9 5 8 7 11 7 7 7 7 11 5 5 4 4 11 7 10 8 8 10 10 8 8 11 4 4 4 5 11 5 4 4 4 4 4 11 4 4 4 4 4 4 11 5 2 6 10 10 8 7 11 8 11 8 11 8 11 8 7 7 7 8 4 11 2 9 11 5 11 5 4 4 2 9 5 7 0 6 4 4 4 10 11 5 4 2 10 9 8 7 10 8 7 7 10 8 7 7 7 8 11 4 5 11 5 4 10 10 8 7 7 0 6 7 8 11 5 10 10 8 7 7 8 7 10 7 8 11 11 4 8 2 3 11 4 11 5 2 6 4 4 10 4 10 8 4 8 7 11 10 4 8 11 5 4 4 4 4 4 4 4 5 7 7 7 0 6 7 10 8 10 10 8 7 7 7 7 8 1 6 1 6 1 6 1 6 1 6 1 6 1 6 1 6 1 6 1 11 9 8 8 1 6 1 9 10 8 8 7 10 8 1 3 4 4 4 4 11 4 5 10 10 8 8 11 4 5 11 11 5 11 4 4 5 7 8 7 7 7 7 10 7 7 8 4 4 4 4 4 4 4 4 4 4 4 10 2 4 6 10 11 5 5 11 11 5 2 9 5 4 10 10 8 7 7 7 7 7 8 7 10 8 7 11 10 8 8 11 4 11 5 4 4 4 11 5 2 3 11 5 10 10 7 7 8 8 7 7 7 7 7 11 5 4 4 10 8 10 7 10 8 7 7 7 7 8 1 9 8 4 11 11 2 4 5 6 7 11 10 8 8 7 10 7 10 8 4 2 9 5 4 11 5 4 10 8 11 11 5 4 11 5 2 4 4 4 9 11 5 4 4 4 5 4 4 11 11 5 2 3 7 10 10 7 7 7 7 8 7 7 7 7 7 8 11 10 8 8 10 7 7 10 2 8 4 4 4 4 11 11 5 4 4 4 5 4 11 11 5 4 4 4 4 4 4 5
ppo_x50_b_fd_l4_same_gamma,31,qv22_37,22,226,True,1768.0,10.280126094818115,8 6 10 5 10 5 10 5 10 5 10 5 10 5 10 5 10 5 10 5 10 5 10 5 10 5 10 5 10 5 10 5 10 5 10 5 10 5 10 5 10 5 10 5 10 5 10 5 10 5 10 5 10 5 10 5 10 5 10 5 10 5 10 5 10 5 10 5 10 5 10 8 8 7 7 10 10 8 8 10 10 8 8 11 5 4 10 4 4 4 11 5 5 7 7 10 10 8 4 5 4 11 5 7 10 11 5 5 11 5 7 7 7 4 7 4 7 7 4 4 7 10 11 5 5 7 10 2 9 5 10 10 8 7 7 7 10 8 8 10 10 8 8 10 4 5 10 7 10 8 8 10 10 8 8 4 10 8 11 1 9 5 4 4 5 11 11 5 4 4 4 4 4 4 4 2 3 4 10 8 7 11 5 7 7 11 10 8 8 0 6 10 7 7 7 8 4 4 4 4 4 11 5 7 10 8 10 10 8 10 8 7 7 7 7 8 10 7 7 10 8 8 1 3 4 11 4 4 4 4 5 4 11 2 3 10 8 7 7 7 7 10 10 8 8 0 11 5 9 10 8 8 10 11 5 5 4 4 4 11 1 3 4 4 4 4 4 5 4 11 11 5 11 5 2 9 5 10 8 7 7 7 7 0 6 11 11 5 5 4 4 11 5 10 5 10 5 4 10 5 4 10 10 8 7 7 7 0 6 7 10 8 7 7 8 4 11 4 5 4 10 11 5 5 10 7 10 7 7 8 10 8 7 7 7 7 7 7 7 10 8 8 4 10 8 1 9 11 5 5 10 8 11 4 8 1 3 4 4 7 4 11 4 4 5 10 7 5 10 10 7 8 8 4 4 4 4 11 4 2 9 10 8 8 11 4 5 4 11 4 4 4 4 11 5 2 3 7 10 11 5 5 10 10 8 0 6 7 0 6 8 7 7 10 10 8 8 10 10 8 2 3 10 11 5 5 10 10 0 6 7 7 8 7 8 7 11 5 4 10 8 10 7 2 9 11 5 7 8 4 4 1 3 4 4 11 5 4 4 4 4 4 4 11 4 4 11 5 2 9 7 8 10 10 8 8 10 7 7 8 4 10 10 8 7 7 7 8 4 4 11 1 3 4 4 5 11 4 4 4 2 9 11 5 4 4 5 11 5 7 7 11 5 10 0 6 8 7 10 4 5 10 10 8 8 10 4 4 4 5 10 8 7 10 10 7 7 8 8 7 7 10 10 8 8 10 4 10 8 7 7 8 4 4 1 3 4 4 11 4 5 11 11 5 4 1 8 11 9 8 8 4 4 10 5 4 4 11 11 5 2 6 7 10 8 7 10 5 11 10 8 8 4 4 4 4 4 10 10 8 7 8 7 7 7 7 7 7 10 10 8 8 10 2 7 9 10 8 8 10 10 8 7 8 4 4 11 4 4 5 11 5 4 10 10 8 7 7 7 10 8 8 10 10 8 7 8 11 11 5 4 4 5 11 4 4 4 4 4 5 4 4 11 4 5 4 4 4 10 0 8 6 7 10 10 8 2 6 10 8 7 7 7 11 5 10 10 8 8 10 2 6 7 10 10 8 7 8 11 5 4 4 4 4 4 11 4 5 4 10 10 8 7 7 7 7 8 11 4 4 5 10 2 9 8 1 3 4 4 11 5 11 11 5 4 4 4 5 10 10 8 2 3 10 11 5 5 11 11 5 5 10 8 7 10 10 8 8 7 7 7 7 7 7 0 6 7 7 7 10 10 8 2 6 11 11 5 4 5 10 10 8 7 7 8 7 11 11 5 4 4 4 4 5 11 5 11 4 4 10 8 8 1 3 11 4 4 4 4 4 5 4 11 11 5 4 11 5 2 9 8 10 8 11 11 5 2 9 8 10 10 8 2 10 10 8 6 0 6 7 7 7 7 10 8 8 10 4 5 7 10 10 8 7 8 7 7 10 10 8 2 6 11 11 5 4 4 4 4 4 4 7 4 7 4 7 4 7 4 7 4 7 4 10 8 7 10 8 7 7 7 7 7 7 8 11 2 3 4 4 4 1 9 10 8 8 11 4 5 4 4 4 4 4 10 10 8 2 6 7 7 7 7 7 7 11 5 7 11 5 7 11 5 11 10 8 8 11 4 4 11 5 4 4 4 4 11 5 4 5 4 11 4 10 8 2 6 7 10 8 11 4 5 0 6 7 7 10 7 8 7 10 10 8 2 6 11 4 4 4 4 4 4 4 5 10 0 6 7 7 7 7 7 7 7 7 7 8 7 11 11 5 4 4 5 11 4 5 10 10 8 0 6 10 8 7 7 7 8 4 4 4 4 4 4 4 4 11 7 7 0 6 7 8 11 4 4 4 4 4 5 10 7 7 7 8 4 11 11 5 5 4 11 11 5 4 4 4 5 10 10 5 8 11 8 11 10 5 10 5 8 4 10 11 5 5 4 10 10 5 8 7 10 10 5 10 5 10 5 10 5 10 5 10 5 11 5 4 0 6 7 7 7 7 8 7 7 11 11 5 4 4 1 4 4 5 6 7 10 7 10 8 10 8 2 11 5 3 4 11 4 11 5 4 5 4 0 9 0 9 5 5 1 9 5 7 0 6 7 7 7 7 10 10 8 7 7 7 7 7 8 4 4 4 11 5 4 1 3 4 11 5 1 4 9 11 5 4 4 5 7 7 7 10 11 5 5 4 7 4 10 8 7 0 10 9 4 8 0 6 7 8 10 10 8 7 7 7 7 7 7 7 7 8 7 11 4 4 4 5 4 4 4 4 4 4 10 8 11 11 5 2 6 4 4 4 11 5 10 10 8 2 10 9 5 5 10 10 0 6 7 8 7 7 7 7 7 7 8 10 7 10 8 4 5 4 4 4 11 4 5 10 7 10 8 8 11 5 11 11 5 4 5 7 7 7 4 7 4 7 4 7 10 10 8 4 5 10 10 7 8 7 7 7 7 8 11 1 3 11 5 4 2 4 11 9 8 8 11 5 11 11 5 2 6 7 11 4 4 4 11 5 4 4 4 4 4 4 4 5 4 4 0 10 9 5 5 10 10 8 7 8 7 7 7 10 0 6 7 7 7 7 10 8 2 6 10 10 8 8 7 11 11 5 4 4 5 4 10 1 6 11 4 4 5 2 9 5 7 7 7 7 10 7 7 7 7 7 1 9 8 7 8 11 1 3 5 4 4 4 11 11 5 5 11 4 11 5 2 9 8 10 10 8 7 7 8 11 5 4 4 4 11 4 4 5 4 4 10 10 8 7 7 7 8 11 11 5 4 5 7 7 10 11 5 5 11 11 5 4 4 4 4 5 7 7 7 10 0 8 9 7 7 7 7 8 4 10 10 8 7 7 7 7 7 8 4 11 4 4 4 5 7 10 10 8 8 4 4 11 4 4 4 4 4 4 11 5 5 7 10 7 8 10 8 7 7 7 7 7 7 7 11 4 5 7 10 10 8 8 10 10 8 8 4 4 4 4 4 4 4 11 4 4 4 4 4 4 4 4 5 7 10 10 8 4 4 4 4 5 7 7 7 10 8 7 11 11 5 5 4 11 11 5 4 5 7 7 7 7 7 7 7 7 7 10 7 10 8 8 4 4 4 4 4 4 4 10 2 11 9 5 4 5 7 7 7 0 7 9 8 10 10 8 8 7 10 10 8 2 6 4 10 0 6 7 7 5 4 4 4 4 4 4 4 10 11 5 5 10 8 4 10 10 8 7 7 8 7 7 7 7 7 7 11 4 5 10 7 10 8 7 8 11 5 4 4 4 1 4 4 4 4 4 4 4 4 3 10 11 5 5 11 11 5 5 7 11 5 10 10 8 7 8 7 7 10 10 7 8 7 8 4 4 10 10 8 0 6 7 7 7 7 7 7 8 11 11 5 11 5 2 4 11 11 4 3 5 5 4 4 4 4 4 4 4 4 4 4 4 11 5 11 2 10 9 8 8 11 5 10 10 8 7 7 7 7 8 7 10 10 7 7 7 7 7 2 8
ppo_x50_b_fd_l4_same_gamma,32,qv22_38,22,229,True,1568.0,10.405865907669067,8 8 10 9 8 8 10 11 5 10 5 10 5 5 10 8 10 10 8 8 4 11 5 10 10 8 0 5 3 10 11 5 4 5 7 10 11 5 10 5 10 5 10 5 5 10 10 7 7 7 8 8 10 10 8 8 10 10 8 8 11 5 11 11 5 5 7 11 5 7 7 10 10 7 8 8 11 5 11 4 4 4 4 4 4 5 10 7 7 8 7 10 8 10 10 8 7 7 10 8 7 5 10 10 8 8 11 5 11 4 4 4 10 8 7 7 7 7 5 10 10 8 8 10 1 3 4 4 4 5 7 11 4 10 8 8 10 0 6 5 4 4 4 10 11 5 5 4 4 4 4 11 4 5 10 11 5 2 6 7 10 10 8 8 11 5 7 7 7 7 10 10 7 7 8 2 9 8 7 11 11 5 4 4 4 4 5 10 7 7 8 4 4 11 1 3 5 4 4 4 4 4 4 11 11 5 2 6 7 10 7 5 0 6 7 10 10 8 7 7 8 11 10 8 8 7 10 8 11 11 5 5 10 8 7 7 7 7 7 10 10 8 8 4 4 4 4 4 11 1 9 8 8 11 5 4 4 11 4 4 4 4 4 11 5 2 7 9 8 11 4 4 5 10 8 10 7 7 10 8 7 0 6 8 11 11 5 5 7 11 10 8 7 7 7 7 7 8 7 11 5 4 4 4 4 4 4 4 4 11 10 8 4 5 11 4 4 5 4 4 10 10 8 7 7 7 7 7 7 7 8 10 7 7 7 7 7 8 10 10 8 4 4 5 4 4 11 2 4 4 9 4 5 4 4 4 10 10 8 2 9 10 8 7 8 4 4 11 5 7 7 7 7 7 7 7 10 10 8 2 6 11 11 5 4 11 4 5 5 11 5 4 4 11 4 4 4 4 4 5 10 10 8 7 7 7 7 7 0 6 7 8 10 8 11 11 5 2 6 7 10 11 5 5 4 4 10 4 11 4 5 4 4 4 4 4 5 4 0 10 9 5 5 10 8 7 7 7 11 10 8 8 7 10 8 11 4 4 4 4 4 5 10 10 8 10 8 7 8 7 10 8 7 7 7 7 0 6 10 7 7 7 7 8 1 3 4 4 11 11 5 5 11 11 5 4 5 11 4 5 11 4 4 4 11 5 2 3 10 11 5 4 5 7 10 10 8 7 0 9 8 0 6 7 7 8 10 7 10 8 2 9 0 6 7 7 7 0 6 7 7 8 11 1 9 5 5 10 11 8 8 11 7 8 11 11 5 11 5 4 4 5 7 11 10 8 7 11 8 11 8 11 4 8 4 5 11 11 5 11 5 4 4 1 3 4 5 4 11 4 4 4 4 5 0 9 5 10 8 7 7 7 7 7 10 4 10 8 8 10 10 8 8 10 10 8 7 7 8 4 11 4 4 4 4 4 5 11 11 5 11 5 5 10 11 5 2 3 10 8 7 7 7 7 11 5 10 10 8 7 7 7 7 7 7 8 10 10 8 7 8 10 10 8 2 3 10 4 2 6 10 7 11 5 4 4 5 4 4 4 4 4 11 4 5 4 4 11 4 4 4 4 5 4 10 0 6 8 7 7 11 5 10 10 8 7 7 7 7 7 7 8 11 4 4 2 9 10 8 8 10 10 8 7 8 10 1 3 4 8 11 11 5 11 5 4 2 9 10 8 4 4 4 5 10 7 11 5 5 10 8 10 10 8 7 8 10 11 5 7 8 10 10 8 10 8 8 7 10 11 5 2 6 7 7 1 3 11 11 5 5 11 5 4 11 11 5 5 4 4 4 4 4 4 11 5 10 10 8 4 4 5 7 10 8 10 10 8 7 10 8 7 7 8 7 7 7 0 9 8 7 10 8 10 10 8 8 4 4 1 4 9 10 8 8 4 4 11 11 5 4 4 4 4 5 7 7 10 8 4 4 4 11 11 5 2 6 7 10 11 5 5 11 4 4 4 5 0 4 3 11 11 5 4 5 7 7 10 7 7 8 7 10 8 7 0 6 11 10 8 8 10 7 7 7 7 7 8 7 10 8 1 9 11 5 1 3 4 5 4 11 5 4 4 4 4 11 4 5 10 11 5 4 8 7 10 8 11 4 4 4 11 5 2 9 7 8 4 11 5 11 5 10 10 8 4 4 5 7 7 7 7 7 10 10 8 7 7 7 8 10 7 10 8 8 11 5 10 10 8 2 6 11 4 5 11 11 5 4 5 10 10 8 4 4 4 4 4 11 5 2 9 10 8 2 9 8 7 7 7 7 7 11 5 4 4 4 4 4 4 4 4 11 5 11 10 8 8 0 6 7 10 10 7 8 7 10 8 7 7 10 8 7 7 7 8 10 10 8 2 6 10 10 8 8 4 4 11 11 5 4 5 4 11 4 5 11 4 10 8 8 7 11 4 8 11 11 5 2 3 11 4 5 10 10 8 7 7 7 7 7 7 8 10 5 7 7 11 11 5 4 4 2 6 4 10 10 8 7 8 11 4 5 4 11 4 4 5 7 10 7 11 5 2 4 3 4 4 4 4 4 4 4 4 11 11 5 2 3 10 10 8 10 7 8 7 7 7 8 7 7 7 7 7 7 7 7 11 5 11 11 5 2 6 10 7 10 8 7 8 10 7 8 11 1 3 4 4 4 5 4 11 5 11 11 5 7 0 6 2 9 11 5 4 4 4 4 4 4 5 10 8 11 11 5 4 5 10 8 7 11 5 4 10 10 8 0 6 7 7 8 10 10 8 7 7 7 7 5 7 11 10 8 8 10 10 8 8 10 10 8 2 6 4 4 11 2 9 11 5 4 11 5 4 4 4 11 5 4 4 5 4 4 4 10 4 11 5 4 11 5 2 9 8 4 10 10 8 10 8 7 7 7 11 5 2 3 4 4 10 11 5 5 10 10 8 10 8 7 8 7 0 6 7 7 7 10 11 5 5 10 8 10 10 8 7 7 8 7 7 10 7 1 9 8 8 11 11 5 4 4 4 5 10 8 4 4 4 4 4 11 5 7 10 10 8 7 7 7 7 8 11 2 9 10 8 8 7 10 8 7 11 11 5 4 1 3 4 5 11 11 5 4 5 11 4 5 4 4 4 4 4 4 10 10 8 2 9 5 10 10 8 10 8 7 7 8 10 4 10 8 8 10 4 4 11 5 8 7 7 7 7 7 10 8 11 10 8 8 10 10 8 8 4 4 11 4 5 11 1 9 5 4 4 4 4 4 5 0 6 7 10 7 8 10 10 8 2 6 7 11 10 8 8 10 10 8 8 4 11 11 5 2 6 11 10 8 8 10 10 8 8 7 10 8 11 4 5 4 4 4 4 4 11 4 4 4 11 5 5 4 4 4 11 4 4 5 4 0 9 5 10 10 8 7 7 0 6 7 7 7 7 7 7 7 7 7 8 11 2 9 7 8 4 4 11 11 5 5 11 2 11 11 5 5 11 11 5 4 5 4 9 10 8 8 4 4 11 11 5 5 10 10 7 7 8 7 7 7 7 7 8 7 7 10 10 8 7 7 7 7 8 11 11 5 4 4 5
ppo_x50_b_fd_l4_same_gamma,33,qv22_39,22,229,True,1618.0,10.449724912643433,8 8 6 10 10 8 2 3 7 4 7 4 11 4 2 10 6 10 8 2 10 9 8 8 10 10 8 8 11 5 4 11 4 4 5 10 10 8 8 10 8 0 6 7 10 10 8 8 10 10 8 8 11 5 4 4 11 5 7 10 8 10 10 8 10 7 8 8 10 10 8 8 11 5 4 4 4 1 3 11 5 10 10 8 2 9 10 8 7 8 10 10 7 7 8 8 10 4 4 5 4 10 7 10 7 7 8 8 11 5 10 10 7 8 8 1 9 5 4 11 4 11 5 2 6 4 4 4 4 10 11 5 2 4 3 4 4 4 10 8 4 11 11 5 4 5 4 11 7 11 5 5 4 10 2 9 10 8 0 6 7 8 7 7 7 11 5 10 10 8 7 7 8 7 7 7 7 7 10 7 7 8 11 11 5 5 11 2 9 11 7 7 8 7 4 7 1 3 4 4 11 5 4 8 11 11 5 4 4 5 10 7 7 8 11 11 5 5 11 2 6 10 10 7 7 7 8 4 2 9 10 8 7 8 4 10 8 10 10 8 8 11 4 4 4 4 4 4 4 4 4 4 4 4 11 5 2 9 10 8 2 9 11 5 7 7 7 7 7 7 8 4 4 4 11 4 4 5 10 8 11 8 4 4 10 10 8 7 0 6 7 7 7 7 7 8 11 2 9 4 10 8 0 6 7 8 1 9 11 5 4 4 4 5 4 4 4 4 4 4 4 4 11 10 8 8 11 5 10 10 8 8 10 11 5 2 3 4 11 5 4 4 10 10 8 8 7 7 10 7 8 1 9 8 7 7 10 7 8 11 11 5 5 10 8 10 7 7 10 8 2 9 10 7 7 7 8 8 10 7 7 11 5 5 4 4 11 5 4 4 4 1 3 4 4 4 4 4 4 4 11 4 4 5 1 10 9 8 7 8 7 0 6 7 7 7 7 7 7 7 10 7 7 7 7 0 6 8 11 11 5 4 5 11 5 11 4 4 4 4 4 4 5 11 11 5 11 5 4 2 9 4 5 7 7 7 7 7 7 11 4 5 4 4 4 7 4 7 4 7 4 7 10 11 5 5 4 10 10 8 7 8 7 7 10 10 8 8 10 10 8 10 8 8 7 10 7 7 7 8 1 9 11 5 4 5 11 5 10 7 7 8 10 10 8 7 8 11 11 8 11 8 11 8 5 4 4 11 4 5 4 4 4 4 4 4 4 11 11 5 4 4 4 4 4 5 7 7 7 7 7 11 2 9 10 8 8 7 10 11 4 5 4 5 4 0 9 5 7 7 10 10 8 7 8 7 7 10 8 10 10 8 7 7 8 11 5 4 4 4 11 4 4 5 10 11 5 2 6 7 10 10 8 8 4 4 11 2 3 10 10 8 2 9 4 5 7 10 4 11 8 11 5 5 11 4 4 4 4 4 5 10 8 4 7 7 4 0 6 7 7 7 10 8 7 7 11 5 10 10 8 7 7 7 7 7 7 7 7 8 4 4 10 10 8 7 8 4 4 11 5 7 11 11 5 5 11 2 9 4 10 8 7 8 4 11 10 8 8 1 3 4 4 4 4 4 4 4 4 11 11 5 8 4 4 11 11 5 2 9 5 10 8 7 10 10 8 7 8 7 7 7 7 10 7 10 7 8 2 6 4 4 4 4 11 5 4 4 4 4 11 5 10 10 8 2 6 7 7 7 7 10 11 5 5 7 7 10 10 8 7 10 8 7 8 4 4 4 4 4 4 4 4 4 11 5 4 4 4 4 4 4 4 10 10 2 6 8 7 7 7 7 7 7 7 7 7 7 10 7 7 7 10 8 7 8 1 4 3 10 11 5 5 11 10 7 8 4 4 4 4 11 5 5 7 10 7 8 10 7 7 7 10 8 8 4 11 2 9 11 5 7 8 11 4 10 8 8 11 4 4 11 5 4 4 4 4 4 5 10 10 8 2 6 4 10 7 7 7 7 7 8 11 11 5 4 4 4 4 4 4 4 11 5 4 4 4 5 0 6 10 8 7 7 7 7 10 8 10 7 7 7 8 10 10 7 8 4 8 11 8 4 10 8 7 11 11 5 2 3 4 4 4 4 4 4 4 4 11 4 5 4 11 11 5 5 4 10 0 9 8 7 7 7 8 7 7 7 7 7 7 10 10 7 8 4 2 4 6 4 4 4 4 4 4 4 4 4 4 10 4 5 10 10 8 2 3 10 4 1 3 11 5 5 7 7 7 7 7 11 5 7 10 10 8 7 7 7 8 7 11 5 4 11 11 5 5 4 4 4 4 4 4 10 2 9 11 5 5 10 7 10 8 7 8 7 7 7 10 8 10 10 8 4 4 4 4 4 4 5 10 8 7 7 0 6 7 11 5 11 5 7 10 10 7 7 8 7 7 7 7 7 8 11 5 4 10 10 8 7 7 8 4 4 4 4 4 4 4 4 11 5 10 10 8 2 7 7 9 10 8 8 7 7 11 11 5 2 3 4 4 4 4 4 4 4 4 4 4 11 11 5 4 2 9 7 7 7 11 5 2 9 11 5 4 5 0 6 10 10 8 10 8 7 7 8 7 10 8 10 7 10 8 7 7 7 8 10 2 9 10 8 7 8 7 11 5 1 3 4 4 4 11 4 10 8 8 11 2 7 6 11 2 9 10 8 8 11 5 11 11 5 4 4 4 5 4 11 4 4 4 5 11 2 9 11 5 4 5 4 4 10 10 8 8 7 7 10 8 7 7 7 10 8 7 7 10 7 7 7 7 7 7 8 11 11 5 8 4 4 4 1 3 4 4 4 4 4 10 8 11 11 5 5 11 4 11 5 2 6 10 8 11 4 4 4 4 5 7 7 10 10 8 10 8 7 7 8 4 11 2 9 11 5 7 8 11 4 4 4 5 4 10 10 8 7 0 6 7 7 7 10 8 7 7 7 7 7 7 8 11 11 5 2 9 7 7 10 8 7 10 8 5 4 4 4 4 4 11 5 10 8 4 4 4 4 11 5 7 10 8 11 5 1 9 8 11 11 5 4 4 4 4 4 4 4 5 11 11 5 2 9 10 8 2 9 8 4 10 10 8 7 7 7 7 8 0 6 7 10 11 5 7 8 10 7 7 7 10 8 8 7 11 5 4 4 11 4 4 4 4 5 10 11 5 2 6 7 7 10 1 3 4 10 4 4 4 5 7 7 7 7 7 7 8 10 2 9 10 8 8 4 4 11 4 4 4 4 4 4 5 4 10 7 7 0 6 8 7 7 0 7 6 7 7 7 10 10 8 7 7 7 8 4 4 11 5 4 4 4 4 1 3 11 4 4 5 11 2 9 10 8 8 4 11 4 4 5 7 10 4 4 4 11 5 5 10 8 4 4 10 10 8 0 6 8 7 7 7 11 11 5 4 2 6 7 10 10 8 10 8 8 7 10 10 8 8 11 10 8 2 7 10 7 7 8 10 10 8 8 9 8 4 4 4 4 4 4 11 11 5 4 4 4 5 4 4 4 11 4 5 4 4 11 11 5 2 7 7 7 7 7 7 6 7 7 10 8 4 10 10 8 7 7 8 10 10 8 2 9 8 4 10 10 8 8 10 10 8 8 4 4 4 4 11 11 5 4 4 4 4 1 4 4 5 4 10 10 8 7 7 7 7 8 11 11 5 5
ppo_x50_b_fd_l4_same_gamma,34,qv22_4,22,236,True,1669.0,10.673372030258179,8 8 6 10 7 11 5 4 8 10 4 8 10 8 10 2 9 5 10 10 8 8 10 4 4 2 9 5 4 10 10 8 7 8 10 10 8 8 10 10 8 8 11 4 8 11 2 9 11 5 4 5 0 6 7 7 7 10 10 8 8 10 10 8 8 10 10 8 7 5 11 5 10 7 10 8 8 10 10 8 8 4 11 5 10 10 8 2 6 11 11 0 6 8 10 8 8 4 4 4 4 4 11 5 11 2 3 4 4 4 4 11 11 5 2 6 4 7 4 10 11 5 2 6 10 8 7 7 0 6 7 10 11 5 5 7 10 7 7 7 8 11 11 5 2 6 10 7 8 4 4 11 11 5 4 4 4 4 4 4 4 4 4 4 5 10 8 10 8 4 4 4 11 11 5 2 9 8 10 8 10 10 8 8 10 10 8 7 8 10 8 11 11 5 4 2 3 10 10 8 7 7 0 6 7 7 7 7 7 7 8 7 10 10 7 5 2 6 4 4 4 11 4 5 11 11 5 2 9 5 4 4 10 10 8 7 7 7 7 5 11 5 7 10 10 8 7 8 10 8 10 10 8 2 11 3 1 3 4 5 4 4 11 5 7 0 6 4 4 4 11 10 8 2 6 4 11 11 5 4 11 5 5 10 8 10 7 7 7 8 11 11 5 7 8 7 7 11 11 5 4 4 4 4 4 5 10 8 10 7 8 10 7 7 7 5 7 7 10 8 10 10 8 8 4 4 4 4 4 11 5 4 4 11 4 4 4 4 4 4 5 4 10 10 8 7 7 7 7 7 8 7 11 2 9 11 5 4 5 7 7 7 7 11 10 8 8 11 5 4 11 4 5 11 5 4 11 11 5 4 4 4 4 5 11 2 6 7 7 0 6 7 7 10 10 8 4 5 7 7 10 7 7 7 8 10 4 10 8 7 7 7 7 11 8 7 7 8 11 11 5 4 1 3 4 5 4 4 4 11 5 4 4 1 4 4 3 4 4 11 4 4 5 0 6 7 7 7 11 11 5 5 11 5 7 10 7 10 8 7 7 7 7 7 7 7 8 11 11 5 4 4 4 5 4 11 5 10 10 8 2 4 9 5 11 4 4 4 11 5 2 7 9 8 7 10 10 8 2 6 7 7 10 10 8 7 8 10 8 7 7 7 7 10 8 11 11 5 5 11 1 9 2 9 2 9 2 9 2 9 2 9 2 9 2 9 2 9 2 9 2 4 3 4 11 5 4 4 4 5 7 0 6 10 8 4 11 1 3 11 5 8 11 11 5 4 4 5 7 0 6 7 7 7 7 7 10 7 8 11 11 5 2 6 10 10 0 6 8 4 4 4 5 11 2 3 4 10 8 10 0 3 0 3 0 3 7 0 6 7 0 6 10 8 7 8 10 8 11 4 5 4 11 5 7 10 10 8 7 7 7 7 8 11 11 5 11 5 1 5 3 4 4 1 3 4 4 4 4 11 4 5 10 4 8 10 4 4 4 11 5 5 11 11 5 5 7 7 7 7 7 10 7 7 7 8 10 8 11 11 5 5 4 11 2 9 8 4 10 11 5 4 4 4 5 4 0 6 10 7 0 9 5 7 8 7 7 7 10 8 10 7 10 8 7 8 11 4 1 3 4 4 5 11 4 4 4 4 5 10 10 8 8 7 10 10 8 8 4 4 4 4 4 11 4 5 10 10 8 7 8 10 7 7 0 6 7 8 10 7 10 8 7 7 7 8 10 7 11 5 1 3 4 5 11 4 4 5 7 10 7 7 8 11 11 5 5 4 11 10 8 8 4 4 4 10 8 10 10 4 4 4 4 5 11 5 4 11 5 5 4 4 4 10 10 8 0 6 7 8 7 7 11 5 11 4 4 8 7 7 7 0 6 7 7 7 7 7 7 7 10 10 8 7 7 11 5 2 4 4 4 4 9 4 5 11 11 5 8 7 7 11 5 11 11 5 4 4 4 4 4 4 4 10 8 2 6 7 7 10 4 5 10 10 8 8 10 8 11 10 8 7 7 7 10 8 7 7 8 11 1 3 4 1 3 4 5 11 2 3 4 11 11 5 5 4 4 4 11 11 5 5 11 4 2 10 10 6 7 8 7 10 8 4 2 10 9 5 4 5 10 8 10 8 10 10 8 8 7 7 7 7 7 10 10 8 8 10 2 9 10 8 7 8 11 5 4 4 4 11 4 4 5 11 11 5 2 6 10 10 8 4 5 10 10 7 8 8 4 10 4 4 4 4 4 4 5 0 6 11 10 8 8 0 6 7 10 7 7 7 7 10 8 7 7 7 7 8 10 7 1 9 5 4 5 10 8 4 1 3 4 11 5 10 7 8 11 11 5 2 3 4 4 4 4 4 4 4 4 4 4 4 4 4 10 4 5 10 10 8 8 7 11 11 5 4 2 9 8 7 10 7 8 7 10 7 8 10 7 8 4 4 4 4 4 4 11 11 5 5 7 7 10 8 7 10 8 4 4 4 10 10 8 7 0 6 7 7 7 7 7 7 7 7 10 8 2 9 4 4 10 8 8 11 11 5 4 4 4 4 5 4 4 4 11 4 5 11 11 5 4 5 4 10 10 8 7 7 7 8 7 7 10 10 8 7 7 7 7 7 7 7 8 10 10 8 8 4 4 4 4 10 4 5 10 7 7 7 7 7 8 11 11 5 11 5 4 4 1 9 5 4 4 5 10 8 11 7 11 5 4 5 11 11 4 8 7 7 8 7 7 7 7 4 7 4 7 4 7 10 7 8 11 4 11 5 4 5 7 7 11 4 5 11 11 5 4 4 4 4 4 5 10 8 4 10 10 8 2 6 10 7 7 7 7 7 7 7 7 8 10 8 1 4 9 11 5 5 11 1 3 4 5 11 4 11 5 4 2 3 11 4 11 5 4 4 5 11 11 5 2 9 4 10 8 7 8 7 10 7 8 10 10 8 8 11 5 10 8 4 4 4 10 11 5 5 4 4 10 10 8 8 7 7 7 7 7 7 11 5 4 4 4 4 4 11 5 10 7 8 10 10 8 7 7 7 7 10 8 7 7 8 11 10 8 8 10 7 7 10 8 8 4 4 4 4 4 4 4 11 5 10 7 7 7 7 7 7 8 11 5 4 4 4 4 11 11 5 4 4 5 10 7 8 4 11 10 5 11 5 2 9 8 7 10 10 8 7 7 7 8 7 10 7 5 4 10 10 8 2 9 5 11 11 5 1 3 4 5 4 4 11 5 4 4 4 1 3 11 4 4 5 4 4 4 10 10 8 0 6 7 7 7 7 8 7 7 7 10 7 7 8 4 4 4 4 4 1 3 11 4 5 7 11 5 4 10 10 8 7 8 10 10 8 7 7 7 8 7 7 10 7 7 7 7 8 11 11 5 2 6 4 4 11 11 5 11 5 5 10 11 5 5 11 4 4 11 5 2 4 9 5 4 11 11 5 4 4 4 10 8 2 6 7 10 8 7 10 10 8 7 7 10 8 8 7 7 7 11 7 7 7 11 5 4 4 4 5 10 10 8 2 9 10 8 8 11 5 10 10 8 7 8 4 4 11 4 11 5 4 4 4 4 5 10 10 8 8 11 5 7 7 10 10 8 2 7 7 9 10 8 8 10 10 8 7 8 11 5 4 4 4 1 3 4 4 4 4 11 5 4 4 4 11 11 5 2 11 11 5 5 11 11 5 4 5 10 10 8 7 7 7 7 7 7 7 7 9 8 8 10 10 7 7 7 8 2 4 3 4 10 10 8 7 7 7 7 7 8
ppo_x50_b_fd_l4_same_gamma,35,qv22_40,22,235,True,1661.0,10.72638750076294,8 8 9 10 8 8 10 11 5 4 0 5 6 10 10 8 10 8 8 11 5 7 1 3 7 10 10 8 8 10 10 8 8 10 4 5 10 4 4 4 5 7 7 10 10 8 10 8 10 8 8 10 10 8 7 5 10 10 8 8 11 4 8 11 11 5 2 6 10 4 11 5 4 5 4 4 4 4 11 2 9 1 9 5 4 4 5 10 2 9 10 8 8 7 7 11 5 4 4 11 5 0 10 9 5 5 10 10 8 7 7 0 6 8 7 7 7 7 7 7 7 7 10 10 8 8 4 10 11 5 5 4 4 11 4 5 10 10 8 8 4 10 8 10 10 7 7 5 2 6 7 10 10 8 8 11 2 6 4 1 3 4 4 4 4 11 4 4 4 5 10 10 8 7 7 7 11 5 2 9 11 5 5 11 4 4 4 10 8 2 6 7 7 10 11 4 8 5 11 11 5 4 4 4 5 7 10 0 6 7 7 7 7 7 7 8 7 7 7 10 10 8 7 10 8 8 1 3 11 5 4 4 11 2 3 11 4 4 4 10 8 7 7 8 11 4 4 5 11 5 10 10 8 7 10 8 10 8 8 4 10 10 8 7 7 8 4 4 4 11 2 3 4 4 4 4 10 7 8 11 4 11 5 4 4 1 3 4 4 11 5 8 4 4 11 2 6 10 10 8 7 7 8 7 11 10 8 8 4 11 4 4 4 5 10 10 8 7 7 7 7 7 7 8 11 4 4 5 4 11 11 5 5 7 7 7 7 7 7 7 10 10 7 5 4 5 4 7 4 0 9 11 5 4 5 4 11 4 4 5 10 10 7 7 7 8 7 7 7 7 10 8 7 7 7 7 8 4 4 11 4 4 5 10 2 9 10 8 8 11 4 4 5 11 5 11 4 10 8 7 7 8 11 10 2 6 2 9 7 10 8 8 7 11 5 10 4 4 4 4 11 5 4 4 5 4 10 8 7 11 11 5 1 3 4 5 4 4 4 4 4 11 11 5 2 9 8 4 10 10 8 7 7 7 7 8 10 10 8 2 9 10 8 7 7 7 7 8 4 4 11 4 5 11 5 11 11 4 8 0 6 8 10 7 7 10 8 8 11 4 4 5 10 7 10 8 7 7 8 7 11 10 8 8 7 10 10 8 8 4 4 1 9 11 5 4 4 5 10 10 8 2 4 3 4 4 4 4 4 4 4 11 5 11 11 5 8 4 10 8 7 10 8 4 4 4 4 11 5 11 10 8 8 10 8 7 11 5 4 4 10 8 7 0 6 7 10 10 8 7 7 7 7 7 7 7 7 7 8 11 5 4 4 4 4 4 4 4 10 11 5 2 9 10 8 4 5 10 8 7 7 10 8 7 7 7 10 10 8 8 11 1 9 8 8 11 4 4 4 1 3 2 9 10 8 8 4 4 4 4 11 5 4 4 4 4 10 10 8 7 7 7 8 11 2 9 10 8 7 0 6 7 7 7 8 10 10 8 8 7 10 10 8 4 5 11 2 4 11 4 4 5 6 10 8 11 4 11 4 5 4 4 4 4 4 4 4 4 5 7 7 10 7 8 10 8 4 10 11 5 4 4 4 4 5 7 10 7 0 9 8 8 7 7 7 10 10 8 4 5 7 7 7 11 11 5 2 6 10 4 4 4 4 4 8 7 7 7 7 10 10 8 7 7 7 8 7 7 11 11 5 5 4 4 4 4 11 5 4 10 8 11 11 5 4 4 4 4 5 10 10 8 7 7 7 7 7 8 11 2 11 4 3 5 0 6 10 10 8 0 6 7 7 7 7 7 8 10 10 8 5 11 2 4 11 6 11 5 2 6 4 11 11 5 2 6 7 7 10 8 7 11 11 5 4 4 4 4 4 5 7 7 7 7 7 10 8 4 4 4 11 11 5 11 5 4 5 4 10 10 8 7 8 7 7 7 7 7 11 10 8 8 4 4 4 11 4 4 5 11 11 4 4 4 4 5 4 4 4 4 4 11 5 4 5 7 10 7 11 5 5 7 11 10 8 8 7 10 7 7 8 10 7 0 6 7 7 7 7 7 7 7 8 11 2 11 5 11 11 4 4 4 4 4 4 4 5 5 4 3 4 11 11 5 4 5 11 5 10 10 8 8 4 10 10 8 7 7 8 7 11 5 10 10 8 8 10 8 7 11 11 5 4 4 4 4 4 4 4 5 0 9 5 10 7 7 8 0 9 10 8 8 10 8 10 7 7 7 7 7 7 7 8 11 5 4 10 10 8 11 8 11 8 11 8 2 6 10 8 7 7 7 7 11 11 1 5 4 3 5 4 4 11 5 4 4 4 4 11 5 10 7 7 8 10 7 11 5 5 11 4 11 5 4 4 4 4 4 4 5 10 7 11 5 8 7 11 5 11 5 0 6 7 10 10 8 4 5 10 10 8 7 7 7 7 7 7 7 7 8 4 4 4 4 1 3 4 11 11 5 4 4 4 5 7 10 10 8 7 8 7 7 10 0 6 7 7 7 7 7 5 7 10 10 8 2 4 4 4 4 4 4 3 4 4 4 11 4 4 4 7 4 7 4 8 10 8 7 10 10 8 8 4 4 11 4 4 11 5 2 6 7 10 8 10 10 8 8 11 5 11 4 11 5 2 3 4 11 11 5 5 0 9 5 7 7 10 7 11 5 2 9 11 5 5 7 10 7 5 7 10 10 8 4 5 7 10 8 7 10 10 8 7 7 7 7 8 4 4 11 5 4 4 4 4 11 5 7 10 8 7 7 7 0 10 9 5 8 4 4 4 4 4 4 4 11 5 4 4 4 10 2 6 1 6 1 10 6 10 8 10 8 7 7 7 7 8 10 10 8 7 7 7 7 7 8 4 4 11 4 4 4 5 10 10 8 7 8 4 10 10 8 7 7 7 7 8 10 10 8 2 4 4 9 8 11 4 4 4 4 4 4 4 4 5 11 11 5 4 4 11 5 2 9 10 8 4 4 4 4 5 7 7 10 0 6 7 7 8 7 7 7 7 11 5 10 10 8 7 7 7 10 8 8 11 2 4 3 4 0 10 9 5 8 10 10 8 7 7 7 8 7 11 11 5 4 4 5 10 2 9 7 11 5 5 4 11 5 4 11 5 4 4 4 4 4 4 11 4 4 4 4 5 10 8 10 10 8 7 10 8 2 10 9 8 8 7 7 7 7 7 7 7 11 5 11 11 5 4 2 3 4 4 4 10 10 8 8 7 7 7 11 5 10 2 9 10 8 7 5 10 10 8 7 8 10 8 7 7 10 1 3 1 9 8 7 8 4 11 5 4 4 4 4 4 4 4 4 11 5 4 4 11 11 5 4 4 4 5 10 8 10 10 8 7 7 7 7 7 8 4 11 2 11 3 4 5 7 11 11 5 4 4 4 4 5 10 10 8 10 8 2 3 10 11 5 5 7 10 10 7 8 7 10 8 7 10 8 7 7 7 7 7 7 7 8 10 2 9 10 8 4 4 5 10 7 7 8 4 11 1 5 3 4 4 11 4 4 4 5 4 11 4 11 5 2 10 9 5 4 5 10 7 8 10 10 8 7 7 7 8 11 4 4 5 10 10 7 8 2 3 10 7 10 7 8 8 4 10 1 4 5 9 7 10 8 8 10 10 8 7 8 7 10 8 11 11 5 4 5 11 11 4 4 4 5 5 11 11 5 4 4 4 4 5 11 11 5 4 4 4 5 10 10 8 7 7 7 7 7 7 7 7 7 7 7 7 7 7 7 8
ppo_x50_b_fd_l4_same_gamma,36,qv22_41,22,227,True,1654.0,10.317300796508789,6 8 10 5 10 5 10 5 10 5 10 5 10 5 10 5 10 5 8 10 4 10 8 8 10 8 0 10 9 5 8 11 0 5 9 11 5 4 5 10 8 10 8 10 10 8 10 8 8 10 10 8 8 11 5 4 4 4 0 9 5 7 10 10 8 0 6 7 10 8 8 10 10 8 8 10 10 8 8 11 5 11 11 5 2 9 5 4 4 4 4 4 10 11 5 5 4 10 8 7 7 10 10 8 7 7 8 4 4 4 11 5 7 7 10 11 5 5 7 10 10 8 7 7 7 7 10 8 8 10 10 8 8 4 10 8 10 10 8 8 11 5 4 11 4 4 4 10 8 7 8 4 1 3 4 11 4 4 11 5 2 6 10 0 9 5 5 10 10 8 10 8 8 10 4 4 5 10 10 8 7 7 7 7 8 11 4 4 4 10 8 7 8 10 7 8 4 4 4 10 10 8 2 9 11 5 4 2 11 9 5 4 5 4 4 4 4 11 4 5 11 2 9 10 8 8 7 11 1 9 5 4 4 4 5 4 11 2 3 7 10 10 8 7 7 7 7 7 7 7 8 7 10 10 8 7 7 7 7 7 5 10 8 4 4 4 4 11 1 3 5 4 1 3 11 4 4 4 4 5 10 10 8 7 8 4 11 4 5 10 8 10 0 6 10 7 8 8 10 10 8 8 11 5 4 11 5 4 4 4 4 4 4 4 10 11 5 5 4 4 10 10 8 8 7 0 6 7 7 7 7 7 7 10 10 8 2 3 11 4 10 8 7 7 8 10 10 8 8 7 7 10 2 6 11 11 2 5 9 8 11 11 5 2 9 8 11 5 4 4 4 4 11 11 5 1 3 4 4 5 4 4 10 10 8 0 6 7 7 7 7 8 11 4 5 7 11 5 4 10 10 7 7 8 7 7 7 7 7 7 7 8 11 11 5 2 9 5 10 7 8 4 4 1 3 4 4 11 4 4 4 4 5 10 10 8 10 8 2 3 7 10 10 8 8 10 10 8 4 5 10 7 7 10 8 2 6 10 8 11 4 8 4 4 4 4 4 4 4 4 4 11 4 5 7 11 11 5 4 4 4 5 10 7 8 10 8 11 5 10 8 10 7 10 0 5 6 8 11 4 5 10 11 5 5 4 4 11 10 8 8 10 8 7 7 10 10 8 8 7 10 10 8 7 10 8 7 7 7 0 6 8 11 4 4 4 5 4 4 4 4 4 10 8 11 4 4 2 3 4 1 9 4 8 1 3 7 4 7 1 9 8 11 10 8 7 7 7 8 4 4 4 11 5 4 4 4 4 11 11 5 8 4 10 8 7 10 7 8 4 10 2 10 9 8 8 0 6 10 10 8 8 10 10 8 4 4 4 5 11 4 5 10 8 10 8 10 10 8 7 7 7 7 7 7 8 10 4 10 8 7 8 10 10 8 8 4 10 8 11 11 5 4 4 4 4 4 5 4 4 11 4 4 5 7 11 5 7 7 10 10 8 2 11 3 4 5 7 10 10 8 8 10 7 7 7 7 10 8 7 7 7 8 4 4 1 3 4 4 4 4 10 8 11 11 5 2 11 5 9 10 8 8 7 7 7 11 11 5 1 3 4 4 4 5 4 4 4 4 4 4 11 5 11 2 9 10 8 8 10 8 7 11 2 9 10 8 8 4 4 4 4 10 4 4 5 10 8 7 0 9 10 4 5 5 7 10 10 8 7 7 7 7 7 7 7 7 8 7 7 7 7 7 7 10 8 11 2 11 3 11 5 2 6 4 4 11 10 8 7 8 10 7 8 11 5 4 4 1 3 1 3 4 11 5 4 4 4 4 4 4 4 10 4 4 4 4 5 11 11 5 2 9 8 10 10 8 8 0 6 7 10 10 8 7 5 4 10 4 5 10 10 8 4 4 5 7 10 8 10 10 7 8 7 7 7 7 8 11 11 5 2 6 7 7 11 11 5 4 4 5 4 4 11 4 4 4 5 4 10 8 7 7 7 7 7 0 6 7 7 10 7 7 10 8 7 7 7 8 4 10 10 8 8 11 4 4 4 11 5 2 9 7 8 11 11 5 4 5 4 11 11 5 5 11 11 5 2 10 9 5 5 10 8 10 10 8 7 8 10 10 8 2 9 8 10 10 8 10 8 8 4 10 11 5 4 4 4 4 4 4 4 4 4 4 4 8 11 4 4 11 5 2 9 8 0 9 11 5 4 4 10 0 5 5 10 10 6 8 7 7 8 7 10 10 8 8 10 2 6 11 10 8 8 10 10 8 7 8 4 4 10 0 3 7 4 4 5 4 4 1 3 4 4 4 4 11 7 11 5 5 10 10 8 8 10 10 8 0 6 7 7 7 7 7 7 7 7 7 0 6 7 8 4 11 4 4 4 5 4 11 4 5 7 10 11 5 5 10 10 8 7 7 7 10 8 8 10 10 8 8 4 4 11 4 5 10 8 7 7 7 10 10 8 8 4 4 4 4 4 4 4 4 4 4 4 10 8 7 7 7 10 7 7 8 10 8 10 8 11 11 5 5 4 4 11 11 5 5 7 7 11 5 4 4 4 11 11 5 5 11 2 9 5 4 4 4 0 9 11 5 4 4 5 10 8 4 0 6 7 7 10 10 8 7 7 8 11 10 8 10 8 2 6 10 8 7 7 10 10 8 8 4 4 11 11 5 4 4 4 11 5 5 7 11 11 5 5 10 0 6 8 10 7 8 4 10 8 7 7 10 0 9 8 5 11 11 5 7 7 7 7 8 4 4 4 4 4 4 4 4 10 8 7 7 7 7 11 5 11 11 5 4 4 4 4 5 7 7 11 10 8 8 4 11 10 5 10 5 11 5 11 5 4 4 4 5 10 10 8 7 8 10 7 7 11 5 5 4 4 4 4 7 4 11 5 10 5 7 10 10 8 7 8 7 10 7 7 8 7 10 4 10 8 7 7 7 7 8 11 11 5 5 10 4 4 4 11 4 5 4 4 5 4 4 10 11 5 5 11 11 5 5 7 7 7 7 7 10 7 7 8 7 10 8 7 10 7 7 10 7 7 7 8 8 1 4 11 4 3 4 4 5 11 2 6 7 7 10 10 8 8 7 11 5 11 8 4 4 4 4 4 4 11 5 4 4 11 11 5 7 7 7 7 8 11 4 4 4 4 4 5 7 7 7 7 7 10 7 8 4 4 10 11 5 4 4 4 4 4 4 4 4 5 10 2 10 6 10 8 10 8 7 7 7 7 10 8 7 8 10 11 5 5 7 10 7 7 7 7 7 7 7 10 8 8 4 4 4 4 4 4 4 11 4 4 4 5 7 7 11 4 4 4 4 4 5 11 2 6 7 7 7 7 7 10 10 7 8 8 4 4 1 4 3 4 10 4 4 4 4 5 7 7 10 10 8 8 10 7 7 11 5 4 2 9 11 5 5 7 7 7 10 7 7 10 8 8 11 4 8 11 11 5 4 5 4 11 11 5 4 5 10 7 7 7 7 7 7 7 8 10 11 5 5 4 4 10 10 8 7 7 7 7 7 7 8 10 8 11 11 5 4 4 1 3 5 10 8 4 11 11 4 4 4 4 5 2 3 4 11 4 4 5 4 0 6 7 10 7 10 8 2 6 7 7 7 11 5 4 4 4 11 11 5 4 4 4 5 4 4 10 10 8 7 7 8 11 2 9 11 5 5 10 10 7 8 8 10 7 7 10 8 7 7 7 8 4 10 10 8 7 7 8
ppo_x50_b_fd_l4_same_gamma,37,qv22_42,22,229,True,1729.0,10.343886852264404,8 6 10 4 8 10 4 8 10 4 8 10 4 8 10 4 8 10 4 8 10 4 8 10 5 10 8 8 10 4 11 5 8 10 2 9 8 4 10 0 9 5 5 10 10 8 10 8 8 10 10 8 8 10 10 8 8 10 4 5 10 8 10 10 8 8 10 10 8 8 11 5 7 10 10 8 8 4 4 4 10 8 10 8 4 11 11 5 1 3 4 5 4 11 11 5 2 6 4 4 4 10 11 5 2 6 10 10 8 7 8 7 11 11 5 2 6 10 10 8 0 6 8 4 1 3 4 4 4 11 5 4 10 0 9 8 8 10 7 0 6 7 10 8 7 7 7 7 7 8 10 10 8 8 10 10 8 8 10 10 8 8 11 5 11 11 5 2 3 4 11 5 4 4 1 3 11 4 4 5 11 4 2 9 11 5 7 0 6 0 3 8 10 7 7 7 8 11 10 8 2 4 9 11 5 5 4 4 11 11 4 5 11 5 4 4 4 2 6 4 4 10 10 8 7 7 8 10 7 8 10 7 7 7 10 8 7 7 7 7 7 7 7 7 8 1 11 3 1 3 4 5 10 8 11 4 4 5 11 10 8 2 11 3 4 4 4 5 11 11 5 4 2 9 5 10 10 8 7 8 4 4 10 11 5 5 4 10 10 8 7 7 7 7 7 8 4 4 7 10 4 4 4 4 5 1 3 4 4 4 11 5 7 10 10 8 8 7 7 7 7 7 7 7 10 7 7 7 8 10 10 8 8 11 4 4 5 11 5 4 10 10 8 8 11 5 10 7 7 7 10 8 8 11 4 4 4 4 4 5 4 4 10 8 11 4 4 4 4 4 4 4 5 4 4 4 4 10 0 5 10 6 10 8 7 8 7 10 0 6 7 10 8 7 7 8 10 7 10 8 7 8 11 4 5 4 4 4 4 10 10 8 7 7 7 7 7 7 8 4 4 11 11 5 2 6 4 11 10 8 2 3 11 11 5 5 11 4 2 9 10 8 4 4 4 5 4 10 10 8 7 7 7 7 7 7 7 8 10 10 8 7 8 4 4 4 4 11 4 4 5 7 11 10 8 7 5 10 10 8 8 1 9 8 4 4 11 11 5 4 4 4 4 5 4 4 11 11 5 4 2 9 10 8 7 7 7 7 0 6 8 10 7 8 7 7 7 7 7 7 10 10 8 8 4 4 4 4 11 10 8 2 9 8 11 5 4 4 4 4 4 4 1 3 4 11 4 4 4 4 5 7 10 8 7 10 10 8 8 7 7 7 7 7 7 7 7 7 7 7 11 5 11 2 6 11 11 5 4 4 4 4 4 4 4 4 5 10 2 9 10 8 0 6 8 4 7 4 7 4 7 4 7 4 7 4 7 4 7 4 7 0 6 11 5 4 4 4 4 11 11 5 4 8 10 4 2 9 10 8 8 4 11 4 2 3 4 4 10 10 8 8 7 7 7 7 11 5 11 2 3 4 10 4 5 10 10 8 2 6 10 10 8 0 6 7 7 7 7 7 7 7 8 7 10 8 10 7 10 8 8 4 4 4 4 11 2 3 4 4 4 11 4 5 11 11 5 2 6 10 7 10 8 8 10 10 8 7 8 10 7 8 1 9 11 5 1 3 5 4 4 11 5 4 10 8 7 11 11 5 4 5 4 11 11 5 4 4 4 4 0 5 9 8 10 8 7 7 7 10 10 4 5 11 5 10 5 4 10 5 8 10 4 10 5 4 4 5 10 7 7 8 7 7 10 10 8 7 8 10 10 8 7 10 8 2 3 10 7 7 10 8 8 10 10 8 8 4 4 4 1 9 8 11 11 4 5 4 4 4 4 4 4 5 10 8 10 10 8 2 6 10 4 4 4 4 4 4 5 7 10 10 8 8 4 10 0 6 7 7 7 7 7 8 7 10 10 8 2 11 9 5 8 10 10 8 8 11 4 4 4 4 11 5 4 5 4 4 11 5 11 11 5 4 4 5 10 2 6 10 10 8 10 8 7 7 7 7 7 7 7 7 7 7 8 10 7 10 7 8 2 4 4 3 4 4 4 4 4 4 4 11 4 4 5 10 7 8 10 10 8 8 11 4 4 4 4 4 4 4 4 5 4 4 10 10 8 0 6 7 7 7 7 7 8 7 7 7 7 10 8 11 2 6 4 4 4 4 10 7 0 6 7 7 8 10 4 11 5 5 7 11 10 7 8 7 7 7 8 10 10 8 4 4 2 3 4 4 4 4 11 11 5 7 8 11 11 4 5 4 4 4 4 4 5 4 11 4 5 10 7 10 8 0 9 8 10 8 7 7 8 11 4 4 4 1 3 4 4 4 5 7 10 10 8 2 10 9 5 5 4 10 10 8 8 10 10 8 7 8 7 10 8 10 8 11 4 5 4 4 4 4 4 10 11 5 4 5 4 0 9 5 10 10 8 7 8 7 10 7 7 7 8 10 10 8 7 7 7 7 8 10 10 8 8 11 1 3 4 5 4 11 4 4 11 5 2 6 4 4 4 4 4 11 5 10 10 8 2 3 10 11 5 5 4 4 1 3 10 10 7 8 7 7 7 10 8 7 10 8 7 7 8 10 7 7 10 8 7 7 7 8 11 11 7 8 4 2 9 11 5 4 4 4 5 4 4 4 4 11 5 10 11 5 4 4 5 10 10 8 10 8 7 8 11 4 4 5 10 10 8 10 8 7 7 7 8 11 10 8 8 10 10 8 4 4 4 4 5 11 11 5 7 8 4 4 10 10 5 10 8 7 0 6 8 7 7 10 10 8 8 7 7 4 7 4 7 4 7 10 10 5 10 7 5 4 4 4 4 2 3 4 4 4 11 4 4 8 11 4 4 11 5 2 6 11 4 4 4 4 11 5 2 6 10 10 8 8 7 7 7 7 10 7 11 5 5 10 4 2 3 4 4 4 10 10 8 0 6 7 7 7 10 8 7 7 8 10 4 11 5 4 5 4 4 4 10 11 5 5 4 4 4 11 4 5 7 10 7 7 8 11 11 5 5 10 7 7 7 7 10 8 7 7 7 8 10 7 7 10 8 8 4 4 11 5 11 5 10 10 8 7 7 8 10 10 8 8 4 4 4 4 4 4 1 9 8 11 4 4 4 4 11 5 2 10 9 5 8 4 10 4 4 4 4 5 7 7 7 7 7 7 7 10 10 8 7 8 11 8 11 8 11 8 11 8 11 8 10 7 7 7 7 7 7 8 4 4 1 3 11 10 8 2 3 11 5 4 4 4 4 10 4 4 4 4 5 7 7 7 7 10 10 8 2 4 4 4 4 3 4 4 4 4 4 4 11 4 5 7 7 11 11 5 5 10 2 6 10 10 8 8 7 7 7 10 10 8 7 7 8 11 11 5 7 8 11 4 4 10 8 7 7 7 7 7 7 7 8 4 4 4 4 4 4 4 1 6 1 6 1 6 1 9 8 11 4 4 4 11 5 2 4 3 4 10 11 5 5 4 10 10 8 7 7 7 7 8 7 10 10 8 4 5 10 7 7 10 8 2 10 9 5 5 10 10 7 8 7 7 7 7 7 7 8 11 1 9 5 1 3 4 4 5 4 4 4 4 11 4 4 4 5 11 4 4 5 10 10 8 8 7 10 10 8 7 7 10 8 2 3 10 7 7 7 8 11 10 8 8 1 11 3 4 4 4 11 5 5 11 4 4 5 10 10 8 2 3 4 11 11 5 4 4 5 0 9 5 10 10 8 7 8 10 10 7 7 5 2 9 10 8 8 11 4 5 7 10 10 8 7 7 7 7 8 10 10 8 7 8 11 11 5 4 4 5 4 4 1 3 4 4 4 4 4 4 10 8 11 11 5 4 4 4 5 10 10 8 2 10 10 7 7 7 7 7 7 7 7 7 7 7 7 7 7 7 7 8 8
ppo_x50_b_fd_l4_same_gamma,38,qv22_43,22,231,True,1709.0,10.479403257369995,6 8 0 5 9 10 8 8 10 11 5 0 5 6 10 10 8 8 10 2 9 10 8 8 10 10 8 8 11 5 4 11 2 6 4 4 10 4 4 4 4 10 8 7 8 7 10 0 6 7 7 8 10 10 8 8 10 10 8 8 10 10 8 8 11 5 11 11 5 7 2 3 11 4 4 5 7 10 10 8 4 4 4 4 5 11 4 4 5 10 8 7 10 10 8 8 10 10 8 7 7 7 7 7 10 8 8 10 10 8 8 1 9 4 8 10 8 11 11 5 11 5 4 5 11 5 4 4 4 4 11 4 5 7 10 7 10 8 7 7 10 8 7 7 8 11 5 4 4 10 8 11 11 5 2 4 4 3 4 11 4 4 5 7 7 7 7 10 11 5 5 11 7 10 8 7 7 7 7 7 8 4 4 11 4 4 4 4 4 4 5 4 4 4 4 4 10 10 8 0 6 7 7 7 8 11 5 10 7 8 10 7 7 8 10 10 7 8 7 7 10 8 10 8 1 8 9 10 8 8 4 11 1 3 4 5 4 4 4 4 10 11 5 11 5 8 10 11 5 5 4 4 10 10 8 7 7 7 8 7 7 7 11 5 4 4 4 4 4 4 4 11 4 4 4 10 8 2 6 7 10 11 5 5 0 6 7 7 7 7 7 7 7 10 10 8 2 9 10 8 8 11 5 10 4 10 8 8 10 8 7 11 11 5 4 4 4 4 4 10 8 8 7 11 5 4 4 4 4 4 10 8 11 11 5 4 5 10 7 10 8 7 7 10 0 6 7 7 8 7 7 8 7 10 10 8 2 4 4 3 11 4 4 5 4 11 5 4 4 4 4 10 11 5 5 4 11 5 7 7 7 11 10 8 7 7 7 7 8 11 10 8 8 7 7 11 5 4 11 11 5 4 4 4 4 4 4 4 4 4 4 4 4 5 7 7 10 8 11 11 5 2 9 7 8 7 7 7 7 11 5 10 10 8 8 10 7 7 7 0 6 8 11 11 5 5 4 11 4 4 4 4 4 4 11 5 4 5 4 10 10 8 8 7 11 5 10 10 8 7 8 7 7 11 5 11 11 5 4 4 5 7 10 10 8 7 7 7 7 8 7 7 7 7 11 5 10 10 8 8 11 2 3 4 4 4 4 4 4 4 0 6 11 10 8 2 9 10 8 7 7 7 8 7 7 7 10 10 8 8 1 3 4 11 5 4 11 4 4 5 4 4 4 1 9 4 4 4 4 4 4 5 10 8 7 10 8 11 11 5 2 9 8 7 7 7 7 10 10 8 8 4 10 10 8 7 7 7 8 10 10 8 7 8 4 4 4 11 5 10 10 8 7 7 8 7 7 7 11 5 1 9 8 11 11 5 10 5 4 4 5 4 4 4 4 4 4 4 11 11 5 4 5 10 10 8 2 9 5 10 8 4 4 4 11 8 10 11 5 2 3 7 10 10 8 7 7 10 8 8 11 4 5 4 10 10 8 8 7 7 7 7 10 10 8 2 6 10 8 11 4 4 4 4 4 5 7 10 10 8 7 7 7 8 11 5 4 4 4 11 5 7 10 4 7 4 10 8 4 10 4 8 8 10 4 1 11 5 3 4 4 4 4 4 4 5 0 9 5 10 8 10 8 7 10 11 5 7 8 10 10 8 7 7 8 7 7 10 10 8 10 8 7 7 7 7 8 11 5 4 4 4 11 4 5 10 10 8 8 4 4 4 4 4 4 4 4 4 4 11 5 4 10 10 8 8 7 7 10 7 7 8 10 7 10 7 8 7 7 10 7 8 2 9 7 11 4 4 5 11 5 4 4 4 4 4 4 5 4 4 4 4 4 11 11 5 2 7 7 7 7 7 7 9 8 7 10 10 7 8 2 3 4 10 11 5 5 10 7 10 8 7 7 7 7 7 7 7 7 10 8 8 4 4 4 4 11 4 5 7 10 7 7 8 11 11 5 5 4 11 4 4 5 7 10 10 8 8 7 10 8 11 4 1 3 4 4 4 5 4 4 11 4 11 5 4 2 3 11 4 5 7 7 7 7 7 7 7 7 7 10 10 8 2 9 5 4 4 10 11 5 5 4 4 4 4 11 11 5 4 4 4 2 9 5 10 8 10 10 8 8 7 7 7 7 0 6 7 7 7 10 11 5 5 10 7 10 8 10 8 7 8 4 10 8 11 4 10 8 4 4 1 3 4 4 4 5 10 8 4 11 11 5 5 11 11 5 2 7 6 10 8 10 11 5 5 4 4 4 11 11 5 2 9 7 11 5 4 0 5 6 10 10 7 8 10 7 8 7 10 8 8 10 10 7 8 7 7 7 8 4 10 10 8 7 7 7 7 8 11 11 5 5 1 9 5 4 10 7 8 11 4 11 5 4 4 5 11 4 10 8 2 6 7 7 7 10 11 8 11 8 11 5 7 8 4 4 1 9 5 11 5 7 10 10 8 8 10 8 0 6 10 10 8 4 5 4 4 4 11 2 6 11 11 5 5 4 4 4 4 4 10 10 8 2 9 5 7 10 10 8 2 4 3 11 4 11 5 4 5 11 5 10 8 0 6 7 7 7 7 7 7 7 7 11 10 8 8 7 7 11 10 8 8 7 11 11 5 5 4 4 4 4 4 4 11 5 7 11 2 9 7 10 8 4 5 11 2 4 4 4 4 3 4 4 7 4 11 10 8 8 4 11 4 5 11 11 5 2 4 6 7 10 11 5 5 7 10 10 8 10 8 7 7 7 8 10 7 10 8 7 7 7 7 7 7 8 10 10 8 4 2 4 4 4 4 9 8 4 4 4 1 3 11 5 10 4 4 10 8 7 8 10 10 8 7 8 11 2 9 10 8 7 7 8 11 11 5 5 4 11 11 5 4 4 4 4 5 4 4 10 11 5 2 3 10 8 10 8 10 10 8 7 7 7 7 8 10 7 8 7 10 8 4 11 11 4 5 2 3 4 7 4 7 4 7 4 7 4 7 4 10 7 11 5 5 4 4 4 4 4 10 8 7 10 7 7 7 0 6 8 10 7 10 8 10 7 8 2 6 10 8 4 4 4 4 4 4 4 11 11 5 7 8 4 4 11 11 5 11 5 11 5 8 11 11 5 11 5 2 6 11 11 5 0 9 5 4 4 5 7 7 11 5 7 4 7 4 0 9 4 7 1 9 5 7 10 5 10 5 10 5 7 7 8 4 4 4 4 10 2 9 10 8 7 8 7 7 7 7 11 5 10 10 8 8 0 6 10 7 7 7 7 7 8 10 10 7 1 8 8 3 10 5 10 5 11 4 4 4 5 4 4 4 4 11 4 4 4 1 3 5 0 9 10 8 8 7 7 7 7 7 7 10 7 7 8 10 10 8 2 6 4 1 3 4 11 10 8 2 6 7 7 7 7 11 11 5 1 3 4 5 4 11 5 4 4 10 8 4 4 10 11 5 4 4 4 5 10 8 11 11 5 4 11 5 4 5 10 7 7 0 8 9 11 5 4 5 10 8 4 4 10 11 5 5 4 10 10 8 8 7 7 7 7 10 7 7 7 7 10 8 8 4 4 10 4 4 5 10 10 8 8 4 4 10 8 11 4 5 10 10 7 8 7 10 8 7 7 7 7 7 8 4 4 11 4 5 4 10 2 9 10 8 8 4 4 4 4 4 4 4 4 11 4 4 4 5 0 6 7 11 10 8 8 10 10 8 8 10 10 7 7 8 2 4 4 3 4 11 4 4 4 5 10 0 9 5 4 4 4 5 10 10 8 7 7 0 6 7 7 10 8 8 7 10 10 7 8 7 7 7 8 7 10 8 11 11 5 2 11 11 5 4 4 5 3 11 4 4 4 4 10 8 7 7 7 7 8
ppo_x50_b_fd_l4_same_gamma,39,qv22_44,22,229,True,1669.0,10.4319429397583,8 6 10 8 8 10 11 5 0 9 5 5 10 0 5 6 10 10 8 8 10 2 9 10 8 8 10 10 8 8 10 10 8 8 11 5 7 10 10 8 8 11 4 4 4 4 4 5 4 4 4 10 11 5 5 10 8 10 8 10 8 7 0 6 7 11 11 5 7 2 6 10 10 8 2 6 4 0 11 9 5 5 10 10 8 0 6 7 7 10 8 8 10 10 8 8 10 4 5 7 10 10 8 8 1 3 4 11 11 5 5 10 8 11 11 5 5 4 11 1 3 4 4 4 4 4 4 4 4 5 10 10 8 2 10 9 5 5 4 4 10 8 7 7 10 10 8 0 6 7 7 7 7 7 7 7 7 8 10 10 8 8 11 2 3 4 4 4 4 4 4 4 11 5 4 11 11 5 2 4 9 8 4 4 11 5 11 11 5 2 10 10 8 6 8 10 10 8 0 6 7 7 7 7 7 10 8 8 7 7 11 10 8 8 7 7 7 10 10 8 8 4 4 11 1 3 4 4 4 5 10 2 3 10 11 5 5 10 7 7 8 4 4 11 11 5 4 10 8 2 6 7 7 10 8 11 4 4 4 11 5 4 5 10 2 9 10 8 8 4 11 5 4 4 4 4 11 11 5 2 10 10 6 8 10 8 0 9 8 7 0 6 7 7 8 10 7 10 8 7 8 10 10 8 8 10 2 9 8 10 10 8 2 11 3 4 1 3 4 4 4 4 11 5 2 6 11 4 4 4 5 10 0 9 5 4 5 10 10 8 8 7 7 10 10 8 7 7 8 10 10 7 8 10 8 2 11 3 5 4 4 10 10 2 8 3 4 4 11 5 4 4 11 4 4 4 4 11 5 2 9 11 5 4 4 4 4 5 10 0 9 5 5 10 10 7 8 7 8 7 11 11 5 2 9 11 5 7 0 6 7 8 10 4 10 7 8 10 8 7 8 7 7 7 7 10 10 8 8 10 8 4 10 10 8 7 8 11 4 4 1 3 4 4 1 3 4 4 4 4 5 10 10 8 4 2 6 10 10 8 4 5 10 10 7 7 8 7 7 7 11 5 2 3 4 4 10 10 8 8 10 2 6 10 10 8 7 8 11 11 5 1 9 8 7 7 8 4 4 4 4 11 1 3 4 4 5 4 4 4 4 11 4 4 4 5 4 0 6 7 10 10 8 7 7 7 8 7 7 7 7 10 10 8 2 4 6 11 10 8 8 11 4 4 4 4 4 5 10 4 4 11 5 11 8 11 8 10 5 4 2 9 10 8 4 4 5 4 4 11 5 10 8 10 10 8 8 7 7 7 7 7 10 7 7 7 7 8 10 10 8 8 11 7 8 4 1 3 4 11 11 5 11 5 4 5 4 11 4 11 5 2 3 11 5 11 4 10 8 7 8 7 10 10 8 8 10 10 8 7 10 8 7 7 7 7 7 7 8 11 5 4 4 1 9 11 5 5 11 10 8 8 11 0 9 5 4 4 5 7 10 8 10 8 7 11 11 1 5 4 5 6 10 8 11 11 5 4 1 3 5 4 4 11 11 5 11 5 4 4 4 11 4 5 11 5 2 6 7 11 2 9 7 7 8 10 8 7 7 7 7 10 10 8 2 6 7 10 7 7 8 7 7 10 10 8 8 10 8 4 1 3 4 4 4 4 11 5 4 10 7 7 7 8 11 11 5 4 4 4 4 4 5 10 10 8 7 8 11 2 9 11 5 4 4 4 4 4 4 5 11 11 5 5 7 7 10 8 10 8 7 11 4 4 11 5 4 4 5 0 6 7 7 7 10 7 10 8 8 7 10 10 8 7 8 10 10 8 2 3 4 4 4 4 4 11 4 11 5 5 7 11 11 5 4 4 5 7 10 8 7 7 10 4 8 7 7 7 7 7 7 7 7 10 8 11 11 5 5 4 4 4 4 4 11 4 4 4 4 4 5 10 8 10 7 8 4 10 10 8 0 6 10 8 8 7 11 5 1 3 4 4 10 8 10 11 8 11 8 11 8 11 8 10 4 8 11 8 11 8 7 8 7 7 10 7 7 7 7 7 7 7 10 8 2 9 5 10 10 8 8 4 4 1 9 11 5 2 3 4 4 4 4 4 11 4 4 5 11 4 5 7 10 10 8 7 7 10 8 8 10 8 4 4 4 4 10 11 5 5 10 4 11 5 10 5 7 4 7 4 7 7 8 10 10 8 10 8 7 7 7 7 7 8 11 2 3 1 9 8 11 4 5 4 4 11 4 4 5 4 4 11 11 5 2 6 10 7 7 8 7 7 10 7 0 6 7 7 8 11 5 4 4 11 11 5 2 9 4 10 8 8 7 11 11 5 1 4 3 4 4 4 4 4 4 11 5 5 7 7 10 8 10 8 7 10 8 1 3 10 10 8 7 7 7 7 7 0 6 7 7 8 4 4 11 1 3 4 4 4 4 4 4 4 4 4 4 5 11 11 5 5 7 7 0 6 7 7 7 7 7 11 5 7 10 8 1 4 3 4 4 4 1 11 9 8 5 11 5 4 10 7 5 7 10 5 1 6 7 7 10 8 4 10 10 8 7 7 0 6 7 7 7 7 7 7 7 7 8 11 11 5 2 4 9 4 1 3 4 4 1 3 4 4 4 4 4 4 4 5 11 5 10 4 11 5 2 6 4 10 10 8 7 7 7 7 8 10 11 5 2 4 9 11 5 5 10 11 5 5 4 11 5 10 10 8 8 10 10 8 0 6 7 10 8 7 7 0 6 7 7 7 7 8 11 10 8 7 7 7 8 11 11 5 2 4 9 4 5 4 4 4 4 4 11 4 4 5 10 10 7 8 8 11 2 10 10 6 7 8 10 8 7 7 8 11 4 4 5 11 2 10 9 5 5 10 7 5 4 4 4 4 4 4 4 11 10 8 8 11 2 9 10 8 10 8 7 0 6 7 7 7 7 10 7 8 7 7 7 8 1 3 11 4 4 5 10 2 9 11 5 4 5 10 8 7 10 10 8 7 8 11 5 4 4 4 4 4 4 4 4 4 11 5 4 11 4 4 4 5 7 10 10 8 7 7 7 8 1 3 11 5 11 11 5 4 4 4 4 5 7 7 10 8 7 10 8 10 8 10 10 7 8 7 7 7 8 4 4 11 4 2 3 10 10 8 8 11 11 5 4 4 4 4 4 5 11 4 11 5 2 7 9 8 7 7 7 7 7 7 7 10 7 7 7 7 7 7 10 8 2 9 5 7 10 10 8 8 4 4 4 4 11 4 4 5 10 8 10 10 8 4 4 5 10 8 4 4 4 11 11 5 5 0 6 7 7 10 7 7 7 10 8 8 4 4 4 4 10 8 11 4 4 4 4 4 5 4 4 10 11 5 5 11 7 8 7 7 7 7 7 10 8 7 10 10 8 7 7 7 8 10 7 8 11 11 5 4 5 11 11 5 5 4 4 11 5 4 4 4 4 4 4 4 11 4 10 8 7 7 7 7 8 4 4 4 11 11 5 4 4 4 5 7 0 6 7 10 11 5 5 11 4 5 10 7 7 7 7 7 8 10 10 7 7 8 2 6 4 4 4 4 4 10 11 5 5 4 11 11 5 2 6 7 10 10 8 7 7 7 7 7 0 6 7 8 1 3 4 4 4 4 4 11 1 3 4 4 4 5 11 2 10 10 8 7 6 8 10 10 8 8 10 8 10 7 10 7 8 2 7 10 10 8 7 7 7 7 8 4 4 4 4 4 4 4 4 4 4 4 11 11 5 4 4 4 4 4 5
ppo_x50_b_fd_l4_same_gamma,40,qv22_45,22,233,True,1712.0,10.546046733856201,6 8 7 8 7 4 7 4 7 4 10 2 9 11 5 5 11 7 2 6 10 10 8 8 4 4 10 4 5 10 7 8 11 5 7 0 9 5 0 10 9 5 5 7 10 10 8 8 10 10 8 8 10 4 5 4 4 4 11 4 4 10 5 5 10 10 7 7 8 8 7 0 6 10 10 8 10 8 8 11 10 7 8 8 10 10 8 8 11 5 10 7 10 8 8 4 11 4 4 5 11 11 5 2 9 8 11 11 5 5 7 7 7 7 11 4 5 7 10 10 7 8 8 7 10 10 8 8 10 10 8 8 4 10 8 11 4 2 9 11 5 7 8 4 4 4 4 4 4 4 4 4 4 4 4 10 8 10 10 8 7 7 8 11 11 5 2 3 4 11 4 10 8 2 3 11 11 5 4 5 4 0 6 10 8 7 7 7 7 7 7 7 7 10 10 8 7 1 5 4 4 3 1 3 4 11 4 5 4 4 4 4 11 11 5 5 11 5 10 10 8 2 3 10 7 8 4 10 0 6 10 8 7 7 7 10 8 8 10 10 7 7 7 7 8 8 10 7 8 10 11 5 4 4 5 11 11 5 2 6 7 7 10 10 8 7 8 4 4 4 1 3 4 4 11 4 1 3 4 5 11 4 5 11 4 4 5 10 10 8 10 8 2 6 10 7 10 8 8 10 2 9 4 5 10 10 8 10 8 8 10 10 8 8 11 5 7 11 4 4 10 5 10 8 4 4 4 4 5 7 7 10 7 0 6 0 6 7 7 7 8 11 10 7 8 10 8 4 8 4 4 11 2 3 4 4 4 4 4 4 4 4 11 4 4 4 4 5 11 11 5 4 5 10 8 7 7 10 8 10 10 8 10 8 5 11 2 3 4 4 4 10 11 5 5 4 10 10 8 8 10 0 6 7 7 0 6 7 8 7 7 10 7 7 7 8 4 7 4 7 4 0 6 4 4 11 10 7 5 2 9 10 8 7 7 8 7 11 4 4 4 4 1 3 4 4 4 4 4 4 4 5 10 10 8 8 10 7 11 5 4 2 9 4 10 8 2 9 10 5 10 5 10 5 10 4 5 4 5 4 4 0 6 10 10 8 7 10 8 10 8 10 8 7 8 10 4 4 4 5 10 10 8 8 7 10 10 8 8 11 4 10 8 0 6 7 7 7 7 7 7 7 8 11 11 5 2 3 11 11 5 5 11 4 2 9 10 8 8 4 4 4 10 7 5 10 10 8 7 7 8 10 8 4 1 3 4 4 4 4 11 11 5 7 8 4 11 4 4 4 1 3 4 4 4 4 4 5 4 0 9 5 10 10 8 7 7 0 9 8 7 7 7 5 7 10 10 8 7 7 7 7 7 7 7 7 11 5 5 4 4 11 5 10 10 8 2 9 5 10 10 8 4 4 4 4 5 10 7 7 7 8 7 10 10 8 7 8 4 4 4 4 11 4 4 4 4 4 4 5 11 4 4 4 4 11 5 2 6 4 0 10 9 5 5 0 6 10 10 7 8 7 7 7 7 8 11 4 2 9 10 8 8 11 4 4 4 4 4 4 4 5 10 8 10 8 10 10 7 8 7 7 7 7 8 4 4 4 10 10 8 7 7 8 10 4 10 8 7 11 7 8 10 8 8 11 5 4 11 11 5 7 4 11 8 4 4 4 4 4 5 0 6 11 5 10 10 8 0 6 8 7 11 10 8 8 10 10 8 2 6 4 4 11 11 5 4 4 4 4 4 4 4 4 5 4 7 4 4 10 10 2 8 3 11 5 10 10 7 8 8 7 7 0 6 7 7 7 10 11 7 8 7 7 7 7 7 7 7 7 8 4 11 4 4 5 10 10 8 2 9 8 4 11 4 5 1 3 4 4 4 11 11 5 5 4 4 4 4 11 5 4 10 10 8 7 7 10 8 7 8 7 7 10 10 8 7 7 8 11 2 9 11 5 7 7 8 4 4 4 11 4 5 10 10 8 8 4 10 11 5 5 7 10 0 6 7 8 7 7 7 10 10 8 8 4 4 1 3 4 4 11 5 4 4 4 4 4 4 4 10 10 8 2 6 10 7 7 7 7 8 10 10 8 8 4 4 4 4 1 3 4 4 4 4 11 5 11 11 5 0 6 7 8 4 11 11 5 4 4 5 7 7 10 0 6 8 0 6 7 10 10 8 8 7 10 10 8 10 8 2 6 10 10 8 7 7 8 7 11 11 5 5 4 4 4 10 11 5 5 10 8 4 11 4 5 10 10 8 8 11 4 4 4 5 10 10 8 0 6 7 7 8 11 10 7 8 10 8 2 3 4 10 10 8 8 4 4 1 3 4 4 4 4 4 4 11 11 5 4 4 4 4 4 5 7 7 7 11 4 4 5 10 8 7 10 10 8 8 10 8 11 11 5 2 9 8 10 8 4 4 4 10 10 8 4 4 5 7 7 7 7 4 7 4 7 11 5 7 7 7 7 10 8 10 8 7 10 10 8 7 7 7 7 8 11 11 5 4 11 5 2 9 11 5 7 7 7 0 6 7 8 4 4 4 1 3 11 5 4 4 11 11 5 4 4 4 4 11 5 5 7 7 7 10 10 8 2 6 4 4 4 4 4 4 4 4 4 0 10 9 5 5 10 10 8 7 7 10 8 8 7 0 6 7 7 7 10 7 7 7 8 4 4 4 11 11 5 4 5 7 7 7 7 10 10 8 7 8 7 7 11 1 3 10 8 0 6 7 8 4 11 10 8 8 1 9 8 11 11 5 11 5 1 3 4 4 4 4 4 4 4 4 5 7 7 7 7 11 2 9 2 9 2 9 1 5 9 11 5 4 4 11 5 8 4 4 4 4 10 4 4 5 7 4 7 7 10 10 7 8 10 8 8 7 7 7 7 7 7 7 7 7 11 5 4 4 11 5 7 10 10 8 7 7 8 10 7 8 11 11 5 4 5 4 4 4 4 4 11 4 4 4 4 8 10 7 8 10 10 8 8 11 2 3 10 4 4 8 10 10 7 8 7 7 7 8 0 6 4 11 4 4 4 5 10 8 11 10 8 2 6 4 4 4 4 4 10 4 11 5 4 11 5 2 6 4 4 11 4 5 7 0 9 11 5 5 10 8 10 10 8 7 7 10 8 7 7 8 4 7 11 4 10 8 8 7 10 10 8 8 7 10 10 7 8 2 6 7 7 10 10 8 2 3 11 5 11 11 5 11 5 5 4 4 4 4 4 4 4 4 4 4 11 10 8 8 11 5 4 4 11 5 10 10 8 4 4 5 10 0 10 3 1 8 6 8 7 10 10 7 8 10 8 7 8 7 10 7 8 11 10 8 8 7 11 7 7 7 8 7 7 11 5 4 1 3 4 4 4 11 11 5 11 5 2 3 11 5 4 4 10 10 8 7 7 7 7 8 11 4 5 4 4 4 4 10 8 7 10 10 8 7 7 10 8 7 8 10 10 8 7 8 7 7 11 11 5 4 4 4 4 4 5 4 4 4 4 11 2 4 4 3 11 4 4 5 10 8 10 10 8 7 8 10 7 10 8 2 6 10 7 8 4 11 4 4 5 10 8 7 7 0 6 7 7 7 7 7 11 4 5 7 10 10 8 8 1 4 4 4 4 11 4 4 4 4 4 5 9 11 5 4 4 4 4 5 10 0 6 7 7 10 8 7 8 10 8 10 8 10 10 7 8 2 9 8 11 11 5 4 4 4 4 4 5 4 10 11 5 5 4 11 11 5 5 0 10 9 5 5 10 10 7 7 7 8 10 8 7 7 8 11 5 7 7 7 7 7 7 11 10 8 8 11 2 9 10 8 7 7 7 8 7 11 11 5 5 4 4 4 4 11 11 5 4 4 4 4 4 4 5
ppo_x50_b_fd_l4_same_gamma,41,qv22_46,22,230,True,1722.0,10.51345157623291,8 8 10 9 8 8 10 10 5 11 5 8 10 4 8 10 4 8 10 4 8 10 4 8 10 4 8 10 4 8 10 4 8 10 4 8 10 4 8 10 4 4 0 5 6 10 8 10 10 8 8 10 4 4 5 7 7 10 10 8 8 10 10 8 8 4 10 8 11 4 10 8 2 9 7 10 8 8 4 1 3 11 4 5 4 10 2 6 10 10 8 4 2 9 8 4 4 4 4 10 10 8 0 6 7 7 8 7 10 8 10 10 8 8 10 10 8 8 10 10 8 8 11 5 1 9 7 10 7 8 8 4 11 4 4 4 4 5 4 4 4 11 5 10 10 8 2 9 5 4 4 4 4 4 11 5 4 10 10 8 7 7 7 0 6 7 7 7 7 7 10 8 8 10 2 6 7 7 4 7 4 7 4 7 4 7 11 10 7 7 8 8 4 4 4 11 5 4 11 4 5 10 10 8 8 4 4 4 4 4 0 3 4 10 8 7 10 10 8 4 5 7 10 10 8 7 7 7 10 8 7 7 8 4 4 4 4 4 4 4 11 4 4 5 7 7 10 7 7 8 4 4 10 10 8 2 9 7 8 7 4 7 4 7 11 5 4 4 1 3 11 5 11 4 4 11 5 5 4 4 11 11 5 2 3 4 10 8 7 10 10 8 8 0 6 7 7 7 7 7 7 7 7 7 7 7 11 4 5 10 10 8 8 4 4 4 4 4 11 11 5 2 9 8 4 4 4 4 1 3 4 4 4 11 4 4 5 4 10 10 8 7 7 10 8 8 4 10 10 8 0 6 7 7 7 7 7 8 11 5 11 10 8 7 7 8 7 7 10 10 8 2 3 11 4 4 10 8 8 4 1 3 11 5 4 4 4 11 11 5 7 8 11 2 4 3 4 4 4 10 11 5 5 7 11 7 10 8 7 7 7 7 7 7 7 7 7 8 10 10 4 4 5 4 11 5 7 7 7 7 7 7 8 4 4 4 4 4 4 11 2 11 5 3 11 5 10 10 8 4 4 4 5 11 2 6 7 7 10 11 5 5 7 7 7 10 7 5 11 7 7 7 7 7 10 8 10 8 1 8 11 5 4 4 3 4 4 11 4 5 10 10 8 4 4 4 4 4 4 4 4 4 4 5 7 7 7 7 10 11 5 5 4 4 4 4 11 5 10 7 11 5 7 0 6 8 4 10 8 7 7 10 10 8 7 7 7 7 7 7 7 8 4 4 4 11 4 5 10 10 8 2 6 7 7 7 11 5 10 10 8 8 4 4 4 4 4 11 4 4 10 8 2 6 10 10 8 8 4 4 10 10 8 0 9 8 7 7 7 7 8 7 4 7 4 7 4 7 4 10 8 11 5 4 11 10 8 2 4 3 11 5 11 11 5 4 4 4 4 4 4 5 4 11 11 4 5 11 5 7 8 11 4 11 5 2 6 7 0 6 7 7 7 7 7 7 10 7 7 0 6 7 7 7 7 7 8 4 4 11 4 5 10 10 8 8 10 8 7 1 3 7 4 7 4 7 4 10 4 4 4 4 4 11 5 5 7 10 8 4 11 11 5 4 1 3 4 4 4 4 4 5 10 8 10 8 7 10 7 7 7 7 8 4 4 10 4 11 5 4 4 4 4 4 4 5 4 10 0 9 5 5 10 0 6 7 7 7 7 7 10 8 2 9 7 7 8 10 4 2 3 4 4 10 11 5 5 4 4 11 4 5 4 10 11 5 5 10 8 10 8 7 7 11 5 7 7 7 10 11 5 5 4 10 8 11 11 5 4 4 5 10 8 0 9 5 0 10 10 6 7 7 7 7 8 7 7 7 7 8 10 8 7 7 7 10 10 8 8 4 4 4 4 4 4 4 4 4 11 4 5 7 10 10 8 8 1 9 4 5 7 10 10 8 8 4 11 4 5 11 5 10 10 7 8 7 7 7 7 7 5 7 7 11 11 5 2 3 4 4 4 4 10 10 8 2 6 4 4 4 4 11 4 5 7 10 10 8 2 6 4 11 11 5 4 4 4 4 4 5 4 10 8 7 11 11 5 2 9 8 10 8 7 7 7 7 7 7 7 7 7 7 11 10 8 8 4 4 4 4 4 11 5 11 4 5 10 10 8 7 8 4 4 4 4 4 4 4 11 5 4 10 10 8 7 7 7 8 0 6 7 7 7 7 7 7 10 7 7 8 4 1 9 10 8 4 4 8 7 10 7 8 10 10 8 8 4 4 4 4 4 4 4 4 11 4 10 8 2 3 4 4 11 4 4 5 4 11 11 5 7 2 9 5 7 10 10 8 7 7 0 6 7 10 8 8 10 7 10 8 8 10 10 8 8 4 10 10 8 7 7 7 8 11 5 4 4 4 10 8 11 11 5 4 4 4 4 4 5 11 5 10 10 8 7 10 8 7 8 4 11 2 3 10 10 7 8 7 7 7 8 7 11 11 5 1 3 4 4 5 4 4 4 4 4 4 4 11 5 7 10 10 8 8 7 10 8 10 10 4 7 4 7 8 7 7 8 4 11 5 4 4 4 4 4 11 11 4 5 4 4 11 5 5 7 11 2 9 10 8 8 10 8 11 4 8 7 10 10 8 7 8 10 8 7 10 7 7 7 8 11 11 5 2 11 3 4 4 4 5 4 4 4 11 11 5 2 3 11 11 5 5 7 7 7 7 7 7 7 10 8 10 10 8 7 7 7 7 7 7 7 7 8 1 9 8 11 11 5 4 4 5 4 4 4 11 5 11 11 5 2 9 4 10 8 7 7 7 7 7 8 4 4 11 4 4 4 5 11 11 5 7 7 7 7 8 10 7 7 7 7 10 8 7 8 10 8 4 4 4 11 5 4 4 4 11 4 5 7 10 7 8 11 4 10 8 4 4 4 5 7 7 10 7 7 8 11 4 1 3 4 5 4 4 4 10 8 11 11 5 4 4 4 4 4 5 4 10 2 6 7 7 10 10 8 8 7 7 7 7 7 7 7 7 7 7 7 11 5 4 10 8 1 9 5 4 4 4 11 11 5 2 9 4 5 4 11 11 5 4 4 5 4 4 11 11 5 2 7 7 10 6 10 8 7 0 9 5 0 6 7 7 7 10 8 7 8 11 4 5 10 10 8 2 7 10 6 7 8 10 10 7 8 8 11 5 10 10 8 8 4 1 3 4 4 4 10 8 11 11 5 11 5 2 4 4 9 4 4 5 11 11 5 0 6 7 7 8 10 11 5 4 2 3 11 11 5 4 4 5 0 6 10 10 8 7 7 7 7 7 10 8 8 11 4 4 4 5 4 4 11 4 5 10 10 8 8 10 7 7 10 8 10 8 7 7 7 7 8 4 10 10 8 2 4 3 4 4 4 10 11 5 5 4 4 4 4 4 10 8 11 11 5 5 11 11 5 2 9 7 7 7 7 8 10 10 0 6 7 7 8 7 10 8 8 11 5 4 11 2 9 10 8 4 5 7 10 0 6 10 8 8 7 10 10 8 7 8 11 2 9 4 10 8 8 11 5 4 4 11 11 5 2 7 9 8 4 4 4 4 4 10 11 5 5 11 4 1 4 3 4 5 4 4 4 4 10 10 8 0 6 7 7 7 7 7 7 7 7 7 7 7 7 8 4 4 11 4 4 4 4 5 7 7 10 8 10 7 7 7 10 7 7 8 10 8 2 4 4 4 4 4 4 4 4 4 3 4 11 5 7 11 10 8 2 9 8 11 11 5 11 5 4 4 4 5 0 4 11 3 4 4 5 7 7 7 7 10 8 4 11 11 5 5 10 10 7 7 8 0 6 7 10 8 7 7 7 7 7 8 11 2 9 10 8 8 7 10 10 8 7 8 11 11 5 4 4 4 4 4 4 5 4 4 4 10 10 8 7 7 7 8
ppo_x50_b_fd_l4_same_gamma,42,qv22_47,22,227,True,1710.0,10.257961750030518,8 8 10 9 8 8 10 11 5 2 6 10 10 8 8 10 4 4 7 4 7 7 2 9 10 8 8 10 10 8 8 10 4 5 4 11 5 7 10 10 8 10 8 10 8 8 10 10 8 7 4 8 4 10 11 5 5 11 2 6 10 8 7 10 10 8 8 10 4 4 5 7 7 10 10 8 8 11 7 11 5 5 4 4 4 4 4 11 5 11 4 2 4 9 11 5 2 3 4 10 8 7 4 7 7 10 10 8 7 7 7 8 0 6 10 10 8 7 8 10 4 5 7 10 10 8 8 10 10 8 8 1 3 11 5 4 4 11 4 5 4 4 4 4 4 4 4 4 4 4 4 11 5 10 8 0 6 10 11 5 5 4 11 2 6 7 0 6 7 11 10 8 8 10 11 5 4 4 11 5 4 5 7 7 7 10 7 7 7 7 7 7 7 7 7 8 4 10 4 1 3 4 4 5 4 10 10 8 7 7 10 8 7 7 8 4 4 4 4 4 4 4 4 4 4 4 4 11 5 10 7 7 8 7 7 10 7 7 8 7 10 10 8 4 4 4 4 4 4 4 5 4 10 11 5 5 4 10 10 8 10 8 10 8 7 7 7 7 7 7 7 7 7 7 7 7 8 7 11 11 5 4 4 4 4 5 4 4 11 5 4 4 4 10 10 8 8 10 7 8 4 4 11 10 8 2 3 4 11 11 5 4 4 4 4 4 5 10 2 9 7 8 4 4 10 10 8 0 6 7 0 6 8 10 10 8 4 5 10 10 8 7 7 7 7 7 7 7 7 7 11 5 5 4 4 4 4 4 11 5 10 7 7 7 7 7 7 7 8 7 11 4 4 4 4 4 10 5 10 5 10 5 10 5 10 5 10 5 10 5 5 11 11 5 5 4 4 4 4 4 4 10 8 10 7 8 10 8 10 8 10 10 8 7 7 7 7 7 7 4 0 9 8 7 7 8 1 3 4 1 3 4 10 10 8 2 9 10 8 8 4 4 11 5 4 4 4 4 4 4 4 1 9 5 4 11 5 11 11 5 5 7 7 7 7 10 10 8 7 8 11 4 5 10 10 8 2 9 0 6 8 10 0 9 7 5 4 4 4 4 4 5 10 8 7 7 7 10 8 7 7 7 11 5 11 10 8 2 9 10 8 8 11 4 4 4 4 5 4 4 4 4 4 4 4 10 11 5 5 4 4 10 10 8 0 6 7 7 7 7 7 7 10 8 7 7 7 7 7 7 7 10 2 3 5 10 2 10 7 10 8 8 4 10 9 5 5 4 4 4 4 4 4 11 4 10 8 8 10 8 7 7 7 7 11 11 5 4 4 4 5 11 4 5 11 4 10 8 4 4 4 11 5 2 9 8 10 8 10 7 7 7 10 8 2 3 7 7 11 4 4 4 4 5 7 7 7 10 10 8 2 3 4 11 4 4 5 4 11 11 5 5 4 10 10 8 4 11 5 5 11 5 10 10 8 10 8 2 6 7 7 7 7 7 7 10 10 8 7 7 7 7 7 7 8 4 4 4 1 3 4 10 8 10 4 11 5 4 4 5 4 1 3 4 4 1 9 5 11 11 5 2 3 10 10 7 8 10 7 7 8 2 9 0 9 8 7 7 8 4 10 7 7 10 8 2 9 10 8 8 10 4 4 5 4 4 4 11 5 11 4 4 4 4 4 4 4 4 4 5 10 8 7 7 7 0 6 7 10 10 7 8 7 7 7 8 7 7 7 11 10 8 8 0 9 10 8 8 4 4 4 4 4 11 11 5 7 8 11 2 3 4 4 1 3 4 4 4 4 11 5 4 0 9 11 5 4 4 4 5 10 7 7 8 10 10 8 10 8 8 7 10 10 8 7 7 7 7 7 8 11 11 5 4 4 5 7 11 5 7 10 7 7 7 8 10 4 4 4 4 4 4 4 4 4 4 4 4 4 4 5 10 11 5 2 9 10 8 7 8 4 0 6 10 10 8 7 7 7 7 7 10 8 7 7 7 7 7 7 8 4 4 4 4 11 4 5 7 10 10 8 2 9 8 11 11 5 4 4 4 4 4 4 5 10 8 10 0 6 7 7 7 7 7 8 11 11 5 4 2 9 10 8 7 7 8 1 3 4 4 4 10 11 5 5 4 11 5 4 4 4 4 4 11 5 11 11 5 4 2 9 10 8 7 7 8 0 6 7 7 7 7 10 11 5 5 7 10 8 10 10 8 7 10 8 7 7 7 7 7 7 8 1 3 4 1 3 4 4 4 11 5 10 10 8 2 3 11 5 4 10 10 8 8 7 10 8 4 4 10 10 8 8 10 11 5 5 4 7 10 4 7 11 5 5 4 4 4 4 4 4 11 11 5 2 6 7 10 11 5 4 4 5 4 4 10 10 8 7 7 8 4 4 10 2 10 10 6 8 10 8 7 7 7 7 8 7 7 7 10 10 8 7 7 8 4 4 1 4 6 10 2 11 3 5 10 10 2 8 6 7 11 1 9 8 8 11 11 5 7 7 8 4 4 4 4 4 4 1 4 4 4 3 11 5 10 7 0 6 7 8 4 10 8 11 4 10 8 2 6 10 10 8 8 11 7 11 7 7 7 8 2 11 11 5 3 5 4 11 4 5 4 11 11 5 4 5 4 10 10 8 8 11 2 9 10 8 4 5 4 4 11 4 5 7 7 10 10 8 7 7 7 7 7 7 8 11 11 5 2 3 11 11 5 11 5 4 4 5 4 10 10 8 7 7 8 11 4 11 5 4 4 4 4 5 4 10 11 5 2 9 11 5 5 7 10 8 7 11 5 11 5 10 10 8 0 6 7 8 10 7 7 7 7 7 7 8 10 7 8 0 7 3 11 11 5 4 4 4 4 5 7 7 11 11 5 4 4 4 4 11 5 11 5 8 4 11 4 4 11 5 2 7 10 6 7 5 11 11 5 5 7 10 7 5 10 10 8 10 8 8 10 11 5 5 7 7 7 7 7 10 7 7 7 7 7 8 7 7 11 11 5 5 4 4 4 11 5 4 4 4 10 8 11 11 5 5 10 8 4 4 4 4 10 11 5 5 4 11 11 5 5 7 7 10 10 8 7 7 0 6 7 7 7 7 10 8 8 4 4 4 4 11 5 7 11 11 5 5 7 10 10 8 7 7 7 5 10 10 8 7 11 5 2 3 4 11 5 10 5 11 11 5 11 5 11 8 11 8 11 8 11 8 11 8 11 8 11 8 11 8 11 8 11 8 7 7 7 8 4 4 4 4 11 4 4 5 11 5 10 10 8 4 2 9 7 10 8 7 7 0 6 7 7 7 7 7 8 7 7 7 10 7 8 11 11 5 5 11 2 6 11 11 5 4 4 5 10 7 7 8 11 11 5 4 4 11 5 4 4 11 5 2 6 4 4 4 4 4 4 11 5 4 10 7 10 8 4 2 9 5 11 11 5 5 10 10 7 7 8 8 7 7 0 6 7 7 10 7 7 7 7 10 8 7 7 7 7 8 11 5 4 4 4 1 6 4 4 1 3 7 11 11 5 7 8 4 4 4 4 4 11 2 3 10 7 8 11 11 5 2 11 3 5 11 11 5 2 3 10 7 7 7 7 7 7 10 8 7 8 7 11 10 8 8 10 7 10 7 8 2 6 11 4 4 11 5 4 4 4 4 10 8 2 7 9 8 7 10 7 7 8 11 11 5 11 2 3 11 5 11 5 4 4 4 4 5 11 11 5 4 2 9 10 8 7 7 8 10 10 8 8 10 10 8 7 8 11 4 4 4 5 11 11 5 4 4 4 4 5 11 11 5 4 5 10 10 8 7 7 0 6 7 7 7 7 7 7 7 8 10 10 8 8 10 7 7 10 2 8
ppo_x50_b_fd_l4_same_gamma,43,qv22_48,22,234,True,1766.0,10.626084804534912,8 6 2 6 10 8 7 4 7 4 7 4 7 10 11 5 4 2 9 5 10 10 8 7 8 10 4 2 6 10 10 8 8 10 10 8 8 10 4 5 4 11 5 10 8 10 8 7 10 10 8 8 10 2 9 10 8 7 10 8 7 5 10 10 8 8 11 5 7 10 10 8 8 4 1 3 4 4 4 4 4 10 11 5 5 4 11 4 4 4 1 3 4 4 4 5 10 11 5 2 10 10 8 10 6 8 7 7 7 7 0 6 7 7 7 7 10 8 8 11 10 8 8 10 7 8 11 11 5 4 4 5 7 7 7 10 7 8 10 10 8 8 4 4 4 1 11 9 8 8 4 4 4 11 11 5 4 5 4 11 10 5 10 5 10 5 11 5 0 6 7 7 7 8 10 10 8 8 11 10 8 0 6 7 8 11 11 5 4 4 4 4 4 4 5 11 11 5 4 5 11 11 5 5 4 4 10 11 5 4 2 9 5 10 10 8 0 6 10 8 8 7 7 7 7 7 7 11 5 0 6 10 7 7 7 7 10 8 2 6 4 4 4 10 11 5 5 11 11 5 4 11 5 4 5 4 11 11 5 8 0 6 10 7 8 11 4 5 10 10 8 7 8 7 7 0 6 7 7 10 8 4 4 4 4 4 4 4 1 3 11 4 4 4 4 5 0 9 11 5 5 7 7 4 10 8 7 10 10 8 4 5 4 1 9 7 5 11 5 7 10 10 8 7 7 10 8 8 4 10 10 8 7 7 7 7 7 8 10 7 10 8 8 4 4 10 10 8 7 8 11 4 10 8 8 11 2 3 11 11 4 5 4 11 5 11 4 5 8 11 11 5 2 9 8 7 4 7 7 7 7 7 11 10 8 8 7 11 11 5 4 1 11 5 3 4 4 4 4 4 4 5 10 7 7 10 8 7 10 8 7 7 7 7 7 7 7 8 4 4 4 4 4 4 4 11 5 4 10 4 4 4 5 7 10 8 10 10 7 8 5 10 10 8 2 6 4 10 7 11 4 5 2 11 5 6 4 10 0 6 7 0 6 7 7 7 8 10 8 10 8 4 4 4 1 11 9 8 8 11 4 7 7 4 4 8 4 4 4 4 4 4 4 4 7 10 11 5 4 5 4 4 4 4 11 5 7 7 7 7 0 6 7 10 8 7 7 7 10 10 8 2 9 5 10 7 7 7 7 7 8 1 9 10 8 8 4 11 11 5 1 3 4 4 5 4 4 11 4 4 1 3 4 4 4 4 4 11 5 2 9 10 8 2 9 8 10 8 7 11 5 0 6 7 10 10 8 8 7 7 10 10 8 8 7 7 7 11 7 0 6 8 10 8 11 11 5 4 4 5 11 4 5 4 4 4 11 2 3 4 4 11 11 5 4 4 4 4 5 10 7 11 5 5 0 9 5 10 10 8 8 0 10 9 5 5 10 11 5 4 5 7 7 7 7 7 7 7 7 7 7 10 8 7 7 10 7 11 5 2 11 3 11 5 2 9 10 8 5 4 10 8 11 2 9 11 5 4 5 4 4 4 11 4 4 4 4 5 10 8 7 7 7 7 0 6 7 7 7 10 8 10 10 8 7 7 8 7 7 10 1 9 8 8 10 8 11 4 4 11 8 4 4 4 4 5 10 10 8 4 4 4 5 4 4 10 11 5 4 4 4 4 4 5 7 7 7 7 7 10 7 8 10 10 8 7 7 7 7 7 8 7 7 11 11 5 4 4 5 4 4 4 11 5 11 11 5 4 4 4 4 4 4 5 7 10 8 7 10 10 8 8 4 10 10 8 7 8 4 4 4 4 4 4 4 4 4 10 10 8 7 7 7 10 5 7 0 9 8 7 7 7 7 7 7 7 7 8 4 4 4 4 4 11 2 4 3 4 4 11 4 4 4 5 10 8 7 10 10 8 8 10 8 10 10 8 10 8 8 7 7 10 2 9 11 5 7 7 7 7 8 4 4 4 4 11 4 4 11 5 4 4 11 5 11 5 4 4 4 2 3 0 3 0 3 0 3 0 3 0 6 7 4 10 4 4 5 7 10 10 8 10 8 7 7 7 7 7 8 10 7 10 8 2 9 10 8 8 10 10 8 7 7 8 11 5 1 11 3 10 8 8 11 4 4 5 7 7 11 11 5 4 4 4 4 4 5 4 11 11 5 5 4 0 9 5 10 7 7 7 7 8 4 4 4 4 11 11 5 5 7 10 8 10 10 8 7 7 7 7 7 7 7 7 7 7 8 4 4 4 11 5 11 11 5 2 7 6 7 11 5 11 5 7 10 10 8 7 7 8 4 11 10 7 5 2 4 3 7 4 7 4 4 4 4 4 4 4 4 11 11 5 4 4 4 4 4 4 5 10 2 9 8 7 7 10 7 7 7 8 4 11 11 5 7 7 7 8 4 4 11 5 4 11 11 5 5 7 7 7 7 7 10 7 11 5 5 10 7 10 7 8 10 8 7 0 6 7 7 7 7 10 8 8 11 5 7 11 1 3 4 7 4 7 4 7 7 4 4 7 4 7 4 7 5 4 4 4 4 4 11 11 5 2 11 5 9 7 0 6 7 0 6 8 10 7 7 7 10 7 8 4 4 4 2 6 11 10 8 7 8 4 11 4 5 11 4 4 5 4 4 11 4 5 4 4 4 4 4 11 5 4 11 11 5 2 6 7 7 7 0 6 7 7 10 10 7 7 8 8 11 10 8 7 8 7 11 10 8 8 10 10 7 8 2 6 4 11 2 11 4 5 11 3 11 5 11 5 4 5 11 4 4 11 5 2 9 8 10 10 8 10 8 7 7 8 1 3 4 4 10 11 5 5 4 4 4 1 9 11 5 4 4 2 3 4 10 10 8 0 6 7 7 8 7 7 7 7 7 10 7 7 7 7 7 7 8 11 4 4 4 4 5 10 10 8 2 6 10 7 10 8 8 10 4 4 11 5 8 4 4 4 11 5 10 7 0 6 7 7 7 8 10 10 8 8 4 4 11 2 9 4 4 4 4 4 11 5 11 5 5 4 11 4 4 5 0 6 7 10 10 8 2 6 10 7 7 7 8 4 4 10 10 7 8 2 9 7 7 8 11 4 8 4 1 3 4 4 11 11 5 4 4 4 4 4 4 5 7 7 10 10 8 8 0 6 7 0 6 7 10 11 5 5 11 2 9 11 5 5 10 7 7 7 8 10 11 7 8 4 4 5 11 10 8 8 11 4 5 4 11 11 5 4 4 5 11 11 5 4 5 7 4 7 4 10 7 8 10 8 4 4 11 11 5 5 7 11 5 7 10 8 10 10 8 0 6 0 6 8 7 7 7 7 10 7 10 8 10 8 2 9 10 8 7 8 4 10 8 11 11 4 5 8 4 4 11 5 7 11 5 1 3 4 11 5 7 11 11 5 7 8 7 10 10 8 4 4 4 4 4 4 5 7 10 8 7 7 7 7 7 7 7 10 8 11 11 5 4 5 4 4 4 11 5 4 4 4 11 5 10 8 4 4 4 4 4 11 4 10 8 8 7 7 7 7 7 7 10 7 7 7 7 7 7 7 7 7 8 4 4 7 1 3 4 11 10 8 2 6 4 11 5 7 7 10 10 8 7 8 10 10 8 2 3 4 4 4 4 4 4 4 4 4 10 8 11 11 5 4 5 4 4 4 11 4 4 5 10 10 8 2 6 10 10 8 8 4 4 11 4 5 10 10 8 8 10 10 8 7 10 8 8 11 2 3 4 10 10 8 7 7 8 1 3 4 4 11 5 7 10 7 10 8 7 8 4 10 10 8 8 11 4 4 4 5 7 10 0 6 7 10 8 0 6 8 7 7 10 7 10 8 2 6 4 4 4 4 11 4 4 4 5 11 11 5 4 4 4 4 4 4 4 4 11 5 2 9 8 4 10 10 8 7 7 7 7 7 7 7 7 7 7 7 7 8 11 4 10 2 8 9 10 8 8 4 11 11 5 4 4 4 4 4 4 5
ppo_x50_b_fd_l4_same_gamma,44,qv22_49,22,235,True,1715.0,10.630343198776245,8 6 10 5 10 5 10 5 10 5 7 7 2 9 11 5 5 10 2 9 5 7 10 11 5 5 0 9 5 7 10 10 8 8 10 10 8 8 10 4 5 4 0 6 10 10 8 10 8 8 10 10 8 8 10 4 5 7 10 10 8 8 10 10 8 7 5 11 5 11 4 4 5 7 10 10 7 7 7 8 7 5 11 5 10 0 6 10 8 8 10 1 8 9 5 4 10 8 10 10 8 8 4 4 11 5 11 4 4 4 4 4 4 4 4 5 4 11 2 6 10 10 8 7 7 7 7 10 8 7 7 8 11 2 9 11 5 5 4 4 4 4 4 11 10 8 4 5 10 4 8 7 10 10 8 8 7 7 10 7 7 7 8 4 11 10 8 8 7 10 8 4 11 11 5 4 4 5 11 4 4 4 4 4 4 4 4 4 5 4 4 4 0 9 5 10 8 7 7 7 10 11 5 7 8 4 4 0 9 5 10 10 8 7 7 7 7 7 7 7 7 7 7 8 4 4 4 11 4 4 4 4 5 10 8 10 10 7 8 10 8 4 4 2 3 11 4 5 11 4 4 11 5 4 4 11 5 7 8 7 7 7 10 8 4 4 4 4 11 5 11 8 7 7 4 10 8 7 0 6 10 10 8 7 7 7 7 7 8 10 10 8 8 11 4 4 5 4 11 4 4 4 4 5 7 7 7 10 10 8 8 4 10 4 4 4 4 5 11 5 10 10 8 7 7 7 0 6 7 10 8 7 7 7 7 8 11 5 10 7 11 4 5 5 4 4 10 10 8 4 5 4 4 4 11 5 10 7 10 8 7 10 8 7 7 8 7 10 10 8 10 8 8 11 4 4 4 4 4 5 11 5 10 10 8 5 4 10 4 4 4 4 7 4 4 4 4 4 4 1 3 4 5 4 0 6 10 11 5 5 10 8 7 7 7 7 7 10 8 7 7 7 7 7 7 10 10 8 2 4 4 3 4 4 4 11 4 4 4 11 5 4 2 3 4 10 10 8 7 8 10 8 10 8 11 4 10 8 7 7 7 0 6 7 8 4 4 4 4 4 4 11 5 10 8 4 4 10 11 5 5 7 10 8 4 10 10 8 7 8 1 3 4 11 5 4 4 11 5 7 7 7 7 7 7 7 10 10 8 4 5 10 7 10 8 7 8 4 11 4 4 1 3 4 5 4 4 11 4 5 11 4 11 5 2 6 0 10 6 7 8 4 11 11 5 5 10 8 7 0 6 7 10 10 7 7 8 7 7 10 8 8 11 5 4 4 4 10 11 5 5 1 9 4 5 10 10 8 10 8 7 7 0 6 7 7 7 10 7 7 7 7 7 8 8 4 1 9 4 5 10 7 7 8 4 11 11 5 5 4 11 11 5 2 11 5 4 10 9 8 5 4 4 4 10 11 5 5 4 11 5 4 11 11 5 11 5 2 7 6 7 7 7 10 7 8 4 4 1 9 5 4 4 4 11 11 5 2 9 5 7 7 7 0 6 7 7 10 10 8 8 10 10 7 7 7 8 7 7 8 11 5 7 11 7 7 10 8 8 11 7 4 7 4 7 4 7 4 7 4 7 4 7 4 7 4 7 4 7 4 7 4 4 10 8 8 1 3 11 11 5 4 4 4 5 10 2 9 10 8 8 4 4 4 4 4 4 11 4 5 10 11 5 2 3 4 11 11 5 7 8 7 7 7 7 10 10 8 7 7 7 7 7 7 8 11 5 4 10 4 4 10 8 8 4 4 4 11 4 4 4 4 4 5 10 4 2 9 10 8 8 11 10 8 2 6 0 9 7 10 7 8 10 8 7 8 10 8 4 4 4 4 4 4 4 4 1 3 4 11 4 4 5 10 2 10 10 8 6 8 7 7 7 10 10 8 7 4 4 4 4 4 4 4 4 4 4 5 7 7 7 7 7 7 7 7 7 7 7 7 7 10 7 7 8 4 0 11 3 4 2 9 11 5 5 4 4 4 4 4 4 4 11 4 4 4 4 5 10 8 10 8 10 8 10 10 8 8 11 2 9 5 10 8 10 8 10 10 8 7 7 7 7 7 8 10 10 7 8 8 4 4 1 3 4 4 11 5 7 11 11 5 4 4 4 4 5 11 4 4 5 10 10 8 2 9 5 4 11 5 4 0 9 10 8 7 7 7 7 7 7 7 8 10 2 4 9 10 8 7 7 8 4 4 4 4 10 11 5 5 4 4 11 11 5 7 7 7 7 7 7 8 4 4 4 4 11 5 7 10 10 8 7 7 7 10 8 10 8 7 7 8 10 10 8 7 8 4 10 4 4 4 4 4 4 4 5 4 10 11 5 5 4 4 4 4 4 11 2 3 10 11 5 5 11 11 5 7 7 7 8 10 2 9 10 8 7 7 7 7 0 6 7 7 0 6 0 6 7 7 8 10 10 7 8 8 10 2 9 11 5 5 11 4 4 4 4 5 11 11 5 5 10 4 7 4 0 9 5 7 7 7 8 11 2 11 9 5 4 4 5 4 4 4 11 11 5 7 8 4 4 10 4 5 10 10 7 8 2 6 7 7 11 10 8 8 10 10 8 7 7 8 7 7 10 11 5 5 7 7 10 10 8 8 4 4 4 4 4 10 8 11 1 3 5 11 11 5 2 6 10 7 7 7 8 11 11 5 5 10 7 7 7 8 11 11 5 4 1 3 4 4 4 4 4 11 5 2 3 11 4 4 5 4 4 4 10 10 8 7 7 7 7 7 7 7 7 8 4 11 2 9 10 8 7 7 7 8 11 5 4 4 4 4 11 4 5 11 5 7 7 7 10 11 5 5 0 6 7 7 7 7 10 7 7 7 8 11 11 5 4 5 4 1 4 3 4 4 4 4 11 11 5 7 8 11 11 4 5 4 4 4 4 4 5 10 2 6 7 7 10 7 8 10 8 4 11 11 5 7 7 7 7 7 8 7 11 2 9 5 10 10 8 7 7 8 11 4 5 4 10 11 5 5 4 11 5 7 7 7 7 7 10 10 8 7 8 11 5 11 10 8 10 7 8 7 7 8 4 4 4 4 4 4 4 1 3 4 11 4 4 4 5 4 11 5 11 11 5 5 7 7 11 7 7 11 5 5 10 8 7 7 11 10 8 8 4 4 4 4 4 11 5 4 11 11 5 2 7 7 6 7 7 7 7 7 7 10 10 8 2 9 7 7 7 7 7 7 8 4 4 4 11 4 4 4 4 4 5 11 11 5 2 6 7 7 10 7 7 7 7 7 8 7 4 7 11 4 4 11 5 4 5 10 8 7 7 7 7 7 11 5 10 10 8 7 7 8 11 5 1 3 4 11 4 4 5 11 4 4 11 5 4 4 5 10 7 10 8 2 6 7 7 10 10 8 8 7 11 11 5 4 4 5 4 4 11 5 11 7 8 10 0 6 7 8 10 10 8 7 7 8 10 7 7 5 11 11 5 7 7 8 4 4 11 11 5 2 4 4 4 4 3 1 3 4 4 4 4 4 4 10 8 10 0 9 8 7 8 10 7 8 4 11 4 5 10 7 10 8 8 10 10 7 7 7 7 7 8 2 6 11 4 4 5 4 4 7 4 4 4 4 11 11 5 4 4 4 11 5 5 4 11 4 5 10 10 8 7 10 8 8 0 9 8 4 4 10 10 8 7 8 11 4 5 7 10 10 8 8 7 7 7 7 7 10 10 8 2 11 3 4 4 4 5 4 10 1 4 4 3 5 11 11 5 4 5 10 7 11 5 5 4 10 10 8 0 6 7 7 7 7 7 7 7 7 7 7 7 7 7 0 7 7 8 11 11 5 5 11 11 5 5 11 11 5 9 5 5 4 4 4 4 4 4 4 4 4 4 4 4 11 11 5 2
ppo_x50_b_fd_l4_same_gamma,45,qv22_5,22,230,True,1617.0,10.488343477249146,8 6 2 10 6 7 11 5 2 7 9 5 10 10 8 8 0 9 5 10 10 8 8 10 10 8 8 11 5 4 4 11 5 7 7 10 5 0 6 7 10 10 8 8 10 10 8 8 10 10 8 8 10 10 8 8 4 10 7 5 10 10 8 8 1 3 4 4 11 11 5 4 5 11 11 5 4 4 4 5 4 4 10 2 6 0 6 7 7 10 10 7 7 7 8 2 3 11 5 11 4 4 8 11 11 5 5 10 8 7 10 10 8 7 7 7 8 7 10 2 9 8 10 11 5 5 10 8 7 10 10 8 8 4 4 4 11 10 8 8 11 11 5 4 4 5 7 7 10 8 11 7 11 5 11 5 1 3 5 4 4 4 4 4 4 4 4 11 4 5 11 5 4 7 4 0 6 7 11 10 8 8 11 5 4 10 10 8 8 10 7 7 7 7 7 8 7 7 7 7 7 10 7 7 7 8 11 4 5 4 11 1 4 8 9 10 8 8 11 10 8 8 4 4 11 5 4 1 3 4 4 4 4 11 4 4 4 4 4 5 4 4 10 10 8 7 7 7 8 11 2 9 4 4 5 10 8 10 10 7 8 7 10 8 8 4 4 11 5 10 7 10 8 8 7 7 7 10 8 4 4 11 5 10 4 10 7 7 7 8 7 7 7 7 8 4 4 11 7 7 0 7 8 4 3 4 11 11 5 5 4 4 4 4 11 4 4 4 4 4 4 4 5 11 4 5 7 10 10 8 8 10 10 8 7 7 7 7 8 10 10 2 8 6 4 11 4 4 4 5 10 11 5 2 3 11 5 7 7 10 10 8 10 8 7 7 7 8 10 2 6 7 7 11 8 11 7 7 7 1 3 11 5 4 5 4 11 4 4 4 4 5 7 10 10 8 2 3 4 4 4 4 11 5 11 5 10 8 7 7 7 7 7 7 10 10 8 8 4 4 4 4 4 4 4 4 4 4 11 4 2 6 7 7 10 8 10 7 7 8 10 10 8 4 4 2 3 4 4 10 11 5 5 11 11 5 5 10 4 4 5 0 6 7 7 7 7 7 7 10 11 5 5 0 9 5 11 10 8 7 7 7 7 7 7 7 8 10 10 8 2 6 10 7 11 5 0 6 7 8 11 11 5 11 5 4 4 4 4 11 5 5 4 4 4 4 11 1 8 9 11 5 4 5 7 10 8 10 10 8 8 1 3 11 4 11 5 8 11 2 9 11 5 4 4 5 1 3 7 7 7 7 7 7 7 7 7 7 10 10 8 8 7 7 7 10 8 7 11 1 3 4 5 4 4 4 4 11 5 10 10 8 8 10 10 7 8 2 9 10 7 8 7 7 7 8 11 11 5 4 5 4 4 10 8 11 11 5 5 11 4 4 8 11 4 4 4 11 5 4 4 4 4 2 3 4 10 8 7 7 7 7 7 11 10 8 8 11 4 4 4 5 10 10 8 7 7 7 7 10 8 7 8 10 10 8 7 8 10 10 8 8 10 10 8 2 6 4 4 4 4 11 5 4 4 11 4 11 5 2 9 5 10 11 4 5 2 3 11 11 5 4 4 4 5 10 8 4 10 11 5 5 7 7 7 7 7 7 10 7 0 6 7 7 7 7 8 10 10 8 4 1 4 3 4 4 4 5 11 5 7 10 7 10 8 8 4 10 10 4 4 5 4 4 4 4 4 4 5 10 10 8 8 10 10 8 8 7 10 8 7 7 10 10 8 7 7 8 4 4 11 5 10 10 7 8 10 8 7 7 7 8 11 5 4 10 8 11 11 5 2 3 11 5 7 10 8 11 11 5 1 3 4 4 4 4 4 5 11 0 6 7 4 7 11 4 5 4 4 4 4 5 4 4 4 0 10 9 8 7 8 7 10 8 4 11 4 4 5 10 10 8 7 7 7 7 7 10 8 2 9 10 8 7 7 8 11 11 5 2 6 4 4 11 10 8 2 4 4 3 11 11 5 4 4 4 4 4 4 5 10 4 2 9 10 8 8 7 10 7 8 10 10 8 2 6 7 7 10 10 8 7 7 10 8 7 8 10 10 8 2 6 7 11 10 8 8 1 3 4 4 4 4 4 4 4 10 11 5 5 10 4 0 9 5 4 4 4 5 7 7 7 7 7 10 7 10 8 7 7 7 7 8 4 11 4 2 3 4 4 4 11 11 5 5 7 7 10 8 10 10 8 7 8 11 10 8 8 7 7 10 8 4 1 3 4 4 10 11 5 5 4 4 4 4 4 4 4 4 4 11 5 7 11 11 5 4 4 4 5 7 7 10 8 4 0 9 4 10 8 7 7 8 11 4 4 5 11 11 5 5 10 8 10 10 7 8 0 6 7 7 7 8 7 7 7 7 7 7 7 11 10 8 8 11 4 5 10 7 10 7 8 2 6 4 4 11 2 9 11 5 7 8 4 4 4 4 11 11 5 4 4 4 4 10 8 4 2 3 4 4 10 4 5 7 10 10 8 7 8 7 10 8 10 10 8 2 9 7 10 8 8 4 4 4 4 11 4 2 11 9 5 5 7 0 6 7 7 7 7 11 11 5 2 11 5 9 11 5 5 4 4 4 11 4 5 11 5 11 11 5 2 3 10 10 8 10 8 7 7 10 8 8 4 10 10 8 7 7 5 10 10 7 8 2 6 10 10 7 7 8 4 5 10 7 10 7 8 2 9 5 10 10 7 8 8 4 4 1 3 4 11 4 5 11 4 5 10 10 8 2 6 10 10 8 10 8 8 4 7 7 10 8 1 3 4 4 4 4 4 4 11 11 5 2 3 11 4 4 4 4 4 4 4 5 7 0 9 11 5 5 7 10 10 8 0 6 7 7 7 7 10 8 7 8 11 11 5 4 2 3 11 4 5 11 11 5 5 10 8 7 10 10 8 7 0 9 8 7 7 7 7 7 7 7 8 10 7 11 5 4 2 4 4 4 4 4 3 4 10 11 5 5 4 11 4 4 4 4 5 11 11 5 0 5 9 8 7 7 7 7 10 10 8 2 10 10 6 8 7 8 7 10 10 8 7 7 10 8 7 7 8 11 5 4 4 11 5 7 11 2 3 11 4 10 8 2 7 9 8 10 8 4 4 4 4 4 4 4 4 4 4 11 11 5 5 7 10 10 7 5 4 4 4 4 4 4 4 5 10 2 6 7 7 10 10 8 7 0 6 7 7 0 6 7 7 7 7 7 7 8 11 11 5 4 4 4 4 4 4 5 11 2 9 10 8 8 7 7 4 4 10 7 7 8 4 7 7 7 11 0 6 10 7 7 7 8 8 11 10 2 8 11 5 11 5 4 4 4 4 3 4 4 4 4 4 4 11 5 7 7 11 8 11 8 11 7 11 5 2 3 11 11 5 4 4 4 4 5 7 10 10 8 7 8 0 6 7 7 7 7 7 7 7 11 0 4 9 5 4 4 4 4 5 11 2 9 11 5 4 4 5 11 5 7 0 6 7 7 11 10 8 8 7 7 7 10 10 8 0 9 8 7 7 7 7 8 10 10 8 2 9 8 11 11 5 4 11 5 4 4 5 11 11 5 4 4 4 4 4 4 4 4 4 4 4 11 5 2 9 7 8 11 11 5 2 10 9 8 5 10 10 8 7 7 10 8 2 4 10 10 8 7 7 7 7 8
ppo_x50_b_fd_l4_same_gamma,46,qv22_50,22,232,True,1636.0,10.450926065444946,8 8 6 10 8 10 11 5 7 2 3 7 4 10 4 5 10 7 10 8 8 10 4 4 5 7 10 10 4 7 8 10 8 8 11 5 7 10 10 8 8 10 10 8 8 10 10 8 8 11 5 11 7 7 10 8 8 10 10 8 8 11 5 4 10 10 8 8 10 10 8 8 10 10 8 8 11 5 1 3 4 11 11 5 11 5 4 4 4 5 11 11 5 4 5 10 10 8 7 7 8 4 4 11 4 5 10 10 8 7 7 7 8 4 4 4 11 5 4 11 5 4 11 11 5 2 6 7 7 10 8 10 7 7 7 7 7 10 8 7 8 11 11 8 11 8 5 4 4 4 4 4 4 4 4 11 10 8 8 11 5 4 4 4 4 4 4 10 0 6 10 8 8 7 10 8 4 10 10 8 7 8 10 8 10 10 8 7 7 0 6 7 7 8 7 11 2 11 11 5 5 3 4 4 11 5 4 4 4 4 4 4 10 8 11 11 5 5 11 2 6 7 7 7 7 7 11 11 5 2 11 9 8 8 10 10 8 8 10 10 7 7 8 8 7 7 7 7 10 10 8 8 4 11 5 7 11 5 4 10 8 7 10 8 11 11 5 5 1 9 5 1 3 4 4 4 4 4 4 4 4 11 2 9 10 8 4 5 11 5 11 5 4 4 11 11 5 5 0 9 5 7 7 11 11 5 4 2 10 10 8 6 7 8 7 7 0 6 7 7 7 7 7 10 8 10 10 8 2 6 7 7 7 10 8 1 6 1 3 11 10 8 8 11 11 5 1 6 1 9 8 4 5 4 4 4 11 5 7 7 7 11 10 8 7 8 4 4 4 11 5 11 11 5 4 11 5 4 4 5 11 5 4 4 10 10 8 7 11 5 7 7 7 7 8 10 2 9 10 8 7 7 8 4 4 4 4 4 11 4 4 4 5 4 4 11 11 5 2 6 4 10 10 8 7 8 7 0 6 7 10 10 8 4 5 7 10 8 7 10 10 8 7 7 7 7 7 8 1 3 4 10 8 10 10 8 7 7 8 4 4 4 11 2 3 11 4 4 4 5 7 10 8 4 11 10 5 11 5 4 4 11 5 7 11 5 4 4 5 11 4 11 5 4 4 0 5 9 0 6 8 7 7 10 10 8 8 7 7 7 7 7 7 7 7 7 10 8 11 4 5 10 10 8 7 7 8 4 10 8 11 4 10 8 2 4 3 1 3 4 11 5 4 4 4 10 0 6 8 10 10 7 8 2 6 10 10 8 7 7 8 4 4 4 4 11 5 1 3 4 11 4 4 5 10 7 11 5 4 4 5 4 4 10 7 8 11 4 11 5 4 4 5 10 8 11 4 5 10 4 4 2 6 10 10 8 8 10 7 7 7 7 10 8 8 7 7 10 10 8 2 6 4 4 4 4 11 2 9 7 11 5 4 4 5 7 10 8 7 11 5 10 10 8 7 8 11 4 4 5 4 10 10 8 7 8 7 10 10 8 7 8 4 4 4 10 11 5 5 7 10 7 10 7 7 8 8 7 4 10 7 7 7 8 11 5 4 4 11 4 5 11 4 4 4 4 5 4 4 11 5 4 4 11 11 5 5 7 7 7 10 4 4 10 8 7 8 7 7 7 7 7 7 7 7 7 10 8 11 2 9 1 3 11 5 2 3 4 10 4 10 8 8 4 10 4 4 10 8 8 10 4 4 4 4 4 4 4 11 5 2 6 7 7 7 7 10 7 8 7 7 11 7 7 10 8 10 8 7 8 4 4 4 11 5 4 4 4 4 4 4 11 5 11 4 10 8 8 7 10 7 7 11 5 5 4 4 4 4 4 4 10 11 5 5 4 11 5 7 10 11 5 7 8 7 7 0 6 7 7 10 8 4 4 10 10 8 10 8 7 7 7 7 8 4 4 4 1 11 3 5 11 2 9 11 5 4 4 5 11 5 7 7 10 10 8 4 5 7 10 7 7 10 7 8 7 7 7 7 8 4 11 4 4 4 5 11 5 10 10 8 2 10 10 8 7 8 7 7 7 7 9 10 8 8 4 11 5 4 4 4 10 8 10 7 8 11 1 3 4 5 4 4 4 4 4 4 1 3 11 5 4 4 10 7 8 10 10 8 4 4 5 10 7 7 7 8 4 11 2 6 7 7 7 10 8 10 4 0 6 7 10 8 7 7 7 8 4 4 11 4 4 4 4 4 4 4 5 7 11 4 11 5 8 4 11 11 5 4 4 5 7 7 7 10 8 7 7 11 11 5 8 7 11 5 10 10 8 7 7 7 7 8 4 4 4 4 4 10 8 11 11 5 4 4 4 4 2 9 11 5 5 4 4 0 10 6 10 8 7 7 10 8 7 7 7 7 7 7 7 7 7 7 7 7 7 8 11 11 5 2 4 3 11 11 5 2 6 11 10 8 7 8 10 2 6 4 11 11 5 4 4 4 4 5 10 10 8 2 3 4 4 4 4 4 4 10 8 11 11 5 2 4 10 6 7 7 7 7 5 7 10 10 8 7 8 10 7 7 7 7 7 8 11 4 5 4 4 1 3 4 1 3 4 11 4 4 5 4 4 11 5 11 11 5 2 3 7 10 10 8 10 8 2 9 10 8 7 8 4 10 11 5 5 11 10 8 7 10 7 7 8 7 8 11 4 4 5 4 4 11 4 5 0 6 7 7 11 10 8 8 7 7 7 7 10 10 8 8 7 10 8 1 4 3 4 4 4 4 4 4 4 4 1 3 4 4 4 4 11 5 10 7 7 7 8 10 7 7 8 4 11 11 5 5 10 8 11 4 4 4 11 5 4 5 10 8 7 10 8 10 7 8 10 4 7 4 4 8 7 7 7 10 10 8 7 7 7 7 10 8 7 7 8 4 4 11 5 4 4 4 4 4 11 5 11 4 4 4 4 5 10 8 7 7 10 11 5 5 4 11 5 4 4 4 10 10 8 0 6 7 7 7 7 7 7 8 7 7 7 10 8 10 10 7 8 7 7 7 8 4 4 4 11 5 10 10 8 4 2 3 4 4 11 4 5 10 7 7 7 8 7 11 11 5 4 5 11 11 5 2 9 7 7 7 8 10 10 8 8 4 4 4 11 11 5 4 11 5 5 4 10 8 11 11 5 4 4 4 4 4 5 4 10 0 6 7 7 7 7 7 8 7 10 10 8 2 6 7 7 0 6 7 7 11 10 8 8 11 4 5 4 11 11 5 4 4 4 4 4 5 1 6 1 6 4 10 11 5 2 10 9 5 5 10 10 8 7 7 7 0 6 7 7 7 7 7 7 7 8 4 1 4 4 6 4 4 1 3 4 4 4 4 4 4 4 4 10 11 5 4 5 4 11 5 7 7 10 7 7 7 7 0 6 7 7 8 7 7 10 10 7 5 2 11 4 4 11 5 4 3 4 11 5 5 10 8 4 4 4 11 10 8 4 5 10 8 11 11 5 5 4 4 4 10 10 8 7 7 7 7 7 7 7 8 10 8 11 5 4 4 10 11 5 5 11 10 8 2 7 6 7 10 7 8 10 10 7 7 7 8 7 10 8 2 9 7 8 4 11 11 5 4 5 4 4 4 4 11 11 5 2 9 11 5 5 11 11 5 4 4 4 5 11 10 8 2 3 11 11 5 7 7 7 7 8 7 7 10 10 8 7 7 7 7 7 7 8 10 10 8 2 10 10 8 8
ppo_x50_b_fd_l4_same_gamma,47,qv22_51,22,236,True,1767.0,10.714714288711548,6 8 2 10 9 8 8 10 11 5 0 5 6 10 10 8 8 4 4 4 10 8 4 0 9 8 4 10 8 11 11 5 7 0 5 6 7 7 10 10 8 8 10 10 8 8 10 4 5 4 4 4 4 4 11 8 11 5 10 8 7 7 7 0 6 10 8 7 10 10 8 8 10 10 8 8 11 5 4 10 10 8 8 10 10 8 7 5 10 10 8 7 5 10 4 5 10 7 10 8 8 4 10 11 5 5 11 1 9 5 4 5 11 4 11 5 4 4 4 4 5 4 11 11 5 2 3 10 10 8 7 7 10 8 7 7 7 7 7 7 8 4 4 10 10 8 2 9 8 10 10 8 8 4 4 4 11 1 9 5 4 5 11 4 4 4 4 5 10 7 10 8 2 9 5 10 10 8 10 8 8 11 2 6 7 7 7 7 7 10 10 7 5 2 6 7 10 10 8 8 4 4 1 9 8 4 10 8 11 11 5 4 4 4 1 3 4 4 1 3 4 4 4 4 4 5 4 4 10 8 0 6 11 7 11 5 2 9 7 7 5 4 11 11 5 5 10 7 7 10 8 7 7 7 7 7 7 7 5 7 11 11 5 4 4 5 10 8 7 10 11 5 5 7 7 10 10 7 8 2 9 8 4 4 11 4 4 4 11 5 4 4 5 7 7 7 7 11 0 9 5 4 4 5 4 4 10 10 8 7 7 7 7 8 11 11 5 5 7 7 7 7 7 10 11 5 5 7 7 11 10 8 8 7 10 10 8 4 4 2 3 4 4 11 5 4 4 4 4 4 4 4 4 4 4 4 11 11 5 2 7 6 7 7 7 7 7 7 7 7 7 7 11 5 10 10 8 7 7 8 11 2 3 4 11 11 5 4 4 5 11 4 4 4 4 4 4 5 4 10 8 11 11 5 7 2 6 7 7 7 10 8 7 7 7 7 11 5 7 10 10 8 7 7 7 8 1 3 4 4 4 11 5 4 10 10 8 8 11 5 4 4 4 4 11 11 5 4 5 4 11 11 5 7 2 6 7 10 8 7 7 10 10 8 7 7 7 7 10 8 2 3 11 4 5 7 7 7 10 8 10 10 8 7 7 8 7 11 5 4 1 3 4 4 4 4 4 4 4 10 10 8 2 4 6 1 6 1 6 1 6 1 6 7 4 1 6 10 11 5 2 9 11 5 4 4 4 4 4 4 5 11 5 7 7 7 7 7 7 10 7 7 8 4 11 4 11 5 5 10 8 10 5 11 4 5 7 7 11 8 11 10 8 7 7 7 7 7 7 7 8 7 7 7 11 10 8 8 11 4 8 4 1 4 3 4 4 4 4 11 4 5 7 11 11 5 4 4 4 4 4 5 4 10 0 6 7 7 8 7 10 10 7 7 7 8 2 6 7 7 7 10 10 8 7 7 7 8 4 11 4 4 4 5 1 3 1 3 11 4 4 4 5 4 4 4 4 4 4 7 4 7 4 7 4 7 4 11 4 11 5 2 6 7 10 4 10 8 8 7 11 5 10 10 8 7 8 4 4 4 11 4 5 10 10 7 5 2 9 10 8 7 8 4 4 11 5 7 7 7 10 10 8 7 7 7 10 7 7 7 8 8 4 4 4 11 2 3 11 4 5 10 4 4 4 5 7 10 10 7 7 8 8 7 7 7 10 7 10 7 7 7 8 8 4 4 4 0 11 3 4 5 10 11 5 2 3 4 4 4 11 10 8 8 10 4 4 4 4 4 4 4 4 4 5 10 10 8 10 8 7 7 7 0 6 7 8 7 7 7 10 10 7 7 8 8 7 10 7 8 11 1 3 4 4 4 1 9 8 5 4 4 4 11 11 5 2 3 4 1 6 4 4 10 11 5 2 4 3 11 4 10 8 7 7 7 7 7 7 7 8 11 4 4 4 4 5 11 4 4 5 4 4 4 10 10 8 7 8 0 6 7 7 7 7 10 7 10 8 7 7 7 7 7 10 8 8 11 10 8 8 11 1 3 4 1 3 4 5 11 2 3 10 7 7 10 8 2 9 8 7 7 11 5 10 10 8 8 4 4 4 4 4 11 4 4 4 5 1 9 4 5 10 10 8 2 9 5 4 4 4 4 4 4 4 11 11 5 2 7 9 8 11 11 5 4 2 10 10 8 7 6 0 6 10 8 7 0 9 8 7 8 7 10 10 8 8 7 10 4 4 4 4 4 4 5 10 8 7 7 7 7 10 10 8 7 7 7 8 11 8 11 8 11 8 11 8 11 8 11 8 11 8 11 8 11 8 11 8 11 8 0 9 7 7 8 11 1 9 8 8 11 4 5 11 4 4 4 4 5 10 10 8 7 7 8 4 4 4 4 4 4 4 11 2 6 11 11 5 4 5 11 11 5 2 6 10 8 4 4 10 11 5 4 4 5 10 10 8 7 7 7 0 6 7 7 7 0 6 7 7 7 8 10 10 8 8 10 7 8 11 11 5 5 4 11 2 3 4 4 4 4 4 11 4 4 5 4 11 4 5 10 4 10 4 5 4 2 11 6 8 7 7 10 10 8 10 7 8 0 6 10 8 8 10 10 8 8 11 1 3 5 10 10 8 7 7 7 7 8 7 7 10 8 4 10 10 8 8 11 11 5 4 10 8 7 8 11 11 5 4 11 5 4 4 4 11 5 11 5 2 9 11 5 2 6 10 10 8 4 4 4 5 7 7 7 7 10 8 7 7 10 8 11 4 2 4 6 10 1 4 9 5 7 7 8 4 4 11 11 5 5 4 4 4 4 4 11 4 4 4 4 4 5 7 10 0 6 8 7 10 10 8 8 10 7 7 8 10 10 8 7 10 7 7 7 8 8 1 6 11 1 3 4 4 11 5 8 11 11 5 4 4 4 4 4 11 5 2 9 11 5 11 5 5 11 11 5 5 7 7 7 7 10 10 8 4 5 4 4 10 2 9 11 5 4 5 0 9 8 7 10 10 8 7 7 10 8 10 8 7 7 7 7 7 7 7 7 7 8 10 8 1 3 4 4 4 4 4 4 4 11 4 4 4 5 10 10 8 2 9 4 4 5 7 7 10 10 8 7 7 7 7 7 7 8 4 11 4 5 7 7 7 7 7 11 11 5 2 4 3 4 4 4 4 4 10 10 8 8 10 7 8 4 4 4 11 11 5 5 4 11 11 5 4 5 4 10 7 7 8 10 10 8 4 4 4 5 10 8 10 7 10 8 10 7 7 7 8 8 10 7 7 10 8 7 7 7 8 4 4 4 4 4 11 2 4 9 4 4 5 4 11 4 4 4 5 4 11 11 5 7 8 10 8 4 4 11 11 5 2 7 6 7 7 7 7 7 7 11 5 10 10 8 7 7 7 7 7 7 8 11 7 11 5 1 3 11 5 5 4 4 10 2 6 11 11 5 5 10 8 11 4 4 4 4 5 4 4 4 0 9 11 5 4 5 7 7 0 6 7 10 7 7 7 7 7 8 11 11 5 2 6 7 10 10 8 8 4 4 4 4 4 1 3 11 4 4 5 4 11 4 5 4 10 10 8 7 7 7 7 10 8 8 4 10 10 8 7 7 7 7 7 7 7 7 7 8 11 2 9 10 8 4 5 4 11 11 5 4 4 4 5 10 8 11 11 5 4 4 5 4 4 4 10 10 8 2 10 9 5 5 10 10 0 8 6 7 7 7 7 8 7 7 10 7 7 8 10 10 8 8 4 4 4 4 1 3 4 4 11 4 4 5 0 11 5 9 10 8 7 7 10 8 8 4 4 4 4 4 11 10 8 8 11 5 4 4 4 4 4 11 4 5 10 10 8 10 8 8 7 7 7 7 7 7 11 10 8 8 10 10 7 8 7 10 8 8 7 7 10 8 11 11 5 5 11 11 5 5 1 3 4 4 4 11 5 4 4 4 4 4 11 11 5 11 5 2 7 11 9 5 4 4 5 10 7 10 7 7 7 7 7 7 8 7 7 8 4 4 10 10 8 7 7 7 8
ppo_x50_b_fd_l4_same_gamma,48,qv22_52,22,234,True,1675.0,10.690149068832397,8 8 9 10 8 8 10 10 8 8 11 5 0 3 7 10 10 8 8 10 10 8 8 11 5 4 11 5 10 8 10 10 8 10 8 2 9 10 8 8 10 10 8 8 10 10 8 8 11 10 5 5 4 11 4 4 5 11 5 7 0 6 11 10 8 8 7 7 7 10 10 8 8 10 10 8 8 10 4 5 11 1 9 5 4 4 5 10 0 6 8 11 4 4 11 5 5 4 4 11 4 4 4 4 4 5 0 6 10 7 8 7 7 7 10 7 7 7 8 11 5 4 4 4 4 11 5 10 4 11 5 5 11 4 4 11 5 5 7 7 11 5 10 8 10 8 7 7 11 5 11 5 7 7 7 10 10 8 4 5 10 7 10 8 8 7 7 7 10 11 5 5 4 4 10 11 5 5 1 3 4 4 4 11 5 4 10 10 8 7 0 9 8 7 7 8 7 7 11 5 10 10 8 7 7 8 10 10 7 7 7 7 8 8 11 4 4 5 7 10 10 8 8 11 5 1 9 11 5 5 11 5 7 7 10 10 8 8 11 4 5 11 4 4 4 5 4 11 11 5 4 0 9 8 7 7 7 7 7 8 11 11 5 2 9 7 7 5 4 11 11 5 5 11 4 11 5 2 9 11 5 5 11 5 11 5 7 11 4 11 5 7 7 0 3 0 3 0 6 7 7 7 7 7 7 7 7 0 8 3 4 1 3 4 11 5 11 4 4 4 4 5 11 11 4 4 5 2 9 4 5 4 4 4 10 10 8 0 6 7 7 7 7 7 7 7 7 8 10 8 10 10 8 7 7 7 7 7 8 11 1 9 5 4 4 10 8 8 4 11 4 4 1 7 3 1 6 1 7 9 5 5 4 4 11 4 5 4 4 4 10 7 11 5 5 4 4 11 4 5 10 10 8 8 10 10 8 10 8 7 7 7 7 8 10 10 8 7 7 7 7 8 10 2 6 10 10 8 4 2 3 11 5 10 4 11 5 4 4 5 11 4 11 5 2 9 7 7 7 5 10 10 7 7 7 7 8 4 4 5 4 10 8 10 8 4 4 4 4 1 3 4 11 1 9 5 4 4 4 5 0 9 7 7 8 4 4 4 4 4 4 4 10 8 11 11 5 4 5 7 7 7 10 8 7 10 10 8 8 10 10 8 7 7 7 7 7 7 7 8 4 11 4 4 4 4 5 10 7 8 7 7 10 7 8 7 10 10 8 8 4 4 11 1 3 5 4 4 4 11 4 4 4 10 8 2 9 10 8 8 7 10 7 8 11 11 5 4 4 5 10 10 8 4 4 5 4 4 4 4 10 8 7 7 7 7 10 7 7 7 7 8 10 4 5 11 8 4 4 4 11 11 5 5 10 8 10 7 7 10 7 7 7 8 8 4 4 4 4 4 4 4 4 11 4 1 3 4 1 3 5 10 7 8 4 11 11 5 5 11 11 5 4 11 5 2 6 10 8 11 11 5 2 7 10 9 5 5 10 10 7 8 7 8 4 10 11 5 2 6 10 10 8 7 7 10 8 7 8 7 7 11 4 4 4 4 5 10 7 7 7 7 10 8 7 8 7 7 7 11 11 5 2 3 4 4 4 4 4 11 4 4 4 4 5 10 10 8 7 7 8 4 4 10 11 5 2 6 7 11 5 7 7 7 10 10 7 5 4 5 10 4 4 8 4 4 4 10 8 10 4 8 10 8 7 7 7 7 7 10 11 5 5 10 7 10 7 8 10 8 2 9 4 4 5 7 1 3 4 11 11 5 4 5 4 4 4 4 11 4 5 4 11 5 0 9 5 11 10 8 2 9 5 1 9 4 10 8 0 7 8 6 10 10 8 8 10 8 10 7 7 7 7 7 7 7 7 7 10 8 8 7 10 10 8 4 2 11 5 3 4 11 4 4 5 4 4 11 4 5 11 11 5 2 3 11 5 11 2 9 5 4 4 10 10 8 7 0 6 8 7 7 10 8 7 10 10 7 8 2 6 10 10 8 8 11 4 4 4 4 4 4 4 4 5 4 11 4 5 10 10 8 2 6 7 7 10 11 5 7 8 11 4 5 4 1 4 3 4 4 4 11 8 4 0 10 6 10 8 10 8 7 7 7 7 7 7 8 7 7 0 7 9 8 10 7 7 10 8 2 9 5 10 10 8 8 4 4 4 4 4 1 4 11 9 5 5 11 4 4 11 5 2 6 10 7 8 7 10 7 7 8 11 11 5 5 4 4 11 10 5 5 4 4 10 11 5 5 4 4 4 4 11 11 5 2 9 7 8 10 10 8 0 6 7 7 7 10 8 7 8 11 11 5 2 6 7 11 5 10 10 8 8 11 5 10 10 8 7 7 7 7 10 8 8 4 11 5 4 4 11 5 4 4 1 3 4 4 4 4 4 10 4 4 4 4 5 7 7 7 7 7 10 10 8 7 7 8 7 7 11 4 5 7 11 2 9 10 8 10 8 7 8 7 10 10 8 7 7 8 11 4 2 9 10 8 7 8 11 4 4 5 4 4 11 11 5 4 4 4 4 4 5 10 0 6 7 7 7 8 10 7 10 8 2 6 10 8 11 4 4 4 4 4 1 4 3 4 4 5 11 11 5 2 9 11 5 5 11 4 5 7 10 10 8 10 8 8 10 10 8 2 6 7 10 10 7 8 8 7 10 2 9 7 8 11 11 5 5 4 7 4 7 4 7 4 7 4 7 4 7 7 4 4 7 4 7 4 7 11 4 4 5 4 4 4 4 4 4 11 5 4 4 10 10 8 0 6 7 7 0 6 7 7 7 7 10 8 2 7 9 10 8 7 7 7 7 8 11 11 5 7 7 8 10 2 9 1 3 4 4 5 4 4 4 10 10 8 2 9 7 7 7 8 11 5 7 11 10 8 8 7 11 11 5 4 4 4 4 11 5 4 4 4 5 7 7 7 7 7 11 5 11 11 5 11 5 4 5 10 7 8 11 4 4 5 4 11 2 3 4 4 10 11 5 4 4 4 5 7 7 7 7 7 10 10 8 7 7 8 11 4 4 4 4 4 4 4 5 11 2 6 10 10 8 2 6 0 9 10 8 7 7 7 7 7 8 11 2 6 11 11 5 7 7 8 4 4 11 4 5 4 4 4 11 11 5 5 4 0 9 5 10 10 8 7 7 8 7 7 7 7 7 7 7 7 7 7 7 7 10 8 11 11 5 5 4 10 8 7 11 7 7 10 8 4 2 11 3 5 4 11 11 5 4 5 11 4 4 11 5 11 5 2 9 11 5 5 4 10 8 7 7 10 7 0 6 7 7 8 10 7 7 8 7 1 11 6 8 7 11 1 9 5 2 9 1 3 4 5 11 11 5 5 11 4 5 4 11 11 5 5 7 7 7 7 11 10 8 8 4 4 4 4 4 11 10 8 8 4 4 11 11 5 4 5 10 11 5 2 9 5 4 4 10 8 11 11 5 5 7 7 10 7 10 8 7 7 7 7 7 7 8 1 9 4 4 4 4 4 4 5 11 11 5 5 11 4 10 8 7 8 7 10 10 8 7 7 7 7 7 7 8 11 4 4 4 5 7 7 10 10 8 7 8 4 4 10 4 4 5 10 10 7 7 8 7 8 4 10 10 8 7 8 11 5 7 10 7 10 8 8 4 11 2 9 11 4 8 7 8 11 4 4 5 4 4 11 5 4 10 10 8 8 4 4 4 4 11 11 5 4 4 4 4 4 5 11 11 5 2 9 11 5 7 7 7 8 10 10 7 7 7 7 7 7 7 7 7 7 7 7 7 8 8
ppo_x50_b_fd_l4_same_gamma,49,qv22_53,22,227,True,1682.0,10.30513882637024,8 6 0 9 5 2 9 10 8 8 10 10 8 8 11 5 11 11 5 5 10 7 11 5 5 10 10 7 8 7 10 8 8 10 10 8 8 10 4 5 7 10 10 8 8 10 10 8 8 10 10 8 8 10 4 5 10 7 10 8 8 4 4 4 11 5 7 11 10 8 8 4 4 10 10 8 4 4 4 5 7 7 10 7 7 7 8 10 10 8 8 4 4 4 10 11 5 2 9 10 8 8 11 4 4 4 4 5 4 11 4 5 10 8 4 4 4 10 11 5 5 10 0 6 7 10 8 7 7 8 11 5 4 4 4 4 4 4 11 5 10 8 4 10 11 5 5 4 10 10 8 10 5 7 8 10 10 8 7 7 7 10 8 7 7 7 8 7 7 10 7 7 7 10 8 8 4 4 4 4 4 4 1 3 4 4 4 11 4 11 5 8 10 2 3 4 4 11 4 5 7 10 10 8 8 7 10 10 8 8 7 7 11 4 10 7 8 8 10 7 7 7 7 7 8 4 4 1 4 11 9 5 4 4 4 8 11 10 2 8 3 11 11 5 4 4 4 5 4 4 11 4 5 10 0 9 8 8 4 4 10 10 8 8 7 7 11 5 10 10 7 7 8 2 3 11 5 7 10 10 8 7 7 8 10 2 6 10 10 8 8 10 10 8 8 11 10 8 8 11 11 5 2 6 7 11 2 9 10 8 8 11 11 5 11 5 1 3 4 4 5 4 10 8 11 4 10 7 5 2 3 4 4 4 4 4 11 4 8 4 4 11 11 5 4 5 11 5 10 10 8 2 6 7 7 10 10 4 8 10 4 8 10 4 8 10 4 8 10 4 8 10 4 8 4 10 8 7 7 8 10 10 8 2 9 0 9 8 7 10 7 8 7 7 8 11 2 9 11 5 5 4 11 4 8 10 4 4 4 5 4 4 4 4 4 4 7 4 11 4 5 10 0 6 10 8 8 7 7 10 10 8 7 7 7 7 7 7 7 7 7 7 7 8 10 8 11 1 3 4 5 4 4 1 4 4 4 3 4 4 4 10 8 7 7 7 10 10 8 7 7 7 8 4 11 11 5 5 7 10 7 7 8 1 9 5 4 4 10 7 8 11 11 5 11 5 4 4 8 11 11 5 2 6 10 11 5 2 3 11 4 4 11 5 4 4 5 4 11 5 4 11 5 10 10 8 4 0 5 10 9 7 8 0 6 0 6 7 7 7 10 8 7 7 7 7 8 7 11 10 8 8 4 11 11 5 4 4 4 5 4 10 2 6 7 7 7 11 5 7 4 4 4 10 10 8 7 7 7 8 4 4 10 10 8 7 8 4 1 3 4 11 4 4 4 4 5 4 4 4 11 11 5 2 3 10 10 7 7 8 7 7 8 7 7 11 11 5 2 3 11 4 4 4 5 11 4 4 5 10 8 7 10 8 7 10 10 8 0 6 7 7 10 8 8 4 4 10 5 10 7 4 11 5 4 8 4 4 4 10 4 4 4 4 4 5 10 8 7 10 7 7 8 10 4 4 5 10 10 7 7 7 7 7 7 7 7 7 7 7 7 7 7 8 8 4 11 4 4 5 7 10 8 10 10 8 8 4 11 1 5 3 4 4 4 11 5 4 10 10 8 2 6 11 7 8 4 11 11 5 4 4 5 10 7 8 10 8 11 4 4 4 4 4 5 10 10 8 2 9 8 7 10 10 8 8 4 11 4 4 4 4 5 4 11 4 4 5 7 11 4 5 10 5 10 5 7 0 9 10 8 8 10 10 7 8 10 8 10 7 8 2 6 4 4 4 4 4 4 4 10 11 5 5 0 10 6 7 7 7 7 8 10 8 7 10 10 8 7 7 7 7 8 10 7 10 8 8 4 11 5 7 10 7 8 4 11 4 4 1 3 4 4 5 4 11 4 4 5 0 9 11 5 4 5 7 7 10 8 4 11 5 10 7 0 6 8 10 10 8 8 10 7 10 8 7 8 11 10 8 8 10 7 8 11 4 1 6 8 1 4 3 4 4 11 4 10 8 2 6 10 7 8 4 11 11 5 2 3 4 4 4 11 4 4 5 4 4 4 11 5 11 4 11 5 2 6 7 4 7 7 7 7 10 10 8 7 8 10 10 8 2 3 4 11 5 4 4 4 4 4 4 4 10 10 8 0 6 7 7 7 7 7 7 7 7 7 7 7 7 7 7 8 11 4 4 5 10 7 7 10 8 8 10 10 8 2 9 11 5 11 5 5 11 5 4 4 1 3 4 4 4 4 4 4 11 4 4 4 4 5 10 10 8 7 7 7 8 10 10 4 4 5 2 6 7 0 6 7 7 10 10 8 7 7 7 7 8 4 11 11 5 2 6 11 4 11 5 4 4 10 8 4 5 7 10 7 7 8 11 11 5 4 11 5 5 4 10 4 4 11 5 11 5 2 9 8 7 10 8 7 7 7 10 10 8 2 6 10 7 7 10 8 7 7 7 8 11 4 8 4 11 4 4 4 4 4 4 4 4 5 7 11 4 8 4 4 4 11 4 4 5 4 4 10 10 8 8 7 11 5 10 10 8 10 8 8 7 7 7 10 7 7 7 7 7 7 8 4 11 4 10 8 8 10 10 8 7 7 8 11 11 5 5 7 7 10 8 11 4 5 1 3 4 4 4 4 4 11 4 4 5 10 10 8 2 6 10 10 8 8 4 11 5 4 10 11 5 5 10 10 8 4 4 4 4 5 7 10 7 7 8 7 7 7 7 7 10 10 7 7 7 8 2 9 8 4 4 4 4 4 4 4 4 11 11 5 7 8 11 5 4 4 4 4 11 4 4 5 10 10 8 10 8 2 6 7 10 11 5 2 9 4 4 5 10 10 8 7 7 7 7 7 7 7 8 7 1 3 11 5 4 4 4 4 4 4 11 4 4 4 5 7 7 7 10 10 8 8 10 10 8 7 11 5 2 6 10 10 7 8 7 7 5 10 10 8 8 7 7 7 10 8 4 4 7 4 11 8 11 8 11 8 11 8 11 8 4 4 11 10 8 2 4 4 3 4 4 11 5 4 11 4 4 5 4 10 11 5 5 4 4 4 10 10 8 7 7 7 7 10 8 2 3 7 10 7 7 10 8 8 11 4 4 5 7 10 8 10 4 7 0 9 5 0 6 7 7 7 7 7 8 1 3 4 4 4 4 1 4 4 3 4 4 11 5 4 4 11 11 5 2 3 10 7 7 7 7 7 11 5 2 3 4 11 5 7 10 10 8 10 8 7 7 7 8 10 10 8 8 7 11 5 4 4 4 4 4 4 11 4 4 5 11 4 4 4 5 11 5 7 7 7 7 7 7 7 7 7 7 10 10 8 4 5 4 10 11 5 2 11 9 5 5 4 11 4 4 5 11 5 10 10 8 2 6 7 10 8 11 11 5 5 7 7 7 7 10 10 8 0 6 7 7 7 7 7 7 8 10 5 10 5 10 5 11 2 6 4 4 4 4 4 4 11 5 4 10 10 4 4 5 11 5 2 6 7 10 7 7 7 7 7 7 10 7 8 7 8 11 5 1 4 4 4 4 4 3 4 4 11 4 4 5 4 4 11 5 11 11 5 11 5 2 9 10 8 7 7 8 10 10 7 7 7 8 8 10 10 8 2 9 10 8 7 7 8 7 10 10 8 8 10 10 8 8 4 4 4 4 11 5 4 4 4 4 4 11 4 5 10 7 10 8 8 10 7 7 10 7 8 8 4 10 8 11 11 5 4 4 5 4 4 11 11 5 4 4 4 4 4 4 5 4 10 10 8 7 7 7 7 8
ppo_x50_b_fd_l4_same_gamma,50,qv22_54,22,232,True,1689.0,10.541303396224976,8 8 6 10 10 8 10 5 10 5 10 5 10 5 10 5 10 5 10 5 10 5 10 5 10 5 2 9 5 10 10 8 8 0 9 5 10 10 8 8 10 11 5 4 2 9 5 7 10 10 8 10 8 8 11 5 4 7 4 11 4 5 7 10 8 7 10 10 8 10 8 7 10 8 8 10 10 8 8 11 5 11 4 11 5 5 7 7 11 5 10 10 4 4 8 5 4 4 4 4 1 3 4 11 4 5 10 10 8 8 10 7 7 8 7 10 7 10 8 7 7 7 7 10 8 8 10 10 8 8 11 4 5 11 4 4 4 4 5 10 10 8 7 7 7 7 8 4 4 4 10 10 8 7 7 8 11 4 4 5 4 4 10 11 5 5 0 4 3 4 4 11 5 10 8 10 10 7 7 7 7 8 8 11 2 11 4 4 5 6 7 7 0 6 0 6 7 7 10 10 8 8 4 4 4 11 2 9 5 4 4 4 11 4 5 0 9 11 5 4 4 4 5 7 7 7 7 7 10 8 11 11 5 5 0 11 9 8 8 11 4 4 4 4 4 11 5 11 5 4 4 5 4 10 0 6 7 7 7 8 7 7 7 7 7 7 10 8 11 5 7 7 10 7 7 10 8 2 9 8 4 11 4 5 4 4 4 4 4 4 4 11 4 4 11 5 2 9 5 7 4 7 4 10 10 4 5 0 9 5 5 1 9 5 7 7 7 10 8 10 10 8 8 7 7 7 11 11 5 2 6 7 4 7 7 7 7 10 7 10 8 8 4 4 4 4 4 4 4 4 11 4 4 5 4 11 4 4 4 5 10 7 8 7 7 0 6 7 7 11 5 10 10 8 7 7 7 7 7 8 11 11 5 2 7 9 7 7 8 4 7 4 10 4 8 4 1 11 11 5 3 4 11 5 5 4 4 4 4 4 11 11 5 5 11 4 10 8 0 9 8 8 10 8 11 11 5 2 6 7 10 11 5 4 2 9 11 5 5 0 6 0 6 10 10 8 7 10 8 8 7 7 10 8 11 4 4 4 4 2 6 10 10 8 7 8 7 7 7 10 10 8 4 5 10 10 7 7 7 7 7 8 2 3 4 11 7 4 11 5 4 4 4 4 4 5 11 11 5 4 4 1 3 4 5 7 10 10 8 7 8 4 10 11 5 5 4 10 10 8 8 10 8 10 10 8 7 7 7 7 10 8 2 9 4 5 10 10 8 7 7 7 8 4 1 3 4 4 4 4 1 4 3 4 4 4 4 4 4 11 11 5 8 11 8 11 8 11 8 11 2 9 8 7 7 7 7 7 7 10 7 5 10 10 8 2 4 6 4 11 11 5 5 4 10 10 8 7 7 7 8 4 4 11 4 4 4 4 5 0 4 6 4 4 4 4 10 0 9 5 5 10 10 8 7 8 10 7 8 7 10 10 7 7 7 7 8 2 6 7 7 10 10 8 7 7 8 4 4 4 4 4 4 11 4 4 5 4 11 4 5 4 11 5 7 0 6 7 7 7 7 10 10 8 8 11 2 4 3 7 10 10 8 8 7 11 10 8 8 7 10 7 7 10 8 2 4 9 5 4 4 7 4 4 4 4 4 4 4 11 5 10 11 4 4 4 5 11 5 4 11 4 5 2 9 8 7 7 10 7 8 11 11 5 5 0 6 7 7 0 6 7 7 10 8 7 10 10 7 8 2 6 10 11 5 7 8 7 10 8 4 4 1 3 4 4 4 4 4 10 11 5 5 11 5 11 5 11 11 5 7 7 7 8 4 11 2 9 5 7 10 10 8 7 7 7 7 7 7 8 11 10 8 8 10 8 4 1 9 10 8 8 4 4 11 1 9 5 4 4 11 5 5 11 4 4 4 4 5 7 4 7 4 11 11 5 11 5 4 5 10 7 7 7 7 8 4 4 11 11 5 11 5 5 7 10 8 4 4 4 0 6 7 10 8 7 7 7 7 7 7 10 10 8 7 11 5 2 9 7 8 7 7 7 11 11 5 5 11 4 4 4 11 5 5 4 11 4 4 4 11 5 4 2 9 8 7 7 7 10 10 8 2 9 8 7 10 10 8 10 8 10 8 7 7 7 7 8 4 4 4 11 4 5 7 10 7 11 5 4 4 4 4 4 4 4 4 5 4 4 11 11 5 4 5 7 7 7 7 0 6 0 6 7 7 7 7 7 11 10 8 8 1 6 1 6 1 6 1 6 1 6 1 6 1 6 1 4 4 3 4 11 5 4 10 10 8 8 4 10 0 6 7 7 7 7 8 10 7 10 8 2 6 10 10 8 8 7 11 11 5 4 4 4 4 4 4 5 4 4 4 4 11 4 5 7 11 11 5 4 5 7 11 5 4 1 9 11 5 2 9 8 4 10 10 8 8 7 7 7 7 10 8 10 8 7 10 7 7 7 7 7 7 8 0 6 10 8 4 4 4 4 4 4 4 4 4 4 4 4 10 11 5 5 0 9 5 10 8 10 10 8 7 7 7 7 7 8 4 11 4 10 8 2 9 10 8 8 11 4 5 4 4 10 8 10 1 3 11 5 4 4 4 4 5 11 4 4 0 9 5 5 10 10 8 8 7 7 7 7 10 8 11 4 2 6 10 4 4 4 5 4 10 10 8 7 7 7 7 7 7 8 10 10 8 7 7 7 7 7 8 11 11 5 4 4 5 4 11 4 5 10 10 8 8 4 4 4 4 4 4 10 10 8 7 8 11 4 5 10 10 8 2 4 9 11 5 11 5 5 11 10 8 8 4 11 11 5 4 4 5 10 8 7 7 7 7 7 7 7 7 7 11 5 10 10 8 7 7 7 7 8 7 10 10 8 4 4 4 4 5 10 8 4 4 4 4 4 1 9 11 5 2 9 10 8 4 4 4 5 7 7 10 8 10 4 0 9 5 4 4 4 4 4 4 4 4 5 4 10 8 7 0 6 7 7 7 7 7 7 7 7 7 7 7 10 10 8 8 4 4 11 4 4 4 5 4 11 2 9 11 5 7 8 4 4 4 4 10 8 11 11 5 4 4 4 4 5 10 10 8 2 9 7 11 5 2 10 10 8 8 6 10 10 8 7 7 8 7 7 7 7 7 10 10 8 8 4 11 5 11 4 4 4 4 5 7 11 4 4 5 4 7 4 10 8 4 10 8 0 6 7 10 10 8 7 5 7 10 10 7 8 7 7 8 7 11 11 5 4 5 4 10 8 11 11 5 2 6 4 11 4 5 4 0 6 10 4 10 8 4 10 5 10 4 5 4 5 4 4 4 4 4 11 5 7 7 7 7 7 0 6 7 10 8 10 10 8 10 8 10 8 7 7 7 7 7 8 11 11 5 2 6 10 8 11 11 5 2 9 8 10 10 8 8 4 4 1 3 10 8 11 11 5 5 11 11 5 2 4 3 4 10 8 11 4 5 10 10 8 2 4 4 4 3 11 4 4 1 3 4 4 5 11 11 5 5 7 7 7 7 7 7 11 5 10 10 8 8 11 4 4 4 5 11 7 10 8 7 7 7 7 7 7 7 7 7 7 8 1 9 8 11 11 5 5 4 4 4 11 4 5 10 10 8 8 4 11 4 4 11 5 7 8 7 10 10 8 8 7 10 10 7 8 2 4 4 4 4 4 4 3 4 4 4 11 5 4 11 11 5 2 3 10 10 7 7 8 7 7 8 7 0 6 10 8 10 10 7 7 7 7 8 2 9 10 8 8 7 11 11 5 4 5 4 4 4 4 4 4 11 11 5 5 11 11 5 5 10 10 7 7 7 7 8 7 7 0 6 7 7 7 7 7 8 10 10 2 8
ppo_x50_b_fd_l4_same_gamma,51,qv22_55,22,232,True,1637.0,10.599688053131104,8 8 10 9 8 8 10 10 8 8 4 10 0 8 9 11 5 5 7 10 10 8 8 10 10 8 8 11 5 4 4 11 4 5 11 11 5 5 7 7 10 7 10 8 8 10 8 10 10 8 10 8 8 11 5 1 3 4 11 4 4 4 5 7 7 7 10 8 10 10 8 7 7 10 8 8 10 10 8 8 4 10 8 11 4 4 4 4 4 4 5 4 4 4 4 11 4 10 0 5 6 5 10 10 8 2 6 10 10 8 7 7 7 7 7 7 10 8 7 5 10 10 7 8 8 10 10 8 8 11 5 10 0 9 8 10 8 8 11 5 4 4 11 7 8 11 10 8 7 7 11 5 4 4 4 5 4 4 4 4 4 11 5 10 10 8 8 10 7 11 5 0 6 8 11 11 5 4 5 7 7 7 10 7 10 8 7 7 8 1 9 4 8 11 11 5 4 1 3 4 4 4 4 1 4 4 5 9 10 8 8 11 4 5 4 4 4 4 10 2 6 7 10 10 8 7 8 10 10 8 10 8 8 7 10 7 7 8 11 10 8 7 10 8 2 9 11 4 4 8 7 7 7 10 8 8 1 4 6 4 4 4 4 11 2 9 11 5 5 10 8 7 7 0 6 0 6 4 0 6 11 8 11 7 7 8 11 11 5 11 5 5 11 4 11 5 4 4 11 5 11 5 5 4 4 4 4 4 10 2 9 8 11 11 5 5 10 7 8 10 8 10 10 8 7 7 8 7 10 10 8 7 7 7 7 8 4 11 4 1 9 8 7 8 11 4 1 3 4 4 4 5 4 4 4 11 5 4 4 4 4 4 4 10 10 8 8 0 6 7 7 7 10 7 7 7 7 7 7 8 11 5 7 7 4 11 4 4 5 10 10 8 8 10 10 8 8 4 4 4 10 8 11 11 5 5 10 7 4 7 10 7 2 6 7 8 11 10 8 2 9 8 4 10 7 11 7 8 8 10 10 8 4 2 11 4 4 3 4 5 11 5 7 11 11 5 4 4 4 11 5 4 2 11 4 4 5 3 10 10 8 8 11 4 4 5 11 5 11 5 7 11 11 5 7 7 7 8 7 10 10 8 7 7 7 5 4 10 4 8 7 11 4 8 7 4 7 4 7 11 4 8 7 4 10 4 8 7 11 4 7 4 7 4 7 4 7 4 8 7 11 4 10 8 8 7 7 7 7 7 7 11 1 3 4 4 4 5 11 11 5 4 4 2 3 4 4 4 4 10 11 5 5 11 5 7 7 7 7 7 10 11 5 5 4 0 9 5 10 10 8 7 7 10 8 8 4 4 7 10 10 8 7 7 7 7 7 11 5 2 9 5 4 4 4 11 4 4 4 4 4 4 4 4 5 10 8 7 7 7 7 7 0 6 4 4 10 11 5 2 9 5 4 4 4 10 11 5 5 7 0 6 10 10 7 7 7 8 7 8 10 10 8 8 10 10 7 7 8 7 10 8 8 10 2 9 10 8 4 4 4 5 10 11 5 5 10 10 7 8 7 7 7 8 11 5 4 11 5 4 4 10 10 8 7 8 4 11 4 5 11 4 4 11 5 11 5 2 7 9 8 11 4 4 5 11 11 5 7 7 7 8 4 4 11 4 5 4 4 10 10 8 7 7 7 7 7 7 7 7 7 8 10 10 7 8 7 8 4 1 3 4 4 4 11 5 4 10 10 8 8 11 2 6 10 10 8 8 4 1 3 4 11 11 5 4 4 4 4 4 5 11 4 4 5 4 4 4 10 8 11 11 5 2 10 10 6 8 10 8 7 7 7 11 5 2 10 6 10 8 7 8 7 7 10 8 7 10 7 10 7 8 2 6 7 11 5 4 4 4 11 4 4 4 5 4 4 4 4 4 4 11 11 5 2 9 5 10 10 8 7 0 9 8 7 7 7 7 7 7 8 4 4 10 2 9 10 8 7 8 10 7 7 7 10 8 7 7 8 11 4 5 4 4 1 3 11 5 10 10 8 2 3 4 11 4 4 4 4 4 4 5 7 11 0 9 5 5 4 4 4 4 11 5 4 10 10 8 8 10 7 7 10 8 7 7 7 8 10 10 8 2 9 5 7 10 10 7 8 8 11 5 7 7 7 7 10 10 8 8 4 4 4 4 4 4 4 4 11 4 4 4 4 5 7 10 8 11 11 5 4 4 5 4 10 11 5 5 4 11 5 10 7 10 7 8 0 6 7 7 7 7 7 0 9 8 8 11 10 8 7 7 7 7 8 11 11 5 2 6 7 11 4 10 8 0 6 8 10 10 8 2 11 4 3 5 4 1 3 4 4 4 11 11 5 4 5 10 8 4 4 4 10 10 8 7 7 7 8 7 7 7 7 10 8 11 4 4 5 4 11 11 5 5 4 4 4 4 11 5 10 11 5 2 10 9 5 5 10 10 8 7 7 7 8 10 8 10 0 6 0 6 7 7 7 7 8 4 4 11 1 3 5 4 11 11 5 5 11 11 5 2 6 11 4 4 4 11 5 4 4 2 9 10 4 4 5 7 8 10 7 8 7 11 5 11 4 2 9 10 7 5 7 7 8 11 4 4 4 5 4 11 7 0 6 7 7 10 8 7 8 10 11 5 2 9 10 8 7 10 8 8 11 5 4 10 11 5 5 4 10 10 8 7 7 7 8 7 7 7 10 10 8 7 8 11 4 4 4 4 4 5 1 3 4 4 4 4 10 11 5 5 0 7 9 8 10 10 8 2 6 10 10 8 7 7 0 6 7 7 10 8 7 7 8 1 9 11 5 2 11 5 4 6 11 5 10 4 4 4 4 4 4 4 4 4 4 11 5 5 10 7 11 5 4 5 7 7 7 7 11 5 10 10 8 8 10 10 7 7 8 0 6 7 7 7 8 10 10 8 0 5 9 5 7 11 11 5 4 4 4 4 5 10 7 7 7 7 7 7 8 4 4 11 4 4 5 11 11 5 2 6 7 7 10 8 10 10 8 8 1 3 4 11 4 10 8 8 11 4 2 9 10 8 4 4 5 1 3 4 4 4 4 4 4 11 4 5 11 4 4 4 11 5 2 7 9 8 7 7 7 7 11 11 5 2 6 10 11 5 2 9 10 8 8 7 7 7 7 7 7 7 7 7 10 7 7 7 8 4 11 11 8 11 7 5 11 5 2 6 1 6 1 6 4 11 11 5 5 4 4 10 8 11 11 5 5 7 10 0 6 7 7 7 8 7 7 11 11 5 4 4 5 4 4 4 11 5 4 4 4 4 11 4 4 5 4 10 4 2 6 10 10 8 7 8 7 7 7 7 7 7 7 0 6 11 2 4 3 11 5 4 4 11 4 11 5 5 10 10 5 11 5 7 8 10 10 8 7 7 7 8 4 11 4 4 1 3 4 4 4 5 4 4 4 10 10 8 0 6 7 7 7 7 7 7 10 8 7 7 8 10 10 8 7 7 8 11 5 10 7 8 7 10 10 8 4 4 2 4 4 4 4 4 4 3 4 4 11 4 4 4 4 5 7 7 11 2 10 9 8 8 10 7 10 8 8 7 7 7 10 8 11 4 4 4 4 4 5 10 10 8 7 8 11 11 5 2 10 6 7 7 10 8 7 7 8 11 4 4 4 5 4 4 4 4 4 4 4 11 5 10 10 8 4 4 5 10 10 7 7 7 8 8 7 7 7 7 10 7 10 8 8 10 10 8 8
ppo_x50_b_fd_l4_same_gamma,52,qv22_56,22,229,True,1657.0,10.360363483428955,8 6 7 4 10 5 10 5 10 5 10 5 10 5 10 5 10 5 7 4 7 4 10 5 10 5 10 5 10 5 7 4 10 5 10 5 10 5 10 5 7 4 10 5 7 4 2 10 9 8 8 10 10 8 8 11 5 11 11 5 5 7 7 10 10 8 4 0 5 9 11 5 5 10 10 8 8 10 10 8 8 10 10 8 8 11 5 4 0 6 10 4 4 5 4 11 5 10 5 10 5 10 5 10 4 4 5 7 7 10 10 8 7 7 10 8 10 8 10 8 8 10 4 5 4 4 10 11 5 5 4 11 5 10 10 8 10 7 8 7 7 10 8 10 8 8 10 10 8 8 11 5 10 7 10 8 8 10 4 4 5 11 5 11 11 5 2 9 7 7 10 7 7 7 8 8 11 4 4 4 4 4 4 5 0 6 10 7 7 7 8 1 9 11 5 4 4 4 4 5 10 2 9 10 8 8 11 10 8 8 10 2 10 6 10 7 7 8 8 4 4 4 4 4 1 3 4 4 4 11 4 5 10 10 8 8 11 4 10 8 8 10 4 4 4 11 5 4 4 5 11 5 11 10 4 0 6 5 5 10 10 8 7 7 7 7 7 7 7 7 7 7 7 7 7 7 8 4 4 1 3 4 11 5 0 9 10 8 4 4 4 4 5 4 4 4 10 2 9 11 5 5 4 11 2 3 10 8 10 7 8 10 10 8 7 8 10 10 8 7 7 7 0 6 7 7 7 7 10 8 8 11 2 4 9 5 10 10 8 8 4 4 4 11 4 4 4 4 4 4 4 5 7 10 10 8 2 6 7 7 11 4 8 10 10 8 8 4 11 11 5 0 6 8 11 11 5 4 4 5 10 2 9 8 4 10 10 8 7 7 7 8 7 4 7 1 6 7 11 11 5 4 4 5 4 4 4 4 11 5 7 0 6 7 7 10 7 7 7 7 7 7 8 10 10 8 2 9 5 11 11 5 4 4 4 11 5 2 3 4 1 3 0 11 9 8 8 11 5 4 4 4 4 4 1 4 4 4 9 5 4 11 11 5 2 7 7 6 7 7 11 5 7 7 7 7 7 7 7 0 6 7 7 7 7 7 10 7 8 11 2 11 3 11 5 5 10 8 11 4 4 11 5 11 5 4 11 5 5 7 10 0 6 8 11 4 4 4 4 4 4 4 5 4 10 10 8 7 7 7 7 8 10 7 7 7 7 7 7 7 7 8 4 4 4 11 1 9 5 4 5 11 4 4 5 4 4 4 4 11 5 4 4 11 11 5 2 10 9 5 8 4 10 10 8 7 0 6 10 8 8 10 10 7 7 8 2 7 9 5 10 10 8 8 10 10 8 2 6 7 7 10 8 11 11 5 5 10 8 11 11 5 4 4 4 11 5 4 4 4 4 4 5 11 2 9 10 8 7 7 0 6 7 7 8 10 10 8 7 11 5 2 9 10 8 7 7 7 7 7 7 8 4 4 4 4 4 4 11 4 4 4 4 5 10 7 7 7 8 4 4 4 11 4 10 8 2 9 8 11 4 5 11 5 4 10 10 8 7 8 4 11 5 11 11 5 4 4 5 10 7 7 7 7 7 7 7 7 7 8 10 10 8 8 7 7 7 7 11 10 8 8 11 1 3 5 4 4 4 4 4 1 10 9 5 5 10 7 8 11 11 5 4 5 7 7 7 7 7 7 7 10 8 11 11 5 5 11 5 4 1 9 11 5 2 6 4 11 4 5 4 11 11 5 2 9 8 4 4 4 4 4 4 0 9 11 5 4 5 10 5 11 10 8 2 10 9 0 8 6 0 6 10 8 7 7 7 7 7 7 7 7 7 7 7 7 7 7 8 11 1 9 8 8 11 4 11 5 5 11 4 11 5 2 9 8 4 4 4 4 4 4 4 4 4 11 5 10 10 8 0 6 8 7 7 7 10 10 8 7 7 7 8 7 10 8 10 10 8 2 9 8 11 4 4 4 4 5 10 10 8 8 7 10 7 8 11 11 5 11 5 4 4 4 4 4 4 4 4 10 8 2 7 7 7 10 8 9 11 5 5 7 10 8 10 8 4 4 7 4 7 4 7 4 7 4 7 4 7 4 0 6 4 4 4 4 11 11 5 4 5 10 0 6 7 8 7 7 7 11 10 8 8 7 10 10 8 4 4 4 4 4 4 4 0 9 5 4 4 4 5 10 4 2 6 10 10 8 8 7 7 10 10 8 1 3 4 4 4 5 10 4 2 9 11 5 7 7 7 8 7 7 7 7 4 7 10 11 5 5 7 7 11 2 9 10 8 8 7 7 7 7 11 11 5 1 3 11 5 4 4 4 4 4 5 4 4 4 4 11 4 4 8 11 11 5 2 3 7 10 4 4 5 4 10 10 8 7 7 7 10 8 8 7 7 10 7 7 7 8 1 11 3 11 5 5 4 11 11 5 4 4 4 5 10 10 8 11 8 11 8 5 11 4 2 6 7 0 6 7 7 10 7 7 8 4 10 10 8 7 7 8 7 10 8 7 11 11 5 2 4 4 9 5 11 4 4 4 4 8 11 11 5 5 11 11 4 5 11 5 11 5 4 2 9 8 10 7 8 10 10 8 2 6 10 11 5 0 6 8 11 11 5 4 5 4 4 10 10 8 8 7 7 7 7 10 7 7 5 10 7 7 10 8 7 8 11 10 8 4 5 7 7 10 10 8 8 1 9 5 10 10 8 7 8 11 1 9 5 4 4 4 11 5 4 4 4 5 7 7 0 6 7 11 10 8 8 11 10 8 8 11 4 4 11 5 4 4 4 4 5 7 7 7 7 11 11 4 4 5 4 4 4 4 4 4 4 4 5 0 9 5 7 7 10 7 11 5 2 9 11 5 7 7 7 8 10 10 8 8 10 7 10 8 2 4 3 4 10 11 5 5 7 7 11 11 5 4 4 4 4 5 7 7 1 9 11 5 4 4 5 10 10 1 3 8 8 7 7 7 7 7 7 7 7 7 10 7 7 7 7 8 11 2 9 11 5 4 4 4 4 4 5 4 1 3 4 4 11 11 5 4 5 7 7 11 11 5 8 11 4 10 5 10 5 10 5 2 10 10 8 7 6 8 7 10 10 8 7 10 8 10 8 7 5 10 10 8 2 9 10 8 7 7 7 7 8 4 4 4 4 11 4 4 4 5 10 10 8 4 4 4 4 4 4 5 10 5 10 5 11 2 9 10 8 8 4 4 11 5 10 10 7 8 7 7 7 7 7 7 7 7 7 7 7 8 11 11 5 2 6 7 7 10 10 8 8 4 4 4 4 4 4 4 11 5 11 4 4 4 4 5 11 2 9 11 5 7 8 4 4 4 11 5 4 4 10 10 8 7 7 7 7 7 7 10 8 7 7 7 8 4 10 4 4 4 5 4 4 10 11 5 5 7 10 8 10 10 7 7 7 8 7 10 8 8 4 4 11 4 5 10 10 8 7 10 8 7 8 4 4 4 4 4 4 11 4 4 4 5 4 4 10 2 10 10 8 6 7 7 7 10 8 8 7 7 7 10 10 8 7 8 4 10 10 8 8 4 4 4 4 10 11 5 5 11 2 9 11 5 4 5 10 10 8 7 8 7 10 10 8 7 7 7 8 11 11 5 11 5 5 7 11 11 5 4 4 5 4 4 4 4 4 11 5 4 4 4 4 10 10 8 7 7 7 8 11 4 4 5 10 10 7 7 8 7 7 7 7 7 7 7 7 7 7 7 8
ppo_x50_b_fd_l4_same_gamma,53,qv22_57,22,234,True,1678.0,10.623554944992065,8 8 10 9 8 8 10 10 8 8 11 5 10 10 8 4 2 6 10 10 8 8 10 10 8 8 11 5 4 4 4 4 11 4 4 10 8 8 11 7 8 4 11 11 5 7 2 9 5 10 7 8 0 6 7 7 10 10 8 0 6 10 8 8 11 5 11 5 10 10 8 10 7 8 8 10 11 5 2 4 9 5 11 4 4 4 4 4 4 4 5 10 10 8 7 7 11 5 2 6 7 7 10 10 8 4 5 10 7 7 11 2 5 9 8 7 0 10 10 6 7 8 8 10 4 5 10 7 10 8 8 10 4 4 5 10 8 10 10 7 8 8 10 10 8 8 4 10 8 11 11 5 2 9 8 11 11 5 5 11 2 3 11 4 4 4 4 4 4 4 4 4 4 5 4 11 2 6 10 7 8 7 7 10 8 7 7 7 7 7 7 10 7 10 8 7 7 8 11 1 3 4 4 4 4 4 4 4 4 1 3 4 5 10 2 9 10 8 0 6 7 10 8 7 7 7 8 7 7 10 8 11 11 5 5 11 4 4 4 10 8 8 11 4 4 5 7 11 11 5 4 4 4 4 4 4 5 10 2 9 11 5 7 8 10 8 11 4 5 1 3 10 10 8 7 5 10 11 4 5 4 8 4 10 4 11 5 5 7 7 10 7 8 4 10 10 8 7 8 7 7 7 7 7 7 7 0 9 7 7 7 8 11 1 3 1 3 4 1 3 4 5 10 10 8 4 2 3 4 4 4 4 4 11 5 7 10 4 11 5 4 4 4 4 5 10 10 8 8 7 7 7 7 0 6 7 10 10 8 7 7 8 10 10 8 8 4 4 4 11 5 4 4 11 5 7 10 10 8 10 8 8 4 4 4 1 3 11 11 5 7 8 11 11 5 4 4 4 4 5 10 10 8 2 6 7 7 11 10 8 8 10 10 8 8 7 7 7 10 7 8 4 10 10 8 7 10 8 8 4 4 4 4 11 5 4 4 10 11 5 2 9 5 4 10 8 7 7 7 0 6 7 10 10 7 5 4 5 4 4 11 11 5 4 2 3 1 3 4 11 4 4 5 4 0 9 10 8 8 4 4 4 11 8 11 8 10 11 5 5 10 2 6 7 10 7 7 7 7 8 10 10 8 10 8 7 7 7 7 7 10 8 2 6 11 7 10 7 8 8 11 5 10 10 8 2 9 5 11 4 4 4 5 4 4 11 4 4 4 11 5 4 4 2 11 4 3 5 10 10 8 0 6 8 7 7 7 7 7 7 7 7 7 7 10 8 4 4 4 11 4 5 4 11 11 5 2 3 4 11 4 4 4 4 4 5 11 2 3 11 11 5 5 7 10 11 5 8 7 0 9 5 7 10 8 7 0 6 7 7 10 7 7 10 8 2 7 9 8 10 10 8 2 9 7 8 4 10 4 4 4 4 4 4 4 11 5 5 11 2 6 7 7 7 7 7 10 7 10 7 7 2 3 5 10 2 9 10 8 7 7 8 1 3 4 1 4 4 4 4 4 3 4 4 11 5 11 4 4 4 4 5 7 11 11 5 2 3 7 7 10 10 8 7 7 7 8 4 4 11 4 5 10 10 8 2 3 11 4 4 5 4 4 11 5 10 10 8 7 7 0 9 8 7 7 7 7 7 7 7 7 8 4 11 4 4 4 4 4 4 4 5 10 10 8 7 7 8 10 10 8 8 11 5 7 10 10 8 4 4 4 4 5 10 10 8 4 10 8 7 7 7 7 7 5 7 10 10 7 7 8 8 4 4 4 4 11 4 5 10 4 5 7 10 10 8 8 7 7 10 10 8 2 4 11 5 10 9 8 8 11 4 5 7 11 11 7 7 8 8 4 4 4 4 4 4 4 4 4 4 11 11 5 4 4 4 5 7 10 0 6 8 7 7 7 10 7 7 8 4 4 4 4 4 4 4 4 4 4 10 11 5 5 7 11 11 5 5 7 10 7 10 8 7 7 7 7 7 8 10 10 8 8 11 4 4 5 11 10 8 10 8 10 8 2 3 11 5 10 10 7 8 8 10 7 8 4 10 10 8 7 8 4 1 10 11 5 5 6 10 10 8 8 4 4 4 4 10 0 6 7 7 7 7 7 8 11 2 3 11 4 10 8 8 4 4 11 4 4 11 5 11 5 5 4 10 11 5 5 10 7 7 7 7 7 7 8 11 4 10 7 5 4 4 4 4 4 4 4 11 5 5 7 1 6 10 11 5 11 5 4 11 5 5 10 4 4 11 5 2 9 11 5 5 10 10 8 8 10 7 10 8 8 4 4 4 10 10 8 10 8 7 0 6 7 7 7 7 7 8 10 8 7 11 10 8 8 7 7 7 10 10 8 4 4 5 11 2 3 4 4 11 5 4 4 11 5 11 5 4 11 11 5 11 5 2 3 10 10 8 7 7 7 7 8 4 10 4 10 8 8 4 4 4 4 4 4 4 11 5 11 5 4 10 11 5 5 7 10 7 7 4 5 7 7 0 6 7 7 10 10 7 7 7 8 2 9 10 8 7 8 10 1 3 5 10 7 7 8 7 11 11 5 4 4 4 4 5 4 1 9 8 11 5 11 11 5 11 5 5 7 4 7 4 4 11 11 5 2 9 5 7 10 10 8 0 6 7 8 10 7 10 8 7 7 10 8 4 2 3 10 10 8 2 9 10 8 8 11 5 10 10 8 8 4 4 11 11 2 3 4 4 4 4 4 4 4 4 5 11 11 5 4 4 5 10 10 8 2 6 10 8 7 7 10 7 11 5 0 6 7 7 0 6 7 8 4 11 4 4 4 4 8 1 3 4 11 5 7 11 11 5 5 4 7 4 10 8 7 7 10 10 8 8 7 7 7 7 7 7 7 11 0 6 7 7 7 8 10 8 11 11 5 2 3 4 4 4 4 4 4 11 4 4 4 4 4 5 10 8 10 10 8 7 7 7 7 7 8 11 4 4 4 4 5 4 4 10 11 5 5 7 7 10 7 10 8 7 7 7 7 11 5 4 2 9 10 8 4 5 10 8 10 4 11 5 4 4 4 4 4 4 5 11 8 4 11 11 5 2 3 10 10 8 7 7 7 8 10 7 7 7 10 8 7 7 7 7 7 7 7 7 7 8 11 5 11 11 5 2 6 4 11 11 5 11 5 5 11 2 3 10 10 8 7 7 8 11 4 11 5 2 9 7 8 11 11 5 4 4 4 5 4 11 11 5 11 5 4 4 4 4 4 4 5 10 10 7 8 10 8 2 6 7 10 8 7 11 11 5 5 10 5 10 5 10 8 7 7 11 5 4 11 5 4 4 4 10 11 5 5 7 10 10 8 7 7 7 7 7 7 7 7 8 7 10 7 7 7 10 8 7 8 1 9 8 11 5 4 1 11 5 9 10 8 8 11 4 4 4 4 4 5 11 4 5 4 4 4 4 4 11 5 7 10 10 8 0 6 7 7 7 7 7 8 4 4 11 4 4 4 5 7 10 7 10 8 8 10 10 8 4 4 4 5 7 7 10 8 10 10 8 8 10 10 8 7 7 8 11 11 5 2 4 9 10 8 7 7 7 8 11 11 5 5 11 5 4 4 4 4 4 11 5 4 4 11 11 5 4 1 3 4 5 1 3 4 11 5 7 7 7 7 7 7 7 7 7 7 11 10 8 8 11 2 10 10 8 7 7 7 7 7 7 8 9 7 11 5 5 11 11 5 5 1 3 4 4 4 4 4 11 5 11 11 5 2 4 4 11 11 5 5 4 4 3 10 10 7 7 7 7 7 7 7 7 2 8
ppo_x50_b_fd_l4_same_gamma,54,qv22_58,22,234,True,1640.0,10.675700426101685,8 6 0 5 10 9 8 8 10 0 9 5 5 10 10 8 8 10 0 5 9 10 8 8 10 10 8 8 10 4 5 4 11 5 7 10 0 6 7 10 8 7 10 8 7 10 8 8 4 4 10 10 8 8 10 10 8 8 10 2 9 10 8 7 10 8 8 11 5 4 7 1 4 7 4 7 4 7 4 3 11 10 8 8 11 5 1 3 4 4 4 4 11 11 5 5 7 7 7 7 10 8 11 11 5 5 11 4 4 4 4 4 8 11 4 4 4 4 5 10 10 8 2 6 7 7 7 7 7 7 11 4 5 10 10 8 8 7 7 10 10 7 8 2 6 7 7 7 4 7 7 11 11 5 4 2 3 4 4 11 5 4 4 4 4 4 4 4 4 10 11 5 5 4 4 4 11 11 5 2 7 7 9 8 10 8 10 10 8 7 7 0 6 8 10 10 7 7 8 2 9 7 7 7 7 7 8 11 11 5 5 11 4 5 4 4 4 4 4 11 11 5 5 11 11 5 2 9 8 11 5 4 4 10 10 8 7 7 7 7 7 7 7 8 4 4 4 10 10 8 8 7 10 10 8 7 7 7 8 4 11 4 4 10 8 8 7 7 10 8 10 10 8 0 5 9 11 5 4 2 3 4 4 4 11 4 4 4 4 1 3 4 4 4 11 5 4 2 6 4 4 4 10 0 9 5 5 10 10 8 7 7 7 7 7 8 4 11 4 2 9 11 5 5 7 11 5 11 5 7 7 7 10 11 5 5 7 10 8 10 10 8 8 0 6 7 7 10 10 8 8 10 10 8 2 6 10 10 8 7 7 8 11 11 5 5 4 4 4 4 4 4 10 10 8 2 9 5 11 11 5 5 7 7 7 7 10 8 11 4 4 4 5 10 10 8 4 4 4 5 4 10 11 5 2 6 10 8 7 10 11 5 5 7 7 10 8 10 10 8 8 10 7 7 10 8 7 11 5 5 11 5 4 10 4 11 7 7 7 7 5 4 1 9 8 7 7 8 11 4 5 11 4 5 1 3 4 4 4 4 4 4 11 4 4 4 4 5 10 7 11 5 11 8 2 9 11 5 5 7 0 6 7 4 7 11 11 5 7 7 7 7 8 11 11 5 4 4 4 4 4 5 4 0 9 5 10 10 8 7 7 7 7 7 8 4 11 2 3 0 3 0 6 11 8 4 10 4 4 4 5 10 8 7 7 7 10 7 10 8 0 6 7 7 7 7 7 7 7 7 8 1 9 10 8 8 1 3 11 4 11 5 4 4 4 4 4 11 5 2 9 4 10 8 7 7 7 7 7 7 8 4 4 11 4 4 5 7 7 7 10 10 7 5 1 3 5 7 7 7 10 10 8 8 4 4 1 3 4 4 4 4 1 3 4 4 4 4 4 11 4 4 4 4 5 10 0 9 5 4 5 10 7 10 8 10 8 7 0 6 10 8 8 10 10 8 7 7 8 7 7 11 4 5 11 5 10 7 10 7 8 7 7 8 11 5 4 4 1 4 3 4 4 4 11 5 4 11 11 4 5 2 9 8 10 10 8 4 5 7 7 10 7 7 10 7 8 2 3 4 11 11 5 4 4 4 4 5 11 11 5 2 9 8 10 10 8 7 7 7 7 8 10 10 8 2 6 10 10 8 7 10 8 8 10 10 8 8 4 4 4 11 5 7 10 7 8 11 4 5 1 3 4 4 4 4 4 11 5 11 11 4 4 4 4 5 2 6 4 0 6 7 10 10 5 10 8 8 7 7 10 8 10 7 7 7 7 5 7 7 10 10 8 2 6 7 7 10 8 1 3 4 4 4 4 4 10 8 11 11 5 4 5 4 4 11 4 4 4 5 11 11 5 4 2 11 4 5 9 10 8 8 10 10 8 7 7 10 8 2 6 7 10 7 10 8 7 7 7 7 7 7 7 8 7 11 4 2 3 4 4 4 4 11 5 4 11 4 5 4 4 11 11 5 2 3 11 7 7 7 10 8 7 7 7 7 8 4 4 11 4 4 5 10 8 11 11 5 2 9 11 5 4 5 4 11 5 10 10 8 8 10 10 8 7 7 7 10 7 8 8 10 10 0 6 8 7 8 7 10 10 8 10 8 8 11 5 10 10 8 2 3 11 4 4 4 4 5 11 4 4 5 4 4 4 4 11 4 11 5 4 4 2 3 11 5 4 10 8 7 7 7 7 7 11 5 11 11 5 4 5 10 7 8 11 11 5 4 5 7 7 7 7 10 8 7 7 7 11 5 10 10 8 7 7 7 7 7 8 4 11 4 5 4 4 1 3 4 4 11 5 11 4 4 2 9 5 4 4 10 10 8 7 7 10 8 7 8 11 4 5 10 10 8 8 11 2 7 10 10 8 6 7 7 10 8 7 7 7 8 11 4 4 5 10 2 9 10 8 8 4 4 11 5 11 10 8 8 11 11 8 7 7 7 7 7 10 8 8 1 3 11 5 11 10 8 8 11 11 5 4 4 4 4 4 5 7 10 7 7 7 7 7 8 11 11 5 5 4 1 3 4 4 7 11 11 5 4 5 7 7 11 5 10 10 8 7 5 10 7 7 7 7 8 4 10 7 8 11 11 5 5 4 4 11 4 4 4 4 5 4 4 4 4 4 11 5 7 7 7 10 7 7 7 8 4 4 4 11 4 4 4 4 4 4 5 11 11 5 7 7 7 7 8 10 4 2 6 7 10 10 8 8 4 10 10 8 7 7 7 7 8 7 7 7 7 11 11 5 2 4 4 3 4 4 11 5 7 11 10 8 8 4 11 11 5 4 4 4 4 5 10 10 8 2 3 4 4 10 11 5 5 11 5 7 10 10 8 10 8 7 7 10 8 7 7 7 7 7 7 7 8 4 4 10 10 8 8 4 4 4 1 3 4 11 4 4 5 4 4 11 4 2 3 4 11 5 7 11 11 5 5 7 7 11 5 10 10 8 2 3 7 10 10 8 8 0 6 7 7 7 10 10 8 7 10 8 8 10 8 10 7 10 8 7 7 8 11 11 5 2 3 11 4 4 4 4 4 5 4 4 4 4 4 4 11 4 10 8 8 10 7 7 7 7 7 10 7 8 2 3 4 4 11 4 5 11 2 9 7 8 10 7 10 8 7 7 7 7 10 8 8 4 4 1 3 4 4 4 4 4 4 4 11 4 4 4 5 11 11 5 2 9 11 5 7 8 7 10 8 4 10 10 8 7 10 8 8 10 4 4 5 10 0 9 5 0 6 7 10 8 7 7 8 7 7 11 11 5 2 9 10 8 4 4 4 5 11 4 10 8 0 6 7 8 7 10 10 8 8 10 7 10 8 7 8 4 4 10 4 4 5 0 9 7 10 8 8 10 11 5 5 4 4 11 5 4 4 4 4 4 4 4 4 11 4 5 4 11 11 5 2 6 4 10 10 8 7 0 8 7 7 7 7 7 10 8 6 7 7 7 7 7 7 10 7 10 8 8 1 3 4 4 11 4 5 10 10 8 8 11 2 9 11 5 7 8 11 4 11 5 4 4 4 5 7 7 7 10 7 8 11 11 5 5 11 11 5 4 4 5 11 11 5 2 3 4 11 11 5 5 4 4 4 10 10 8 7 7 7 7 7 7 7 7 8 7 7 7 7 10 10 7 8 8 4 11 10 8 8 11 11 5 4 4 4 4 4 4 4 4 4 4 4 4 4 4 4 4 5
ppo_x50_b_fd_l4_same_gamma,55,qv22_59,22,232,True,1685.0,10.47871470451355,8 6 10 8 8 0 9 11 5 5 10 10 8 10 8 8 11 5 4 10 11 5 5 7 7 7 10 10 8 8 10 10 8 8 10 4 5 10 10 8 10 8 8 10 4 5 10 10 7 8 8 10 10 8 8 10 10 8 8 10 4 5 10 10 7 8 8 10 10 8 8 11 1 9 5 4 5 11 11 5 4 11 5 4 5 11 4 10 8 7 8 4 11 4 5 10 10 8 1 3 4 4 4 5 4 10 4 2 3 4 4 4 10 10 8 10 8 7 7 8 7 7 7 10 7 11 5 5 0 6 7 7 7 10 4 7 4 7 4 7 4 7 4 4 4 5 7 10 10 7 8 5 10 7 7 10 7 8 2 9 10 8 8 11 1 3 1 3 4 5 11 11 5 4 4 4 5 11 11 5 5 4 4 4 4 11 11 5 2 6 7 7 0 6 7 7 7 7 7 11 5 10 10 8 8 10 4 4 4 4 5 10 8 7 7 10 7 7 7 7 10 8 7 5 4 1 9 8 11 4 4 4 5 4 11 11 5 4 4 4 1 3 5 10 10 8 8 11 4 4 5 10 7 7 0 6 7 8 10 8 7 7 10 10 8 2 7 7 9 8 7 10 10 8 8 4 11 5 4 1 9 8 11 4 4 4 4 4 4 4 5 10 7 11 5 2 6 10 7 7 7 10 8 2 7 9 7 0 4 9 4 8 1 3 4 4 4 4 4 4 11 5 4 4 4 4 4 4 5 10 8 10 8 7 7 7 4 11 11 5 4 5 11 11 5 2 6 7 10 4 10 8 7 8 10 8 7 10 8 7 7 7 10 8 11 5 7 7 7 7 7 11 10 8 8 7 10 7 8 11 8 4 4 4 4 4 4 4 4 4 4 1 3 4 4 4 4 4 11 11 5 7 8 0 11 3 4 5 7 10 10 8 8 0 6 7 10 7 7 8 11 11 5 2 3 10 7 10 8 8 7 7 7 7 7 10 8 7 7 10 10 8 4 2 4 4 3 4 4 11 11 5 4 11 5 4 5 11 2 11 9 5 11 5 5 11 5 4 4 11 11 5 2 7 6 10 7 7 8 7 10 10 8 8 10 8 4 4 4 4 4 4 10 11 5 2 4 3 11 5 7 7 0 6 10 10 8 7 7 7 7 7 8 10 10 8 7 8 4 4 4 4 4 4 10 11 5 5 7 10 2 6 7 7 7 7 7 7 7 7 10 8 11 11 5 5 4 11 11 5 11 5 2 6 10 11 5 2 4 4 3 11 11 5 5 7 10 10 8 4 5 10 10 8 7 7 10 8 7 7 8 11 4 4 5 11 4 4 4 5 10 10 8 7 7 10 8 8 7 10 10 8 7 7 8 10 10 2 8 4 4 4 4 4 4 4 4 4 4 3 4 11 4 4 5 4 4 11 5 11 4 10 8 0 6 8 10 2 6 7 10 10 8 7 8 7 10 8 4 4 4 11 4 5 10 10 8 8 7 7 10 10 8 8 4 4 4 4 4 4 11 4 5 10 8 4 7 10 10 8 10 8 7 7 7 7 7 7 7 8 11 11 5 2 4 4 4 4 3 4 11 4 5 4 11 11 4 5 5 0 6 7 0 11 9 8 8 11 0 6 7 8 11 1 3 4 5 10 7 11 5 4 8 11 5 11 11 5 5 7 7 7 10 0 9 8 7 7 7 5 4 11 5 10 8 10 10 8 7 7 7 7 11 8 8 7 7 7 7 7 7 11 5 4 11 5 4 4 4 4 4 4 10 8 11 4 4 10 8 8 4 10 7 7 10 8 2 9 10 8 7 7 7 8 4 11 2 4 3 4 4 4 11 4 11 5 4 5 4 11 11 5 5 11 2 6 10 8 11 5 7 7 7 10 5 10 10 5 5 10 11 5 7 8 11 5 10 10 8 4 4 4 4 5 7 10 7 8 4 1 9 11 4 5 5 7 7 0 6 7 7 7 11 10 8 8 10 8 1 9 10 8 7 7 8 4 4 11 4 4 4 5 4 4 4 4 4 11 5 4 10 2 10 10 8 8 7 6 7 10 10 8 7 7 8 4 11 4 4 5 4 4 11 4 5 10 2 10 10 6 8 10 7 7 8 7 7 7 8 7 7 7 7 7 7 7 10 10 8 8 4 4 1 9 5 11 5 4 11 5 1 3 10 10 8 8 11 10 8 8 10 10 8 2 9 5 11 4 11 5 11 5 4 2 6 11 11 5 7 7 8 11 4 4 4 5 7 10 10 4 7 7 7 8 7 8 4 4 4 11 4 8 10 4 4 4 10 8 2 6 10 10 8 10 8 8 4 11 5 4 4 4 4 10 11 5 5 10 4 5 7 0 6 7 0 6 7 7 11 10 8 8 10 10 7 8 7 8 1 3 10 10 8 2 6 7 11 5 4 4 11 11 5 2 4 3 4 4 4 10 11 5 5 4 4 10 10 7 8 7 7 8 7 7 7 10 10 8 4 5 4 4 4 11 4 4 1 3 5 11 11 5 5 11 4 5 4 11 5 11 5 0 11 9 4 8 8 0 6 7 7 7 7 7 7 7 7 7 7 7 7 7 7 7 11 5 4 4 10 4 4 10 8 8 11 4 4 4 5 4 11 11 5 7 7 7 7 7 8 4 4 4 11 4 5 10 10 8 7 4 4 4 4 4 4 5 10 11 5 2 6 7 7 7 7 7 10 8 10 10 8 2 6 10 11 5 7 8 4 11 4 4 4 5 10 8 7 10 10 8 8 7 10 10 7 7 7 8 8 10 10 8 8 1 9 4 1 9 8 8 4 4 11 11 5 2 3 4 4 4 4 11 5 4 4 4 11 5 4 10 10 8 8 7 7 7 7 10 8 7 7 7 7 10 10 8 2 9 10 8 8 4 11 4 4 5 4 4 4 4 4 4 7 4 10 7 7 11 5 4 4 5 4 11 4 4 4 4 5 0 6 7 11 5 10 10 8 7 7 7 7 8 4 4 10 4 4 5 7 10 7 10 7 8 7 10 8 7 7 11 5 2 6 4 10 11 5 5 10 4 4 4 4 5 10 7 7 7 10 8 7 7 7 8 10 7 8 10 10 8 8 10 8 4 4 4 1 4 3 4 4 11 4 7 4 7 4 7 4 7 4 4 7 4 7 7 4 7 4 8 11 4 10 8 4 4 2 9 10 8 7 7 8 4 11 10 8 8 11 4 7 4 0 3 10 5 4 8 4 4 4 4 4 4 4 11 10 8 8 11 5 4 11 11 5 5 7 7 0 6 7 10 10 8 4 5 10 10 8 7 7 7 7 7 7 11 5 2 3 4 4 11 4 4 5 11 11 5 5 4 4 11 5 10 10 8 2 3 11 5 7 10 10 8 0 6 0 6 7 7 10 8 8 7 7 10 7 7 7 7 7 7 7 8 10 10 8 4 4 4 5 4 4 11 5 4 4 4 4 11 5 10 10 8 10 8 7 7 7 8 7 10 8 11 1 9 8 8 11 4 11 5 4 5 10 8 11 4 4 11 5 4 4 4 5 10 11 5 4 5 10 10 8 2 9 5 10 10 8 7 7 7 7 8 11 4 10 7 7 8 7 7 8 4 1 4 4 3 4 4 11 4 5 10 10 8 2 10 10 8 8 7 11 9 8 8 10 10 8 7 7 7 8 4 11 10 8 8 7 10 10 8 2 4 11 4 11 5 4 9 5 5 4 4 11 11 5 4 4 4 1 3 4 4 4 5 0 9 11 5 4 4 5 10 10 7 7 7 8 7 7 10 8 8 4 10 10 8 7 7 7 7 7 7 8
ppo_x50_b_fd_l4_same_gamma,56,qv22_6,22,226,True,1639.0,10.282596588134766,8 8 10 6 7 11 5 4 2 6 7 7 11 4 5 10 10 8 7 8 10 4 5 10 11 5 5 7 10 10 8 10 8 8 10 10 8 8 10 10 8 8 4 10 11 5 2 9 11 5 5 10 8 11 4 10 8 2 7 10 6 10 7 8 8 10 10 8 8 10 10 8 8 4 10 8 10 10 8 8 10 10 8 8 11 5 11 11 5 4 4 1 3 5 4 4 11 5 4 4 4 11 11 4 5 7 11 5 11 5 4 4 2 9 5 7 10 8 7 10 10 8 7 7 11 5 4 2 3 4 11 11 5 4 5 4 10 10 8 7 7 7 7 0 6 10 8 7 7 7 8 10 2 3 4 4 11 5 10 10 8 8 7 10 10 8 7 8 10 7 7 7 7 8 11 2 3 4 4 4 11 11 5 5 7 7 7 10 8 4 4 4 4 4 4 4 4 11 4 11 5 4 4 2 6 7 7 7 11 4 11 5 4 4 4 5 10 10 8 8 7 7 7 11 4 5 7 10 10 8 7 7 7 7 7 7 7 8 11 11 5 2 3 4 4 4 4 4 4 11 11 5 4 4 4 11 5 5 7 11 5 4 11 10 8 2 10 6 8 11 11 5 5 10 7 7 10 8 7 7 7 8 7 10 10 8 8 7 7 7 10 10 8 2 6 10 7 10 8 7 8 1 3 4 11 11 5 4 4 4 2 3 11 4 4 4 4 5 10 8 10 7 10 8 7 7 8 7 7 7 7 11 11 5 4 4 4 4 5 4 4 4 11 4 5 7 7 0 6 10 10 8 4 5 11 2 9 10 8 7 7 10 8 8 4 4 10 11 5 5 4 4 4 4 4 4 4 11 5 11 11 5 7 7 7 5 11 5 7 10 10 7 8 0 9 8 7 8 7 7 10 8 7 7 7 10 10 8 2 9 7 7 7 8 4 4 4 4 4 4 11 4 4 5 11 10 8 8 4 11 5 11 11 5 2 9 5 7 7 7 7 7 10 10 8 8 11 10 8 7 8 10 10 8 2 9 4 4 4 4 4 4 4 5 7 7 10 8 11 11 5 5 4 4 10 11 5 5 7 10 10 2 9 7 8 7 7 8 10 7 8 4 11 5 4 4 4 11 10 8 8 7 7 10 10 8 4 5 7 7 7 10 10 8 8 4 4 4 11 5 4 4 4 1 3 4 4 4 4 11 4 4 4 4 11 5 5 4 0 9 5 10 10 8 7 7 7 8 10 10 8 8 7 7 11 5 4 4 4 4 11 5 7 4 7 4 4 10 10 8 7 7 7 8 7 10 10 8 7 7 7 7 7 8 7 11 7 7 7 8 11 4 5 4 1 9 5 4 4 11 11 5 4 4 4 5 11 2 9 5 10 10 8 8 7 7 7 7 7 7 10 11 5 5 4 4 4 4 4 4 11 5 7 10 10 8 7 7 7 7 7 7 7 7 8 11 4 11 5 2 3 1 3 1 3 4 1 3 4 4 4 4 4 10 11 5 5 4 4 11 5 4 11 11 5 2 10 7 6 0 6 10 8 7 10 8 7 10 8 7 0 6 7 7 8 7 7 10 8 11 1 3 11 5 1 8 3 4 4 4 4 4 10 8 11 4 4 4 8 11 11 5 5 7 11 5 4 10 2 9 10 8 4 5 10 8 10 10 8 7 10 8 8 10 7 10 8 8 7 10 4 4 4 10 8 8 10 7 10 8 8 7 10 7 7 7 8 4 4 4 10 10 8 7 8 11 2 3 4 4 11 11 5 5 4 4 4 4 4 11 1 3 5 4 4 10 11 5 5 10 10 4 4 5 5 11 11 5 2 7 6 7 7 10 11 5 7 8 4 4 11 11 5 7 8 4 11 5 7 10 10 7 8 7 7 10 8 10 8 8 10 10 8 8 11 4 5 10 7 7 8 10 10 8 7 7 7 7 7 7 8 11 4 1 8 9 10 8 8 11 4 5 1 3 4 4 1 3 4 4 11 4 10 8 8 11 2 9 10 4 7 8 7 7 7 8 11 10 7 7 2 8 3 11 11 4 5 11 5 4 4 4 5 4 4 11 5 10 11 5 5 10 10 8 2 9 7 11 5 4 4 5 7 10 10 8 7 7 7 8 7 10 10 8 7 8 11 7 7 11 5 4 4 4 5 10 4 4 11 5 4 4 4 4 4 5 10 11 5 5 10 0 6 8 10 7 8 10 10 8 10 8 2 6 10 8 4 1 3 4 10 4 4 11 5 5 11 11 5 5 1 10 6 7 8 11 4 11 5 5 4 10 10 8 8 10 8 7 10 7 7 8 10 4 4 4 4 4 5 10 8 10 8 7 10 10 8 8 7 7 10 10 8 7 7 7 7 7 7 8 1 9 4 5 4 1 3 4 4 11 10 8 8 11 5 4 11 5 4 10 10 8 8 10 10 8 10 7 7 8 8 7 10 10 8 8 4 4 4 10 4 4 10 8 8 7 11 10 8 8 4 11 11 5 5 4 4 4 4 4 4 4 4 4 4 11 4 4 4 5 11 11 5 2 6 7 7 7 7 10 11 5 2 10 9 5 5 11 5 10 7 10 8 7 7 8 11 11 5 5 7 10 7 7 8 7 7 7 10 8 4 4 4 4 4 4 11 11 5 5 7 7 7 7 7 7 7 7 11 5 10 10 8 8 1 6 11 4 4 4 4 4 4 4 5 1 3 1 3 4 11 4 5 4 10 10 8 7 7 11 5 5 10 11 5 5 7 10 10 8 7 0 6 8 7 7 10 8 4 4 4 10 10 8 7 0 6 7 7 7 7 7 7 7 7 8 10 10 8 2 4 11 3 5 4 10 8 1 3 4 4 4 4 4 4 0 11 9 5 4 5 10 4 10 8 8 10 10 8 8 4 4 4 11 4 5 4 4 10 10 8 7 7 7 7 7 7 8 7 11 4 4 4 5 7 7 10 11 5 5 7 10 10 7 8 8 4 4 4 1 3 4 10 11 5 5 11 4 4 4 4 5 4 4 0 9 0 9 8 0 6 7 7 7 8 11 2 4 6 10 4 7 4 7 4 7 10 8 10 8 7 7 7 8 7 7 7 10 10 8 8 4 4 4 4 4 11 5 4 11 5 10 10 8 8 7 11 11 5 2 6 4 10 4 5 10 10 8 2 6 10 10 8 8 11 4 4 5 10 10 8 7 7 7 7 8 7 10 10 8 8 4 4 4 4 10 8 1 3 11 11 5 2 4 4 4 4 4 9 5 4 11 5 11 11 5 2 6 7 7 10 8 11 11 5 5 4 4 4 4 4 4 10 0 9 8 8 10 10 4 4 5 5 10 10 7 8 7 0 6 10 8 7 7 7 7 7 7 7 7 8 1 4 3 4 4 4 10 4 4 4 4 4 4 5 7 10 10 8 7 7 7 8 10 7 0 6 8 11 11 5 5 4 11 10 8 8 11 11 5 4 4 4 5 10 10 8 7 7 7 7 7 7 7 7 10 8 8 4 4 10 4 4 4 4 4 4 4 4 4 4 4 4 5 10 2 9 10 8 10 8 7 7 7 8 7 7 7 7 10 10 8 8 7 10 4 4 10 8 7 7 8 4 4 1 3 4 4 4 4 4 4 4 11 4 4 5 4 11 11 5 2 10 10 7 7 7 7 7 8 8 7 7 7 7 7 7 7 10 10 8 7 8 9 8 10 11 5 5
ppo_x50_b_fd_l4_same_gamma,57,qv22_60,22,229,True,1648.0,10.4558265209198,8 6 10 8 8 7 4 10 1 9 8 4 5 10 8 10 10 8 8 10 4 2 6 10 10 8 8 10 10 8 8 10 4 5 4 11 5 7 10 8 10 10 8 10 8 8 10 4 5 7 10 10 8 8 10 11 5 2 10 3 10 8 10 8 8 11 10 7 8 7 5 10 10 8 8 11 5 11 4 4 10 8 7 5 11 10 8 8 10 0 6 10 8 8 4 4 4 4 4 11 2 9 11 5 5 7 11 5 11 4 4 11 5 4 4 4 2 10 9 5 5 10 10 8 7 7 7 7 7 7 7 8 4 10 4 4 1 3 4 4 4 4 4 4 4 4 5 7 10 8 4 4 11 8 11 8 11 8 11 8 11 8 11 8 11 8 11 8 11 8 11 8 11 8 11 8 11 7 11 5 2 3 7 7 4 10 11 5 5 7 10 8 7 7 7 7 7 7 7 0 6 7 7 10 10 8 8 1 11 9 8 8 4 11 11 5 5 4 10 8 11 11 5 2 9 11 5 5 4 1 3 11 4 4 4 4 4 5 11 11 5 2 7 7 7 6 7 7 7 7 7 7 7 7 7 7 7 7 10 8 4 10 10 8 7 8 1 3 4 4 4 4 4 4 4 4 11 4 4 5 10 7 7 7 7 8 4 11 11 5 2 9 7 7 7 8 10 10 8 7 7 7 8 4 7 4 7 11 4 5 4 4 4 4 4 4 11 11 5 4 4 5 10 8 10 0 6 7 8 10 8 11 11 5 2 3 11 11 5 4 11 5 4 4 5 10 10 8 7 8 11 4 4 2 9 8 10 10 8 4 4 4 5 7 7 7 7 7 10 11 5 5 4 4 4 11 5 4 10 10 8 7 7 7 0 6 7 7 7 7 7 7 7 7 7 7 8 1 4 9 5 4 4 11 4 4 4 11 5 4 2 3 4 10 10 8 7 8 7 10 10 7 8 2 7 6 7 10 10 7 8 8 10 10 8 8 4 4 11 2 9 11 5 7 8 11 4 4 4 4 10 8 2 4 9 5 11 4 10 8 4 4 4 4 4 4 5 7 10 10 8 7 11 5 2 9 5 11 11 5 2 9 8 10 10 8 10 8 7 7 7 7 8 7 7 11 5 4 4 11 4 4 5 7 10 10 8 7 5 7 7 10 7 10 8 8 7 1 9 4 1 3 4 4 5 10 10 7 8 0 9 8 8 4 4 4 11 10 8 8 7 7 10 8 10 8 4 4 4 4 4 11 10 8 4 2 3 4 4 4 4 4 4 4 11 11 5 4 4 5 10 7 11 5 5 10 10 8 8 10 11 5 4 4 2 3 10 7 8 10 10 8 8 7 7 7 7 7 10 7 8 10 10 8 2 6 7 10 7 8 11 11 5 5 11 11 5 4 4 4 4 5 11 5 7 10 10 8 8 10 11 5 2 6 10 7 10 8 7 7 8 7 11 4 11 7 5 4 5 11 5 7 1 11 11 5 4 4 3 1 4 3 4 4 4 4 5 11 11 5 5 4 10 10 8 7 7 7 8 10 11 5 2 6 10 8 7 7 10 8 11 11 5 5 7 7 7 10 7 7 8 10 10 8 7 7 7 7 11 5 2 3 11 5 11 2 7 9 10 8 10 8 8 11 5 4 11 7 7 8 4 4 11 11 5 5 4 4 4 4 4 4 4 4 4 11 4 4 5 4 4 11 2 9 4 10 8 0 6 10 8 7 0 6 8 7 7 7 10 7 8 10 7 10 8 2 6 0 6 7 7 10 8 11 5 4 4 11 4 4 5 4 4 11 11 5 4 4 4 4 5 7 7 0 6 7 7 11 4 5 7 4 7 4 7 4 7 11 10 8 10 8 7 7 7 7 8 10 10 8 7 8 10 7 10 8 2 7 3 4 4 4 11 10 8 2 6 7 4 7 4 7 4 7 4 7 4 7 4 7 4 7 4 7 4 7 4 7 0 9 8 11 11 5 2 3 11 11 5 4 4 4 5 10 4 11 5 4 4 4 4 4 4 4 5 7 7 10 10 8 7 8 7 7 7 7 7 7 7 7 7 10 8 11 11 5 5 11 11 4 5 11 5 4 4 4 4 5 11 11 5 4 4 4 4 4 5 10 10 8 8 11 2 6 7 10 4 10 8 7 7 7 7 7 8 4 10 7 11 5 2 6 7 10 7 8 10 2 11 9 8 8 11 2 3 11 11 5 4 4 4 4 4 5 4 4 4 10 11 5 5 4 0 3 10 8 7 7 7 10 10 8 0 6 7 7 8 11 11 5 2 9 11 5 1 3 4 5 11 2 9 11 5 4 4 4 5 7 7 10 11 5 5 7 10 0 6 7 7 0 9 8 7 7 7 7 7 8 7 7 7 7 10 10 8 2 3 7 11 5 4 4 4 4 11 11 4 5 4 4 4 4 5 7 7 10 8 10 7 7 7 7 8 11 4 5 11 4 11 5 4 5 10 8 7 10 8 4 10 10 8 7 8 4 10 7 8 10 4 4 11 5 5 10 7 7 7 8 7 7 11 1 9 5 4 4 4 4 4 5 4 10 7 8 4 11 4 11 5 5 4 4 11 4 4 4 4 5 0 6 10 7 7 8 10 10 8 8 11 4 4 4 4 5 10 7 7 8 10 10 8 8 10 7 7 7 7 7 8 4 4 1 3 4 4 4 4 4 11 5 4 4 11 5 10 10 8 2 6 0 6 11 10 8 8 7 10 10 7 7 8 7 10 8 7 7 7 7 7 7 7 7 8 4 4 11 2 3 4 4 4 10 11 5 5 10 11 5 5 4 4 4 1 4 4 3 4 4 4 11 5 4 10 10 8 8 10 10 8 7 0 6 7 7 7 7 7 7 7 8 11 11 5 2 9 11 5 7 7 7 7 7 7 8 11 5 4 4 4 11 4 4 4 4 5 7 11 5 10 10 8 7 7 7 8 11 4 4 5 4 1 11 9 5 4 4 4 5 10 2 9 11 5 0 6 8 4 11 7 11 5 2 9 5 4 11 5 7 7 0 6 10 11 5 7 8 10 10 8 0 9 8 7 7 7 7 8 11 2 4 4 9 11 5 5 11 11 5 2 6 7 11 11 5 4 4 4 4 4 4 5 7 7 7 7 7 10 7 7 8 10 10 7 8 7 7 7 8 4 10 11 5 5 10 0 6 10 7 7 7 8 7 8 4 11 5 4 10 10 8 8 11 4 5 4 10 8 10 8 4 4 10 10 8 2 6 10 10 8 8 4 4 4 1 11 9 8 8 1 3 11 4 4 5 11 11 5 11 5 2 4 3 4 4 11 11 5 5 4 11 4 4 5 0 6 7 7 7 7 10 10 8 8 11 5 4 10 10 8 7 7 7 10 8 7 7 7 7 7 8 11 2 9 10 8 8 11 4 4 11 5 4 4 4 5 0 9 7 8 10 10 7 7 8 7 7 7 8 11 4 11 5 2 11 3 5 4 4 4 11 11 5 7 8 11 11 5 5 4 4 4 4 4 4 11 4 5 10 10 8 2 6 7 7 7 7 0 6 7 11 5 10 10 7 7 7 7 7 8 7 7 8 10 8 11 11 5 11 5 2 6 10 8 11 11 5 4 5 11 11 5 4 4 4 4 4 4 5 4 4 4 10 4 4 4 11 5 2 9 5 10 7 7 7 10 7 8 7 7 8 7 10 10 7 8 8 10 10 2 8 7 7 10 10 8 7 7 8
ppo_x50_b_fd_l4_same_gamma,58,qv22_61,22,232,True,1724.0,10.523200511932373,8 8 9 10 8 8 10 10 8 8 11 5 7 10 10 8 8 10 10 8 8 11 5 11 4 5 10 8 7 7 10 10 8 8 10 4 4 5 4 4 10 8 10 10 8 7 7 10 8 8 10 4 4 5 10 10 0 6 7 8 8 10 10 8 8 1 9 5 11 11 5 11 5 8 11 4 4 4 4 4 4 11 5 4 5 11 11 5 11 5 5 7 7 7 7 10 8 0 9 10 8 2 6 4 10 4 11 5 4 4 4 4 5 7 7 4 7 0 9 8 7 11 5 7 7 7 7 7 7 7 11 11 5 7 8 4 4 4 4 4 4 11 5 10 7 8 11 11 5 4 4 4 5 10 10 8 7 7 7 7 7 7 7 10 8 7 7 7 8 11 2 4 4 3 4 4 11 4 5 10 10 7 7 7 7 0 6 7 7 7 7 8 8 10 10 8 8 4 4 11 5 10 7 7 8 11 4 11 5 2 10 6 8 11 1 3 11 5 5 4 4 10 8 11 11 5 2 9 8 11 11 5 2 3 4 4 4 4 4 4 4 11 5 4 4 7 7 4 4 10 8 7 10 10 8 4 5 10 8 7 7 10 8 7 10 10 7 7 8 7 7 10 8 8 10 7 10 8 0 5 6 4 11 11 4 5 4 5 10 10 8 2 11 4 4 5 3 4 4 10 11 7 8 10 8 7 7 7 8 10 2 9 8 10 11 8 11 4 4 8 7 8 10 7 8 4 4 4 4 1 3 4 4 4 11 4 4 5 11 11 4 5 8 4 4 4 0 9 11 5 5 4 10 10 8 7 0 9 8 7 7 7 7 7 7 7 0 9 8 4 5 4 4 4 4 10 8 10 7 7 7 10 7 7 7 8 0 3 4 7 4 7 8 10 4 4 7 10 7 7 7 7 8 4 2 4 4 9 5 11 4 5 4 4 4 1 3 4 10 11 5 5 11 5 11 11 5 4 4 4 4 5 10 10 8 2 6 10 10 8 7 7 7 7 7 7 7 7 7 7 8 11 4 4 4 4 10 8 7 8 4 4 4 4 4 4 4 10 2 9 11 5 5 11 5 11 11 5 2 9 5 4 4 10 10 8 7 7 7 8 10 10 8 7 7 7 7 7 7 7 7 7 7 8 4 4 4 4 4 4 4 4 4 4 11 10 8 2 9 11 5 5 10 8 10 8 10 7 7 10 8 7 8 7 10 4 10 8 8 10 10 8 7 8 1 3 4 4 4 11 5 7 7 10 8 10 10 7 7 8 4 4 2 4 4 4 3 4 4 11 4 4 4 4 4 4 4 4 5 7 11 11 5 2 6 4 10 11 5 4 2 6 10 10 8 10 8 7 8 7 11 4 4 4 2 9 10 8 10 8 8 10 10 8 8 4 4 11 4 4 5 7 10 10 8 7 7 7 7 8 4 4 4 11 5 10 8 4 7 10 10 8 7 7 0 6 7 10 8 8 4 11 5 10 10 7 8 10 8 2 6 7 7 7 11 5 11 5 11 11 5 5 7 0 11 9 8 8 7 10 10 8 8 4 4 11 4 4 1 3 4 4 5 4 4 4 4 4 4 11 2 9 10 8 4 5 10 8 4 4 4 4 4 10 10 8 7 7 7 7 0 6 7 7 7 7 7 7 8 4 4 4 11 4 4 4 4 4 4 5 4 10 11 5 2 9 8 0 6 7 7 7 7 11 4 10 8 2 6 7 10 10 8 8 4 11 4 8 11 11 5 2 9 7 8 4 4 4 4 4 4 4 11 5 10 7 10 8 10 8 10 7 8 7 8 10 10 7 7 7 8 7 7 7 8 11 4 5 4 10 4 4 10 8 7 7 8 7 7 7 11 11 5 4 5 4 10 10 8 8 11 4 4 5 10 10 7 8 8 11 2 3 4 4 4 11 11 5 4 2 11 9 8 8 4 4 4 4 11 11 5 2 9 8 7 10 10 8 10 8 0 6 7 7 7 7 8 4 11 11 5 4 4 4 4 2 3 4 11 4 4 5 7 4 4 10 10 8 7 0 6 7 7 0 6 7 7 7 7 8 10 10 8 2 9 10 8 8 7 7 10 7 10 8 4 11 8 11 8 11 8 11 8 11 8 11 8 11 8 11 8 11 8 11 8 11 8 11 8 11 8 11 8 11 8 11 8 11 8 11 8 11 8 11 8 11 8 11 8 11 8 11 8 11 8 11 2 8 11 9 5 4 5 10 8 11 11 5 4 4 4 4 4 4 4 11 5 4 2 3 11 10 8 4 5 1 3 4 4 10 11 5 5 7 10 10 8 10 8 7 7 7 8 11 4 4 2 3 10 10 8 10 7 8 7 10 8 8 7 11 4 5 10 10 8 2 9 10 8 7 7 7 8 11 11 5 5 1 3 4 4 4 11 4 5 10 0 9 8 8 1 3 11 4 5 10 7 7 11 5 5 7 0 6 7 7 10 8 7 1 9 11 5 5 4 11 2 9 11 5 4 5 11 4 4 11 5 11 4 4 5 8 4 4 10 8 0 6 7 7 7 7 10 11 5 7 7 7 8 4 4 4 11 5 7 7 10 7 8 11 0 3 0 3 11 4 5 5 10 10 8 7 7 7 7 7 7 7 7 8 11 4 4 4 4 5 11 5 7 7 7 10 10 8 7 7 8 10 0 9 8 8 11 7 2 3 11 5 4 4 4 11 4 4 5 4 7 4 7 4 7 11 1 4 3 4 5 10 10 8 7 7 8 10 7 7 10 8 8 7 7 11 5 1 11 3 4 5 4 4 4 4 4 4 11 4 4 11 5 4 4 5 10 0 9 8 7 7 11 5 5 10 8 7 7 11 5 10 10 8 10 8 8 11 11 5 7 7 7 7 11 8 7 0 6 7 7 8 10 4 4 4 5 4 4 4 4 4 4 4 10 11 5 5 4 11 11 5 4 4 5 0 7 6 7 7 7 10 8 7 7 7 7 7 10 10 8 8 11 2 4 4 3 4 4 4 1 3 4 11 4 4 4 5 10 7 11 5 2 6 7 10 10 8 8 11 4 4 5 11 4 5 10 10 7 8 7 7 10 8 7 7 8 7 11 10 8 8 10 10 8 7 0 6 8 7 10 10 8 7 8 10 10 8 2 11 3 4 5 10 10 8 8 4 10 8 11 11 5 5 4 4 4 11 11 5 5 11 4 4 4 4 1 3 4 10 8 8 11 2 6 10 7 7 7 7 7 7 7 8 10 8 11 11 5 11 5 5 4 10 8 11 11 5 4 4 4 5 7 7 11 4 11 5 4 4 5 7 7 11 10 8 8 7 7 7 7 10 11 5 11 5 8 11 11 5 5 7 0 6 7 7 7 11 10 8 8 7 7 7 11 11 5 4 4 1 3 5 4 4 4 4 11 1 3 4 4 4 4 5 4 10 2 6 10 10 8 8 7 10 10 8 7 8 7 7 11 11 5 2 3 4 4 4 10 11 5 5 4 4 11 5 7 10 8 10 8 0 6 7 7 7 7 10 10 8 8 7 7 7 7 10 8 10 10 7 8 4 8 4 4 4 11 5 4 4 4 4 4 4 11 2 3 11 5 4 10 10 8 7 8 11 4 4 5 4 11 5 4 11 11 5 5 7 7 11 2 6 7 11 10 8 8 7 7 10 7 10 7 7 8 7 8 10 7 10 8 2 9 5 11 11 5 4 4 5 4 4 4 4 4 11 11 5 2 3 11 11 5 7 7 7 8 11 5 10 10 8 7 7 7 0 7 7 6 7 7 7 7 8 11 11 5 2 4 4 11 11 4 5 4 4 9 5 4 4 4 4 4 4 4 4 5 10 2 7 7 7 7 7 7 7 7 9 8 10 7 10 2 8 4 4 4 4 11 11 5 4 4 4 4 4 4 5
ppo_x50_b_fd_l4_same_gamma,59,qv22_62,22,229,True,1750.0,10.408992290496826,8 6 8 10 4 10 5 8 10 8 7 4 7 4 11 4 2 9 10 8 8 10 10 8 8 10 4 5 7 10 10 8 8 10 10 8 8 11 5 4 11 5 4 4 11 11 5 5 7 7 7 7 7 10 10 8 0 6 10 8 8 11 5 10 10 7 8 8 10 10 8 8 10 10 8 8 10 4 4 5 10 7 4 7 10 7 8 8 1 10 9 8 5 11 4 5 11 11 5 4 4 8 11 4 10 8 2 6 7 4 7 4 7 4 7 10 11 5 5 10 8 7 7 10 7 7 10 8 8 4 1 3 11 5 4 4 4 4 11 4 4 8 11 4 4 4 4 4 5 10 8 7 7 7 7 0 6 0 11 9 8 8 10 7 11 5 4 4 4 4 4 5 10 10 8 7 8 4 4 4 4 4 4 4 4 4 11 7 0 6 5 7 10 7 4 7 7 7 8 7 0 6 7 7 7 7 7 7 11 11 5 2 4 11 9 8 8 4 4 4 11 11 5 4 4 4 5 10 7 7 10 8 2 9 8 10 8 10 10 8 7 7 7 7 7 8 11 11 5 5 4 11 5 10 10 8 8 7 7 7 1 3 11 4 4 4 4 4 4 4 4 4 4 4 2 10 11 5 3 5 7 0 6 10 11 5 7 8 10 10 8 7 7 7 8 11 4 5 10 8 10 10 8 7 7 7 8 4 11 1 3 4 4 4 5 4 11 11 5 5 11 4 4 4 4 5 4 10 8 7 10 11 5 5 7 7 7 7 0 6 7 7 7 7 7 11 10 8 8 4 7 10 4 1 3 4 4 1 3 5 11 4 5 4 4 7 4 4 4 4 0 6 10 10 8 8 7 10 10 8 7 7 7 7 7 7 7 7 7 7 7 7 8 7 1 4 3 4 4 4 4 4 4 11 10 8 8 11 2 6 7 7 0 6 4 4 4 1 6 1 6 1 6 1 6 1 6 1 6 1 6 1 6 1 6 1 6 10 11 5 2 9 5 4 4 4 4 11 5 4 4 11 4 5 10 10 8 7 7 0 6 8 7 10 8 7 7 7 7 10 10 7 8 7 8 11 11 5 2 6 11 2 9 10 8 8 7 11 11 5 5 11 5 7 10 7 7 8 11 5 4 11 5 4 4 11 5 4 10 10 8 7 7 8 4 11 5 4 4 10 8 11 11 5 1 3 4 4 4 4 4 5 10 2 6 7 10 11 5 2 3 4 4 10 11 5 5 4 4 10 10 8 7 0 6 7 7 7 8 7 7 7 7 7 7 7 10 8 11 10 8 7 8 11 1 3 5 4 10 10 8 7 7 8 11 4 11 5 4 4 4 5 4 11 5 11 11 5 4 4 5 11 11 5 4 5 11 4 4 4 5 7 7 7 10 0 9 5 5 10 8 7 7 7 7 7 7 7 7 7 7 7 7 11 5 10 10 8 8 11 5 4 10 1 6 0 3 1 3 11 5 5 4 1 3 4 4 4 4 4 10 7 8 10 11 5 11 5 2 9 11 5 4 4 5 4 11 5 10 10 8 0 6 7 7 7 7 7 7 8 10 7 7 7 7 7 10 8 2 6 4 11 10 8 4 4 4 4 5 7 10 7 8 4 4 4 4 4 10 11 5 5 10 7 7 7 7 7 7 7 7 8 4 4 11 2 6 10 11 5 5 4 4 4 11 5 4 11 11 5 4 4 4 5 4 10 10 8 7 8 11 4 5 10 10 8 2 6 10 8 7 7 7 7 10 8 10 10 8 7 4 7 4 4 4 4 10 8 7 7 7 7 7 7 8 4 4 4 4 4 4 4 10 8 4 4 10 7 10 8 2 9 7 0 6 7 8 4 11 11 5 4 11 5 4 4 4 4 4 5 4 4 11 2 9 11 5 5 7 7 0 6 7 7 7 7 7 7 10 8 4 1 3 4 4 4 4 4 4 4 11 4 5 11 11 5 4 2 6 7 7 7 10 10 8 8 4 4 4 11 4 10 8 8 7 10 10 7 7 8 10 8 7 7 7 7 0 6 8 7 7 7 10 8 10 10 8 4 2 4 4 4 4 11 3 2 9 4 4 4 4 4 4 4 5 10 11 5 5 4 4 11 11 5 5 7 7 10 5 10 5 10 5 7 7 10 10 8 4 5 7 10 10 7 8 7 7 5 10 10 8 7 7 8 11 2 9 11 5 5 7 7 7 11 5 10 10 8 8 4 11 4 4 4 4 4 5 4 11 4 4 11 5 2 3 4 0 3 1 3 11 5 10 8 10 10 8 0 6 7 7 7 10 7 8 7 7 7 7 8 10 7 10 8 2 11 9 8 5 10 10 8 7 7 8 4 11 4 4 4 5 1 9 5 4 4 11 11 0 5 3 4 5 11 4 2 6 10 7 10 8 7 7 7 7 7 8 7 10 10 8 8 4 4 4 4 4 4 4 4 11 10 8 2 9 8 11 11 5 4 4 4 4 4 5 11 11 5 2 9 5 10 10 8 10 8 8 7 11 10 8 8 7 10 10 8 2 6 7 7 10 10 7 8 7 7 7 7 8 1 3 4 4 11 4 5 11 4 4 4 4 4 4 5 10 11 5 5 4 4 0 9 11 5 5 4 4 11 5 10 8 10 0 6 7 8 10 10 8 10 8 7 7 7 7 8 10 10 7 7 8 7 7 8 11 11 5 5 4 4 4 11 2 6 11 4 5 4 4 11 11 5 0 6 7 7 7 8 10 10 8 8 4 4 11 10 8 7 5 7 7 10 7 5 10 7 10 8 7 5 1 9 8 11 4 5 4 11 5 4 11 11 5 4 4 4 4 4 4 4 4 4 4 5 11 11 5 2 9 10 5 10 5 8 10 8 11 11 5 2 6 7 0 6 10 10 8 7 7 10 8 8 7 7 7 10 7 11 5 2 9 4 10 5 10 5 10 5 10 5 10 5 10 5 10 5 10 8 7 7 7 7 8 4 4 4 4 4 11 4 5 10 10 8 8 10 2 9 10 8 4 4 4 4 4 4 5 10 2 9 10 8 8 7 7 7 11 5 10 7 8 4 11 11 5 1 9 5 4 4 4 4 5 4 4 11 11 5 2 9 7 11 5 2 10 10 8 7 6 7 10 8 7 7 7 7 7 7 10 8 7 7 7 8 10 11 5 5 7 7 10 7 7 7 11 5 5 4 4 4 4 4 11 5 10 8 11 2 9 10 8 8 4 4 4 4 4 11 5 10 10 8 2 6 10 8 11 11 5 4 5 4 10 4 4 4 10 8 0 6 7 7 7 7 7 7 7 7 11 5 2 9 11 5 5 7 10 7 8 7 1 3 4 11 4 4 4 4 1 3 11 5 0 6 8 11 2 6 7 7 7 7 10 10 8 2 4 4 11 3 4 4 4 4 5 4 4 4 11 11 5 2 9 5 7 7 7 7 7 7 10 7 7 7 7 7 8 10 10 8 7 7 8 11 1 6 1 6 1 9 8 5 4 4 4 11 11 5 5 4 4 4 11 11 5 5 11 4 5 11 11 5 2 7 7 9 8 10 7 7 7 7 7 7 10 8 2 9 5 4 4 4 4 4 4 11 11 5 2 6 10 8 4 4 4 4 11 11 5 4 5 0 6 7 7 10 7 11 5 5 7 7 7 10 10 8 7 7 7 8 7 7 10 10 8 2 6 11 10 8 8 4 4 4 4 10 4 4 10 8 8 7 7 7 7 7 10 10 8 8 4 4 11 5 1 9 8 11 11 5 4 4 4 4 4 5 4 10 11 5 4 4 4 5 10 10 8 7 7 7 7 11 5 2 3 10 10 8 7 8 10 10 8 7 7 7 7 8 4 4 4 4 4 4 11 5 4 10 8 11 11 5 4 5 4 4 4 4 10 10 8 7 7 7 7 7 7 8 4 4 11 1 3 5 10 10 8 8 4 4 4 4 4 4 4 4 11 11 5 2
ppo_x50_b_fd_l4_same_gamma,60,qv22_63,22,232,True,1617.0,10.532669067382812,8 6 2 10 9 8 8 10 5 10 11 5 4 8 0 9 5 10 10 8 10 8 8 11 5 10 7 10 8 8 10 10 8 8 11 5 7 10 10 8 8 11 4 4 5 4 7 4 10 10 8 7 7 7 10 8 8 10 10 8 8 11 5 7 10 10 8 8 1 3 4 11 4 10 8 8 10 7 10 7 8 8 4 4 1 3 4 4 4 4 11 5 11 11 4 5 2 10 9 5 5 4 4 10 10 8 7 8 10 10 8 7 10 8 8 10 2 9 10 8 8 11 10 8 7 7 8 4 4 11 5 4 4 10 7 5 11 11 5 5 7 7 7 7 10 10 8 8 11 4 5 4 4 4 11 4 4 4 4 4 5 4 4 11 11 5 4 5 7 7 7 10 0 6 7 8 10 7 7 7 7 7 7 8 10 10 8 8 7 7 10 10 8 8 4 4 11 2 3 4 1 4 4 4 3 4 11 5 4 10 8 10 7 8 7 10 8 10 10 0 6 8 7 8 4 4 4 4 4 11 4 5 11 7 7 7 7 0 6 7 7 8 11 4 4 4 4 1 3 4 4 5 11 11 5 5 11 4 5 7 11 11 5 5 10 8 4 4 11 5 4 11 11 5 2 7 7 7 7 6 7 7 7 7 7 7 11 4 10 8 4 2 9 7 10 8 8 7 7 10 7 7 10 8 2 9 10 8 8 4 11 1 5 9 5 11 11 5 7 7 8 10 10 8 8 11 11 5 4 4 4 4 4 5 10 8 4 4 4 4 4 10 10 8 4 5 4 4 4 11 5 4 4 10 5 10 11 5 5 10 10 8 7 8 7 7 10 10 8 10 8 7 7 8 7 7 7 10 11 5 5 7 7 7 10 8 10 7 10 7 8 4 4 4 4 4 4 4 4 4 5 7 10 8 10 0 6 7 8 7 10 7 8 11 11 4 4 4 4 5 4 8 11 4 5 11 11 5 4 5 11 4 4 4 5 10 10 8 7 7 0 6 7 7 7 8 10 7 7 7 7 0 9 8 5 4 4 4 4 4 4 4 11 11 5 4 4 4 4 5 10 10 8 10 8 7 7 7 7 7 7 8 4 11 4 4 4 11 5 7 5 10 8 4 4 10 11 5 5 7 10 10 8 7 8 7 4 7 10 4 10 5 5 4 4 1 3 4 11 5 4 4 4 1 9 5 0 6 10 11 5 2 6 10 10 8 0 6 7 8 7 4 0 3 7 4 7 4 4 4 4 1 9 4 5 10 10 8 10 8 7 7 0 6 7 10 8 0 6 7 7 10 8 7 7 7 7 7 5 4 4 4 4 4 10 4 4 4 4 4 5 10 10 5 10 5 10 5 4 5 7 10 7 7 7 10 8 8 10 10 7 8 7 7 7 8 10 10 8 2 6 11 4 11 4 4 5 5 11 11 5 2 11 4 4 3 4 4 5 10 8 10 7 10 8 2 6 10 10 8 7 7 8 11 4 5 4 4 4 11 4 5 11 11 5 7 7 8 11 4 4 4 4 5 11 11 5 0 6 7 8 4 11 5 4 4 10 11 5 5 10 10 8 10 8 0 9 5 0 6 8 10 10 8 7 7 7 10 8 8 4 11 10 8 8 11 11 5 4 4 5 7 7 7 10 7 7 7 8 10 10 8 8 11 2 9 10 8 8 11 5 4 4 4 4 4 11 11 5 5 4 4 10 10 8 7 7 8 11 4 4 10 8 7 7 7 8 10 8 4 4 4 11 4 5 10 8 4 1 3 4 4 11 11 5 7 8 4 4 4 4 11 11 0 5 5 9 10 8 10 8 10 8 8 0 6 7 7 7 7 7 10 8 4 1 3 4 11 4 4 4 5 4 4 10 10 8 7 7 0 6 8 7 10 10 7 7 7 7 7 8 7 7 7 8 11 5 11 10 8 8 11 2 3 4 4 4 10 11 5 5 4 4 4 10 10 8 2 6 10 8 10 8 4 4 1 3 4 11 5 4 4 4 4 4 11 5 11 11 2 3 5 11 10 8 2 9 8 4 0 6 10 10 8 7 10 8 7 0 6 10 7 8 8 10 10 7 8 8 10 10 8 7 7 8 4 4 4 4 4 10 10 2 8 4 9 11 5 4 4 5 11 4 5 10 0 10 6 8 7 7 8 7 10 10 7 7 7 7 7 8 8 11 5 4 4 10 4 4 5 10 10 8 8 10 10 8 7 8 11 2 3 1 3 11 5 7 10 10 8 8 4 4 4 4 11 5 4 4 4 4 11 4 4 5 7 7 10 10 8 8 11 4 4 4 5 7 10 10 8 10 8 8 11 5 7 7 11 10 8 8 11 5 11 4 10 0 6 7 7 7 8 8 10 10 8 4 2 6 10 7 8 11 11 5 4 5 11 4 0 4 3 4 5 4 4 4 4 1 3 4 11 4 5 10 10 8 8 10 11 5 2 6 10 7 10 8 8 10 8 7 4 10 7 10 7 7 8 10 7 7 8 5 11 2 9 7 7 8 11 4 11 5 4 4 4 4 4 4 4 4 4 4 8 10 8 11 1 9 8 8 11 4 4 5 10 8 4 4 4 4 4 10 11 5 5 7 7 11 5 7 7 10 10 8 8 7 7 7 7 7 7 7 10 7 7 8 7 10 7 8 4 1 9 11 5 5 4 4 4 4 4 4 11 4 5 4 4 4 4 4 10 10 8 4 5 4 10 2 6 7 7 7 7 10 8 7 7 10 7 7 8 10 10 8 4 4 5 0 6 0 6 7 0 11 9 8 8 4 4 11 4 8 11 11 5 11 5 4 5 4 11 2 9 11 5 5 4 11 4 8 11 4 11 5 5 10 8 10 0 6 10 8 7 7 7 8 10 10 7 8 10 8 7 7 7 7 7 8 4 4 11 10 8 8 10 8 10 10 8 8 4 4 4 11 10 8 2 3 11 5 4 4 4 4 4 7 4 11 5 10 10 8 8 7 7 7 11 10 8 8 11 4 5 11 5 11 5 7 7 7 7 7 7 7 7 11 10 8 8 4 4 4 11 2 3 11 4 4 5 11 11 5 4 4 5 11 11 5 11 5 2 3 4 4 4 7 4 4 7 4 7 4 7 1 10 9 5 5 4 10 10 8 0 6 7 7 10 8 8 7 7 7 7 7 10 7 10 7 7 8 7 7 8 11 11 5 11 5 2 9 8 4 4 11 4 4 4 4 4 5 4 4 4 4 4 10 10 8 2 6 11 2 3 11 4 4 5 11 5 7 10 11 5 7 0 6 8 10 10 8 10 8 0 6 7 7 7 7 7 8 11 7 7 10 8 7 5 10 10 8 2 6 10 8 11 11 5 4 4 4 5 7 7 11 5 11 11 5 4 11 5 5 11 4 4 4 11 5 2 9 4 5 10 10 8 8 7 0 6 7 10 10 8 7 8 7 7 10 10 8 7 7 7 8 11 11 5 2 11 9 5 4 4 4 4 4 4 4 4 5 7 10 8 11 11 5 5 4 4 10 10 8 0 6 7 7 8 0 10 9 5 5 7 10 10 8 8 10 10 8 7 7 8 7 11 11 5 5 11 11 5 4 4 4 4 4 4 4 4 4 4 4 4 4 5 11 11 5 2 3 7 10 10 7 8 7 7 7 7 8 10 7 10 7 2 8
ppo_x50_b_fd_l4_same_gamma,61,qv22_64,22,233,True,1657.0,10.528825283050537,8 8 10 9 8 8 10 11 5 5 10 8 10 10 8 8 10 8 11 10 8 8 10 10 8 8 10 4 4 8 10 7 10 8 8 4 11 5 11 5 4 10 10 8 7 8 10 10 7 8 8 10 10 8 8 11 4 8 11 11 5 2 3 11 5 11 11 5 4 4 4 5 4 11 5 11 5 7 10 10 8 4 5 10 2 6 7 7 7 7 11 10 8 8 7 10 10 8 7 7 7 10 8 8 10 10 8 8 11 5 11 4 4 4 5 11 4 4 4 4 5 7 7 0 6 10 11 5 2 6 7 11 11 5 4 4 4 5 10 5 10 5 10 11 5 7 7 7 8 7 7 7 10 10 8 7 8 10 10 7 8 4 4 4 7 4 7 4 7 4 7 4 10 8 10 8 1 3 10 7 7 8 8 1 7 3 1 6 11 4 4 4 4 5 7 11 11 5 4 4 4 4 4 4 4 4 4 4 5 4 11 2 6 10 8 7 7 7 7 7 7 7 7 7 7 10 8 7 10 7 8 11 1 9 8 8 7 10 8 4 1 3 11 11 5 4 4 5 10 10 8 8 10 7 8 11 5 4 4 4 4 4 4 4 4 4 4 4 4 11 5 4 4 11 11 5 2 7 7 6 7 7 7 10 8 4 10 11 5 5 7 10 10 8 7 7 7 7 7 7 7 7 8 11 4 11 8 2 11 5 9 10 8 8 11 10 8 7 8 11 10 8 2 6 11 11 5 11 5 4 4 5 4 7 4 10 7 8 11 11 5 4 4 4 4 5 11 2 6 10 7 7 0 6 7 7 7 7 7 7 7 7 8 11 5 4 4 10 8 11 11 5 2 11 11 3 5 4 4 4 4 4 5 4 4 11 4 10 8 4 4 4 4 2 9 10 8 8 10 8 7 7 7 11 5 10 10 8 8 7 7 7 7 7 7 10 8 10 8 4 10 4 11 5 4 5 11 11 5 11 5 4 5 11 10 4 5 7 7 7 7 0 6 7 8 0 6 7 0 11 10 6 8 2 6 11 4 5 4 4 11 11 5 2 3 11 11 4 5 4 4 4 4 4 5 4 10 7 8 10 8 10 8 10 8 11 4 4 11 5 4 11 5 5 7 0 3 10 11 5 2 9 10 8 8 7 10 8 4 4 11 4 8 10 10 8 2 6 10 8 10 8 7 7 7 7 11 5 10 10 8 7 7 7 7 7 7 7 8 4 11 2 6 11 11 4 4 5 2 3 4 4 11 4 4 1 3 4 4 4 5 11 5 4 11 11 5 5 7 0 11 5 10 9 8 7 7 7 0 6 7 8 7 7 7 7 7 7 7 10 7 7 8 7 10 10 8 2 4 4 3 4 4 11 2 3 4 4 4 4 11 10 8 8 4 4 10 11 5 5 4 11 11 5 5 10 2 6 7 7 0 6 7 7 7 10 7 11 5 5 4 11 11 5 4 4 4 4 4 4 4 4 5 0 9 5 10 10 8 8 7 10 10 8 7 7 7 7 7 7 8 11 2 9 10 8 7 7 10 8 8 11 4 5 11 5 11 4 4 4 11 5 4 5 11 2 9 11 5 5 7 11 8 7 10 8 7 7 7 10 10 8 8 7 7 10 10 8 8 11 10 8 8 1 11 3 4 4 4 5 4 4 4 4 4 4 4 4 11 11 5 0 6 8 7 11 11 5 11 5 5 1 9 8 10 8 10 10 8 11 8 11 8 4 2 6 4 4 4 4 4 10 10 4 5 0 5 10 3 10 8 10 8 8 0 6 7 7 7 10 7 10 7 8 4 2 3 11 4 4 4 5 4 10 11 5 5 10 10 7 8 10 8 7 8 7 7 10 7 7 7 8 10 10 8 7 7 7 7 8 4 11 2 6 11 11 5 4 4 4 4 11 5 5 4 10 10 8 8 7 7 7 11 5 4 0 6 1 9 7 10 8 7 7 7 8 11 11 5 4 5 4 4 1 3 4 4 11 4 4 4 5 7 10 4 0 9 5 4 5 7 7 7 10 7 5 10 7 7 8 1 3 11 11 5 2 3 11 11 5 5 7 11 11 5 4 8 11 11 5 5 11 10 5 11 5 2 6 4 10 8 0 6 7 7 10 10 8 7 8 4 4 4 4 11 5 10 10 8 8 10 10 8 7 7 7 7 10 8 7 7 8 11 7 7 5 7 11 11 5 1 3 4 4 4 4 4 5 11 11 5 4 4 4 2 6 4 4 4 4 4 4 0 10 9 5 5 10 10 8 0 6 7 7 8 7 7 7 7 7 7 7 10 7 7 8 4 10 10 7 8 5 10 8 10 10 8 2 4 4 11 4 3 4 4 5 10 11 5 2 3 4 4 4 11 4 5 10 10 8 8 10 11 5 5 11 4 4 5 11 11 5 4 2 6 7 10 7 10 8 4 4 5 10 10 8 7 7 7 7 8 10 2 9 10 8 7 7 7 8 11 11 5 4 5 10 7 7 7 7 7 8 11 11 5 7 7 7 8 11 5 4 11 4 5 4 11 11 5 4 4 4 5 4 4 4 4 4 11 4 4 5 11 10 8 8 10 10 8 8 11 5 7 10 7 10 8 7 7 7 7 7 7 8 4 10 2 9 10 8 8 11 10 8 8 10 7 7 8 11 11 5 11 5 4 4 4 4 4 10 8 7 7 8 4 11 4 4 4 4 4 5 10 8 10 10 8 7 8 10 7 7 7 7 7 7 8 10 8 4 4 1 10 9 5 5 1 3 4 11 5 4 4 11 11 5 2 6 4 10 11 5 2 9 5 0 6 7 7 7 7 7 10 8 4 1 11 9 8 8 11 5 4 4 4 4 10 8 11 5 4 4 11 5 4 4 4 4 4 4 10 10 8 0 6 7 7 7 7 8 10 7 7 7 8 11 10 8 8 11 4 5 11 11 5 11 5 5 10 8 11 4 4 5 10 10 8 7 7 7 7 7 7 8 7 10 2 4 9 5 4 11 11 5 2 7 6 11 11 5 4 4 4 4 4 4 4 4 5 10 10 8 7 7 7 8 11 2 3 4 4 10 11 5 5 10 10 8 10 8 7 7 7 7 10 8 2 9 10 7 8 7 7 7 7 7 7 8 11 11 5 1 3 11 5 5 11 11 5 2 10 6 7 8 4 1 3 4 4 4 11 11 5 2 6 10 7 7 8 4 11 11 5 4 1 3 5 4 4 11 10 8 8 4 4 4 11 5 11 11 5 4 2 9 8 7 7 7 11 5 10 10 8 7 7 8 10 10 8 10 8 8 10 7 10 8 7 7 8 10 4 5 4 4 4 11 11 5 4 10 8 7 8 7 11 5 10 10 8 8 10 8 11 11 5 2 6 4 11 11 5 11 5 11 5 4 4 5 0 6 7 7 7 7 7 10 8 4 10 10 8 7 7 7 8 7 11 5 4 1 3 4 4 4 4 10 8 11 11 5 4 4 4 4 5 4 4 4 11 4 4 5 0 9 5 7 7 10 10 8 8 10 10 7 8 7 8 7 7 7 7 7 11 5 4 4 11 11 5 11 5 4 2 4 3 4 4 4 11 4 5 10 10 8 8 10 10 8 7 7 7 7 8 7 7 7 7 10 10 8 8 7 10 10 7 8 7 8 4 4 10 8 11 5 4 4 1 3 4 4 4 4 4 4 4 11 5 10 10 8 8 4 4 4 11 2 9 4 10 8 8 10 10 7 7 7 7 7 7 7 7 7 7 7 7 8 8
ppo_x50_b_fd_l4_same_gamma,62,qv22_65,22,234,True,1685.0,10.600599765777588,8 8 6 10 7 11 5 2 9 5 10 8 10 10 8 8 1 9 0 8 9 4 5 11 11 5 7 7 8 10 10 8 8 10 10 8 8 11 5 11 4 2 3 4 11 4 4 11 5 0 5 9 8 10 10 7 8 8 10 10 8 10 8 7 7 10 8 8 11 5 10 10 7 8 8 10 10 8 8 10 10 8 8 11 5 1 3 4 11 5 7 7 10 7 7 10 8 8 4 10 11 5 5 4 4 11 11 5 4 4 4 5 11 11 5 2 6 0 6 10 8 11 10 8 2 3 4 10 10 8 7 7 8 11 2 9 4 4 4 4 4 4 4 4 4 4 5 10 10 8 7 7 0 6 7 8 0 11 9 8 8 4 4 10 10 8 7 7 7 8 7 7 10 10 8 4 5 4 4 11 4 5 0 6 7 10 10 7 7 7 7 7 7 8 8 4 11 5 10 1 3 5 10 10 8 8 4 4 4 4 10 8 11 10 8 8 4 4 4 4 4 10 11 5 5 4 4 4 11 5 10 8 7 10 10 8 7 7 7 7 7 8 11 2 3 4 4 4 4 7 4 10 10 8 4 5 7 10 7 7 8 10 10 8 8 4 4 4 4 4 4 4 4 1 3 4 11 4 5 4 11 11 5 8 10 8 4 4 4 10 10 8 0 6 7 7 7 7 7 8 7 7 7 10 10 8 2 6 10 10 7 8 7 7 10 7 8 1 3 4 11 5 4 4 4 4 5 7 7 10 8 11 11 5 4 4 4 4 4 5 10 0 6 7 7 7 8 7 10 10 8 2 11 5 6 7 10 7 5 4 4 4 4 4 11 11 5 7 8 11 4 5 1 3 4 4 4 4 11 11 5 2 6 11 4 2 3 10 10 8 8 10 7 11 5 4 2 3 4 4 11 5 10 10 8 2 9 5 10 10 8 10 8 8 4 10 2 10 10 6 8 10 8 8 7 7 7 7 10 10 8 7 7 7 7 7 7 8 4 4 11 4 4 4 4 5 10 7 8 11 11 5 2 6 11 11 5 4 4 4 5 4 4 11 4 4 4 4 4 5 10 10 8 10 8 10 8 2 11 9 8 8 7 11 11 5 4 4 4 5 10 10 8 10 0 3 7 8 8 7 10 0 6 10 8 7 7 7 7 7 10 8 8 7 10 8 10 10 8 4 1 3 4 4 4 4 5 4 11 2 9 11 5 2 6 10 7 8 10 7 10 8 7 7 7 7 7 8 4 4 4 4 11 1 3 4 5 4 4 11 4 4 4 5 11 5 4 4 10 10 8 7 7 7 10 8 7 7 8 11 2 3 10 11 5 4 4 5 4 11 4 10 8 8 11 11 5 4 4 5 11 5 10 7 8 7 10 7 5 7 7 10 10 8 8 10 10 8 7 7 7 7 7 7 5 11 11 5 5 7 11 2 9 7 8 7 11 11 5 4 11 5 4 4 4 4 5 4 0 9 11 5 4 5 7 7 11 5 7 10 8 7 10 10 8 7 7 8 10 10 8 7 7 7 8 11 11 5 4 1 3 1 3 5 4 4 4 4 10 11 5 5 4 11 5 7 11 11 5 4 4 4 5 4 10 10 8 2 6 7 7 7 7 7 10 8 10 0 9 7 7 7 8 10 1 8 8 11 9 1 5 4 4 4 4 4 5 4 3 4 4 11 5 11 11 5 2 3 11 11 5 8 0 6 10 8 7 10 8 4 11 4 4 5 4 10 10 8 7 7 10 8 8 7 7 7 7 7 0 10 9 8 5 4 11 11 5 5 4 11 5 4 4 4 4 10 11 5 5 10 10 8 10 8 10 8 10 8 7 7 7 7 7 7 7 0 6 7 7 7 7 8 10 10 8 2 11 3 5 11 11 5 7 7 8 11 11 5 5 4 4 4 4 4 4 4 4 11 4 5 10 10 8 8 7 7 7 10 8 7 10 10 8 7 7 8 11 5 4 11 4 4 4 5 7 10 8 7 10 10 8 2 9 8 10 8 11 4 4 4 4 5 4 4 4 4 4 11 5 4 11 11 5 2 3 7 10 7 7 7 7 7 7 8 11 5 10 10 8 7 8 10 7 7 10 8 2 9 8 7 11 11 5 4 4 4 4 4 4 4 4 4 4 5 4 4 4 10 11 5 5 0 9 11 5 5 10 10 8 10 8 7 7 7 7 7 7 7 7 8 4 4 11 5 7 7 7 7 4 7 4 10 7 7 7 8 0 9 11 5 2 9 11 5 4 11 5 5 11 5 4 4 11 11 5 5 4 4 4 4 10 11 5 5 11 5 7 7 0 6 7 7 10 10 8 4 5 10 8 7 10 8 7 10 7 7 10 8 2 6 7 10 10 8 7 8 4 4 11 10 7 5 4 5 11 4 4 11 5 11 4 4 5 4 4 1 4 9 5 4 4 4 4 4 5 0 9 5 10 7 11 5 2 6 7 7 10 8 10 8 4 10 8 7 10 10 8 2 6 7 7 7 11 5 1 3 11 5 4 4 4 4 11 11 5 5 4 10 8 7 7 7 7 7 10 7 0 6 7 7 8 11 2 3 4 10 10 8 7 7 7 7 7 10 8 10 8 2 7 9 1 9 5 8 11 8 11 5 4 4 1 3 4 4 4 4 4 4 4 11 4 4 4 4 4 4 4 5 10 2 9 10 8 4 5 10 0 9 5 5 10 10 8 7 7 7 7 8 7 11 11 5 5 7 7 7 7 10 10 8 8 7 10 10 8 2 3 4 4 4 4 4 4 4 10 11 5 5 4 10 10 8 7 7 8 7 7 10 8 11 4 4 4 4 4 4 4 4 4 4 5 10 8 7 11 5 10 10 8 7 7 7 7 7 10 8 7 8 10 10 8 7 7 7 8 1 9 8 11 11 1 3 5 11 5 4 4 4 11 5 2 3 4 4 10 10 8 7 7 7 7 7 8 10 7 7 7 7 10 8 2 9 10 8 8 11 5 4 11 4 4 4 5 4 11 4 5 11 4 4 11 4 5 2 9 11 5 5 4 0 9 11 5 4 5 10 10 8 10 8 0 6 7 10 8 7 7 7 7 7 5 10 10 8 2 6 11 4 4 4 4 11 5 4 0 6 11 5 4 5 7 10 8 7 10 10 8 7 7 7 7 7 7 8 11 4 4 4 4 1 3 4 4 5 4 11 2 3 4 4 10 11 5 5 4 11 2 3 4 10 10 8 7 7 7 7 7 8 7 10 11 5 5 10 10 8 7 7 7 7 8 4 4 11 4 4 5 10 7 10 8 7 7 7 7 7 7 8 4 4 4 4 4 4 4 4 4 4 11 4 4 5 7 10 10 8 8 11 2 4 3 10 10 8 10 8 7 7 7 7 7 7 7 7 8 11 5 4 4 4 4 4 11 5 10 10 7 0 6 5 5 4 4 4 1 3 11 4 1 3 4 4 4 5 11 11 5 2 10 10 6 8 10 0 6 8 10 7 8 7 10 8 10 8 10 7 7 7 7 7 7 8 7 10 8 7 8 4 11 5 11 4 5 7 10 7 7 8 11 2 11 9 5 5 4 11 4 4 4 4 4 4 4 4 4 4 5 7 10 11 4 5 2 10 10 8 6 8 10 7 10 7 7 7 7 7 8 2 7 10 7 7 8 9 11 5 5 4 4 4 4 4 4 10 8 7 10 7 7 8 11 11 4 4 5 4 1 3 4 5 11 11 5 4 4 4 11 5 2 11 9 8 8 10 10 7 7 8 2 10 10 7 7 8 7 7 7 7 7 7 7 7 8 4 4 11 4 4 5 7 7 10 10 8 8
ppo_x50_b_fd_l4_same_gamma,63,qv22_66,22,232,True,1687.0,10.596915245056152,8 8 10 9 8 8 10 11 5 5 10 10 8 10 8 8 11 5 10 10 8 10 5 2 10 9 8 8 10 10 8 8 10 4 5 4 4 11 5 7 7 10 10 8 10 8 10 8 8 4 10 8 10 10 8 8 10 10 8 7 5 10 4 4 5 4 10 10 8 4 5 10 8 10 10 7 7 8 8 10 10 8 8 11 5 4 10 10 8 4 4 5 7 11 5 4 10 11 5 5 10 7 7 10 8 8 4 4 4 1 4 4 4 3 11 11 5 5 11 4 4 5 7 10 8 10 10 8 7 7 7 8 11 4 4 4 4 4 4 5 7 10 8 4 4 11 4 11 5 2 3 7 7 7 7 7 7 11 10 8 8 10 7 7 7 8 4 11 4 11 5 2 3 11 11 5 4 4 5 10 10 8 7 0 6 8 11 10 8 8 7 7 7 7 7 7 10 10 7 7 8 8 1 9 5 4 4 4 11 11 5 2 6 4 4 10 8 11 4 2 3 4 4 1 3 11 5 4 4 4 4 4 4 4 11 7 0 9 5 5 10 10 8 7 0 6 7 7 7 7 7 10 7 8 7 10 8 2 9 11 5 2 9 10 8 4 4 4 5 10 7 7 8 4 4 10 10 8 7 7 7 8 11 2 9 11 5 5 4 4 11 8 10 11 5 4 4 4 4 5 10 10 8 7 8 11 11 5 4 4 5 10 11 5 4 4 2 9 4 5 10 8 0 6 7 10 10 8 7 7 8 7 7 11 11 5 2 3 11 4 4 4 8 4 4 10 4 4 5 11 5 10 7 7 8 10 10 8 7 10 8 10 8 7 7 7 7 8 4 10 10 8 7 7 8 1 4 6 11 4 11 5 4 4 4 5 4 4 10 10 8 7 7 8 7 10 8 11 4 5 4 4 11 5 1 10 9 8 4 4 5 0 6 7 7 10 7 8 10 10 8 7 7 7 7 8 4 11 2 3 4 10 10 8 2 6 7 11 10 8 8 10 10 8 8 4 4 4 4 11 4 4 4 4 4 5 11 4 4 4 4 4 4 5 7 10 7 7 7 7 7 0 6 7 7 7 7 7 7 7 7 7 8 11 4 11 5 11 5 5 4 1 3 11 5 7 10 7 7 7 7 8 11 4 11 5 4 5 11 5 11 4 8 4 4 4 11 11 5 7 8 11 4 4 5 4 11 11 5 5 4 4 11 4 2 10 9 8 8 10 8 0 6 7 7 7 7 7 10 10 8 7 7 8 10 7 7 7 10 8 8 4 4 11 2 11 9 5 4 4 4 5 10 7 7 8 11 4 4 4 5 11 11 5 4 4 8 0 9 10 8 7 7 8 7 10 10 8 7 5 11 4 4 4 10 8 7 7 7 7 7 4 7 4 7 4 7 4 7 4 7 11 8 4 7 4 7 4 7 4 7 4 7 4 7 5 11 7 7 7 8 10 10 8 4 1 8 6 4 11 5 1 3 11 4 4 5 10 10 8 4 4 4 5 11 11 5 5 4 1 3 10 10 8 4 4 4 5 10 11 5 4 4 5 7 7 0 6 11 11 5 7 7 7 7 7 7 7 7 7 7 7 10 8 2 11 9 8 8 10 10 8 8 4 4 11 4 4 4 5 4 4 11 5 4 4 4 11 4 10 8 8 7 7 7 7 10 8 11 5 11 4 10 8 4 4 4 5 4 4 4 11 4 5 7 10 2 9 8 7 11 11 5 5 10 8 7 7 7 10 8 7 7 7 7 10 10 8 7 7 7 8 11 4 11 5 2 3 4 4 11 10 8 8 4 11 11 5 0 6 7 7 7 8 10 10 8 7 7 7 8 1 3 4 4 4 4 4 4 4 11 4 4 4 4 4 4 4 4 4 5 11 2 3 10 10 8 8 10 10 8 2 9 8 7 10 7 8 10 8 7 10 7 10 8 2 4 3 4 7 4 10 11 5 4 4 4 1 3 4 8 10 10 8 8 10 4 5 4 10 10 8 8 7 7 7 7 7 7 10 8 4 4 0 4 9 4 8 4 4 4 11 11 5 4 4 5 4 4 0 9 5 4 10 10 8 8 0 6 7 7 7 7 10 7 10 8 7 0 6 7 7 7 7 7 8 11 2 11 4 5 7 6 7 11 10 8 8 11 8 10 8 11 11 5 2 3 11 5 11 11 5 4 5 11 4 4 11 5 2 6 10 10 8 7 7 7 7 7 8 4 4 1 9 8 11 4 4 4 5 7 10 10 8 2 9 7 8 11 5 4 4 4 4 10 11 5 5 11 11 5 5 11 4 5 4 10 10 8 8 4 4 4 4 11 5 4 10 8 7 7 7 7 10 11 5 5 4 10 10 8 7 0 6 7 8 10 8 7 7 7 7 7 7 7 11 10 8 8 1 9 10 8 8 10 8 11 4 11 5 1 3 5 4 4 4 4 4 4 4 11 4 4 4 4 4 4 5 11 5 7 10 10 8 7 7 7 7 10 8 8 11 2 9 10 8 8 7 0 6 7 7 7 10 7 10 8 2 6 11 2 6 11 0 9 5 5 4 11 2 6 10 10 8 7 7 8 11 4 4 4 4 4 4 4 4 11 5 11 5 4 4 4 5 11 2 3 4 4 4 4 10 10 8 7 7 7 7 7 7 7 8 11 4 4 4 5 7 10 10 8 7 7 7 8 11 4 4 4 4 4 5 11 5 10 10 8 7 7 8 4 4 4 11 4 4 5 4 11 5 10 10 7 7 7 8 8 7 7 7 10 10 8 8 4 11 5 10 10 8 4 4 4 5 7 7 10 10 8 4 5 10 10 7 8 10 8 7 7 7 7 7 7 8 1 11 3 4 4 4 4 5 10 4 2 3 4 4 4 4 4 4 4 11 4 5 10 10 8 8 11 5 10 10 4 5 5 7 10 10 8 8 7 7 7 7 7 7 10 10 7 8 8 10 7 10 8 2 9 10 8 8 4 1 11 5 9 10 8 4 4 5 4 4 11 5 4 11 2 3 4 11 5 11 5 4 11 5 4 4 4 4 10 10 8 0 6 7 7 7 10 8 7 7 7 7 7 8 4 4 11 4 11 5 2 6 0 6 10 10 8 8 4 7 11 4 4 11 5 4 4 5 11 4 10 8 7 7 7 8 11 1 3 4 4 5 10 10 5 8 10 8 7 7 7 7 10 10 8 8 4 4 4 4 4 4 4 11 4 5 10 0 6 10 8 8 10 7 10 8 7 10 7 8 7 7 7 7 7 8 4 4 4 4 10 10 8 7 7 7 8 4 4 4 1 3 4 11 4 5 7 11 11 5 0 6 8 10 10 8 1 3 4 4 5 4 4 11 11 5 4 5 11 2 3 4 4 4 4 10 10 8 0 6 7 8 7 7 10 7 7 0 6 7 8 4 4 4 4 11 5 10 10 8 4 4 4 4 5 0 7 7 7 9 10 8 2 7 10 10 8 8 10 7 8 10 10 8 7 8 10 10 8 7 6 8 11 5 10 10 8 2 9 5 11 11 5 2 9 8 4 4 4 4 4 11 11 5 2 3 4 4 4 11 4 4 4 4 4 5 7 7 0 6 10 7 11 5 5 10 10 8 7 10 8 8 7 7 10 7 10 8 2 7 7 10 7 8 6 10 7 11 5 4 5 4 4 4 4 11 4 4 4 4 11 5 2 3 7 11 11 5 4 4 4 4 5 10 11 5 2 10 10 8 6 10 8 7 7 7 7 7 7 7 10 8 8 11 2 9 10 8 8 4 4 10 10 8 7 7 7 8 4 4 4 4 4 11 11 5 4 4 4 4 4 4 5
ppo_x50_b_fd_l4_same_gamma,64,qv22_67,22,229,True,1672.0,10.328457117080688,8 6 7 7 2 9 11 5 5 10 8 10 10 8 8 10 10 8 8 10 10 8 8 11 5 7 10 10 8 8 10 10 8 8 11 5 11 4 5 10 10 8 7 7 10 8 8 10 10 8 8 11 5 11 5 4 11 4 5 10 10 7 8 8 7 7 10 10 8 8 4 4 4 4 4 10 8 11 4 4 4 4 4 5 11 11 5 2 6 10 8 7 7 7 10 7 7 7 7 7 7 8 10 10 8 8 4 4 4 11 5 11 4 4 4 4 4 4 4 4 5 4 4 4 11 5 7 10 11 5 5 7 10 4 4 5 4 10 10 8 8 7 10 7 8 4 4 4 11 5 4 10 10 7 5 8 7 10 10 7 8 0 6 7 7 7 7 7 8 10 7 7 7 7 8 11 11 5 4 2 4 3 10 4 2 9 11 5 7 8 4 4 11 4 4 5 4 4 11 11 5 2 3 7 7 10 10 8 7 7 7 10 8 8 1 3 10 10 8 7 5 10 10 8 7 8 10 1 3 5 7 7 10 8 4 11 11 5 5 11 4 4 4 11 5 11 5 5 11 4 4 8 10 10 8 4 4 2 3 4 4 4 10 10 8 7 8 10 8 7 10 10 8 7 8 10 10 8 2 4 4 3 4 4 11 5 4 11 11 5 2 3 11 11 5 5 11 8 10 4 8 10 4 8 10 10 8 4 5 4 4 10 8 10 8 7 0 9 8 7 7 7 7 11 11 5 4 4 2 3 4 4 11 4 5 10 10 7 5 7 8 10 10 8 7 0 6 7 10 8 8 11 4 5 10 10 8 7 7 7 7 7 10 8 8 10 10 8 7 7 8 11 1 9 5 5 11 10 8 2 9 8 11 11 1 3 5 11 5 4 11 5 2 6 10 11 5 5 4 4 4 4 4 4 4 11 11 5 2 9 7 11 5 4 4 2 9 10 8 0 6 7 8 4 4 11 5 11 5 10 7 7 7 10 8 7 8 7 7 11 5 7 10 10 7 7 7 8 7 7 8 11 11 5 4 5 10 7 7 8 4 4 4 4 4 4 4 11 4 10 8 8 11 10 7 7 8 10 8 7 7 7 7 7 8 7 11 11 5 4 4 5 11 10 8 2 6 10 8 11 11 5 2 9 11 5 4 5 7 7 10 8 11 1 3 4 7 7 7 7 10 8 2 3 11 11 5 4 4 5 4 4 4 4 4 4 11 5 4 10 7 7 7 7 8 11 4 11 5 4 4 4 4 5 10 8 7 7 7 7 10 8 4 4 11 11 5 4 4 4 5 11 2 9 11 5 4 5 10 10 8 7 8 10 2 6 7 10 10 8 0 6 7 7 7 7 7 7 8 7 11 5 4 4 4 4 4 4 11 5 7 7 7 11 5 10 10 8 7 7 7 5 7 10 10 8 7 7 7 8 4 10 8 11 11 5 4 5 4 4 4 4 4 4 4 4 11 11 5 4 4 5 4 10 11 5 5 7 10 4 10 8 8 7 7 11 5 10 10 8 7 10 8 8 7 7 10 10 8 7 7 7 7 8 4 4 11 2 3 4 4 4 4 4 10 10 8 4 5 11 11 5 2 6 7 7 10 7 7 8 10 10 8 8 4 4 4 4 4 10 8 11 4 4 4 4 4 5 4 4 11 5 7 7 7 7 7 11 11 5 7 8 4 4 4 11 5 11 4 5 7 10 10 8 8 11 4 5 10 10 8 8 7 7 7 10 7 5 4 4 4 4 4 4 7 10 11 5 7 8 10 8 7 7 7 7 10 10 8 4 5 4 11 4 4 5 7 11 5 7 10 10 8 7 7 7 10 8 7 7 8 4 10 10 8 7 7 8 11 11 5 5 4 4 4 4 4 11 5 10 8 4 4 10 8 7 7 10 10 8 10 8 7 7 7 7 8 4 4 4 4 4 4 11 2 11 4 4 3 4 4 4 5 7 10 11 5 5 10 10 8 8 4 4 4 4 4 4 11 4 10 8 7 7 7 7 7 7 7 7 7 7 7 7 7 7 7 7 7 7 8 11 2 4 9 7 4 10 8 8 11 5 4 4 4 10 8 11 4 4 4 11 5 4 5 10 7 7 8 10 7 8 10 8 11 11 5 4 4 4 5 10 11 4 8 7 8 4 4 4 11 11 5 4 4 4 5 4 11 11 5 7 2 6 7 11 10 8 8 4 4 4 10 7 8 7 7 7 7 11 5 10 10 8 7 7 8 11 5 4 7 4 1 9 4 1 3 4 5 4 4 4 4 10 11 5 4 2 10 10 8 6 0 6 8 7 4 7 4 7 10 11 5 2 6 10 8 7 7 7 7 10 10 8 2 6 10 10 8 7 10 8 7 7 7 8 4 4 4 1 4 11 5 9 10 8 8 10 2 10 9 8 7 7 10 8 8 11 4 10 8 8 11 4 4 4 4 1 3 5 4 4 4 4 4 1 3 4 11 4 8 11 11 5 2 3 10 10 8 7 10 8 8 10 10 8 8 4 11 4 5 10 10 8 7 7 7 7 7 8 10 10 8 5 1 3 4 4 4 4 11 5 11 5 4 10 10 8 7 8 10 4 5 4 4 4 4 4 4 4 10 11 5 5 10 10 7 0 6 8 7 7 0 6 7 7 7 7 10 8 7 7 7 7 7 7 8 4 11 5 4 4 4 11 5 10 7 10 8 2 9 10 8 7 8 11 10 8 10 8 8 11 5 11 5 4 4 4 11 11 5 4 4 5 0 6 7 10 7 7 8 7 10 10 8 8 4 4 11 5 11 4 11 5 11 5 5 1 3 4 11 4 4 4 4 4 4 4 5 10 8 10 7 7 10 8 2 9 10 8 7 10 8 8 11 2 9 11 5 7 7 7 7 8 10 11 5 7 8 11 11 5 5 1 3 7 4 1 6 4 1 6 11 10 8 7 7 11 8 4 8 4 10 7 4 0 6 7 7 7 7 7 7 7 8 4 1 9 4 5 11 1 3 5 4 4 4 4 4 4 4 4 4 11 4 5 10 11 5 2 6 10 10 8 8 4 4 11 5 7 7 10 8 10 10 8 7 8 10 11 5 2 9 5 11 4 5 4 4 4 11 11 5 2 3 7 7 10 10 7 7 7 7 7 8 7 7 7 7 7 8 11 4 4 4 11 5 2 7 7 7 9 8 10 8 10 10 8 8 4 4 4 11 5 4 4 4 4 4 4 4 10 8 7 7 7 10 10 8 8 4 11 11 5 7 7 7 8 4 4 11 5 4 11 4 11 5 5 7 7 7 10 8 7 11 10 8 8 0 6 10 7 7 7 7 7 10 8 8 4 11 2 3 4 4 11 11 5 5 4 4 4 4 4 4 11 5 7 7 7 7 7 7 7 10 8 10 10 8 4 4 5 10 7 8 11 4 4 4 4 4 4 11 5 4 11 5 4 5 11 2 9 4 5 10 8 10 7 7 10 8 2 4 3 4 4 11 4 5 10 10 8 8 10 7 0 6 7 8 7 7 10 7 10 8 2 10 6 0 7 6 7 7 7 8 1 9 5 11 11 5 2 3 11 4 4 5 4 4 4 1 4 4 4 3 10 11 5 5 7 0 6 10 7 8 10 7 7 10 8 2 7 7 7 6 11 2 9 10 8 8 7 10 10 8 8 10 5 4 11 4 11 5 4 1 4 4 4 4 4 4 4 4 4 3 4 5 4 4 11 11 5 7 7 7 7 7 8 11 2 11 11 5 3 5 10 7 10 7 8 7 7 7 7 7 7 7 8 11 11 5 2
ppo_x50_b_fd_l4_same_gamma,65,qv22_68,22,233,True,1726.0,10.61539340019226,6 8 10 5 10 5 2 10 9 8 8 10 5 10 5 10 7 4 5 10 5 10 5 10 5 10 5 10 5 10 5 10 5 0 10 9 5 5 10 10 8 8 0 9 5 10 10 8 8 10 10 8 8 10 10 8 8 10 4 4 8 10 10 7 8 8 10 10 8 8 10 10 8 8 10 10 8 8 11 7 11 5 4 1 8 9 10 8 8 11 4 1 3 11 5 4 5 4 4 4 11 5 11 11 5 4 5 7 7 7 7 11 5 10 10 8 8 7 10 7 10 8 2 7 9 8 7 11 11 5 5 4 4 4 4 4 4 4 4 11 4 4 5 4 4 4 10 10 8 7 7 7 8 11 5 11 11 5 7 7 8 10 8 11 11 5 2 6 10 11 5 2 9 10 8 7 0 6 7 7 0 6 7 7 7 8 4 4 4 11 5 4 4 4 4 4 4 4 4 10 11 5 5 10 8 10 10 8 10 7 8 7 10 8 7 7 8 4 11 5 7 10 10 0 6 7 7 7 8 7 7 7 10 8 8 11 4 10 8 8 11 11 5 1 3 4 4 4 5 7 7 10 7 7 8 4 10 8 4 10 4 8 7 11 11 5 4 5 4 10 8 10 4 11 7 8 10 7 4 7 4 8 7 7 10 8 2 9 5 11 11 5 4 4 4 5 4 11 5 11 4 4 4 4 4 11 5 11 5 2 6 4 4 10 11 5 2 9 5 4 11 5 7 7 7 7 0 6 7 10 10 8 7 7 7 7 7 7 8 10 7 8 4 4 4 1 10 9 8 8 4 4 11 4 4 4 4 4 5 4 4 10 11 5 5 11 5 7 11 11 5 2 3 10 10 8 7 10 8 7 7 7 7 7 7 10 8 8 10 10 8 8 10 10 7 8 7 8 1 9 10 8 8 11 11 5 4 5 4 4 4 4 11 4 5 4 4 4 4 4 10 8 11 11 5 2 9 8 4 10 8 0 6 7 7 7 10 10 8 4 5 10 2 9 7 10 8 10 8 8 7 7 7 7 7 10 8 11 4 4 4 4 5 11 2 6 11 11 5 4 4 4 4 5 4 4 10 11 5 4 4 5 10 11 5 5 10 10 8 7 8 0 6 10 7 7 7 8 7 10 10 8 7 7 7 8 7 11 11 5 4 2 6 7 10 1 3 5 4 4 4 4 4 11 5 7 10 8 10 11 4 4 5 4 5 10 8 11 4 5 10 10 8 2 6 10 8 10 10 8 0 6 8 7 7 10 10 8 2 6 10 10 8 8 4 4 4 4 4 4 4 4 4 4 4 4 4 4 4 4 11 5 10 10 8 2 3 11 5 7 7 7 7 7 7 10 10 8 4 5 7 7 7 10 7 7 7 7 8 11 11 4 4 1 5 4 3 4 4 4 5 4 4 4 4 11 5 4 10 8 10 10 8 8 10 7 10 8 7 7 8 4 10 8 4 4 4 4 4 4 0 9 5 10 10 8 7 7 7 7 8 7 10 10 8 7 7 8 7 7 10 10 7 5 2 6 7 7 11 11 5 5 4 4 4 4 4 4 4 4 1 3 4 11 4 4 4 4 4 5 7 7 7 7 7 7 7 10 7 7 7 8 11 2 3 10 10 8 8 11 4 1 3 4 5 11 11 5 5 4 4 4 11 4 10 8 2 6 10 10 8 2 6 7 7 7 7 7 7 7 10 11 5 5 4 4 11 7 11 5 5 4 4 4 4 10 7 10 8 4 2 6 10 11 5 2 6 4 10 4 11 5 5 11 11 5 4 4 5 7 7 7 7 7 7 7 7 7 7 7 7 11 5 10 0 6 7 7 8 10 10 8 10 8 2 3 4 11 1 3 4 4 5 10 7 7 11 5 4 4 4 4 4 5 4 4 11 4 4 4 4 5 7 7 0 9 11 5 5 7 10 10 8 10 8 8 10 10 8 7 7 7 7 7 7 7 7 7 7 8 4 4 4 4 4 10 10 8 7 8 11 4 1 3 4 4 4 4 5 11 4 4 4 4 4 4 4 4 5 10 7 8 4 10 7 8 7 7 7 7 10 10 8 7 7 8 4 11 5 4 4 4 10 11 5 5 4 4 4 10 11 5 5 7 10 10 8 7 10 8 0 9 8 5 0 6 7 7 10 10 8 4 5 10 10 7 8 10 8 8 11 2 6 10 10 7 8 7 7 8 11 11 5 5 4 4 11 4 4 4 4 4 4 4 4 5 10 2 6 7 7 10 7 8 1 3 4 4 4 4 11 11 5 2 11 3 5 10 7 7 10 2 8 9 5 11 11 5 5 10 8 10 10 7 8 0 10 6 8 8 10 10 7 7 8 7 0 6 7 7 7 7 8 4 4 4 4 4 4 10 11 5 2 9 10 8 4 4 5 7 10 8 10 10 8 7 5 10 7 10 8 8 10 10 8 2 11 5 11 5 3 4 10 10 8 8 4 4 11 5 4 4 11 11 5 5 7 7 7 11 10 8 8 11 4 4 2 4 9 5 4 4 4 4 4 11 5 10 8 4 4 4 10 11 5 5 4 4 10 10 8 0 8 7 7 7 7 7 7 9 8 7 7 7 10 7 8 7 11 10 8 8 10 7 7 10 8 4 4 2 3 4 11 11 5 4 4 4 4 4 5 11 5 11 4 5 10 8 4 4 4 4 4 10 11 5 5 10 10 7 8 7 7 7 7 7 8 10 10 8 7 10 8 8 10 7 8 11 4 4 4 5 10 10 8 10 8 2 9 10 8 7 7 7 8 11 11 5 4 5 7 11 11 5 4 5 11 2 11 3 4 4 4 4 4 5 4 4 4 11 4 10 8 8 11 4 8 7 7 10 7 10 8 7 8 10 7 0 9 5 1 5 9 10 8 7 7 7 8 4 4 4 4 11 5 10 0 3 7 11 5 4 4 4 5 4 10 11 5 2 6 7 7 10 7 8 7 7 10 10 8 7 8 10 10 8 7 7 8 11 5 4 4 4 4 4 4 1 3 4 11 11 4 5 5 11 11 5 2 3 4 4 4 10 10 8 8 10 0 9 8 7 7 10 8 7 8 4 1 9 11 5 2 9 5 10 10 8 4 5 4 4 4 4 11 5 10 0 6 0 6 10 8 0 6 8 7 10 10 8 7 7 7 7 7 8 1 9 8 10 4 4 4 11 5 2 9 5 10 7 8 7 7 7 7 7 7 10 10 8 8 4 4 11 5 4 11 4 5 10 2 9 10 8 8 4 11 11 5 7 8 7 10 10 8 8 4 4 4 4 4 4 4 4 11 5 4 4 0 6 10 10 8 8 7 7 7 10 8 7 1 11 9 5 4 4 4 4 4 5 10 10 8 4 4 4 4 5 7 7 7 11 5 10 10 8 8 4 11 11 5 4 4 4 5 4 10 10 8 8 7 7 7 7 7 7 10 7 7 7 7 7 8 11 4 4 8 11 4 11 5 4 5 10 10 8 7 8 11 4 4 4 5 4 10 11 5 2 9 11 5 11 5 11 5 4 4 4 5 10 7 7 7 7 8 10 8 11 11 5 11 5 7 7 7 7 7 8 11 4 4 4 4 4 4 4 5 7 7 4 10 10 8 0 6 7 7 0 6 7 7 7 7 10 8 7 7 7 8 11 11 5 2 9 4 4 4 4 4 4 4 5 0 6 10 10 7 8 7 10 8 7 7 8 11 11 5 7 7 7 8 11 7 11 2 5 3 4 4 4 4 4 4 4 4 11 5 10 10 4 4 4 4 4 4 4 4 5 2 7 7 7 9 8 10 10 7 7 7 7 8 2 7 10 10 7 8 7 9 8 7 7 7 8 11 10 8 8 10 10 2 8 4 4 11 11 5 4 4 5 11 11 5 4 4 4 4 4 4 4 4 4 4 4 4 5
ppo_x50_b_fd_l4_same_gamma,66,qv22_69,22,234,True,1762.0,10.688043117523193,8 6 10 8 8 10 10 8 8 11 5 7 10 10 8 8 4 11 4 5 10 8 7 7 10 10 8 8 10 10 8 8 11 5 11 4 4 4 5 4 1 3 10 8 7 10 11 5 4 4 4 5 10 7 11 5 5 10 8 7 7 7 7 10 8 4 4 10 11 5 5 7 7 10 4 7 4 7 4 7 4 7 4 7 4 7 4 7 4 7 4 7 10 8 7 7 7 10 8 7 5 10 10 8 8 11 5 4 4 4 10 11 7 8 7 8 4 10 0 4 9 5 5 11 11 5 5 4 4 4 4 10 11 5 5 4 10 10 8 7 0 9 5 10 5 10 5 10 5 8 7 7 7 7 7 7 7 10 10 7 8 8 10 4 5 10 11 5 4 4 4 5 11 4 5 10 10 8 7 5 10 10 8 7 7 7 7 5 10 10 8 8 10 10 8 8 11 5 1 9 11 5 11 5 4 2 6 10 7 7 10 8 8 11 1 3 4 5 4 11 5 11 10 4 5 4 4 4 4 4 4 4 4 4 4 4 4 5 10 2 9 8 7 7 7 7 11 5 7 7 0 6 7 7 10 11 5 5 7 7 7 7 10 7 7 10 8 2 6 10 8 11 5 4 4 4 4 11 11 5 7 8 11 5 11 11 5 4 4 4 5 11 4 11 5 4 4 2 9 8 10 4 8 4 11 8 11 8 11 8 7 10 4 8 10 4 8 10 4 8 4 7 4 7 10 4 4 8 7 7 4 7 4 7 4 7 4 7 4 10 4 8 7 4 10 4 8 10 4 8 7 4 0 9 8 7 7 7 7 7 7 7 7 11 11 5 2 6 4 4 4 4 11 5 0 6 10 0 6 7 7 7 10 8 8 7 10 7 10 8 7 8 4 4 1 3 4 4 4 4 10 4 4 10 8 8 11 4 5 11 5 11 5 4 11 4 4 5 4 11 11 5 2 7 9 8 7 7 10 11 5 5 4 10 10 8 7 7 7 7 7 8 4 4 4 4 4 11 5 10 10 7 8 10 8 7 7 7 8 10 10 7 8 2 3 4 4 4 11 5 11 5 11 5 7 7 7 10 11 5 5 7 10 10 7 7 7 8 7 7 7 7 8 10 10 8 8 4 4 4 11 4 5 4 11 2 9 11 5 7 8 4 4 4 11 4 5 10 4 4 4 4 11 5 2 3 10 10 8 8 7 10 10 8 8 10 10 8 8 11 2 3 4 10 4 4 4 11 5 4 4 4 4 5 7 7 10 7 11 5 5 10 10 8 0 6 7 0 6 8 7 7 7 7 7 7 7 7 10 10 8 8 4 1 4 9 5 4 4 10 8 11 11 5 4 5 11 5 10 10 8 10 8 2 3 7 0 6 11 10 8 8 4 11 2 3 4 11 5 7 10 10 8 8 7 7 10 7 0 8 6 11 11 5 11 5 2 4 9 5 11 11 5 4 4 11 5 2 6 4 4 4 4 11 5 11 4 5 4 4 11 11 5 2 7 7 9 8 7 7 11 5 10 10 8 7 7 10 8 2 9 10 8 7 8 7 7 7 11 4 5 7 10 10 8 8 10 7 10 8 7 7 8 4 4 4 10 1 3 4 1 9 8 8 10 8 4 11 4 4 4 11 5 4 11 5 4 5 4 7 7 10 11 5 5 4 11 11 5 2 6 11 7 8 10 8 7 7 7 11 5 4 4 4 7 4 7 4 11 11 5 4 11 5 8 7 11 4 4 10 8 8 7 7 7 7 7 10 10 4 5 8 10 8 4 1 3 11 1 9 5 5 4 4 11 11 5 2 6 4 4 0 10 9 1 5 5 10 10 8 6 8 7 11 5 10 7 10 8 7 8 7 7 10 7 7 8 10 8 4 4 4 10 4 4 4 4 4 5 7 4 7 4 7 4 7 4 7 4 7 4 7 4 7 4 7 4 7 4 10 8 10 8 7 7 7 10 10 8 7 7 7 7 7 8 4 4 4 4 4 4 10 11 5 5 10 7 7 10 8 7 7 7 7 7 8 4 11 10 8 2 3 11 11 5 5 11 4 4 5 4 11 11 5 4 4 4 5 11 11 5 2 7 6 0 6 7 7 7 7 7 7 10 7 7 7 8 11 11 5 5 11 10 8 8 10 7 7 10 8 4 2 9 5 4 4 4 11 4 11 5 5 4 11 4 5 11 4 4 4 10 4 4 4 5 2 6 10 8 7 10 10 8 7 7 7 7 7 7 7 5 4 4 11 5 7 11 7 7 7 10 8 8 7 11 4 4 4 4 4 4 4 4 4 4 5 4 11 2 9 4 11 5 5 4 0 9 5 10 10 8 7 10 8 7 7 7 7 8 11 10 8 7 7 7 8 7 7 7 10 7 8 7 11 11 5 5 4 11 5 4 4 4 11 4 5 7 11 11 5 4 4 5 11 5 0 6 10 10 8 7 7 7 8 10 4 1 3 4 4 4 4 4 5 7 10 8 4 4 4 10 10 8 7 0 6 7 8 7 0 6 10 7 7 8 4 4 4 4 4 4 11 5 10 10 8 8 10 10 8 8 10 10 8 7 10 8 7 8 10 10 8 2 6 4 11 5 1 3 4 4 11 5 10 7 10 8 8 10 7 7 8 10 1 3 11 5 5 10 8 10 11 5 7 4 5 11 4 4 4 5 4 11 11 5 2 3 4 4 4 11 11 5 11 5 2 3 7 7 7 7 7 7 7 7 10 10 8 8 10 7 10 8 2 6 10 7 10 8 7 8 4 11 10 8 8 11 1 3 4 4 5 4 4 4 4 4 4 4 4 4 11 11 5 2 6 7 11 10 8 8 11 4 2 9 11 5 4 5 11 11 5 5 7 7 7 7 0 6 7 7 7 7 7 7 11 7 7 7 7 7 10 8 7 8 4 4 11 4 4 5 4 11 11 5 5 4 10 10 8 7 7 7 7 8 10 10 8 8 10 10 8 4 2 4 6 4 4 4 10 8 11 4 11 5 5 4 4 4 4 4 11 4 11 8 5 7 10 10 8 4 5 10 7 10 7 5 2 4 6 10 11 5 2 3 10 1 3 11 5 11 5 5 4 4 4 11 4 5 7 11 8 11 5 0 10 9 8 8 10 8 0 9 8 7 7 7 7 7 10 10 8 8 10 10 8 7 7 7 8 11 1 3 4 4 4 1 3 4 4 5 11 0 9 5 4 4 4 4 5 11 2 9 4 8 7 0 6 7 10 11 5 5 7 7 10 10 8 7 10 8 7 8 7 7 7 4 10 10 8 7 5 10 4 7 10 8 7 11 5 4 4 4 7 4 5 7 7 7 10 8 10 8 10 10 8 4 2 11 3 4 4 4 4 4 4 5 10 10 8 2 3 4 10 11 5 5 4 4 4 11 5 10 10 8 2 3 11 11 5 4 4 5 4 4 10 10 8 7 7 0 6 7 7 7 7 10 8 7 7 8 0 6 10 7 11 5 4 4 4 4 5 10 7 10 8 8 10 10 8 2 3 4 4 11 4 5 4 11 5 4 11 11 5 7 8 10 10 8 7 7 7 10 8 8 7 10 7 7 8 7 11 11 5 5 11 5 1 3 4 4 4 10 11 5 5 4 4 4 11 2 6 4 1 3 11 11 5 7 7 8 11 5 10 10 8 7 7 8 7 10 7 10 8 7 7 7 8 4 4 4 4 4 11 4 5 4 4 4 4 4 11 5 10 11 5 2 4 3 4 10 10 8 7 7 8 10 11 5 5 4 11 2 9 11 5 7 8 10 10 7 8 7 7 7 8 11 4 4 5 7 7 10 10 7 7 7 8 8 7 7 7 11 10 8 8 10 8 7 10 7 11 5 4 1 3 4 5 11 11 5 5 10 8 11 11 5 4 4 4 11 5 2 10 6 0 5 4 4 4 4 4 3 4 4 4 10 11 5 5 10 10 7 7 7 7 7 7 7 7 7 8 7 7 7 7 7 8 11 11 5 2
ppo_x50_b_fd_l4_same_gamma,67,qv22_7,22,229,True,1689.0,10.34935474395752,6 8 10 8 8 10 10 5 10 5 10 5 10 5 10 5 10 5 10 5 10 5 10 5 10 4 5 11 5 10 5 7 8 10 4 0 5 9 5 10 10 8 10 8 8 11 5 7 11 11 5 7 4 8 0 9 5 10 7 10 8 8 10 10 8 8 11 5 11 2 9 11 5 7 7 8 10 10 8 8 10 10 8 8 11 5 4 11 4 5 7 7 10 10 7 7 8 7 5 10 10 8 8 10 10 8 8 4 10 8 10 10 8 8 11 1 3 4 4 5 11 11 5 4 4 5 10 7 7 8 11 4 4 11 5 4 4 5 7 7 10 11 5 5 4 11 11 5 4 4 4 5 10 10 8 2 6 10 8 7 7 7 7 7 10 7 7 8 7 10 7 11 5 4 4 5 4 11 5 11 2 6 11 11 5 4 4 4 4 4 5 4 11 11 5 4 5 0 9 5 10 10 8 7 8 10 8 7 7 7 7 10 10 8 2 6 4 4 4 11 4 4 4 4 11 5 4 2 9 10 8 8 10 5 10 5 10 5 10 8 10 8 7 0 6 7 7 7 7 10 10 8 7 10 8 7 7 7 7 7 8 4 1 3 4 4 4 4 10 0 6 8 11 1 3 4 4 4 5 10 7 10 8 2 3 4 4 4 11 5 7 10 8 7 7 7 10 7 7 7 8 11 4 4 4 11 5 5 4 4 4 11 11 5 5 10 7 7 7 8 10 11 5 7 8 7 10 10 8 8 7 11 5 10 10 8 7 7 8 11 1 8 11 3 4 4 5 1 6 4 4 4 4 11 11 5 4 2 7 6 11 4 11 5 4 4 4 5 4 4 4 4 10 0 9 5 5 10 10 8 7 0 6 8 7 7 7 7 7 11 4 10 8 8 11 4 4 8 4 10 10 8 8 11 10 8 8 10 8 7 7 7 7 7 7 11 5 10 4 4 4 11 5 4 2 6 7 7 11 10 8 8 4 1 6 1 6 1 4 3 4 4 4 4 4 10 10 8 7 7 8 4 4 4 11 5 4 4 4 4 4 10 10 7 8 0 6 8 7 7 7 7 10 10 8 2 6 7 7 10 10 8 4 5 10 10 8 7 10 8 8 7 11 2 9 5 4 4 4 4 4 4 10 11 5 5 7 7 10 7 7 7 7 8 11 5 4 4 4 11 4 11 5 4 4 4 4 4 4 4 5 10 8 11 11 5 2 3 4 4 10 10 8 7 7 7 0 6 7 7 8 10 7 8 7 7 7 10 11 7 7 7 7 7 7 8 2 3 4 4 4 11 4 10 8 8 1 9 8 7 10 8 11 11 5 5 4 11 4 11 5 5 11 11 5 4 2 3 4 11 4 5 10 10 8 8 1 3 4 4 4 11 4 4 4 5 10 7 11 5 2 6 10 10 8 8 10 10 8 8 11 5 10 10 8 10 8 7 0 6 7 7 7 7 7 5 10 10 8 8 1 9 5 10 10 8 8 4 11 4 4 4 1 3 4 5 7 11 5 4 4 4 10 8 10 4 11 5 4 4 4 4 5 7 11 11 5 4 2 6 10 8 7 7 10 8 4 10 10 8 8 10 8 7 10 10 8 7 7 7 7 7 7 7 7 7 8 11 5 4 4 4 4 11 4 4 4 5 10 10 8 7 7 8 7 10 7 7 7 8 4 11 4 10 8 7 7 8 4 4 4 4 4 4 11 2 9 11 5 5 11 4 8 11 5 4 4 4 11 5 7 10 10 8 0 6 7 7 7 8 10 7 10 8 8 4 11 5 1 3 4 4 4 4 4 4 11 4 4 4 4 5 10 8 7 7 7 7 10 11 5 5 0 6 7 7 10 8 10 10 8 2 6 10 10 8 7 10 8 7 7 8 4 10 10 8 8 11 4 4 11 5 4 5 4 4 4 4 11 4 4 4 4 4 4 4 5 4 10 10 8 7 7 8 4 4 4 10 11 5 2 6 0 7 9 10 4 5 2 6 10 10 8 0 6 8 4 4 11 4 4 5 10 10 8 7 7 7 7 7 7 10 8 8 11 5 10 11 5 4 4 5 4 4 4 4 11 5 10 10 8 7 8 7 10 10 8 7 10 8 10 8 7 8 4 10 11 5 2 9 5 11 5 4 11 11 5 5 11 11 5 2 9 8 7 7 7 7 7 10 11 5 5 11 4 4 1 3 4 4 4 5 7 0 6 10 10 8 0 6 7 7 7 0 6 10 8 7 7 7 8 11 2 4 3 4 4 4 11 5 10 7 7 10 8 10 8 7 7 7 7 7 8 4 4 4 10 10 8 7 7 7 8 11 2 4 3 4 11 4 4 4 5 10 7 8 10 7 10 8 8 4 4 4 4 11 5 10 10 7 5 1 3 4 4 4 5 11 2 6 10 7 10 8 7 7 7 7 8 11 10 8 8 11 5 4 4 4 4 4 10 8 11 11 5 4 4 5 11 5 4 4 4 4 10 11 5 5 4 4 10 10 8 7 8 10 7 7 7 0 6 7 7 7 7 7 7 7 7 8 4 11 5 7 7 7 7 11 10 8 8 4 11 2 6 1 6 1 6 1 6 1 6 1 6 1 3 1 3 4 4 4 4 4 4 1 4 4 9 4 5 10 7 11 5 2 4 3 10 11 5 5 4 4 4 11 5 10 8 7 7 10 10 8 7 7 0 6 7 7 10 8 8 10 7 7 7 10 8 2 6 10 10 8 8 4 4 4 4 4 4 11 10 8 2 3 1 3 4 4 4 4 4 10 11 5 4 8 0 6 10 7 8 7 7 7 7 10 7 8 4 11 11 5 5 11 4 4 4 4 4 4 4 4 5 10 10 8 7 8 11 5 4 10 10 8 7 7 8 10 10 8 7 10 8 10 8 7 7 7 8 4 4 4 4 11 5 4 1 9 5 10 4 4 11 5 2 9 8 10 8 10 10 8 10 8 7 8 11 4 4 4 5 4 4 10 11 5 5 4 11 11 5 8 4 10 8 7 7 7 0 6 7 7 7 10 8 11 5 7 7 7 7 10 11 5 5 11 8 11 8 10 8 7 7 10 10 8 8 4 4 10 8 11 11 5 11 8 4 4 4 4 4 4 5 7 10 7 7 7 7 7 8 11 11 5 4 4 4 5 11 10 8 2 6 7 7 7 7 7 11 10 8 8 7 10 10 8 4 2 4 9 5 4 4 4 4 4 4 11 5 7 10 8 7 7 7 7 10 8 11 11 5 5 11 5 11 11 5 11 5 4 4 4 11 5 2 3 11 4 5 7 10 10 8 8 4 4 11 2 9 10 8 4 5 4 4 10 11 5 5 4 4 10 10 8 7 7 0 6 7 7 7 7 7 8 10 8 11 4 4 5 10 10 8 2 6 7 11 10 8 8 10 8 11 11 5 4 4 4 4 4 5 11 11 5 2 11 3 5 4 11 5 7 7 10 10 8 7 7 7 7 7 8 10 10 8 7 7 7 7 7 7 8 11 2 3 11 11 5 5 11 4 4 5 11 11 4 4 5 4 4 11 5 4 4 5 11 11 5 2 11 5 9 10 8 4 5 10 11 8 7 4 7 4 11 0 6 4 8 5 7 7 7 10 7 7 8 10 10 8 7 8 7 7 7 7 7 7 7 7 7 10 8 1 4 4 4 3 4 11 4 4 4 4 5 11 11 5 2 10 6 7 7 7 7 10 8 8 10 2 9 10 8 8 10 10 8 8 11 10 8 8 11 11 5 4 4 4 5 11 4 11 5 4 4 4 4 4 4 5 11 11 5 5 4 4 4 10 10 8 7 7 7 7 7 7 7 8
ppo_x50_b_fd_l4_same_gamma,68,qv22_70,22,234,True,1718.0,10.596105098724365,8 6 10 5 10 5 10 5 10 8 8 11 7 0 9 5 4 5 10 8 10 10 8 8 10 2 9 10 8 8 10 10 8 8 11 5 11 4 5 4 4 4 11 5 7 0 6 7 0 6 7 10 11 5 5 7 7 7 10 10 8 8 10 10 8 8 11 5 11 11 5 2 3 10 8 4 4 4 4 0 6 4 4 4 4 10 8 11 11 5 2 9 8 10 10 7 8 7 7 10 8 7 7 7 8 11 5 7 10 10 8 8 10 10 8 8 11 5 7 10 10 8 8 10 4 1 3 4 4 5 11 2 3 4 4 4 4 4 4 11 5 1 3 11 5 10 10 7 8 8 10 10 8 10 8 10 8 7 8 10 8 4 4 4 4 11 4 5 10 10 8 8 10 10 7 8 7 7 8 10 10 7 7 7 8 10 8 8 1 4 6 4 4 4 10 8 11 11 5 2 3 4 4 11 4 5 11 2 3 11 4 4 4 5 7 10 11 5 5 4 11 11 5 2 7 9 11 5 4 4 0 5 9 10 8 7 7 7 0 6 7 7 7 7 10 8 8 10 7 8 11 4 4 4 5 4 10 11 5 5 4 10 10 8 7 8 4 11 5 4 11 5 10 7 7 7 7 10 8 0 6 7 7 7 7 5 10 10 8 8 11 4 4 5 10 7 7 10 8 8 4 4 4 4 4 11 10 8 8 10 7 10 8 7 7 7 11 8 11 8 11 8 11 8 11 8 11 8 11 7 5 5 4 4 4 4 4 4 11 11 5 2 9 7 8 10 8 10 8 1 3 4 4 4 4 4 4 4 1 3 4 4 10 11 5 5 4 4 4 10 2 10 10 8 6 0 6 7 7 7 7 7 7 7 7 7 10 8 7 8 11 10 8 8 4 11 11 5 2 9 8 4 4 4 4 10 1 9 5 5 4 4 11 4 4 11 5 2 7 9 11 5 4 4 5 10 5 10 5 10 5 10 5 10 5 10 5 10 0 5 3 10 10 7 8 7 7 7 0 9 5 5 10 10 8 10 8 7 7 8 4 10 11 5 5 4 4 4 4 11 5 10 10 7 5 2 6 7 7 7 7 7 7 10 11 5 5 7 7 10 10 7 7 8 7 7 8 11 4 4 5 11 2 9 11 5 7 7 7 8 4 11 10 8 8 11 5 4 10 8 11 2 9 11 5 4 4 4 4 4 5 11 5 4 4 4 11 4 1 3 4 4 4 5 10 8 10 10 8 10 8 10 8 8 0 6 7 10 11 5 7 8 10 10 7 8 7 10 8 7 7 7 7 7 7 8 11 4 4 5 7 11 5 4 4 4 11 5 10 2 9 7 5 11 11 5 2 9 5 7 7 7 11 10 8 7 5 7 7 10 10 8 8 4 4 4 11 5 10 7 8 11 11 5 4 4 4 4 4 5 4 4 4 4 11 4 8 10 10 8 2 9 8 7 10 7 7 7 7 7 7 8 7 10 11 5 5 4 4 11 4 4 4 4 4 4 4 4 4 5 4 4 4 10 2 6 7 7 10 10 8 8 7 7 7 7 7 10 8 10 8 11 11 5 2 9 5 10 11 5 5 4 11 11 5 4 4 4 5 4 4 10 10 8 7 7 8 7 4 10 11 5 4 2 3 10 10 8 8 7 7 7 7 7 7 0 9 10 8 10 8 8 4 1 9 5 11 11 5 5 4 4 4 4 4 10 4 4 5 10 8 7 10 7 7 4 7 10 4 8 10 4 8 4 4 7 7 7 7 10 8 2 10 9 5 5 10 10 8 7 10 8 7 7 7 8 7 11 10 8 8 11 4 2 3 4 10 10 8 4 2 6 4 11 11 5 5 7 7 7 10 8 11 11 0 6 4 5 4 4 4 4 4 4 4 4 4 4 11 5 4 4 4 4 4 5 7 7 7 10 10 8 8 10 7 0 6 7 7 8 7 10 10 8 7 7 7 7 7 8 1 9 10 8 8 1 3 4 11 5 4 4 4 4 4 11 10 4 5 2 10 9 8 5 10 10 8 8 4 4 11 11 5 4 4 11 5 4 4 5 10 10 8 7 8 11 4 4 11 5 4 4 5 10 8 10 11 5 8 10 10 5 7 7 8 7 10 7 8 7 11 11 5 4 5 11 5 11 11 5 5 7 7 7 7 10 10 8 4 5 4 11 2 9 11 5 4 4 5 7 10 10 8 7 8 10 8 7 0 6 7 7 7 7 7 7 10 10 8 2 6 10 10 8 8 10 8 11 4 4 4 4 4 4 5 4 10 4 4 4 4 5 4 10 10 8 8 7 10 7 10 8 8 10 10 8 8 4 11 4 5 7 10 0 6 7 7 7 8 10 10 8 2 9 8 4 11 5 1 3 11 5 4 11 11 5 4 4 4 4 4 4 4 4 4 4 4 4 5 0 6 11 5 10 10 8 8 7 7 10 8 7 7 7 7 10 7 7 7 11 5 2 6 7 10 8 7 7 7 7 1 3 4 4 4 4 4 11 4 4 10 8 4 2 6 4 4 4 4 4 4 10 11 5 2 3 4 11 11 5 2 6 7 0 6 7 10 8 7 10 10 8 10 8 7 8 7 7 10 8 11 4 10 8 1 3 5 11 4 11 5 4 4 4 4 4 4 4 11 5 4 10 5 0 5 10 10 8 8 6 10 8 7 10 7 0 6 8 10 10 8 7 7 7 7 7 7 7 8 11 4 11 5 2 4 3 10 10 7 7 8 7 10 8 2 3 4 11 1 3 4 5 4 4 4 4 1 3 4 1 3 1 3 4 11 5 7 11 11 5 5 10 8 10 10 8 8 10 8 7 7 7 10 7 7 8 11 4 10 8 2 3 4 4 11 4 5 4 4 10 11 5 5 4 4 4 11 11 5 0 10 5 5 9 10 0 6 8 10 8 0 8 6 7 0 6 7 7 10 10 8 8 10 10 8 4 4 1 3 4 5 0 6 0 6 11 10 8 8 10 10 8 7 7 7 10 8 8 7 10 10 8 8 11 2 9 11 5 2 9 11 5 5 11 5 4 4 11 11 5 2 3 4 4 4 4 4 4 4 4 11 5 0 6 10 7 8 7 7 7 7 7 10 10 8 8 10 11 5 5 11 5 7 7 7 7 7 7 7 10 11 5 5 11 4 5 4 4 4 4 4 11 4 4 4 4 4 4 4 4 5 10 7 7 8 10 10 8 10 7 8 7 10 8 8 4 11 5 4 4 4 4 4 10 11 5 5 10 10 8 10 8 7 7 10 8 10 4 8 10 0 4 6 8 7 0 6 7 7 7 7 10 8 7 7 7 7 8 11 2 3 4 4 1 4 3 4 11 4 4 5 10 7 7 10 8 2 9 8 7 10 10 8 7 7 8 4 4 4 4 11 5 11 4 4 4 4 4 4 5 10 10 8 10 8 2 9 4 5 4 11 4 5 10 10 8 7 7 7 8 7 7 10 10 8 8 4 11 4 10 8 8 11 11 5 4 4 4 5 10 10 8 7 7 7 7 7 8 10 1 9 5 7 7 7 8 11 4 11 5 5 4 4 4 11 4 4 4 5 10 7 5 4 4 4 4 4 11 11 5 2 3 11 4 5 10 10 8 0 6 7 8 10 8 7 7 7 7 7 10 10 8 2 9 10 8 8 11 4 5 4 4 4 11 11 5 2 3 4 4 4 4 11 4 5 10 10 8 2 10 10 7 6 7 7 7 7 7 7 7 7 7 7 7 8 8 10 2 10 7 7 8 11 11 5 5 4 11 3 4 4 5 10 8 11 11 5 4 5 10 10 8 2 4 4 4 4 4 4 9 5 11 4 11 5 2 10 7 7 7 10 8 7 7 7 7 7 7 7 10 8 8 11 5 10 10 8 8
ppo_x50_b_fd_l4_same_gamma,69,qv22_71,22,233,True,1695.0,10.627191066741943,8 8 9 10 8 8 4 10 10 4 5 2 6 10 8 10 8 7 10 11 5 5 4 10 4 0 5 9 5 10 10 8 8 7 10 10 8 8 10 10 8 8 11 5 11 5 4 4 0 11 5 9 10 8 8 0 6 7 7 10 10 8 8 10 10 8 8 10 10 8 8 11 5 10 7 10 8 8 10 10 8 8 1 3 10 11 5 5 4 4 4 11 11 5 2 3 4 11 5 4 10 10 8 7 7 7 8 4 4 4 1 3 10 11 5 5 11 5 7 7 11 10 8 8 7 7 7 7 10 7 8 7 7 10 10 8 8 4 4 11 1 3 4 5 11 4 4 4 4 5 10 10 8 2 7 10 6 7 8 11 11 5 2 3 4 10 7 11 5 2 3 4 11 4 4 11 5 2 6 11 4 11 4 4 5 2 3 4 10 10 8 7 7 7 7 7 7 8 10 4 4 4 5 4 10 8 7 7 7 10 10 8 8 4 4 11 4 5 10 8 10 10 8 8 4 4 4 4 10 11 5 5 4 10 8 7 7 7 7 7 7 7 7 7 10 10 8 7 8 11 4 2 6 4 4 10 4 5 7 10 10 8 7 8 7 11 2 3 4 11 5 11 4 11 5 4 5 4 4 11 4 1 4 3 4 4 5 1 9 8 7 4 7 4 10 10 8 4 5 4 4 4 10 10 8 7 0 6 7 7 7 10 8 7 8 11 5 4 10 10 8 7 7 7 8 4 4 11 5 7 10 10 8 7 7 5 10 10 7 7 8 2 4 3 4 4 4 4 4 4 4 11 4 5 10 10 8 4 4 5 10 8 4 7 4 4 11 11 5 2 7 7 6 7 7 7 7 7 10 7 8 11 11 5 5 7 10 8 10 10 7 7 7 5 2 7 6 10 10 8 8 4 4 4 4 11 5 7 10 8 11 11 5 2 6 10 7 8 4 4 1 3 4 1 3 4 4 11 11 5 11 5 5 7 11 11 5 4 4 4 4 5 7 7 0 6 7 7 7 7 7 10 7 7 8 4 4 4 4 4 4 4 11 5 11 4 5 11 5 10 10 8 8 10 10 8 10 8 8 7 7 10 10 8 8 11 2 9 10 8 7 5 4 10 8 4 4 4 4 4 4 4 10 11 5 5 4 4 4 10 10 8 7 7 7 7 8 10 8 7 7 7 7 11 4 5 4 10 10 8 7 10 8 8 11 4 2 3 4 11 5 4 4 4 10 10 8 8 7 10 8 4 11 4 5 10 4 4 4 11 4 4 4 5 5 10 5 10 5 10 5 0 9 11 5 2 7 6 7 7 7 7 7 7 10 8 7 10 10 8 7 10 8 7 7 8 11 0 3 0 3 0 3 4 10 8 7 7 8 4 11 4 5 11 4 10 8 7 7 7 7 8 4 10 8 11 2 3 4 7 4 7 11 5 4 4 4 4 11 11 5 4 4 4 4 4 4 5 10 8 11 4 5 4 11 11 5 2 3 7 7 7 7 7 7 10 10 8 10 8 8 10 7 8 11 11 5 4 4 5 10 7 8 11 11 5 7 7 7 7 8 11 2 4 3 4 4 4 4 11 4 5 4 4 11 11 5 2 10 10 7 6 8 0 6 7 7 11 5 5 10 7 7 7 8 10 10 7 7 8 7 7 8 4 4 10 10 8 7 7 7 7 8 4 4 4 10 8 10 7 8 4 11 4 7 5 11 7 11 8 5 11 7 11 8 4 8 11 7 4 8 11 7 8 4 10 11 7 8 5 1 3 4 4 4 4 4 4 4 4 4 11 5 10 8 7 7 7 0 7 10 9 5 5 11 11 5 4 4 4 5 4 10 8 7 7 7 7 7 7 7 7 7 11 10 8 8 10 8 11 1 3 4 4 4 5 4 10 10 8 7 7 8 11 11 5 2 9 5 11 10 8 2 3 11 4 4 4 11 8 4 7 4 7 5 4 4 11 11 5 2 11 5 9 10 8 8 7 7 7 7 10 10 7 7 7 8 4 2 6 1 6 1 9 11 5 4 4 4 4 4 4 4 4 5 7 7 11 11 5 4 4 4 4 5 4 10 10 8 8 0 6 7 7 10 7 7 7 7 10 8 8 10 7 11 5 4 4 4 4 5 10 8 7 10 7 7 8 10 10 7 7 8 2 9 8 11 11 4 5 4 4 4 5 4 4 4 4 4 11 11 5 4 2 3 4 10 10 8 7 7 7 0 6 7 8 10 7 7 7 7 8 0 6 7 7 10 7 10 8 8 4 11 4 10 8 8 4 4 4 4 4 4 4 4 11 5 10 10 8 4 4 4 5 11 7 7 7 8 4 10 11 5 5 7 10 7 7 7 7 7 7 7 8 7 11 11 5 4 4 5 4 4 11 4 5 4 4 4 4 4 4 4 10 8 0 6 10 11 5 0 6 10 8 8 10 7 7 7 7 11 5 2 4 3 11 5 10 7 11 5 4 4 4 4 5 11 2 9 11 5 5 11 11 5 5 7 7 7 10 8 10 2 3 10 10 8 10 8 7 7 7 7 7 8 11 4 4 4 1 3 4 5 11 2 3 4 4 11 5 4 4 10 0 9 5 5 10 10 8 0 6 8 10 10 8 7 8 7 7 7 7 10 10 7 8 8 7 11 10 8 8 1 3 4 4 4 4 11 4 10 8 8 11 4 4 10 8 7 0 6 7 7 10 8 8 4 10 10 8 7 8 4 4 4 4 4 10 8 4 11 4 4 4 4 4 4 4 5 4 10 10 8 7 8 4 4 11 11 5 5 10 10 8 4 7 4 4 5 10 8 7 7 7 7 10 10 8 7 7 7 8 10 7 7 10 8 8 7 7 7 10 8 11 11 5 5 10 8 4 11 11 5 7 7 7 8 10 8 4 4 4 4 11 10 2 8 6 11 11 4 5 5 11 4 5 11 11 5 5 7 7 7 7 10 8 4 4 4 4 4 4 4 4 11 4 4 4 5 10 2 10 10 8 6 7 8 7 10 10 8 7 7 7 8 7 11 4 10 8 2 9 4 7 4 7 4 5 10 10 8 4 4 4 5 10 8 7 10 8 10 10 8 8 4 4 10 11 5 2 9 11 5 4 4 10 8 7 7 7 7 7 8 4 4 4 11 4 8 10 10 8 2 9 5 10 10 8 7 7 7 7 8 1 3 4 4 4 4 4 4 1 3 11 4 11 5 4 2 3 7 7 10 7 7 10 8 2 6 7 7 10 8 10 0 9 7 8 7 8 4 4 4 4 4 4 4 1 4 3 4 4 4 4 11 4 8 4 4 11 11 5 2 3 7 10 7 8 7 10 10 8 8 10 4 4 5 10 10 8 7 10 8 2 3 11 4 4 4 5 10 8 10 7 10 8 10 8 8 4 4 10 7 7 8 1 4 4 9 11 5 5 11 5 4 11 4 11 5 5 11 11 5 2 7 7 7 9 8 7 7 7 7 7 10 10 8 7 7 0 6 7 7 8 4 7 11 10 8 8 11 11 5 4 1 3 11 5 5 11 4 5 4 4 4 10 11 5 5 10 10 7 8 7 7 7 7 7 7 7 7 7 8 7 11 11 5 4 4 4 4 4 4 5 7 10 7 8 11 4 5 4 4 4 4 10 8 11 11 5 4 4 5 11 2 6 7 7 7 7 10 10 7 8 7 8 11 2 9 10 8 7 7 7 8 7 10 8 7 11 11 5 4 1 4 4 4 4 4 5 10 9 5 5 7 10 10 8 8 10 10 7 7 7 7 7 8 2 4 4 3 11 11 5 1 3 4 4 4 4 4 4 4 4 4 4 4 4 4 4 5 10 10 8 2
ppo_x50_b_fd_l4_same_gamma,70,qv22_72,22,234,True,1755.0,10.621243715286255,8 6 7 4 7 4 7 4 7 4 7 4 7 4 7 4 7 4 7 4 7 4 7 4 7 4 7 4 7 4 7 4 7 4 7 4 2 10 6 10 8 7 4 2 9 5 10 10 8 8 0 9 5 10 10 8 8 10 10 8 8 10 4 5 4 11 5 7 10 8 0 6 10 10 8 8 10 10 8 8 10 10 8 8 10 10 8 8 11 5 10 7 10 8 8 10 10 8 8 11 5 1 11 6 11 5 4 1 3 4 5 11 11 5 4 4 5 10 10 8 4 4 4 5 4 11 4 4 4 5 7 4 4 11 11 5 2 7 7 9 8 7 11 0 9 5 5 7 10 10 8 7 0 6 8 7 7 7 7 7 10 7 8 1 9 11 5 11 5 5 4 10 10 8 8 7 10 7 8 10 7 11 5 7 8 11 5 11 11 5 4 11 5 4 5 4 4 10 10 8 8 11 4 5 4 4 4 4 11 5 4 4 4 11 11 5 2 10 5 7 6 10 8 7 7 7 11 11 5 5 4 4 11 5 10 8 10 10 8 7 7 10 4 8 10 8 7 0 8 7 6 7 7 7 10 8 11 11 5 5 7 10 8 10 7 10 7 8 7 10 8 8 4 4 4 4 4 10 2 9 4 10 8 8 4 1 9 8 4 4 11 4 4 11 5 4 4 2 3 4 11 10 8 2 9 11 5 5 4 4 4 10 11 5 5 10 0 6 10 8 7 0 6 7 7 7 7 7 7 7 8 10 7 8 10 10 8 10 7 8 2 6 10 8 11 8 11 7 11 5 2 9 5 1 3 4 4 4 4 4 4 4 4 11 4 4 4 5 4 11 11 5 2 7 3 10 11 5 2 6 10 10 8 10 8 10 8 7 8 10 10 8 8 11 4 5 11 10 8 2 3 4 10 10 8 7 7 0 6 8 4 1 4 3 4 4 4 4 10 4 1 3 4 4 5 7 10 11 5 4 5 10 10 8 0 8 6 10 10 4 8 10 8 10 8 7 8 4 4 11 5 4 4 10 11 5 5 7 10 10 7 8 7 7 7 7 7 7 0 6 8 10 7 10 7 7 7 8 2 6 10 8 11 5 4 4 11 4 4 5 4 4 10 10 8 8 10 10 7 8 8 4 4 11 2 10 6 7 7 8 11 5 11 4 4 5 4 11 11 5 11 5 2 6 7 7 7 7 11 5 4 4 4 1 4 6 4 4 10 11 5 2 9 8 10 10 8 7 8 11 5 7 7 7 7 7 0 6 11 10 8 2 6 7 7 11 11 5 4 4 4 5 4 4 4 4 10 8 7 11 4 4 4 4 4 4 4 5 10 8 7 7 7 7 7 10 7 7 8 11 11 4 8 7 7 7 8 7 7 7 10 8 7 11 11 5 4 4 4 4 5 4 4 4 11 11 5 5 4 4 4 4 11 4 5 10 10 8 7 7 10 8 7 7 8 11 4 4 4 5 11 10 8 7 8 7 10 10 8 8 4 4 10 8 7 10 7 7 7 7 8 11 10 8 2 3 11 11 5 4 4 11 5 4 8 4 11 11 4 4 4 5 11 5 2 3 4 4 4 10 10 8 8 7 7 11 5 10 10 8 7 7 8 4 10 10 8 4 5 4 4 4 11 5 10 10 8 10 8 10 8 7 8 7 7 10 8 10 7 8 11 4 4 4 4 5 4 10 10 8 7 0 6 7 7 7 7 7 7 8 7 11 10 8 8 11 11 5 4 5 11 11 5 2 6 0 6 10 11 5 5 4 4 4 7 11 11 5 5 11 5 4 4 4 11 5 11 0 6 8 7 7 7 7 7 10 7 7 8 10 10 8 7 7 8 10 5 10 8 11 5 4 11 11 5 2 3 4 4 4 10 10 8 2 3 7 10 10 8 8 11 4 4 4 4 11 5 4 5 4 4 4 11 11 5 4 8 4 11 4 5 7 7 0 9 10 8 8 10 4 4 11 5 4 5 7 7 10 11 5 5 7 10 8 7 7 7 7 7 7 7 11 5 10 10 8 7 7 5 7 4 7 10 7 10 4 7 8 8 1 6 1 10 9 8 8 4 4 4 4 4 11 4 4 4 4 4 4 5 11 11 5 4 4 4 4 5 0 6 10 7 7 8 11 4 4 4 5 10 7 10 8 7 7 7 7 7 7 7 7 7 10 8 2 3 4 4 4 11 5 11 5 7 10 7 10 8 7 7 7 7 7 7 7 8 11 4 10 8 8 10 8 4 4 4 4 4 4 11 10 8 2 9 11 5 4 4 4 4 4 4 10 8 2 3 4 4 11 4 4 11 5 2 3 7 10 10 8 8 7 7 7 7 10 10 8 2 6 7 7 7 7 7 7 11 5 11 11 5 4 5 1 9 8 11 11 5 4 4 4 4 4 4 4 4 4 5 11 11 5 0 5 6 10 8 0 6 7 10 10 8 7 8 0 3 4 11 4 4 5 7 10 7 8 7 0 6 10 10 8 7 7 7 7 8 11 2 4 4 3 11 4 4 4 5 7 7 10 10 8 10 8 8 11 4 4 5 10 10 7 8 7 7 7 7 7 7 7 8 4 4 4 4 4 11 10 8 8 4 10 7 7 10 7 8 8 11 5 4 11 5 10 10 8 2 9 5 11 4 11 5 4 4 4 4 4 4 4 4 5 4 10 1 9 5 4 4 5 11 11 5 0 5 6 10 8 10 8 10 8 10 10 8 7 8 11 5 10 10 8 10 8 2 9 7 11 5 4 4 5 10 4 4 4 5 7 7 7 0 6 10 10 8 7 7 8 10 0 9 8 7 7 7 7 8 10 2 6 10 10 8 8 4 4 4 11 11 5 2 3 11 11 5 5 7 10 7 8 4 11 5 4 11 5 11 11 5 4 5 1 3 7 7 7 7 10 10 8 8 1 3 4 4 4 4 4 4 11 5 10 11 5 5 4 4 4 4 10 10 8 0 6 7 7 7 7 10 8 8 10 8 4 4 1 9 11 5 4 5 11 4 11 5 2 10 9 5 5 10 10 8 0 6 10 8 7 8 10 10 8 0 6 7 7 7 7 7 7 8 7 11 11 5 2 10 9 8 5 4 4 4 4 11 5 11 11 5 2 6 11 4 4 4 5 4 11 11 5 10 5 0 5 3 0 3 0 3 11 8 7 4 11 8 11 8 10 8 10 8 4 4 4 11 5 10 11 5 7 8 10 2 3 10 8 10 8 0 6 10 10 8 8 7 10 7 10 8 7 8 10 11 5 5 4 4 10 10 8 7 7 7 7 7 8 4 4 4 4 11 5 11 2 4 3 4 4 4 11 4 4 4 4 5 10 10 8 8 10 10 8 2 10 6 7 8 11 11 5 2 3 4 4 10 11 5 5 7 10 7 0 6 8 10 10 7 7 7 7 7 0 6 7 7 8 7 10 8 8 4 4 10 2 9 10 8 7 8 4 10 11 5 5 11 11 5 5 10 7 7 8 4 11 4 10 5 10 5 4 4 4 4 4 11 5 2 9 8 4 10 10 8 7 7 7 7 8 10 10 8 2 9 11 5 4 4 4 4 4 4 4 4 4 4 4 5 11 2 3 4 10 10 8 7 8 10 8 7 7 10 8 4 4 11 4 4 4 4 5 7 10 10 8 0 6 7 7 7 7 7 7 7 7 7 7 8 7 7 10 10 8 8 4 4 4 4 4 4 11 10 8 8 7 7 11 5 10 10 8 8 11 2 6 11 10 8 8 11 11 5 11 5 11 4 5 11 5 4 5 10 7 8 4 4 4 11 11 5 2 3 11 5 0 10 10 6 7 7 8 8 11 5 10 10 8 8 7 7 10 8 10 10 7 7 8 2 4 4 4 11 11 4 3 5 11 5 4 4 5 4 4 4 4 10 8 11 11 5 4 4 4 4 4 5 10 2 9 4 10 8 8 10 10 0 7 7 8 7 7 7 7 7 7 7 7 8
ppo_x50_b_fd_l4_same_gamma,71,qv22_73,22,236,True,1771.0,10.675651788711548,8 8 10 9 8 8 10 10 8 8 10 10 8 8 10 11 5 2 9 10 8 10 8 8 11 5 10 10 5 10 8 10 8 8 10 10 8 8 11 5 4 4 4 11 5 4 10 4 11 5 4 5 11 11 5 5 7 7 7 7 7 10 8 10 8 10 10 8 10 7 7 7 8 8 4 4 10 8 10 7 10 8 8 10 10 8 8 10 10 8 8 11 4 1 3 4 4 4 11 5 4 2 3 4 10 4 5 4 4 4 4 4 4 4 10 10 8 4 2 9 8 0 6 7 10 8 7 7 7 10 7 7 7 7 7 8 4 11 4 4 4 4 4 5 10 10 8 8 10 10 8 7 8 4 4 4 11 4 4 4 4 5 11 11 4 4 5 4 5 0 6 10 8 10 10 8 7 8 10 10 8 4 4 4 4 5 1 9 11 5 2 9 8 7 7 7 10 11 5 5 10 4 4 8 4 7 7 0 10 8 6 7 11 5 10 10 8 7 7 8 10 10 8 7 7 8 11 4 10 8 8 11 2 9 11 5 4 4 4 4 4 4 4 5 11 4 5 4 10 8 7 7 10 8 4 10 10 8 7 0 6 7 7 7 7 7 7 7 10 8 7 5 10 10 7 8 8 11 5 4 4 4 11 5 10 10 8 2 9 5 11 5 4 11 5 10 10 8 2 6 7 10 10 8 7 7 8 11 5 4 4 4 4 0 3 11 10 8 2 9 8 4 4 10 8 1 6 7 4 4 4 4 4 11 11 5 2 6 7 10 7 10 8 7 7 7 7 7 8 4 4 11 4 5 4 4 4 4 4 4 4 4 4 11 4 5 4 7 4 7 4 10 8 7 7 7 7 7 7 7 7 10 8 11 4 5 10 4 4 8 4 7 4 4 4 11 11 5 5 4 4 4 4 10 11 5 2 6 10 10 8 0 6 7 7 7 7 7 7 7 7 7 7 7 7 7 7 7 7 8 4 11 5 11 5 10 10 8 2 6 4 4 11 11 5 4 4 4 5 11 4 11 5 2 11 3 5 11 4 4 5 11 11 5 2 7 6 7 7 0 6 10 10 8 8 7 7 7 7 7 7 7 10 8 11 11 5 5 11 11 5 4 2 9 11 5 5 7 7 11 10 8 8 7 7 10 8 7 7 11 11 5 5 4 4 4 4 4 11 4 5 10 7 7 8 11 2 6 7 11 11 5 11 5 4 4 4 5 11 2 9 11 5 7 7 7 8 4 4 4 4 11 4 4 5 0 6 7 10 10 8 8 11 4 4 8 7 7 7 10 10 8 7 7 7 11 5 2 9 11 5 5 4 10 11 5 4 4 11 5 8 11 11 5 11 5 4 5 7 10 10 8 4 2 6 7 7 10 10 8 2 9 8 7 7 11 5 10 10 8 8 7 7 7 7 7 7 7 4 7 4 7 4 10 8 11 11 5 4 4 4 5 4 11 4 10 8 7 7 8 4 4 4 4 4 4 10 8 4 4 4 4 4 4 11 11 5 4 5 0 6 7 11 5 10 8 7 0 6 7 10 11 5 5 7 7 7 7 7 10 8 10 10 7 8 7 10 8 8 10 10 8 4 4 2 10 9 5 5 11 10 7 5 5 11 5 4 4 4 4 1 3 4 11 4 4 4 5 4 11 5 10 10 8 2 9 4 4 5 7 7 10 10 8 7 8 10 8 10 10 8 8 10 11 8 10 8 2 9 5 4 4 4 4 11 11 5 4 4 4 2 10 9 5 5 0 6 10 8 7 7 7 0 6 10 10 8 7 7 7 7 7 7 7 7 7 7 7 8 11 4 10 8 2 3 1 3 11 11 5 4 4 11 5 2 6 4 11 4 4 11 4 5 2 6 7 7 4 7 7 7 7 7 11 11 5 2 6 4 4 11 11 5 4 4 4 4 4 4 5 4 4 11 11 5 2 6 7 1 10 9 5 5 11 10 8 8 7 10 8 7 0 6 7 7 7 7 7 7 7 7 7 7 7 7 11 10 8 8 4 4 4 1 9 8 4 4 4 4 4 11 4 4 4 4 4 4 4 4 5 7 10 10 8 2 9 8 10 11 5 5 4 4 10 10 8 7 7 10 8 7 7 0 6 7 7 7 7 7 7 8 7 10 8 11 11 7 7 7 8 4 2 4 3 4 4 4 11 5 4 11 4 4 11 5 4 2 6 10 10 8 10 8 8 11 10 7 7 8 7 7 7 8 11 11 5 5 4 7 4 7 4 7 10 7 7 8 11 4 5 11 4 4 4 4 5 11 11 5 4 4 4 4 5 10 7 10 8 7 7 7 7 7 7 8 11 2 3 4 4 4 11 4 10 8 8 1 3 4 4 11 4 4 4 4 5 10 8 10 10 8 2 6 10 10 8 0 6 7 7 7 7 7 7 7 7 8 11 4 4 10 8 7 7 8 11 10 8 8 11 1 9 8 8 11 11 5 4 5 1 3 4 4 4 4 11 5 4 11 11 5 2 9 4 5 10 10 8 2 3 10 10 7 8 10 8 7 7 7 7 8 11 5 11 2 7 6 7 10 10 8 7 7 8 4 4 4 4 11 1 3 4 5 11 11 5 5 4 4 4 4 4 4 11 5 10 7 11 5 5 11 4 4 5 10 2 9 8 7 7 11 4 5 7 7 11 11 5 5 7 7 7 7 7 10 7 8 11 11 5 5 4 4 4 4 10 11 5 5 4 10 10 8 7 7 7 7 7 7 7 8 7 10 7 7 8 10 7 7 8 11 11 5 5 10 11 5 2 9 11 5 2 6 10 10 8 7 7 7 7 8 11 11 5 1 3 4 4 4 4 4 4 4 4 4 4 5 4 7 4 7 4 7 4 7 4 7 11 4 4 11 5 2 3 11 5 7 10 10 8 10 8 7 7 7 7 8 10 7 7 8 11 11 5 5 11 10 8 8 10 10 8 7 7 7 7 7 8 1 4 11 3 4 4 5 4 11 4 4 4 4 11 5 5 4 11 2 9 11 5 7 10 5 0 6 7 7 7 7 8 10 10 8 7 7 7 7 8 11 11 2 3 5 10 8 11 11 5 4 4 11 5 4 4 4 4 4 4 4 4 4 4 5 10 7 7 8 10 8 10 10 8 10 8 7 7 8 11 5 7 10 10 8 2 9 4 5 7 7 7 11 10 8 8 4 11 2 9 11 5 7 8 11 4 4 10 8 4 5 11 4 4 5 10 7 7 7 7 8 7 7 10 10 8 2 6 7 7 10 10 8 8 1 3 4 1 3 4 4 4 4 4 4 4 11 11 5 2 9 8 10 10 8 2 3 11 4 11 5 4 4 4 5 4 4 0 6 10 7 8 7 10 7 7 10 8 8 10 10 8 2 6 10 11 5 5 4 4 11 11 5 4 4 4 5 10 8 4 10 11 5 2 6 7 11 11 5 5 7 7 7 7 10 10 8 2 3 4 4 11 4 4 5 11 11 5 5 7 7 7 10 10 8 8 7 10 10 8 7 7 7 10 8 7 8 11 5 11 5 4 10 10 8 7 7 7 7 8 4 4 4 4 4 4 4 4 4 11 4 4 5 10 7 2 9 5 7 10 10 8 4 5 7 7 10 7 7 7 7 7 7 7 8 4 4 11 11 5 2 6 7 7 7 7 7 11 11 5 5 1 3 4 4 4 11 5 4 4 4 10 11 5 5 11 0 9 5 4 4 4 4 5 10 10 8 7 7 0 6 7 8 10 7 7 7 7 7 7 8 11 4 4 4 4 4 4 4 4 4 4 5 11 2 9 11 5 8 10 0 6 7 7 7 8 10 10 7 8 10 8 8 7 10 10 7 7 8 2 7 6 10 7 11 5 4 4 1 3 4 4 4 4 5 10 2 11 9 5 5 10 0 7 7 8 3 4 11 11 5 4 4 4 4 4 4 4 4 5 4 11 11 5 2 10 10 7 7 8 7 7 6 7 7 7 7 7 0 6 7 7 7 8 11 11 5 5 4 11 11 5 5
ppo_x50_b_fd_l4_same_gamma,72,qv22_74,22,228,True,1723.0,10.41671371459961,8 6 10 4 8 10 4 8 10 4 8 10 4 8 10 4 8 10 4 8 10 4 8 10 4 8 10 4 8 10 4 8 10 4 8 10 4 8 10 4 8 10 4 8 10 8 8 7 4 1 3 10 10 8 2 9 4 5 10 10 8 10 8 8 10 4 5 10 10 8 10 8 8 10 10 8 8 10 4 5 7 10 10 8 8 10 10 8 8 10 10 8 8 4 10 8 10 10 8 8 10 10 8 8 4 10 8 11 4 10 7 5 2 9 8 4 7 11 11 5 5 11 5 4 11 11 5 4 4 4 4 4 4 5 7 7 7 7 7 11 11 5 4 4 4 5 4 4 10 2 9 11 5 5 10 8 10 10 8 8 7 7 11 5 4 10 4 5 4 10 4 4 4 5 10 10 8 7 7 7 10 8 10 8 7 7 7 10 8 7 8 4 4 4 4 4 4 11 5 10 10 8 2 3 11 4 10 8 8 10 10 8 10 8 7 7 7 7 7 7 8 4 11 11 5 4 5 4 4 4 4 11 4 4 5 4 11 2 3 10 7 10 7 7 8 10 0 6 7 7 8 10 8 7 8 7 10 7 7 7 10 8 8 4 4 4 4 4 4 4 10 8 11 10 8 8 4 4 4 4 11 4 4 8 11 4 1 3 4 4 5 4 4 11 11 5 2 10 8 10 10 6 8 7 7 7 10 8 7 7 7 8 11 4 4 4 5 7 11 5 10 10 8 7 8 10 10 7 8 10 8 8 10 7 7 8 7 10 7 8 11 11 5 11 5 5 7 11 10 8 8 1 3 4 4 4 4 4 4 4 4 4 1 3 4 4 4 11 5 10 10 8 8 11 5 4 11 4 5 10 10 8 8 10 10 8 0 6 10 8 7 10 8 8 7 10 7 10 7 8 7 7 7 8 11 4 4 4 5 10 7 7 7 7 8 4 11 4 11 5 5 10 7 8 7 10 7 8 11 11 5 5 10 8 11 4 4 4 5 4 4 4 4 1 3 11 5 11 4 4 5 10 10 8 0 10 8 9 8 8 7 10 8 4 10 10 8 7 7 7 7 7 7 8 10 8 11 11 5 2 11 3 4 4 4 4 4 4 4 4 4 1 3 4 5 4 4 4 10 11 5 5 4 10 10 8 7 7 7 7 7 8 7 7 7 10 8 4 11 4 4 4 2 3 4 10 11 5 5 4 4 11 5 7 10 10 8 7 7 7 7 10 8 7 5 10 4 4 4 5 10 10 7 8 8 10 10 8 2 4 3 4 4 4 4 10 11 5 5 0 9 5 10 10 7 7 7 8 2 10 10 7 7 7 6 8 8 4 11 10 8 7 8 4 10 10 8 8 7 11 4 10 2 8 9 10 8 7 8 11 11 5 4 4 5 4 1 9 11 5 4 5 10 0 7 8 7 6 10 7 7 8 4 10 10 5 10 5 10 5 11 7 5 1 9 8 7 8 11 11 5 11 5 4 4 5 11 10 8 8 11 5 4 1 4 3 10 11 5 5 7 10 10 8 7 4 7 10 7 7 8 2 9 8 11 5 4 11 5 4 4 4 4 4 4 11 4 10 8 2 6 10 7 7 7 7 7 8 10 7 7 8 11 11 5 4 4 4 4 4 4 4 4 11 5 11 5 2 3 7 11 4 4 4 4 4 5 10 8 7 7 7 11 5 4 10 10 8 7 8 10 10 8 8 10 2 9 10 8 8 4 4 10 10 8 7 7 8 1 3 4 4 11 4 4 5 4 11 5 4 4 11 11 5 2 6 11 10 8 8 10 11 5 2 6 10 10 8 0 6 7 7 7 10 8 8 4 4 4 10 10 8 0 9 8 7 7 7 7 7 7 5 10 10 7 8 2 6 7 7 11 5 1 4 3 4 11 4 5 11 4 11 5 4 11 5 2 9 7 8 11 11 5 2 6 7 10 8 11 11 5 5 4 4 11 11 5 5 11 11 5 2 6 10 8 0 6 7 10 10 8 7 7 7 7 7 7 7 8 11 1 9 5 4 4 5 7 11 10 8 8 4 4 4 11 5 4 4 4 4 4 4 4 11 11 5 2 9 4 10 8 0 9 8 7 10 8 7 7 7 7 7 7 8 10 10 8 4 4 4 4 5 7 10 7 8 7 7 10 7 7 7 7 7 10 8 8 4 4 4 4 4 4 4 11 10 8 2 6 10 8 4 11 4 4 4 4 4 4 4 5 4 4 10 10 8 7 0 6 7 7 7 8 7 10 10 8 4 4 4 5 7 10 7 7 7 7 7 7 7 8 11 5 4 4 10 8 11 11 5 5 4 4 4 4 4 4 4 10 8 10 8 10 7 0 6 0 6 8 11 11 5 4 5 11 7 7 7 7 8 4 4 11 11 5 5 1 3 4 11 5 4 4 4 10 11 5 4 4 5 7 11 8 7 4 7 7 10 10 8 8 7 7 11 11 5 7 8 11 11 5 7 11 5 4 4 4 4 4 5 0 10 9 5 5 10 10 8 7 7 7 8 10 7 0 6 8 7 7 7 7 7 7 0 6 7 7 11 11 5 5 4 4 4 4 4 11 10 4 8 10 8 8 11 4 11 5 4 4 4 8 4 11 11 5 7 8 11 11 5 4 11 5 2 7 6 7 7 10 8 4 4 10 8 10 10 8 7 7 8 11 11 5 2 9 8 7 7 10 10 8 7 7 7 7 8 11 11 5 5 4 4 4 4 4 4 10 11 5 5 10 7 8 7 7 11 10 8 8 10 10 8 7 7 7 10 8 8 4 10 8 11 11 5 4 4 5 11 7 8 4 4 4 4 4 11 11 5 4 4 4 4 4 4 4 4 4 5 7 7 7 10 11 5 5 11 4 5 10 7 8 10 4 8 10 4 8 7 0 6 7 7 7 7 10 7 7 10 8 2 11 4 5 9 10 8 7 7 7 7 7 8 11 11 5 2 6 11 11 5 4 11 5 4 4 11 4 5 5 11 4 5 4 4 4 4 4 10 11 5 2 10 10 7 8 9 8 0 6 7 8 11 4 5 10 10 8 7 8 10 10 7 8 2 6 7 10 0 6 7 7 7 7 7 8 4 4 4 1 3 4 4 11 11 5 4 4 5 10 11 5 4 4 2 3 11 4 5 4 11 5 7 7 10 10 8 8 10 10 8 7 7 10 8 7 8 11 5 4 4 10 10 8 7 7 7 8 11 10 8 8 10 7 8 4 10 4 10 5 4 4 4 8 4 4 4 4 11 4 4 4 5 4 4 10 10 8 7 0 6 7 10 8 8 7 7 7 7 10 8 4 4 4 11 5 10 10 8 2 6 10 7 7 7 8 10 10 8 7 7 8 10 8 11 11 5 2 3 4 4 4 11 4 11 5 2 6 11 4 11 4 5 4 11 5 5 4 10 4 4 11 4 4 4 5 2 6 7 0 6 7 10 8 7 7 7 11 11 5 2 6 10 10 8 7 7 7 7 10 8 8 11 4 4 4 4 4 4 8 4 4 4 4 11 5 10 8 10 10 8 7 7 7 7 8 4 1 3 4 4 4 4 11 5 10 10 8 4 4 5 7 10 10 7 7 7 7 7 8 0 6 7 10 8 0 6 7 7 7 7 7 8 1 9 5 4 4 11 4 4 4 4 4 1 3 4 5 10 2 10 10 8 6 7 7 7 7 8 10 11 5 5 10 7 10 8 7 7 10 8 8 4 4 4 4 4 4 11 4 5 0 9 10 8 8 10 10 2 8 4 4 4 9 11 5 5 7 7 7 7 11 10 8 8 4 11 5 7 10 10 8 7 7 7 8 4 4 4 11 4 4 4 5 4 10 10 8 8 7 7 10 10 8 8 4 4 4 4 4 4 4 4 4 11 11 5 4 4 4 4 4 4 5
ppo_x50_b_fd_l4_same_gamma,73,qv22_75,22,232,True,1756.0,10.531748294830322,8 8 9 10 8 8 10 10 8 8 11 5 4 11 5 10 10 8 7 7 10 8 8 10 10 8 8 11 5 4 11 5 4 10 8 7 7 10 10 7 8 8 10 10 8 7 5 11 5 1 6 7 10 10 8 8 10 10 8 7 5 10 4 5 7 10 10 8 8 4 4 4 4 4 4 11 5 10 7 11 5 4 5 10 11 8 7 10 5 10 5 10 5 10 5 7 11 5 7 0 6 7 7 7 8 11 10 7 8 10 8 8 1 4 4 3 4 1 3 4 4 4 4 1 3 4 4 11 4 4 11 5 2 9 10 8 8 10 10 8 8 4 4 4 10 11 5 4 4 2 3 10 10 8 7 7 7 7 7 7 7 7 7 7 7 7 7 8 11 11 5 2 4 3 4 4 4 4 10 10 8 8 10 2 9 4 4 4 4 5 10 10 8 7 7 10 8 7 8 4 4 4 10 11 5 2 3 10 11 5 5 4 11 11 5 11 5 5 4 7 4 11 11 5 11 5 4 2 9 10 8 8 10 7 7 7 8 4 11 4 4 5 10 0 9 5 5 10 10 8 7 8 7 7 0 6 7 7 7 10 7 11 5 5 11 2 6 7 10 10 8 7 8 11 11 5 7 7 8 10 7 7 10 8 4 4 5 7 7 11 5 11 5 4 4 4 4 4 11 5 11 11 5 7 7 8 11 4 4 4 5 11 2 3 10 10 8 7 8 4 10 11 5 5 4 4 4 4 10 10 8 8 7 7 7 7 7 7 7 7 7 7 7 10 8 10 10 8 8 11 2 3 4 11 11 5 5 4 4 4 4 11 4 4 5 11 2 6 4 0 3 0 6 11 4 5 10 10 8 7 7 10 8 8 10 4 4 5 10 7 7 7 7 8 7 10 10 8 8 7 1 9 8 11 11 5 4 4 4 5 11 1 3 4 5 4 10 2 3 10 10 8 2 6 10 7 7 7 8 11 11 5 4 4 4 4 4 5 4 4 10 10 8 4 11 8 5 10 10 8 4 10 7 8 10 8 10 8 8 10 10 8 8 4 11 4 4 5 10 10 7 5 10 5 7 4 7 4 5 4 4 1 3 4 11 4 4 5 4 4 7 4 1 3 10 7 7 8 7 10 10 8 2 3 4 11 5 7 7 7 7 10 8 7 7 7 0 9 7 8 4 11 11 5 5 7 7 7 7 7 7 7 10 7 10 8 4 2 4 4 3 4 4 4 4 4 4 4 4 4 4 4 4 11 4 5 10 11 5 2 9 10 8 7 8 7 7 10 10 8 8 7 7 7 7 4 7 1 3 10 11 5 5 7 10 10 8 7 7 8 7 7 7 10 8 11 5 4 4 11 11 5 5 4 4 4 4 4 4 11 5 7 10 7 8 11 11 5 5 7 11 10 8 8 4 11 4 11 5 11 5 4 5 11 11 5 4 5 7 10 11 5 5 0 9 5 10 0 3 7 0 6 7 7 7 8 7 7 4 11 8 4 10 8 7 7 7 7 7 10 10 8 2 6 10 8 7 11 11 8 5 4 4 4 11 5 4 4 4 4 11 5 11 11 5 4 4 4 5 10 8 4 10 11 5 5 4 10 10 8 7 7 0 6 7 7 7 7 7 7 7 7 10 8 8 7 7 7 10 10 8 8 4 4 4 4 4 11 2 9 5 4 4 11 5 10 10 8 8 4 11 5 10 10 8 7 7 7 7 7 8 1 3 11 4 11 5 4 4 4 4 5 7 7 10 7 7 7 8 11 5 4 4 4 4 4 4 1 4 9 5 4 4 4 4 4 11 11 5 2 10 9 0 6 0 3 0 3 0 3 0 3 0 3 0 3 0 3 0 3 0 3 7 0 6 8 0 6 7 10 8 7 7 7 7 7 7 7 7 7 7 8 4 4 11 2 9 5 7 11 10 8 8 4 11 4 11 5 7 7 7 7 7 8 4 4 4 4 4 4 4 4 11 5 10 4 4 10 8 7 7 7 7 7 7 8 4 11 4 4 4 4 4 4 4 4 5 10 7 0 9 5 5 7 7 7 10 7 7 8 10 10 8 2 6 7 7 11 10 8 8 10 10 7 8 2 9 5 4 4 1 3 4 4 11 4 4 5 4 4 4 10 10 8 2 9 10 8 8 7 11 10 8 8 10 7 0 6 8 11 11 5 1 3 5 10 7 7 8 10 8 4 4 11 11 5 4 4 11 5 4 1 3 4 4 4 11 5 5 11 2 9 11 8 8 7 7 7 7 7 7 7 11 4 4 4 11 5 4 4 4 4 4 5 4 10 8 7 11 5 10 10 8 7 8 11 5 10 10 8 7 0 6 7 10 8 7 7 7 7 7 7 8 4 4 11 2 9 11 5 4 8 11 11 5 4 5 10 10 8 2 6 10 11 5 5 11 11 8 5 11 11 5 8 10 7 7 7 7 8 4 4 4 4 10 8 10 0 6 7 0 6 7 7 7 7 8 7 10 10 8 4 4 2 4 3 4 11 4 5 4 11 5 4 4 11 11 5 4 4 4 5 10 8 7 7 7 7 7 7 7 10 11 5 5 11 4 4 4 4 4 5 4 4 11 5 11 11 5 7 7 8 4 11 5 4 10 10 8 7 7 7 7 7 7 7 7 8 10 2 3 4 4 1 3 4 11 4 4 4 5 10 10 8 2 6 10 8 7 7 7 7 10 11 5 5 4 4 4 10 10 8 8 10 7 7 7 7 10 8 7 7 7 8 7 11 5 4 4 4 11 5 10 7 11 5 4 5 4 4 10 2 9 11 5 5 11 2 4 9 11 5 4 4 4 5 4 0 9 11 5 5 10 10 8 10 8 8 7 10 8 10 8 7 10 10 8 7 0 6 8 7 7 1 11 3 4 4 4 4 4 5 11 5 4 4 11 11 5 2 3 7 10 7 10 8 7 7 7 7 10 8 7 10 8 2 6 10 10 7 7 8 8 4 10 8 4 4 4 4 4 4 11 4 4 5 11 5 7 7 10 10 8 8 11 4 4 4 5 7 10 7 8 7 7 10 10 8 7 7 7 8 4 4 4 4 4 4 4 4 11 10 8 2 11 3 1 3 5 4 4 11 5 4 11 11 5 4 0 5 6 10 8 7 7 7 10 10 7 8 8 10 10 8 7 7 8 7 7 7 7 10 10 8 7 7 8 11 2 11 9 5 5 4 4 1 3 4 4 4 11 5 10 11 5 5 4 4 11 4 1 5 9 10 8 8 0 6 4 10 4 4 5 4 4 11 11 5 2 3 10 10 8 0 9 8 8 0 6 7 7 7 10 10 8 7 7 8 7 10 7 8 4 11 11 5 2 3 4 10 0 6 7 7 8 10 10 8 2 3 4 4 4 11 11 5 0 6 8 1 3 11 4 4 4 4 5 11 4 11 5 2 3 1 3 1 6 4 7 4 7 1 6 4 7 10 8 7 10 8 7 0 6 7 7 7 10 11 5 5 7 7 10 7 7 7 7 10 8 7 8 4 4 4 4 10 11 5 5 7 7 7 11 10 8 8 4 4 7 10 8 7 7 11 11 5 5 4 4 4 4 4 4 4 4 11 5 11 2 9 10 8 8 11 4 4 5 0 9 11 5 4 5 7 10 7 11 5 5 10 10 7 8 7 7 7 7 7 7 7 8 11 2 6 7 7 11 10 2 9 1 8 8 9 7 8 11 11 5 4 2 11 11 3 1 3 5 1 3 4 4 4 5 4 1 9 4 1 3 4 4 4 4 5 0 10 6 0 6 8 10 10 7 8 8 10 10 8 8 7 7 7 10 8 1 9 11 5 5 11 11 5 4 11 5 2 9 11 5 5 4 4 4 11 11 5 5 4 10 10 8 7 7 0 6 7 7 7 8 7 7 10 7 10 8 2 9 10 8 8 7 7 10 10 8 8 7 11 11 5 4 4 4 4 4 5 11 11 5 4 4 5 10 10 8 8
ppo_x50_b_fd_l4_same_gamma,74,qv22_76,22,236,True,1919.0,10.732177734375,6 8 10 5 10 5 10 5 10 5 10 5 10 5 10 5 10 5 10 5 10 5 10 5 10 5 10 5 10 5 10 5 10 5 10 5 10 5 10 5 10 5 10 5 10 5 10 5 10 5 10 5 10 5 10 5 10 5 10 5 10 5 10 5 10 5 10 5 10 5 10 5 10 5 10 5 10 5 10 5 10 5 10 5 10 5 10 5 10 5 10 5 10 5 10 5 10 7 5 8 11 11 5 7 2 6 7 4 10 11 5 4 7 2 6 7 4 7 4 7 4 7 4 10 8 7 10 11 5 5 7 10 10 8 8 4 10 11 5 4 2 10 9 5 5 4 7 4 7 4 7 4 7 4 4 10 10 8 7 8 7 10 8 10 10 8 8 10 10 8 7 10 8 8 10 10 8 8 10 10 8 7 5 4 10 7 5 10 10 8 8 4 4 4 4 11 10 8 8 10 2 6 4 11 11 5 4 11 5 2 9 11 5 5 7 7 10 8 11 11 5 5 4 4 4 4 4 4 4 11 5 7 11 11 5 2 9 5 1 3 10 10 8 7 10 5 7 10 8 7 7 7 7 8 10 8 7 7 11 10 8 8 7 7 7 7 10 10 8 8 4 4 4 4 4 4 4 4 4 4 4 11 4 4 5 7 11 5 10 10 8 8 10 10 8 8 10 10 8 7 8 4 10 11 4 8 4 4 4 4 5 7 7 10 10 8 7 7 7 7 7 7 8 11 5 1 3 4 4 4 10 11 5 5 4 4 11 4 4 4 4 4 2 9 4 5 10 10 8 7 8 7 7 10 8 11 2 3 4 4 4 10 11 5 5 10 10 7 8 7 7 7 7 7 7 10 8 2 4 3 4 4 10 10 8 4 4 4 4 5 10 7 8 10 10 8 4 4 4 4 4 4 4 4 5 7 7 10 8 11 11 5 5 10 10 7 7 8 7 10 8 7 7 7 7 10 8 7 7 8 11 2 9 4 10 8 7 7 7 8 4 11 4 4 4 4 5 10 0 6 7 8 10 10 8 7 5 1 4 4 4 3 11 4 4 5 11 11 5 0 6 8 11 11 5 5 10 8 10 7 10 8 7 8 7 10 10 8 2 9 7 10 8 8 7 11 5 4 4 10 8 11 4 5 4 11 4 4 4 4 8 4 11 11 5 2 3 11 4 5 10 10 8 7 7 7 7 7 8 10 2 9 10 8 10 8 7 8 7 10 7 10 8 8 4 4 4 4 4 10 8 7 10 10 8 8 4 11 11 5 5 11 4 4 4 4 10 8 7 7 8 4 11 2 3 11 4 5 7 10 10 8 7 7 7 7 8 1 3 4 11 4 5 4 4 11 4 4 4 11 5 4 4 4 5 4 11 11 5 2 4 10 6 10 8 7 7 7 7 7 8 7 7 7 10 10 7 8 7 7 8 11 11 5 2 6 7 7 7 7 10 8 11 11 5 5 4 10 8 7 11 10 8 8 11 4 4 1 3 4 4 4 11 5 2 3 4 11 11 5 4 4 5 7 4 7 11 4 10 8 7 8 10 8 1 3 4 4 4 10 10 8 7 8 7 7 7 7 10 7 7 7 7 7 7 8 11 11 5 5 4 11 10 8 2 3 11 11 5 4 4 4 4 4 5 4 4 4 4 11 11 5 11 5 4 4 2 9 0 9 5 5 10 10 8 8 7 11 5 7 4 7 4 7 4 7 4 7 4 7 7 7 10 10 8 8 10 11 5 2 6 7 7 10 7 10 8 8 10 7 8 10 10 8 2 3 4 4 11 5 4 4 11 11 5 5 4 4 4 11 11 5 4 5 4 11 5 10 10 8 8 0 6 7 7 10 8 7 7 7 7 7 10 10 8 8 10 10 8 2 6 7 10 8 1 3 11 5 4 4 4 4 4 4 4 10 8 11 11 5 5 11 5 11 11 5 5 11 2 9 5 7 7 7 7 7 7 10 7 7 10 8 7 7 7 7 8 10 8 4 11 4 10 8 2 4 4 3 11 4 5 11 11 5 4 4 4 4 5 4 4 11 5 7 11 11 5 2 3 4 11 5 10 10 8 0 6 7 10 8 8 7 10 10 8 7 8 11 11 5 2 9 5 11 11 5 2 3 4 10 10 8 7 7 7 7 7 7 7 7 8 4 4 11 5 7 11 11 5 4 5 10 10 8 7 7 7 7 7 8 10 10 8 8 7 11 11 5 4 4 4 5 10 8 7 7 7 7 11 4 5 10 10 8 8 4 4 4 4 4 4 4 11 4 4 4 11 5 7 7 7 7 8 11 4 4 4 4 1 3 4 4 5 11 11 5 5 7 7 7 7 7 7 7 7 7 7 7 7 11 10 8 8 4 10 8 7 7 4 7 4 7 4 7 4 7 4 7 11 10 8 7 8 11 11 5 4 5 4 11 10 8 4 7 4 7 4 7 4 7 4 7 4 7 4 7 4 7 4 7 4 7 4 7 4 7 4 7 4 7 4 7 4 7 4 7 4 7 4 7 5 1 3 4 4 4 4 4 4 4 11 11 5 2 6 7 7 7 7 7 10 10 8 8 4 11 11 5 0 6 7 0 6 8 11 10 8 8 10 10 7 8 2 3 4 4 4 4 4 11 4 4 4 4 4 4 5 4 10 10 8 8 4 11 5 4 4 11 5 4 11 10 8 2 6 7 7 7 7 7 10 7 8 7 7 10 8 4 4 4 4 10 10 8 2 6 10 8 10 0 6 7 7 8 10 10 8 4 1 4 3 5 11 11 5 4 5 4 4 4 11 4 4 4 2 3 4 11 5 10 10 7 7 8 8 7 7 7 7 10 7 7 7 8 10 7 10 8 7 7 7 7 8 11 4 5 7 11 11 4 7 4 8 1 9 5 4 4 4 4 4 4 5 11 11 5 5 10 8 4 11 11 5 2 6 7 7 7 7 11 5 4 4 4 4 4 4 11 11 5 7 8 4 11 5 7 11 11 5 2 6 7 7 10 4 5 7 10 10 8 7 7 7 7 7 7 7 7 7 7 7 7 8 11 4 10 8 7 7 8 4 4 11 5 4 11 4 4 5 11 11 5 5 11 4 5 10 10 8 7 7 7 7 8 4 4 11 5 10 10 8 4 4 4 5 11 2 3 7 10 10 8 7 7 7 7 0 6 7 7 7 8 11 4 4 5 4 4 10 10 8 8 4 4 7 4 7 4 7 4 7 4 7 4 7 11 11 5 4 5 10 10 8 4 0 4 9 8 4 4 1 3 4 4 5 7 7 7 7 7 7 7 7 0 6 11 10 8 2 6 10 10 8 8 11 4 4 11 5 4 4 5 7 11 11 5 4 4 4 11 5 4 4 11 5 5 4 11 2 9 11 5 7 8 11 4 2 9 7 7 8 11 11 5 5 11 5 0 3 10 8 7 7 7 11 10 8 8 7 7 7 10 7 7 8 4 11 11 5 11 5 8 11 11 5 2 3 11 4 4 5 4 4 4 4 10 11 5 5 0 9 5 7 7 7 7 7 7 10 10 8 7 10 7 8 7 5 7 7 7 7 10 10 8 8 10 2 4 6 4 4 1 11 3 4 5 4 4 11 11 5 4 4 5 4 4 4 11 11 5 2 3 10 8 7 7 10 10 8 8 7 7 7 7 7 7 7 10 7 10 8 4 5 10 8 11 10 8 8 10 8 10 8 10 10 8 4 5 4 4 4 11 5 11 4 2 3 4 4 1 3 11 4 4 5 10 4 10 8 8 7 11 5 10 10 8 7 8 10 8 10 10 8 8 4 4 4 11 11 5 0 6 7 7 7 7 7 8 1 3 4 4 4 4 4 4 11 4 4 4 11 5 5 4 4 11 4 2 6 10 10 8 2 6 7 10 7 7 8 11 4 11 5 2 6 10 7 7 8 4 11 4 10 8 7 7 8 7 10 11 5 5 10 8 7 0 6 7 7 7 7 11 10 8 8 4 11 1 3 4 4 5 4 4 4 4 11 5 4 11 11 5 4 4 2 9 10 8 7 7 7 7 8 7 7 7 10 8 4 4 4 4 11 5 7 10 10 8 7 7 7 8 7 10 7 8 11 11 5 4 4 5 10 7 7 7 7 7 7 7 8 11 5 1 3 4 4 4 1 3 4 4 11 11 5 4 4 4 4 4 4 5 4 4 0 10 9 5 5 10 10 8 7 7 7 7 7 7 7 7 8 11 2 10 10 8 6 7 7 7 7 7 8 11 11 5 4 4 11 5 4 4 4 4 5 4 4 11 11 5 4 4 5 4 4 11 5 7 7 7 7 7 7 7 7 7 7 7 7 11 10 8 8 11 2 10 10 8 8
ppo_x50_b_fd_l4_same_gamma,75,qv22_77,22,226,True,1640.0,10.253891706466675,8 8 9 10 8 8 10 11 5 5 10 8 10 10 8 8 4 11 5 7 0 9 11 5 5 7 10 0 6 10 8 8 10 10 8 8 11 5 11 4 4 4 4 5 7 7 7 10 10 8 7 7 10 8 8 10 10 8 8 11 5 11 4 4 4 5 10 10 8 7 8 7 11 5 7 7 10 10 8 8 10 10 8 8 11 5 11 1 4 4 3 4 4 4 4 4 4 4 5 10 8 4 10 10 8 7 8 10 7 10 8 7 7 7 8 4 4 11 4 4 5 11 4 4 4 4 4 5 4 10 2 6 10 7 7 8 10 10 7 7 7 7 8 8 7 10 8 10 10 8 8 7 10 10 8 8 10 10 8 8 4 4 4 4 4 10 8 11 2 9 7 8 4 11 5 11 5 4 4 4 4 4 4 4 4 10 11 5 5 4 4 4 11 11 5 2 10 6 8 10 10 8 8 0 6 7 7 7 7 10 10 8 7 10 8 7 7 8 10 10 7 5 2 9 11 7 8 7 7 8 1 3 4 4 11 4 11 5 4 2 4 3 11 10 8 8 10 10 7 8 2 10 9 7 8 7 8 4 11 2 6 11 4 11 5 5 11 4 4 11 5 4 4 4 4 5 10 8 10 4 10 8 4 7 4 7 4 8 10 4 7 4 8 10 4 8 4 10 10 8 7 7 7 7 7 8 11 4 4 4 4 10 8 2 3 4 11 11 5 7 8 11 4 11 4 5 2 6 4 10 8 7 10 5 0 6 7 7 7 7 10 11 5 5 7 10 11 5 5 4 4 11 5 7 10 10 8 7 7 7 7 7 7 8 11 1 9 8 5 11 11 5 5 11 11 5 7 7 7 7 8 10 10 8 8 4 4 10 10 8 7 8 4 4 10 8 11 11 5 4 4 5 4 4 11 5 11 4 4 4 4 4 5 4 4 11 11 5 2 3 4 10 8 7 7 7 7 7 7 7 7 7 7 7 7 10 7 8 10 7 7 8 11 4 11 5 11 5 4 5 4 4 11 5 4 10 10 8 8 7 10 7 7 7 7 7 7 8 4 4 4 4 4 4 10 8 11 0 6 7 7 7 8 11 5 11 11 5 5 4 11 4 5 4 4 4 4 4 4 11 4 4 5 10 10 8 10 8 8 10 7 7 7 7 7 7 7 7 8 11 11 5 5 4 4 4 4 4 4 11 5 4 11 4 4 2 3 4 4 10 0 9 5 10 5 10 5 10 5 10 5 10 5 10 5 10 5 10 5 10 5 5 10 10 8 7 7 7 7 7 8 4 11 4 4 5 10 10 8 8 10 0 6 10 8 7 7 7 7 7 8 11 2 3 11 5 4 4 4 4 4 11 11 5 5 4 11 11 5 2 6 7 10 8 7 7 7 10 4 4 5 7 10 10 8 7 7 7 7 7 7 7 7 8 11 11 5 4 5 11 4 4 4 10 8 7 8 4 11 7 11 5 2 4 3 4 10 7 7 7 10 8 7 7 7 7 8 11 5 4 11 4 4 5 7 10 10 8 2 6 10 8 4 10 7 7 8 11 4 4 4 7 4 8 4 4 4 4 4 4 4 4 4 4 10 11 5 5 4 0 9 5 0 6 10 10 8 10 8 7 7 7 0 6 7 5 11 5 10 10 8 8 10 10 8 7 7 8 4 4 4 11 4 5 7 10 10 7 8 5 7 7 10 10 8 8 10 8 4 4 4 11 10 8 4 2 3 4 4 4 4 4 4 4 4 10 4 10 5 4 4 4 4 5 10 0 6 8 7 10 10 8 8 10 10 8 7 7 7 0 6 2 9 11 5 5 0 6 10 8 4 11 11 5 4 4 4 4 4 5 10 10 8 8 7 7 7 7 7 7 7 7 11 5 4 4 4 4 4 4 4 11 5 10 10 8 4 4 4 4 4 4 4 5 7 7 10 11 5 5 4 10 7 8 4 10 10 8 8 10 0 6 7 7 7 8 10 10 8 8 11 4 5 4 4 4 11 4 10 8 7 0 6 11 5 5 0 6 7 7 10 10 8 2 9 10 8 7 7 7 7 7 8 11 10 7 5 2 6 11 11 4 5 2 3 11 4 4 5 10 7 11 5 4 4 4 5 7 10 10 7 7 7 8 7 7 7 7 8 10 8 11 7 11 5 4 8 4 4 4 11 1 9 8 8 11 4 4 4 5 4 4 11 11 5 2 9 11 5 4 2 3 11 11 5 5 10 11 8 11 8 11 8 11 8 11 8 8 7 10 10 8 7 7 8 10 10 8 0 3 10 8 7 7 10 8 8 11 10 8 4 5 7 7 7 10 8 10 8 4 4 4 1 11 9 8 8 1 3 4 4 4 11 5 4 4 4 4 4 10 10 8 2 6 7 7 7 10 7 11 5 2 9 11 5 7 0 6 7 8 11 1 3 4 4 4 5 11 4 4 11 5 4 5 11 11 5 4 4 5 10 2 9 7 11 5 5 10 8 7 7 7 11 5 10 10 8 7 7 8 10 7 8 10 7 7 7 10 8 7 8 7 7 11 4 10 8 2 3 4 7 11 4 10 8 8 4 11 11 5 4 4 11 5 2 4 6 11 4 4 4 4 4 4 5 4 4 10 10 8 8 7 7 7 7 10 8 11 2 6 7 7 7 10 10 8 2 6 10 7 10 8 1 3 4 4 4 4 4 5 4 4 4 4 4 4 10 10 7 8 7 7 7 7 8 11 2 9 10 8 7 7 7 7 7 8 10 2 9 10 8 8 4 1 4 4 4 4 10 8 9 11 5 5 1 3 10 8 10 7 7 10 8 8 11 1 9 8 7 7 7 8 4 4 4 11 5 4 11 4 5 4 4 11 11 5 11 5 4 5 0 6 7 7 7 7 7 11 4 10 8 8 4 11 4 4 4 11 5 4 5 7 7 11 5 11 11 5 4 4 5 11 11 5 11 5 2 6 7 7 7 0 6 7 7 7 7 7 7 11 5 11 2 9 4 4 4 4 4 11 5 5 11 4 5 10 10 8 8 7 11 5 10 4 4 5 7 7 10 10 8 7 7 7 7 8 10 10 8 0 6 7 7 7 7 7 7 7 8 11 1 3 4 4 5 4 4 11 11 5 1 8 9 5 10 10 8 4 4 5 10 10 8 7 7 10 8 7 8 4 10 11 4 8 5 11 4 4 5 7 10 8 4 4 4 4 4 10 11 5 5 7 11 10 8 8 7 10 7 8 11 5 11 11 5 5 4 4 4 4 11 5 4 10 10 8 8 11 4 5 10 10 8 8 7 7 7 7 7 7 11 5 10 10 8 7 8 7 7 10 10 7 8 8 11 5 10 11 5 4 2 3 11 5 11 4 5 7 7 7 7 7 10 10 8 7 8 1 3 4 4 1 3 4 4 4 4 4 4 4 11 5 10 10 8 2 9 5 11 11 5 4 5 7 7 7 7 7 7 7 10 8 7 7 7 10 8 11 11 4 5 4 5 4 4 4 4 4 4 4 4 4 11 4 4 5 11 11 5 2 10 8 9 10 8 7 7 10 8 8 7 7 10 8 11 4 11 5 4 5 7 11 5 10 10 8 8 10 10 8 7 7 7 7 8 11 2 6 11 4 4 11 5 5 4 4 4 4 4 4 11 11 5 2 3 10 10 7 7 7 7 7 7 7 7 7 7 7 7 8 2 7 9 8 10 7 7 10 2 8
ppo_x50_b_fd_l4_same_gamma,76,qv22_78,22,228,True,1732.0,10.320028305053711,6 8 10 0 5 9 8 8 11 11 5 0 5 10 6 8 10 10 8 8 10 4 2 6 10 10 8 8 10 10 8 8 4 10 8 10 10 8 8 10 10 8 7 5 10 10 8 8 10 10 8 7 5 11 5 4 10 10 7 5 2 9 10 7 8 8 11 5 11 2 6 11 7 8 10 10 8 8 4 11 4 4 4 1 3 4 11 5 4 5 11 4 2 9 11 5 4 4 4 4 8 4 4 1 9 8 4 4 10 10 8 7 7 7 10 8 8 10 7 7 8 7 11 5 10 10 8 7 8 7 10 7 8 4 4 7 4 7 11 4 5 4 4 11 5 7 7 10 4 4 11 5 4 4 4 4 4 4 5 10 7 10 8 0 6 7 7 7 7 7 7 7 8 7 7 7 10 8 7 10 11 5 5 4 4 4 4 4 4 4 4 11 4 5 11 4 10 8 7 7 8 4 11 4 5 11 5 10 8 10 10 8 7 7 7 7 7 10 8 2 6 10 8 4 4 4 4 4 11 4 5 10 7 8 7 7 10 8 11 11 5 2 3 11 5 7 7 7 10 10 7 7 5 5 0 6 10 10 8 4 5 10 7 5 4 4 4 4 4 4 4 11 11 5 2 3 11 5 10 10 8 8 7 7 7 7 7 10 8 10 8 7 10 10 8 8 4 11 2 4 6 11 11 5 4 4 4 4 4 4 11 5 4 4 4 4 4 5 11 2 9 10 8 8 10 7 11 5 4 4 4 4 2 9 10 8 0 6 7 8 10 10 8 7 0 6 7 7 8 10 10 8 2 6 11 4 4 5 4 11 11 5 5 4 11 4 5 0 9 5 10 10 8 8 7 7 7 7 7 11 5 10 10 8 7 7 7 7 7 7 8 10 8 11 11 5 1 8 3 4 11 4 4 5 4 11 11 4 4 4 4 4 5 2 9 8 10 7 7 7 7 8 11 11 5 4 2 6 10 7 4 7 4 7 4 7 4 7 7 7 7 7 10 8 7 7 8 4 1 9 8 11 11 5 2 4 3 11 11 5 4 4 4 4 11 5 11 8 11 8 11 8 2 9 11 5 4 4 4 4 4 5 0 6 0 6 7 7 7 10 7 8 4 11 10 8 8 11 4 11 5 4 4 4 5 7 10 4 5 7 7 7 7 7 7 7 7 7 7 10 7 11 5 5 10 10 7 7 7 7 2 6 7 8 4 1 3 11 5 4 4 4 4 4 10 8 11 11 5 4 1 3 4 5 11 11 5 4 4 4 4 5 10 7 7 7 8 7 7 11 5 4 11 11 5 11 5 5 7 11 11 8 11 4 8 8 11 5 10 10 8 2 6 7 10 10 8 4 5 10 8 10 10 8 7 7 10 8 8 4 4 4 4 4 4 11 4 5 10 10 8 8 1 6 4 11 5 10 10 8 7 8 10 7 10 7 8 7 7 7 7 8 10 7 10 8 7 8 10 8 4 4 11 10 7 7 8 7 8 4 1 3 4 4 4 4 4 4 11 11 5 5 10 8 4 4 10 10 8 2 7 7 6 7 7 7 11 4 5 10 10 7 8 7 7 8 11 4 1 3 4 5 11 4 5 10 10 8 4 4 4 5 10 0 6 7 8 7 10 10 8 8 7 11 5 10 10 8 7 8 11 4 1 8 9 11 5 4 2 4 6 4 1 3 4 11 11 5 4 4 4 4 4 4 10 8 2 6 10 8 7 10 11 5 5 7 10 10 8 8 4 4 10 10 8 7 8 4 10 1 6 7 4 4 4 5 4 4 11 11 5 4 4 4 4 5 0 6 7 7 7 7 10 7 8 11 5 10 10 8 7 7 7 8 11 5 7 7 11 7 10 8 4 4 4 4 4 5 11 2 6 7 10 8 10 11 5 5 10 7 7 10 7 4 7 4 8 7 7 10 8 8 10 0 6 10 8 8 4 4 10 1 9 5 5 10 4 8 10 4 10 8 7 8 4 4 4 4 4 4 11 11 5 4 4 4 4 4 11 5 2 3 4 4 11 4 10 8 8 11 2 9 11 5 5 10 10 8 8 7 7 7 10 10 8 4 5 11 2 9 11 5 5 4 4 11 5 10 10 8 8 10 10 8 7 8 10 11 5 4 4 4 5 10 2 10 6 10 7 7 8 7 0 6 7 7 10 8 7 8 10 7 7 10 7 4 7 4 7 4 7 4 7 4 7 7 8 8 4 4 10 1 9 8 8 11 5 11 5 10 10 8 4 4 4 4 4 4 5 10 2 7 6 7 10 7 7 7 7 7 8 4 11 5 4 4 11 5 11 11 5 5 4 4 4 4 4 10 8 0 10 9 8 7 8 10 8 4 11 5 7 7 10 8 7 10 10 8 2 6 4 4 4 4 4 11 11 5 5 7 7 7 7 11 4 10 8 10 8 8 4 4 11 11 5 4 4 4 4 4 4 5 7 10 10 8 8 7 10 8 10 10 8 4 4 5 7 11 5 11 5 4 10 11 5 5 7 10 0 6 7 10 8 7 7 7 7 7 7 7 8 7 10 10 8 4 4 2 3 4 4 4 11 4 4 4 4 4 4 4 4 4 5 4 11 4 5 11 10 8 8 10 8 10 0 6 8 11 11 5 4 4 4 5 7 7 7 7 7 10 4 10 8 8 7 4 7 10 7 10 8 7 7 7 7 7 8 11 11 5 5 11 4 4 5 7 10 10 8 2 10 9 8 8 11 2 9 11 5 5 11 2 3 4 4 4 11 11 5 5 11 10 8 2 3 4 4 4 4 10 10 8 7 7 8 7 7 7 7 10 10 8 4 5 11 2 9 7 8 4 10 0 6 7 8 10 10 8 2 3 11 4 11 5 8 11 11 5 4 4 5 4 4 11 11 5 2 3 4 11 11 5 5 7 7 0 6 7 7 10 11 5 5 7 10 10 8 7 0 6 7 7 7 8 11 10 7 7 8 2 7 9 7 8 11 11 5 7 7 8 4 10 8 11 4 4 4 4 8 0 6 7 11 10 8 8 11 4 5 4 4 4 4 4 11 4 5 7 11 11 5 4 4 5 4 4 4 4 4 11 5 7 7 7 0 9 5 7 7 10 10 8 7 7 8 10 10 8 8 4 4 11 5 4 10 10 8 7 7 7 7 8 10 7 11 5 1 3 5 10 10 8 7 7 8 4 4 4 4 4 4 4 4 4 4 4 11 5 4 4 11 5 7 7 10 8 10 10 8 8 0 6 7 7 7 10 10 8 4 5 10 7 7 7 7 7 5 10 7 7 10 8 8 4 4 4 4 11 5 4 4 4 4 4 10 2 3 11 7 11 5 4 4 4 4 4 4 4 4 5 10 8 7 7 7 7 0 6 0 6 10 10 8 4 5 10 4 4 11 5 5 11 11 5 7 7 7 7 7 7 7 7 7 7 7 7 7 7 7 8 11 2 6 11 11 5 4 11 5 4 4 4 4 5 10 7 7 7 7 8 4 4 4 4 11 1 3 4 4 5 4 4 4 11 4 11 5 11 5 2 7 10 9 5 5 7 10 7 10 8 8 7 7 10 10 7 7 8 7 7 8 7 11 4 4 4 4 5 10 10 8 7 7 8 11 10 8 7 7 7 7 8 11 11 5 2 4 11 9 5 5 11 11 5 4 4 10 8 8 11 4 5 7 11 11 5 4 4 4 4 5 4 4 4 10 11 5 5 10 10 8 7 7 11 5 2 4 10 10 7 6 8 7 11 5 5 11 4 4 4 4 5 7 7 7 7 10 7 8 7 7 10 10 7 7 7 7 8 2 9 10 8 7 8 7 7 11 11 5 5 1 3 4 11 4 4 4 4 10 8 2 9 11 5 4 4 4 4 5 4 10 10 8 7 7 7 7 7 7 7 10 8 8 4 10 10 8 7 7 7 7 8
ppo_x50_b_fd_l4_same_gamma,77,qv22_79,22,231,True,1682.0,10.459125757217407,8 6 10 8 8 10 10 5 10 5 10 5 10 5 10 5 10 5 10 5 10 5 10 5 10 5 10 5 10 5 10 5 11 5 11 5 10 5 10 5 10 5 10 5 10 5 10 5 10 5 10 5 10 5 2 10 9 8 5 10 10 7 8 8 10 4 5 10 10 7 8 8 10 10 8 8 10 4 5 10 4 4 4 5 10 10 8 7 7 7 10 8 8 10 10 8 8 11 5 11 4 10 8 2 6 10 7 10 8 7 5 4 11 5 11 5 10 8 7 7 10 10 8 8 10 10 8 8 11 5 1 3 4 11 4 5 11 11 4 4 5 11 5 2 3 4 4 7 4 10 10 8 7 7 7 8 4 11 4 4 4 5 11 4 4 4 4 5 10 10 8 10 8 7 7 7 8 10 10 8 8 7 7 1 3 4 4 10 11 5 5 4 4 4 4 11 0 9 5 5 10 2 10 10 6 8 10 8 7 7 0 6 8 10 7 10 8 7 7 10 8 8 10 2 7 10 6 7 10 8 8 4 11 4 4 4 4 5 11 4 4 4 5 4 4 11 5 7 7 7 7 7 7 11 5 10 7 7 7 10 8 8 10 10 8 8 4 4 4 4 4 11 2 9 10 8 8 11 5 4 4 4 4 4 11 4 11 5 4 5 10 10 8 2 6 11 7 11 5 2 9 10 8 7 7 8 11 4 4 4 4 4 2 3 1 3 4 4 0 6 10 10 8 7 7 10 8 2 6 10 7 11 5 5 10 10 8 7 7 0 6 7 7 7 8 10 7 7 8 4 11 11 5 5 1 9 8 11 11 4 4 5 2 9 11 5 4 8 11 11 5 4 4 4 5 4 4 0 10 9 5 5 7 10 8 10 8 7 7 7 7 7 11 11 5 2 3 4 4 1 3 11 5 4 4 4 11 2 3 10 10 7 8 7 7 7 0 6 7 8 10 10 7 8 8 0 6 7 7 11 10 8 8 10 7 10 8 8 10 10 8 4 5 4 4 11 2 3 4 4 10 8 11 7 7 7 8 11 11 5 4 4 11 5 5 11 4 4 4 4 4 4 4 5 7 7 10 10 8 2 6 7 10 10 8 7 7 8 10 10 8 4 4 4 5 7 7 7 10 7 8 10 10 8 8 4 4 11 2 3 11 1 3 11 8 10 7 5 4 4 4 4 4 4 4 10 8 0 5 6 7 0 6 7 7 7 10 7 8 4 4 4 10 10 8 8 11 5 10 5 7 4 1 3 4 11 11 5 4 4 11 5 4 4 4 4 5 10 2 9 10 8 8 10 8 7 11 10 8 8 4 4 4 4 10 8 11 11 5 2 3 7 7 10 8 7 7 7 10 11 5 5 1 3 4 11 4 5 10 10 8 8 10 5 10 8 4 4 4 4 11 11 5 7 8 4 4 11 5 10 10 8 7 5 7 7 7 7 7 7 7 7 7 7 7 7 7 7 10 8 11 11 5 5 4 4 11 4 4 5 4 4 4 11 5 7 11 11 5 4 5 4 10 10 8 7 7 7 0 6 7 7 7 10 8 2 6 10 7 7 7 7 8 1 3 11 5 4 4 4 4 4 4 1 9 5 11 4 0 9 5 4 4 4 4 4 4 4 5 10 2 6 7 7 10 11 5 5 10 10 8 7 7 7 8 10 10 8 7 7 7 7 7 8 11 5 4 4 11 2 4 4 4 3 11 4 5 11 10 8 8 10 10 8 7 7 10 8 8 7 7 7 10 10 8 7 7 7 8 1 3 4 4 4 4 4 11 4 5 11 2 9 11 7 0 5 3 5 11 4 4 4 4 4 5 11 5 4 4 10 10 4 7 8 7 8 0 6 7 7 7 7 7 7 10 10 8 8 10 8 4 11 4 4 4 4 5 4 11 10 8 2 3 10 11 5 5 11 8 11 7 4 5 4 4 4 11 5 4 10 10 8 7 7 7 8 7 7 7 7 10 10 7 7 7 8 7 8 4 4 4 4 4 11 4 5 10 10 8 8 4 10 11 5 5 7 11 10 7 7 7 8 7 7 7 7 7 8 11 5 10 5 11 5 10 7 11 5 4 5 10 8 1 3 4 4 11 11 5 2 9 5 7 10 10 8 8 4 4 11 11 4 4 5 4 4 4 1 3 4 5 10 10 8 7 7 7 7 7 8 11 4 2 3 4 11 11 5 5 7 11 11 5 4 5 11 11 5 2 7 7 7 6 0 6 7 7 7 10 10 8 8 10 10 8 2 7 7 9 10 8 7 7 8 10 4 5 11 5 10 10 8 8 11 5 4 4 10 11 5 5 4 4 11 4 5 4 4 4 11 5 10 7 10 8 0 6 10 8 7 8 11 10 8 8 4 7 4 4 4 10 11 5 4 4 4 5 10 8 4 4 10 11 5 5 7 7 7 7 10 11 5 5 10 10 8 0 6 7 10 8 7 7 7 7 7 7 8 4 4 11 5 11 10 8 8 11 5 4 4 4 4 4 4 4 4 4 4 11 10 8 8 11 4 2 3 11 5 11 5 4 4 0 6 10 10 8 7 7 8 10 10 8 7 7 7 7 7 7 8 4 10 11 5 5 4 11 1 3 4 5 11 11 5 4 4 4 4 5 11 2 6 10 10 7 8 7 7 7 7 10 8 2 10 10 8 7 6 7 7 8 10 7 7 7 10 8 8 4 4 4 11 5 7 10 8 4 11 11 5 2 6 4 4 4 10 10 7 7 5 2 9 10 8 8 4 4 4 10 11 5 4 5 10 4 4 5 7 7 10 10 8 4 4 4 4 4 4 4 4 5 10 2 10 9 8 7 7 7 7 7 7 7 7 8 4 10 8 10 2 7 7 10 10 8 8 6 4 4 4 4 11 2 6 4 1 9 11 5 4 4 4 4 5 4 4 11 5 4 11 11 5 2 6 7 7 7 7 7 7 10 8 10 10 7 5 2 7 6 10 10 8 7 8 11 4 1 3 4 4 4 4 4 4 4 4 4 5 7 7 10 8 7 7 7 7 11 5 10 10 8 7 5 7 10 7 7 10 8 8 4 4 4 4 4 4 4 4 11 11 5 5 11 5 4 4 4 10 11 5 5 10 8 4 4 4 10 10 2 3 5 10 10 8 0 6 7 7 7 7 7 7 11 5 2 9 10 8 7 7 7 7 7 7 8 11 10 8 8 7 10 8 10 8 11 5 4 4 11 1 9 8 8 11 2 3 11 11 5 4 4 4 11 5 11 5 4 4 5 11 11 5 2 9 8 10 10 8 4 4 5 10 7 11 5 1 3 4 5 10 8 10 4 10 4 8 8 10 4 8 10 4 8 10 4 8 7 7 7 7 7 10 11 5 7 8 11 4 4 4 2 3 4 4 4 4 10 11 5 5 7 7 10 10 8 10 8 7 7 8 11 4 5 10 10 0 6 8 7 7 7 7 8 10 10 8 7 7 8 1 3 4 4 4 4 11 4 4 4 4 5 11 11 5 11 5 2 10 9 8 4 4 4 4 5 10 7 7 7 8 10 7 7 10 7 8 7 7 7 7 7 7 8 10 2 10 10 8 6 8 4 4 4 4 11 10 8 2 11 11 5 9 5 4 5 11 11 5 4 8 11 11 5 2 11 4 4 4 3 4 4 5 11 5 10 10 8 7 7 8 10 7 11 5 4 4 5 10 10 8 7 7 7 10 8 8 11 5 10 10 8 7 7 8 10 10 8 7 7 7 7 7 7 8 4 4 4 11 5 10 7 8 11 11 5 4 4 4 4 4 4 5 10 10 8 7 7 8 10 10 8 8
ppo_x50_b_fd_l4_same_gamma,78,qv22_8,22,232,True,1625.0,10.589608669281006,8 8 10 9 8 8 10 11 5 5 7 10 10 8 8 10 10 8 8 10 10 8 8 10 10 8 8 11 5 10 10 8 10 8 8 11 5 10 4 4 4 4 4 10 8 8 10 8 10 10 8 10 8 7 10 8 7 5 10 10 8 8 11 5 4 11 5 4 4 4 11 5 4 4 4 11 11 5 4 4 4 5 10 10 8 8 7 7 7 10 0 6 8 7 10 10 7 7 8 7 7 5 7 7 10 10 8 8 10 10 8 8 11 0 5 3 1 9 5 4 4 10 11 5 5 4 4 4 4 4 4 4 11 4 5 10 10 8 8 10 11 5 2 6 7 10 8 7 7 7 10 7 10 8 5 7 1 3 4 4 4 4 4 4 4 4 4 4 4 11 5 11 8 11 4 2 9 7 8 10 11 5 5 7 7 7 7 10 8 10 10 8 4 4 4 2 6 11 10 8 8 4 11 5 4 4 4 10 10 8 7 7 7 7 7 7 8 7 10 10 7 7 5 2 6 10 10 8 7 7 7 8 10 10 8 1 3 4 4 4 5 10 7 7 8 4 11 4 4 4 4 5 10 4 10 8 8 10 10 7 7 8 8 11 4 5 4 4 4 1 3 4 4 4 4 4 1 10 9 5 5 10 10 8 8 10 8 10 10 8 7 7 8 11 4 5 10 8 11 11 5 4 5 11 4 2 3 11 5 4 4 4 4 4 10 10 8 7 7 7 7 7 7 7 7 7 0 6 7 7 7 7 8 10 7 8 4 11 1 3 4 4 5 11 5 4 4 4 10 8 11 4 1 9 5 4 8 11 11 5 4 4 4 4 2 3 11 5 10 8 10 8 7 7 7 10 11 5 7 8 4 4 4 11 4 5 10 7 7 0 6 7 8 7 10 10 8 8 10 0 6 7 7 7 7 7 7 8 11 4 4 10 8 8 7 10 10 8 8 1 3 4 4 1 3 4 4 4 4 10 10 8 2 10 6 11 5 2 9 10 8 7 7 7 7 8 11 11 5 4 5 10 7 7 8 4 1 3 7 4 4 11 11 5 4 4 5 11 2 9 7 7 8 11 11 5 4 11 5 5 7 11 10 8 8 11 5 1 3 4 4 4 11 4 4 5 4 1 9 4 5 10 10 0 6 8 0 6 7 8 10 7 7 11 5 5 7 7 7 7 7 7 7 7 7 7 10 8 11 11 5 5 4 1 3 4 4 11 10 8 2 3 11 4 4 4 5 4 4 0 9 10 8 0 6 7 7 7 7 7 7 8 4 10 10 8 7 8 7 7 10 10 8 4 4 2 3 4 4 11 5 4 4 4 1 4 9 5 10 10 8 2 9 10 8 7 7 8 4 11 4 5 4 10 7 4 8 4 7 4 10 7 4 7 7 10 8 7 7 8 11 5 4 4 10 8 10 10 8 7 8 11 4 4 4 11 5 4 4 4 4 4 4 4 4 5 11 4 0 9 8 7 8 4 11 11 5 5 11 4 5 10 10 8 10 8 8 7 11 5 7 10 10 8 7 7 7 8 10 10 8 2 6 4 4 4 4 4 4 4 4 11 5 10 10 8 2 6 10 8 10 10 8 7 7 7 10 8 7 8 4 4 4 10 10 7 7 8 2 3 10 10 7 7 8 2 9 10 8 7 8 4 4 11 5 7 11 11 5 5 4 11 5 11 11 5 0 6 7 8 11 5 10 10 8 2 3 11 5 11 11 5 4 4 4 4 5 10 10 8 7 7 8 11 11 5 5 4 4 4 4 1 3 4 4 4 10 10 8 7 7 7 8 10 7 7 7 8 10 7 10 7 7 7 8 2 6 7 7 10 10 8 8 4 4 4 4 4 4 4 4 4 4 4 4 4 4 4 11 4 5 4 11 7 0 9 5 5 7 7 4 7 4 7 4 7 4 7 4 7 4 10 10 8 8 7 7 10 7 7 7 7 7 7 7 7 7 8 11 5 4 4 4 4 4 11 5 10 7 10 7 7 8 7 7 8 10 8 4 4 4 1 10 9 5 5 4 4 4 4 4 11 11 5 5 10 10 8 4 4 4 4 5 10 8 7 7 7 7 10 7 7 7 8 7 10 7 7 7 8 4 7 4 7 7 11 11 5 4 4 4 5 4 4 4 4 4 4 4 11 4 4 4 4 5 4 10 2 9 10 8 7 7 8 11 4 5 10 10 8 0 6 8 10 10 8 8 10 10 8 8 7 7 7 7 10 10 8 7 7 7 7 8 4 4 11 2 3 4 4 11 0 6 11 5 5 4 11 11 5 4 5 11 4 4 4 2 3 4 4 4 11 5 4 0 6 7 10 10 8 10 8 7 7 7 7 7 8 4 1 3 11 4 4 5 10 10 8 10 8 8 11 11 4 8 7 7 7 7 8 11 11 5 4 4 4 4 4 5 10 11 5 2 9 11 5 4 2 10 6 7 10 8 7 7 7 7 7 7 7 8 11 2 9 11 5 4 4 5 10 0 6 7 8 7 10 10 8 7 7 7 8 11 10 8 2 9 8 11 11 5 4 5 4 10 10 8 8 7 7 10 8 11 5 4 4 1 3 4 4 11 4 4 5 10 10 8 4 4 4 4 5 7 7 10 8 7 10 7 10 8 7 8 7 7 11 10 8 8 10 4 10 5 4 5 11 5 4 4 4 4 4 4 4 11 5 4 11 11 5 5 4 4 4 11 5 7 10 11 5 2 7 6 7 7 7 7 7 10 10 8 2 6 10 7 7 7 7 7 7 8 7 11 2 6 11 11 5 4 4 4 4 4 4 4 4 5 11 11 5 2 3 10 11 5 5 4 10 10 8 7 7 7 7 8 7 11 10 8 8 11 2 9 11 5 4 4 5 10 8 7 11 11 5 4 5 11 5 10 11 5 5 4 11 5 7 0 6 7 10 10 8 7 7 7 7 8 10 10 7 8 10 8 7 5 7 11 2 9 11 5 4 5 11 5 7 10 10 8 7 7 8 7 7 11 11 5 5 4 4 4 4 4 4 4 11 5 11 4 4 4 5 11 4 4 4 5 4 0 10 10 8 7 6 7 7 7 8 11 4 4 5 4 4 10 11 5 5 10 10 8 10 8 7 10 8 7 10 8 7 7 7 8 11 11 5 5 11 4 5 10 10 8 8 11 2 9 10 8 7 8 10 7 0 8 11 4 3 4 4 4 11 5 4 2 11 3 4 5 4 4 11 4 5 10 10 7 5 7 7 10 8 7 7 7 7 7 5 11 11 5 2 3 10 10 8 7 10 8 10 8 8 10 10 8 8 7 7 10 10 8 2 6 10 8 11 11 5 4 4 4 4 4 4 11 5 2 9 11 5 2 3 4 4 4 4 4 4 4 10 10 7 5 2 6 10 10 8 0 6 7 8 10 10 8 7 10 8 2 9 8 4 10 10 8 8 7 10 10 8 8 10 10 8 8 1 3 4 4 10 8 11 11 5 5 11 11 5 4 4 1 3 4 4 5 11 5 10 10 8 2 3 11 11 5 5 7 10 10 7 8 7 7 7 8 11 11 5 5 10 7 7 7 7 7 10 7 8 2 10 10 8 8 4 4 4 4 4 4 4 4 4 4 4 9 5 4 4 11 11 5 4 4 4 4 5 10 10 8 8 10 10 8 10 8 2 4 10 10 8 7 7 7 7 8
ppo_x50_b_fd_l4_same_gamma,79,qv22_80,22,235,True,1753.0,10.656936168670654,8 6 10 8 8 0 9 11 5 5 10 11 5 7 4 7 4 7 4 2 6 10 10 8 10 8 8 0 6 10 4 4 5 11 5 10 10 7 7 8 10 8 2 9 10 8 8 10 4 4 2 3 7 4 7 10 10 8 10 8 8 10 10 8 8 10 10 8 7 5 11 5 7 10 10 8 8 1 3 4 4 4 4 4 11 4 4 4 5 7 7 10 10 8 7 7 8 4 4 11 5 10 10 8 2 3 4 11 10 8 8 10 10 8 8 4 4 4 11 4 4 4 4 4 4 4 5 0 6 7 10 10 8 0 6 7 8 7 7 0 11 9 8 8 7 10 8 10 10 7 8 7 7 10 8 8 4 10 8 10 10 8 8 1 3 4 4 4 10 8 7 11 10 8 8 11 4 11 5 1 3 5 4 10 8 7 11 10 8 7 8 4 11 5 11 5 4 4 4 4 4 4 10 10 8 2 11 4 4 4 3 5 10 4 4 4 5 7 7 10 10 8 10 8 8 7 0 6 7 7 7 7 7 10 10 8 2 3 11 2 3 11 4 4 4 5 10 8 7 7 7 7 7 10 10 8 4 2 4 3 4 4 11 4 4 4 5 11 11 5 11 8 7 0 6 7 7 8 11 4 4 4 4 4 4 4 4 5 11 5 10 8 7 7 10 10 8 7 7 8 4 4 11 4 4 5 7 7 7 7 7 11 5 10 10 8 7 8 10 10 8 7 7 8 4 1 3 4 4 4 4 4 4 11 11 5 5 4 10 10 8 7 8 7 7 10 7 8 4 11 11 5 4 4 4 5 10 8 10 7 11 8 8 10 7 7 7 7 8 7 7 7 7 10 10 8 8 4 4 4 4 11 4 10 8 8 11 5 11 5 4 4 4 4 4 11 11 5 4 4 4 4 4 4 5 10 4 10 5 10 5 10 5 2 10 9 8 8 4 10 8 7 7 7 7 11 4 5 4 4 10 8 7 7 7 10 10 8 4 5 10 7 7 7 7 7 7 7 7 7 7 7 8 11 4 1 3 1 3 4 5 10 4 1 9 7 5 4 4 4 4 10 8 4 4 4 4 5 7 7 7 7 7 7 10 0 6 7 8 4 4 11 11 5 5 10 8 10 10 8 8 4 4 4 4 4 4 11 11 5 5 4 4 4 10 11 5 5 10 8 11 11 5 2 9 10 8 10 8 0 10 3 7 8 0 6 7 7 7 8 11 5 10 7 8 7 7 7 7 7 10 10 8 8 10 8 11 8 11 8 11 8 11 8 11 10 2 8 4 3 4 4 4 11 5 11 4 4 4 4 4 5 10 10 8 4 4 4 4 5 10 4 4 5 7 7 7 11 11 5 5 7 10 10 8 8 10 7 8 10 10 8 7 7 7 7 7 8 11 2 9 5 4 11 4 4 8 11 11 5 2 3 1 3 4 4 4 4 11 4 5 10 10 8 8 11 5 11 10 7 7 4 7 4 7 0 6 8 7 7 7 7 7 8 10 10 8 2 3 11 5 7 11 11 5 4 4 4 4 8 10 0 6 0 6 7 8 7 7 10 10 8 7 7 8 10 8 11 11 5 5 7 10 8 7 11 4 2 9 5 1 9 11 5 4 4 4 5 4 4 4 4 4 4 4 10 11 5 5 4 11 5 1 9 11 5 4 0 9 8 7 8 0 9 5 7 7 7 7 7 7 7 7 10 10 8 2 6 10 7 7 7 7 5 7 11 11 5 4 4 4 4 5 10 0 6 7 7 7 8 11 4 4 4 4 4 11 5 5 11 11 5 4 5 11 11 5 4 5 4 11 5 7 7 7 7 7 10 10 8 2 3 4 4 4 4 4 11 11 5 7 8 4 1 3 10 10 8 8 7 10 8 7 7 10 10 8 7 7 8 7 7 7 10 10 8 2 6 7 10 7 10 8 2 9 8 4 4 4 4 4 4 4 4 4 4 4 4 4 1 9 4 5 10 7 0 9 8 8 7 10 7 7 7 8 4 4 11 11 5 2 9 11 5 4 11 5 5 7 7 7 7 7 7 7 11 5 4 4 4 4 4 4 4 4 4 4 10 11 5 5 10 10 8 10 4 8 10 8 10 8 7 7 8 7 7 7 7 11 5 10 10 8 8 10 10 8 8 11 5 11 11 5 2 3 4 4 4 11 11 5 2 3 4 4 4 1 10 9 5 5 10 10 8 8 7 10 8 11 5 7 7 7 0 6 10 10 8 8 7 7 7 7 7 7 10 7 8 4 4 4 10 2 3 4 11 11 5 11 5 2 6 4 10 10 8 7 5 10 10 8 2 6 10 10 8 8 4 4 4 4 11 11 5 4 5 7 7 7 10 8 4 4 11 4 4 5 11 11 5 2 6 4 4 4 4 4 4 10 11 5 5 4 10 2 10 10 8 6 7 10 8 0 6 7 7 7 7 7 7 7 7 7 7 7 7 8 1 3 4 4 4 4 4 11 4 4 5 11 10 8 4 2 6 7 7 10 10 8 7 8 4 4 11 1 3 4 4 4 4 4 5 4 4 10 10 5 10 7 5 10 5 0 9 8 7 8 7 7 10 7 10 8 8 11 10 8 8 7 7 7 10 10 8 2 6 10 10 8 4 2 4 4 4 3 4 4 4 4 4 4 11 4 10 8 8 10 7 7 8 10 8 11 4 4 4 4 11 5 5 7 7 7 10 7 0 6 7 7 8 4 4 10 2 6 7 10 7 8 11 11 5 4 2 11 11 4 3 5 11 5 4 4 4 4 5 7 10 8 10 10 8 8 4 11 4 4 11 5 4 4 4 5 10 10 8 2 6 10 10 8 8 10 7 7 7 7 7 11 5 4 4 4 5 10 8 11 11 5 5 11 5 10 11 5 7 8 7 11 11 5 4 5 4 4 4 11 11 5 2 7 6 0 6 7 7 7 11 5 7 7 10 7 7 7 7 7 7 8 11 11 5 4 5 10 10 8 7 7 7 7 7 7 8 4 4 4 4 4 4 4 4 4 4 4 4 7 11 10 8 7 8 4 4 4 4 4 4 10 8 7 10 10 8 8 10 10 8 4 4 4 4 5 7 7 7 7 10 7 7 8 7 10 8 11 5 4 4 4 4 4 10 11 5 5 10 8 4 11 1 3 4 11 5 4 5 10 0 3 8 7 7 0 6 7 7 7 7 7 7 7 7 7 7 7 7 11 10 8 8 4 4 4 11 5 4 4 4 4 1 4 3 11 4 4 4 5 4 10 0 6 7 7 7 10 8 8 11 10 7 7 8 7 7 7 7 7 7 7 8 4 4 11 4 4 4 4 4 5 11 10 8 8 7 10 7 8 4 1 9 11 5 4 4 4 4 4 5 11 11 5 2 9 11 5 4 2 3 4 4 10 10 8 7 8 7 7 7 0 6 7 11 5 10 10 8 7 8 11 4 4 5 11 4 4 4 5 10 10 8 10 8 8 7 10 10 7 8 7 7 7 10 8 8 10 10 8 8 11 10 8 8 10 8 11 11 5 4 4 4 5 7 11 10 8 7 7 8 11 11 5 4 1 9 5 4 4 4 4 5 4 11 11 5 7 8 4 4 4 11 4 5 4 4 4 11 11 5 2 7 7 7 7 7 7 7 6 7 7 7 7 7 7 10 8 11 4 4 4 4 5 10 10 7 8 2 4 4 3 10 11 5 5 11 4 4 5 11 5 7 7 7 7 10 11 5 7 8 7 0 6 10 10 8 8 7 10 10 8 8 11 5 1 9 11 5 5 11 4 11 5 2 9 10 7 5 4 4 5 0 6 7 7 10 7 7 10 8 7 7 7 8 11 5 7 11 1 9 5 4 4 4 4 5 11 1 4 3 4 4 4 4 5 11 5 4 11 11 5 11 5 2 10 10 8 7 7 7 8 10 10 8 7 7 7 7 7 7 8 9 11 5 5 7 7 10 10 8 8 10 10 8 8
ppo_x50_b_fd_l4_same_gamma,80,qv22_81,22,229,True,1683.0,10.394672632217407,6 8 10 8 8 4 10 10 8 4 2 10 9 5 5 10 10 8 10 8 8 11 5 7 10 10 8 8 10 10 8 8 10 2 9 10 8 8 10 10 8 8 10 4 5 7 10 10 8 8 10 10 8 8 4 4 4 4 4 10 8 11 4 2 9 8 4 4 4 4 10 11 5 5 4 4 4 10 11 5 5 4 10 10 8 7 7 11 5 7 7 7 7 8 4 4 4 11 5 11 5 7 7 10 11 5 5 7 0 6 10 10 8 7 7 7 7 7 7 7 8 10 7 10 8 8 10 10 8 8 4 0 11 6 8 11 4 11 7 1 8 8 9 8 11 4 4 7 4 4 4 7 4 11 5 5 4 4 4 4 4 10 10 8 7 8 4 11 4 5 4 10 11 5 5 4 4 10 8 7 7 7 10 10 8 4 5 7 10 7 7 10 8 8 7 7 10 8 7 11 11 5 4 5 4 4 11 5 1 3 1 4 4 3 11 4 5 7 10 4 11 5 4 5 4 11 5 0 9 11 5 5 10 10 7 8 7 7 8 7 10 10 8 2 9 8 10 10 7 8 7 7 5 10 10 8 8 11 11 5 4 4 4 4 4 4 4 4 4 5 7 11 2 9 11 5 7 8 11 4 4 4 5 10 10 8 7 7 7 10 8 10 8 10 8 7 7 8 10 10 8 8 10 10 8 2 3 11 8 11 11 5 7 7 7 7 8 4 4 4 11 10 8 8 7 10 10 8 7 7 5 1 3 4 4 4 4 4 4 4 4 4 11 4 10 8 4 4 2 9 10 8 7 8 11 4 4 4 5 4 4 10 10 8 7 7 7 8 11 10 8 7 0 6 7 10 8 4 5 10 10 8 7 7 7 8 4 1 3 11 4 5 10 10 8 4 4 1 3 4 4 4 4 5 4 10 11 5 4 4 4 5 10 10 8 7 10 8 2 3 4 10 11 5 5 10 10 8 7 10 8 7 10 8 8 4 4 4 11 5 10 10 7 7 7 8 7 7 8 11 11 5 5 7 7 7 7 10 11 5 7 8 4 4 4 11 4 10 8 8 10 4 5 4 4 4 4 10 5 4 1 3 4 4 10 11 5 5 10 8 7 11 11 5 5 10 10 8 7 8 10 10 8 7 7 7 7 7 7 7 7 7 7 8 10 2 7 6 10 10 8 8 4 4 4 4 4 10 8 11 5 4 4 4 4 11 5 4 11 11 5 2 3 10 10 7 7 8 8 7 10 7 7 8 10 7 7 8 4 4 4 4 4 4 4 1 9 5 4 10 10 8 2 10 9 8 7 8 7 11 10 8 7 5 11 4 4 5 10 10 8 8 7 7 10 8 10 7 8 11 1 3 4 10 8 2 4 4 11 9 8 8 11 11 5 4 4 4 4 4 4 4 4 5 11 2 6 10 8 7 7 7 7 10 8 7 1 9 4 11 5 5 1 6 10 4 10 8 8 4 4 11 11 5 5 11 4 4 4 4 4 4 0 5 6 10 10 8 7 7 8 7 10 7 7 7 7 7 7 7 7 8 11 10 7 8 4 2 3 11 11 5 5 10 11 5 5 4 4 4 4 11 11 5 2 9 11 5 5 4 7 7 7 10 7 11 5 5 4 4 4 4 10 11 5 4 5 0 6 10 10 8 10 8 0 6 7 7 7 7 7 7 7 7 7 7 7 8 4 4 4 4 10 11 5 5 4 4 10 10 8 7 10 7 8 7 7 7 7 8 1 9 10 8 8 1 3 4 4 11 4 4 5 11 4 10 8 10 8 2 9 11 5 2 9 11 5 5 10 7 7 7 8 4 4 11 4 4 5 11 11 5 11 5 4 4 5 4 4 7 4 4 11 5 7 7 7 10 10 8 0 6 7 8 7 7 10 10 8 2 7 6 10 8 4 1 3 4 4 4 7 4 11 4 4 5 10 10 8 7 7 7 7 7 7 7 8 11 4 4 4 4 11 5 5 4 4 4 4 11 5 4 10 10 8 7 7 7 7 7 8 11 5 10 10 8 8 10 7 10 8 8 4 11 2 4 4 3 4 11 4 5 4 4 4 11 5 10 8 11 4 4 5 7 7 7 7 7 7 7 7 7 7 7 11 10 8 8 4 11 2 3 11 4 4 4 4 4 4 4 5 11 5 4 10 8 0 9 10 7 7 7 7 8 7 7 8 11 11 5 5 7 11 11 5 4 4 5 7 10 10 7 7 7 7 7 7 7 7 7 8 7 8 10 8 11 4 10 8 4 5 10 7 8 11 5 11 11 5 5 7 11 5 11 5 7 7 10 8 4 4 11 8 10 11 5 5 4 4 4 4 4 4 4 11 4 4 4 4 4 4 4 5 7 10 0 5 9 11 5 7 8 11 4 8 0 6 7 7 4 7 10 4 10 8 8 7 7 7 7 7 7 7 7 10 10 8 7 7 8 1 3 4 11 4 4 1 5 9 10 8 8 10 10 8 8 10 10 8 2 9 10 8 7 8 11 4 4 4 1 3 4 4 1 3 5 10 2 3 10 10 8 8 11 5 11 11 4 5 4 11 5 5 7 10 8 11 4 4 5 4 4 4 4 4 0 9 7 4 10 5 10 5 7 4 4 5 10 10 8 10 8 7 7 8 7 7 11 5 4 11 5 4 10 11 5 5 7 10 8 10 8 10 8 7 7 10 8 7 7 7 7 7 10 10 8 2 3 11 11 5 5 10 4 10 8 4 5 4 11 5 4 11 4 5 11 2 3 10 10 8 7 7 7 7 7 7 7 7 7 7 8 10 10 8 2 3 11 5 4 4 10 10 8 7 8 11 4 5 1 3 4 4 4 4 11 4 4 4 4 4 4 5 11 4 11 5 4 2 6 10 8 7 7 7 10 11 5 5 7 7 10 10 8 7 7 7 7 7 7 7 7 8 11 10 8 7 8 11 4 1 3 5 4 4 10 10 8 7 8 7 10 8 4 4 4 4 4 4 11 11 5 4 8 11 11 5 2 7 6 10 7 7 8 4 4 4 4 4 4 4 10 11 5 5 4 4 4 4 4 4 10 10 8 7 8 10 10 8 7 0 6 7 7 7 10 8 7 8 7 10 7 8 11 11 5 2 6 0 3 4 1 3 4 4 4 4 4 11 11 5 4 11 5 2 9 10 8 2 3 4 4 4 10 10 8 8 7 7 7 10 8 4 4 4 4 10 10 8 0 6 7 10 8 7 7 7 10 8 7 7 7 7 7 7 8 10 4 2 3 4 10 8 4 11 4 4 4 5 11 11 5 4 2 3 4 4 11 4 10 8 8 7 0 6 7 7 7 10 7 7 10 8 8 7 11 4 5 10 10 8 2 4 4 4 4 4 4 3 4 11 4 4 4 5 11 4 2 9 10 8 10 8 7 7 7 10 8 8 11 5 7 10 10 8 8 7 7 7 10 10 8 2 7 9 10 8 8 4 4 4 4 4 1 9 11 5 2 9 5 7 11 11 5 4 4 4 4 5 10 2 9 7 8 11 11 5 5 4 4 4 4 11 10 8 8 4 4 11 11 5 4 2 6 7 7 7 7 7 7 10 10 8 2 4 4 3 4 11 5 10 10 8 4 4 5 10 7 7 7 10 8 7 7 8 10 7 10 7 8 2 6 7 7 10 7 8 10 10 8 4 2 4 3 11 4 5 4 4 10 8 11 11 5 4 4 4 4 4 5 10 10 8 7 0 6 8 11 11 5 5 4 4 4 4 4 11 11 5 4 5 10 10 8 7 7 7 7 0 6 7 7 7 7 7 7 7 7 8 10 10 2 8
ppo_x50_b_fd_l4_same_gamma,81,qv22_82,22,229,True,1654.0,10.408735036849976,8 8 9 10 8 8 10 10 8 8 11 5 11 11 5 5 7 7 10 11 5 5 7 10 10 8 10 8 8 10 10 8 8 11 5 10 10 7 8 8 10 4 5 7 10 10 8 7 5 10 10 8 7 5 11 4 8 11 4 4 5 4 10 10 8 7 8 10 8 7 10 10 8 8 4 4 4 10 8 11 4 4 5 7 10 10 8 2 3 4 11 5 7 7 4 7 11 8 4 7 4 7 4 7 11 4 10 8 8 7 7 7 10 10 8 8 10 10 8 8 11 4 10 8 8 11 4 5 4 4 4 4 4 4 11 4 4 4 4 5 7 10 8 4 4 4 10 8 7 7 7 7 7 11 11 4 5 4 4 4 4 4 4 4 5 4 10 2 6 7 4 7 4 10 8 7 10 10 8 7 7 7 7 8 7 7 7 7 10 11 5 5 11 5 7 10 7 7 7 8 4 11 10 4 8 10 4 8 10 4 8 11 8 10 4 8 1 4 9 5 0 6 7 7 7 7 7 8 11 2 3 4 11 11 5 4 11 5 4 4 4 4 4 4 4 5 7 7 7 7 11 11 5 2 11 3 4 5 4 4 4 4 11 4 4 2 6 10 10 8 8 1 9 10 5 10 5 1 3 5 10 10 7 1 5 8 10 10 8 6 0 6 7 7 7 10 8 8 10 8 7 7 7 7 4 7 4 7 10 7 7 7 8 11 11 5 4 4 11 5 5 7 4 7 4 7 10 7 8 11 4 11 5 5 7 11 5 4 11 11 5 4 4 8 10 4 4 11 5 2 6 10 10 8 8 7 7 7 7 7 7 7 7 7 10 8 11 4 5 11 4 4 4 4 4 4 4 4 4 4 5 11 2 3 11 4 5 10 10 8 7 7 7 7 8 10 2 6 11 10 8 8 10 10 7 8 8 10 10 8 8 11 5 4 4 10 10 8 5 4 1 3 4 4 11 11 5 4 5 0 6 10 8 7 11 10 8 8 11 11 5 10 5 7 5 1 3 4 4 4 11 5 0 6 11 11 5 5 4 4 11 11 5 2 9 8 7 0 6 10 10 8 10 8 7 0 6 7 7 7 8 4 10 10 8 7 7 7 7 7 7 7 8 11 1 9 5 5 11 5 4 4 11 4 5 11 5 4 11 11 5 2 6 10 7 7 7 7 7 7 7 8 10 4 4 4 5 4 4 11 5 4 11 11 5 4 5 7 11 11 5 4 5 7 10 5 7 7 7 7 7 11 10 8 8 11 2 7 6 7 7 7 7 10 10 8 8 4 4 4 11 5 1 3 4 4 4 4 4 4 11 5 11 4 11 5 2 11 3 4 5 7 10 0 9 8 8 7 7 7 7 7 7 7 11 10 8 8 4 4 11 11 4 8 2 6 11 10 8 8 4 4 4 7 4 7 4 4 4 4 4 4 4 11 5 4 0 6 7 7 10 10 8 7 7 7 7 8 11 11 5 2 4 3 4 4 10 11 5 5 11 5 10 7 7 7 7 7 7 7 7 7 7 7 10 8 7 8 11 2 6 7 11 11 5 2 6 4 4 11 4 5 4 4 4 4 4 10 10 8 2 6 7 11 10 8 8 10 8 10 7 10 8 7 8 7 1 3 4 4 11 4 4 4 5 4 4 11 11 5 4 4 4 5 10 10 8 2 6 7 11 5 10 8 7 7 7 10 8 11 11 5 5 7 7 7 10 7 7 7 7 7 8 4 4 4 4 4 4 1 3 11 5 4 11 11 5 4 4 5 4 11 11 5 2 10 9 5 5 7 7 7 10 7 10 8 7 7 7 8 11 11 5 2 9 10 8 4 4 4 5 7 7 7 7 10 10 7 7 7 8 8 11 10 8 7 7 7 8 11 11 5 5 11 5 11 5 4 4 11 5 4 7 4 7 4 7 7 11 10 8 2 6 4 11 11 5 4 4 4 4 4 4 5 4 11 5 11 5 4 11 11 5 2 7 7 6 7 0 6 7 7 7 7 7 7 7 7 7 7 7 11 5 4 4 4 4 4 11 4 5 10 10 8 8 10 10 8 7 8 7 7 10 10 8 7 8 11 11 5 4 4 2 4 3 4 4 4 4 1 3 11 4 4 5 7 10 4 8 7 7 11 11 5 4 4 5 10 8 7 7 7 7 7 7 10 8 11 10 7 7 8 7 7 7 8 11 1 3 4 4 4 4 4 11 5 2 6 7 11 4 11 5 4 4 5 4 11 11 5 4 5 7 7 7 0 6 11 4 2 6 10 10 4 5 11 5 11 5 5 0 9 11 5 4 5 7 7 11 5 7 7 7 10 8 10 10 8 8 10 10 8 2 6 10 7 10 8 7 8 10 7 8 1 6 1 9 10 8 8 11 4 1 3 4 4 4 5 10 4 4 4 10 8 8 11 4 11 5 2 7 9 8 7 10 7 10 8 7 8 10 10 7 8 2 6 10 8 7 7 11 5 7 11 5 7 4 11 10 8 8 4 11 5 4 4 4 4 4 4 4 4 4 4 4 4 10 8 11 11 5 4 4 4 4 5 0 9 5 10 10 8 2 6 7 7 7 7 11 10 8 8 4 4 10 10 8 8 7 7 10 7 5 10 10 8 7 7 7 8 11 7 7 10 7 8 4 8 4 4 11 2 3 11 5 4 4 4 4 4 11 5 11 4 4 2 3 11 11 5 4 4 4 5 10 8 10 8 0 6 7 7 10 5 10 7 10 8 7 10 8 2 3 4 10 4 4 5 10 10 8 8 4 4 4 10 11 5 5 7 10 10 8 7 7 7 7 7 7 7 8 10 10 8 2 11 9 8 8 1 3 4 4 4 4 4 11 4 5 11 4 10 8 7 7 8 11 11 5 4 4 4 4 4 4 4 11 5 2 6 4 10 8 11 11 5 2 10 6 8 7 7 11 5 11 5 7 7 7 7 7 7 7 7 7 7 7 7 7 7 11 10 8 8 11 2 3 11 11 5 7 7 7 8 7 11 5 4 11 4 4 4 4 4 5 7 10 8 4 4 11 5 7 7 10 10 7 8 7 7 7 7 7 8 1 3 4 11 4 1 3 4 5 4 4 4 4 4 4 11 5 7 11 11 5 5 10 10 8 10 8 0 6 7 7 7 7 8 4 10 10 7 7 8 8 10 11 5 2 3 11 4 4 4 4 5 4 4 4 11 5 4 4 11 11 5 4 4 5 10 10 8 10 8 8 7 10 0 9 8 7 8 7 10 10 8 7 10 8 2 9 5 4 4 4 11 4 8 4 11 11 5 2 9 8 10 10 8 7 10 8 8 11 5 4 10 11 5 5 10 7 10 7 0 6 7 7 7 7 8 8 10 7 7 7 8 11 11 5 5 1 3 4 4 4 4 10 8 4 10 10 2 8 9 5 4 4 4 11 11 5 2 9 8 7 10 10 8 7 7 8 11 11 5 5 11 2 4 4 4 3 10 11 5 5 4 4 11 11 5 11 5 4 4 5 10 10 8 0 9 8 8 7 7 7 7 7 7 10 11 5 5 10 10 7 8 7 7 8 11 11 5 2 9 5 11 4 11 5 2 10 7 9 8 7 7 7 7 8 4 11 10 8 8 10 10 8 8 11 10 8 8 11 11 5 4 4 1 5 4 4 4 4 4 3 11 5 4 4 10 4 4 4 4 4 11 5 2 10 10 7 8 7 7 7 7 9 8 7 8 7 7 7 7 7 7 7 7 10 7 7 10 2 8
ppo_x50_b_fd_l4_same_gamma,82,qv22_83,22,232,True,1727.0,10.521479845046997,8 8 10 9 8 8 10 10 8 8 11 5 7 10 10 8 8 10 10 8 8 11 5 4 11 5 10 8 10 10 8 7 10 8 8 10 10 8 8 10 4 4 4 5 11 4 4 5 10 10 8 0 6 7 7 7 10 7 8 7 10 8 8 10 10 8 8 11 5 11 5 4 10 4 10 8 2 3 10 10 8 4 4 5 10 11 5 2 9 7 10 8 4 4 4 4 4 4 5 4 11 4 4 11 5 4 4 5 11 4 2 9 10 8 8 7 7 11 5 4 10 8 7 7 7 7 7 11 5 10 10 8 0 6 7 7 7 7 7 7 7 7 8 10 10 8 8 4 1 11 3 4 5 4 11 4 5 10 7 8 11 11 5 2 6 11 4 11 5 2 3 10 4 4 1 3 4 5 4 4 4 4 4 10 10 8 0 6 7 7 7 7 7 7 7 8 10 7 10 8 7 5 10 7 10 8 2 9 10 8 8 1 11 3 4 4 4 4 5 11 11 5 5 4 4 4 4 4 11 11 5 2 6 7 0 6 7 7 10 8 7 10 10 8 10 8 2 4 9 10 8 7 7 8 11 4 4 5 4 4 11 11 5 5 11 11 5 2 3 11 10 8 8 4 10 10 8 7 7 7 10 8 7 10 8 7 7 8 10 10 8 7 8 11 7 0 5 9 5 11 4 4 4 4 11 5 2 4 9 5 4 4 4 4 11 11 4 5 11 5 5 4 4 4 11 2 9 10 8 8 10 8 4 10 10 8 7 8 7 7 7 7 10 8 4 1 3 11 4 4 5 4 10 7 7 8 7 10 8 7 7 10 10 7 7 8 4 5 4 4 4 4 4 4 4 4 11 1 3 4 4 4 5 0 6 7 7 7 10 8 10 11 5 4 4 4 5 10 0 6 7 7 8 7 10 8 4 10 10 8 7 7 8 7 10 10 7 7 8 7 7 8 10 10 8 8 4 4 1 3 4 11 10 8 8 11 8 11 8 11 8 11 7 11 5 2 3 4 4 11 10 8 8 4 11 5 11 11 4 5 4 4 4 4 4 5 10 10 8 2 3 11 4 5 10 8 10 8 7 7 7 7 10 10 8 7 7 7 5 7 7 10 7 10 8 8 4 11 1 3 4 4 4 4 4 5 11 4 1 3 4 5 4 11 5 4 4 11 11 5 7 8 0 9 8 10 10 8 7 7 8 10 10 8 8 7 7 7 7 7 10 7 8 11 11 5 2 6 4 10 10 8 11 8 0 6 8 10 7 8 4 4 1 3 4 4 4 11 5 4 4 4 4 10 8 11 5 4 4 10 8 11 11 5 4 4 5 4 10 2 9 7 8 1 3 11 5 7 4 11 5 4 10 10 8 8 10 0 9 5 5 10 10 8 7 8 7 7 10 4 5 7 10 10 8 7 7 7 7 8 11 4 4 4 10 8 2 6 10 7 7 7 8 7 10 10 8 8 4 4 11 4 4 4 7 4 7 4 7 4 7 4 7 1 3 2 3 11 11 5 2 9 11 8 7 10 7 7 8 4 1 3 4 1 3 4 5 7 11 11 5 4 4 4 4 5 10 8 4 11 4 4 5 10 10 8 10 8 2 6 10 0 6 7 7 7 10 8 7 0 6 7 7 8 10 11 5 5 10 7 7 10 8 7 7 8 11 2 3 4 4 4 4 4 4 11 4 4 4 5 10 10 8 2 9 10 8 8 10 10 8 8 10 8 7 7 7 7 11 11 4 8 1 3 1 3 5 4 4 11 5 11 11 5 4 4 4 11 5 2 4 11 5 6 10 8 4 4 4 4 7 4 10 11 5 2 6 7 10 8 0 6 10 8 7 11 10 8 7 7 8 10 8 7 10 5 10 4 7 7 5 4 4 4 4 11 11 5 7 8 10 8 4 10 10 8 7 7 7 7 7 8 4 4 4 1 3 4 10 11 5 5 4 11 4 4 11 5 4 4 4 5 7 11 11 5 2 11 9 8 8 7 4 7 4 7 10 7 8 7 11 5 10 8 7 7 7 7 7 7 7 7 7 7 11 10 8 8 7 11 10 8 8 7 11 11 5 4 1 4 9 8 8 7 11 7 8 10 8 11 11 5 4 11 5 4 4 11 5 4 11 5 2 6 4 4 4 4 4 4 4 10 11 5 2 9 5 7 10 10 8 7 7 7 7 7 7 7 7 11 4 7 7 8 2 3 1 4 3 4 11 11 5 4 4 4 4 4 5 10 7 7 7 8 4 10 8 7 7 7 7 7 4 7 4 7 4 7 4 7 4 7 4 7 4 7 4 7 10 11 5 5 11 11 5 11 5 4 4 4 4 5 4 11 11 5 4 4 5 10 2 6 7 7 7 7 7 10 10 8 10 8 2 3 4 11 11 5 11 5 4 11 5 4 5 4 10 2 10 10 8 6 8 0 6 10 7 7 7 8 4 4 4 4 11 5 10 10 8 2 6 10 10 8 7 7 8 10 10 8 2 11 3 4 5 11 11 5 2 6 7 10 10 8 7 8 10 2 9 10 8 7 10 8 7 7 7 8 11 4 1 9 5 4 5 4 4 4 4 4 4 4 11 4 5 4 10 10 8 7 8 11 4 4 5 4 11 11 5 2 6 7 10 10 8 7 8 7 10 11 5 5 4 1 9 8 10 8 7 10 10 8 7 7 7 7 7 7 8 10 8 7 11 10 8 8 4 11 11 5 4 1 3 4 1 3 5 4 10 4 10 7 8 2 9 7 8 7 7 11 7 7 7 8 4 11 11 5 11 5 4 5 7 7 10 8 7 11 11 5 5 11 11 5 1 3 4 11 5 4 5 1 3 4 11 5 4 4 4 11 5 4 4 10 2 10 10 8 6 7 7 7 7 7 0 6 7 8 10 7 10 8 7 7 7 0 6 7 7 8 4 4 11 1 3 4 4 4 1 3 4 5 4 4 4 4 4 4 10 4 5 10 10 8 8 11 5 10 10 8 10 8 7 7 7 7 7 5 10 10 8 8 7 7 7 10 8 10 7 8 4 11 4 10 8 2 3 11 5 4 4 4 4 4 4 11 11 5 5 10 7 7 0 6 7 7 5 11 10 8 8 11 10 7 8 10 7 8 4 2 4 4 3 4 11 4 8 11 4 4 4 4 4 4 5 4 4 4 4 4 0 9 5 10 10 8 8 7 10 7 7 7 7 7 8 4 4 11 10 8 2 9 10 8 7 7 7 7 7 7 7 7 7 8 11 4 1 3 4 4 5 4 11 11 5 4 5 7 7 11 5 10 8 7 7 7 10 11 5 5 11 4 4 4 4 4 4 8 11 4 4 4 4 5 11 4 5 10 10 7 8 2 6 10 10 8 7 8 7 7 7 7 7 7 7 7 7 7 7 10 8 10 8 11 11 5 2 9 11 5 5 11 4 4 4 10 8 8 11 11 5 4 4 4 4 4 4 4 4 4 5 10 0 6 7 7 8 10 10 8 7 8 11 4 4 4 4 5 11 5 7 7 7 7 10 7 0 9 8 8 11 4 4 10 8 8 11 4 4 4 4 5 11 4 10 8 7 7 7 7 8 10 4 10 8 4 5 11 5 10 7 7 10 7 8 8 7 7 0 6 11 11 5 5 4 11 11 5 2 6 10 7 7 10 7 8 7 7 8 10 4 11 5 5 7 10 7 8 11 5 11 2 11 9 5 1 3 4 4 5 4 11 4 1 3 4 5 4 11 5 4 11 11 5 4 4 4 5 10 10 0 7 8 9 8 7 7 7 7 7 8 10 10 8 8 7 10 10 7 7 2 8 11 5 9 11 5 4 4 5 4 11 5 7 11 11 5 4 4 4 4 4 5 10 10 7 8 0 6 7 7 7 7 8 7 7 7 10 10 8 7 7 8 10 10 2 8
ppo_x50_b_fd_l4_same_gamma,83,qv22_84,22,234,True,1714.0,10.6278977394104,6 8 10 8 8 7 11 11 5 8 7 10 8 11 5 4 11 11 5 7 2 6 7 10 5 10 11 5 5 0 6 7 10 10 8 8 10 10 8 8 11 5 10 10 7 8 8 10 10 8 8 10 10 7 8 5 4 10 10 8 4 5 10 7 10 8 8 10 10 8 8 11 10 8 7 4 8 11 1 8 9 11 5 5 4 4 1 4 3 11 4 4 4 4 4 4 4 4 5 11 5 10 10 8 2 3 7 10 10 8 7 7 7 7 8 4 4 4 11 2 9 11 5 7 8 4 4 4 4 11 4 4 8 7 11 11 5 5 10 7 11 5 5 10 10 8 10 8 7 11 5 2 3 10 11 5 5 7 10 10 8 7 7 7 7 8 10 10 8 7 7 7 8 11 11 5 5 7 10 11 5 5 4 4 4 4 11 4 2 9 10 8 8 4 4 4 4 4 11 5 10 10 8 2 10 8 6 10 10 8 10 8 7 7 8 10 10 0 6 7 7 8 7 8 10 11 5 2 9 7 7 7 10 8 8 4 4 4 10 8 11 5 4 4 11 5 4 10 10 8 8 11 4 5 4 11 4 4 4 4 5 7 10 0 6 7 7 7 7 8 10 10 8 8 7 10 4 11 5 7 7 5 10 10 8 8 4 4 11 5 1 3 4 4 4 4 11 4 8 10 10 8 8 4 4 4 4 4 1 9 5 10 10 4 5 4 11 5 2 9 8 11 11 5 4 4 2 6 10 10 7 8 7 7 10 8 10 8 8 10 10 8 7 0 6 7 7 7 7 7 8 11 4 5 10 7 10 8 8 4 4 4 1 3 4 4 11 11 5 5 10 8 4 11 4 4 11 5 2 9 5 4 10 8 0 10 10 8 10 8 9 8 7 7 8 10 10 8 7 7 8 10 10 8 4 7 5 4 4 4 10 8 7 7 7 10 8 4 4 10 8 11 4 5 10 10 8 4 4 5 10 8 7 10 7 10 8 8 11 1 9 8 8 11 5 11 5 4 11 4 11 4 5 4 4 8 11 11 5 2 3 4 10 4 4 5 4 4 4 4 10 8 7 7 7 11 4 4 5 7 10 11 5 5 10 10 8 7 8 7 7 10 10 8 7 7 8 7 7 7 7 10 7 11 7 8 8 4 10 8 11 11 5 2 3 11 4 11 5 11 5 4 4 5 7 11 11 5 4 4 4 5 11 5 11 5 4 4 4 4 10 11 5 5 7 10 10 8 8 7 7 7 7 10 10 8 7 7 7 7 7 8 11 2 9 11 5 4 4 4 4 5 10 7 0 6 7 5 10 10 7 7 8 8 7 1 9 4 7 4 4 10 8 7 10 8 8 11 2 9 10 8 8 4 4 11 1 9 5 5 4 4 4 4 4 4 11 5 11 10 8 4 5 4 4 11 11 5 4 4 4 2 10 10 6 8 0 6 7 7 7 7 7 8 10 8 10 10 8 8 4 4 4 1 3 11 5 4 7 10 10 8 10 8 8 7 7 7 10 7 5 10 10 8 2 6 4 4 4 11 4 4 2 4 3 4 1 3 4 11 4 4 4 5 10 10 8 7 7 7 7 8 7 10 10 8 4 4 8 10 4 11 5 4 11 5 5 7 11 11 5 1 3 4 4 5 7 7 7 7 11 5 4 10 10 7 8 8 10 10 8 7 7 7 7 10 8 8 4 4 10 4 10 8 2 9 10 8 7 7 8 7 7 10 10 8 7 8 11 5 4 4 4 11 4 5 11 4 4 1 3 4 5 0 9 11 5 5 10 2 6 10 10 7 7 7 7 8 8 10 10 8 7 7 7 8 4 11 5 11 1 5 4 3 11 4 4 4 5 11 11 4 5 11 5 2 9 10 8 2 9 11 5 7 8 4 4 4 4 4 11 11 5 5 4 10 10 0 6 7 8 10 8 0 6 7 7 7 7 10 8 7 8 10 4 4 5 10 10 7 7 8 8 7 10 2 4 9 5 4 4 4 4 11 11 5 2 11 3 4 5 4 4 4 10 2 9 11 5 5 7 10 10 8 7 7 10 8 0 6 7 8 7 10 7 10 7 8 2 3 10 4 4 4 5 10 10 7 7 7 8 7 7 8 11 2 9 10 8 8 11 5 11 11 5 5 4 4 4 11 4 4 4 5 4 4 11 11 5 4 2 6 10 4 4 4 4 5 10 8 10 7 8 10 8 7 10 8 10 10 8 7 8 7 10 8 10 10 7 8 10 8 2 6 7 10 10 8 8 4 4 11 5 4 4 4 4 10 2 3 4 11 11 5 5 11 10 4 5 7 8 4 4 11 11 5 2 3 11 5 10 4 4 5 4 7 4 7 4 7 4 7 4 7 4 10 10 8 8 7 10 8 7 7 7 7 7 0 7 10 6 7 7 7 7 7 8 11 11 5 4 5 10 8 4 4 4 4 4 11 11 5 5 11 4 4 4 4 4 4 5 4 10 10 8 8 0 6 7 7 7 7 7 7 10 8 11 11 4 5 2 3 4 11 5 10 4 4 5 7 10 7 10 8 2 6 10 10 8 7 7 7 7 8 11 11 5 5 10 7 7 7 7 8 1 3 4 4 4 11 11 5 5 11 4 4 4 4 4 4 4 4 5 4 11 11 5 2 7 7 7 9 8 7 7 7 7 7 7 7 7 7 7 7 7 7 7 10 8 1 9 11 5 5 4 11 4 1 3 5 4 11 11 5 4 2 3 4 1 3 4 11 5 4 4 4 10 10 4 4 5 2 10 6 10 7 8 0 6 7 8 10 10 7 7 8 7 7 7 7 10 8 8 11 5 7 7 7 10 10 7 8 8 4 4 4 1 9 5 4 4 4 4 11 4 5 10 7 7 11 5 2 11 3 4 4 4 10 8 7 8 11 11 5 2 6 10 7 10 8 7 7 8 10 11 5 5 7 4 4 10 10 8 7 7 8 10 2 9 7 8 11 11 5 7 7 7 8 1 3 4 4 11 4 4 5 4 4 4 4 1 4 9 4 5 10 4 4 4 10 8 0 6 7 8 7 10 7 7 7 7 7 8 4 11 10 8 8 10 10 8 8 4 4 1 9 11 5 4 4 4 4 4 5 11 11 5 11 5 4 4 5 1 3 7 11 11 5 5 10 7 7 7 7 8 10 8 4 10 11 5 5 7 10 8 10 10 8 10 8 7 8 11 4 4 4 4 4 4 5 10 8 10 8 10 8 10 7 7 10 8 7 7 5 4 11 5 7 10 10 8 8 10 7 11 5 2 3 4 4 4 4 4 4 4 4 11 4 5 7 11 11 5 4 2 9 8 7 11 11 5 4 2 10 6 10 7 8 7 7 0 6 7 7 7 7 8 11 4 4 4 11 5 8 11 11 5 5 11 4 5 10 10 8 7 7 7 8 7 7 7 7 11 7 10 7 8 7 7 7 8 7 7 11 11 5 4 4 4 5 7 7 11 4 10 8 8 10 4 11 8 11 8 11 8 11 8 7 4 11 5 4 10 8 7 7 8 7 11 10 8 8 11 11 5 1 3 4 4 11 5 4 1 3 4 4 4 5 0 6 7 7 10 10 8 8 7 10 7 11 7 8 2 6 11 4 11 5 4 4 4 8 11 5 4 1 11 9 5 4 4 4 4 5 4 11 5 10 10 8 7 7 0 6 7 8 10 10 8 8 7 10 10 8 2 3 4 10 8 7 7 11 10 8 8 4 11 4 11 5 4 4 4 4 5 11 4 4 4 4 4 5 7 10 10 7 8 2 10 10 8 8 10 10 8 7 7 6 7 7 8 7 7 10 10 8 8 7 10 10 2 8 4 4 11 11 5 4 4 4 4 4 4 4 4 4 4 4 4 4 4 4 4 5
ppo_x50_b_fd_l4_same_gamma,84,qv22_85,22,231,True,1683.0,10.453238010406494,8 6 2 6 10 10 8 4 2 6 7 7 11 4 5 11 4 0 5 6 10 10 8 8 7 10 4 5 7 10 10 8 8 10 10 8 8 11 5 4 11 5 4 10 10 8 8 7 10 10 8 10 8 7 10 8 8 10 10 8 8 10 11 5 2 6 10 10 8 8 10 2 9 10 8 8 10 10 8 8 11 4 7 4 7 1 3 4 4 4 4 4 4 11 5 2 9 11 5 5 7 7 10 8 11 4 4 5 10 10 8 8 4 10 4 4 4 4 4 11 5 4 4 5 7 7 10 0 9 8 4 5 7 7 7 11 5 7 10 10 8 7 7 7 0 6 7 7 7 7 7 0 6 8 11 11 5 1 3 11 5 11 5 2 9 7 11 5 7 8 4 11 11 5 11 5 4 0 8 9 11 5 4 5 4 4 4 4 11 4 4 5 10 8 10 10 8 8 10 4 4 11 5 4 4 4 5 0 6 10 7 7 7 8 7 10 7 7 7 7 7 7 7 8 11 11 5 2 9 4 8 4 11 11 5 2 6 10 7 7 7 5 11 4 11 5 4 5 7 7 10 10 8 4 4 4 4 4 5 10 8 4 11 11 5 7 8 4 4 4 4 11 11 5 5 7 7 7 10 8 10 11 5 5 10 10 8 7 7 8 7 7 7 7 7 7 10 10 7 8 7 8 11 4 5 10 10 8 7 8 11 5 4 11 4 4 11 5 5 10 10 8 4 4 4 4 4 4 4 5 4 11 4 4 4 4 4 5 7 7 10 2 6 7 7 7 10 11 5 5 4 4 4 4 7 10 11 5 5 10 10 8 10 8 7 7 7 7 8 4 4 11 5 7 10 10 8 7 7 8 11 11 5 2 4 3 4 4 4 10 11 5 5 11 5 10 10 8 10 7 8 8 7 10 10 8 7 7 7 7 7 7 7 8 4 10 4 5 4 4 10 10 8 7 8 4 4 1 3 4 11 5 4 4 4 11 11 5 2 3 4 10 10 8 7 8 10 10 8 7 7 8 11 4 4 4 4 4 5 7 7 10 8 11 11 5 5 7 7 10 10 8 7 7 7 7 7 7 7 10 8 7 8 11 4 4 5 4 10 8 11 11 5 4 4 5 11 2 9 10 8 7 7 7 7 8 10 10 8 8 4 11 4 4 4 4 4 4 4 5 7 7 10 11 5 5 7 10 10 8 7 8 4 4 4 11 4 4 4 4 4 4 4 5 10 10 8 4 4 2 10 9 5 5 4 4 4 10 10 8 0 6 7 7 7 7 7 7 7 7 7 7 7 7 8 7 10 10 8 2 3 4 11 4 11 5 4 4 5 4 4 4 1 3 11 4 5 4 11 2 3 4 10 7 10 8 10 8 7 10 8 8 11 4 4 4 4 5 10 7 7 7 10 8 7 0 6 7 7 7 8 4 4 4 4 4 11 4 4 5 11 8 11 7 8 10 8 7 10 10 8 7 7 7 7 8 4 4 4 4 11 4 2 9 11 5 7 7 8 4 4 4 11 4 5 1 3 11 11 5 4 5 7 10 11 5 5 10 10 8 7 7 7 7 7 7 7 8 10 10 7 7 7 7 8 7 7 8 1 4 4 9 5 10 7 10 8 7 8 4 4 11 4 4 4 1 3 5 10 2 9 10 8 8 7 10 8 10 10 8 8 11 5 1 3 4 4 10 11 5 5 11 11 5 4 4 4 4 4 11 5 2 6 7 10 11 5 5 11 4 5 4 10 11 4 4 8 0 9 5 4 5 7 7 7 7 10 8 7 10 0 6 7 7 7 8 10 10 7 7 7 7 8 5 10 7 8 4 1 3 4 10 8 11 5 4 10 8 11 5 4 4 4 4 4 4 4 4 4 10 11 5 5 7 10 4 4 5 7 10 10 8 7 7 8 10 10 8 2 9 8 7 7 7 10 7 7 8 10 10 8 8 4 1 3 4 11 5 10 10 8 4 4 4 4 4 5 4 11 10 8 8 11 11 5 2 6 4 11 11 5 5 0 6 10 7 0 6 0 6 7 7 7 7 8 11 10 8 2 9 8 10 10 8 7 8 4 4 1 3 4 4 11 4 4 4 11 5 4 4 4 4 4 8 11 11 5 2 6 7 10 10 8 7 8 10 7 7 7 10 8 10 8 8 11 4 4 4 1 3 4 4 5 10 11 5 5 4 4 4 4 4 11 11 5 2 7 7 6 10 8 7 7 7 7 7 7 7 7 7 10 10 8 2 3 4 4 11 4 5 11 11 5 4 4 5 4 7 4 7 4 7 4 7 4 7 4 7 1 3 10 7 11 5 4 5 10 8 10 8 7 7 7 7 7 7 7 7 7 7 10 8 4 4 4 4 4 4 4 4 4 11 5 7 10 10 8 4 5 10 4 11 5 5 4 4 4 4 11 5 10 10 8 7 10 8 7 8 7 7 7 7 10 8 11 10 8 8 10 8 10 10 8 7 8 4 10 10 8 7 7 7 8 4 4 4 11 4 5 10 7 10 8 2 4 3 4 4 4 11 5 11 11 5 4 4 4 4 4 4 5 10 10 8 2 6 7 7 0 6 10 10 8 7 7 8 4 11 5 10 10 8 10 8 7 8 10 7 7 10 8 8 4 1 3 4 4 4 4 4 4 4 11 11 5 2 11 3 4 4 4 5 4 4 4 0 6 10 8 10 10 8 7 7 7 10 8 8 4 11 4 5 11 5 7 10 11 5 7 8 10 10 8 10 8 10 8 2 3 4 4 11 5 10 10 8 4 4 1 3 4 4 4 5 1 9 8 10 1 10 6 8 7 7 8 7 7 7 7 10 10 8 7 7 7 7 7 7 7 7 8 4 4 11 5 4 4 11 5 4 4 4 4 4 10 8 11 11 5 5 11 4 2 3 4 4 11 4 5 4 10 10 8 7 7 10 8 7 10 8 7 8 10 10 7 8 7 7 7 8 11 4 4 5 4 4 11 4 4 4 4 5 7 10 8 7 11 5 11 4 4 4 4 5 7 7 10 10 8 8 7 10 10 8 7 8 7 7 7 10 8 10 10 8 8 10 8 10 10 8 8 10 8 11 11 5 4 4 5 7 11 2 9 11 5 4 4 4 4 5 4 4 4 4 4 4 4 11 4 8 11 8 10 4 4 0 5 6 10 10 8 8 1 10 9 5 5 10 8 7 7 7 0 6 7 10 10 8 7 7 7 8 11 11 5 5 11 5 4 4 10 10 8 7 8 7 7 10 7 7 10 8 7 8 4 10 4 2 10 9 8 10 8 8 11 5 4 4 1 3 4 1 3 11 4 1 3 4 4 4 4 11 5 2 6 4 10 7 11 5 2 9 11 5 5 10 8 10 8 7 7 7 10 10 8 4 5 10 8 10 10 8 7 8 11 2 6 11 5 4 4 4 4 1 3 4 4 4 4 4 10 11 5 5 4 10 10 8 8 10 7 10 8 2 9 8 10 10 8 0 6 8 10 10 7 7 7 7 7 8 2 9 8 7 10 8 11 11 5 7 7 7 8 11 5 4 4 11 4 4 4 4 4 4 4 4 1 3 4 4 4 5 4 11 11 5 2 9 11 5 7 7 8 10 10 7 8 7 7 8 7 7 11 10 8 8 11 10 8 8 7 7 10 7 10 8 7 7 7 8 4 11 11 5 5 4 11 4 10 8 8 11 5 4 4 4 10 11 5 5 4 4 4 4 4 11 5 10 10 0 6 4 5 4 4 4 11 5 2 6 10 10 0 7 7 7 7 7 7 7 7 8 7 7 7 7 7 7 8 10 10 8 8
ppo_x50_b_fd_l4_same_gamma,85,qv22_86,22,230,True,1646.0,10.521082162857056,8 6 10 8 8 11 11 5 7 2 6 10 11 5 4 10 5 0 5 6 10 10 8 10 8 8 10 4 2 6 10 10 8 8 10 10 8 8 11 5 4 4 10 8 10 10 8 7 10 8 8 11 2 9 11 5 5 4 4 10 11 5 2 9 11 5 4 4 4 5 10 7 7 5 7 7 0 6 11 4 5 7 10 10 8 7 7 7 8 10 4 2 6 10 10 8 8 10 10 8 8 10 10 8 8 11 5 10 7 10 8 8 4 11 5 7 11 4 4 11 5 4 5 7 11 10 8 7 5 4 4 4 10 11 5 5 7 10 7 10 8 7 7 8 10 8 10 8 10 10 8 8 4 4 4 4 4 4 4 1 3 4 11 4 5 11 11 5 7 8 4 11 11 5 2 4 3 7 10 11 5 5 4 4 4 10 10 8 0 8 7 6 7 7 7 7 10 10 8 7 8 4 11 4 4 5 4 4 11 5 7 10 7 10 8 7 7 10 8 7 7 7 8 4 4 4 4 4 11 1 3 4 5 7 10 10 8 8 10 11 5 5 10 7 10 8 7 7 7 7 8 11 4 10 8 2 9 11 5 4 4 4 4 4 4 4 4 4 4 11 5 2 6 10 8 7 7 11 10 8 8 7 7 10 8 10 10 8 7 7 7 7 8 4 4 4 4 4 4 4 4 4 4 4 4 4 4 11 4 11 8 4 5 7 10 11 5 2 9 8 7 7 7 10 8 4 4 4 1 9 11 5 4 2 10 9 8 8 0 6 10 10 8 8 7 7 0 6 7 7 7 10 11 5 5 11 5 10 7 7 7 7 7 5 7 10 10 7 8 10 8 8 4 11 5 4 1 4 3 4 4 11 11 5 2 3 4 4 11 4 4 4 4 11 5 4 2 9 8 7 10 11 5 5 4 10 10 8 7 7 10 8 7 8 10 7 8 11 5 7 7 10 7 10 7 7 8 2 3 11 5 4 1 3 4 4 4 4 4 10 11 5 5 4 4 10 11 5 5 10 8 10 10 8 10 8 2 9 11 7 7 8 7 7 7 7 7 7 11 5 2 4 3 1 3 4 4 11 4 4 11 5 2 9 5 10 10 8 2 9 10 8 10 8 8 10 10 8 0 6 7 7 7 7 7 7 7 7 10 8 8 11 5 10 10 8 4 5 11 5 4 11 5 10 2 3 4 4 11 4 11 5 2 9 5 7 10 10 8 7 7 7 8 7 7 11 5 10 10 8 8 4 1 9 8 11 5 4 4 4 4 10 7 8 11 11 5 2 3 4 11 5 7 7 7 10 7 8 10 11 5 4 10 4 4 5 4 4 5 4 4 4 4 4 11 5 7 11 11 5 4 4 4 5 10 7 8 7 7 7 7 10 7 0 6 0 6 7 8 4 11 4 2 9 11 5 5 4 0 6 7 7 10 10 8 8 10 4 7 4 7 1 9 8 7 7 7 10 8 7 8 11 8 11 8 7 10 8 4 4 4 10 11 5 5 4 4 11 5 7 11 10 8 8 4 11 11 5 4 5 4 10 11 5 5 7 10 7 8 4 10 10 8 7 7 7 7 7 7 8 4 4 4 4 11 4 4 4 4 4 4 4 4 5 1 9 8 7 7 7 7 10 10 7 7 7 8 2 9 10 8 8 7 11 5 4 4 4 4 4 4 4 4 4 4 10 11 5 5 4 11 4 4 4 2 10 10 8 8 9 7 11 5 2 6 7 7 7 10 8 10 4 4 4 5 11 5 7 7 10 10 8 7 8 10 10 8 2 9 7 8 7 7 10 0 6 7 7 7 8 4 11 4 8 11 11 7 7 8 2 4 3 11 11 5 4 4 4 4 5 4 4 11 5 10 8 4 1 3 7 10 7 10 8 7 8 10 10 8 8 11 5 7 7 7 10 10 8 2 9 5 7 7 10 10 8 8 4 4 11 4 10 8 8 11 5 4 4 4 11 4 5 4 4 4 4 11 11 5 4 4 5 7 7 7 7 10 8 10 10 8 7 7 7 7 8 11 2 7 7 6 10 8 4 4 4 4 10 11 5 4 4 4 4 4 5 11 4 4 11 5 4 4 4 5 7 7 10 10 8 2 9 10 8 2 3 10 10 8 4 4 4 5 10 10 8 7 7 8 10 10 8 8 11 10 8 4 5 1 4 9 11 5 4 5 4 4 10 10 8 0 6 7 7 7 7 7 7 7 7 8 11 4 5 4 4 11 11 5 7 8 11 4 5 7 7 10 10 7 7 7 8 7 8 4 11 5 11 10 8 7 7 8 4 4 11 4 4 5 11 5 7 10 10 8 8 7 7 7 7 7 11 5 10 10 8 8 4 4 4 4 10 10 8 7 7 7 8 4 4 4 11 4 8 4 4 4 4 4 4 4 4 4 1 3 4 11 11 5 7 8 11 5 4 4 4 10 10 8 7 7 7 7 7 7 7 7 7 7 7 7 8 11 4 4 4 4 4 4 5 10 8 11 5 4 4 11 4 5 10 10 8 10 8 8 4 4 11 2 9 10 8 4 4 5 11 2 10 9 5 5 10 10 8 7 7 10 8 10 8 7 10 8 7 8 4 4 4 11 5 10 10 8 4 4 5 7 10 10 7 8 10 8 7 7 7 7 7 7 8 10 2 6 11 11 5 4 11 5 2 10 11 6 5 5 7 7 10 11 5 5 4 11 4 10 8 8 11 5 4 1 3 4 4 4 4 11 5 10 7 8 10 7 10 8 10 8 8 10 2 3 10 7 7 7 10 8 7 7 8 10 8 11 0 9 5 5 4 4 11 2 6 4 4 4 11 11 5 2 3 4 4 4 4 11 11 5 4 5 11 0 9 5 5 10 8 11 4 5 10 10 8 0 6 7 8 7 7 7 7 7 7 10 10 8 8 4 4 4 4 1 3 4 11 4 4 5 10 10 8 4 4 5 10 7 7 7 10 8 8 11 2 6 10 10 8 7 11 8 10 8 10 8 7 7 7 7 8 11 1 3 4 11 5 4 4 4 5 10 8 0 6 7 7 10 10 8 7 7 8 4 4 4 4 4 4 11 2 6 10 4 10 8 8 11 1 3 4 10 8 2 3 4 4 11 4 5 4 10 0 6 7 7 7 7 7 7 7 8 11 11 2 5 9 7 8 10 10 8 8 4 4 11 4 4 11 5 4 4 5 4 4 4 11 4 4 4 4 4 4 5 7 7 7 7 10 11 5 5 11 4 5 0 6 10 10 8 7 7 7 8 10 8 11 4 4 4 4 5 10 10 8 7 7 7 7 7 7 7 8 7 7 10 11 5 2 3 4 10 7 11 5 11 5 11 5 4 4 5 11 11 5 4 4 4 4 4 4 5 7 11 2 9 5 10 10 8 7 7 7 10 8 4 4 2 3 4 10 4 4 5 10 10 7 7 8 7 0 8 7 7 7 9 7 7 8 10 10 7 8 7 7 8 4 4 4 4 4 4 4 10 10 8 2 7 7 7 7 10 6 8 10 7 8 10 10 8 4 2 4 4 11 4 4 4 4 4 4 4 3 4 4 5 11 5 4 11 5 10 10 7 5 2 10 10 8 7 8 9 10 8 8 10 10 8 0 7 7 7 7 7 8 11 9 5 4 4 4 5 7 11 11 5 4 4 4 4 5 4 4 4 4 11 11 5 2 9 10 7 7 7 7 7 7 7 7 7 7 7 7 8 8 10 10 8 8
ppo_x50_b_fd_l4_same_gamma,86,qv22_87,22,237,True,1715.0,10.855978965759277,8 6 10 4 8 10 4 8 10 7 5 8 10 10 5 10 5 10 5 10 4 5 11 5 0 9 5 2 10 8 9 7 10 8 8 10 4 4 5 10 8 10 10 8 10 8 8 10 10 8 8 11 5 11 11 5 5 10 11 5 0 5 6 7 10 8 10 10 7 8 8 11 5 7 10 10 8 8 10 10 8 8 11 5 11 4 10 4 5 0 8 9 7 7 7 10 8 8 10 10 8 8 1 3 4 11 4 5 4 11 11 5 2 9 8 4 4 4 4 4 4 11 5 11 5 10 10 8 5 4 4 11 5 7 10 7 7 8 10 7 10 8 7 7 7 7 8 4 4 10 10 8 8 7 7 10 10 8 8 7 10 10 8 8 4 4 4 4 4 4 4 4 11 4 5 7 7 7 7 10 2 6 7 7 11 5 10 10 8 8 7 11 11 5 4 4 4 5 4 11 10 8 2 3 4 11 4 11 5 4 4 11 5 2 3 11 5 11 4 10 4 5 5 4 10 10 8 7 0 6 7 7 7 0 6 7 7 8 7 7 7 10 11 5 5 10 7 8 7 11 5 10 10 8 8 4 4 11 11 5 11 5 4 4 4 5 7 10 8 11 11 5 5 11 7 7 8 11 11 5 4 4 4 4 4 4 5 7 4 4 10 5 10 8 7 4 7 11 10 7 4 8 8 10 7 10 8 8 4 4 11 2 6 0 6 7 7 7 7 10 7 7 7 7 7 7 10 8 2 6 7 11 11 5 4 4 4 4 4 5 11 5 4 4 10 7 10 8 10 8 4 4 4 4 4 4 5 11 4 2 9 5 1 9 5 4 11 11 5 5 0 9 5 10 10 7 7 8 7 10 8 8 7 7 7 10 7 10 8 2 9 8 4 11 5 10 10 8 10 8 7 7 7 7 8 1 3 1 3 4 4 4 11 4 4 4 4 4 4 4 11 5 2 9 8 11 5 4 11 5 7 10 10 8 7 10 8 0 6 7 8 10 7 7 7 7 11 8 7 7 7 8 11 11 5 7 7 8 11 4 4 5 4 4 4 4 4 10 10 8 2 6 7 10 7 7 7 8 10 10 8 8 11 5 4 11 11 5 11 5 5 11 11 5 4 4 4 4 4 5 4 10 7 0 9 8 10 8 8 10 7 10 8 2 6 11 7 7 7 8 11 4 8 4 4 4 11 11 5 5 11 2 9 11 5 7 7 7 8 11 4 4 5 11 11 5 5 11 11 5 5 10 0 9 5 5 10 8 10 10 8 7 7 10 8 7 7 7 7 8 4 4 11 2 9 11 5 7 8 0 10 9 8 7 7 7 7 7 8 11 5 4 1 3 4 11 4 4 4 4 4 4 4 4 4 5 1 3 4 4 4 11 5 10 0 9 5 0 5 9 5 0 6 7 10 10 8 8 7 7 7 7 7 7 7 7 7 10 7 8 10 8 11 11 5 5 4 4 4 4 4 11 4 4 4 5 10 10 8 7 7 7 7 7 7 8 10 10 8 4 4 5 10 7 7 8 10 8 4 4 4 11 10 8 8 11 5 10 7 2 6 4 4 0 6 4 7 10 2 10 6 8 7 10 10 8 8 4 4 1 3 4 11 5 4 4 11 4 11 5 5 7 7 7 7 10 8 11 11 5 4 8 11 11 5 4 10 5 1 3 11 5 4 4 4 5 11 2 3 4 4 10 10 8 0 9 8 7 7 7 8 11 5 7 10 10 7 8 10 7 7 8 8 10 10 8 8 4 4 4 11 10 8 4 2 11 3 5 1 3 4 11 4 4 4 4 4 5 7 11 11 5 5 7 11 5 10 8 7 10 10 8 2 6 10 8 7 7 10 7 10 8 8 4 11 4 4 1 4 11 5 3 4 5 4 0 9 7 4 0 6 8 10 10 8 8 10 10 8 7 7 8 10 2 9 7 7 7 7 5 11 11 5 4 4 5 10 10 8 8 7 7 7 7 7 11 10 8 8 4 4 11 2 6 11 11 1 3 5 4 4 4 4 4 4 4 4 4 5 10 10 8 2 3 10 11 5 5 4 11 11 5 4 5 0 6 7 7 7 7 7 11 5 10 10 8 8 10 10 8 8 11 1 3 4 5 10 10 8 4 4 4 4 5 7 11 5 11 5 7 10 10 8 10 8 7 7 10 8 8 7 7 7 7 10 10 7 7 7 8 8 4 4 4 4 4 4 4 4 11 5 10 10 8 4 4 11 5 8 11 5 11 7 10 8 7 10 8 7 7 10 8 8 11 4 4 4 10 8 7 7 7 7 8 7 11 1 3 4 4 5 4 4 4 10 8 11 11 5 2 11 3 5 11 4 11 5 2 6 7 7 11 4 5 4 10 10 8 7 10 8 8 4 10 2 9 10 8 7 7 7 8 7 11 11 5 4 5 11 4 4 5 0 6 11 10 8 2 9 10 8 7 7 7 8 11 4 5 4 4 4 4 4 4 4 4 11 5 10 8 4 4 10 11 5 5 4 0 6 7 7 7 10 7 8 11 11 5 5 7 7 7 10 7 8 7 7 7 10 7 7 7 10 8 7 7 8 4 11 8 10 2 3 11 11 5 7 8 10 8 4 1 3 4 4 4 11 5 4 4 4 11 11 5 4 4 4 4 4 5 11 11 5 2 6 0 6 7 7 7 11 5 10 11 5 5 7 10 10 8 7 7 7 8 10 4 4 4 4 4 4 4 5 11 5 7 10 10 7 8 7 7 7 7 7 7 7 7 7 7 7 8 10 7 11 5 4 5 4 10 7 7 7 8 4 4 4 11 5 4 11 10 8 8 11 1 3 4 5 11 4 4 8 11 11 5 2 3 4 4 11 5 7 7 7 7 7 10 10 7 7 8 8 10 10 8 7 8 11 11 5 2 6 7 11 1 3 4 4 5 4 4 11 4 4 4 11 5 2 3 4 7 11 10 8 8 11 11 5 4 4 4 5 11 11 5 7 7 7 7 8 10 7 7 8 4 11 5 4 4 4 11 4 5 4 10 10 8 7 7 0 6 7 8 10 7 8 10 7 10 8 10 8 8 10 10 8 4 4 5 10 7 7 7 8 10 10 8 8 4 4 1 3 4 4 4 4 11 5 7 11 1 3 4 4 8 7 4 10 7 11 5 5 4 11 11 5 11 5 2 9 11 5 5 7 10 8 7 7 7 7 7 7 7 7 7 7 11 7 7 7 8 7 11 11 5 4 5 11 11 5 11 5 4 4 4 5 4 4 4 1 3 4 4 10 8 11 11 5 4 5 11 8 7 7 11 5 7 10 4 8 4 7 10 4 8 10 4 5 4 7 4 7 4 7 11 5 7 7 0 6 7 10 10 8 7 7 10 8 7 7 7 7 7 7 7 7 8 10 8 4 10 1 3 4 5 4 11 1 3 11 5 5 10 7 8 11 11 5 4 4 4 5 10 7 7 10 8 2 9 5 11 11 5 4 4 4 5 10 11 5 4 5 7 0 6 10 10 8 7 7 7 7 7 7 8 1 9 4 10 8 2 9 10 8 8 1 11 4 3 4 4 4 4 5 11 11 5 2 3 4 10 11 5 5 4 4 4 4 10 10 8 7 7 7 7 8 10 8 10 10 7 5 7 8 7 4 7 10 7 7 7 10 7 8 2 9 10 8 8 11 4 5 4 11 11 4 5 4 4 4 5 4 4 4 4 11 4 4 5 10 10 8 7 11 5 2 10 9 8 7 7 8 11 4 11 5 4 4 4 4 4 5 7 7 7 7 7 7 7 7 7 7 7 7 7 10 8 11 11 5 5 11 4 5 7 10 10 8 7 0 6 7 7 7 7 8 11 11 5 2 4 4 4 4 11 11 5 4 4 4 4 4 4 5
ppo_x50_b_fd_l4_same_gamma,87,qv22_88,22,234,True,1644.0,10.630067825317383,8 8 10 9 8 8 10 11 5 7 4 4 0 5 6 10 10 8 10 8 8 10 10 8 8 11 4 5 4 10 10 8 8 10 10 8 4 2 10 9 5 5 7 10 10 8 8 10 10 8 8 11 4 8 4 10 10 8 8 10 4 4 4 4 4 4 5 11 11 5 5 7 10 11 5 8 10 8 10 10 8 7 7 7 8 10 10 7 8 8 10 4 5 7 10 10 8 8 10 10 8 7 5 10 10 8 8 11 5 4 11 5 7 11 11 5 5 7 10 8 1 9 5 4 4 4 4 11 4 5 4 4 4 11 4 5 4 4 10 10 8 7 7 7 7 7 7 8 10 10 8 8 10 2 6 11 10 8 8 7 7 7 7 10 10 8 8 4 4 4 11 5 10 10 8 8 11 4 1 3 5 4 4 11 4 4 4 11 5 2 3 11 4 5 10 10 8 7 8 7 11 5 10 7 7 11 5 4 4 5 11 5 10 10 8 7 7 8 10 10 8 2 6 7 10 7 10 7 8 8 4 1 3 4 4 4 4 4 4 4 4 4 4 4 11 5 4 11 2 9 8 7 7 11 10 8 0 6 7 7 7 7 7 7 7 7 8 4 4 4 4 4 4 1 3 4 10 8 11 11 5 4 4 4 5 4 4 10 2 10 10 8 6 7 7 7 7 7 7 7 7 7 7 7 7 8 11 10 8 8 4 4 10 8 11 10 5 10 5 10 5 10 5 10 5 10 5 10 5 10 5 11 5 4 4 4 4 4 5 7 10 7 0 6 7 7 8 10 7 7 10 8 2 6 10 8 11 11 5 4 11 5 4 4 4 4 4 4 11 5 4 2 6 7 10 10 8 7 7 7 7 8 7 7 10 7 8 11 11 5 11 5 5 11 11 2 3 5 0 6 10 8 11 4 11 5 4 4 5 4 4 1 3 4 10 11 5 5 11 4 4 4 4 5 10 10 7 8 2 9 7 8 7 7 7 11 7 7 7 8 4 4 4 11 4 10 8 7 8 11 4 5 4 4 4 10 10 8 2 6 11 10 8 8 10 7 7 7 10 8 8 4 10 4 5 10 10 8 8 10 10 8 7 7 7 8 11 2 11 11 5 3 5 4 4 4 11 5 10 10 8 8 4 4 4 11 11 5 4 4 4 11 5 4 5 10 10 8 8 4 4 11 5 11 11 5 7 7 7 7 8 7 10 8 11 2 9 10 8 8 4 4 11 5 4 4 4 10 11 5 5 7 7 10 10 8 7 0 6 0 9 8 7 7 7 7 7 8 10 7 10 8 2 3 11 4 4 4 4 5 11 11 5 4 4 4 5 11 4 2 3 4 1 9 8 11 8 7 4 0 6 7 7 10 8 7 10 10 8 7 7 7 7 7 7 7 8 7 7 11 5 1 3 4 4 4 11 5 4 4 10 11 5 5 4 11 11 5 2 6 11 4 4 4 4 4 5 7 10 8 10 10 7 7 0 6 8 7 7 7 7 10 8 8 7 10 8 11 11 5 2 6 10 7 8 4 11 11 5 4 2 3 4 11 5 4 11 5 7 10 7 7 7 7 7 10 7 8 8 11 4 1 3 5 4 4 1 3 4 4 4 11 4 4 4 4 4 5 7 10 7 10 8 2 9 11 5 2 9 8 10 10 8 7 8 10 8 11 4 4 5 10 10 8 8 11 4 4 4 4 4 5 4 10 10 8 0 6 8 7 7 7 7 11 10 8 8 7 10 10 7 7 8 7 7 7 8 10 2 9 10 8 8 4 10 11 5 5 4 4 4 4 4 11 4 4 5 7 10 8 11 11 5 5 10 7 7 10 7 8 7 7 7 7 8 7 7 11 2 11 11 5 4 3 5 11 2 9 7 11 5 5 11 2 4 11 3 10 8 8 10 10 8 8 1 4 3 11 4 1 3 4 4 4 4 4 4 4 4 5 10 10 8 7 7 7 8 7 7 7 7 7 10 8 4 11 11 5 4 4 4 4 5 4 4 4 4 11 5 10 10 8 4 4 5 7 10 11 5 5 10 10 8 10 8 7 8 7 10 10 8 7 7 10 7 8 7 7 7 7 7 7 7 8 11 2 9 11 5 11 5 4 4 5 4 4 4 11 5 7 11 11 5 4 4 4 4 5 4 0 6 7 10 8 10 7 7 8 7 7 7 7 7 11 11 5 2 4 4 3 4 4 10 11 5 5 11 4 11 5 2 6 4 4 4 4 10 11 5 2 6 10 10 8 0 6 8 4 11 5 7 10 10 7 8 7 7 7 7 7 7 8 7 10 10 7 8 7 7 7 8 4 4 4 10 8 4 4 4 11 4 4 4 4 4 5 7 11 11 5 2 9 8 10 10 8 7 7 8 10 10 8 8 11 5 4 4 4 4 11 4 4 4 4 4 4 4 4 5 7 11 5 10 10 8 7 7 7 7 7 7 8 10 10 8 8 11 5 7 10 10 8 10 8 7 7 7 7 8 4 4 10 8 4 4 4 4 4 10 4 8 4 4 4 4 11 5 10 10 8 4 4 5 7 7 10 8 7 7 7 7 10 7 8 7 10 10 8 4 4 4 5 11 4 2 3 4 4 4 4 11 5 11 4 5 10 2 9 10 8 7 7 5 7 10 7 0 6 7 7 7 7 7 8 10 10 8 8 10 8 11 4 4 4 4 5 10 10 7 7 4 7 4 8 7 10 8 8 4 4 4 1 9 5 11 5 11 11 5 5 7 7 10 8 11 11 5 5 11 5 4 4 4 4 11 11 5 2 9 7 8 10 8 4 4 4 4 10 11 5 5 7 10 8 10 10 8 2 6 7 10 10 8 7 7 7 7 8 10 7 7 8 11 11 5 5 11 4 11 5 5 4 4 4 4 4 4 4 4 4 4 11 4 4 5 7 10 10 8 8 10 4 4 1 9 8 7 8 10 10 8 7 7 7 7 8 4 4 4 4 11 5 4 4 4 11 11 5 7 2 6 0 6 7 7 7 10 8 7 7 7 7 7 10 7 11 5 5 10 10 8 7 7 8 10 11 5 2 9 11 5 5 4 4 11 4 5 4 4 11 4 10 8 8 11 10 8 8 10 4 8 10 4 4 11 5 4 4 4 4 5 10 10 8 7 8 10 10 8 7 0 6 7 7 8 10 7 7 7 7 7 7 8 11 4 11 8 11 8 11 8 10 8 7 7 8 11 5 4 4 4 11 10 8 8 0 6 4 11 11 5 4 4 4 4 5 4 4 4 11 4 4 5 4 11 5 7 10 10 8 8 7 10 10 8 8 4 4 4 4 4 11 5 11 2 9 8 10 11 5 7 8 11 4 2 3 4 10 10 8 7 7 0 9 8 7 7 7 10 8 7 7 8 10 2 7 9 7 0 6 8 10 10 8 8 4 4 11 10 8 8 7 10 7 10 8 4 2 11 5 4 11 11 5 4 9 5 5 11 4 11 5 4 4 4 5 10 7 4 7 11 5 0 6 8 10 10 8 7 7 11 5 2 4 3 4 4 4 11 5 11 11 5 7 7 8 10 10 8 4 4 4 4 5 10 11 5 5 10 10 8 7 7 7 7 7 7 7 7 7 8 10 7 11 5 4 5 11 5 7 7 7 7 7 11 10 8 8 4 4 4 11 4 4 4 5 4 11 11 5 4 4 4 4 4 4 5 10 0 10 7 7 7 7 7 7 7 7 7 7 7 7 8 8
ppo_x50_b_fd_l4_same_gamma,88,qv22_89,22,228,True,1667.0,10.365759372711182,6 8 10 5 2 10 6 10 8 2 9 5 10 10 8 7 5 0 9 5 10 10 8 8 10 10 8 8 10 4 5 4 11 5 7 10 10 8 7 10 8 8 11 5 10 7 10 8 7 10 8 8 10 10 8 8 10 10 8 8 11 5 1 6 1 9 10 8 4 4 4 5 11 11 5 5 7 7 7 11 5 7 7 7 11 5 11 11 5 5 4 4 1 3 4 4 4 4 4 11 5 4 4 11 11 5 2 6 4 11 10 8 2 10 10 8 7 6 7 7 7 7 7 7 11 5 2 6 7 7 7 7 7 11 5 7 7 10 7 10 8 2 6 10 10 8 2 3 4 4 4 4 1 3 4 1 3 4 4 11 4 5 10 7 7 7 8 7 11 10 8 8 11 11 5 4 4 11 5 5 11 2 3 4 4 4 4 10 11 5 5 0 9 5 7 10 10 8 4 5 10 8 10 10 8 0 6 7 7 7 7 10 8 2 3 4 10 10 8 4 4 4 5 10 7 7 10 7 8 10 8 7 7 7 8 10 10 8 4 4 4 2 4 4 4 3 4 10 8 4 1 3 4 4 4 11 4 5 10 10 8 8 4 11 5 11 11 5 5 4 11 11 5 2 6 11 8 11 8 11 8 7 10 11 5 7 0 6 7 7 8 7 10 10 8 8 7 7 7 10 8 10 7 7 7 8 11 11 5 4 5 4 4 10 2 3 11 11 5 4 5 4 4 4 4 4 4 4 4 11 5 7 10 8 10 8 11 11 5 5 4 7 4 7 4 7 4 7 4 7 4 7 4 7 4 7 4 7 4 7 4 7 4 7 4 4 10 10 8 2 6 11 2 6 7 7 7 7 7 7 7 7 10 10 8 7 8 4 10 10 8 2 10 9 8 7 8 1 4 3 4 4 10 10 8 2 6 7 11 11 5 4 4 4 5 4 4 4 4 11 4 4 4 5 10 10 8 10 8 2 9 8 10 8 7 10 10 8 7 7 7 7 7 5 10 10 8 8 4 11 8 11 8 11 8 11 8 11 8 11 8 11 7 11 5 2 9 11 5 11 5 5 4 11 4 4 4 5 7 0 6 7 7 7 7 7 4 7 10 10 7 7 8 7 0 6 8 4 4 4 11 4 1 3 4 4 4 4 5 11 11 5 4 5 11 11 5 4 4 4 5 7 7 7 7 7 7 7 11 5 10 10 8 8 10 10 7 8 4 4 4 4 4 4 4 4 4 4 4 5 10 2 6 7 10 10 4 8 10 4 8 10 8 7 7 7 7 0 6 7 7 8 4 10 4 4 5 10 7 7 8 10 10 8 8 10 2 9 10 8 8 10 10 8 8 11 4 5 0 6 4 4 4 4 4 11 5 10 8 11 11 5 5 11 11 4 5 4 4 4 4 5 4 4 10 10 8 7 7 7 7 8 10 8 10 8 11 11 5 4 4 11 5 4 2 9 10 8 7 7 8 7 10 7 8 11 4 11 5 2 3 7 1 10 8 6 7 10 8 0 4 6 10 7 7 10 8 0 6 10 8 7 7 10 8 8 4 4 11 4 4 4 4 4 4 4 4 4 4 4 4 4 4 5 11 2 9 7 7 7 8 10 7 7 7 7 8 10 10 8 2 9 8 10 7 7 7 7 10 8 8 11 4 5 11 5 4 4 4 4 4 11 5 10 10 8 8 7 10 8 7 7 10 8 10 7 10 8 8 4 4 1 3 4 11 5 4 4 11 4 4 4 11 5 2 4 3 11 4 11 5 4 4 5 10 8 7 7 11 5 10 10 8 8 4 4 4 11 4 5 0 9 5 7 10 10 8 8 7 7 7 7 7 7 10 7 7 10 8 2 6 11 2 9 10 8 8 4 11 11 5 11 5 11 8 11 4 5 4 5 11 5 4 4 4 4 11 0 9 5 5 4 10 10 8 7 7 7 0 6 7 10 8 8 7 7 0 6 7 10 8 7 7 7 10 10 8 2 6 4 4 4 11 11 5 4 4 4 4 5 4 10 11 5 4 5 10 4 4 1 4 5 6 11 11 5 2 9 5 7 10 10 8 10 8 7 7 8 11 4 5 10 0 6 7 10 8 7 7 7 7 7 8 4 10 8 7 11 11 5 4 4 4 4 5 10 8 11 11 5 4 2 3 4 10 10 8 0 6 7 8 10 10 8 8 7 11 2 9 10 8 8 11 4 11 5 1 3 4 4 5 4 11 11 5 5 4 11 11 5 4 4 4 2 6 7 7 7 7 4 10 8 10 8 7 10 10 8 8 10 10 8 7 7 7 7 7 7 8 10 8 1 9 4 4 10 8 7 8 7 11 5 4 11 8 11 10 8 4 4 5 4 4 4 4 10 4 5 4 4 4 4 11 11 5 2 6 4 4 4 10 10 4 5 8 10 4 4 2 10 10 6 8 10 8 8 7 7 11 5 11 5 10 8 10 8 10 10 8 2 10 6 7 7 8 7 10 7 10 8 7 7 5 10 10 7 8 2 3 10 10 8 8 11 5 4 4 4 1 9 8 7 11 5 11 5 4 4 4 4 11 11 5 2 9 5 7 7 7 7 7 11 10 8 8 4 4 4 4 11 11 5 4 4 4 5 4 4 11 2 9 7 11 5 5 10 7 10 8 8 7 7 10 7 10 8 7 7 7 7 7 10 7 5 2 9 11 5 2 6 10 10 8 8 4 4 4 4 10 10 8 7 7 7 7 8 11 1 3 4 4 4 4 4 4 4 4 4 1 3 5 4 11 5 11 4 10 8 7 8 4 11 5 4 4 11 11 5 2 6 7 7 7 10 8 4 4 4 4 4 10 10 0 6 5 4 5 10 10 7 7 7 8 7 7 7 7 7 7 7 8 1 9 10 8 8 11 10 8 2 6 7 10 8 11 4 4 4 11 4 5 4 4 5 11 5 0 6 7 10 7 7 7 7 8 7 7 10 7 8 10 10 8 4 4 2 4 4 4 3 4 4 4 11 4 11 5 5 7 7 11 11 5 4 4 4 5 10 2 6 10 10 8 8 10 8 10 10 8 7 7 11 5 2 3 4 4 4 4 4 4 11 11 5 2 6 4 4 10 11 5 2 9 4 5 10 8 0 6 10 10 8 10 8 8 7 10 10 8 4 5 11 4 4 5 10 10 8 10 8 7 7 7 10 8 7 7 7 7 8 7 7 11 2 9 11 5 4 4 11 5 8 11 4 4 4 4 11 5 2 3 4 10 10 8 8 7 10 0 9 5 0 6 7 8 10 10 8 7 7 7 7 7 8 4 1 9 4 4 4 4 4 4 4 5 11 11 5 5 11 11 5 11 5 4 4 4 11 5 2 6 0 6 11 10 8 7 7 7 8 10 7 10 8 7 7 7 7 8 7 10 10 7 0 8 6 7 8 11 11 5 2 7 6 11 5 10 10 8 4 2 11 9 8 8 11 4 11 5 5 7 11 4 4 4 4 4 4 4 5 11 10 8 2 6 11 11 5 4 4 4 4 4 4 5 7 7 10 11 5 5 4 11 11 5 5 7 7 7 10 7 10 8 2 11 4 3 5 10 10 7 8 7 7 8 10 7 10 8 7 0 6 7 8 10 10 7 7 8 8 1 4 9 5 4 4 11 11 5 4 4 4 4 4 5 11 5 10 10 7 7 2 8 7 10 10 8 8 6 10 4 0 7 6 7 7 7 10 8 8 11 4 11 5 4 4 4 4 4 4 4 4 4 4 4 4 4 4 5 10 10 7 7 8 7 7 8
ppo_x50_b_fd_l4_same_gamma,89,qv22_9,22,230,True,1705.0,10.401386499404907,8 8 9 10 8 8 10 10 8 8 11 4 8 7 10 10 8 8 10 10 8 8 10 4 5 4 4 11 5 7 10 7 8 7 10 10 8 8 10 10 8 8 10 10 8 7 10 8 8 10 10 8 8 1 11 3 4 11 5 5 11 4 2 9 10 8 8 4 4 11 4 4 4 4 4 4 4 5 4 11 11 5 5 7 7 7 7 7 10 10 8 10 8 7 8 7 11 5 11 4 4 5 4 4 11 4 4 5 10 8 10 8 7 10 8 10 8 10 10 8 7 0 6 7 7 7 7 7 8 10 10 8 8 10 10 8 8 4 4 4 4 4 4 10 4 5 7 7 7 7 7 10 8 11 11 5 5 11 4 11 5 11 5 2 6 11 11 5 4 11 5 2 7 10 6 7 7 7 8 7 7 7 4 11 8 7 4 10 11 5 5 4 11 5 10 5 4 4 11 11 5 1 3 4 4 4 5 4 4 4 11 4 10 8 2 6 7 7 7 7 7 7 11 10 8 8 4 4 4 4 4 4 4 10 0 6 8 10 10 8 7 7 7 7 7 7 7 7 7 7 7 7 8 11 11 5 4 2 3 4 0 11 9 8 8 10 10 8 7 8 11 11 5 4 4 4 4 4 5 4 11 11 5 5 11 5 10 11 5 4 4 4 4 4 11 5 4 5 10 4 2 10 10 8 9 8 8 10 10 8 8 10 10 8 10 8 2 6 7 10 10 8 7 7 7 7 7 8 4 11 4 1 3 11 5 8 4 7 10 4 4 4 4 11 5 2 6 11 2 9 10 8 7 8 10 2 6 10 10 8 0 6 8 10 10 8 2 6 7 11 4 7 4 5 4 4 4 4 10 11 5 5 4 4 4 4 11 11 5 4 2 9 11 5 5 4 0 6 7 10 10 8 7 7 7 8 7 7 7 7 7 7 7 7 7 7 7 11 11 5 5 4 4 4 10 11 5 2 9 7 8 11 11 5 5 10 7 7 7 8 11 4 4 11 5 11 5 4 4 4 5 0 9 5 10 7 8 10 10 8 7 10 8 2 9 10 7 8 7 8 10 10 8 8 1 4 4 4 3 4 4 4 4 4 4 11 4 4 5 10 8 4 4 10 11 5 5 4 11 5 4 0 9 11 5 2 9 8 10 10 8 8 0 6 7 10 10 8 0 6 8 10 10 8 8 7 7 7 7 7 10 7 5 10 10 8 5 4 4 10 2 10 6 8 1 9 11 5 4 5 7 10 8 4 11 11 5 11 5 5 4 4 4 4 4 4 4 4 4 4 4 11 11 5 2 6 11 10 8 2 10 6 8 7 10 8 10 10 8 10 8 4 2 6 10 10 7 8 7 7 7 7 8 4 11 5 7 7 7 7 7 10 10 8 8 11 2 9 10 8 8 4 4 4 1 3 4 4 4 11 4 11 5 8 7 11 11 5 11 5 2 3 4 4 4 4 11 5 7 10 8 7 11 5 10 10 8 7 7 8 11 10 8 8 10 10 7 8 8 4 10 4 2 6 10 4 4 10 8 8 4 4 11 5 11 5 10 7 10 7 4 4 5 4 4 4 4 4 5 11 4 5 7 11 11 5 2 3 10 8 7 7 10 8 7 7 7 7 7 7 7 7 10 10 7 8 7 7 7 7 8 11 11 5 4 5 4 4 10 10 8 7 8 4 11 4 5 7 10 10 7 8 2 3 0 3 7 4 7 4 7 10 8 11 11 5 4 4 4 5 4 4 4 10 8 11 11 5 5 11 4 4 4 5 4 11 5 4 11 11 5 2 3 7 7 7 7 7 7 7 7 11 5 10 10 8 7 7 7 7 7 7 8 11 7 8 4 4 4 10 11 5 5 7 7 11 4 8 10 10 8 8 4 4 4 10 4 11 8 5 4 4 4 10 7 10 8 7 7 7 7 7 7 8 10 8 11 11 5 5 4 11 2 3 4 4 11 5 4 4 4 11 5 4 11 11 5 2 6 4 4 4 0 9 11 5 4 5 4 10 10 8 7 7 0 6 7 7 7 7 8 10 8 10 11 5 2 4 3 10 10 8 7 10 8 0 6 7 5 10 7 7 7 10 8 8 10 8 11 11 5 2 3 11 5 4 4 4 4 0 6 4 4 4 11 10 8 2 3 11 11 5 4 4 5 4 10 11 5 5 11 11 5 2 6 7 10 8 10 10 8 7 8 7 10 8 11 4 4 4 5 10 10 8 10 8 10 8 7 7 7 7 8 10 2 6 4 11 4 11 5 2 6 11 10 8 8 7 10 8 10 10 8 10 8 8 4 7 10 8 11 4 1 3 4 4 4 4 1 3 4 5 11 11 5 4 4 4 5 11 0 9 5 4 4 5 4 11 5 10 8 7 7 7 7 7 7 7 7 10 8 10 10 8 8 10 1 3 4 4 1 3 4 5 11 4 4 5 10 7 7 7 8 11 4 11 5 11 5 5 4 4 10 10 8 7 7 7 8 11 4 5 10 11 5 5 7 10 8 10 10 8 7 0 6 7 7 7 8 7 11 11 5 5 7 11 10 8 7 7 7 7 5 10 10 8 4 2 9 5 4 11 4 4 4 4 4 4 11 5 4 4 4 4 2 9 10 8 7 7 7 8 7 7 7 7 7 10 7 7 8 4 11 11 5 2 3 4 1 3 4 4 4 10 11 5 5 11 5 11 11 5 4 4 4 5 4 11 11 5 2 7 9 10 8 2 6 7 7 7 11 8 11 8 11 10 8 7 7 8 10 7 7 10 8 10 8 7 7 7 7 7 8 10 10 8 2 4 4 3 1 3 11 4 4 5 7 11 4 4 4 4 5 7 10 10 7 7 8 2 9 10 8 8 11 4 4 4 5 11 11 5 2 3 11 10 8 8 4 4 4 1 3 4 4 4 4 4 4 10 10 8 10 8 8 0 6 7 7 10 7 7 7 7 7 7 8 4 11 4 4 4 4 4 4 5 10 10 8 8 4 4 4 4 11 5 7 7 0 6 7 7 7 7 7 10 11 5 5 7 10 10 7 8 7 7 7 10 8 2 9 8 11 11 5 7 7 7 8 11 11 5 4 4 5 4 4 10 8 11 11 5 5 4 4 11 5 7 7 10 7 8 7 10 4 10 4 4 5 7 4 7 4 4 4 11 5 4 4 4 5 4 10 10 8 2 6 7 7 7 7 7 7 7 7 7 7 11 4 5 4 4 1 4 3 4 4 4 11 11 5 0 6 8 4 4 11 1 3 4 4 4 5 10 10 8 2 6 10 10 8 8 7 7 7 11 5 4 4 11 5 10 10 7 7 8 10 8 7 7 8 7 7 7 10 8 10 10 7 8 8 4 7 7 11 10 8 8 11 11 5 11 5 5 4 4 4 4 4 10 8 11 11 5 2 9 8 4 11 4 4 4 11 5 2 7 9 10 8 7 8 10 10 8 4 5 7 7 10 7 7 7 7 8 7 11 5 4 11 11 5 2 3 4 10 10 8 7 7 7 7 7 8 1 11 9 8 8 11 11 5 4 4 11 5 8 4 4 4 4 11 4 4 5 7 10 7 8 11 11 5 5 11 4 8 11 11 5 2 9 11 5 4 4 4 4 5 10 10 8 7 7 7 7 7 7 7 7 8 11 4 4 4 5 10 7 10 8 8 4 1 4 4 9 5 4 4 4 11 4 5 10 10 8 8 10 10 8 7 7 7 7 0 6 7 7 7 8 10 10 8 7 7 7 8 10 10 8 2 4 11 11 4 4 4 4 4 4 5 5 4 11 11 5 11 5 4 4 5 3 4 4 4 4 10 10 8 7 7 7 8 7 10 8 4 10 10 8 7 7 7 7 7 7 8
ppo_x50_b_fd_l4_same_gamma,90,qv22_90,22,233,True,1636.0,10.593369960784912,8 6 10 8 8 4 10 8 10 11 5 2 10 9 5 5 10 8 10 10 8 8 10 10 8 8 10 10 8 8 4 10 8 10 10 8 8 10 10 8 8 11 5 11 11 5 4 4 4 4 4 4 2 9 8 7 7 0 10 9 5 8 11 4 4 4 4 2 9 5 7 11 10 8 8 0 6 7 7 7 11 10 8 8 10 10 8 10 7 7 8 8 10 10 8 8 11 5 4 11 4 5 10 10 8 2 6 7 7 10 10 8 8 4 4 1 9 5 10 8 0 6 11 11 5 4 5 10 8 11 11 5 4 4 4 4 4 4 4 4 5 4 11 5 4 11 7 8 7 7 7 10 10 8 4 5 4 10 2 6 7 10 7 7 7 7 8 11 11 5 2 10 9 5 5 7 10 10 7 7 7 8 8 10 10 8 8 10 10 8 8 4 4 4 4 4 4 4 4 4 4 4 11 5 11 11 5 5 10 8 4 4 4 4 11 10 8 2 6 10 8 7 7 10 7 7 7 7 8 7 7 7 7 11 11 5 2 3 4 4 4 4 4 4 4 10 10 8 8 11 2 3 4 4 4 4 10 11 5 5 4 4 10 10 8 7 7 7 7 7 7 7 8 11 10 8 8 4 4 4 4 11 10 8 2 3 11 4 10 8 7 7 7 7 8 11 2 9 10 8 7 8 11 4 4 4 11 5 4 4 4 5 0 6 7 7 7 11 5 4 4 11 11 5 5 7 7 10 11 5 5 11 11 5 4 4 5 10 10 8 10 8 7 7 7 7 7 7 10 8 7 7 7 7 7 7 7 7 8 4 7 4 7 4 7 4 4 4 4 11 11 5 5 10 7 11 5 4 5 7 11 10 8 8 11 11 5 5 4 10 10 8 7 7 7 7 7 7 8 11 11 5 5 7 10 8 7 11 11 5 4 4 5 4 4 4 4 4 11 5 4 10 10 8 8 11 11 5 4 5 10 10 8 2 6 7 11 4 4 4 4 5 11 5 10 10 8 8 7 7 7 7 7 11 5 10 10 8 7 7 7 8 0 7 9 8 11 11 5 11 5 2 6 11 4 4 4 4 4 11 5 11 5 8 7 11 11 5 8 11 11 5 2 3 4 4 4 4 7 4 7 4 7 4 7 4 7 1 3 7 11 4 8 4 10 0 9 5 5 7 4 10 4 2 6 7 7 7 7 7 7 7 7 7 11 5 7 7 10 7 10 8 4 2 6 4 10 10 8 4 4 4 4 4 5 7 7 7 7 10 7 5 10 7 10 8 8 7 10 8 4 11 8 11 8 4 4 11 4 4 5 11 1 3 4 4 4 4 4 4 5 11 11 5 5 7 7 7 11 11 5 2 6 10 11 5 5 10 8 10 4 8 10 4 8 10 8 7 7 7 7 11 11 5 4 2 9 8 7 10 4 7 4 8 10 10 8 7 7 0 6 7 7 7 11 5 2 6 10 8 7 10 8 4 0 3 4 1 6 1 6 1 6 1 7 10 11 5 5 3 1 9 7 5 7 7 0 9 8 7 11 11 5 1 3 1 3 4 5 4 4 4 4 4 4 4 4 1 4 4 3 4 11 4 5 0 6 7 7 7 10 4 10 8 8 4 4 11 5 7 10 0 6 8 7 7 7 10 8 10 7 7 7 7 7 8 11 11 5 2 11 3 4 4 4 11 5 5 10 7 8 11 4 11 5 4 4 4 4 4 5 4 10 4 5 10 7 10 8 7 8 7 10 8 11 11 5 5 10 0 8 6 11 11 5 5 7 10 10 8 7 7 7 5 7 10 10 8 2 3 4 4 11 5 11 11 5 4 4 4 5 10 2 9 10 8 8 10 7 8 4 4 4 4 4 4 10 11 5 4 2 10 9 8 0 6 7 7 7 7 7 5 10 10 8 7 8 7 10 10 8 7 7 7 8 4 4 4 4 4 4 4 11 2 9 11 5 8 10 8 4 4 4 4 4 4 11 4 5 10 10 2 8 9 5 10 10 7 8 7 0 6 7 7 7 7 7 7 7 0 6 7 7 7 8 11 11 5 4 2 4 11 9 8 8 11 11 5 5 10 7 7 10 8 7 7 8 11 11 5 5 4 4 4 4 4 11 11 5 0 5 7 9 7 0 6 7 8 10 7 7 8 10 10 7 8 2 11 11 4 4 6 4 4 5 4 4 11 5 4 5 10 10 8 4 4 5 7 10 8 4 11 2 9 11 5 4 4 5 4 4 10 11 5 5 10 11 5 2 9 5 10 10 8 7 0 6 7 10 8 10 8 7 8 10 4 4 4 5 10 10 8 7 7 7 10 8 2 9 8 7 10 7 7 7 8 11 11 5 1 3 4 4 4 4 5 10 2 3 10 10 8 8 10 0 9 8 10 8 8 11 2 4 9 11 5 5 11 4 2 9 11 5 4 8 11 11 5 4 4 5 10 4 4 2 3 7 4 7 10 8 10 8 7 7 7 10 11 5 5 7 7 10 10 8 10 8 8 4 4 4 10 11 5 5 1 6 7 7 10 7 10 8 7 10 8 2 9 8 7 10 11 5 5 11 11 5 7 8 4 4 4 11 4 4 4 5 11 5 4 11 11 5 4 4 4 4 4 5 7 11 5 4 10 10 8 2 6 7 7 7 10 8 7 7 7 7 7 7 7 0 6 10 10 8 7 8 11 8 7 11 0 9 5 11 5 4 4 5 11 11 5 5 11 4 2 3 11 11 5 11 5 5 4 11 5 7 7 10 8 11 11 5 2 6 10 8 10 10 8 8 7 7 7 10 10 8 2 3 10 11 5 5 10 0 7 7 9 8 7 7 8 4 1 9 11 5 2 9 5 7 11 7 11 5 11 5 4 4 4 4 4 4 4 4 4 4 4 4 5 11 5 10 10 8 8 7 7 7 7 7 10 7 11 5 2 9 7 8 4 4 4 4 11 11 5 4 4 4 11 5 4 2 9 7 7 11 5 4 5 10 0 9 8 7 7 8 10 8 4 11 7 11 5 5 7 7 7 10 10 8 4 5 10 8 7 7 10 10 8 7 8 11 4 4 4 1 3 4 4 4 4 4 11 5 2 9 11 5 5 10 8 10 10 8 8 0 9 5 10 8 7 7 7 7 10 10 8 7 7 7 7 7 8 10 7 10 8 7 8 4 4 1 3 4 4 4 11 4 4 10 8 2 3 4 4 11 4 4 5 0 6 10 10 8 8 7 10 7 10 8 8 11 1 3 4 4 4 5 10 8 7 10 10 8 10 8 7 7 8 7 11 2 9 11 5 4 5 4 4 4 4 4 11 4 4 4 4 4 8 11 11 5 2 9 8 4 4 10 10 8 7 7 10 8 7 8 4 4 10 10 8 7 8 7 7 7 7 7 0 6 7 7 10 4 4 5 10 10 7 8 7 7 8 10 11 2 6 8 11 2 11 11 5 9 5 5 11 4 2 3 4 4 4 4 11 4 11 5 5 4 11 11 5 2 9 11 5 4 5 10 7 7 8 10 10 8 0 6 7 5 10 10 8 2 7 7 6 7 11 0 9 8 8 10 10 8 8 11 10 8 8 10 10 7 8 2 11 5 4 11 11 3 5 4 5 4 4 4 4 4 4 11 5 11 4 4 11 4 5 5 10 10 8 7 7 7 7 8 7 10 10 7 8 8 10 10 8 8 10 10 8 7 7 7 8
ppo_x50_b_fd_l4_same_gamma,91,qv22_91,22,237,True,1733.0,10.81807017326355,6 8 2 6 10 10 8 4 2 9 5 10 10 8 10 8 8 10 4 4 2 6 7 10 10 8 8 10 10 8 8 11 4 8 11 4 5 10 10 8 2 6 7 10 10 8 8 10 4 4 4 4 4 4 4 5 11 2 9 10 8 8 10 11 5 5 10 8 7 7 0 6 10 10 7 7 7 8 8 10 10 8 8 10 4 5 10 7 10 8 8 10 10 8 8 11 5 7 11 4 4 10 8 2 6 7 10 11 5 5 4 4 11 11 5 4 2 9 10 8 4 4 4 2 3 10 10 8 8 10 11 5 2 6 7 7 11 11 5 11 5 4 4 4 4 4 4 4 4 4 5 11 11 5 2 6 7 7 7 11 5 10 10 8 7 7 7 7 7 8 4 4 4 4 11 4 5 10 8 7 10 10 8 7 7 7 8 4 4 4 4 4 4 4 4 4 10 11 5 5 10 10 1 8 8 9 5 10 10 8 10 8 7 7 0 6 7 10 8 7 7 8 7 10 10 8 8 10 10 8 8 4 4 4 4 10 11 5 5 4 11 4 4 4 4 5 10 7 8 4 1 4 3 4 10 11 5 5 10 10 7 8 7 0 6 7 7 7 7 7 7 7 7 8 7 7 10 10 8 8 4 4 11 5 10 2 6 11 4 5 4 4 4 11 4 5 10 10 8 2 7 9 8 10 8 7 10 10 8 2 6 4 4 11 5 11 11 5 2 4 9 4 5 10 10 8 2 4 3 4 4 4 4 4 11 5 10 10 7 8 7 7 7 10 8 7 8 7 7 11 10 8 7 7 8 4 10 10 8 7 8 11 5 4 10 8 11 11 5 4 1 3 5 11 5 4 10 8 11 11 5 4 5 11 0 6 7 8 4 11 11 5 5 4 11 5 7 10 8 7 7 7 7 7 10 7 7 8 10 7 8 4 11 11 5 1 6 5 4 4 10 10 8 4 4 5 11 2 6 11 11 5 2 9 8 4 11 11 5 2 6 7 4 7 10 1 6 7 10 8 7 8 1 3 11 5 11 11 5 4 4 4 4 5 4 4 4 4 4 11 11 5 4 2 10 9 8 7 8 10 7 8 7 7 7 7 11 5 11 11 5 4 4 4 5 7 10 8 10 8 7 11 11 5 5 10 8 7 7 10 7 7 7 8 7 10 7 8 7 7 10 10 8 8 4 4 1 9 8 11 5 4 4 4 4 4 4 4 4 10 10 8 10 8 2 6 10 8 10 11 4 5 5 4 11 11 5 5 11 5 4 4 11 11 5 2 6 7 7 10 11 5 8 11 8 10 8 4 0 9 5 4 4 11 11 5 5 7 7 7 7 0 6 7 7 7 7 7 10 7 7 7 7 7 8 11 8 1 3 4 4 4 4 4 4 4 11 5 4 10 10 8 8 10 4 4 5 11 5 4 4 10 11 5 2 7 6 7 7 7 7 10 10 8 7 8 10 7 7 8 11 4 4 10 8 8 7 10 10 8 10 8 8 11 4 10 8 8 10 10 7 8 4 2 6 4 4 11 5 4 4 4 4 4 11 5 4 10 4 11 5 4 7 4 7 11 5 4 4 11 5 2 6 4 7 4 7 10 11 5 2 6 7 10 10 8 7 7 7 7 7 7 8 10 10 8 2 6 4 4 11 11 5 11 5 5 4 11 5 7 10 7 7 7 7 8 4 11 11 5 11 5 4 4 4 5 4 4 4 4 4 4 11 2 9 10 8 4 5 10 8 1 9 4 10 8 7 7 0 6 7 7 8 10 10 8 7 7 7 7 5 7 10 8 7 7 7 10 10 8 2 6 4 4 1 3 4 4 4 4 11 11 5 2 9 5 11 11 4 4 5 4 4 11 5 4 11 5 2 6 0 10 6 8 11 11 5 5 7 7 10 10 8 7 7 10 8 7 7 7 10 8 2 3 10 7 7 8 4 11 1 4 9 5 4 4 4 10 8 7 11 5 4 4 2 3 4 4 11 5 10 10 8 7 10 8 10 8 8 4 4 10 10 8 8 7 0 6 7 10 10 8 7 7 7 8 11 5 4 4 4 11 5 11 4 4 4 5 10 10 8 7 8 10 10 8 7 7 8 10 11 5 5 10 10 4 7 4 7 7 7 7 7 7 8 2 4 4 3 4 4 4 4 11 2 9 7 7 7 7 8 11 4 4 4 11 5 5 11 4 7 4 7 4 7 4 7 4 7 4 7 4 7 4 7 4 7 4 7 4 7 4 7 4 7 4 7 4 4 5 10 7 7 4 7 10 8 2 6 7 7 7 11 5 4 11 11 5 11 5 11 5 8 4 4 7 10 7 8 11 11 5 4 4 4 5 11 11 5 4 4 4 4 4 5 10 8 10 8 11 5 4 0 10 9 5 5 10 0 9 8 7 7 7 8 7 7 7 10 4 10 8 8 11 4 4 5 10 10 8 8 10 8 7 7 10 10 7 7 7 8 2 3 11 4 4 5 4 11 5 10 10 7 4 8 4 4 4 4 4 4 4 4 5 11 11 5 0 5 9 8 7 10 8 7 10 8 4 10 10 8 7 8 7 11 5 4 4 4 4 10 11 5 5 11 4 11 5 5 10 8 10 10 8 7 8 10 8 7 7 0 6 0 6 7 7 7 7 7 10 7 10 8 7 7 8 11 11 5 5 0 6 4 10 8 11 11 5 2 3 11 10 8 2 9 11 5 5 4 4 4 11 10 8 7 5 10 10 8 8 7 10 8 7 11 11 5 4 4 4 4 4 4 4 4 5 10 7 7 7 7 7 7 8 11 4 4 4 4 4 4 4 4 4 4 4 4 4 5 4 10 10 8 7 8 0 6 7 10 8 10 10 8 7 10 8 7 10 8 10 8 2 9 7 8 11 4 4 11 5 2 3 4 4 4 11 5 11 11 5 2 6 7 10 8 10 10 7 8 7 7 10 7 8 10 8 8 11 2 6 7 4 7 4 7 4 7 4 7 4 7 4 7 10 7 10 7 8 1 3 4 5 4 11 1 3 4 5 4 11 2 3 4 4 4 4 4 11 4 5 4 10 4 11 5 2 10 9 5 4 5 10 10 8 10 8 7 0 9 8 7 8 7 10 11 5 5 7 7 10 8 10 10 7 5 2 9 10 8 8 10 8 11 4 4 4 4 4 4 4 11 5 2 9 10 8 4 4 5 11 8 11 8 11 8 11 8 10 11 5 7 8 4 4 11 5 10 10 8 8 0 6 7 10 8 7 7 7 7 7 10 10 8 7 7 8 4 4 11 4 5 10 2 9 8 7 7 10 10 8 8 4 4 4 10 8 11 4 4 4 5 10 4 4 4 4 4 4 5 10 8 7 10 10 8 7 7 7 7 7 7 8 11 2 9 11 5 5 4 4 1 3 1 3 11 4 5 11 2 9 0 6 8 10 10 8 4 1 3 4 11 5 8 11 4 5 11 5 4 4 0 6 10 10 7 8 7 8 7 10 10 8 7 8 10 7 7 10 8 7 7 7 7 7 7 8 4 4 10 1 3 4 4 4 4 4 5 10 11 5 5 7 10 0 4 9 8 0 6 7 8 10 4 10 8 8 7 10 10 8 8 7 11 2 3 4 11 4 11 5 5 4 4 4 11 4 4 4 5 11 11 5 2 9 5 4 10 10 8 2 9 5 11 11 5 4 5 10 10 8 7 7 7 7 7 8 11 5 10 7 10 8 8 10 10 8 2 7 9 10 8 7 7 7 7 8 11 4 4 4 5 10 10 8 8 7 11 11 5 4 4 4 1 11 5 3 4 4 4 4 5 11 11 5 2 6 7 7 10 10 8 7 8 1 7 7 11 11 5 4 4 4 4 4 4 4 4 4 3 4 5 10 10 0 8 7 7 7 7 7 7 7 7 7 7 7 7 7 7 7 7 7 8
ppo_x50_b_fd_l4_same_gamma,92,qv22_92,22,234,True,1746.0,10.589157104492188,8 8 9 10 8 8 10 11 5 0 5 6 10 10 8 8 0 9 5 10 10 8 8 10 10 8 8 10 4 5 4 10 4 5 7 10 10 8 10 7 8 8 10 4 10 5 5 7 10 10 8 8 10 10 8 8 10 10 8 8 10 10 8 8 11 1 3 2 3 11 11 5 4 5 11 11 5 4 4 5 4 10 11 4 5 4 4 4 5 4 7 4 7 4 7 4 7 4 7 4 7 4 7 4 7 11 11 5 8 11 8 10 8 7 11 5 4 11 11 5 2 6 7 7 7 7 7 7 0 6 10 8 7 7 7 7 7 10 10 8 2 7 9 7 7 10 8 8 4 11 5 4 4 4 11 11 5 5 4 4 11 4 4 4 4 5 10 8 10 10 8 7 8 4 10 10 8 7 7 7 8 10 10 8 8 10 7 10 8 8 11 4 4 4 4 4 4 11 5 5 7 7 10 8 4 11 4 1 3 4 4 4 4 5 4 11 11 5 4 2 6 7 7 7 7 7 7 7 11 5 10 10 8 8 1 4 11 9 8 8 10 4 4 11 5 4 4 4 4 4 4 5 11 7 0 9 5 5 10 8 7 7 11 5 10 10 8 0 6 7 7 7 7 7 7 7 7 7 7 7 7 8 11 11 5 4 11 5 5 4 11 11 5 7 7 7 7 7 7 7 8 11 2 3 10 11 5 11 4 4 5 4 4 4 5 7 10 7 7 8 11 2 6 4 10 10 8 8 10 10 7 8 10 8 8 4 4 4 4 4 1 9 8 10 0 6 8 11 11 5 4 4 4 4 5 4 4 11 5 11 11 5 4 5 10 10 8 7 7 7 7 7 8 11 4 5 1 3 4 4 4 4 11 4 4 5 7 10 8 10 10 8 8 7 11 5 4 4 0 3 0 3 0 6 4 0 3 4 10 8 11 11 5 2 3 4 10 10 8 7 7 8 0 9 5 7 10 10 8 7 7 7 8 10 4 4 5 10 7 7 7 10 8 7 7 7 7 7 8 4 11 4 4 1 9 5 5 4 4 11 5 11 11 5 2 6 4 10 11 5 5 4 4 4 4 11 4 5 10 10 7 5 2 6 10 10 8 10 8 7 7 7 7 7 7 0 6 7 7 7 8 1 4 4 4 4 3 4 11 5 11 11 5 4 2 9 5 10 10 8 7 7 8 11 4 4 5 7 7 10 7 10 8 7 7 10 8 8 10 2 9 11 5 5 4 4 4 11 5 7 11 11 4 4 5 4 11 5 4 2 9 5 7 11 10 8 8 10 10 8 8 7 0 7 9 10 8 8 7 7 7 10 10 8 7 7 8 1 9 5 11 11 5 2 6 10 8 11 11 5 2 6 4 4 4 11 4 5 11 4 8 11 5 7 7 7 7 7 11 11 5 11 5 11 5 2 3 11 4 4 4 5 11 4 4 4 4 4 5 7 7 10 8 7 7 7 7 7 7 11 5 10 10 8 7 7 7 7 7 7 7 8 4 4 4 4 11 2 3 11 11 5 4 4 4 4 4 4 4 4 4 4 4 5 7 11 5 7 0 6 7 4 7 4 7 7 7 10 7 10 8 2 6 4 4 10 11 5 5 11 4 5 1 3 11 11 5 5 7 7 7 10 8 10 7 7 7 7 7 7 5 7 7 7 7 11 1 9 5 4 4 5 4 4 11 5 4 4 4 4 11 5 0 9 11 5 5 7 10 7 10 8 7 8 10 7 8 10 10 8 7 8 4 4 4 4 4 11 5 10 10 8 4 4 4 5 7 10 7 8 4 0 9 10 8 7 10 8 7 7 7 8 4 11 5 10 10 8 8 4 4 4 4 4 4 1 3 4 4 4 4 11 5 10 10 8 8 10 7 7 7 11 5 2 9 10 8 7 8 7 10 10 8 7 8 4 10 10 8 7 7 7 7 5 10 10 8 8 4 10 8 1 3 4 4 4 11 11 5 2 3 10 7 10 8 2 9 4 7 8 7 7 7 7 11 10 8 8 4 11 5 4 1 3 4 4 11 11 5 4 5 4 4 11 4 4 5 10 10 8 8 7 7 7 7 7 7 11 5 10 10 8 7 7 7 7 8 4 4 11 2 9 1 9 5 7 8 11 5 1 3 4 4 4 4 4 4 4 4 10 11 5 5 11 4 11 5 2 3 7 10 10 8 7 7 7 7 7 7 7 8 11 10 8 7 5 7 10 10 8 2 9 7 8 11 11 5 7 7 8 4 4 4 4 4 11 4 4 11 5 8 7 11 11 5 4 4 4 4 4 5 7 10 4 4 4 4 4 5 7 7 7 7 7 10 7 8 10 10 7 8 2 9 11 5 4 4 4 4 4 4 4 4 5 0 9 8 10 11 5 5 10 10 8 7 8 10 7 7 7 8 10 8 11 11 5 2 9 8 4 10 10 8 0 6 7 7 7 7 8 7 7 7 4 7 7 4 11 10 8 8 4 11 5 10 10 8 2 6 7 11 11 5 4 4 1 3 1 3 4 5 4 4 11 10 8 4 5 4 4 4 4 4 11 11 5 2 7 6 0 6 10 10 8 7 7 7 7 7 7 8 10 2 4 9 10 8 7 8 1 11 9 8 8 7 10 4 10 8 8 4 4 4 10 10 4 4 4 5 4 4 4 4 4 4 5 4 4 11 10 8 2 9 8 7 4 1 3 4 4 10 10 8 8 7 7 10 7 10 8 8 7 7 10 7 7 7 7 7 7 7 7 7 8 4 4 4 4 4 4 4 4 10 4 4 10 8 8 4 11 1 3 4 4 4 4 5 11 4 2 6 7 0 6 10 10 8 7 7 7 7 10 8 2 9 8 4 4 4 11 11 5 4 2 6 1 6 11 10 8 8 4 11 5 4 4 4 4 10 10 8 7 7 7 7 7 8 10 10 8 8 7 11 2 9 11 5 7 0 6 7 7 8 7 11 10 8 7 5 10 7 10 8 4 2 4 11 3 11 5 5 4 4 4 4 4 4 4 4 4 11 5 7 0 6 7 7 10 7 7 7 8 4 10 10 8 2 3 4 10 10 8 4 5 4 11 11 5 5 4 11 11 5 5 10 8 4 11 11 5 5 7 7 11 4 4 4 4 5 7 10 11 5 5 7 4 10 10 8 8 7 7 0 6 10 8 7 7 7 7 10 10 7 0 5 5 6 7 10 10 8 7 8 11 4 5 7 4 7 11 7 4 4 8 4 1 3 4 11 4 4 4 4 4 4 4 5 11 4 11 5 4 5 11 10 8 2 10 9 5 5 10 10 7 5 7 10 8 7 10 8 7 7 10 8 7 10 8 8 4 10 10 8 0 6 7 7 7 7 7 8 10 2 3 1 3 4 11 10 8 4 5 7 10 8 10 10 8 8 4 4 4 4 4 11 4 4 4 4 4 4 5 7 7 7 7 10 8 4 4 4 4 11 11 5 2 3 11 5 7 7 7 7 7 7 7 7 10 10 8 8 1 3 4 4 4 4 4 4 11 4 4 5 7 11 11 8 2 9 11 5 4 4 5 0 6 7 7 7 7 10 10 8 8 4 4 4 11 4 4 5 7 10 10 8 8 4 10 11 5 5 4 4 4 10 10 8 7 7 7 7 5 7 7 7 10 11 5 5 10 10 7 7 8 7 7 7 10 8 8 4 4 11 5 10 4 4 5 10 10 8 7 7 7 7 8 4 4 4 1 3 11 4 4 5 7 11 10 8 8 10 10 8 2 9 10 8 8 10 10 8 7 7 8 11 11 5 5 4 4 4 4 4 4 4 4 4 11 4 4 5 7 11 11 5 4 4 4 4 5 10 2 10 10 6 7 8 0 6 7 7 10 8 8 4 10 10 8 7 7 8 7 7 10 7 10 8 7 7 7 8 11 11 5 2 6 4 4 4 4 4 4 11 11 5 4 4 4 4 4 4 4 4 4 4 5
ppo_x50_b_fd_l4_same_gamma,93,qv22_93,22,231,True,1646.0,10.512036085128784,8 8 10 6 10 8 4 2 9 8 10 10 8 8 10 2 9 10 8 8 10 10 8 8 11 5 4 11 5 10 10 8 8 7 10 10 8 0 6 2 9 10 8 8 10 10 8 7 5 4 10 7 5 10 10 8 8 10 10 8 8 1 9 5 4 11 4 5 11 4 11 4 5 4 4 4 5 10 4 4 4 4 4 4 11 5 2 10 9 8 5 10 10 8 8 10 8 7 7 7 7 7 11 11 5 4 5 10 10 8 7 7 7 8 11 4 4 2 3 4 10 4 4 4 4 4 5 10 10 8 7 7 7 10 8 8 10 10 8 7 7 7 8 11 4 4 10 8 2 9 11 5 5 7 10 8 11 11 5 5 4 4 4 4 4 4 10 11 5 5 7 10 10 8 7 8 4 4 11 10 8 2 3 0 3 4 4 4 10 10 8 7 7 7 7 7 8 11 4 4 4 5 10 8 10 10 8 10 8 7 7 7 7 7 7 8 11 2 6 11 11 5 2 4 3 10 11 5 5 4 11 5 7 10 10 8 7 7 8 7 7 10 10 8 8 10 10 8 8 11 4 5 4 4 4 10 11 8 7 11 5 4 4 5 11 4 4 4 4 5 4 4 10 10 8 7 8 10 8 7 7 10 10 7 8 8 7 7 7 7 7 11 11 5 5 4 4 4 11 5 4 4 1 3 4 4 4 4 11 4 4 5 4 11 11 5 2 6 4 10 10 8 7 7 7 10 8 8 10 7 7 7 7 7 7 7 7 7 8 10 10 8 8 10 8 11 11 5 2 6 11 10 8 8 11 4 4 4 11 5 5 4 4 1 3 4 4 4 4 4 4 11 4 5 4 11 10 8 4 5 7 7 10 7 10 8 8 11 4 4 4 2 9 4 5 10 10 8 2 9 8 7 10 10 8 10 8 7 8 11 5 7 10 7 7 7 8 10 10 8 7 7 5 7 7 11 1 9 5 5 1 3 4 4 4 11 4 4 4 4 5 11 4 11 5 2 3 4 4 10 10 8 7 7 7 7 7 8 4 11 4 4 5 10 8 10 10 8 8 10 7 4 8 4 11 10 8 4 4 4 4 4 4 4 5 7 7 7 10 11 5 5 0 9 5 0 6 7 7 7 10 10 7 8 10 7 8 2 9 5 10 10 8 8 10 8 11 1 3 4 5 11 4 11 5 4 5 4 4 4 11 11 5 2 6 10 11 5 5 10 8 0 6 7 7 7 7 7 7 10 11 5 5 7 7 10 10 7 8 7 7 7 7 7 7 8 11 5 4 1 3 4 4 4 4 10 8 4 1 3 4 4 11 4 8 10 10 8 2 3 11 5 10 10 0 6 8 7 10 8 8 10 7 8 4 1 3 4 4 4 4 4 4 11 5 11 4 11 5 2 9 11 5 2 9 10 8 7 8 4 4 4 4 4 10 10 8 8 7 7 7 7 10 8 4 4 4 11 4 5 10 8 11 11 5 5 10 8 10 10 8 10 8 8 10 10 8 0 6 8 7 7 7 10 10 7 5 2 6 10 7 10 8 8 11 2 3 4 4 4 4 4 4 4 11 4 4 5 10 10 8 7 8 7 10 8 11 11 4 4 5 2 9 10 8 8 10 7 7 10 8 7 7 8 4 4 4 1 4 4 3 4 4 11 4 4 4 5 4 11 8 4 10 10 8 8 10 8 7 10 10 8 10 8 8 10 4 5 4 0 6 7 7 10 10 7 7 7 7 7 7 7 7 7 8 8 11 4 5 10 2 9 1 9 5 4 5 4 4 4 4 4 4 4 11 4 4 4 11 5 2 6 7 7 10 0 6 7 7 7 7 8 7 7 7 10 10 7 8 8 11 10 8 8 4 1 4 9 8 4 4 4 1 4 4 9 8 4 11 5 11 11 5 5 11 11 4 5 5 4 4 11 11 5 2 9 5 7 7 10 10 8 7 8 10 10 8 7 7 7 8 4 4 4 10 10 8 2 6 10 7 7 7 7 7 8 11 11 5 5 4 11 4 4 4 4 4 4 5 11 4 4 4 4 5 11 11 5 7 7 7 7 7 7 7 8 4 10 4 2 6 0 6 7 10 10 8 7 5 10 10 7 8 8 11 11 5 2 6 7 7 11 10 8 8 7 7 10 10 8 8 4 4 1 3 4 4 11 11 5 7 8 11 11 5 11 5 2 3 4 11 4 10 8 8 10 1 4 9 8 4 11 8 8 4 11 11 4 8 4 4 4 5 7 10 8 0 6 7 7 7 7 4 7 11 10 8 7 8 11 1 3 4 4 4 4 4 4 4 4 5 0 6 10 8 7 7 10 7 7 8 10 10 8 4 4 4 5 7 7 10 8 10 10 8 10 8 8 4 4 4 4 4 1 3 4 4 4 10 11 5 5 10 7 8 4 4 11 11 5 5 7 7 7 7 10 8 10 10 8 7 10 8 4 5 10 5 10 5 7 4 7 4 7 4 10 5 10 5 10 5 10 5 11 4 4 5 7 7 10 7 7 7 8 7 10 10 8 7 7 7 8 11 5 4 1 11 9 8 8 10 10 8 8 7 10 8 11 11 5 5 11 11 5 4 11 5 2 6 4 4 4 4 4 11 5 7 10 8 10 8 10 7 7 7 7 8 4 7 4 7 4 10 11 5 8 10 5 10 7 7 4 4 8 4 4 4 4 4 1 3 11 11 5 4 4 4 4 4 4 4 4 5 7 7 10 8 10 10 8 7 7 7 8 11 2 3 4 4 7 4 7 4 11 10 8 0 6 8 10 10 8 7 7 8 11 10 8 8 10 11 5 2 4 9 5 4 4 10 8 10 0 4 6 7 10 8 4 4 4 1 3 4 11 5 4 4 5 11 11 5 2 9 11 5 2 9 8 7 7 11 4 5 4 10 10 8 7 10 8 8 10 8 10 11 5 2 6 7 10 10 8 4 5 11 11 5 4 5 10 11 5 5 10 8 7 7 7 7 11 5 10 7 7 8 7 7 10 10 7 8 7 7 7 7 8 4 11 5 4 1 3 4 4 1 4 4 9 5 11 4 11 5 2 6 7 10 8 4 4 4 4 4 4 11 11 5 5 11 11 5 2 6 7 10 7 8 0 9 11 8 10 8 0 9 5 7 7 7 7 7 7 8 10 10 8 7 8 10 10 8 8 0 9 10 7 8 8 4 11 4 5 11 10 8 8 4 11 4 5 10 10 8 8 4 11 4 5 10 11 5 5 11 11 4 4 4 5 2 11 3 5 4 4 11 11 5 2 9 11 5 5 10 8 7 10 8 10 10 8 2 6 10 10 7 8 0 6 7 7 7 7 7 7 7 7 10 8 8 4 10 4 5 4 4 4 11 10 8 2 3 4 4 4 4 11 11 5 2 3 11 4 4 4 5 4 4 11 5 4 10 10 8 7 0 6 10 8 7 0 6 7 7 7 8 11 10 8 2 9 11 5 4 4 5 10 10 8 7 7 7 7 7 7 7 8 7 10 10 8 8 4 4 4 4 4 4 4 4 4 1 3 4 4 4 4 4 11 5 10 10 8 8 4 11 2 6 10 7 8 4 10 10 8 7 7 7 7 7 7 7 7 7 8 10 8 11 11 5 2 9 7 8 11 11 5 4 4 4 5 4 4 4 4 11 11 5 4 4 4 5 10 10 8 2 4 11 11 5 5 10 10 7 7 8 7 7 7 7 7 7 7 7 7 7 8
ppo_x50_b_fd_l4_same_gamma,94,qv22_94,22,233,True,1653.0,10.584737300872803,8 8 10 9 8 8 10 10 5 11 5 0 5 6 10 10 8 8 4 4 11 10 5 8 10 2 9 0 6 8 10 10 8 8 10 10 8 8 11 5 4 4 4 11 5 11 11 5 5 7 7 7 7 7 10 10 8 7 10 8 8 10 10 8 8 10 10 8 8 11 5 7 10 10 8 8 4 4 11 5 11 11 5 4 4 5 10 7 7 7 8 11 11 5 4 4 4 4 4 4 4 4 5 7 1 3 4 4 10 8 11 11 5 10 5 0 5 10 10 6 8 0 6 10 8 7 7 7 10 8 7 7 8 7 7 7 11 4 4 10 8 7 7 7 7 10 8 8 4 4 11 5 4 11 10 8 2 6 10 10 8 8 7 10 10 8 8 4 4 4 4 4 4 4 11 4 4 5 11 4 2 9 10 8 8 4 4 4 4 11 5 4 1 10 9 5 5 10 10 8 8 7 10 7 7 10 8 7 7 8 7 7 10 8 4 11 11 5 5 4 4 11 4 4 5 10 10 8 8 10 8 10 7 8 11 11 5 5 10 7 7 7 7 0 6 7 8 10 10 8 2 3 7 11 5 4 11 4 5 4 4 11 4 5 4 7 4 4 4 11 11 5 4 5 0 6 7 7 7 7 7 10 10 8 1 3 11 5 5 4 4 10 11 5 5 7 10 10 8 7 7 7 7 7 7 7 7 7 7 8 11 4 4 2 3 11 4 4 11 5 4 4 8 11 11 5 11 5 2 6 10 7 7 8 4 4 4 4 4 4 4 11 11 5 5 11 11 5 5 7 7 7 10 8 10 4 11 5 7 7 0 6 7 7 7 8 7 10 10 8 10 8 2 9 10 8 8 10 8 10 8 4 11 4 4 4 4 4 4 5 10 7 10 8 7 8 7 10 10 8 8 11 11 5 7 8 11 4 4 4 10 8 8 4 7 4 7 4 7 4 10 10 8 4 4 5 4 4 4 10 8 10 4 11 4 8 4 4 4 4 4 5 7 10 8 0 9 10 8 4 4 4 4 4 4 5 7 7 7 7 7 7 10 8 10 4 8 4 11 10 5 10 5 10 5 10 5 10 8 7 7 7 7 7 7 7 7 0 6 7 8 10 10 8 8 4 4 4 4 4 4 4 4 11 4 4 4 5 4 4 4 10 2 9 11 5 5 4 4 11 5 10 10 8 7 10 8 7 7 0 6 8 10 11 5 5 7 10 10 8 7 7 10 8 8 4 10 8 7 10 7 7 7 7 8 1 3 11 11 5 5 11 5 11 11 5 5 11 11 5 4 4 4 4 4 5 11 4 4 5 7 7 11 11 5 2 9 7 11 5 2 3 10 10 8 7 7 7 7 8 7 7 7 7 7 7 11 4 7 4 7 4 7 4 7 4 7 4 7 4 8 10 10 7 8 2 4 4 4 3 4 4 11 5 7 11 11 5 4 5 4 4 4 10 10 8 2 9 10 8 8 7 7 7 7 10 8 11 2 9 11 5 5 4 11 11 5 4 5 4 4 4 4 4 4 0 10 9 8 11 8 11 8 11 8 11 8 11 8 11 5 5 10 10 8 7 8 7 7 11 5 10 10 8 7 0 6 7 8 10 10 8 7 7 8 7 11 10 7 8 7 8 10 10 8 8 4 4 11 5 10 10 8 2 6 4 10 8 1 6 1 6 1 6 4 1 9 10 8 8 4 11 11 5 4 4 4 5 11 11 5 2 9 10 8 4 4 4 4 4 5 4 4 7 7 4 4 0 9 5 10 8 10 10 8 2 6 10 7 7 7 7 10 8 7 7 0 6 8 11 7 1 3 4 4 4 4 4 4 4 4 5 4 4 4 4 4 10 4 4 5 7 11 7 8 10 7 10 8 7 7 7 0 6 7 7 7 7 8 4 4 11 5 11 11 5 7 7 8 10 7 10 7 8 8 10 10 8 8 11 4 10 8 8 11 11 5 5 11 10 8 8 7 10 10 8 8 4 4 4 4 4 4 4 4 4 4 4 11 10 8 2 9 5 10 7 7 8 11 4 4 11 5 4 5 7 10 7 11 5 5 10 4 4 4 11 4 5 2 6 7 7 7 7 7 10 10 8 7 7 7 8 11 2 9 11 5 4 11 5 4 5 4 4 11 5 4 10 10 8 8 11 4 4 5 11 11 5 5 4 10 2 9 8 7 7 11 5 10 10 8 7 7 7 7 7 0 6 8 7 7 10 10 8 7 7 7 8 11 11 5 4 11 5 2 4 6 4 10 10 8 7 8 11 10 8 8 11 4 11 5 4 4 10 8 2 9 7 7 8 10 8 7 11 11 5 4 4 5 4 4 4 11 10 8 8 7 7 7 7 7 7 7 11 5 10 10 8 8 11 5 4 4 11 4 4 4 11 5 4 4 4 5 10 2 6 10 7 7 7 8 4 11 11 5 4 4 5 10 8 7 7 7 7 10 8 4 11 11 5 4 4 11 5 4 5 11 2 9 10 8 7 8 7 7 10 8 4 11 11 5 2 3 4 4 11 11 5 5 11 11 5 4 4 4 5 0 6 7 7 7 7 11 5 10 8 10 8 4 10 10 8 7 7 8 7 7 10 7 8 10 10 8 7 8 7 7 10 10 8 2 11 6 4 8 4 11 5 11 5 4 11 11 5 7 5 4 4 10 0 7 6 7 7 7 8 11 11 5 11 5 11 5 5 11 11 5 4 5 4 4 4 4 4 4 4 4 4 11 5 0 6 11 4 11 5 2 9 8 10 10 8 8 0 6 10 8 7 7 7 7 0 6 7 7 7 7 7 7 11 11 5 2 4 4 3 10 11 5 5 4 4 4 4 4 4 4 11 11 5 2 3 10 8 7 0 6 10 7 8 7 7 10 10 8 7 7 10 8 2 7 7 9 10 8 8 4 4 11 4 5 4 11 5 10 7 7 7 7 7 7 7 8 10 7 11 5 1 3 4 4 4 5 4 11 5 11 1 3 11 5 4 1 3 4 4 4 4 4 4 5 10 4 4 2 10 10 6 7 8 8 11 5 10 10 7 7 8 7 7 8 7 11 10 8 8 10 7 7 7 7 7 7 7 7 8 11 11 5 11 5 2 9 8 7 10 8 11 11 5 11 5 4 11 5 11 5 1 3 5 4 10 10 8 8 10 7 8 11 11 5 4 4 4 4 11 5 4 4 5 10 10 8 2 6 11 4 4 5 10 7 10 4 5 2 9 11 5 5 7 10 0 6 10 8 7 7 8 10 7 10 8 2 9 5 4 11 11 5 11 5 5 7 7 7 7 11 5 4 4 4 4 4 11 5 4 4 4 4 10 11 5 5 10 10 8 10 8 0 6 10 8 7 8 10 7 7 10 8 2 7 9 8 10 10 8 7 7 7 8 4 4 1 10 9 5 5 4 4 11 5 4 11 4 4 11 5 4 5 11 11 5 2 10 7 6 8 11 5 11 11 5 5 7 7 7 7 0 9 10 8 0 6 7 7 8 10 7 7 10 8 8 10 7 10 8 2 7 11 5 9 10 8 8 11 4 5 11 11 5 4 4 4 4 4 5 4 4 4 11 11 5 5 4 0 9 11 5 4 4 4 5 10 10 8 7 7 7 7 8 10 10 7 8 10 8 7 7 8 10 10 8 7 7 7 7 7 8 11 11 5 4 4 1 5 3 4 4 4 11 4 5 11 11 5 2 10 7 7 10 8 8 6 4 4 4 4 4 4 11 11 5 2
ppo_x50_b_fd_l4_same_gamma,95,qv22_95,22,234,True,1716.0,10.59935450553894,6 8 10 0 6 8 2 9 11 5 5 10 8 10 10 8 8 0 9 5 10 11 5 5 7 10 10 8 8 10 10 8 8 11 5 4 4 11 4 5 7 11 5 7 10 11 5 5 11 5 7 7 7 7 7 0 6 10 10 8 8 10 10 8 8 10 10 8 8 11 5 11 11 5 4 10 8 2 9 8 10 7 7 10 8 7 5 10 10 8 8 4 10 8 11 4 5 4 4 4 10 8 11 5 10 5 10 5 10 5 10 5 4 11 11 5 4 4 5 10 2 6 0 6 7 7 7 10 7 10 7 8 7 7 10 8 8 4 11 2 9 5 7 10 8 11 11 5 11 5 5 11 5 4 4 4 1 3 4 4 4 11 5 7 0 6 7 10 11 5 5 7 10 7 7 7 7 10 8 7 8 1 11 9 5 4 1 3 4 4 4 4 4 4 4 5 10 11 5 4 4 5 10 4 4 10 5 10 5 7 4 8 7 7 0 6 7 7 10 10 8 4 5 10 8 10 7 7 10 8 2 6 4 4 4 10 11 5 5 4 11 11 5 11 5 2 9 4 5 7 7 11 11 5 4 4 4 5 11 2 6 7 7 7 7 4 11 11 5 2 6 10 10 8 8 10 10 8 7 7 7 7 0 6 8 11 11 5 4 5 11 11 5 4 4 4 5 7 10 8 10 10 8 7 7 7 7 7 7 7 8 11 11 5 4 4 4 5 10 7 4 10 8 7 7 8 11 4 4 4 1 3 4 4 5 4 4 4 11 11 5 5 7 7 7 7 7 7 7 11 10 8 8 11 5 4 11 4 4 4 5 7 7 10 0 9 8 10 8 7 10 8 7 7 8 7 0 9 10 7 5 10 5 4 2 9 11 5 5 10 7 10 7 8 8 10 10 8 7 8 11 5 4 4 4 4 4 4 4 4 11 4 5 4 11 4 5 4 4 4 11 5 4 10 10 8 7 7 7 7 8 7 7 10 7 7 7 8 11 11 5 5 11 4 10 8 8 10 7 8 10 4 4 11 4 5 11 5 5 4 11 5 4 10 10 8 7 0 6 8 10 7 7 8 7 11 5 10 10 8 8 7 7 10 10 8 8 4 4 4 10 5 1 3 4 4 4 4 11 4 4 5 10 10 8 8 11 4 4 5 10 8 10 11 8 7 10 8 10 8 2 4 6 10 10 4 5 2 9 5 7 10 10 8 7 7 7 8 4 11 10 8 7 8 11 10 8 8 10 10 8 4 2 11 4 3 4 5 4 4 4 4 10 11 5 5 11 11 5 4 4 5 4 4 4 4 10 2 6 7 7 10 10 8 7 8 10 10 8 1 3 4 4 4 4 4 5 7 7 7 10 10 8 8 11 5 10 10 8 10 8 8 10 10 8 8 10 10 7 5 4 4 5 7 10 8 10 10 7 7 8 2 3 7 10 7 7 10 8 8 4 4 4 4 4 4 11 10 8 8 11 2 6 7 10 7 8 11 5 4 4 1 3 4 4 4 4 4 4 11 5 7 11 11 5 4 4 4 5 11 11 5 2 9 5 7 7 7 7 7 7 7 7 7 7 7 7 7 10 10 8 2 3 4 10 10 8 7 8 11 7 8 10 10 8 1 3 4 4 4 5 1 3 4 11 4 5 4 4 4 4 4 4 11 11 5 4 2 6 7 7 7 7 10 4 10 8 10 8 8 10 8 10 0 9 5 5 1 3 11 4 5 10 10 8 10 8 7 8 7 7 7 7 10 7 7 8 11 11 5 4 10 8 2 4 9 4 10 8 8 7 11 4 8 4 4 4 11 11 5 5 4 11 5 4 4 4 4 10 10 8 2 6 11 4 11 5 4 5 10 10 8 2 3 10 11 5 5 10 10 8 7 7 10 8 8 11 10 8 2 6 7 10 10 8 7 7 8 10 7 7 10 8 8 10 10 8 8 4 4 4 11 4 5 4 4 4 4 4 4 4 4 4 11 5 10 7 7 8 7 11 5 11 11 5 5 7 7 7 7 7 7 7 7 11 7 7 10 8 8 4 11 4 4 2 9 4 4 5 11 8 10 7 10 8 10 8 8 10 10 7 8 8 4 4 11 4 5 4 1 3 4 4 4 10 11 5 5 7 11 5 0 6 7 7 7 4 7 1 3 4 7 0 3 10 11 4 8 4 2 9 11 5 1 3 4 4 4 4 4 4 5 0 9 5 7 7 7 10 8 10 8 11 11 5 2 9 11 5 5 11 10 8 10 8 8 7 7 11 11 5 2 6 10 8 7 7 7 7 10 10 8 7 7 7 7 8 11 11 5 5 7 10 8 11 11 5 5 7 10 8 11 11 5 4 4 11 5 2 3 11 5 4 7 4 7 7 7 11 11 5 4 4 4 4 5 4 4 4 4 4 4 10 10 8 7 7 0 6 7 7 7 7 7 7 7 7 7 7 7 7 8 7 11 5 10 10 8 8 4 4 4 4 4 11 4 4 4 4 4 5 10 8 7 7 7 7 11 11 5 2 3 4 4 11 11 5 4 5 11 5 4 4 4 10 10 8 0 6 7 7 10 8 7 10 8 8 10 7 10 8 7 7 8 10 7 7 10 7 8 2 11 3 4 11 4 4 4 5 5 4 4 11 4 4 4 5 11 2 9 7 11 5 4 5 7 10 7 8 10 10 8 7 8 7 11 11 5 5 4 11 5 4 11 11 5 5 10 11 5 5 7 7 7 10 8 7 7 7 7 7 7 7 7 11 10 8 8 4 11 4 4 5 10 10 8 4 4 4 5 7 10 8 10 10 7 7 8 7 8 4 11 1 6 1 9 8 7 7 8 4 11 4 5 4 4 4 4 4 4 11 4 4 10 8 4 4 4 4 4 5 4 4 4 0 9 5 10 10 8 7 8 7 7 7 7 7 10 11 5 5 4 10 2 6 10 10 8 10 8 8 7 7 10 11 5 2 4 9 11 5 4 4 4 11 5 4 5 4 4 4 0 9 5 10 5 10 11 5 5 10 8 7 10 10 8 7 7 8 7 7 7 7 7 7 10 10 8 7 7 7 8 11 5 11 2 6 11 11 5 4 4 5 4 4 4 4 11 4 8 10 10 8 2 6 10 8 4 11 4 5 4 10 10 8 7 7 7 7 7 7 7 7 7 8 10 10 8 8 4 4 4 4 4 4 4 11 4 2 4 3 11 4 4 4 5 4 4 11 11 5 7 8 4 4 0 9 5 10 0 9 5 0 6 7 7 10 8 7 7 7 7 7 8 11 4 4 8 10 10 8 2 9 10 8 7 7 8 11 11 5 5 4 4 10 8 11 11 5 4 4 4 4 4 4 5 11 2 6 7 7 7 7 11 11 5 7 8 7 10 10 8 7 7 7 8 10 10 8 8 7 1 3 4 4 11 4 4 5 0 9 10 8 10 8 7 8 4 4 10 10 8 7 7 8 7 11 4 8 11 4 4 10 8 7 7 7 7 8 11 11 5 5 4 11 11 5 4 1 3 4 4 5 4 4 4 4 4 4 11 5 10 10 8 8 11 2 3 11 11 5 4 5 4 10 7 7 8 4 4 10 10 8 7 7 7 7 7 8 4 4 10 4 5 7 10 10 8 7 7 7 7 7 7 7 8 7 10 10 8 2 3 11 5 11 11 5 4 5 4 4 11 4 5 10 10 8 8 10 10 8 7 7 7 7 7 7 8 11 2 11 11 5 3 4 4 5 11 4 4 4 4 4 4 4 5 11 11 5 4 5 11 10 8 8 4 4 4 11 11 5 2 10 10 7 7 7 7 8 7 7 10 8 9 8 7 7 7 7 8 11 10 8 8 10 7 7 7 7 10 2 8 4 4 4 4 4 4 11 11 5 4 4 4 4 5
ppo_x50_b_fd_l4_same_gamma,96,qv22_96,22,231,True,1659.0,10.566297769546509,8 6 10 8 8 10 10 5 10 5 10 5 10 5 10 5 10 5 10 5 10 5 10 5 11 5 11 5 7 2 10 9 5 5 10 10 8 10 8 8 11 5 7 10 10 8 8 10 10 8 8 10 4 5 4 4 11 5 10 7 4 8 0 6 10 10 8 10 8 10 8 8 11 4 5 10 10 8 7 5 10 10 8 7 5 10 10 8 8 11 5 4 10 10 7 7 8 8 11 5 1 3 4 11 4 4 5 11 4 4 4 4 11 5 2 11 3 4 4 5 10 10 8 7 8 7 7 7 7 10 8 4 10 10 8 7 7 7 8 11 10 7 4 7 4 7 4 8 2 9 11 5 11 5 5 7 11 11 5 4 4 4 4 4 4 5 4 10 4 2 3 7 10 10 8 0 6 7 7 7 7 7 7 7 7 7 7 7 10 8 8 10 4 4 5 10 10 8 8 4 4 4 11 10 8 7 5 10 10 7 5 1 3 4 4 5 4 10 4 2 9 10 8 4 5 7 10 7 7 7 8 7 10 10 8 8 4 4 11 5 1 3 4 4 4 4 4 11 4 4 5 4 10 10 8 7 10 8 8 4 4 11 5 4 4 4 4 4 11 4 11 5 2 7 9 8 7 7 7 10 7 7 10 8 7 11 5 2 3 10 10 8 7 7 7 7 8 11 2 6 7 7 11 11 5 4 4 4 5 4 11 4 4 4 5 10 0 6 7 7 10 8 8 4 4 11 4 4 4 5 7 7 7 7 7 7 7 7 7 7 10 10 7 7 8 8 11 2 3 4 4 4 4 11 4 5 4 4 10 10 8 2 4 9 8 11 11 5 4 4 5 7 11 11 5 2 6 10 4 4 4 4 4 5 7 7 10 11 5 7 7 7 7 7 8 4 4 10 4 2 9 10 8 8 10 10 8 7 8 10 10 8 10 8 8 11 5 4 11 4 4 4 4 4 5 7 7 7 7 7 10 10 8 7 7 7 7 7 7 8 10 4 10 8 8 1 3 4 4 4 4 4 4 4 4 4 4 4 4 4 4 4 11 5 4 10 10 8 8 10 8 10 10 8 2 6 10 11 5 4 4 4 10 5 10 5 4 4 5 7 7 7 7 7 0 6 7 7 7 7 10 8 10 7 7 10 8 1 8 6 7 11 7 8 0 3 0 3 4 11 11 5 2 9 10 8 7 8 10 8 11 4 4 5 10 4 4 4 11 4 5 11 5 4 5 10 8 11 4 8 4 4 4 4 4 4 4 10 11 5 5 10 8 10 10 8 10 8 7 0 9 5 5 10 8 7 7 7 7 7 10 10 8 2 6 10 7 7 5 11 4 4 5 11 11 5 5 4 4 4 4 4 4 4 4 10 11 5 5 7 7 11 5 10 10 8 7 10 8 7 0 6 7 7 7 7 7 7 8 4 1 3 4 4 11 4 5 11 4 4 4 5 10 10 8 2 10 9 8 8 7 7 10 10 8 8 7 10 10 8 7 5 10 10 8 8 4 4 4 4 4 4 4 4 11 5 10 2 9 10 8 7 8 4 4 4 4 4 11 5 4 4 4 10 10 7 5 7 0 6 7 7 0 7 6 7 10 8 7 7 7 7 7 8 10 10 8 8 7 10 8 1 3 4 4 10 1 3 4 5 11 5 10 10 8 8 4 4 4 10 11 2 3 4 4 5 10 0 6 7 7 8 4 11 10 8 8 10 7 7 10 8 7 8 4 4 4 4 4 4 11 4 4 5 4 4 4 4 10 4 10 8 4 5 10 10 8 4 4 4 5 7 7 7 11 5 10 10 8 7 7 10 8 7 8 10 10 8 8 7 7 7 10 8 1 9 11 5 5 11 4 4 5 4 11 4 4 4 4 4 5 4 4 11 11 5 2 7 7 6 7 7 10 10 8 7 7 7 7 7 8 10 10 8 8 10 10 8 2 9 10 8 7 8 11 1 3 4 1 3 4 4 4 4 4 4 4 5 10 0 9 8 7 7 4 7 4 7 4 7 4 7 4 7 4 7 4 7 4 7 4 10 8 7 11 5 4 4 2 9 4 7 4 4 4 4 5 10 10 8 7 7 7 4 7 4 7 4 7 4 7 4 7 5 10 10 8 8 7 10 7 7 8 10 10 8 10 8 7 10 8 8 11 2 3 11 11 4 5 4 4 4 5 11 2 4 9 10 8 8 11 4 4 4 4 4 4 5 4 4 10 10 8 7 7 8 11 2 3 4 11 4 11 5 5 4 10 10 8 8 11 5 7 10 10 8 8 10 10 8 10 8 7 8 10 0 6 7 10 8 7 7 8 11 4 4 5 10 4 5 4 4 4 11 4 4 5 11 4 5 10 10 8 8 11 5 10 10 7 7 8 8 10 10 8 7 7 7 7 8 11 10 7 7 8 7 7 8 11 5 4 4 4 4 11 1 4 3 4 5 4 4 10 0 9 8 7 7 7 7 8 11 2 3 11 11 5 4 4 5 4 1 4 4 3 4 4 4 11 4 5 7 7 7 7 7 7 7 7 11 5 0 6 7 7 10 10 8 2 9 5 7 7 7 10 8 7 7 10 10 8 2 6 4 4 4 11 5 11 4 5 10 4 10 8 10 7 8 7 7 8 11 4 4 11 7 4 7 4 5 4 4 4 4 11 5 2 10 9 8 5 4 4 11 4 5 7 10 10 8 8 10 7 7 7 7 7 7 7 7 8 11 11 5 2 3 11 4 4 2 11 5 9 11 5 4 4 4 4 4 4 4 4 4 4 11 5 5 10 8 4 0 10 9 5 5 10 0 6 7 7 8 11 11 5 4 5 10 10 8 7 7 7 7 10 8 7 7 7 8 7 7 7 7 7 7 11 10 8 8 7 11 11 5 4 4 1 9 8 4 5 10 7 7 8 11 11 4 5 4 4 11 5 4 5 4 11 2 10 6 8 11 11 5 4 8 11 4 4 5 7 10 10 8 2 7 7 7 6 10 7 8 4 4 4 4 11 5 10 10 8 8 10 10 8 7 7 7 8 10 8 11 11 5 4 11 5 5 11 2 3 11 5 4 4 11 5 10 10 8 8 11 5 4 4 11 4 4 4 5 10 5 10 5 10 5 10 5 10 11 5 4 2 6 4 10 8 0 6 0 6 7 7 7 7 10 10 8 7 7 7 7 7 7 7 5 10 10 7 5 2 6 11 4 8 4 11 11 5 4 5 1 3 4 4 11 4 5 11 4 4 4 4 4 11 5 2 6 10 7 8 10 11 5 5 11 11 5 4 2 6 7 7 7 10 8 7 0 9 10 8 7 7 7 7 7 8 7 11 11 5 2 11 9 5 4 5 11 11 5 8 11 11 5 2 9 5 11 11 5 7 7 7 7 8 7 4 10 4 4 4 4 4 4 4 5 10 10 8 7 7 7 10 8 7 7 7 10 8 8 10 4 5 10 7 10 8 7 7 7 7 7 8 11 1 3 4 8 11 11 5 4 4 4 4 4 5 4 11 4 5 10 10 2 6 8 11 2 9 10 8 8 7 7 10 7 7 8 11 11 4 5 2 11 11 5 3 5 11 11 5 11 5 4 4 4 11 5 2 9 5 7 11 11 5 5 4 7 4 10 10 8 7 7 7 7 7 7 11 5 2 10 10 8 7 7 7 7 8 7 7 7 10 10 7 8 8 9 11 5 2 6 11 4 4 11 5 4 4 4 4 4 4 4 4 11 5 2 7 11 11 5 4 4 4 4 4 4 5
ppo_x50_b_fd_l4_same_gamma,97,qv22_97,22,230,True,1654.0,10.397722959518433,8 8 10 6 10 8 2 9 4 5 10 10 7 8 8 10 4 4 2 6 7 10 10 8 8 10 10 8 8 10 4 5 4 4 11 5 7 10 7 8 7 10 10 8 8 4 7 4 11 5 10 10 8 4 4 5 7 7 7 10 10 8 8 4 4 4 11 10 8 2 3 11 4 4 5 0 9 10 8 10 8 7 7 7 8 10 10 8 8 10 10 8 7 5 10 4 4 5 4 11 4 4 4 4 4 4 4 4 5 4 4 11 5 10 7 7 8 7 11 5 10 10 8 8 4 4 10 11 5 5 10 8 7 7 0 6 10 0 6 7 7 7 7 7 7 7 7 10 8 8 4 11 4 5 10 10 8 8 1 3 11 11 5 4 4 4 4 4 4 4 5 10 10 5 10 5 10 5 10 5 10 5 10 5 10 5 10 8 8 7 0 10 6 8 10 10 8 7 8 4 4 4 11 4 4 4 4 4 5 11 5 7 10 10 8 7 8 10 10 8 8 7 4 7 4 7 10 4 4 4 4 5 7 7 7 7 7 7 10 7 7 10 8 7 10 8 8 4 11 5 10 5 10 4 2 6 4 4 4 4 4 11 1 3 5 10 10 8 8 11 2 9 10 7 8 8 7 7 11 5 4 11 11 5 4 4 8 10 4 11 5 4 5 7 7 7 7 7 10 11 5 5 7 7 11 11 5 4 4 4 4 4 4 4 4 4 4 4 5 10 8 11 11 5 5 10 7 8 7 10 7 0 6 7 7 7 7 7 7 7 7 7 7 7 8 10 10 8 8 4 4 4 1 9 5 4 4 4 4 4 4 11 4 4 4 4 4 4 4 5 7 7 7 7 11 5 10 10 8 8 10 8 4 4 4 10 11 5 5 10 4 5 7 7 7 7 7 7 11 11 5 2 3 4 4 4 4 11 5 7 7 11 5 11 11 5 5 7 7 10 8 7 7 7 7 10 10 8 8 7 11 4 4 4 10 8 7 8 10 10 8 0 6 8 7 11 7 7 7 7 8 7 11 11 5 5 4 4 11 11 5 5 10 7 4 7 4 7 10 7 5 1 3 5 4 4 4 4 4 4 4 4 4 11 4 4 5 4 10 10 8 0 9 8 10 8 8 4 11 5 7 10 10 8 7 7 10 8 8 7 10 10 8 2 9 10 8 8 7 7 7 11 11 5 2 3 7 10 10 8 7 8 10 10 8 8 4 4 4 4 4 4 4 4 11 10 8 2 3 11 11 5 4 4 5 10 10 5 2 9 10 8 8 11 4 4 10 8 7 0 6 7 7 7 8 4 10 8 7 7 7 7 10 8 11 11 5 5 4 11 11 5 4 4 4 5 4 4 4 4 7 4 10 4 4 4 5 7 10 10 8 10 8 8 4 10 2 6 7 7 7 10 10 8 2 4 6 10 7 8 11 1 3 4 4 5 10 10 8 7 11 5 4 4 4 4 4 4 4 4 5 4 4 10 2 6 7 7 7 10 11 5 5 7 7 7 10 10 8 2 9 8 7 7 10 10 7 8 8 10 7 11 5 2 6 10 8 4 4 10 11 5 5 10 8 10 10 8 7 8 10 8 10 8 10 8 4 4 4 4 4 4 4 11 10 8 2 4 11 4 5 9 10 8 8 7 7 7 7 7 11 10 8 8 11 11 5 4 5 4 11 11 5 1 3 4 4 4 4 4 4 5 7 7 7 4 11 10 8 8 4 4 11 4 2 9 10 8 4 4 4 5 10 8 10 8 4 11 11 5 5 7 7 0 6 7 7 0 6 7 7 7 7 7 10 7 7 7 8 1 9 11 5 2 11 3 4 11 5 4 4 4 4 8 11 5 4 4 4 4 4 10 8 11 11 5 2 9 7 8 7 7 7 10 10 8 7 8 7 7 7 7 10 7 8 4 11 4 4 4 4 4 4 5 4 4 4 11 5 4 4 10 10 8 7 7 0 6 7 7 7 7 8 7 11 4 8 10 10 8 7 7 8 11 11 5 5 10 7 7 8 4 11 11 5 4 5 4 11 11 5 5 11 5 10 10 8 7 7 7 7 7 7 7 7 7 8 10 2 6 7 11 11 5 4 4 5 11 4 4 4 4 4 4 4 4 4 5 7 10 11 4 4 4 5 11 5 2 9 10 8 7 7 11 5 4 4 2 9 4 5 10 10 8 2 10 9 8 10 8 7 7 7 7 7 7 7 8 4 4 4 4 4 11 4 4 5 10 4 4 5 10 10 8 10 8 10 8 0 6 7 7 7 7 7 7 7 7 8 11 4 4 4 5 4 11 4 4 4 5 10 10 8 8 10 10 8 2 6 7 7 7 10 8 10 7 10 8 8 7 1 3 4 4 4 4 11 4 5 11 4 5 10 10 7 8 8 4 1 3 11 5 4 4 10 11 5 5 4 4 4 10 10 4 4 4 5 2 6 7 10 7 8 7 7 10 8 10 10 8 8 7 0 9 10 8 7 8 10 8 10 7 10 7 8 1 9 8 0 6 8 1 3 4 11 5 11 4 4 11 5 5 11 4 4 4 4 4 11 5 2 3 7 11 4 4 10 8 8 10 10 8 8 7 10 10 8 2 9 10 8 8 0 6 10 8 10 10 8 7 7 8 10 10 8 7 8 11 1 8 9 10 8 5 11 5 11 2 11 3 4 4 4 4 5 11 11 5 7 0 6 7 8 11 5 11 11 5 4 4 4 4 4 4 4 5 0 6 10 10 8 4 5 7 7 7 10 10 8 10 8 2 6 4 10 10 8 7 7 7 8 1 3 4 4 4 11 11 5 4 4 2 6 7 10 10 8 10 8 8 1 3 4 11 4 4 5 10 10 8 8 4 1 9 8 4 4 11 11 5 7 8 10 8 11 4 2 9 8 4 11 4 11 5 5 7 7 0 6 7 7 7 7 7 7 7 7 10 7 8 11 11 5 5 11 11 5 5 4 11 4 4 4 5 11 11 5 7 7 7 7 7 0 6 7 8 4 11 11 5 5 7 0 6 7 7 7 10 8 10 10 8 7 8 11 7 11 5 5 4 4 4 11 11 5 4 4 4 4 4 5 4 4 11 2 9 5 11 10 8 8 4 4 4 4 4 10 10 8 0 6 7 7 7 7 7 7 7 7 7 7 7 7 7 7 7 7 10 8 2 3 11 5 1 9 10 8 8 11 5 4 4 4 11 5 10 7 8 10 8 11 11 4 5 4 11 5 2 4 4 4 11 3 5 11 11 5 2 6 4 0 9 11 5 4 4 5 10 10 4 5 5 10 10 8 10 8 7 7 0 6 7 10 8 8 10 2 6 10 10 8 10 8 2 10 8 9 11 5 5 7 7 11 5 4 4 4 11 10 8 8 7 10 7 7 7 7 7 11 5 4 1 3 5 11 5 4 4 4 4 4 4 11 5 4 4 11 11 5 2 9 8 10 10 7 8 10 8 8 11 10 8 2 6 10 10 8 7 7 7 7 7 7 7 7 8 4 4 4 11 1 3 4 4 4 5 7 11 2 10 9 8 7 7 7 7 7 8 4 4 4 11 4 4 5 11 11 5 4 4 4 4 5 4 4 4 11 11 5 2 3 10 10 8 4 4 5 7 7 10 10 8 8 7 7 10 10 8 7 7 7 7 7 8 7 11 5 10 10 8 8 10 10 8 8 10 2 9 7 8 11 11 5 5 4 4 4 4 4 4 4 4 11 11 5 4 4 4 4 5 11 11 5 2
ppo_x50_b_fd_l4_same_gamma,98,qv22_98,22,231,True,1711.0,10.50181531906128,8 6 10 5 10 5 10 5 10 5 10 5 10 5 10 5 10 5 10 5 10 5 8 10 4 0 5 10 6 10 8 2 9 5 10 8 7 10 11 5 5 11 4 4 0 5 6 10 8 7 7 10 10 8 8 10 10 8 8 10 4 5 4 11 5 7 10 10 8 7 10 8 8 11 5 10 0 6 10 8 8 10 10 8 8 10 10 8 8 11 5 10 7 10 8 8 10 10 8 8 11 5 11 11 5 4 4 2 3 11 11 5 5 11 5 4 4 1 3 4 11 4 4 4 5 4 4 10 0 6 8 11 11 5 5 10 8 10 11 5 5 7 10 8 7 7 7 10 10 8 8 10 8 4 4 4 4 11 4 4 4 5 1 6 1 6 1 6 1 3 10 10 8 7 7 7 7 7 7 7 7 7 7 0 6 7 7 7 7 7 7 8 11 7 11 5 4 1 9 8 8 11 4 5 11 5 4 4 4 4 11 4 4 10 8 2 9 10 8 8 10 10 8 7 7 7 7 8 11 11 5 4 4 4 4 5 7 10 10 8 8 4 4 11 1 3 11 5 8 11 11 5 4 5 0 6 11 11 5 4 4 4 5 10 7 8 10 8 4 4 4 11 5 10 10 8 2 6 10 10 8 8 7 10 10 8 8 10 7 7 10 8 7 8 10 10 8 7 7 7 8 11 1 9 8 8 11 11 5 4 4 4 4 5 11 4 11 5 2 9 5 4 4 4 11 11 5 2 3 11 5 10 8 4 10 11 5 4 5 4 4 10 8 7 7 7 10 8 10 8 7 10 10 8 7 7 8 7 7 4 10 4 5 10 10 8 7 8 10 10 7 8 11 8 10 8 8 11 11 5 1 3 1 3 4 5 7 10 7 7 8 11 11 4 5 8 11 5 4 4 4 4 4 4 4 11 4 4 5 11 4 4 5 0 9 11 5 5 7 10 10 8 7 7 7 10 8 8 7 7 10 10 8 2 7 10 6 7 7 7 7 7 8 11 2 6 11 11 4 5 4 4 2 4 9 4 4 10 8 8 11 4 5 4 10 10 8 7 10 8 8 7 7 7 10 7 8 4 11 11 4 8 2 11 11 5 3 4 5 1 3 4 4 10 11 5 5 11 4 4 11 5 2 10 9 8 5 4 10 10 8 8 0 6 0 6 7 7 7 7 7 7 7 10 7 7 7 8 4 4 4 1 9 5 4 4 4 10 4 4 10 8 8 11 4 4 4 5 11 11 5 2 6 7 7 7 7 11 10 8 7 8 1 4 3 11 4 5 11 4 4 4 4 4 11 5 2 6 7 7 7 7 7 7 7 7 11 5 4 4 4 10 11 5 5 10 8 10 7 11 5 4 4 4 4 4 5 4 4 0 9 11 5 2 10 6 10 8 7 7 7 7 7 7 7 7 8 10 10 8 8 4 4 11 4 4 4 4 5 4 1 3 4 11 11 5 4 2 10 9 8 7 8 4 10 10 0 6 8 7 7 0 6 7 7 7 7 8 7 10 10 8 8 4 4 1 9 8 10 7 10 8 8 4 4 4 4 4 4 11 11 5 2 6 7 7 7 10 10 8 7 7 7 7 7 7 8 11 11 5 4 4 4 5 4 4 4 4 10 11 5 4 4 4 5 4 4 10 10 8 7 0 6 7 8 7 10 10 8 7 7 7 7 7 7 8 10 10 8 5 11 2 3 11 11 5 5 11 4 4 4 4 4 5 10 10 8 2 6 11 4 4 4 11 5 4 5 0 6 7 10 7 8 10 7 10 8 8 7 7 10 10 8 7 8 10 8 11 11 5 0 5 9 7 8 11 11 5 11 5 4 4 5 4 4 4 4 11 5 7 7 7 7 10 0 6 7 7 8 4 10 8 11 11 5 4 11 5 11 5 2 4 3 4 4 11 11 5 2 6 1 6 11 11 5 4 4 5 10 7 0 9 8 7 7 7 8 7 7 7 11 4 5 7 10 10 8 7 8 10 8 11 11 5 11 5 2 9 8 4 4 11 11 5 4 4 4 4 4 5 7 10 11 5 5 4 1 9 11 5 4 5 4 10 2 9 10 8 8 7 0 6 10 7 11 5 5 10 8 10 10 8 7 7 8 4 4 10 11 5 5 10 7 8 7 7 7 0 6 11 11 5 4 11 5 4 4 11 5 2 9 11 5 7 8 11 4 5 11 4 4 4 5 0 6 10 11 5 7 8 11 5 10 10 8 7 0 6 7 0 6 7 7 7 7 7 7 7 7 7 5 7 10 10 8 2 6 7 11 11 5 4 4 4 5 11 4 5 1 3 4 11 4 4 5 10 11 5 4 2 9 10 8 4 4 4 5 10 0 9 5 0 9 8 7 7 7 7 7 7 7 8 7 10 8 11 4 4 4 11 5 5 10 8 10 8 7 7 7 7 10 10 8 4 2 6 4 10 10 8 8 10 8 4 4 4 4 4 4 4 4 4 4 4 4 4 11 11 5 7 8 11 5 10 10 8 7 10 8 10 8 7 7 7 8 11 2 3 4 4 11 11 5 2 3 11 5 10 10 8 7 7 10 8 7 7 8 11 4 5 7 10 10 8 7 8 4 7 4 11 4 4 5 10 7 7 10 8 8 7 7 1 3 11 11 5 4 4 4 4 5 4 4 4 4 11 4 5 11 11 5 4 5 10 8 7 7 7 7 7 7 7 7 7 7 11 10 8 8 4 4 10 11 5 5 10 10 8 10 8 7 7 7 7 11 5 2 3 4 10 11 5 5 7 1 9 11 5 4 4 4 5 4 4 4 4 11 5 4 4 4 11 5 7 0 6 7 7 10 10 8 4 5 7 7 10 7 7 0 6 8 10 10 8 10 8 7 10 8 2 3 4 4 4 4 10 11 5 5 7 7 11 10 8 8 10 7 7 10 7 8 7 7 8 11 2 9 11 5 5 4 4 4 4 4 4 4 4 4 11 4 11 5 8 11 4 1 3 4 4 5 0 9 0 3 7 10 8 10 8 8 7 10 8 10 7 7 7 8 4 4 4 4 4 4 4 11 5 4 10 10 8 7 8 7 7 10 10 8 8 7 7 7 7 7 10 8 11 2 6 7 10 10 8 7 8 1 3 4 4 4 4 4 1 4 4 9 4 1 5 4 4 9 4 5 10 10 8 2 9 5 4 11 11 5 4 5 4 11 5 7 10 7 7 8 10 8 10 10 8 10 8 7 10 8 8 7 11 7 7 10 8 8 4 4 4 10 8 7 7 7 11 10 8 8 1 9 11 5 11 5 5 11 5 7 11 7 0 6 7 7 8 11 11 5 7 7 7 8 4 11 1 6 4 4 4 4 4 11 5 11 5 4 5 11 2 6 7 11 11 5 5 4 10 2 9 4 4 5 10 10 8 4 5 4 4 10 4 5 7 0 6 7 7 7 10 10 8 7 7 8 10 10 8 2 6 4 4 11 4 4 4 11 5 5 7 7 0 6 7 7 10 8 7 10 10 8 2 9 5 10 10 8 7 7 8 4 4 4 4 4 11 4 4 10 8 8 10 10 8 8 10 10 8 7 10 7 5 5 4 1 3 4 4 4 4 4 4 4 4 11 4 4 5 11 4 5 11 11 5 5 7 7 7 7 7 7 11 5 4 11 10 8 2 10 9 8 0 6 7 7 7 7 7 8 7 7 7 10 7 8 10 10 8 8 4 4 1 9 8 11 4 4 4 4 5 11 11 5 11 5 2 9 8 10 7 7 7 7 7 8 10 8 11 11 5 2 11 3 5 11 11 5 2 4 4 4 11 11 5 4 4 4 4 3 4 5 10 8 11 11 5 2 7 10 10 7 7 7 8 8 7 10 7 10 8 7 7 7 7 8
ppo_x50_b_fd_l4_same_gamma,99,qv22_99,22,232,True,1649.0,10.587519884109497,8 6 10 5 7 4 10 5 7 4 7 4 2 10 9 8 8 10 0 9 8 8 1 9 8 10 10 8 8 10 4 4 4 4 5 4 7 11 4 0 5 10 6 10 8 8 11 5 7 10 10 8 7 7 10 8 8 10 10 8 8 11 5 4 4 4 11 5 7 10 8 7 10 10 8 7 10 8 8 10 10 8 8 10 10 8 7 5 11 5 11 11 8 11 5 11 5 4 4 2 3 10 4 5 4 4 4 4 4 4 11 4 5 10 8 7 7 7 7 10 11 5 5 10 10 8 7 10 8 10 8 7 7 7 7 7 7 8 10 4 5 11 11 5 4 4 4 4 5 1 9 5 4 4 4 4 4 11 11 5 2 6 7 10 10 8 0 6 7 7 7 7 7 7 7 7 8 11 4 10 8 4 5 7 10 7 7 7 10 8 8 10 10 8 8 11 5 1 3 4 11 4 4 4 4 4 5 11 11 4 5 2 9 8 4 11 4 5 4 4 10 11 5 5 7 7 10 10 8 10 8 8 4 10 10 8 7 7 7 8 10 10 8 2 6 4 4 4 4 4 4 4 4 4 10 11 5 4 4 4 5 10 2 9 10 8 7 8 7 7 7 10 8 4 11 10 8 2 6 10 8 7 10 10 8 10 8 7 7 7 7 7 7 7 8 4 11 4 4 4 4 4 4 5 10 7 7 7 10 8 7 7 8 11 5 11 5 11 5 10 10 8 8 4 1 9 4 5 10 7 7 8 10 10 8 8 4 4 11 4 5 11 11 5 4 4 4 4 4 4 4 4 4 4 11 5 2 9 8 10 11 5 5 10 8 7 11 5 10 8 7 7 7 10 10 8 0 6 7 8 4 10 7 7 7 10 8 10 8 2 6 11 11 5 4 4 4 4 4 5 4 4 10 10 8 2 6 7 7 11 10 8 8 10 0 9 8 7 8 10 10 8 7 8 1 3 10 8 11 11 5 4 5 11 11 5 11 5 5 11 11 4 4 5 4 11 5 4 4 5 7 4 4 7 11 10 8 7 8 7 7 10 8 11 4 11 5 11 5 4 4 4 5 4 11 11 5 2 7 6 0 6 7 7 10 8 4 10 4 5 7 7 7 10 10 8 4 5 11 11 5 5 11 5 4 4 10 8 10 10 8 8 10 7 10 8 7 7 10 8 10 8 7 10 8 10 8 2 3 1 10 9 8 7 8 4 1 3 11 4 11 5 5 4 4 10 10 8 0 6 7 7 7 7 7 8 11 4 4 1 4 3 1 3 4 4 4 4 4 8 11 11 5 4 2 3 4 11 11 5 5 10 10 8 10 7 8 7 7 11 5 2 9 10 8 0 6 7 7 8 10 10 7 8 10 8 2 9 8 7 7 7 11 10 8 8 7 7 11 11 5 4 4 4 4 4 5 10 8 10 7 8 1 9 11 5 5 11 2 9 5 4 11 4 5 4 4 11 11 5 2 9 8 10 4 4 10 8 7 7 10 8 7 7 10 8 8 4 11 4 4 4 4 4 4 5 11 4 5 0 6 7 7 7 10 11 5 7 8 10 10 8 7 7 10 8 8 4 4 4 11 10 8 8 7 7 7 7 10 8 11 4 10 8 7 8 7 11 11 5 4 4 5 11 4 5 4 4 11 5 4 11 5 4 4 4 4 4 4 10 10 8 7 7 7 7 7 7 7 7 7 7 8 11 5 10 7 11 5 2 9 11 5 4 5 4 4 4 4 4 4 4 11 5 10 10 8 10 8 8 10 7 7 7 7 7 8 7 7 7 7 11 5 11 4 5 7 11 11 5 4 4 4 4 4 5 7 7 7 10 0 6 8 11 11 5 5 10 11 5 5 4 4 4 4 4 10 5 4 7 10 5 10 5 10 0 3 5 10 5 10 8 10 8 10 10 5 10 5 10 5 10 5 10 5 10 8 7 7 7 7 7 7 7 7 0 6 8 7 7 11 11 4 1 8 8 4 9 1 9 5 5 11 4 4 5 4 4 4 10 4 10 8 8 10 10 8 2 3 11 4 5 4 4 11 4 5 10 10 8 7 7 0 6 7 7 7 7 7 7 7 7 8 11 5 4 4 4 11 1 3 4 4 4 5 11 4 4 5 10 10 8 8 11 4 5 4 11 11 5 5 11 11 5 2 7 9 10 8 7 7 7 7 7 8 10 10 7 8 2 6 10 7 10 8 8 4 11 2 9 11 5 7 8 11 2 10 11 6 5 5 4 4 4 4 1 3 4 4 4 4 11 4 5 10 4 2 10 6 10 8 8 7 7 10 10 8 4 5 10 2 3 4 11 5 11 5 7 10 11 5 7 8 10 7 10 8 7 0 6 7 7 7 7 10 7 7 7 8 7 7 7 8 11 1 3 5 4 11 5 10 10 8 2 9 8 11 4 4 5 11 11 5 2 6 4 10 7 7 7 7 7 8 4 11 2 6 11 11 5 4 4 4 4 4 4 4 4 4 5 10 10 8 10 8 2 3 10 11 5 5 10 4 4 5 4 11 5 10 7 10 7 7 7 7 7 8 10 8 8 11 2 10 9 8 7 8 7 7 11 10 8 8 10 8 7 1 9 11 5 4 5 4 4 4 4 11 5 7 7 10 2 9 7 8 11 11 5 5 11 2 6 10 7 7 11 5 4 4 4 4 4 5 10 4 5 10 10 7 8 2 9 7 7 7 8 11 11 5 5 10 8 4 11 4 4 5 4 11 11 5 4 2 6 7 7 7 7 7 7 10 8 4 11 4 11 5 2 9 5 4 10 10 8 7 8 7 7 7 10 10 8 8 4 1 9 8 4 11 11 5 4 4 5 4 4 4 4 4 11 11 5 2 6 4 4 11 11 5 2 9 8 10 8 11 11 5 2 9 8 4 10 10 8 7 7 7 7 11 5 8 7 11 5 4 4 11 5 10 11 5 5 10 10 8 10 7 8 0 6 10 8 7 7 7 7 0 9 8 7 8 11 4 11 5 5 11 4 5 7 7 7 10 7 7 7 8 7 10 7 7 10 8 4 2 3 4 10 8 11 5 4 4 4 10 8 1 9 5 4 4 4 4 4 4 11 11 5 4 2 9 10 8 7 8 10 8 4 11 5 10 11 5 2 3 10 10 8 10 8 4 1 4 3 5 7 0 6 7 10 7 7 7 8 10 10 8 7 8 11 4 4 1 3 4 4 5 11 4 4 4 4 5 4 4 10 11 5 4 5 10 10 8 4 2 6 10 8 7 10 10 8 7 7 11 5 2 3 11 5 7 7 10 10 8 8 10 10 8 8 11 4 4 4 4 5 7 7 7 10 10 7 7 7 8 7 7 7 8 4 10 10 8 7 8 4 1 3 4 11 4 4 5 4 11 11 5 4 2 9 4 4 4 4 4 4 4 5 4 10 10 8 0 6 8 7 7 7 7 7 7 7 10 11 5 5 4 11 5 10 10 8 2 9 5 10 10 7 8 7 7 8 10 10 8 8 4 4 11 5 10 7 7 7 7 7 8 11 2 11 11 5 5 4 4 9 11 5 4 5 10 7 7 8 10 7 7 7 7 8 4 11 4 4 4 5 11 11 5 11 5 4 4 4 4 4 5 10 11 5 2 10 10 8 7 7 7 7 6 8 11 11 5 2 11 4 4 5 4 4 4 4 11 4 5 10 10 8 8 10 10 7 7 7 7 7 7 8 7 7 7 7 8 7 7 10 10 8 8
