agent,env,problem_name,ion_count,op_count,solved,duration,compile_time,actions
ppo_x50_b_fd_l4_noshaped,0,qv22_0,22,237,True,1433.0,14.320004224777222,8 8 9 10 8 8 10 10 8 7 5 11 10 7 8 7 5 10 10 8 8 11 5 10 10 7 2 5 10 10 8 8 9 10 8 8 11 5 10 10 7 8 8 4 1 10 8 11 10 7 6 8 8 10 10 8 8 11 5 1 11 3 5 11 4 11 5 4 4 5 4 4 4 11 11 2 5 9 11 5 7 8 11 5 10 10 8 8 10 10 8 7 7 7 8 4 4 1 3 11 4 5 4 4 11 11 5 5 11 2 6 7 11 10 5 10 5 10 5 10 5 10 8 8 10 10 7 7 8 8 10 10 8 7 8 10 7 10 7 7 7 8 8 11 5 10 7 10 8 8 4 4 1 9 8 11 11 5 5 11 4 4 11 2 3 4 5 11 4 4 5 11 11 5 4 4 2 9 5 7 11 4 4 11 5 5 7 0 6 7 10 10 8 8 10 10 8 2 10 3 10 7 8 7 7 7 8 4 4 10 10 8 8 10 10 7 7 7 7 8 4 4 4 5 4 4 11 4 2 9 10 8 8 4 11 1 3 4 4 4 5 10 10 2 8 3 11 4 5 4 4 10 10 0 6 8 7 7 7 7 7 7 7 7 7 8 7 11 10 8 8 1 4 3 11 5 1 9 11 5 0 6 8 11 2 11 3 5 4 11 11 2 3 4 4 4 4 4 4 4 4 4 5 10 2 10 6 7 7 7 7 8 10 7 10 8 7 7 7 7 7 7 8 10 10 7 8 8 11 5 10 2 4 11 5 9 10 7 7 8 8 1 9 5 11 11 5 4 4 5 11 5 4 11 11 5 7 8 4 4 11 4 5 4 10 10 2 6 8 7 7 7 7 7 7 11 5 10 10 8 7 7 8 1 3 4 11 5 4 1 3 4 4 4 4 4 4 4 4 10 11 5 5 4 4 4 11 11 2 5 7 7 7 6 7 7 10 8 7 7 10 7 7 10 7 7 7 8 2 9 8 10 10 7 8 2 9 10 8 8 1 3 4 4 11 4 4 4 5 10 11 5 5 11 11 5 4 4 4 4 11 5 5 10 8 11 11 2 3 5 11 2 10 9 8 7 7 8 11 5 10 10 7 7 2 6 7 8 10 10 7 7 7 8 7 10 8 8 4 10 2 10 9 8 8 11 10 8 8 11 1 3 4 4 4 4 5 10 10 8 8 4 11 5 4 4 4 4 11 4 4 5 4 4 4 11 11 5 2 9 5 7 7 11 10 8 8 7 7 7 10 10 8 8 11 5 10 10 7 7 7 7 7 7 7 8 4 2 4 9 5 11 5 4 4 4 4 4 11 4 11 5 4 2 10 6 8 10 10 8 8 4 11 5 4 4 4 4 11 11 5 5 7 7 7 10 8 4 11 5 10 10 7 8 8 10 8 11 4 4 5 10 10 7 7 8 7 7 7 8 10 10 7 7 7 7 7 8 8 4 10 2 9 10 8 7 8 4 11 4 4 4 4 5 1 10 9 5 5 4 4 4 11 11 5 4 11 5 2 7 9 10 8 7 8 11 11 5 2 9 11 5 5 4 4 11 11 5 4 2 10 10 8 6 8 7 7 7 11 10 8 8 10 10 2 7 8 11 4 3 4 5 4 4 10 2 10 6 10 7 7 7 8 7 8 10 10 7 7 7 8 5 4 11 5 10 10 7 7 7 8 8 10 2 3 11 5 11 1 9 5 8 11 5 4 11 5 4 4 4 4 10 10 8 2 9 11 5 5 4 1 4 4 3 4 11 5 11 11 5 4 4 4 2 10 10 6 8 7 7 7 7 0 9 5 5 11 5 7 7 7 7 10 10 8 8 10 10 7 8 7 7 7 8 11 4 1 3 4 5 11 5 4 4 4 11 4 5 10 7 10 8 8 11 5 10 10 7 7 7 7 7 8 8 11 5 10 10 7 7 8 7 8 4 11 10 8 8 1 3 11 5 4 10 10 8 8 4 4 4 4 4 11 4 4 4 4 4 4 10 2 8 11 3 4 5 11 11 5 5 11 2 9 10 8 8 11 4 4 2 10 10 8 7 6 8 10 7 10 8 7 7 7 0 6 7 10 7 7 8 2 10 9 8 8 4 11 2 11 11 5 5 4 4 4 4 3 4 1 9 5 10 8 4 11 11 5 4 5 11 4 4 11 4 5 2 10 6 7 7 8 7 7 11 10 8 8 7 10 10 7 7 8 8 11 5 10 10 7 7 8 7 7 7 11 5 2 9 5 10 10 7 5 7 7 8 11 4 10 8 8 11 7 11 5 4 5 4 4 11 4 4 4 5 4 4 4 4 4 4 4 11 5 11 4 11 5 2 9 8 10 10 7 8 8 4 11 4 5 4 10 10 8 7 7 10 2 7 6 8 7 11 10 8 8 7 10 10 7 7 7 7 8 8 11 4 10 8 7 7 7 8 11 4 2 3 4 4 4 4 1 9 5 4 4 4 4 4 11 11 2 5 9 8 4 11 5 10 10 7 2 6 7 8 7 7 7 7 7 10 10 8 7 8 10 10 8 8 10 10 8 8 4 4 4 4 11 2 9 10 8 4 5 10 8 4 4 4 4 4 4 11 5 4 11 11 5 2 9 5 7 11 10 8 8 10 10 8 8 7 11 10 8 8 10 10 7 8 10 8 2 6 7 10 10 8 7 8 4 1 9 4 8 4 0 7 3 7 4 11 7 11 7 2 5 3 11 7 8 4 11 11 5 5 10 1 9 5 5 4 4 4 11 5 4 10 10 8 8 11 10 8 8 7 10 0 10 8 6 7 8 11 4 4 5 4 1 3 4 4 4 4 11 4 4 4 4 4 5 11 5 7 10 7 8 11 11 5 5 7 10 11 5 5 4 4 10 10 8 0 6 7 7 8 7 7 7 10 7 7 7 7 7 7 7 8 11 10 8 7 8 10 10 8 4 4 5 1 9 8 11 5 4 4 4 4 4 1 3 4 10 8 11 11 5 11 5 5 11 4 10 8 7 8 4 10 11 4 5 4 4 4 5 7 7 0 6 10 7 10 8 10 2 6 7 7 8 11 10 8 7 8 7 7 7 10 7 8 11 11 4 5 4 4 11 5 4 2 3 4 11 4 4 5 11 11 5 5 11 11 5 2 9 4 5 10 10 8 7 7 7 7 10 8 7 8 4 10 10 2 8 10 10 8 6 8 10 10 7 2 6 8 11 2 10 10 8 6 7 8 4 4 4 11 11 5 4 4 4 4 4 4 5
ppo_x50_b_fd_l4_noshaped,1,qv22_1,22,232,True,1402.0,16.48776078224182,8 7 5 9 10 8 8 10 11 2 5 10 7 9 8 8 11 5 10 10 7 8 8 10 10 7 8 5 10 10 8 7 5 11 5 10 7 10 8 8 10 10 8 8 4 10 8 11 11 5 5 4 4 4 11 11 5 5 4 4 11 4 5 10 10 7 7 8 7 8 10 7 8 11 11 2 4 5 9 7 8 10 10 7 7 8 8 10 7 10 8 8 10 10 8 8 4 10 8 10 10 8 8 4 4 4 4 4 4 4 1 11 5 4 3 4 4 4 11 5 11 11 5 4 4 5 4 10 2 10 10 6 7 7 7 7 7 8 8 11 5 11 5 4 10 10 8 8 10 10 7 7 7 8 2 6 4 11 4 5 4 1 9 8 11 11 5 4 4 11 2 5 9 8 4 10 10 7 7 7 7 7 7 2 8 10 10 6 7 7 7 7 8 8 4 11 2 9 10 8 4 5 11 4 5 4 4 11 4 5 10 4 11 2 4 4 3 5 11 2 6 10 10 7 7 7 7 8 8 10 7 7 10 8 8 4 4 4 10 2 9 8 11 11 2 3 5 4 4 4 11 11 5 4 2 11 4 5 9 10 8 7 5 4 11 11 4 5 8 10 8 7 10 10 8 7 7 8 4 4 1 11 5 9 11 5 7 8 11 5 4 4 4 4 10 10 0 6 8 7 7 7 7 7 7 7 10 7 7 7 7 7 7 8 7 8 4 4 1 9 8 11 4 4 4 5 11 4 11 2 4 5 10 8 10 7 7 7 7 8 10 10 7 8 8 10 9 8 8 4 11 4 4 4 4 4 5 4 4 1 9 11 5 4 5 11 4 4 4 5 10 10 2 8 7 9 10 8 7 7 8 10 10 7 8 8 10 10 7 7 7 7 8 8 11 1 4 3 4 5 10 2 7 10 10 8 8 4 7 4 7 4 10 9 8 10 8 8 4 4 4 1 3 4 4 4 4 4 4 11 4 11 2 5 7 11 6 10 8 10 8 8 7 11 11 2 5 4 10 10 8 7 6 8 11 10 8 8 10 10 8 8 10 10 2 8 10 9 8 8 10 2 4 10 4 4 11 5 4 4 3 4 4 5 4 4 11 5 4 4 10 11 5 4 5 11 2 11 4 5 10 10 6 7 7 7 8 8 10 10 8 7 7 7 7 8 11 4 4 4 4 4 4 4 5 7 7 0 10 7 7 6 8 11 4 11 5 5 10 8 11 4 11 4 4 5 2 6 10 8 4 11 5 10 7 10 8 7 7 7 7 11 5 2 4 4 11 3 5 4 4 11 2 3 4 4 10 10 8 7 7 7 7 7 7 7 10 8 7 8 10 10 7 8 8 7 7 7 10 8 1 11 9 8 8 11 5 4 4 4 4 4 4 4 4 1 3 4 4 10 2 11 9 5 5 11 4 4 5 11 11 2 5 10 10 6 7 7 7 8 7 8 10 10 7 8 7 8 10 2 10 10 6 7 8 7 7 7 7 8 4 4 1 11 5 4 11 10 8 8 3 0 6 11 11 2 3 4 4 4 4 5 10 7 11 2 3 4 4 4 4 4 5 11 2 10 10 8 6 8 11 4 5 10 10 8 8 10 10 7 8 8 10 10 8 7 7 8 10 7 7 7 7 8 11 1 9 5 5 4 10 8 4 4 4 4 4 4 4 11 4 4 4 11 5 2 3 4 4 10 10 8 0 6 7 7 7 8 11 10 8 8 10 10 8 10 8 7 7 7 7 8 4 11 4 10 2 8 3 11 5 11 5 4 4 11 1 3 4 4 4 4 5 4 10 11 5 5 4 4 4 10 10 8 7 7 7 7 8 11 4 4 4 5 11 2 4 10 11 7 7 7 7 6 7 8 8 10 10 7 7 8 8 11 4 5 10 10 8 7 7 7 7 7 8 11 2 11 4 9 5 4 4 5 4 4 11 4 5 4 4 4 11 5 4 11 11 5 5 11 10 8 8 10 10 8 4 4 5 10 7 8 10 10 8 8 10 10 7 7 8 7 7 8 11 2 11 9 5 5 4 11 4 4 11 5 2 3 4 11 5 10 7 10 7 7 7 7 7 0 6 7 7 7 7 8 7 7 7 8 11 4 4 5 11 2 11 10 6 7 7 7 8 8 11 4 4 5 10 7 10 8 2 9 10 8 8 4 11 4 10 8 8 1 11 3 5 4 1 9 11 5 4 4 4 4 4 4 5 10 8 11 11 5 4 5 7 0 7 9 8 7 10 7 10 7 8 7 7 8 4 1 4 10 9 8 7 7 8 11 2 9 4 4 11 5 5 10 8 10 10 8 8 4 11 5 4 4 11 11 5 2 6 4 4 4 11 11 5 5 10 7 8 11 11 5 5 11 5 4 4 11 11 5 2 9 10 7 7 7 8 8 7 7 0 6 10 7 7 8 10 10 7 7 7 7 7 8 8 4 4 10 8 10 10 8 8 1 9 8 4 4 11 4 5 11 11 2 5 6 4 4 11 4 5 11 11 5 5 4 4 10 10 4 2 4 5 10 7 7 6 7 7 7 8 7 7 10 10 8 7 8 1 3 4 4 4 11 11 5 5 4 4 4 4 4 11 5 10 11 5 2 9 5 11 11 4 2 5 3 10 7 7 8 10 10 8 7 7 7 7 7 7 8 7 11 10 8 8 7 10 8 10 10 8 10 8 2 9 8 4 4 4 4 4 11 11 5 4 4 4 4 4 4 4 10 8 2 10 6 7 10 8 7 7 7 7 8 4 1 9 11 5 5 10 7 7 8 4 11 4 11 5 4 4 5 10 11 5 4 4 4 4 5 7 11 4 11 4 2 5 6 10 10 7 7 8 8 10 10 8 2 10 7 6 8 7 7 7 11 5 10 10 8 7 7 8 10 10 8 2 7 7 9 10 8 8 1 3 4 4 4 4 4 11 4 4 4 4 5 7 10 11 5 5 4 4 10 0 6 10 8 10 8 7 7 8 7 7 11 11 5 5 4 10 2 9 11 5 4 5 10 8 4 4 11 11 5 5 4 4 11 4 4 5 11 11 2 5 10 7 7 10 6 8 8 10 10 7 7 7 7 8 7 7 7 8 4 10 10 7 8 8 7 7 10 10 2 8 6 11 11 4 4 5 4 4 4 4 5 11 11 2 5 10 10 7 7 7 7 8 8
ppo_x50_b_fd_l4_noshaped,2,qv22_10,22,229,True,1403.0,6.214628458023071,8 7 5 10 9 8 8 10 10 8 7 5 11 5 10 10 7 8 7 5 10 10 8 7 5 11 5 4 4 11 5 10 10 7 7 7 7 8 8 10 0 10 8 8 10 9 8 8 11 4 4 2 10 9 8 8 11 4 10 5 10 5 10 5 10 5 10 5 10 5 10 5 10 5 2 3 11 5 4 4 4 11 10 2 8 11 3 5 11 11 2 5 4 11 11 4 5 5 10 9 8 5 7 7 10 8 10 10 7 7 7 8 7 0 6 7 7 7 7 10 8 8 10 10 8 8 11 5 1 4 4 4 4 9 5 11 4 4 10 8 2 7 10 10 6 7 8 7 8 10 10 8 8 10 10 8 8 1 3 1 3 4 4 11 4 4 4 4 4 4 5 10 2 9 11 5 5 7 11 5 4 11 11 2 5 7 6 10 10 8 7 8 4 4 4 4 4 4 4 11 5 7 10 10 8 7 7 7 7 7 7 8 10 10 7 7 7 8 8 11 5 10 7 7 7 7 8 1 9 1 9 5 4 1 3 5 4 4 11 5 4 11 10 8 8 4 4 4 11 11 5 2 4 6 7 1 10 11 3 5 4 4 5 11 4 11 2 5 3 10 8 10 10 7 7 7 7 7 8 7 10 8 7 7 10 8 8 11 4 2 9 10 8 7 8 11 10 8 8 4 1 3 4 4 4 4 4 4 11 11 5 2 9 8 4 10 7 7 10 7 7 8 8 11 4 5 10 7 10 8 7 8 4 10 10 8 7 8 11 5 11 5 10 10 7 7 8 7 8 1 3 1 3 4 4 4 4 4 4 4 4 4 11 5 10 10 8 2 9 5 4 11 11 5 5 4 4 11 4 11 2 5 3 7 11 5 10 10 8 7 7 10 8 10 8 7 7 7 8 10 7 8 10 7 10 8 8 1 10 9 8 7 7 7 8 11 4 4 4 4 4 5 4 11 4 4 5 4 11 11 5 4 2 3 10 10 8 7 7 8 10 7 10 8 8 11 10 8 8 1 3 4 4 11 5 11 11 5 4 4 4 11 2 5 10 7 7 5 6 10 7 8 4 4 11 11 5 4 5 10 8 4 10 11 5 5 4 10 10 8 7 8 7 7 7 7 7 10 8 10 10 7 7 7 8 8 4 4 4 4 4 10 2 9 11 5 5 11 11 2 5 9 8 4 4 4 4 4 10 11 5 5 10 8 11 11 2 5 10 7 8 10 10 6 0 6 7 7 8 7 7 7 7 0 6 7 10 8 7 8 10 10 7 8 8 11 5 1 3 4 10 11 5 5 10 2 4 4 4 4 4 9 5 4 4 11 11 2 5 9 8 4 4 10 10 0 6 7 7 7 7 7 7 7 8 7 8 10 10 8 2 4 4 9 4 4 5 10 7 10 8 8 4 4 4 4 11 4 10 8 8 11 4 4 4 5 10 10 8 2 11 9 5 8 4 4 4 4 4 11 5 11 11 2 5 3 4 10 0 6 7 7 7 7 7 7 7 10 8 7 7 0 6 7 8 10 10 7 7 7 8 8 11 1 4 4 5 3 4 11 4 4 4 5 0 9 10 8 8 11 5 10 10 7 8 8 4 1 9 8 11 4 4 4 4 11 5 2 11 4 5 9 5 10 10 0 7 8 8 10 10 8 8 6 7 10 10 7 7 7 7 8 7 8 4 11 4 4 5 4 4 4 11 1 3 4 4 5 11 4 4 4 4 4 4 4 5 10 10 2 8 9 7 7 7 7 7 8 10 7 7 7 10 8 8 10 11 5 5 4 4 4 4 10 11 5 5 11 11 5 4 4 4 4 5 10 7 10 8 7 7 7 7 8 10 10 8 7 7 7 8 10 10 7 7 7 7 7 8 8 11 4 4 5 10 8 1 3 4 4 4 4 4 11 5 4 4 11 5 4 11 11 2 3 5 4 11 7 8 11 11 5 4 5 11 5 10 10 7 2 8 7 6 11 10 8 8 10 10 7 8 2 10 10 6 7 0 6 7 7 7 7 7 7 7 8 8 11 2 4 9 5 4 4 4 11 4 4 5 10 10 8 2 10 7 7 7 8 3 4 1 4 4 4 10 9 5 5 4 4 4 4 4 4 4 4 4 11 11 2 4 5 10 7 8 10 10 7 6 7 7 7 7 7 7 7 7 7 7 7 8 8 10 7 10 8 8 4 4 11 4 5 11 10 2 8 10 7 9 8 8 1 4 4 3 11 4 4 11 2 5 4 4 9 5 4 11 11 4 4 4 2 4 4 4 5 7 7 7 6 10 7 8 10 7 10 7 7 7 7 2 8 10 8 9 10 8 8 4 11 1 3 5 4 4 11 4 4 4 4 4 5 10 10 8 2 10 7 8 9 5 4 4 10 10 2 8 7 6 0 9 10 8 8 10 10 7 8 7 8 7 10 10 8 8 1 9 5 10 11 2 3 5 11 4 4 4 4 11 5 2 3 4 4 4 11 11 5 4 4 5 4 4 10 10 8 7 0 6 8 7 7 7 0 9 8 7 10 7 7 7 7 7 8 11 4 10 8 2 10 6 7 8 10 10 8 8 4 4 1 3 1 3 11 5 4 4 4 4 4 4 11 5 7 10 8 4 4 4 11 4 4 4 5 10 10 2 8 6 10 10 8 7 7 8 10 10 8 7 7 8 11 2 9 11 5 5 10 7 8 4 4 4 11 4 4 4 4 4 5 11 2 3 7 10 10 8 7 10 8 8 4 11 5 10 10 7 8 8 10 7 10 7 7 7 8 7 8 11 5 10 10 8 8 10 8 1 4 4 9 1 4 3 4 4 4 4 4 5 4 4 4 4 4 4 10 8 7 7 7 10 7 8 11 11 5 5 10 11 5 5 4 4 11 11 5 5 11 2 10 10 8 7 7 7 7 7 7 7 8 6 10 10 7 7 8 8 11 2 10 10 8 8 9 5 10 10 8 8 11 10 8 7 8 4 10 2 9 11 4 5 4 5 4 11 5 7 10 8 11 11 5 5 4 1 3 1 3 4 4 4 11 4 5 11 4 4 4 5 10 10 2 8 10 10 7 7 6 8 8 10 10 2 6 8 10 10 8 7 8 0 10 10 8 7 7 6 8 7 10 10 8 8 11 5 10 10 8 2 4 4 11 11 5 5 4 4 4 4 11 11 5 5
ppo_x50_b_fd_l4_noshaped,3,qv22_11,22,229,True,1395.0,13.698474884033203,6 7 2 5 10 10 8 7 10 8 8 9 10 8 8 10 10 8 8 11 5 10 10 2 8 10 10 8 8 10 10 6 8 2 9 5 10 10 8 8 10 10 8 8 11 5 4 4 4 11 11 5 4 4 4 4 11 2 5 11 9 4 5 5 10 8 11 2 11 9 5 7 7 7 8 11 4 4 4 4 5 10 2 10 10 6 7 8 7 7 7 8 10 10 8 7 7 8 10 10 7 7 7 7 8 8 1 4 11 5 4 3 4 4 4 11 5 10 10 8 8 11 4 4 4 4 11 5 5 11 4 2 3 10 10 2 6 7 8 10 10 7 7 7 7 8 7 7 7 5 10 10 8 8 11 2 4 3 4 4 11 5 10 2 3 10 10 8 4 4 5 4 4 10 2 6 10 10 8 7 7 10 7 7 7 7 7 8 8 11 4 5 4 11 2 3 4 4 10 11 2 3 4 4 4 4 4 5 4 4 4 4 4 4 11 5 11 2 9 10 8 8 10 10 8 7 8 7 7 7 10 7 10 8 2 10 10 7 7 7 6 8 7 8 4 1 9 11 5 4 4 4 4 11 5 2 7 10 6 7 8 11 5 11 11 5 5 11 2 6 7 10 8 10 10 7 7 0 8 8 10 10 6 7 8 8 10 1 9 8 5 11 5 4 11 5 11 5 4 4 4 4 4 11 11 4 5 5 11 4 11 2 5 11 5 9 10 8 7 8 11 2 9 5 11 11 2 3 4 4 5 4 10 10 8 7 8 7 7 7 0 9 8 11 4 4 4 4 5 10 10 7 8 8 10 7 10 8 7 7 8 4 10 11 5 5 7 10 7 7 7 7 10 7 7 7 8 8 10 10 8 2 4 4 3 4 10 8 11 5 4 4 4 4 4 4 4 4 11 4 4 5 11 11 5 2 9 5 4 4 10 10 8 0 6 7 7 7 7 7 7 7 7 8 7 7 10 8 7 7 10 7 1 9 5 4 5 1 3 4 11 5 4 4 4 11 4 11 5 4 5 11 2 9 10 8 8 4 4 10 11 5 5 11 2 9 10 8 7 5 0 9 10 8 7 8 11 4 5 7 10 7 7 7 7 10 8 7 8 1 4 4 9 5 11 11 5 11 5 11 4 4 5 4 4 5 11 2 9 10 8 8 11 2 6 10 10 8 7 7 7 8 10 7 7 10 7 8 8 10 10 8 4 4 4 5 4 4 4 4 4 11 2 9 10 8 2 11 3 5 11 2 6 4 4 4 4 4 4 10 10 8 0 6 7 7 7 7 7 7 8 11 2 4 11 4 3 4 5 10 8 11 11 5 4 2 3 10 10 8 7 7 7 7 8 11 5 0 6 10 10 8 8 10 7 7 7 7 8 10 10 2 8 10 10 7 8 8 3 4 4 11 4 4 4 4 5 10 10 8 2 10 6 8 7 10 10 8 2 9 8 11 5 4 11 11 5 5 4 11 11 2 3 4 4 4 4 5 4 11 10 7 8 7 8 10 10 8 8 4 4 10 2 11 9 5 5 11 5 10 10 8 7 7 10 8 8 7 11 10 8 7 7 8 10 10 7 8 2 9 10 8 4 1 3 4 4 4 5 4 11 2 6 4 4 11 11 5 5 11 4 8 4 11 11 5 11 5 11 5 2 9 7 7 11 5 4 5 11 11 5 5 11 4 2 10 10 8 6 7 7 7 5 10 10 8 7 7 8 7 10 10 2 6 8 10 10 8 8 10 8 1 11 4 5 11 11 6 5 5 11 2 4 11 11 5 3 4 5 4 11 4 4 4 5 10 10 0 6 8 10 5 7 7 8 7 7 7 7 7 7 10 8 11 2 9 10 8 8 10 10 8 7 7 7 7 8 1 4 9 5 7 10 8 11 4 11 5 5 11 11 5 5 4 4 11 5 4 4 11 4 4 10 2 7 8 7 6 7 7 11 5 4 4 4 11 4 5 4 10 10 8 8 7 11 2 4 7 6 7 10 10 7 7 7 7 8 2 3 4 4 4 4 11 5 4 11 4 4 4 4 4 4 11 5 2 7 10 6 10 8 8 7 7 7 7 7 7 7 11 0 10 8 8 10 9 8 5 4 10 10 8 7 8 11 4 1 3 4 5 4 4 11 4 4 5 4 11 11 2 3 4 5 11 7 11 2 5 3 4 10 10 0 6 8 8 7 7 7 10 7 5 10 10 7 8 8 10 10 7 7 7 7 8 8 4 11 2 9 7 11 5 5 11 5 11 11 5 4 2 9 5 4 4 11 5 10 10 8 8 11 5 4 4 4 4 11 11 5 4 2 10 11 5 5 3 10 10 7 8 7 7 7 0 6 7 7 7 10 7 8 7 8 11 11 5 2 3 10 10 7 7 8 2 11 3 5 4 4 11 5 10 8 11 11 5 2 4 9 5 4 10 10 0 6 7 7 7 7 7 7 7 8 7 8 11 2 9 10 8 4 5 4 10 7 8 4 11 11 5 5 4 4 10 8 11 5 4 4 1 3 4 4 1 3 4 4 4 4 4 11 5 11 2 3 10 10 7 8 8 7 7 10 8 7 0 9 8 10 10 7 7 8 2 9 8 4 10 10 8 7 8 10 10 8 8 10 7 10 8 8 4 11 4 10 8 8 11 2 3 11 4 5 4 11 11 4 4 2 3 4 4 4 4 5 7 10 7 7 7 7 8 10 2 9 8 1 3 11 4 11 5 4 4 11 5 5 10 8 4 4 11 11 5 2 11 9 8 8 7 10 0 6 7 7 7 8 10 7 7 7 7 7 10 7 8 10 8 2 9 5 4 4 11 11 5 5 4 4 11 4 4 4 4 5 4 4 1 3 4 4 11 4 0 9 8 8 10 10 8 10 8 8 7 0 7 9 10 8 7 7 8 7 1 10 9 5 5 4 1 3 4 4 11 4 5 11 11 2 5 7 7 10 9 8 5 10 8 10 10 8 7 8 7 10 10 8 7 7 8 7 11 11 5 2 9 1 9 5 5 4 4 4 11 5 10 2 11 11 5 4 4 3 4 4 5 11 11 5 2 9 11 5 5 7 7 7 7 7 7 7 7 7 10 7 7 0 6 7 8 7 10 10 8 7 8 10 10 8 2 4 4 4 4 4 11 11 5 5 4 4 11 11 5 5
ppo_x50_b_fd_l4_noshaped,4,qv22_12,22,235,True,1429.0,4.545627593994141,8 7 5 10 10 8 8 10 9 8 7 5 11 2 10 6 10 8 7 5 10 10 8 8 11 5 11 4 5 10 10 2 8 7 10 6 10 8 8 10 2 10 9 8 8 11 4 5 4 11 4 5 4 4 11 5 11 11 5 5 7 7 11 11 2 5 3 4 10 10 2 6 7 10 8 8 10 7 10 8 7 7 7 8 10 10 7 8 8 10 10 8 8 11 5 11 11 2 5 7 11 10 8 8 10 10 7 8 8 10 9 8 8 4 11 5 4 11 4 5 11 5 10 10 7 2 5 3 1 3 4 4 4 11 11 5 5 4 4 11 4 2 11 11 5 5 7 7 10 10 6 7 8 0 6 7 8 11 11 5 5 10 7 7 8 10 10 7 2 6 7 7 8 11 5 1 3 4 4 4 4 4 10 8 11 11 5 4 4 5 10 10 8 2 3 4 11 11 5 5 4 4 4 4 10 10 8 8 0 10 6 7 8 7 7 7 11 10 8 8 10 10 7 7 7 7 7 8 7 7 8 11 2 11 5 4 4 3 4 4 4 4 4 4 11 4 10 8 8 4 4 4 4 4 10 2 10 10 6 7 8 7 8 7 7 7 11 10 8 8 10 10 7 7 7 7 7 8 8 11 5 4 4 4 1 10 9 5 5 4 4 11 4 4 4 4 4 11 2 5 7 11 5 9 4 4 4 4 4 11 4 8 7 7 7 8 4 4 11 5 10 10 0 6 7 7 8 7 10 8 8 11 5 4 10 10 8 8 10 10 7 7 7 8 8 11 10 2 8 10 10 6 7 7 7 7 8 8 1 9 11 5 2 9 5 4 10 11 5 5 11 5 11 11 4 4 4 5 4 4 4 4 4 11 5 2 11 3 5 10 10 8 8 7 7 7 10 8 10 10 7 7 7 7 7 7 7 7 8 8 11 1 3 4 4 4 5 4 4 4 10 8 11 2 3 4 4 4 4 4 10 8 11 11 5 4 11 5 2 3 4 10 10 8 8 10 0 6 8 4 10 10 7 7 7 7 7 7 8 8 1 9 8 11 11 2 3 4 4 5 10 2 11 11 5 5 4 4 4 9 11 5 5 11 2 10 10 8 8 10 7 10 6 7 7 7 7 7 7 8 7 7 8 10 2 10 7 10 8 8 11 9 8 8 4 4 4 4 4 1 4 4 3 4 4 4 11 5 10 11 2 5 4 10 11 5 5 3 4 11 5 4 4 10 10 0 8 7 7 7 7 7 6 8 7 10 10 7 7 7 8 8 10 10 8 2 9 8 11 11 5 4 4 5 11 10 8 2 10 7 6 7 8 7 10 10 8 2 4 4 4 4 4 9 8 11 4 4 5 11 4 11 5 2 11 5 3 4 11 4 4 4 5 11 5 10 10 7 8 7 7 7 0 6 7 7 8 11 5 10 10 7 7 7 7 8 2 7 11 5 10 10 7 8 5 11 5 4 11 3 11 5 5 4 11 4 4 5 10 11 5 5 11 11 5 5 7 11 5 11 11 5 2 10 6 7 7 8 0 10 9 8 7 7 8 7 7 11 11 5 4 2 11 11 3 5 4 4 5 11 11 5 11 5 5 7 11 11 5 5 4 11 11 5 2 6 7 7 10 8 4 11 10 8 2 10 10 6 8 8 7 7 10 7 7 8 10 10 2 6 7 7 8 4 10 10 8 8 10 10 8 7 5 10 10 7 8 2 9 5 4 4 11 5 4 1 3 4 4 11 11 5 4 5 4 4 11 4 4 4 5 4 4 10 10 8 7 7 7 7 7 7 10 8 7 8 11 2 6 10 10 7 8 7 8 1 11 3 5 10 2 10 10 8 10 6 7 8 1 3 5 4 4 4 4 4 11 4 11 2 5 9 8 10 8 4 4 1 9 11 5 7 8 11 4 11 5 5 11 4 5 0 10 7 6 7 7 7 7 8 10 10 2 8 7 9 8 10 10 8 8 4 11 1 9 5 5 4 4 4 4 11 5 11 11 5 5 11 11 5 2 11 9 5 4 5 4 10 10 0 6 7 8 7 10 8 7 7 10 8 8 11 5 10 10 8 7 7 8 10 10 8 8 1 4 3 4 4 11 4 4 4 4 1 3 4 5 11 2 6 7 10 10 7 8 5 4 11 5 10 7 10 7 8 8 10 10 2 8 10 10 7 6 7 7 8 7 8 10 10 8 7 8 11 4 10 2 8 11 4 5 4 4 3 11 5 10 10 7 7 8 8 11 5 10 10 7 8 8 11 5 4 10 8 1 3 4 4 4 4 4 4 4 4 4 11 4 4 5 4 4 11 11 5 2 7 7 6 7 7 7 10 10 8 7 8 10 10 7 7 7 7 8 7 8 1 9 10 8 7 8 1 4 3 4 11 5 4 4 4 4 4 10 11 5 5 4 4 11 11 5 2 11 3 5 10 10 8 8 4 4 11 11 5 8 4 4 4 0 6 10 8 7 7 7 7 10 8 4 10 10 8 10 8 7 7 7 7 7 8 10 10 8 7 8 11 4 10 2 8 10 10 8 8 11 3 4 11 5 4 4 4 1 4 3 4 4 5 0 9 7 5 11 5 10 10 2 6 8 10 10 8 8 10 10 8 7 7 8 11 5 11 11 2 5 9 8 10 10 2 8 9 10 8 8 10 10 8 8 1 3 4 4 4 4 4 4 1 4 9 8 11 11 5 4 11 5 4 5 11 11 2 3 4 4 5 10 2 10 6 10 8 7 7 7 7 7 8 10 8 7 7 10 10 2 8 10 10 8 7 8 9 7 11 5 1 3 5 4 4 4 10 8 11 5 4 4 11 11 2 5 7 9 8 10 10 7 5 4 4 4 5 10 0 6 7 7 7 7 7 8 11 11 5 5 10 8 7 10 10 7 5 4 4 1 3 5 11 11 5 4 4 4 4 5 1 3 4 4 4 4 4 4 10 11 5 5 10 8 7 7 11 11 5 4 5 7 11 11 2 5 9 8 10 10 8 7 7 7 7 7 8 7 7 7 10 11 5 5 11 11 5 4 5 11 1 9 5 4 4 5 11 11 5 4 2 10 10 8 7 8 10 10 8 8 6 10 7 7 11 5 5 10 10 8 7 7 8 7 7 7 7 7 10 7 7 8 10 10 8 2 4 4 4 4 4 4 4 4 4 4 4 4 4 4 9 5 4 4 11 11 5 2 10 10 7 7 7 7 7 7 7 7 7 7 7 7 8 8
ppo_x50_b_fd_l4_noshaped,5,qv22_13,22,233,True,1451.0,5.181027173995972,8 7 5 10 9 8 8 10 10 8 7 5 11 5 10 10 7 8 8 10 10 8 8 11 5 10 10 7 8 7 5 10 10 8 8 11 5 10 10 7 8 8 11 5 10 10 7 8 8 11 5 11 5 10 10 7 8 2 9 10 8 8 4 4 0 3 11 11 5 4 4 4 4 5 4 4 4 4 11 4 11 2 5 10 9 8 5 10 10 8 8 10 8 7 7 7 7 7 0 9 8 10 10 7 7 8 2 10 7 8 9 10 8 8 4 1 3 4 1 9 5 10 8 4 4 4 11 4 11 5 4 5 11 11 5 2 9 4 5 7 7 7 7 10 8 4 11 11 5 4 4 4 4 4 4 4 11 5 5 7 10 11 5 2 9 10 4 8 10 4 8 0 6 10 7 4 0 4 4 6 8 7 7 7 0 6 7 7 7 7 7 7 10 8 8 10 7 7 10 7 8 2 9 8 4 4 11 4 4 5 11 4 11 5 7 7 7 8 7 4 4 11 4 4 4 4 4 4 4 4 4 4 4 11 5 2 10 7 6 8 11 11 5 5 7 11 5 4 10 10 2 7 6 7 7 7 8 7 11 10 8 7 7 7 10 8 4 2 9 10 8 0 6 7 7 8 4 1 11 9 5 8 4 11 4 11 5 2 9 8 11 11 1 3 4 5 4 4 4 4 5 11 2 9 5 10 10 7 8 10 8 7 8 4 11 5 7 7 7 7 7 7 11 11 2 5 3 4 4 4 4 4 4 11 5 10 10 7 0 6 7 7 0 6 7 7 7 8 8 10 10 7 7 8 7 7 7 8 11 2 9 10 8 8 11 5 4 4 4 4 4 4 4 4 11 5 11 11 2 5 11 4 5 4 11 3 10 8 10 8 0 6 8 7 7 7 7 7 7 11 0 9 8 8 10 10 7 7 8 8 11 5 11 5 10 7 10 2 6 8 4 4 4 4 11 1 4 4 4 4 4 5 11 5 9 10 8 8 10 8 11 11 4 4 5 4 5 11 11 5 4 4 4 5 7 0 9 5 10 7 10 8 7 8 10 10 2 6 8 7 10 7 8 10 10 8 8 10 10 7 8 8 11 2 10 7 10 8 7 8 4 10 7 9 8 5 4 11 5 4 1 9 8 11 4 4 5 4 4 4 4 4 4 10 11 5 5 10 8 11 11 5 4 4 4 4 11 5 2 9 8 10 10 8 10 7 8 7 7 7 8 1 4 3 4 11 5 4 10 10 8 8 0 6 7 10 10 8 10 8 8 4 10 10 8 7 8 10 10 7 8 7 7 8 11 4 5 1 4 11 3 4 4 5 4 4 4 11 11 5 2 6 4 4 4 4 4 11 11 5 2 7 7 7 7 7 7 9 7 8 1 10 10 8 6 8 10 10 7 8 2 10 8 9 10 8 8 4 4 11 5 4 11 5 4 11 11 5 5 4 4 4 10 10 0 8 7 6 7 0 6 8 10 2 7 7 7 7 11 10 8 8 10 10 6 7 8 8 10 8 1 3 1 4 3 1 4 3 4 4 4 1 3 4 11 4 4 5 11 4 4 4 5 11 4 5 10 7 10 8 8 10 10 7 7 7 7 8 8 4 10 4 5 10 10 8 2 11 3 5 4 11 11 5 2 7 7 10 8 7 7 7 7 6 0 6 7 7 11 10 8 8 10 10 7 8 8 11 2 9 4 10 8 8 4 10 8 4 4 4 4 4 4 4 1 3 4 11 4 4 4 4 4 4 4 4 5 7 7 11 4 8 11 11 2 5 10 7 7 7 9 8 5 10 2 10 6 0 6 7 7 10 8 8 4 4 11 4 5 11 5 4 4 11 5 10 8 10 10 0 6 7 7 8 7 10 7 0 6 7 8 8 11 5 10 10 7 8 7 7 7 7 8 4 1 4 4 3 11 4 4 1 3 4 5 11 5 4 11 4 4 4 2 11 10 8 8 11 11 5 4 4 4 5 11 3 10 8 8 4 10 10 8 7 7 8 7 10 10 7 8 8 10 10 8 8 11 4 4 5 7 11 10 8 8 10 10 8 8 10 10 7 7 8 8 11 2 9 7 8 4 4 11 11 5 2 9 4 5 10 10 2 8 9 5 4 4 11 5 4 10 10 8 7 7 7 8 11 4 5 4 4 4 4 11 5 11 11 5 0 6 7 8 11 5 10 10 7 8 7 7 0 7 7 7 8 9 11 5 5 11 11 5 4 4 5 4 4 4 11 11 5 4 4 4 4 5 10 10 8 2 9 5 10 7 10 8 7 8 10 7 7 7 7 0 9 8 8 4 10 10 8 8 10 10 2 8 10 10 7 7 8 5 9 8 10 10 8 8 4 11 10 5 5 4 4 4 4 4 4 4 4 4 4 4 4 11 11 5 2 11 3 5 10 10 8 8 11 5 7 7 10 7 7 7 7 7 8 10 10 2 8 6 7 11 11 5 4 4 4 4 5 11 11 5 5 7 7 10 8 4 4 11 4 4 11 5 11 5 5 4 4 0 10 9 8 7 8 7 7 7 11 5 10 10 8 7 7 7 7 8 10 10 7 7 7 2 8 7 10 10 8 8 11 9 8 8 4 4 11 5 4 11 4 4 4 4 11 5 2 11 3 5 4 4 4 11 5 10 8 7 7 10 10 8 7 8 10 7 10 7 7 7 8 8 4 1 3 11 4 5 10 10 8 8 10 10 7 7 8 4 5 10 8 1 3 4 4 4 4 4 11 4 4 5 7 11 11 5 4 5 4 11 4 4 5 10 7 11 5 5 11 11 5 5 11 2 6 7 10 10 2 7 6 8 11 5 11 10 2 6 8 7 7 10 10 8 7 7 8 10 10 8 8 7 11 10 8 8 10 10 7 8 2 6 7 11 11 5 5 4 4 4 4 10 5 4 4 4 4 11 4 5 10 7 8 11 11 5 4 2 11 4 5 7 6 11 10 8 8 7 7 7 7 7 7 7 7 7 7 11 10 8 8 7 10 10 8 4 4 4 4 4 4 5 4 4 4 4 11 2 9 5 4 4 4 11 11 5 4 5 11 2 9 11 5 5 7 7 10 8 7 7 0 9 10 8 7 7 8 10 10 8 7 7 8 11 11 2 5 11 3 4 5 11 11 1 3 5 4 5 10 10 8 8 11 4 4 4 5 11 11 5 5 11 2 3 10 10 8 7 7 8 10 10 7 7 8 7 7 7 8 7 7 10 8 7 11 11 5 2 9 11 5 5 4 4 10 10 0 6 8 7 7 7 7 8 11 11 2 5
ppo_x50_b_fd_l4_noshaped,6,qv22_14,22,231,True,1418.0,5.591552972793579,8 7 5 10 10 8 7 5 10 9 8 8 10 2 10 10 8 7 5 9 10 8 8 11 5 11 5 10 10 7 7 8 8 10 2 10 10 8 8 11 3 4 4 5 11 4 4 4 5 11 4 11 5 5 11 10 2 8 10 10 7 6 8 7 8 10 10 7 8 7 8 10 10 7 8 8 10 10 7 8 5 10 2 10 9 8 8 10 10 8 8 1 9 5 11 4 5 11 11 5 5 11 11 5 5 4 4 11 11 2 5 9 8 7 11 10 8 8 10 10 2 6 7 8 7 11 1 9 5 5 4 4 4 1 3 4 4 4 4 4 4 11 5 4 10 0 9 8 8 10 7 8 7 7 7 7 10 10 8 8 11 4 2 6 10 10 8 7 7 10 8 8 1 11 4 3 5 10 8 11 10 8 8 10 10 8 8 7 10 10 8 8 4 4 1 3 4 4 4 4 4 11 4 5 4 4 11 4 11 4 4 4 4 4 5 2 7 9 8 7 10 8 7 7 10 10 8 7 7 7 8 11 11 5 2 11 4 4 4 11 5 5 9 11 5 5 11 4 5 10 10 8 7 0 6 8 11 4 5 7 0 6 7 7 10 7 8 7 7 7 10 7 7 8 7 7 10 7 7 10 2 8 4 3 4 4 4 4 11 5 4 11 11 5 5 11 2 3 4 4 4 4 4 4 4 11 5 7 0 6 7 10 10 7 8 7 7 7 8 7 7 7 10 7 7 8 1 3 4 11 11 5 5 4 4 11 11 2 3 11 5 5 10 11 2 5 4 3 10 10 8 7 7 7 7 7 10 8 8 10 10 7 8 8 10 10 2 8 7 3 4 4 4 4 4 11 11 5 2 11 4 3 4 5 4 11 4 4 5 11 7 11 4 8 7 8 4 4 10 10 8 7 7 8 11 2 9 5 10 10 8 0 6 8 10 10 8 8 1 10 10 8 7 7 7 7 7 6 8 1 4 3 4 11 5 4 10 8 11 5 4 4 4 1 4 4 9 5 11 4 11 2 5 11 5 6 7 7 11 10 8 8 10 10 7 8 8 4 11 2 7 10 10 8 6 8 10 7 7 10 7 7 7 8 8 11 4 5 4 4 11 4 4 5 7 10 10 8 8 7 7 7 11 5 4 4 4 11 5 7 7 7 10 10 8 7 8 4 4 4 4 4 11 5 1 4 4 4 4 4 3 4 4 4 11 5 11 4 4 4 2 10 10 8 8 9 7 7 8 7 7 7 10 7 7 7 7 7 8 10 7 7 8 11 5 4 4 4 4 4 4 4 11 4 4 4 4 5 11 4 10 8 2 7 7 7 7 9 8 11 10 8 7 7 7 7 7 10 8 2 9 8 4 11 4 5 11 11 5 2 7 7 11 9 8 8 1 9 5 4 10 10 2 8 10 10 7 7 8 8 3 4 10 8 7 11 10 8 8 4 4 11 5 4 11 5 11 11 4 5 4 4 4 4 4 4 10 2 8 10 9 8 7 8 11 5 11 2 10 7 6 10 8 8 10 10 7 7 7 2 8 4 4 4 3 4 4 4 11 4 5 11 2 10 6 7 10 8 8 11 4 4 4 4 5 11 11 5 4 5 10 8 7 11 5 10 10 8 7 8 7 7 7 10 10 7 8 7 8 7 11 10 8 8 7 10 10 8 2 4 4 3 4 4 4 4 4 1 9 5 10 4 11 5 2 3 4 10 7 7 7 10 8 7 8 11 4 4 4 4 5 0 9 8 10 10 7 7 8 8 10 10 7 7 7 2 8 10 7 10 8 6 7 8 11 2 3 1 4 3 4 1 3 4 4 11 4 4 4 4 4 4 5 11 4 5 4 11 4 11 5 2 9 8 10 10 8 8 10 10 8 8 10 10 8 7 7 7 0 9 8 5 10 7 7 10 8 8 10 2 6 11 10 8 8 10 8 1 3 4 4 4 11 4 4 11 5 2 4 11 9 5 4 4 4 4 5 10 2 10 7 10 8 7 7 7 7 8 6 7 10 10 8 8 4 11 5 10 10 7 7 8 7 10 7 7 8 8 4 1 9 5 11 4 10 2 8 3 11 4 4 4 4 4 5 11 11 5 2 3 11 5 7 10 7 7 7 7 7 8 10 10 8 8 4 4 4 4 1 3 4 4 4 11 11 5 4 4 5 0 7 9 10 8 8 10 7 10 7 7 2 6 8 7 10 7 7 8 10 10 8 8 10 10 8 1 3 5 4 4 4 11 5 4 4 11 11 5 2 9 5 10 8 11 11 5 4 5 4 4 1 11 3 4 5 10 7 2 10 9 5 5 4 11 2 11 3 4 4 10 8 7 7 7 7 8 11 2 10 10 6 8 2 11 4 4 5 11 4 3 4 5 10 10 0 6 7 7 7 8 7 10 8 8 7 10 7 7 8 10 10 8 8 7 1 11 3 4 4 5 4 11 11 2 3 5 4 11 2 7 6 7 7 10 10 2 6 7 7 7 10 8 7 7 7 8 1 4 3 11 4 10 8 8 4 4 4 4 4 11 5 10 10 2 8 4 3 4 4 11 5 11 4 4 4 4 4 11 2 5 7 10 10 6 7 8 7 8 11 5 7 7 7 7 7 7 11 5 10 10 8 8 11 4 5 4 10 10 8 7 7 7 8 10 10 7 8 5 10 2 10 10 8 7 5 11 4 3 11 5 4 4 4 0 10 7 8 7 8 11 4 4 4 3 4 4 4 5 4 4 11 5 10 8 10 10 8 8 4 4 11 5 11 11 5 7 7 7 7 7 7 7 7 8 11 4 2 3 1 3 4 4 4 4 4 4 4 4 11 4 5 11 4 10 8 7 8 10 10 8 8 11 2 7 6 10 10 8 7 7 7 7 7 7 7 7 7 8 11 1 4 4 4 5 10 10 7 8 8 11 5 9 10 8 8 4 11 2 3 4 4 4 4 4 4 11 5 4 11 4 11 5 4 4 5 10 10 2 7 8 7 7 7 9 10 8 7 7 7 0 6 8 10 7 10 7 2 8 10 10 7 7 7 8 8 11 5 4 4 3 4 11 4 4 4 4 4 4 4 4 4 4 5 11 2 10 10 8 7 8 10 10 8 8 10 10 6 8 7 8 10 7 10 8 8 11 2 10 10 8 8 10 10 7 8 8 9 5 4 4 4 4 4 4 4 4 4 4 4 4 4 4 4 4 11 11 5 2
ppo_x50_b_fd_l4_noshaped,7,qv22_15,22,234,True,1391.0,13.959261178970337,8 8 10 10 8 8 10 9 8 8 10 2 10 10 8 7 5 10 10 8 8 11 5 4 9 5 4 4 11 11 5 5 4 10 0 10 6 7 7 8 7 7 7 10 8 8 10 10 8 8 11 5 10 10 7 8 8 10 10 8 8 11 5 7 10 10 8 8 4 1 3 1 3 4 11 5 11 4 5 4 11 11 5 5 0 6 7 7 10 7 7 7 7 7 11 5 4 4 4 4 4 4 4 4 4 4 4 4 5 11 2 11 11 7 7 6 7 7 7 8 8 10 7 10 7 8 8 4 4 4 4 11 4 4 5 10 10 7 0 6 8 8 10 10 7 7 7 7 8 8 11 2 9 4 10 8 8 4 4 11 4 2 9 10 8 8 10 2 10 10 6 7 8 7 8 10 10 8 8 4 4 11 5 10 10 8 2 11 5 10 7 8 4 3 4 11 5 4 4 4 1 3 4 4 4 4 11 4 4 4 4 5 11 11 5 5 10 2 11 10 7 5 8 10 10 7 8 8 10 10 7 6 8 8 11 10 8 8 10 10 7 8 8 11 5 10 10 8 8 0 9 10 7 2 8 7 10 10 8 8 11 9 8 8 4 4 4 7 11 5 4 1 3 4 4 4 4 10 11 5 5 4 4 4 4 11 11 2 5 7 7 10 10 6 7 8 7 7 7 7 7 10 8 8 4 4 1 3 4 4 11 5 10 7 7 8 0 9 10 8 8 11 5 10 10 7 8 7 8 1 4 11 4 4 4 4 5 3 4 11 4 4 5 4 11 5 4 4 11 11 2 4 5 9 8 7 7 7 11 10 8 8 10 8 10 10 7 2 6 8 11 2 9 5 10 10 7 7 8 8 10 4 5 7 7 10 7 0 7 9 8 8 1 3 11 4 4 4 4 4 5 11 4 4 4 4 4 11 2 5 9 8 10 7 11 5 2 11 9 5 4 4 5 10 10 8 0 6 8 10 10 8 7 8 10 10 7 7 7 8 2 9 8 10 7 10 8 8 11 5 10 7 10 8 7 7 8 4 4 10 2 3 4 4 4 4 1 3 4 1 11 9 5 8 4 4 4 11 11 5 2 11 5 9 11 5 4 5 4 10 10 8 7 7 7 7 8 11 2 3 10 10 7 7 7 8 8 10 2 10 10 8 8 6 7 10 8 10 7 10 7 8 8 11 5 10 10 8 2 3 1 9 5 4 4 4 1 9 4 10 8 8 4 11 5 4 4 4 4 4 4 4 4 11 2 11 4 3 4 4 5 10 10 8 0 6 10 8 8 7 10 10 7 7 7 7 8 10 8 7 7 8 7 7 10 7 8 10 10 8 4 2 4 11 4 3 4 4 4 5 4 11 5 10 2 11 9 5 5 4 1 9 5 4 11 11 5 5 7 0 7 6 7 11 5 10 10 8 8 10 10 7 7 8 10 8 7 8 10 10 8 8 4 11 10 2 8 11 3 5 11 11 5 5 11 2 6 4 4 11 5 4 4 4 4 11 11 2 3 4 4 5 0 9 7 7 8 10 7 7 7 7 10 7 2 8 9 5 10 10 7 7 7 7 8 7 7 8 1 3 11 4 1 3 1 4 4 6 4 4 4 5 4 11 4 5 11 11 2 3 4 4 5 11 7 11 5 11 5 4 5 10 11 2 5 10 7 10 8 7 5 6 10 10 8 8 7 11 10 8 8 10 10 7 7 8 7 7 10 8 2 9 10 8 2 9 10 8 4 5 10 8 10 10 8 8 4 4 4 4 4 4 11 4 5 10 2 9 10 8 8 4 11 1 4 3 4 4 5 10 7 8 4 11 11 2 5 9 8 11 4 11 5 4 5 10 0 6 7 0 6 7 7 7 7 7 8 11 4 11 5 5 10 8 10 10 8 8 4 4 4 11 5 10 10 7 8 7 7 7 10 8 7 7 8 7 10 10 7 2 7 8 3 4 4 4 4 11 11 5 2 11 5 10 9 8 7 8 7 7 1 9 5 4 4 1 3 4 4 11 4 5 4 11 4 5 4 4 10 10 8 7 7 7 7 7 7 7 7 7 8 11 2 3 11 4 4 10 2 8 10 10 6 7 2 6 8 1 4 10 4 4 4 3 4 5 4 4 4 4 4 4 11 4 5 10 8 10 10 8 2 4 9 4 5 11 11 5 5 7 7 7 7 7 7 7 7 7 7 10 8 10 2 10 7 10 8 8 10 10 7 8 7 7 8 3 1 4 3 11 2 6 4 4 4 4 1 3 4 4 4 4 10 8 11 11 5 4 5 11 10 8 0 6 8 10 10 7 7 7 7 8 8 11 4 4 2 11 4 5 11 4 9 5 5 11 11 5 4 4 4 4 4 5 10 10 8 8 11 2 10 10 7 8 10 6 7 7 7 7 7 7 0 6 7 8 7 7 7 8 10 2 9 10 8 8 4 4 1 3 4 4 4 11 1 3 5 11 4 2 11 9 5 8 4 4 4 4 11 11 5 2 9 8 7 10 10 7 8 7 7 7 8 11 4 10 8 8 11 11 5 11 5 2 6 7 11 11 5 4 4 4 4 4 4 11 4 2 4 5 7 7 9 8 0 9 10 8 7 7 7 7 7 7 0 7 8 10 10 7 8 8 11 5 10 10 8 8 10 7 6 8 10 8 4 1 3 11 4 4 10 8 8 11 10 8 2 10 10 7 8 8 11 5 4 4 9 11 5 11 5 4 4 4 4 1 9 5 5 10 10 8 8 11 5 4 11 11 4 4 4 4 2 4 3 4 5 4 10 2 10 10 6 8 8 10 7 10 7 8 7 7 7 7 7 7 7 8 11 2 10 9 8 8 10 8 10 10 8 4 4 4 5 4 11 5 4 4 4 4 11 11 5 2 4 9 5 11 11 2 5 3 11 4 5 10 10 8 7 7 7 7 7 8 10 10 7 7 7 7 8 2 10 10 8 8 7 7 9 10 8 8 1 3 4 4 4 4 4 11 5 4 4 4 4 4 11 5 7 11 2 11 11 5 4 3 5 4 4 4 10 10 8 7 7 8 7 7 0 6 7 10 7 7 7 7 8 10 10 8 7 7 8 7 10 10 2 8 4 4 11 11 5 5 11 11 5 3 5 4 4 4 4 11 11 5 5 11 11 5 2
ppo_x50_b_fd_l4_noshaped,8,qv22_16,22,232,True,1366.0,13.833104610443115,8 7 5 10 10 8 7 5 9 10 8 8 11 5 10 10 7 8 7 5 10 10 8 8 11 5 4 4 11 5 10 7 10 7 7 7 8 8 11 5 7 10 10 8 8 10 11 2 5 3 4 4 4 4 4 11 5 7 10 7 10 7 8 8 11 4 2 11 5 9 4 10 8 8 10 2 10 10 6 7 7 7 8 8 11 10 7 8 8 11 5 10 10 7 8 8 10 10 8 8 11 5 1 9 1 9 5 5 4 4 4 4 10 11 2 3 5 10 10 7 8 8 11 10 8 8 10 10 8 8 11 5 7 10 10 8 7 5 4 4 4 4 4 11 4 10 8 8 4 4 11 5 4 11 4 4 4 4 5 10 8 4 11 11 5 4 4 4 5 10 10 8 2 6 7 11 5 10 10 8 7 7 7 7 7 7 7 7 8 4 10 10 8 7 8 7 11 1 9 8 5 4 10 8 11 11 5 4 4 11 2 5 3 4 4 4 4 4 11 5 10 7 11 5 4 5 4 4 10 2 10 10 6 8 7 7 7 7 0 6 7 7 7 7 7 10 8 2 10 6 10 8 7 8 10 10 8 1 8 3 4 11 11 5 4 4 5 11 4 4 4 4 5 4 4 4 4 11 5 4 10 7 7 10 7 7 7 8 7 8 11 2 11 3 5 4 11 11 5 2 9 8 7 10 10 7 0 6 8 8 10 10 8 8 4 11 4 4 5 4 4 11 5 4 10 10 8 8 10 10 7 7 7 8 8 11 5 4 4 11 4 4 5 10 7 10 8 8 10 10 7 7 7 7 7 8 8 10 10 8 2 11 5 9 11 5 4 4 5 11 4 4 10 8 2 9 10 8 8 11 4 11 5 4 4 4 5 7 10 7 7 8 11 11 5 4 4 4 4 4 5 4 4 4 10 11 5 5 10 8 11 11 2 5 10 10 7 7 8 8 6 11 10 8 8 10 10 7 7 7 7 7 7 8 8 10 10 7 7 7 7 8 8 1 4 4 9 5 11 11 2 5 7 11 5 9 10 8 8 10 8 10 10 8 8 11 2 3 11 5 4 1 3 4 11 4 4 4 5 4 4 4 4 4 11 11 5 2 6 7 7 0 6 10 7 8 4 4 4 4 4 11 4 4 4 5 10 10 8 7 7 7 8 10 10 8 7 10 8 8 7 7 7 11 10 8 8 1 3 1 9 5 4 4 4 10 0 10 8 6 7 7 7 8 4 11 5 10 10 7 2 6 7 8 10 10 8 7 8 11 2 4 3 11 4 5 4 4 4 11 4 4 5 4 4 11 5 4 11 11 5 5 11 11 5 2 11 5 10 10 8 8 10 7 7 7 6 7 10 8 7 7 7 7 7 7 7 8 11 2 4 4 4 9 11 5 5 4 4 11 5 10 10 2 8 4 4 3 4 4 4 4 11 5 4 11 11 2 5 10 7 7 7 7 7 6 8 7 7 7 7 7 10 8 10 10 7 7 7 7 7 8 8 11 5 4 4 4 11 4 2 3 4 4 4 4 4 4 4 11 5 10 11 5 2 3 4 4 11 5 11 11 5 7 7 7 7 7 7 8 4 10 2 9 11 5 5 11 2 9 11 5 5 11 10 2 8 7 10 10 7 6 7 7 7 7 7 7 7 8 5 10 2 10 10 8 8 10 10 7 8 6 8 11 5 10 10 8 2 3 4 4 11 5 4 4 4 4 11 4 5 10 10 8 2 9 8 11 5 0 10 7 6 7 8 7 10 10 8 2 4 4 3 4 11 4 4 4 4 4 5 10 4 10 7 8 7 8 7 10 8 11 5 4 4 10 11 5 5 7 11 5 10 10 8 7 7 8 7 7 10 7 8 10 10 8 8 4 4 4 4 4 11 1 9 5 4 5 4 11 4 4 5 11 2 9 10 8 8 11 5 4 4 0 9 10 8 7 7 8 10 7 8 7 7 7 7 10 7 7 11 5 2 11 11 4 4 5 5 3 11 5 4 4 1 3 4 4 4 4 4 10 8 11 11 5 5 10 8 4 11 11 5 4 2 6 7 7 10 7 7 8 10 10 8 2 11 3 4 5 11 10 2 8 10 10 6 7 7 8 7 7 8 10 8 1 3 4 11 11 5 2 9 5 11 4 4 4 4 4 11 2 5 10 6 11 5 5 10 10 7 8 7 7 7 0 6 7 8 4 11 5 10 7 10 7 8 2 11 5 4 3 11 11 5 5 4 11 11 5 2 6 11 4 8 7 11 4 11 4 8 7 7 8 7 7 7 0 9 8 11 5 11 11 5 4 4 5 7 10 7 7 8 10 10 7 8 7 10 8 8 10 10 8 8 7 10 7 7 8 4 4 10 10 8 2 4 6 4 4 4 10 10 8 8 11 5 11 11 5 4 4 4 4 5 4 4 1 4 4 4 4 4 9 5 11 2 3 10 10 8 7 7 7 10 8 7 8 10 10 7 7 8 2 7 7 10 7 7 7 6 8 1 3 4 11 11 5 5 4 4 4 11 4 5 4 11 11 2 3 5 10 11 5 5 4 4 10 0 6 7 7 7 7 0 6 8 10 10 7 7 8 7 5 10 10 2 8 9 5 10 7 7 10 7 8 8 1 9 5 4 4 11 4 10 8 8 11 4 4 4 4 5 4 4 4 10 1 4 5 6 10 10 8 8 10 2 3 10 7 7 7 7 7 7 8 10 10 8 4 2 3 4 1 11 3 5 7 10 8 7 11 11 5 5 4 4 4 4 11 11 5 4 4 5 4 4 11 5 11 5 11 5 7 11 10 8 8 10 10 2 8 11 5 11 11 5 4 5 3 10 10 7 7 7 7 8 7 7 7 8 7 11 1 4 3 4 5 11 2 10 9 8 8 10 7 10 8 8 7 7 7 0 9 8 11 10 8 7 7 7 8 10 10 2 8 4 4 9 5 11 4 4 5 4 4 1 4 3 4 11 4 10 8 8 11 10 2 8 10 10 8 8 10 10 8 8 6 10 8 7 10 10 8 8 10 10 8 2 4 4 4 4 11 11 5 5 4 4 4 4 11 11 5 3 5 11 11 5 5 4 4 11 11 5 2
ppo_x50_b_fd_l4_noshaped,9,qv22_17,22,231,True,1424.0,5.403989791870117,8 7 5 9 10 8 7 5 10 2 10 10 8 8 9 5 10 10 8 8 10 10 8 8 10 10 8 8 11 5 10 10 2 8 10 10 8 7 5 9 10 8 8 11 5 4 11 4 4 5 11 11 5 5 11 4 4 4 11 5 5 11 11 5 2 7 9 7 7 7 8 10 8 10 10 8 7 7 8 10 10 7 7 7 7 8 8 11 5 10 10 7 8 8 1 9 5 4 11 5 4 11 5 11 11 4 8 4 4 4 4 4 11 5 2 7 10 9 5 5 7 10 7 7 7 7 8 10 10 7 2 8 3 4 4 4 4 4 4 11 4 4 4 4 11 5 5 11 11 5 7 7 7 8 11 2 9 11 5 5 10 2 3 7 10 10 8 7 7 8 4 4 4 11 5 10 7 10 7 8 7 7 7 7 7 10 8 8 10 10 8 2 6 10 10 8 8 10 10 7 8 8 11 2 4 3 4 10 8 11 5 4 4 4 1 3 4 4 4 4 4 10 11 5 5 4 11 4 4 4 5 4 10 10 8 7 7 7 7 7 7 8 11 5 4 11 2 10 10 7 6 8 7 7 8 10 10 8 8 10 7 7 10 2 8 7 9 10 8 8 4 1 3 4 4 4 4 4 4 11 5 7 7 7 10 7 7 7 8 4 4 4 4 11 5 11 11 4 5 5 10 2 11 9 5 5 4 4 11 5 10 8 4 11 5 11 11 5 2 7 6 10 8 11 10 7 8 7 7 0 6 7 7 7 8 10 10 8 8 10 10 8 2 10 7 8 3 4 10 7 11 2 3 4 4 4 8 4 1 3 4 11 5 4 4 4 11 5 4 4 11 11 5 4 2 6 7 10 10 2 7 5 10 10 8 6 8 10 10 7 8 7 7 10 8 7 7 7 7 7 8 11 1 3 4 8 11 11 5 4 4 4 5 4 10 5 4 4 4 11 4 4 4 4 4 4 5 10 2 3 10 10 8 0 9 8 8 10 7 8 10 10 7 8 2 7 7 9 7 5 10 7 7 10 8 8 4 4 10 11 5 2 3 4 4 4 4 4 1 3 4 11 4 4 5 4 4 10 2 10 10 6 7 8 7 7 8 11 5 10 7 7 8 11 11 5 2 7 7 7 6 7 7 10 7 8 1 9 1 9 5 5 11 4 4 5 4 10 11 5 5 4 10 10 8 7 7 7 8 11 11 2 5 6 4 4 4 4 4 11 11 5 5 11 2 6 7 10 10 7 8 7 7 7 10 7 7 8 8 11 2 4 9 5 4 11 11 2 5 10 10 7 6 0 6 7 7 8 7 8 10 10 7 8 8 11 5 1 3 1 3 4 4 11 4 4 4 4 4 4 4 5 4 11 11 2 5 9 11 5 4 4 5 7 7 0 7 10 9 5 8 11 5 10 10 7 8 8 7 10 10 8 8 4 4 4 11 4 4 5 4 4 10 10 8 7 7 7 7 7 10 8 7 8 10 10 7 7 8 8 10 10 7 8 7 7 8 11 4 4 5 11 2 3 4 11 5 4 11 4 5 4 11 11 5 2 7 7 9 8 10 10 7 2 6 7 8 4 11 5 4 4 11 5 10 10 7 8 7 8 10 10 7 7 7 8 4 5 11 5 11 10 2 8 6 10 10 7 8 8 11 5 4 4 4 4 11 4 5 4 4 4 4 11 5 11 4 4 11 4 2 5 7 9 8 0 6 7 7 7 11 10 8 7 7 7 8 10 7 10 8 2 10 7 8 9 5 7 10 10 8 4 4 4 4 4 4 4 4 4 4 4 11 5 5 11 4 11 5 5 7 10 11 5 5 11 11 5 4 4 2 6 10 10 8 7 7 7 7 7 8 7 7 7 10 10 8 8 7 7 7 7 10 8 10 10 7 8 4 4 4 4 2 3 4 11 10 8 8 11 5 4 4 4 4 1 3 4 4 4 10 11 5 5 10 8 11 4 4 4 4 5 11 11 2 5 7 9 8 10 10 7 7 0 6 8 7 7 8 4 1 11 4 3 4 5 10 0 10 6 8 7 5 10 10 8 7 10 8 7 0 9 8 7 7 8 1 9 1 9 5 4 4 4 4 5 10 10 8 8 4 11 5 11 5 4 4 4 4 4 11 5 11 11 2 5 7 7 9 8 10 10 7 8 8 10 10 8 7 8 11 4 2 3 4 10 10 7 7 7 7 8 7 8 7 10 10 8 8 1 3 4 1 3 11 5 10 10 8 4 4 5 11 2 10 6 10 7 2 6 8 10 10 8 7 8 7 1 3 4 11 5 4 11 11 5 4 11 5 1 9 5 4 10 8 7 8 11 4 5 4 11 11 2 4 4 5 7 10 7 7 8 10 10 8 8 9 10 8 7 7 7 7 8 10 2 9 10 8 10 8 7 8 1 4 4 3 1 3 4 11 4 4 5 11 1 9 8 5 10 10 8 8 4 4 4 4 4 11 4 11 5 5 11 11 5 2 4 10 10 8 6 7 7 8 1 11 3 4 5 7 10 10 0 8 9 8 8 10 10 7 7 2 6 7 5 10 7 7 10 8 8 11 1 9 8 7 8 4 11 5 11 11 2 3 1 3 4 4 5 10 2 9 7 8 4 11 11 5 5 4 4 4 4 4 11 5 10 8 4 4 0 6 7 7 7 7 10 10 2 6 7 7 7 7 8 10 2 10 6 7 7 10 7 7 8 5 1 9 5 11 4 5 4 4 4 4 10 8 7 10 8 4 4 4 4 11 11 5 4 4 5 4 4 11 11 5 4 4 11 5 2 9 8 7 10 7 7 7 7 7 7 7 7 7 7 7 7 7 7 8 10 7 8 11 11 4 2 3 4 4 5 10 8 11 5 1 3 11 4 4 4 4 5 4 4 10 10 7 2 6 8 10 7 10 8 8 10 10 8 2 9 8 7 7 10 10 8 7 7 8 4 4 4 4 4 4 4 4 1 4 4 3 4 10 8 0 10 7 9 8 8 7 7 10 10 8 2 6 11 4 5 11 11 5 4 11 5 5 10 8 4 11 11 5 5 4 4 4 4 11 4 10 8 8 11 5 11 11 5 5 7 7 10 8 0 9 7 8 7 11 11 1 5 4 11 5 5 9 5 4 10 10 8 8 10 10 8 8 7 7 7 11 5 10 10 8 7 7 8 7 0 7 7 10 8 3 10 10 8 7 8 11 11 5 2 4 4 4 4 11 9 5 5
ppo_x50_b_fd_l4_noshaped,10,qv22_18,22,234,True,1391.0,13.961638689041138,8 7 5 9 10 8 8 10 10 8 7 5 11 5 10 7 10 8 7 5 10 11 2 5 6 10 10 8 8 11 2 3 4 11 5 4 11 11 2 5 7 7 10 10 6 7 7 7 8 7 10 8 8 10 10 8 8 11 5 10 7 10 8 8 4 11 4 10 8 8 10 10 7 8 8 10 10 8 8 1 3 4 4 1 9 8 11 5 4 11 11 5 4 5 11 11 4 4 5 2 11 5 6 10 10 8 8 7 7 10 8 10 7 7 10 2 8 4 3 4 4 4 4 4 4 11 5 4 11 4 11 5 5 4 11 11 5 5 11 10 8 2 7 11 5 10 7 10 7 6 7 8 7 7 8 10 10 7 7 8 8 4 11 2 4 11 10 7 6 7 8 7 7 7 8 11 10 2 8 11 9 5 4 4 5 4 4 11 11 5 5 4 4 4 4 11 11 5 2 3 11 11 5 7 7 8 10 2 9 10 8 8 4 11 4 4 5 10 7 10 7 7 7 0 7 6 7 7 8 8 10 10 7 7 7 7 7 8 8 11 5 4 1 3 4 11 5 10 10 8 2 3 4 4 4 11 2 4 4 4 3 4 4 4 4 11 11 5 7 8 4 11 4 4 2 3 10 10 7 8 8 10 10 8 7 7 7 7 7 10 8 7 7 7 7 8 10 10 7 8 7 8 11 4 5 1 11 3 4 4 4 4 5 1 4 4 4 11 4 5 9 10 8 8 11 4 5 4 4 4 10 11 5 5 10 10 7 8 7 7 7 7 7 0 9 8 7 7 8 11 2 9 10 8 8 4 4 4 11 5 4 4 4 10 10 8 7 7 8 10 10 8 8 10 2 10 10 7 6 7 7 8 7 8 11 4 5 10 2 9 10 8 8 4 11 5 7 10 8 11 11 5 11 5 5 4 4 4 4 1 3 4 11 5 4 11 4 2 11 9 5 5 10 2 9 10 8 4 5 4 4 10 2 10 10 6 7 7 7 7 8 8 10 7 10 8 8 11 5 10 10 7 8 5 10 10 8 2 7 7 9 8 1 9 11 5 5 4 4 4 11 4 11 5 5 11 5 4 11 11 5 2 9 4 5 4 4 4 4 4 10 10 0 8 6 7 7 7 0 6 7 8 10 10 8 7 8 11 5 10 10 8 8 10 10 8 2 9 8 7 7 11 11 4 5 4 4 1 3 4 4 4 11 5 5 10 11 5 2 6 10 7 0 10 6 8 7 8 10 7 7 10 8 2 9 8 7 7 11 11 5 4 5 4 4 11 11 5 4 4 11 2 5 10 6 0 6 7 7 8 11 4 4 10 8 7 7 7 7 8 11 1 8 10 10 8 8 7 9 10 8 8 4 1 3 4 4 1 11 4 5 4 4 4 4 3 4 4 11 5 4 4 10 10 8 0 6 7 7 8 11 4 5 10 10 2 6 7 8 11 2 6 11 10 8 8 10 10 2 8 3 4 11 5 4 4 11 5 4 11 5 4 4 4 4 10 10 0 6 8 10 8 7 7 8 7 0 6 10 7 8 10 8 7 10 10 8 8 11 1 4 4 4 4 5 11 4 3 4 4 5 11 4 4 5 10 10 7 8 7 8 11 4 4 4 5 11 5 7 10 10 7 2 7 7 6 8 11 4 5 4 4 4 11 5 10 7 7 7 7 7 10 7 0 6 8 7 8 10 10 7 7 7 8 8 11 5 1 4 4 3 11 4 5 4 4 4 11 11 5 2 11 4 5 3 4 10 10 8 7 7 7 8 4 4 10 10 8 7 7 7 7 10 8 8 10 10 7 7 7 8 8 7 7 11 5 1 3 4 1 4 9 5 11 4 4 4 4 4 4 11 2 5 3 4 11 4 5 11 11 5 2 10 10 7 7 6 8 8 10 10 7 7 0 6 7 8 7 7 7 8 10 10 8 8 11 2 3 4 4 4 4 4 11 5 11 11 5 4 2 4 9 5 0 10 7 10 8 7 8 10 10 6 8 7 0 6 7 7 8 11 2 4 10 9 7 7 7 8 8 11 5 4 1 9 5 11 11 5 5 11 1 9 5 5 11 4 4 4 4 5 4 4 4 11 4 11 5 2 9 11 5 7 10 5 10 5 10 5 10 5 10 5 10 5 10 5 10 5 11 5 11 5 7 7 8 10 8 4 11 10 2 8 10 10 8 8 6 7 7 10 8 10 10 8 7 7 7 8 7 10 10 8 2 9 10 8 4 4 5 10 7 8 10 10 7 8 8 1 3 4 4 1 11 9 8 8 4 1 3 11 5 4 4 4 4 11 4 4 5 11 11 5 4 4 4 5 11 4 10 8 8 10 10 8 2 10 6 7 8 10 7 10 8 7 8 10 10 7 8 7 7 8 7 7 7 10 7 8 4 1 4 3 4 4 4 4 4 11 5 4 4 10 10 2 6 8 10 10 7 7 7 8 8 10 8 10 8 10 10 8 8 11 2 4 4 4 9 11 5 5 10 7 8 7 11 5 4 1 3 4 4 4 11 4 4 11 5 5 11 5 4 4 4 4 11 11 5 11 2 5 7 9 5 7 10 10 8 8 10 10 2 8 11 5 3 4 4 10 10 8 0 6 8 10 8 7 7 11 5 10 10 2 6 7 8 10 10 8 8 10 10 7 8 2 10 8 9 4 4 10 8 8 11 1 4 4 9 5 5 11 11 2 5 10 8 9 11 4 5 4 4 4 4 5 10 8 4 4 11 11 5 5 0 6 7 10 4 11 8 10 4 8 11 5 5 10 10 0 6 8 10 8 7 7 7 7 7 7 7 7 8 11 2 4 9 11 5 4 5 4 11 10 2 8 4 11 11 5 4 4 5 9 5 10 10 0 7 6 7 7 7 7 7 7 7 7 7 7 7 7 8 8 10 8 11 4 5 1 9 11 5 5 10 2 6 10 10 8 8 4 4 4 4 4 11 5 4 11 5 11 11 5 2 9 5 4 4 4 0 10 10 6 7 7 7 7 7 7 8 2 6 10 7 8 4 10 10 8 7 7 8 10 2 3 4 11 11 2 3 4 4 5 7 7 11 5 10 0 10 8 8 10 10 8 8 11 4 4 4 11 5 4 4 5 9 4 10 8 8 4 4 4 4 4 4 4 11 11 5 5
ppo_x50_b_fd_l4_noshaped,11,qv22_19,22,230,True,1416.0,13.741389513015747,8 7 5 9 10 8 7 5 10 10 8 8 11 5 10 10 7 8 8 11 5 10 10 7 8 8 10 10 8 8 11 5 10 10 7 7 8 5 11 2 10 10 6 8 8 10 10 8 8 11 5 10 10 7 8 8 4 1 3 4 4 4 1 3 11 5 10 7 8 11 11 5 4 4 4 4 5 11 2 6 10 10 8 7 7 7 7 10 7 7 8 7 8 10 10 7 8 8 4 11 4 4 1 3 4 4 5 11 4 4 4 5 4 11 4 4 4 4 11 2 5 10 7 6 7 7 7 8 10 10 7 8 2 10 6 8 10 10 8 2 10 6 10 8 8 1 9 5 11 5 4 4 4 4 11 5 10 10 2 8 4 11 3 5 10 11 2 5 11 4 11 5 4 3 4 11 5 5 0 9 8 10 8 4 10 10 8 7 7 8 4 4 4 11 5 10 10 7 8 8 7 7 7 7 7 7 10 7 7 7 7 10 8 7 8 4 11 4 10 8 8 10 7 10 8 8 4 11 10 2 8 3 4 11 4 4 4 4 4 5 11 11 2 5 9 5 7 10 7 8 4 11 4 5 4 4 4 4 4 4 11 5 4 11 11 5 2 7 7 7 9 8 7 7 7 10 10 2 6 8 11 5 7 11 10 7 2 6 10 7 7 8 7 8 7 11 2 9 10 8 8 10 2 10 10 8 8 4 4 4 4 4 4 3 10 11 5 5 4 4 4 11 2 9 11 5 5 4 4 11 4 4 4 2 11 5 9 10 8 8 11 5 10 10 7 0 6 7 8 8 10 10 8 8 11 5 10 10 2 7 8 10 7 7 7 7 7 7 6 8 7 7 7 11 11 1 3 2 3 4 11 5 5 10 8 11 11 5 5 11 5 11 5 7 7 11 11 5 4 4 4 10 8 8 10 8 4 11 4 8 4 4 4 4 11 4 4 5 10 10 0 6 8 8 11 5 10 10 8 7 7 7 7 7 10 8 7 7 8 11 5 10 10 7 8 7 8 4 10 10 2 8 7 11 11 5 4 3 4 4 4 4 4 5 4 4 4 4 10 10 2 8 11 11 5 9 5 5 11 4 4 11 5 2 3 7 7 10 10 2 6 7 8 10 7 10 7 2 8 4 6 4 4 4 11 4 5 11 4 10 8 7 8 10 10 8 7 10 7 7 7 8 8 4 4 11 4 2 10 9 5 5 4 11 5 4 4 4 4 4 4 10 10 0 6 8 5 10 10 5 10 5 10 5 10 5 10 5 10 4 7 2 6 7 7 7 7 7 10 8 8 4 10 10 7 7 8 7 7 7 8 11 4 2 3 4 4 10 8 10 4 11 4 5 4 2 11 4 9 5 8 4 11 5 4 11 11 2 3 5 4 4 10 11 5 5 10 10 7 7 8 7 7 7 7 7 7 7 8 10 2 10 10 7 7 7 8 6 7 7 8 1 4 9 5 11 1 9 8 5 10 11 5 5 4 4 4 4 11 11 5 4 4 2 11 5 9 11 4 5 2 10 10 8 7 8 11 5 3 4 4 4 4 11 5 10 7 7 7 10 7 0 7 7 7 8 8 9 7 8 11 11 5 2 11 4 5 9 5 10 10 0 6 8 7 8 10 10 7 7 7 7 7 7 8 5 4 10 8 4 4 4 1 4 4 4 4 3 4 4 4 4 4 10 8 11 11 5 4 5 10 8 11 11 2 4 5 7 7 7 10 8 9 10 8 7 7 7 8 10 2 10 10 7 7 7 7 7 7 8 8 11 5 9 4 5 10 10 8 8 1 11 3 1 3 5 11 4 5 4 4 11 4 5 4 4 11 11 2 3 5 7 7 0 6 10 7 8 11 10 7 7 7 7 8 8 1 4 4 3 4 4 4 4 4 1 3 4 4 4 4 10 8 11 2 11 9 5 4 5 11 4 2 10 10 6 8 8 7 11 5 10 10 8 7 7 7 7 7 7 0 10 8 8 7 7 7 10 7 10 8 8 9 10 8 8 1 3 4 4 4 4 11 4 4 5 4 11 2 9 10 8 4 5 10 8 10 4 11 4 4 5 2 6 10 7 7 7 7 8 4 10 10 8 7 8 11 2 3 1 3 4 4 4 11 5 10 11 5 5 4 4 4 0 10 10 8 7 7 7 8 7 10 7 7 8 10 10 8 7 7 7 7 8 11 4 9 5 5 11 2 11 9 8 5 10 8 11 11 8 11 8 5 4 4 4 4 4 10 11 5 4 8 10 8 4 11 11 5 2 10 7 6 7 7 7 7 7 7 8 10 2 10 10 8 8 4 4 4 3 4 4 4 4 4 4 4 4 10 8 11 4 4 5 11 11 2 5 9 8 11 11 5 4 5 4 10 10 8 8 7 7 10 7 0 9 8 8 10 8 10 10 2 8 4 4 3 4 4 11 4 4 4 4 4 11 2 5 9 8 7 7 7 11 10 8 8 10 10 7 8 8 10 10 7 7 7 8 2 10 10 7 8 8 10 9 8 8 10 7 5 4 4 4 1 11 9 8 5 4 4 11 4 10 8 2 9 8 11 5 4 4 4 4 10 11 5 5 4 4 4 4 10 10 0 8 6 7 7 7 10 8 8 7 0 6 7 7 7 10 8 10 10 8 8 10 11 5 2 3 4 4 4 10 8 11 11 5 5 10 8 4 4 4 1 4 3 11 5 7 10 10 7 8 8 11 4 4 4 4 5 4 10 10 8 7 7 7 7 7 7 7 7 10 8 7 7 7 8 4 1 9 10 8 8 4 4 11 4 5 1 3 4 4 4 11 5 4 4 1 3 4 11 4 5 10 8 11 11 5 4 8 11 11 2 5 3 10 7 7 8 10 10 8 8 7 7 10 8 10 7 10 7 8 7 10 8 8 10 10 8 8 4 11 5 7 7 10 10 8 2 7 9 8 11 5 4 4 4 4 4 11 4 5 7 10 10 8 8 11 5 4 10 10 8 7 8 7 10 7 8 7 11 11 2 3 4 5 4 4 4 4 4 4 4 4 11 5 11 4 2 9 5 10 10 8 8 7 7 7 7 7 7 7 10 7 8 10 8 11 11 4 5 5 4 4 4 10 10 2 8 6 11 5 11 11 5 4 5 4 11 11 2 3 5 11 11 5 4 4 1 4 3 5 10 10 8 8 10 10 7 7 7 7 7 7 7 7 7 7 8 8 10 10 8 2
ppo_x50_b_fd_l4_noshaped,12,qv22_2,22,231,True,1427.0,16.0262188911438,8 7 10 8 8 9 11 5 5 10 0 7 9 8 7 5 11 5 10 7 10 8 7 5 10 0 9 8 8 11 2 10 10 6 8 7 5 10 2 10 10 8 8 10 10 8 8 9 10 8 8 4 10 8 11 11 5 2 9 11 5 4 5 10 10 8 7 8 10 10 7 8 8 4 10 10 7 8 8 4 10 8 1 3 11 5 10 8 4 11 11 5 4 4 5 4 4 4 11 11 5 2 4 9 5 11 11 5 5 7 0 7 7 7 9 8 10 7 7 7 8 7 10 7 10 7 2 7 8 4 3 4 4 4 11 4 5 4 4 11 4 11 2 3 4 5 11 11 4 4 5 11 5 4 2 9 7 8 7 10 7 7 7 7 7 8 10 10 7 8 2 9 8 10 10 8 8 11 4 4 4 4 4 4 4 5 10 8 4 4 4 4 4 10 11 5 5 11 2 6 10 7 10 8 8 7 7 7 7 10 7 7 7 7 7 7 8 10 10 8 2 3 4 4 4 10 8 11 4 4 5 4 4 11 11 5 5 11 2 9 10 8 8 4 4 4 4 4 4 11 4 11 5 5 7 0 6 7 7 7 7 11 5 7 0 9 10 8 7 7 7 7 8 1 11 4 3 4 4 4 4 4 4 5 11 5 10 10 2 7 8 10 10 8 6 7 7 7 7 7 7 7 7 7 7 7 7 8 1 9 8 11 4 5 4 11 11 5 11 5 2 11 4 5 9 10 8 8 11 5 10 10 8 8 4 1 3 4 11 11 5 4 4 5 10 0 6 7 8 7 10 10 2 7 8 11 4 4 4 3 4 4 1 3 5 4 4 4 4 4 11 11 2 5 7 10 8 11 11 5 5 10 7 7 6 7 8 10 10 8 7 8 10 10 7 7 7 7 7 8 7 7 8 10 10 8 8 11 4 11 2 3 5 1 9 8 4 4 4 11 11 5 4 2 11 3 5 4 4 10 11 7 2 8 7 7 6 7 7 10 10 7 8 7 8 11 5 10 10 7 7 8 8 11 4 2 4 3 1 3 11 5 7 11 11 5 5 4 4 4 11 5 11 11 2 5 9 8 7 7 11 11 5 4 4 4 4 4 4 5 11 2 3 10 10 8 0 6 7 10 8 8 7 10 10 7 7 7 2 8 10 10 7 6 7 8 8 10 10 8 7 8 11 2 4 3 4 4 10 8 11 4 4 4 4 4 4 5 11 5 11 11 2 3 4 5 4 4 4 11 2 10 6 10 8 7 7 7 7 7 8 1 9 5 4 4 4 4 11 11 5 2 3 4 4 10 10 0 6 7 7 7 8 7 7 7 10 8 8 10 10 7 7 7 7 7 8 8 10 10 8 8 4 4 11 2 6 11 11 5 5 10 8 4 4 4 4 4 4 11 11 5 2 9 4 4 5 10 8 7 7 11 5 10 10 8 7 7 7 7 7 7 8 4 11 11 5 2 10 6 8 11 1 9 5 5 4 1 4 3 4 1 11 5 9 10 8 4 5 4 4 4 4 4 11 11 5 2 9 11 5 7 7 8 10 10 0 6 8 7 7 7 7 8 10 8 10 7 10 8 8 1 3 4 4 4 4 4 4 11 5 4 4 11 4 4 5 10 10 8 2 10 8 3 11 5 10 10 7 8 8 10 10 7 7 0 7 6 7 7 7 7 7 7 7 8 8 10 2 9 7 8 11 11 4 5 4 5 1 4 11 4 3 5 11 4 2 10 10 8 8 9 10 8 8 10 10 8 8 1 11 3 4 4 4 4 11 5 2 3 10 7 7 10 7 2 8 6 10 10 7 7 8 8 11 2 4 4 4 3 4 4 4 10 8 11 5 4 4 4 11 4 5 10 10 8 8 11 2 10 9 5 5 10 7 10 0 8 6 8 10 2 10 7 7 7 8 10 10 7 7 8 8 11 9 5 8 4 10 10 8 8 4 4 4 1 4 4 11 9 8 5 1 9 5 4 4 11 4 4 11 5 4 4 4 5 11 4 11 2 4 5 7 11 5 10 10 8 8 7 10 7 6 7 8 10 7 10 7 8 8 10 10 8 7 8 11 5 10 10 7 8 7 8 1 3 11 5 1 11 9 8 5 4 4 11 5 4 4 4 4 1 9 11 5 5 7 11 11 5 4 4 5 0 9 10 8 0 6 7 7 8 4 11 5 7 10 10 8 7 7 7 7 8 10 10 2 8 10 10 6 7 7 8 7 8 1 7 6 4 4 11 10 2 3 5 10 8 11 4 4 4 4 4 4 5 4 11 1 4 3 4 4 4 4 5 10 10 8 2 11 5 3 11 11 5 5 7 7 7 0 10 6 7 7 10 8 8 7 10 10 8 7 8 7 10 7 10 8 8 10 11 5 2 4 4 4 4 9 5 4 4 4 11 11 2 5 7 10 8 10 10 6 7 8 7 7 7 7 7 8 10 10 8 7 5 4 4 11 4 10 8 8 11 1 3 4 5 11 4 4 4 10 8 2 9 8 1 11 11 5 3 4 4 4 4 4 4 5 11 4 5 10 10 8 7 0 6 10 8 7 7 7 7 7 8 10 10 8 7 7 7 8 1 9 5 11 11 2 5 7 7 10 10 8 10 8 8 4 3 4 4 4 10 11 5 5 11 5 4 1 9 4 4 4 4 4 4 4 5 7 10 10 7 7 0 7 8 7 8 11 10 8 8 10 10 8 6 7 7 8 10 10 2 8 4 4 4 4 4 4 3 4 4 4 4 4 4 4 10 8 11 11 5 4 4 5 10 7 7 8 11 11 5 2 7 7 7 10 10 7 6 7 7 8 7 7 7 8 7 10 10 7 7 8 8 4 4 1 9 8 4 4 10 8 11 4 5 4 4 11 5 4 4 10 10 2 8 11 3 5 11 5 4 4 4 11 11 4 4 2 5 10 7 7 6 8 10 10 7 8 7 8 10 10 8 7 8 7 11 7 7 7 10 8 7 8 0 9 5 11 11 5 1 3 4 4 4 4 5 4 10 2 9 11 5 4 5 7 7 0 9 8 10 10 7 8 8 10 10 7 2 8 11 11 3 5 4 5 4 4 4 4 4 4 4 4 4 4 4 11 5 11 11 5 2 7 7 9 8 7 7 7 7 7 7 10 8 4 10 10 8 7 7 7 7 8 7 7 10 10 7 2 6 8 4 4 4 4 4 4 4 4 4 4 4 1 9 5 4 4 11 4 4 11 5 2
ppo_x50_b_fd_l4_noshaped,13,qv22_20,22,231,True,1389.0,13.77750015258789,8 7 5 10 9 8 8 10 10 4 2 5 10 10 6 8 7 5 10 2 10 10 8 8 10 10 8 8 11 5 11 4 5 7 10 10 7 6 8 8 4 4 4 11 2 11 5 4 4 11 5 9 10 7 5 4 4 5 10 8 11 2 10 10 7 7 8 7 7 8 10 7 10 7 7 8 7 5 10 10 8 8 9 5 10 10 8 8 10 10 8 8 1 9 5 4 1 9 5 10 10 8 8 4 4 11 5 4 11 5 4 4 4 4 4 10 10 8 8 11 5 11 11 2 4 5 7 7 6 7 7 0 10 6 8 10 10 8 2 11 3 4 5 11 11 5 2 6 4 4 4 11 11 5 5 0 7 7 7 6 7 11 10 8 8 10 10 7 7 0 6 7 7 7 7 8 8 11 2 4 4 11 9 5 8 4 4 4 4 4 4 4 4 11 4 4 4 4 11 2 5 9 8 10 7 8 10 10 7 8 8 10 10 7 8 2 10 8 10 6 10 7 7 7 7 7 8 8 1 3 1 11 5 3 1 11 9 8 8 4 4 4 4 4 4 1 4 4 3 4 4 11 5 10 11 5 5 4 4 4 10 10 0 8 7 9 8 7 8 10 7 10 7 7 7 8 8 10 10 7 7 7 7 7 2 8 11 5 10 9 8 8 4 4 4 4 4 4 1 3 4 4 4 4 4 1 11 3 4 5 0 9 10 7 8 8 11 4 5 11 11 5 5 7 11 5 10 10 8 8 10 7 10 8 7 8 11 5 10 10 2 7 6 8 10 2 10 10 6 8 7 5 4 1 9 8 4 4 4 4 1 3 11 5 4 10 10 8 7 8 11 5 4 4 1 3 4 11 4 4 5 10 2 9 4 10 8 7 10 8 8 11 10 2 8 11 11 5 9 5 7 7 7 8 4 10 2 10 6 10 7 7 8 7 7 8 10 10 2 8 4 4 4 4 3 4 4 4 4 4 4 4 11 5 10 2 10 10 6 8 7 7 7 7 7 7 7 0 7 7 7 7 10 6 7 7 8 8 10 8 11 4 10 2 8 9 4 5 4 4 4 1 9 5 4 4 10 10 0 8 7 8 11 5 10 10 6 7 8 7 8 4 10 10 8 8 11 2 4 11 11 5 5 4 11 3 11 5 4 5 4 11 5 10 8 10 10 8 7 8 11 4 5 11 5 4 4 4 4 11 11 5 2 11 4 4 4 3 5 10 2 10 10 8 7 7 6 8 10 10 2 8 10 7 10 6 7 8 7 7 7 8 10 2 10 10 8 8 10 7 10 8 8 4 11 9 5 8 11 5 4 1 3 4 4 4 11 4 10 8 8 4 4 4 4 4 11 11 5 4 4 4 5 10 10 2 8 6 7 7 11 5 10 10 8 8 10 10 7 8 7 7 8 4 4 10 10 7 7 8 7 7 8 4 1 9 4 10 8 2 9 8 11 4 4 10 8 8 11 4 4 4 4 4 10 8 7 8 0 6 10 8 1 3 4 4 11 5 4 1 3 4 4 4 4 11 5 4 4 10 10 8 7 8 10 11 2 5 3 11 5 10 10 7 7 8 10 7 8 7 7 7 7 10 8 8 10 7 10 8 7 7 8 1 9 8 4 4 4 4 4 11 5 11 5 4 4 4 4 1 4 11 3 5 10 10 2 8 10 10 6 8 8 11 2 3 11 5 10 10 7 0 7 7 6 7 7 7 7 8 7 7 10 8 8 11 5 4 11 5 1 9 10 8 8 10 4 10 7 2 5 10 10 7 8 8 9 5 4 11 11 2 3 4 5 11 5 4 4 4 11 4 5 11 4 4 10 2 8 6 10 10 7 7 8 8 11 4 5 1 3 4 4 4 10 8 11 11 5 5 10 8 4 4 4 4 11 11 2 5 3 10 7 8 10 10 7 7 7 7 7 2 8 10 10 7 7 8 7 6 7 8 10 10 7 2 8 11 11 5 3 4 5 11 5 11 4 4 4 5 10 7 10 7 2 7 6 8 4 4 10 8 11 11 2 5 11 5 10 10 6 7 7 8 8 11 4 5 4 4 1 3 4 4 4 11 5 11 11 2 5 9 8 10 10 8 8 10 10 2 6 7 8 4 11 5 10 10 7 0 6 7 7 7 7 8 8 10 10 7 8 8 11 5 4 4 1 11 9 5 8 4 4 11 4 11 5 2 11 5 9 10 8 8 4 1 3 4 11 5 4 4 4 4 4 10 11 5 5 7 11 5 4 10 10 8 7 7 7 0 6 8 11 5 10 10 7 7 7 7 7 7 7 7 7 7 8 8 11 4 5 4 11 4 5 10 10 7 7 7 7 7 7 8 2 9 5 4 10 8 11 11 5 5 11 5 4 11 4 10 2 8 11 3 4 4 4 4 4 5 11 5 0 9 10 8 8 7 10 10 8 7 7 7 7 8 1 11 9 5 5 11 4 4 4 4 1 4 4 3 4 4 5 11 11 2 5 3 4 10 10 8 7 5 10 10 8 7 7 7 7 10 8 7 8 7 1 11 9 5 5 11 4 4 4 4 4 4 5 10 10 2 8 6 10 10 7 7 0 6 8 7 7 10 8 7 8 10 8 10 10 8 7 7 8 11 11 5 11 5 2 3 4 4 4 4 4 4 4 11 5 10 2 3 4 4 4 4 4 4 11 11 5 5 10 11 2 5 6 10 7 7 10 8 7 7 7 7 7 8 11 2 10 10 8 6 8 10 10 7 8 8 4 4 4 11 1 3 4 5 11 4 5 7 4 7 10 10 8 8 10 10 8 8 4 4 4 4 4 4 11 5 4 10 10 2 8 6 10 10 0 6 7 2 6 7 7 7 7 7 10 7 8 7 8 10 8 1 11 9 5 5 4 4 4 4 4 4 4 11 4 5 10 10 8 8 4 4 4 4 4 11 4 4 5 11 11 2 5 7 7 9 7 7 7 7 7 8 10 10 2 8 10 10 8 7 8 10 10 6 7 8 7 7 8 4 10 10 8 7 8 4 4 4 11 5 7 7 10 8 11 11 5 2 11 11 5 9 5 5 11 4 4 1 4 4 4 4 4 5 11 11 5 5 11 9 5 5 10 7 10 7 7 7 7 7 7 8 8 10 10 7 7 8 7 7 7 7 8
ppo_x50_b_fd_l4_noshaped,14,qv22_21,22,226,True,1380.0,13.484463453292847,8 8 10 10 8 7 5 10 9 8 8 11 4 2 9 10 7 7 8 8 11 5 10 10 7 8 8 10 0 10 8 7 10 8 8 9 10 8 8 10 10 8 8 11 5 4 4 4 4 10 10 8 8 11 4 2 11 3 5 11 11 5 5 11 11 5 4 4 4 4 4 5 10 2 9 10 8 7 8 11 5 10 10 2 6 7 7 7 8 4 4 4 4 11 5 10 10 7 7 7 7 7 7 7 8 8 10 10 8 8 10 10 7 7 8 8 10 10 8 8 11 5 11 11 7 7 5 4 4 4 10 8 8 11 2 9 1 9 5 4 4 5 10 0 6 7 8 11 11 5 7 7 7 7 8 4 4 4 4 11 2 3 4 11 5 4 4 1 3 11 5 4 4 4 4 11 4 4 11 5 2 9 8 4 10 10 8 7 7 7 0 7 7 7 9 8 7 5 10 10 8 7 8 10 10 8 8 7 11 1 9 5 8 11 4 4 5 10 8 4 4 4 4 4 11 11 5 2 9 11 5 5 10 2 10 10 8 7 8 10 7 6 7 10 8 7 8 10 10 7 7 7 8 1 3 5 11 4 4 11 2 3 5 10 8 4 4 11 4 4 5 4 4 4 4 4 11 11 5 2 10 7 7 7 6 7 8 10 10 7 7 7 8 8 10 10 2 8 10 10 7 6 7 7 8 8 11 5 10 10 8 2 9 5 11 5 4 4 4 4 4 4 11 11 5 4 2 4 4 4 3 4 4 4 4 11 5 4 11 2 6 10 10 8 8 10 8 7 7 10 10 8 7 7 7 7 8 7 7 7 7 10 10 8 2 6 4 4 4 11 4 5 11 11 5 5 11 4 2 4 4 9 5 11 11 5 2 10 8 9 11 5 5 11 2 3 4 4 4 10 10 8 8 10 8 7 7 0 9 10 8 7 8 10 10 8 8 11 2 10 6 7 7 7 7 10 8 8 10 10 2 8 10 10 8 8 4 4 3 11 5 4 11 11 5 5 4 4 4 4 4 4 11 4 11 2 5 10 6 11 5 5 11 4 11 2 5 7 7 7 9 8 10 10 8 8 10 2 10 10 8 6 7 8 11 5 4 4 11 5 11 5 4 4 4 4 11 11 2 5 10 7 10 7 7 6 8 7 7 8 10 10 7 7 8 7 8 4 1 4 3 4 4 4 11 5 10 10 2 8 10 11 6 8 7 7 8 10 2 10 10 8 10 8 8 9 10 7 8 8 10 8 4 4 11 2 9 7 10 8 10 8 8 4 4 4 4 4 4 4 4 4 11 11 5 4 4 5 4 11 4 11 2 5 3 7 4 7 11 7 7 7 10 8 7 7 7 8 10 8 11 11 5 4 4 1 4 4 3 5 11 2 9 10 8 4 5 10 8 4 4 4 10 10 0 8 7 7 7 8 10 9 8 8 11 10 8 7 8 10 10 8 2 11 3 4 4 11 5 11 5 5 4 11 4 2 10 10 8 6 7 8 10 2 9 10 8 4 5 4 4 11 5 7 10 10 7 7 7 0 6 7 7 7 7 7 7 8 8 11 10 8 8 7 11 11 5 4 5 1 9 8 11 4 4 5 4 11 4 4 4 5 10 10 7 7 7 7 7 7 7 8 8 4 11 5 4 4 10 10 8 7 7 7 8 11 4 5 4 4 1 3 4 4 4 4 4 4 4 4 11 5 11 11 5 2 9 4 5 4 10 10 0 6 8 5 10 8 10 10 7 8 7 7 7 7 7 7 7 7 10 8 2 10 7 6 8 11 4 4 4 2 4 4 9 5 4 4 11 11 5 2 10 7 8 10 10 6 7 7 7 8 8 11 5 11 5 10 7 10 8 7 7 7 8 11 1 9 8 8 11 4 5 4 11 4 1 3 4 4 1 4 4 5 11 3 4 4 4 4 5 11 11 5 2 7 7 9 8 10 10 7 0 6 8 7 7 7 7 7 8 11 11 5 5 11 5 4 4 10 10 8 7 8 10 7 10 7 7 7 8 8 11 4 5 11 10 8 8 10 10 8 8 11 2 4 11 10 8 8 9 10 8 8 4 4 4 10 8 11 4 7 11 5 5 4 4 4 4 1 9 5 4 4 4 1 4 4 11 3 5 10 10 8 8 11 4 5 4 4 10 10 8 8 7 7 10 10 8 8 11 5 0 9 10 8 8 7 10 7 7 7 7 7 5 10 10 8 7 7 8 1 3 11 4 4 4 4 11 5 5 11 11 5 2 4 10 10 8 6 7 8 10 2 6 10 8 10 7 10 2 6 4 4 4 4 4 4 4 4 4 4 4 4 4 4 4 4 5 11 2 6 7 7 7 10 8 10 10 7 2 6 8 10 7 8 10 7 7 7 8 11 11 7 7 7 7 7 8 2 9 10 8 8 11 5 11 4 4 4 4 4 11 5 4 5 10 11 5 5 4 4 4 4 11 5 11 11 5 2 7 7 7 9 8 10 10 8 7 8 7 11 10 8 8 1 11 5 4 4 4 3 10 11 5 4 4 4 5 4 10 2 10 10 8 7 7 8 10 7 7 6 10 8 7 7 8 4 1 11 3 4 5 4 11 11 5 4 5 7 7 10 8 10 10 0 8 10 6 7 8 7 7 11 2 5 10 10 6 7 7 7 7 2 7 8 4 11 9 8 8 4 4 4 11 5 4 4 4 11 4 11 5 2 11 9 8 7 7 8 0 6 10 7 7 8 10 10 7 2 8 6 4 4 4 4 11 1 9 8 8 4 11 4 4 4 5 4 4 4 1 11 5 9 4 10 8 8 4 11 11 5 4 11 4 4 4 0 6 8 7 10 8 7 7 7 7 8 11 10 8 7 7 10 8 2 9 8 7 10 7 10 8 8 10 10 2 6 7 7 8 11 2 9 5 7 11 11 5 4 4 4 5 11 11 5 4 4 5 4 11 5 11 11 5 4 4 4 5 10 8 11 11 5 4 2 3 10 10 8 7 7 7 7 7 7 7 7 8 11 4 2 3 4 4 4 11 4 10 2 8 10 10 8 8 10 10 7 7 6 8 8 7 7 7 7 10 8 11 11 2 5 4 4 4 4 4 4 4 4 4 4 11 11 5 4 4 4 4 5
ppo_x50_b_fd_l4_noshaped,15,qv22_22,22,230,True,1394.0,13.717185497283936,8 8 9 10 8 7 5 10 10 8 8 11 5 11 10 7 7 8 8 11 5 10 10 7 8 7 5 10 0 9 8 8 11 2 7 9 10 8 8 11 10 7 8 8 10 10 8 8 11 5 10 10 7 8 8 1 4 9 8 11 4 5 11 11 4 4 4 2 4 11 5 5 9 4 11 5 7 7 8 11 2 9 4 10 8 7 7 8 11 5 11 4 4 5 10 8 4 4 4 4 11 11 4 5 5 10 8 4 10 11 2 5 10 10 6 8 7 7 10 8 7 7 7 7 8 0 6 10 10 7 7 7 7 8 2 7 10 10 7 8 8 3 4 4 4 4 4 11 5 10 7 7 7 8 11 5 4 11 11 5 4 5 11 2 3 4 11 4 4 4 5 10 10 8 7 8 11 11 5 4 4 4 5 10 10 8 7 7 7 7 10 8 7 7 8 10 7 7 8 1 3 4 4 4 4 4 1 9 11 5 4 4 5 4 4 11 11 2 5 9 8 4 4 4 10 10 0 6 7 7 7 8 7 8 10 10 8 8 10 10 7 0 6 7 8 8 10 7 7 7 8 11 4 10 8 2 3 4 4 4 4 11 5 4 10 10 2 8 4 11 3 4 5 4 11 11 5 7 7 7 8 4 4 4 4 11 11 2 5 10 8 10 10 6 8 7 7 0 7 7 7 8 9 10 8 8 11 10 8 8 10 10 8 7 8 4 11 10 8 8 1 3 4 4 4 4 11 5 4 4 10 4 4 10 8 8 10 10 8 7 8 7 7 10 8 11 4 5 4 4 4 4 4 4 4 11 5 4 4 4 11 11 5 2 9 5 7 7 10 7 8 4 10 10 8 7 8 10 7 7 7 7 7 7 7 7 7 7 8 4 11 4 4 4 10 8 2 9 11 5 4 4 4 4 5 4 1 9 4 4 5 4 4 10 0 10 6 8 7 7 10 8 8 7 7 11 10 8 7 5 10 10 7 7 2 8 10 7 9 8 8 11 2 3 4 4 4 1 3 4 4 4 10 11 5 5 4 4 4 4 4 4 11 5 4 4 4 10 2 10 10 6 8 7 8 7 7 11 5 11 4 5 10 10 7 7 8 7 7 8 7 7 10 8 4 10 10 8 7 7 7 8 11 2 3 4 11 4 4 4 4 4 5 10 10 8 2 9 10 8 8 10 7 10 8 8 4 4 1 3 11 5 7 11 11 5 4 11 5 5 4 11 2 3 10 10 2 7 7 8 4 11 5 4 4 11 4 3 4 5 10 10 7 8 8 10 7 10 0 7 7 6 8 7 0 6 7 8 11 10 8 8 10 10 7 8 8 10 8 4 10 10 8 8 4 11 1 3 4 4 4 4 11 5 4 2 9 10 8 8 11 5 10 0 9 8 8 1 11 9 5 4 5 4 11 4 11 5 4 4 4 2 3 4 11 5 10 10 7 7 7 8 7 8 10 10 7 8 7 7 7 7 7 8 4 4 4 4 4 4 4 4 4 11 5 4 4 10 11 5 5 10 7 10 7 8 8 10 10 7 7 7 0 6 7 7 7 8 8 10 10 8 8 10 2 9 10 8 8 4 1 3 4 4 4 11 4 5 11 5 4 4 11 5 11 4 4 4 10 8 7 7 7 8 11 4 5 10 10 8 8 10 10 0 6 7 8 8 10 2 11 9 5 5 11 4 4 4 4 4 4 10 8 2 9 7 8 4 11 11 5 4 4 5 11 11 5 4 4 2 10 10 6 7 8 7 7 7 7 7 7 8 10 7 10 2 6 7 7 8 10 2 9 7 11 5 5 7 11 2 9 10 8 8 4 4 4 11 5 4 4 4 10 11 5 5 11 4 4 4 11 2 3 4 5 11 2 10 6 10 7 8 8 7 7 7 7 7 7 7 11 5 10 10 8 8 4 4 11 5 10 10 8 2 9 5 10 7 7 10 7 8 7 7 8 11 4 5 10 10 8 7 8 11 4 4 1 3 5 4 11 5 4 4 4 4 4 4 4 11 5 11 11 5 2 3 11 7 7 7 7 8 1 11 3 4 5 11 11 5 5 11 11 5 2 3 10 10 2 6 8 10 8 11 11 5 5 10 10 7 7 7 7 7 8 7 7 7 8 10 10 7 8 2 6 10 7 7 10 7 8 8 1 11 9 8 5 4 11 4 4 4 4 4 4 5 11 11 2 5 9 5 7 10 4 5 10 10 8 7 7 7 8 10 10 7 7 8 8 1 4 4 4 3 4 4 4 4 4 4 11 5 10 10 8 8 11 5 11 4 11 5 2 11 5 10 10 8 8 10 10 8 7 7 8 6 10 10 8 8 4 11 4 5 4 4 4 4 4 4 11 5 11 4 11 2 5 7 7 10 6 7 7 7 7 7 7 7 8 4 4 11 5 10 10 2 8 10 10 7 7 6 7 8 7 7 7 10 8 7 8 4 4 10 8 11 2 9 11 5 5 11 5 4 4 4 10 8 11 5 4 4 4 4 4 11 5 7 7 7 7 10 8 4 4 4 4 4 4 4 4 11 11 5 2 3 7 7 10 10 8 7 7 8 7 11 4 4 4 5 10 8 7 10 8 10 10 8 7 7 7 8 10 7 10 7 7 8 5 10 8 10 10 8 8 4 11 1 3 4 5 4 4 4 4 4 4 1 3 4 4 11 5 7 0 6 7 7 11 10 8 8 10 7 10 8 8 10 10 7 7 8 2 9 10 8 8 1 11 5 4 3 10 10 7 2 8 10 9 8 8 11 4 5 10 10 8 8 4 11 5 4 7 4 7 11 4 11 5 5 4 4 11 4 1 3 5 10 10 8 8 7 11 4 4 4 4 4 4 11 5 4 5 0 9 8 11 5 10 10 8 8 4 4 10 10 7 7 7 8 7 7 10 8 7 7 10 8 7 7 7 7 8 4 11 11 2 5 4 9 5 7 11 11 5 5 4 11 11 4 2 5 11 4 3 4 4 4 5 11 11 5 5 4 11 11 5 2 7 7 6 7 7 10 7 7 8 11 5 10 10 8 8 10 10 8 7 7 7 7 8 10 10 8 8 7 10 10 2 8 6 11 11 4 4 5 4 4 1 4 4 4 3 4 4 4 4 5 11 11 2 5 10 10 7 7 7 7 7 7 7 7 8 8
ppo_x50_b_fd_l4_noshaped,16,qv22_23,22,230,True,1414.0,17.145106315612793,8 7 5 10 9 8 8 10 10 8 7 5 11 5 7 10 10 8 7 5 10 10 8 8 11 5 10 10 7 8 8 11 5 10 10 7 8 8 10 10 8 8 11 5 4 4 1 4 9 5 10 10 7 8 8 10 10 7 7 8 8 1 9 5 11 11 5 2 10 7 8 10 7 10 8 8 9 10 8 8 11 5 4 4 4 4 4 4 4 4 10 8 11 11 5 4 4 4 5 11 11 5 2 9 8 11 7 5 4 11 11 4 8 7 7 7 7 8 11 5 10 10 2 6 8 11 5 10 10 7 7 7 7 8 7 7 8 11 2 3 4 10 10 8 2 7 9 8 4 4 1 3 4 1 3 4 4 4 4 10 11 5 5 4 4 4 4 4 4 10 10 8 8 7 7 7 0 9 8 7 7 10 7 10 8 7 8 4 11 4 5 10 10 8 7 7 8 1 4 11 4 4 4 4 4 5 9 8 10 10 8 7 7 7 7 0 6 10 8 7 7 7 8 11 2 9 4 5 10 10 8 8 1 9 8 4 4 11 11 5 5 10 2 6 7 7 11 10 8 8 4 4 4 4 4 4 4 11 5 4 4 11 11 5 4 4 4 4 4 11 5 2 10 8 10 7 6 8 7 10 8 7 11 5 10 10 2 6 7 7 7 7 7 7 7 7 7 7 7 7 8 10 2 3 1 4 3 4 4 1 10 9 5 5 11 4 4 5 4 4 11 11 2 3 4 4 4 4 5 0 9 5 10 10 8 7 7 10 2 6 7 8 4 4 10 2 11 3 5 11 11 2 3 4 4 4 5 4 11 2 10 10 7 8 10 4 8 10 6 7 7 7 7 7 0 6 7 7 7 7 7 8 8 4 4 4 4 11 5 4 4 10 4 4 4 5 7 10 7 7 8 10 10 7 7 7 7 7 7 7 7 8 8 4 11 2 11 4 5 4 4 10 8 9 10 7 8 8 4 4 4 4 11 5 4 10 2 10 10 6 7 7 8 5 10 8 10 10 8 8 11 2 9 10 8 8 1 3 7 1 9 8 4 4 4 4 4 11 4 4 4 5 4 4 11 4 4 4 5 7 0 9 10 8 2 10 10 8 8 10 10 8 7 9 8 7 7 8 10 10 2 6 8 11 5 10 10 7 7 2 7 7 5 3 4 4 11 4 1 3 4 4 4 5 4 4 4 4 4 4 4 4 11 5 10 8 11 11 5 2 10 8 10 7 10 8 7 8 9 8 7 7 7 7 10 10 8 2 10 7 9 8 8 10 4 10 2 8 10 7 9 8 8 11 5 11 5 7 7 7 11 11 5 1 4 4 4 4 4 5 4 4 4 4 9 5 4 4 11 5 4 4 11 11 2 5 3 7 10 7 7 7 8 10 10 7 8 7 7 7 7 8 11 4 10 8 10 8 7 7 8 10 10 8 2 9 8 4 11 11 5 4 1 9 5 5 11 11 5 4 5 4 11 4 4 4 5 4 11 11 5 2 10 8 3 4 4 10 10 0 8 6 7 10 8 7 7 7 7 10 8 7 7 8 11 4 5 10 7 7 7 7 8 11 11 5 4 4 5 11 2 9 11 5 4 4 5 11 11 2 5 7 10 8 10 6 10 8 7 8 4 4 4 1 3 4 11 5 11 4 2 4 9 4 4 5 10 10 7 8 7 10 8 7 8 11 5 11 11 5 7 7 7 8 11 2 3 4 4 11 11 5 2 9 8 4 4 10 10 7 7 7 7 7 7 0 6 7 7 7 8 8 10 2 7 7 7 10 10 7 8 5 9 5 4 1 9 11 5 4 4 5 4 4 1 11 9 5 8 10 10 8 8 11 5 4 4 4 4 11 11 2 5 4 4 3 4 11 4 5 10 10 7 7 7 7 7 7 7 7 7 7 7 7 8 10 8 7 7 8 11 2 4 10 6 7 7 10 8 4 1 3 4 4 4 5 11 2 9 10 8 8 4 4 1 3 4 4 10 11 5 5 11 2 6 10 7 10 8 7 8 11 2 10 9 8 7 7 7 8 1 9 8 4 11 8 11 11 5 7 7 7 8 4 4 11 5 4 11 4 4 4 5 4 4 11 4 4 4 4 5 10 0 7 6 7 8 10 10 2 8 11 4 4 5 9 5 10 8 10 10 7 8 7 7 7 8 11 11 5 2 6 4 10 10 8 7 8 11 4 4 4 4 5 4 4 4 11 11 5 4 11 5 2 9 10 8 4 4 5 0 6 10 8 10 10 8 2 7 7 7 7 7 6 7 7 7 7 7 10 10 8 8 7 11 1 9 5 4 4 8 11 4 4 11 2 5 4 3 4 4 4 10 8 11 11 5 4 4 4 4 4 5 10 10 8 2 11 5 3 10 10 8 7 10 8 8 4 10 10 8 7 7 0 6 8 7 7 10 10 8 2 4 11 5 10 10 6 7 7 8 5 10 8 10 10 7 8 7 8 4 11 5 1 3 4 11 5 4 4 4 4 4 11 11 5 5 10 0 6 8 10 7 0 6 7 8 10 10 7 7 2 7 6 8 11 4 1 3 4 4 4 4 4 5 4 11 11 5 5 11 11 5 2 7 7 7 7 7 9 8 7 1 11 3 5 11 5 4 4 4 11 11 5 4 4 5 10 2 10 7 9 8 7 8 11 5 4 4 11 2 3 10 10 7 2 6 7 10 8 8 4 4 10 2 10 10 6 8 7 7 8 4 10 10 8 7 7 7 7 8 7 10 10 7 7 8 8 11 2 3 10 10 2 8 3 4 10 8 11 11 5 5 4 4 4 4 4 4 4 10 8 11 11 5 5 4 11 5 11 4 4 5 4 10 10 8 7 7 7 8 10 8 4 10 11 5 5 11 5 4 4 11 11 4 4 4 5 2 7 9 7 7 7 7 7 7 7 7 7 7 7 7 7 7 7 7 7 8 11 11 5 2 4 4 4 3 4 4 10 8 11 11 5 5 11 4 10 7 8 8 10 10 7 8 7 8 7 10 7 7 8 11 4 2 3 4 4 1 4 9 5 10 10 8 8 4 4 4 4 11 5 11 11 5 4 4 4 5 10 10 2 8 10 9 8 8 4 7 10 7 10 7 7 7 0 7 6 7 8 8 10 10 8 8 10 11 4 8 4 10 4 4 4 4 4 4 5 4 4 4 4 4 4 4 4 4 4 4 5 10 10 8 8
ppo_x50_b_fd_l4_noshaped,17,qv22_24,22,232,True,1398.0,13.874380350112915,8 7 5 10 9 8 7 5 10 10 8 7 5 11 10 7 8 7 5 10 10 8 7 5 11 5 10 10 7 8 8 11 4 4 4 5 4 11 11 5 5 10 7 7 0 6 7 7 5 10 10 7 7 8 8 10 10 8 8 10 10 8 8 10 10 8 8 11 7 5 11 7 10 8 8 4 4 4 4 4 1 9 5 11 7 10 8 7 8 7 11 11 5 5 11 10 8 7 8 7 10 7 11 5 4 4 4 4 4 4 4 5 4 4 11 5 4 11 5 10 8 4 11 11 2 5 10 7 7 7 7 6 0 6 7 7 8 11 11 5 2 7 7 7 10 7 8 11 11 5 5 9 11 5 4 4 4 5 4 10 8 11 11 5 5 11 4 11 4 5 4 4 5 11 2 9 11 5 5 7 7 7 11 5 10 10 8 8 11 5 4 10 10 8 7 5 7 0 7 11 5 10 6 10 2 8 10 10 8 8 10 10 6 8 7 7 7 7 7 8 7 11 4 4 10 8 8 11 2 3 4 4 4 4 4 1 9 11 5 4 5 10 10 2 8 9 5 10 7 10 8 7 8 11 4 4 5 4 4 4 4 11 4 4 4 5 10 7 10 8 8 10 10 4 5 0 7 6 4 4 11 2 5 10 8 7 6 7 10 7 7 7 5 10 7 10 7 7 8 7 8 7 10 10 8 8 1 3 4 11 4 4 5 0 3 11 4 5 4 4 4 4 4 4 4 4 11 4 5 4 4 10 10 8 10 8 10 8 2 3 7 7 7 7 7 7 7 7 7 11 10 8 8 7 10 10 8 2 9 8 4 4 4 10 8 11 5 4 4 4 11 5 4 4 4 4 4 4 4 10 10 8 2 7 7 7 9 8 7 10 7 7 7 7 7 8 11 11 5 2 3 4 4 4 4 4 11 5 4 4 11 11 5 4 4 5 10 10 8 8 7 0 9 8 4 11 4 5 10 10 7 7 7 7 8 8 4 11 2 9 10 8 4 5 11 2 9 5 11 10 8 8 10 7 10 7 7 0 6 8 8 10 11 2 5 10 6 7 8 10 10 7 8 7 10 8 8 10 2 6 4 4 10 10 2 8 11 5 3 4 4 4 4 4 1 3 4 4 4 4 10 11 5 5 11 4 4 11 5 2 6 7 7 7 0 9 8 11 5 10 10 8 8 10 10 8 2 10 9 8 7 8 10 8 10 10 7 7 7 8 7 8 11 4 4 1 3 5 10 10 7 8 8 11 4 4 4 4 1 3 5 4 1 3 4 4 4 4 4 11 4 5 11 4 11 2 5 3 10 8 10 10 7 7 8 8 10 10 8 7 7 7 7 8 10 10 2 6 8 10 10 8 8 7 11 11 5 5 4 1 4 9 5 11 4 4 11 5 2 9 8 4 4 11 11 5 4 4 11 2 5 3 11 11 5 7 7 8 11 2 11 4 5 10 10 7 7 6 0 6 8 7 7 10 8 7 8 7 7 10 8 10 10 7 8 7 7 8 10 10 8 8 11 1 3 4 4 4 5 11 4 4 4 4 4 4 5 10 10 8 2 11 5 3 10 10 2 7 6 8 10 10 8 7 7 10 8 8 4 11 5 10 10 7 8 8 10 10 7 8 8 11 4 2 3 4 11 5 4 4 4 4 4 4 11 4 10 8 8 11 4 11 5 4 4 4 4 5 10 10 2 7 8 3 4 10 10 8 7 7 8 10 10 8 2 10 8 10 10 6 7 8 10 8 7 7 8 11 5 10 10 7 7 8 8 11 4 2 4 3 4 1 9 11 5 5 4 4 1 4 4 3 4 4 4 4 4 4 11 4 5 10 2 10 10 8 8 10 7 6 7 10 8 0 6 7 7 7 8 11 1 3 4 4 4 4 5 11 2 3 4 4 10 10 7 7 7 8 7 8 7 10 10 8 10 8 7 7 7 8 10 7 7 10 8 8 4 11 5 11 4 4 4 5 10 7 2 9 8 10 7 10 8 8 4 4 4 1 3 4 4 1 4 4 4 11 4 5 9 10 8 8 11 4 5 10 10 7 7 7 7 2 7 7 8 11 11 5 5 4 9 4 5 4 4 1 3 4 4 10 11 5 5 11 11 5 5 11 2 3 10 10 8 7 7 7 7 0 6 7 8 4 10 10 8 2 6 10 8 10 10 8 8 10 10 7 7 8 2 6 4 4 4 4 4 1 4 4 4 11 3 4 4 5 11 5 4 11 4 5 10 10 8 2 10 10 7 7 6 7 0 6 7 7 7 7 7 7 7 7 7 8 8 7 11 2 4 4 9 10 8 8 4 4 11 5 4 4 11 4 4 4 11 2 5 6 11 4 4 5 11 2 4 4 4 11 4 5 10 10 8 8 10 10 7 7 7 7 6 7 8 7 7 8 10 7 10 7 8 8 10 10 7 7 8 8 11 2 3 4 4 4 10 11 2 3 5 10 8 10 11 5 4 5 4 4 4 4 11 4 10 2 8 7 7 6 7 10 8 10 10 7 8 7 8 10 10 2 6 8 4 4 11 1 3 5 10 2 9 10 8 8 4 4 4 4 4 4 4 11 4 11 5 4 4 4 5 10 4 5 10 10 2 6 8 10 2 10 10 7 8 8 9 7 5 10 10 8 8 11 2 11 10 6 8 10 8 8 7 11 10 8 7 8 1 9 5 4 11 11 5 4 8 11 4 5 4 11 11 2 5 9 8 4 4 4 11 4 5 4 4 11 11 2 5 7 7 6 10 10 8 7 7 8 7 7 7 11 5 10 10 8 7 8 10 10 8 7 7 5 10 10 8 7 7 8 4 1 3 4 11 10 8 2 9 8 11 11 5 5 4 4 4 1 9 5 11 4 4 5 11 11 5 2 9 11 5 11 8 11 4 4 4 2 4 5 10 10 7 6 8 7 8 7 7 10 7 7 8 7 10 10 8 8 1 3 11 5 11 11 5 4 4 5 4 10 10 2 8 10 10 8 7 7 7 8 10 10 8 8 6 10 8 7 7 10 10 8 8 4 4 1 10 8 9 11 5 5 1 3 4 4 4 4 4 10 1 9 5 5 11 4 4 4 11 5 5 11 11 5 2 11 5 10 10 8 7 7 8 10 10 6 7 7 8 8 10 10 7 7 7 7 8 8 10 10 8 2
ppo_x50_b_fd_l4_noshaped,18,qv22_25,22,237,True,1447.0,7.619060516357422,8 8 10 10 8 7 5 10 10 8 7 5 9 5 10 10 8 8 10 10 8 8 11 5 11 4 10 8 2 10 10 7 7 8 7 5 9 10 8 7 5 11 5 10 10 7 8 8 11 2 4 4 11 3 4 5 4 11 11 5 5 4 11 2 9 10 8 4 5 7 11 5 11 11 5 4 5 0 6 7 7 10 10 8 7 8 10 7 10 7 7 8 7 10 7 7 8 8 10 10 8 8 1 11 3 5 11 4 11 5 2 9 8 11 11 5 5 11 4 0 7 10 8 8 10 10 7 6 7 7 7 8 8 1 9 8 11 11 5 5 4 4 4 11 4 4 11 5 2 11 9 8 8 4 4 11 1 3 4 4 4 4 4 10 0 6 8 8 7 7 10 8 7 10 10 8 8 11 4 4 5 10 10 8 7 7 7 7 7 7 8 11 10 7 8 8 1 9 10 8 8 4 4 1 3 4 4 11 4 4 4 4 8 11 11 2 5 11 9 5 4 4 5 4 11 2 9 11 5 4 10 5 10 5 5 11 5 0 7 7 7 7 11 9 8 8 10 10 8 0 6 7 7 10 7 8 7 7 8 10 10 8 2 10 7 8 4 9 10 8 8 7 11 5 4 4 1 3 4 1 3 4 11 4 4 10 2 6 8 10 10 8 8 11 10 8 8 1 4 3 4 11 11 5 4 4 4 5 10 10 8 7 8 11 4 10 8 2 9 11 5 4 4 4 4 5 4 11 5 0 9 8 10 10 8 8 7 11 10 8 8 10 10 2 8 10 10 6 8 8 11 2 9 5 0 10 10 7 8 8 11 5 4 4 3 4 11 4 5 4 4 11 11 2 5 3 11 11 5 5 11 10 8 2 7 10 7 7 8 10 10 6 7 8 8 10 10 7 7 7 7 7 8 7 7 8 11 4 4 5 10 11 2 5 9 5 10 10 7 8 8 11 11 5 7 8 11 2 4 3 4 4 4 4 4 4 1 4 3 4 4 4 11 5 10 10 8 8 10 2 10 7 7 10 6 8 8 10 10 7 7 7 8 8 10 10 7 7 7 8 5 11 4 5 10 8 10 10 8 8 4 11 10 8 8 11 11 2 3 4 5 10 8 7 11 4 10 2 5 10 11 8 6 5 11 5 4 4 4 11 5 10 2 6 7 7 10 8 7 11 11 5 4 5 4 4 4 4 4 4 4 4 10 8 11 11 5 4 5 11 4 11 4 5 11 5 2 9 8 7 7 11 10 8 7 7 7 7 7 8 10 10 7 7 7 8 8 10 10 8 2 3 4 10 8 11 11 5 5 4 10 11 4 4 8 8 4 4 4 11 11 5 2 11 11 5 5 10 7 11 5 4 4 4 5 3 10 10 2 8 6 7 7 7 7 7 7 7 7 7 10 7 7 7 7 8 11 11 2 5 3 4 4 4 4 10 10 8 8 11 4 11 5 5 4 4 4 4 11 11 5 2 11 3 5 10 10 8 7 7 7 7 7 7 8 10 10 7 8 7 7 8 10 10 8 2 7 9 10 8 8 4 1 3 4 4 4 4 10 8 11 1 3 5 4 4 4 4 1 4 9 5 11 11 2 3 4 4 4 4 5 10 10 8 2 11 5 9 10 8 7 8 10 10 0 6 8 7 7 10 8 8 10 8 10 10 8 7 7 10 8 8 10 2 7 7 11 3 11 5 4 5 11 5 4 1 3 4 10 11 5 5 4 11 5 10 10 2 8 11 5 3 4 4 11 4 4 11 2 5 9 5 4 10 10 8 7 7 7 7 7 10 8 8 11 4 4 5 10 10 8 0 6 7 7 7 5 10 10 8 7 7 7 8 11 10 8 8 10 10 8 8 1 4 4 3 1 3 4 11 5 4 4 4 11 4 5 4 4 4 11 11 5 2 7 10 8 6 7 10 10 7 7 8 8 11 5 10 10 8 7 7 8 4 11 10 8 8 10 10 8 8 10 2 9 10 8 4 5 10 8 11 5 4 4 11 11 5 4 10 8 2 9 11 5 4 4 5 0 7 10 6 8 11 4 4 11 4 4 4 5 11 5 2 7 7 7 6 0 7 7 9 8 4 11 5 7 10 10 7 2 6 8 7 10 10 8 7 8 10 2 10 10 6 8 8 4 4 4 4 4 4 11 1 3 4 4 4 4 4 4 4 11 5 4 4 4 5 0 9 11 4 8 7 8 11 5 10 10 7 8 0 6 8 7 11 2 6 10 7 7 11 5 4 4 4 5 7 7 10 7 7 8 7 11 10 8 8 10 10 7 8 8 10 2 9 11 5 5 10 8 11 11 5 4 4 4 4 4 5 11 11 2 3 5 11 2 6 7 7 10 8 7 7 7 7 7 10 10 8 7 8 7 1 11 11 5 3 4 5 1 9 5 4 11 4 11 5 4 5 11 11 4 5 4 4 4 5 10 10 2 8 10 9 8 8 10 8 7 7 7 10 7 10 2 6 8 11 2 4 11 11 5 5 4 10 6 7 7 10 2 6 7 7 7 7 8 10 7 10 8 8 1 3 4 4 4 11 4 4 4 4 4 4 4 4 4 4 4 4 5 0 9 5 10 10 8 7 8 7 7 7 7 7 10 7 7 7 7 10 8 8 4 1 4 4 4 10 8 11 11 5 5 9 8 11 4 10 8 7 7 7 8 7 7 7 11 10 8 8 1 3 11 4 4 4 5 4 11 4 4 5 4 4 11 11 2 3 4 5 10 8 11 4 5 10 10 2 8 4 11 4 5 10 8 3 10 10 2 6 7 7 7 8 10 10 0 6 7 7 7 7 7 7 7 8 8 4 4 1 9 5 4 4 4 4 4 4 4 4 11 11 2 5 9 5 7 0 9 8 10 10 7 7 2 8 10 10 6 7 7 7 7 7 7 8 7 7 8 4 10 10 8 8 1 11 3 4 4 5 1 9 4 10 8 8 11 2 9 10 8 8 11 4 11 5 4 4 4 5 10 7 7 0 6 8 10 10 7 7 8 8 11 2 9 4 5 11 11 5 4 4 4 4 1 3 4 4 5 4 11 4 4 11 5 2 11 4 5 9 4 10 0 8 8 10 10 7 7 7 7 7 8 7 7 8 6 10 10 8 8 7 7 11 10 8 8 10 7 10 8 8 4 11 5 10 10 8 2 3 4 4 4 11 5 10 0 10 8 8 4 11 11 5 4 4 5 4 10 10 8 8 7 7 6 10 0 6 7 8 4 4 4 4 4 4 4 4 4 4 4 4 4 10 11 5 5
ppo_x50_b_fd_l4_noshaped,19,qv22_26,22,230,True,1366.0,13.693291425704956,8 7 5 10 9 8 8 10 10 8 7 5 11 5 10 7 10 8 8 0 9 10 8 8 11 5 11 10 7 7 8 7 5 10 10 8 8 10 10 8 8 11 4 8 4 1 11 4 3 4 5 10 4 11 5 4 5 4 11 11 5 4 11 5 2 10 8 10 9 8 7 7 7 8 10 7 0 7 9 8 8 11 2 10 9 8 8 11 2 11 6 11 5 4 4 4 4 4 5 11 2 10 10 7 6 7 8 8 10 10 7 7 7 8 8 10 10 7 8 8 10 10 8 8 10 10 8 8 11 5 11 11 5 5 10 8 11 11 5 1 4 9 8 8 4 4 11 4 5 4 11 11 2 3 4 4 5 4 4 4 10 11 5 5 4 4 10 7 11 8 11 8 11 8 11 8 7 10 2 8 9 5 4 0 9 10 8 7 7 0 9 8 7 8 10 7 10 8 8 11 5 10 10 7 7 7 7 8 7 7 7 8 1 3 4 4 11 5 11 5 10 7 7 7 11 5 11 5 4 4 5 10 7 7 8 4 4 4 10 11 5 5 1 3 4 4 4 4 4 4 4 1 3 4 4 11 5 10 8 11 11 2 5 10 7 8 10 10 6 8 7 7 7 10 8 7 8 10 10 2 6 7 8 7 7 11 5 10 10 8 7 8 10 2 10 10 7 8 8 4 9 8 11 4 4 4 5 4 4 4 4 4 4 4 10 4 4 5 10 10 8 8 10 10 2 8 4 11 5 7 10 6 7 7 7 7 8 11 4 10 8 7 7 8 11 2 10 10 8 8 4 4 3 4 1 3 4 1 4 4 4 9 11 5 5 4 11 5 7 0 9 10 8 8 7 7 7 11 10 8 8 10 10 8 8 10 10 7 2 8 10 10 8 9 8 8 4 4 4 4 4 4 4 4 4 1 9 5 10 11 2 3 5 11 4 4 5 4 4 11 5 4 10 10 8 8 11 5 7 10 10 7 8 7 0 9 8 0 6 7 8 10 7 8 1 11 4 3 4 4 4 4 4 4 4 4 5 4 10 10 8 0 6 7 7 7 8 10 7 0 9 8 7 8 1 11 4 4 5 11 10 8 8 10 6 10 7 8 7 0 6 7 7 7 8 7 7 10 10 2 8 3 11 4 11 5 1 3 5 11 4 4 8 11 11 5 4 4 4 2 3 11 4 11 5 5 10 7 11 5 5 11 1 3 5 4 11 11 2 5 10 8 10 10 7 8 7 7 6 7 7 7 8 11 4 2 11 11 5 5 9 4 5 10 10 8 8 10 10 7 7 8 8 10 7 7 10 7 8 8 4 11 5 10 10 2 8 10 9 8 8 1 3 4 4 11 4 11 5 5 11 4 4 4 4 4 4 4 4 4 5 10 8 10 10 2 7 8 10 10 8 7 7 8 10 10 6 7 7 7 8 8 11 4 5 4 10 10 7 7 7 7 7 7 8 8 4 4 11 10 2 8 11 3 4 5 4 11 11 5 2 3 4 4 4 11 5 7 7 10 8 11 11 5 5 11 11 5 5 11 4 4 4 1 4 3 5 4 0 9 5 10 10 8 7 7 7 7 7 0 6 7 7 7 7 7 7 7 8 11 10 8 8 11 4 1 3 4 4 4 4 4 4 4 5 11 11 2 5 10 8 9 11 5 7 8 11 4 11 5 5 10 8 11 11 5 4 5 10 10 7 7 7 7 7 8 7 7 7 8 0 10 10 6 8 8 10 10 7 7 8 8 11 2 4 4 10 9 8 7 7 8 4 4 1 3 4 4 1 3 4 4 4 4 11 5 1 4 9 5 11 4 11 2 3 4 4 4 5 11 2 10 10 8 8 7 10 10 6 7 7 7 8 8 10 10 8 8 7 11 10 8 8 10 10 7 8 7 8 4 1 11 5 4 3 4 4 4 10 8 4 4 11 11 2 5 7 10 7 10 8 8 11 5 10 7 10 6 8 7 7 10 8 7 8 10 10 8 8 4 11 2 3 4 10 10 8 8 11 10 8 2 6 4 4 4 4 10 10 2 8 9 5 11 11 5 4 5 4 11 4 4 5 4 4 4 4 1 4 9 8 4 4 11 11 2 5 10 8 3 4 10 10 0 6 7 7 2 7 9 8 7 8 10 10 2 8 7 9 8 4 4 4 4 4 4 10 10 0 6 7 8 7 7 7 7 7 7 10 8 7 7 8 11 10 7 8 8 11 2 4 3 11 4 5 11 11 2 5 3 4 11 4 5 4 4 4 11 2 10 6 10 8 0 6 7 8 10 10 8 2 6 7 7 10 10 8 8 11 4 5 10 10 8 8 10 10 8 8 4 1 11 9 8 8 11 5 4 11 4 4 11 5 11 5 4 4 5 10 10 2 8 4 3 4 4 11 5 7 0 7 7 9 8 10 10 8 8 7 11 1 9 5 4 4 4 11 5 2 9 8 11 11 5 1 4 3 4 4 4 5 11 11 2 5 11 9 8 8 7 10 10 8 8 0 6 10 8 7 7 7 7 7 7 10 10 8 8 7 10 7 10 7 2 8 9 5 7 11 11 1 5 4 3 4 4 5 4 4 10 8 11 11 5 5 10 8 10 10 7 8 2 3 4 4 4 4 4 4 4 11 4 5 10 2 6 7 7 7 7 7 7 7 7 0 7 7 7 7 7 11 5 9 10 8 8 10 2 6 4 4 11 11 4 4 4 5 5 10 2 10 8 9 4 1 3 4 4 5 11 11 2 5 11 3 4 4 4 4 4 4 5 7 0 9 8 11 11 5 5 7 10 7 7 10 8 8 11 4 2 3 4 11 5 4 10 10 8 8 7 10 10 8 10 8 8 7 10 8 7 7 7 10 7 10 8 8 4 10 11 5 2 4 4 11 3 4 4 5 4 11 4 4 4 4 5 11 11 2 5 10 10 7 7 6 7 7 8 7 7 8 4 11 4 4 5 10 10 7 8 8 10 10 8 7 7 7 7 7 7 8 4 4 4 4 11 2 9 4 5 10 10 8 8 10 2 10 10 6 8 8 10 10 8 7 7 7 8 11 11 5 2 4 4 4 4 4 4 11 11 5 4 4 4 4 5
ppo_x50_b_fd_l4_noshaped,20,qv22_27,22,233,True,1413.0,13.907214164733887,8 7 5 9 10 8 8 10 10 4 2 10 6 8 7 5 10 2 10 10 8 7 5 9 10 8 8 11 5 11 5 10 10 7 7 8 7 5 10 10 8 8 11 5 10 10 7 8 8 10 10 8 8 11 5 1 9 11 5 5 4 4 4 4 10 8 11 11 5 4 4 4 11 5 4 11 5 5 10 0 9 5 8 4 10 10 8 7 7 7 7 7 7 7 7 7 7 8 11 11 2 3 5 4 4 11 4 11 5 4 4 5 4 11 2 4 11 5 3 10 10 8 10 7 8 2 6 7 10 7 7 8 11 1 4 4 3 4 4 5 11 5 10 10 7 7 7 8 8 10 0 6 10 8 7 7 7 7 8 10 10 7 7 8 8 4 11 10 2 8 10 10 7 8 8 9 5 4 11 4 11 2 4 5 10 6 8 10 10 8 8 4 11 1 9 5 5 4 4 11 5 11 11 4 8 7 7 7 7 7 8 11 4 4 5 4 11 4 5 1 9 5 4 4 4 4 11 4 5 10 10 8 2 10 7 7 8 11 4 10 8 7 6 7 8 11 10 8 8 10 10 8 2 7 10 7 10 7 8 7 7 8 4 4 4 9 5 4 11 11 2 5 9 8 4 4 4 11 5 4 4 4 4 11 11 5 2 9 7 5 4 4 11 4 5 10 10 8 8 4 10 10 7 7 7 8 8 11 5 10 10 8 7 7 0 6 7 7 8 10 10 8 8 10 10 2 8 11 5 4 4 10 11 5 5 11 4 9 5 8 4 4 11 5 4 4 11 4 5 4 11 11 5 5 4 10 11 2 5 10 7 10 6 7 7 7 7 8 5 7 10 8 10 10 7 7 7 7 7 7 7 7 7 8 8 11 4 2 9 5 11 4 10 8 2 9 8 10 10 8 8 4 4 1 3 4 4 4 11 4 5 11 5 11 11 4 2 3 4 5 4 4 10 2 10 6 8 7 7 7 10 8 10 10 7 8 8 11 10 8 7 7 8 1 4 9 5 11 5 4 4 4 4 4 11 11 5 4 4 4 5 4 11 11 2 5 9 5 10 10 8 7 0 9 8 7 8 10 10 8 7 8 11 5 4 4 11 5 1 4 10 8 11 11 5 5 9 5 10 10 7 7 8 8 10 7 7 10 0 6 7 8 7 7 10 8 7 8 10 2 9 10 8 7 7 8 11 1 9 5 4 4 5 1 9 5 4 4 4 11 11 5 4 4 2 9 5 4 11 11 5 5 0 9 8 10 10 0 6 8 7 7 8 10 10 8 8 4 1 11 3 4 4 5 4 10 8 11 11 5 5 11 11 2 4 4 5 3 4 10 10 8 7 8 7 7 7 7 10 10 8 10 8 7 7 7 10 7 7 8 8 4 11 5 4 11 4 4 5 10 10 7 8 8 10 10 7 7 8 8 10 10 8 7 5 11 4 10 8 8 1 3 11 5 4 4 11 10 8 8 7 7 11 5 4 10 4 5 4 4 4 4 4 11 11 5 2 9 4 5 10 10 8 7 8 11 11 2 5 10 8 9 4 10 8 8 1 3 4 4 4 4 11 4 5 4 10 10 8 7 0 7 7 6 10 8 7 7 7 7 7 7 8 10 2 7 6 11 11 5 4 4 5 4 4 4 11 5 4 10 10 8 2 11 4 9 5 5 11 11 4 5 5 11 4 4 4 11 2 5 7 6 7 7 7 7 10 7 7 7 7 7 7 10 8 2 10 10 8 7 7 7 10 7 8 8 4 11 4 3 4 5 11 5 7 7 10 10 8 8 4 4 11 4 11 5 5 4 4 11 11 5 5 11 4 11 5 8 11 4 11 5 5 4 4 1 9 5 11 11 2 5 10 8 7 10 10 8 8 6 7 11 5 7 10 10 7 7 7 7 7 2 8 10 10 8 6 8 7 11 4 10 2 8 11 3 4 4 5 11 11 5 4 2 11 9 5 7 7 8 4 4 4 4 11 5 4 11 11 5 4 11 5 2 9 8 7 11 10 8 8 4 4 4 10 10 0 8 7 7 7 7 7 7 6 7 10 8 7 7 7 7 7 8 4 11 4 2 11 4 5 10 10 8 8 10 10 8 8 3 4 10 4 5 4 4 4 4 4 4 11 5 10 2 9 11 5 4 4 4 5 10 10 8 7 7 7 8 10 10 7 7 8 7 7 7 8 4 4 4 11 5 4 10 2 10 10 6 7 0 6 7 7 7 8 8 10 10 8 8 11 5 1 3 4 11 4 4 5 10 10 2 8 3 11 4 5 4 4 4 4 4 11 11 2 5 9 8 4 4 11 11 5 7 7 7 7 7 8 11 2 3 4 4 4 4 4 4 11 11 5 2 10 8 10 10 7 7 8 7 7 6 7 7 10 8 8 10 7 10 7 7 7 7 7 8 5 10 10 8 8 4 4 11 4 5 10 10 8 8 11 5 4 4 4 4 4 4 4 4 11 5 10 10 2 8 11 5 4 4 4 4 11 5 9 5 10 7 10 0 6 7 7 8 7 7 0 6 8 10 10 7 7 7 2 7 6 7 8 1 9 11 5 5 10 2 10 7 10 8 8 3 4 4 4 4 4 4 11 10 8 8 11 2 9 10 7 8 7 8 4 4 10 8 10 10 8 7 8 11 5 4 4 1 3 4 4 4 4 4 4 4 4 4 1 9 5 4 4 11 11 5 11 5 2 3 10 10 8 7 8 10 10 2 8 7 10 9 8 8 0 6 10 10 8 8 10 7 7 7 7 8 11 11 5 4 4 5 7 11 2 10 6 7 7 7 7 7 8 10 10 8 4 4 2 3 4 4 4 11 5 11 4 11 5 4 4 5 11 0 7 6 7 8 10 10 8 2 7 7 7 10 8 11 9 5 5 7 7 7 10 8 11 4 4 11 5 4 1 3 4 4 4 5 1 9 5 11 11 5 5 4 4 4 4 11 5 7 11 11 5 4 5 10 7 11 2 5 6 0 6 7 7 10 8 10 10 7 8 7 7 8 7 11 4 4 4 5 7 10 7 7 0 6 7 7 8 11 11 5 2 11 3 4 4 4 4 4 4 4 4 5 11 11 5 5 11 11 5 2 10 7 7 7 10 7 6 7 7 7 8 8 10 10 8 8 10 10 8 7 7 7 7 7 8 11 11 5 4 11 5 2 6 4 4 11 4 11 4 4 4 5 2
ppo_x50_b_fd_l4_noshaped,21,qv22_28,22,229,True,1388.0,13.647539377212524,8 7 10 8 7 5 9 10 8 8 11 5 10 10 7 8 8 10 10 8 7 5 11 5 4 4 11 4 5 11 11 5 5 7 7 7 10 7 0 7 7 7 10 8 8 9 10 8 8 10 10 8 8 1 9 5 4 4 4 4 10 11 2 3 5 11 2 10 10 6 7 8 7 8 4 11 5 11 5 10 10 7 7 8 8 10 0 10 7 8 8 10 9 8 8 11 2 3 4 1 11 9 5 8 11 11 5 5 11 11 5 2 9 8 10 10 8 8 10 10 7 8 8 7 10 10 8 8 4 4 10 8 11 11 4 8 1 3 4 4 4 4 4 4 4 4 4 11 2 5 9 8 4 4 4 4 4 11 5 10 10 8 8 7 11 4 10 2 8 6 10 0 9 8 7 8 10 7 7 7 7 7 7 7 7 7 7 7 7 8 4 11 4 5 4 10 11 2 5 11 5 10 10 7 8 3 4 5 4 4 4 4 11 4 4 4 4 4 4 5 10 2 10 6 10 8 8 7 10 7 7 7 8 7 10 7 8 7 10 10 7 8 4 4 2 11 5 11 11 5 9 5 5 11 4 4 4 5 11 11 5 5 4 10 11 5 4 5 10 8 7 10 10 8 2 6 4 4 4 4 11 11 5 4 5 10 8 7 7 7 7 0 7 7 9 8 10 10 8 8 10 10 8 2 9 8 4 1 9 5 11 11 5 2 9 11 5 4 5 4 4 11 4 11 2 5 7 10 10 7 7 6 8 0 6 7 7 7 8 11 2 9 10 8 8 10 10 7 0 7 7 7 7 8 5 9 8 11 4 5 10 10 8 8 4 4 4 4 11 5 4 10 8 11 5 4 4 4 4 4 1 9 4 10 8 8 11 4 4 5 11 11 2 3 4 4 5 4 0 6 11 5 10 10 8 7 7 7 10 2 6 7 7 8 10 10 8 7 8 10 7 7 7 10 7 7 8 8 1 9 10 8 8 4 11 4 1 3 4 4 1 3 5 4 4 4 4 11 11 2 3 5 11 7 7 8 4 4 11 11 2 5 9 8 4 10 10 8 7 7 7 0 6 8 7 10 7 7 7 7 8 4 11 4 4 5 10 10 2 8 3 4 11 4 4 4 10 7 8 0 6 8 7 7 10 10 8 8 10 10 8 8 1 3 4 4 4 11 5 0 10 9 8 8 4 11 1 9 8 8 11 11 5 4 4 5 11 11 5 5 4 4 4 4 4 11 5 0 9 8 10 10 7 7 2 7 7 8 6 7 10 8 10 10 2 7 8 10 10 7 8 7 8 9 10 8 8 1 3 4 10 8 1 3 4 4 11 4 5 4 4 4 4 4 4 4 11 11 5 4 2 11 5 11 11 5 3 5 7 11 10 7 7 8 7 7 8 10 8 7 10 10 8 2 7 7 9 8 10 10 2 8 7 6 7 7 11 11 2 3 5 4 4 4 11 5 11 2 7 7 7 7 9 8 7 10 10 7 8 5 4 4 1 3 4 4 1 3 4 1 3 4 4 11 5 10 8 4 4 11 11 5 5 11 5 10 10 8 2 7 7 7 9 8 4 11 10 7 8 7 7 7 8 11 7 11 4 5 11 5 4 2 11 5 10 10 6 8 8 0 9 10 8 7 7 7 8 10 2 6 4 11 5 4 4 4 4 4 1 3 4 4 4 4 11 11 5 7 8 11 2 3 4 11 11 5 5 7 7 0 6 7 10 10 8 7 7 7 8 11 4 5 4 10 10 8 8 10 10 8 7 7 8 4 11 4 5 10 10 8 8 10 10 7 8 8 7 11 10 8 8 7 10 10 7 2 8 11 4 4 4 3 5 11 4 4 4 4 4 4 4 2 3 4 11 4 4 11 4 2 5 9 5 10 10 8 8 0 10 6 10 8 8 10 8 7 7 10 8 10 10 7 7 8 2 9 8 10 7 7 8 10 10 8 8 4 4 4 11 4 2 3 4 4 4 4 4 4 1 9 11 5 5 11 4 5 0 9 11 5 5 11 4 5 10 7 7 7 10 7 8 7 8 7 7 7 10 8 10 10 8 2 7 10 9 8 8 11 4 4 1 3 4 4 1 4 4 4 3 5 4 11 5 4 10 10 8 8 10 10 7 8 8 11 4 4 4 4 4 5 10 7 7 7 8 10 0 9 8 7 7 7 7 8 10 8 11 11 5 2 9 4 10 8 7 7 7 7 7 7 8 4 4 1 4 3 4 4 4 11 5 4 11 11 2 5 3 4 11 4 4 5 4 4 4 10 10 8 2 6 7 7 7 7 10 10 8 7 8 10 7 10 2 8 7 10 6 7 8 10 2 7 10 10 8 8 6 4 4 4 4 4 4 4 4 11 5 4 4 1 4 11 9 5 8 11 4 5 10 10 8 8 11 5 4 4 11 11 5 2 7 7 7 7 7 9 10 8 8 1 11 3 4 4 5 11 2 9 5 11 11 5 4 4 2 10 10 8 6 7 7 8 7 10 0 6 7 7 7 8 11 11 5 5 7 7 7 7 11 5 11 10 7 8 7 7 8 11 11 5 2 9 5 11 4 11 5 5 4 4 11 4 4 4 10 2 8 10 8 9 10 8 8 11 2 7 6 7 7 10 10 8 8 7 10 10 8 2 11 5 7 6 7 11 11 4 8 4 4 4 4 5 1 3 4 4 4 11 4 4 4 5 4 10 0 9 8 0 6 8 10 10 8 8 10 10 2 6 8 7 10 7 8 11 11 5 5 10 7 7 8 4 1 3 4 4 4 10 11 5 5 4 4 4 11 11 2 5 6 10 7 7 7 7 8 4 4 4 11 2 3 11 11 5 4 4 5 10 0 10 8 7 7 7 7 6 7 7 8 10 10 8 8 10 10 8 10 8 7 7 7 7 8 7 1 3 4 4 4 11 5 11 11 5 2 4 11 4 3 4 5 7 11 5 4 11 11 2 5 10 7 7 10 6 7 8 8 10 10 2 8 10 8 3 10 10 2 8 10 10 8 8 6 4 4 4 4 1 3 4 11 4 4 4 4 4 4 4 4 5 10 10 2 8 4 3 11 11 5 5 10 10 7 7 7 7 7 7 7 7 7 0 8 9 8 8 10 10 8 2 10 10 6 7 7 7 8 8
ppo_x50_b_fd_l4_noshaped,22,qv22_29,22,234,True,1444.0,13.953285217285156,8 7 5 10 10 8 7 5 10 9 8 8 10 2 10 10 8 7 5 9 10 8 8 11 5 10 10 7 8 7 5 10 10 8 8 1 11 5 4 4 11 4 5 9 10 4 7 8 4 5 7 10 7 10 0 6 7 2 8 10 7 10 8 8 10 9 8 8 1 9 8 11 11 5 4 5 11 11 4 2 5 9 10 8 7 8 10 10 7 2 8 10 7 10 8 8 9 10 8 8 11 5 4 4 10 8 11 4 4 4 5 4 4 4 4 11 4 1 3 4 5 11 11 5 11 4 5 4 5 11 2 10 7 6 10 8 7 7 7 7 8 11 10 8 7 7 7 8 7 10 8 10 10 8 7 8 10 7 7 10 8 5 11 2 4 4 4 3 4 4 11 11 2 5 9 11 5 7 8 11 4 4 4 4 4 5 11 4 4 4 4 2 3 10 10 7 8 7 7 7 8 10 10 8 8 10 10 8 7 7 7 7 7 8 4 11 4 11 5 4 4 2 3 11 4 4 5 0 6 10 7 7 10 8 7 8 7 10 10 8 8 7 10 10 7 8 2 3 4 4 4 4 4 4 4 4 4 4 4 4 4 4 11 4 11 2 5 9 8 10 7 10 8 8 4 4 4 11 5 4 4 10 10 8 7 7 7 7 7 7 7 7 7 8 11 2 11 10 6 7 8 7 8 1 4 4 3 4 4 4 4 10 11 5 5 7 10 7 10 2 8 9 5 7 10 7 10 0 7 7 8 8 7 9 7 8 11 11 5 1 4 5 9 5 4 4 10 11 5 5 4 1 3 4 4 1 3 4 4 11 5 11 11 2 5 9 8 10 10 7 8 8 10 2 9 10 8 8 10 7 10 8 8 11 5 10 7 7 0 7 7 7 6 7 11 2 4 3 4 4 4 4 4 11 5 4 4 4 11 5 8 11 11 2 5 10 8 9 10 8 8 10 10 8 7 8 11 4 10 8 8 11 1 3 4 4 4 4 5 4 11 0 7 7 7 7 7 8 10 6 10 7 7 8 8 4 4 10 10 7 8 8 7 11 10 8 8 4 1 9 5 11 4 10 8 2 9 8 4 4 4 4 11 5 4 4 11 11 5 11 5 8 4 11 2 11 9 5 5 7 7 11 10 8 8 10 7 7 8 7 7 0 7 6 7 10 7 11 2 5 11 9 5 5 10 2 10 10 7 6 7 7 8 7 7 8 4 1 9 5 4 1 9 5 11 5 4 4 4 11 5 4 4 4 4 11 5 4 11 11 5 11 5 2 6 7 7 7 7 7 7 7 7 10 7 8 11 1 9 5 5 11 11 5 5 10 8 4 4 4 11 11 2 5 7 9 8 4 4 4 4 4 4 10 10 0 6 8 7 7 10 2 6 7 7 7 7 7 8 7 7 7 7 10 7 8 11 4 5 10 10 8 8 11 2 10 10 7 8 8 9 5 4 11 5 1 3 4 4 4 4 4 4 4 11 4 10 8 2 9 8 7 7 10 8 10 7 7 10 7 8 8 11 5 10 10 8 8 1 3 11 5 4 1 3 4 4 11 11 5 4 2 4 11 9 5 4 4 5 7 10 8 4 11 11 5 2 11 4 3 4 10 8 10 8 7 7 8 10 10 7 7 8 7 8 4 11 5 4 10 10 8 7 7 7 7 7 8 11 2 3 4 1 4 4 3 4 1 11 9 5 8 4 4 4 4 4 11 4 11 5 4 2 10 10 8 6 8 11 2 4 10 10 8 7 7 5 10 10 6 7 7 7 7 2 8 7 10 10 8 8 9 10 8 7 7 7 8 11 2 3 4 4 4 4 4 11 10 2 8 11 11 5 3 4 5 4 11 11 5 2 7 9 8 10 10 0 6 7 7 7 7 7 7 7 8 8 10 10 8 8 11 2 3 4 1 9 5 4 11 11 5 2 10 7 8 10 10 8 6 7 8 11 4 4 4 5 1 3 4 4 11 4 5 11 4 11 2 3 4 5 11 4 5 10 10 8 8 4 11 5 4 11 11 5 2 10 7 7 10 8 7 7 7 7 6 7 7 8 10 4 10 4 2 5 10 7 10 7 6 8 8 10 2 10 8 9 10 8 4 5 10 8 10 10 8 8 4 4 4 1 3 4 4 1 3 4 11 5 11 4 5 10 10 8 7 7 7 8 7 11 2 9 10 8 8 4 4 4 4 4 11 5 11 11 5 5 11 4 4 11 2 3 4 5 10 11 2 5 3 4 10 10 8 7 8 7 7 7 7 7 7 10 7 7 8 11 2 9 10 8 8 11 10 8 7 8 7 10 11 4 5 4 4 5 4 4 4 1 3 10 11 2 3 5 4 4 4 11 4 5 10 10 2 8 9 5 10 10 7 8 0 9 8 7 7 8 10 7 10 7 8 7 8 11 4 5 10 10 8 2 3 1 9 5 11 11 4 4 5 5 4 4 11 11 2 5 10 6 7 5 10 10 7 0 6 8 10 8 7 7 7 7 8 4 1 4 3 4 4 4 4 4 4 4 1 11 3 4 4 4 5 10 2 10 6 10 8 10 8 10 8 8 4 10 10 8 7 8 11 4 5 10 7 10 7 7 7 7 8 7 7 7 7 7 7 8 1 9 8 1 9 1 9 5 4 5 11 4 5 10 10 8 8 11 5 11 11 5 4 4 5 0 7 6 10 8 10 10 7 7 2 6 7 8 1 3 4 1 3 1 11 3 4 5 10 8 10 10 8 8 4 4 11 5 4 4 4 11 11 2 5 9 7 8 11 11 5 5 11 11 2 4 5 3 4 10 10 8 8 11 4 4 5 7 7 0 6 7 7 7 7 10 10 8 8 10 10 2 6 8 10 10 7 7 7 7 8 8 10 2 11 9 5 5 4 1 9 8 11 4 4 4 4 5 0 7 7 7 11 10 8 8 10 7 10 8 8 4 3 4 4 4 4 4 4 4 4 11 5 4 4 4 10 11 5 5 4 4 4 11 11 5 2 3 7 7 7 7 7 7 7 7 7 10 7 7 7 7 8 11 11 5 2 9 5 10 11 5 5 11 4 4 4 4 4 5 4 10 10 8 2 7 7 7 9 10 8 8 7 10 10 2 6 7 7 7 8 10 10 8 2 3 10 11 5 5 7 7 11 11 5 4 4 5 4 1 4 4 4 3 4 11 4 5 10 10 8 8 10 10 7 8 8 10 10 8 8 10 10 7 8 2 9 8 4 0 10 10 8 7 6 8 11 11 4 4 4 5 4 4 4 4 5
ppo_x50_b_fd_l4_noshaped,23,qv22_3,22,232,True,1409.0,13.846141338348389,8 7 10 8 8 9 10 8 8 11 5 10 10 7 8 8 10 10 8 8 11 5 11 4 10 2 8 10 7 7 10 8 8 10 9 8 8 11 2 4 4 11 4 5 10 10 6 8 8 10 10 7 7 8 8 11 4 5 10 10 8 8 10 10 8 8 10 10 8 8 4 10 8 11 1 3 4 4 5 11 5 11 11 5 4 4 4 5 4 11 11 2 3 5 11 11 2 3 5 11 11 5 5 11 10 2 8 10 8 3 10 10 7 8 7 7 7 8 7 10 7 10 7 2 7 7 8 10 10 6 7 7 7 8 8 4 11 4 5 10 2 3 11 5 4 4 4 4 4 4 4 4 4 11 4 4 5 10 11 5 5 11 4 11 5 2 7 6 7 7 0 6 7 7 7 7 11 5 10 10 8 7 7 8 10 10 8 7 7 7 8 10 10 8 8 10 2 11 4 3 4 5 4 1 3 4 4 4 11 5 11 5 4 11 11 5 5 11 10 8 8 11 11 5 11 4 4 2 5 9 10 8 10 8 7 7 7 7 7 8 4 11 4 1 4 3 5 4 4 4 4 10 11 2 5 10 10 7 6 2 6 7 8 7 7 7 7 7 11 10 8 8 10 10 7 8 7 8 10 2 10 7 7 10 8 6 8 4 11 1 3 4 4 4 4 5 11 2 11 3 4 4 4 5 10 10 2 6 8 10 10 7 7 8 7 7 7 8 1 4 3 4 1 9 5 10 11 2 3 5 4 4 11 4 5 11 11 5 5 11 2 4 4 3 4 10 11 5 5 10 10 8 10 8 7 7 7 8 10 10 2 6 8 11 4 4 4 4 4 5 10 7 7 7 8 10 10 7 8 7 7 7 10 8 7 7 7 7 7 7 8 10 2 11 11 5 11 5 5 3 4 11 5 10 10 8 2 3 4 4 4 4 4 11 4 4 4 4 4 4 11 2 5 7 9 5 10 10 8 7 7 7 7 10 8 8 11 10 8 8 10 7 10 8 7 7 7 8 7 11 4 8 11 11 2 5 11 9 5 5 4 11 5 4 4 4 4 4 4 11 5 10 7 11 5 5 11 11 5 2 4 4 4 9 5 10 10 8 7 7 7 8 10 10 8 7 7 7 7 8 4 1 4 3 4 4 4 11 5 11 2 3 4 10 10 8 7 8 10 7 10 4 7 2 6 7 7 10 8 10 8 7 8 11 10 8 7 8 1 9 5 4 11 11 5 5 4 1 4 4 9 5 11 11 5 4 4 4 4 5 7 11 5 10 10 8 8 10 10 8 2 10 6 7 7 10 7 8 8 10 4 10 8 7 0 6 8 10 10 7 8 7 8 10 10 8 8 4 10 11 1 5 3 4 4 4 4 5 4 11 5 4 11 5 11 11 5 2 7 9 8 11 11 5 4 4 4 4 4 5 4 10 10 8 7 0 7 7 6 7 7 7 8 10 11 2 5 4 4 4 11 5 4 4 4 11 4 5 10 9 8 8 10 2 10 10 8 8 10 10 6 7 7 7 7 8 0 6 8 10 10 8 7 7 8 11 2 9 10 8 8 4 11 5 10 10 2 8 4 4 4 4 9 5 4 4 11 4 4 11 2 5 9 5 10 10 7 0 6 8 8 10 10 7 7 7 7 7 7 2 8 9 10 8 8 11 10 8 8 11 2 9 1 9 5 11 5 4 4 4 5 4 11 4 4 4 4 5 0 6 7 10 8 10 10 8 8 10 10 7 8 7 7 8 4 11 4 5 1 11 3 5 4 4 4 4 11 11 5 5 4 11 5 11 2 4 11 9 5 8 10 10 8 7 7 7 8 4 11 4 4 5 4 4 4 10 10 8 7 7 0 7 8 7 6 10 8 10 10 8 8 10 10 7 7 7 7 8 8 10 10 8 7 8 1 4 3 4 11 5 11 5 1 3 11 4 4 5 4 4 11 5 11 5 4 10 10 8 7 7 7 7 7 7 7 7 8 11 4 4 4 4 4 4 5 11 5 4 4 4 4 4 10 10 8 7 7 7 7 7 7 7 7 10 8 7 5 10 10 8 7 8 4 11 4 4 5 4 4 4 10 2 9 11 5 4 4 4 5 7 7 10 8 4 11 5 4 11 2 11 4 3 4 4 5 10 10 8 8 10 10 8 8 11 10 0 8 8 10 10 7 7 6 7 7 7 7 7 2 8 10 10 6 7 8 8 10 2 9 10 8 4 5 10 8 4 4 4 1 3 11 4 4 5 4 4 4 11 4 2 9 5 4 4 4 11 11 2 5 3 10 10 7 7 7 7 7 8 8 10 2 10 10 6 0 6 7 8 7 7 8 11 2 9 1 4 4 4 5 4 3 4 4 4 4 4 4 4 4 11 4 5 11 10 2 8 10 10 8 8 11 10 8 8 10 10 7 7 7 6 7 7 7 7 7 8 8 11 2 10 10 8 8 10 10 6 7 8 8 10 2 11 9 5 4 4 4 4 4 5 10 2 11 3 4 5 7 0 6 7 11 10 8 8 10 10 7 8 2 10 10 8 8 3 11 5 1 3 4 4 4 1 9 11 5 4 5 4 4 11 5 4 4 4 4 11 11 2 5 9 8 10 10 7 7 7 7 7 7 8 7 8 7 11 10 8 8 1 4 4 9 4 4 4 8 11 11 2 5 6 7 0 7 9 10 8 8 11 4 5 4 11 5 7 10 10 7 7 8 7 7 7 7 7 8 4 1 4 4 4 4 3 4 4 4 4 4 10 8 11 11 5 4 4 4 4 4 5 7 11 11 2 5 9 8 10 10 8 7 8 10 7 10 8 7 7 8 11 11 5 2 9 8 4 4 4 4 4 4 11 11 2 5 3 10 10 7 7 7 8 7 7 7 7 7 7 7 7 10 7 7 7 8 8 4 4 4 11 5 10 10 7 8 7 7 7 8 4 10 2 4 4 4 3 4 4 4 10 8 11 5 4 11 5 10 11 5 5 10 7 7 11 5 4 4 4 4 5 7 0 9 5 10 7 7 8 10 10 7 7 7 7 7 7 8 8 4 1 4 4 4 4 11 10 8 8 6 11 10 8 8 10 10 7 7 8 8 10 2 9 11 5 5 10 8 11 11 5 5 4 4 11 11 5 5 4 4 4 4 10 11 5 5 10 2 9 11 5 5 4 4 4 10 10 8 7 7 7 8
ppo_x50_b_fd_l4_noshaped,24,qv22_30,22,228,True,1380.0,13.568955659866333,8 8 9 10 8 8 10 10 8 8 11 10 7 2 5 10 10 8 8 10 10 8 8 9 5 10 10 8 8 11 2 10 10 7 8 8 9 10 8 8 11 5 10 10 7 8 8 11 2 11 9 5 4 4 5 10 2 9 10 8 4 5 10 2 7 10 6 7 7 10 8 8 4 1 4 10 8 3 11 5 4 4 4 4 4 1 3 4 10 8 11 11 5 4 5 0 9 7 7 5 4 10 10 8 7 8 7 10 7 7 7 7 8 11 5 10 8 7 10 7 10 8 8 4 4 4 1 3 4 4 4 1 3 4 4 4 4 4 11 5 4 11 11 5 5 0 9 8 10 10 8 2 9 10 8 8 11 5 10 10 8 7 7 8 10 10 8 8 1 3 4 4 4 1 3 4 4 10 11 5 5 11 4 4 4 2 10 10 8 8 9 8 7 7 11 5 10 10 8 8 11 5 10 10 8 7 7 8 10 10 2 6 7 7 8 4 10 2 10 10 8 6 8 1 4 4 9 5 11 11 5 4 2 11 9 5 8 11 5 4 4 10 8 11 11 5 4 5 4 4 11 5 10 10 2 8 10 6 10 8 7 7 7 8 7 7 10 10 7 8 2 10 9 8 7 7 8 4 10 2 10 9 8 8 10 8 4 10 10 8 8 1 3 4 4 4 4 11 4 4 4 4 5 10 0 7 7 6 7 7 7 8 10 8 10 10 7 2 6 8 4 4 4 4 4 4 4 4 4 11 5 4 4 1 3 4 4 11 5 7 10 0 6 7 8 10 10 8 8 10 10 2 8 10 10 8 7 6 7 8 11 11 5 5 10 2 3 4 4 4 4 4 4 10 11 5 5 11 4 4 11 5 11 5 2 7 7 9 8 7 10 10 7 7 7 7 7 7 2 5 10 7 7 7 6 7 8 7 10 10 8 2 4 4 3 4 4 4 4 11 1 3 4 4 4 5 4 11 4 5 10 10 8 2 11 5 4 3 4 11 11 5 4 5 0 9 5 10 8 7 7 7 11 5 10 10 8 7 7 7 7 7 7 7 11 2 5 11 5 11 3 4 4 4 4 5 4 10 10 2 10 8 8 10 10 6 7 0 6 7 7 2 6 8 10 10 8 8 1 3 4 11 5 10 11 5 2 11 3 11 4 5 0 6 7 7 7 8 11 4 4 2 4 11 4 5 4 11 4 5 10 10 6 2 7 7 7 10 7 4 7 4 7 4 7 4 7 4 8 8 10 7 10 7 7 6 8 7 8 10 8 1 9 11 5 5 11 2 10 9 8 8 10 7 8 4 1 3 4 4 4 4 11 5 4 11 5 4 4 4 11 4 4 5 7 11 10 8 8 4 4 4 4 4 10 10 8 7 7 7 7 8 7 11 2 10 10 8 7 8 4 10 9 8 7 7 8 10 10 7 8 10 8 8 1 3 10 10 7 2 8 4 11 5 3 4 4 4 4 11 4 11 5 4 5 11 5 4 4 11 11 2 5 7 7 7 7 9 7 2 10 6 8 11 4 10 8 4 5 10 7 7 10 8 10 8 8 10 10 7 2 6 7 8 11 4 2 11 9 5 4 4 5 4 10 8 11 5 4 4 4 4 11 11 2 5 9 8 4 11 11 5 7 7 7 8 4 4 4 4 4 11 5 10 10 7 7 0 6 7 7 8 7 7 8 10 10 7 7 7 7 7 7 7 7 8 8 11 2 3 10 10 8 2 11 5 9 11 5 5 4 11 4 1 3 4 4 5 10 8 4 4 4 4 4 10 10 2 8 6 10 10 7 7 7 7 8 8 10 1 3 4 5 4 4 11 11 5 2 6 11 4 11 2 3 4 4 4 5 4 4 11 11 2 5 10 10 6 7 7 8 7 7 7 7 7 7 8 10 10 7 7 7 8 7 7 8 7 11 11 5 5 11 5 4 4 4 1 3 4 4 11 5 10 11 2 3 4 5 4 4 4 10 10 8 7 0 6 7 7 8 4 11 5 1 3 4 11 4 5 10 7 0 9 8 8 10 2 10 10 6 7 8 7 8 10 10 0 6 8 7 7 7 8 11 2 9 11 4 5 8 11 5 10 7 7 8 4 11 4 4 5 4 4 4 11 4 4 4 4 4 4 4 4 4 5 10 10 8 2 9 5 4 4 10 10 8 0 7 6 7 7 8 10 7 7 7 7 10 8 7 8 10 10 7 2 8 4 3 4 4 11 4 4 4 4 4 4 5 10 11 2 5 3 4 10 10 8 0 6 7 8 7 11 10 8 8 10 10 7 8 8 10 10 2 6 8 10 10 7 8 7 7 8 4 4 11 2 10 9 8 4 4 10 8 8 11 11 5 5 4 11 4 4 5 10 2 11 9 8 8 7 10 7 7 10 7 7 8 8 11 2 3 4 4 4 11 4 4 11 5 5 4 4 4 4 4 11 10 8 8 11 2 9 11 5 4 4 4 5 7 0 7 6 7 11 5 10 10 8 7 8 1 4 11 3 4 5 11 11 5 4 4 5 0 10 6 7 7 7 7 8 10 10 8 8 7 7 7 7 0 7 7 10 8 7 11 9 5 5 4 4 11 11 5 5 11 5 4 4 11 11 5 4 4 4 5 11 11 2 5 11 9 5 5 7 10 10 7 7 0 6 8 7 7 7 10 8 7 7 7 7 7 8 11 2 9 11 5 5 10 7 7 10 8 8 10 10 8 8 1 3 4 4 4 4 4 4 4 11 5 4 4 4 4 11 4 4 4 5 10 8 10 10 7 8 8 10 10 8 7 7 10 7 8 8 11 2 9 10 8 7 7 7 8 11 5 10 10 2 8 9 10 8 8 11 4 4 4 4 4 10 8 1 3 4 5 10 11 5 5 4 11 5 4 4 1 9 4 4 5 4 11 11 5 5 7 7 0 7 10 7 9 8 8 4 11 4 4 5 10 10 8 8 7 10 7 7 8 10 10 8 8 1 3 4 4 11 4 4 5 10 10 0 6 7 8 8 10 7 10 8 0 6 8 7 7 11 11 5 2 9 5 10 0 10 6 8 8 10 10 7 7 8 8 4 1 9 5 10 10 8 8 4 4 4 4 4 11 11 5 4 5 11 4 11 4 4 5 2
ppo_x50_b_fd_l4_noshaped,25,qv22_31,22,237,True,1435.0,14.209084510803223,8 7 5 9 10 8 7 5 11 7 10 4 2 5 10 10 6 8 7 5 10 2 10 10 8 7 5 10 10 8 8 10 9 8 8 11 2 10 10 6 8 8 10 10 8 8 1 4 9 8 11 4 4 5 11 11 5 5 11 11 5 2 7 10 8 11 11 6 5 5 4 4 4 4 4 4 10 10 8 7 0 6 7 7 7 7 7 7 7 8 11 11 2 5 4 9 5 7 0 6 7 10 10 7 7 8 8 10 10 8 8 11 5 1 4 4 4 4 3 4 4 4 10 8 11 11 5 5 4 11 2 4 3 10 10 8 7 7 7 7 7 8 4 1 3 4 4 4 4 11 4 5 4 10 2 10 10 6 7 7 7 7 7 7 7 7 7 7 8 8 10 2 10 7 7 9 8 8 1 9 5 4 10 8 10 8 4 11 11 5 4 5 10 8 11 4 11 7 2 3 4 4 4 5 4 10 7 7 7 8 11 4 4 4 11 5 5 10 8 4 11 5 10 0 10 7 8 6 8 11 5 1 4 3 11 4 4 4 5 10 10 8 0 7 9 8 8 10 10 7 8 8 1 4 4 4 11 5 3 4 11 5 4 4 11 11 5 4 5 10 10 8 2 7 7 7 6 7 7 11 10 8 8 10 10 7 7 7 8 7 7 8 4 11 5 10 10 7 7 8 8 7 10 11 5 2 9 5 4 1 3 4 4 4 4 4 4 4 4 1 11 3 5 10 10 8 8 11 4 4 4 4 4 5 11 2 7 7 11 10 8 8 6 10 7 10 7 8 8 10 8 4 11 5 11 5 10 7 10 7 7 7 7 7 8 8 4 11 5 4 4 10 10 7 8 8 10 10 8 7 8 10 10 8 7 8 4 11 4 4 4 1 3 4 4 4 11 5 5 4 4 11 4 4 5 11 11 5 2 3 4 4 10 10 8 8 7 7 7 7 7 7 7 10 8 11 11 5 7 8 11 2 4 6 10 4 4 5 10 10 7 7 8 7 7 8 10 10 8 8 10 2 3 1 3 4 4 11 5 4 4 1 3 4 4 4 4 4 4 11 5 4 10 11 2 5 10 10 7 8 8 10 10 8 9 8 7 8 10 10 7 8 2 10 10 7 7 7 7 6 7 7 7 7 7 8 5 1 9 8 11 4 11 2 3 5 10 2 9 11 5 4 5 1 4 3 4 4 4 10 11 5 5 4 11 2 3 4 10 0 6 7 10 7 7 7 7 7 8 8 1 10 3 10 8 7 7 8 11 4 10 8 8 11 1 3 4 5 4 4 4 1 4 4 3 4 10 8 11 5 4 4 10 11 5 5 4 4 4 11 2 9 11 4 8 7 8 11 5 10 10 7 8 7 7 8 4 10 2 10 10 6 7 7 7 7 8 8 11 2 10 6 8 10 10 7 0 6 7 7 7 8 8 11 1 3 4 5 11 2 10 9 8 8 11 5 7 10 11 2 3 1 3 4 4 11 2 3 4 4 5 4 11 2 4 4 3 4 4 4 11 4 5 10 10 7 7 8 7 7 0 6 7 7 10 8 7 0 6 8 11 2 10 10 8 7 6 8 7 10 10 8 8 4 4 4 11 10 8 2 3 11 5 4 11 11 4 5 5 4 10 7 7 7 8 11 4 4 4 10 2 8 11 3 11 5 4 4 4 4 5 10 2 11 11 5 5 10 8 7 10 10 7 6 8 7 8 11 5 11 5 1 11 3 4 4 5 4 4 4 4 10 2 10 10 6 7 7 8 7 7 7 7 10 7 8 0 6 7 7 7 7 7 8 11 1 9 8 5 4 4 11 5 7 7 7 10 7 8 11 11 5 5 4 4 4 1 3 4 4 4 11 11 2 5 9 8 4 10 11 5 5 4 4 11 11 2 5 7 7 10 6 7 8 10 10 8 8 10 10 7 8 7 7 7 8 11 2 9 10 7 8 7 7 8 1 9 4 4 11 8 11 5 7 7 8 11 4 4 4 4 4 4 4 5 10 10 8 7 7 8 11 2 9 10 8 7 7 8 1 9 8 4 4 4 11 4 4 4 4 4 4 5 4 11 5 4 10 11 5 2 4 11 5 3 10 10 2 7 7 8 4 9 4 5 10 10 8 10 8 0 6 7 7 8 7 10 10 2 7 8 4 4 4 3 4 11 4 5 4 4 10 11 5 5 10 7 10 7 8 8 10 10 7 8 7 7 7 10 8 8 10 7 7 7 8 11 4 5 4 11 11 5 5 10 7 7 7 8 4 4 1 9 5 4 11 11 5 2 4 4 10 9 5 5 4 11 4 4 4 5 4 4 4 10 10 8 0 6 7 7 7 7 7 7 7 7 7 0 7 9 8 8 10 7 8 1 9 11 5 5 4 4 4 10 2 11 11 5 5 9 8 4 4 4 1 4 4 3 4 4 11 5 10 10 2 8 10 10 8 7 7 8 11 7 7 7 7 6 7 5 10 10 8 8 10 7 10 8 2 9 5 10 10 8 7 8 4 10 10 8 8 1 11 5 3 10 10 8 2 9 5 10 8 11 11 5 5 4 4 11 4 5 7 7 11 11 5 5 11 4 4 11 2 5 9 4 8 7 7 11 5 11 11 4 5 5 11 4 5 10 10 8 2 10 9 8 7 5 10 7 10 7 8 10 8 7 7 7 7 7 5 10 10 2 8 11 5 4 11 11 5 5 4 9 11 4 8 7 8 4 4 4 4 10 8 11 11 5 4 4 4 4 4 10 2 6 8 1 11 11 5 4 4 3 5 10 7 7 8 4 4 10 10 8 7 7 8 7 10 7 7 7 7 7 7 7 7 7 7 5 10 10 2 8 11 5 7 6 11 11 5 4 4 4 4 11 2 5 11 9 4 8 8 11 4 4 4 11 5 5 11 4 11 2 3 5 11 2 3 10 10 8 8 7 10 0 9 8 8 4 10 11 5 5 11 11 5 4 4 4 4 5 7 7 7 7 7 7 7 7 7 10 7 7 7 7 8 7 7 11 1 4 9 5 4 5 11 11 2 5 11 9 8 8 4 11 11 5 5 7 7 7 7 7 10 8 11 11 5 1 3 4 5 7 0 7 6 10 8 10 10 7 8 8 4 10 2 11 11 5 4 4 4 4 3 4 4 4 5 4 4 4 11 11 2 3 4 4 5 11 2 6 10 10 8 8 10 10 7 7 7 7 8 7 7 8 10 10 2 8 10 10 6 7 7 7 7 8 7 8 11 11 2 5
ppo_x50_b_fd_l4_noshaped,26,qv22_32,22,223,True,1349.0,5.170577526092529,8 8 9 10 8 8 10 10 8 7 5 11 5 10 10 7 8 8 10 10 8 8 10 10 8 8 11 5 10 10 7 8 8 10 10 8 8 1 9 5 4 4 11 5 10 4 4 11 5 5 4 11 11 5 2 7 7 10 6 7 7 10 7 7 7 7 7 8 8 10 10 8 8 11 5 10 10 2 8 3 4 11 4 4 4 4 5 11 4 4 4 4 1 3 4 5 7 10 10 8 8 10 10 8 7 7 0 6 10 8 7 7 8 11 10 8 8 10 10 2 8 9 10 8 8 4 4 4 1 3 11 4 5 11 11 5 2 3 7 10 10 8 2 9 10 8 8 4 4 4 4 4 4 4 4 4 4 4 4 4 1 11 9 5 5 0 10 8 7 6 11 11 2 5 6 10 7 7 7 7 7 8 10 10 7 8 7 8 7 0 9 8 7 7 7 10 7 8 11 11 5 4 4 2 3 4 4 4 11 5 4 4 4 11 5 4 4 11 11 4 4 5 4 4 2 10 10 8 8 7 7 7 7 9 10 8 2 7 9 10 8 4 4 5 10 7 8 10 8 10 10 7 2 7 8 9 10 8 8 10 10 8 8 11 1 4 3 4 5 4 4 4 4 4 11 11 2 5 9 8 4 11 11 5 2 7 11 10 6 2 8 10 10 8 8 6 7 7 11 10 8 8 10 10 7 7 8 2 10 7 9 8 8 11 5 10 10 8 7 8 4 10 10 8 5 11 2 4 3 4 11 11 5 5 4 4 11 4 4 4 5 7 0 7 7 7 7 7 9 8 7 7 7 1 3 4 4 4 11 5 10 2 6 4 4 4 4 4 4 4 4 10 11 5 5 4 11 4 4 2 9 10 8 8 7 7 7 0 7 7 7 7 7 7 10 8 4 3 4 4 4 4 4 4 4 11 4 4 4 4 5 10 11 2 5 10 7 6 8 10 7 10 8 8 10 10 7 7 7 7 8 8 4 4 10 10 7 7 7 8 7 8 11 4 5 10 10 7 8 10 2 8 7 11 9 5 5 4 4 11 4 4 1 4 3 4 11 2 5 3 11 5 4 11 5 4 10 10 8 7 0 9 8 7 8 11 10 8 8 10 10 7 8 8 10 10 8 8 10 10 2 8 11 5 4 4 4 4 9 5 4 11 11 5 4 5 10 8 11 4 11 5 4 4 4 5 4 10 11 5 2 6 10 10 0 8 3 7 7 0 6 7 7 7 7 7 10 0 6 7 7 8 8 4 11 4 2 10 10 6 7 7 7 7 7 8 8 11 2 4 4 11 4 4 4 3 4 4 5 11 4 4 4 5 11 4 4 5 10 10 2 6 8 10 10 7 7 7 7 0 6 8 8 10 10 7 7 7 8 8 10 2 9 10 8 8 4 1 4 9 11 5 4 4 2 4 4 9 5 4 11 4 4 4 4 4 4 4 11 5 2 9 4 5 10 10 8 8 4 11 5 10 10 7 8 7 8 10 10 2 7 6 8 10 2 6 10 10 8 8 10 10 7 7 7 7 8 8 11 5 11 4 4 5 10 10 7 7 7 8 8 11 4 2 11 10 3 5 4 4 5 11 11 5 4 4 4 5 4 4 4 4 11 5 0 9 10 8 4 5 10 8 10 10 8 7 7 7 7 7 7 7 7 7 8 10 10 7 8 7 8 4 11 5 4 4 1 3 4 4 4 11 5 4 11 11 2 5 9 7 8 11 11 5 4 4 5 4 4 0 9 10 8 7 7 7 7 7 8 4 4 11 4 4 5 11 2 6 4 4 4 10 10 8 7 7 7 7 7 7 7 8 10 10 0 6 7 8 8 10 10 7 7 7 8 8 11 5 1 11 4 5 4 9 5 10 10 7 8 8 11 5 11 4 4 4 5 4 11 4 11 4 4 4 4 4 4 5 2 9 8 7 10 10 2 7 6 7 8 11 4 4 5 10 10 8 7 10 8 7 7 7 7 7 8 10 10 7 7 8 2 9 10 8 8 4 4 4 4 4 11 5 4 11 4 4 11 2 3 5 4 11 2 10 9 5 5 4 11 11 5 7 7 7 8 4 4 4 4 11 4 2 3 4 10 0 10 6 8 8 7 7 11 5 10 10 8 7 7 7 7 7 7 7 7 7 11 5 2 4 9 5 10 8 11 11 2 3 4 4 5 10 8 11 4 4 4 4 4 4 11 2 5 9 8 4 10 11 5 5 10 10 8 7 7 7 10 7 7 8 8 10 2 9 10 8 8 1 9 5 4 4 4 11 11 2 5 4 4 9 5 11 11 5 2 3 4 10 10 8 7 7 7 7 7 8 10 10 0 6 7 7 7 8 7 7 7 7 8 10 2 9 10 8 8 4 4 4 4 4 11 4 4 5 11 5 10 11 5 4 4 4 5 11 5 4 11 11 5 2 3 10 10 8 7 7 10 8 7 7 10 7 7 7 7 8 8 1 9 5 11 4 4 5 10 10 7 2 8 9 8 11 10 7 7 8 7 8 1 4 4 9 5 11 11 5 4 5 4 4 4 11 11 4 5 4 4 4 11 2 4 5 7 10 8 10 8 10 10 6 7 8 7 8 10 10 8 7 7 7 8 7 10 10 7 8 8 4 4 4 4 4 4 4 4 4 4 11 5 7 11 10 8 8 10 8 4 4 11 4 5 10 8 4 4 4 4 4 10 11 5 5 7 7 11 2 9 0 9 8 7 7 7 7 7 8 10 10 7 7 7 7 8 7 7 7 7 8 4 1 4 4 3 11 5 4 11 10 7 8 8 11 5 1 3 4 11 5 11 11 5 4 4 4 4 5 11 11 2 5 11 5 9 11 5 7 8 10 7 7 8 7 10 10 2 8 10 10 8 7 7 8 10 10 6 8 8 11 2 9 10 8 8 10 10 7 7 8 8 11 4 5 10 10 8 8 1 3 11 5 11 11 5 5 4 4 4 11 5 11 11 5 4 4 4 4 4 4 5 11 11 5 2 3 10 10 7 7 8 7 7 7 7 7 7 7 8 10 10 2 6 8 10 10 7 7 7 8 2
ppo_x50_b_fd_l4_noshaped,27,qv22_33,22,233,True,1409.0,13.858168601989746,8 7 10 8 8 9 10 8 8 11 5 10 10 7 8 7 5 10 10 7 8 5 10 10 8 8 11 5 10 10 7 8 8 10 10 8 8 11 5 10 10 7 8 8 11 5 11 10 7 7 7 8 5 1 9 5 11 10 8 4 4 8 11 11 5 4 5 11 11 5 4 2 4 4 11 9 5 5 11 11 5 5 11 5 4 11 11 5 5 11 10 2 8 3 10 10 7 7 8 10 8 7 8 10 7 10 8 7 7 7 7 8 11 10 8 8 10 10 7 7 7 8 8 11 4 1 4 4 3 4 4 4 11 5 4 4 5 4 4 11 11 5 5 4 11 2 10 10 7 8 8 7 10 10 7 6 7 8 8 0 11 5 10 10 8 7 7 7 6 8 4 4 1 11 9 5 8 4 11 4 4 11 5 2 9 8 11 5 4 10 10 8 8 10 10 0 6 7 7 7 7 7 7 7 8 8 11 2 4 3 4 4 11 5 4 4 10 10 8 7 8 4 4 11 1 3 4 4 4 4 4 4 5 11 4 4 4 11 5 2 9 8 11 11 4 8 7 7 7 7 7 7 8 4 10 2 6 10 4 10 8 8 10 10 7 7 7 7 8 8 11 4 2 4 11 4 5 10 7 10 8 8 10 10 6 7 7 7 7 7 8 8 11 4 5 11 2 9 4 10 8 8 11 2 3 4 4 4 4 4 4 11 4 4 4 4 4 4 4 4 5 10 10 2 6 7 8 10 10 7 7 7 8 8 10 10 8 8 10 7 7 8 10 10 7 7 7 8 8 4 10 2 9 8 11 11 5 5 4 10 8 11 5 4 4 4 4 4 4 4 4 4 11 4 5 4 4 10 10 2 8 11 5 11 9 5 4 4 5 0 9 5 7 10 10 8 8 10 10 7 7 8 8 11 5 0 9 10 8 8 7 7 10 7 8 11 5 7 7 10 10 8 7 7 7 10 2 8 11 4 3 5 4 4 4 4 4 4 11 5 4 11 4 4 11 5 2 9 7 7 8 0 10 6 7 7 7 8 11 2 11 11 5 3 5 11 4 11 5 4 4 4 4 4 4 5 7 11 0 9 8 8 10 10 8 10 8 2 6 0 6 7 10 10 7 8 7 7 8 10 10 8 2 4 4 4 4 9 5 4 4 11 11 2 4 3 5 11 4 2 3 11 11 5 5 0 6 7 7 7 10 8 11 5 7 7 11 10 8 8 11 2 3 4 4 4 10 10 8 7 7 7 7 8 11 2 3 10 10 8 8 10 7 7 10 7 7 7 7 8 7 8 4 11 5 4 1 3 4 4 4 4 4 4 4 11 4 5 11 4 4 4 11 5 2 9 10 8 4 5 4 10 8 0 6 7 7 11 5 10 10 8 7 7 7 8 11 2 11 4 4 4 3 10 8 0 6 8 7 7 7 7 11 10 8 8 10 10 2 6 8 10 8 10 10 7 7 7 8 8 4 11 5 10 10 8 8 1 9 8 11 11 5 5 4 1 4 4 3 4 4 4 4 1 4 9 5 11 11 2 3 4 5 4 11 4 5 11 2 9 10 8 8 11 5 11 11 4 8 7 7 7 8 11 5 10 10 8 8 10 10 0 6 7 8 8 10 10 8 8 10 10 2 6 7 8 10 10 7 7 8 8 11 2 9 10 8 7 8 1 3 4 4 4 10 8 11 5 4 4 4 1 3 4 11 5 4 4 11 11 5 2 7 7 6 10 8 10 10 8 8 1 4 4 11 4 3 5 4 4 10 8 11 11 5 5 10 8 4 11 11 2 5 3 4 10 10 8 7 7 7 7 7 10 8 8 4 4 11 4 5 4 4 11 5 10 10 7 7 7 7 7 7 8 7 7 10 8 8 10 7 7 7 7 7 8 10 2 6 11 11 2 3 5 4 4 11 11 5 5 11 4 2 4 4 4 4 9 5 4 11 5 10 10 7 0 6 7 0 6 7 7 7 8 8 11 4 5 1 4 11 3 4 5 4 4 4 11 4 10 8 8 10 8 10 10 7 7 0 6 8 8 10 10 7 8 7 8 11 2 9 10 8 8 4 7 7 11 11 5 4 5 11 5 0 10 10 8 7 8 10 9 8 7 8 1 9 8 11 11 5 4 5 4 4 10 7 8 4 11 11 2 3 5 1 3 4 10 8 11 4 4 4 4 4 4 4 4 4 4 5 11 11 5 2 7 7 10 7 6 7 10 8 7 7 7 10 8 7 7 7 8 4 11 11 5 5 10 2 7 7 9 8 7 7 10 10 8 8 1 11 3 4 4 4 1 3 4 4 4 4 4 4 5 4 11 11 2 5 9 8 4 11 11 5 2 6 10 8 4 4 10 10 8 7 7 8 0 10 10 6 7 7 8 7 7 8 11 11 5 2 10 6 7 7 8 11 5 4 10 7 7 10 8 7 8 11 4 4 4 5 10 11 5 5 11 11 5 4 4 4 4 4 4 11 5 8 0 9 5 10 8 7 7 7 7 7 11 10 8 8 10 10 7 7 8 2 10 8 9 10 7 7 8 8 11 5 7 7 1 3 11 4 4 4 5 4 4 4 4 4 11 11 2 5 11 5 9 4 4 4 5 4 10 10 7 5 7 7 10 8 8 4 11 4 5 10 10 8 8 4 4 11 5 11 11 5 5 10 7 7 7 7 8 7 7 7 7 7 7 10 10 8 1 3 5 11 4 5 7 10 10 2 8 9 5 10 10 8 8 10 7 10 8 8 11 1 3 4 5 4 4 4 4 4 4 11 4 5 11 5 11 4 4 4 4 11 2 5 10 8 10 10 8 7 6 7 10 7 7 8 8 4 10 2 9 10 8 8 7 11 10 8 8 4 4 11 5 11 10 7 2 8 4 4 9 11 5 5 4 4 4 11 4 5 4 10 10 0 8 7 7 6 8 7 7 7 7 10 10 8 7 7 7 7 8 10 10 7 8 8 11 10 8 8 1 3 4 4 4 4 4 11 4 5 10 11 2 3 4 5 0 9 8 7 7 7 7 7 10 8 7 7 10 10 8 4 4 2 3 4 10 11 5 5 7 11 11 5 4 4 5 4 4 1 3 4 4 4 10 11 5 5 0 9 8 11 11 5 5 4 10 10 8 7 7 7 7 7 10 8 8 10 10 8 2 3 4 4 10 10 0 8 7 7 7 7 6 8
ppo_x50_b_fd_l4_noshaped,28,qv22_34,22,228,True,1398.0,13.564392566680908,6 7 2 5 10 10 8 7 5 10 10 8 8 9 5 10 10 8 7 5 10 10 8 8 11 5 10 10 7 8 8 10 10 8 8 11 10 7 8 8 11 5 10 10 7 8 8 11 5 1 3 11 4 11 5 1 3 5 11 11 2 5 9 8 10 10 2 6 8 11 4 5 11 11 5 4 4 5 7 10 8 7 7 7 11 5 11 5 10 10 7 8 7 8 10 10 8 7 5 10 10 8 8 10 10 8 8 10 2 9 10 8 8 4 4 4 4 1 3 4 4 4 11 4 4 4 4 4 4 5 10 10 2 8 3 11 11 4 5 4 5 10 10 8 7 7 7 7 7 7 7 7 8 11 2 10 11 5 5 4 4 4 10 9 5 5 4 11 11 5 5 4 4 11 2 3 10 10 8 2 6 7 7 7 7 7 7 7 10 7 7 8 11 4 10 8 7 7 7 7 8 11 4 5 10 10 2 8 9 5 4 4 11 11 2 5 9 4 4 4 4 10 8 7 7 8 11 2 11 9 5 5 7 10 7 7 7 7 8 4 11 1 3 4 4 4 4 4 4 5 10 10 2 8 9 5 4 4 4 10 10 8 7 7 8 10 7 10 0 6 8 8 10 10 7 7 7 7 8 8 4 11 5 11 2 10 10 6 7 8 8 11 2 3 4 7 4 7 10 11 5 4 1 3 4 4 5 11 5 4 4 4 4 4 4 4 4 4 4 11 5 0 9 8 11 11 5 5 10 10 8 7 10 8 7 7 7 8 7 7 7 7 7 7 11 0 6 7 7 8 7 11 2 10 9 8 7 8 11 5 4 4 4 4 11 11 5 5 4 4 4 4 11 11 2 3 4 4 5 4 11 2 11 7 9 5 5 10 10 8 4 4 5 7 7 10 0 6 8 10 10 8 7 8 11 11 2 5 7 7 6 10 10 7 7 7 7 8 8 10 10 8 10 8 8 1 11 9 8 8 4 4 1 3 1 9 5 4 4 4 4 4 4 4 4 4 11 4 4 4 5 10 10 7 8 2 6 10 10 8 8 10 10 7 7 7 8 0 6 7 7 7 8 7 10 10 7 8 8 4 1 4 4 4 4 9 11 5 2 9 5 4 10 10 7 7 8 8 11 4 5 1 3 4 4 4 4 4 4 4 11 5 10 10 2 8 11 4 5 4 4 3 4 10 10 0 8 7 6 7 7 7 7 7 7 7 7 7 7 8 11 5 1 11 9 5 5 4 11 11 5 2 4 3 4 4 11 4 5 10 7 7 7 7 7 7 8 10 10 8 8 1 3 4 11 1 3 4 4 4 4 4 4 5 11 5 10 10 0 4 8 6 8 10 10 8 8 10 10 7 2 6 7 7 10 8 7 7 7 10 8 8 11 4 5 7 7 11 10 8 8 4 4 4 10 10 8 10 2 8 3 10 10 7 2 8 4 3 4 4 4 4 4 4 10 8 11 4 5 4 11 11 5 2 6 7 0 6 7 7 7 10 10 8 8 1 11 4 5 10 10 8 8 10 10 7 8 5 10 10 6 7 8 8 11 10 2 8 9 11 5 5 11 4 4 4 4 4 4 4 4 5 4 4 11 4 5 1 4 3 11 5 4 10 0 9 8 8 10 7 10 8 8 4 11 5 10 7 7 7 7 8 7 7 7 7 7 10 10 8 2 6 7 10 10 8 8 4 4 4 4 4 1 9 8 11 4 5 4 1 3 4 4 11 4 4 11 2 5 9 8 11 11 5 5 11 11 2 4 5 3 10 10 2 7 7 6 7 7 7 8 11 4 10 8 7 8 11 2 10 10 7 6 8 8 10 8 7 10 10 8 2 10 7 8 6 4 11 4 4 11 2 4 9 5 5 4 11 5 4 11 11 2 5 9 11 5 4 4 4 5 10 11 2 5 10 6 8 7 10 7 7 7 8 10 10 7 8 8 4 4 1 3 4 4 4 4 11 5 11 4 4 4 2 6 10 10 8 8 7 10 8 10 10 7 7 8 7 8 0 7 7 9 8 10 8 10 10 2 6 8 10 10 7 2 7 7 5 4 3 11 4 5 4 4 1 9 4 5 11 4 11 5 5 11 5 4 11 4 11 4 2 5 6 7 11 5 10 10 8 7 7 7 7 8 4 10 10 8 7 7 7 8 1 9 11 5 4 4 4 4 5 0 7 7 9 7 8 7 7 10 10 8 10 2 8 3 4 4 11 4 4 4 4 11 4 2 4 5 9 7 7 8 7 10 10 8 8 11 2 4 4 4 4 9 11 5 5 7 7 11 5 4 11 11 5 4 4 5 4 10 2 10 10 6 8 7 7 7 7 10 8 7 7 7 7 7 7 7 8 10 10 8 8 4 1 3 4 4 11 5 11 4 10 5 10 5 11 2 5 10 7 9 8 8 11 11 5 4 4 5 7 7 10 8 4 1 3 4 4 4 4 4 4 4 10 10 2 8 10 10 6 7 7 7 8 7 7 7 7 8 11 4 4 2 3 4 4 10 8 11 2 11 9 5 5 11 4 4 5 4 11 11 5 5 4 10 2 10 10 6 7 7 7 7 7 8 8 10 10 7 7 7 7 7 8 8 11 4 5 4 10 10 8 7 7 7 8 10 10 8 8 4 4 11 4 4 5 1 11 4 3 5 7 10 10 8 8 11 4 4 2 9 11 5 5 11 4 4 4 4 4 2 4 4 11 4 5 3 10 10 8 8 10 10 7 7 7 8 8 7 7 10 7 8 10 10 7 8 7 7 7 7 8 11 2 11 11 5 5 11 9 5 8 4 10 11 5 5 7 11 5 4 4 4 11 11 2 5 10 7 8 11 9 5 8 7 7 7 7 7 11 10 8 8 10 10 7 2 8 6 4 4 4 4 11 11 5 2 11 4 9 8 8 11 5 11 4 11 5 2 7 7 7 7 7 7 10 11 5 5 3 4 4 11 5 4 4 4 11 11 5 4 2 9 5 10 10 8 7 7 0 6 8 11 4 5 10 7 7 7 8 10 10 2 6 8 11 10 8 7 7 7 8 7 11 11 5 4 4 5 1 9 8 11 11 5 4 4 5 4 11 11 5 5 11 11 5 4 4 4 4 5 10 10 2 6 8 10 10 7 7 7 7 7 7 8 7 7 7 7 8 11 2 10 10 8 8
ppo_x50_b_fd_l4_noshaped,29,qv22_35,22,235,True,1465.0,14.01961898803711,8 7 5 9 10 8 8 10 10 8 7 5 11 5 10 7 10 8 7 5 10 10 8 8 11 5 10 10 7 8 8 10 4 5 10 10 7 8 7 5 10 10 8 8 11 5 10 10 8 2 9 10 8 8 10 10 8 8 4 10 8 11 11 4 5 4 4 4 5 4 4 4 11 2 11 9 5 4 4 5 10 0 6 7 8 10 7 10 7 8 7 7 8 4 10 10 8 8 10 7 10 7 7 8 8 11 10 2 8 3 4 10 4 4 4 10 7 7 8 8 4 4 4 4 11 4 10 8 8 7 11 7 10 7 5 7 4 7 4 10 5 7 5 4 4 11 4 4 5 4 4 11 4 4 11 2 3 4 4 4 4 5 0 6 7 10 7 7 8 10 7 7 7 7 7 10 2 8 7 7 7 10 9 8 5 10 4 11 1 4 3 1 6 5 11 5 4 2 11 4 3 11 5 4 4 4 5 11 2 10 4 4 4 4 11 3 5 5 7 7 11 5 10 10 8 2 9 8 10 10 7 7 8 7 8 4 10 11 5 5 10 10 7 7 8 8 10 10 8 7 7 8 1 3 11 4 5 1 4 4 4 4 11 4 5 4 4 9 5 11 0 9 8 8 7 7 11 5 4 11 11 5 5 10 7 7 7 7 7 7 7 7 0 7 7 7 6 7 8 7 7 10 8 10 10 8 4 4 4 4 2 3 4 10 8 11 1 8 9 1 9 5 4 5 11 4 11 5 5 4 10 11 2 5 4 11 9 5 5 4 4 10 2 10 10 8 6 7 5 10 10 7 2 7 6 8 10 10 7 8 8 4 10 8 7 10 10 8 2 7 9 8 7 4 7 4 4 4 4 4 1 9 11 5 4 4 4 5 10 10 8 8 11 5 4 4 4 11 4 5 10 10 8 2 6 4 4 4 4 11 11 5 5 7 7 0 7 6 7 7 7 7 7 10 7 10 8 7 8 10 2 7 11 7 10 7 6 7 5 4 4 4 4 5 1 3 4 4 11 5 10 8 10 10 8 7 7 7 11 5 4 5 10 8 10 11 5 11 5 4 5 4 11 5 4 11 5 10 10 2 8 6 10 7 10 7 8 8 10 10 8 7 7 8 10 10 8 7 8 11 11 2 9 5 4 4 4 5 11 2 9 5 11 11 5 4 4 5 4 1 3 4 4 11 5 4 4 11 10 8 2 10 9 8 0 6 8 10 4 10 8 7 7 10 8 8 7 10 10 8 2 7 7 9 8 7 7 11 10 8 8 10 10 8 2 6 4 4 4 4 4 10 10 2 8 9 5 11 5 4 4 4 4 11 11 5 5 10 8 11 11 5 4 11 5 2 11 4 5 3 4 4 10 10 8 7 8 7 7 7 7 7 7 10 10 8 7 7 7 7 8 11 11 5 7 7 8 4 11 2 11 11 3 1 3 5 4 5 4 10 10 8 8 11 4 4 11 5 4 4 4 5 4 4 11 4 4 5 7 7 0 9 5 10 7 7 8 10 10 8 2 9 7 8 4 10 10 8 8 7 10 10 8 10 8 8 10 8 7 10 7 10 2 7 8 4 4 3 4 4 1 9 5 4 10 10 8 8 4 4 11 4 5 11 4 11 5 4 5 4 4 11 11 5 7 7 8 11 4 4 5 11 4 5 10 10 8 2 9 5 10 10 8 7 7 0 6 8 10 7 8 10 10 2 8 9 10 7 8 8 10 10 7 7 2 8 10 7 8 10 10 8 8 4 4 4 3 11 4 4 4 5 4 11 5 4 4 11 7 11 5 5 10 7 11 4 5 4 11 5 5 11 11 5 10 5 10 5 7 7 8 4 11 4 4 5 11 11 2 10 5 10 5 5 7 7 7 6 7 0 7 10 6 8 10 10 8 7 7 7 7 7 8 4 10 10 2 8 9 5 10 10 8 8 11 1 4 4 3 4 4 4 5 4 4 4 4 4 4 10 10 4 2 4 5 7 10 7 10 8 8 9 5 10 10 7 8 7 7 7 7 7 7 7 8 10 10 8 7 8 1 9 8 11 4 11 2 3 5 11 4 11 5 2 11 11 3 5 5 4 11 4 8 11 10 8 8 11 4 4 5 10 10 2 6 7 7 7 7 7 7 7 7 7 8 11 2 4 4 3 4 4 4 11 5 10 10 2 8 9 8 4 11 4 4 4 5 7 10 10 8 2 4 4 9 4 5 4 4 4 11 11 5 4 5 0 6 7 7 7 10 10 8 7 8 11 5 10 10 8 7 7 7 7 7 8 7 10 10 8 8 10 10 8 7 8 11 2 11 5 9 5 11 10 4 7 4 7 5 4 5 4 4 4 4 11 11 5 4 4 4 4 5 10 8 0 7 6 10 7 8 11 11 5 5 4 11 11 5 5 4 4 11 2 7 6 10 10 8 7 7 7 7 7 7 7 8 10 7 7 8 10 10 7 2 7 8 3 4 4 4 11 4 5 11 4 10 8 8 7 7 11 11 2 5 4 3 11 4 4 4 4 5 4 1 3 4 4 4 11 5 11 4 4 2 10 6 10 8 7 8 10 10 8 7 7 10 8 2 7 7 7 9 10 8 8 10 7 7 8 10 10 8 8 1 4 3 11 11 5 5 4 10 8 11 4 4 4 4 5 4 4 4 4 11 11 2 5 7 7 6 10 10 8 7 7 8 10 10 7 8 8 4 11 1 3 4 4 5 11 4 4 5 11 5 4 10 2 6 7 11 10 8 8 10 10 7 8 0 6 8 10 10 7 8 10 8 7 8 4 4 10 10 8 7 7 8 10 10 8 10 8 2 9 10 8 4 5 10 8 4 4 11 5 4 4 10 10 8 7 7 7 8 4 4 1 3 4 4 11 10 2 8 3 11 4 11 5 4 2 9 5 10 10 8 8 7 11 10 8 8 11 10 8 4 5 4 4 4 4 4 4 4 1 3 4 4 4 4 10 11 5 5 11 2 9 10 8 8 10 10 8 7 8 0 6 10 7 7 10 8 0 6 7 7 7 8 11 10 8 8 10 7 7 10 8 2 10 8 4 4 3 4 4 4 4 4 4 11 4 11 2 5 10 7 9 5 5 4 4 4 4 11 5 4 10 2 10 10 8 8 10 10 6 8 8 10 10 7 8 7 7 7 7 7 7 8 11 2 10 10 8 8 9 10 8 8 4 4 4 4 1 9 5 4 4 4 4 10 11 2 3 5 4 4 4 4 4 4 11 5 11 11 5 4 2 10 10 8 7 7 8 10 7 10 7 7 7 7 7 7 8 8 11 5 10 10 8 6 8 10 10 7 8 2
ppo_x50_b_fd_l4_noshaped,30,qv22_36,22,229,True,1400.0,5.4875383377075195,8 7 5 10 10 8 7 5 10 9 8 8 11 2 10 6 10 8 7 5 10 2 9 4 5 10 10 7 8 7 5 10 0 9 8 8 10 2 10 10 8 7 5 10 9 8 8 10 2 10 10 8 8 9 10 8 8 11 5 11 4 5 4 11 11 5 4 4 1 9 5 8 11 5 11 11 2 5 9 8 10 10 8 7 7 7 8 10 10 8 2 6 10 10 7 8 7 10 8 8 4 1 9 7 5 4 11 5 4 4 4 4 11 5 4 11 11 2 3 4 4 5 4 4 11 2 11 3 11 5 5 7 7 10 7 11 5 5 11 5 4 4 10 10 8 7 7 8 7 7 7 7 7 10 7 7 7 7 7 7 7 7 8 11 4 2 4 4 3 4 11 5 4 11 11 5 5 7 11 10 8 8 1 3 4 4 11 4 5 4 11 11 2 5 7 7 10 10 6 8 8 10 10 7 8 2 7 10 6 7 8 10 10 7 7 8 2 9 10 8 8 4 10 8 11 5 4 4 10 11 5 4 4 5 4 4 11 5 4 4 11 4 4 4 4 5 7 7 10 8 4 10 10 2 6 7 8 10 2 11 9 5 5 0 9 7 7 8 10 10 7 7 8 7 10 8 4 4 2 3 11 11 5 4 4 4 4 4 4 4 4 4 5 0 9 5 10 7 10 8 8 10 7 7 7 7 7 7 7 8 10 10 7 8 7 7 7 8 4 4 4 1 3 4 4 4 4 4 4 4 4 11 4 4 11 5 4 2 10 9 8 8 11 5 11 7 10 7 7 8 8 11 5 4 10 0 10 8 8 7 10 9 8 8 10 10 8 7 8 10 10 7 2 8 9 10 7 8 8 4 11 10 7 8 10 8 5 1 9 5 11 4 4 4 4 4 4 5 11 4 5 11 11 5 4 2 6 7 7 7 7 7 1 10 9 5 5 4 4 4 4 4 10 11 5 5 4 4 11 11 5 4 5 10 11 2 5 6 10 8 7 7 7 7 7 11 5 10 10 8 8 7 7 10 10 8 2 10 7 9 8 8 10 7 10 7 7 2 7 7 8 11 9 5 5 1 3 4 1 3 4 4 4 4 10 11 5 5 10 8 11 11 5 5 0 9 8 7 10 7 7 8 10 7 7 7 7 8 11 11 5 11 5 4 2 3 4 1 4 4 4 11 9 5 11 5 4 4 5 4 4 11 4 4 5 10 10 8 7 8 11 4 5 10 10 8 2 9 8 10 10 7 8 8 10 10 8 7 8 1 11 3 4 5 4 4 4 4 11 5 11 11 5 11 5 2 9 8 7 10 7 8 7 10 10 8 7 10 8 7 7 0 7 6 7 10 8 8 4 11 2 7 6 11 10 7 7 8 2 9 8 4 4 4 4 4 4 1 9 11 5 5 10 8 4 4 4 4 4 11 11 2 4 5 9 5 4 11 11 5 2 10 7 10 6 8 10 8 7 8 4 4 11 10 8 2 10 10 6 7 7 7 7 8 7 8 10 7 10 7 8 5 11 4 5 10 7 10 8 8 4 4 11 11 5 5 11 4 10 8 7 8 4 11 5 10 10 7 7 7 7 7 8 8 10 2 9 11 5 5 11 10 8 8 7 11 11 2 3 4 4 4 4 5 11 11 4 2 3 5 11 11 5 0 6 7 7 7 7 7 8 10 2 10 10 8 6 7 7 8 4 4 11 5 4 4 4 10 8 11 5 4 4 1 9 5 4 4 4 4 4 4 11 11 5 2 9 8 7 11 11 5 4 4 5 10 10 8 0 6 7 7 7 7 0 6 7 8 11 7 7 10 2 8 6 7 10 10 7 8 7 8 10 10 8 2 6 4 4 1 9 7 11 5 5 4 10 8 11 5 4 4 11 10 8 8 11 5 4 4 4 11 11 5 4 2 11 9 5 5 11 2 11 11 5 4 4 5 10 6 8 7 10 8 10 10 7 7 8 7 7 8 0 7 9 10 8 2 10 8 9 4 4 4 4 4 5 10 10 8 8 4 4 4 11 11 5 2 3 4 11 4 4 11 5 5 11 10 8 8 10 2 10 10 7 8 6 7 8 10 10 7 7 7 7 8 7 7 7 8 11 1 9 5 4 5 10 7 7 8 11 5 11 4 1 9 5 4 4 5 10 7 8 4 11 5 4 4 4 11 11 5 7 8 11 5 4 11 11 5 4 11 5 2 9 8 4 4 10 10 0 6 7 7 7 7 7 7 7 7 7 7 7 7 8 7 7 10 8 7 8 11 2 4 4 9 5 4 4 4 11 5 4 4 11 5 10 8 11 5 4 4 1 3 4 4 4 10 11 5 5 11 2 10 10 8 8 10 10 8 7 7 8 10 6 7 7 8 10 10 7 7 7 7 7 8 8 11 4 5 11 1 3 4 5 10 8 10 10 8 8 10 11 2 5 11 4 4 3 4 4 4 5 11 11 5 2 11 3 5 10 7 8 4 11 4 5 7 10 10 7 8 7 7 7 8 10 7 10 8 8 11 5 4 1 3 4 4 11 11 5 4 2 9 4 4 11 5 4 4 4 5 11 2 10 9 8 7 7 7 8 11 2 10 10 6 7 7 8 8 10 2 7 10 6 10 7 7 7 7 7 7 8 8 11 5 4 1 3 11 4 4 5 10 8 10 10 8 8 4 10 2 9 11 5 5 4 4 4 4 1 3 4 11 4 10 8 2 6 10 7 0 9 8 8 1 11 3 4 4 5 4 4 4 4 10 8 11 11 5 4 4 5 11 2 10 9 8 8 7 7 7 10 8 11 2 7 7 10 9 8 5 4 4 4 4 4 11 11 4 4 0 6 7 7 7 7 8 7 7 7 7 10 8 2 9 5 10 10 7 8 8 10 10 7 0 6 7 7 7 8 8 11 5 10 10 2 8 9 5 11 4 11 5 2 6 4 4 4 4 4 4 4 4 4 4 11 5 11 11 5 11 4 2 4 4 5 9 5 10 10 7 7 7 8 7 7 8 11 5 10 10 7 8 10 7 7 7 7 7 7 2 8 7 10 9 8 8 11 4 1 3 4 4 5 4 4 4 11 4 5 10 0 10 8 8 3 11 11 5 4 4 4 5 4 10 10 0 8 7 7 7 7 7 6 7 7 7 7 7 7 10 8 8 11 5 10 10 8 2
ppo_x50_b_fd_l4_noshaped,31,qv22_37,22,226,True,1349.0,15.772324562072754,8 7 5 9 10 8 7 5 10 10 8 7 5 10 10 8 7 5 10 10 8 8 11 5 10 10 7 8 8 10 10 8 8 11 5 10 10 7 8 8 10 10 8 8 4 10 8 11 1 3 4 11 5 2 3 4 4 4 11 11 2 3 4 4 11 5 4 5 11 2 9 11 5 5 7 0 9 0 9 8 7 8 10 10 8 7 7 10 2 8 10 10 6 7 8 7 5 1 4 9 5 4 4 11 11 2 3 4 5 11 11 2 3 4 5 4 11 4 10 8 8 10 0 9 8 5 10 10 0 6 7 7 7 7 7 8 7 7 10 8 8 10 10 7 7 8 8 1 3 11 4 10 8 8 11 10 2 8 10 10 7 8 8 9 5 4 4 4 4 4 10 11 5 5 11 4 4 5 10 10 2 6 8 10 7 8 10 10 7 8 2 9 5 4 11 11 5 5 11 4 1 3 5 1 3 4 4 4 11 5 11 11 2 5 10 6 8 10 10 8 8 11 2 3 10 11 5 5 4 4 4 4 4 10 10 0 6 7 8 7 7 7 7 8 7 7 10 10 8 8 10 2 7 7 11 11 5 5 6 4 11 10 7 8 7 7 7 7 8 10 2 3 11 11 2 3 1 4 3 5 4 4 4 4 4 4 4 4 4 11 5 10 10 8 2 11 5 4 3 10 10 8 7 8 4 10 10 8 7 8 4 10 11 5 5 4 4 11 11 5 5 10 7 8 10 10 7 7 7 7 7 7 8 7 7 7 7 8 11 5 10 2 4 9 5 10 10 7 8 7 7 8 4 1 4 9 5 4 4 11 4 4 4 4 5 10 10 2 8 9 10 8 8 11 5 11 10 7 8 8 10 10 8 8 10 10 7 8 2 10 9 8 8 11 4 8 11 8 11 8 11 8 11 5 4 4 4 11 4 4 11 5 4 1 3 4 4 5 4 4 11 5 7 7 11 10 8 8 10 10 7 8 8 10 8 10 10 8 4 4 5 7 10 8 11 4 11 4 5 7 7 0 6 7 10 8 7 7 7 7 7 7 8 1 3 4 4 11 4 5 11 11 1 3 4 8 8 11 4 5 4 4 4 4 10 11 5 5 11 11 4 5 4 4 5 10 0 9 8 8 7 0 6 7 7 7 7 0 9 8 4 1 11 4 3 4 5 11 11 5 5 11 11 5 5 10 2 6 10 10 8 7 7 0 6 8 4 11 4 4 4 5 11 11 7 7 7 7 8 7 7 7 7 10 8 8 10 10 7 8 7 7 7 8 11 1 9 5 5 11 4 5 10 10 2 8 3 4 4 11 11 5 5 4 4 4 4 4 4 11 5 10 10 2 8 9 5 10 10 0 6 7 7 0 6 8 0 6 8 7 11 10 8 8 10 8 10 7 10 7 8 8 10 4 10 2 6 8 10 10 8 4 4 4 5 10 2 9 7 8 11 4 11 5 4 4 4 4 4 11 5 5 4 11 11 5 2 9 4 10 8 8 11 2 11 11 5 4 4 4 3 5 4 0 6 7 7 7 7 11 5 10 10 8 8 10 10 7 2 6 7 8 11 2 9 10 8 8 4 4 11 5 10 10 8 8 7 7 7 10 10 8 7 7 8 11 1 3 4 4 5 4 11 4 5 4 11 5 10 10 7 7 8 8 7 7 11 11 2 5 4 3 4 4 4 4 4 4 4 4 4 11 4 5 10 8 10 10 8 7 8 4 11 2 3 4 10 10 0 8 7 6 8 10 10 7 7 7 7 7 7 7 7 8 8 11 2 4 4 4 4 10 9 5 5 4 4 11 11 5 2 10 8 10 10 7 7 7 7 6 7 7 7 7 8 7 8 11 5 4 11 4 5 10 8 7 10 10 8 8 4 4 11 4 4 5 11 4 5 7 7 10 7 10 8 8 4 1 3 4 4 4 11 5 4 4 11 4 4 4 4 11 5 2 11 3 10 8 8 11 10 8 8 7 10 10 7 7 8 2 10 7 8 7 10 10 8 10 8 7 8 9 5 10 10 8 8 4 10 11 5 5 4 4 10 8 11 11 5 4 5 4 4 4 4 4 1 9 5 4 11 4 4 4 11 2 3 5 7 0 6 11 5 10 10 8 8 7 10 7 8 10 10 8 2 10 6 8 7 7 7 10 8 11 11 5 2 7 9 8 7 10 7 10 8 7 7 8 1 3 4 10 8 1 3 4 4 4 4 4 4 11 4 11 5 4 5 10 10 2 8 3 4 4 11 4 11 5 5 10 8 11 11 5 4 4 0 6 10 8 7 10 8 8 10 10 8 8 10 8 10 10 2 6 8 10 2 9 10 8 8 4 4 11 10 8 4 2 3 11 5 4 10 10 8 7 8 0 6 10 10 8 7 8 7 11 1 9 5 4 5 11 11 2 5 10 8 4 11 3 11 5 4 4 4 5 4 4 4 11 11 5 5 10 2 7 7 9 10 8 7 8 7 7 0 7 7 7 7 7 7 6 7 7 7 11 10 8 8 11 5 1 3 4 4 1 9 5 4 4 4 4 11 4 4 4 5 11 11 2 5 7 10 7 7 7 7 8 11 11 5 5 9 8 7 7 11 10 8 8 10 10 7 7 8 8 10 10 7 8 8 10 8 1 9 11 5 5 10 8 11 5 4 4 4 4 10 8 11 11 5 4 4 4 4 4 4 4 11 5 2 3 11 5 4 11 7 11 5 5 4 10 10 8 7 7 7 8 11 5 7 10 10 8 8 4 4 4 4 11 5 10 7 10 8 7 10 8 10 8 8 10 10 8 10 7 7 7 7 8 7 7 7 7 8 1 4 3 11 11 5 11 5 5 4 4 4 4 4 4 4 4 11 5 10 8 7 7 7 10 11 5 5 4 11 11 5 5 4 11 11 5 2 11 4 5 3 10 10 8 8 10 10 2 6 8 10 10 8 7 7 10 8 10 8 7 8 11 11 2 5 3 10 10 7 7 8 7 7 10 8 2 9 8 7 11 11 5 5 7 10 7 10 8 8 4 4 4 4 4 4 4 11 11 4 4 4 2 5
ppo_x50_b_fd_l4_noshaped,32,qv22_38,22,229,True,1364.0,13.694346189498901,8 8 10 10 8 7 5 10 10 8 8 11 5 11 11 5 4 5 9 10 8 7 7 7 5 10 2 10 10 6 2 8 9 10 8 7 5 10 10 8 8 11 5 10 10 7 8 8 11 5 10 10 7 8 8 10 10 8 8 1 11 5 4 9 4 10 8 7 8 4 11 1 4 3 5 4 4 11 11 5 5 7 7 7 10 8 4 4 4 4 4 11 11 2 4 5 9 7 7 8 10 10 8 7 8 10 10 7 8 8 10 10 7 7 7 7 8 8 11 4 5 10 10 8 8 11 4 10 8 8 10 10 8 8 4 4 4 4 4 4 4 4 1 9 5 11 10 8 8 4 11 4 5 11 4 4 4 11 2 3 4 4 4 5 10 8 11 11 2 5 10 8 10 10 8 9 8 8 7 10 10 2 8 10 10 6 8 7 0 7 7 10 8 6 8 10 10 8 10 8 7 8 10 8 4 1 9 4 4 1 3 4 4 4 5 4 4 4 11 4 1 3 4 4 4 5 11 11 2 5 10 8 10 10 7 7 7 8 8 7 10 10 8 8 10 10 7 7 6 7 7 7 8 8 11 10 8 7 7 8 4 4 4 4 11 4 2 4 4 9 5 4 4 4 4 11 4 4 4 5 11 5 10 7 10 7 7 2 8 10 10 7 6 7 7 7 7 7 8 8 4 4 4 11 2 9 5 4 11 11 2 5 7 10 7 10 8 8 10 10 7 6 8 7 8 11 4 2 3 4 4 4 4 4 11 4 4 4 5 4 11 2 7 10 9 8 7 7 7 8 10 10 7 7 8 8 10 10 8 2 10 10 8 8 9 10 8 8 11 5 10 10 8 2 3 4 11 4 4 4 4 4 4 4 5 7 11 11 5 4 5 11 11 2 5 10 8 10 9 8 7 8 10 10 8 8 4 10 11 7 8 7 7 8 10 10 8 2 7 9 10 8 8 4 1 3 4 4 4 11 5 11 11 4 5 5 11 11 5 4 4 5 4 4 4 4 11 5 4 11 2 7 9 10 8 7 7 7 7 8 11 1 3 4 4 5 11 2 10 9 8 8 10 10 8 7 0 6 8 7 7 11 10 8 7 8 7 7 10 10 2 8 9 8 4 4 1 9 5 11 11 5 2 11 3 4 11 5 4 4 5 10 10 8 2 11 5 3 4 11 11 5 5 0 6 7 10 10 8 7 0 6 7 7 7 7 7 10 8 2 6 7 10 8 10 10 8 4 2 3 4 4 4 4 4 11 4 4 4 4 4 5 10 10 2 8 11 5 3 4 10 10 8 7 7 8 11 4 5 10 10 8 8 10 10 8 7 10 8 8 4 4 4 4 4 4 1 11 3 4 5 11 2 3 11 11 5 11 4 8 2 6 7 7 7 7 7 7 7 7 7 7 7 10 8 11 2 11 5 11 4 3 4 4 4 4 5 11 2 10 10 8 7 7 8 10 10 7 6 7 7 8 7 0 6 8 10 4 10 7 8 7 7 8 11 11 2 5 9 8 4 4 10 10 2 8 10 9 8 8 11 5 4 4 4 4 4 4 4 10 10 7 8 8 10 2 9 10 8 8 7 11 10 8 7 8 11 1 8 9 11 5 1 3 5 4 4 10 8 4 4 10 10 8 8 10 7 11 2 3 4 4 4 4 5 4 11 4 4 4 5 4 10 11 2 7 5 11 11 5 4 5 9 8 10 10 2 8 6 10 10 7 8 7 7 7 7 7 8 10 10 8 8 4 4 11 4 4 10 8 8 11 2 3 11 11 5 5 4 4 4 4 4 4 11 5 11 2 10 6 7 8 7 7 7 7 10 10 8 7 7 7 7 8 10 10 8 7 7 8 1 3 4 4 4 1 3 4 4 4 4 4 4 4 10 8 11 11 5 4 5 4 11 11 2 3 4 5 10 10 8 7 7 8 11 2 10 10 6 7 7 7 2 6 7 7 8 4 10 10 8 7 7 10 8 2 9 8 10 10 7 8 7 8 4 11 4 4 4 4 5 11 4 2 11 4 3 4 4 5 10 10 2 8 10 10 6 8 8 10 10 8 2 10 7 9 8 7 7 8 10 2 9 10 8 8 4 1 4 3 4 4 11 4 4 4 4 4 4 4 5 4 11 5 10 10 2 8 7 7 7 6 7 7 11 7 7 7 10 8 8 4 11 4 10 8 8 11 1 3 4 4 4 5 11 11 4 4 2 5 11 5 11 3 11 4 5 5 10 11 5 4 2 9 10 8 0 6 8 7 7 7 11 5 10 10 5 10 2 6 7 7 7 7 7 7 7 8 11 4 10 8 4 5 10 7 8 10 10 7 8 7 7 8 1 11 4 4 3 4 4 11 5 5 1 4 4 4 4 4 4 10 8 11 11 5 5 9 11 5 4 5 11 4 2 10 10 6 8 7 8 10 10 7 7 2 8 10 7 10 6 8 10 8 8 11 4 2 9 5 10 10 8 7 8 7 10 8 11 7 10 8 8 1 3 1 3 4 4 11 4 4 4 4 4 4 4 4 4 5 7 11 2 10 10 8 8 10 10 7 6 7 7 7 7 8 8 10 10 8 8 11 10 8 8 10 10 7 7 8 8 11 4 10 8 8 11 1 3 5 4 4 4 11 11 2 3 1 3 4 4 5 10 2 9 11 5 4 5 10 10 8 7 7 7 8 11 4 4 4 5 4 11 5 4 4 10 10 8 7 8 10 10 7 8 7 7 7 8 4 4 10 10 8 7 8 7 7 11 10 8 8 10 10 8 8 4 4 4 10 2 9 8 11 11 5 4 4 4 4 4 5 4 4 11 4 5 11 0 9 8 8 10 7 10 8 7 7 7 10 8 8 11 10 8 8 1 3 4 11 4 1 3 5 4 11 4 4 11 5 4 4 5 11 11 5 4 5 0 6 7 7 7 7 7 7 10 8 10 10 2 8 11 4 4 4 4 4 3 4 4 4 5 11 2 10 10 8 6 8 10 10 8 8 10 10 7 8 7 7 7 7 7 8 11 2 10 10 8 8 10 10 6 8 7 7 8 10 10 8 2 4 4 4 4 4 4 4 4 11 11 5 4 5
ppo_x50_b_fd_l4_noshaped,33,qv22_39,22,229,True,1407.0,13.673971176147461,8 8 9 10 8 8 11 2 9 10 8 4 5 10 10 2 5 10 10 7 8 7 5 9 10 8 8 11 5 10 10 7 8 8 10 10 8 8 11 5 1 4 4 11 3 5 11 11 5 7 7 8 11 7 10 0 8 8 10 10 8 8 10 10 8 8 9 10 8 8 11 5 10 10 7 8 8 11 4 2 10 10 6 7 8 8 11 5 11 1 4 9 5 4 5 4 11 5 11 11 2 5 7 11 5 4 6 10 10 8 8 7 10 10 7 7 2 8 6 7 10 10 7 8 8 11 5 1 10 10 8 8 4 11 3 4 4 4 1 3 5 11 5 4 4 4 4 11 11 5 5 4 4 4 4 11 4 5 7 0 9 8 10 10 8 0 6 7 7 8 11 10 7 7 7 7 8 2 10 10 7 8 9 8 8 11 10 8 8 10 10 2 8 9 5 10 10 8 8 4 4 4 1 3 1 3 4 4 4 4 4 4 4 4 11 5 10 7 0 6 8 7 7 7 7 7 7 7 7 7 10 8 4 11 4 4 11 5 2 10 6 7 8 11 11 4 5 1 3 5 4 11 4 11 5 5 4 4 4 4 4 11 11 5 4 4 2 9 10 8 8 11 10 8 8 10 10 7 7 8 7 8 11 4 5 10 7 10 8 8 10 7 8 1 11 11 5 5 9 8 4 4 11 11 5 5 10 11 2 5 6 7 7 10 10 2 6 7 8 4 11 5 10 10 7 8 7 7 8 7 10 10 2 8 11 3 4 4 4 4 5 4 4 4 4 4 4 4 11 5 11 5 10 7 8 4 10 10 7 8 2 6 10 7 7 10 7 7 7 8 7 8 10 10 7 8 8 7 10 11 2 5 11 9 5 4 4 4 5 10 7 7 8 11 4 4 5 4 4 4 11 5 11 4 4 11 5 2 9 8 11 4 10 8 7 7 7 7 8 11 4 5 11 4 4 4 4 5 4 10 10 8 7 7 7 8 10 10 8 8 10 10 7 8 7 7 7 8 11 2 10 10 6 7 7 7 7 8 8 1 11 5 4 9 10 8 8 11 1 3 5 4 4 4 4 4 4 11 4 5 4 4 4 1 4 4 11 5 7 10 6 7 10 8 8 11 5 10 10 7 7 7 8 7 7 7 8 4 4 11 1 4 3 4 5 10 10 7 8 10 8 8 4 10 10 8 8 11 1 3 4 4 4 4 11 5 2 9 5 4 4 10 10 8 7 8 10 10 8 4 5 4 11 5 4 11 11 5 4 5 0 6 7 7 7 7 0 7 7 10 8 10 10 6 7 7 7 8 7 7 7 8 4 11 10 7 8 8 11 2 4 3 4 1 9 5 4 4 11 5 4 4 4 4 4 4 10 10 2 8 11 3 4 4 5 11 2 3 4 4 10 10 0 8 7 7 7 8 10 10 6 7 8 7 7 7 8 11 4 5 4 4 10 10 7 7 7 7 8 7 8 4 11 10 7 8 8 10 7 10 8 8 4 1 11 5 9 7 7 8 4 4 11 11 5 5 10 8 4 4 4 4 4 4 10 10 8 10 8 0 6 7 8 11 2 4 11 4 4 4 3 4 4 4 4 4 4 5 11 11 5 2 10 7 7 6 7 7 10 8 7 8 4 11 5 10 7 10 7 7 8 7 7 7 7 7 7 8 11 4 1 4 3 4 4 5 1 11 3 4 4 4 4 4 5 4 4 4 4 11 5 10 10 8 2 3 11 5 10 10 7 2 6 7 7 7 10 8 7 7 7 7 10 8 8 11 5 10 10 7 7 7 7 8 8 10 10 8 8 1 3 4 11 4 5 11 5 4 11 4 5 11 11 5 2 4 4 4 3 4 4 4 11 5 10 10 2 8 6 7 7 7 10 7 7 7 8 10 10 7 7 7 7 8 8 11 4 5 10 2 10 9 8 10 8 8 4 4 11 5 4 1 9 5 4 4 4 4 4 4 4 11 5 7 10 10 2 7 7 8 11 4 4 3 4 4 4 5 11 2 6 7 7 10 10 7 7 7 8 7 8 10 10 8 7 8 10 10 7 7 8 2 9 10 8 8 4 1 3 11 10 2 8 3 1 4 4 4 3 4 4 4 4 4 4 4 4 4 4 11 4 5 4 10 2 10 9 8 7 7 7 8 1 9 4 4 4 4 5 10 7 0 10 6 8 8 10 4 5 10 7 10 8 7 8 10 10 8 7 7 7 7 8 7 11 10 8 7 10 8 8 4 4 1 11 3 4 4 4 5 11 5 11 4 4 4 4 5 10 10 2 6 8 7 10 8 10 10 7 7 2 6 7 8 10 10 8 8 4 4 11 5 10 10 2 8 10 7 7 7 9 8 7 8 1 4 9 5 11 5 11 11 4 5 5 11 2 3 11 5 4 11 5 4 11 4 4 11 5 4 11 2 3 4 5 10 2 6 10 8 7 11 10 8 8 10 10 7 2 6 7 7 8 11 4 4 4 4 4 4 4 4 4 5 7 10 8 11 11 5 2 3 7 7 0 6 7 7 7 10 10 7 7 7 8 8 7 7 11 5 10 10 8 2 9 8 7 10 8 7 10 10 8 8 4 4 1 3 4 4 4 4 4 4 4 11 4 4 4 10 2 8 10 10 6 8 8 10 2 10 9 8 10 8 8 7 11 2 11 9 5 5 4 1 3 4 4 1 3 4 10 11 5 5 4 11 11 5 2 9 5 7 7 7 7 7 7 11 0 9 8 8 7 10 8 10 10 8 7 7 7 8 1 4 9 10 8 8 4 4 4 4 4 11 5 4 4 11 4 5 10 10 2 6 8 11 4 5 4 4 4 4 11 11 5 2 7 7 7 7 6 7 7 7 7 0 7 7 7 7 7 7 11 5 9 10 8 7 8 7 11 1 3 5 10 11 4 4 4 4 4 2 4 4 3 5 10 8 11 11 2 5 11 4 3 5 11 2 10 10 8 8 10 6 10 8 7 7 7 7 8 4 11 5 10 10 2 7 6 8 7 11 10 8 8 10 10 8 7 8 7 11 2 11 11 5 5 4 4 3 4 10 11 5 5 4 4 11 11 5 5 7 7 7 7 10 8 4 10 10 8 8 4 4 4 4 4 4 4 4 4 4 11 11 5 2 3 10 10 7 7 7 7 7 7 7 7 7 7 7 7 7 7 7 7 8 2
ppo_x50_b_fd_l4_noshaped,34,qv22_4,22,236,True,1423.0,14.073530197143555,8 8 10 10 8 8 10 9 8 7 5 11 11 5 5 10 10 8 2 10 3 4 5 10 10 7 7 8 8 10 10 8 8 11 5 10 2 10 10 6 8 8 10 2 10 10 8 8 10 9 8 8 10 2 10 9 8 8 11 4 4 5 11 4 11 5 4 4 4 4 4 4 2 3 4 11 5 4 10 10 2 10 6 7 7 8 8 7 7 7 7 7 10 7 7 7 8 10 10 7 8 8 11 5 10 10 2 8 10 9 8 8 4 11 8 7 4 4 4 4 11 4 11 5 8 11 4 4 4 4 10 8 2 10 6 10 8 8 1 4 4 3 4 11 11 2 3 4 4 4 4 5 11 2 10 10 6 8 8 7 7 7 10 7 0 6 8 10 10 7 8 10 8 7 10 8 2 10 7 8 10 9 8 5 4 11 1 3 4 4 5 10 11 5 5 11 5 4 4 4 11 11 5 5 11 4 11 5 2 9 8 7 7 7 11 10 8 8 10 10 8 8 11 2 10 10 6 7 7 8 7 7 8 10 10 8 8 4 10 10 2 8 7 11 11 5 3 4 4 5 1 3 1 11 3 4 4 4 4 4 4 4 4 5 11 4 4 2 3 11 11 4 8 7 7 7 8 11 4 10 8 7 8 7 7 7 7 7 7 10 8 10 10 7 8 8 4 11 2 3 4 4 11 5 1 3 1 3 4 4 4 11 4 4 5 11 11 4 8 7 7 8 11 4 5 10 10 7 7 8 8 4 11 2 9 11 5 7 8 10 2 10 10 6 8 8 7 7 7 10 7 0 6 7 8 10 10 8 8 10 10 8 8 11 1 3 5 11 11 2 5 9 8 4 11 4 4 4 4 4 11 2 5 4 4 3 11 5 4 11 4 2 10 10 8 7 6 8 11 5 10 10 7 7 2 6 7 10 7 8 8 10 10 8 8 10 10 7 2 8 9 8 11 5 10 10 7 8 7 7 8 11 1 9 5 5 10 2 10 9 8 8 1 11 4 3 5 10 11 7 2 6 4 4 4 4 4 4 5 11 5 11 4 2 11 4 4 5 4 4 10 11 5 5 3 4 4 10 10 8 7 7 7 7 0 9 8 8 7 10 10 8 8 7 10 7 8 10 8 11 11 4 5 4 8 11 4 1 4 5 4 4 4 3 10 10 8 7 8 10 10 7 8 8 11 5 1 11 3 4 4 5 11 11 5 5 11 4 4 5 10 10 2 6 8 10 7 7 10 2 8 10 10 6 7 7 7 7 8 7 7 7 10 8 8 10 2 9 7 10 8 8 4 1 4 3 4 4 4 10 11 5 5 4 4 4 11 2 9 11 5 7 8 11 5 4 4 4 4 11 11 5 2 3 7 7 10 7 10 8 7 7 8 10 10 0 6 7 8 8 10 7 8 4 4 10 10 2 8 11 3 4 4 5 1 3 4 4 4 11 4 10 8 2 9 10 8 8 11 5 11 4 4 10 2 6 7 10 7 7 7 2 6 8 10 2 10 10 6 7 8 7 10 8 8 4 4 11 2 10 9 8 8 11 2 9 11 5 5 4 1 3 4 1 11 9 5 8 4 4 4 11 11 5 4 4 11 5 4 4 5 10 10 2 8 9 5 10 10 8 8 11 4 4 5 10 10 8 7 7 8 7 7 7 7 10 8 10 10 7 7 8 8 10 10 7 7 8 7 8 11 4 10 8 7 8 11 4 5 1 3 4 4 4 11 5 4 1 3 4 4 11 4 4 11 5 4 5 11 4 4 5 10 10 8 7 10 8 7 8 10 11 5 2 7 10 10 6 8 8 4 4 11 4 4 5 10 7 8 10 10 7 7 7 8 7 8 11 2 10 10 8 7 6 8 4 11 2 9 11 5 4 4 4 4 4 4 4 4 4 5 4 11 5 10 10 2 8 10 7 7 7 7 7 7 7 8 10 10 7 8 6 8 11 5 10 10 7 7 7 7 7 8 8 1 4 9 4 5 10 10 8 8 11 4 5 11 11 2 5 4 3 4 4 11 4 11 5 2 11 9 4 8 7 7 7 8 11 4 4 4 4 4 4 5 4 4 11 5 10 10 7 7 0 6 8 7 7 7 8 7 0 9 5 10 10 8 10 7 7 2 6 8 10 10 7 8 8 10 1 4 5 4 3 4 4 4 4 4 4 4 4 11 10 2 4 5 7 9 7 11 5 4 4 4 4 4 4 5 10 11 2 5 10 10 8 7 6 10 8 7 7 7 5 10 2 7 10 10 8 6 7 8 11 2 10 10 7 6 8 7 10 7 8 5 4 10 10 8 7 7 8 1 9 8 4 4 1 3 4 1 3 4 4 10 7 8 4 11 5 4 4 4 4 11 11 5 4 4 4 5 4 11 2 9 11 5 7 8 10 10 0 8 6 7 7 7 8 11 5 1 3 4 11 5 7 11 11 5 5 10 10 7 7 7 7 7 8 7 8 4 10 10 8 8 10 10 7 7 2 8 3 10 10 7 7 8 8 11 4 10 8 8 1 9 8 11 11 5 5 1 3 4 4 4 4 4 4 4 11 5 10 8 11 11 5 5 0 6 10 8 7 11 10 8 8 1 11 4 9 5 5 11 11 2 3 5 4 11 4 4 4 11 2 4 5 9 8 7 10 10 2 6 7 7 7 7 8 10 10 8 8 1 3 4 4 4 4 11 5 11 11 5 4 2 9 5 10 10 8 0 6 7 8 10 7 10 7 0 6 7 7 7 8 7 7 7 8 4 1 11 4 5 9 10 8 8 4 10 10 7 7 7 8 8 10 7 8 1 4 3 4 4 4 1 11 3 4 4 4 5 11 11 5 5 4 11 11 5 2 7 7 7 10 7 5 10 10 6 8 7 7 7 8 10 8 11 4 4 1 9 5 5 11 4 4 4 10 2 8 3 4 4 4 4 4 11 11 5 2 9 11 5 7 8 4 10 10 2 6 7 10 7 7 7 7 7 7 7 8 8 10 2 10 10 8 8 10 10 7 7 8 8 11 5 9 5 10 10 8 8 4 4 1 3 4 4 4 4 4 4 1 4 3 4 11 4 5 4 10 10 0 6 8 8 7 10 10 8 8 4 10 2 11 11 5 5 10 10 7 7 6 7 7 8 7 7 10 8 8 7 10 8 11 11 5 2 11 11 5 5 4 4 4 4 4 4 4 4 4 4 11 11 5 9 5 5 4 4 11 11 5 2
ppo_x50_b_fd_l4_noshaped,35,qv22_40,22,235,True,1436.0,14.036080837249756,8 7 10 8 8 10 10 8 8 9 5 10 10 8 7 5 10 10 8 8 11 5 10 10 7 8 8 11 5 10 10 7 8 8 10 10 8 8 11 4 8 11 11 5 2 3 10 7 10 7 7 8 8 10 10 8 8 11 5 10 10 2 8 9 10 8 8 4 10 8 11 11 5 1 3 4 11 5 4 4 4 11 5 4 5 4 11 11 2 5 9 5 10 8 4 4 4 11 11 2 5 4 9 11 5 5 7 0 9 0 9 8 5 7 7 7 10 7 7 7 8 10 10 7 7 2 7 6 8 10 7 8 7 11 11 5 1 4 5 10 9 8 8 10 2 3 11 11 4 5 11 5 4 4 11 5 2 3 4 4 11 4 4 5 10 10 8 8 10 2 3 10 10 7 8 7 8 7 0 9 8 10 10 8 2 9 11 5 8 11 11 5 2 9 11 5 5 4 4 11 4 5 10 10 4 4 4 2 4 5 3 10 7 7 7 10 7 8 7 7 10 8 7 7 7 8 11 10 8 8 10 10 7 7 2 7 8 4 3 11 5 4 4 4 4 4 4 4 4 4 4 4 11 4 4 4 5 11 11 2 5 7 7 7 7 7 9 7 7 7 10 7 7 7 8 7 7 8 7 7 10 10 2 8 9 5 11 11 2 5 11 9 8 8 7 10 10 8 8 4 4 4 4 4 11 11 5 5 4 4 4 11 5 4 4 4 4 4 10 11 5 5 11 11 2 5 3 10 10 2 8 10 7 10 6 7 7 8 8 10 10 7 8 7 7 8 4 11 4 2 4 11 4 4 4 4 4 5 3 11 5 4 10 10 8 8 10 10 7 0 6 8 7 7 7 7 10 8 7 7 8 11 4 5 10 10 8 7 8 11 2 3 10 10 8 8 1 4 4 4 11 9 5 8 4 0 10 6 10 8 8 10 10 7 8 8 1 11 9 4 8 8 11 11 5 4 4 4 4 11 5 2 7 7 9 8 1 11 3 4 4 4 1 9 5 7 5 4 11 5 11 11 2 5 11 3 4 5 10 10 7 7 7 7 0 6 8 10 8 8 7 7 7 7 7 10 8 10 10 8 4 2 3 4 4 4 4 4 11 11 5 5 10 8 4 4 4 11 4 5 10 10 2 8 6 10 10 7 8 7 7 5 10 10 7 8 7 8 11 4 5 4 1 3 4 4 4 11 5 10 10 2 8 9 5 11 11 5 4 11 5 2 9 10 8 5 4 4 11 5 10 8 10 10 7 0 8 7 7 7 8 10 10 6 7 7 7 7 7 8 7 7 7 8 4 4 11 4 5 4 10 10 7 8 8 10 10 8 8 11 4 4 5 11 10 2 8 11 4 5 3 4 10 10 8 2 10 7 9 8 7 8 1 4 4 3 4 1 3 4 4 11 4 4 4 4 5 4 11 11 2 5 7 9 8 10 0 6 7 7 7 10 8 8 11 2 9 5 10 10 7 8 7 7 7 8 10 8 7 10 10 8 8 1 3 4 4 4 10 8 11 11 5 4 4 5 10 7 8 11 11 5 5 11 4 11 2 3 4 5 11 4 4 5 4 4 10 11 5 5 4 4 10 2 10 10 8 7 6 8 7 7 10 8 11 11 5 2 7 7 10 7 8 10 10 6 8 8 10 10 7 7 7 8 8 4 4 10 2 9 11 5 5 11 4 10 8 8 11 5 4 4 4 4 4 4 4 4 4 10 11 5 5 10 8 10 10 8 2 10 7 8 4 4 10 11 5 5 4 3 10 11 5 5 4 4 10 10 2 10 7 7 7 7 7 7 7 7 7 6 7 7 7 7 7 7 8 8 4 11 2 4 4 4 9 8 4 4 4 4 11 4 10 2 8 11 3 4 4 4 4 4 5 11 11 5 2 10 8 10 6 7 8 7 10 10 2 8 10 7 10 8 7 8 10 7 7 8 10 7 10 7 8 8 11 5 3 11 10 7 8 8 4 1 3 4 4 4 11 5 11 4 4 5 10 11 7 8 7 7 8 4 11 5 11 1 3 5 4 4 4 11 4 4 4 5 4 11 2 3 10 10 8 2 10 10 8 6 8 10 10 8 8 10 10 7 7 8 8 10 10 7 7 7 7 7 8 7 8 4 4 1 3 4 4 11 4 5 4 1 11 9 5 8 4 11 11 2 3 4 5 0 7 9 8 1 4 3 4 11 11 2 5 11 11 5 3 4 10 5 11 4 8 0 9 8 10 8 7 7 7 8 10 10 2 6 7 7 8 10 10 7 8 8 10 2 10 6 10 8 8 11 10 8 7 8 10 10 8 2 4 9 5 4 11 11 5 4 4 5 10 11 5 5 11 11 5 4 1 9 5 8 11 5 11 11 4 2 3 4 4 4 5 4 0 9 5 10 10 8 7 7 8 7 0 7 7 7 9 0 9 8 7 8 10 10 8 7 8 11 10 8 8 10 10 8 2 10 10 8 6 8 1 9 8 4 4 7 4 7 4 7 11 5 4 4 4 4 1 4 4 4 9 5 7 11 11 2 3 4 4 4 4 4 4 5 10 7 10 8 8 11 5 10 7 10 8 7 8 7 10 10 8 8 10 7 10 8 8 11 10 8 8 1 3 4 4 10 8 11 5 1 3 4 4 4 11 10 8 8 10 10 8 0 6 8 10 7 7 7 8 1 4 4 9 5 4 4 4 4 4 4 4 4 4 4 4 4 11 11 2 5 10 7 8 6 10 10 8 8 7 7 7 0 6 7 7 10 8 10 10 2 7 8 11 5 3 10 11 5 5 4 4 11 11 5 5 11 4 11 4 4 4 2 3 4 5 10 2 10 10 6 2 7 7 10 6 7 7 7 7 7 7 7 7 7 8 5 10 10 8 7 7 8 1 4 4 10 9 8 7 7 8 4 4 4 11 11 2 3 4 4 5 0 7 7 9 8 10 10 2 8 3 4 10 11 5 5 7 10 7 10 8 8 11 4 4 4 5 4 11 4 5 7 11 11 5 5 4 11 5 4 4 4 11 4 5 10 10 2 8 7 6 10 7 7 8 10 10 7 2 8 10 9 7 7 8 7 8 11 2 10 10 8 8 9 10 8 8 4 4 4 1 4 4 4 3 4 4 4 11 4 5 10 2 10 10 8 8 7 7 7 10 7 7 8 11 11 5 5 4 4 4 4 4 4 3 11 5 4 11 4 4 4 4 11 2 5 10 10 7 7 7 7 7 7 8 8 10 10 7 7 7 7 8 8
ppo_x50_b_fd_l4_noshaped,36,qv22_41,22,227,True,1378.0,13.532112836837769,8 7 5 10 9 8 7 5 10 10 8 8 11 5 10 2 10 6 10 8 8 10 10 8 8 11 5 0 6 10 10 7 8 5 10 10 8 8 10 10 8 8 11 5 10 10 7 8 8 10 10 8 8 11 5 1 9 4 4 5 10 10 8 8 11 4 2 3 4 11 11 5 11 5 4 4 5 4 4 4 10 2 11 11 5 5 9 8 4 4 10 10 8 0 6 7 7 10 8 7 7 7 8 11 11 5 7 8 11 4 11 2 5 9 8 4 10 10 0 6 7 8 7 8 10 10 7 7 7 8 8 10 10 8 8 11 2 9 5 11 4 4 4 4 4 4 2 3 4 11 10 8 8 11 2 9 11 5 4 4 11 5 4 4 4 5 10 10 2 8 11 5 10 10 7 8 6 8 7 7 10 7 10 7 7 7 8 7 7 8 10 8 10 10 8 2 3 4 4 11 5 11 4 4 4 5 10 11 4 4 5 5 4 11 11 5 2 9 7 8 11 11 5 4 4 4 4 5 11 11 5 4 2 10 6 7 8 10 10 7 7 7 7 7 7 8 7 7 10 8 7 8 10 10 8 7 7 8 4 1 4 4 4 9 5 4 11 4 11 2 5 4 4 11 5 10 9 5 5 4 11 11 5 7 7 7 8 4 4 11 5 4 4 4 11 5 10 8 10 10 7 7 7 7 7 0 7 7 7 7 6 7 7 7 7 7 8 8 11 4 10 8 8 11 2 4 9 5 11 4 10 2 8 3 4 4 4 4 4 11 5 4 4 10 8 11 5 4 4 11 4 4 5 10 10 8 2 10 7 7 8 9 11 5 5 10 2 10 10 7 7 7 7 6 7 7 7 7 8 7 8 10 7 8 11 4 4 4 5 11 10 8 8 10 10 8 8 11 5 4 4 11 5 10 2 7 7 10 8 9 10 8 8 4 11 4 1 9 5 4 5 4 4 11 5 11 2 9 5 4 10 11 4 4 2 4 4 5 11 4 5 10 10 8 9 8 7 8 10 10 7 7 7 8 7 8 7 11 2 9 11 5 5 10 2 10 7 10 8 8 7 11 3 4 5 4 4 4 4 4 4 4 4 4 4 11 4 5 0 9 8 11 11 5 5 7 7 10 8 10 7 7 7 7 7 7 8 4 10 10 7 7 8 7 7 10 8 8 10 10 8 8 4 4 1 4 3 4 4 4 11 10 8 8 11 1 4 4 3 5 4 11 5 10 8 4 11 11 2 5 7 10 7 5 10 10 8 6 8 10 10 7 7 8 7 7 5 10 10 7 8 8 1 9 8 4 10 10 8 7 8 4 11 4 4 4 1 4 5 3 11 1 3 4 4 4 4 4 4 5 11 4 11 5 2 7 9 8 10 7 7 7 7 7 7 7 10 2 8 10 7 8 10 6 7 8 10 7 10 8 8 4 4 4 4 1 3 4 4 4 4 4 4 4 4 4 4 11 4 4 5 10 10 8 8 10 10 8 4 4 4 4 5 11 2 6 10 10 8 10 8 7 7 7 7 8 11 11 5 4 2 4 11 3 4 5 11 11 2 5 7 10 10 6 8 7 7 0 6 7 10 8 7 8 10 10 7 7 7 8 8 10 10 8 8 1 9 8 11 5 1 10 9 8 5 4 4 4 4 4 4 4 4 1 11 4 3 5 10 10 8 8 11 4 2 10 10 8 8 10 10 8 6 8 10 10 7 7 7 7 8 10 8 4 2 9 5 4 11 7 11 5 5 4 4 11 5 4 4 4 4 4 11 11 2 5 9 7 8 11 11 5 4 5 10 7 7 8 10 10 8 7 7 7 7 8 10 10 2 8 3 4 11 4 4 4 4 4 4 11 5 2 3 4 10 10 8 8 10 11 5 5 10 10 7 7 7 7 7 7 7 8 8 10 10 7 7 7 8 7 7 8 11 11 5 5 11 2 4 4 4 3 4 4 11 10 8 8 11 2 11 10 7 6 7 7 7 8 7 8 4 11 4 4 4 4 4 11 5 4 4 5 4 11 4 4 2 3 11 5 4 4 10 10 0 6 7 7 7 7 7 7 2 7 7 8 10 7 7 7 7 9 8 8 10 2 7 9 10 8 8 4 1 4 11 9 8 8 11 5 1 3 4 1 4 4 4 4 4 4 9 5 11 4 11 4 2 4 5 10 8 9 11 5 5 10 7 7 7 10 7 7 0 6 7 8 8 11 10 8 2 6 7 10 10 8 7 8 4 4 1 3 4 4 4 4 4 10 11 5 5 4 11 2 9 10 8 4 5 10 8 11 11 5 4 2 10 10 8 7 7 7 8 6 7 0 6 7 7 10 8 7 10 10 7 8 2 9 8 4 11 5 4 4 4 4 4 1 4 4 9 5 11 4 11 4 2 3 4 4 5 11 2 3 10 10 8 7 7 7 5 4 4 11 5 10 10 7 8 7 7 7 7 7 10 7 8 8 10 8 10 10 8 8 10 7 10 2 8 9 10 8 8 1 3 4 1 3 4 4 4 11 5 4 4 10 4 5 10 10 2 8 4 11 3 4 4 5 11 11 5 2 9 4 10 8 7 8 4 11 5 10 10 7 7 0 6 7 7 7 7 8 8 11 5 7 7 0 6 7 7 10 7 8 11 11 5 5 11 11 4 2 8 7 10 4 4 11 3 4 4 2 3 5 10 0 10 8 8 9 7 7 7 7 7 8 11 11 1 4 5 5 3 4 4 11 11 5 4 5 1 3 4 4 4 4 4 4 4 11 4 5 7 11 2 10 9 5 5 10 10 8 8 7 7 7 7 7 11 7 7 7 8 10 7 8 11 11 5 4 4 2 9 11 5 5 10 8 4 10 11 2 3 5 4 4 4 11 5 11 11 5 7 7 8 11 2 10 6 10 7 8 10 8 7 7 7 7 8 7 11 11 5 4 2 9 11 5 5 4 10 11 5 5 4 10 10 0 6 8 7 7 10 8 7 7 8 10 10 8 8 11 2 9 10 8 8 7 1 3 4 4 4 11 4 4 4 4 5 4 4 4 4 4 11 5 11 11 2 3 5 7 10 11 2 5 10 10 8 7 8 10 10 7 7 7 7 7 7 6 7 7 8 8 10 10 8 2
ppo_x50_b_fd_l4_noshaped,37,qv22_42,22,229,True,1407.0,17.878246784210205,6 8 2 10 10 8 7 5 10 9 8 7 5 10 2 10 10 8 7 5 9 10 8 8 11 5 11 5 10 10 7 7 8 8 10 10 8 8 11 5 11 4 10 8 2 10 10 6 7 8 8 4 10 8 11 2 11 9 5 5 4 4 4 10 8 11 5 4 4 11 5 4 4 11 11 5 5 7 7 7 7 10 8 4 10 10 8 8 10 10 8 7 8 4 10 2 10 10 8 8 7 7 10 9 8 8 11 5 10 10 7 8 8 10 10 8 8 1 9 5 1 3 11 4 4 4 5 4 4 11 11 4 4 4 4 4 4 2 4 5 9 8 7 7 7 0 6 7 7 7 7 10 7 8 10 8 10 1 10 8 8 3 4 11 5 4 4 4 4 4 4 4 4 4 11 4 5 11 11 5 4 2 10 10 6 7 7 7 8 8 10 10 7 2 6 7 7 7 7 7 7 7 7 7 7 8 11 2 4 9 5 4 4 4 4 4 11 4 5 4 10 10 2 6 8 4 11 1 3 4 11 5 2 3 4 10 10 8 8 10 10 8 7 7 7 8 10 2 9 10 7 8 5 10 8 10 10 7 7 7 8 5 10 8 1 3 4 4 10 8 11 5 4 4 4 10 11 5 4 5 4 4 4 10 10 8 2 10 7 6 7 7 8 10 7 7 7 8 11 4 11 5 4 4 1 3 5 4 4 4 4 4 4 11 5 4 4 4 4 11 11 2 5 10 8 10 10 6 8 0 7 6 7 7 7 7 8 10 10 8 2 10 10 8 8 9 7 5 7 7 10 8 4 4 11 11 5 1 3 4 4 4 5 4 11 11 5 4 5 10 2 3 4 10 11 5 5 10 10 7 7 8 7 8 11 2 11 4 4 5 10 10 7 6 7 7 8 7 7 7 8 7 7 7 7 7 10 8 11 11 5 5 4 1 4 9 4 5 7 10 10 8 8 4 11 5 4 4 4 11 5 10 8 4 4 4 11 11 5 2 9 11 5 7 8 4 11 4 10 8 7 7 8 4 11 4 5 4 4 4 4 10 10 0 6 8 7 7 7 7 7 7 0 6 8 10 10 7 8 8 7 10 10 7 2 7 8 3 11 4 5 10 10 8 8 11 5 10 7 10 7 8 2 9 5 4 11 4 4 4 5 10 8 4 11 11 2 4 5 3 4 4 11 5 10 2 7 9 10 8 7 8 1 4 4 3 4 11 5 11 4 4 4 5 11 11 5 2 7 6 10 8 10 7 10 7 8 7 7 7 7 10 8 8 10 10 8 2 4 9 5 4 10 10 8 7 7 7 8 4 4 4 4 4 4 11 5 11 2 9 11 5 7 7 7 8 11 4 1 3 4 5 4 11 5 4 4 4 4 4 11 5 10 10 7 7 7 8 0 6 7 10 8 8 7 7 7 0 7 7 7 7 7 10 7 8 4 4 3 11 1 3 4 4 4 4 4 4 4 5 11 4 4 5 11 4 5 10 10 8 8 10 10 7 8 8 11 2 3 10 10 7 7 7 8 8 10 10 7 7 7 8 8 4 11 4 5 1 4 4 11 3 5 4 4 11 4 5 11 11 5 2 3 4 4 10 10 8 7 7 7 7 5 10 10 7 7 8 7 8 11 4 4 5 4 11 5 4 4 10 10 8 7 8 10 10 7 7 7 7 7 7 7 7 7 8 8 11 4 4 4 5 4 4 4 10 11 5 4 2 9 10 8 8 10 7 0 6 10 7 7 7 2 8 4 10 10 8 7 8 3 4 4 4 11 5 4 1 3 11 5 10 7 7 7 7 7 8 1 4 9 11 5 4 5 10 7 7 8 4 4 11 5 4 4 4 1 3 4 4 11 4 5 11 4 4 4 11 2 3 5 7 0 6 7 7 10 7 8 10 7 10 8 7 8 10 10 2 7 7 8 11 5 11 3 4 5 4 4 1 3 4 4 4 11 5 10 8 4 4 4 4 11 11 5 2 7 7 7 9 8 10 8 7 10 10 7 2 6 7 8 11 4 5 10 10 7 8 7 10 8 7 7 7 8 4 4 4 11 5 10 10 7 7 7 7 8 7 7 8 1 9 8 11 5 4 4 11 5 4 4 1 11 3 4 4 4 5 11 4 4 11 4 2 5 11 4 4 5 10 10 8 8 7 10 6 7 7 7 11 2 5 10 10 8 7 6 8 11 5 10 10 7 7 8 8 10 10 7 7 8 8 11 4 5 10 10 8 10 8 8 4 1 9 5 4 4 11 4 4 5 10 10 8 8 11 10 7 8 5 0 10 6 10 8 8 10 10 8 8 4 10 5 10 5 10 5 10 5 10 5 10 5 10 2 4 4 4 4 3 4 1 3 4 4 4 4 4 10 11 5 5 10 8 11 5 4 4 11 4 5 10 10 8 8 10 0 6 10 8 7 7 8 4 4 11 4 5 10 10 8 8 10 10 8 0 6 8 4 10 10 8 7 7 8 11 10 8 8 7 10 8 10 10 8 8 1 4 4 4 9 5 11 5 4 4 4 4 4 4 4 4 4 4 4 11 11 5 4 2 10 10 8 7 8 9 5 11 4 5 10 10 8 8 10 10 8 7 7 10 7 7 7 8 8 7 10 7 11 5 2 4 4 4 4 11 4 5 9 10 8 8 11 5 10 10 8 0 6 7 7 8 10 10 7 7 8 8 7 11 2 9 11 5 4 5 11 4 5 4 10 10 8 7 7 0 6 7 8 7 10 10 8 8 4 4 4 11 2 3 4 4 4 4 4 11 4 1 4 4 3 4 5 11 4 4 4 5 10 11 2 5 10 10 7 6 7 7 8 8 7 0 9 10 8 8 10 10 8 8 10 10 7 7 7 7 7 2 8 9 5 7 7 11 11 5 11 5 4 10 5 4 4 4 4 11 5 2 11 3 5 4 4 11 4 4 4 5 10 10 2 6 8 10 10 8 8 10 10 7 8 7 8 7 11 2 9 10 8 7 7 8 7 11 11 5 4 4 4 4 5 11 4 2 10 10 8 6 8 7 7 7 7 0 7 7 10 8 9 11 5 5 4 1 9 4 4 5 4 10 10 2 8 10 10 8 8 10 10 7 8 5 7 10 10 8 8 4 4 3 4 4 4 4 4 4 4 11 4 4 4 4 5 11 11 2 5 10 10 7 7 7 7 7 7 8 8
ppo_x50_b_fd_l4_noshaped,38,qv22_43,22,231,True,1374.0,13.3225839138031,8 7 5 9 10 8 7 5 10 10 8 8 11 5 10 10 7 8 8 10 10 8 8 11 5 10 10 2 8 10 10 8 8 11 4 3 4 4 5 4 4 4 11 11 5 5 10 8 10 10 2 8 10 10 6 7 8 7 7 0 7 7 10 8 8 10 9 8 8 10 4 2 10 10 6 8 8 10 10 8 8 1 9 5 4 11 5 4 11 11 5 5 11 4 5 10 10 8 2 4 4 4 9 4 5 4 0 6 10 10 8 8 7 7 7 7 7 10 10 7 7 8 8 11 1 3 5 4 4 4 11 11 2 3 5 4 4 11 5 4 11 11 5 11 5 4 11 5 2 3 11 11 5 7 7 7 7 8 11 4 5 10 10 8 7 7 7 7 8 4 1 4 4 3 10 7 10 2 7 7 6 7 8 1 4 4 4 11 5 9 10 8 4 5 11 11 5 4 4 4 5 10 10 8 8 4 11 2 10 10 7 8 7 8 10 7 10 6 7 8 7 7 8 4 4 11 5 11 10 2 8 10 10 7 7 8 8 10 10 8 8 10 10 7 7 7 8 8 11 5 9 11 4 8 7 8 4 11 5 4 4 11 4 4 4 5 10 10 2 8 7 7 9 5 10 10 8 2 7 11 5 10 9 8 8 10 10 8 8 11 4 4 5 4 11 4 4 1 3 4 4 4 11 5 2 3 4 4 4 4 4 10 11 5 5 4 10 10 2 6 7 7 10 7 8 7 7 10 8 4 5 10 10 8 7 7 10 8 8 11 4 10 8 7 8 7 11 10 8 8 10 7 10 2 8 4 3 4 11 5 4 10 8 11 11 5 4 5 4 4 4 11 4 4 5 11 4 2 3 10 10 8 8 10 10 2 6 8 4 10 4 4 5 10 10 8 8 10 7 10 8 8 11 1 3 4 4 4 4 4 4 4 5 0 9 5 10 10 7 8 7 7 7 0 7 7 7 6 7 7 7 7 7 7 8 11 4 4 5 10 10 8 2 10 7 10 7 7 8 8 3 4 4 4 4 11 1 9 8 8 11 5 4 4 11 5 4 11 11 5 2 11 3 10 8 2 9 8 10 0 10 6 8 7 7 7 8 10 10 2 8 11 3 4 5 4 11 11 5 2 11 10 8 8 3 4 4 4 11 11 5 4 11 5 5 4 4 4 10 2 10 6 10 8 7 8 10 8 7 11 10 8 8 10 10 7 7 7 7 8 7 7 8 11 2 4 4 11 5 4 4 4 4 4 4 4 11 4 5 9 10 8 8 4 4 4 11 2 9 4 4 5 10 7 10 8 8 4 11 2 9 11 5 7 8 4 11 5 10 10 7 7 0 6 7 8 7 8 4 4 10 10 7 2 6 7 7 8 10 7 10 8 7 8 10 2 10 10 6 7 8 7 8 11 5 1 4 3 4 11 4 4 4 5 4 10 11 5 5 0 10 7 8 10 10 6 0 6 8 8 7 10 10 7 8 8 11 5 1 4 11 9 8 5 4 4 4 4 1 9 5 4 11 11 5 4 5 10 2 10 6 7 8 10 7 10 8 2 6 7 10 7 7 10 7 8 8 1 4 9 8 4 4 1 3 4 4 4 4 4 4 4 1 11 3 5 11 11 5 5 10 8 11 11 5 4 4 4 5 10 10 2 7 8 10 6 7 7 7 10 8 2 9 8 10 0 9 8 4 4 5 10 7 7 7 8 10 10 7 8 8 10 10 7 8 8 11 5 1 4 4 9 5 4 4 11 11 2 5 9 4 5 11 11 5 4 5 4 4 4 0 9 10 8 7 7 7 7 7 8 7 11 10 8 8 10 8 10 10 2 8 10 10 6 7 8 7 7 8 11 11 5 5 1 3 4 4 4 4 4 4 1 3 4 4 11 4 4 5 10 8 10 10 8 8 11 1 4 4 4 3 4 5 0 9 5 10 10 8 7 7 7 7 7 7 7 7 8 11 1 3 4 4 11 5 5 4 11 4 2 10 10 8 8 10 9 8 8 7 10 7 7 10 8 8 11 2 9 10 8 4 5 11 10 8 8 10 7 7 7 7 10 8 8 10 2 7 11 11 5 3 4 4 4 5 4 4 4 1 9 5 11 4 4 4 4 4 1 3 4 4 5 4 10 10 2 6 8 10 4 5 10 7 10 8 2 7 7 7 9 7 7 8 4 11 11 5 2 6 7 10 8 11 4 4 4 11 5 5 7 10 10 8 8 11 4 5 10 10 7 7 8 7 10 8 7 7 7 8 10 10 8 2 3 4 10 8 11 11 5 4 4 4 4 4 4 5 10 10 2 6 8 10 10 8 10 8 8 10 10 8 8 7 7 11 11 5 4 4 4 5 4 4 4 4 4 4 4 4 10 11 2 8 9 11 5 5 4 11 2 3 10 10 7 2 6 7 7 8 11 4 5 10 8 7 7 11 5 10 10 8 7 7 7 7 7 7 8 1 11 9 5 4 4 4 5 10 11 2 3 5 10 4 4 4 4 11 2 4 3 4 5 10 10 8 8 7 10 10 8 7 7 7 7 8 7 10 7 7 10 8 8 1 3 1 4 11 11 5 5 4 4 9 5 4 4 4 4 11 11 5 5 11 11 2 5 10 10 6 8 8 10 10 7 0 6 7 7 7 8 7 7 8 10 7 10 8 7 8 4 11 2 3 10 10 2 8 9 5 10 10 8 7 7 8 4 10 10 8 8 4 1 3 10 11 5 5 4 4 4 11 11 5 4 2 11 9 5 5 4 10 2 11 9 5 5 11 4 4 1 9 5 8 4 11 11 2 5 9 5 10 8 10 7 10 0 7 6 8 7 7 7 7 10 8 8 7 11 11 5 5 11 11 5 5 10 7 8 10 7 10 8 8 1 4 11 4 3 4 4 4 4 11 5 2 10 7 10 8 8 9 10 8 8 11 5 10 10 7 7 8 8 10 10 8 7 10 8 2 9 10 8 7 8 1 3 4 4 10 8 11 11 5 4 4 4 5 10 11 5 5 4 4 4 11 11 5 4 4 4 5 4 11 11 2 3 5 11 2 10 10 8 7 7 7 7 8 10 10 7 7 7 7 7 7 8 7 7 6 8 10 10 8 2
ppo_x50_b_fd_l4_noshaped,39,qv22_44,22,229,True,1393.0,13.698910474777222,6 2 7 5 9 10 8 8 10 10 8 8 11 5 10 0 10 6 8 7 5 10 10 8 8 10 10 8 8 11 5 10 10 2 8 10 10 8 8 4 4 11 3 4 4 4 5 4 11 2 9 11 5 4 5 7 7 11 0 9 8 8 10 7 10 8 8 10 8 10 10 0 6 7 7 7 7 8 8 11 10 7 8 8 10 10 8 8 11 2 6 4 4 4 4 4 4 4 4 4 11 4 4 5 4 11 4 11 2 3 4 4 4 5 7 10 11 2 5 10 10 8 7 7 8 10 10 6 7 7 7 7 8 8 10 10 7 7 8 8 10 8 10 7 8 4 1 4 4 4 4 9 5 4 11 4 4 4 4 5 4 4 4 4 4 11 11 2 5 10 7 7 7 6 7 7 7 8 0 7 7 10 8 10 10 7 6 8 7 7 8 11 2 9 4 4 5 4 4 4 4 10 10 2 8 10 10 7 6 7 7 8 7 7 8 11 4 4 5 4 1 4 11 4 4 3 4 5 4 4 11 5 4 4 11 11 5 2 3 4 10 0 6 10 7 7 7 7 8 8 10 7 7 7 8 10 10 8 8 11 2 10 10 6 7 7 7 7 8 8 11 4 5 4 1 3 4 4 4 4 4 4 4 11 10 8 8 11 2 9 10 8 8 10 0 6 7 8 10 10 2 8 7 10 10 6 7 8 8 1 11 9 8 8 4 10 8 11 5 4 4 4 11 4 4 5 4 4 4 10 8 11 11 2 4 9 5 4 11 5 2 9 4 5 10 10 8 8 11 4 4 11 5 4 4 2 9 5 10 10 8 7 8 7 7 10 10 8 7 5 7 10 7 7 10 8 8 4 10 10 8 7 7 7 7 7 8 11 11 2 5 10 8 4 11 11 5 5 3 4 4 4 4 11 4 4 4 5 7 7 7 11 11 4 5 11 5 4 4 4 5 10 10 4 2 3 5 11 11 5 2 6 10 7 8 10 10 8 0 6 7 8 7 10 10 2 6 7 8 10 7 8 4 1 10 9 8 7 7 8 11 4 4 2 3 4 4 4 11 11 2 5 11 11 5 4 4 4 5 7 10 8 11 11 5 5 7 10 7 6 8 10 10 8 7 8 10 10 7 7 7 8 8 7 11 10 8 8 10 7 10 8 8 7 11 5 4 4 4 4 4 4 10 11 5 2 11 5 9 7 7 7 7 8 4 11 4 11 5 4 5 4 1 3 4 4 4 4 10 11 5 5 7 10 7 8 11 11 2 5 9 8 4 4 4 4 4 10 10 0 6 8 7 7 7 7 7 7 8 11 4 4 4 4 5 7 7 10 8 10 10 7 8 7 10 8 7 8 11 2 11 4 4 4 5 11 10 8 8 10 10 8 8 10 10 6 8 0 7 6 7 8 10 7 10 8 2 9 5 11 11 4 5 5 4 4 10 10 2 8 11 5 11 3 4 4 4 4 11 5 2 9 5 10 10 8 4 4 5 4 4 4 4 11 11 2 5 7 9 5 7 10 10 8 0 6 7 8 7 7 7 7 7 11 5 10 10 8 8 10 10 7 7 8 8 11 5 10 10 8 8 1 4 3 4 4 11 4 1 3 5 10 10 8 8 11 5 4 4 4 4 11 11 2 3 5 11 7 8 4 11 4 5 7 11 11 5 2 3 4 4 4 10 10 8 7 8 7 7 7 7 0 9 8 10 10 7 7 7 8 8 10 10 8 8 10 10 2 3 5 7 7 10 10 8 8 4 4 4 11 4 5 4 4 1 9 5 4 10 8 0 10 6 10 8 7 7 7 8 11 2 4 4 10 9 8 8 11 10 8 8 11 1 3 4 4 4 5 11 11 5 5 1 3 4 4 4 11 5 10 10 8 8 11 5 4 4 4 4 11 5 0 9 8 10 10 8 7 7 7 7 7 7 8 11 5 4 10 10 8 8 7 10 10 8 2 10 10 8 7 7 7 10 8 7 5 4 9 11 5 4 4 4 4 1 4 3 4 4 4 5 4 11 4 4 2 10 10 6 8 8 10 10 2 6 7 5 7 7 10 10 8 8 11 5 10 10 8 7 7 5 10 10 8 8 10 8 10 10 8 8 11 1 3 4 5 10 8 11 11 5 4 4 4 4 5 4 4 4 4 4 11 4 5 10 7 8 11 11 5 2 9 5 4 11 11 5 4 4 2 10 10 8 8 7 7 7 7 7 7 7 7 11 5 9 10 8 8 10 7 7 8 7 11 11 7 7 8 5 10 7 10 7 8 8 4 4 1 11 3 4 4 4 4 5 11 4 2 9 11 5 4 5 0 6 7 7 0 9 8 10 10 8 8 10 10 2 8 11 5 4 4 11 9 5 11 5 5 4 11 5 4 4 11 5 4 4 10 11 5 5 4 10 10 8 7 0 9 8 7 8 10 8 10 10 8 7 7 8 10 10 7 7 8 8 10 10 2 8 9 10 8 8 1 3 4 4 11 4 4 4 4 4 5 11 4 4 4 5 7 7 0 7 9 10 8 8 7 7 11 10 8 8 10 10 2 8 11 5 10 10 6 8 7 7 7 7 8 11 4 10 2 10 8 8 4 3 4 4 11 10 8 8 4 4 4 4 1 9 11 5 5 4 4 4 4 4 4 11 11 5 4 4 5 10 10 8 10 8 7 7 7 8 11 2 11 5 11 11 5 4 4 4 4 5 9 8 10 7 8 7 7 7 7 7 7 7 7 0 7 7 7 10 7 8 6 4 11 11 5 5 11 7 11 5 2 9 11 5 5 11 11 5 5 7 10 0 6 11 5 4 4 4 4 5 0 7 6 10 8 7 7 7 7 11 10 8 8 7 7 10 7 10 8 2 9 8 4 11 5 4 4 4 4 10 11 5 5 4 4 4 4 11 4 4 4 1 3 4 4 4 5 10 11 2 5 10 10 7 6 8 7 8 10 10 8 8 11 4 4 5 10 10 8 7 7 8 10 10 8 8 11 4 5 10 10 7 8 8 7 10 10 8 2 10 8 9 8 7 10 10 8 7 8 1 9 8 4 4 4 11 11 4 5 4 4 1 3 4 4 4 4 5 10 1 9 8 8 10 10 7 7 8 8 10 10 2 7 6 8 4 4 4 4 4 4 4 11 11 5 4 4 5
ppo_x50_b_fd_l4_noshaped,40,qv22_45,22,233,True,1459.0,13.90226674079895,8 7 11 8 5 10 10 8 8 10 10 6 2 7 5 9 5 11 4 11 4 2 5 10 10 8 7 8 7 10 10 8 7 5 9 10 8 8 11 5 10 10 7 8 8 11 5 10 10 7 8 8 10 10 8 8 11 5 4 4 1 4 11 5 3 11 4 11 5 4 4 5 10 10 2 8 10 10 7 6 8 7 8 10 2 10 10 6 0 6 2 8 10 6 10 7 8 8 10 2 3 4 4 10 10 2 7 8 10 10 8 8 9 10 8 8 11 5 1 3 4 11 5 11 11 5 11 5 4 5 11 4 4 4 4 4 4 4 5 10 8 10 10 7 2 8 7 9 8 7 7 10 10 7 7 8 5 10 7 8 4 10 10 7 8 8 4 1 3 11 4 4 5 11 5 4 4 4 4 11 11 5 2 9 5 4 4 4 4 4 10 10 0 6 8 7 7 10 8 8 10 10 7 7 7 7 8 7 7 8 7 10 10 8 8 10 10 8 8 4 4 4 4 11 10 2 8 3 11 5 4 4 11 4 5 11 11 5 4 4 4 11 2 5 9 8 11 5 10 8 10 7 7 10 7 7 7 7 2 7 6 8 1 11 4 5 10 9 8 8 1 3 4 4 11 5 4 11 11 2 5 3 4 4 4 10 10 8 7 0 6 7 7 7 7 7 7 7 7 8 10 2 6 11 10 8 8 7 11 11 5 4 5 4 1 4 11 9 5 8 11 4 4 4 4 4 4 4 1 4 3 4 5 11 2 3 10 7 10 8 7 7 7 7 8 11 2 10 10 6 0 6 7 8 8 11 10 8 7 8 10 10 7 8 7 7 7 8 4 4 4 4 10 8 7 11 11 2 5 3 11 5 4 4 1 3 4 11 5 11 11 2 4 4 5 9 7 7 7 8 7 10 10 8 8 10 7 7 7 7 7 8 4 1 3 4 4 11 10 8 8 11 5 4 11 4 4 5 11 11 5 4 5 11 11 5 11 5 5 0 9 5 10 10 8 5 4 11 5 10 8 10 7 7 7 10 2 7 7 7 7 8 9 8 1 4 11 3 4 4 4 5 4 4 4 4 4 11 4 5 10 11 2 5 10 10 6 2 10 6 8 8 11 5 4 10 11 5 5 10 10 7 7 7 8 7 7 7 7 10 7 7 8 8 10 10 7 8 7 8 4 1 4 11 9 8 8 11 5 4 4 11 11 2 5 9 8 7 7 11 5 4 4 4 11 2 11 9 5 8 11 4 5 4 4 11 11 2 5 10 10 7 7 7 6 7 2 6 7 7 2 10 6 8 10 10 8 8 1 11 3 4 4 4 11 2 5 3 10 10 7 8 8 10 10 7 7 8 8 10 10 7 7 7 8 8 4 10 8 11 11 5 4 5 10 8 10 7 8 11 4 1 9 5 4 4 5 4 11 5 11 11 5 4 11 5 4 4 5 11 11 5 2 3 10 7 8 11 11 4 8 7 7 7 7 8 4 4 10 11 5 5 10 2 6 4 11 4 11 5 4 4 5 11 10 2 8 10 7 6 10 7 7 0 6 7 7 7 7 7 7 7 7 7 8 8 11 5 4 10 11 2 5 4 3 4 11 5 7 10 10 7 8 8 11 5 10 10 7 7 8 8 10 8 1 3 4 1 4 3 4 1 4 3 4 11 4 10 8 8 7 11 2 9 10 8 8 10 4 2 6 0 7 7 10 7 9 8 8 1 3 4 4 4 4 4 4 1 3 11 5 4 11 4 4 4 4 11 2 5 9 8 10 8 11 11 5 5 11 11 5 2 3 7 7 7 7 7 10 7 10 8 7 7 10 8 2 9 8 11 4 5 10 10 8 7 8 7 1 11 3 11 5 7 7 7 8 4 4 4 4 11 5 4 11 11 5 4 2 3 4 1 11 5 3 4 10 10 8 7 5 10 10 8 8 10 10 8 7 7 0 6 7 7 8 10 10 2 8 10 7 8 7 9 8 4 4 4 4 4 4 4 4 4 11 4 11 5 2 9 11 4 5 8 7 7 7 11 5 10 10 8 7 7 10 8 8 10 2 10 7 10 8 7 7 6 8 1 9 10 8 7 8 4 1 3 4 11 5 10 10 8 8 4 11 4 4 5 10 8 7 10 10 8 7 8 4 4 4 11 4 4 4 5 11 11 2 5 11 5 4 3 10 10 8 8 7 0 7 11 9 8 8 4 4 11 5 4 11 11 5 5 11 11 5 4 5 7 7 7 7 10 7 7 7 7 7 8 7 7 11 10 8 8 10 7 10 7 8 5 4 4 4 4 4 4 4 1 3 4 4 4 4 4 4 4 10 11 5 5 4 11 2 3 4 10 10 8 7 10 5 10 5 10 5 10 8 8 7 7 10 7 7 7 7 7 8 4 4 11 4 4 5 10 10 8 8 11 5 4 4 4 4 4 4 4 11 5 10 8 10 10 8 7 8 7 11 5 10 10 8 7 7 7 7 7 7 7 7 8 11 2 4 3 4 4 4 4 11 4 5 4 4 11 5 10 8 10 8 11 11 4 5 2 9 8 11 10 8 8 10 10 7 7 8 8 7 7 10 8 10 10 7 7 8 8 11 5 4 11 10 7 8 8 11 4 10 8 7 7 7 8 11 2 11 4 11 5 5 11 9 5 4 4 4 5 7 7 11 11 5 4 4 4 5 10 10 8 10 8 7 7 0 6 8 11 1 9 5 4 4 8 11 11 2 5 11 4 5 4 10 9 8 7 7 8 11 2 10 7 10 7 8 6 8 11 5 10 10 7 8 7 8 11 10 8 8 7 10 10 8 5 11 4 2 3 4 11 5 4 10 8 11 5 4 4 10 8 11 11 5 4 4 4 4 5 4 4 11 5 4 4 4 10 0 9 8 7 0 6 7 5 10 7 10 8 7 7 10 8 7 7 7 8 1 9 10 8 7 7 8 7 11 5 4 4 4 4 4 4 11 5 11 10 2 8 6 4 11 11 5 4 4 4 4 5 11 11 2 5 9 11 5 4 5 7 7 7 7 7 7 0 6 10 8 7 7 7 7 7 7 7 7 11 5 1 4 4 4 4 4 4 4 3 1 4 4 4 4 4 11 4 5 10 10 8 8 10 7 7 10 7 6 7 8 7 7 7 7 7 7 7 7 7 8 4 11 2 9 10 8 8 10 10 8 8 11 5 4 11 5 4 4 4 4 4 11 5 7 10 0 10 6 2 8 10 10 6 8 8 10 10 2 8 10 10 8 8 3 4 11 4 4 4 4 4 11 5 4 5 4 4 11 4 5 10 10 8 8
ppo_x50_b_fd_l4_noshaped,41,qv22_46,22,230,True,1410.0,13.72150444984436,8 7 10 8 7 5 9 11 5 5 10 2 10 10 7 8 8 9 5 10 10 8 7 5 10 10 8 8 11 5 11 4 5 10 10 8 7 7 10 8 8 11 5 11 1 4 5 9 5 10 10 7 8 7 8 10 10 8 8 0 9 10 8 8 10 10 8 8 11 5 10 10 7 8 8 11 4 2 3 4 11 11 4 5 8 4 11 4 4 5 4 4 4 11 5 4 11 11 5 2 3 4 0 6 7 7 7 11 10 8 8 10 10 7 7 8 2 7 7 9 5 10 10 7 7 8 2 10 9 8 8 10 2 10 10 7 7 8 8 9 5 4 1 3 4 4 4 4 4 11 10 8 8 10 8 4 4 4 4 11 4 11 5 2 3 4 4 4 4 10 10 0 6 7 8 7 8 10 10 7 8 8 10 10 7 7 8 8 1 4 11 9 5 8 10 5 4 4 4 4 4 4 4 4 4 4 11 11 2 5 3 4 10 0 6 8 10 10 7 7 7 7 7 7 7 7 2 6 7 7 8 10 10 7 7 7 8 8 4 10 2 3 4 4 10 10 8 2 9 8 4 4 4 4 1 9 10 8 8 11 5 4 4 4 1 9 5 4 4 4 4 4 4 11 5 4 11 11 5 2 7 7 7 7 7 9 8 10 10 2 8 4 11 3 4 5 11 11 2 5 7 10 8 10 10 7 7 7 6 8 0 9 8 8 10 10 7 7 7 7 7 2 8 9 7 8 11 11 5 5 10 2 11 3 5 4 4 4 4 11 11 2 3 5 10 2 10 8 3 11 1 3 10 7 7 2 7 7 6 8 1 4 3 4 4 10 8 11 5 1 3 4 11 4 4 4 4 4 5 11 11 5 2 3 4 10 8 7 7 11 10 8 7 7 7 0 6 7 7 7 7 7 7 8 10 10 8 7 8 10 10 2 8 3 11 4 4 5 11 11 5 2 9 11 5 4 4 4 5 11 4 2 4 9 5 4 4 11 11 4 4 4 2 5 10 10 8 7 8 10 8 10 10 7 6 7 7 8 7 7 8 11 4 4 2 11 4 5 10 10 6 7 8 8 11 2 10 10 6 8 8 10 10 7 7 7 8 10 8 8 4 10 2 9 10 8 8 4 4 4 10 8 11 2 9 11 5 4 5 11 4 5 10 10 8 8 4 10 8 10 10 8 7 7 8 11 4 4 4 4 5 4 4 11 4 4 4 1 3 4 4 4 4 5 11 5 10 8 7 0 7 7 9 10 8 8 10 10 7 8 8 10 7 10 8 7 7 7 7 8 11 11 2 5 4 9 8 11 5 4 4 4 4 4 4 4 11 4 11 2 5 9 8 11 11 2 11 3 5 5 11 5 10 10 2 8 3 11 5 4 10 10 0 6 7 7 7 7 8 8 10 10 7 7 8 8 1 4 11 5 4 11 5 3 10 10 8 8 10 2 10 10 6 7 8 8 10 10 8 0 7 7 8 10 7 9 8 8 11 4 4 4 5 10 7 8 4 11 1 9 8 5 4 4 11 5 4 4 4 4 4 11 11 2 4 9 5 8 4 11 11 2 5 9 8 4 4 10 10 8 7 7 7 7 8 4 4 4 4 4 11 5 10 7 10 7 8 7 8 7 7 7 7 7 7 10 7 11 5 5 4 10 2 10 10 6 7 7 7 7 7 8 8 4 4 11 5 4 11 5 10 10 7 2 6 8 10 4 10 2 8 9 11 5 5 10 8 11 11 5 5 4 4 4 4 4 4 11 4 11 2 5 10 7 9 8 8 10 10 8 2 3 4 11 11 5 4 4 4 4 4 4 4 5 7 0 9 5 7 7 7 10 8 7 7 7 7 7 7 0 7 9 8 10 10 7 7 2 8 7 9 10 8 8 1 3 4 11 5 4 4 4 11 4 4 4 1 3 4 4 5 10 0 6 8 10 10 2 8 9 10 8 8 11 4 1 3 4 4 4 4 5 10 2 6 7 10 10 7 7 7 7 7 8 8 11 5 10 10 8 7 7 8 1 4 3 4 4 11 5 4 1 9 11 5 7 8 11 4 4 4 11 5 2 3 7 11 10 7 7 0 6 7 7 8 8 10 10 7 7 7 8 8 11 2 4 3 4 4 4 4 4 11 5 7 11 11 5 4 4 4 5 4 4 11 4 5 10 11 5 2 10 10 8 7 9 8 5 11 5 10 10 7 2 6 8 7 7 11 10 8 8 10 10 7 7 7 8 8 10 10 7 7 7 8 8 10 8 4 1 9 5 4 4 4 4 4 4 4 1 9 4 4 5 10 10 7 7 8 8 11 2 11 9 5 8 4 11 5 4 4 4 11 11 2 5 10 8 9 7 10 0 6 7 7 7 7 0 6 8 7 7 7 7 7 10 8 8 11 5 4 4 4 1 11 4 5 4 4 4 11 5 9 11 5 7 8 11 5 4 4 11 11 5 4 4 4 5 4 10 2 6 10 7 7 7 7 8 10 7 10 7 7 7 7 7 7 8 8 11 5 10 10 7 7 7 8 8 11 2 4 9 5 4 4 4 4 4 1 4 4 4 4 3 4 4 11 5 4 11 2 3 10 10 2 7 7 8 3 4 4 4 11 5 4 10 10 8 7 7 7 7 7 7 7 7 0 6 7 7 7 7 7 8 11 11 2 5 4 11 4 4 10 8 8 7 10 10 6 7 7 7 8 8 11 5 1 4 4 3 4 4 11 1 9 5 4 4 5 10 10 8 2 10 7 9 8 8 4 11 2 3 4 4 4 11 4 4 4 4 5 4 10 10 8 7 7 1 9 8 8 10 7 10 8 8 10 10 7 2 7 8 9 5 10 10 7 0 6 7 7 7 8 8 4 4 4 10 8 10 8 4 1 4 4 3 1 3 4 4 4 4 11 5 4 11 11 5 7 7 0 6 8 10 10 8 7 7 8 10 10 8 7 8 11 4 4 4 1 3 4 5 4 4 4 4 11 5 10 2 9 11 5 5 11 5 10 10 8 7 7 7 8 7 10 7 10 2 8 6 10 10 7 7 7 8 8 10 10 8 8 11 2 3 11 5 7 11 5 4 4 4 4 4 4 11 11 5 4 1 3 4 4 5 4 4 4 11 11 5 2 3 10 10 7 7 8 7 7 8 10 10 8 8 10 10 7 7 8 2 10 10 7 7 7 7 7 8 6 8
ppo_x50_b_fd_l4_noshaped,42,qv22_47,22,227,True,1366.0,15.340200185775757,8 7 5 10 10 8 8 10 9 8 7 5 10 2 10 10 8 7 5 9 10 8 8 11 5 10 4 5 10 10 7 7 8 8 10 2 10 10 8 8 10 9 8 8 11 2 10 10 7 8 8 9 5 10 11 5 4 5 11 11 5 4 4 5 11 11 2 5 7 9 8 11 11 5 4 4 4 5 4 11 11 5 5 7 7 7 10 0 6 7 7 7 7 8 11 4 5 10 10 8 2 10 6 7 8 10 7 10 2 8 7 10 10 7 8 5 9 10 8 8 1 9 5 4 4 4 4 4 4 4 4 4 4 11 4 4 11 2 3 4 5 10 2 9 10 8 8 0 9 5 10 7 7 7 7 8 10 7 7 8 10 10 7 7 8 2 10 7 8 6 4 11 11 5 4 4 4 4 4 4 4 5 11 11 5 5 11 4 4 5 10 11 5 4 4 5 11 11 5 2 7 7 7 9 8 10 7 8 7 10 10 8 4 4 5 10 7 8 10 7 7 10 7 2 7 8 11 5 4 4 11 3 5 4 4 11 11 5 4 2 11 9 5 5 7 0 6 7 7 10 8 7 7 7 7 11 5 10 10 8 7 7 7 7 7 7 8 7 11 11 5 4 4 4 10 8 2 9 8 11 5 4 4 4 11 4 5 11 4 11 2 5 9 5 4 11 5 10 7 10 8 7 7 7 10 7 8 8 4 11 5 11 4 5 10 10 7 7 7 8 8 11 4 4 4 1 3 4 4 4 4 4 4 5 7 10 8 4 4 4 4 4 10 10 8 0 9 8 8 7 7 7 7 10 7 7 7 7 7 8 10 7 10 2 6 7 8 11 1 3 5 4 4 11 11 2 5 10 8 7 3 11 11 5 4 4 5 11 11 5 5 10 7 8 4 4 4 4 4 4 11 11 2 5 7 7 6 7 10 7 7 8 10 10 7 8 7 7 7 8 10 2 10 10 7 7 7 8 4 5 9 5 4 4 11 11 5 2 4 9 5 7 7 10 10 8 8 4 11 4 5 4 4 4 4 11 5 4 4 4 11 11 5 2 7 10 7 10 8 6 7 8 11 10 8 8 10 10 7 7 7 8 8 10 10 7 7 8 8 11 2 4 3 4 4 10 11 5 5 10 2 7 10 3 10 2 8 7 10 6 10 8 4 4 4 4 4 4 5 10 2 11 9 8 8 11 1 9 5 5 1 3 4 4 4 10 11 5 5 4 4 4 4 11 5 4 4 10 10 8 0 6 7 7 7 7 10 2 6 8 11 4 4 5 7 7 0 6 10 10 8 7 7 7 7 7 8 1 3 11 10 8 4 5 10 2 7 10 10 7 8 5 6 4 4 11 11 5 4 5 1 3 4 4 4 11 4 4 5 11 2 3 4 4 10 10 8 7 8 7 7 7 0 9 10 8 10 8 7 7 7 8 7 10 7 7 7 10 8 2 11 5 11 11 5 4 4 4 3 4 4 4 5 4 4 11 11 5 5 4 4 11 5 11 11 2 4 4 5 9 0 9 8 8 7 11 11 2 5 10 9 8 7 7 7 7 7 7 8 4 4 4 10 2 10 10 6 8 7 7 7 8 11 2 9 5 4 4 4 4 4 11 11 5 2 9 8 7 4 7 4 10 8 4 4 4 4 11 4 10 8 8 10 8 7 7 11 10 8 8 10 7 7 10 7 7 8 7 7 8 11 11 5 5 10 8 4 4 11 10 8 2 10 6 10 8 7 7 8 10 2 7 11 10 7 8 5 3 11 1 9 5 4 4 5 7 11 10 8 8 4 10 11 5 5 4 11 4 10 8 5 4 4 4 11 4 5 11 2 10 11 5 5 4 3 4 10 10 8 7 7 7 7 7 7 7 8 10 10 2 8 9 5 10 10 7 7 7 8 2 9 8 4 10 10 8 7 8 4 4 4 11 4 4 4 4 5 4 4 11 5 4 4 4 11 5 4 4 4 11 11 5 2 7 9 8 10 10 8 7 7 8 0 6 10 7 8 4 10 10 8 8 10 7 7 7 7 7 10 8 8 1 3 4 11 5 4 1 3 4 4 4 11 4 11 2 5 9 8 11 4 5 10 10 8 2 7 9 10 7 8 5 4 1 3 4 4 4 11 4 5 10 10 8 8 7 7 11 5 11 11 2 5 11 4 5 3 10 10 7 7 8 7 10 8 8 10 10 7 7 8 2 9 4 5 10 10 7 8 8 11 5 10 10 7 7 8 8 10 7 10 8 8 7 11 11 5 5 11 2 10 9 8 8 7 11 5 4 4 4 4 11 4 5 10 10 8 8 1 11 4 4 3 4 5 11 4 4 4 4 11 2 5 3 4 10 0 9 8 8 10 7 10 8 7 8 11 4 5 10 10 2 8 10 7 10 6 2 6 7 8 10 10 8 8 10 10 7 7 7 7 7 8 4 4 5 11 5 7 10 7 8 4 11 11 5 2 4 4 4 4 3 4 11 5 11 4 4 5 0 7 9 10 8 8 11 2 7 6 4 4 4 11 11 5 4 5 4 4 4 11 4 11 5 2 10 8 7 9 8 10 10 7 2 6 8 10 8 4 10 10 8 7 7 7 7 7 7 7 7 10 8 8 7 10 7 8 1 4 3 4 4 11 4 5 11 5 4 11 5 4 0 10 10 8 7 7 8 10 10 8 8 9 10 8 7 8 11 2 3 4 4 11 4 5 4 4 4 11 5 4 4 4 4 10 11 5 5 1 9 8 7 11 11 5 4 5 11 11 5 2 9 5 7 7 7 7 10 8 7 7 7 7 10 10 8 8 4 10 10 8 7 7 7 10 8 8 10 10 8 2 9 10 8 8 4 4 4 4 11 5 10 5 10 4 5 4 4 4 4 11 4 4 5 4 4 11 11 2 5 10 7 7 6 10 7 8 7 7 7 7 7 7 8 10 10 8 2 10 9 8 7 7 8 4 4 4 11 4 4 5 4 4 11 11 5 5 11 5 4 11 11 2 5 10 7 7 10 8 8 3 4 7 10 10 4 7 5 7 7 10 7 7 7 7 8 8 4 11 10 4 4 4 4 5 4 4 4 4 4 4 4 4 11 5 5
ppo_x50_b_fd_l4_noshaped,43,qv22_48,22,234,True,1473.0,13.961827039718628,6 8 2 10 10 8 7 5 10 9 8 7 5 0 9 5 10 10 8 7 5 10 10 8 8 11 5 10 10 7 8 8 10 4 2 10 10 6 8 7 10 8 7 5 10 10 8 8 1 9 5 4 4 4 4 4 4 11 11 5 4 4 5 4 11 11 5 5 7 7 0 10 6 7 10 8 7 8 10 10 7 7 7 8 8 11 10 8 8 4 1 3 11 5 4 4 11 5 11 11 2 3 5 4 11 4 11 5 4 4 5 10 2 7 6 7 10 11 5 5 4 4 10 10 8 7 0 7 7 7 6 7 7 7 7 10 7 7 7 7 7 8 8 4 11 5 4 11 10 8 8 10 10 8 8 10 10 8 8 11 1 3 4 5 4 11 11 5 4 4 5 10 10 8 7 8 4 11 5 11 4 4 10 8 8 11 5 4 11 11 4 4 4 5 2 4 11 5 7 6 11 10 8 7 7 8 7 11 10 8 8 10 10 7 7 7 7 7 8 2 10 10 7 7 8 8 11 9 8 5 11 5 4 4 11 11 5 2 3 4 4 1 11 5 4 4 4 4 3 11 4 5 11 11 5 5 10 7 7 7 8 10 8 10 4 4 11 4 8 7 7 7 7 7 7 8 11 2 10 10 8 6 10 8 7 7 8 7 7 1 9 10 8 8 4 4 4 11 4 4 4 4 4 4 4 4 4 4 4 4 4 4 5 10 10 8 4 4 5 11 2 6 7 10 10 8 7 8 4 10 10 8 7 7 7 7 7 7 8 11 5 10 10 7 7 2 5 10 10 7 6 8 5 10 10 8 8 1 10 10 8 8 9 8 11 11 5 4 11 5 2 3 4 4 11 5 4 11 4 4 11 5 2 9 5 4 4 0 6 10 8 7 7 7 10 8 10 10 2 7 8 11 4 3 4 4 4 4 4 5 11 4 4 4 4 4 4 2 10 10 6 8 7 7 8 10 10 8 4 4 5 10 7 7 7 7 7 7 5 10 10 8 7 7 7 7 7 8 10 10 8 2 3 4 11 4 5 11 5 4 4 11 4 4 11 2 5 10 6 11 7 7 7 8 8 10 7 7 10 8 8 11 10 7 8 8 4 1 3 4 4 4 11 4 4 4 11 5 2 11 9 5 4 4 4 5 10 8 7 7 7 11 5 10 10 8 8 11 2 11 5 4 3 4 4 4 4 10 10 8 0 8 7 6 7 7 7 7 7 7 7 7 11 10 8 8 10 7 8 11 5 7 7 10 10 8 4 4 5 4 4 11 5 1 9 11 5 5 11 4 5 11 11 2 3 5 4 11 4 4 5 7 7 10 8 11 11 2 5 11 5 3 4 11 4 10 8 8 10 7 10 8 8 0 9 10 8 8 10 7 10 2 8 10 6 10 8 7 8 7 11 2 11 9 5 5 10 7 7 8 4 11 4 5 4 4 4 1 9 5 10 11 2 3 4 4 5 4 1 4 4 3 11 5 7 7 0 9 7 7 7 7 8 10 10 8 7 7 8 4 10 10 8 7 7 7 7 7 8 1 9 11 5 5 11 5 10 7 7 10 8 8 11 4 4 5 4 4 4 4 4 4 4 4 11 11 5 7 8 11 2 11 3 4 4 10 8 8 11 5 4 4 4 11 11 5 5 7 7 7 0 9 8 11 4 5 10 10 7 8 7 7 7 7 7 8 4 11 4 4 5 10 10 7 8 10 7 8 7 7 7 7 10 2 8 11 4 3 4 4 5 4 4 10 8 11 11 5 4 4 4 5 11 4 2 9 5 10 10 8 8 7 7 7 11 11 2 5 9 5 4 4 11 11 2 4 4 4 5 10 10 8 6 8 11 5 10 10 7 7 7 7 7 8 7 8 4 11 5 10 10 7 8 7 7 7 8 10 10 8 7 8 10 10 7 8 8 11 1 3 4 5 11 11 2 5 3 4 11 5 4 11 11 4 5 2 11 4 5 4 3 10 10 2 6 8 10 10 7 8 7 7 7 8 11 2 9 10 8 8 7 10 7 7 10 8 8 1 4 9 5 4 4 4 4 10 11 5 5 10 8 10 7 7 7 7 7 8 11 4 4 11 5 11 4 4 5 11 5 5 10 7 8 11 11 5 11 5 4 5 1 11 9 5 8 10 10 8 8 0 6 7 7 7 7 7 10 7 8 11 11 5 5 4 4 4 4 4 4 4 4 4 11 5 11 11 5 11 5 2 7 7 6 7 10 8 4 10 10 8 7 7 7 8 11 1 3 4 4 4 4 4 5 11 11 5 4 4 5 4 10 10 0 6 8 7 7 7 8 10 8 10 10 7 8 7 10 8 8 10 10 2 7 7 8 10 7 8 9 11 5 5 7 10 10 8 7 5 11 5 4 4 4 7 4 4 4 4 4 11 4 10 8 0 7 9 8 7 7 7 7 7 7 8 4 11 4 1 9 8 8 11 4 5 4 4 11 1 4 4 4 4 4 5 4 4 9 5 4 4 4 10 10 0 6 8 8 7 7 7 7 7 10 10 8 2 10 7 7 6 8 11 7 10 7 8 4 4 4 4 4 4 4 5 10 2 7 9 7 11 4 5 5 4 11 5 4 10 11 4 5 2 6 7 7 7 7 10 10 8 4 5 10 0 6 10 8 7 7 7 7 7 7 7 8 11 5 4 1 4 9 10 8 8 11 4 4 4 4 4 4 5 11 11 2 5 10 7 10 6 8 7 7 7 8 11 2 7 6 10 10 7 8 8 4 10 8 11 5 4 4 4 4 1 4 4 4 4 3 4 11 11 5 5 4 4 4 11 11 5 2 3 4 10 10 0 8 8 10 9 8 5 10 7 8 7 7 7 10 10 2 8 10 6 7 7 7 7 8 11 2 4 11 11 5 5 4 9 11 2 3 4 4 4 4 5 11 4 11 2 5 10 8 10 10 8 6 7 8 11 5 11 5 7 10 10 8 8 10 7 10 8 7 7 7 8 4 4 11 4 10 8 8 7 7 10 10 8 8 4 1 4 11 9 5 4 11 5 4 5 11 11 2 4 4 3 4 5 11 2 9 11 5 5 11 5 4 0 6 10 10 8 7 7 7 7 8 11 11 2 3 5 0 7 10 8 7 10 10 6 8 8 10 10 7 8 8 10 10 8 7 7 7 8 4 1 4 11 4 4 3 5 11 10 2 3 4 5 7 10 10 0 8 8 10 10 7 8 5 9 8 10 11 4 4 4 5 4 4 5 4 4 1 3 11 5 4 11 11 5 5 4 4 11 11 2 5 10 10 7 7 8 7 7 7 6 8 10 10 8 2 10 10 7 7 7 7 6 7 7 7 8 8
ppo_x50_b_fd_l4_noshaped,44,qv22_49,22,235,True,1399.0,14.075763702392578,8 8 9 10 8 8 11 5 10 7 10 2 3 5 10 2 10 10 8 7 5 9 10 8 7 5 10 4 5 10 10 7 8 8 10 10 8 8 10 10 8 7 5 10 10 8 8 11 5 11 11 2 5 10 7 10 6 7 8 8 11 5 10 10 7 8 8 1 9 5 11 5 4 11 11 4 4 4 2 3 5 10 7 7 8 0 10 7 8 9 11 5 5 11 2 11 11 5 3 4 4 5 4 11 10 2 8 4 3 11 11 5 4 4 4 5 10 7 7 7 8 4 10 10 8 7 7 7 8 10 7 7 7 7 7 10 8 7 8 10 10 8 8 4 4 11 10 8 2 3 4 4 4 4 4 4 1 3 1 3 4 11 11 5 7 8 11 4 5 10 11 5 5 4 4 11 11 2 5 3 4 10 10 8 7 7 7 7 7 8 11 2 9 5 10 10 7 7 8 7 8 11 5 11 4 5 11 4 5 4 4 4 4 4 11 5 10 8 10 10 8 7 7 0 6 7 7 10 7 8 8 11 4 5 10 11 5 5 4 1 4 4 11 4 5 10 10 8 3 4 4 5 10 7 7 8 10 10 7 7 0 6 7 7 8 7 8 7 7 7 11 5 10 10 8 7 7 8 10 8 11 11 5 2 4 4 4 4 3 4 11 5 7 7 11 10 8 8 10 10 7 8 10 8 7 7 8 1 4 9 5 4 4 4 4 4 4 11 4 4 11 5 2 7 7 7 9 10 8 8 10 7 7 10 7 2 8 3 11 4 5 11 11 5 4 5 10 8 4 11 11 5 4 4 4 5 7 7 11 10 8 8 10 7 7 8 4 4 11 5 4 4 4 4 4 4 11 5 4 10 10 8 8 11 10 0 8 8 6 10 10 8 7 8 7 7 7 7 10 7 8 11 11 5 2 10 7 5 10 7 10 8 8 4 3 4 4 4 11 10 8 8 11 2 9 11 5 4 4 1 3 4 5 11 5 4 11 11 5 4 4 4 5 11 2 7 7 11 10 8 8 7 7 7 6 10 10 8 7 7 7 7 7 8 11 10 8 7 8 11 11 2 5 6 10 10 7 7 8 8 11 10 8 8 1 3 4 4 4 4 4 4 4 4 4 11 11 2 5 9 8 7 11 11 5 2 4 4 4 3 11 5 7 11 11 5 4 4 5 0 7 7 10 8 6 7 10 10 7 7 7 8 7 7 8 1 9 8 11 11 5 4 5 4 4 11 4 4 4 11 2 5 7 9 8 11 7 7 7 7 10 8 7 10 8 7 7 7 8 10 10 2 8 6 7 4 7 11 4 11 5 4 11 5 4 4 5 11 11 5 4 2 4 3 11 4 5 11 11 5 4 5 10 8 7 0 6 10 8 7 7 10 10 8 7 8 10 10 8 7 7 7 7 7 10 2 8 9 10 8 4 5 1 4 4 3 11 4 5 4 4 4 4 11 5 11 4 4 4 4 4 11 5 5 7 10 2 11 9 8 8 4 10 10 8 7 7 8 4 4 10 10 7 8 8 11 5 0 9 10 8 7 8 7 11 10 8 8 10 7 7 10 8 8 11 4 10 8 8 7 7 1 3 11 11 5 5 4 11 5 11 11 2 4 5 9 8 11 11 5 4 5 10 2 7 7 10 6 7 7 7 7 7 8 10 10 8 7 7 8 1 4 3 4 4 4 4 11 1 3 4 4 4 4 5 7 10 8 11 11 4 2 3 4 5 4 11 4 5 11 11 5 2 3 7 10 7 10 8 7 7 8 11 4 5 4 10 4 4 5 10 10 8 8 10 10 7 8 2 7 9 7 7 7 7 7 8 10 10 8 8 1 4 4 3 11 4 4 4 11 2 5 4 10 9 8 8 7 7 10 10 8 8 4 4 11 5 10 10 2 8 10 10 8 7 8 4 4 4 4 11 4 4 9 5 5 10 7 8 4 11 4 4 11 5 5 11 11 2 5 7 10 10 8 8 10 10 8 7 5 10 7 10 6 8 8 10 10 7 7 7 8 5 11 5 10 10 7 8 8 10 8 11 11 2 5 11 5 11 4 3 4 4 4 4 5 4 11 5 4 4 11 11 5 2 3 4 10 10 2 10 6 7 7 7 7 7 7 7 7 7 7 8 8 10 10 7 7 7 7 8 8 11 4 2 4 11 10 8 8 3 10 10 8 8 4 4 11 5 4 4 4 11 11 5 4 2 11 5 4 4 10 11 5 5 4 4 6 10 10 7 7 2 6 7 7 7 7 8 10 7 7 10 8 10 8 5 10 10 7 2 8 11 4 4 3 5 4 4 11 11 2 3 4 5 4 4 10 2 11 11 5 3 5 4 4 4 4 4 4 11 11 2 5 9 8 10 10 7 7 8 7 7 0 6 7 7 7 7 8 7 10 10 2 8 7 7 7 9 10 8 8 4 4 1 11 3 8 4 10 1 4 5 9 10 8 8 11 5 4 4 4 1 4 4 4 4 4 11 9 5 8 4 11 4 11 2 4 5 10 7 8 10 10 7 7 6 7 8 8 10 7 10 8 8 11 5 10 10 7 8 8 11 2 11 3 4 4 5 4 10 2 11 10 8 6 8 7 10 10 8 0 6 10 8 7 7 7 7 11 5 2 9 5 11 11 5 4 5 11 5 10 7 7 8 4 11 11 2 5 4 4 4 11 4 3 11 5 4 4 4 4 4 5 0 7 7 7 10 6 7 8 10 10 8 2 7 9 8 10 10 7 7 7 8 2 10 6 7 10 8 7 8 11 2 9 5 4 4 4 4 4 10 8 11 1 3 5 4 4 4 4 11 11 2 3 4 5 10 2 6 7 10 8 10 10 7 2 6 7 7 8 11 2 6 11 10 8 8 7 7 7 11 11 2 5 3 11 5 4 10 11 5 5 11 11 5 4 4 4 1 9 4 4 5 4 4 4 11 5 5 0 9 8 10 10 8 8 0 6 7 7 7 7 7 7 7 7 7 10 7 8 11 10 8 8 10 10 8 8 10 10 8 4 4 4 4 2 4 4 9 4 4 4 4 5 11 11 4 4 2 4 4 3 5 11 2 10 10 6 8 8 10 10 7 7 7 8 7 7 8 10 10 8 8 7 10 2 11 11 5 3 4 4 4 4 5 4 4 4 4 4 4 4 4 11 11 5 2
ppo_x50_b_fd_l4_noshaped,45,qv22_5,22,230,True,1395.0,5.467749118804932,8 7 5 10 10 8 7 5 10 9 8 8 10 2 10 10 8 7 5 9 10 8 7 5 11 5 10 10 7 8 7 5 11 5 10 10 7 8 8 10 10 8 8 10 10 8 8 1 4 9 8 11 11 5 5 4 10 8 11 5 4 4 4 4 4 4 4 10 11 5 5 10 8 11 11 2 3 4 4 5 10 10 2 3 5 10 10 8 8 0 9 10 7 7 7 8 4 4 4 4 5 10 7 7 8 10 10 8 7 8 10 10 2 8 10 10 8 6 7 8 1 4 4 4 4 3 4 4 11 4 5 7 10 7 8 11 11 2 5 11 4 5 10 10 8 8 10 10 7 7 6 7 7 7 7 7 7 7 8 8 10 10 8 8 11 5 10 11 5 2 3 4 4 11 11 5 2 9 5 4 10 10 8 8 10 7 10 8 2 4 3 4 11 5 11 4 11 2 5 9 8 4 4 4 1 9 5 11 11 5 2 3 4 4 4 4 4 10 10 0 8 6 7 8 7 7 7 7 7 7 7 7 7 0 9 8 10 7 8 10 10 8 7 8 11 7 2 9 11 5 5 11 5 4 4 4 11 4 4 4 5 10 10 8 7 8 4 10 11 4 4 8 8 11 4 4 5 4 10 10 8 7 8 4 4 4 4 4 4 11 4 5 10 10 8 2 7 6 7 7 7 7 7 7 7 7 11 5 4 4 4 4 10 2 10 7 10 6 7 7 8 7 8 7 11 10 8 8 4 4 1 4 4 4 4 11 5 11 3 5 4 4 4 10 11 5 5 4 11 2 9 11 5 7 8 4 4 11 5 10 10 7 8 7 7 8 10 10 7 7 7 2 8 10 10 8 8 10 10 7 6 8 8 10 10 7 7 8 8 4 10 2 9 11 5 5 10 8 4 10 10 8 8 4 10 8 11 11 5 5 4 4 10 8 11 5 4 1 4 4 4 3 4 4 4 4 4 4 11 5 4 11 2 9 4 10 0 8 8 10 10 6 8 8 10 2 7 7 7 6 7 11 10 8 8 10 10 7 7 8 8 11 10 7 8 7 7 8 11 11 5 2 11 11 5 5 11 3 5 0 7 7 7 9 8 11 11 5 4 4 5 4 4 4 4 10 8 11 11 5 5 11 5 11 5 4 4 10 11 5 5 4 4 4 11 11 2 5 7 7 7 7 10 7 7 6 7 7 7 7 7 8 4 11 5 4 10 10 8 7 7 7 8 11 10 8 2 10 7 8 4 4 3 10 11 5 5 11 5 11 11 2 4 3 4 4 5 11 5 11 4 2 11 11 5 5 3 10 7 7 10 7 7 8 0 6 7 7 7 7 7 8 10 10 8 8 10 2 10 9 8 5 4 4 4 11 5 10 11 5 5 4 1 3 4 4 4 4 4 10 11 5 5 7 10 10 7 8 7 7 7 8 11 2 6 7 10 8 7 7 10 10 7 8 7 8 4 11 10 8 8 11 2 3 4 11 4 4 4 4 11 2 4 3 4 5 11 4 4 4 4 4 4 4 5 10 0 6 7 7 7 7 10 8 7 7 0 7 7 6 8 11 5 7 7 11 7 7 8 7 4 7 11 11 5 4 4 11 5 4 4 5 4 11 4 4 4 4 4 4 4 4 5 10 10 8 8 10 11 5 5 7 7 7 7 10 7 10 8 8 10 10 8 8 11 2 3 10 11 5 5 4 11 4 11 5 5 11 11 5 11 5 2 7 6 11 4 7 11 5 4 5 0 10 7 7 9 8 7 8 7 10 10 7 8 7 7 7 7 7 7 7 8 10 10 2 8 9 5 10 10 8 8 4 4 1 3 1 3 4 1 3 4 10 1 9 5 5 11 11 5 2 3 10 10 7 2 8 9 10 8 8 1 4 9 5 11 11 2 5 9 8 11 11 5 4 4 4 4 4 11 5 2 9 4 4 5 10 10 7 8 8 11 5 10 10 8 7 8 7 7 7 7 7 7 11 5 10 10 8 8 1 11 3 5 4 4 4 4 4 4 4 11 5 10 7 10 7 2 7 6 8 10 10 8 7 7 10 8 8 7 10 10 8 8 1 4 4 11 4 5 4 11 9 5 8 11 5 4 4 10 10 2 8 11 5 10 10 8 7 8 10 10 7 8 8 9 5 10 7 10 7 8 8 11 5 4 1 4 11 11 5 4 4 5 4 4 11 11 5 9 5 7 8 11 11 5 4 4 11 2 3 4 5 0 6 10 8 7 10 8 10 7 7 10 7 7 7 8 8 11 7 7 10 7 8 7 7 8 11 10 8 10 2 8 4 3 4 4 11 4 10 2 8 11 3 4 4 5 4 11 5 10 7 10 8 8 4 11 4 4 4 1 3 4 5 11 2 3 4 10 10 8 7 7 7 7 7 8 11 2 10 10 6 7 8 8 10 2 10 7 10 6 8 8 10 2 3 4 4 4 4 4 11 10 8 8 11 5 4 4 4 4 4 4 4 4 4 4 11 11 5 2 9 11 5 7 7 8 11 4 5 10 10 8 8 11 5 10 10 7 8 7 7 7 7 0 9 8 8 7 10 10 7 7 7 7 7 7 7 8 8 4 11 5 1 4 4 3 4 4 11 5 4 11 11 5 4 5 7 10 8 4 10 10 8 8 1 9 5 11 4 4 4 4 4 11 5 2 3 11 4 10 8 7 8 10 10 0 6 8 0 6 7 8 11 10 8 8 10 10 7 8 8 10 2 11 9 5 5 4 4 4 4 11 2 9 10 8 4 5 7 0 6 10 8 10 7 10 7 8 7 8 10 10 7 7 8 8 11 1 3 5 11 2 3 11 5 10 10 8 2 3 4 4 11 5 4 4 4 4 4 4 4 4 11 11 5 2 11 11 5 3 4 8 7 7 7 7 7 7 7 7 7 7 7 7 7 7 7 7 10 10 8 8 4 4 11 5 11 2 4 11 3 10 8 8 10 7 10 8 2 10 10 8 6 8 11 2 9 4 10 8 8 11 1 4 9 5 4 4 4 4 5 4 4 4 11 5 7 11 2 10 10 8 7 6 8 10 10 2 8 3 10 10 7 8 4 7 0 7 10 6 8 8 11 11 5 4 4 4 4 4 4 5 4 4 4 4 4 11 5 11 2 3 10 10 8 8 10 10 2 7 7 8
ppo_x50_b_fd_l4_noshaped,46,qv22_50,22,232,True,1413.0,12.569157361984253,8 8 9 10 8 8 10 10 2 10 5 10 5 10 5 10 5 10 5 10 5 4 10 6 8 8 11 2 10 10 6 8 8 10 2 10 10 8 8 10 10 8 7 5 10 9 8 8 1 9 8 11 11 5 4 5 10 7 8 11 11 5 2 9 5 10 8 7 10 10 7 8 8 10 10 8 8 4 10 8 11 4 4 5 10 10 8 8 10 10 7 8 8 10 10 8 8 1 9 5 11 5 4 10 11 5 4 4 4 4 4 4 4 4 4 4 5 0 7 7 6 7 7 7 7 7 10 8 7 10 10 8 8 1 10 8 9 11 5 1 3 5 4 4 4 11 4 4 5 11 11 5 4 4 4 11 5 8 11 11 2 5 9 8 11 4 4 10 8 8 7 7 7 7 0 9 8 7 7 7 7 10 10 7 8 7 7 8 7 7 10 10 2 8 4 4 11 11 5 4 4 5 4 4 11 5 11 11 5 3 4 4 4 4 4 5 10 11 2 6 7 7 8 4 11 4 2 11 11 5 5 3 4 10 10 8 7 7 8 7 0 6 7 7 7 7 7 10 0 6 7 8 7 10 7 8 4 4 10 10 8 8 4 11 1 3 5 4 4 4 4 4 4 10 10 2 8 11 5 11 11 5 5 4 4 4 4 11 4 5 10 10 8 8 10 7 10 7 7 7 7 7 7 7 6 8 8 10 7 8 11 1 4 4 5 10 10 8 7 8 11 5 4 4 9 5 11 5 4 4 11 11 2 5 4 4 11 9 5 8 10 8 10 10 8 7 7 0 6 7 7 7 8 4 10 10 7 8 10 8 8 7 11 11 5 5 10 7 7 8 4 11 11 5 5 1 4 11 3 4 5 11 4 10 8 7 0 7 7 10 8 8 11 3 5 10 10 8 8 10 10 8 2 9 10 8 8 4 4 4 4 4 11 5 10 11 5 4 4 11 5 2 3 7 10 10 2 6 8 10 10 1 3 8 5 10 8 7 7 10 10 8 8 4 10 8 11 11 5 4 4 11 5 4 4 4 5 4 4 4 4 11 5 4 1 3 11 4 5 0 9 5 10 10 8 8 10 10 8 2 9 10 8 8 10 7 10 2 8 10 6 10 8 7 7 7 7 8 1 3 1 4 9 5 10 10 8 8 4 4 1 3 4 11 4 4 4 11 5 5 11 11 2 5 9 8 11 11 5 4 5 10 8 7 7 7 7 11 5 4 10 10 7 8 7 7 7 7 7 8 11 2 9 10 8 7 8 10 10 8 0 9 8 7 7 8 10 10 2 8 9 5 11 5 4 4 4 4 11 5 4 4 4 4 1 3 4 4 1 4 3 4 4 11 4 5 10 2 10 10 6 8 8 11 5 10 10 7 2 8 9 10 8 8 10 10 0 6 8 8 10 7 7 8 1 9 11 5 5 11 5 11 11 5 2 3 4 4 4 4 4 4 4 10 10 8 2 7 7 7 7 9 8 10 10 7 7 7 7 7 8 0 6 8 11 2 11 4 4 5 3 4 4 4 1 3 4 11 5 11 11 5 2 3 4 10 10 8 7 7 8 10 10 7 7 7 0 6 7 8 8 10 10 7 8 7 7 8 11 4 5 1 4 4 4 9 5 4 4 4 11 11 2 5 10 7 8 10 6 7 10 7 7 7 7 8 7 8 10 2 9 10 8 8 4 11 4 4 5 10 7 8 11 4 5 4 1 9 5 4 4 1 4 4 4 4 4 3 11 5 4 11 2 3 10 10 8 7 7 8 11 11 5 4 2 6 7 7 7 10 10 7 7 7 8 7 8 4 11 4 4 5 10 7 5 10 10 7 8 5 10 10 8 8 10 10 7 8 7 8 1 11 4 5 9 10 8 8 4 4 4 4 4 4 4 11 5 4 4 4 4 4 4 4 11 5 10 10 8 2 11 5 3 4 10 10 8 7 7 7 7 7 8 0 10 6 7 8 1 11 9 8 5 11 4 11 5 2 4 11 5 9 10 8 8 10 2 7 10 10 6 7 7 7 2 6 8 1 11 4 3 4 1 4 4 4 3 4 4 4 5 11 4 5 10 2 10 10 8 7 6 7 7 8 7 7 10 10 7 7 8 8 10 2 10 10 6 8 7 7 8 11 11 5 2 9 4 10 8 8 11 5 4 4 4 4 10 10 8 2 10 6 8 1 3 4 4 4 4 4 4 4 4 4 4 4 10 11 5 5 11 11 2 5 10 7 7 7 7 6 7 7 7 7 10 8 7 7 8 4 4 11 5 10 10 7 7 8 7 7 7 7 7 10 8 8 11 4 5 10 4 5 10 10 8 2 10 9 8 8 4 1 6 1 6 11 7 11 5 1 9 5 4 5 4 10 10 8 7 7 8 11 4 5 4 4 4 4 11 5 10 7 11 5 5 4 4 4 4 4 11 4 5 10 10 8 2 7 9 8 7 7 7 7 7 7 11 11 2 5 3 4 4 4 11 4 4 4 4 4 4 4 5 7 11 2 10 10 6 7 7 8 7 8 10 10 8 8 10 10 8 7 7 10 7 7 8 7 7 8 11 4 4 4 5 10 10 8 8 11 5 7 10 10 8 8 11 2 7 9 10 8 8 4 1 3 4 4 4 4 4 11 5 4 4 4 4 11 4 4 5 11 2 11 10 6 8 8 10 10 2 8 10 10 8 8 6 10 10 8 10 7 8 8 11 2 10 7 7 7 7 8 3 4 4 10 7 11 5 4 5 1 3 4 4 11 5 4 4 4 4 4 11 4 5 4 11 11 5 4 2 9 10 8 7 7 7 8 10 8 10 10 8 0 6 7 7 7 8 10 10 2 6 7 8 4 11 5 7 10 10 8 7 7 10 8 2 9 8 4 4 4 4 4 11 11 2 3 4 4 5 4 11 4 4 4 4 5 11 4 2 9 10 8 7 8 11 4 5 4 10 10 8 8 11 2 10 10 8 6 8 10 10 7 8 8 10 10 8 7 10 8 7 8 1 4 4 11 3 5 4 10 10 7 0 7 8 6 10 8 7 8 10 7 10 7 8 8 10 2 11 11 5 5 4 9 11 5 4 4 5 10 2 11 11 5 4 4 5 10 6 10 0 6 5 4 4 4 4 5 4 4 4 4 4 4 11 5 11 2 10 9 8 8 10 4 10 7 7 7 7 7 7 7 7 7 7 7 7 7 8 7 8
ppo_x50_b_fd_l4_noshaped,47,qv22_51,22,236,True,1464.0,14.103685855865479,8 8 10 10 8 7 5 10 10 8 7 5 9 5 10 10 8 7 5 10 0 10 8 8 9 5 10 10 8 8 10 10 8 8 4 10 8 11 10 7 8 8 10 11 5 2 11 5 11 9 5 4 4 4 5 11 10 8 2 7 10 10 8 8 10 10 6 7 7 7 8 5 10 10 8 8 10 10 8 8 1 9 5 11 11 5 5 11 4 4 10 8 8 11 4 4 5 11 11 5 4 4 11 5 4 4 11 5 4 2 9 5 11 11 5 4 5 0 6 7 7 7 7 7 7 0 9 8 7 7 7 11 10 8 8 7 10 7 10 8 7 8 1 3 4 4 4 1 11 5 3 4 4 4 4 4 4 4 4 4 4 10 8 11 11 5 5 11 2 10 9 8 7 7 8 11 2 3 4 10 10 8 8 10 10 8 8 0 9 10 8 7 8 7 7 7 7 10 8 11 4 10 8 7 7 8 1 3 4 11 4 4 5 4 4 4 11 4 5 10 10 8 7 10 8 7 7 7 8 10 4 4 4 5 10 10 7 7 7 7 7 7 7 8 8 4 4 11 4 5 4 1 11 3 5 4 4 11 11 2 5 4 4 4 3 4 4 4 10 11 5 5 10 2 10 10 8 7 7 7 10 8 7 7 7 8 10 6 10 7 8 8 11 5 10 7 7 10 8 8 1 4 4 4 4 4 4 4 4 11 4 5 10 4 9 5 8 10 7 10 8 8 4 11 5 11 4 4 4 4 4 11 2 5 11 9 8 8 10 10 7 7 7 8 7 7 8 10 10 8 7 7 7 8 10 10 7 7 8 2 10 10 7 8 6 8 11 10 2 8 3 4 10 8 11 11 5 5 4 11 1 9 5 8 11 5 11 4 4 11 2 3 4 5 11 2 3 11 5 4 10 10 8 7 7 8 4 11 4 4 4 4 4 4 4 4 5 10 10 8 0 7 6 10 8 7 7 7 7 7 7 10 8 2 9 8 4 11 4 4 11 5 2 9 5 4 4 10 10 8 7 7 7 8 7 10 10 8 7 7 8 7 11 10 8 7 8 11 4 10 8 8 11 5 1 3 4 4 4 4 4 4 10 8 4 11 4 5 4 11 5 4 4 11 11 5 2 9 5 7 7 10 10 8 7 7 7 10 8 7 8 10 10 7 7 2 8 10 7 7 7 8 6 4 11 11 2 3 5 11 4 4 5 11 11 2 3 4 4 5 4 4 4 4 11 5 7 0 6 11 10 8 8 10 7 10 8 7 10 8 2 7 9 8 10 10 8 7 8 10 10 2 8 3 4 10 10 7 8 10 8 4 5 4 4 4 4 4 4 4 4 4 4 4 4 11 11 5 5 4 4 11 11 5 2 9 8 7 11 10 8 8 10 10 2 7 8 9 10 8 8 11 2 3 4 10 11 5 5 4 4 11 11 5 4 8 7 7 0 6 7 7 7 7 7 11 10 8 8 11 5 10 10 8 7 7 7 8 4 1 4 11 4 4 4 5 3 4 11 5 4 4 10 10 8 7 7 7 8 10 10 7 8 8 10 10 8 10 7 8 7 7 8 7 7 11 1 9 8 5 4 4 4 4 1 4 3 4 4 4 4 11 4 5 0 6 10 10 8 8 10 10 7 0 6 7 8 8 10 4 4 5 7 10 10 8 7 7 8 4 4 1 3 4 4 4 10 8 11 5 4 4 4 4 4 4 10 11 2 5 4 4 10 11 5 5 9 11 4 0 8 7 7 8 3 11 5 10 10 7 8 8 10 10 8 8 11 2 10 10 7 8 7 7 8 10 10 7 6 7 7 8 7 8 10 10 8 8 4 4 11 5 11 2 3 10 10 7 2 8 10 7 8 4 4 4 9 5 4 10 10 8 5 4 4 11 5 10 8 10 10 8 7 10 8 8 4 11 5 4 4 4 4 4 4 10 1 3 5 10 10 8 8 11 4 4 4 4 5 11 11 4 4 4 2 4 4 5 10 8 9 11 5 7 8 10 2 10 10 6 8 7 7 7 8 10 10 7 8 10 8 7 8 7 7 11 11 5 2 3 4 11 5 11 10 2 8 11 5 3 10 7 10 7 8 7 10 8 8 10 7 10 8 2 10 10 8 8 3 11 1 3 4 4 4 5 11 11 5 4 4 4 4 4 5 11 4 11 2 3 5 11 2 11 3 4 5 10 7 10 8 7 8 4 11 10 8 2 10 10 8 6 7 8 10 10 7 7 7 7 8 2 10 10 8 7 8 7 9 10 8 8 4 11 1 9 5 4 4 5 4 11 4 4 1 9 5 4 4 5 11 10 8 7 8 11 11 5 2 9 11 5 4 4 4 5 7 10 10 8 7 7 8 10 10 7 8 8 0 9 8 10 10 7 7 8 7 8 1 4 4 4 3 11 10 8 4 5 4 11 4 4 4 11 5 4 4 5 4 4 11 11 2 5 3 7 7 7 10 7 7 7 8 10 7 7 7 10 8 8 11 5 10 10 7 7 7 7 8 8 4 10 10 7 5 8 11 2 3 4 11 5 4 10 10 8 8 4 4 4 4 4 4 4 4 4 10 11 5 5 4 4 11 4 4 5 10 10 8 2 9 8 10 8 10 10 8 10 2 8 6 7 7 10 10 8 4 5 11 1 3 4 4 4 4 4 5 10 10 2 8 10 10 7 7 6 7 7 7 7 8 7 7 7 8 10 10 7 7 8 8 11 5 10 10 8 2 9 5 4 4 4 4 4 4 4 4 11 4 4 5 10 10 8 2 10 7 9 8 8 10 10 7 7 7 7 8 2 4 3 4 10 8 10 10 7 8 8 11 5 4 1 4 3 4 11 5 4 4 11 11 2 3 5 11 11 5 4 4 4 5 11 11 4 4 2 4 5 9 8 10 10 8 7 10 8 7 10 2 8 6 7 7 11 5 10 10 8 7 8 10 7 10 7 8 7 8 11 11 2 5 4 3 1 9 11 5 4 4 4 4 4 5 4 4 4 11 11 5 2 3 10 10 8 10 2 8 3 7 10 0 6 7 7 7 7 8 10 10 7 7 7 2 6 8 10 10 8 7 7 8 10 10 8 4 4 5 10 2 3 10 11 5 5 4 4 10 8 11 11 5 4 4 4 5 4 4 4 11 11 5 2 9 5 7 7 10 8 4 11 11 5 5 4 11 5 11 11 5 2 4 3 10 10 8 7 7 8 10 10 0 6 7 7 8 8 10 10 8 7 8 7 7 7 7 10 7 7 8 11 11 5 11 5 5 10 8 11 11 2 3 5 4 4 4 4 11 4 4 11 4 4 5 2
ppo_x50_b_fd_l4_noshaped,48,qv22_52,22,234,True,1423.0,8.787498474121094,8 7 5 10 10 8 8 10 10 8 7 5 9 5 10 10 8 8 10 10 8 8 11 5 4 11 5 10 10 7 7 7 8 8 10 4 10 7 8 8 10 10 8 8 11 5 4 10 10 2 8 10 10 6 8 8 10 11 5 4 2 10 9 5 5 4 4 4 11 11 5 4 5 4 4 11 10 2 8 11 4 5 4 9 11 5 5 4 0 6 10 7 7 8 10 7 7 10 8 10 8 2 7 7 6 7 10 8 4 10 10 8 8 10 10 7 8 8 11 5 10 10 7 8 8 11 2 4 3 10 10 8 8 11 5 4 4 11 4 5 11 11 5 4 4 5 11 11 5 11 5 0 6 7 7 8 11 2 9 11 5 4 4 5 4 4 4 4 11 11 2 5 3 10 8 10 10 7 8 7 7 7 8 11 5 10 10 7 7 7 7 8 7 7 10 8 8 10 10 8 8 4 1 3 4 10 8 11 5 4 1 9 5 4 4 4 4 11 11 2 3 4 5 11 2 6 10 10 7 7 7 2 6 8 10 10 8 0 6 8 7 10 7 10 8 7 8 4 4 1 11 3 4 4 5 11 4 2 4 6 4 4 4 4 1 11 3 4 4 4 4 5 4 10 10 8 7 7 0 6 7 10 8 8 4 4 4 11 4 4 5 10 7 7 10 7 7 7 8 7 10 8 7 7 0 7 8 7 9 8 10 10 8 8 11 4 4 1 4 3 1 9 5 5 4 4 11 4 11 5 2 7 10 7 7 6 7 8 1 4 4 4 9 4 10 8 8 11 5 11 11 2 3 4 5 4 11 11 5 2 7 7 10 8 10 10 6 7 7 7 7 7 8 8 11 2 10 10 8 8 7 9 10 7 8 7 8 11 4 11 8 10 5 1 4 4 3 4 4 5 10 2 10 7 7 8 9 10 8 4 5 10 7 8 11 5 10 7 10 8 8 4 4 4 1 4 3 4 4 11 5 4 10 10 8 7 8 11 5 4 1 3 4 4 4 4 11 5 4 4 4 11 11 2 5 7 11 5 3 10 10 8 8 10 10 8 7 7 8 7 7 10 0 6 8 7 10 10 8 8 10 10 2 8 7 11 9 5 5 4 11 4 1 4 11 5 5 11 9 5 8 11 5 7 11 11 5 5 4 4 10 10 8 2 6 7 10 7 7 8 10 10 8 8 11 5 11 4 11 2 5 10 7 6 7 7 8 11 11 2 5 10 8 10 10 7 8 6 8 10 7 10 8 2 9 5 4 4 4 11 4 4 4 4 4 11 5 4 5 11 11 5 2 9 11 5 4 4 4 4 5 0 9 10 8 8 10 7 7 7 7 7 7 8 7 10 10 8 8 4 1 9 5 11 11 5 4 11 5 4 4 5 4 10 11 5 5 11 11 5 5 10 2 10 10 6 7 8 7 7 8 10 8 10 10 8 7 7 7 10 8 8 1 3 10 10 7 7 8 8 7 10 10 8 10 8 2 3 4 4 1 3 4 4 1 3 1 3 4 10 8 7 7 10 8 4 11 11 4 5 5 4 4 4 4 4 10 11 5 5 11 4 4 4 4 5 10 8 10 10 2 8 10 10 7 6 8 7 7 8 11 4 5 10 10 8 7 7 7 7 8 7 7 10 10 2 6 7 8 1 3 4 10 8 4 4 1 4 4 4 4 4 11 3 4 4 5 7 7 10 10 8 8 11 4 10 8 7 8 4 10 10 8 7 8 10 10 7 7 8 8 10 7 8 10 2 3 11 4 11 5 5 11 2 9 4 4 5 10 0 10 8 7 7 8 10 9 8 7 8 4 4 4 4 4 1 3 4 11 5 11 4 5 11 11 5 4 4 4 4 4 11 2 5 3 4 10 10 8 8 10 2 10 9 8 7 8 10 7 7 8 10 0 6 7 11 5 4 4 4 4 4 4 4 5 11 2 10 10 8 8 10 10 8 7 7 9 8 7 7 7 7 8 11 4 4 4 4 4 2 4 11 4 4 4 3 5 11 2 3 10 10 7 7 7 0 6 8 8 4 10 2 10 10 6 8 7 7 7 10 7 7 8 8 10 10 7 8 8 1 3 4 4 4 11 4 5 10 10 8 8 7 7 10 11 5 2 7 9 8 1 4 3 4 4 11 11 5 4 5 10 1 9 5 5 11 5 4 4 4 4 11 11 2 5 9 5 10 7 10 7 7 7 7 7 7 8 8 7 11 4 4 5 7 10 10 2 8 10 10 8 8 10 10 6 8 7 7 7 7 8 4 11 4 4 5 11 10 8 8 1 3 4 4 4 4 4 4 4 11 4 11 2 5 7 10 6 10 8 8 10 10 8 7 7 7 8 10 7 10 8 7 7 8 11 2 4 4 4 4 3 4 4 1 3 4 4 11 5 4 10 10 8 8 4 11 1 3 5 4 11 5 4 11 11 5 2 3 4 10 10 0 6 7 7 7 2 8 10 6 10 8 8 11 5 10 10 8 7 7 8 4 10 10 8 8 10 10 7 7 7 7 8 8 11 2 10 9 8 8 11 5 1 4 4 9 5 4 4 4 4 4 11 11 5 2 4 4 4 9 5 11 4 11 2 5 10 7 10 8 6 8 7 0 6 7 11 5 10 10 8 8 7 11 10 8 8 10 10 7 2 8 10 10 6 7 7 8 8 11 1 3 5 10 2 3 11 4 4 5 4 4 4 4 4 4 4 4 4 4 11 5 11 11 5 2 3 10 10 8 7 8 4 4 10 10 8 7 7 8 7 0 6 7 7 10 10 8 2 7 10 10 7 7 6 7 7 7 8 5 1 3 4 4 4 4 4 4 4 4 4 4 4 10 8 11 5 4 11 5 11 5 7 7 11 11 5 4 4 4 4 5 0 9 5 7 7 7 7 7 7 10 7 10 8 7 7 0 6 7 8 11 5 11 11 5 5 7 7 7 11 10 8 8 10 10 2 7 7 8 11 5 3 4 4 4 4 1 9 5 11 11 2 3 4 5 11 11 1 5 5 4 4 3 11 5 4 4 10 10 0 4 6 0 6 8 8 10 10 7 2 6 7 7 7 8 11 10 8 7 7 10 8 8 7 7 11 10 8 8 10 10 8 7 8 11 11 5 2 4 4 11 11 5 4 9 4 5 8 11 2 4 4 11 11 5 4 3 4 4 4 4 5 11 2 10 10 8 7 7 8 10 10 8 8 10 10 7 7 7 7 8 8
ppo_x50_b_fd_l4_noshaped,49,qv22_53,22,227,True,1407.0,13.545775413513184,6 8 2 10 10 8 8 10 9 8 7 5 11 2 7 10 10 8 7 5 10 10 8 8 9 5 10 10 8 8 11 2 10 10 6 8 8 10 10 8 8 10 10 8 8 11 10 2 8 9 10 8 8 4 1 3 4 4 11 7 8 11 11 5 4 4 10 8 2 9 10 8 7 7 8 11 4 4 5 11 11 5 5 4 4 4 4 4 4 4 4 4 11 5 0 9 8 10 10 8 8 0 7 6 10 8 7 10 10 2 6 8 7 7 11 10 8 7 5 10 10 2 8 10 10 6 8 8 7 10 10 8 8 4 4 4 4 1 4 4 4 3 11 4 11 5 4 4 4 5 10 10 8 7 7 8 11 4 4 4 4 4 4 4 4 5 7 7 10 0 7 6 8 10 10 7 2 9 8 7 0 6 8 10 10 8 10 7 7 7 2 8 11 5 10 11 5 5 4 4 3 4 4 4 4 4 10 11 5 5 4 11 11 5 5 10 7 7 10 0 8 7 7 7 7 9 8 7 8 11 2 4 11 4 5 9 10 8 8 11 4 4 4 5 4 4 11 5 4 11 11 5 2 7 7 9 10 8 7 7 7 7 7 8 11 1 9 5 8 4 4 11 5 11 4 11 2 5 9 5 10 7 10 7 7 7 0 6 7 8 8 10 10 7 8 7 7 7 7 8 10 8 4 4 4 4 1 11 4 4 10 7 8 8 10 10 6 7 8 10 8 8 11 2 4 10 9 8 7 8 11 4 10 8 8 1 9 8 11 11 5 5 4 10 8 11 11 5 4 5 11 4 10 2 8 9 8 1 11 9 5 5 4 4 4 4 11 5 11 2 3 4 11 4 4 5 4 4 10 10 0 6 7 7 8 8 10 10 2 6 7 8 7 10 7 7 7 7 7 8 7 11 1 9 5 5 4 11 11 5 2 4 4 4 10 10 8 8 9 8 11 10 8 7 8 10 10 7 7 8 7 8 11 2 10 9 5 5 7 1 9 8 11 11 5 4 5 7 10 8 4 4 11 4 4 4 5 4 4 4 4 11 4 5 11 11 5 2 3 7 7 7 10 7 7 7 7 10 8 2 7 9 8 4 4 10 10 8 7 8 10 7 10 8 7 7 8 4 1 3 4 4 11 4 5 7 7 10 7 8 11 4 4 11 5 5 4 4 1 3 4 10 8 11 11 2 3 4 4 4 4 4 4 5 0 7 7 6 10 8 10 7 7 7 7 7 7 7 11 2 5 3 11 5 4 4 1 11 9 5 5 10 8 11 4 5 4 4 11 11 5 4 4 2 10 10 8 8 7 7 10 9 7 8 8 0 9 10 8 8 10 7 7 8 10 10 8 7 10 8 2 9 7 8 11 11 5 5 4 4 4 11 5 4 11 1 3 4 5 4 4 4 10 10 8 8 11 5 11 11 5 4 4 5 4 10 10 8 7 7 7 7 7 7 8 0 9 5 10 7 7 10 8 8 7 7 10 10 8 2 9 10 7 7 8 8 4 1 3 4 11 5 4 4 11 5 11 11 2 5 11 9 5 5 4 4 4 11 4 4 4 5 0 6 11 10 8 8 7 10 10 7 7 8 7 7 8 11 4 5 10 8 10 10 8 8 10 7 10 8 7 10 8 2 9 8 11 4 4 4 11 5 4 4 4 4 5 11 11 2 5 10 7 6 8 10 10 2 6 7 8 11 10 2 8 6 11 11 5 4 4 5 4 11 11 5 4 4 4 4 4 4 5 10 10 2 8 9 5 10 10 8 7 8 7 7 7 7 7 7 11 10 8 8 10 10 7 7 7 7 8 7 8 4 4 4 11 10 8 8 11 2 3 11 5 4 4 11 11 5 4 5 4 4 4 4 4 4 11 5 10 10 2 7 8 10 7 8 7 9 8 10 7 7 7 7 7 7 10 8 2 9 5 10 10 7 8 7 8 11 4 5 4 4 4 4 4 4 4 4 10 8 11 5 11 4 5 11 11 5 5 11 11 4 4 5 4 4 2 10 10 8 6 7 8 7 10 10 8 2 9 8 7 7 7 10 10 8 8 1 3 4 1 4 4 4 4 11 4 5 10 9 8 8 10 10 8 7 7 8 11 4 4 10 8 8 7 7 0 6 7 7 7 7 7 11 10 8 8 10 10 7 8 8 4 1 4 4 4 11 4 5 4 3 4 4 1 4 4 11 3 4 5 10 4 4 11 5 2 7 9 5 10 7 10 8 10 8 8 7 7 10 10 8 8 4 11 11 5 2 9 8 11 11 5 4 5 10 8 7 7 7 10 10 7 8 8 10 10 8 8 1 11 3 5 4 4 11 5 10 8 1 3 4 4 4 11 11 5 7 7 5 4 4 4 4 4 0 10 10 8 7 6 7 7 7 7 7 8 11 10 8 8 10 7 7 11 5 2 3 10 10 8 7 7 8 11 11 2 5 4 4 3 4 4 11 5 4 4 11 1 9 5 8 11 4 11 2 5 9 8 10 10 8 7 8 10 7 7 10 8 8 11 4 2 11 11 5 4 9 5 5 11 4 4 4 11 5 2 11 9 5 5 0 9 7 7 8 0 6 7 0 6 7 11 10 8 8 10 7 10 8 7 8 4 4 4 4 11 5 10 10 2 8 6 0 10 6 10 7 7 7 8 7 7 7 10 8 8 1 4 11 9 8 8 4 1 3 4 4 11 5 11 2 10 9 8 7 7 8 4 4 1 3 4 11 5 11 11 2 5 7 9 8 10 10 8 8 0 9 5 10 7 10 7 8 8 11 10 8 8 10 7 5 1 3 11 5 1 3 4 4 4 4 4 4 4 10 8 11 11 5 4 4 5 4 11 4 11 5 2 11 6 7 8 11 11 5 11 5 5 10 10 8 2 7 6 7 10 8 7 7 11 5 10 10 8 7 7 7 7 7 7 7 7 8 10 1 3 4 4 4 4 4 4 4 4 4 4 5 11 11 2 5 11 4 9 5 4 5 4 10 0 9 8 8 10 8 11 5 0 6 7 7 7 7 7 7 11 5 10 10 8 8 7 10 10 7 7 7 8 2 7 10 9 8 8 0 6 11 5 7 11 11 5 5 4 4 4 4 4 4 11 11 5 4 4 4 4 4 4 4 5 1 10 10 8 8 10 10 6 8 8 10 10 8 2 4 4 4 4 4 4 9 11 5 5
ppo_x50_b_fd_l4_noshaped,50,qv22_54,22,232,True,1404.0,13.844240665435791,8 8 10 10 8 8 10 10 8 7 5 9 5 10 10 8 8 10 11 2 5 10 10 7 8 7 5 9 5 10 10 8 8 10 10 8 8 10 10 8 8 11 5 10 10 7 8 8 10 10 8 8 1 3 4 10 8 11 4 4 4 11 5 11 5 5 7 11 4 11 2 5 7 9 8 10 10 8 8 4 11 5 1 11 11 3 5 4 4 4 5 4 11 11 5 5 10 0 7 7 9 8 8 7 7 10 10 7 7 2 6 7 7 8 4 4 1 3 4 11 4 5 4 11 2 4 3 4 11 11 5 5 7 7 7 7 0 7 6 11 10 8 8 10 7 10 7 7 7 7 8 8 11 10 7 7 7 8 8 11 5 11 5 10 10 8 2 6 4 11 5 4 4 4 4 4 10 10 8 7 7 8 11 4 5 4 11 5 4 4 4 4 11 4 5 4 4 4 4 4 4 10 10 8 2 7 7 7 9 8 7 7 11 5 10 10 8 7 7 8 10 7 8 10 10 7 7 7 8 7 8 4 1 4 9 5 11 4 4 4 4 4 11 5 5 10 8 11 11 2 3 5 4 4 4 11 2 11 3 5 4 4 10 10 8 7 7 8 4 10 2 10 10 8 6 7 8 7 10 8 10 7 7 7 10 7 7 7 7 8 8 11 10 7 8 2 11 9 5 5 4 10 8 11 2 9 5 4 4 4 4 4 4 10 11 5 4 4 4 4 5 7 0 6 7 10 8 10 7 7 7 7 7 7 8 7 10 10 8 2 4 11 4 11 5 3 4 4 4 5 1 9 11 5 5 4 11 11 2 4 5 10 6 7 8 4 11 11 5 5 4 11 5 4 4 10 10 0 6 7 7 8 8 10 10 7 7 8 7 8 10 8 7 7 7 7 11 7 7 8 11 5 4 11 4 4 4 5 4 4 10 10 8 2 9 7 7 8 4 4 10 10 8 8 11 4 11 4 5 5 4 4 4 4 4 11 11 5 2 9 5 7 7 10 0 6 7 8 10 10 2 6 7 8 10 10 8 10 7 8 8 1 9 5 11 11 5 4 4 5 1 9 8 11 4 4 4 11 5 2 9 5 11 11 2 3 4 5 11 11 5 11 5 2 3 10 10 8 8 7 10 10 2 8 6 10 8 4 4 10 10 8 7 7 7 7 7 7 7 8 4 4 4 4 4 4 4 11 1 3 4 5 10 2 10 7 10 8 8 10 10 7 6 7 7 7 7 8 8 10 10 7 7 8 8 11 5 10 10 8 8 1 10 8 3 11 5 4 4 11 4 4 1 9 8 5 10 8 7 11 11 5 5 4 4 4 4 4 4 11 4 5 4 4 11 11 5 2 7 7 7 7 7 7 7 10 7 6 7 8 10 10 7 7 7 7 8 8 1 3 4 4 4 4 4 11 11 2 5 9 11 5 5 11 4 4 4 4 4 4 5 4 11 11 2 5 7 7 6 7 10 8 10 7 7 7 7 8 10 10 8 7 8 11 11 2 5 7 7 9 5 10 10 7 7 2 8 3 11 5 7 7 7 10 10 8 7 5 4 4 1 3 4 10 8 11 11 5 4 4 4 5 4 4 4 4 11 4 4 5 11 11 5 2 9 5 11 4 5 10 7 10 8 8 10 10 7 7 8 8 10 10 8 8 11 10 2 6 7 7 8 10 10 7 8 4 2 9 10 8 8 7 7 11 11 5 5 4 4 11 5 4 10 10 8 8 10 2 7 7 7 10 10 8 8 6 4 4 11 5 4 4 4 4 1 3 4 4 4 4 4 11 4 5 10 11 5 4 4 4 11 2 5 10 8 10 10 6 8 7 7 10 8 7 10 8 7 7 8 11 10 2 8 6 10 7 7 7 10 2 8 10 8 3 4 11 11 4 5 11 5 11 5 2 9 11 5 4 4 4 5 10 10 8 10 8 7 7 8 11 4 4 4 5 10 10 8 8 11 4 4 4 5 11 5 4 10 10 0 8 7 8 7 7 6 10 7 10 8 8 10 10 8 2 11 5 3 4 4 1 3 4 4 4 4 4 4 11 5 11 11 7 7 7 7 7 7 2 6 10 8 7 8 7 10 10 7 8 8 10 10 2 8 9 10 8 8 7 11 1 10 6 5 1 3 4 4 4 11 5 4 2 9 5 11 11 5 4 5 11 11 5 4 4 4 4 4 4 5 0 9 5 10 10 8 7 7 8 10 10 7 8 7 5 10 10 8 2 10 10 8 7 7 6 8 10 8 10 10 7 8 2 6 4 4 4 11 11 2 5 9 8 4 4 11 11 2 3 4 5 11 11 5 4 4 11 5 2 6 7 0 6 10 7 7 7 7 8 10 10 8 7 8 7 10 7 7 10 8 8 4 11 4 2 9 5 4 11 11 5 4 4 4 4 4 4 4 4 4 4 1 9 8 8 11 4 4 11 2 5 10 8 4 3 10 10 8 8 10 10 7 8 7 8 11 11 5 2 10 7 7 6 7 7 7 8 10 10 7 7 7 8 2 3 4 11 5 10 10 7 7 7 8 8 4 11 5 7 10 11 2 5 3 4 4 4 4 4 4 1 3 4 4 1 11 9 8 5 11 11 5 4 4 4 4 5 7 7 0 7 7 7 11 5 9 10 8 8 11 5 4 10 10 2 6 8 10 10 8 7 7 8 11 2 9 10 8 5 11 5 11 5 10 10 8 7 10 8 7 7 7 7 7 8 11 4 10 8 2 3 4 4 11 5 11 11 5 4 5 4 4 4 4 4 4 11 11 5 2 11 11 5 5 9 7 0 9 8 8 7 7 7 7 7 10 7 8 10 10 8 7 7 10 8 2 3 11 5 10 10 7 7 7 8 7 8 11 7 4 4 4 5 10 10 8 7 8 11 11 5 2 9 8 10 11 5 5 4 4 1 4 4 4 4 3 11 4 4 5 11 4 4 11 2 5 11 11 5 3 4 5 10 8 11 11 2 5 6 10 8 7 7 7 7 11 5 10 10 8 8 10 7 10 7 8 8 10 10 2 6 8 11 10 8 8 10 10 7 8 8 1 9 5 10 0 10 7 8 6 8 11 5 10 10 2 8 4 11 4 4 11 5 4 4 4 5 11 11 3 4 5 4 4 4 4 4 4 4 4 5 7 7 7 7 7 7 7 7 10 8 11 11 5 2
ppo_x50_b_fd_l4_noshaped,51,qv22_55,22,232,True,1386.0,13.873552560806274,8 7 5 9 10 8 8 10 11 2 5 10 10 7 8 7 5 9 5 10 10 8 7 5 0 9 10 8 7 5 11 5 10 10 7 8 8 11 5 10 10 7 8 8 10 10 8 8 1 9 5 4 1 4 4 11 5 9 11 5 4 4 5 4 4 4 4 10 10 2 10 6 2 7 6 7 8 10 8 11 10 8 8 10 10 7 8 2 10 10 7 8 8 10 10 7 8 8 10 9 8 8 11 2 9 11 5 5 4 11 2 9 10 8 4 5 4 4 4 4 4 4 11 5 4 4 4 11 11 2 4 5 9 7 8 10 10 2 8 10 10 6 7 8 7 7 7 8 10 10 7 7 7 7 2 8 10 7 10 7 8 8 9 5 4 4 1 4 4 4 3 4 4 11 5 10 10 8 4 4 4 2 3 4 10 10 8 7 7 7 8 4 11 2 11 9 5 5 4 4 4 11 11 4 2 4 4 5 9 11 5 5 0 7 7 7 7 7 7 6 7 10 8 10 10 7 7 7 7 8 7 7 8 10 2 9 7 8 4 4 4 4 4 4 1 4 11 3 4 4 5 4 11 10 2 8 10 10 6 7 7 8 8 10 10 8 7 8 11 4 2 10 6 10 7 7 7 8 8 11 5 4 10 10 8 8 4 10 8 4 1 4 4 3 4 4 4 4 4 4 4 11 11 5 2 4 4 10 10 8 6 8 10 0 7 8 9 11 5 5 10 7 7 0 6 7 7 10 8 8 11 5 10 7 10 8 7 7 8 11 2 11 9 5 5 4 4 1 4 9 5 11 11 5 4 4 4 4 4 4 4 5 11 11 2 5 10 8 3 10 1 9 8 8 10 10 8 7 0 9 8 7 7 8 7 7 10 10 2 7 5 7 10 7 10 8 7 8 7 11 3 4 4 5 4 4 4 10 8 11 5 4 4 4 4 1 3 4 4 4 4 4 4 10 11 5 5 10 8 10 10 8 7 7 7 7 0 6 8 11 5 10 7 7 8 7 10 10 8 7 7 8 10 10 8 7 8 11 11 2 5 11 7 3 11 2 3 4 4 4 5 4 11 11 5 4 5 11 4 4 4 4 5 4 4 11 2 9 10 8 4 5 4 10 0 6 8 10 7 7 10 2 6 7 8 7 11 4 5 10 10 8 2 9 10 8 8 7 7 7 10 7 7 7 8 10 10 2 7 6 8 4 4 4 4 1 4 9 4 4 10 8 8 11 5 4 11 5 4 11 11 5 5 10 2 6 4 0 6 10 10 7 7 7 7 7 8 8 11 5 10 10 7 2 6 8 4 11 4 1 3 4 5 4 4 10 8 11 5 4 1 3 4 4 4 4 10 8 11 11 5 4 4 5 11 2 9 10 8 8 7 7 7 0 10 6 0 6 10 8 8 11 5 10 10 7 7 7 8 7 8 11 2 11 9 4 8 8 4 4 4 4 4 4 11 5 4 4 4 4 4 11 11 2 5 7 7 7 7 7 7 7 7 6 7 7 7 10 7 7 0 6 8 10 10 7 7 7 2 8 11 5 4 11 9 7 8 8 4 4 4 4 11 4 4 5 10 8 10 10 8 8 4 4 4 1 4 4 3 4 11 5 4 4 4 4 4 11 5 10 10 8 2 10 10 6 7 7 7 8 8 10 10 7 7 8 8 11 5 10 10 7 7 7 7 7 7 8 8 1 9 8 11 4 4 4 4 11 2 5 7 7 10 8 3 7 11 11 5 4 5 11 5 4 11 5 7 7 7 11 11 5 4 5 4 4 11 4 4 5 4 4 4 11 11 5 7 8 10 8 4 11 11 2 3 4 5 11 2 6 7 7 7 10 10 8 7 10 8 0 6 8 7 7 7 7 7 10 7 7 7 7 8 10 8 11 4 4 10 2 3 4 5 7 10 8 4 4 4 4 11 5 4 4 11 11 5 5 4 4 4 4 4 10 2 10 9 8 7 7 7 7 8 11 4 2 9 10 8 7 8 11 4 4 5 0 6 11 10 8 8 10 2 10 10 7 6 8 7 8 10 10 8 7 8 10 10 2 8 11 3 4 1 4 5 4 3 11 10 8 4 5 4 4 1 3 11 4 4 4 4 4 4 5 11 2 3 4 10 10 8 7 8 10 8 4 10 10 7 8 0 6 7 7 7 8 7 7 10 10 2 8 9 5 10 10 8 8 11 10 8 8 10 10 7 8 8 11 4 1 3 4 5 11 4 4 5 7 11 10 8 8 4 4 4 4 11 11 5 5 1 10 9 5 5 4 10 10 8 8 11 4 4 4 5 10 8 7 7 0 6 7 11 5 10 10 7 7 7 7 7 7 8 7 8 10 10 8 8 4 4 1 4 11 9 8 8 11 5 4 4 4 11 11 2 3 5 10 11 5 4 4 5 4 4 11 4 2 9 11 5 5 10 7 0 9 8 8 10 7 7 7 8 10 10 2 10 8 6 7 7 7 8 11 4 4 2 4 4 4 4 4 4 11 4 5 10 10 8 8 4 4 11 3 4 11 5 5 11 2 10 9 8 7 8 7 10 8 4 11 11 2 5 9 7 8 10 10 8 8 10 10 0 6 7 7 7 8 8 10 2 4 4 11 5 4 4 10 9 5 5 4 4 4 4 11 11 5 5 4 10 2 10 6 7 8 10 10 7 7 7 7 7 7 7 7 7 7 7 7 7 8 8 4 11 5 4 1 10 3 5 4 4 4 11 5 10 10 8 2 11 4 5 10 10 8 8 10 10 7 7 7 6 7 7 8 8 11 5 10 10 8 2 9 5 11 11 5 5 1 9 4 4 5 11 5 10 10 7 7 8 8 11 4 2 4 3 4 4 4 4 4 4 1 4 4 9 5 4 4 11 11 2 3 4 5 11 2 10 10 8 7 7 8 6 4 0 6 10 10 7 7 8 8 10 10 7 8 8 10 2 10 10 7 6 7 7 7 8 8 4 10 10 8 8 1 9 8 11 11 5 4 5 7 10 8 11 11 2 3 4 4 5 10 2 6 10 10 8 4 4 5 4 4 1 3 11 5 7 10 8 4 11 11 5 4 4 5 4 11 4 11 4 4 5 2 10 7 7 10 7 7 7 7 7 7 7 7 8 7 7 7 7 7 6 8
ppo_x50_b_fd_l4_noshaped,52,qv22_56,22,229,True,1389.0,13.659097909927368,8 7 5 9 10 8 8 10 11 5 2 7 10 10 8 8 4 11 4 5 7 10 11 5 5 3 10 10 7 2 8 10 10 7 8 8 10 10 8 8 9 10 8 8 11 2 11 7 7 10 8 8 10 9 8 8 10 2 10 10 8 8 9 10 8 8 4 4 4 4 4 4 11 5 10 10 8 4 4 2 3 11 11 5 5 4 4 11 4 4 5 10 10 2 6 8 11 5 10 10 7 7 2 7 7 8 9 10 8 4 4 5 10 2 10 10 8 7 6 7 7 8 10 2 9 10 8 7 7 8 11 1 3 4 4 4 5 11 11 2 5 9 8 4 4 11 11 5 4 4 11 5 4 4 5 4 11 11 2 5 7 7 6 7 7 10 8 10 11 5 4 5 10 10 8 7 8 7 7 10 8 4 4 4 10 11 5 5 11 5 10 7 10 7 7 7 2 6 7 7 7 7 8 10 10 8 7 8 10 10 7 8 5 4 10 2 3 4 4 1 3 4 4 4 11 4 10 7 8 5 7 10 7 8 10 10 8 4 4 5 10 7 7 7 8 4 4 4 11 4 4 4 4 5 4 11 11 5 7 7 7 8 11 2 4 4 4 9 5 4 11 4 4 4 11 2 5 3 4 10 10 8 7 7 7 7 7 7 7 7 7 10 7 8 7 8 4 4 11 2 9 11 5 7 8 11 2 10 10 7 8 7 8 11 10 8 8 10 7 9 8 8 1 3 4 4 11 4 4 4 4 4 5 10 2 9 11 5 5 11 2 10 10 8 7 6 7 8 10 10 7 8 8 10 7 2 10 6 8 4 11 11 2 11 5 9 5 5 4 4 11 4 11 5 4 4 11 2 5 9 8 4 4 4 10 11 5 5 0 7 6 7 7 7 11 5 10 10 8 8 4 11 5 7 7 7 10 10 7 7 7 7 8 2 6 11 11 5 10 5 1 3 4 5 4 4 4 4 4 11 5 4 11 11 5 2 11 11 5 4 3 5 10 2 6 7 7 7 10 10 7 8 7 11 2 5 6 7 7 7 10 7 7 7 10 8 2 7 11 5 9 10 8 8 1 11 3 4 5 4 4 11 11 5 7 8 4 1 3 4 11 4 5 4 4 11 5 11 11 2 3 4 5 10 2 10 9 8 7 7 0 9 8 8 11 5 10 10 2 6 7 7 8 11 5 10 10 7 2 6 8 10 10 2 8 10 10 6 7 7 8 8 10 10 8 8 4 1 4 9 5 4 4 4 4 4 4 4 4 11 11 5 7 8 11 4 4 4 5 11 4 4 4 11 5 2 7 9 8 10 7 8 7 10 10 2 6 7 8 7 10 7 7 8 11 5 11 11 5 4 4 4 4 5 4 11 11 5 5 10 7 7 7 0 6 8 10 10 8 8 7 7 10 7 7 7 7 7 7 7 8 1 3 4 4 4 4 4 4 4 4 11 5 4 11 4 11 2 5 7 6 10 7 7 8 10 7 10 8 8 7 7 7 10 7 10 8 8 4 11 4 2 11 9 8 8 4 4 1 3 4 4 11 4 5 11 11 4 8 7 7 8 11 2 11 4 5 10 9 8 8 10 10 7 8 8 10 10 7 8 8 4 4 1 3 4 11 10 8 8 11 2 6 11 10 8 8 10 10 8 2 10 10 7 8 8 9 5 7 10 10 8 2 4 4 3 4 4 4 4 4 11 5 4 4 4 4 4 11 4 5 10 2 10 9 8 8 10 10 7 8 1 11 5 4 4 4 4 4 5 9 11 5 5 0 6 10 7 8 11 11 5 5 10 8 7 7 11 10 8 8 7 10 10 8 2 6 7 10 7 7 10 8 2 11 5 6 7 7 7 7 10 7 10 2 8 9 5 7 11 5 4 4 1 3 4 10 8 11 11 5 4 4 4 4 5 7 10 8 11 4 4 4 11 2 3 5 10 8 4 4 11 11 5 11 5 4 5 4 0 9 10 8 8 10 7 7 7 8 1 11 4 4 11 5 5 9 4 5 10 10 8 8 7 7 10 10 8 7 7 7 7 7 7 8 4 4 4 4 1 11 4 4 5 4 3 10 10 0 6 2 6 10 8 8 10 10 8 8 10 10 8 2 10 6 7 8 10 10 7 7 8 2 3 4 1 3 4 4 11 4 5 10 11 5 11 5 4 4 5 11 2 10 10 8 6 8 10 10 8 2 9 5 11 4 4 11 2 5 9 8 4 11 11 5 11 5 5 4 4 0 6 10 10 8 7 7 7 7 7 7 7 7 7 8 11 4 4 10 2 6 8 11 1 3 4 4 4 5 10 4 11 2 4 3 5 10 7 8 7 7 7 0 10 8 10 10 8 7 7 6 7 8 10 10 7 8 8 11 2 4 11 3 4 4 4 5 4 4 1 4 4 3 4 11 5 11 4 4 11 2 5 9 11 4 8 0 6 7 7 7 7 8 0 9 5 10 7 8 10 10 8 8 10 2 10 10 7 7 6 7 7 8 8 10 10 8 8 11 2 4 9 8 4 4 4 4 4 4 4 4 4 4 4 10 10 2 8 11 5 3 10 11 5 5 11 11 5 4 4 4 11 2 4 5 10 7 8 7 6 7 7 7 0 6 7 11 10 8 8 10 10 7 7 7 2 8 10 7 7 10 8 6 7 8 11 2 4 3 1 4 3 4 1 3 4 4 4 4 4 4 10 8 11 11 5 5 0 9 5 10 7 7 8 10 7 8 10 10 7 2 6 8 10 7 10 7 7 8 8 4 1 9 8 4 11 4 5 4 4 4 4 4 4 11 5 11 11 2 3 4 5 4 4 11 4 5 0 9 8 7 10 10 2 8 9 7 7 8 10 7 7 8 11 11 5 5 7 7 10 7 7 10 2 7 7 8 3 11 4 5 4 11 11 5 11 5 4 4 4 11 5 5 10 8 4 11 11 5 2 3 7 7 10 7 8 7 7 7 10 7 10 7 7 7 7 7 8 8 11 5 1 9 5 10 10 8 7 8 11 4 4 4 4 4 4 4 4 4 5 4 4 11 11 2 5 3 4 4 4 11 11 5 5 7 7 0 9 8 11 5 10 10 8 7 7 8 10 10 8 7 7 7 7 7 7 7 7 7 7 10 2 8 11 5 10 10 8 8
ppo_x50_b_fd_l4_noshaped,53,qv22_57,22,234,True,1398.0,13.926456451416016,8 7 5 10 10 8 7 5 10 10 8 8 9 5 11 10 4 5 11 5 2 9 7 11 5 5 10 7 7 7 10 8 8 0 9 10 8 8 11 5 4 4 4 11 5 4 11 11 5 7 7 7 8 10 10 7 7 7 7 8 8 11 2 10 10 6 8 8 10 10 8 8 11 5 10 10 7 8 8 11 5 1 11 5 10 10 7 7 6 8 8 10 10 8 8 11 2 9 2 9 2 9 5 10 11 2 3 5 4 1 9 8 4 11 4 4 4 11 5 1 3 4 5 10 8 11 11 5 5 4 11 11 5 2 9 8 11 11 5 4 4 4 5 10 10 8 2 10 6 7 8 7 10 10 7 8 7 7 8 7 7 7 11 10 8 8 10 10 7 8 2 10 10 7 3 7 8 2 9 5 4 10 4 4 4 5 4 4 1 9 10 4 5 4 4 5 11 10 2 8 6 11 4 4 4 5 11 11 2 3 4 4 4 4 5 10 2 10 7 6 8 7 7 11 5 10 10 8 7 0 6 8 10 10 7 7 8 7 8 10 8 11 11 5 5 10 7 7 8 10 10 7 2 8 11 5 4 4 11 4 4 5 4 9 11 5 5 4 11 5 7 0 10 9 8 7 7 8 11 4 4 5 11 5 1 3 4 4 4 4 4 11 5 4 10 10 8 8 10 10 8 2 6 7 7 7 10 7 7 8 10 7 10 7 8 8 1 9 5 4 4 4 11 4 11 2 5 9 8 4 4 11 4 5 4 11 11 2 5 10 7 7 10 7 7 6 7 7 7 8 8 10 2 10 10 7 6 7 7 7 7 8 8 11 4 10 8 8 1 3 4 1 9 5 4 11 11 2 5 10 7 8 10 9 8 8 11 4 4 5 4 4 4 4 11 5 11 5 10 10 8 4 4 4 5 11 5 0 9 10 8 8 10 7 10 8 7 7 8 1 9 4 4 5 4 11 11 5 5 11 11 5 11 5 2 6 4 4 4 11 11 2 5 10 7 7 6 7 7 7 7 7 8 10 10 7 8 8 11 4 2 10 9 8 8 10 2 9 10 8 7 8 10 2 10 10 6 7 8 8 11 2 10 9 8 8 1 9 8 11 11 5 5 10 8 4 7 7 11 11 5 4 5 4 4 4 11 4 5 4 4 4 4 4 11 5 11 11 2 3 5 11 2 6 10 7 7 7 7 8 10 10 2 6 7 8 10 7 11 5 5 11 4 4 4 5 11 2 11 9 5 4 4 4 4 4 5 0 9 10 8 10 8 8 7 0 6 7 7 7 7 11 10 8 8 10 7 10 7 7 8 7 7 8 10 8 11 11 2 3 5 4 11 1 3 4 5 10 10 8 8 10 2 10 8 10 10 8 6 7 8 1 9 8 4 4 4 4 11 11 4 4 2 4 3 4 5 11 11 5 4 4 4 5 0 6 7 7 10 8 7 10 7 7 8 10 7 4 7 7 7 7 10 7 7 8 5 4 4 4 4 4 4 4 4 11 1 4 4 9 5 5 10 2 4 11 9 8 5 10 7 8 10 10 8 8 10 2 9 10 8 4 5 11 4 5 4 4 11 11 5 4 5 11 5 7 11 10 8 8 11 4 4 5 0 7 7 9 10 8 7 7 7 7 7 10 8 7 7 8 10 10 7 7 7 8 2 7 10 9 8 5 11 4 5 4 4 4 4 4 4 4 4 1 9 11 4 4 4 4 5 2 11 4 5 9 10 8 8 11 5 10 10 8 7 7 7 10 8 7 8 11 5 7 10 10 8 2 11 5 4 11 9 5 5 4 10 11 5 5 4 11 11 2 5 3 4 4 10 10 0 6 7 7 7 7 7 7 7 7 7 8 7 7 7 7 8 11 2 3 4 11 4 10 8 8 1 9 11 5 4 4 4 4 5 0 7 6 0 6 10 7 8 1 9 11 5 5 11 2 6 7 10 10 8 7 8 10 10 8 8 10 10 8 8 11 1 3 5 4 4 1 9 11 5 4 4 11 5 4 4 11 5 5 4 4 11 4 5 7 0 9 8 7 10 10 8 8 11 5 11 11 5 7 7 7 8 10 10 2 6 8 7 7 10 8 11 1 9 5 5 4 4 4 4 4 10 11 5 5 4 11 11 5 5 11 2 3 10 10 8 7 7 10 8 7 7 8 10 7 7 0 10 7 8 6 8 11 4 4 5 4 11 5 4 4 1 3 4 4 4 11 4 4 11 2 5 7 11 5 10 10 8 7 7 6 8 11 11 2 5 10 8 10 7 10 7 8 7 8 7 9 10 8 8 10 2 10 10 6 8 7 8 10 2 10 10 7 8 8 9 5 4 4 4 4 10 10 8 2 9 8 11 4 5 4 4 4 10 8 11 11 5 4 5 4 0 11 10 6 8 7 7 7 7 7 8 11 10 8 8 10 10 7 2 8 3 4 4 7 4 11 4 4 4 5 4 4 4 4 4 4 4 4 11 11 2 4 5 3 10 11 5 5 4 10 10 0 6 8 7 8 7 7 10 10 2 6 7 7 8 11 5 10 10 8 8 10 10 8 7 7 7 8 11 4 1 9 5 4 4 5 1 4 4 9 4 5 4 4 11 11 5 5 4 0 9 10 8 7 7 7 7 7 7 8 10 10 8 8 4 4 4 4 4 11 5 7 10 10 8 8 10 10 8 7 7 8 11 2 10 10 7 6 7 8 8 10 7 10 8 2 9 5 11 11 5 4 5 4 10 10 2 8 4 9 11 5 4 4 5 4 10 7 7 8 11 5 4 11 11 5 4 4 5 4 10 11 4 5 4 4 4 4 5 7 10 11 2 5 6 10 10 8 7 7 7 7 10 8 7 8 11 10 8 8 10 10 7 8 7 7 8 11 5 10 10 8 7 7 8 11 11 5 2 3 4 4 4 4 4 4 11 4 11 2 3 5 11 2 10 7 8 11 11 5 9 5 5 11 11 2 3 5 4 11 11 5 2 4 11 9 5 5 7 0 7 6 7 10 10 8 7 7 7 7 10 8 8 4 10 10 8 7 7 8 11 10 8 8 10 10 8 7 8 11 11 5 2 4 4 11 11 5 4 4 4 4 4 4 4 4 5 9 11 5 5 4 10 10 0 8 7 7 7 7 7 7 7 7 7 7 7 7 7 7 6 8
ppo_x50_b_fd_l4_noshaped,54,qv22_58,22,234,True,1431.0,5.002318620681763,8 7 10 8 8 10 10 8 8 9 5 10 10 8 8 10 10 8 8 11 5 10 10 7 8 7 5 10 10 8 8 11 5 10 10 7 8 8 1 4 3 4 11 5 4 11 11 2 4 5 9 4 4 10 8 0 6 8 10 10 7 7 8 8 10 10 7 7 7 8 8 11 4 2 4 9 5 4 11 11 2 5 10 10 6 7 7 7 8 8 10 10 8 8 10 10 8 8 1 9 5 4 11 4 5 11 11 2 5 9 5 4 4 4 4 4 10 10 8 2 7 10 7 8 6 4 4 4 4 11 5 4 4 4 10 1 9 5 5 11 2 4 3 11 11 5 5 7 7 10 2 6 10 8 7 7 7 7 7 10 7 8 10 10 7 7 7 7 8 8 4 10 10 8 7 8 11 5 4 4 4 4 4 4 4 4 4 4 4 4 10 11 5 4 4 4 5 11 2 9 10 8 8 7 7 7 7 7 7 7 7 7 10 8 10 10 8 2 9 10 8 7 7 8 11 11 5 4 4 4 4 5 10 8 4 11 11 5 4 4 4 4 5 11 2 9 10 8 4 5 11 11 5 5 4 10 2 10 10 6 7 7 2 7 6 7 7 8 7 7 7 11 10 8 8 1 3 4 4 1 9 5 11 11 4 5 8 4 11 4 5 4 11 11 2 3 4 5 4 10 2 10 10 8 7 6 7 7 8 4 11 5 10 10 2 8 10 10 7 6 8 7 7 7 10 7 7 7 8 7 8 4 4 4 4 10 2 10 10 7 7 8 8 7 11 9 8 8 4 4 11 5 4 11 4 1 9 5 5 11 4 4 4 5 4 4 11 4 11 2 3 4 4 4 5 10 7 8 4 11 11 2 5 10 10 6 7 7 8 7 7 7 7 0 6 7 7 10 8 7 8 4 11 5 11 5 10 10 7 7 8 7 8 11 10 8 8 4 11 11 5 2 10 9 5 8 4 4 11 11 5 4 4 4 4 4 4 5 11 2 6 4 11 5 10 0 6 10 8 7 10 7 7 8 7 7 8 10 10 2 8 10 10 6 8 7 7 8 10 10 8 8 11 1 3 5 4 4 4 4 4 4 11 4 11 5 2 7 9 8 4 4 10 10 8 7 8 11 4 5 11 11 5 4 4 10 8 2 6 7 7 7 10 0 6 7 7 7 7 8 10 10 7 8 8 1 9 5 11 4 4 4 5 4 4 11 11 5 2 9 5 11 4 5 11 11 5 5 4 4 4 4 4 10 11 5 5 10 8 10 10 2 8 7 10 8 7 9 10 8 7 7 8 7 11 2 9 5 10 7 7 7 7 8 10 10 7 7 7 8 8 11 5 1 9 10 8 8 4 1 3 4 4 4 11 5 11 11 2 3 11 5 5 4 4 1 3 4 4 11 4 10 8 8 11 4 5 10 10 7 8 2 9 10 8 7 8 10 7 0 6 7 7 8 7 10 8 7 10 10 8 7 8 11 11 2 5 6 7 11 11 5 4 4 4 4 5 4 1 3 4 4 11 4 4 5 10 10 8 2 3 4 11 4 4 4 4 5 11 4 10 0 6 8 7 8 10 10 2 6 8 11 10 8 8 7 7 10 10 8 8 10 2 10 7 6 7 7 8 4 11 11 5 5 1 7 3 1 7 3 1 3 10 11 5 5 4 4 11 11 5 4 4 11 5 4 4 2 10 10 8 6 7 8 11 5 10 10 8 7 7 7 7 7 7 8 11 4 2 9 10 8 8 7 10 8 7 11 11 5 4 4 5 4 4 11 4 4 4 5 11 4 4 2 6 10 10 8 7 8 10 2 10 8 7 10 6 10 2 10 6 7 7 7 7 7 7 7 7 8 2 3 4 11 5 4 7 4 7 10 11 2 3 2 4 11 3 4 4 5 4 4 11 4 1 10 7 8 8 6 0 6 11 10 8 8 10 10 7 8 8 10 10 7 8 2 10 5 6 4 4 4 1 4 4 4 3 4 11 4 4 5 4 4 4 4 11 5 4 4 4 10 10 8 7 7 8 11 4 5 10 2 7 9 10 8 7 7 7 7 8 1 9 11 5 4 11 5 4 4 4 5 7 10 7 8 11 11 5 5 4 11 5 10 10 7 2 8 7 6 7 11 5 7 10 10 8 8 7 7 7 7 10 8 4 11 10 7 8 7 10 8 8 1 4 9 5 4 4 4 4 4 4 11 5 10 10 7 8 8 11 5 4 4 4 4 10 10 8 2 9 8 7 11 10 8 8 10 7 10 8 8 7 10 2 10 7 10 8 7 7 6 8 4 4 4 11 2 9 5 7 10 8 4 11 4 4 11 5 2 11 9 5 4 4 5 4 11 4 4 4 5 7 11 2 10 9 8 8 10 10 8 7 7 7 7 8 7 11 10 7 7 7 7 7 8 8 1 3 4 1 3 4 11 4 4 11 5 5 11 11 5 2 4 3 4 4 11 1 3 4 4 5 4 4 0 9 5 10 10 8 7 8 7 7 7 11 5 10 10 8 7 7 7 7 7 7 5 10 10 2 8 9 10 8 1 4 3 5 10 8 4 7 7 10 10 8 8 4 4 4 4 4 4 4 11 4 5 10 10 2 8 9 5 4 11 4 4 4 11 5 5 11 11 2 5 10 10 7 6 7 7 8 7 7 7 8 10 7 8 7 7 7 7 10 8 10 7 10 8 2 6 4 11 11 5 4 4 4 4 4 4 5 10 2 7 9 8 10 10 8 2 9 5 11 4 11 5 11 5 4 4 4 4 5 0 9 4 10 8 7 8 10 10 8 7 8 10 10 7 8 7 8 10 10 8 7 8 10 10 2 8 3 11 5 4 11 5 11 10 7 2 3 4 5 4 10 2 10 9 8 7 8 11 5 7 7 10 10 7 5 7 1 3 4 4 5 4 4 4 11 5 4 4 11 11 4 4 4 4 5 4 4 5 4 4 11 10 2 8 10 10 3 8 7 10 8 7 8 11 4 5 11 5 10 10 8 8 1 9 5 11 4 4 11 5 2 9 8 10 10 7 8 7 7 8 7 7 11 5 0 9 5 10 10 8 8 7 7 11 10 8 8 7 11 11 5 5 10 8 11 10 7 8 8 4 1 4 3 4 4 4 4 11 11 5 2 9 8 4 11 11 2 5 3 10 10 7 7 2 6 8 10 10 7 7 8 7 8 11 11 0 7 7 6 8 8 10 10 7 8 2 4 4 4 4 4 11 9 5 5
ppo_x50_b_fd_l4_noshaped,55,qv22_59,22,232,True,1387.0,5.070967674255371,8 7 10 8 7 5 9 10 8 7 5 11 5 10 7 10 8 7 5 10 10 8 8 11 5 10 10 7 8 8 11 5 10 10 7 8 8 11 5 10 10 7 8 8 10 10 8 8 11 5 10 10 7 8 8 1 9 5 4 11 11 5 11 5 5 11 4 5 4 11 4 4 5 4 4 11 11 2 5 7 10 7 6 0 6 7 8 10 10 8 8 1 4 4 4 4 4 4 11 5 3 11 11 5 5 11 2 6 7 7 10 7 7 7 7 7 7 8 10 10 7 7 8 8 10 10 7 2 8 7 10 10 7 8 8 3 4 4 11 10 2 8 3 4 4 10 8 11 5 4 4 4 1 4 3 4 4 4 4 4 10 11 5 5 11 11 5 5 4 11 11 2 5 10 10 6 7 8 10 7 7 7 7 8 8 11 4 5 4 11 5 4 4 11 4 5 10 10 8 8 10 10 7 8 8 10 10 7 7 8 7 7 10 8 8 0 11 9 8 8 7 7 7 7 10 8 4 4 10 10 8 2 3 11 10 7 5 5 4 7 4 7 4 4 4 4 4 4 4 11 4 5 10 2 10 10 8 8 4 3 11 4 5 0 10 10 8 8 10 10 6 7 8 7 7 7 8 1 11 9 8 5 4 4 4 1 4 9 5 11 11 5 4 5 4 11 2 9 10 8 4 5 10 8 4 4 0 10 6 10 7 7 7 7 7 7 8 7 8 10 10 8 7 8 1 3 4 1 3 4 4 4 4 4 10 8 10 8 4 11 11 5 5 4 4 1 9 8 11 11 2 3 4 4 5 11 2 3 4 10 10 8 7 7 8 11 4 5 10 10 7 8 7 7 7 7 8 10 10 7 7 7 7 7 7 7 7 8 8 11 4 4 4 5 11 5 10 2 9 10 8 8 4 11 1 3 4 5 4 4 4 4 4 11 5 11 4 4 4 5 10 10 2 7 8 9 8 10 11 5 5 11 4 5 10 7 10 7 7 7 7 2 10 6 7 7 7 7 8 7 8 11 5 10 10 8 8 10 7 10 8 8 4 11 5 7 11 2 3 4 11 4 5 4 4 4 11 11 5 2 11 5 4 4 11 4 10 8 8 11 3 4 4 5 4 11 11 2 5 3 7 10 8 10 10 7 7 7 7 7 8 8 11 2 3 10 10 2 6 8 10 10 7 8 7 7 8 10 10 8 2 3 1 9 5 4 4 4 4 11 5 11 11 5 2 10 7 7 8 10 6 10 7 0 6 8 7 7 8 11 10 2 8 11 3 5 4 10 11 7 2 10 8 9 2 9 2 3 4 11 2 4 7 4 3 5 10 7 8 1 4 3 11 4 4 4 4 5 10 11 2 3 4 5 4 4 0 9 10 8 7 7 7 7 7 7 7 8 11 5 7 10 10 8 8 10 10 8 2 11 3 5 11 5 7 7 10 10 8 8 4 4 4 4 4 4 4 4 1 4 4 9 11 5 5 10 8 11 4 4 4 4 4 5 11 11 5 2 6 7 7 10 7 8 11 4 11 5 5 11 5 4 10 10 8 7 7 10 8 7 8 7 10 10 8 7 8 10 10 8 8 11 2 10 7 6 4 4 11 2 4 3 5 11 10 8 8 4 11 5 4 11 11 5 4 4 8 0 7 7 11 9 8 8 10 10 8 7 7 7 7 7 8 7 11 10 8 7 5 10 7 8 11 11 5 4 2 3 4 4 4 4 4 1 4 9 5 11 4 4 4 11 5 5 0 7 7 10 7 11 5 5 4 10 10 6 8 7 11 5 2 10 6 8 10 10 8 2 10 7 7 6 8 10 10 8 8 10 8 11 5 4 4 4 4 4 11 5 4 4 4 11 11 4 5 4 4 4 5 0 11 5 10 6 7 10 8 8 10 7 11 2 5 9 11 5 4 5 0 9 10 8 7 7 8 10 7 10 7 8 7 8 4 4 4 4 4 4 11 5 11 5 10 8 10 10 2 8 6 7 7 7 10 10 8 7 8 10 10 8 8 7 7 10 2 7 7 11 5 9 10 8 8 4 10 8 11 11 5 4 4 5 1 4 4 3 4 4 11 5 10 10 8 8 11 5 11 11 2 4 3 4 4 4 4 4 4 5 10 2 9 10 8 8 0 9 8 10 10 7 2 7 7 8 11 10 8 8 10 7 10 6 0 6 7 8 8 4 10 10 7 8 7 7 7 8 4 4 11 5 10 4 5 10 7 7 8 11 11 5 2 4 9 8 11 4 5 4 4 4 4 11 4 5 4 4 1 9 5 11 11 4 4 2 5 4 3 10 10 7 7 2 7 7 7 10 8 6 8 11 5 10 10 8 7 7 7 7 7 7 8 1 4 3 4 4 11 11 2 5 10 8 9 11 5 4 4 4 5 11 4 4 4 2 3 10 10 8 7 7 7 7 8 10 8 10 10 7 7 8 7 10 8 7 5 10 10 8 7 7 8 1 4 4 9 5 4 4 1 9 5 10 10 8 10 8 7 8 11 11 5 5 7 10 8 4 4 4 10 8 11 11 5 5 11 11 5 4 4 4 11 5 2 9 11 5 4 5 11 4 4 4 5 10 8 10 7 10 8 7 7 7 8 11 4 4 5 11 2 4 3 10 11 5 5 4 4 10 10 0 6 8 7 7 7 7 7 7 8 7 7 7 11 10 8 8 7 10 10 7 7 8 2 9 10 8 8 4 1 3 4 4 4 4 4 11 4 5 7 10 11 2 4 3 4 5 7 11 11 5 5 4 4 11 11 5 2 3 4 10 10 0 6 7 7 8 7 7 8 10 10 2 8 7 7 9 8 11 11 5 4 4 4 4 5 10 8 10 7 7 7 7 7 7 7 7 8 7 11 11 5 4 4 4 4 4 5 10 2 9 11 5 4 5 11 2 9 10 8 0 6 7 8 7 10 10 2 8 3 10 10 8 7 8 7 7 11 11 5 5 1 3 4 4 4 4 4 11 4 4 4 5 11 4 5 10 10 8 8 4 1 10 9 5 5 4 11 4 4 11 5 2 3 10 10 7 7 7 7 8 7 7 8 4 10 8 7 7 7 7 10 8 4 10 10 8 7 8 10 10 8 2 4 4 4 4 4 11 9 5 5 4 4 11 11 5 5
ppo_x50_b_fd_l4_noshaped,56,qv22_6,22,226,True,1332.0,6.28237771987915,8 8 9 10 8 8 10 10 8 7 5 11 5 10 7 10 8 7 5 10 10 8 7 5 10 10 8 8 10 11 2 5 4 11 11 5 5 9 7 8 11 11 2 5 6 10 7 10 0 6 7 8 8 11 5 10 10 7 8 8 10 10 8 8 11 5 7 10 10 8 8 10 11 2 5 3 4 1 9 11 5 5 4 4 4 4 4 4 4 11 4 4 5 0 10 9 8 5 10 10 8 8 11 4 4 5 7 7 7 10 7 8 7 10 10 7 8 7 7 7 8 11 4 10 8 2 10 10 7 7 7 8 8 9 5 4 10 8 11 11 4 4 4 4 2 4 5 9 5 4 4 4 4 10 8 11 11 2 3 11 5 5 4 4 11 11 5 2 9 8 11 4 11 5 5 7 0 9 8 7 7 10 7 7 7 7 7 7 7 8 7 10 10 7 2 7 7 8 11 4 5 10 9 8 8 11 4 5 4 11 11 5 5 4 4 4 4 11 11 5 5 11 4 5 0 9 10 8 7 7 8 11 5 10 10 8 2 7 11 10 7 8 8 9 10 8 8 10 10 7 8 10 8 7 7 8 4 4 1 4 3 4 4 4 11 4 4 4 5 1 3 4 4 11 11 5 5 7 11 2 10 10 6 2 8 10 10 8 6 7 8 10 8 10 10 8 8 11 4 5 4 11 11 5 2 7 7 7 7 7 7 10 6 7 8 10 2 3 11 10 7 7 8 8 4 11 4 1 3 5 4 4 4 4 11 5 4 4 4 1 4 11 4 5 9 11 5 5 4 4 10 10 2 6 10 8 7 10 8 8 4 10 10 8 7 7 7 7 7 7 7 7 7 8 11 5 4 11 4 11 5 2 9 8 4 4 4 4 4 10 10 2 8 9 10 8 8 10 10 7 0 6 7 8 8 10 2 10 10 8 8 3 11 4 4 5 10 8 10 7 10 7 7 8 8 11 5 4 4 4 4 4 11 4 5 10 7 7 11 5 5 11 5 1 3 4 4 11 11 5 4 4 4 4 4 4 5 0 9 5 10 10 8 7 7 7 7 8 7 11 11 2 5 10 10 6 8 8 10 10 8 10 8 7 8 10 10 8 7 7 7 8 10 10 8 8 4 4 4 1 3 10 1 4 4 4 4 3 5 11 1 3 4 4 4 5 4 4 10 8 11 11 5 5 10 8 11 4 11 5 2 10 8 10 10 8 6 7 7 7 7 8 11 2 3 4 4 11 4 5 7 10 10 7 0 6 7 7 8 8 10 10 8 7 10 8 8 11 2 10 10 8 8 9 10 8 8 4 11 5 1 3 4 4 11 11 5 4 4 5 11 11 5 2 4 11 3 4 4 4 5 4 0 9 10 8 7 8 7 0 6 7 7 10 7 7 7 8 10 10 7 8 7 7 8 1 3 4 11 5 11 5 11 11 4 5 4 2 11 4 4 5 10 9 5 4 5 7 10 10 8 8 1 3 10 10 8 7 7 8 11 4 2 6 10 10 8 7 8 10 10 7 7 7 7 8 7 8 11 1 9 5 4 10 2 8 9 10 8 8 4 4 4 11 4 5 4 4 11 5 11 4 4 4 4 4 4 4 5 10 10 2 8 10 9 8 8 7 0 6 11 10 8 8 4 4 10 10 8 7 8 10 10 7 7 7 7 2 8 10 10 7 8 8 11 5 3 7 4 11 5 4 4 1 4 3 4 4 4 4 4 1 3 4 4 4 4 10 11 5 5 10 8 0 6 7 7 7 7 11 5 10 10 8 7 7 8 10 7 8 10 10 7 2 8 9 5 7 11 10 8 8 10 10 2 8 10 9 8 8 11 1 9 5 4 5 4 11 5 7 7 10 8 11 11 5 4 4 4 4 4 4 5 4 4 4 4 11 5 11 4 11 5 5 7 0 9 7 7 7 8 7 11 10 8 8 7 7 7 11 7 7 7 7 7 7 8 10 10 8 8 4 4 4 11 4 1 3 4 4 4 4 4 5 4 11 11 4 5 4 5 11 11 5 4 5 7 10 2 9 8 4 10 10 8 7 7 8 10 10 2 7 8 11 9 5 4 5 4 4 10 2 9 11 5 5 4 11 5 10 10 7 7 7 0 6 7 7 7 7 8 8 10 10 8 8 10 10 7 8 8 11 10 8 8 1 3 4 11 4 4 4 4 4 10 2 8 9 7 8 11 4 10 2 8 4 9 4 5 7 11 11 5 5 7 7 10 8 10 7 10 7 7 8 8 11 1 3 5 4 11 5 4 1 3 1 4 4 4 4 3 10 11 5 5 10 8 11 5 7 7 11 10 8 8 4 4 11 5 10 7 7 7 10 7 7 8 8 4 4 1 4 4 11 5 9 4 5 4 10 10 0 8 7 8 7 11 10 8 8 10 10 6 7 7 8 8 10 10 7 8 7 7 7 8 11 2 4 9 4 10 8 8 11 4 5 4 11 4 4 5 11 0 10 6 2 8 10 10 6 8 7 7 7 8 4 4 4 1 3 4 1 9 5 10 8 0 10 10 7 8 7 8 9 10 8 8 4 11 4 10 8 8 11 2 3 4 4 11 5 11 11 5 4 5 11 11 5 2 3 4 4 4 11 5 10 11 5 5 11 5 4 4 4 10 10 8 0 9 8 7 7 7 8 11 5 11 5 4 10 10 8 8 10 10 7 8 0 6 7 7 8 10 8 11 10 7 7 7 7 7 8 8 4 1 3 4 4 11 5 1 11 3 5 4 4 4 4 11 10 8 8 11 2 3 4 11 4 4 4 4 4 5 10 10 8 7 8 10 10 8 2 10 10 6 8 8 10 10 8 7 8 11 4 2 10 10 8 7 8 7 9 10 8 8 10 10 7 7 8 7 8 10 2 9 11 5 5 1 3 11 4 4 4 11 5 4 4 4 4 4 4 4 4 4 4 5 7 11 2 10 10 6 7 7 7 7 7 7 7 8 10 8 8 4 10 10 8 8 10 10 2 8 10 10 6 8 8 10 10 8 2
ppo_x50_b_fd_l4_noshaped,57,qv22_60,22,229,True,1348.0,13.68788480758667,8 7 5 9 10 8 8 11 7 10 8 8 11 5 10 7 10 8 8 10 10 8 8 11 5 4 11 5 4 4 11 11 5 2 3 7 7 7 10 10 7 7 7 7 8 8 11 5 10 10 7 0 8 8 10 9 8 8 10 2 10 10 8 8 10 9 8 8 11 2 9 11 5 4 4 5 11 2 11 3 11 4 5 8 11 5 4 4 4 11 11 5 2 9 8 7 10 0 9 8 5 11 4 11 5 5 7 10 8 11 11 5 5 10 7 7 7 10 2 6 7 8 7 7 11 5 10 10 8 8 10 10 8 7 8 10 10 7 8 8 11 5 4 1 3 1 9 5 4 4 4 4 4 4 10 10 2 8 11 4 3 4 4 4 4 4 4 4 5 0 6 7 7 11 5 10 10 8 7 7 7 8 7 0 6 7 10 8 7 7 10 10 7 8 2 11 5 11 5 9 7 7 10 8 7 8 1 3 4 4 4 4 4 4 4 4 1 11 4 9 8 8 11 5 11 4 5 4 11 5 4 4 11 11 5 5 7 7 10 7 7 11 4 2 5 7 9 10 8 7 8 11 5 7 10 10 7 7 8 8 10 10 2 8 9 5 10 10 8 7 8 1 11 11 5 4 4 4 5 7 10 7 6 8 11 11 5 5 11 4 4 5 10 10 8 4 4 4 4 5 10 7 7 7 7 8 7 7 11 10 8 7 8 4 4 1 4 4 4 3 11 4 10 8 8 11 2 10 9 8 8 11 5 11 11 4 5 4 5 10 7 8 11 11 5 4 5 0 9 8 7 7 7 7 7 10 10 7 8 5 4 11 5 10 10 7 7 7 7 7 8 7 7 8 1 9 11 5 5 4 11 11 5 2 7 11 9 8 8 4 4 11 5 10 10 7 8 7 7 8 4 11 4 10 7 8 5 10 10 8 7 8 4 11 10 8 4 5 4 4 4 1 9 5 4 4 4 4 4 10 11 5 5 4 4 4 11 11 5 2 3 10 7 8 11 11 5 5 4 10 10 8 7 7 7 8 7 7 7 7 7 7 7 10 8 11 4 10 8 7 8 10 10 8 2 9 8 1 3 4 4 1 11 3 5 11 11 5 2 9 5 10 8 4 11 11 5 2 3 7 7 10 10 7 7 2 8 10 10 6 8 7 7 8 4 10 2 9 11 5 5 11 4 5 11 4 11 2 5 9 8 4 4 11 11 5 2 3 4 4 4 10 10 8 0 6 7 7 7 7 7 10 8 2 10 10 7 8 8 10 7 10 7 8 8 3 4 4 4 4 4 11 1 3 5 10 10 8 8 11 4 5 11 5 4 1 9 11 5 4 4 4 4 4 5 4 4 11 11 2 5 7 11 5 10 10 8 8 10 10 7 7 7 6 7 8 7 7 7 0 7 8 9 10 8 8 11 10 8 7 7 7 8 11 5 11 11 2 5 9 5 11 11 5 4 5 11 4 4 4 4 5 10 2 7 7 10 9 8 7 5 7 7 7 11 11 5 2 11 9 5 5 4 4 11 4 4 4 4 5 11 11 2 3 4 4 5 10 2 10 10 6 7 7 7 7 7 7 8 8 10 7 8 10 10 8 2 10 10 8 6 7 8 10 10 2 8 9 10 8 8 4 4 4 1 3 4 4 4 4 4 11 4 4 4 5 10 4 5 7 10 10 8 8 4 11 4 4 5 10 10 8 7 7 7 8 4 4 4 11 5 4 11 5 10 10 7 8 7 7 11 8 7 7 10 8 8 10 2 9 7 11 5 4 5 4 4 4 11 11 2 5 9 5 10 7 7 10 0 6 8 7 8 7 7 11 5 10 10 8 7 7 7 8 1 3 4 4 1 3 11 5 4 10 10 8 7 8 11 5 4 4 4 1 11 4 4 4 5 11 4 4 3 4 5 4 10 10 8 7 0 7 7 7 8 11 4 5 10 7 9 8 8 10 10 8 8 4 11 4 5 11 5 4 11 10 7 8 7 8 7 10 10 8 7 0 6 7 8 1 4 4 4 4 9 5 4 4 11 4 11 2 5 9 8 11 11 5 4 4 5 10 7 7 7 7 8 10 7 10 0 6 7 7 7 7 7 8 10 8 8 10 10 7 7 8 4 1 3 4 4 5 11 2 6 7 11 10 8 8 4 11 4 4 4 8 11 1 9 8 5 10 7 7 8 11 4 4 11 5 4 5 0 6 10 8 10 7 10 8 8 7 11 2 3 4 4 4 11 11 2 5 11 3 5 11 11 5 4 4 4 4 4 4 11 2 5 9 8 10 10 8 10 2 6 7 7 7 8 10 10 7 7 7 7 7 7 7 7 7 8 2 10 7 9 8 8 11 2 4 3 4 11 5 4 10 10 8 8 10 7 10 8 8 4 4 4 1 3 4 10 11 5 5 11 4 4 4 2 4 11 5 11 3 4 4 4 4 4 2 3 10 10 8 7 0 7 7 7 7 7 7 6 0 6 7 7 7 7 8 11 1 4 5 9 4 5 4 10 11 5 5 11 4 5 4 11 11 5 2 11 4 5 10 10 8 7 7 7 6 8 7 10 10 7 8 8 10 2 9 10 8 8 4 11 5 11 4 4 5 11 1 9 5 4 4 4 5 11 2 3 4 11 11 5 11 5 5 10 4 10 8 8 7 7 0 6 7 7 11 10 8 8 7 10 10 7 7 7 7 7 7 7 8 7 8 11 5 4 11 5 1 9 10 8 8 4 4 4 11 5 11 4 4 4 4 4 5 4 11 4 11 2 5 7 7 7 6 10 7 7 7 7 8 10 10 7 8 7 8 7 10 10 7 8 8 10 2 11 4 5 3 4 11 5 4 11 5 7 11 11 5 4 4 5 4 11 4 11 5 2 3 10 10 7 7 7 7 7 7 7 7 8 7 7 8 11 10 7 8 5 1 3 11 5 7 11 11 5 5 7 11 11 4 4 5 4 4 4 4 4 4 4 4 4 11 5 5 11 4 4 11 5 2 9 8 10 10 7 7 7 7 7 7 7 7 7 7 7 7 7 7 7 7 7 7 8 2
ppo_x50_b_fd_l4_noshaped,58,qv22_61,22,232,True,1415.0,13.879527568817139,8 7 5 10 10 8 8 10 10 8 8 9 5 10 10 8 7 5 10 10 8 8 11 5 10 10 7 8 8 4 11 4 4 5 10 8 11 11 5 4 5 11 11 5 5 7 7 10 10 8 7 7 7 5 10 10 0 6 7 8 8 10 2 10 10 8 8 9 11 5 4 5 4 4 1 11 3 4 4 4 4 5 4 11 4 2 3 10 10 8 8 10 10 7 8 7 7 7 10 8 8 11 5 10 10 7 7 7 7 7 8 8 1 9 5 11 5 4 11 11 5 2 7 9 8 10 10 0 6 7 7 8 8 10 10 8 8 10 2 3 11 5 4 1 9 10 8 4 5 10 7 8 4 4 4 4 4 4 4 4 4 4 10 8 11 11 5 5 11 4 11 5 2 11 3 5 10 10 8 8 10 10 8 7 7 7 8 10 10 8 7 7 7 7 10 8 8 10 10 8 4 2 9 11 5 4 5 1 3 4 4 4 4 4 10 10 8 2 10 7 6 7 7 7 7 8 4 10 10 8 7 8 4 11 4 4 4 4 5 11 4 4 4 4 5 7 11 11 5 4 4 4 4 4 4 4 5 10 7 11 5 2 10 10 8 6 7 8 10 10 8 7 7 7 7 10 2 8 10 8 9 10 8 7 8 1 3 1 3 11 5 4 10 10 8 7 7 7 8 7 7 10 10 8 8 4 4 4 1 3 4 4 10 8 11 5 4 4 4 4 4 4 11 5 0 9 10 8 8 11 4 5 1 3 11 4 4 4 5 11 2 6 10 10 8 8 11 10 2 8 9 10 8 7 5 10 10 7 7 8 8 10 10 8 7 7 8 7 1 3 4 4 11 5 11 11 5 4 4 4 11 5 4 4 4 5 11 11 2 5 7 7 7 9 10 8 2 9 11 5 7 7 8 4 11 5 4 10 10 8 7 5 11 5 10 7 10 7 7 2 5 6 10 10 8 7 7 8 10 10 7 7 7 8 7 8 11 5 4 4 1 11 9 8 8 11 5 10 11 5 11 5 4 4 5 10 10 2 8 10 6 8 10 10 7 7 8 7 7 7 8 4 4 1 4 3 4 4 4 4 4 4 4 11 4 11 5 2 7 10 10 8 8 3 10 10 2 6 8 10 10 8 8 1 3 4 4 11 5 4 11 11 4 4 5 7 8 4 11 5 11 11 5 4 5 11 10 2 8 6 7 11 5 10 10 8 8 10 10 7 8 7 7 7 7 10 7 7 7 7 7 7 7 8 8 4 11 2 9 10 8 4 5 4 10 8 10 7 10 8 8 4 4 4 4 4 4 10 8 11 1 9 5 5 4 4 4 11 5 10 8 11 11 2 4 4 4 5 7 6 7 10 8 10 10 7 8 10 8 7 7 7 7 8 11 2 11 11 3 2 5 11 11 5 4 5 4 3 4 10 11 5 5 1 9 8 11 11 5 4 11 5 2 10 7 7 8 10 6 10 4 7 4 7 0 8 7 9 8 7 8 10 10 8 7 7 7 8 11 7 5 1 9 4 10 8 8 4 4 11 5 4 11 11 2 5 9 8 4 10 10 8 7 7 7 7 7 8 10 10 8 1 4 5 11 4 5 3 4 4 4 4 11 5 4 4 4 4 11 11 5 4 4 4 4 5 7 0 9 7 7 7 7 7 8 7 7 7 7 7 7 7 10 7 8 1 3 4 10 10 2 8 3 11 4 4 4 4 4 5 7 10 8 4 11 11 5 4 4 11 5 4 11 5 2 3 4 11 11 5 5 7 7 10 0 7 7 8 9 11 5 5 7 10 8 11 10 8 8 10 10 7 2 6 7 7 8 10 10 7 8 5 10 2 7 10 10 8 6 8 4 4 11 10 8 2 3 10 11 5 5 4 4 4 4 4 4 4 4 11 4 5 10 8 11 11 4 4 5 2 9 5 11 5 10 10 8 7 8 10 7 8 10 10 8 2 6 10 7 7 7 8 4 4 11 5 10 10 2 8 4 11 5 3 4 4 4 11 11 5 4 5 4 11 11 5 2 7 7 6 10 8 7 7 7 7 7 7 10 7 7 7 8 1 4 4 4 4 11 5 4 4 3 4 11 5 4 4 10 10 8 7 7 7 7 7 8 10 10 0 6 8 10 7 7 8 8 10 7 10 8 7 7 8 4 4 4 4 4 4 11 5 11 4 5 10 10 7 8 7 8 11 1 9 5 8 4 11 5 4 4 11 11 2 3 4 5 4 4 4 11 2 11 4 5 3 10 10 7 7 7 8 7 7 7 8 10 7 0 6 8 10 10 7 7 8 8 4 10 2 10 10 6 7 7 7 8 2 4 3 4 4 4 4 4 11 4 5 10 11 2 3 4 4 5 10 10 8 8 11 5 4 4 4 4 11 4 11 4 2 5 10 10 7 6 8 7 7 7 7 7 8 10 2 10 10 6 8 8 10 10 8 7 7 7 8 11 4 1 9 5 8 4 11 5 4 11 4 4 4 4 11 5 2 10 7 8 11 3 11 5 5 11 4 4 5 10 8 0 6 0 6 10 10 8 4 5 10 10 8 10 8 8 10 7 7 7 8 10 10 7 7 2 8 9 10 8 8 4 1 9 5 4 4 4 4 4 4 11 1 9 5 4 5 11 11 5 4 4 4 5 4 4 4 10 10 8 7 7 7 8 10 10 8 7 7 7 8 11 4 4 2 3 4 4 4 10 8 11 11 5 5 4 11 2 9 7 7 8 4 11 11 5 5 7 7 10 7 7 8 10 7 10 7 7 8 8 10 7 7 7 11 5 4 4 4 4 5 11 2 9 5 10 10 0 7 6 8 8 10 10 8 2 10 10 8 7 7 6 8 1 4 11 4 5 10 9 8 8 10 2 10 10 7 8 8 9 5 4 4 4 4 4 1 3 4 4 4 4 4 4 11 4 4 4 5 4 4 11 11 5 2 7 7 7 7 6 11 10 8 8 10 7 10 8 8 11 4 10 8 8 10 10 7 7 7 7 8 8 1 9 5 10 10 8 8 7 10 8 4 4 4 4 4 4 4 4 4 4 4 11 5 11 11 5 2 3 7 7 7 11 10 8 8 10 10 2 8 6 10 7 7 10 7 8 8 7 10 10 8 8 4 4 1 3 4 4 4 4 4 4 4 4 11 5 4 4 4 11 5 4 10 10 8 8 10 10 2 8 10 10 7 7 8 8
ppo_x50_b_fd_l4_noshaped,59,qv22_62,22,229,True,1412.0,13.679233312606812,8 8 10 10 8 8 10 9 8 7 5 10 2 10 10 8 8 9 10 8 8 11 5 10 4 5 10 10 7 7 8 8 11 2 10 10 6 8 8 10 10 8 8 11 5 10 10 7 8 7 5 4 10 7 5 10 10 8 8 1 4 4 3 4 4 4 10 8 11 11 5 4 4 5 10 8 11 11 5 4 4 4 4 4 11 5 11 4 2 5 9 0 9 8 8 7 0 7 6 7 7 7 7 7 10 0 7 6 7 7 8 10 10 8 2 6 4 4 4 4 11 11 5 5 11 11 5 2 11 5 10 10 8 6 7 7 7 7 7 7 8 10 10 7 8 8 1 9 5 4 4 4 11 5 4 4 4 4 4 4 4 4 10 8 7 11 5 11 11 2 3 4 4 5 11 11 2 6 4 4 2 9 10 8 8 7 7 7 11 5 10 10 8 7 7 7 7 7 10 8 2 9 10 7 7 8 8 10 10 8 7 7 8 1 4 4 9 5 11 11 4 5 4 4 4 4 4 5 7 11 10 8 8 10 10 8 7 8 11 10 8 2 7 9 8 11 4 11 5 4 4 5 4 4 4 4 4 11 5 10 8 11 11 2 5 7 9 8 4 4 11 11 5 4 5 0 11 9 8 8 7 7 7 7 0 6 10 0 6 7 8 4 10 10 8 7 7 8 10 10 2 6 7 7 7 8 10 2 10 9 8 8 4 4 1 3 4 11 4 4 5 4 4 4 4 11 11 5 5 11 2 6 7 7 7 7 7 10 7 11 2 5 9 5 10 10 8 7 7 7 8 10 8 1 3 4 11 5 4 4 11 5 4 4 11 11 4 4 5 4 4 4 4 4 5 11 10 2 8 10 10 7 7 8 7 8 7 7 7 7 6 10 8 7 11 11 5 5 10 2 9 10 8 10 8 7 8 7 7 10 10 8 2 9 5 4 4 4 4 4 4 11 11 5 4 4 5 11 5 11 4 5 10 11 4 5 2 9 5 10 10 7 7 8 7 8 10 7 7 7 10 8 2 4 3 4 4 11 4 4 11 5 2 7 10 10 8 8 7 7 6 10 7 7 8 7 7 11 5 10 10 8 8 11 1 3 4 4 4 4 4 4 4 4 4 4 4 4 4 4 5 10 8 10 10 2 6 8 4 11 8 10 10 2 7 6 8 7 7 10 7 7 10 7 7 8 7 7 7 10 8 7 7 8 1 9 8 11 11 5 1 3 5 1 9 8 4 1 3 11 5 4 11 4 4 4 1 3 4 4 5 4 11 5 4 11 11 2 5 3 7 10 10 7 7 7 8 7 7 7 7 7 7 10 7 8 7 8 11 4 5 4 10 10 2 6 8 1 11 3 4 4 4 4 4 4 5 11 5 10 7 10 2 8 10 10 6 8 7 7 7 8 10 10 7 8 8 4 4 4 11 4 4 4 4 4 4 5 4 4 4 11 5 10 10 8 4 4 5 7 10 8 11 11 5 5 10 7 10 7 7 7 8 7 7 7 7 10 8 7 7 7 7 7 8 11 2 9 10 8 8 11 5 4 4 4 4 10 8 11 5 4 4 4 11 4 4 4 4 5 11 5 10 10 7 2 8 11 3 4 4 4 4 4 5 7 11 11 2 5 10 10 7 8 7 8 7 11 10 8 8 10 6 10 7 7 7 8 8 11 5 10 10 2 8 10 10 7 8 7 7 7 6 8 10 10 2 8 4 4 11 5 4 9 5 4 4 11 11 2 3 4 5 4 11 5 11 2 3 4 10 11 5 5 11 11 5 11 5 7 7 7 7 7 7 8 4 4 4 4 11 4 5 4 11 10 2 8 10 10 6 7 7 7 7 7 8 7 7 7 8 10 10 2 8 9 5 10 10 7 8 8 10 8 1 3 4 4 4 4 11 4 5 4 4 10 10 7 8 2 9 8 1 4 4 3 4 1 4 9 5 11 5 11 5 4 4 11 11 5 2 3 7 7 10 7 7 7 7 7 5 10 10 8 8 10 10 2 8 10 7 9 8 8 7 7 7 10 10 8 7 8 4 4 10 8 11 2 11 11 5 4 4 3 5 11 5 10 10 8 2 6 4 11 5 7 11 11 5 4 5 4 1 4 4 11 4 5 9 10 8 8 11 2 3 4 4 4 4 11 11 7 7 0 6 8 0 6 7 7 7 7 10 8 8 7 7 7 7 7 7 10 8 10 7 7 11 5 5 4 4 4 11 5 1 3 4 4 11 4 5 10 11 5 5 7 10 4 4 4 4 4 4 5 10 10 8 10 8 7 7 8 7 7 7 7 10 8 10 11 5 4 4 11 5 5 11 2 3 4 11 5 10 10 7 8 8 11 5 10 10 2 6 7 10 8 8 11 4 10 8 7 7 10 8 8 1 3 11 10 8 2 10 10 8 9 8 8 11 5 7 10 10 2 8 4 4 4 3 1 3 4 4 4 11 5 4 10 8 11 5 4 4 4 4 4 4 4 11 4 10 2 4 5 7 6 7 0 9 7 7 8 10 10 2 6 7 5 7 7 7 7 7 7 7 7 7 10 8 10 7 10 8 4 4 2 4 4 11 11 5 3 4 5 10 11 5 5 4 4 4 10 10 2 8 11 3 11 5 5 4 11 2 9 11 4 5 5 4 4 10 10 8 8 11 5 11 11 5 4 8 10 2 10 9 8 4 5 7 11 10 7 7 0 6 8 7 8 10 10 8 8 7 10 10 2 8 9 5 11 11 2 5 3 4 4 4 11 5 10 10 7 7 7 7 7 7 7 7 8 8 10 2 9 11 5 5 4 4 10 0 7 9 8 7 8 1 10 9 5 5 4 11 11 5 4 4 4 5 0 6 7 7 10 8 11 4 11 5 2 7 10 10 8 6 8 11 10 8 2 10 10 6 7 8 7 8 1 9 5 4 4 4 4 11 4 5 11 4 4 11 2 3 5 11 5 4 4 11 11 2 5 3 7 7 7 7 10 10 8 7 7 7 7 8 4 1 3 4 4 11 5 11 11 5 4 4 2 6 4 4 11 11 5 5 7 7 7 7 0 6 7 7 10 8 4 10 10 8 8 10 10 8 0 6 7 8 4 4 10 10 8 7 8 10 7 7 10 8 7 8 10 2 9 11 5 5 10 8 11 11 5 4 4 4 4 5 11 11 2 3 5 4 4 4 4 11 4 4 11 5 2
ppo_x50_b_fd_l4_noshaped,60,qv22_63,22,232,True,1399.0,13.84282660484314,8 8 9 10 8 7 5 10 10 8 7 5 11 5 10 7 10 8 8 10 10 8 8 11 5 10 10 7 8 7 5 10 10 8 8 10 10 8 8 11 5 4 10 10 8 10 7 8 8 11 4 5 10 10 8 8 10 10 8 8 1 4 3 4 4 4 1 4 9 4 5 10 7 7 11 5 5 4 4 11 4 5 11 11 2 5 6 7 11 5 4 10 10 8 7 8 10 10 8 8 10 2 10 10 7 8 9 8 8 10 10 2 8 9 5 10 10 7 8 5 10 2 7 10 9 8 8 4 1 3 1 3 11 4 4 4 5 4 4 4 4 4 11 4 1 3 4 5 7 0 9 7 7 8 11 10 8 8 7 7 10 7 8 7 7 10 7 10 8 8 4 1 11 9 8 8 4 4 4 11 5 11 4 4 4 11 5 5 10 8 11 11 5 11 5 5 11 4 4 4 11 5 5 7 11 2 10 9 8 8 0 6 7 7 7 7 7 10 7 7 7 0 6 8 7 7 10 8 7 7 10 10 8 4 4 2 9 8 11 11 5 4 5 4 4 11 4 4 5 4 4 4 4 4 4 4 11 11 4 5 5 10 2 10 9 8 7 8 11 4 4 5 10 10 7 8 8 4 4 11 5 10 10 2 8 10 10 7 7 6 8 7 5 10 0 6 7 5 10 10 8 8 11 10 8 7 8 11 10 8 8 7 10 7 7 7 8 11 11 2 4 3 5 11 4 11 5 4 5 10 7 11 2 5 4 11 9 8 8 11 11 5 4 4 5 10 10 8 2 9 10 2 6 8 10 10 2 6 7 8 10 7 10 8 8 1 4 4 3 4 4 11 1 4 5 4 11 11 5 5 10 11 5 5 9 4 4 5 10 10 7 7 7 7 7 8 7 10 8 8 4 11 5 10 10 7 8 7 10 8 8 10 2 10 7 9 8 8 10 2 7 6 11 11 2 3 4 4 4 4 5 4 11 5 4 4 4 4 4 11 5 4 11 2 9 4 5 7 11 11 5 4 2 3 10 10 8 7 7 8 7 7 10 10 8 7 7 7 7 8 11 1 3 4 4 4 4 4 4 5 0 9 7 7 8 1 4 9 11 4 5 5 11 11 5 2 7 10 8 10 10 8 7 8 11 5 10 10 7 6 7 7 7 7 8 7 7 7 8 11 4 4 11 5 2 7 11 9 5 4 4 5 11 2 6 10 10 7 8 7 8 11 10 8 8 1 3 4 10 8 10 10 7 8 8 4 4 4 4 4 1 4 4 4 11 9 8 5 4 4 4 4 11 4 5 4 0 6 10 10 8 8 7 7 7 10 7 10 8 7 7 8 10 10 8 8 11 5 10 10 7 7 7 8 8 10 10 8 2 11 9 8 5 11 11 5 4 4 5 1 3 4 4 4 11 5 11 5 4 11 11 5 5 4 11 4 11 4 2 5 6 10 10 8 7 7 8 7 7 7 7 11 11 5 2 10 8 10 10 8 7 5 10 10 8 6 8 10 10 8 8 7 11 10 8 8 4 10 2 3 4 11 10 8 8 10 8 10 8 4 4 4 4 4 4 11 11 5 2 3 4 4 4 11 11 5 4 4 4 4 5 0 7 7 6 7 10 7 8 10 10 8 7 7 7 8 11 5 4 11 11 2 5 9 8 10 10 2 8 4 3 4 11 5 11 11 5 5 11 2 11 11 3 5 4 4 11 5 5 7 10 11 5 5 10 11 2 5 9 8 0 6 7 10 8 7 7 7 7 7 7 7 7 7 10 10 8 8 4 4 11 5 10 10 7 7 7 7 8 8 10 10 8 2 4 4 9 5 7 11 10 8 8 4 4 10 10 8 4 4 5 10 8 7 10 4 5 4 4 4 4 11 11 5 5 11 11 4 4 2 4 3 4 4 4 5 11 5 7 7 7 0 6 7 7 10 10 8 10 8 7 7 10 8 2 9 5 11 11 5 2 10 7 6 10 7 7 8 7 7 7 8 1 3 4 11 10 8 2 11 3 5 11 4 10 2 8 3 4 11 10 8 8 11 4 5 4 4 4 4 4 4 4 4 4 1 4 11 5 9 8 11 11 5 5 7 7 0 7 7 7 7 10 9 5 8 10 10 8 0 6 8 0 11 10 8 9 8 7 7 7 7 8 7 1 11 11 5 4 4 3 4 4 4 5 1 4 11 9 5 5 11 11 5 5 0 9 10 7 7 8 8 4 11 4 4 4 4 2 11 4 5 10 7 10 7 7 8 5 10 8 9 10 8 8 10 10 8 8 11 5 10 10 2 8 10 10 8 6 7 8 11 2 10 10 8 8 9 8 10 10 8 2 9 10 8 8 4 4 4 4 4 11 5 4 11 2 9 5 11 11 5 4 4 4 4 4 5 4 11 11 2 5 3 10 7 7 10 8 7 8 7 7 7 7 7 7 7 10 8 4 10 10 8 8 10 7 7 8 10 10 7 8 5 4 4 11 4 5 11 2 9 4 10 8 8 7 7 11 2 11 11 5 5 3 11 4 1 9 5 4 4 4 4 4 4 4 5 11 2 10 7 6 10 8 7 7 7 7 7 7 8 11 4 5 11 7 7 11 2 3 4 5 11 4 2 11 11 5 3 5 11 11 5 2 4 4 4 11 5 11 11 3 2 7 7 8 10 10 6 7 8 7 7 8 11 5 10 10 7 7 8 0 6 7 7 10 8 8 7 10 7 10 8 7 8 4 4 11 1 4 3 4 4 4 4 4 5 1 4 3 4 4 4 4 4 10 8 11 11 5 4 5 10 2 10 10 6 7 8 7 7 7 8 10 10 7 7 7 7 8 7 7 8 11 10 7 7 8 8 11 2 4 10 9 8 7 8 1 3 4 4 4 4 4 4 11 5 11 2 9 4 10 8 7 7 8 10 10 8 8 10 8 4 1 3 4 4 1 3 10 5 10 5 10 5 10 5 11 5 4 4 4 4 10 10 2 8 11 5 10 10 8 7 7 6 7 8 10 10 7 7 7 2 8 6 10 8 4 11 11 4 4 5 4 4 5 4 4 4 4 1 11 3 5 10 7 8 11 11 5 4 4 5 11 4 4 11 2 5 10 10 7 7 7 7 8 8 10 10 6 8 7 7 7 7 7 7 8 10 10 8 2 10 10 7 7 8 8
ppo_x50_b_fd_l4_noshaped,61,qv22_64,22,233,True,1409.0,5.699829339981079,8 7 5 9 10 8 8 10 10 8 8 11 5 10 10 7 8 8 0 9 10 8 8 11 5 10 10 7 8 8 4 10 8 11 11 5 2 9 5 4 4 4 10 11 5 5 4 4 10 10 8 7 7 7 8 4 11 5 10 10 7 0 6 8 7 10 7 8 8 10 10 8 8 11 5 1 11 3 5 4 4 4 4 4 10 11 5 5 4 11 4 11 2 3 5 7 7 7 7 7 7 7 7 11 5 10 10 0 6 8 7 10 7 7 7 8 8 10 10 8 8 11 5 1 9 4 4 4 5 11 4 4 5 11 11 2 3 4 5 4 11 11 4 4 4 2 5 7 6 10 10 8 7 8 7 10 10 8 7 7 0 9 8 8 10 10 7 0 6 8 8 10 10 7 8 2 9 10 8 8 11 1 3 5 11 11 7 2 3 1 3 5 10 8 4 4 4 4 11 4 4 2 11 3 5 10 10 8 8 4 4 4 4 11 4 5 4 4 11 5 4 10 10 2 6 7 8 11 11 5 2 9 5 11 4 10 8 7 8 10 10 7 7 8 8 11 5 10 10 8 7 7 7 7 7 8 10 11 4 8 2 10 6 10 7 8 8 10 10 7 7 8 8 11 4 5 4 1 9 5 4 4 4 4 4 4 4 4 10 10 2 8 10 10 8 6 7 8 11 1 3 5 0 10 6 0 6 8 10 10 7 7 7 2 5 10 10 7 8 8 3 4 4 11 5 10 10 2 8 3 4 4 4 4 11 5 11 11 5 11 5 4 4 11 5 4 5 4 11 5 10 7 10 8 7 8 11 11 2 5 4 4 3 11 5 10 7 11 5 4 5 4 10 2 6 11 10 8 8 10 10 7 7 7 7 7 7 8 7 7 7 8 7 7 7 1 11 3 5 4 4 1 4 4 4 9 4 5 11 11 5 2 3 11 5 10 10 7 7 7 8 7 8 4 11 5 10 7 10 8 7 7 7 7 7 7 8 11 2 9 10 8 8 11 5 10 10 2 8 6 4 4 11 11 4 5 8 11 5 11 11 5 2 9 4 4 4 11 5 2 7 11 3 4 4 5 10 11 5 5 10 0 6 10 7 7 7 7 8 8 11 4 4 4 5 7 10 8 10 10 8 10 8 7 7 8 11 1 3 4 2 11 9 8 5 4 11 11 5 4 4 4 4 4 4 5 4 11 11 2 5 11 3 7 7 7 7 8 10 7 10 8 2 10 7 10 8 8 4 11 4 3 4 4 4 5 10 7 8 4 11 4 4 4 11 5 2 10 7 7 8 3 10 10 7 7 7 7 7 7 8 7 8 10 2 10 10 6 8 7 7 7 8 10 8 1 4 9 1 9 5 5 4 11 4 4 5 4 11 5 11 4 4 10 2 8 6 10 7 7 7 7 8 10 10 7 8 7 8 11 2 9 10 7 8 8 11 4 10 8 8 1 3 1 9 5 4 4 4 4 11 11 2 3 4 5 4 11 5 11 11 5 4 4 4 4 4 4 5 0 9 5 10 10 8 8 10 7 7 10 2 8 10 7 8 4 10 10 8 7 8 6 10 10 8 7 7 7 7 8 11 10 8 8 7 11 11 2 5 11 3 4 4 5 4 11 4 5 4 4 4 11 5 4 11 11 5 2 10 9 5 5 7 7 7 0 9 8 7 10 7 7 7 7 7 10 8 2 9 7 10 8 8 4 4 4 4 10 8 11 4 5 4 4 4 1 4 3 4 4 4 4 10 8 10 7 10 0 6 8 10 8 8 10 10 7 7 7 7 7 8 7 8 10 10 8 8 4 4 4 1 3 11 4 4 5 10 2 7 7 7 7 7 7 11 5 11 11 5 5 3 11 4 11 5 5 4 4 4 1 9 5 4 4 10 11 5 5 4 4 4 4 11 5 10 7 5 10 10 8 8 7 11 5 10 10 8 7 7 7 7 8 11 2 11 3 5 4 11 11 5 4 4 4 5 4 10 10 8 0 6 7 8 7 7 0 6 7 10 10 8 7 7 7 8 11 5 7 10 10 2 8 4 3 4 4 1 3 4 4 10 8 11 11 5 4 4 4 4 5 11 4 2 9 4 5 10 10 7 8 8 10 2 10 7 10 7 7 8 8 6 7 7 11 5 10 10 7 7 8 2 7 6 11 4 5 4 4 4 11 11 5 2 11 5 4 11 3 4 4 5 11 2 4 11 3 5 10 10 8 10 0 6 7 7 7 8 8 10 10 8 7 8 11 2 9 11 5 5 4 1 9 5 4 11 11 2 5 7 7 9 10 8 8 11 5 10 7 10 8 7 0 6 8 10 10 2 7 6 8 11 5 10 10 7 7 7 8 2 9 10 8 8 4 11 5 7 4 11 10 8 2 3 4 4 11 5 4 11 5 4 4 11 11 5 2 4 4 11 3 4 4 5 11 11 5 7 7 7 8 4 4 11 4 5 10 8 10 10 8 7 10 0 8 7 6 10 8 7 8 10 10 8 7 10 8 2 9 4 10 8 7 8 10 10 8 10 8 8 4 4 4 11 5 7 11 11 5 5 4 4 4 11 4 5 10 8 11 11 2 5 6 11 10 8 8 7 11 11 5 5 4 4 4 4 4 4 11 4 5 10 2 7 10 10 6 2 6 7 10 8 8 7 7 7 7 0 6 7 10 7 7 10 8 8 7 10 2 9 10 8 8 4 1 4 4 4 3 11 4 4 4 4 4 4 5 11 4 2 4 4 11 3 4 4 5 10 10 8 7 10 8 8 7 10 10 8 8 10 7 7 7 8 4 10 2 10 10 6 7 8 8 11 5 10 10 2 8 9 5 10 7 7 7 8 11 11 2 5 11 11 5 5 4 9 5 4 4 4 4 11 5 11 11 2 3 4 4 5 4 11 4 4 5 10 10 7 8 8 7 11 11 5 2 9 5 7 7 7 10 8 7 7 7 7 7 7 7 7 7 11 1 4 3 4 5 11 11 5 4 4 4 2 3 4 4 4 1 3 11 5 4 10 10 8 8 10 10 8 8 10 10 8 7 7 0 9 8 8 7 7 7 10 10 8 8 11 5 10 10 7 8 8 10 8 7 10 10 8 4 4 2 4 3 4 10 8 11 11 5 4 4 4 5 4 4 11 5 11 11 5 2 3 10 10 7 7 8 2 10 10 7 7 8 7 7 7 6 8
ppo_x50_b_fd_l4_noshaped,62,qv22_65,22,234,True,1361.0,13.99086856842041,8 7 5 10 10 8 7 5 10 9 8 7 5 11 2 11 11 5 4 5 10 10 8 7 7 7 5 10 10 8 8 9 10 8 8 11 5 11 1 3 4 5 11 11 5 5 11 11 4 2 8 7 7 11 9 8 8 10 10 7 7 0 6 7 7 8 8 10 2 10 10 7 7 8 8 9 10 8 8 11 5 11 11 5 5 10 8 11 11 5 4 5 4 11 11 5 2 7 10 6 7 8 4 4 11 10 8 2 10 6 10 0 6 8 7 7 10 7 8 8 10 10 8 8 4 10 8 11 1 4 9 5 5 11 4 4 4 5 10 8 11 11 5 4 4 5 11 4 4 11 2 5 4 11 9 5 4 4 5 4 10 2 10 10 6 8 7 8 10 10 2 6 7 7 8 7 7 10 10 7 7 7 7 7 7 8 8 10 2 11 9 5 5 10 2 9 10 8 8 4 4 4 4 4 11 5 4 4 11 11 5 5 7 11 5 4 4 11 11 5 4 4 5 4 11 11 2 4 5 9 8 10 10 8 2 7 6 7 7 7 11 10 7 7 8 0 6 7 7 7 7 7 7 8 10 7 8 1 11 9 5 5 4 11 1 3 5 11 11 5 2 9 8 11 11 5 4 5 4 4 4 4 11 4 4 11 5 2 7 6 10 7 7 7 8 10 10 7 7 8 10 7 7 2 8 9 10 8 8 4 4 4 11 5 11 2 11 11 5 5 3 4 11 11 5 5 10 8 11 11 5 4 4 11 5 4 5 10 2 9 8 7 11 5 10 10 8 7 0 6 7 7 7 7 7 7 7 10 8 2 3 10 10 7 2 8 10 10 7 8 8 9 10 8 8 11 5 10 1 9 8 8 4 4 4 4 11 7 11 5 4 4 4 7 10 8 2 9 10 8 8 11 4 4 4 4 4 5 11 4 11 5 4 2 3 4 4 11 5 10 7 10 2 6 10 8 7 7 7 7 7 10 8 7 8 11 11 2 5 10 8 9 10 8 8 1 3 4 4 4 4 4 11 4 4 11 5 4 2 4 10 10 8 7 8 10 10 8 8 10 10 6 7 7 8 7 8 4 11 5 10 10 7 8 7 7 7 8 10 10 8 8 4 4 4 4 4 4 4 1 3 11 5 7 10 7 11 5 5 11 5 11 5 4 4 11 11 5 4 4 5 11 5 11 2 9 10 8 8 11 5 11 4 4 10 0 8 6 7 7 7 7 7 7 7 7 8 10 11 5 2 3 4 10 10 8 0 6 8 10 10 8 7 7 7 5 10 10 8 8 10 10 2 8 3 4 4 4 1 9 10 8 4 5 4 11 4 4 4 11 2 5 11 3 5 4 4 11 11 2 5 11 5 9 11 5 11 5 7 7 8 11 4 5 4 10 10 8 7 7 8 10 10 7 8 7 7 8 0 6 7 10 7 10 7 2 6 7 8 11 4 4 5 10 10 8 4 2 11 3 4 5 11 11 5 4 5 0 7 10 6 8 10 10 0 6 7 7 7 7 7 8 8 11 5 4 1 9 8 4 11 5 11 11 5 2 7 6 11 10 8 8 10 2 9 10 8 7 8 11 4 4 4 5 4 4 4 1 4 3 4 1 3 11 5 11 5 11 4 11 2 3 5 11 2 9 10 8 8 10 10 7 0 6 8 7 8 1 3 11 4 5 11 11 2 3 4 4 5 11 4 5 7 0 6 11 10 8 8 10 10 7 2 6 10 8 8 7 10 10 8 7 7 7 7 7 8 11 4 2 11 9 5 5 10 8 10 10 7 7 7 7 8 8 4 1 3 4 11 5 10 7 1 3 4 4 4 4 4 11 2 5 9 8 4 4 4 4 4 11 4 11 4 4 2 4 5 7 10 8 7 7 7 9 10 8 8 11 5 10 10 7 8 8 11 7 7 10 8 7 8 10 10 7 7 8 8 1 3 4 4 4 1 9 5 10 11 5 4 5 4 4 4 10 11 5 5 4 11 11 5 2 11 5 11 11 5 5 9 8 10 10 8 8 7 7 7 7 7 11 11 0 7 8 6 7 8 11 4 5 10 10 2 8 7 10 6 7 7 8 10 10 7 7 8 7 8 11 1 9 8 5 4 4 11 4 4 4 5 4 4 4 4 11 11 5 5 7 10 8 4 11 1 3 4 4 4 11 5 5 11 11 2 5 10 10 7 8 8 10 10 7 8 7 8 9 5 10 7 10 8 8 10 10 7 2 7 8 10 6 7 8 10 10 8 8 10 10 8 8 4 1 9 8 11 5 4 4 1 9 5 4 4 11 11 5 4 2 9 5 10 10 8 8 11 5 11 4 4 4 11 4 4 8 8 7 0 7 6 7 7 7 10 8 10 10 8 7 8 10 8 10 10 7 8 8 4 4 4 4 4 1 9 11 5 4 4 4 4 5 11 11 5 4 2 4 4 11 9 5 8 4 11 11 5 2 7 10 7 10 8 7 7 8 7 7 7 6 7 11 10 8 8 10 10 7 8 8 11 5 1 4 4 11 5 4 4 4 4 4 4 4 10 8 11 9 5 4 5 11 2 10 10 6 7 7 7 8 8 4 10 2 6 10 10 7 7 8 7 7 7 10 7 8 8 10 8 4 4 10 10 8 7 8 7 11 5 4 4 4 11 4 5 10 10 8 8 10 2 7 11 9 8 8 7 11 4 4 4 4 11 5 4 4 4 10 2 8 10 6 7 8 4 4 4 4 4 4 4 4 4 4 10 11 5 5 4 11 11 2 5 7 7 7 7 7 6 7 7 7 7 7 0 7 7 9 8 11 5 10 10 2 6 7 7 8 4 10 10 8 8 7 11 4 4 1 3 5 4 4 4 4 11 5 10 8 11 4 4 5 11 11 5 2 3 7 7 7 7 11 11 2 5 10 7 9 8 8 10 10 8 8 10 10 7 2 8 10 10 8 6 8 10 10 8 8 1 9 8 4 4 11 4 4 5 11 11 5 4 4 4 5 11 11 5 4 4 4 4 5 11 11 2 5 7 7 9 8 10 10 7 7 2 8 10 10 7 7 7 7 6 7 7 7 7 8 8 10 10 8 2
ppo_x50_b_fd_l4_noshaped,63,qv22_66,22,232,True,1414.0,13.828755617141724,8 7 10 5 10 6 2 8 9 11 5 5 10 7 11 4 2 5 10 10 6 7 8 7 5 11 2 7 10 10 8 7 5 9 10 8 8 11 5 10 10 7 8 8 11 5 10 10 7 8 8 11 0 10 6 8 8 11 4 2 11 11 5 5 9 8 4 11 4 4 4 11 4 8 7 7 8 4 11 5 11 4 11 5 5 11 10 8 2 7 10 9 8 7 7 7 8 10 2 10 10 6 8 7 5 10 10 7 7 8 8 10 10 8 8 11 5 11 4 10 8 4 5 10 7 8 10 10 7 8 8 4 10 8 11 1 5 4 4 4 4 10 9 5 5 4 4 4 4 4 4 10 8 11 11 5 4 4 4 4 5 7 10 2 9 10 8 7 8 10 10 7 8 0 6 7 7 8 10 10 7 8 8 4 11 2 4 3 11 4 4 4 5 4 4 4 11 5 4 11 4 4 4 10 8 8 7 7 0 9 7 7 5 10 7 7 8 10 10 8 7 5 10 4 4 5 11 10 7 7 7 7 7 7 8 2 9 10 8 8 11 4 4 5 7 10 10 8 8 11 4 4 4 4 4 5 4 11 4 11 5 5 11 11 5 4 5 10 11 5 5 11 11 5 2 9 5 11 10 8 8 10 10 7 7 8 7 7 7 7 7 7 7 7 7 7 7 7 8 1 3 11 4 4 4 5 4 4 4 4 4 4 4 11 5 11 5 10 10 7 8 2 10 10 7 6 7 7 7 7 7 7 8 7 7 8 10 10 8 8 4 4 11 4 4 5 11 2 3 7 11 5 4 4 11 5 10 10 2 8 3 4 4 4 4 1 3 4 4 4 4 11 4 5 10 8 10 10 8 2 9 8 10 10 7 7 7 0 6 7 7 8 7 7 7 8 10 2 10 7 10 8 8 4 11 9 8 5 10 7 8 4 4 4 4 4 11 4 4 11 5 2 11 4 4 5 9 5 10 10 8 0 6 7 8 10 8 10 7 10 7 7 7 7 2 8 10 7 6 4 5 4 11 1 9 8 4 5 0 9 5 4 4 11 11 5 4 4 5 11 11 5 11 2 3 4 5 4 10 2 10 7 7 7 7 9 8 7 7 7 7 7 7 7 8 1 3 1 3 4 11 5 4 10 11 5 4 4 11 5 4 4 4 2 3 11 5 4 11 5 4 10 10 8 8 11 4 2 9 10 8 8 11 2 6 4 4 4 10 10 8 0 6 7 0 6 7 7 7 8 7 11 10 8 8 0 9 8 10 10 8 7 7 7 7 7 8 10 10 2 8 11 5 11 11 3 5 11 5 4 4 4 4 4 4 1 3 4 5 11 4 11 2 5 10 8 10 6 10 7 8 7 8 10 8 10 10 7 8 8 11 1 3 4 4 4 4 4 4 4 4 5 10 2 9 11 5 5 10 8 4 4 10 10 8 7 8 4 10 11 5 2 3 11 5 10 7 10 0 8 6 7 7 0 6 7 7 8 7 10 10 8 8 11 4 4 2 4 9 11 5 5 4 4 4 10 2 9 10 8 7 7 8 11 11 5 7 7 8 10 10 7 7 7 8 8 7 11 4 5 10 8 4 4 4 11 1 3 4 4 4 4 5 4 4 11 4 4 5 4 10 10 8 7 7 7 7 8 11 2 3 4 10 10 7 8 0 6 8 10 7 7 7 10 8 8 10 10 7 8 7 8 4 10 10 8 8 11 2 3 4 4 11 4 4 4 5 11 4 11 2 3 4 5 4 4 11 11 5 5 4 11 4 4 4 10 8 0 6 7 7 7 7 7 7 10 8 8 10 2 7 10 10 8 6 7 7 7 7 10 8 8 1 9 8 11 11 5 5 11 4 5 10 4 4 10 8 7 8 4 11 10 8 8 11 4 5 4 11 5 7 11 11 5 1 3 4 4 4 4 4 4 4 5 4 10 10 8 7 7 7 7 10 8 0 6 7 8 7 7 7 11 10 8 8 7 7 10 7 10 7 2 8 3 4 4 4 4 4 4 4 4 4 4 4 11 5 11 4 5 10 10 8 8 4 1 9 5 4 11 4 4 5 11 11 5 2 7 10 7 7 7 7 9 8 7 7 8 7 11 5 11 4 4 4 5 11 5 7 10 10 7 7 8 7 7 8 7 7 7 11 11 5 2 3 4 4 4 4 4 4 11 5 4 4 10 10 8 7 8 10 7 0 10 6 7 8 7 7 7 7 8 7 7 10 8 1 4 11 3 4 4 4 5 11 11 5 2 11 5 4 4 4 4 9 5 7 10 10 8 4 5 11 5 4 4 11 11 5 2 7 7 7 7 7 7 9 8 10 7 8 7 7 11 5 10 10 8 7 10 8 8 4 11 2 10 10 7 6 7 7 8 7 8 11 1 9 8 5 4 11 4 5 4 4 11 5 10 8 4 4 4 4 11 11 5 5 4 4 4 4 11 5 4 10 10 8 8 11 5 10 7 10 7 2 6 7 8 11 4 5 10 10 8 7 7 8 10 10 8 7 7 7 8 10 7 10 8 4 4 4 5 10 2 9 11 5 5 4 4 4 4 11 5 10 8 4 11 4 4 4 5 7 10 10 2 6 8 10 7 10 8 7 8 4 1 9 5 10 10 8 7 8 4 4 4 11 5 4 4 4 11 11 2 3 4 5 4 10 2 10 6 7 7 7 10 7 7 7 8 7 7 7 7 10 8 8 10 10 7 7 8 8 11 2 10 9 8 8 11 4 4 5 10 11 5 5 1 9 4 4 10 8 8 11 5 4 4 4 4 4 4 11 5 11 11 4 5 2 3 10 10 8 7 8 10 10 2 8 10 10 6 7 7 7 8 0 6 7 8 11 2 11 4 5 10 10 8 8 10 10 6 7 7 8 8 11 5 11 5 10 10 2 7 8 3 4 11 5 4 4 11 4 4 5 11 11 4 5 2 9 8 7 10 7 7 8 7 7 7 10 10 2 8 4 4 3 4 4 4 4 4 4 4 4 4 4 1 3 4 11 4 4 5 4 10 10 0 6 8 7 7 7 7 7 7 7 7 7 7 7 7 8 11 10 8 8 1 11 11 5 3 4 4 4 4 5 10 10 2 8 10 10 8 8 10 6 10 7 7 8 7 7 8 4 4 4 4 4 4 4 4 4 4 4 4 4 4 4 4 11 5 10 10 2 8 10 10 8 8 10 10 8 8
ppo_x50_b_fd_l4_noshaped,64,qv22_67,22,229,True,1387.0,7.152172565460205,8 8 9 10 8 8 10 10 8 7 5 10 4 10 7 8 8 10 10 7 8 5 10 2 10 10 8 7 5 10 10 8 8 9 5 10 10 8 8 10 10 8 8 11 5 11 1 3 4 5 11 11 2 5 9 5 4 11 11 5 5 7 7 7 7 7 10 8 10 10 7 7 7 8 8 4 4 4 10 8 11 5 4 4 11 5 4 11 10 8 8 4 4 4 4 4 4 4 11 11 5 5 11 11 5 5 7 7 10 7 7 10 8 8 7 7 7 7 7 10 8 10 2 10 7 8 10 10 7 7 7 8 8 9 5 11 4 5 4 4 4 4 4 4 4 4 11 5 10 10 7 2 7 6 8 11 4 5 10 10 7 8 8 11 5 10 10 8 7 8 11 11 5 2 3 4 4 11 11 5 5 11 2 9 11 5 4 4 5 4 4 10 0 9 8 7 7 7 7 8 7 7 7 10 10 8 8 7 7 10 10 2 8 10 9 8 8 4 4 4 1 4 3 1 3 4 1 3 4 4 4 4 10 8 11 11 5 5 11 4 11 4 2 4 5 7 7 9 7 5 10 10 8 10 8 8 10 10 2 6 7 7 8 1 11 9 5 4 4 4 5 4 10 2 9 11 5 5 7 10 10 8 8 10 11 5 2 4 4 3 4 11 11 5 5 7 7 7 7 7 7 7 7 10 8 1 9 11 5 5 4 11 4 5 11 11 2 5 3 11 5 10 10 7 7 7 7 7 2 6 7 7 7 8 4 11 4 5 10 10 8 8 10 10 8 7 7 8 7 7 7 11 11 5 4 4 4 5 10 7 10 8 8 4 11 1 3 4 4 4 5 4 1 9 5 4 4 11 4 5 4 11 11 2 4 5 3 10 8 10 10 7 7 7 8 8 10 10 7 2 6 8 7 7 7 7 10 7 7 7 8 10 10 8 8 4 10 11 5 4 2 9 11 5 5 4 4 4 4 11 4 5 10 10 8 2 11 3 4 4 4 4 5 11 10 2 8 10 10 6 7 8 7 7 7 7 7 7 7 8 11 2 11 9 5 5 10 11 5 5 11 5 0 10 10 6 8 7 7 7 8 1 4 11 9 8 8 4 11 4 5 4 11 4 11 5 2 9 5 7 7 11 11 5 5 4 10 8 11 11 5 4 4 4 4 4 4 5 0 7 6 7 11 10 8 8 4 10 10 8 7 7 8 10 7 10 7 7 8 5 10 2 10 10 6 7 8 8 10 10 8 8 1 11 9 5 11 5 4 10 8 8 11 11 5 4 4 4 5 11 10 8 8 10 8 11 11 5 4 4 4 4 11 5 2 3 4 4 11 4 4 4 5 4 0 9 5 10 10 8 8 7 7 10 8 7 0 7 9 7 7 8 11 10 8 8 10 10 8 7 7 7 8 10 10 2 8 9 5 10 10 8 8 4 4 1 3 4 4 4 4 4 4 1 3 11 4 4 4 4 4 4 5 10 0 9 8 8 7 11 0 9 8 8 7 7 7 11 11 2 5 9 8 10 10 8 7 7 7 7 7 7 8 4 1 9 5 10 10 8 7 8 11 4 10 8 8 7 11 4 4 5 4 11 11 5 4 4 4 4 11 5 11 5 5 4 4 11 11 5 4 4 5 0 9 5 10 10 8 8 7 7 10 10 8 8 7 11 10 8 8 10 7 10 8 8 7 11 10 8 7 7 7 7 7 7 8 11 11 2 3 4 5 4 1 4 4 3 11 5 4 4 11 4 4 4 4 10 2 8 9 7 7 8 4 10 10 8 8 7 7 11 10 8 8 1 3 4 4 10 11 5 5 11 11 2 11 5 4 3 4 4 4 5 10 10 8 2 7 10 9 8 8 11 4 5 11 10 8 8 10 10 8 8 7 10 7 7 10 7 8 10 8 7 7 7 8 11 4 5 4 4 4 11 5 10 10 2 8 10 10 6 8 7 8 10 10 7 8 2 9 8 4 1 3 11 5 4 10 10 8 8 4 4 4 4 4 10 11 5 5 11 11 5 2 6 4 11 4 4 4 4 4 4 5 4 10 2 10 10 6 8 7 8 11 11 2 5 7 7 9 8 10 7 0 6 7 7 8 4 4 10 10 8 7 8 4 4 1 11 3 4 4 4 4 5 4 11 11 2 5 10 10 7 7 7 7 7 6 8 7 7 7 7 7 7 7 8 11 5 11 10 2 8 10 7 7 10 8 6 8 4 11 1 9 8 8 4 4 4 4 11 4 4 5 0 7 7 7 7 7 11 5 3 4 4 4 4 10 11 5 5 4 4 11 11 5 2 7 7 10 7 6 8 10 10 2 8 10 7 8 9 10 7 7 8 2 6 4 11 11 5 4 5 11 11 2 5 9 8 11 5 4 4 4 11 4 11 4 5 2 9 5 10 8 11 5 1 4 4 4 11 9 5 8 4 10 2 10 10 6 7 2 6 8 7 10 8 7 7 10 7 10 7 8 7 7 7 8 1 3 4 4 4 10 8 11 1 3 4 4 4 5 10 10 8 8 10 10 8 8 4 11 4 4 4 4 5 11 4 5 10 10 8 2 6 7 7 7 7 10 10 8 7 10 8 7 8 10 10 8 7 8 10 10 8 8 1 9 8 11 11 5 4 4 5 4 11 11 5 2 6 4 4 1 9 11 5 4 8 11 8 11 11 8 7 7 8 4 11 4 4 4 4 5 11 11 4 2 5 11 4 5 10 10 8 8 10 10 8 6 7 8 11 5 10 10 7 2 6 8 10 10 7 8 8 10 10 7 8 7 7 8 11 10 8 8 11 10 8 8 10 10 2 8 4 9 5 11 11 5 5 1 9 5 10 8 4 4 4 4 4 4 1 4 4 4 4 4 4 11 4 5 3 4 10 10 0 6 8 8 10 10 8 7 7 7 7 7 10 8 8 10 2 7 10 8 9 11 5 5 4 10 2 10 10 8 7 6 8 10 7 7 7 8 4 11 1 3 4 10 8 8 11 4 5 4 4 4 4 10 8 11 11 5 4 4 4 5 7 0 9 8 10 10 8 7 7 7 7 1 9 8 8 7 10 10 8 8 10 10 8 2 4 11 4 4 4 11 5 4 4 4 4 4 4 9 5 5 4 4 4 4 11 11 5 2
ppo_x50_b_fd_l4_noshaped,65,qv22_68,22,233,True,1439.0,13.911498546600342,8 7 5 10 10 8 7 5 10 10 8 8 9 5 10 10 8 7 5 10 10 8 7 5 10 10 8 8 11 5 10 10 7 8 7 10 8 8 10 10 8 8 10 10 8 8 10 11 5 2 4 9 1 9 5 4 5 11 4 4 4 5 4 4 11 5 4 4 4 4 10 11 5 5 7 11 5 10 10 8 7 7 8 11 11 2 5 9 11 5 4 4 5 10 7 7 7 7 7 10 8 7 8 11 5 4 11 4 4 4 5 10 10 7 7 8 8 10 10 0 6 7 7 7 8 8 7 10 10 8 4 5 4 4 11 5 4 10 10 8 8 10 10 7 8 7 8 10 10 8 8 10 2 9 4 5 4 4 4 4 11 5 11 5 4 4 4 4 4 10 11 5 5 4 11 5 11 11 2 5 3 10 7 7 7 7 8 10 10 7 7 7 7 7 7 7 7 7 0 6 7 7 8 8 11 4 10 7 2 8 11 9 5 8 11 5 4 1 3 11 4 10 8 8 11 2 3 11 5 4 4 11 4 4 4 4 8 11 11 5 2 4 4 3 4 4 10 11 5 4 5 10 7 7 8 4 10 10 8 7 7 7 7 7 7 10 8 7 7 7 7 8 11 4 4 4 4 5 0 3 7 4 0 4 9 10 7 7 8 8 4 11 10 8 2 10 10 6 7 7 8 8 11 2 9 5 4 4 4 4 4 1 11 3 4 4 5 11 11 2 5 4 3 10 10 8 7 7 7 7 10 7 8 8 11 5 10 10 7 7 7 7 8 8 10 10 8 8 11 2 3 4 4 4 4 11 5 4 4 4 11 4 5 10 10 2 8 9 8 4 4 10 8 11 11 5 5 11 4 4 4 4 4 11 5 2 7 6 7 7 7 11 10 8 8 10 8 10 10 2 6 7 8 10 2 6 7 7 10 10 8 8 1 3 4 11 4 5 11 5 4 4 4 10 1 9 5 5 4 11 11 2 5 6 0 7 6 7 7 7 7 7 10 10 8 8 10 10 7 7 8 2 3 11 5 10 7 10 7 7 8 5 10 2 3 4 10 8 11 4 4 5 4 11 11 5 4 4 5 4 4 4 4 4 4 10 11 5 5 4 4 4 4 10 10 8 2 7 6 0 9 8 7 7 7 7 7 10 8 7 10 7 10 7 7 7 2 7 6 8 11 4 4 4 5 4 11 4 11 5 4 4 4 4 4 4 5 4 4 10 2 10 10 7 8 7 7 6 7 7 8 7 11 11 5 4 2 10 10 8 7 6 8 7 11 10 8 8 10 10 8 2 10 8 4 4 9 5 11 11 4 4 5 4 4 4 4 4 5 0 6 10 7 0 6 7 7 8 10 10 8 7 7 7 10 2 8 10 10 7 8 8 3 4 4 10 5 10 11 5 4 10 8 8 11 1 3 4 4 4 1 4 3 4 5 11 4 11 5 5 4 4 4 11 4 4 5 10 10 7 5 7 7 7 7 8 11 2 10 10 8 8 10 10 8 6 0 6 7 8 7 7 10 8 7 10 10 8 7 5 1 3 4 11 4 4 4 4 4 4 5 4 4 4 4 4 4 4 11 5 10 0 6 10 8 8 0 7 11 9 8 8 10 8 7 10 10 7 8 8 10 10 7 8 2 4 3 4 11 5 11 11 4 4 2 3 5 4 4 11 11 5 2 11 11 5 4 5 6 7 7 7 7 11 10 8 8 10 10 8 7 10 8 7 8 4 4 4 11 5 11 11 5 4 4 4 4 5 10 7 7 7 7 8 10 10 7 7 7 2 6 7 8 10 10 7 7 8 8 10 4 5 10 10 2 8 10 10 8 8 9 10 8 8 11 5 4 11 1 3 4 10 8 8 11 1 9 5 4 4 4 5 11 11 5 2 10 8 9 5 4 4 4 4 4 4 4 4 11 11 5 7 8 11 5 10 7 10 0 6 8 8 7 7 7 7 7 7 10 8 10 10 8 8 10 2 10 7 10 7 7 8 8 9 5 11 4 4 4 5 4 4 4 4 4 11 4 5 10 10 8 2 10 8 10 10 7 8 7 7 7 8 11 5 9 7 8 4 4 11 4 4 4 4 4 10 8 2 3 4 11 5 4 4 11 11 2 3 4 4 5 11 2 10 10 6 7 8 7 7 0 7 7 8 10 7 10 6 7 8 8 10 2 9 10 8 4 5 10 2 10 7 10 7 8 8 11 5 4 3 4 4 11 4 4 5 4 4 11 2 9 4 11 5 5 11 2 7 7 10 10 8 7 5 10 10 6 8 7 7 7 8 7 7 10 10 8 8 4 4 4 4 4 4 4 4 1 9 8 11 5 4 4 4 4 4 4 11 4 4 11 2 4 5 9 8 10 10 2 8 11 4 5 10 7 10 8 7 9 8 8 10 7 10 8 7 10 7 2 5 4 10 10 8 6 7 8 11 10 8 8 10 10 7 8 8 4 11 10 8 8 10 8 10 10 8 8 11 10 2 8 6 11 11 4 4 4 2 5 11 3 4 4 5 4 4 4 4 4 1 4 4 4 11 4 4 5 10 10 6 7 8 8 7 10 10 8 8 11 2 11 9 5 8 4 4 4 11 4 5 10 10 8 7 5 10 10 2 6 8 7 10 10 8 7 8 10 8 11 10 2 6 8 10 10 8 7 7 7 7 7 8 11 11 7 2 9 8 8 4 4 11 4 4 10 8 8 7 7 11 2 10 10 8 8 4 10 8 6 11 11 4 4 5 4 4 4 5 4 4 4 4 4 4 10 4 4 5 7 7 7 0 6 7 11 7 7 8 11 11 5 5 11 11 2 5 7 7 7 7 10 6 8 11 4 1 9 8 8 11 5 10 11 2 3 4 5 11 11 4 5 5 0 7 10 6 7 8 10 10 8 10 8 7 7 8 11 2 10 10 7 8 8 4 4 4 3 4 4 4 11 4 5 11 11 5 5 7 7 7 10 8 11 11 5 4 4 4 4 11 5 5 11 4 5 4 11 5 10 10 2 6 7 8 7 7 11 5 4 4 10 10 8 8 7 7 7 7 10 8 7 7 10 7 11 5 2 11 4 5 3 4 4 4 11 11 5 5 4 11 11 5 4 5 10 10 2 8 10 7 7 10 6 7 7 7 7 8 7 7 7 7 8 7 11 10 8 8 10 10 8 7 8 1 9 8 11 11 5 4 4 4 4 5 4 4 1 9 5 4 11 11 2 5 10 10 7 7 6 8 8 10 10 8 8 10 10 8 2
ppo_x50_b_fd_l4_noshaped,66,qv22_69,22,234,True,1444.0,13.960219621658325,8 7 5 9 10 8 7 5 10 10 8 8 11 5 10 10 7 8 7 5 11 5 10 10 7 8 8 10 10 8 8 11 5 10 10 7 8 8 10 10 8 8 11 5 1 4 4 10 9 8 8 11 10 2 8 10 10 6 7 8 8 11 5 10 10 7 8 8 10 10 8 8 11 5 1 7 9 11 5 4 5 11 2 3 11 11 5 4 4 4 11 5 1 3 5 4 4 11 11 2 3 4 5 4 11 11 5 5 10 2 7 10 6 7 10 8 7 7 7 7 7 8 7 10 7 8 10 7 10 2 8 6 10 10 7 8 1 3 4 4 4 4 4 4 4 11 5 4 11 2 5 3 10 7 7 8 11 10 7 8 8 10 10 7 7 7 2 7 6 7 8 4 11 4 4 4 4 4 4 4 4 5 11 11 5 11 5 4 4 4 5 0 9 7 8 7 7 7 10 10 8 7 8 11 11 5 4 4 2 11 4 4 11 5 5 11 5 9 11 5 5 4 0 6 7 10 10 8 8 10 10 2 8 9 8 10 7 11 5 5 4 4 4 11 4 4 5 10 7 10 8 7 10 8 7 7 7 7 7 8 10 10 8 7 7 7 7 8 11 11 2 5 4 11 9 8 8 11 5 4 4 4 4 4 4 4 11 5 11 4 4 5 11 11 2 7 7 6 8 7 11 10 8 8 11 4 5 4 11 5 4 10 10 8 7 7 8 10 7 10 7 8 7 7 7 7 7 7 7 7 8 10 2 9 10 8 8 4 1 3 1 3 4 4 4 4 4 11 4 5 0 6 7 11 7 7 7 8 4 4 4 11 11 5 2 7 7 7 7 11 9 8 8 7 7 7 11 11 2 3 1 5 4 4 9 4 4 5 11 11 5 5 11 4 4 4 2 11 9 8 8 4 4 4 11 11 2 4 5 7 9 8 10 10 7 7 8 7 10 7 7 8 7 7 8 10 10 8 8 10 10 8 8 1 3 11 5 4 4 11 11 2 3 4 4 5 10 0 6 8 10 7 7 10 7 7 2 8 3 4 4 10 11 5 11 5 4 5 4 4 4 4 10 10 7 8 2 9 10 8 8 11 5 4 11 4 11 5 5 4 4 11 5 10 7 10 8 7 8 10 10 8 4 4 5 7 7 10 8 10 10 0 6 7 8 8 10 10 7 7 7 7 7 8 8 4 10 11 5 2 4 4 3 4 11 4 5 10 10 8 8 10 10 7 7 8 8 4 4 1 4 4 11 3 4 5 4 4 4 4 4 4 4 11 2 4 10 11 5 5 3 7 10 10 8 8 11 10 8 8 10 10 7 8 10 8 7 7 7 8 10 10 2 8 7 10 8 6 10 10 7 7 8 8 1 9 5 11 1 9 5 8 10 2 10 10 8 8 11 4 4 3 5 4 4 4 4 4 4 10 10 2 8 11 5 11 9 5 4 4 4 5 4 11 4 4 5 10 10 2 8 9 8 10 7 10 7 7 7 7 8 7 7 8 10 7 10 7 7 8 4 5 4 4 4 1 3 4 4 11 10 8 8 4 4 11 4 5 11 5 4 10 10 8 7 7 8 11 11 5 2 4 4 3 4 4 4 11 5 4 0 10 10 8 6 7 7 7 7 7 7 7 7 8 11 2 4 4 10 9 5 5 4 11 5 4 4 4 4 11 11 2 5 7 10 7 10 7 6 7 7 7 7 7 0 6 7 8 7 7 8 11 2 10 10 8 7 8 9 5 10 10 8 8 4 4 4 11 1 3 4 4 5 1 4 4 4 3 10 11 5 5 11 2 10 7 10 6 0 6 7 7 7 8 5 4 1 9 5 4 4 11 4 4 11 5 4 4 2 11 3 4 4 5 10 11 2 5 10 10 6 7 8 8 10 2 10 10 8 6 7 5 7 10 10 8 8 7 10 10 2 8 10 10 6 7 8 8 10 10 8 8 11 2 9 4 4 4 5 4 10 10 7 8 7 8 11 4 4 4 2 9 11 5 5 4 11 11 5 4 4 4 10 2 8 11 4 5 3 4 10 10 8 8 7 0 6 7 7 10 8 4 4 10 10 7 7 2 6 7 8 10 10 7 7 7 8 7 8 1 3 4 10 8 11 4 1 9 5 8 4 11 4 4 4 4 4 4 4 4 1 4 3 4 4 5 10 7 7 8 10 10 8 8 11 2 10 11 5 5 3 4 10 10 8 7 7 8 10 7 10 8 8 0 9 5 7 10 10 7 7 7 8 8 11 4 1 3 4 4 4 5 4 1 3 4 4 1 3 4 4 4 11 4 5 4 10 2 9 10 8 7 8 7 7 7 11 10 8 8 10 10 8 7 8 1 11 4 3 4 4 4 4 5 11 2 10 9 8 8 10 11 5 5 4 4 4 10 10 0 6 8 8 7 7 7 7 7 7 10 10 8 7 7 5 10 10 7 7 7 8 8 11 4 5 1 3 4 4 4 4 4 11 5 11 2 4 3 4 10 10 7 8 8 4 10 10 8 8 0 6 7 11 10 8 8 10 10 7 7 7 7 7 8 8 4 10 8 11 4 10 8 2 3 11 5 4 11 5 4 4 11 4 4 4 5 7 11 11 2 5 11 4 5 4 11 9 5 4 5 0 10 6 7 10 8 7 10 8 7 8 7 7 7 7 10 8 10 10 2 8 10 9 8 8 10 8 11 11 2 3 11 5 11 5 4 11 5 5 10 8 7 10 11 2 4 3 4 4 4 5 10 7 10 8 7 7 7 7 8 11 2 11 11 5 4 4 3 5 11 11 5 11 5 4 4 5 10 10 8 7 8 11 4 4 4 4 5 0 6 7 7 10 10 7 8 8 11 10 8 7 7 7 7 8 11 11 2 5 6 7 7 10 10 8 10 7 5 1 5 4 4 3 4 4 4 1 3 4 11 4 4 4 4 11 5 5 11 11 4 5 4 4 5 10 10 8 2 6 7 11 5 10 10 8 8 10 7 10 8 2 9 8 4 10 0 6 10 8 7 7 7 8 10 7 7 7 8 10 10 2 8 4 4 4 11 11 5 4 4 9 5 5 10 7 8 11 4 11 5 5 4 11 5 10 8 11 1 3 11 5 5 4 4 11 4 11 2 5 9 8 4 10 10 8 7 7 7 7 7 8 11 2 10 10 8 8 10 10 8 8 10 8 10 10 8 7 7 8 7 7 10 8 9 7 11 5 5 4 4 4 4 4 4 11 11 5 4 4 4 4 4 5 4 11 11 5 5 10 10 7 7 8 8
ppo_x50_b_fd_l4_noshaped,67,qv22_7,22,229,True,1371.0,13.69757080078125,8 7 6 5 10 10 2 7 5 10 10 8 8 9 5 10 10 8 8 10 10 8 7 5 11 5 4 11 5 4 11 11 5 5 11 5 10 10 8 2 11 5 10 10 7 7 7 6 7 8 7 5 10 2 10 10 8 7 5 10 10 8 8 9 5 10 10 8 8 10 10 8 8 10 10 8 8 1 9 5 4 4 11 4 10 8 2 9 8 4 4 4 4 4 11 5 4 11 11 2 5 4 9 5 4 11 11 2 5 7 7 10 6 7 7 7 10 8 7 7 10 8 7 7 7 8 1 4 11 3 5 11 5 4 1 11 9 8 8 11 5 11 5 4 4 4 11 11 2 3 4 4 5 4 10 2 10 10 6 7 7 7 7 7 7 7 7 8 7 8 10 10 7 8 8 10 10 7 7 8 8 11 4 5 11 4 4 5 10 8 1 3 1 3 4 4 4 4 10 10 2 8 11 3 11 5 5 10 8 11 11 2 3 4 4 4 5 4 0 10 6 7 7 7 7 8 10 10 7 7 8 7 8 10 0 10 6 7 7 8 8 11 5 1 9 5 4 4 4 4 10 11 5 5 4 4 4 4 11 1 9 5 8 11 4 4 4 4 4 4 5 7 0 9 10 8 8 11 10 7 7 2 7 7 6 8 11 10 8 8 10 7 10 7 7 8 2 10 7 9 8 8 10 2 10 10 7 8 8 3 4 4 4 11 5 1 4 11 4 4 3 4 4 4 4 5 4 11 5 4 4 11 11 5 5 0 9 7 7 7 8 4 10 10 8 8 7 7 0 6 7 7 7 7 7 7 7 7 7 11 5 10 10 8 8 1 11 5 11 4 11 5 5 9 4 4 5 10 10 8 8 4 10 8 11 4 5 4 11 5 11 11 2 4 4 5 6 10 7 7 7 8 1 4 4 3 4 4 10 11 5 5 11 4 11 2 4 5 7 9 8 10 10 7 7 7 8 8 10 7 11 5 4 2 10 6 10 8 7 10 8 7 8 11 4 2 11 3 7 10 8 8 10 10 7 7 8 7 10 8 2 9 10 8 8 4 4 4 4 4 4 4 11 4 4 11 5 2 9 11 5 1 9 5 8 4 4 4 11 4 11 2 5 9 8 11 11 5 5 7 7 7 7 0 10 6 10 7 8 7 10 8 2 9 8 7 10 10 7 7 8 2 10 7 6 8 4 10 10 8 8 11 4 4 1 3 4 4 5 4 4 4 4 4 11 4 5 10 10 7 7 8 7 7 8 11 4 4 5 10 10 7 8 0 6 7 8 11 10 8 8 10 10 2 8 10 7 8 10 9 8 8 4 4 4 11 4 10 8 8 4 4 10 4 5 4 1 3 4 4 4 10 11 5 5 11 2 9 4 4 4 5 4 10 10 8 7 8 10 7 7 8 11 11 5 5 10 4 4 5 10 10 8 8 10 7 10 7 8 10 7 8 7 0 6 7 8 1 11 3 5 11 11 5 4 5 4 4 11 1 3 4 4 5 4 4 11 5 10 8 4 4 10 10 8 7 7 7 7 8 11 5 10 7 10 8 8 4 4 4 4 11 2 4 10 11 5 5 9 5 10 10 7 8 8 0 6 7 11 10 8 8 7 10 10 7 7 8 7 7 8 0 9 10 8 8 10 7 8 1 11 9 5 5 4 11 4 4 5 11 4 10 8 2 10 7 9 8 8 11 5 4 10 10 7 8 5 7 10 10 8 8 10 2 9 10 8 8 4 11 5 4 4 1 3 4 4 1 3 4 4 4 11 5 4 4 4 11 11 5 2 9 7 8 10 10 7 2 6 0 6 8 10 10 7 7 8 8 10 10 8 7 8 10 10 7 7 2 8 3 11 4 4 4 5 11 4 11 5 2 3 4 4 11 4 4 4 11 7 8 0 8 9 10 8 8 10 10 8 7 7 5 7 10 10 8 8 10 7 10 8 8 10 10 8 2 3 4 10 8 11 5 4 4 4 4 4 4 4 10 10 2 8 11 5 11 11 5 3 4 4 4 4 4 4 4 5 11 2 3 4 10 10 8 7 8 7 11 2 9 10 8 7 7 8 11 4 5 4 11 4 4 4 5 10 10 8 10 8 8 7 7 7 10 10 8 8 7 7 7 7 10 7 7 7 7 7 8 10 10 8 2 3 4 11 1 3 4 4 4 11 5 5 11 2 4 10 8 11 11 5 3 4 5 7 0 9 8 10 10 7 7 7 8 7 8 11 4 5 10 10 7 8 8 1 11 5 4 4 3 4 4 11 5 1 3 11 11 5 4 5 11 4 4 11 4 5 2 9 5 10 10 0 7 7 6 8 7 7 7 7 8 11 2 3 4 11 5 0 7 10 7 10 8 8 7 9 8 10 8 10 7 10 7 8 8 10 10 8 4 2 3 1 9 5 4 4 4 4 11 11 5 5 11 4 11 5 2 9 8 10 4 4 11 5 5 4 4 10 10 8 0 6 7 8 7 7 7 7 7 7 7 10 7 5 4 4 10 8 4 7 4 7 4 7 11 11 5 4 4 11 5 2 11 9 5 5 4 4 4 11 5 0 6 10 10 8 7 7 7 8 4 4 10 10 8 7 7 7 7 8 10 10 8 7 7 8 1 4 3 4 4 4 1 3 4 1 3 4 4 11 5 4 4 4 11 5 4 11 5 10 8 10 7 10 2 8 9 5 10 10 8 4 4 4 4 5 10 2 4 3 10 10 8 8 10 10 8 7 7 7 7 7 0 7 7 8 9 8 1 11 4 5 11 9 5 5 11 2 10 7 7 7 7 9 8 8 11 5 10 10 7 8 5 1 11 3 5 11 4 4 11 2 5 9 8 4 4 11 4 4 4 11 5 2 9 11 5 5 4 4 0 6 10 10 7 7 7 7 7 7 7 8 7 8 10 10 7 8 7 7 7 8 10 10 8 2 9 8 4 4 4 4 4 4 1 3 4 11 5 7 10 0 10 7 8 8 11 9 8 8 11 5 11 4 11 5 4 1 5 4 4 3 10 10 8 7 8 11 2 11 11 4 3 5 5 4 4 11 11 2 5 10 10 7 7 7 7 7 7 7 8 7 7 7 7 8 10 10 8 8
ppo_x50_b_fd_l4_noshaped,68,qv22_70,22,234,True,1433.0,13.924668312072754,8 7 11 3 7 2 5 9 10 8 8 10 10 8 8 11 5 10 10 7 8 8 10 10 8 8 11 5 11 4 4 5 10 10 2 6 8 7 10 7 10 8 8 10 10 8 8 1 9 5 4 4 11 4 10 8 2 9 8 11 11 5 4 5 10 10 8 2 7 10 7 10 7 8 8 10 10 8 7 5 10 9 8 8 10 2 9 10 8 8 11 4 4 5 10 7 8 4 1 4 3 4 4 4 4 4 11 4 4 4 5 4 4 11 11 5 5 7 7 10 11 2 5 6 7 7 7 10 8 10 10 8 8 7 10 10 8 8 11 5 7 10 10 7 7 2 8 10 10 6 7 7 8 8 11 4 5 4 11 10 8 2 3 11 5 11 4 4 4 11 4 5 5 4 4 11 4 4 4 11 2 4 5 11 9 8 8 4 4 10 10 8 7 7 8 0 6 0 9 8 7 7 7 11 10 8 8 10 10 7 7 7 2 6 7 8 7 10 10 8 8 4 4 10 2 9 11 5 5 11 4 5 7 10 7 5 11 4 4 5 10 4 2 6 4 4 4 4 4 11 4 5 4 4 4 11 5 11 2 10 10 8 7 5 10 7 10 8 6 7 8 0 6 7 7 7 10 8 10 10 7 8 2 10 8 4 9 11 5 4 4 5 7 10 8 4 4 4 11 5 4 4 4 10 11 5 5 11 11 2 5 4 9 5 7 7 10 11 5 5 4 4 4 10 10 0 6 7 8 7 7 7 7 0 6 7 8 10 10 7 7 7 7 2 6 8 11 10 8 8 10 10 2 8 4 9 8 11 4 5 4 4 11 5 4 10 11 5 4 4 5 11 11 2 5 10 8 10 7 8 7 9 10 8 8 4 11 4 4 4 4 4 4 4 5 4 4 4 10 11 5 5 4 10 10 0 6 7 7 7 7 7 7 8 7 7 7 7 7 7 8 11 2 10 10 8 8 9 7 7 8 11 11 5 5 11 1 3 5 4 11 4 4 11 2 5 9 8 4 4 11 11 5 7 7 8 11 2 9 10 8 7 8 10 10 8 8 4 11 2 10 6 10 8 8 7 10 10 8 10 7 8 4 5 4 4 1 3 4 4 4 1 3 1 3 4 4 4 4 10 11 5 5 0 9 8 10 10 2 6 8 10 8 10 10 2 6 7 8 11 5 11 4 2 3 11 5 4 4 11 11 5 4 5 4 11 2 3 10 10 7 7 8 7 8 10 0 9 8 7 7 7 8 7 7 10 8 10 7 10 7 2 8 4 4 9 4 5 4 11 11 5 4 4 4 5 10 11 5 5 4 10 0 9 8 7 7 8 10 10 7 7 7 8 8 10 10 2 8 10 6 7 10 8 4 5 4 4 4 4 4 11 5 1 9 8 10 8 11 4 5 4 11 11 2 3 5 4 4 4 11 5 10 8 11 4 4 5 10 10 2 6 8 7 7 7 11 10 8 8 10 7 10 7 8 7 8 7 11 7 7 7 7 8 11 11 4 5 4 4 1 4 9 5 7 8 11 2 9 5 10 10 8 7 7 8 11 4 4 5 11 11 4 5 4 11 5 11 5 4 11 5 4 5 7 10 8 11 11 2 5 6 11 10 8 8 10 7 10 8 4 4 4 4 4 4 4 5 4 10 0 9 8 7 7 8 7 7 10 8 1 4 4 4 11 4 3 4 5 7 10 10 8 8 7 7 10 10 7 8 7 7 8 10 7 7 7 7 7 7 8 7 1 3 4 11 11 5 5 11 2 9 5 4 11 11 5 5 11 10 8 2 11 4 11 5 4 5 4 11 5 3 11 11 5 5 11 11 5 7 0 6 7 7 8 4 11 5 7 7 7 7 7 10 10 2 8 9 4 5 10 10 8 7 8 10 10 7 7 7 7 8 4 4 5 10 2 10 6 7 7 10 8 8 4 4 11 4 7 4 7 4 10 8 5 4 4 4 4 4 4 4 4 4 4 10 11 5 5 11 11 5 11 5 5 11 4 11 5 2 6 7 7 7 7 11 5 10 10 8 7 8 11 2 11 9 5 4 4 5 10 11 5 5 10 7 0 6 10 7 7 8 7 8 4 4 4 10 10 8 10 2 6 7 10 8 7 7 7 8 7 7 7 10 10 8 8 1 4 4 4 3 4 4 4 1 4 4 9 5 4 4 11 11 5 5 4 11 11 5 7 7 7 8 11 4 4 4 11 4 4 2 8 9 10 8 8 7 7 11 5 10 10 7 7 8 7 7 7 7 7 7 7 8 10 10 2 8 3 1 3 4 4 4 4 4 4 11 4 11 5 7 7 8 11 2 11 4 3 4 5 4 4 4 10 10 8 7 7 7 8 7 11 2 10 10 8 6 8 11 2 11 4 4 5 3 10 7 7 7 10 7 8 7 8 10 7 7 8 7 10 10 8 2 9 5 7 10 10 8 7 5 4 4 4 4 4 4 4 11 11 5 4 4 4 4 5 10 8 10 8 4 4 4 10 10 8 7 7 7 7 7 8 10 2 9 10 8 8 11 4 4 4 5 11 4 4 4 4 4 4 4 5 0 6 7 7 7 11 10 8 8 7 10 10 7 8 8 10 11 5 4 2 4 6 10 10 8 7 7 7 10 8 8 10 7 8 1 11 9 8 5 4 4 4 4 4 4 4 10 8 11 11 2 3 4 1 3 5 10 2 9 11 5 4 4 11 5 4 5 11 2 3 10 10 7 2 6 8 10 7 7 10 7 8 8 11 5 10 10 7 2 7 6 8 11 5 10 10 7 7 7 7 7 7 8 8 11 2 11 9 5 5 4 11 4 5 10 0 9 8 8 10 8 1 3 4 11 5 4 4 4 4 4 4 11 5 7 11 4 4 5 10 10 2 6 8 10 10 8 7 8 7 7 10 10 8 2 4 11 5 3 10 7 7 10 8 8 7 10 10 8 7 7 8 1 9 5 10 8 11 11 5 4 4 5 11 5 4 4 4 10 8 11 11 5 4 4 5 11 5 4 4 4 4 11 4 5 10 10 8 8 10 10 8 4 2 9 5 10 8 7 7 7 7 7 7 7 7 7 7 7 7 11 4 5 10 10 8 2 4 4 4 4 4 4 4 11 3 5 11 11 5 2 9 5 4 11 11 2 5 10 10 7 7 8 7 7 8 10 10 7 7 7 6 7 7 7 8 8 10 2 3 4 4 4 4 4 4 4 4 4 4 4 4 4 4 4 4 11 11 5 2
ppo_x50_b_fd_l4_noshaped,69,qv22_71,22,233,True,1439.0,16.32224941253662,8 7 10 5 10 5 10 5 10 5 10 5 10 5 10 5 10 5 10 5 10 5 10 6 2 8 9 11 5 5 10 0 7 9 8 7 5 11 5 10 10 7 8 7 5 10 10 8 8 11 5 11 4 10 2 7 5 10 10 6 7 8 8 10 10 8 8 10 10 8 8 11 5 10 10 7 8 8 10 10 8 8 1 3 10 11 5 5 4 1 3 4 4 4 1 3 4 4 11 4 4 11 5 2 9 8 10 10 7 5 4 4 4 5 7 10 8 10 10 7 0 6 8 8 10 10 8 7 8 11 5 10 10 8 7 8 4 4 11 5 10 7 7 10 8 8 11 2 10 10 6 7 7 7 8 8 4 11 4 5 4 11 2 3 4 4 4 4 11 1 4 4 4 5 6 10 10 8 7 7 7 7 8 1 4 4 11 4 4 5 9 10 8 8 4 11 5 4 4 4 11 11 5 11 5 5 11 0 9 8 8 7 7 7 7 7 7 7 7 10 10 8 4 5 10 7 8 10 10 8 7 7 8 1 3 4 11 5 4 11 5 4 4 4 4 4 11 5 10 10 2 8 10 10 7 8 6 7 8 7 10 2 10 10 7 6 7 7 7 8 8 11 4 5 10 2 10 7 9 8 8 11 4 10 8 8 11 1 4 3 5 4 4 4 4 4 1 3 4 4 10 8 11 4 4 4 4 4 4 4 11 2 4 5 9 10 8 8 11 5 10 10 7 7 8 7 7 7 7 8 0 7 9 7 8 4 1 4 4 11 4 5 9 10 8 8 11 2 10 6 10 7 8 7 7 7 7 7 8 10 2 9 10 8 8 10 10 8 8 1 3 4 4 4 1 3 4 4 1 9 4 4 5 4 1 3 4 4 11 5 0 9 8 10 10 2 6 8 11 5 4 11 11 5 4 4 5 7 10 10 8 7 7 7 7 8 7 10 10 8 8 11 5 10 7 7 10 8 7 10 8 2 9 8 7 7 11 11 5 4 5 4 4 11 4 4 4 5 10 0 7 9 8 8 11 1 4 3 4 4 5 0 9 0 9 8 8 10 11 2 5 4 11 3 4 11 5 4 5 7 11 11 4 4 2 5 9 5 10 10 8 7 7 7 7 10 8 7 7 7 7 11 2 5 10 6 10 8 7 10 8 7 8 10 10 2 8 7 7 9 1 9 5 4 5 4 4 11 5 4 11 4 5 1 9 5 4 11 5 4 11 11 5 5 10 7 10 7 2 10 8 7 6 8 10 10 8 8 10 10 7 8 2 4 6 10 10 8 7 10 8 2 9 8 4 4 4 4 4 4 4 11 4 4 4 4 4 4 4 4 11 2 5 9 8 11 4 10 8 7 7 7 7 7 7 8 11 2 9 4 4 5 10 7 10 7 8 8 11 5 4 11 11 5 4 4 4 5 4 4 10 0 6 8 7 7 7 10 8 10 10 7 7 7 7 8 8 4 1 4 3 4 4 4 11 4 4 5 11 2 10 10 7 6 8 8 10 2 10 7 10 7 7 7 6 8 7 7 7 8 10 10 7 8 8 11 2 4 4 4 9 4 4 5 10 10 7 8 2 9 8 4 4 4 11 11 5 2 9 5 4 4 4 4 4 4 11 5 10 7 10 8 8 7 7 7 7 10 8 10 10 7 7 7 7 7 8 8 1 4 9 5 11 5 7 7 11 11 5 11 5 5 11 5 4 4 4 4 4 4 4 4 10 11 5 5 7 10 8 4 4 4 4 11 11 5 2 9 5 10 7 7 8 7 7 7 7 7 7 7 7 7 10 7 8 1 4 11 5 10 10 8 8 9 10 8 8 10 8 10 10 8 8 1 11 5 3 11 1 3 4 4 4 4 11 5 4 2 4 4 4 3 11 4 10 8 8 11 4 5 11 5 4 11 11 5 5 7 7 7 7 7 10 7 7 0 7 6 0 6 7 8 7 10 7 7 7 8 1 11 11 3 5 4 11 5 5 11 11 5 5 1 9 4 4 11 4 4 5 5 0 7 7 11 5 10 9 8 7 8 11 5 10 10 7 8 8 11 5 10 10 8 7 5 10 10 7 8 8 11 1 9 8 5 4 11 11 4 5 4 4 4 4 4 11 5 11 2 5 9 4 5 10 10 8 8 7 11 11 2 5 10 7 10 8 7 7 8 10 10 8 8 7 10 10 6 7 7 8 8 7 10 10 8 8 11 1 4 4 3 4 4 4 4 4 4 4 4 5 10 2 9 7 7 7 7 7 7 7 7 7 8 10 10 8 4 4 5 7 11 5 10 10 8 8 10 10 8 8 4 4 4 4 4 1 4 11 10 8 8 11 9 5 4 4 4 4 11 5 4 2 9 10 8 4 5 10 7 7 7 8 11 5 11 4 5 11 11 5 4 5 4 4 11 5 10 10 8 8 11 5 4 4 10 10 8 7 7 7 7 7 7 8 7 11 10 8 7 7 8 7 10 10 8 8 4 4 4 11 4 4 5 4 4 4 11 5 10 7 7 7 8 11 5 10 10 7 8 7 7 8 10 7 8 4 4 11 1 9 5 5 11 4 4 4 11 2 5 11 11 5 4 5 11 3 5 10 10 8 8 10 10 7 7 8 2 7 7 6 10 10 8 8 4 4 4 1 4 4 4 11 9 5 8 11 11 5 2 10 8 3 4 4 4 4 10 10 0 6 8 7 7 7 7 7 7 7 7 7 7 7 7 10 8 8 1 9 5 11 4 11 5 4 11 2 5 9 5 7 10 10 7 7 8 7 7 7 8 4 4 4 4 4 10 8 11 5 4 4 4 4 4 11 5 4 4 4 4 11 5 10 10 7 8 0 9 8 7 7 8 10 10 7 7 2 8 7 10 7 10 8 8 9 10 8 4 5 10 8 10 10 7 8 8 1 9 5 4 4 4 4 4 10 8 11 11 5 4 4 5 7 7 11 5 11 11 5 2 4 4 11 5 10 9 8 8 7 7 7 11 2 10 10 8 9 8 8 10 10 8 2 11 5 7 9 10 8 7 7 7 8 1 3 1 3 1 3 4 4 11 4 4 4 4 5 4 4 4 4 4 4 4 1 11 5 9 4 10 8 8 10 10 0 8 7 7 8 9 7 10 8 8 4 11 4 4 5 10 10 7 8 7 7 8 11 10 8 7 7 7 8 10 10 8 8 7 7 10 10 8 2 4 4 11 11 5 4 4 4 4 9 5 5 11 11 5 4 4 5 10 10 2 8 10 10 8 7 7 8
ppo_x50_b_fd_l4_noshaped,70,qv22_72,22,234,True,1455.0,13.959837675094604,8 7 5 10 10 8 7 5 10 9 8 7 5 10 2 10 10 8 7 5 10 9 8 8 11 4 2 11 5 10 10 7 6 7 8 8 11 2 10 10 6 8 8 10 2 10 10 8 8 10 9 8 8 10 2 10 10 8 8 9 10 8 8 1 9 5 11 5 7 11 11 2 4 4 3 5 4 4 4 11 4 4 5 0 9 8 10 7 10 8 8 7 11 11 5 2 9 5 7 10 10 8 7 7 8 10 8 7 7 11 11 5 4 4 1 3 5 4 4 4 4 4 1 3 4 4 4 11 4 5 0 7 9 8 10 7 7 10 8 8 10 10 2 7 6 8 11 4 10 8 8 11 4 5 4 4 4 11 5 4 4 11 11 5 11 5 5 11 4 2 9 10 8 7 8 11 5 7 7 7 7 7 0 9 8 10 7 10 7 7 7 7 7 7 7 7 8 2 3 11 11 8 5 4 4 4 4 11 11 5 4 4 4 4 5 0 6 10 8 7 10 10 8 7 8 10 2 7 7 10 10 8 7 8 3 10 4 5 7 7 10 10 8 5 4 4 1 3 4 10 8 11 5 11 11 5 5 4 4 4 4 1 4 11 5 11 3 4 11 5 4 4 5 0 7 7 7 9 7 11 5 2 10 6 7 10 8 2 11 5 10 11 5 5 4 6 4 4 4 4 4 10 10 8 8 11 2 6 7 7 10 8 11 4 4 10 8 8 11 4 4 5 10 10 8 7 7 7 7 10 2 6 8 10 10 8 8 10 10 7 8 7 5 11 5 1 3 4 4 4 4 4 10 11 5 4 8 11 4 10 2 8 10 6 7 10 8 7 8 7 10 8 10 10 7 7 7 8 2 7 6 7 11 11 5 4 4 5 4 1 9 10 8 8 11 2 3 4 4 11 11 2 3 4 5 11 2 9 5 10 10 8 0 6 8 7 10 7 8 10 10 2 8 7 9 8 1 3 4 4 11 10 2 3 5 7 11 11 5 4 5 4 4 4 11 4 5 10 0 9 8 8 1 11 5 10 11 5 5 11 11 3 5 4 4 5 10 10 8 2 3 7 7 7 7 7 11 11 2 5 9 8 11 4 4 5 11 11 5 5 7 7 10 10 8 7 10 7 8 10 8 8 10 8 0 6 0 6 7 7 7 7 10 7 8 7 7 11 11 5 1 3 5 11 4 5 4 4 4 11 5 4 4 4 11 4 4 5 4 10 10 8 7 7 8 11 11 2 5 3 10 10 7 0 6 8 7 7 8 4 10 10 8 8 4 4 4 10 1 4 5 4 10 10 8 8 9 10 8 7 8 4 11 4 4 4 2 11 11 5 3 4 5 10 7 8 4 10 10 8 7 8 10 10 7 7 7 7 7 7 7 7 7 8 5 1 11 9 5 5 11 11 2 5 10 8 3 4 10 10 2 8 6 4 11 5 4 4 1 9 5 4 4 4 10 11 5 5 4 4 4 4 11 11 2 5 3 10 7 7 0 6 7 7 7 8 7 10 10 7 8 7 7 7 8 7 7 11 11 2 5 3 11 4 4 5 4 4 4 11 10 8 2 10 6 7 8 10 10 7 8 8 11 5 1 3 4 4 11 4 4 4 4 4 4 4 4 4 5 10 8 10 7 10 8 0 6 7 7 7 8 7 11 5 10 10 8 8 11 10 8 8 10 10 7 7 8 10 8 2 3 10 10 7 8 2 9 8 4 4 4 4 11 11 4 8 7 8 4 4 11 5 4 1 3 4 4 4 4 11 11 5 7 7 8 11 11 2 3 4 4 5 0 6 7 10 8 7 7 10 10 8 7 8 11 5 10 10 8 7 7 7 7 7 7 8 10 2 9 10 8 8 4 1 3 4 11 4 5 1 9 5 4 4 11 4 4 4 5 11 11 4 2 5 9 7 7 7 7 7 7 8 10 10 8 10 7 7 8 8 4 4 10 8 7 7 11 11 5 5 1 3 11 5 10 8 11 11 5 4 4 4 5 4 11 5 4 11 4 11 5 5 11 11 4 5 2 3 10 7 7 8 7 10 10 2 8 6 11 4 4 4 4 5 11 5 10 0 9 8 8 7 7 7 10 10 8 7 7 7 8 7 7 7 7 10 7 8 4 4 1 3 4 4 4 11 4 10 2 8 3 4 11 5 11 11 5 4 2 6 10 8 11 11 5 4 4 5 10 10 8 8 7 7 7 7 10 7 8 11 4 11 2 7 8 11 4 9 5 5 11 4 2 10 10 8 7 7 5 7 10 7 10 6 7 7 7 8 8 10 10 8 8 11 4 5 4 4 10 10 7 8 7 8 7 11 11 5 4 5 11 10 2 8 3 11 5 11 11 5 4 4 5 7 0 11 10 7 6 7 7 7 8 2 9 8 4 1 9 4 8 11 11 5 5 4 11 11 5 5 10 5 1 4 3 4 11 4 4 4 4 4 4 4 5 0 9 5 0 6 7 7 7 7 7 10 7 8 10 4 4 10 7 7 8 10 8 8 4 11 10 8 4 5 7 10 10 8 7 7 7 7 7 7 8 10 10 8 2 3 1 7 3 4 10 8 11 11 5 5 4 4 1 3 4 4 4 4 4 11 5 4 11 11 4 5 8 0 9 8 7 7 7 7 7 10 10 7 8 2 10 6 7 10 8 7 7 8 4 4 11 5 11 11 5 5 4 4 4 4 4 11 11 5 4 4 4 11 5 4 5 4 4 0 9 5 10 10 8 7 7 8 11 5 10 10 8 8 10 7 7 11 2 5 11 9 5 5 10 8 11 11 5 2 11 9 8 8 7 10 0 9 8 7 7 8 10 10 8 8 7 10 10 7 7 2 8 6 7 7 11 11 5 5 4 4 4 4 1 3 4 4 4 11 4 4 4 4 4 5 4 11 4 5 1 9 10 8 8 11 5 10 10 7 7 8 8 7 7 7 10 8 11 5 0 9 10 8 8 10 8 7 7 7 11 11 2 5 9 8 10 10 8 8 4 4 4 11 11 5 4 4 4 4 4 4 5 10 10 8 2 7 9 10 8 8 10 10 8 8 1 3 4 11 5 4 4 11 5 10 8 11 11 2 5 3 10 7 7 10 8 7 8 7 7 7 10 7 7 8 11 11 5 7 7 7 7 8 10 2 9 11 5 5 7 4 7 4 7 4 7 4 7 4 7 4 7 4 7 4 7 4 7 4 7 4 7 10 11 5 5 4 4 4 4 4 4 4 1 11 4 5 10 10 8 8 10 10 8 6 8 10 10 8 8 10 10 7 7 8 8 10 10 8 2
ppo_x50_b_fd_l4_noshaped,71,qv22_73,22,236,True,1458.0,4.717630624771118,8 8 9 10 8 7 5 10 10 8 7 5 11 5 10 10 4 4 2 5 10 7 7 7 10 6 7 2 5 10 9 8 8 10 2 10 10 8 8 9 10 8 8 11 5 10 10 7 8 7 5 10 2 10 10 8 8 9 5 10 10 8 8 4 4 4 11 11 5 4 4 5 4 4 4 1 3 4 11 5 7 11 11 2 3 4 4 11 5 2 3 10 10 8 2 10 7 6 8 10 10 8 7 8 10 10 2 7 7 8 4 4 11 3 4 4 4 5 4 4 11 11 2 5 10 8 10 10 7 6 7 7 0 6 7 7 7 8 8 10 10 8 7 8 7 11 10 8 2 7 10 8 9 10 8 8 4 1 3 4 1 4 4 11 9 8 5 4 1 3 4 4 4 11 4 4 5 11 2 6 7 10 10 8 8 11 10 8 8 10 10 7 8 8 7 10 7 8 4 4 10 10 8 8 11 1 3 4 4 5 10 10 8 8 11 5 4 4 4 4 4 4 11 11 5 2 9 8 10 10 8 2 11 3 5 4 4 4 4 4 10 10 8 0 9 8 7 7 7 7 7 8 10 10 2 8 7 11 5 3 4 4 11 5 4 4 4 11 11 5 2 10 8 10 10 7 6 7 0 6 7 2 6 7 10 8 8 10 10 7 7 7 8 8 10 10 8 1 3 4 5 4 4 4 1 9 8 11 5 11 11 2 5 9 5 11 4 10 2 8 10 10 6 7 7 7 7 8 10 8 8 4 10 10 8 7 7 8 4 4 1 9 5 4 4 11 11 5 5 4 4 4 11 4 4 5 10 10 2 8 11 5 9 11 5 7 8 11 5 4 11 4 11 5 4 4 4 2 10 10 8 6 8 7 7 7 10 10 8 7 8 10 10 2 8 10 10 7 8 7 7 8 4 4 4 4 4 4 4 4 11 5 9 11 5 7 8 11 5 4 10 10 0 8 8 10 10 8 8 10 10 7 7 7 6 7 7 7 8 5 10 2 9 11 5 4 5 11 5 4 4 4 10 11 5 5 4 11 4 11 5 4 4 11 5 2 9 5 7 7 7 10 7 8 11 11 5 5 10 7 8 7 10 10 7 7 7 7 8 8 10 10 7 7 7 8 8 11 4 4 5 10 8 1 3 4 11 4 4 4 5 10 10 7 8 2 9 0 10 8 8 9 10 7 7 8 8 4 10 8 11 11 5 4 4 4 4 5 1 3 4 11 5 11 4 4 4 4 4 4 11 2 5 11 11 5 4 5 6 7 7 7 7 7 7 7 7 7 7 7 10 10 7 7 8 2 9 5 4 4 11 11 5 2 9 10 7 7 8 7 7 8 4 10 10 8 8 1 4 4 4 11 9 8 8 11 4 5 4 4 1 11 5 6 4 4 11 4 4 11 5 2 10 8 6 10 10 8 7 7 7 8 11 2 4 4 10 9 5 5 7 11 11 5 5 4 4 4 4 4 10 10 8 0 6 8 7 7 7 7 7 7 10 7 7 7 7 8 10 10 2 8 11 3 5 4 11 4 4 11 5 5 10 7 8 11 11 5 10 5 0 3 10 5 4 4 4 4 4 4 4 11 2 5 9 8 10 11 5 5 4 4 10 10 8 7 7 0 6 7 7 7 7 8 10 8 0 6 10 7 7 7 7 8 10 10 8 7 8 11 1 9 5 1 3 4 5 4 4 11 4 5 10 0 9 8 8 7 10 7 10 8 2 6 10 10 8 8 4 4 4 10 8 11 4 4 4 5 1 3 4 4 11 4 4 11 5 2 10 7 6 10 8 8 10 8 10 8 1 9 10 8 7 8 11 5 11 5 4 4 11 5 7 10 10 8 7 8 11 4 4 4 4 4 4 5 11 10 8 8 10 7 11 5 4 4 4 4 4 5 10 10 8 7 0 6 7 7 7 8 1 11 4 5 9 4 0 6 10 8 8 10 10 8 7 7 8 10 2 3 10 10 7 7 8 8 11 2 4 10 10 8 7 7 7 8 4 4 4 11 5 3 11 11 2 4 5 4 4 4 11 4 5 10 10 8 8 10 10 6 8 8 10 7 8 11 1 3 4 5 4 4 4 11 11 5 4 4 11 5 2 7 9 8 1 4 10 4 9 5 8 11 11 5 5 11 11 2 5 10 7 10 7 5 8 6 0 9 8 10 8 7 7 7 7 7 7 7 7 7 7 7 11 10 8 8 11 4 5 1 4 3 4 4 4 4 4 1 3 4 4 4 11 4 4 5 10 7 8 10 7 8 11 11 5 5 0 3 7 7 10 8 7 7 0 10 6 7 7 7 7 10 8 8 11 5 10 7 7 10 7 8 8 11 4 4 1 3 4 4 5 4 1 3 4 11 4 10 8 8 10 2 9 11 5 5 4 4 4 11 5 4 11 4 10 8 8 4 4 10 10 8 7 7 8 0 7 7 6 7 7 7 7 10 7 8 7 10 8 10 10 8 8 4 4 4 4 4 4 1 9 5 11 4 5 11 4 4 4 11 5 5 11 11 4 4 4 4 2 5 9 8 7 7 7 7 7 7 7 10 7 0 7 7 7 7 9 8 7 8 11 10 7 2 6 8 11 5 11 11 2 4 5 9 11 5 5 11 5 11 11 4 5 5 7 10 2 6 11 10 8 8 10 7 7 11 5 1 3 4 4 5 11 11 2 4 4 5 10 9 8 8 1 3 11 4 5 7 0 6 10 10 8 8 7 10 7 7 7 8 7 10 7 7 7 10 8 2 6 4 11 5 4 4 4 11 4 4 4 4 5 10 10 2 8 4 11 4 3 4 5 11 11 4 5 4 5 11 2 3 10 10 8 8 7 7 7 7 7 7 7 10 7 7 7 7 7 8 10 7 7 8 11 11 2 3 4 4 4 1 3 5 10 8 11 11 4 5 2 9 5 10 7 8 11 4 11 5 11 2 5 7 7 7 7 9 8 10 10 8 2 6 4 4 4 11 11 5 4 4 4 4 4 5 4 11 2 7 10 9 8 8 7 7 7 7 10 8 7 10 10 2 8 7 3 4 4 11 11 5 4 5 1 4 3 11 11 5 4 4 4 4 4 5 4 10 10 8 7 8 11 5 4 11 4 2 9 10 8 8 10 10 8 0 6 7 7 7 7 7 8 10 10 8 8 10 10 7 7 2 6 7 7 8 10 7 8 11 11 5 5 1 3 4 4 4 4 4 4 4 11 4 4 4 11 5 5 10 8 11 11 5 4 5 4 11 11 2 5 10 10 7 7 6 8 7 7 8 10 10 7 7 8 8 10 10 8 2
ppo_x50_b_fd_l4_noshaped,72,qv22_74,22,228,True,1377.0,16.59928297996521,8 7 10 8 7 5 9 11 5 10 5 10 0 6 8 7 5 11 2 10 10 6 8 8 10 10 8 8 11 5 10 10 7 8 8 11 5 10 10 7 8 7 5 10 10 8 8 10 10 8 8 10 10 8 8 11 5 11 11 2 5 9 11 5 4 5 4 4 11 4 1 3 4 5 4 4 11 11 2 5 11 11 5 9 5 5 7 7 7 7 10 0 9 8 7 8 4 10 10 8 7 7 7 7 7 8 11 10 8 8 10 7 10 7 8 2 9 5 4 11 11 5 4 5 4 4 4 11 11 2 5 9 8 4 11 11 5 4 11 5 5 0 7 11 5 10 6 7 7 8 10 10 2 7 8 4 4 4 9 5 4 4 11 11 5 4 5 10 11 5 2 3 10 10 7 7 7 7 7 0 6 7 7 7 7 7 7 7 7 8 2 7 10 10 8 8 4 4 4 4 4 9 5 4 10 10 2 8 9 4 8 11 11 5 4 5 1 11 3 4 5 11 4 4 4 4 5 10 2 10 10 8 7 7 6 7 7 8 11 2 10 10 6 8 8 7 10 7 7 7 8 1 9 1 9 5 4 4 5 11 4 4 5 4 4 4 11 2 4 4 4 4 4 11 5 9 10 8 8 11 5 7 0 6 7 10 8 10 10 8 8 10 10 8 7 7 8 10 10 7 7 8 8 10 8 10 10 8 8 1 11 9 8 8 10 8 4 1 3 4 10 11 5 5 11 2 4 4 11 4 5 9 10 8 8 4 4 4 4 11 5 10 10 2 8 4 3 11 4 5 11 11 5 5 4 4 4 10 10 8 7 0 6 7 7 7 7 7 7 0 6 7 7 8 10 10 2 8 11 5 4 4 3 7 10 10 7 2 6 8 11 4 1 3 5 11 4 4 5 4 4 4 4 4 4 11 11 5 2 11 4 5 10 10 6 8 7 0 9 8 5 10 7 8 10 10 7 7 2 8 10 10 7 6 7 7 8 0 6 7 7 7 8 4 1 10 9 8 8 11 11 5 5 11 4 11 5 2 7 6 7 11 10 7 8 5 10 10 2 7 8 4 11 3 4 5 4 4 4 4 4 1 4 4 4 4 4 4 9 5 4 11 11 2 5 11 4 5 10 10 6 7 8 7 8 7 7 11 5 10 10 0 6 7 7 7 7 8 8 10 2 9 10 8 8 11 10 8 8 1 3 4 4 4 4 11 4 5 10 10 8 2 9 10 8 8 10 10 2 8 9 5 4 11 11 5 4 4 5 10 8 10 10 8 2 11 5 10 7 10 7 7 6 0 6 7 7 7 7 8 8 11 5 4 4 4 10 2 3 11 4 4 4 4 4 4 4 5 4 11 5 11 11 2 3 4 5 11 2 10 9 5 5 10 10 8 8 11 11 4 5 4 10 8 7 7 7 7 7 7 8 7 7 7 7 10 7 10 2 8 9 10 8 8 1 4 11 4 4 5 9 5 10 7 10 8 8 11 1 3 4 4 4 4 4 4 5 10 2 10 10 6 7 7 7 7 7 8 8 7 10 7 10 7 7 8 8 11 4 5 4 10 11 5 2 9 5 10 7 8 10 10 8 8 4 4 1 3 4 4 4 4 1 4 11 5 11 3 4 4 5 4 4 4 11 4 8 11 11 5 2 3 10 7 10 8 7 7 7 8 4 4 11 5 10 10 7 7 8 7 10 8 7 8 7 10 10 8 8 1 3 11 5 11 4 4 10 8 7 0 6 7 10 8 8 1 4 4 9 5 4 4 4 4 10 11 5 5 10 8 10 8 11 11 5 4 4 4 4 4 11 2 5 3 10 8 10 10 7 7 7 7 8 7 2 7 10 9 8 7 7 8 11 5 10 10 8 7 7 7 8 7 11 1 9 8 7 8 4 11 11 5 1 4 4 5 3 4 10 10 8 10 8 8 4 1 3 11 11 5 5 10 8 4 4 4 4 11 4 4 5 11 11 5 4 2 11 4 5 7 10 6 7 7 7 8 10 10 8 7 7 7 7 8 4 11 10 7 8 8 10 10 7 8 8 11 4 4 1 9 5 5 11 5 1 4 9 4 4 5 10 10 8 8 10 10 8 8 4 4 4 4 11 5 4 4 11 11 5 2 7 10 7 6 7 8 4 11 5 10 10 7 8 7 7 10 8 7 7 5 10 10 0 6 7 7 8 8 10 10 7 8 2 9 5 10 10 8 4 4 4 4 5 11 4 8 7 7 10 8 4 4 4 4 4 11 5 4 4 11 4 4 4 4 4 4 4 11 5 2 9 7 7 8 11 5 10 10 8 7 7 8 11 4 10 8 8 11 11 5 5 4 4 11 5 4 10 10 8 7 7 7 7 7 7 7 7 0 6 7 7 7 7 8 11 1 3 4 4 5 11 1 4 4 5 4 6 10 10 7 8 8 11 2 11 5 10 7 10 8 8 10 10 7 7 7 7 8 8 9 4 4 5 10 10 7 8 7 8 11 2 9 11 5 5 4 10 11 5 1 4 5 4 9 5 4 4 11 4 4 11 2 5 9 5 10 7 7 10 8 8 11 5 7 10 10 7 8 10 7 8 4 4 5 4 4 1 9 8 11 11 5 4 4 4 11 5 4 4 4 5 11 11 2 5 7 7 6 10 8 7 7 11 5 10 10 8 7 7 1 9 8 8 7 7 7 7 10 10 7 8 2 9 8 11 11 4 5 4 10 8 8 11 5 4 4 4 11 11 2 3 5 11 4 4 4 4 4 4 5 10 10 2 7 8 6 7 10 10 7 7 8 8 11 4 5 10 10 7 8 7 7 8 10 10 7 7 7 7 8 7 7 8 11 2 9 5 4 4 4 4 4 4 4 4 10 8 11 11 5 4 5 10 10 2 8 10 6 7 7 7 7 7 7 8 10 10 8 8 4 4 11 4 5 7 4 10 10 8 8 1 11 3 5 4 4 4 4 11 11 5 5 4 4 4 4 1 11 4 4 5 3 10 10 7 8 8 10 10 8 8 10 10 7 7 8 8 10 10 8 8 10 10 7 7 8 7 7 8 10 10 8 2 4 4 11 11 5 5 4 4 4 9 4 4 4 4 4 4 4 4 4 11 5 4 4 5
ppo_x50_b_fd_l4_noshaped,73,qv22_75,22,232,True,1428.0,18.06969404220581,8 7 5 10 9 8 7 5 0 9 10 8 7 5 11 5 10 7 10 8 7 5 10 10 8 8 11 5 10 10 7 8 7 5 10 10 8 8 11 5 10 10 7 8 8 10 10 8 8 4 10 8 11 11 5 2 9 8 11 4 4 4 5 4 4 10 10 8 7 7 7 8 7 7 10 10 8 8 4 4 4 4 11 5 7 11 10 8 4 2 10 6 8 10 10 8 2 10 10 7 7 8 8 3 4 4 4 4 4 4 4 4 4 4 4 4 4 11 5 4 4 4 11 4 11 2 5 10 8 10 10 8 7 6 7 8 11 4 5 10 10 8 7 8 10 10 2 6 8 7 7 10 10 8 7 8 11 2 3 4 11 5 4 4 4 11 5 4 10 10 8 10 2 8 10 10 8 7 7 8 7 6 7 10 7 8 7 10 10 7 8 2 9 5 4 4 11 11 5 4 4 4 4 1 3 4 4 4 5 4 11 4 4 5 10 10 8 8 11 2 10 10 8 9 8 8 11 2 7 6 10 10 7 7 7 8 8 10 10 8 8 7 10 7 1 5 3 1 3 4 10 11 4 5 8 11 4 5 4 11 5 4 4 4 4 4 11 11 2 4 4 5 9 7 8 4 4 10 10 8 8 7 7 7 7 7 7 10 7 7 7 8 11 4 4 4 5 11 5 7 10 10 8 8 10 10 7 8 7 7 8 7 7 10 8 4 11 11 2 3 5 4 4 1 4 4 4 3 4 4 4 4 10 8 11 11 5 4 4 4 5 11 2 3 10 10 7 7 8 8 7 11 5 10 10 8 7 7 8 11 5 10 10 7 7 7 7 7 7 8 8 11 5 10 10 8 8 7 1 3 4 11 5 4 4 4 4 11 11 5 2 11 3 4 4 4 4 4 5 7 11 11 2 5 10 10 6 8 8 10 10 7 8 7 7 7 7 7 7 8 4 10 10 8 7 7 8 10 10 7 8 8 11 5 4 11 1 3 5 4 4 4 4 4 4 11 4 5 11 2 9 11 5 7 8 4 4 4 11 4 5 7 7 10 7 10 7 7 8 8 7 0 9 10 8 7 7 8 10 10 2 6 8 1 3 11 4 4 4 4 5 4 4 4 11 5 4 4 4 11 11 2 5 3 4 10 10 8 7 7 7 8 7 7 7 7 10 7 8 10 10 7 7 8 8 10 10 8 7 7 8 4 4 11 10 8 8 11 2 3 4 4 1 3 4 1 10 9 5 5 4 4 4 4 11 4 1 10 8 8 10 10 7 6 8 10 7 7 7 8 8 1 11 4 4 5 4 11 10 7 6 7 8 8 11 4 5 10 10 8 8 11 5 7 10 10 7 7 8 2 10 9 8 8 4 1 3 11 4 1 3 4 4 4 4 4 5 4 4 4 11 5 7 11 10 8 8 11 11 4 5 4 4 4 5 11 2 3 10 10 8 7 8 10 10 8 7 7 7 7 7 7 8 11 5 10 10 8 8 4 4 11 11 5 11 5 4 2 11 5 4 10 9 8 7 7 8 10 4 4 4 4 4 4 5 4 11 5 7 10 10 8 7 10 8 8 10 7 10 8 7 7 8 11 11 5 5 10 8 10 10 0 6 7 7 7 8 7 7 7 8 1 9 8 11 11 5 5 11 4 5 4 4 11 4 4 4 4 4 5 4 4 11 5 4 4 11 11 2 5 7 10 7 7 7 7 6 7 8 10 10 2 8 10 7 10 6 0 6 8 7 7 10 8 8 11 5 1 4 11 9 5 8 4 4 11 4 5 10 11 5 5 4 4 11 11 5 2 11 5 4 4 11 9 5 5 11 2 9 10 8 8 11 2 10 10 7 7 6 8 7 7 7 7 7 10 8 8 7 10 7 10 7 7 8 7 7 8 4 1 4 11 5 4 4 9 5 11 5 11 11 5 5 11 4 5 11 11 5 2 7 10 6 8 10 7 10 8 2 7 10 10 7 6 8 8 10 10 8 1 3 5 4 10 8 11 11 5 4 4 4 4 5 4 11 5 10 11 5 5 4 4 4 4 10 10 8 7 7 7 8 11 4 10 2 4 4 5 7 7 6 10 7 8 10 0 6 7 7 7 7 8 10 10 2 8 4 3 4 4 11 4 4 4 4 5 7 10 10 8 7 8 4 11 4 10 0 6 8 7 7 7 8 10 2 7 10 10 7 8 8 3 4 4 4 4 4 4 1 9 8 11 4 4 5 4 4 4 1 10 9 5 5 4 11 5 4 4 10 11 5 5 11 11 5 2 7 7 7 7 9 8 7 10 10 7 8 8 11 5 10 10 8 8 10 7 7 7 7 8 4 4 11 10 7 8 8 11 10 8 8 1 3 4 4 1 3 4 11 11 5 4 11 5 2 9 5 4 11 11 5 11 4 4 2 5 6 10 10 8 7 7 7 7 8 11 4 4 4 5 7 7 11 10 8 10 8 7 7 7 8 11 11 5 4 5 10 0 6 8 10 10 7 8 10 8 4 2 10 7 7 8 7 7 9 7 8 11 11 5 4 5 10 8 1 3 4 4 4 11 4 4 1 3 4 5 4 11 11 5 5 10 8 4 4 4 4 4 10 10 0 8 9 8 7 10 8 7 7 10 7 8 8 10 7 8 10 10 7 8 2 9 10 8 8 10 8 11 11 5 5 11 4 4 4 4 11 5 4 5 0 10 6 8 10 10 8 8 1 11 5 6 11 11 4 5 4 4 5 11 2 3 7 7 7 7 11 10 8 8 10 10 7 8 7 10 8 2 10 6 8 10 10 7 7 8 2 6 11 11 2 3 5 4 4 11 4 5 10 7 8 7 7 7 11 11 5 5 11 11 4 5 4 4 10 8 8 11 11 5 4 4 4 4 4 11 5 4 4 5 7 11 2 9 5 10 10 8 8 10 7 8 11 11 7 4 5 4 4 4 5 4 10 10 8 7 7 8 11 10 8 8 4 4 10 10 2 6 7 7 7 7 7 10 8 2 6 10 10 8 8 7 10 8 7 11 11 5 5 4 4 4 11 5 4 4 4 4 10 11 5 5 4 4 4 11 11 5 2 7 7 6 7 7 7 10 7 0 9 8 7 7 8 10 10 7 7 2 8 7 7 9 10 8 8 4 4 4 4 4 4 4 4 4 11 4 1 3 4 4 4 4 4 4 11 5 5 10 8 11 11 2 5 10 10 7 7 7 7 7 7 8 8 10 10 7 8 8
ppo_x50_b_fd_l4_noshaped,74,qv22_76,22,236,True,1449.0,14.112528085708618,8 8 10 10 8 7 5 10 9 8 7 5 11 2 7 10 10 8 7 5 10 9 8 8 0 9 10 8 8 10 10 8 8 11 5 10 10 7 8 8 10 10 8 8 11 5 4 4 4 11 5 10 10 7 7 8 7 8 10 10 8 8 1 3 4 4 11 4 4 4 4 5 7 7 10 7 7 7 7 8 11 11 5 5 4 4 4 4 4 4 11 11 5 7 7 8 11 2 11 3 4 11 5 4 4 4 4 4 5 0 9 5 10 10 8 8 0 9 5 7 7 7 7 7 7 0 6 7 7 11 5 10 10 2 6 7 7 8 10 10 2 8 7 10 7 10 8 8 4 3 4 4 4 4 1 11 9 8 8 11 4 5 4 4 4 11 4 4 5 4 11 11 2 3 4 5 7 11 2 7 11 9 5 5 10 10 8 8 7 10 10 7 7 8 8 1 3 4 10 8 11 11 5 4 4 4 5 7 11 11 5 4 5 0 6 7 10 10 8 8 10 10 2 6 7 7 7 8 4 11 2 4 3 10 10 8 8 10 10 8 7 7 10 8 8 7 10 8 4 1 9 11 5 5 10 7 8 10 10 8 8 7 11 1 3 5 4 1 3 4 11 5 4 4 11 4 4 4 4 5 4 11 11 5 5 11 11 5 5 0 9 5 7 10 8 7 7 7 7 7 10 8 10 10 7 8 8 10 10 8 7 8 10 1 9 8 7 7 8 4 4 4 11 11 5 4 4 4 4 4 4 4 5 11 4 5 4 11 11 5 2 7 7 7 6 7 10 7 7 7 8 10 10 8 7 7 7 8 1 4 3 4 4 4 4 4 4 11 5 11 11 2 5 3 10 7 8 10 10 2 8 10 6 10 8 2 9 8 4 10 10 8 8 7 10 10 7 8 7 8 4 11 5 10 10 7 7 8 5 10 8 10 2 9 11 5 4 5 4 11 1 3 4 4 4 5 11 1 9 5 4 4 5 4 4 11 4 5 10 10 8 2 9 8 4 4 4 10 10 8 7 7 7 7 7 7 0 9 8 8 4 10 10 8 7 8 10 10 7 8 8 1 4 3 4 4 11 5 4 4 11 5 4 10 11 2 5 7 3 10 10 8 7 11 5 4 4 4 4 5 10 2 10 10 6 2 6 7 7 10 8 7 7 7 8 10 10 7 7 8 7 8 7 10 10 8 8 11 5 4 4 4 4 4 11 1 3 4 4 4 4 8 11 11 2 5 10 10 8 9 8 8 10 10 7 2 8 9 10 8 8 11 4 5 10 7 11 5 5 4 11 5 4 1 3 4 4 4 11 5 11 11 2 5 3 4 10 0 9 8 7 7 8 10 10 7 7 2 8 10 10 7 6 7 7 7 7 7 7 7 7 8 8 1 4 11 5 9 10 8 8 11 1 3 5 11 4 11 5 2 9 5 4 4 4 4 4 11 5 4 4 4 4 11 11 2 4 5 9 8 4 10 10 2 6 7 7 7 7 7 10 8 8 10 7 7 10 7 7 8 8 10 10 8 8 1 3 4 11 5 4 4 4 4 11 4 4 5 11 11 2 5 10 7 7 8 10 10 6 8 7 7 7 7 8 4 4 11 4 4 4 4 4 4 2 11 9 5 5 4 11 2 3 4 10 10 8 8 10 10 0 8 8 10 10 7 7 7 7 7 7 8 8 10 10 7 7 7 8 8 11 9 8 8 11 4 5 11 11 5 2 4 3 4 11 5 4 11 5 10 10 8 8 4 11 1 3 4 4 4 4 4 4 5 10 7 7 10 2 8 9 5 10 10 7 0 6 8 7 7 7 8 4 4 11 4 4 4 4 4 5 10 7 7 8 11 10 8 7 5 10 10 8 8 7 10 10 7 8 7 7 8 4 11 5 10 10 7 7 8 8 11 5 10 10 2 8 9 5 1 3 4 4 11 4 4 5 11 11 4 2 3 4 4 4 4 4 4 5 4 4 11 4 5 0 11 5 9 10 8 7 8 10 10 8 7 8 11 4 5 7 7 7 7 10 10 2 8 10 8 3 4 4 10 10 8 7 8 10 10 7 7 7 7 8 8 4 10 4 5 10 10 7 8 8 4 4 4 10 5 7 4 4 4 4 4 4 4 4 4 4 4 4 11 5 4 4 10 2 10 6 8 7 7 0 6 7 7 7 7 7 10 0 6 8 10 10 7 7 7 2 8 7 9 10 8 8 4 1 3 4 4 1 11 3 1 9 8 8 11 4 4 4 11 5 2 3 4 4 4 4 11 4 4 5 10 10 7 8 8 11 2 9 10 8 8 11 5 10 10 8 7 7 8 7 10 7 7 7 7 7 7 7 8 11 11 2 5 11 5 3 1 4 4 4 11 4 5 10 9 8 8 11 4 1 9 5 4 4 4 4 5 11 5 10 2 10 9 5 8 11 5 11 11 5 4 5 10 8 7 7 11 5 10 10 2 6 8 7 10 7 7 7 7 7 7 8 7 10 7 7 7 8 11 11 2 5 11 11 5 5 4 4 9 5 4 4 10 11 5 5 1 4 4 11 9 5 8 11 4 4 4 11 2 5 7 11 5 9 10 8 0 6 8 10 10 7 7 7 7 8 5 10 8 11 10 8 7 7 8 10 10 8 8 7 11 10 2 7 7 7 8 3 11 4 4 5 11 11 5 4 11 5 4 4 4 5 4 11 5 4 11 11 4 4 5 4 4 2 6 10 10 7 7 7 7 7 7 8 2 9 8 7 10 8 4 11 11 5 5 7 7 10 7 8 4 1 4 3 4 11 4 5 4 4 4 4 10 10 7 2 8 10 6 7 10 8 8 11 5 10 10 7 7 7 0 6 8 8 10 10 7 7 7 7 8 5 10 10 7 8 4 2 6 4 4 4 4 4 10 8 11 2 9 11 5 5 4 4 11 5 10 8 4 4 11 5 7 11 11 5 5 4 4 4 11 4 5 10 7 8 11 11 5 2 7 7 10 10 8 6 7 7 10 7 2 6 8 10 10 8 8 7 10 10 2 8 10 8 6 4 4 4 1 9 11 5 5 4 11 5 4 4 4 4 4 4 4 11 5 11 11 5 5 7 7 7 0 7 7 6 7 7 7 10 7 8 10 10 8 7 8 0 6 11 10 8 8 10 10 8 8 7 1 9 8 11 11 5 4 4 5 4 4 4 4 1 9 5 4 11 5 11 11 5 4 2 10 10 8 7 7 8 10 10 8 8 10 7 10 7 8 8 4 4 4 4 4 4 4 4 4 4 4 4 9 11 5 5
ppo_x50_b_fd_l4_noshaped,75,qv22_77,22,226,True,1382.0,13.48292875289917,8 7 5 10 10 8 8 10 9 8 7 5 11 7 2 10 10 8 7 5 9 10 8 8 11 5 11 5 10 10 7 7 8 8 10 10 8 8 11 5 11 4 4 5 10 10 8 8 10 8 10 10 7 8 8 10 11 2 5 10 10 7 8 8 11 5 3 11 5 4 4 4 11 4 4 5 4 4 4 11 11 5 4 4 5 10 2 9 10 8 8 7 11 11 5 4 5 7 7 7 7 10 7 8 10 7 7 10 8 8 10 7 8 11 11 2 5 4 9 5 10 10 7 2 10 6 7 7 7 7 8 8 10 10 8 8 4 1 3 4 10 11 5 4 5 4 4 11 2 4 11 4 3 4 5 11 4 4 11 5 5 11 4 10 0 6 8 8 10 10 8 7 7 7 7 7 7 8 10 10 7 7 2 8 10 10 8 8 11 9 8 7 8 4 10 11 5 5 7 4 10 11 5 4 1 3 5 11 4 4 4 4 10 8 8 11 5 4 4 11 5 7 0 6 11 10 8 8 10 10 8 8 10 10 7 7 7 7 2 7 8 11 4 9 8 8 11 4 4 5 4 4 4 10 11 5 5 4 11 11 4 5 2 9 8 11 5 4 10 11 5 5 4 4 4 4 4 10 10 0 6 8 7 7 7 7 7 7 7 7 7 7 7 7 7 8 11 2 4 11 9 8 8 11 4 4 5 4 4 4 11 4 4 4 11 2 3 4 5 0 9 5 10 7 7 7 8 10 8 4 10 10 8 7 7 7 7 7 10 8 2 10 8 10 9 8 8 7 7 1 9 5 4 4 1 3 4 10 10 8 8 11 1 3 4 5 11 5 4 4 4 4 4 4 4 4 4 11 11 2 5 9 8 10 0 9 5 8 11 5 11 5 10 10 8 10 7 8 8 7 10 10 8 7 7 10 2 8 10 7 6 10 7 7 7 8 7 8 1 4 4 3 4 11 10 8 8 11 4 4 5 1 3 4 4 4 11 4 4 5 4 11 11 5 4 4 5 10 2 10 9 7 8 7 8 7 10 10 8 7 7 7 7 7 8 11 4 4 4 4 5 10 8 10 10 7 7 7 8 7 8 10 7 7 8 11 11 5 1 3 4 4 5 4 11 2 9 11 5 7 8 4 11 5 4 11 11 5 4 4 5 7 11 2 11 9 5 8 4 4 4 10 10 8 7 0 6 7 7 8 7 7 10 7 10 8 10 8 7 8 7 10 7 8 11 10 2 10 7 8 8 4 4 3 1 3 4 11 4 5 11 11 2 5 9 8 11 4 4 4 11 2 3 4 5 11 11 5 2 7 6 7 7 11 10 8 8 7 10 10 8 8 1 4 4 11 3 4 5 4 10 4 4 4 4 4 5 11 11 5 2 10 7 7 7 10 6 8 10 8 8 10 10 8 7 10 8 8 10 10 7 7 8 8 10 10 2 8 11 3 4 4 4 4 4 5 11 4 2 11 5 6 4 10 10 7 2 10 8 8 7 7 11 10 8 8 10 10 6 7 8 7 8 4 10 2 9 10 8 8 11 10 8 8 11 5 4 1 3 4 10 10 8 2 9 8 11 4 4 7 4 4 4 4 4 4 4 4 4 4 4 4 11 5 2 11 10 7 5 8 3 4 4 10 10 8 7 7 0 6 8 4 4 10 10 8 7 7 7 7 7 7 7 7 7 10 2 8 11 5 4 3 4 4 4 11 4 5 10 10 8 8 4 11 1 3 4 5 4 11 11 2 3 5 11 2 3 4 4 10 10 0 6 7 7 7 7 7 7 8 8 10 10 8 8 10 10 7 7 7 8 8 1 11 3 5 11 5 10 10 2 8 3 4 4 1 9 5 4 4 4 4 4 11 5 4 11 11 5 2 3 11 4 5 10 10 7 8 7 7 7 8 10 10 7 8 0 6 7 7 7 8 10 10 7 8 7 7 8 4 10 2 3 4 4 4 1 3 11 5 4 4 4 11 4 4 4 5 7 7 10 11 2 5 10 6 7 10 8 8 10 2 10 10 8 7 8 10 10 6 7 7 8 7 8 11 2 4 3 4 11 1 4 3 5 4 4 4 4 4 4 11 2 4 9 5 11 11 2 5 10 7 8 4 6 4 4 4 10 10 8 7 7 0 6 8 10 11 2 5 10 10 6 7 7 7 8 7 7 8 11 4 4 5 10 10 2 8 10 10 7 7 6 7 7 8 8 11 2 9 5 4 11 5 11 4 4 4 11 2 3 4 5 11 4 4 1 3 4 4 5 11 11 5 2 3 4 10 10 0 6 8 2 10 10 6 7 8 8 7 10 7 10 8 7 0 7 7 6 8 4 11 5 1 9 4 4 4 4 5 10 0 6 10 7 8 8 10 10 8 8 10 10 7 7 7 8 8 11 2 4 9 5 4 4 4 4 4 4 11 4 5 4 4 4 4 11 4 5 11 5 4 11 11 5 2 7 7 7 7 9 7 8 11 11 5 2 11 4 5 10 11 5 5 10 10 7 7 8 7 8 10 10 6 8 7 7 7 0 9 8 8 10 10 7 7 7 7 7 8 8 11 4 2 4 9 5 4 4 4 4 4 4 4 4 10 10 2 8 11 4 5 9 5 10 7 11 5 4 4 4 5 0 9 5 10 10 8 7 7 10 7 8 7 8 7 10 7 7 7 8 4 11 11 2 3 5 7 10 8 11 11 5 4 11 5 4 2 3 4 4 4 4 11 5 10 10 7 7 7 7 8 0 6 8 7 7 11 10 8 8 7 10 10 7 8 8 4 10 8 11 5 4 4 4 4 4 4 11 10 8 2 3 11 4 5 4 10 11 5 5 4 4 4 4 4 1 4 11 5 9 10 8 8 11 5 4 10 10 0 6 7 8 8 10 10 7 7 7 7 8 7 10 8 8 10 2 9 8 7 11 5 10 10 8 8 7 11 11 5 4 4 5 4 4 11 4 4 4 4 5 11 11 5 4 2 9 5 10 10 8 7 8 10 10 2 6 8 10 10 7 8 8 10 10 7 8 7 7 7 7 7 7 8 4 4 4 4 4 4 11 2 9 4 4 4 5 0 10 10 6 7 8 8 11 2 9 4 10 8 8 4 4 4 11 11 5 4 4 4 4 5
ppo_x50_b_fd_l4_noshaped,76,qv22_78,22,228,True,1411.0,13.608601093292236,8 7 5 10 10 8 7 5 10 10 8 8 9 5 10 10 8 7 5 10 10 8 8 11 5 4 11 5 10 10 7 8 7 10 8 7 10 8 8 10 10 8 8 10 10 8 8 11 5 10 10 7 8 8 11 5 4 11 4 11 2 5 9 8 7 1 7 10 7 7 10 7 8 8 3 4 4 4 4 4 4 4 4 11 10 2 8 3 11 4 4 4 4 5 10 10 8 8 10 10 8 8 11 2 10 9 8 7 7 8 7 11 10 8 7 7 7 8 10 8 11 11 2 3 4 4 5 11 11 4 5 4 4 5 4 4 4 4 11 11 5 4 4 2 9 11 5 4 5 0 6 7 10 8 7 7 11 5 10 10 8 8 7 10 7 7 0 9 8 8 4 10 10 8 8 1 11 3 4 4 5 4 11 4 4 4 4 5 7 11 11 2 5 10 9 7 8 8 10 10 8 7 8 10 10 7 8 7 7 7 8 11 10 8 8 10 7 7 10 2 7 8 11 11 5 4 3 1 3 4 4 4 5 11 4 2 10 9 8 8 7 7 7 11 11 4 8 2 10 7 6 7 7 7 8 11 11 2 4 5 9 8 11 11 5 1 3 4 1 3 5 11 11 5 4 4 4 4 5 11 11 5 4 4 5 7 7 10 8 4 11 11 5 2 10 7 7 6 7 7 0 6 8 7 10 10 8 2 9 10 8 8 1 3 4 11 4 4 5 11 4 4 4 5 11 11 5 5 4 10 2 10 10 8 7 7 7 7 9 8 0 6 8 11 5 11 7 10 8 7 10 8 8 7 7 7 10 7 8 4 10 10 2 8 7 6 11 4 5 11 11 5 4 5 4 4 4 4 11 11 5 4 5 10 11 2 5 11 4 5 3 4 4 11 4 0 8 7 7 6 7 7 0 6 11 10 8 8 7 10 10 8 8 11 4 5 10 10 8 8 10 10 8 7 7 7 7 7 10 8 2 9 8 10 10 8 4 4 5 4 4 4 11 5 4 4 4 4 11 4 11 5 4 5 11 11 2 5 3 4 10 10 8 8 7 7 7 10 8 11 4 5 10 10 8 7 8 4 4 11 5 4 11 11 5 4 4 5 10 7 8 7 7 10 7 7 8 10 10 7 7 7 7 8 8 10 8 4 1 3 4 10 4 4 10 8 8 11 5 4 4 4 4 4 4 4 4 11 5 10 10 8 5 4 4 11 5 0 9 5 7 11 5 10 10 8 7 7 7 7 10 8 8 7 7 7 10 10 7 2 8 10 10 8 9 8 8 11 10 8 7 8 10 8 4 11 4 10 2 8 3 11 4 5 11 5 4 4 4 4 4 4 4 4 4 4 10 11 5 5 11 5 4 10 10 8 7 8 10 10 2 6 8 10 7 10 8 8 10 7 7 10 8 0 6 10 8 7 8 10 7 7 7 8 11 4 1 9 4 4 5 4 4 5 4 1 3 4 11 5 4 4 11 4 4 5 11 11 2 5 7 7 7 9 7 7 7 8 4 10 10 8 8 10 10 7 8 7 7 8 4 10 2 10 10 8 8 11 3 4 5 4 11 5 10 8 4 4 4 11 11 5 4 4 4 4 4 5 11 11 2 5 3 10 10 7 7 7 7 8 8 10 2 10 7 7 10 7 8 6 8 11 5 10 10 7 8 7 7 7 10 8 8 4 11 5 4 10 10 8 8 11 2 4 3 4 4 11 4 4 4 4 5 11 4 4 11 5 2 9 5 11 4 4 5 10 10 8 7 10 8 8 10 10 2 7 7 6 8 10 10 8 8 1 9 1 9 5 4 4 4 4 4 5 10 11 2 5 10 10 8 7 8 10 10 6 7 7 7 8 8 10 10 7 7 7 7 7 8 8 11 4 5 11 5 7 10 10 8 8 4 4 1 11 9 5 5 11 4 10 2 8 3 11 4 4 4 4 5 11 1 3 4 5 10 2 10 7 10 6 2 6 8 10 10 7 7 7 7 8 7 7 8 10 11 5 2 11 9 5 5 4 1 4 4 3 4 1 3 4 4 4 11 5 4 4 4 11 4 4 5 11 2 6 11 10 8 8 7 7 0 6 7 10 4 5 10 10 8 7 10 8 2 7 7 7 10 8 7 10 6 7 7 7 8 4 1 4 3 4 11 11 5 5 4 4 11 1 9 8 8 11 11 2 3 11 5 2 4 4 11 5 9 11 5 11 5 5 11 7 0 9 8 7 7 7 7 8 11 10 8 8 1 11 3 4 4 4 4 4 5 11 11 2 5 7 10 10 6 2 7 6 8 11 10 8 2 10 10 7 7 7 6 8 8 0 6 7 10 10 8 4 5 11 10 7 7 7 7 7 8 7 8 1 11 4 5 10 9 8 8 4 4 1 10 8 4 4 4 4 3 4 4 4 4 4 1 4 4 4 3 4 11 4 5 10 10 8 8 11 10 8 2 6 7 7 7 10 10 8 8 10 10 0 6 7 8 8 4 10 10 7 7 7 8 8 1 9 5 4 4 10 10 2 8 11 5 9 11 5 4 5 4 10 11 5 5 4 4 4 1 3 4 4 11 5 4 4 10 2 10 10 8 6 8 10 10 8 7 8 7 11 10 8 8 10 10 7 7 8 8 10 2 9 10 7 8 8 10 10 7 8 8 11 5 4 11 4 1 4 3 4 4 5 10 2 9 10 8 7 8 10 10 8 8 10 11 2 5 7 10 7 7 9 8 8 1 3 4 11 4 4 1 3 4 5 4 4 4 4 10 11 5 5 4 11 11 5 2 3 10 8 10 10 7 7 7 7 2 6 8 11 2 3 11 11 5 4 4 4 5 4 4 11 11 5 2 9 11 5 11 5 7 7 8 7 11 4 4 5 7 7 7 0 6 7 7 10 7 7 7 8 7 10 7 10 8 8 1 4 3 11 4 5 4 4 11 4 4 4 4 4 5 10 8 10 10 0 6 8 10 7 8 8 4 11 5 10 10 7 8 7 7 7 7 7 7 7 8 10 10 8 8 4 4 4 4 11 10 8 8 11 2 11 3 4 4 4 5 11 11 5 2 6 11 4 4 4 5 10 7 7 0 6 10 8 7 7 8 7 7 10 0 10 8 8 10 6 7 8 4 11 11 5 5 11 11 5 5 11 11 5 4 4 4 5 4 4 4 11 11 5 4 4 4 4 5 10 10 8 8
ppo_x50_b_fd_l4_noshaped,77,qv22_79,22,231,True,1418.0,13.7916100025177,8 8 10 10 8 7 5 10 9 8 7 5 10 2 10 10 8 7 5 10 10 8 8 9 5 10 10 8 7 5 10 10 8 8 11 5 10 10 7 8 8 11 5 10 10 7 8 8 10 10 8 8 11 5 1 3 4 4 11 4 4 4 11 5 5 4 11 5 11 4 4 11 5 2 7 9 8 10 10 8 7 8 11 4 4 5 11 11 5 4 5 7 7 7 7 7 7 0 9 10 8 7 7 8 10 10 8 8 11 5 7 10 10 8 2 4 9 5 10 10 7 7 7 7 8 8 1 11 4 5 10 10 7 8 5 4 9 5 4 4 4 4 11 4 4 11 5 2 10 9 8 5 11 4 4 4 11 2 5 9 8 4 4 11 11 2 5 10 7 8 11 11 5 5 10 7 8 10 10 6 8 0 6 7 7 7 7 7 7 7 7 7 8 11 2 9 10 8 8 4 4 1 11 9 8 8 11 4 4 11 5 5 11 5 4 11 11 5 5 7 11 5 4 10 10 8 7 8 4 11 4 11 4 4 4 4 4 4 5 5 0 9 5 10 8 7 7 7 7 7 7 7 7 7 7 11 5 4 4 11 4 4 5 7 10 10 8 8 10 10 7 8 7 7 8 7 11 10 8 8 10 10 8 8 10 10 8 2 9 8 4 4 4 4 4 10 8 11 5 4 4 4 11 4 10 8 8 11 5 4 11 5 11 11 5 11 4 2 3 4 4 4 4 5 0 9 5 10 10 7 8 7 7 7 8 7 7 10 8 10 10 8 8 10 10 8 8 7 7 7 7 10 8 4 4 11 11 2 3 4 5 10 8 4 4 4 4 4 11 11 5 2 7 10 9 8 8 10 10 8 4 4 2 4 11 3 5 4 4 4 4 4 4 11 11 2 5 7 7 6 10 10 8 7 8 7 7 7 7 7 7 7 10 7 0 6 8 10 10 2 8 3 11 4 4 4 5 10 10 8 8 11 4 5 0 7 7 9 10 8 8 10 10 7 8 8 1 9 5 11 11 5 4 4 4 4 4 4 4 4 4 5 11 4 11 5 2 7 7 7 9 8 7 11 5 10 10 8 8 1 4 4 9 5 11 11 5 4 4 4 5 11 10 2 8 9 10 8 0 6 7 7 7 7 7 10 8 8 10 7 7 7 7 8 4 1 9 11 5 4 4 5 10 0 6 7 8 10 10 2 8 6 11 4 4 5 10 11 2 3 4 2 3 4 4 11 5 4 4 4 11 5 11 4 11 5 11 5 2 10 9 8 7 7 7 8 11 2 3 4 11 5 10 10 7 7 8 7 7 0 6 8 10 10 8 7 8 10 10 7 2 8 4 4 4 4 11 5 3 7 10 10 8 7 7 7 7 7 8 7 11 1 9 5 5 4 4 10 8 11 11 5 4 4 4 4 4 4 1 3 4 4 4 4 4 4 5 11 2 6 7 7 7 10 10 8 4 5 11 5 10 10 7 7 7 8 8 11 5 10 10 8 10 8 8 4 10 10 8 7 7 8 1 11 4 4 4 4 5 11 11 5 5 9 8 10 10 8 8 10 10 2 8 10 10 6 7 7 8 8 4 10 10 8 7 8 10 11 2 5 10 10 7 7 7 8 8 4 11 5 4 3 4 11 4 4 5 4 4 4 11 4 4 5 4 4 4 11 4 5 4 0 6 7 11 11 5 5 10 7 10 8 8 10 10 7 7 8 7 8 10 10 7 7 7 7 7 8 8 10 10 7 7 8 2 9 8 11 4 4 4 4 4 5 10 10 8 2 9 8 11 4 11 5 4 4 11 5 2 7 11 9 8 8 10 10 8 8 10 10 2 8 3 4 4 4 1 3 4 4 4 4 4 1 9 5 11 11 5 5 4 0 10 6 8 10 10 7 8 8 10 10 8 7 7 7 7 7 7 7 2 10 7 8 3 11 11 5 4 4 4 2 11 3 4 5 4 10 11 2 5 9 4 4 5 10 10 7 8 8 11 10 8 2 10 6 10 7 7 7 7 7 2 8 10 10 7 7 8 8 3 11 2 4 4 4 9 8 11 4 4 11 2 4 5 6 11 11 5 4 4 4 5 10 2 6 10 7 8 7 10 10 8 8 4 4 1 3 11 5 4 11 11 5 4 4 4 4 11 5 2 9 11 5 5 0 7 11 9 8 8 10 7 8 11 7 7 7 7 8 7 10 10 7 7 7 7 7 7 7 7 8 8 11 5 4 4 11 5 10 10 2 8 10 10 8 7 8 11 4 3 4 4 4 4 4 5 11 11 2 3 4 4 5 4 11 4 4 4 11 5 5 11 11 5 2 9 11 5 8 0 10 7 7 7 7 7 6 10 8 7 7 7 7 10 2 6 7 7 8 1 11 4 3 5 11 11 5 4 4 4 5 10 2 10 6 7 10 8 7 8 10 10 8 8 10 10 8 7 8 10 10 8 8 4 4 1 3 4 4 4 4 4 4 4 11 1 3 4 5 4 4 4 11 5 7 7 0 9 10 8 7 8 4 10 10 7 8 8 1 4 4 4 4 4 9 5 11 11 4 5 2 9 7 7 7 7 10 8 8 7 10 10 8 10 8 7 8 7 7 7 7 11 5 10 10 8 8 10 10 8 8 11 10 8 2 7 3 4 4 4 4 10 11 5 5 4 4 11 11 2 3 4 5 4 4 4 4 11 4 4 5 10 7 0 9 8 8 10 10 8 7 7 7 8 4 10 10 8 8 10 10 8 8 1 4 11 5 9 11 5 4 4 4 5 4 4 4 4 4 4 10 10 8 8 0 7 6 10 8 7 7 10 8 7 7 11 10 8 8 10 10 7 8 8 10 10 8 7 8 7 11 1 9 5 5 10 10 8 7 8 1 3 4 4 1 3 4 4 11 4 4 5 4 4 11 5 10 8 11 11 2 5 11 11 5 4 5 10 8 6 7 7 10 7 10 8 7 7 7 8 11 1 4 4 3 4 4 5 4 11 4 2 9 11 5 5 7 7 7 7 7 7 7 7 7 7 7 7 7 7 11 5 10 10 8 8 1 9 5 4 11 11 5 5 4 4 10 8 11 11 5 4 4 4 5 10 8 11 11 2 3 5 11 11 2 5 11 11 5 5 4 9 11 5 4 5 10 10 0 6 7 7 7 7 7 7 7 7 8 8 10 7 10 7 8 7 7 7 7 8 10 2 11 11 5 4 5
ppo_x50_b_fd_l4_noshaped,78,qv22_8,22,232,True,1428.0,13.837369680404663,6 8 2 10 10 8 8 10 9 8 7 5 10 2 10 10 6 8 2 10 9 8 8 10 10 8 8 11 5 10 10 7 8 8 11 5 10 10 7 8 7 5 10 10 8 8 11 5 1 3 4 4 11 5 4 11 11 4 5 5 11 11 2 4 4 5 7 11 10 8 8 6 10 10 8 8 11 4 5 4 4 11 11 5 5 7 7 7 0 6 7 10 10 8 8 10 7 10 8 8 10 7 10 7 7 7 8 8 11 4 4 5 10 10 7 8 8 10 10 8 8 1 3 4 11 5 7 10 8 10 8 11 11 2 3 5 11 10 8 7 8 11 11 2 3 4 5 4 4 4 4 4 4 4 11 4 5 4 10 2 9 11 5 5 4 10 2 6 7 10 10 8 7 7 7 7 7 8 7 7 7 11 4 2 10 9 5 5 11 2 10 7 7 7 7 8 6 11 11 5 5 11 11 4 4 5 4 4 5 4 4 4 4 4 11 11 5 2 9 11 5 7 8 11 5 4 4 4 4 0 10 9 8 7 7 0 6 7 7 7 7 7 8 10 2 7 7 10 7 8 7 11 11 5 4 4 3 4 5 11 2 10 9 8 8 10 10 8 8 11 4 8 11 1 4 3 4 4 4 4 4 4 4 4 10 2 8 6 7 10 8 10 10 8 8 10 10 2 7 6 8 10 10 8 7 7 7 7 7 8 4 4 11 2 4 4 4 4 4 11 9 5 5 4 4 4 11 5 10 7 8 11 11 5 4 5 11 11 5 4 5 10 0 7 6 7 7 7 7 8 4 11 2 9 10 8 4 5 11 2 3 4 4 11 11 5 5 7 7 7 10 7 7 7 7 5 10 10 8 8 10 10 0 6 7 8 7 7 8 10 10 8 8 1 4 9 5 4 4 4 4 4 11 4 4 4 4 4 5 10 8 4 4 11 11 2 5 7 7 10 10 6 8 7 7 7 10 8 8 11 5 10 10 7 7 7 7 8 8 11 5 10 10 8 7 10 8 7 8 11 4 4 5 11 2 4 3 4 4 4 4 4 4 11 5 11 11 4 5 2 9 8 7 7 10 10 8 8 4 11 4 4 10 8 8 11 1 9 5 4 4 4 5 10 2 10 10 6 8 7 7 7 7 10 8 8 10 10 2 8 10 10 7 6 7 7 7 8 8 11 4 4 5 7 10 8 10 10 8 8 4 4 4 11 2 9 4 5 10 10 8 8 4 11 1 3 4 4 4 4 4 4 1 4 5 9 5 11 4 4 4 4 11 5 2 9 8 7 7 7 11 10 8 8 10 10 2 8 7 10 10 8 8 6 7 10 7 7 8 10 10 8 8 10 8 1 4 3 11 5 4 4 4 11 5 4 11 5 0 10 10 6 8 8 10 10 8 8 10 2 10 10 7 7 7 8 8 10 7 8 11 4 3 5 10 10 2 8 10 8 4 4 4 4 9 5 4 11 4 4 5 4 4 4 11 5 4 4 4 11 4 5 11 11 5 2 3 7 10 10 8 10 8 8 4 10 10 8 7 7 8 10 8 4 11 5 10 7 10 8 7 7 7 7 7 7 7 7 7 8 10 10 2 8 11 5 4 10 9 8 8 4 11 11 5 5 4 1 9 5 11 4 4 4 5 4 4 7 4 11 4 4 4 4 11 5 4 4 5 10 10 8 10 8 2 7 6 7 7 7 7 7 7 10 7 7 8 10 10 2 8 11 4 4 8 11 9 5 11 5 5 4 4 4 11 4 4 5 11 2 4 3 10 10 7 8 7 7 10 8 8 11 10 8 8 10 10 2 7 8 11 10 8 6 8 10 2 10 6 7 10 8 8 4 4 4 1 9 8 11 4 11 5 4 4 4 4 4 4 4 5 11 4 4 11 5 2 7 7 7 7 9 8 7 7 7 11 11 2 4 5 10 7 7 9 8 8 10 7 10 8 7 10 8 8 4 4 4 4 11 2 3 4 4 4 4 4 10 11 5 5 11 11 2 5 3 4 10 10 0 6 7 7 7 8 10 8 7 7 10 8 8 10 10 7 7 7 8 7 8 7 10 10 8 8 11 2 3 4 4 4 4 4 4 4 4 11 11 5 2 10 9 8 5 11 11 4 8 7 7 8 4 11 4 4 4 4 4 4 11 5 2 9 8 7 7 11 10 8 8 11 4 5 10 10 2 6 7 7 7 8 7 10 7 8 4 10 10 8 7 8 4 10 11 2 5 3 11 5 4 4 4 4 4 0 10 10 6 8 7 7 7 10 2 8 10 10 7 7 7 6 7 7 8 8 10 2 3 11 5 4 1 3 4 4 4 4 4 10 11 5 5 4 4 4 4 11 4 4 4 4 4 5 10 7 10 8 7 7 8 4 4 11 5 7 11 10 8 8 10 7 10 7 7 7 8 0 6 7 10 8 7 7 7 7 8 11 2 4 11 10 8 8 10 9 8 8 4 7 4 7 10 5 10 11 5 4 4 5 7 10 8 4 4 4 4 4 4 4 4 1 9 5 4 4 4 4 4 11 11 2 5 9 8 4 10 10 8 0 9 8 8 7 7 7 10 10 8 8 7 10 10 7 7 8 7 7 7 7 7 8 11 5 11 4 10 2 8 4 11 9 5 4 4 5 7 11 11 5 4 4 5 10 10 0 7 8 6 7 7 7 8 11 2 4 4 4 9 5 11 1 3 4 5 4 4 4 11 5 4 4 4 4 4 11 11 4 2 8 7 7 7 7 7 7 7 7 7 7 9 10 8 7 8 11 4 4 2 4 4 4 4 11 3 4 5 10 10 2 7 8 10 10 7 7 7 6 8 8 10 2 10 10 8 8 10 10 6 7 7 7 8 8 11 2 4 11 3 5 10 10 8 2 4 3 4 11 5 4 4 4 4 4 11 11 2 5 4 3 4 11 4 4 5 11 4 2 10 10 6 8 7 7 7 7 7 8 7 10 10 7 7 8 7 7 8 10 7 10 7 8 8 1 9 5 4 11 4 4 4 4 11 5 4 4 4 11 2 3 4 5 7 10 8 4 10 11 5 5 4 0 10 10 6 7 8 7 7 8 10 10 2 8 11 5 10 10 8 8 6 7 10 10 8 8 7 1 3 4 4 4 4 4 4 4 4 4 1 4 4 3 11 5 4 4 11 4 11 2 5 10 10 7 7 7 7 8 8 10 10 7 7 8 8 10 10 7 7 8 7 6 8 10 10 7 7 8 8
ppo_x50_b_fd_l4_noshaped,79,qv22_80,22,235,True,1456.0,17.029136657714844,8 7 5 10 10 8 7 5 10 10 8 8 11 5 10 10 6 8 7 5 10 10 8 7 5 11 5 4 10 10 7 7 8 8 10 10 8 7 4 7 4 7 5 10 10 8 7 5 11 10 7 8 8 1 4 3 4 4 1 4 4 11 4 5 9 10 8 7 7 8 11 4 4 5 10 10 8 8 10 10 7 8 7 8 4 11 5 1 3 4 4 11 5 11 11 5 4 4 5 11 11 5 5 11 2 10 9 8 8 0 7 9 8 10 10 7 2 6 7 8 10 2 10 10 7 6 8 8 10 10 7 7 7 8 8 4 11 5 4 10 2 10 10 8 8 10 10 7 8 8 11 5 9 5 4 4 4 1 4 3 4 10 11 5 5 4 4 4 4 4 4 10 11 5 5 4 4 11 11 5 4 2 10 10 6 7 7 7 8 7 7 7 7 7 7 7 7 7 10 8 8 11 5 10 10 8 7 8 4 1 4 4 4 3 4 4 4 11 5 4 7 7 11 11 5 4 4 5 7 0 6 7 10 8 4 10 10 8 7 8 10 7 10 7 7 7 8 7 7 8 10 2 3 4 10 10 8 2 3 4 4 10 8 1 3 4 4 11 11 5 2 6 4 4 4 11 11 2 5 6 4 4 4 4 4 4 11 11 2 4 3 5 10 7 8 11 11 5 5 4 10 10 8 7 7 7 0 6 7 8 7 7 7 7 7 7 7 10 10 8 8 10 10 7 2 8 9 5 4 10 8 10 10 8 4 4 4 4 4 5 11 4 2 11 9 5 8 4 11 4 4 5 11 11 5 2 3 10 7 7 7 10 8 2 10 7 7 6 10 8 8 1 9 5 4 4 11 5 4 1 3 4 4 1 11 3 4 4 5 11 11 2 5 9 8 10 7 10 8 7 8 11 10 8 8 7 11 11 2 5 4 4 3 4 11 5 4 4 10 10 8 10 4 8 10 4 0 6 8 7 7 8 7 11 5 10 10 8 7 7 7 8 11 2 10 10 6 2 6 10 8 8 10 10 7 7 8 8 1 9 4 8 11 4 10 8 2 4 4 4 4 4 4 9 11 5 5 11 4 4 4 11 2 5 9 8 10 10 7 7 8 7 8 10 10 7 7 7 8 0 7 8 10 7 10 8 7 8 3 4 4 11 4 5 10 7 10 8 8 11 4 4 4 4 11 5 2 9 11 5 8 11 11 5 2 3 10 5 10 11 5 5 4 11 11 2 4 5 6 10 8 10 10 7 8 7 8 10 10 8 7 8 1 4 4 11 9 8 8 11 4 5 4 4 4 4 4 4 10 11 5 5 11 4 11 5 2 7 6 10 10 8 7 7 7 7 7 7 7 8 10 7 10 8 8 1 4 4 4 4 3 4 11 4 4 5 11 4 5 4 11 11 5 5 11 10 2 8 10 8 3 4 10 10 8 7 10 8 8 10 10 0 6 7 8 8 10 10 7 0 6 7 7 7 8 7 8 11 2 9 10 8 8 10 2 10 10 8 8 4 3 1 3 4 1 3 1 11 9 8 8 4 4 10 11 5 5 4 4 1 9 11 5 4 4 4 4 4 5 0 7 7 7 9 10 8 7 7 8 11 4 5 10 7 10 8 7 7 5 10 10 7 8 7 8 7 10 8 1 11 11 6 5 11 5 4 4 4 4 5 1 4 9 4 4 4 5 11 11 2 5 4 11 11 5 5 7 11 11 6 5 5 10 10 8 8 10 10 0 6 7 7 8 7 8 10 10 7 7 7 7 8 8 11 1 9 8 8 7 11 11 5 5 11 11 5 4 5 10 8 11 11 2 3 4 4 5 4 1 9 4 5 10 10 8 8 11 5 4 4 4 4 4 11 11 2 5 7 10 7 10 8 7 7 6 8 10 10 8 7 7 10 8 7 7 8 11 1 3 4 5 4 11 4 4 5 4 11 11 5 2 11 3 5 10 10 8 7 7 7 8 4 11 5 7 10 10 7 8 7 7 7 7 7 10 8 8 4 4 11 5 10 10 7 7 8 7 8 4 4 4 4 4 4 4 4 11 5 10 10 8 2 10 8 11 3 4 4 4 4 4 5 11 11 2 3 4 4 5 10 2 6 7 7 11 10 8 8 10 7 10 7 7 7 7 7 7 8 7 7 10 7 7 7 8 8 11 4 4 4 4 4 4 5 10 0 7 7 8 10 10 6 7 8 8 11 2 4 4 11 4 3 4 11 5 5 11 2 9 5 4 10 10 8 8 11 4 5 4 10 10 8 7 7 8 4 11 5 4 11 4 5 10 10 8 8 11 5 4 4 4 11 11 5 2 7 7 10 7 8 10 10 7 7 7 7 7 8 8 10 10 7 7 8 8 11 4 5 4 9 5 4 4 4 10 7 7 7 7 10 8 7 5 4 11 4 5 4 4 1 3 4 4 4 4 4 4 4 4 11 4 5 7 11 11 5 4 4 2 3 10 10 8 7 7 7 7 7 7 7 7 7 7 7 7 10 8 2 9 8 4 10 10 8 8 11 4 4 4 4 4 5 4 1 4 4 4 11 5 9 4 5 10 10 8 8 1 4 11 4 4 5 9 11 5 7 7 8 4 11 2 10 10 7 6 7 7 8 7 7 7 7 7 8 4 11 4 4 5 10 10 7 8 5 10 7 0 6 8 10 10 7 2 8 10 10 8 7 9 8 8 1 11 9 8 5 4 4 11 5 7 11 11 2 3 4 4 5 11 2 4 11 9 8 8 11 4 4 5 11 11 5 2 7 7 9 7 5 10 10 8 7 8 7 11 10 7 8 5 7 7 10 10 2 8 7 10 10 8 8 4 4 3 1 3 1 3 4 4 11 4 5 10 7 7 7 8 7 7 11 11 4 7 5 4 4 5 4 1 3 4 10 8 11 5 4 4 4 4 4 11 4 11 2 5 11 4 5 3 7 10 10 8 8 10 10 0 6 8 8 11 5 10 10 8 7 7 7 7 7 8 10 10 8 2 7 10 8 11 9 8 8 4 4 4 11 5 4 4 4 1 9 11 5 4 5 10 8 10 8 11 11 2 5 11 3 4 5 11 11 2 5 11 11 5 4 9 5 7 7 7 7 7 8 11 2 10 10 6 7 7 7 8 8 10 10 2 6 7 8 10 10 7 8 8 11 5 10 10 8 8 10 10 8 2 9 5 7 11 11 5 4 4 4 1 4 4 5 4 4 4 4 9 5 11 4 4 4 4 4 4 11 5 2 7 10 7 10 7 7 7 7 7 7 7 7 7 7 7 7 8 8 10 10 8 8
ppo_x50_b_fd_l4_noshaped,80,qv22_81,22,229,True,1400.0,16.205673694610596,8 8 10 9 8 8 10 10 8 8 11 5 7 10 10 0 8 7 5 9 10 8 8 10 10 8 8 10 10 8 8 11 5 11 11 7 7 7 8 8 10 10 7 8 5 1 10 8 3 4 4 11 11 5 2 9 5 11 4 4 4 4 11 5 4 4 4 5 11 11 5 0 6 7 7 7 8 11 4 4 5 10 7 10 8 7 7 10 8 7 8 10 8 10 10 7 8 2 6 11 4 4 5 11 11 4 5 4 4 11 5 2 6 4 4 11 4 11 4 5 2 10 8 10 9 8 5 10 10 8 7 7 7 10 8 10 8 7 7 7 7 7 7 8 4 4 11 1 3 4 4 4 5 11 11 5 2 3 10 10 2 6 7 8 7 7 10 10 8 8 11 4 4 10 8 7 7 7 7 8 4 4 4 11 5 1 3 4 10 11 5 5 4 11 11 5 2 4 4 11 3 4 5 10 10 8 7 7 7 7 8 4 4 4 4 11 4 5 4 10 10 2 6 7 7 7 10 8 7 7 7 7 7 7 7 7 7 7 10 8 8 10 10 8 8 11 5 11 11 5 4 2 9 5 4 11 4 4 5 11 11 4 2 4 4 4 3 5 7 7 10 7 8 10 10 7 7 7 7 7 8 7 8 4 10 2 9 11 5 5 4 4 4 10 8 11 11 2 3 5 11 11 5 4 4 4 4 4 5 10 10 2 8 9 5 10 10 7 8 8 10 10 2 7 7 8 10 10 7 7 6 7 7 8 7 8 11 2 9 10 8 4 5 11 4 5 10 8 11 5 4 4 10 8 11 11 5 4 4 4 4 5 4 11 11 5 2 10 6 8 11 4 5 11 11 5 4 4 4 4 5 10 10 8 10 8 2 9 10 8 7 7 7 8 10 7 8 7 7 7 7 11 5 10 10 2 6 8 7 7 7 10 10 8 8 4 4 10 2 3 11 5 4 4 4 4 4 11 2 9 5 11 11 5 2 4 9 5 4 4 4 11 11 5 2 3 10 7 7 10 8 7 7 7 7 7 8 11 5 10 7 7 8 7 10 10 2 8 9 10 8 8 1 3 4 4 4 4 10 8 11 4 4 11 5 4 4 4 4 4 5 4 4 4 11 11 5 2 11 7 7 8 10 10 6 7 8 7 7 7 7 7 8 10 7 7 7 10 2 8 7 10 10 7 8 7 8 3 4 11 4 4 4 5 11 4 11 5 4 4 4 5 1 3 4 11 5 10 11 2 5 4 11 5 7 10 10 8 7 8 7 10 9 5 5 10 10 7 8 7 8 7 11 10 8 8 10 7 8 10 10 8 2 4 9 5 4 4 4 4 4 4 4 4 4 4 11 5 4 11 11 5 2 9 11 5 5 7 7 7 7 7 0 7 6 7 7 10 10 8 7 7 8 11 4 5 4 10 10 8 8 10 10 8 8 10 8 10 10 7 8 2 4 11 3 4 4 4 11 5 2 6 11 11 4 5 4 5 4 10 10 2 6 8 7 7 7 7 10 10 8 7 8 11 1 3 4 5 11 5 4 4 1 3 4 4 4 4 4 10 11 2 4 5 7 7 10 7 7 6 7 11 2 5 9 4 4 4 5 11 11 5 4 4 5 10 7 7 7 8 10 10 7 8 8 10 10 8 7 8 4 10 2 10 10 6 7 7 7 7 7 7 7 8 8 11 5 10 4 5 10 10 8 2 4 9 5 4 4 11 11 5 2 10 8 10 10 7 7 8 7 8 3 11 10 8 2 11 3 5 10 8 11 5 4 4 4 4 11 4 11 5 4 4 5 4 4 11 11 2 5 9 7 5 7 10 11 2 4 3 4 4 4 5 0 9 11 5 5 0 9 5 10 10 8 7 7 7 7 0 6 7 8 4 10 10 8 8 10 10 8 8 10 7 7 7 7 8 10 10 8 2 6 4 4 4 4 4 4 11 5 11 11 5 4 4 11 2 3 5 4 10 11 5 5 4 4 4 11 11 5 2 3 10 8 10 10 7 2 7 6 7 7 8 11 5 10 10 8 8 10 10 8 7 7 7 8 10 10 8 8 11 2 7 7 11 9 5 5 1 3 4 4 4 4 11 10 8 8 11 4 4 4 5 11 11 5 4 4 5 10 10 8 0 6 7 7 7 7 8 10 10 8 8 10 7 10 7 8 2 10 8 10 9 8 5 11 10 8 7 8 11 11 2 5 11 9 5 1 3 5 4 11 5 4 4 4 10 8 11 11 5 4 5 11 11 2 4 4 5 9 7 7 8 11 11 5 4 5 11 11 5 2 6 7 7 7 10 8 11 11 5 5 7 7 10 10 2 6 7 8 11 4 5 10 7 10 7 7 7 8 7 7 8 4 11 10 7 8 7 7 8 11 11 5 5 4 4 11 4 4 5 4 4 4 4 10 11 5 5 4 4 4 4 11 11 2 5 7 7 7 6 7 7 7 7 7 7 7 10 10 2 8 6 11 4 5 10 10 0 7 8 8 9 10 8 1 3 5 4 4 4 4 4 4 4 4 11 11 5 2 9 10 7 8 8 11 11 5 4 5 7 10 8 11 11 5 5 7 10 8 4 10 4 5 4 4 4 4 4 10 10 0 6 8 7 7 7 7 7 7 7 10 2 8 9 5 10 10 7 7 7 7 8 2 11 9 7 7 7 8 5 7 11 11 5 4 5 11 5 4 4 4 1 3 4 4 4 4 4 11 4 4 5 10 10 7 8 2 9 8 10 7 7 10 8 2 10 10 7 8 8 7 10 8 9 10 7 8 8 1 9 8 11 4 11 5 4 4 4 5 4 4 4 4 4 11 5 11 4 4 11 2 5 9 8 10 10 2 6 10 8 8 7 11 11 2 5 9 4 4 4 5 10 10 0 6 7 8 7 7 8 4 11 2 9 7 10 8 8 10 10 7 0 6 7 7 7 8 7 8 11 4 4 5 10 7 8 4 10 10 8 7 7 8 10 2 9 10 7 5 4 4 4 5 1 3 4 11 1 4 5 4 4 10 9 8 7 8 11 4 5 4 4 4 11 11 5 5 11 11 2 5 9 1 3 4 4 4 10 8 7 7 7 7 7 7 7 7 7 7 7 7 7 8 11 2 10 10 6 8 8 10 10 8 8 10 10 8 2 4 11 4 4 4 4 4 11 5 5
ppo_x50_b_fd_l4_noshaped,81,qv22_82,22,229,True,1401.0,13.701812267303467,8 7 5 9 10 8 7 5 10 10 8 7 5 0 9 10 8 7 5 10 10 8 8 11 5 10 10 7 8 8 10 10 8 8 10 10 8 8 11 5 10 10 7 8 8 1 4 9 8 11 4 4 11 5 4 5 11 4 4 4 4 11 2 4 5 9 7 8 11 11 5 5 11 11 5 5 0 11 5 10 10 8 6 8 7 10 10 7 7 7 8 2 10 10 8 7 8 7 10 7 8 10 10 7 7 8 8 10 10 7 8 5 9 5 4 4 4 4 4 11 11 5 11 5 5 4 4 4 4 4 11 5 10 10 7 8 2 6 10 7 10 7 8 8 11 5 10 10 7 7 2 8 11 4 4 4 4 5 11 11 5 5 4 10 9 5 5 4 4 4 4 4 4 10 10 8 0 6 7 0 6 7 7 8 11 10 8 8 10 10 7 7 7 7 7 8 7 8 1 4 4 4 11 4 4 5 11 5 3 10 10 2 8 10 10 7 6 7 7 0 7 8 8 10 7 9 8 8 11 4 4 5 1 3 11 5 11 4 5 10 10 7 2 8 11 3 5 11 5 7 7 7 10 10 7 7 8 8 4 4 4 4 4 4 1 3 4 4 4 4 4 4 11 5 7 11 11 5 4 5 11 7 0 6 7 7 8 7 11 11 5 5 10 7 8 7 7 7 7 7 11 7 7 7 8 11 11 2 5 11 9 5 5 11 11 5 2 7 10 10 7 8 7 7 6 8 7 1 3 4 4 11 4 5 10 7 11 5 5 11 5 4 4 4 11 5 4 11 11 5 4 11 5 2 9 8 11 10 8 8 10 7 7 8 7 10 10 8 7 7 10 7 7 8 4 2 11 3 5 10 11 2 5 10 6 7 10 8 7 7 8 11 10 8 2 4 4 4 4 3 11 5 11 11 5 4 4 4 5 4 4 4 4 11 11 5 4 4 5 10 10 8 8 11 4 4 5 10 8 11 0 9 5 5 7 11 5 10 10 7 8 10 8 7 8 10 10 8 5 10 8 4 4 4 4 10 10 8 8 10 10 8 7 7 7 7 7 8 11 1 3 4 4 4 11 5 4 5 11 4 2 11 11 5 3 5 7 7 10 7 7 10 8 8 7 10 7 8 10 10 7 8 7 7 7 7 8 1 10 9 8 7 8 11 4 5 11 5 1 3 4 4 4 4 4 4 4 4 4 10 11 2 6 7 8 11 4 2 11 9 5 5 11 4 11 5 5 10 11 2 5 3 4 10 10 8 7 7 8 7 7 0 6 10 10 8 10 8 8 7 10 10 8 4 5 10 10 2 6 7 8 4 11 5 10 7 10 8 7 7 7 8 11 1 4 3 4 4 4 4 4 4 4 4 5 10 10 2 8 9 5 11 11 5 5 10 11 2 4 3 4 5 0 10 6 8 7 7 10 10 8 7 7 8 4 4 4 1 9 5 11 4 4 11 5 5 10 11 2 5 10 6 8 10 10 8 7 7 0 6 7 7 7 7 8 1 3 11 4 4 4 5 10 10 0 6 7 8 5 10 10 7 7 2 8 10 10 6 8 8 10 10 8 8 4 1 11 3 4 4 5 4 4 11 5 1 3 4 4 4 11 5 10 11 5 5 4 4 4 4 10 10 8 10 8 7 7 7 8 4 11 4 4 5 11 10 8 8 10 10 2 7 8 7 10 8 9 11 5 7 8 4 4 11 4 5 10 0 10 6 7 7 7 7 7 8 8 11 5 10 10 8 8 7 11 10 8 8 10 10 8 8 11 10 8 8 1 3 4 4 4 10 8 11 11 5 4 5 11 5 4 11 4 5 4 10 11 5 5 4 4 4 4 10 10 8 7 0 7 7 7 7 6 8 7 0 6 10 7 7 7 7 8 10 10 2 8 3 4 4 4 11 5 4 4 4 4 11 4 5 4 4 11 4 4 4 4 4 11 5 2 3 7 10 7 8 10 10 7 7 8 2 7 7 7 7 7 11 10 8 8 7 7 7 7 10 8 9 7 8 11 11 5 5 11 4 11 5 4 4 5 4 4 11 5 11 11 2 5 10 4 6 4 4 10 8 7 7 7 8 10 10 8 8 11 4 5 4 4 4 11 5 4 10 10 8 8 0 7 10 9 8 7 8 10 7 10 8 8 4 11 4 4 5 11 4 4 5 10 10 7 7 8 8 10 10 8 8 10 10 7 7 8 8 1 3 4 4 4 4 4 11 4 5 10 10 8 8 4 4 10 8 11 11 5 4 1 3 4 4 5 4 4 11 11 5 5 7 11 2 7 10 7 10 8 7 7 7 8 7 7 7 7 7 7 10 7 8 11 9 5 5 11 5 4 4 11 4 5 4 11 11 5 2 7 10 10 7 6 8 8 10 10 8 7 8 11 11 5 2 7 9 8 10 10 7 8 7 8 4 4 4 4 4 4 4 4 4 4 4 11 5 7 7 0 7 7 10 7 7 6 7 7 8 10 10 7 8 8 4 11 4 4 4 1 3 4 4 4 5 4 4 4 11 4 5 4 4 11 2 9 10 8 4 5 4 11 4 2 10 10 6 8 10 8 7 7 7 8 10 7 7 8 4 11 11 2 5 9 8 7 7 7 10 10 8 8 4 11 5 11 11 4 4 5 8 11 4 11 5 7 8 11 2 10 10 8 6 7 7 7 7 7 7 5 4 11 4 2 4 4 4 4 4 11 3 4 4 4 5 10 10 8 8 11 2 11 10 6 8 7 7 7 8 10 4 2 10 8 6 7 7 10 10 8 8 10 10 7 8 8 7 11 10 8 8 10 10 8 8 1 9 8 4 4 4 4 4 4 11 5 4 11 4 11 5 4 4 4 11 4 2 5 9 7 8 0 6 7 7 7 10 10 8 7 7 7 8 10 10 8 8 10 10 8 2 4 11 5 3 11 5 11 11 5 4 1 4 4 4 4 4 3 4 5 11 11 5 4 4 5 10 0 7 7 8 9 4 10 8 8 10 10 0 6 8 7 7 7 7 7 7 7 7 7 7 7 7 8 4 4 4 10 10 2 8 9 5 10 10 8 8 4 4 1 9 8 11 11 5 5 4 4 4 11 4 4 5 11 11 5 5 4 4 11 4 4 11 5 2 9 11 5 5 10 10 7 7 7 7 7 7 7 7 7 8 8 10 10 8 8
ppo_x50_b_fd_l4_noshaped,82,qv22_83,22,232,True,1442.0,13.874429941177368,8 7 10 8 7 5 9 10 8 7 5 11 5 10 7 10 8 8 10 10 8 8 11 5 4 11 5 10 10 7 7 7 8 8 10 10 8 8 11 4 4 4 5 11 5 4 11 4 11 4 4 5 5 7 10 11 5 2 9 5 10 10 2 6 10 8 7 7 7 7 7 7 7 7 10 7 8 8 10 10 8 8 10 10 8 8 1 9 5 4 4 4 10 8 11 1 3 4 4 4 4 4 4 4 4 5 4 11 11 5 2 7 7 7 7 7 7 10 6 7 7 10 8 7 8 7 11 10 8 8 10 10 2 8 9 10 7 8 8 11 4 10 8 8 11 5 1 3 4 11 4 5 4 4 11 4 4 4 4 1 4 4 4 5 9 5 4 4 4 10 10 0 6 8 7 7 7 10 8 8 11 5 10 10 8 8 7 10 8 10 10 8 8 10 10 8 7 7 8 7 10 7 8 4 4 4 4 1 4 11 3 4 4 4 11 5 5 4 11 5 4 4 11 11 5 2 10 8 10 7 10 8 6 7 7 8 11 4 4 4 5 10 7 8 10 10 7 7 7 7 7 7 8 5 1 9 5 4 4 11 11 5 2 4 11 4 3 4 5 4 4 4 11 4 5 10 10 8 8 4 11 2 3 10 10 7 8 10 2 6 8 7 0 9 8 10 10 7 7 7 7 8 2 10 10 7 7 6 8 8 10 7 10 8 8 11 2 4 4 9 5 4 4 11 11 2 3 4 4 5 10 11 5 5 11 5 4 4 4 4 11 11 2 5 3 10 10 7 7 8 8 7 7 10 8 10 10 8 7 7 8 0 9 5 4 4 4 4 4 11 5 10 10 7 0 6 7 7 7 7 7 7 7 8 7 8 11 5 4 1 3 4 4 10 4 5 10 10 2 8 9 8 4 4 11 4 5 11 11 5 2 4 4 4 9 5 4 4 4 11 11 5 2 10 8 7 7 6 7 7 7 10 7 8 10 10 7 8 8 10 10 7 7 7 8 7 8 11 4 5 1 9 5 11 5 4 4 4 4 4 4 4 4 11 2 11 3 4 4 4 4 4 5 11 2 10 10 8 7 8 3 10 10 7 7 7 8 8 11 5 4 10 11 5 5 10 7 10 8 8 10 7 7 7 7 7 8 10 10 7 7 7 7 8 8 1 9 5 4 11 4 4 4 4 1 3 5 4 4 4 4 4 11 5 11 2 9 11 5 4 4 4 5 10 10 2 10 6 8 8 7 7 10 8 10 10 0 6 8 8 10 10 7 8 8 11 5 4 11 4 5 10 10 7 8 8 10 10 8 7 7 8 4 1 11 9 8 5 1 3 4 11 4 4 5 7 11 11 5 4 4 4 4 4 5 4 10 10 8 8 10 10 8 8 10 2 6 7 11 10 8 8 10 7 10 8 7 7 8 11 10 7 7 7 8 8 11 5 4 4 1 4 9 11 5 5 4 4 4 4 4 4 11 4 5 4 4 11 11 2 5 7 7 9 7 7 10 8 8 10 10 2 6 7 8 7 7 11 10 8 8 10 10 2 8 3 4 11 4 5 4 4 4 4 11 4 5 10 10 8 8 4 4 4 11 5 10 10 7 0 8 7 7 7 7 9 8 7 7 7 7 8 11 2 10 10 7 6 7 7 7 8 8 11 5 4 10 10 8 8 11 4 4 4 2 11 4 3 4 4 5 11 5 11 11 2 5 3 4 10 10 8 7 7 7 7 8 10 10 7 7 8 8 10 10 8 8 11 1 3 5 4 11 11 2 5 9 8 4 4 4 11 11 5 4 4 4 4 5 7 7 10 7 7 7 7 8 11 5 4 4 4 4 1 3 4 4 4 4 10 11 5 5 4 11 11 4 8 7 7 7 7 7 7 7 7 8 11 2 9 4 4 4 4 10 7 7 0 6 7 8 7 7 8 10 7 7 7 10 7 8 4 2 3 11 11 5 4 4 4 5 4 4 10 2 9 11 5 5 11 2 4 4 9 11 5 4 4 5 10 2 10 10 6 8 7 7 8 7 7 7 10 10 8 2 10 7 9 8 7 8 10 2 7 10 7 10 8 6 8 4 11 10 2 8 3 11 5 4 1 3 4 4 11 4 4 4 11 2 5 9 8 10 10 2 8 10 7 7 9 8 8 4 4 4 4 11 2 11 4 3 4 4 4 5 11 5 4 10 10 8 8 10 10 8 7 7 7 7 7 7 7 7 7 7 8 11 2 4 4 11 5 9 10 8 8 11 4 5 11 11 5 5 10 8 4 4 10 10 8 8 11 4 5 4 4 4 4 4 10 11 5 5 4 4 4 10 10 8 7 7 7 7 7 7 0 9 8 8 10 7 10 7 7 7 7 7 8 7 8 10 2 3 11 4 5 4 4 11 10 2 8 11 3 4 4 4 4 4 5 10 0 6 7 8 11 5 11 11 5 4 5 10 2 7 7 7 7 9 8 10 10 7 8 8 11 5 10 10 7 8 7 7 8 11 11 1 5 5 11 5 4 11 5 3 4 4 4 4 4 4 11 4 5 11 11 2 5 3 7 10 8 10 10 8 8 11 5 10 10 7 8 7 7 7 7 7 7 7 8 7 11 10 8 7 8 11 2 11 11 3 2 3 5 7 7 10 8 11 11 5 5 4 11 4 4 5 10 7 7 8 11 11 5 5 0 4 3 11 11 4 2 3 4 4 10 5 10 8 11 2 3 7 7 7 7 7 7 7 7 7 8 11 4 4 5 4 4 4 4 4 4 4 4 4 4 11 4 11 5 4 4 5 10 10 2 8 10 6 8 7 7 7 7 11 10 8 8 10 10 7 2 8 7 9 8 10 10 7 2 6 8 11 2 9 11 5 4 5 10 10 8 7 8 11 4 5 11 4 11 5 2 4 3 1 4 4 4 4 4 4 11 4 5 3 10 10 8 8 10 10 8 7 7 7 7 7 7 7 7 8 11 5 10 10 7 8 2 10 10 8 6 7 8 11 10 8 8 10 10 2 8 3 4 1 9 5 11 11 5 4 4 5 7 10 8 11 11 5 5 4 4 4 1 9 8 11 10 8 8 11 5 4 4 4 4 11 4 4 4 5 11 11 5 2 3 10 7 10 7 7 8 8 7 7 7 7 7 0 6 7 7 10 7 7 7 7 7 8 11 11 5 1 3 4 4 4 4 4 4 4 4 4 5 11 11 5 5 11 11 2 5 10 10 7 7 7 7 7 7 8 8 10 10 8 8 10 10 7 7 8 8
ppo_x50_b_fd_l4_noshaped,83,qv22_84,22,234,True,1451.0,13.99600100517273,8 7 10 8 8 9 10 8 8 11 5 10 7 10 8 7 5 10 10 8 8 11 5 4 11 4 4 5 11 11 5 5 11 2 6 7 7 10 10 8 7 7 10 7 7 8 7 5 10 10 8 7 5 10 10 8 8 1 9 5 4 4 4 4 4 4 10 10 2 7 6 8 10 10 7 8 2 10 10 6 7 8 8 10 2 9 10 8 8 4 4 11 4 5 4 4 4 11 11 2 5 9 11 5 7 8 11 4 5 4 4 11 5 7 10 7 7 8 4 4 10 10 8 7 11 8 11 8 11 8 11 8 7 8 4 11 4 4 4 5 11 11 5 4 5 4 11 5 10 10 2 8 10 9 8 7 7 7 7 10 2 8 10 10 8 6 10 8 7 7 8 11 4 2 4 4 4 4 4 4 4 9 5 4 11 11 2 5 10 10 7 7 6 7 7 8 7 7 10 8 8 11 5 10 10 7 7 7 8 8 10 10 7 7 8 8 4 11 5 10 7 8 1 3 4 4 4 10 11 5 5 11 4 4 5 10 10 7 8 2 7 7 6 10 7 7 8 11 1 4 9 5 5 11 4 4 5 11 10 8 8 10 10 2 8 10 10 7 8 8 11 5 3 4 4 4 4 4 4 4 1 3 1 3 4 4 4 4 4 4 11 4 5 10 10 8 8 11 2 6 10 8 10 7 10 7 7 2 6 7 8 4 1 4 11 5 10 9 5 5 4 4 4 10 10 8 7 7 8 10 2 10 10 7 6 8 8 10 7 8 11 11 5 2 10 6 7 8 1 4 4 4 11 5 3 4 11 5 4 4 4 4 4 4 10 11 2 5 10 7 10 8 6 7 7 7 7 7 7 7 7 7 7 7 7 7 8 4 4 1 3 4 4 4 11 5 11 5 7 10 10 2 8 10 10 6 7 7 7 7 7 7 8 8 11 4 4 5 4 11 10 2 8 11 9 5 4 5 10 8 11 11 5 2 3 1 9 5 4 4 11 11 4 5 2 9 8 4 4 10 0 10 8 6 7 7 7 7 8 10 10 7 7 7 7 7 8 8 11 4 5 10 10 8 8 11 5 10 10 2 8 4 9 5 4 4 4 4 1 3 4 4 11 4 4 5 4 4 11 11 4 4 5 2 3 4 10 10 8 8 7 7 7 7 7 7 7 10 8 11 4 5 10 10 0 6 8 8 10 10 7 8 7 8 10 2 10 10 7 8 5 11 9 8 8 4 4 11 11 2 3 5 4 10 10 8 7 8 10 8 11 4 11 2 3 5 4 4 4 4 4 4 4 4 11 11 5 7 2 10 7 6 8 7 7 7 7 7 10 7 7 8 1 9 8 11 11 4 5 5 4 4 11 5 11 5 11 11 4 5 4 4 5 10 10 8 8 4 11 4 4 5 0 6 7 7 7 7 7 10 8 7 7 10 10 7 7 7 7 7 2 7 8 3 4 11 1 3 1 3 5 4 4 4 11 5 4 4 4 4 4 4 4 11 11 2 4 5 9 7 8 11 11 5 5 7 7 10 7 11 5 4 4 4 5 7 7 7 7 10 8 10 11 5 2 3 10 10 8 10 7 8 10 8 2 3 10 10 8 8 10 7 7 10 7 7 8 2 9 8 4 11 5 4 11 11 5 4 4 11 2 5 7 9 8 7 7 10 10 7 7 2 8 7 10 9 8 8 4 1 3 1 3 11 4 4 1 4 3 4 5 4 4 4 4 11 11 5 4 4 5 10 2 10 10 8 6 8 10 10 2 8 9 5 0 10 10 6 7 8 7 8 7 7 7 7 7 10 8 4 11 1 5 3 4 4 4 11 4 4 4 4 4 4 4 4 5 11 7 10 2 7 7 9 8 8 7 0 7 6 7 7 10 8 4 11 4 10 8 4 5 7 10 7 7 8 10 7 10 7 7 7 7 7 2 8 3 4 4 11 4 5 11 11 5 2 11 9 5 5 4 10 8 11 1 9 5 4 4 4 5 11 5 4 11 4 11 5 4 2 9 11 5 7 7 8 11 2 3 10 7 10 7 8 8 11 2 3 10 10 8 7 1 10 8 8 3 7 10 10 7 8 8 4 4 4 1 3 4 11 5 4 11 5 4 4 4 11 11 2 5 7 7 7 7 7 7 7 7 7 9 10 8 7 7 7 8 10 10 8 7 7 7 7 8 11 2 11 11 5 5 9 5 4 1 3 4 4 4 4 11 5 11 4 5 10 11 2 3 4 4 5 11 2 10 6 7 10 0 6 7 8 7 8 11 2 3 10 10 2 7 6 8 10 10 7 7 8 8 1 11 3 5 11 10 2 8 11 3 5 1 3 4 4 10 8 11 5 4 4 1 4 3 4 4 10 8 11 11 5 5 4 11 5 10 10 2 8 10 10 6 7 7 7 7 8 8 10 10 7 7 7 7 7 8 7 7 7 8 11 1 4 3 5 4 4 11 5 1 4 4 4 4 4 10 8 11 11 5 5 9 8 4 10 4 4 4 5 10 10 7 8 8 7 7 10 10 7 7 7 7 8 8 11 5 11 4 1 4 4 4 3 4 4 4 4 4 4 5 11 2 10 9 8 7 8 4 10 2 10 10 7 7 7 6 7 7 7 7 8 7 7 8 10 2 10 10 8 7 8 9 10 8 8 1 11 3 5 11 4 4 4 4 1 9 5 8 4 11 11 5 2 4 9 4 5 11 5 10 10 0 6 8 7 7 8 10 10 7 8 8 4 11 2 9 10 7 8 7 7 7 10 8 8 1 9 5 11 11 5 2 3 4 4 4 4 4 11 4 5 4 4 11 4 5 7 10 8 11 11 5 2 10 6 8 10 10 7 8 7 7 7 8 7 11 10 8 8 1 11 9 8 8 4 11 4 11 5 5 7 7 7 7 10 8 4 4 4 1 9 8 11 11 5 5 4 4 4 4 4 4 4 4 11 5 11 11 2 5 3 10 8 10 10 8 8 10 10 7 7 7 7 8 10 8 7 10 8 2 7 7 7 7 7 11 10 8 8 9 4 4 5 10 10 7 8 8 1 11 5 3 4 11 4 4 4 4 4 4 5 11 11 5 2 3 11 5 10 7 10 0 6 7 8 7 7 8 4 10 10 8 8 10 10 2 8 10 10 8 8 9 10 8 8 11 10 8 8 11 2 11 11 5 5 4 4 4 4 4 4 9 5 11 5 11 11 5 2 4 3 4 4 4 4 4 11 11 5 2 10 10 7 7 7 7 7 7 7 7 7 7 8 7 7 7 7 7 6 7 7 8
ppo_x50_b_fd_l4_noshaped,84,qv22_85,22,231,True,1385.0,13.80335545539856,8 7 5 9 10 8 8 10 10 8 8 11 10 7 7 8 5 11 5 10 10 7 8 8 11 5 10 10 7 8 8 10 10 8 8 11 5 10 10 7 8 8 10 10 8 8 11 5 11 11 5 2 4 4 4 4 4 4 3 4 11 4 11 5 5 11 7 11 2 5 9 11 5 5 0 7 9 7 8 7 10 10 8 8 4 11 5 4 4 10 10 8 7 7 7 8 10 10 0 6 7 7 8 7 8 10 10 7 7 8 8 1 4 11 4 4 3 5 4 4 11 5 10 2 10 9 8 0 6 8 1 4 6 4 4 4 4 11 5 10 2 10 10 7 6 8 8 10 10 7 0 6 7 7 8 8 10 7 10 8 8 4 10 2 11 3 11 2 5 10 9 5 5 10 10 7 2 3 4 4 5 10 7 8 4 10 10 8 4 11 5 5 4 4 4 4 10 11 5 4 5 4 4 4 11 5 11 4 4 5 10 10 2 6 8 11 4 4 4 5 0 9 5 10 7 7 8 10 10 8 7 8 10 11 5 2 4 6 10 10 8 7 0 7 7 7 9 8 7 5 10 10 8 2 9 5 10 7 10 8 8 10 10 8 4 5 1 9 5 10 7 7 10 8 8 4 4 4 4 1 11 4 9 8 8 4 1 3 11 4 5 4 4 4 11 5 4 4 4 11 4 10 8 8 11 5 4 11 11 2 5 7 10 7 6 7 8 7 7 7 10 10 8 8 10 7 10 2 6 7 8 11 2 3 4 11 4 5 11 11 5 4 5 11 11 2 5 4 11 9 5 8 11 5 4 10 10 8 7 7 7 7 10 8 7 8 7 7 7 0 6 10 7 8 10 10 7 2 6 8 4 10 2 3 4 4 4 4 11 4 8 11 11 5 5 11 11 5 2 10 9 8 5 7 11 11 5 4 5 11 11 2 3 4 5 4 11 2 3 10 11 5 5 10 10 7 7 8 0 6 8 10 10 8 7 7 7 8 10 10 7 7 8 8 7 7 11 11 2 5 10 7 10 8 8 6 4 4 4 4 4 4 4 11 11 2 3 5 11 4 4 5 11 4 11 2 5 4 3 4 11 11 5 7 8 4 4 10 10 8 7 7 8 7 10 10 7 7 0 6 7 8 8 10 10 8 8 1 9 5 4 4 4 4 4 4 4 11 11 2 5 7 9 8 10 10 0 7 6 8 7 7 7 7 10 8 7 8 11 4 4 4 5 4 1 11 4 5 10 10 7 8 8 11 5 11 11 6 5 4 4 4 4 4 4 5 11 2 3 10 10 8 7 7 7 7 8 4 11 5 11 11 2 5 3 4 4 10 10 8 7 7 7 8 10 7 10 7 7 7 7 7 7 8 7 8 4 11 5 4 4 10 10 8 7 8 10 2 10 10 8 7 8 10 8 9 11 5 5 10 8 11 5 4 4 1 3 4 11 4 11 2 5 9 8 4 11 4 10 8 2 10 8 10 10 8 7 8 10 9 8 8 10 10 2 8 4 9 10 4 5 4 11 5 5 4 4 11 11 5 4 4 4 4 4 4 4 4 5 10 7 11 2 5 9 5 4 10 10 0 6 8 7 8 10 10 7 8 7 7 10 8 8 7 7 11 2 9 5 11 4 4 5 10 10 8 8 10 10 7 8 7 8 10 10 8 7 8 11 4 5 10 10 8 8 10 10 8 8 1 9 8 11 5 11 5 7 11 11 5 4 4 5 4 4 4 4 11 4 4 4 5 0 10 9 8 7 7 8 11 11 5 2 6 4 4 11 11 5 4 4 5 11 5 10 10 8 2 10 8 9 11 5 5 7 0 6 7 10 8 10 10 8 7 7 8 10 10 7 8 7 8 7 10 2 6 4 11 5 4 1 3 4 4 10 11 5 5 10 2 7 9 8 7 10 10 7 8 10 8 2 10 9 8 8 4 4 4 4 11 5 11 11 5 1 3 4 5 4 4 4 4 1 4 4 10 9 5 5 11 2 10 10 8 8 7 9 10 8 8 11 5 10 8 7 7 7 7 7 10 8 7 10 7 10 2 8 10 10 7 8 6 8 1 9 5 4 4 4 4 4 4 4 4 11 5 4 4 4 4 1 3 4 4 4 10 11 5 5 7 11 5 10 10 2 8 9 5 10 10 8 7 7 8 11 5 10 10 8 7 0 6 7 8 10 10 8 2 9 10 8 8 11 4 5 10 7 10 8 8 4 1 4 3 4 1 4 4 4 4 4 4 11 4 5 3 10 10 8 8 10 10 8 7 7 7 8 7 7 10 10 2 6 8 10 10 7 8 7 7 10 7 8 2 9 5 7 10 7 11 5 4 5 4 4 4 11 5 1 3 4 10 8 11 5 4 4 4 4 4 4 11 11 2 5 9 8 4 11 5 10 10 7 7 8 8 11 2 4 10 11 5 5 4 7 3 4 7 4 11 10 0 7 6 7 7 7 7 8 10 8 7 7 7 8 4 4 4 4 4 4 4 11 5 4 11 4 2 10 10 8 8 6 10 10 7 7 7 0 6 8 7 7 7 7 7 8 11 2 3 11 11 5 4 5 10 8 7 11 11 5 4 4 4 5 10 7 10 8 7 7 7 7 8 11 2 10 7 7 7 8 11 11 3 4 5 8 11 4 4 5 4 4 11 4 5 11 11 5 4 5 11 4 4 4 4 4 4 11 2 5 9 8 7 10 10 8 2 7 7 6 7 7 7 7 11 5 10 10 8 8 10 10 8 8 10 10 7 8 7 8 1 11 9 5 5 11 4 11 2 5 10 3 11 5 5 4 4 4 4 4 11 11 5 4 4 5 10 7 7 5 7 10 8 11 11 5 2 9 11 5 4 5 4 10 10 0 6 8 7 7 7 8 10 10 8 8 7 7 7 7 0 7 10 9 5 8 11 5 11 11 5 5 7 7 10 10 8 8 10 7 10 8 8 1 9 5 10 10 8 8 4 1 3 11 4 1 3 5 4 11 5 4 4 10 10 2 8 6 10 8 10 10 8 7 7 7 8 11 2 11 11 5 5 11 11 5 4 4 5 11 11 5 3 4 4 4 4 4 4 5 11 11 2 5 7 10 7 7 7 10 7 7 7 7 7 7 7 7 7 7 7 7 8 8
ppo_x50_b_fd_l4_noshaped,85,qv22_86,22,230,True,1383.0,9.181317567825317,8 7 5 10 9 8 7 5 10 10 8 8 11 5 10 10 7 8 8 10 10 8 7 5 11 5 4 4 11 5 10 7 10 7 8 7 5 10 10 8 8 11 10 2 8 11 4 5 3 11 4 4 4 5 10 7 10 7 8 7 8 10 2 10 10 7 6 7 8 8 10 10 8 8 11 5 10 10 7 8 8 4 10 8 4 10 10 2 4 3 7 10 7 8 8 1 4 4 3 4 1 3 4 4 11 4 10 8 8 11 4 2 3 4 4 10 10 8 7 8 11 4 1 3 4 4 5 11 2 4 9 11 4 4 4 5 5 10 7 7 8 7 7 7 7 7 7 11 10 8 8 4 4 11 5 4 4 4 10 8 11 11 5 4 5 4 10 2 10 10 6 7 7 7 7 7 7 7 7 7 7 8 0 7 7 7 8 11 4 3 5 11 4 2 9 5 4 4 4 4 11 11 5 4 2 10 10 8 7 8 10 7 6 10 7 7 8 8 10 2 10 10 7 8 8 9 8 4 4 4 1 4 10 8 6 11 1 11 5 5 3 4 11 5 4 4 4 10 8 10 10 8 10 8 7 7 8 7 7 7 7 7 11 5 4 7 4 1 3 4 11 4 4 4 11 5 4 4 2 11 3 4 4 4 5 11 5 11 11 2 3 5 4 10 2 10 6 8 10 10 7 8 7 7 7 7 7 7 8 10 10 7 7 8 2 9 8 4 11 10 8 8 10 7 10 8 2 9 8 4 4 4 1 3 4 4 4 4 4 4 1 4 11 4 5 11 3 4 4 4 5 10 8 11 11 2 5 10 10 6 7 7 7 7 8 8 0 9 10 8 8 4 10 2 10 10 8 6 7 8 4 4 11 5 4 10 11 7 7 7 7 7 7 7 8 8 11 2 11 3 4 5 10 10 0 7 6 8 7 8 11 10 8 8 1 9 11 5 5 4 1 9 11 5 4 4 8 11 11 2 5 10 8 10 6 7 7 10 8 8 4 1 3 11 5 4 4 4 1 3 4 4 4 11 11 2 5 7 9 8 1 4 3 4 11 4 5 11 11 4 8 0 6 7 10 5 7 7 7 8 11 10 7 0 6 8 8 10 10 7 2 8 6 10 7 7 8 7 11 10 8 8 10 10 7 8 8 11 5 1 11 3 4 4 5 1 3 4 4 4 1 11 9 5 4 4 5 11 4 11 5 2 9 8 11 11 5 5 7 7 7 7 0 6 7 10 10 8 8 10 10 7 8 8 11 2 4 3 10 11 5 5 10 7 0 6 7 8 7 10 7 7 10 8 8 4 11 2 3 1 4 4 4 11 5 3 4 4 4 4 4 1 11 3 5 11 11 5 4 4 4 5 7 7 7 7 10 11 2 5 9 5 10 10 8 7 8 10 10 7 8 7 7 7 7 8 10 10 7 2 6 8 10 2 9 10 8 8 4 4 1 3 4 4 4 4 11 4 5 10 10 8 2 9 4 4 5 1 4 11 3 10 2 8 11 9 5 4 4 4 4 5 4 0 11 5 10 10 6 8 8 7 7 0 7 7 10 7 7 6 7 8 7 7 10 7 8 1 9 11 5 5 4 4 4 4 4 11 11 5 2 9 5 11 11 4 5 5 10 10 8 7 7 8 4 11 4 5 10 10 8 8 4 10 10 0 6 0 6 7 7 8 8 11 4 5 10 10 7 7 7 8 7 8 4 1 4 4 11 5 9 10 8 8 1 4 6 11 4 5 4 4 10 10 2 8 9 5 10 10 8 7 10 7 7 8 7 8 11 4 5 10 2 3 4 4 11 4 5 7 11 11 5 4 5 4 11 4 4 4 5 4 10 2 6 10 10 8 7 7 8 11 11 5 5 4 4 10 10 8 7 7 8 7 7 7 10 10 7 7 7 7 8 10 8 7 7 7 8 4 4 1 9 5 4 4 4 4 4 4 4 4 4 4 4 10 11 5 5 11 5 4 11 11 5 2 7 7 7 7 7 7 7 9 8 7 7 11 10 8 8 10 10 7 2 8 10 10 6 7 8 7 7 8 11 2 11 11 5 4 5 10 8 7 10 7 8 4 3 4 10 8 4 11 5 4 4 4 4 4 4 4 4 4 4 1 4 4 4 4 11 5 9 5 11 10 8 8 0 7 7 7 7 9 5 7 7 7 0 7 7 9 8 11 10 8 7 7 8 7 7 10 10 7 7 2 8 3 11 5 4 11 4 11 5 5 4 4 4 11 5 4 11 11 5 5 4 4 11 11 4 5 2 9 5 10 10 8 7 8 10 10 8 8 0 6 11 4 4 4 5 0 9 5 10 10 7 2 6 8 10 10 8 7 7 8 4 11 5 4 11 4 4 5 10 10 8 7 7 7 8 10 10 8 8 7 7 11 11 5 4 2 4 4 4 9 5 4 4 4 4 11 4 4 5 10 10 2 6 8 11 10 8 8 10 10 8 7 7 7 7 7 7 7 8 10 10 8 8 10 10 2 8 9 10 8 8 11 1 9 5 1 3 4 5 11 4 4 11 5 4 4 5 11 11 2 4 5 9 10 8 7 8 4 11 5 10 10 8 2 4 11 4 5 4 11 9 5 4 4 5 0 10 6 8 4 10 8 7 7 7 7 7 10 10 8 8 0 6 7 10 10 8 7 7 7 7 7 7 8 11 2 6 4 11 11 5 5 4 4 4 11 4 11 2 5 9 8 10 10 8 8 1 4 11 9 5 4 5 11 4 4 10 2 8 11 4 4 5 9 4 4 5 10 10 7 8 7 8 10 7 10 0 6 7 7 0 6 7 7 8 7 7 8 11 11 5 4 5 10 7 8 11 11 5 4 4 2 9 5 4 4 10 11 5 5 4 4 4 4 11 11 2 5 4 4 9 4 5 10 10 8 7 7 7 7 7 7 7 7 7 10 7 8 7 8 11 4 5 10 10 7 8 8 7 10 7 10 8 8 4 1 9 5 4 1 11 9 5 8 4 4 11 5 11 11 5 2 7 7 7 11 5 10 10 8 8 10 9 8 8 4 4 4 4 4 1 3 4 11 5 10 2 3 7 11 11 5 4 5 10 11 2 5 10 10 6 7 7 7 7 7 7 7 7 7 7 8 8 10 10 8 2
ppo_x50_b_fd_l4_noshaped,86,qv22_87,22,237,True,1449.0,14.22124457359314,8 7 10 8 7 5 10 10 8 7 5 11 5 10 7 10 8 7 5 10 10 8 8 11 5 11 4 3 4 5 10 10 8 8 10 10 7 7 8 8 11 5 10 10 7 8 8 10 10 7 8 5 10 10 8 8 10 10 8 8 4 11 4 5 1 3 4 1 9 4 4 4 11 2 3 5 4 11 11 5 2 4 3 4 4 4 10 10 8 8 0 9 8 7 7 7 7 10 7 7 7 7 7 7 8 10 10 8 8 10 10 7 8 8 11 1 3 4 4 4 4 4 4 4 5 10 10 2 8 11 5 9 10 7 8 8 4 11 4 4 5 0 6 10 8 10 7 10 7 7 7 7 8 2 9 10 8 8 4 1 9 5 4 4 4 11 4 11 5 4 4 2 3 4 4 4 4 4 4 4 10 11 5 5 11 11 2 5 7 10 8 10 10 6 8 7 0 7 7 9 8 8 10 10 7 8 7 10 8 2 9 8 7 10 10 8 7 7 5 7 1 3 4 4 4 11 5 1 4 4 9 5 4 4 10 11 5 2 11 4 10 8 8 11 11 5 3 4 5 10 7 8 4 10 10 8 7 7 0 6 8 7 10 10 8 8 1 11 5 9 11 5 7 8 11 5 4 4 10 10 8 7 7 7 8 7 7 7 11 10 8 8 11 7 7 1 3 4 11 2 4 3 4 4 5 4 11 5 4 11 1 3 4 10 8 8 11 4 5 4 11 4 4 5 4 10 10 8 7 8 4 11 4 5 11 11 5 5 7 7 7 0 7 6 7 7 7 10 8 7 7 10 7 7 8 7 10 10 8 2 9 8 4 11 4 4 4 4 4 4 11 2 3 4 4 4 5 4 10 11 5 5 11 11 2 5 3 10 7 7 10 8 10 8 7 8 4 4 11 5 10 10 7 8 7 7 8 11 2 7 10 7 10 8 8 6 10 8 10 10 8 8 10 10 2 6 8 4 11 2 11 4 9 8 8 11 5 4 4 11 5 11 11 5 4 11 5 4 4 4 4 4 4 11 5 2 7 9 11 5 4 5 10 7 7 7 10 8 2 10 7 7 9 8 8 10 8 11 10 8 8 10 10 7 2 8 10 7 10 8 7 7 7 7 8 3 1 3 4 11 4 4 5 4 4 4 4 11 11 2 3 5 4 11 4 4 4 4 4 5 10 10 8 4 5 10 7 7 7 8 11 11 5 2 10 7 7 6 7 7 7 10 8 2 9 8 7 10 10 2 8 4 10 10 8 7 8 9 10 8 8 7 11 10 8 8 1 3 1 3 4 4 4 4 4 4 4 10 11 5 5 4 4 4 4 4 4 4 4 11 11 2 5 9 8 10 10 8 8 4 11 5 10 10 7 8 0 6 10 8 7 7 7 10 8 8 10 10 8 4 5 4 1 3 4 11 4 4 5 10 10 2 8 9 10 8 8 11 4 4 5 10 10 0 6 2 6 7 7 7 8 7 7 7 7 7 7 7 11 5 10 2 9 10 8 7 8 4 4 4 1 3 4 4 1 3 11 4 5 7 11 11 5 4 2 11 9 5 8 4 4 10 8 11 11 5 4 4 11 5 4 2 9 5 10 10 8 8 10 7 7 7 7 7 10 8 7 7 8 11 4 5 7 7 10 7 8 11 2 6 7 7 7 11 10 8 8 10 10 2 8 4 4 4 4 4 11 3 11 5 5 11 11 5 5 4 11 5 10 7 11 2 5 11 5 11 5 3 4 10 10 0 6 7 7 8 7 7 10 8 2 7 11 5 6 7 7 7 7 10 8 11 11 4 2 5 9 8 11 11 5 1 4 4 5 3 4 4 4 11 5 11 11 2 3 4 5 4 11 5 0 7 10 6 8 10 10 7 7 8 2 9 10 8 7 7 8 4 4 4 10 10 7 7 8 8 11 10 8 8 10 10 7 8 8 10 10 2 7 8 6 11 5 4 11 4 4 4 11 2 3 4 5 4 4 4 4 1 3 4 4 4 11 4 4 5 11 10 8 8 10 10 8 8 11 4 4 5 7 7 7 11 4 10 2 8 10 9 8 7 7 7 5 10 7 10 8 8 10 10 7 8 8 1 3 4 4 4 4 4 4 11 11 5 2 7 10 7 6 2 11 11 5 4 4 5 9 7 7 8 10 10 2 6 8 10 10 8 7 8 7 11 10 8 7 8 10 7 11 5 4 1 5 4 3 4 4 4 4 4 4 4 11 11 5 4 5 7 11 11 5 2 9 8 10 10 8 8 7 10 10 8 8 1 3 11 4 5 10 10 8 7 7 8 7 4 10 10 7 7 7 8 7 10 7 7 8 2 9 10 8 7 7 7 8 1 3 11 4 5 4 4 4 10 8 11 11 5 5 4 4 4 11 4 4 4 11 2 5 9 8 4 10 10 8 7 7 7 7 7 7 8 11 5 11 4 4 4 5 10 10 8 8 10 10 8 2 10 7 9 8 7 8 1 11 3 5 4 11 5 4 11 11 2 3 4 4 4 4 5 10 8 4 11 11 5 5 7 7 0 6 7 7 7 0 6 7 7 7 10 7 8 11 11 5 5 10 8 11 11 2 3 11 5 4 4 5 11 11 5 2 10 10 8 7 6 7 8 11 4 4 5 7 10 7 10 8 8 11 5 10 10 7 7 7 8 7 8 10 2 9 10 8 8 4 4 11 5 1 3 4 4 4 4 11 4 4 4 4 5 11 2 6 10 8 11 11 5 4 11 5 7 7 7 7 8 4 11 4 4 5 4 4 4 10 10 8 7 7 8 7 7 7 7 10 0 9 8 8 11 5 4 10 10 8 7 7 7 7 7 7 10 2 8 9 5 10 8 4 1 9 5 4 11 4 4 4 4 4 1 3 5 4 4 4 11 11 5 2 3 7 7 10 10 7 7 7 8 8 4 4 11 5 10 7 10 0 6 7 8 7 7 7 7 7 10 8 7 7 8 4 4 11 5 10 2 9 10 8 8 11 4 4 4 5 4 4 4 4 11 5 10 8 11 11 5 4 5 10 7 7 8 11 4 4 11 5 4 4 4 5 10 10 8 2 7 9 8 10 7 10 7 7 7 7 8 2 10 10 7 7 8 8 10 10 7 8 8 9 5 11 11 5 11 5 5 7 7 11 11 5 1 3 5 4 4 4 4 4 11 11 2 3 4 4 4 5 4 10 2 11 11 3 4 5 5 11 11 2 5 10 10 7 7 7 7 7 7 7 7 7 7 7 6 7 8 7 7 8 11 2 10 10 8 8 10 10 8 8
ppo_x50_b_fd_l4_noshaped,87,qv22_88,22,234,True,1385.0,13.935550212860107,8 8 9 10 8 8 10 10 8 8 11 5 10 7 10 8 8 11 4 5 10 10 7 2 7 5 9 5 10 10 8 7 5 10 10 8 8 11 5 10 10 8 10 8 7 5 10 10 8 8 10 10 8 8 4 11 5 4 10 10 7 7 7 8 8 11 1 5 4 4 11 9 5 8 11 4 4 10 8 8 11 4 4 5 4 4 11 5 4 4 4 4 11 11 5 5 7 7 10 11 2 5 10 10 8 6 8 10 10 8 7 10 2 8 9 10 8 7 8 7 11 4 4 4 5 10 8 10 7 10 8 2 10 10 6 8 8 10 10 8 2 3 11 5 10 10 7 7 7 7 8 8 1 11 4 3 5 10 10 8 8 11 5 1 3 4 4 4 4 4 4 4 1 4 4 4 4 11 9 5 8 4 11 11 5 2 9 11 5 0 7 8 6 11 11 2 3 4 5 11 2 10 10 8 8 10 7 7 10 6 8 7 8 7 10 10 8 8 10 8 7 11 11 5 5 7 11 10 8 8 7 10 10 7 7 7 8 8 10 2 11 9 8 8 11 11 2 11 5 3 4 4 4 4 5 1 3 4 4 11 4 4 5 11 0 9 8 8 10 10 8 8 10 10 2 6 7 8 11 4 5 1 3 4 4 11 11 5 4 5 0 9 8 11 11 5 5 11 4 5 10 7 10 8 7 7 7 10 8 2 6 10 10 8 7 8 10 10 8 7 7 8 1 11 3 4 4 5 4 4 4 11 4 1 3 5 11 4 11 4 4 2 4 5 10 8 10 7 7 8 10 7 7 10 8 8 10 9 8 7 5 10 10 2 8 10 10 6 7 7 7 7 7 8 2 9 8 4 10 7 11 5 2 3 4 4 4 1 9 11 5 8 11 5 4 4 4 11 4 4 4 4 4 4 11 5 2 7 9 11 5 4 5 7 10 10 8 7 7 8 10 7 7 10 8 2 9 8 4 4 4 11 11 2 3 4 4 5 4 10 11 4 2 5 7 10 9 8 10 8 7 7 7 7 8 11 5 11 11 5 2 11 9 5 4 5 11 2 10 10 7 6 7 7 7 8 8 10 10 8 7 7 8 10 10 7 8 8 11 2 4 4 4 11 4 5 11 3 4 4 4 5 4 4 4 11 5 10 8 4 10 10 8 7 7 7 8 10 10 7 7 7 8 8 10 7 7 10 7 7 7 8 7 8 1 11 4 5 4 3 10 10 7 8 8 11 5 10 10 8 2 11 5 4 4 3 4 4 11 4 5 4 10 10 8 2 10 6 10 8 8 11 5 10 10 7 8 8 10 10 8 8 1 9 8 11 4 4 5 7 10 8 10 10 8 8 4 4 4 7 4 10 8 11 11 2 3 4 4 4 4 5 1 9 5 4 11 4 4 4 4 4 4 4 4 5 7 7 7 10 0 6 0 6 7 7 8 7 7 11 11 5 5 1 4 4 4 9 11 5 5 11 11 2 5 9 5 10 10 8 10 8 8 7 10 10 8 0 7 10 8 7 6 7 8 7 11 5 10 10 8 8 10 7 8 10 10 7 2 3 4 4 5 4 10 11 5 5 1 3 4 4 4 4 4 11 5 4 11 11 5 5 4 4 11 2 9 10 8 4 5 11 2 10 10 8 8 11 5 10 10 7 8 7 9 8 2 4 9 5 10 10 8 7 5 10 10 8 8 10 10 0 6 7 8 7 8 11 2 9 10 8 7 7 8 11 4 1 3 4 4 4 4 4 5 11 5 10 10 7 7 7 8 8 10 11 5 2 6 10 7 8 10 10 2 10 6 8 7 8 10 10 2 8 3 4 10 11 5 5 4 4 11 5 1 9 11 5 5 11 5 4 4 10 11 5 5 11 11 5 2 4 3 4 4 4 4 10 10 0 6 7 7 8 7 7 7 7 7 7 7 8 10 10 8 8 4 4 11 4 10 2 8 10 8 10 7 8 10 10 7 8 6 7 8 11 10 8 2 3 4 10 8 4 4 7 7 4 4 4 4 4 4 1 3 4 4 4 4 10 10 8 0 6 7 8 11 10 7 7 8 8 7 10 10 7 2 6 8 4 4 4 4 4 1 3 4 4 1 9 5 11 4 5 4 4 4 4 11 4 11 5 2 9 8 10 10 8 8 11 4 2 9 5 0 10 10 6 8 7 7 7 8 10 10 7 8 8 11 2 6 10 10 8 7 7 8 1 3 4 4 4 11 10 2 8 11 3 5 4 1 3 4 4 4 4 4 11 4 4 5 10 7 8 11 4 11 2 5 10 8 10 10 6 0 6 7 7 7 7 8 7 8 11 4 5 11 10 8 8 10 7 7 7 7 7 7 7 7 8 1 4 4 10 10 8 7 7 7 8 3 4 11 4 4 5 4 4 1 9 5 4 4 4 4 4 4 4 4 4 10 10 8 0 9 8 7 7 8 7 10 10 8 7 8 11 4 2 3 4 11 5 11 1 4 9 5 5 11 11 2 4 3 4 4 5 10 2 10 10 8 7 8 10 10 7 7 7 8 7 8 11 4 5 10 9 8 8 10 2 10 10 8 8 10 10 8 6 7 8 11 2 9 5 4 10 10 8 2 10 9 8 7 8 1 4 11 3 4 1 3 4 8 11 4 4 11 5 2 3 4 4 4 4 4 4 11 11 5 11 5 2 10 6 8 10 10 2 8 6 10 10 8 7 7 10 8 0 7 8 10 6 8 10 10 7 7 7 8 8 1 11 4 3 4 4 4 4 5 4 11 4 5 10 10 8 2 10 6 8 4 4 10 10 8 7 7 8 10 10 7 7 8 8 11 4 2 4 4 4 9 5 4 4 4 4 4 4 4 1 4 4 10 11 5 5 10 8 3 10 10 2 6 7 10 8 8 11 11 8 11 7 7 7 2 6 7 7 8 10 10 7 7 7 7 7 7 7 7 8 8 11 4 4 4 5 10 7 8 10 10 8 8 4 4 4 4 1 3 11 4 4 5 11 10 8 7 7 7 7 11 5 5 10 2 10 10 6 8 8 7 11 10 2 3 5 7 7 11 11 5 5 4 4 11 11 5 4 4 5 4 4 4 11 5 11 11 5 4 4 5 11 11 5 2 10 10 7 7 7 7 7 7 8 8
ppo_x50_b_fd_l4_noshaped,88,qv22_89,22,228,True,1365.0,5.942840099334717,8 7 5 10 9 8 8 10 10 8 7 5 10 10 8 7 5 10 10 8 8 11 5 10 10 7 8 7 5 10 10 8 8 10 10 8 8 10 10 8 8 10 10 8 8 11 10 8 2 9 11 5 5 10 4 1 3 4 4 11 4 2 5 11 3 4 4 4 5 11 11 5 2 9 11 5 4 5 11 11 5 5 10 11 2 5 10 6 10 8 7 0 6 7 7 7 8 10 10 7 7 7 8 7 7 8 11 4 5 4 10 10 2 6 8 10 10 8 7 7 8 10 10 8 8 4 4 1 3 4 1 3 4 4 4 11 5 7 7 7 10 8 10 7 10 8 8 4 11 11 7 4 5 4 5 7 10 8 11 4 5 4 4 11 11 5 5 11 2 9 7 11 5 4 4 4 4 4 11 5 7 8 11 2 9 11 5 5 7 7 7 0 9 10 8 7 7 7 7 8 1 9 5 0 10 6 7 7 7 10 2 8 11 5 11 11 3 5 4 4 4 4 4 4 10 2 8 9 11 5 4 4 4 5 10 11 5 5 7 10 7 10 2 8 11 5 9 11 5 4 4 5 0 6 7 7 7 10 10 8 7 0 6 7 8 10 10 2 6 8 11 4 4 4 4 4 4 5 11 2 10 10 7 6 8 8 10 8 7 7 7 7 7 10 8 10 10 8 4 4 5 4 4 4 11 2 11 4 4 4 5 10 11 5 5 6 4 4 4 4 4 4 10 10 0 6 7 7 7 7 7 7 7 8 8 7 7 7 7 11 5 10 10 8 7 8 10 10 8 10 8 2 9 10 8 4 5 10 8 11 4 4 4 5 4 4 4 4 11 11 2 5 4 9 5 11 11 2 3 5 4 4 4 11 4 2 9 10 8 8 11 4 5 7 7 10 10 7 0 8 7 7 6 7 8 10 8 10 10 2 6 8 7 7 10 8 7 10 10 8 2 9 8 4 4 4 4 11 1 3 4 5 4 4 4 4 4 4 11 5 7 11 10 8 8 10 10 7 8 7 8 11 4 4 2 4 4 4 3 4 10 11 5 5 4 4 11 11 5 2 7 7 7 7 9 8 10 10 2 7 8 10 7 7 10 6 8 0 6 7 7 8 11 4 10 2 8 10 9 8 8 7 10 8 10 8 1 3 11 11 5 5 11 5 11 11 5 4 5 10 8 7 10 8 4 4 11 11 5 4 4 4 4 11 2 5 9 5 7 7 7 10 8 7 0 9 8 10 10 7 8 8 7 10 10 2 8 7 10 10 8 8 4 4 3 4 4 11 5 4 4 4 11 5 11 11 5 4 4 4 11 5 4 5 10 7 11 5 2 10 9 8 7 7 7 7 7 7 8 1 4 4 4 4 11 4 5 9 10 8 8 4 11 4 4 4 11 5 2 9 11 5 7 8 11 5 10 10 0 6 8 8 7 7 0 6 10 8 7 7 10 10 8 10 8 7 7 8 7 7 10 1 9 8 8 11 4 8 11 1 3 11 5 4 1 3 4 5 4 1 11 4 3 5 4 4 10 2 10 9 8 7 7 8 11 10 8 8 10 10 8 7 8 11 10 8 8 7 7 7 7 10 10 2 8 4 11 5 11 5 3 4 4 4 4 4 4 10 11 2 6 8 11 11 5 5 11 11 5 5 10 7 8 7 10 8 4 4 4 4 11 11 5 4 4 5 10 10 8 8 4 11 5 4 11 5 10 10 7 8 8 0 6 7 7 7 10 10 2 8 7 7 6 10 10 8 7 7 8 10 2 7 10 9 8 8 1 9 5 11 4 4 11 5 4 11 5 2 9 11 4 8 7 7 7 7 7 8 11 2 10 9 8 8 7 7 11 11 5 1 4 4 3 4 5 1 9 8 11 11 5 4 4 11 2 3 4 4 5 4 11 2 3 7 11 11 5 5 11 4 4 5 10 10 2 6 10 7 8 7 8 10 7 10 8 7 8 11 5 10 10 8 8 10 10 8 2 7 9 10 8 7 7 8 1 4 3 4 1 9 11 5 4 4 11 2 5 9 11 5 4 5 10 8 4 11 11 5 4 4 10 4 0 7 6 8 7 7 7 7 10 8 2 10 6 7 8 1 9 11 5 5 4 11 5 10 10 8 4 4 4 4 4 4 4 5 11 2 9 11 5 7 8 11 5 4 10 10 8 7 8 7 10 7 7 10 8 7 7 0 6 8 11 4 4 5 10 10 8 8 10 10 7 8 10 8 2 10 6 8 10 10 8 7 10 8 4 2 3 4 11 5 11 11 1 3 4 8 8 11 5 4 11 11 5 5 4 4 4 4 11 11 2 4 5 10 8 11 11 5 5 9 5 7 10 10 7 7 7 0 6 7 8 7 7 7 7 7 7 7 8 4 10 8 10 10 7 8 8 11 5 1 3 4 4 4 4 4 4 11 5 10 4 4 11 5 7 0 6 7 7 7 7 8 11 10 8 8 1 3 11 4 4 4 5 11 5 4 4 4 4 4 4 4 11 4 11 5 2 7 9 10 8 8 10 10 8 4 4 5 7 10 8 10 7 10 8 2 10 10 8 9 7 8 7 7 8 11 1 4 4 4 3 4 4 5 11 2 9 5 11 11 5 4 5 10 11 2 5 10 10 6 8 7 7 7 5 10 10 7 7 7 7 7 8 8 11 5 10 10 7 7 8 7 7 8 10 10 7 8 8 1 3 1 3 4 4 11 4 5 10 8 4 4 4 11 5 4 4 4 11 11 5 4 2 3 4 11 5 10 7 10 8 7 7 8 10 10 7 0 6 8 7 7 7 8 10 10 8 8 11 2 4 4 4 11 3 4 4 5 11 2 3 4 11 4 4 10 0 6 8 8 10 7 10 8 8 10 10 7 8 8 11 5 10 10 7 7 7 8 7 8 4 11 5 4 10 10 8 8 10 4 5 10 10 2 8 4 4 9 11 5 5 4 11 5 10 10 2 8 10 10 8 8 7 10 10 7 8 8 10 9 5 5 4 11 4 11 5 4 4 4 4 5 4 1 4 4 4 4 4 4 4 4 11 5 9 4 10 8 8 10 10 7 8 7 8 10 7 10 7 7 7 8 8
ppo_x50_b_fd_l4_noshaped,89,qv22_9,22,230,True,1423.0,13.68224811553955,8 7 5 10 9 8 8 10 11 2 10 6 8 7 5 10 2 10 10 8 7 5 10 10 8 8 9 5 10 10 8 8 10 10 8 8 10 10 8 8 10 10 8 8 11 5 10 10 7 8 8 4 1 4 4 4 4 4 4 9 5 11 11 5 4 4 4 5 4 11 11 5 5 7 7 0 6 10 7 7 7 8 10 10 7 7 7 8 8 4 1 11 4 4 4 3 5 11 4 2 10 10 8 7 7 6 8 11 4 1 3 4 4 4 5 11 2 9 11 5 4 4 5 7 7 7 0 9 7 8 7 7 10 10 7 7 0 6 7 7 7 2 8 10 7 10 8 7 5 9 10 8 8 4 4 4 4 4 10 8 11 4 4 4 5 4 1 9 11 5 7 8 11 4 5 11 11 4 4 2 3 5 11 2 10 8 6 0 6 7 7 10 10 8 8 10 10 7 7 8 8 10 11 5 5 4 11 1 3 4 4 5 11 1 3 4 4 4 4 4 5 7 7 7 10 8 11 11 5 2 10 6 7 10 7 8 8 11 10 0 8 8 10 10 7 7 8 8 7 9 10 8 7 7 7 8 4 1 3 4 4 11 1 4 5 9 10 8 8 11 4 5 4 4 4 11 4 11 2 5 4 11 5 7 6 10 7 7 7 7 8 10 7 10 7 8 8 1 9 5 10 10 8 8 10 10 8 4 4 5 4 4 11 5 4 4 4 11 4 4 4 11 2 4 3 4 4 5 11 4 2 9 10 0 6 8 7 7 8 11 4 4 5 10 10 2 6 7 7 7 7 8 11 2 11 4 3 4 5 4 11 5 10 10 8 2 10 10 7 8 8 10 10 8 6 8 10 7 10 8 2 9 8 7 11 10 8 8 10 10 7 2 8 7 9 8 11 11 2 3 5 4 4 11 5 4 10 11 5 11 2 5 4 3 4 10 8 11 11 5 4 5 7 0 9 8 10 10 7 8 8 10 10 8 7 8 10 10 8 7 8 10 7 10 8 8 11 5 1 9 10 8 8 4 4 1 3 11 4 5 4 4 4 11 5 4 4 11 11 4 5 4 11 5 11 5 2 3 4 4 10 10 8 7 7 8 10 7 7 7 7 10 8 7 10 2 8 10 7 9 8 7 8 1 3 4 4 4 11 5 4 4 4 4 11 11 5 5 11 2 3 4 10 10 8 2 6 7 11 10 8 8 10 7 7 8 10 10 7 8 2 11 10 8 6 8 10 10 8 7 7 8 10 7 11 5 4 4 1 3 4 4 4 5 7 10 2 9 7 8 11 10 7 8 8 1 3 4 11 11 5 4 4 4 4 4 4 5 4 11 5 4 11 11 2 8 9 11 5 5 4 0 9 10 8 7 8 0 6 7 10 10 8 7 7 7 7 8 7 7 7 7 10 7 7 7 10 8 2 9 5 4 4 11 4 4 4 11 2 5 4 4 9 5 4 11 5 4 4 11 11 5 7 8 11 5 4 4 4 11 11 5 2 9 5 10 10 7 7 7 7 8 7 10 7 8 7 7 8 11 4 4 5 11 10 8 7 7 7 7 7 8 10 11 2 5 3 11 11 5 5 11 5 4 11 11 2 3 5 0 9 8 10 10 2 8 10 7 6 7 8 10 10 7 8 8 10 2 9 10 8 8 11 11 7 8 7 11 5 4 4 5 4 4 4 1 3 11 5 10 7 11 5 4 4 4 4 4 5 10 7 8 11 11 2 4 5 9 7 8 11 11 5 5 7 7 0 7 7 10 9 8 7 5 10 7 7 8 11 11 5 2 6 10 7 7 10 8 8 11 5 7 10 7 8 1 9 11 2 3 5 4 4 4 11 4 11 4 5 4 10 8 7 8 11 4 4 5 4 4 4 4 1 4 4 9 5 11 11 2 5 10 8 4 3 10 7 10 8 7 10 8 8 11 10 8 7 7 7 7 7 8 10 10 8 7 7 7 7 8 1 3 4 4 4 11 4 5 11 5 4 4 4 4 11 11 5 4 5 11 2 9 10 5 10 8 4 4 5 7 7 10 7 8 7 11 11 5 5 4 11 5 11 11 5 7 7 8 11 5 10 7 10 2 6 7 7 7 8 4 10 4 4 5 10 10 7 7 7 8 7 7 10 7 7 8 7 7 8 4 11 1 3 5 7 7 11 4 4 4 11 4 2 4 5 7 10 6 8 10 10 2 6 7 8 1 9 10 7 8 8 1 4 3 4 4 11 5 11 11 2 5 3 4 4 4 4 4 4 4 4 11 4 11 2 5 11 10 8 8 10 9 8 8 11 5 4 10 10 2 10 6 7 8 8 7 7 7 7 7 7 10 8 10 10 7 7 7 7 7 8 7 8 11 11 5 5 1 9 5 10 7 8 11 4 4 4 4 4 5 4 4 11 11 2 5 11 4 5 9 10 8 8 1 3 4 4 10 5 10 8 11 11 5 5 10 8 11 11 5 4 4 5 10 0 6 10 8 4 5 10 7 8 10 10 7 7 8 7 8 10 8 10 10 8 7 7 8 10 2 10 10 7 8 8 11 9 8 8 4 11 5 10 10 7 8 8 4 4 4 4 11 4 5 11 4 4 4 5 11 4 5 10 10 2 8 7 7 7 10 9 8 5 11 1 4 5 11 9 5 4 4 5 4 4 11 4 4 4 5 11 10 8 8 11 7 10 7 8 8 11 2 6 4 10 10 8 7 7 7 7 7 7 7 7 10 7 8 8 11 5 7 7 7 11 11 5 4 4 5 11 2 6 4 10 10 7 7 8 7 7 7 8 1 3 1 4 3 4 4 11 10 8 8 7 11 11 5 1 3 4 4 5 10 2 3 11 11 5 4 11 2 5 6 11 4 4 5 4 4 11 11 2 3 4 5 10 0 6 7 7 7 7 7 7 8 11 5 7 7 7 7 7 7 11 10 8 8 11 2 9 5 10 10 8 8 10 7 10 8 8 4 1 9 5 11 5 4 4 4 4 11 11 5 4 5 11 4 4 4 4 5 4 11 11 5 5 7 7 10 10 8 8 7 7 0 6 7 7 7 7 11 11 2 5 11 3 4 4 11 5 5 11 4 4 5 10 10 2 8 10 10 6 8 7 8 0 6 7 7 7 7 10 8 4 10 10 8 7 7 8 7 10 10 7 8 2 9 5 4 4 11 11 5 4 4 4 4 4 4 5 11 11 4 2 5 10 10 7 7 7 8 8
ppo_x50_b_fd_l4_noshaped,90,qv22_90,22,233,True,1402.0,13.891014337539673,8 7 5 9 0 9 8 7 5 10 10 8 8 11 5 10 10 7 8 8 10 10 8 7 5 11 5 4 4 11 5 10 10 7 8 7 7 5 10 10 8 8 10 11 2 5 10 10 6 8 7 5 4 11 2 11 3 4 5 4 10 10 2 6 8 10 10 7 2 8 10 10 7 8 8 10 9 8 8 10 2 10 9 8 8 4 11 5 10 7 8 11 11 5 4 5 10 8 11 11 5 5 11 4 4 4 1 4 5 10 10 6 8 8 0 9 10 7 7 8 8 10 10 8 8 7 10 10 8 8 4 4 1 3 4 4 4 4 1 4 3 4 4 1 4 4 3 4 4 11 5 7 0 6 7 7 0 9 8 1 11 11 5 5 10 8 6 10 10 8 8 7 7 11 10 8 8 10 10 8 8 7 1 3 4 4 4 11 4 5 4 4 4 4 11 4 4 11 5 5 7 10 8 7 11 11 5 5 11 2 9 10 8 8 10 10 8 7 8 11 4 5 7 10 10 8 7 7 10 2 6 8 10 7 7 8 7 10 10 8 7 8 1 3 4 11 4 5 1 9 5 4 11 4 4 5 11 11 4 5 2 3 4 4 4 10 10 8 0 9 8 7 8 7 7 10 7 7 10 8 7 5 7 7 1 9 11 5 11 5 4 4 5 4 1 10 8 11 9 5 4 4 5 10 7 8 11 4 10 8 7 8 11 5 10 10 7 7 7 7 7 7 7 7 8 10 8 7 8 11 2 11 11 5 4 4 5 9 1 9 8 5 4 4 11 5 11 11 5 2 7 10 7 8 9 11 5 4 4 4 4 4 11 5 2 9 11 5 4 5 4 4 0 9 10 8 7 8 7 7 11 5 10 10 8 7 7 7 10 8 8 10 10 8 2 9 10 8 7 8 11 5 4 1 3 4 4 4 4 4 4 11 4 4 5 11 5 10 7 7 10 8 8 11 4 2 4 4 11 5 9 10 8 4 5 11 2 10 10 7 7 6 7 7 7 0 6 7 7 7 8 7 7 7 10 8 8 4 10 10 8 7 7 7 8 11 4 2 3 4 4 4 4 4 4 4 4 4 11 5 0 9 5 10 10 7 8 7 7 10 8 7 7 7 8 11 10 8 8 10 10 8 8 4 4 4 1 3 4 4 4 11 5 1 4 4 4 3 4 11 4 5 4 11 5 10 10 2 8 10 10 6 8 8 10 2 10 10 8 7 8 7 9 10 8 8 4 11 5 10 10 2 7 5 10 11 5 3 5 4 11 5 11 11 4 2 5 11 5 4 11 5 9 10 5 10 4 7 4 5 7 8 10 11 5 5 10 7 10 8 7 7 7 7 8 10 10 0 6 7 7 8 7 7 7 8 11 4 11 5 4 5 10 7 8 11 11 4 5 4 2 10 10 6 8 7 7 8 11 2 4 4 11 3 5 4 10 11 5 5 4 10 10 7 7 7 8 8 11 4 4 5 10 4 4 4 4 4 4 4 5 4 4 4 11 11 2 5 7 7 6 7 7 10 10 8 8 10 7 10 7 7 8 7 5 7 10 10 7 7 7 8 7 8 11 4 5 4 1 4 4 4 3 4 4 11 5 11 11 5 4 4 5 7 7 10 7 8 11 11 5 5 4 11 11 2 5 9 4 5 10 0 9 8 7 7 7 7 7 8 1 4 4 4 11 5 3 10 10 2 8 6 10 10 7 7 8 7 7 8 10 7 10 7 7 7 8 7 8 11 4 4 5 10 2 9 11 5 5 0 10 7 10 7 8 8 10 9 5 5 4 10 8 4 4 4 4 4 11 11 2 3 4 4 5 11 1 3 4 4 4 4 4 5 4 4 11 2 9 11 5 7 8 11 5 10 10 2 8 9 5 10 10 8 8 7 0 9 8 11 5 10 10 8 8 10 7 10 7 8 0 6 10 8 7 7 7 7 8 10 10 2 8 10 9 8 8 11 2 9 11 5 4 5 11 5 4 4 10 10 7 7 7 7 5 4 4 5 7 11 10 8 7 7 8 11 2 6 11 4 4 4 4 5 1 9 11 5 4 4 4 4 4 5 11 10 2 8 7 10 10 6 7 8 7 7 7 8 7 11 10 8 8 7 10 8 11 4 4 4 4 4 5 4 10 10 8 8 1 11 3 4 4 5 4 4 4 11 4 5 4 4 4 4 11 5 0 9 8 11 5 10 10 8 10 8 7 7 7 8 11 10 8 8 10 10 2 8 7 7 10 10 6 7 7 8 8 7 11 10 8 8 11 11 2 3 5 7 11 5 4 10 10 8 7 8 4 4 4 4 4 4 11 4 4 4 4 4 4 11 5 2 11 5 9 0 9 8 8 7 7 7 7 10 10 8 7 8 11 2 9 10 8 8 4 4 4 4 10 4 4 4 4 4 4 4 5 10 10 8 7 8 7 7 7 7 7 10 7 8 4 10 10 8 7 8 10 2 10 7 7 7 10 8 8 11 4 3 5 11 5 4 4 4 4 4 4 4 10 10 2 6 8 10 2 6 11 10 8 8 7 7 10 8 7 10 7 10 8 8 4 4 4 4 4 4 4 4 4 1 3 4 4 4 4 11 5 7 0 7 7 6 7 10 8 10 10 8 7 7 7 7 8 1 9 8 11 5 11 11 5 4 5 4 4 4 4 4 11 4 1 9 8 8 11 11 5 11 5 5 0 9 8 4 4 10 10 2 6 7 7 7 8 10 10 8 8 1 4 11 4 5 11 4 9 5 4 4 4 5 0 7 7 7 10 8 7 10 10 6 8 8 10 10 8 7 8 10 10 2 8 11 5 9 11 5 4 4 5 4 11 4 4 4 4 2 9 11 5 5 10 7 10 8 8 11 5 0 6 10 7 10 8 7 7 7 10 8 7 7 8 1 4 4 4 11 5 3 11 5 7 10 7 10 8 7 10 8 7 8 4 10 10 8 8 10 10 8 7 8 11 5 10 10 2 8 6 4 4 4 11 5 11 11 2 3 4 5 4 4 4 4 1 3 4 4 11 11 2 5 3 4 11 11 5 5 7 7 7 11 0 9 8 8 10 10 7 8 10 8 8 4 10 10 8 7 8 7 10 10 8 8 10 10 7 7 8 2 10 10 8 8 6 4 4 4 4 4 4 11 11 2 3 5 11 4 11 4 4 4 5 2
ppo_x50_b_fd_l4_noshaped,91,qv22_91,22,237,True,1364.0,7.045205116271973,8 8 10 9 8 7 5 10 10 8 7 5 11 4 8 10 7 10 8 8 10 10 8 8 11 5 11 4 5 4 4 11 11 5 2 3 7 7 10 7 10 7 8 2 7 7 9 10 7 7 8 8 10 10 8 8 11 5 10 10 7 8 7 5 10 10 8 8 1 9 5 4 11 4 5 10 10 2 8 4 4 9 5 11 11 4 5 5 10 8 11 5 4 4 4 11 4 4 4 5 10 10 2 6 8 10 10 8 8 11 2 9 10 8 8 0 9 5 10 10 8 0 9 8 8 7 7 7 11 10 8 8 10 10 7 2 8 11 5 4 3 11 4 4 11 5 1 3 5 4 4 4 11 4 5 11 11 5 2 9 11 5 5 10 8 10 10 8 7 10 8 8 11 5 10 10 7 8 0 6 7 7 8 10 10 7 8 8 4 4 4 11 2 3 4 4 10 10 2 8 4 11 4 4 3 4 4 4 5 10 11 5 2 3 4 10 10 8 7 7 7 7 0 9 8 8 10 7 7 10 8 8 10 10 7 7 7 7 7 7 8 8 11 4 5 10 2 10 9 8 8 4 1 11 9 5 8 4 4 1 9 5 4 4 11 5 11 5 4 4 11 5 11 11 5 2 4 9 5 11 11 5 2 7 10 8 10 7 7 7 10 6 8 7 7 8 11 2 3 10 10 2 8 6 10 10 7 8 8 11 5 4 4 4 11 1 3 5 11 4 4 4 5 10 10 2 8 10 10 6 7 7 8 8 11 10 8 1 3 5 10 7 8 7 10 10 8 4 4 4 5 10 7 8 10 7 10 8 10 8 8 7 11 4 10 8 4 5 10 7 8 4 4 4 4 4 4 4 4 4 4 4 4 4 4 4 11 5 7 11 11 5 5 7 11 5 10 10 8 0 6 7 8 11 11 5 5 10 7 7 8 4 10 10 7 5 7 7 7 7 7 8 11 11 2 5 7 7 7 3 4 11 4 4 11 5 4 4 4 4 4 11 5 4 4 5 7 11 5 11 11 4 2 8 7 7 9 10 8 7 8 7 7 7 7 7 7 7 7 7 10 7 8 10 10 8 2 10 8 9 10 8 8 4 4 1 3 4 4 4 4 1 3 4 4 11 4 5 11 4 5 4 4 4 11 5 11 4 10 8 7 8 11 5 10 10 7 8 7 8 11 10 2 8 3 4 11 5 10 7 10 7 8 8 10 7 10 8 7 8 4 4 11 4 4 5 11 2 10 10 6 7 8 8 11 5 11 10 8 10 2 6 7 8 11 10 7 7 8 8 7 10 7 7 10 2 8 9 8 11 1 4 9 4 5 4 5 4 4 4 11 4 5 11 11 5 4 5 10 0 6 7 8 10 10 8 8 10 10 8 2 4 3 4 4 4 11 11 2 3 4 4 5 7 11 5 11 4 11 5 11 2 5 3 10 10 8 7 7 7 7 7 7 8 10 10 2 7 7 7 8 10 9 7 8 8 11 4 4 1 3 4 5 10 8 11 4 11 2 3 5 11 4 4 4 4 4 4 11 5 2 10 8 10 10 7 8 7 6 8 7 0 7 10 7 8 10 6 10 7 7 8 7 8 10 10 8 8 1 3 4 11 5 4 11 11 4 2 8 11 3 4 4 5 11 11 5 11 2 8 11 11 5 5 3 7 7 7 10 10 8 8 10 10 7 7 7 7 8 8 10 2 10 10 8 6 8 4 4 4 4 11 5 4 4 4 4 4 4 11 10 8 8 11 2 4 3 4 4 4 10 11 5 5 10 10 7 8 7 7 8 10 0 6 0 7 7 7 7 9 8 8 7 7 11 10 8 8 1 4 11 11 5 5 3 4 4 11 11 5 4 4 11 5 2 11 5 4 3 4 4 4 4 4 10 10 8 8 7 7 7 7 7 10 8 7 11 10 8 8 4 11 4 4 5 10 10 7 8 7 7 7 8 4 4 10 2 11 9 5 5 4 11 5 4 4 4 11 11 2 5 4 11 3 5 10 10 0 6 0 8 7 7 7 7 9 8 7 5 10 10 8 7 7 8 10 8 10 10 8 7 8 10 7 10 8 8 4 11 1 3 4 5 4 4 4 1 4 11 5 9 5 4 4 4 11 4 4 4 10 8 7 8 11 11 2 5 10 8 10 7 10 7 8 7 7 8 10 9 8 8 11 10 8 8 7 7 11 10 8 8 10 2 9 10 8 8 1 3 4 11 4 4 5 11 4 5 4 4 4 11 4 4 2 11 3 4 11 5 4 4 5 10 10 8 7 8 4 11 5 10 10 7 7 7 8 8 10 2 10 10 7 8 8 10 10 8 7 8 7 9 8 10 10 8 8 1 3 4 11 4 5 0 10 10 7 6 8 7 8 4 10 10 8 7 8 11 1 4 3 4 5 4 10 2 9 11 5 5 11 5 4 4 4 4 4 11 5 4 4 11 4 11 4 2 3 5 11 2 10 10 7 6 7 7 0 6 8 7 8 7 7 10 7 7 7 7 7 7 8 4 4 11 5 10 7 10 7 7 7 8 8 1 11 4 5 4 4 3 4 4 1 3 11 5 11 11 5 4 4 5 10 11 2 5 10 6 7 7 8 10 10 2 6 7 8 10 7 8 4 11 4 1 3 5 11 11 4 2 3 4 4 4 5 10 11 2 5 9 10 8 7 7 8 11 11 5 5 11 10 2 8 10 10 6 8 8 11 10 8 8 10 7 10 8 8 10 1 3 10 8 8 10 10 7 7 7 8 8 4 11 4 5 10 8 10 10 8 8 11 10 8 8 1 3 4 4 10 8 11 5 1 3 4 4 1 3 4 4 10 8 11 11 5 4 4 4 4 5 10 8 11 11 2 3 4 4 4 5 4 10 0 9 8 8 0 6 7 11 5 10 10 8 7 7 7 7 7 7 7 7 7 7 7 8 11 4 4 11 2 5 9 8 10 8 7 10 10 8 7 7 8 11 11 5 2 9 8 7 11 11 5 5 4 4 11 11 5 5 4 4 4 4 4 4 11 4 4 5 11 11 5 4 2 11 9 5 5 10 10 7 8 7 7 7 7 8 10 7 8 11 11 5 5
ppo_x50_b_fd_l4_noshaped,92,qv22_92,22,234,True,1403.0,13.913753032684326,8 8 10 9 8 7 5 10 10 8 7 5 10 4 5 10 10 7 8 7 5 10 10 8 8 11 5 10 10 7 8 8 10 10 8 8 10 10 8 8 1 9 5 11 11 5 4 5 4 11 11 2 4 4 5 7 7 7 7 10 9 8 8 10 10 2 8 10 10 7 6 8 8 10 10 8 8 11 5 1 9 10 8 4 5 4 4 4 4 11 4 11 5 5 11 4 11 5 4 4 5 11 11 5 11 5 5 11 2 9 10 8 8 11 5 10 10 7 4 0 6 7 7 8 7 7 0 6 7 7 10 8 8 4 4 4 11 5 11 5 10 10 7 7 7 7 7 7 7 7 7 2 8 10 7 9 8 8 1 9 5 4 1 3 4 1 3 4 10 8 11 2 9 11 5 4 5 11 2 4 11 3 4 4 4 4 4 5 0 6 7 7 7 7 7 7 7 7 11 10 8 8 10 10 8 7 8 7 11 11 5 1 3 4 4 4 5 10 2 7 7 7 10 9 8 7 4 7 4 7 4 7 4 7 4 1 5 10 6 7 8 10 10 2 8 3 4 11 4 11 5 4 5 4 4 4 4 4 4 4 4 4 4 4 4 11 5 11 2 9 10 8 8 11 5 10 10 2 8 10 10 7 6 7 8 7 7 7 7 7 10 8 2 7 9 10 8 2 9 4 10 8 7 8 1 4 11 5 9 10 8 8 10 10 8 7 7 8 10 2 6 4 11 11 5 5 4 4 4 11 11 5 5 11 2 11 3 4 5 7 11 11 2 5 10 8 10 9 8 7 7 7 8 7 7 11 2 9 10 8 8 10 7 8 11 11 2 5 10 7 8 6 4 11 4 4 4 1 11 4 4 4 5 3 4 4 4 4 5 10 2 7 9 8 7 7 10 7 8 11 11 5 2 10 9 5 5 1 3 11 11 5 4 11 5 5 10 7 8 11 11 5 5 0 9 8 11 4 4 5 10 10 8 7 7 7 7 8 11 10 2 6 7 7 7 8 11 1 3 4 4 4 5 4 11 11 5 2 7 9 8 4 11 11 5 7 7 7 8 7 11 10 7 8 10 8 7 8 7 7 11 7 7 8 10 2 11 11 5 9 5 5 10 7 7 8 4 11 4 11 5 2 9 8 11 11 5 4 4 5 4 10 8 11 11 5 4 5 1 4 4 4 3 11 4 4 5 0 9 5 10 10 8 10 8 8 10 8 10 7 10 2 8 9 8 7 7 10 10 8 8 10 0 6 7 7 7 8 1 3 11 5 11 5 11 11 5 5 4 4 11 4 5 4 4 4 4 11 4 11 5 2 9 8 10 10 8 8 7 7 0 7 6 10 8 11 10 8 8 10 8 7 7 7 7 10 7 7 8 1 4 11 5 9 10 8 8 10 10 7 8 5 7 1 3 4 4 4 4 4 4 4 4 4 1 3 4 4 4 4 4 4 11 4 11 2 5 7 7 7 7 6 11 10 8 8 4 4 10 10 7 7 7 7 8 8 11 2 9 4 5 10 10 8 8 11 10 8 8 10 7 7 7 7 7 7 8 4 11 11 5 5 4 4 11 11 2 5 9 8 10 7 10 7 7 2 7 7 8 3 10 10 7 8 5 4 4 4 4 4 4 1 3 4 4 10 8 11 11 5 4 4 4 4 5 10 10 2 6 8 11 5 10 10 2 7 6 8 11 4 4 4 4 5 10 7 7 7 0 9 8 7 7 7 7 8 10 7 10 8 7 8 4 10 10 2 8 6 7 11 5 4 4 4 10 8 11 11 5 5 4 4 11 5 11 4 11 5 5 10 11 5 4 4 5 11 11 4 4 5 5 7 10 2 3 10 10 8 2 11 5 3 4 4 10 10 8 8 0 6 7 7 7 7 7 7 10 8 10 8 7 11 11 5 1 4 4 4 5 4 9 5 11 4 4 4 5 10 10 8 2 7 7 6 7 7 10 10 8 7 7 7 7 8 1 4 4 9 11 5 5 4 11 4 11 4 2 5 11 5 9 11 5 7 8 11 5 10 10 7 8 7 10 8 8 10 11 2 5 10 6 10 7 8 4 10 8 8 11 10 7 7 7 8 7 7 8 4 1 3 4 4 11 10 8 8 11 4 4 4 4 4 4 11 2 4 5 9 7 8 10 8 4 4 11 11 2 4 4 5 9 5 11 2 3 4 10 10 0 6 8 7 10 8 7 7 10 8 7 7 8 11 2 10 10 8 7 7 7 5 9 8 10 10 8 7 8 10 2 9 10 8 7 5 4 4 4 4 4 4 11 7 8 11 11 5 4 4 5 10 11 5 5 11 2 11 4 4 4 4 4 3 4 4 5 10 10 7 8 0 6 7 7 10 8 7 7 7 7 7 8 11 2 9 7 7 10 8 7 8 4 4 4 4 4 4 4 4 4 4 11 5 10 10 2 8 10 10 6 8 8 11 10 8 8 10 10 7 8 2 10 6 8 1 3 4 4 4 4 10 8 11 4 4 5 4 4 4 11 11 5 2 11 5 3 11 5 10 10 7 8 7 7 10 8 7 7 7 8 0 10 10 7 7 6 8 0 6 7 8 10 10 8 8 11 2 4 11 10 8 8 4 4 4 4 9 5 4 4 4 11 4 11 5 7 8 11 4 4 4 4 4 4 11 5 2 11 4 5 7 9 10 8 8 11 10 2 8 10 10 6 7 0 6 8 7 8 10 10 7 7 7 7 7 7 8 7 8 10 10 8 8 11 2 3 4 10 8 7 11 11 5 4 5 11 5 4 1 3 4 4 1 9 5 4 11 11 2 3 4 4 5 4 4 4 11 5 10 7 11 2 5 11 5 11 4 10 6 7 7 8 7 7 8 10 10 7 7 7 7 7 8 7 10 8 7 7 8 10 7 8 4 11 11 2 5 11 9 5 5 4 11 5 7 10 7 7 8 4 10 10 8 8 4 4 4 4 11 11 5 4 4 5 4 11 5 10 8 11 11 5 2 4 4 11 5 3 4 10 10 8 8 10 7 10 7 7 2 7 6 8 11 5 10 10 8 7 8 10 10 7 7 8 7 7 8 11 2 3 4 11 4 10 8 8 11 11 5 4 4 4 5 0 7 7 6 10 8 10 10 2 8 7 10 10 8 8 4 4 11 11 5 4 4 5 4 4 11 11 5 4 4 5
ppo_x50_b_fd_l4_noshaped,93,qv22_93,22,231,True,1390.0,13.810127258300781,8 7 5 10 9 8 8 10 11 2 5 10 7 9 8 8 10 10 8 8 10 10 8 7 5 11 5 0 10 6 10 8 8 11 2 10 10 6 8 8 10 10 8 8 1 9 5 11 5 4 4 4 4 4 4 11 4 11 5 4 2 9 10 8 7 8 11 4 5 11 11 5 7 7 8 10 10 8 10 8 8 10 8 4 4 10 10 8 7 7 8 4 4 11 4 4 5 10 10 8 7 7 7 10 8 8 10 10 7 7 7 8 8 10 10 8 8 1 9 5 11 4 4 5 4 4 4 4 4 4 1 3 4 4 11 4 5 10 10 8 8 4 11 5 11 11 5 4 2 10 10 8 7 7 7 7 7 7 8 7 9 7 5 10 7 7 8 10 10 8 1 8 11 4 3 4 4 5 4 4 4 4 4 4 4 4 11 2 9 10 8 4 5 10 8 4 10 10 8 7 7 8 11 11 2 5 10 7 5 10 10 7 6 7 0 6 7 7 8 8 10 10 8 2 10 10 7 8 8 10 9 8 8 10 10 8 8 11 2 3 4 4 4 4 4 11 4 5 11 11 5 2 3 7 10 10 7 7 8 2 7 10 8 10 10 7 8 6 8 11 5 4 1 4 4 4 3 4 4 11 4 4 4 5 10 10 8 2 7 9 10 8 8 11 5 1 4 9 4 4 5 10 10 7 8 8 11 2 6 10 10 0 8 6 0 6 8 10 10 7 7 7 8 7 8 4 4 11 2 4 11 9 8 5 11 4 5 4 10 10 2 8 11 4 4 5 9 8 10 10 8 2 10 10 7 7 7 6 5 7 5 4 4 4 4 4 4 4 4 4 4 1 3 4 4 11 5 4 0 9 10 8 8 7 7 7 10 7 8 7 10 10 8 2 7 9 8 7 7 10 10 8 7 8 1 3 4 4 4 4 1 3 4 4 10 11 5 5 4 4 4 4 4 11 5 11 11 5 4 5 10 10 8 7 7 8 10 2 10 10 6 7 8 8 7 10 7 8 10 10 8 8 10 4 5 7 10 8 4 11 11 5 2 7 10 7 7 7 6 7 8 7 11 5 4 4 1 9 8 4 11 4 11 4 4 5 5 11 11 5 2 4 11 5 9 10 8 8 11 5 11 5 4 11 11 5 11 5 5 4 11 5 10 10 8 2 9 4 5 10 10 8 10 8 7 7 7 0 6 7 8 7 7 7 7 7 7 7 10 7 7 8 7 11 11 5 4 4 5 10 10 8 8 4 11 4 5 4 4 11 11 5 4 5 10 2 10 9 8 5 10 7 7 10 8 7 8 10 10 2 8 4 9 5 10 10 7 8 8 7 11 11 5 4 4 4 1 3 4 5 4 4 4 4 11 11 5 5 4 10 2 9 10 8 8 7 7 7 11 1 3 11 5 4 4 4 4 5 11 4 2 9 5 0 9 10 8 8 7 11 5 10 10 8 8 10 10 8 7 7 7 7 8 7 11 10 7 7 8 10 7 2 7 8 10 5 4 4 4 6 4 4 11 5 11 11 5 4 5 11 11 5 5 11 11 2 4 5 10 9 5 5 7 10 10 8 7 7 7 7 7 7 8 10 7 7 7 10 8 2 11 5 6 7 11 11 5 1 4 9 5 4 5 11 4 4 5 7 7 10 11 5 5 4 4 4 4 4 11 4 11 5 4 5 7 0 9 8 7 1 9 10 8 7 7 8 11 4 2 11 11 5 4 5 3 11 4 11 5 5 7 7 7 7 7 7 10 11 2 5 6 7 7 10 7 8 11 11 5 5 10 8 7 7 10 10 8 7 7 8 4 1 3 4 4 4 1 9 5 4 11 2 10 9 5 5 10 8 10 10 8 7 8 11 10 8 8 11 4 4 4 4 4 4 11 5 4 4 11 2 5 3 4 10 10 8 8 10 7 10 8 7 8 7 7 7 10 7 8 10 10 7 7 8 7 7 7 7 8 4 4 11 2 9 5 4 10 10 8 8 11 2 9 7 8 4 11 4 4 4 4 5 4 4 4 4 4 4 1 11 11 5 9 5 7 8 11 11 5 4 5 11 11 2 5 7 10 7 6 8 10 10 7 8 8 10 8 10 7 10 8 8 7 10 10 7 8 8 4 10 10 8 7 8 10 10 8 2 9 8 4 4 11 5 4 4 10 8 11 11 5 4 5 10 10 2 8 9 5 11 11 2 5 9 8 11 11 5 4 4 4 5 11 5 10 10 2 8 6 10 7 7 8 10 7 10 2 7 5 7 10 10 8 6 7 7 8 4 4 11 5 11 5 1 3 4 4 4 11 11 5 2 4 4 11 9 5 8 11 4 4 4 4 11 2 3 5 4 10 10 8 7 7 7 7 7 7 7 0 6 7 7 7 7 7 7 7 7 8 11 4 4 4 4 1 3 4 4 4 5 4 1 11 3 5 10 10 8 8 11 5 4 4 4 4 11 2 9 10 8 4 5 10 10 7 0 6 7 8 7 7 7 7 7 7 10 8 7 8 11 2 9 4 4 1 4 9 5 4 5 10 8 4 11 11 4 4 8 4 4 4 4 4 4 5 10 10 8 2 3 7 7 10 7 7 0 6 10 8 7 7 7 8 10 10 7 7 8 7 8 7 10 10 8 8 4 4 11 1 9 5 4 5 10 10 8 2 9 5 4 11 11 5 2 9 4 5 4 4 4 4 4 4 4 4 10 11 5 5 4 11 11 5 2 7 10 7 6 7 8 7 7 0 6 10 10 8 7 7 7 8 10 7 7 10 7 8 8 11 10 8 1 3 5 10 7 8 4 11 4 4 5 4 4 1 4 4 4 4 10 11 5 5 9 5 10 10 7 7 7 7 8 8 11 5 4 10 10 8 8 11 2 10 10 6 7 8 7 8 10 2 7 9 10 8 8 4 1 3 4 4 4 1 3 4 4 4 11 5 4 4 10 1 9 5 5 4 4 4 0 10 10 6 8 7 7 7 7 8 7 7 11 11 2 5 7 10 10 8 8 10 10 8 8 10 9 8 8 7 10 8 11 11 5 5 11 11 5 4 4 4 4 4 11 5 4 4 4 4 4 4 4 4 5 11 2 10 10 8 7 8 10 10 7 7 8 7 7 8 10 7 8 11 11 5 5 11 11 5 5
ppo_x50_b_fd_l4_noshaped,94,qv22_94,22,233,True,1404.0,16.46566605567932,8 7 5 9 10 8 8 10 10 8 8 11 5 10 10 7 2 5 10 10 8 8 10 9 8 8 1 9 8 10 10 8 8 11 2 10 10 6 8 8 10 10 8 8 11 5 10 10 7 8 8 11 5 4 4 1 3 4 11 4 4 5 11 11 2 5 6 7 10 7 7 8 11 5 11 11 5 4 4 4 4 4 5 11 11 5 5 7 0 7 9 8 10 7 7 8 10 10 7 7 8 2 10 8 10 10 7 6 7 7 7 8 8 4 11 4 5 4 4 4 1 9 5 4 4 4 4 4 4 4 11 11 5 2 9 8 11 11 5 5 7 7 11 10 8 8 10 10 7 8 0 6 7 7 7 7 7 7 7 10 7 8 8 10 10 7 8 8 1 4 11 9 8 8 11 4 4 4 5 4 4 11 11 5 2 9 4 5 10 10 8 7 8 11 10 8 8 10 10 7 8 2 10 6 8 1 3 4 4 4 4 4 4 1 3 4 11 4 4 11 2 5 10 8 6 10 10 8 8 1 3 11 5 11 11 5 4 4 5 10 11 2 5 10 7 7 6 8 10 10 7 2 8 10 10 6 0 6 8 7 8 1 4 11 5 4 3 4 4 4 4 4 10 8 11 11 5 4 4 5 10 2 10 10 7 3 7 7 7 0 7 7 7 7 7 7 6 8 8 10 10 7 7 7 7 8 8 11 5 10 10 8 2 9 5 4 4 4 4 11 4 11 7 2 3 4 5 10 8 4 4 4 4 4 4 4 10 10 2 8 9 5 7 11 10 8 8 10 10 7 7 7 8 7 7 7 8 10 2 10 10 8 8 3 4 4 11 1 9 5 5 11 11 5 2 4 9 5 11 4 5 4 4 4 11 5 4 4 10 8 11 11 5 5 11 11 2 3 4 5 11 2 10 10 8 6 8 10 10 8 7 7 7 7 8 7 7 7 7 10 10 8 7 8 1 3 4 4 11 4 5 10 10 8 8 10 10 8 7 7 7 8 11 2 9 1 9 5 5 4 4 11 5 11 11 5 4 4 4 4 11 2 5 11 3 4 4 4 4 5 10 10 8 7 10 8 7 8 7 0 6 7 7 7 10 7 7 7 8 11 11 5 2 7 10 10 7 8 8 9 10 7 8 5 10 8 11 1 3 5 4 4 4 4 4 4 4 4 4 11 11 5 2 7 7 11 9 8 8 10 10 8 8 7 11 10 8 8 7 10 7 10 7 7 8 7 5 4 4 4 1 3 4 4 11 5 11 4 4 11 5 2 9 8 11 11 5 1 3 4 4 4 11 5 4 0 6 7 7 8 11 4 4 4 5 10 7 11 5 4 5 10 7 8 10 10 7 7 8 8 7 7 7 10 7 8 7 7 7 11 10 8 8 10 10 8 2 7 9 8 4 4 4 11 4 4 11 5 4 5 7 10 8 4 4 4 4 11 11 4 2 4 4 5 10 7 8 11 11 5 5 9 5 4 11 11 5 5 11 2 10 10 8 7 7 7 8 3 11 5 7 10 10 7 7 7 8 8 10 10 8 7 7 8 10 10 8 8 10 8 10 10 8 4 4 2 11 5 7 9 8 4 4 11 5 4 4 4 4 4 4 10 11 5 5 4 11 4 5 10 10 8 7 7 8 10 10 2 7 6 8 10 10 7 8 8 7 7 7 7 10 8 4 1 9 8 10 10 8 8 4 11 5 1 3 4 4 11 4 4 5 4 11 5 4 4 4 4 4 1 3 4 11 5 10 10 8 4 4 5 11 2 10 10 8 8 10 7 6 10 8 7 8 7 7 7 7 7 10 10 8 7 8 10 10 7 8 8 4 10 10 8 8 11 4 8 11 1 9 8 5 10 8 11 11 5 4 4 5 1 9 5 4 4 11 4 5 11 11 2 4 5 9 4 4 4 4 5 10 7 7 7 7 7 8 11 11 5 4 5 10 8 7 7 7 11 10 8 8 10 2 10 7 10 8 7 8 10 7 7 8 3 4 11 4 11 2 5 7 7 7 7 10 8 9 10 8 8 4 4 11 5 1 3 1 3 4 4 4 4 4 11 10 8 8 11 10 2 6 7 8 4 11 5 10 10 7 8 7 8 10 10 2 8 10 10 7 7 6 5 4 4 5 4 4 4 4 4 4 11 5 4 4 4 4 4 11 5 11 4 2 9 10 8 7 5 10 10 7 5 4 4 4 4 5 7 10 7 7 7 8 11 5 10 10 7 7 7 8 8 7 11 5 11 10 7 8 8 10 7 10 2 8 4 11 3 4 4 5 4 4 10 8 11 11 5 4 5 11 11 4 5 2 9 8 11 10 8 8 4 4 11 11 5 5 7 7 0 9 8 7 7 7 7 7 7 10 10 8 7 7 7 7 7 8 7 7 10 10 8 4 4 5 4 4 11 5 10 7 7 8 4 11 11 5 5 4 4 4 1 4 9 5 10 8 0 9 7 0 6 7 8 7 10 7 7 8 10 8 11 11 2 4 3 5 10 8 4 11 11 4 4 5 4 5 10 7 8 10 7 7 7 8 10 8 4 11 11 5 4 4 4 4 1 4 3 4 4 4 5 4 4 1 4 11 3 4 5 10 10 2 7 8 11 9 8 8 10 10 8 7 8 0 9 8 11 5 0 9 10 7 8 8 11 10 8 8 10 10 8 8 10 7 8 11 10 8 8 10 7 8 11 11 2 5 3 11 11 4 5 4 4 4 4 5 4 4 10 10 8 7 8 11 10 8 8 11 4 4 4 5 4 4 11 11 5 2 9 11 5 7 7 8 4 11 4 4 5 10 10 7 7 7 7 7 8 7 7 8 4 11 4 4 5 10 7 10 8 10 4 0 6 8 7 7 10 8 8 11 5 10 10 8 7 7 7 7 7 8 1 3 4 4 4 1 11 3 5 7 7 7 10 7 8 10 10 8 8 4 4 4 4 4 4 4 4 11 11 5 2 4 4 4 9 5 11 11 5 5 4 11 11 5 2 9 8 10 10 7 8 8 10 10 7 8 7 7 8 7 11 11 5 5 11 5 10 10 2 8 6 7 10 10 8 8 10 7 10 8 8 10 10 2 8 4 4 11 11 5 3 5 4 4 4 4 4 4 4 4 4 11 4 4 5 11 11 2 5 10 10 7 7 7 7 8 8 10 10 7 6 8 7 7 8
ppo_x50_b_fd_l4_noshaped,95,qv22_95,22,234,True,1401.0,13.931161165237427,8 7 10 8 7 5 9 10 8 7 5 11 10 7 8 7 5 10 10 8 8 11 5 10 10 7 8 8 10 10 8 7 5 10 10 8 8 11 5 11 11 5 2 11 9 5 4 5 10 0 6 7 7 5 10 10 7 7 8 8 10 10 8 8 1 9 5 11 5 4 4 10 8 11 11 5 4 4 4 4 4 4 4 5 11 11 5 2 9 7 7 8 11 5 4 11 11 5 5 11 11 5 5 10 8 7 11 5 10 10 8 7 7 0 6 7 8 10 10 8 8 11 2 3 4 4 4 4 4 11 11 2 5 10 7 8 10 10 7 7 6 7 8 7 0 6 8 10 10 7 7 7 7 7 7 8 8 11 5 1 9 5 4 4 4 11 5 4 4 1 4 4 4 4 4 4 4 9 5 11 11 5 4 2 3 10 10 8 7 7 7 7 7 7 7 7 10 8 8 11 5 10 10 7 7 7 7 7 7 8 7 8 11 2 4 11 3 10 2 8 3 4 4 11 4 4 2 11 9 5 8 11 5 4 4 4 4 11 11 5 2 9 8 4 4 11 11 2 5 3 10 7 10 7 7 7 7 0 6 7 8 7 7 7 7 7 8 10 2 10 10 7 8 8 9 5 4 4 4 10 8 11 11 5 4 11 5 4 5 4 4 10 10 2 8 7 10 8 7 7 7 10 8 6 11 4 4 11 5 4 5 4 1 3 4 11 5 4 4 4 4 4 4 4 11 11 2 5 7 10 8 10 10 6 7 7 7 8 7 7 7 8 7 10 10 8 8 1 4 4 9 5 11 4 4 11 5 4 2 9 5 4 11 0 9 5 4 4 4 5 10 10 8 7 7 7 10 8 0 6 8 10 10 8 8 11 10 8 8 1 4 4 4 4 11 4 4 5 7 10 6 10 8 8 11 5 10 10 7 2 6 7 8 10 2 10 10 8 6 8 10 7 10 8 2 9 5 4 4 4 4 4 11 11 5 4 2 3 11 4 4 11 5 4 5 7 10 8 4 4 4 4 0 10 10 8 6 7 7 7 7 7 7 7 7 7 7 7 7 7 8 4 4 4 4 11 2 11 9 5 7 8 11 4 5 4 4 4 4 4 11 11 5 2 9 7 8 11 11 5 4 5 10 7 7 8 10 10 8 0 6 7 7 8 10 10 8 8 10 2 10 10 6 7 7 7 8 7 8 1 11 4 5 9 5 10 10 7 8 5 10 2 4 9 5 4 7 10 11 5 5 4 4 4 4 11 5 4 11 11 5 2 9 8 4 4 10 10 8 2 10 10 8 6 7 8 4 4 4 4 11 4 4 4 4 4 4 4 5 10 10 2 8 9 10 8 4 4 5 10 7 8 10 10 0 6 8 7 7 8 10 10 7 7 7 7 7 7 7 7 2 7 7 8 11 4 5 3 4 10 4 4 4 4 4 4 5 0 6 0 11 3 4 10 7 8 7 8 10 10 7 8 8 10 10 7 7 8 8 11 4 4 4 4 5 11 4 4 5 4 1 3 11 4 5 11 11 2 3 4 4 4 4 5 11 2 10 10 6 7 7 7 8 7 7 10 8 8 4 4 4 4 11 5 4 10 10 8 8 10 10 7 7 7 7 7 8 7 7 7 7 8 11 11 5 5 4 4 4 4 10 2 10 10 6 7 7 7 2 8 10 10 7 7 8 8 11 3 10 2 8 3 11 5 4 4 4 4 1 9 11 5 7 8 11 4 4 1 3 5 4 4 11 5 4 4 4 4 10 11 5 5 11 11 5 2 3 11 10 8 8 10 10 7 8 7 7 7 7 10 8 2 11 3 10 2 6 7 8 10 10 8 8 11 1 3 4 4 5 4 4 4 4 10 8 11 4 4 4 5 11 11 2 5 11 10 8 8 3 10 10 7 7 8 8 11 10 2 7 5 10 10 7 6 7 7 0 6 7 8 7 5 10 10 7 8 7 8 7 10 8 7 11 11 5 4 4 5 10 2 10 9 8 8 11 5 1 9 11 5 5 1 3 4 11 5 4 11 2 9 4 10 8 8 10 10 8 7 5 4 4 1 11 3 5 7 7 10 7 8 11 11 5 5 4 4 4 4 4 11 11 5 2 9 4 4 4 5 10 10 8 7 7 7 8 4 11 4 4 4 5 10 10 7 7 8 7 7 7 7 0 6 8 11 10 8 8 10 10 7 7 8 10 8 2 9 10 8 10 8 10 8 8 10 10 8 1 3 4 5 10 2 9 10 8 1 3 5 11 2 9 11 5 4 5 10 8 11 10 8 8 10 10 8 4 4 4 5 10 8 11 11 5 4 4 4 1 3 5 4 4 11 11 5 2 9 11 5 7 8 11 11 5 5 4 10 10 8 7 11 2 5 3 11 5 10 10 7 8 7 8 0 9 8 10 10 8 2 10 9 8 8 1 3 4 11 5 10 10 8 8 4 4 4 4 10 10 2 8 11 5 9 11 5 5 10 10 7 0 6 7 7 7 8 7 7 8 7 10 2 7 7 9 10 8 8 4 1 3 4 4 4 10 11 5 5 4 4 4 11 2 3 4 4 4 1 11 3 4 4 4 4 5 10 2 10 10 7 6 7 7 8 8 7 11 4 5 10 10 7 8 8 10 10 7 8 2 10 8 7 9 10 8 8 10 8 7 1 3 4 4 10 7 10 8 7 8 4 1 10 8 3 4 4 4 4 4 10 11 5 5 4 4 4 4 4 4 11 11 2 5 7 7 10 6 7 7 7 7 7 7 7 10 8 8 10 2 7 10 7 9 8 8 10 2 11 4 9 1 5 4 11 5 3 5 11 4 5 4 4 4 4 11 5 11 11 5 2 11 3 4 5 11 11 5 4 2 10 10 8 7 7 6 7 7 7 8 11 2 4 9 5 11 4 4 11 2 5 10 10 7 6 7 7 7 8 7 7 8 4 10 10 7 7 8 7 8 4 11 4 5 11 5 4 4 1 11 4 4 5 3 4 4 11 5 4 10 10 8 8 10 7 10 7 7 8 8 10 10 0 7 6 7 7 7 8 7 7 7 7 7 8 4 1 9 8 4 4 11 11 5 5 10 8 11 11 2 3 4 5 11 5 10 10 2 8 10 10 6 7 7 8 8 10 10 8 2 9 8 4 4 4 4 4 4 11 11 4 4 2 5
ppo_x50_b_fd_l4_noshaped,96,qv22_96,22,231,True,1417.0,13.821614980697632,8 7 10 8 7 5 9 10 8 8 11 5 0 10 7 10 8 7 5 10 10 8 8 9 5 10 10 8 8 11 10 2 8 10 10 8 8 10 9 8 8 11 2 10 10 7 8 8 11 5 4 3 11 4 4 5 10 10 8 2 10 6 7 10 7 7 8 8 11 5 10 7 10 8 8 4 10 8 11 11 5 5 4 4 4 4 4 4 4 1 3 1 3 4 10 8 11 11 5 4 4 5 10 8 4 11 11 2 5 6 7 7 10 7 8 11 11 5 7 7 7 8 4 1 4 4 4 11 5 4 11 11 5 9 5 5 7 10 11 2 5 9 10 8 7 7 0 9 8 5 10 7 7 7 7 0 6 7 0 6 7 7 7 7 10 8 8 1 4 9 5 11 11 4 5 4 5 11 11 5 5 10 11 2 3 5 11 5 4 4 11 11 4 4 2 3 5 11 2 9 10 8 8 7 7 7 10 10 2 6 7 8 10 10 8 7 7 7 8 11 5 10 10 2 8 9 5 11 11 5 4 4 4 4 5 11 5 10 10 2 8 10 6 7 0 10 7 8 7 7 8 4 10 8 7 10 10 8 7 8 3 4 11 10 2 6 7 8 4 11 2 11 9 5 4 5 4 4 11 5 4 4 4 4 4 11 5 10 10 8 4 4 4 4 4 4 5 4 0 9 10 8 8 7 7 7 7 7 10 8 10 10 2 8 9 5 11 11 5 4 5 11 11 5 2 7 10 6 7 8 4 10 10 8 7 7 8 10 10 8 8 10 10 8 8 11 4 4 5 4 1 11 9 8 8 11 1 5 4 4 4 9 11 5 5 11 11 4 2 5 9 4 11 5 5 7 10 0 9 7 8 10 8 7 8 10 10 7 7 7 8 10 2 6 7 8 10 10 8 8 11 5 4 4 4 4 1 9 8 11 5 4 11 11 2 3 4 5 4 4 11 10 2 8 10 10 6 8 7 7 7 7 7 7 7 7 7 7 7 7 8 11 4 2 10 9 8 8 11 5 7 1 3 4 11 5 4 11 11 2 5 9 8 4 4 10 10 8 0 6 7 7 8 4 10 10 2 8 4 11 5 4 3 1 3 4 4 11 5 4 4 11 4 5 1 9 8 7 10 11 5 5 4 4 4 11 11 5 5 7 7 0 9 8 7 7 7 7 7 7 7 7 7 7 7 7 7 7 11 10 8 8 11 5 10 10 8 8 11 5 4 10 1 3 4 5 4 10 11 5 5 10 8 4 4 4 4 4 10 10 2 8 10 10 6 8 7 8 10 10 7 8 8 11 5 10 2 10 10 7 8 5 11 4 3 5 1 4 3 4 4 4 1 3 4 4 4 1 9 5 10 11 5 5 11 4 4 11 2 3 5 11 2 10 10 6 7 8 7 7 7 10 8 8 10 10 8 8 10 10 8 7 8 7 10 10 8 8 10 2 11 5 3 4 4 4 11 4 4 10 2 8 10 10 8 8 4 4 3 4 4 4 4 11 5 4 11 11 5 2 3 4 4 10 10 0 8 7 7 7 7 7 7 6 7 7 7 7 7 10 8 7 7 7 7 8 11 4 2 3 4 4 11 5 7 11 11 2 5 4 4 3 4 4 10 8 7 7 10 0 6 8 10 10 8 7 8 10 10 8 8 4 4 10 11 2 5 11 5 4 4 4 10 9 5 5 4 4 4 11 11 5 7 7 8 11 2 11 3 4 4 4 4 4 11 5 2 9 7 8 11 11 5 4 4 5 0 11 5 10 10 6 8 7 7 7 10 2 8 3 10 10 8 7 0 7 7 9 8 7 7 8 10 10 7 7 7 8 2 9 5 4 4 4 4 4 4 10 10 2 8 11 5 9 11 7 8 8 11 10 8 8 7 7 10 10 8 8 1 9 10 8 8 4 4 4 11 1 3 11 5 4 4 4 5 4 4 4 10 10 8 7 7 8 11 2 11 4 4 10 8 8 7 9 10 8 8 11 4 5 10 10 8 10 8 7 7 10 8 2 9 10 8 8 11 5 4 10 10 8 7 8 11 10 7 2 11 3 4 2 5 7 11 11 3 4 4 5 4 5 11 2 9 11 5 4 4 4 4 4 4 4 4 4 5 10 2 10 6 10 8 7 7 7 7 10 8 8 7 7 7 10 2 10 7 7 8 3 11 11 5 5 4 4 4 10 11 5 4 4 5 1 3 4 10 8 11 11 2 3 5 4 4 4 11 11 2 5 7 11 5 10 10 8 8 10 7 8 10 10 7 7 7 6 8 7 7 7 8 11 2 10 9 8 8 7 10 11 5 5 4 4 4 4 4 4 11 4 4 5 10 10 7 2 8 10 7 10 6 7 8 0 6 7 7 7 7 7 7 10 2 6 8 11 5 1 3 4 11 4 4 4 5 11 10 8 8 4 4 11 1 4 4 4 5 4 9 5 4 4 11 11 5 5 7 10 7 0 6 7 7 7 7 10 8 8 7 7 7 11 10 8 8 10 10 7 8 8 10 10 8 8 1 9 8 4 4 10 8 11 11 2 9 2 9 2 9 2 9 2 9 5 4 4 4 5 4 11 11 5 2 11 3 4 4 4 4 4 4 4 4 4 5 7 7 7 10 0 6 7 7 8 10 10 8 7 8 7 10 7 7 8 10 10 7 8 1 3 4 4 4 4 5 11 2 4 4 3 10 11 5 5 4 4 11 11 5 5 7 7 7 0 9 10 8 7 7 8 7 10 10 7 7 7 8 2 10 9 8 8 7 10 8 4 1 3 4 1 3 11 4 10 8 8 4 1 9 5 4 4 1 3 4 4 4 4 11 5 11 4 5 4 11 11 5 2 7 7 7 7 7 7 9 8 11 11 5 2 9 5 10 10 7 7 7 7 8 8 10 7 8 10 7 7 7 8 11 11 5 4 4 4 5 11 1 9 5 5 1 9 8 11 4 4 4 5 4 4 4 11 5 4 4 10 10 8 7 7 8 7 0 7 9 8 10 10 7 8 7 10 8 8 1 4 11 5 7 10 10 8 10 8 8 10 10 8 3 4 5 10 7 8 10 7 8 10 10 8 8 4 4 11 5 11 11 5 4 5 4 4 4 10 11 5 5 10 2 11 11 5 3 4 4 4 4 4 5 10 10 2 8 10 10 8 8 10 10 6 8 7 7 7 8 11 11 2 5 10 10 7 7 7 6 8 7 7 8
ppo_x50_b_fd_l4_noshaped,97,qv22_97,22,230,True,1407.0,12.154836893081665,8 7 5 9 10 8 8 10 11 2 10 6 8 8 10 2 10 10 6 2 7 5 9 10 8 8 11 5 4 11 5 10 10 7 7 7 8 8 10 2 9 10 8 8 1 4 4 4 3 4 4 4 4 10 8 11 11 5 4 4 5 10 2 10 10 8 8 9 8 7 7 7 7 10 10 8 8 10 10 7 7 8 8 10 10 8 8 4 11 5 4 11 2 4 4 3 10 1 10 8 6 8 10 10 7 7 7 7 8 8 1 9 5 4 4 1 4 3 4 4 4 4 4 4 4 4 4 11 11 5 2 9 10 8 10 8 8 11 11 5 4 4 5 10 7 7 8 10 10 8 0 6 8 10 10 2 6 7 7 7 8 10 7 10 7 8 7 8 10 2 3 4 1 4 3 4 4 4 11 5 10 10 8 8 10 10 7 7 7 8 5 10 10 7 7 8 8 1 9 5 4 4 1 3 4 4 1 3 4 4 4 4 11 5 4 4 4 1 9 11 5 5 4 4 10 10 8 0 6 8 11 5 10 10 7 8 8 10 10 7 7 8 8 4 10 1 10 6 7 7 2 7 7 8 11 10 8 8 10 10 7 8 6 8 10 1 4 5 3 1 3 4 4 4 10 8 11 11 5 5 4 11 4 11 5 5 10 8 4 4 4 4 11 5 10 7 10 8 7 0 7 6 8 11 5 7 10 10 7 8 7 7 7 8 4 4 11 11 5 4 2 4 11 5 10 10 7 8 5 10 10 8 8 10 7 9 8 7 8 10 10 8 8 11 10 8 8 4 1 3 4 4 11 5 4 4 4 4 4 11 4 11 5 5 10 11 2 5 9 5 10 10 8 7 7 8 10 7 8 10 10 2 8 9 5 10 10 7 7 7 8 7 7 8 1 3 4 1 11 3 5 10 10 8 8 4 1 3 4 4 4 4 4 11 5 4 7 4 0 3 4 4 4 11 11 5 4 4 5 4 10 11 2 5 10 7 9 8 8 10 0 6 7 7 7 10 8 7 7 7 7 8 10 7 7 7 10 7 2 8 7 9 8 1 11 11 5 3 4 5 4 4 4 4 4 11 11 5 2 11 5 9 5 11 4 4 8 11 11 4 4 2 5 9 7 7 7 7 8 0 10 10 6 8 8 10 8 10 10 8 8 11 2 3 4 4 4 10 8 11 5 4 4 1 4 10 11 5 5 9 8 11 11 5 5 4 10 8 7 7 7 0 9 10 8 8 10 10 2 6 7 8 7 10 7 7 7 7 7 7 7 8 11 11 2 3 5 10 8 11 4 11 2 3 4 4 5 11 11 5 5 1 3 4 4 1 3 11 5 4 4 10 2 10 6 8 7 7 10 8 0 6 7 7 7 7 7 10 8 10 10 8 2 9 8 4 4 4 10 10 8 7 7 8 11 2 7 3 10 5 10 5 10 5 11 4 11 5 4 4 1 3 11 5 4 4 4 5 4 11 11 5 5 4 4 4 4 4 11 5 10 0 9 5 5 10 10 8 8 4 11 5 7 7 7 7 7 10 7 7 10 8 8 10 10 8 2 3 4 4 11 5 11 4 4 4 5 10 7 7 7 7 7 11 5 5 4 4 11 5 4 11 2 3 4 4 10 10 8 0 6 7 7 7 10 8 8 7 7 7 7 7 7 7 0 7 7 7 10 7 8 11 11 5 5 11 11 5 4 4 9 5 5 4 11 4 5 7 11 11 5 1 3 4 4 5 11 2 9 7 11 5 5 10 8 10 10 8 0 6 8 10 10 8 10 8 2 9 10 8 1 3 5 11 2 9 5 7 11 11 2 3 5 4 4 11 4 11 5 5 7 7 10 11 5 5 0 6 10 7 7 7 7 8 10 10 8 7 7 8 7 11 1 3 4 5 4 4 4 1 3 4 4 4 11 1 3 4 4 4 4 5 7 10 10 8 8 11 2 10 6 8 10 10 8 8 11 1 11 5 3 4 5 4 4 10 10 8 7 7 8 11 5 10 7 10 8 0 7 6 7 10 8 8 10 7 7 7 7 10 8 7 7 7 8 11 1 4 3 4 5 10 10 2 8 4 4 11 11 5 3 4 11 5 5 11 4 4 4 4 4 4 5 11 11 5 2 10 8 10 10 7 6 7 7 8 7 10 8 7 8 11 4 5 11 2 9 11 4 8 7 8 11 2 10 10 6 7 8 7 7 7 7 7 8 11 4 4 1 4 5 4 4 4 3 4 11 5 10 10 8 4 4 5 11 5 4 4 4 4 11 11 2 5 10 9 8 5 10 10 7 0 6 8 7 7 7 8 10 10 7 8 7 7 8 10 2 10 10 8 6 7 7 8 11 4 4 1 3 4 4 5 11 4 4 4 4 5 1 4 3 11 5 7 0 10 6 10 8 8 10 10 7 7 8 8 4 11 2 4 4 11 5 9 4 10 8 8 10 10 7 8 8 10 10 7 0 6 7 8 7 8 10 2 10 10 7 8 8 9 5 4 4 11 4 11 2 5 11 3 4 5 11 2 3 4 4 4 4 4 11 11 5 4 2 9 11 5 5 10 7 0 6 8 4 4 10 10 8 7 7 8 10 7 10 7 7 7 8 7 10 8 8 10 10 8 8 4 10 2 9 11 5 5 4 4 11 5 11 4 10 2 8 3 4 4 4 4 4 4 10 10 8 2 4 9 11 5 5 7 7 7 11 10 8 8 4 11 11 5 4 4 4 4 4 5 0 6 7 7 7 7 7 7 7 7 10 7 10 7 7 2 8 3 10 7 10 7 7 8 8 1 9 5 4 4 11 11 5 4 4 5 10 10 8 8 11 5 11 5 4 4 4 4 4 10 8 11 11 2 3 4 4 4 4 5 0 7 11 5 10 9 8 7 8 11 5 10 10 8 7 7 7 7 10 8 8 10 10 8 7 7 7 8 4 11 11 2 5 10 7 8 10 10 7 7 8 6 8 10 2 4 4 4 4 4 3 4 1 3 4 4 4 1 9 5 10 8 11 11 2 3 4 4 4 4 4 5 11 2 9 11 5 5 7 10 7 8 11 11 5 5 10 10 7 7 0 6 8 7 7 7 7 0 9 8 8 10 7 8 10 10 2 8 10 10 7 7 7 8 8 11 4 4 4 4 4 4 4 5 11 4 5 10 10 8 8 10 10 7 7 7 7 7 7 8 8
ppo_x50_b_fd_l4_noshaped,98,qv22_98,22,231,True,1389.0,13.73404335975647,8 7 5 9 10 8 8 10 10 8 8 11 5 10 7 10 8 8 10 10 8 7 5 11 5 4 11 5 10 10 7 7 7 8 8 10 10 8 7 5 10 10 8 8 10 10 8 8 11 5 10 10 8 2 9 5 10 10 8 8 4 4 4 11 11 5 5 11 4 5 4 4 11 4 11 2 5 11 5 3 4 4 11 11 5 5 7 7 0 6 0 6 7 7 10 10 8 8 10 4 4 5 4 10 10 7 5 8 4 11 5 4 4 4 11 5 10 10 7 2 7 6 7 7 7 7 10 8 7 8 7 7 7 11 10 8 8 4 1 4 4 4 4 4 4 11 5 3 7 10 10 7 0 6 8 7 7 8 11 10 8 8 10 7 8 10 10 7 8 8 4 4 4 4 4 11 1 4 5 11 4 4 5 10 10 6 8 8 11 2 10 10 6 7 8 8 11 5 1 11 4 4 3 4 4 1 3 4 5 11 4 2 10 10 8 6 8 7 0 9 8 11 11 5 5 10 8 10 10 7 7 7 7 7 7 8 7 8 4 11 4 5 10 10 8 7 7 7 7 8 4 1 9 8 11 4 8 11 11 5 5 11 5 7 11 11 5 4 4 5 11 11 5 4 2 11 3 4 5 11 4 2 6 10 10 7 7 8 10 8 7 5 10 7 10 8 8 10 7 10 2 8 7 10 8 6 11 11 4 4 4 2 3 1 3 4 5 10 8 11 5 4 4 11 4 4 4 5 4 11 11 5 4 4 5 11 2 9 10 8 0 6 8 7 7 7 11 5 10 10 8 7 7 10 8 8 10 10 8 7 7 8 1 3 4 11 4 4 4 5 10 10 2 6 8 10 10 7 8 8 10 10 7 2 8 7 11 10 8 8 7 9 8 11 11 5 1 3 5 4 4 11 5 11 4 11 4 4 2 3 4 5 4 4 4 4 11 5 10 8 11 11 5 2 3 7 7 10 7 7 7 0 6 7 7 8 10 10 7 7 7 7 7 8 7 7 7 8 4 4 1 9 8 4 11 4 4 4 5 4 4 4 4 11 5 4 11 11 5 2 9 7 10 7 2 6 8 7 7 7 7 7 10 10 8 2 9 8 4 4 11 4 5 4 4 4 4 11 11 2 5 9 4 5 10 10 8 7 7 10 2 6 8 11 11 5 5 4 4 4 11 5 11 11 5 5 7 7 7 10 8 11 11 5 5 10 7 7 10 8 7 7 7 10 7 7 8 8 11 4 5 4 4 4 4 4 11 5 11 11 4 8 7 7 8 10 10 7 7 7 7 7 7 7 8 7 10 8 8 4 11 5 11 4 5 10 10 8 8 7 10 10 8 7 5 1 4 4 3 4 11 4 4 5 10 7 8 4 10 10 7 8 5 10 8 4 4 4 4 4 4 4 11 4 5 10 10 8 8 4 4 4 4 4 4 4 11 11 2 5 7 7 6 7 7 7 7 7 7 7 10 7 8 7 7 7 11 7 7 7 8 4 1 4 4 4 10 11 5 5 4 11 9 5 5 11 5 4 4 4 10 11 5 5 4 4 10 11 0 6 0 6 8 7 7 7 7 8 10 7 10 7 7 7 8 8 10 10 7 7 8 8 11 4 5 10 10 7 8 2 11 5 3 4 4 4 10 11 7 4 7 4 7 7 7 8 8 4 4 1 9 5 11 11 5 5 11 5 4 4 4 4 4 1 3 4 11 4 4 11 5 4 4 5 10 2 10 7 9 8 8 10 2 10 10 7 8 8 9 5 10 10 8 8 10 10 2 6 7 10 8 7 0 6 10 8 8 4 10 10 8 8 10 10 2 8 10 6 8 4 1 3 4 4 4 4 11 5 4 4 4 4 11 5 4 4 4 10 11 5 5 4 4 11 11 2 5 10 7 7 7 6 7 7 7 7 10 8 8 10 10 7 8 7 8 4 1 4 4 11 4 4 5 4 3 11 4 5 11 2 10 10 7 8 8 10 10 7 6 7 8 7 7 7 7 7 8 7 11 2 9 11 5 5 4 4 4 4 11 5 10 10 7 0 7 6 8 0 6 7 7 7 10 8 8 10 1 4 5 9 10 8 8 11 5 4 11 5 4 11 11 5 4 2 4 9 5 11 5 4 4 4 11 4 5 4 10 11 5 5 4 4 11 11 2 5 7 7 6 10 7 7 7 7 8 11 5 10 10 7 7 8 7 8 11 4 10 8 7 7 0 6 7 8 10 10 7 2 8 4 11 3 4 5 11 11 5 5 7 11 2 9 10 8 8 4 4 4 4 4 4 11 10 8 4 5 10 2 6 11 11 2 3 4 4 4 4 4 4 5 10 2 10 7 10 6 8 7 8 7 7 7 7 0 6 7 7 10 7 7 7 7 8 10 10 8 8 1 3 4 11 10 8 4 5 4 10 2 9 10 8 7 7 8 11 4 4 5 11 11 5 4 4 4 5 11 11 5 4 5 10 2 6 10 10 8 7 10 8 8 10 7 7 7 10 8 2 9 8 10 8 11 11 5 4 4 4 4 4 4 5 11 5 4 4 4 11 5 11 11 2 4 5 9 8 7 7 10 7 7 7 8 10 10 7 8 8 10 7 8 10 10 8 7 7 8 4 11 11 2 5 11 4 4 5 11 9 5 5 10 2 11 4 3 4 11 5 4 4 5 4 4 11 4 5 7 0 9 8 10 7 7 10 8 8 10 7 10 8 7 7 7 7 7 10 8 7 7 8 4 4 4 11 5 10 7 10 8 7 8 11 4 4 4 4 5 4 1 4 3 4 11 5 4 4 4 4 4 11 11 5 5 11 11 5 4 2 6 7 7 7 7 10 10 8 7 7 10 8 7 8 11 10 8 8 10 7 10 8 2 10 9 8 7 8 11 5 10 10 2 6 7 8 1 9 5 10 11 4 5 4 5 4 1 3 4 11 5 4 4 4 4 4 11 11 5 2 11 4 5 3 4 10 10 8 8 10 10 7 2 8 10 10 8 8 10 7 8 10 10 8 7 8 11 5 10 10 8 6 8 0 11 5 10 10 6 8 8 10 10 2 8 10 10 7 8 8 9 5 4 11 11 4 4 4 4 4 5 5 4 4 1 4 9 5 11 11 4 4 5 2 10 10 7 7 7 7 8 8
ppo_x50_b_fd_l4_noshaped,99,qv22_99,22,232,True,1368.0,13.87298035621643,8 8 10 10 8 7 5 10 9 8 8 11 2 10 7 10 8 7 5 9 4 5 7 10 10 8 7 5 10 10 8 8 11 5 4 4 4 11 5 4 11 11 5 5 7 7 7 7 10 7 7 5 10 10 7 7 7 8 5 10 10 8 8 10 10 8 8 11 5 10 10 2 8 3 11 5 11 4 4 5 4 4 4 4 10 8 11 11 5 4 4 4 11 5 2 3 11 5 4 10 10 0 8 7 8 7 7 11 9 8 8 11 4 4 5 0 9 10 8 8 10 10 7 7 2 8 10 10 6 0 6 7 8 8 7 7 10 10 7 7 8 8 11 10 8 2 11 4 9 5 5 11 5 4 4 1 4 9 5 4 4 4 1 9 8 11 4 5 10 8 4 11 11 2 3 4 4 5 11 2 3 10 10 8 7 8 11 5 10 7 7 8 10 10 7 7 7 7 7 7 8 8 10 10 7 8 8 11 5 1 3 4 4 10 8 11 11 2 3 5 4 4 4 10 10 2 8 11 5 9 11 5 5 11 2 4 4 4 4 3 4 11 11 5 5 7 7 10 7 8 7 7 7 10 7 8 11 4 4 5 10 10 2 6 8 11 10 8 8 4 10 7 7 7 10 7 7 7 7 7 8 8 4 10 8 11 11 5 5 11 2 3 4 11 5 4 11 11 5 11 2 3 5 4 4 4 4 4 11 5 11 5 4 10 11 5 5 11 11 2 5 7 7 7 9 10 8 7 8 10 10 7 8 7 10 8 8 10 10 8 2 3 4 11 1 9 5 5 0 6 10 7 7 7 8 4 4 4 11 1 3 5 4 4 4 4 4 11 4 4 5 10 7 10 8 8 10 2 10 6 10 8 7 7 8 7 7 7 7 7 7 7 10 10 8 8 10 2 7 3 11 11 5 1 4 4 5 4 9 5 4 1 4 3 1 10 10 7 8 8 11 10 8 8 10 10 7 8 7 7 7 6 8 11 4 2 4 4 9 5 10 10 8 8 4 4 4 4 4 4 4 11 5 4 11 5 4 11 5 4 4 4 11 11 2 5 3 7 10 7 10 8 10 8 7 7 7 8 10 8 4 4 10 10 8 7 8 10 0 6 7 7 7 7 7 8 10 10 8 8 4 4 4 4 4 11 1 3 5 11 4 2 4 4 4 3 4 4 4 11 4 4 5 10 7 10 2 8 10 10 7 8 6 8 11 5 4 10 10 7 7 7 8 7 8 10 10 7 8 8 1 9 5 4 4 11 5 11 10 2 8 11 3 5 4 1 3 4 11 11 5 5 4 4 10 10 8 7 7 7 7 8 11 2 10 3 11 4 5 4 4 4 4 5 4 10 11 2 5 10 10 7 8 7 7 7 7 6 7 7 7 8 11 4 2 9 4 4 4 4 5 10 10 8 8 7 10 10 7 8 7 8 4 11 5 10 10 0 6 7 7 7 8 7 7 8 4 4 11 5 11 4 5 4 11 4 4 5 10 10 7 8 8 10 10 7 8 0 6 8 11 5 10 7 8 10 10 2 6 8 4 11 2 9 11 5 4 4 4 11 5 4 11 5 4 4 5 11 2 6 10 10 8 7 8 10 10 8 8 10 10 8 8 11 2 9 11 5 4 4 5 4 4 4 4 4 11 11 5 4 4 5 11 2 10 10 6 8 7 7 7 0 6 7 7 7 7 7 7 7 7 7 7 8 11 2 3 11 4 4 5 10 10 7 8 7 7 7 8 4 4 4 4 4 4 4 11 5 4 4 4 11 5 4 11 2 9 11 5 4 4 4 5 4 10 10 8 7 8 7 7 7 11 5 0 9 10 8 7 7 7 7 7 8 11 5 11 5 10 10 7 8 7 7 7 7 7 8 11 5 4 4 1 3 4 10 8 11 11 5 5 11 4 11 5 4 4 4 4 11 5 2 4 4 9 4 5 10 10 8 7 7 8 10 11 5 2 10 10 7 6 8 8 10 7 8 11 4 11 5 2 9 8 10 10 7 7 7 7 8 5 10 2 10 10 6 8 8 10 10 8 7 8 1 4 11 3 4 4 4 4 4 4 5 10 7 8 10 8 4 4 1 9 11 5 4 4 5 4 11 5 11 5 10 7 8 11 11 5 2 11 11 5 4 4 4 5 10 6 8 10 10 8 7 7 7 0 9 8 7 7 7 8 1 4 4 4 4 4 4 3 11 4 5 10 10 8 8 10 7 10 7 8 7 8 10 2 10 10 7 6 8 8 7 11 10 8 8 7 7 10 10 8 8 11 2 9 10 8 8 11 5 4 4 4 4 11 11 2 3 5 11 5 4 4 4 4 11 11 2 5 9 8 10 10 8 2 11 5 3 7 10 10 2 6 7 8 10 10 7 7 8 2 9 10 8 8 11 5 10 10 7 8 7 7 8 4 4 1 4 4 3 1 9 5 7 7 10 8 11 5 4 4 4 4 4 11 5 4 4 4 4 4 11 5 4 11 4 11 2 5 7 9 7 7 7 8 10 10 8 7 7 7 7 8 7 7 7 10 8 10 10 8 10 7 8 7 5 1 4 3 4 1 3 4 11 5 11 2 9 11 5 4 5 4 11 4 2 11 11 5 4 5 10 6 7 7 10 8 7 10 8 7 7 7 5 10 10 2 8 9 10 8 8 11 5 10 10 8 8 10 10 7 8 8 4 11 4 4 4 4 4 4 4 4 5 10 10 8 2 9 8 11 11 7 7 7 7 7 7 2 8 10 7 10 8 8 4 4 4 4 3 4 4 4 4 4 1 9 5 11 11 5 4 4 4 11 4 4 4 5 8 11 11 2 5 9 8 10 10 7 8 8 7 7 7 7 7 7 7 7 7 7 7 7 10 8 4 4 11 11 5 2 3 11 5 11 11 4 5 5 1 3 4 4 4 4 4 11 5 4 10 10 8 8 10 10 2 8 6 7 10 10 8 10 8 7 8 11 2 11 3 4 5 10 10 2 8 10 10 8 6 7 7 8 10 10 7 7 8 2 10 6 8 10 10 8 2 6 4 4 11 5 7 11 11 5 5 11 5 7 11 11 5 4 4 4 4 4 4 4 4 4 5 10 10 2 8
