agent,env,problem_name,ion_count,op_count,solved,duration,compile_time,actions
ppo_x50_b_fd_l4_linear,0,qv22_0,22,237,True,1325.0,5.763329267501831,8 8 10 10 8 8 9 11 5 2 10 10 7 8 8 9 5 10 10 8 8 10 10 8 8 11 5 1 3 11 5 10 10 7 7 7 8 8 10 10 8 8 11 5 10 10 7 8 8 4 1 3 4 4 10 8 11 11 5 4 5 11 11 2 5 4 4 4 4 4 3 10 10 2 6 7 7 7 7 7 7 8 11 4 5 1 3 4 4 4 11 4 5 10 2 10 10 8 8 10 10 7 7 7 8 7 6 8 7 7 10 10 7 7 8 8 10 10 8 8 1 9 5 11 11 2 3 5 11 11 5 2 4 4 9 5 4 4 10 10 2 8 10 10 8 7 7 7 6 8 10 10 8 2 9 5 11 11 5 5 4 4 1 9 5 4 4 4 10 11 5 5 4 4 10 10 2 8 7 7 7 7 7 9 8 10 7 10 8 2 9 5 4 1 3 4 4 4 4 4 4 4 4 11 11 5 2 3 10 8 4 4 10 10 2 6 7 8 10 10 2 6 8 10 10 7 7 8 7 7 7 8 10 7 10 2 8 7 7 6 7 11 11 5 2 9 5 4 4 4 4 11 5 4 4 4 10 10 8 2 9 7 8 4 10 10 8 8 7 10 7 7 8 10 11 5 5 11 11 5 2 9 5 10 7 7 8 11 5 11 11 4 5 5 4 4 4 11 4 5 10 10 8 2 9 8 4 4 4 4 10 11 5 5 11 11 4 5 2 11 5 4 3 10 10 7 8 8 10 7 7 7 7 7 7 7 10 2 8 3 7 10 8 7 11 10 8 7 7 8 4 11 5 7 10 10 8 7 2 6 11 11 5 4 4 4 4 4 4 5 7 11 11 5 2 4 4 3 4 11 5 10 10 2 8 4 4 4 9 5 4 4 4 10 10 8 2 10 6 10 8 7 8 10 10 7 8 7 0 6 8 7 11 11 5 5 10 10 2 6 7 7 8 11 2 9 11 5 5 4 11 4 5 7 10 8 10 10 8 7 8 4 4 4 4 11 5 4 11 5 4 4 4 4 11 11 2 5 9 8 10 10 7 8 7 0 8 7 10 9 8 5 10 10 2 6 8 7 7 10 10 7 8 7 7 8 11 11 4 5 2 9 5 4 4 1 9 11 5 4 4 4 5 4 11 11 4 5 2 11 5 4 4 3 10 10 2 8 7 7 6 7 7 7 7 7 10 8 11 5 10 8 7 7 7 10 8 7 7 7 7 11 11 2 5 4 4 9 11 5 5 11 0 9 5 5 11 11 4 5 5 4 10 10 8 8 11 4 4 4 4 4 5 10 11 5 5 10 10 2 6 7 8 11 2 3 11 5 10 7 10 8 8 7 7 0 6 10 8 10 10 7 8 8 10 10 8 2 7 6 10 8 7 11 11 5 4 5 4 4 4 4 4 11 5 10 8 11 11 5 5 10 11 5 5 4 10 10 8 2 9 11 4 5 5 4 4 11 5 4 11 11 5 2 3 7 7 11 5 10 10 8 0 6 8 10 10 7 7 7 7 8 10 7 2 6 7 7 7 8 10 7 7 8 11 11 2 5 4 9 11 5 1 3 4 5 4 11 0 9 5 5 4 11 5 4 10 10 8 8 11 5 4 4 11 5 4 4 4 11 5 4 10 10 2 8 9 8 10 7 10 2 6 8 10 10 7 7 7 7 2 6 7 7 8 7 11 11 2 5 9 8 4 4 11 11 5 2 9 8 10 10 7 7 8 7 7 8 11 5 4 11 5 7 7 10 10 8 7 7 8 4 1 10 9 5 5 4 4 0 9 11 5 5 11 4 5 11 11 5 4 4 4 4 4 4 5 11 11 2 5 11 5 3 4 10 10 8 7 7 7 8 10 10 7 0 7 6 8 7 7 7 8 10 8 7 11 11 5 5 4 10 10 8 7 7 8 7 7 7 11 11 5 2 9 5 11 4 4 1 3 4 4 5 4 4 4 11 11 5 2 9 5 7 11 11 2 3 4 5 11 11 2 5 7 10 8 10 10 8 7 7 8 6 10 10 8 10 8 8 4 10 10 8 7 8 11 5 1 4 9 5 11 5 4 4 4 4 4 4 11 5 4 4 4 10 10 2 8 10 7 6 8 7 11 10 8 8 10 10 7 7 7 7 7 7 2 6 8 10 10 7 8 5 10 10 2 8 10 8 11 11 5 5 11 9 5 5 4 4 10 8 11 5 4 4 4 10 8 11 11 2 3 4 4 4 4 4 5 11 11 2 5 9 5 10 7 0 6 7 7 7 8 10 7 7 10 2 8 9 5 10 10 7 7 8 7 8 7 11 11 5 4 5 10 7 7 8 7 7 10 2 11 11 4 5 4 4 5 9 4 5 10 11 5 4 4 4 4 4 4 4 5 11 11 2 5 4 9 5 11 4 11 5 2 9 8 10 10 2 6 7 7 8 10 10 8 7 8 10 7 7 8 7 7 7 10 1 9 8 8 7 7 7 10 10 8 2 11 4 4 11 3 5 1 9 5 5 10 8 11 11 2 3 5 4 4 11 5 10 8 11 11 4 4 2 3 5 11 11 2 5 7 9 8 11 11 2 5 9 8 1 3 4 4 4 4 10 10 2 8 10 10 7 8 6 7 7 8 10 10 2 8 9 8 10 7 7 8 10 10 2 6 7 7 7 8 10 2 9 8 11 11 4 5 4 4 4 4 4 5 11 5 4 0 6 10 10 8 8 7 1 9 11 5 4 5 4 4 4 10 11 5 5 4 4 1 3 10 10 8 8 10 7 8 4 10 10 2 6 7 7 8 10 7 10 7 2 6 7 8 1 9 5 11 11 2 5 9 5 4 4 11 11 2 3 5 10 10 7 7 8 7 7 8 10 10 8 7 8 10 7 7 10 8 2 9 5 4 10 11 5 5 11 11 4 2 5 9 4 4 5 4 0 10 10 8 7 7 8 9 7 7 7 8 11 11 2 5 11 4 4 4 4 4 4 11 5 4 4 4 4 4 3 5
ppo_x50_b_fd_l4_linear,1,qv22_1,22,232,True,1259.0,5.632210731506348,8 8 10 10 8 8 9 10 8 8 11 5 4 11 11 2 5 10 8 10 10 7 7 7 8 8 10 9 8 8 10 2 10 10 8 8 10 10 8 8 10 9 8 8 10 2 10 10 8 8 10 10 8 8 9 5 10 10 8 8 4 4 11 0 9 5 5 11 4 5 11 11 2 3 4 4 5 11 4 5 4 4 11 11 5 2 3 10 7 7 10 8 8 7 10 7 7 8 11 4 5 4 1 3 4 11 5 4 0 10 10 8 8 10 10 7 6 8 8 11 5 10 7 7 8 4 4 11 4 5 7 7 10 10 8 7 7 8 10 7 7 7 8 11 11 4 2 5 9 5 11 10 8 8 11 4 11 5 5 11 11 5 2 4 3 4 4 4 4 4 11 11 5 4 5 0 7 9 8 11 10 8 7 7 7 8 4 10 10 8 5 7 7 7 7 10 8 11 5 7 7 7 11 11 2 5 3 4 11 5 11 5 11 4 11 2 3 4 4 4 4 1 3 4 5 11 4 4 10 8 2 9 8 7 7 10 8 11 5 10 10 8 8 10 10 2 8 9 8 7 7 7 11 5 10 10 8 7 7 8 10 8 7 10 10 7 2 8 4 9 4 4 4 5 11 5 4 11 11 2 3 4 4 4 4 4 5 4 11 11 5 5 11 11 5 2 7 7 10 6 8 10 10 8 7 0 6 8 7 7 11 10 8 8 10 10 8 2 10 6 8 10 10 2 8 6 11 11 5 4 5 4 11 5 7 11 11 5 4 4 4 5 7 10 10 8 0 9 8 7 7 7 7 7 7 8 11 5 7 11 11 5 5 7 10 8 7 10 10 8 2 6 4 4 11 5 7 11 11 5 4 4 4 4 4 4 5 4 10 11 5 5 11 11 2 3 5 4 4 11 4 4 5 10 10 8 2 9 10 8 8 10 8 7 7 7 10 10 8 2 6 4 4 4 11 11 2 4 3 5 10 8 4 11 11 2 5 3 7 7 10 10 8 7 8 10 7 10 2 6 7 7 7 8 10 10 8 7 7 7 8 11 11 2 3 5 11 11 5 4 4 5 11 4 11 5 8 4 4 4 4 4 11 5 10 8 11 11 5 5 11 11 4 2 5 9 8 7 7 7 7 0 6 7 7 10 8 1 9 5 11 11 2 5 3 10 7 8 10 10 8 7 7 7 7 8 11 4 5 10 10 8 2 7 9 8 7 7 10 10 2 8 9 4 5 11 11 5 5 4 4 11 5 11 11 5 4 4 4 4 4 5 0 9 7 10 8 2 10 8 10 7 6 10 8 7 7 7 7 7 8 7 10 10 8 2 6 4 4 11 5 4 11 11 2 5 11 9 5 5 4 4 4 4 4 4 11 5 7 11 11 5 4 5 10 11 4 2 5 3 10 8 10 10 8 7 8 10 7 10 2 6 7 7 7 7 7 8 7 7 10 8 10 7 7 8 11 11 4 5 2 9 4 5 11 11 2 3 4 5 7 11 11 5 4 5 0 9 7 8 7 7 7 10 7 11 2 5 9 5 11 11 5 2 10 8 7 6 7 7 0 6 11 11 5 5 11 11 5 4 4 4 4 5 11 2 11 9 5 4 5 7 11 11 5 4 4 4 4 4 5 11 4 2 3 10 10 2 6 7 7 8 11 2 9 10 8 7 8 11 5 10 10 8 8 10 10 8 2 9 5 4 10 0 10 8 7 6 8 7 7 7 1 11 11 5 3 5 4 4 10 8 11 11 2 3 4 4 4 5 11 11 2 5 7 9 7 8 4 10 11 5 5 4 4 10 11 5 5 10 10 7 7 2 7 3 7 7 7 8 7 7 7 10 8 4 4 1 4 4 4 4 4 4 9 5 11 5 4 11 11 5 2 7 10 10 7 8 8 9 11 2 5 10 10 7 8 7 9 8 8 11 10 8 8 10 10 7 8 8 10 10 8 8 10 10 8 7 8 11 4 5 7 11 11 2 5 4 3 4 11 5 4 11 5 11 11 4 2 5 9 8 10 7 7 8 10 10 7 0 6 0 6 8 8 7 10 8 11 5 7 10 10 8 2 10 8 6 11 5 4 4 10 8 11 11 5 4 4 5 11 4 5 10 1 9 8 8 10 7 8 4 10 10 8 8 1 9 5 10 10 8 7 7 8 11 4 5 11 11 4 4 5 4 4 4 4 4 5 4 4 10 10 2 8 7 6 11 10 8 8 7 7 7 7 7 10 7 7 7 8 7 11 11 2 5 4 3 4 11 4 4 4 4 4 4 5 10 11 2 5 3 4 4 4 4 4 11 11 5 2 9 5 7 7 10 8 7 7 7 11 5 10 10 8 7 7 7 7 8 11 4 5 10 10 2 8 6 10 8 10 10 2 6 8 10 2 7 9 11 5 5 10 8 7 7 10 8 11 11 4 5 4 4 4 4 5 4 4 11 4 4 5 11 11 2 5 9 8 4 4 4 10 10 0 8 6 7 7 8 7 10 7 10 8 2 9 4 5 10 10 8 7 8 10 10 2 8 6 4 11 5 11 11 2 3 4 4 5 4 4 4 4 4 4 4 10 8 11 11 5 5 10 8 10 10 7 7 7 7 8 2 9 7 8 10 8 10 8 7 7 7 7 7 7 10 8 11 11 5 5 11 11 2 5 11 4 5 11 9 5 8 11 11 5 4 4 4 4 4 4 4 4 4 5 10 7 7 10 7 8 2 10 10 6 7 0 6 8 7 7 7 8 10 10 2 8 9 5 4 10 10 8 8 7 7 7 10 10 2 8 6 11 4 4 11 4 4 5 4 4 4 4 4 5 7 11 11 4 2 5 9 8 11 11 4 4 2 5
ppo_x50_b_fd_l4_linear,2,qv22_10,22,229,True,1284.0,5.719446182250977,8 8 10 10 8 8 9 11 4 2 5 10 10 7 7 8 8 9 5 4 10 11 5 4 5 10 10 7 7 7 8 8 10 10 8 8 11 5 10 10 7 8 8 10 10 8 8 10 10 8 8 11 5 10 10 7 8 8 10 10 8 8 1 11 5 11 9 5 5 11 11 4 2 5 6 11 11 5 5 10 11 5 2 9 11 5 4 5 4 4 11 5 7 11 11 5 5 10 11 5 4 5 4 10 10 8 2 6 10 10 8 7 10 8 7 8 10 10 2 6 7 7 7 7 7 7 8 10 10 8 2 10 6 10 7 8 5 4 11 2 9 5 11 5 7 11 11 5 5 4 4 0 9 11 5 5 4 11 5 10 8 4 10 11 4 5 8 4 4 4 4 10 8 11 5 11 4 11 2 5 11 3 5 10 10 8 8 10 10 0 6 7 7 8 7 7 7 7 7 7 7 7 7 7 8 11 2 9 10 8 8 11 5 11 4 4 5 4 11 11 2 3 4 5 10 2 6 10 8 4 11 11 5 5 4 11 11 5 2 9 5 7 10 8 10 7 7 7 10 2 6 7 7 8 10 2 6 7 11 11 5 2 4 4 3 4 4 4 4 1 3 4 11 5 4 4 11 5 7 10 10 8 10 8 8 10 11 5 2 3 10 10 8 7 7 8 7 7 7 7 7 10 8 7 7 11 11 5 4 5 4 11 5 10 10 2 8 9 8 10 8 10 7 8 11 11 4 4 2 4 5 9 8 11 11 2 3 5 11 4 4 4 11 5 2 7 10 7 8 10 7 6 7 7 8 7 10 7 8 11 11 4 4 4 2 5 11 4 11 4 3 4 4 5 4 4 4 5 11 11 5 4 4 5 11 2 3 10 7 7 7 8 7 7 7 7 7 10 10 8 2 9 8 7 11 10 8 8 11 4 5 7 11 11 4 4 4 4 4 4 2 4 4 5 3 7 7 7 7 10 10 2 8 11 5 6 7 7 10 7 11 2 5 4 3 4 4 4 11 5 11 2 11 11 5 3 5 10 11 5 5 10 10 2 6 7 7 7 8 10 7 7 7 7 10 8 7 7 7 8 4 10 1 3 4 5 4 4 4 4 4 4 11 5 11 5 4 4 10 10 2 8 7 7 10 9 8 8 10 2 9 11 5 5 10 8 10 10 0 7 7 6 8 7 7 7 7 7 8 7 7 7 11 11 2 5 9 8 11 1 4 3 11 5 4 4 4 4 5 10 2 9 7 8 10 10 8 8 11 4 4 5 11 0 9 8 8 7 7 7 7 7 7 10 10 2 8 11 5 11 11 5 5 11 3 11 5 4 5 4 11 2 3 11 11 5 5 4 11 4 4 4 4 4 4 4 11 5 2 9 8 7 7 7 10 10 8 2 11 5 9 10 8 8 10 2 6 7 10 10 7 8 7 7 7 7 8 7 11 11 5 2 11 4 3 5 4 4 4 4 10 8 11 11 2 3 4 4 4 4 5 10 2 6 10 7 7 8 7 7 10 8 10 10 7 2 8 7 10 7 8 10 10 8 7 7 8 6 11 11 4 4 4 5 4 4 1 9 5 5 10 8 11 4 4 11 2 3 5 4 10 11 5 4 4 2 4 4 3 11 11 2 3 5 7 7 10 10 8 8 10 10 8 7 7 7 8 10 10 7 2 8 10 9 8 8 7 7 7 7 10 8 11 11 4 4 5 2 9 5 11 11 5 2 6 4 11 5 11 11 2 3 4 4 5 11 11 2 3 4 4 5 11 2 6 11 10 8 7 7 8 10 7 7 10 2 6 7 7 7 7 8 7 11 11 5 5 10 7 7 8 7 7 10 10 8 2 9 4 5 4 4 4 4 4 4 4 11 5 10 10 8 8 10 10 2 8 6 11 5 4 4 4 4 11 5 4 4 4 4 4 11 4 5 10 10 2 8 9 8 11 4 4 5 7 10 7 10 8 8 10 8 7 0 9 10 8 7 8 7 10 7 7 7 7 7 10 2 6 7 8 10 2 6 11 11 5 4 4 5 4 11 4 5 7 11 11 5 4 4 4 4 5 4 4 10 10 8 2 6 11 10 8 8 7 10 7 10 8 7 7 8 7 7 7 11 11 5 2 3 11 5 10 11 2 5 3 4 11 11 4 4 5 5 4 4 4 4 11 4 5 11 2 3 4 10 10 8 7 10 8 8 4 10 10 8 8 11 5 10 10 8 7 7 7 8 7 10 8 4 10 10 8 8 7 10 10 2 6 7 7 7 8 11 2 6 11 11 5 2 9 8 11 5 4 4 10 8 11 11 5 4 5 4 4 4 4 11 5 7 11 11 5 4 4 4 4 5 11 4 11 5 7 2 10 10 8 6 7 7 7 7 8 7 7 7 7 10 8 7 7 11 10 8 8 7 7 10 10 8 2 6 11 4 4 4 11 5 4 4 4 4 4 4 5 10 2 4 3 11 5 4 4 4 10 2 4 3 4 4 10 10 8 7 8 10 10 8 7 7 8 11 5 10 7 10 8 8 4 11 5 7 10 7 7 7 8 10 7 7 7 7 7 8 0 6 11 11 5 4 4 5 4 4 10 8 11 11 2 3 4 4 4 4 4 5 4 4 11 4 5 10 2 9 10 7 8 8 10 8 10 7 10 8 8 10 10 2 6 8 7 10 10 8 7 7 8 11 11 2 5 3 4 4 4 4 4 4 1 9 11 5 4 4 5 10 11 2 3 4 5 4 4 4 10 10 8 2 10 6 7 8 4 10 10 8 7 8 10 10 2 8 6 10 10 8 8 11 4 5 4 4 4 10 10 2 8 7 6 7 11 5 10 10 2 6 7 7 8 11 2 10 10 8 8 11 11 4 4 5 3 4 4 5 10 2 11 9 5 4 4 4 4 5
ppo_x50_b_fd_l4_linear,3,qv22_11,22,229,True,1263.0,5.5195839405059814,8 8 10 10 8 8 10 10 8 8 9 5 10 10 8 8 10 10 8 8 11 5 4 11 5 10 10 7 2 6 8 10 10 8 8 10 10 8 8 11 2 4 10 10 8 8 10 10 8 8 9 10 8 8 11 5 10 10 7 8 8 10 2 9 10 8 8 11 4 11 5 5 11 11 5 2 4 4 9 5 11 11 5 4 5 4 4 4 4 4 11 5 4 11 2 3 10 10 7 8 8 11 4 4 4 5 7 7 10 8 10 10 8 7 7 8 11 10 8 7 0 6 8 7 7 7 11 5 10 10 8 7 8 7 7 10 10 2 8 9 5 11 11 5 2 11 9 5 5 4 4 4 4 1 4 4 4 4 9 5 11 11 5 2 9 8 4 4 10 10 2 8 7 7 7 10 7 7 7 9 8 8 10 2 6 7 7 7 10 10 2 8 7 6 11 11 5 4 4 5 11 11 2 3 4 4 4 5 11 11 2 5 9 8 4 10 7 7 8 4 4 4 4 4 4 11 4 5 11 11 5 2 11 5 3 10 10 8 7 7 10 8 8 10 10 8 7 7 8 4 10 10 8 7 8 7 10 7 2 11 9 5 5 11 2 9 11 5 4 4 5 11 4 4 4 4 4 5 10 10 8 2 10 10 8 7 7 8 7 9 10 8 7 7 8 10 7 10 7 2 8 9 8 7 7 7 11 11 5 1 3 4 1 3 4 5 1 9 5 4 4 4 11 11 5 2 10 7 8 6 10 10 8 7 8 7 10 10 8 2 9 8 4 10 10 8 8 11 4 5 11 11 5 5 4 4 4 4 10 8 11 11 5 4 4 4 5 11 4 5 4 11 11 2 5 3 7 7 7 10 8 10 10 8 7 10 8 8 11 10 8 7 7 7 8 10 10 2 8 7 9 7 8 10 10 8 7 8 11 11 2 5 3 4 11 5 4 10 11 5 5 11 11 4 4 5 4 4 5 0 9 11 5 4 5 4 4 4 11 4 5 10 10 8 2 11 5 3 10 10 8 2 10 10 7 6 8 7 8 4 10 10 8 7 8 10 10 8 7 8 7 7 7 7 10 8 11 5 4 10 10 2 8 7 10 10 8 6 8 10 11 5 5 7 11 11 2 5 4 4 4 4 3 4 4 11 5 10 8 7 10 8 11 11 5 5 11 11 2 4 3 5 4 4 4 4 10 10 2 8 10 9 8 7 7 8 4 10 4 4 4 5 10 7 7 8 10 8 7 7 7 7 11 5 10 10 8 7 7 8 10 2 11 9 5 5 4 4 4 4 4 1 4 4 4 3 10 10 7 7 8 8 10 7 7 8 7 7 7 7 7 7 11 11 5 2 9 11 4 2 3 4 4 4 4 5 11 5 4 11 11 5 2 11 3 4 4 5 11 4 4 4 5 10 10 8 2 10 7 10 8 6 7 8 10 10 2 6 7 7 7 7 8 7 10 10 2 6 7 8 11 5 11 4 1 9 5 5 4 4 4 4 11 4 5 7 11 11 2 3 4 4 4 5 11 11 5 2 3 10 8 10 10 7 0 7 8 6 7 7 8 4 10 10 8 8 10 10 7 8 7 8 10 10 2 6 7 8 7 11 2 11 11 5 3 4 5 4 4 11 2 9 11 2 3 4 4 5 7 11 11 5 4 4 4 5 10 2 10 10 8 6 8 7 7 7 7 10 8 11 5 4 11 4 4 5 10 10 7 8 8 10 10 7 8 7 7 7 8 11 11 5 2 9 5 4 11 10 8 8 10 7 8 10 7 10 8 2 9 7 8 11 11 5 4 5 11 4 5 11 11 2 3 1 3 5 7 11 11 5 4 4 5 11 5 4 4 4 4 4 4 4 10 10 2 8 9 8 7 7 10 8 4 10 10 8 7 7 7 7 7 7 7 7 8 7 10 10 2 8 6 10 11 5 4 4 4 5 11 11 2 3 5 0 7 6 7 10 7 8 7 7 7 11 11 2 3 4 4 5 11 4 11 5 4 5 4 11 5 4 4 4 10 11 5 5 11 11 5 4 4 4 5 10 10 7 2 6 8 7 7 10 7 8 11 5 10 7 8 7 7 7 7 10 8 7 7 7 7 11 11 5 2 9 5 11 4 10 8 8 10 7 7 8 11 4 4 11 4 4 4 2 5 9 8 11 4 4 11 5 5 11 5 7 11 11 5 2 4 4 4 4 4 9 5 11 11 2 5 9 8 10 10 0 7 7 8 7 6 7 7 7 8 10 10 8 2 9 8 10 8 11 11 5 4 5 4 4 11 5 10 8 4 11 4 4 10 2 8 6 7 7 10 8 7 10 10 7 7 7 8 2 4 3 11 4 4 5 11 11 5 5 11 5 11 11 4 4 2 5 3 10 7 8 4 10 10 2 6 7 7 8 10 2 6 7 10 10 0 6 8 8 1 4 4 3 4 4 11 5 4 4 11 2 4 10 9 8 8 10 2 10 10 7 6 8 8 7 11 10 8 8 10 10 7 7 8 8 1 9 10 8 8 7 10 10 7 2 8 6 4 4 4 4 11 11 4 5 2 9 5 11 11 4 4 1 3 5 4 4 4 4 4 4 5 11 2 3 10 10 7 8 5 7 7 7 7 7 10 8 11 5 10 7 7 7 10 2 6 7 8 11 2 9 10 7 8 5 10 7 11 5 4 5 4 4 4 4 4 4 11 5 7 11 2 10 10 8 6 7 7 8 10 10 2 6 7 8 10 10 2 6 8 7 7 7 11 11 2 5 11 11 3 5 4 4 5 4 4 11 5 0 6 11 11 5 5 4 4 4 4 4 11 5 4 11 11 5 2 4 10 10 8 7 7 6 8 10 10 2 6 7 8
ppo_x50_b_fd_l4_linear,4,qv22_12,22,235,True,1289.0,5.675198316574097,8 8 10 10 8 8 9 11 2 5 10 10 7 8 8 9 5 10 10 8 8 11 10 8 2 10 10 8 8 9 4 4 5 11 5 7 10 10 7 7 8 8 10 2 10 10 8 8 11 4 3 5 4 4 11 4 4 1 3 5 11 4 11 2 5 3 10 8 10 10 7 8 10 8 7 8 10 10 8 8 10 10 7 7 7 8 8 11 10 2 8 10 9 8 8 11 4 5 11 10 8 8 10 10 7 8 8 10 2 10 9 8 8 4 4 11 5 4 4 11 5 4 4 4 4 10 8 11 11 5 5 11 4 4 4 4 4 4 5 10 10 7 7 2 6 8 10 7 8 10 7 7 10 2 7 6 8 11 5 7 10 10 2 6 8 7 10 8 10 10 8 2 9 8 4 4 10 11 5 5 10 11 5 5 4 4 4 10 8 11 5 4 4 4 4 4 4 11 4 4 4 5 1 3 10 10 8 7 7 8 10 8 7 7 7 7 10 8 7 10 10 8 7 8 7 7 7 10 10 7 2 8 11 5 4 4 4 3 4 11 4 5 10 10 8 8 7 7 10 8 11 11 4 4 4 2 3 4 4 4 5 11 5 4 4 4 11 5 10 8 4 4 11 11 2 3 5 10 10 7 7 7 7 8 0 6 7 8 10 8 7 7 10 10 8 2 6 4 4 4 4 11 11 5 4 5 4 11 11 5 2 9 5 7 7 7 10 10 2 6 8 1 9 10 8 8 7 10 8 7 7 7 11 11 2 5 11 9 5 5 4 4 4 11 5 4 0 9 5 10 10 8 8 7 7 7 7 7 7 1 9 10 8 8 10 10 2 8 7 6 11 11 5 4 4 5 4 4 4 11 5 10 8 11 4 11 2 3 4 4 4 5 4 11 2 11 5 9 4 10 8 7 8 10 8 11 10 8 7 7 7 7 8 11 5 10 7 10 2 6 7 8 7 7 10 7 8 0 9 11 5 5 11 11 4 2 3 4 4 5 4 4 11 11 2 3 4 5 11 11 2 3 5 11 4 5 11 11 2 5 4 10 6 7 8 4 10 10 2 6 7 8 7 7 11 10 8 8 7 7 10 8 10 10 2 8 7 7 7 10 7 8 6 11 11 5 5 11 5 4 4 4 10 8 11 11 5 4 4 4 4 5 7 11 2 11 11 5 4 4 3 5 4 4 4 10 10 2 8 6 7 7 7 7 7 7 7 7 7 7 7 7 11 5 10 10 8 8 11 2 11 5 7 7 7 10 8 7 6 11 11 4 4 4 2 5 4 3 4 4 4 11 5 11 4 10 8 8 11 11 2 3 5 11 5 11 4 4 4 4 5 10 10 7 2 6 7 8 10 7 7 8 4 10 10 8 7 7 8 10 7 7 10 2 8 9 8 7 7 10 8 7 11 11 2 3 4 5 4 4 11 5 11 11 4 5 2 4 9 5 4 4 10 8 11 11 5 5 4 4 4 4 11 11 5 2 3 10 8 10 10 7 7 0 6 8 7 7 7 7 8 7 10 11 2 5 9 5 11 5 10 10 7 7 7 7 8 8 7 10 10 8 2 10 8 6 11 11 5 5 11 11 2 3 4 4 5 4 11 11 2 5 9 8 7 7 7 7 7 10 10 2 6 7 8 11 11 4 4 4 4 5 4 5 4 1 3 4 4 4 4 11 5 10 10 8 8 11 5 0 7 6 7 10 8 10 10 8 2 3 7 7 7 10 8 1 11 4 3 11 5 11 5 4 5 4 4 4 4 4 11 11 2 5 9 8 4 4 1 3 10 10 8 8 10 10 8 8 11 5 10 7 10 8 8 1 9 10 8 8 10 10 8 7 7 8 4 11 4 10 8 8 10 10 2 6 7 7 7 7 7 8 10 2 3 11 5 4 4 4 4 10 8 11 11 5 5 4 4 0 9 11 5 5 4 4 4 11 5 4 11 11 5 2 7 10 10 8 8 10 10 7 7 8 6 7 8 7 11 11 2 5 9 5 7 10 7 7 8 7 11 11 5 4 5 10 7 7 7 8 10 10 8 7 8 1 3 4 1 3 4 4 11 5 11 11 5 5 4 4 11 5 10 8 4 11 5 4 11 11 2 5 10 7 8 10 10 7 7 7 8 6 7 7 8 7 10 8 7 7 7 7 11 11 5 2 9 5 4 4 4 4 4 11 4 5 11 4 5 11 11 4 4 4 4 4 4 5 2 3 7 11 5 10 10 8 8 7 7 7 7 7 7 10 8 10 10 7 8 5 10 10 2 6 7 7 7 8 11 2 9 10 8 8 11 4 5 7 11 1 9 5 5 11 5 4 4 4 11 5 4 4 4 11 10 8 8 11 11 2 3 4 4 5 11 11 2 5 3 10 8 10 10 8 7 7 8 4 4 4 11 5 4 4 10 10 2 6 7 7 7 7 7 7 7 7 8 7 11 5 4 4 11 5 7 10 10 7 7 8 7 8 10 10 2 6 8 10 10 2 6 7 8 10 10 8 2 11 4 5 9 10 8 8 11 5 11 11 5 5 4 4 4 4 11 5 4 0 10 10 8 8 6 11 4 11 2 5 9 8 4 4 1 11 4 9 8 8 11 4 4 4 4 4 4 4 5 10 10 7 7 8 2 10 10 7 8 6 8 11 5 10 10 7 7 8 2 10 3 10 8 8 10 10 7 8 7 8 11 10 2 8 9 7 8 11 11 5 1 3 4 5 10 8 10 11 2 3 1 3 5 4 11 5 10 8 11 11 5 5 4 11 11 5 4 4 4 4 5 10 10 8 2 9 8 7 7 7 7 10 8 11 5 10 10 2 6 7 7 7 8 10 7 7 7 7 8 7 11 11 5 4 4 4 5 10 2 6 11 11 2 3 4 5 7 11 11 5 4 4 4 4 4 4 5 11 11 2 5
ppo_x50_b_fd_l4_linear,5,qv22_13,22,233,True,1301.0,5.63782525062561,8 8 10 10 8 8 9 4 11 5 2 10 10 7 7 8 8 11 3 5 10 10 7 8 8 10 10 8 8 11 5 10 10 7 8 8 10 10 8 8 11 5 10 10 7 8 8 11 5 10 10 7 8 8 11 5 11 5 10 10 7 8 2 10 10 8 8 9 10 8 8 1 9 5 4 11 4 5 11 4 4 11 4 4 4 2 3 5 4 11 4 4 4 4 4 5 10 10 2 6 7 8 7 10 10 8 8 1 9 10 8 8 7 10 8 4 10 10 8 7 7 8 11 11 5 2 10 8 11 11 5 3 5 4 4 4 4 11 11 5 2 3 7 7 10 7 8 10 7 7 8 7 10 8 11 5 1 4 4 4 4 4 4 4 11 5 3 10 10 7 7 8 7 7 7 7 7 7 7 7 8 7 11 11 2 5 9 5 4 4 4 4 10 11 2 3 5 11 4 2 3 7 7 7 10 7 7 10 8 7 7 7 7 7 8 10 2 9 11 5 5 10 7 11 5 5 4 11 5 7 11 11 5 5 10 7 8 7 7 11 11 4 5 8 4 4 4 4 4 4 4 4 4 4 4 4 4 4 4 4 11 5 10 8 4 10 10 8 8 1 9 5 10 10 8 8 7 7 7 7 10 8 10 10 2 8 3 7 7 7 7 7 11 5 10 10 8 8 7 10 7 7 8 11 11 2 3 5 11 2 11 11 4 4 4 4 4 3 4 5 4 5 10 7 8 11 11 5 5 11 5 11 4 4 5 4 4 4 10 10 2 8 9 7 8 7 7 7 11 10 8 7 7 8 7 7 7 10 10 2 8 10 8 10 8 7 6 10 7 8 11 11 4 4 4 4 4 2 5 4 3 4 1 3 11 5 10 8 11 11 5 4 4 5 4 4 4 10 10 2 8 7 9 7 8 10 10 8 7 7 8 1 3 11 4 4 5 10 11 2 5 3 10 10 8 7 8 4 10 10 8 8 10 10 8 8 10 8 10 10 2 8 9 8 1 4 3 4 4 4 4 4 1 9 5 4 4 4 11 5 10 8 4 11 11 2 5 3 7 7 7 11 10 8 7 7 8 10 10 8 2 10 8 6 10 10 8 7 7 8 7 7 7 7 10 8 7 11 11 5 5 10 7 11 5 5 11 11 1 3 4 5 5 10 2 6 11 11 5 4 5 10 7 11 5 4 4 4 5 4 4 4 10 8 11 2 9 11 5 4 5 11 1 4 3 5 10 10 8 8 10 8 10 10 8 7 8 7 7 7 7 10 7 7 8 7 7 1 11 9 5 1 3 5 11 11 5 5 11 4 4 5 4 4 10 11 5 5 7 10 10 8 2 10 6 7 8 10 10 2 6 7 7 8 7 7 7 10 8 7 7 11 11 2 5 3 11 5 11 11 2 3 5 11 2 9 11 5 5 11 11 4 2 3 4 4 4 5 11 11 2 3 4 5 4 4 10 2 10 10 8 6 8 7 7 10 10 8 2 10 7 6 7 7 8 7 7 11 11 5 2 9 10 8 7 7 8 7 1 11 11 3 5 5 11 4 4 11 2 5 9 11 5 5 10 11 5 4 5 4 11 4 11 5 4 5 4 4 10 10 2 6 8 7 10 8 10 10 7 7 2 6 8 7 7 7 0 9 8 10 10 2 8 3 10 8 10 10 8 7 2 10 10 8 6 8 4 4 11 11 5 4 4 5 4 11 11 5 4 5 0 9 8 7 7 10 10 2 6 7 7 8 10 7 7 8 11 11 2 3 5 11 4 4 5 11 11 2 5 4 4 9 11 5 11 5 5 4 4 4 4 11 5 10 0 9 8 7 8 7 7 11 5 10 8 7 7 7 10 8 11 11 5 5 7 7 10 8 4 10 10 2 6 7 7 7 8 10 8 10 7 11 2 5 11 5 11 11 5 5 3 4 4 4 1 3 11 5 11 11 4 5 4 4 5 11 11 5 4 4 5 11 11 2 5 9 8 10 10 8 2 10 10 8 7 7 6 0 6 8 4 10 10 8 8 10 7 7 10 8 2 6 7 11 11 5 5 11 11 5 4 4 5 11 4 11 4 5 2 9 8 7 7 11 10 8 7 8 4 4 4 11 4 4 4 5 10 10 7 7 8 8 10 10 7 7 8 7 7 8 10 10 8 2 10 9 8 7 8 1 9 8 11 4 4 4 4 5 11 5 4 4 11 5 10 10 8 2 10 6 7 7 7 7 7 7 7 8 7 10 10 8 2 6 11 11 4 5 4 4 4 4 4 4 5 11 11 2 5 10 7 7 7 7 7 7 8 6 10 7 8 11 4 11 4 5 5 11 2 11 9 5 8 11 11 4 4 4 2 3 4 4 4 5 4 11 11 2 3 4 4 5 7 7 7 10 10 8 8 7 7 11 5 10 10 7 8 5 10 7 7 7 7 7 7 8 4 1 4 9 5 11 5 4 4 11 5 4 1 9 5 4 11 11 2 5 9 4 4 5 10 10 7 2 6 7 7 10 8 8 4 10 10 8 7 7 8 4 10 10 8 2 9 8 1 9 10 8 7 7 8 7 10 8 10 2 6 7 7 11 11 5 4 4 11 5 5 11 2 9 10 8 8 1 4 9 5 11 4 11 5 4 5 4 11 5 7 10 10 8 7 8 11 4 4 5 11 11 2 3 4 4 4 5 4 4 11 2 3 10 10 8 8 10 7 7 10 7 8 7 7 7 8 10 10 7 2 6 7 8 10 2 9 10 8 7 8 1 9 11 5 4 5 4 1 9 5 11 11 5 4 4 4 4 5 4 11 11 5 4 1 4 3 5 10 10 8 8 10 10 8 7 7 2 6 7 7 7 7 7 7 10 8 11 5 10 10 7 7 7 8 4 5 11 5 7 7 10 10 8 8 7 11 11 2 5 11 11 4 4 3 5 4 4 4 4 5 11 11 2 5
ppo_x50_b_fd_l4_linear,6,qv22_14,22,231,True,1267.0,5.581040859222412,8 8 10 10 8 8 9 11 5 2 10 10 7 8 8 11 5 10 10 7 8 8 10 9 8 8 11 2 4 3 11 5 10 10 7 7 7 8 8 11 4 5 10 10 7 7 8 8 4 11 5 10 10 7 7 8 8 10 10 8 8 11 5 10 10 8 2 10 10 8 8 9 10 8 8 11 5 4 11 5 10 10 8 8 7 11 11 5 4 4 4 4 4 5 7 11 11 5 5 10 8 10 10 8 8 4 11 5 11 11 4 4 5 4 5 7 11 11 5 4 4 4 4 5 11 11 2 3 5 7 7 10 7 7 7 8 10 10 8 8 7 7 7 7 10 8 4 10 10 8 8 11 5 7 10 10 2 8 9 8 4 4 4 11 11 5 5 4 11 11 2 3 4 4 5 11 11 4 2 4 3 5 10 8 10 7 8 10 10 2 6 7 8 1 9 4 4 4 5 10 7 8 10 10 7 8 7 7 7 8 7 7 7 10 8 7 10 10 2 8 6 4 4 11 4 4 10 2 5 3 4 4 4 4 4 11 5 10 8 4 11 11 4 4 5 4 4 2 4 3 4 10 10 8 8 7 7 7 7 7 0 9 10 8 7 7 8 7 7 10 10 8 2 7 6 7 7 10 8 11 11 4 5 4 4 5 11 11 4 5 5 4 4 10 8 11 11 2 3 4 5 11 2 11 4 4 4 5 3 11 10 8 8 10 10 7 8 8 10 10 2 8 6 7 10 8 11 11 5 5 10 7 7 7 8 10 10 7 7 7 8 2 9 5 4 4 4 0 9 11 5 4 5 4 4 4 11 4 5 11 4 5 10 10 8 2 6 10 10 8 8 7 7 7 7 7 10 7 8 11 11 5 5 7 7 7 7 7 11 11 2 5 10 8 11 11 4 5 4 4 4 4 4 3 5 4 4 10 11 5 4 4 4 5 4 4 4 10 10 2 8 6 10 8 7 7 7 7 7 11 5 10 10 8 8 10 8 10 10 2 8 11 3 5 4 4 4 4 11 5 10 8 11 5 4 11 11 2 5 3 10 8 7 10 10 2 6 7 8 7 11 0 9 5 5 4 11 4 4 11 5 4 4 5 10 10 2 8 9 8 10 7 8 11 11 5 2 11 3 5 10 10 7 7 7 0 7 7 7 8 7 6 7 8 4 10 10 8 7 8 10 8 7 10 8 10 10 7 8 2 9 5 4 1 3 4 4 4 4 4 10 8 11 11 5 4 4 4 5 11 4 5 11 11 2 4 4 3 4 4 5 7 10 8 4 10 10 8 7 8 10 10 7 7 8 8 10 10 7 8 7 7 7 7 8 7 10 8 11 11 5 5 10 8 7 7 7 11 11 5 2 11 9 5 4 4 5 11 5 4 11 5 10 8 4 4 4 4 11 5 7 10 10 7 8 2 10 10 8 7 7 8 9 8 10 7 8 11 10 8 8 11 11 4 2 5 3 11 11 5 5 10 8 11 4 4 4 4 5 11 11 2 3 4 5 11 5 11 11 5 4 5 11 11 5 2 3 10 7 7 7 8 7 10 10 2 6 8 7 10 10 7 8 7 8 7 7 10 8 11 5 7 10 10 8 2 9 8 4 1 3 11 11 5 4 5 4 4 4 11 5 11 4 4 4 11 5 4 4 5 4 10 10 8 2 6 10 10 8 7 7 7 7 7 8 10 8 7 7 10 10 2 6 8 7 7 10 8 11 5 7 7 7 11 11 2 5 3 4 4 4 11 5 11 11 2 5 9 8 11 11 5 4 5 4 4 10 8 11 11 2 3 5 4 11 11 2 5 4 3 11 5 7 7 7 7 10 10 2 7 6 8 10 7 7 7 7 10 2 8 6 7 11 4 5 7 11 11 5 5 4 4 4 4 11 5 10 8 1 11 11 5 4 5 9 5 10 7 7 7 10 8 7 8 10 10 8 7 7 7 7 8 11 10 8 8 7 11 11 5 1 3 5 10 8 4 4 4 4 4 4 4 11 5 7 11 11 5 4 5 4 4 4 11 11 5 2 3 7 7 7 7 10 8 7 7 7 10 10 2 6 8 7 10 8 11 4 4 5 10 7 10 7 8 8 7 7 10 10 8 2 6 4 4 4 4 11 0 9 5 5 11 4 4 11 2 3 5 11 4 1 3 4 4 5 4 4 4 4 10 2 6 7 7 10 10 7 7 8 8 4 10 10 2 6 7 7 7 8 7 10 2 9 8 10 10 8 2 3 7 10 7 8 10 10 8 2 6 11 4 4 11 2 3 4 4 4 5 11 2 6 10 7 7 8 11 11 2 5 4 4 4 3 4 1 9 5 4 4 4 4 4 11 11 2 5 4 3 10 7 7 8 7 10 10 7 8 7 7 8 10 7 7 7 8 7 10 10 2 6 8 4 10 10 8 8 7 7 11 11 2 5 3 10 11 5 5 11 11 4 2 5 7 10 7 7 8 9 8 11 11 4 4 4 1 4 4 5 9 5 5 11 11 2 5 9 8 4 10 10 8 8 11 4 4 4 4 4 4 5 4 11 11 2 5 9 5 7 10 7 10 8 7 8 7 10 7 7 8 11 4 4 5 10 10 8 7 7 7 8 10 2 7 6 7 11 11 5 11 5 5 4 4 4 4 4 4 4 11 4 4 4 5 10 10 7 7 8 2 9 10 8 8 10 10 8 7 7 8 11 1 3 4 4 4 4 4 5 11 2 10 10 8 6 8 10 7 10 7 7 7 0 8 6 10 8 8 4 11 5 10 10 7 8 7 11 5 5 10 10 7 8 8 7 10 8 7 7 11 11 2 5 3 4 10 8 11 11 4 5 5 10 8 11 11 5 5 11 11 5 4 4 5 11 11 2 5
ppo_x50_b_fd_l4_linear,7,qv22_15,22,234,True,1274.0,5.533893585205078,8 8 10 10 8 8 9 11 2 5 10 10 7 8 8 9 5 10 10 8 8 10 10 8 8 11 5 4 11 5 7 10 10 7 8 2 10 10 8 8 10 9 8 8 10 2 3 10 10 8 8 10 10 8 8 4 10 8 10 10 8 8 4 11 2 3 11 5 4 4 11 5 4 4 4 4 4 11 4 11 5 4 4 5 10 10 2 8 6 10 8 7 10 10 7 7 8 7 7 7 8 7 10 10 8 7 8 11 5 11 5 10 10 2 6 8 4 11 2 9 5 11 11 4 5 4 5 10 7 8 4 11 11 5 4 5 4 4 10 11 5 5 4 4 11 11 5 4 2 3 10 7 7 10 7 8 7 7 7 7 8 7 0 6 7 7 7 10 8 7 7 7 7 11 2 11 11 5 5 3 4 4 1 4 4 9 5 11 11 2 5 9 8 11 4 5 7 10 7 10 8 2 9 4 11 4 5 5 4 11 4 10 2 3 5 11 4 1 4 3 5 10 8 7 11 11 5 2 3 10 8 10 7 10 8 2 10 10 6 7 7 7 7 7 8 7 7 7 7 8 10 10 7 2 7 8 9 4 5 4 11 11 4 5 5 4 4 11 5 4 10 10 8 8 4 11 4 5 11 11 5 2 3 7 10 10 7 8 8 10 10 2 8 9 5 10 10 2 8 10 9 8 8 11 5 10 10 8 7 8 7 11 11 5 4 4 4 4 4 4 5 11 4 4 4 4 5 10 10 2 8 11 4 4 5 4 4 4 3 10 10 7 7 2 6 7 7 7 8 11 2 6 10 10 2 6 8 10 7 7 8 7 10 8 4 11 11 5 4 5 4 10 11 5 4 5 7 10 7 7 7 7 8 10 10 2 8 7 7 10 7 8 6 11 11 5 5 10 8 4 11 11 2 3 4 4 4 4 5 11 5 4 4 4 4 4 11 5 11 4 11 5 2 6 7 7 10 4 10 8 8 4 10 2 3 10 10 8 8 10 2 6 7 7 10 10 8 8 7 1 3 4 4 4 4 4 4 4 11 5 4 11 5 1 3 10 10 8 8 11 5 10 10 8 8 7 10 8 4 10 10 8 7 7 8 1 9 10 8 8 7 10 8 7 7 7 7 10 8 7 7 7 11 11 2 5 3 11 4 5 11 11 5 4 4 5 4 4 10 2 9 8 11 11 5 1 3 5 4 10 10 8 8 11 5 11 11 5 4 5 11 11 2 5 9 4 4 5 7 7 7 0 6 10 8 4 10 10 2 6 7 8 10 10 7 8 2 10 10 7 7 8 7 7 6 8 7 1 3 11 5 4 11 0 9 5 5 4 4 4 11 5 4 10 11 5 4 4 4 5 4 11 11 5 2 9 8 1 3 10 10 8 8 11 5 10 10 7 7 2 7 6 7 7 7 8 10 8 7 10 10 2 6 8 7 7 11 11 5 2 11 4 3 4 5 4 4 11 5 10 11 5 5 4 10 10 8 7 8 4 11 4 2 11 11 5 3 5 4 4 4 4 10 10 2 6 7 7 7 7 7 7 7 7 7 7 7 8 10 2 3 11 4 5 10 7 7 7 7 8 10 10 2 6 8 10 10 2 8 9 5 11 11 2 5 3 4 4 11 1 9 5 5 11 5 4 10 10 2 8 9 7 8 4 11 11 4 2 3 4 4 4 5 4 4 11 5 10 10 7 7 8 2 10 6 10 8 7 7 7 7 7 7 8 7 10 10 8 2 4 9 5 11 4 4 4 4 4 0 9 5 5 4 11 4 4 4 4 4 4 5 4 11 11 5 2 7 9 8 10 10 2 6 8 10 10 7 7 7 7 7 7 8 7 7 7 8 11 10 8 8 1 3 4 11 5 7 11 11 5 5 11 10 8 8 11 11 2 3 4 4 4 5 4 11 4 10 8 2 10 9 8 8 10 7 7 10 7 2 8 7 7 10 10 8 6 7 7 8 10 2 9 11 5 5 11 11 5 2 6 4 4 4 4 4 11 5 7 7 11 11 5 2 11 9 5 5 4 11 11 5 2 6 11 5 10 10 8 8 4 4 4 11 11 5 4 4 4 2 3 4 10 10 8 7 7 7 7 7 8 10 10 2 6 7 7 8 7 10 8 7 7 1 3 11 11 5 5 10 8 11 11 5 4 4 5 4 10 10 2 8 10 6 8 7 7 7 10 10 8 8 7 10 10 8 8 4 4 4 10 11 2 5 4 4 4 4 4 3 4 4 4 4 4 4 11 5 11 4 5 4 10 10 7 2 8 9 5 4 11 5 10 10 8 8 11 5 7 10 10 7 8 8 11 5 7 11 10 8 7 8 10 10 2 6 7 7 7 7 8 10 10 2 6 7 8 10 2 9 11 5 5 10 11 5 4 4 4 5 11 4 11 5 2 9 8 10 10 7 7 7 8 7 7 8 7 7 11 2 11 11 5 3 5 4 4 11 5 11 4 4 4 11 5 4 4 4 11 5 2 7 9 8 10 10 2 6 7 7 7 7 8 10 7 10 2 6 8 10 2 9 7 8 4 11 11 5 5 11 4 4 5 7 11 11 5 5 4 11 5 10 8 4 11 11 2 3 4 4 5 11 11 5 2 9 8 4 4 10 10 8 7 7 8 7 1 9 10 8 8 10 7 10 7 8 2 7 7 10 10 8 8 10 8 7 6 7 7 7 11 11 5 2 9 5 4 4 4 4 11 5 4 4 4 4 4 4 4 11 5 10 8 4 4 4 10 10 2 8 7 9 7 8 7 10 7 7 7 8 4 10 10 8 7 8 11 5 10 10 2 6 7 7 7 8 10 2 11 11 5 3 5 11 11 5 4 4 4 4 4 4 4 4 5 4 10 10 8 2 7 9 10 8 8
ppo_x50_b_fd_l4_linear,8,qv22_16,22,232,True,1264.0,5.534267425537109,8 8 10 10 8 8 10 10 8 8 9 5 10 10 8 8 10 10 8 8 11 5 4 11 5 10 7 10 7 7 8 8 11 5 4 10 10 8 8 11 5 10 11 5 4 5 10 10 7 7 7 8 8 10 10 8 8 11 5 10 10 7 8 8 11 5 10 10 7 8 8 10 10 8 8 11 5 7 11 1 9 5 8 11 11 5 5 10 8 11 4 4 11 5 5 11 11 2 3 5 4 4 11 5 7 11 11 5 4 4 4 4 1 4 5 9 4 5 10 10 7 8 8 10 11 2 6 7 8 10 8 7 7 7 10 8 11 5 4 11 11 2 5 4 4 10 9 8 7 7 7 7 7 7 7 7 8 10 2 6 7 7 7 7 11 11 5 2 11 9 5 4 4 5 4 4 11 5 4 10 2 9 10 8 8 7 10 10 8 7 7 8 11 10 2 8 10 8 6 11 11 4 5 4 4 4 4 2 3 4 4 4 4 4 4 11 5 10 8 4 4 11 11 5 4 4 5 1 9 10 8 8 10 8 7 7 7 7 10 8 7 7 10 10 8 8 10 10 2 8 10 7 8 7 6 11 11 5 4 5 4 4 4 4 4 4 11 5 4 4 11 2 4 9 4 11 4 2 5 9 10 8 8 11 5 10 7 8 10 10 7 8 8 7 7 7 7 7 10 7 8 11 5 7 7 7 10 7 7 10 8 2 9 8 7 11 11 2 5 11 4 4 3 11 4 4 5 4 5 11 4 5 0 9 10 8 8 7 1 11 11 5 4 3 5 11 2 11 9 5 5 11 11 4 2 5 10 10 8 6 8 10 8 10 7 8 7 7 11 5 10 10 8 2 6 7 7 7 7 7 0 9 8 7 10 10 8 2 9 5 11 11 4 1 3 5 5 11 2 11 11 4 5 3 5 4 4 4 4 1 3 11 5 11 11 4 5 4 4 2 3 10 10 8 7 7 7 7 8 10 7 7 11 5 2 9 11 5 5 10 8 10 8 7 11 5 10 10 8 7 7 8 10 2 10 7 8 11 9 5 5 4 4 11 5 4 4 4 11 11 5 4 4 4 5 10 7 11 5 5 11 11 2 5 9 8 10 10 7 8 8 10 7 7 7 0 6 8 10 10 8 8 10 10 7 8 7 8 7 11 10 8 8 10 8 4 11 11 2 3 5 4 1 9 5 11 4 4 4 11 5 4 4 5 11 11 2 3 5 7 10 7 7 7 8 11 11 5 5 10 8 7 10 10 8 8 10 10 7 7 8 2 9 8 11 10 8 8 7 7 7 11 11 2 5 3 11 4 5 7 11 11 5 4 5 4 1 9 5 10 11 5 5 4 11 11 4 2 5 11 5 4 4 4 4 4 3 10 10 2 6 7 8 7 7 7 7 7 7 7 7 10 8 11 5 10 7 8 7 10 10 8 2 11 4 5 11 11 5 5 3 4 10 11 5 5 11 11 4 4 2 5 9 5 4 11 4 4 5 10 10 2 6 8 7 10 7 8 7 11 11 5 4 5 4 11 5 10 10 7 8 8 7 7 7 7 11 5 10 10 8 7 7 7 7 7 7 7 8 7 10 2 4 9 11 5 5 4 4 4 4 4 4 10 10 2 6 8 11 5 10 10 7 2 6 7 7 7 8 10 2 10 10 8 8 4 4 3 11 4 5 10 10 8 8 11 5 1 3 4 4 4 4 11 4 5 7 11 11 5 4 5 4 4 4 4 4 4 11 11 5 2 9 8 10 10 8 8 7 7 10 10 2 6 7 7 8 10 7 7 10 8 2 6 4 4 4 4 11 5 4 4 10 8 11 11 2 5 9 5 4 4 11 4 11 2 5 10 7 6 7 7 7 8 10 10 7 7 2 8 10 10 7 7 7 7 7 8 6 8 1 9 5 4 11 4 4 5 1 3 4 11 10 8 8 11 11 5 4 4 4 4 4 4 4 11 2 5 4 10 9 8 8 10 2 10 10 7 7 6 7 7 7 8 7 7 8 11 2 10 10 8 7 9 8 8 10 10 8 2 9 10 8 8 10 8 4 10 10 8 8 4 11 5 11 4 5 7 11 11 5 5 11 4 11 2 3 4 4 4 5 11 4 4 4 4 4 4 5 7 7 10 10 2 8 6 7 10 7 7 8 4 10 10 8 7 7 8 10 10 8 7 7 7 7 8 11 5 10 10 7 2 8 9 5 4 11 1 3 4 5 7 11 11 5 5 10 11 5 5 11 11 2 3 4 4 4 5 4 4 10 8 11 11 5 4 5 11 4 5 4 4 10 10 2 6 7 8 10 8 10 10 7 7 7 7 8 7 7 8 7 7 10 8 11 5 7 7 7 7 0 6 11 11 5 5 11 5 4 4 1 9 5 11 11 2 3 5 4 4 11 4 4 5 0 7 9 8 10 10 8 7 8 7 10 8 7 1 11 11 5 4 3 5 4 10 11 5 4 5 11 11 5 4 4 4 5 11 5 10 10 7 2 8 7 7 7 10 9 8 7 7 7 8 7 11 2 7 7 6 7 7 7 11 11 5 2 9 11 4 4 4 4 2 3 5 11 4 4 11 5 2 6 4 4 11 4 1 4 4 5 3 10 10 7 8 8 10 8 10 10 7 7 7 0 6 8 7 7 7 7 8 10 2 9 7 11 5 5 1 3 10 11 5 5 11 11 5 5 11 4 4 5 10 10 8 2 10 8 6 7 10 8 7 7 10 10 8 7 7 8 10 2 6 11 11 5 5 11 11 5 4 4 11 5 2 4 4 4 4 4 9 4 5 4 4 4 4 10 10 2 8 6 10 7 7 7 10 7 8 7 7 8 10 2 6 11 11 2 5 11 9 5 5
ppo_x50_b_fd_l4_linear,9,qv22_17,22,231,True,1283.0,5.5982489585876465,8 8 10 10 8 8 9 11 4 5 2 10 10 7 7 8 8 9 5 10 11 5 4 5 10 10 7 7 8 8 10 10 8 8 10 10 8 8 11 5 10 10 2 8 10 10 8 8 10 9 8 8 10 2 3 10 10 8 8 10 2 10 9 8 8 4 1 9 5 11 4 5 4 4 11 11 2 3 4 4 4 4 5 11 2 10 7 10 8 8 10 6 8 7 11 11 5 4 5 10 7 8 10 7 7 10 7 7 8 2 10 10 8 8 7 10 10 8 8 4 11 5 3 4 4 4 11 5 10 8 11 4 4 11 2 3 4 4 4 4 5 11 11 5 4 4 5 11 11 2 5 3 7 7 10 10 2 6 8 7 7 7 7 11 5 1 3 11 5 4 10 2 9 11 5 5 4 11 2 3 10 10 8 2 10 10 7 7 8 8 6 7 7 7 11 5 10 10 8 8 10 8 10 7 7 10 8 2 10 6 7 8 10 2 11 11 5 5 3 4 11 5 4 4 4 4 4 1 3 4 4 4 4 4 4 4 11 5 10 10 2 8 10 8 10 7 10 7 7 6 7 8 8 7 7 7 7 0 11 9 8 8 10 8 10 10 7 2 7 6 8 11 5 11 10 2 6 8 11 11 5 4 5 11 11 5 4 4 4 5 0 9 11 5 5 4 4 4 4 10 11 5 4 5 11 5 4 4 4 10 10 2 8 6 10 7 8 4 4 4 11 5 10 10 7 7 7 7 7 7 8 7 7 7 8 11 10 8 8 10 10 8 8 1 9 10 8 8 7 7 10 10 2 8 6 11 5 11 11 4 4 4 5 4 4 4 5 11 11 2 5 9 5 11 11 5 2 4 4 9 5 11 5 10 10 7 8 7 7 7 8 7 7 7 7 10 8 1 11 5 9 5 4 11 11 5 5 4 4 4 11 2 3 10 10 8 2 10 6 10 7 8 7 7 7 8 10 7 7 7 8 11 11 5 4 5 4 10 11 5 5 10 8 7 7 7 10 8 7 7 11 11 2 5 9 4 5 11 4 4 11 5 2 9 5 7 11 11 2 3 4 4 4 5 11 5 4 4 1 9 4 4 4 11 5 2 10 8 6 10 10 7 7 8 8 7 7 10 8 7 11 5 10 10 8 7 7 7 8 10 2 11 9 8 8 4 11 5 4 4 4 4 4 4 4 10 10 2 8 10 8 6 7 7 10 7 7 7 7 7 7 10 8 2 6 11 5 11 11 5 4 5 10 8 4 11 11 2 3 4 5 4 4 10 11 5 5 10 11 5 4 5 10 10 2 8 9 7 8 11 4 4 4 4 4 4 11 5 4 2 3 10 7 7 7 7 8 11 10 8 8 7 7 7 7 7 7 7 10 10 8 2 6 4 4 11 5 4 4 4 10 8 11 11 5 4 4 4 4 4 5 4 10 11 5 5 4 4 10 10 8 2 9 7 8 7 10 8 11 5 11 5 7 10 7 7 8 7 10 7 7 7 10 2 6 8 10 2 7 11 9 5 5 10 8 11 11 2 3 4 4 5 4 10 10 8 2 6 10 8 7 10 8 4 10 10 8 7 8 7 7 0 6 11 11 5 5 4 4 4 4 4 4 11 5 1 9 11 5 4 5 4 4 11 5 11 2 3 4 4 4 10 10 8 2 10 9 8 7 7 8 10 10 7 8 8 7 7 10 8 10 10 8 2 4 9 5 11 11 5 2 11 11 5 4 5 9 11 4 4 4 2 5 9 7 8 7 7 10 8 7 10 8 10 10 2 6 7 7 8 1 9 4 5 11 11 2 3 5 4 4 4 4 4 4 4 4 11 5 11 2 10 10 8 8 10 10 7 6 7 7 8 7 7 7 7 7 7 8 7 7 7 10 8 4 10 2 3 4 4 11 4 5 4 4 11 11 4 4 2 4 5 9 5 7 7 7 7 11 10 8 8 11 10 8 7 8 10 10 8 2 4 4 3 4 4 11 5 7 11 2 3 4 4 4 4 11 5 10 10 7 2 8 6 10 7 7 8 10 7 7 7 8 10 10 8 8 7 10 7 7 8 11 11 5 5 10 11 2 3 4 5 4 4 4 4 4 4 11 5 0 10 9 8 7 8 7 11 11 5 4 5 1 11 11 5 3 5 10 10 7 7 8 8 7 0 6 7 7 7 7 7 10 8 7 11 4 5 10 10 2 8 11 4 4 3 5 4 4 4 10 8 11 11 5 5 11 4 2 4 11 5 3 11 5 4 4 11 5 4 4 10 10 8 2 6 7 10 8 10 10 8 7 8 10 10 7 8 8 11 5 7 7 7 7 10 7 10 2 6 7 7 8 10 2 11 11 5 3 4 5 11 11 5 5 4 11 11 2 3 4 5 10 8 10 11 2 3 4 4 5 11 4 5 11 11 5 2 4 3 4 4 4 10 10 2 8 7 7 9 10 8 7 7 8 10 7 7 7 7 8 4 11 11 2 5 3 4 10 11 5 5 4 4 4 10 10 2 8 6 7 10 8 10 10 2 6 7 8 10 10 2 6 8 10 10 8 7 7 8 1 3 11 4 10 8 8 11 5 4 4 4 4 4 4 1 3 4 4 4 11 5 7 11 11 5 4 5 4 11 7 2 11 11 5 5 9 8 10 10 7 0 7 8 3 7 7 7 7 10 8 8 4 4 11 5 10 10 8 8 10 10 8 8 7 7 7 10 7 7 7 7 8 10 2 6 11 11 2 3 5 11 5 10 7 7 8 11 11 4 4 4 2 5 9 11 5 5 11 1 4 3 4 5 4 11 11 2 3 5 4 4 4 4 10 10 8 2 6 10 7 7 7 7 10 7 7 8 8 10 10 8 8 10 10 2 8 7 6 11 11 5 4 4 4 4 5 10 2 9 11 5 5
ppo_x50_b_fd_l4_linear,10,qv22_18,22,234,True,1286.0,5.642162561416626,8 8 10 10 8 8 9 11 5 2 10 10 7 8 8 9 5 10 10 8 8 10 10 8 8 11 5 4 11 5 10 7 7 10 7 8 8 10 10 8 8 10 10 8 8 11 5 10 10 7 8 8 11 4 10 8 8 10 10 8 8 10 10 8 8 11 5 11 4 5 7 11 11 5 2 4 9 4 5 11 11 5 4 4 5 11 4 4 11 2 3 5 11 4 4 4 5 4 10 10 8 2 7 9 8 11 10 8 8 10 10 8 7 7 8 7 7 7 7 7 7 7 10 8 4 10 10 8 7 7 8 10 2 9 11 5 4 4 4 4 5 11 2 4 9 11 5 4 4 4 5 11 10 2 8 6 10 10 8 7 7 8 7 11 2 3 4 10 11 5 5 4 4 10 11 5 5 4 4 4 4 4 10 10 2 8 7 7 7 6 10 8 4 10 10 8 7 7 7 8 4 10 10 8 2 6 7 7 7 10 10 8 2 9 8 4 4 4 4 1 3 4 4 4 4 4 4 4 4 4 11 4 4 4 5 11 11 2 5 9 8 10 10 0 7 6 7 7 8 8 11 5 10 10 8 8 10 8 7 7 7 7 7 10 8 4 10 10 8 8 7 10 10 8 2 9 7 8 11 11 5 5 1 9 11 5 5 11 4 4 5 11 4 4 11 5 4 4 4 4 5 4 11 11 5 2 11 3 5 10 10 8 8 10 10 7 8 0 6 7 7 8 11 10 8 8 10 10 2 6 7 7 7 8 10 10 2 6 8 7 7 10 10 8 2 9 5 11 11 5 2 11 3 5 4 4 4 4 4 4 10 8 11 11 5 4 4 5 11 2 9 5 10 7 10 2 8 9 5 7 7 7 7 10 10 8 8 10 10 8 7 7 8 11 11 5 2 9 8 10 10 2 8 6 11 5 11 4 11 4 4 5 4 4 1 3 4 4 11 2 3 5 4 4 10 8 11 11 5 5 11 4 5 10 10 2 8 7 6 10 10 7 8 8 10 8 7 7 7 7 7 7 11 11 5 2 3 4 4 10 8 11 11 5 4 4 5 4 4 11 5 7 11 11 2 3 5 4 11 1 4 5 3 10 10 8 8 10 10 8 2 6 7 7 7 7 7 7 0 6 7 11 5 10 10 2 6 5 7 7 7 7 10 8 11 5 7 10 7 10 8 2 4 9 5 11 11 4 4 4 1 3 4 5 4 5 10 2 10 8 4 11 3 11 5 4 5 10 8 11 11 5 5 4 4 10 10 2 8 9 10 8 7 8 4 11 5 1 11 11 3 5 4 4 5 10 8 4 4 10 10 2 8 6 10 8 7 7 7 7 10 10 8 7 7 7 8 10 7 7 8 11 11 5 2 11 4 3 4 4 4 5 4 10 10 8 7 8 4 11 5 4 11 11 2 5 11 9 5 4 4 5 10 2 6 10 8 11 11 5 2 11 11 5 3 5 7 7 7 7 7 7 7 7 11 10 8 8 10 10 8 7 7 7 8 4 10 10 2 6 7 7 8 7 10 7 11 2 5 11 5 11 9 5 4 5 11 4 5 11 11 5 5 10 7 7 7 7 8 4 11 5 4 4 4 4 4 4 4 4 11 5 4 4 4 11 4 11 5 2 10 8 10 10 7 7 8 7 6 8 10 10 7 7 2 6 7 7 8 10 7 7 10 8 2 9 4 5 10 10 8 8 7 11 11 5 5 11 5 4 4 4 4 4 11 5 10 8 4 4 4 4 10 10 8 2 7 7 9 8 10 10 2 6 7 7 7 7 8 10 10 2 6 7 8 10 2 6 11 11 5 5 4 4 11 5 11 11 2 5 4 9 5 4 10 11 5 1 3 4 5 11 5 4 4 11 11 2 3 5 10 10 7 7 2 6 7 7 7 8 10 8 11 4 4 5 10 10 7 7 7 7 7 7 8 2 9 7 8 11 11 5 4 5 10 8 10 7 7 8 11 4 5 11 11 5 4 5 4 4 4 4 4 11 11 5 2 11 5 3 7 7 10 10 2 8 6 10 10 7 7 8 7 8 10 10 7 7 7 8 2 6 11 11 2 3 4 4 4 4 4 5 10 8 11 4 11 2 5 3 4 4 11 5 4 4 4 10 10 8 7 7 7 7 7 8 10 2 6 7 7 10 7 8 7 7 7 0 6 11 11 5 4 4 4 5 4 11 4 4 4 4 5 4 4 11 5 10 8 4 4 4 4 4 4 10 10 8 2 9 8 7 7 10 7 7 8 11 5 10 10 8 8 7 7 10 10 7 8 2 9 5 10 10 2 8 9 5 10 11 2 3 5 4 11 0 9 5 5 4 11 4 11 2 3 4 4 4 5 11 4 4 11 2 5 9 8 10 10 0 7 8 7 8 9 10 8 8 4 10 10 2 6 7 8 7 7 7 7 10 8 4 10 10 8 7 8 4 4 11 5 7 10 10 2 6 7 7 8 1 3 11 5 4 4 10 11 5 5 11 11 2 3 4 5 4 11 2 4 9 5 4 4 11 11 2 3 5 10 8 4 4 11 5 10 10 7 7 7 7 8 7 8 10 10 2 8 7 10 9 8 7 7 7 7 7 8 11 2 11 9 5 1 3 4 5 11 11 5 4 4 4 5 4 4 11 11 2 5 11 3 5 10 10 7 7 7 0 7 7 7 8 9 8 7 7 8 7 10 8 11 11 5 5 10 7 7 10 2 8 9 5 10 10 8 7 8 1 3 4 4 4 4 4 4 4 11 5 4 4 4 11 5 10 10 7 7 7 8 2 11 5 9 10 8 8 10 7 8 7 10 10 2 8 6 11 11 4 4 4 5 4 5 7 11 11 5 4 5 4 4 4 4 10 10 8 2 6 10 7 7 10 8 7 7 8 10 10 2 6 7 7 7 7 7 8
ppo_x50_b_fd_l4_linear,11,qv22_19,22,230,True,1278.0,5.668787002563477,8 8 10 10 8 8 9 11 5 2 10 10 7 8 8 9 5 10 10 8 8 11 2 10 10 7 8 8 10 9 8 8 10 2 10 10 8 8 10 10 8 8 10 9 8 8 10 2 9 10 8 8 4 4 4 4 4 4 4 4 10 8 11 11 5 4 5 11 11 2 3 4 4 5 4 11 11 5 2 3 7 10 8 10 7 10 8 7 7 7 7 0 6 7 7 8 7 10 10 8 8 7 10 10 8 2 9 4 5 4 4 11 11 5 2 10 8 6 4 11 11 5 4 4 5 4 4 10 8 11 11 5 5 4 1 4 3 11 4 5 11 10 8 8 10 10 7 8 8 10 7 7 7 0 6 7 7 7 8 7 7 7 7 7 7 11 11 5 5 4 11 5 7 11 1 9 8 5 4 4 4 4 11 5 4 11 4 5 11 11 2 5 9 4 5 7 10 7 7 10 8 8 10 10 8 10 8 8 4 10 2 10 10 8 7 7 7 8 11 5 4 4 11 5 9 11 5 4 4 5 0 9 5 10 7 7 10 2 8 6 4 11 11 2 3 4 4 4 4 5 4 10 11 5 5 4 4 4 4 10 10 8 2 7 7 7 6 7 10 8 4 11 10 2 8 3 10 10 8 7 7 8 11 2 6 7 11 10 8 8 10 10 2 6 8 7 10 10 8 8 1 4 11 9 5 4 4 4 4 4 5 4 4 11 11 5 4 4 4 4 5 10 10 8 2 9 4 5 10 10 7 7 7 7 2 8 10 10 7 6 8 7 7 7 7 8 7 1 3 4 4 4 11 5 4 4 4 4 11 5 10 8 4 4 11 5 10 10 7 7 7 2 8 10 7 7 7 8 10 8 10 6 11 2 5 3 4 11 5 7 11 11 4 4 2 3 5 4 11 5 10 7 10 2 8 10 7 7 7 7 7 7 7 6 8 10 10 8 7 8 11 11 5 2 3 4 4 11 5 4 4 4 4 4 4 4 11 4 4 4 5 10 10 7 7 2 8 10 8 6 7 10 7 7 7 8 10 10 7 8 8 4 4 4 11 2 9 4 4 4 11 2 5 10 6 10 8 7 7 8 10 7 7 2 6 7 7 7 11 11 2 3 5 10 11 5 5 4 4 4 4 4 4 4 1 3 4 11 5 4 11 11 4 4 4 2 3 5 7 7 7 7 7 7 10 8 10 8 7 11 11 5 1 3 5 11 5 10 11 5 5 4 11 5 4 4 10 10 2 8 7 9 8 10 10 7 7 7 2 6 8 10 10 2 6 7 7 8 10 2 9 7 11 5 5 4 4 4 11 5 4 4 4 11 4 4 4 5 10 10 7 7 8 8 10 10 7 8 7 7 7 7 7 7 8 7 7 7 11 2 10 10 8 8 6 4 11 5 1 9 11 5 4 4 4 4 4 4 4 5 11 5 11 11 2 5 4 4 3 4 11 5 10 10 7 7 7 7 2 6 7 8 10 8 10 10 2 6 7 8 10 10 8 8 4 4 1 3 4 11 5 4 10 10 8 2 9 8 10 10 8 2 10 6 7 7 7 8 10 10 2 8 9 8 11 5 4 1 3 4 4 1 3 11 5 10 8 11 11 2 3 4 4 4 4 5 11 2 3 10 10 7 8 7 7 7 7 7 8 11 2 10 10 8 6 8 1 4 4 4 4 4 3 4 10 8 11 4 5 7 11 11 5 2 9 4 4 5 11 11 5 4 4 2 3 10 10 7 7 7 8 7 7 8 10 10 7 7 8 7 7 8 10 10 2 7 6 8 11 5 7 10 7 10 2 7 8 9 5 4 11 11 5 5 4 4 4 11 5 7 10 10 2 6 7 8 11 5 10 10 8 7 7 8 11 11 5 2 9 8 11 11 5 4 4 4 4 4 4 5 4 11 4 4 4 4 5 4 4 11 5 4 10 10 8 8 10 10 7 2 6 8 10 2 11 11 5 5 9 4 5 10 7 10 7 8 2 6 10 10 7 7 8 7 8 4 10 10 8 8 7 10 7 7 7 7 8 7 11 11 2 5 9 5 11 11 2 3 4 5 7 10 8 10 10 8 8 4 10 11 5 5 11 11 4 5 4 4 5 4 4 10 10 2 8 9 5 10 10 8 7 8 11 2 9 11 5 4 4 4 5 7 10 0 6 7 7 7 8 1 11 4 5 4 9 4 11 2 3 4 4 5 4 4 4 4 4 4 10 10 8 2 10 10 8 7 7 7 6 7 8 7 7 10 7 7 8 11 11 2 5 11 9 5 5 11 1 9 5 8 4 4 4 4 4 11 5 4 10 10 8 2 10 10 7 6 7 7 7 7 7 7 7 8 7 8 7 7 7 11 11 5 2 11 9 5 4 5 4 4 4 4 11 4 2 9 10 8 8 10 2 10 10 8 7 6 7 7 8 7 7 7 11 5 4 4 4 4 1 4 3 4 4 4 4 4 0 9 10 8 2 9 8 11 4 4 5 10 7 7 7 8 4 10 10 8 7 7 8 10 10 2 8 10 8 7 6 10 7 8 11 11 5 5 11 11 5 5 11 1 9 5 8 11 11 5 4 5 4 10 11 5 5 4 4 4 11 11 2 3 4 4 4 4 5 10 2 10 10 8 7 6 7 7 7 7 7 8 11 5 10 10 8 7 8 10 10 8 7 7 7 8 11 11 5 2 9 5 10 8 7 7 7 0 6 11 11 5 5 4 11 5 11 11 4 5 4 4 4 4 4 4 4 4 5 11 4 4 5 4 10 10 2 8 9 8 10 10 2 6 7 8 4 10 10 8 8 10 10 8 2 7 6 10 8 4 11 5 10 10 8 7 7 8 7 7 7 10 10 2 8 6 11 4 4 4 11 4 2 3 4 5 11 2 9 10 8 8
ppo_x50_b_fd_l4_linear,12,qv22_2,22,231,True,1282.0,5.761950731277466,8 8 10 10 8 8 9 11 4 5 2 10 10 7 7 8 8 9 5 10 10 8 8 10 10 8 8 11 5 10 10 7 8 8 11 5 10 7 10 8 8 11 5 10 10 7 8 8 10 10 8 8 11 5 4 11 5 10 10 7 8 8 10 10 8 8 10 10 8 8 11 5 11 11 5 2 4 4 4 4 4 4 4 4 9 5 11 11 5 4 4 4 5 7 11 11 2 5 3 10 10 2 6 7 8 7 10 1 9 8 8 10 10 8 7 8 7 7 10 10 2 6 7 8 10 2 6 7 11 11 5 4 5 11 5 4 4 4 4 4 4 4 4 11 5 10 8 10 10 7 2 8 7 7 6 10 7 8 7 7 7 10 8 7 7 7 11 11 2 5 4 4 4 3 4 4 4 4 4 4 4 10 8 11 11 2 3 4 4 4 5 11 4 4 11 5 2 9 8 10 10 7 2 6 7 8 10 10 7 7 2 8 10 6 7 7 10 8 8 11 5 4 4 4 11 5 10 10 7 7 7 8 8 7 10 10 2 8 9 8 4 11 5 4 4 4 4 1 3 4 4 11 5 10 8 4 4 4 4 11 11 5 2 9 7 8 4 10 10 2 8 6 10 10 8 7 7 7 7 8 7 10 8 10 8 7 7 7 7 10 7 8 11 11 2 5 9 5 11 11 4 4 2 3 5 4 11 11 5 2 6 4 11 5 11 5 4 4 11 5 10 10 8 2 10 6 7 7 8 10 10 7 2 8 6 10 8 10 10 8 2 10 8 3 4 4 4 11 4 10 2 8 9 8 10 10 8 7 7 0 6 8 10 10 7 2 8 9 5 4 4 11 11 5 2 11 5 4 9 11 4 4 5 4 4 4 5 0 6 7 7 7 10 8 11 10 2 8 7 10 10 8 7 6 8 11 4 4 4 4 5 11 11 5 2 6 4 4 4 4 4 4 4 11 5 11 4 2 4 3 10 10 7 8 7 8 7 10 8 10 10 8 2 7 9 8 7 10 8 11 5 10 7 8 4 10 10 8 8 7 7 10 10 8 2 10 8 6 10 11 2 3 5 10 8 7 11 11 2 3 4 5 11 11 2 5 4 3 4 4 4 11 5 10 8 11 11 1 3 5 5 4 4 4 4 11 5 7 11 2 9 11 5 4 5 10 10 2 8 11 5 10 10 7 7 6 7 7 8 7 8 7 10 8 4 10 10 8 7 8 7 7 7 7 7 11 10 8 8 11 4 11 5 2 11 3 4 11 5 4 4 5 4 4 4 4 4 10 0 8 6 10 8 10 10 2 6 7 8 7 10 7 8 1 9 11 5 5 11 11 2 3 5 4 4 11 11 5 2 11 4 3 4 5 4 11 5 4 10 10 2 8 10 8 10 10 8 9 8 8 7 7 10 10 2 8 3 10 10 8 0 6 7 8 7 10 10 7 8 5 10 7 8 10 10 7 2 8 9 5 4 4 4 4 11 11 5 2 6 4 11 11 5 4 5 7 11 11 5 4 4 5 11 4 10 8 8 10 8 7 11 11 5 4 4 4 5 4 4 10 10 2 6 8 10 10 2 6 8 7 7 7 10 10 7 7 7 7 2 6 7 8 10 8 7 7 11 11 5 2 11 9 5 1 4 3 4 4 5 4 4 11 5 11 5 4 4 10 10 8 7 7 8 11 4 4 4 4 5 11 11 2 3 4 4 5 11 2 3 11 10 8 7 7 7 7 8 10 7 10 7 7 7 7 7 8 7 7 8 11 5 10 10 8 8 7 7 7 11 11 2 5 3 4 11 4 5 4 0 9 11 5 5 4 4 11 5 7 11 11 2 3 4 4 4 4 5 10 8 4 4 4 10 10 2 8 7 7 7 7 6 10 7 7 7 7 8 4 10 10 8 7 7 8 11 5 4 4 4 4 11 5 10 10 8 8 10 2 11 10 8 8 7 10 9 8 7 8 11 10 8 8 11 4 11 5 4 4 4 5 4 4 4 11 5 10 10 8 8 11 5 11 11 5 5 4 4 4 11 11 5 4 2 3 10 7 10 7 7 7 7 7 7 7 8 7 7 7 8 7 7 7 11 11 5 2 9 5 4 11 5 4 4 1 10 9 5 5 4 4 4 4 11 11 5 2 10 8 7 9 11 5 4 4 4 4 5 11 2 3 10 10 7 7 7 7 7 7 8 7 0 9 8 7 8 10 7 8 4 10 10 8 8 11 4 4 4 5 4 10 10 2 6 7 7 7 7 7 7 7 7 8 11 2 9 7 11 5 5 10 4 10 8 8 10 11 5 1 3 4 5 11 4 4 5 4 4 4 4 4 1 3 11 5 4 4 11 2 3 10 10 7 8 7 8 4 10 10 7 8 8 11 5 7 10 8 4 10 10 8 7 0 6 7 7 7 8 7 7 11 11 2 5 3 11 5 4 10 10 8 8 11 5 4 11 5 4 4 4 4 11 4 5 10 10 2 8 9 8 10 8 7 10 10 7 2 6 7 8 10 7 8 10 10 7 8 2 4 4 9 4 5 11 11 5 5 11 11 2 5 11 3 4 4 4 4 5 4 11 5 10 0 8 10 10 8 7 6 8 7 7 7 7 7 7 11 11 5 2 9 8 11 11 2 3 5 11 11 5 8 4 4 11 5 10 8 11 11 4 4 4 5 4 5 4 11 1 4 5 3 10 10 8 8 10 8 10 7 7 7 8 10 10 2 6 7 7 7 7 7 7 7 7 8 10 7 2 6 11 11 5 4 5 10 8 11 11 2 3 4 4 4 5 4 4 4 4 4 4 4 11 5 10 10 8 8 1 9 5 4 11 11 5 4 5 4 10 10 8 2 10 6 7 10 7 8 8 10 10 2 6 7 7 7 7 8 11 2 9 10 8 8
ppo_x50_b_fd_l4_linear,13,qv22_20,22,231,True,1300.0,7.276285409927368,8 8 10 10 8 8 9 11 2 5 10 10 7 8 8 9 5 10 10 8 8 10 10 8 8 11 5 11 4 5 7 11 11 5 4 4 4 5 7 10 8 10 10 7 7 7 7 7 8 8 11 5 10 10 8 2 3 11 5 0 10 7 10 8 8 10 9 8 8 10 2 10 10 8 8 10 9 8 8 10 2 9 4 4 5 11 11 5 4 4 4 5 4 11 11 2 3 4 4 4 5 10 8 4 4 4 4 4 10 10 8 2 7 7 10 8 10 10 8 7 6 8 10 7 10 7 7 7 7 7 7 8 8 10 10 8 8 4 11 11 5 2 4 4 4 4 4 9 5 11 5 4 4 4 4 4 11 11 5 2 4 3 7 7 10 8 10 10 7 7 7 7 7 7 7 8 0 6 7 7 8 11 5 7 10 10 2 8 9 8 4 4 4 4 4 10 11 5 5 4 4 11 5 7 10 7 10 2 6 7 8 10 8 1 11 11 5 3 4 5 4 11 11 5 4 4 5 10 10 2 6 8 10 8 7 7 10 8 10 10 8 7 2 11 9 5 4 4 4 4 4 5 10 2 6 11 11 5 4 5 11 11 4 4 4 5 4 5 11 11 5 2 10 7 6 7 7 7 8 10 7 7 10 8 2 9 8 10 10 2 8 7 6 7 7 7 10 10 8 7 7 8 11 2 6 11 11 2 4 3 8 4 4 11 5 11 5 7 7 11 11 2 3 4 4 4 4 4 4 4 4 4 4 4 5 11 2 9 5 10 10 8 8 11 4 4 5 10 10 8 7 10 8 8 4 11 4 5 10 10 7 8 7 8 7 11 11 5 5 4 11 5 7 10 10 8 7 7 7 7 7 8 7 7 10 8 11 5 11 11 2 3 5 4 10 2 11 9 5 5 11 4 5 4 4 4 4 4 4 10 10 2 6 7 8 10 7 7 10 2 6 8 10 2 9 10 0 8 6 7 7 7 8 4 11 5 7 10 10 2 6 7 7 8 10 2 9 10 8 7 8 10 11 5 2 11 11 5 4 4 3 11 5 4 4 5 4 4 4 4 10 8 11 11 5 4 5 11 4 4 11 5 2 9 5 4 10 10 2 7 7 6 8 7 7 10 10 8 2 9 5 10 10 8 7 8 10 10 8 7 7 8 11 10 8 8 10 10 2 8 10 8 6 11 4 11 1 3 4 5 1 4 4 4 4 3 4 4 4 5 10 11 5 5 11 11 4 5 2 9 8 7 7 10 10 8 2 6 10 8 7 10 10 2 6 7 8 11 2 11 3 4 4 11 2 3 4 5 11 11 2 5 4 4 3 10 8 7 7 7 7 7 7 0 9 8 10 10 7 8 7 7 7 8 11 11 5 2 3 1 4 9 5 11 4 4 4 4 11 5 2 4 4 4 3 4 4 10 10 8 7 7 7 8 7 7 10 8 7 7 7 7 11 5 10 4 10 8 7 8 4 1 3 4 4 4 4 11 5 7 7 11 11 2 5 3 11 1 3 4 5 4 10 2 10 10 8 9 8 8 10 10 8 2 10 7 6 7 8 10 10 7 7 8 7 10 8 8 7 7 7 10 11 2 5 11 11 5 4 3 5 4 11 2 9 4 5 0 9 10 8 8 10 8 7 10 7 7 8 4 11 11 2 5 3 11 11 5 5 4 11 5 4 4 11 5 4 4 4 4 4 10 11 5 5 4 4 4 10 10 2 6 7 8 10 7 8 10 10 2 6 7 8 10 10 8 8 10 10 2 6 8 7 7 11 10 8 8 10 10 2 6 7 8 10 2 6 11 11 4 5 4 4 4 4 4 5 4 4 4 4 11 4 5 10 10 8 8 4 11 5 11 4 11 5 2 3 11 5 10 10 7 7 8 7 7 7 10 2 6 7 7 7 8 11 2 9 10 8 8 10 10 8 2 11 4 3 4 4 4 4 4 4 5 4 4 11 11 2 5 9 5 11 10 8 7 8 10 10 7 0 6 7 7 8 7 8 10 8 7 10 7 7 8 10 10 2 6 8 11 11 4 4 4 4 4 5 5 11 11 5 5 10 2 9 8 1 3 4 4 1 9 5 4 4 4 11 11 5 2 4 3 10 10 2 6 7 7 7 7 7 8 0 9 5 10 10 8 7 7 8 7 7 7 11 11 5 2 9 8 11 11 5 4 5 4 10 2 10 9 8 8 11 4 4 4 5 11 4 5 10 10 8 8 10 7 7 7 10 8 7 7 7 8 7 7 10 10 8 2 6 4 11 4 11 4 4 5 2 4 9 5 7 10 7 7 7 7 7 8 11 4 11 4 5 4 4 4 4 4 4 4 4 4 5 4 4 4 4 11 11 2 5 9 8 1 3 10 10 8 8 10 10 7 8 8 7 7 10 8 7 10 8 4 11 4 4 5 10 10 8 8 10 10 8 8 7 7 7 7 10 7 8 10 8 11 11 4 4 5 5 11 2 9 5 10 10 8 8 10 2 6 11 11 4 5 4 5 4 4 11 4 5 11 11 2 5 3 4 4 11 5 10 10 7 7 8 7 7 10 8 8 11 2 3 10 10 2 6 8 1 9 10 8 8 10 10 2 6 8 10 7 2 9 11 5 5 10 2 6 7 10 10 8 2 9 5 7 7 7 11 11 5 1 3 4 4 4 1 3 5 7 11 11 5 4 5 4 11 5 11 4 4 5 10 7 8 10 10 8 7 0 6 7 7 8 7 11 11 2 5 9 5 7 11 10 8 7 8 7 11 11 2 5 9 5 11 11 4 1 4 5 3 5 4 4 11 5 4 11 5 10 8 4 11 11 2 3 4 5 11 2 3 10 10 2 6 8 7 7 7 7 10 8 7 7 7 10 8 7 11 11 5 5 11 11 5 2 4 4 4 9 11 5 5 10 7 10 8 7 7 7 7 7 7 7 7 7 7 8
ppo_x50_b_fd_l4_linear,14,qv22_21,22,226,True,1244.0,5.5042314529418945,8 8 10 10 8 8 9 11 2 5 10 10 7 8 8 9 5 10 4 4 5 10 10 7 7 8 8 10 2 10 10 8 8 10 10 8 8 10 9 8 8 10 2 10 10 8 8 10 9 8 8 10 2 10 10 8 8 9 10 8 8 11 5 7 11 11 2 3 4 4 5 10 7 7 8 7 11 11 2 3 4 4 4 5 11 11 5 2 4 10 9 8 7 8 7 11 2 3 11 11 4 4 5 5 10 11 5 5 11 11 5 4 4 4 5 11 11 5 2 7 6 7 7 7 7 7 7 10 8 7 7 10 8 10 10 8 2 7 6 7 11 11 2 3 5 4 4 4 4 4 11 4 5 10 8 11 11 5 4 4 5 11 11 5 2 3 4 11 4 5 4 10 10 2 8 7 7 6 7 7 10 8 7 7 7 10 8 11 5 1 9 10 8 8 10 7 8 1 11 11 5 3 4 5 4 4 4 10 8 10 8 0 9 8 11 10 8 7 8 10 7 10 2 6 8 7 7 10 11 5 5 4 11 5 7 7 7 7 10 10 8 2 6 4 4 4 11 5 7 11 11 5 4 4 5 4 4 11 11 2 4 3 5 11 11 5 5 4 4 11 11 5 2 10 8 10 7 9 5 4 4 5 10 7 8 10 10 8 0 6 8 10 10 2 8 3 7 7 7 10 10 7 8 8 10 10 2 8 7 7 6 11 11 4 4 4 4 5 2 9 5 10 11 5 4 5 7 11 11 5 2 9 11 5 4 4 5 4 4 4 11 11 2 5 3 7 7 11 5 10 10 8 7 8 4 10 10 8 7 8 1 9 10 8 8 11 5 10 10 8 8 10 10 7 8 7 8 4 10 10 8 7 8 11 4 4 4 5 7 11 10 8 8 10 10 8 8 10 10 2 8 7 9 8 7 7 11 11 2 5 4 3 4 4 4 4 11 5 7 11 11 2 3 4 5 4 11 5 4 4 4 11 11 5 2 11 5 4 3 10 7 10 8 7 8 4 11 5 10 10 7 7 7 7 8 8 10 10 2 8 9 8 7 7 11 5 10 10 8 8 10 10 7 7 8 2 4 9 5 4 11 4 5 11 11 2 3 5 4 4 4 4 4 0 9 11 5 5 4 4 4 11 11 2 5 7 9 8 10 10 7 7 8 7 7 7 7 7 7 8 10 10 8 2 7 10 10 8 8 6 7 7 7 11 11 2 5 3 11 5 4 4 4 4 4 4 10 8 11 11 5 4 5 10 2 11 9 5 5 4 11 1 4 3 5 10 8 10 2 10 10 8 8 10 10 8 8 6 10 8 10 8 7 7 7 7 7 10 7 8 11 11 2 5 9 5 11 11 5 4 4 4 4 4 4 4 4 4 5 4 4 10 10 2 8 10 8 7 10 10 8 7 6 8 7 7 10 7 7 8 11 11 2 3 5 11 11 5 5 11 11 2 3 4 5 11 11 2 5 4 3 4 11 5 4 11 11 4 5 2 9 8 7 7 10 7 7 7 7 7 10 8 7 8 10 10 7 8 2 9 5 10 10 2 6 7 8 10 10 2 8 7 6 7 11 11 5 5 4 4 4 4 4 4 4 11 5 10 8 11 11 5 4 4 5 10 8 11 11 5 4 5 11 11 5 2 11 5 10 10 8 7 6 7 7 7 8 11 4 4 4 5 10 10 7 2 6 8 10 7 7 7 8 7 7 10 8 7 7 7 7 7 11 11 2 3 4 5 11 4 1 3 4 5 11 11 2 3 4 5 10 0 6 7 7 8 10 10 8 2 9 8 4 11 5 7 11 11 5 4 4 5 4 4 4 10 8 11 11 5 4 4 4 4 4 5 11 11 2 5 9 8 10 10 8 8 10 7 7 7 8 7 7 7 7 7 10 7 8 10 10 7 8 2 3 7 7 1 3 4 4 4 11 5 11 11 5 2 4 11 5 4 10 9 8 8 11 4 4 4 5 4 11 11 2 5 9 5 4 10 10 8 8 10 10 8 7 7 8 7 10 8 7 7 7 7 7 10 8 4 11 11 4 2 5 4 4 3 4 1 4 4 9 4 5 4 11 11 2 5 10 7 8 10 10 8 9 8 7 8 11 10 8 8 10 7 7 7 10 2 8 9 5 10 10 7 8 2 6 10 10 8 2 10 6 8 10 7 11 2 5 11 9 5 5 4 4 4 4 4 4 11 5 4 4 4 4 11 4 4 4 5 11 11 5 2 3 7 7 7 7 7 7 10 10 2 6 8 11 10 8 8 7 7 10 8 4 10 8 10 8 11 11 4 2 3 5 10 11 5 5 4 0 9 11 5 5 11 4 10 2 8 10 8 7 11 11 5 4 3 5 0 10 7 8 7 7 7 9 8 4 4 4 11 2 10 10 7 8 7 6 7 8 7 7 7 7 7 7 11 11 5 2 3 11 5 11 11 4 2 3 4 4 5 10 2 9 10 7 2 8 6 10 8 4 11 11 4 4 5 4 4 4 4 4 4 4 4 5 10 2 7 9 8 7 7 10 10 8 7 7 7 8 11 2 10 10 8 8 6 7 11 11 5 4 4 4 4 5 11 11 2 5 4 3 4 4 11 11 5 4 2 9 10 8 7 7 7 8 11 5 10 8 7 7 7 0 9 8 4 10 10 8 8 10 10 2 6 7 7 7 8 10 7 2 6 11 11 2 3 5 4 4 4 4 4 4 4 4 4 1 10 9 5 5 4 4 4 4 4 10 10 8 2 9 8 7 7 10 8 1 3 10 10 8 8 7 7 7 7 7 7 7 10 8 7 11 11 5 5 11 11 2 5
ppo_x50_b_fd_l4_linear,15,qv22_22,22,230,True,1280.0,5.503494739532471,8 8 10 10 8 8 9 11 5 2 10 10 7 8 8 9 5 11 4 5 10 10 7 7 8 8 10 2 10 10 8 8 9 10 8 8 11 5 7 10 10 8 8 10 2 10 10 8 8 10 9 8 8 10 2 3 4 11 5 10 10 7 7 8 8 10 2 10 9 8 8 1 9 4 4 5 7 10 8 7 11 11 5 4 1 3 5 7 11 11 5 4 4 4 5 11 4 5 11 4 5 4 11 11 2 5 3 11 5 7 11 10 8 8 10 7 10 7 7 7 2 8 6 7 10 7 8 7 10 10 8 7 8 11 11 2 5 4 4 3 11 5 7 7 10 7 8 11 11 4 5 5 11 11 5 5 11 11 2 3 5 11 11 5 4 4 4 4 4 5 4 4 11 5 10 7 2 9 8 11 11 5 5 10 2 6 10 10 8 7 7 7 8 10 10 2 6 7 7 8 10 10 2 6 7 8 7 7 7 7 10 10 8 2 6 11 5 11 11 4 4 5 4 4 4 4 5 11 11 2 3 5 10 11 5 5 4 4 11 5 7 11 11 2 4 3 5 10 8 4 4 4 10 10 2 8 6 7 10 7 7 0 6 7 8 11 5 10 10 2 6 5 7 7 10 8 11 5 10 10 2 6 7 8 10 2 6 11 11 4 5 4 4 4 4 4 5 10 11 5 4 5 7 11 11 4 5 2 11 5 10 9 8 8 10 8 7 7 7 10 8 7 11 11 5 5 11 11 2 5 7 9 8 7 10 10 8 8 7 7 7 10 8 7 7 10 10 2 8 6 11 4 4 11 4 2 3 5 11 11 4 5 8 4 4 4 4 4 4 4 4 4 11 5 10 8 10 10 2 6 8 7 10 8 11 5 7 7 7 7 7 7 7 7 10 10 8 2 9 5 0 7 10 7 7 8 6 4 11 4 4 11 4 4 2 3 4 4 5 4 4 4 11 4 4 5 7 7 11 2 9 11 5 4 4 4 5 11 2 3 10 10 7 7 7 8 2 7 7 9 8 11 4 4 5 10 10 7 7 2 6 8 7 10 8 4 11 11 5 2 3 10 7 8 10 10 8 7 7 7 8 10 8 4 11 11 5 2 9 5 11 11 5 4 4 4 4 4 4 4 4 5 10 10 2 8 9 8 7 10 10 2 6 8 10 8 7 7 7 7 7 10 8 10 10 8 7 8 11 11 2 5 4 9 4 5 11 11 2 3 5 4 11 11 2 3 4 4 4 5 11 4 4 11 2 5 3 4 10 0 6 8 10 10 2 7 8 9 5 10 7 7 10 2 6 7 8 10 10 8 8 7 7 7 7 10 8 10 10 2 8 6 7 11 4 5 7 11 11 5 4 5 4 4 4 1 3 4 4 11 5 10 7 11 5 2 9 4 5 10 7 11 5 5 4 11 5 10 8 4 4 4 4 4 4 10 10 8 2 6 10 7 7 8 7 7 10 8 4 10 10 8 8 10 10 7 2 6 8 11 10 8 8 7 10 8 10 10 2 8 9 7 8 4 11 11 2 3 4 4 4 4 4 4 5 4 11 11 2 3 4 4 4 5 10 2 10 10 8 7 6 8 7 7 10 8 11 5 10 7 10 2 6 8 10 2 9 10 8 8 10 10 8 2 11 4 9 5 5 4 4 4 4 4 4 11 5 10 11 5 4 4 4 4 4 5 10 10 2 8 10 6 7 7 8 10 10 2 6 8 7 10 8 11 11 5 5 10 8 10 10 8 8 10 10 8 2 10 10 7 8 6 7 7 7 7 8 10 2 11 9 5 5 11 5 4 4 4 4 4 4 4 4 4 10 11 5 5 4 4 4 4 4 11 11 5 2 3 7 10 8 10 10 7 0 6 8 7 7 8 7 10 7 7 8 7 7 10 10 7 8 7 8 10 8 11 11 2 3 5 11 4 10 8 8 11 5 4 4 4 4 10 8 11 11 5 4 4 5 4 4 4 11 5 4 4 4 11 5 4 10 10 8 8 10 8 10 10 7 2 8 9 8 10 11 5 5 10 10 7 2 6 7 8 10 10 8 10 8 7 7 7 7 7 10 8 2 6 10 11 4 5 2 9 8 11 11 2 3 5 11 11 5 5 4 4 4 11 4 5 7 7 10 7 0 6 8 10 7 7 7 8 7 7 11 11 5 2 9 5 11 11 2 3 4 5 4 4 11 5 10 8 11 11 4 5 4 4 5 10 11 5 5 11 11 5 2 4 3 4 10 10 8 7 7 7 7 7 7 7 7 7 8 7 7 10 7 8 11 11 2 5 11 11 5 3 5 11 5 11 4 11 4 2 3 4 5 7 11 5 4 4 4 11 5 7 11 11 5 4 4 5 10 10 8 2 9 4 5 10 7 8 4 10 10 8 7 7 8 11 10 8 8 10 10 2 6 7 8 7 10 8 7 10 10 8 2 6 7 7 7 10 10 2 6 8 4 11 5 11 11 4 2 3 4 4 4 4 5 4 11 11 2 5 9 5 7 10 7 8 11 1 3 4 11 5 5 4 4 11 5 4 11 11 5 2 10 7 7 10 8 8 9 10 8 7 7 7 8 10 2 10 8 4 4 11 11 5 9 5 4 4 5 4 11 11 5 4 2 3 7 7 7 10 7 7 7 7 7 10 8 5 7 7 7 7 7 7 10 8 11 5 11 11 2 3 5 11 4 4 4 4 4 4 11 5 2 9 8 11 4 5 10 11 5 5 10 10 7 7 8 7 7 7 8 10 10 7 2 8 6 7 7 7 11 10 8 8 7 7 11 11 5 2 3 11 4 5 7 7 11 11 2 3 5 4 4 11 5 10 8 11 1 9 8 8 11 11 5 4 4 5 4 4 11 5 10 8 11 11 5 5 4 11 11 4 4 4 2 5
ppo_x50_b_fd_l4_linear,16,qv22_23,22,230,True,1257.0,5.602062940597534,8 8 10 10 8 8 9 10 8 8 11 5 4 11 11 5 2 10 8 10 7 10 7 7 8 8 10 9 8 8 11 2 10 10 7 8 8 9 5 0 10 10 8 8 10 10 8 8 9 5 10 10 8 8 10 2 10 10 8 8 9 10 8 8 11 5 4 4 4 4 4 4 4 10 8 11 11 5 4 4 1 3 5 4 10 10 8 8 11 5 4 4 4 4 4 10 10 8 2 10 7 6 7 8 10 10 7 2 8 10 9 8 7 7 0 6 7 8 10 10 2 8 10 8 6 11 11 5 4 4 4 5 11 4 4 11 5 2 6 4 11 4 4 4 4 5 11 11 4 4 5 2 3 7 10 10 7 7 7 8 7 7 7 7 7 7 8 10 10 2 6 8 10 8 7 1 11 9 5 5 4 4 4 11 5 4 4 4 4 11 5 4 10 10 8 2 10 10 8 6 7 8 10 10 8 8 10 7 7 7 8 10 10 8 7 8 7 11 11 5 2 9 5 4 4 4 11 5 11 11 5 2 3 4 4 4 4 4 4 11 5 4 11 5 10 8 4 4 10 10 8 2 9 8 10 11 5 5 10 10 7 2 6 7 7 8 10 10 8 8 7 7 10 8 10 7 10 2 8 6 10 8 7 10 10 8 2 6 4 4 4 1 9 5 4 4 4 4 11 11 2 3 5 11 4 4 11 2 5 7 6 7 10 7 8 10 10 8 2 11 3 5 4 11 11 5 5 11 11 4 2 3 4 4 5 4 4 10 10 8 2 9 8 10 7 0 6 7 8 11 11 5 5 11 4 10 8 8 10 7 8 10 10 7 7 7 7 7 8 7 7 7 8 10 8 1 4 10 9 5 5 4 4 4 11 5 4 4 10 8 11 11 2 5 9 5 11 1 3 4 5 11 4 4 4 2 3 10 10 8 7 7 7 7 8 10 8 10 8 10 10 7 7 7 7 7 8 8 10 4 5 10 10 8 7 7 8 11 2 6 11 11 5 5 11 4 4 5 10 11 5 5 4 10 11 2 3 4 4 4 4 5 11 5 11 11 5 4 4 2 4 11 5 3 10 10 7 7 8 8 7 7 7 0 6 7 7 7 7 7 7 10 8 1 9 5 4 1 9 10 8 8 11 2 9 11 5 4 4 5 4 11 5 4 4 4 4 4 10 10 2 8 10 10 7 8 7 6 8 10 10 7 7 7 7 7 7 8 8 11 4 4 4 5 10 7 8 10 10 2 6 8 10 8 7 11 11 2 5 3 4 11 4 5 4 4 10 10 8 8 7 10 8 4 11 4 5 7 7 10 10 8 7 7 8 11 4 11 5 8 4 4 4 4 4 11 5 10 8 11 11 2 3 4 4 5 10 11 5 5 4 11 5 4 11 11 2 5 3 10 8 7 10 10 7 7 8 8 7 7 7 7 7 10 7 8 7 10 7 10 2 8 9 8 11 5 11 4 11 4 4 5 5 4 4 4 4 1 9 5 10 10 8 8 11 4 4 4 5 4 4 11 5 7 11 11 2 5 11 5 4 3 10 10 8 8 7 7 7 7 10 8 7 7 10 8 10 10 2 6 7 8 11 5 10 10 7 7 2 8 3 4 4 4 4 11 5 11 11 5 5 11 11 5 5 7 0 10 9 8 8 4 10 10 8 7 8 1 9 4 4 4 11 5 4 4 5 4 11 2 3 4 4 10 10 2 8 6 7 7 7 10 8 7 10 8 7 7 10 10 2 6 8 7 7 7 7 10 7 8 7 11 11 2 3 5 10 11 5 5 11 11 4 2 5 9 4 5 11 4 4 11 5 4 5 4 11 5 0 9 8 11 11 5 5 4 11 5 0 10 10 8 6 7 7 7 7 8 11 5 11 4 5 10 10 2 8 7 6 7 7 7 10 8 11 5 10 10 8 8 11 5 10 10 8 7 8 7 7 7 11 11 2 5 3 11 11 5 5 4 4 4 11 5 10 8 11 11 5 4 11 5 5 11 5 4 11 4 4 11 2 5 11 11 5 3 5 11 10 8 8 10 10 8 7 10 8 8 7 7 7 10 8 11 5 10 10 2 8 6 7 7 10 8 11 5 4 10 10 8 7 8 10 7 11 5 4 5 7 10 8 10 10 2 6 7 8 10 2 6 11 11 5 4 4 4 4 4 5 11 11 4 5 8 4 4 4 4 4 11 5 0 9 8 7 10 10 8 5 7 7 7 7 7 10 8 11 5 7 7 11 11 5 2 4 3 4 4 11 5 4 4 4 4 4 10 8 11 11 5 5 11 2 3 4 10 10 8 7 7 7 8 7 7 7 7 10 8 11 11 5 4 5 7 7 10 7 8 4 10 10 8 8 1 3 11 5 4 4 11 11 5 5 4 4 0 9 11 5 5 4 4 11 11 2 5 9 8 10 10 7 7 2 6 7 7 7 7 8 10 10 8 2 6 7 10 7 8 4 10 10 8 7 7 7 8 10 8 7 11 11 2 5 9 8 11 11 5 1 3 5 7 11 11 5 4 4 4 5 11 11 2 3 4 4 4 5 11 4 4 5 10 10 2 6 8 7 7 7 7 10 7 10 2 6 7 7 7 8 10 2 9 11 5 4 4 4 4 5 10 2 6 7 7 10 10 8 7 7 7 7 8 10 2 11 9 5 5 11 11 2 3 4 5 7 11 11 2 3 4 4 4 4 4 5 4 1 9 5 7 11 11 5 4 5 4 10 8 11 11 5 4 5 11 5 4 10 10 8 2 6 10 10 8 7 7 8 11 4 2 3 10 10 8 8 7 7 0 9 8 4 10 10 8 8 10 10 2 7 6 7 7 7 7 7 7 8
ppo_x50_b_fd_l4_linear,17,qv22_24,22,232,True,1277.0,5.590090274810791,8 8 10 10 8 8 10 11 5 3 5 10 10 7 8 8 11 5 10 10 7 8 8 10 10 8 8 11 5 4 4 11 5 10 10 7 7 7 7 8 8 4 11 5 1 4 4 4 9 4 4 5 11 11 5 2 11 9 8 8 10 10 8 2 10 10 7 7 7 7 7 7 7 7 8 8 9 5 10 10 8 8 10 10 8 8 11 5 10 7 10 8 8 10 2 10 9 8 8 11 5 4 4 4 4 11 5 10 8 4 4 4 4 4 4 11 4 5 4 10 10 2 6 8 11 2 9 10 8 8 4 11 5 4 4 4 4 11 11 2 5 3 10 7 8 10 10 7 7 2 6 7 8 10 10 7 8 0 7 6 7 8 7 7 10 8 11 5 4 10 10 8 8 10 7 10 8 2 6 11 5 11 11 4 5 5 4 4 4 11 11 5 2 9 5 7 7 10 10 7 8 2 9 8 7 11 10 8 7 8 7 11 11 2 5 9 5 11 11 4 5 5 4 11 5 10 10 8 8 4 4 11 5 4 11 5 7 11 11 5 4 4 5 0 9 11 5 5 10 8 4 11 11 2 3 4 4 4 5 10 7 8 10 10 7 7 8 7 7 7 8 10 10 7 7 8 8 1 9 10 8 7 8 11 2 4 3 4 4 1 3 4 4 4 4 10 11 5 5 4 11 5 11 11 2 5 3 4 10 10 8 7 7 7 7 8 10 7 10 8 7 7 8 7 10 10 7 8 5 10 10 8 2 9 7 7 8 11 11 4 5 5 1 3 4 11 5 7 7 11 11 2 3 5 4 4 11 5 7 10 2 11 4 3 4 4 5 11 11 5 2 9 5 4 11 5 4 10 10 8 7 7 8 10 10 7 0 7 7 6 8 7 0 6 7 8 10 10 8 2 6 11 4 4 5 4 4 11 11 2 3 5 11 4 2 10 9 8 8 11 2 3 11 4 4 5 4 10 10 8 2 10 10 6 7 7 8 7 7 7 7 7 8 7 7 7 7 10 11 2 5 11 11 5 3 4 5 4 11 5 10 8 1 9 11 5 5 11 5 4 4 4 1 9 5 4 11 5 4 4 4 4 1 3 10 10 8 8 10 7 7 8 4 4 4 4 11 5 10 10 7 7 7 7 8 7 7 10 8 8 11 4 5 10 10 2 6 7 7 7 8 7 7 10 4 11 5 4 5 11 5 7 10 10 2 8 9 8 4 11 1 9 5 5 4 11 5 4 11 11 2 5 3 10 7 8 10 10 7 8 2 10 10 8 8 7 6 7 10 10 7 8 5 10 10 8 2 7 6 11 11 4 2 5 3 11 5 11 4 0 9 5 5 4 4 10 11 5 5 4 4 4 11 5 4 4 4 11 11 2 5 3 11 5 10 10 7 7 8 2 10 10 7 6 8 8 11 10 8 7 8 10 10 8 8 10 10 8 2 10 9 8 7 7 8 11 4 4 5 10 10 8 7 7 8 10 2 7 6 11 11 5 5 11 11 5 5 10 8 7 11 11 5 5 4 11 11 2 3 4 5 11 4 4 5 11 11 5 2 4 3 4 4 4 11 5 4 10 10 8 8 10 10 0 6 7 8 7 8 4 10 10 8 8 7 7 7 10 8 11 5 10 10 8 7 8 7 1 11 9 5 4 4 4 5 11 5 11 4 5 4 4 4 4 4 4 11 5 10 10 8 2 10 10 7 6 7 7 7 7 8 7 7 7 7 8 10 7 10 2 6 8 7 7 7 11 11 5 2 9 11 4 4 4 4 2 3 4 4 5 0 9 8 11 11 5 5 7 7 7 7 10 8 7 7 7 10 8 11 11 5 2 11 3 11 5 5 4 4 4 4 4 4 11 5 11 2 3 11 5 4 10 10 8 8 10 10 2 8 10 9 8 8 10 8 7 10 10 2 8 9 7 11 5 4 4 1 3 4 5 10 8 11 11 5 4 5 4 4 11 4 5 10 10 8 8 11 5 4 11 11 2 3 5 7 7 7 7 10 10 8 7 8 7 7 10 8 7 7 10 10 2 6 7 8 10 10 2 8 6 11 4 4 4 4 5 7 11 11 5 2 3 11 11 5 4 4 5 7 10 10 8 7 7 7 7 8 11 2 11 5 10 7 10 8 6 8 10 10 7 2 8 6 11 5 4 4 4 4 4 11 4 1 3 4 4 5 4 4 4 4 4 10 10 8 2 10 10 8 6 8 7 11 5 10 10 8 7 7 8 7 11 2 10 9 8 8 7 10 10 8 2 9 8 4 10 10 8 8 7 10 2 6 11 11 2 3 2 3 4 4 11 5 10 8 7 10 8 11 11 4 4 4 2 3 5 11 11 5 4 4 5 4 11 11 2 5 11 4 5 4 4 3 10 10 8 7 7 7 7 8 7 10 8 7 1 3 11 5 11 5 4 4 4 11 5 10 10 2 8 9 8 10 10 7 8 7 8 10 10 8 7 7 8 11 0 9 5 5 11 4 5 4 4 4 4 0 9 11 5 5 11 5 11 11 2 5 4 4 3 10 10 7 7 7 7 7 7 7 2 6 7 7 8 7 10 8 10 10 8 2 6 11 5 4 11 11 5 4 5 0 9 11 5 5 10 8 11 11 5 4 5 0 6 10 8 7 7 7 7 7 7 7 7 7 7 11 11 2 3 5 4 4 11 4 10 2 3 5 4 4 11 5 10 8 4 4 4 4 11 11 5 2 9 7 8 11 11 5 4 4 4 4 4 5 10 10 8 2 10 10 8 6 7 7 7 7 8 7 10 7 7 8 4 10 10 2 8 9 8 7 7 10 10 2 8 6 11 11 4 4 5 5 4 4 4 4 4 11 4 4 5 4 10 10 8 2 10 10 6 7 8 8 10 10 8 8
ppo_x50_b_fd_l4_linear,18,qv22_25,22,237,True,1318.0,6.045359134674072,8 8 10 10 8 8 9 4 11 2 5 10 10 7 7 8 8 11 3 5 10 10 7 8 8 10 11 5 5 10 10 7 8 8 11 5 10 10 7 8 8 10 10 8 8 11 5 10 10 7 8 8 10 10 8 8 10 10 8 8 11 1 3 5 11 11 2 3 4 5 11 4 11 2 3 5 11 4 1 3 5 4 4 4 11 11 5 2 9 8 10 10 7 7 8 7 8 4 10 2 10 10 8 7 6 8 10 10 8 2 10 9 8 7 8 10 2 7 10 10 8 8 9 10 8 8 4 4 4 11 5 4 11 5 10 8 11 10 2 5 3 4 4 4 4 4 4 4 11 5 10 8 11 11 5 5 10 8 4 4 4 4 4 10 10 2 8 6 7 7 10 7 8 7 7 7 10 7 8 4 11 5 10 10 7 8 7 7 7 7 8 11 2 11 5 6 11 11 5 5 4 11 4 5 1 3 4 4 4 11 5 4 10 11 2 5 4 4 4 3 10 7 7 7 7 10 2 6 8 11 5 10 7 10 2 7 7 7 8 9 10 8 8 10 7 7 7 7 7 10 2 8 6 11 5 11 11 4 2 5 4 9 4 5 11 4 11 2 3 4 4 5 10 2 9 8 7 7 10 10 8 2 10 9 8 8 7 10 7 7 7 8 11 11 2 5 6 11 11 4 5 4 5 0 9 11 5 5 4 4 11 11 4 4 5 11 2 3 4 4 5 4 4 11 5 10 2 10 10 7 6 8 5 7 7 10 8 11 5 10 10 2 6 7 8 11 5 10 10 8 7 7 7 8 7 10 8 11 5 0 9 11 5 5 10 11 5 5 4 11 10 8 8 11 11 2 3 5 4 11 11 5 4 4 5 11 5 10 11 5 4 5 11 11 5 2 3 7 7 10 8 10 10 7 7 8 2 10 6 8 10 10 7 8 7 7 8 7 7 10 10 2 8 9 7 11 5 5 10 8 7 11 11 5 4 5 4 4 11 0 9 5 5 4 4 4 11 5 7 11 11 2 3 4 4 5 11 5 4 4 11 5 1 3 10 10 8 8 11 5 10 10 7 8 7 8 7 7 7 7 7 7 7 7 7 10 7 8 10 10 2 8 7 6 11 11 4 4 5 4 5 10 10 8 2 4 9 4 5 11 5 4 11 4 5 11 5 4 4 4 10 10 2 8 7 9 7 7 8 11 10 8 8 10 10 8 2 7 7 9 7 8 10 7 7 8 11 4 11 5 2 11 9 5 5 11 11 4 5 4 4 5 4 4 11 5 10 8 10 10 2 6 8 1 3 4 4 11 4 4 4 4 5 10 10 8 2 6 7 10 8 10 10 7 2 8 7 6 7 10 8 10 10 8 2 4 11 5 3 10 10 2 6 7 7 7 7 7 8 4 11 2 3 4 4 4 1 9 5 4 4 4 4 4 10 10 2 8 6 10 10 7 5 7 7 8 11 10 8 7 8 7 7 11 11 5 2 11 3 4 5 4 4 4 4 4 4 4 10 11 5 5 10 8 4 11 11 5 2 9 5 7 7 11 10 8 7 7 8 4 4 10 10 8 7 8 7 7 7 7 7 7 10 8 4 10 8 11 11 2 3 4 4 5 11 2 3 4 4 4 4 4 4 4 4 4 4 4 10 10 8 2 9 8 10 8 7 7 7 7 7 7 7 10 8 10 10 7 2 6 7 7 7 7 8 11 5 10 10 7 8 2 9 5 11 5 11 11 5 8 4 4 4 11 5 10 8 7 7 11 11 5 4 5 7 11 11 2 3 4 4 5 4 4 10 8 11 5 4 4 4 10 8 11 11 2 3 4 4 5 10 7 2 9 11 5 5 4 11 5 10 7 10 8 7 7 7 8 10 10 8 2 6 7 7 7 7 7 10 8 7 7 7 10 10 8 2 6 4 4 4 11 5 4 11 5 11 4 11 2 3 4 5 10 8 11 1 9 5 5 4 4 4 11 4 4 4 5 11 2 6 10 10 7 7 8 8 11 5 10 10 7 2 6 7 8 10 10 2 8 3 10 8 7 7 1 9 10 8 8 7 7 7 7 1 11 3 11 5 4 1 3 4 4 4 4 4 5 10 8 11 11 2 3 4 4 4 5 4 10 2 11 9 5 5 4 10 2 10 10 8 7 7 8 10 9 8 8 7 7 7 7 7 11 5 10 2 10 10 8 7 8 10 9 8 5 4 10 8 11 11 5 4 4 5 11 11 2 3 5 4 4 4 11 5 10 7 11 5 2 9 5 4 10 10 8 2 10 10 8 7 6 8 10 10 8 2 6 7 7 7 10 7 10 2 8 9 5 7 11 11 5 5 11 5 4 4 11 4 4 11 5 2 3 10 8 7 7 7 7 7 7 7 7 7 10 10 2 8 6 4 4 11 1 9 5 8 11 4 4 4 5 4 4 11 4 5 10 7 11 5 2 11 9 5 5 4 4 11 11 2 5 4 9 10 8 7 7 7 7 7 7 8 7 11 11 5 2 4 3 4 4 11 5 4 4 4 1 4 3 10 10 8 8 10 7 8 4 10 10 2 8 7 7 7 7 6 7 7 10 8 11 5 4 11 5 10 7 10 8 2 10 9 8 8 7 10 10 7 8 8 1 4 3 4 4 4 4 4 4 4 11 5 0 9 5 10 10 8 8 7 10 8 4 10 10 8 7 7 7 8 1 4 4 4 3 11 5 10 11 5 5 4 10 10 8 7 8 11 4 4 4 4 11 2 5 10 8 6 4 4 4 11 11 2 5 3 10 11 5 5 10 10 8 7 7 8 7 7 7 7 10 8 10 10 8 8 10 10 2 6 8 10 10 8 8 10 2 6 10 10 2 8 11 3 5 11 11 5 5 4 10 10 8 7 7 7 8 10 2 11 11 5 5 11 11 4 4 3 5 4 4 4 4 5 4 4 4 11 4 10 2 8 9 8 7 11 11 2 5 11 9 5 4 4 4 4 5
ppo_x50_b_fd_l4_linear,19,qv22_26,22,230,True,1260.0,5.52804160118103,8 8 10 10 8 8 9 11 5 2 10 10 7 8 8 11 5 10 10 7 8 8 10 9 8 8 10 2 10 9 8 8 4 11 5 4 4 11 11 5 2 4 4 4 3 10 10 8 5 7 7 7 10 8 11 5 10 7 10 7 2 6 8 10 10 7 8 8 11 10 8 2 10 10 8 8 10 4 4 4 5 9 5 11 11 5 8 4 4 4 4 4 4 11 5 10 8 1 9 10 8 8 1 9 10 8 8 10 10 8 2 10 8 10 10 7 7 7 7 7 7 8 8 10 10 8 8 10 10 8 8 9 5 11 11 5 5 10 8 11 11 4 2 3 5 11 5 7 7 10 8 7 7 11 11 5 4 4 4 11 5 5 7 11 11 5 4 5 7 7 10 8 11 4 11 4 4 5 2 10 7 8 7 10 10 8 6 7 8 7 7 11 11 2 5 11 11 5 3 4 5 4 4 4 4 4 4 4 4 4 4 11 5 10 8 4 11 11 5 2 9 5 7 7 10 10 8 8 10 10 8 7 7 8 7 7 10 8 11 5 10 10 8 7 8 7 10 8 11 11 2 3 4 5 10 8 10 7 7 8 11 11 4 4 5 5 4 4 4 4 4 4 4 10 8 11 11 5 4 5 4 11 11 5 2 10 7 6 7 7 8 10 10 7 2 6 8 10 7 7 7 10 8 2 11 5 4 11 3 4 1 9 5 4 4 4 4 4 4 5 11 2 3 10 10 7 7 7 8 7 7 7 8 10 10 8 2 3 7 10 7 7 7 8 7 10 10 2 8 9 5 7 11 11 5 4 1 3 4 5 4 4 4 11 11 2 5 3 10 8 7 10 10 8 7 7 7 8 7 7 10 8 7 0 6 11 11 5 5 4 4 1 9 5 4 4 4 11 5 11 11 4 4 5 4 5 4 11 11 2 3 5 4 11 5 10 10 7 7 7 8 8 7 7 7 7 7 7 11 5 4 11 5 7 10 10 7 8 7 7 7 8 11 2 6 11 5 11 0 9 5 5 11 5 4 4 4 4 0 9 11 5 4 5 10 8 11 11 5 4 5 11 11 5 2 9 8 4 11 11 5 2 3 10 7 8 10 10 2 6 7 0 6 8 10 10 8 7 7 7 7 0 6 7 7 7 7 7 8 7 11 11 5 2 11 4 4 9 5 4 5 10 8 11 11 5 5 10 7 7 8 7 11 1 9 5 5 11 11 4 2 3 4 4 5 11 4 5 10 10 2 8 9 10 7 8 7 7 7 7 8 10 10 8 2 9 8 4 11 1 4 3 4 4 5 4 4 4 4 4 4 11 4 4 5 10 10 7 2 8 9 8 11 5 7 10 10 8 7 7 7 8 7 10 8 11 5 10 7 7 7 8 7 11 5 10 10 8 8 10 10 2 8 11 4 4 4 4 5 9 8 11 11 5 5 1 9 11 5 8 4 4 4 11 5 11 4 4 5 11 4 11 4 4 5 2 10 9 8 2 6 7 7 7 7 7 7 10 8 11 5 7 7 10 7 10 2 6 7 7 7 8 10 8 7 7 7 11 11 5 2 9 5 4 4 4 4 11 4 5 7 11 11 5 4 5 4 4 4 11 5 7 7 11 11 2 5 3 4 11 5 7 11 11 5 4 5 4 10 10 2 6 8 10 11 5 5 10 10 8 7 7 7 8 4 4 4 11 5 4 10 10 8 8 10 10 7 7 2 6 7 8 10 8 4 10 10 8 8 10 8 7 10 7 11 2 5 9 5 10 10 2 6 8 7 10 10 2 8 9 7 10 8 2 11 4 4 4 4 4 3 4 11 5 5 4 4 4 10 8 11 2 9 11 5 5 7 10 8 10 10 8 7 7 0 6 8 7 11 10 8 8 7 7 7 10 10 2 8 9 5 11 11 2 5 11 11 4 3 5 4 4 4 5 4 4 4 4 4 4 4 4 4 11 4 5 7 10 2 9 7 7 8 11 11 5 5 4 10 10 2 6 7 7 8 10 10 8 7 8 7 7 10 8 11 5 10 10 8 7 8 11 5 10 10 7 2 8 4 4 4 3 4 4 10 8 7 11 11 5 4 5 7 11 11 5 5 4 10 8 11 11 5 4 5 11 4 4 4 11 2 5 7 7 6 10 8 4 10 10 8 7 7 7 7 7 8 10 7 10 8 7 7 7 7 8 11 11 5 5 10 7 7 7 7 8 11 11 2 5 3 4 4 11 2 3 4 4 4 10 8 11 11 5 5 4 11 11 2 3 4 4 5 4 4 11 5 11 11 5 2 9 5 10 10 2 6 7 8 10 2 10 10 8 6 7 7 8 7 10 7 7 7 10 2 6 7 8 10 10 8 7 7 8 11 1 3 4 5 10 10 8 8 4 4 4 11 1 3 5 7 11 11 5 4 4 5 4 11 4 0 9 5 5 4 4 4 4 4 4 11 5 10 10 8 8 11 5 10 10 7 2 6 8 10 8 10 10 7 8 8 10 2 9 10 8 8 10 7 1 9 5 4 4 5 4 11 11 4 2 5 4 4 11 4 5 3 10 10 7 7 7 8 7 7 8 4 11 5 10 10 7 7 7 2 8 7 7 7 9 8 10 10 8 2 9 5 7 10 10 8 7 7 8 1 9 5 11 11 5 4 4 11 5 4 5 4 4 11 5 4 10 11 5 5 4 4 4 11 4 5 10 10 7 7 8 2 7 7 9 8 10 10 8 8 11 2 7 7 6 10 8 7 11 11 2 5 4 9 5 11 11 5 2 9 5 11 11 5 5 4 11 11 5 2 3 10 7 7 10 8 7 7 7 8 4 10 10 8 2 10 10 8 6 7 7 7 7 7 8
ppo_x50_b_fd_l4_linear,20,qv22_27,22,233,True,1304.0,5.702810525894165,8 8 10 10 8 8 9 11 4 2 5 10 10 7 7 8 8 9 5 10 10 8 8 10 10 8 8 11 5 4 11 5 10 10 7 7 7 8 8 10 10 8 8 11 5 4 4 4 11 5 7 10 10 7 7 7 7 8 8 10 10 8 8 11 5 1 11 9 5 5 4 4 10 8 11 11 5 8 4 4 4 4 4 4 4 11 5 10 8 10 11 2 4 4 5 3 10 7 8 10 10 2 6 0 6 7 7 8 11 5 4 4 10 11 5 5 10 10 7 8 7 7 7 8 10 10 7 7 2 6 8 10 10 0 6 7 8 8 4 11 5 10 10 2 8 11 5 11 11 5 3 4 5 11 4 4 1 4 3 5 10 8 10 10 2 8 10 8 10 10 7 8 8 3 10 10 7 7 7 7 8 8 11 5 10 10 8 2 9 5 11 11 5 5 10 8 4 4 4 4 1 3 4 4 11 5 4 11 5 4 4 11 4 4 5 4 4 10 10 2 6 7 7 8 10 8 10 10 8 8 7 7 7 7 7 10 10 2 8 6 10 8 7 11 2 9 11 5 5 4 4 11 11 5 2 6 7 10 10 7 2 6 7 8 10 10 2 8 4 3 11 4 5 11 4 4 4 1 9 5 8 11 11 4 2 5 9 4 5 4 4 4 4 11 11 5 4 2 3 7 10 8 10 10 7 8 7 8 7 7 10 8 11 5 10 10 8 7 7 7 7 7 7 8 10 10 7 7 8 2 9 4 5 10 8 4 4 4 4 4 4 11 5 4 4 4 10 8 11 11 5 2 6 4 11 5 11 4 4 4 11 2 5 4 4 3 10 10 2 6 7 8 10 10 7 8 7 0 6 8 10 8 7 10 10 8 2 10 10 8 7 7 8 10 10 8 6 7 8 11 5 11 5 11 11 4 5 5 4 4 11 5 4 1 3 4 4 4 4 4 11 5 10 10 8 8 10 2 10 10 6 8 8 7 10 8 11 5 7 7 10 10 8 2 6 4 11 5 11 2 11 11 5 5 3 4 4 4 11 5 4 10 10 8 8 10 7 7 7 7 7 7 7 7 8 10 10 2 6 7 7 7 8 10 2 9 11 5 5 4 11 11 5 2 6 4 4 4 4 11 5 11 4 5 4 4 11 11 5 2 9 4 4 11 5 4 1 4 5 10 9 8 8 10 2 9 10 7 7 7 2 6 8 10 10 7 7 8 7 7 8 10 10 8 7 7 7 8 10 2 4 4 3 4 11 5 7 11 11 2 3 5 4 11 11 2 5 7 10 8 9 11 5 5 4 4 11 11 5 2 4 3 4 4 10 10 8 8 7 7 7 7 7 7 7 7 7 10 8 7 7 10 7 8 11 1 9 5 5 11 5 4 11 11 5 2 9 4 4 5 11 4 4 5 4 4 4 4 4 11 5 4 4 10 10 8 2 6 10 8 4 11 5 4 10 10 8 8 10 8 7 7 11 5 10 10 8 7 7 7 8 7 7 7 0 9 8 4 10 10 8 8 10 10 7 7 8 8 7 11 11 5 2 9 5 7 10 8 11 11 2 3 4 5 4 11 5 4 4 4 4 11 5 7 10 10 7 8 2 3 10 7 7 10 8 8 4 11 10 8 8 10 7 8 11 11 5 2 9 4 4 5 7 11 11 5 5 11 4 4 4 11 5 1 4 5 9 10 8 8 7 10 8 1 9 11 5 4 5 7 10 8 4 11 11 5 4 4 4 4 5 11 2 3 10 10 8 7 8 10 10 7 8 7 7 7 7 7 8 7 10 10 8 2 9 7 7 7 8 11 4 11 4 5 5 7 11 11 5 5 11 4 11 2 3 4 4 4 4 5 4 4 4 11 4 5 4 10 10 2 8 7 7 6 7 7 7 7 7 10 7 8 4 10 10 8 8 7 10 8 4 1 9 11 2 3 5 11 11 2 3 5 4 4 11 5 4 11 11 2 5 4 3 11 5 10 10 7 7 7 7 2 6 8 10 7 7 10 2 6 7 7 0 6 10 8 7 7 8 11 10 8 8 7 11 11 2 5 9 4 4 5 7 10 8 11 4 11 5 5 4 11 4 4 5 11 11 5 2 9 5 10 10 7 7 7 2 8 9 10 8 8 7 11 11 5 1 3 5 4 4 4 4 4 4 4 4 11 11 2 5 9 8 4 10 10 8 8 10 10 0 6 7 8 8 7 7 10 8 7 7 7 7 7 10 8 11 5 11 11 2 5 11 3 5 11 11 5 5 4 4 4 4 10 8 11 2 11 11 5 5 9 5 4 4 11 11 5 2 3 4 10 10 8 7 7 7 7 7 7 7 7 8 11 4 5 10 10 8 7 8 7 7 7 7 7 7 10 7 8 11 2 11 11 5 5 9 5 11 11 5 4 4 5 11 4 11 2 5 10 11 5 3 4 5 4 4 4 11 11 2 5 3 4 10 10 8 7 8 10 10 2 6 7 7 8 10 7 7 7 10 8 5 7 7 7 10 8 11 5 7 10 10 2 8 6 7 11 5 4 4 4 4 10 8 10 8 11 11 4 5 4 5 1 4 4 4 11 4 5 3 10 1 3 4 4 5 10 8 0 10 10 7 6 7 8 8 10 7 10 8 8 11 4 5 10 10 7 7 8 2 9 5 11 11 2 5 3 4 4 11 4 5 0 7 7 6 7 10 0 6 7 7 8 7 10 10 2 8 7 6 11 11 2 3 4 4 4 1 3 4 5 4 4 4 4 10 2 11 11 5 3 4 4 4 5 11 4 11 2 5 3 10 8 10 10 2 6 7 8 7 7 10 8 7 7 10 8 7 11 11 2 5 11 5 11 11 5 3 5 1 9 5 4 4 4 4 4 10 10 2 8 10 7 10 7 6 8 8 10 7 7 10 7 7 8 8 7 10 10 2 8 6 11 11 4 4 2 3 5 11 11 2 5
ppo_x50_b_fd_l4_linear,21,qv22_28,22,229,True,1282.0,5.48635196685791,8 8 10 10 8 8 9 4 11 2 5 10 10 7 7 8 8 3 11 5 10 10 7 8 8 10 10 8 8 11 5 4 4 4 11 5 4 10 10 8 8 10 10 7 7 7 7 8 8 11 5 10 10 7 8 8 11 10 8 2 10 10 8 8 4 4 9 5 4 4 11 5 4 10 10 2 8 9 8 4 11 5 7 7 10 10 7 2 6 7 8 10 10 8 8 11 10 2 8 10 9 8 8 10 10 8 8 10 2 11 11 3 5 1 4 3 5 4 4 4 11 5 0 9 10 8 8 11 10 8 8 7 11 11 2 5 3 11 4 11 5 4 4 4 5 4 4 11 4 4 4 4 5 10 7 7 2 10 10 8 9 8 8 4 11 5 10 10 7 7 7 2 6 8 7 7 7 10 7 7 8 7 10 10 8 2 9 8 4 4 4 1 9 5 4 4 4 4 4 4 4 4 4 4 11 5 10 8 11 11 4 2 5 9 8 7 7 10 7 7 7 7 7 7 8 10 10 8 8 1 3 4 4 4 4 4 4 4 4 4 11 5 4 10 10 0 6 8 8 11 5 10 10 7 8 8 10 10 7 7 7 8 7 7 7 7 8 11 4 2 9 10 8 8 11 2 9 10 8 8 10 2 11 9 5 4 5 4 4 4 10 8 4 4 4 4 4 4 11 5 11 1 4 5 4 3 10 10 7 8 8 10 10 7 2 8 10 10 7 7 7 8 6 8 10 7 7 8 4 10 10 8 7 7 7 8 10 10 2 8 9 5 11 11 5 4 5 10 10 8 2 9 5 4 10 11 5 5 11 4 11 5 5 4 4 4 11 5 4 11 5 10 10 8 2 10 6 8 10 10 7 8 8 11 5 7 7 7 7 10 10 8 2 4 4 9 5 7 7 10 10 8 7 8 1 3 4 4 11 4 5 11 4 4 11 5 2 6 11 4 11 5 4 5 4 4 4 11 11 5 2 3 10 10 7 7 7 8 7 8 10 10 2 6 7 7 7 8 11 2 3 4 4 4 11 4 5 0 9 11 5 5 10 8 10 10 7 8 7 8 10 10 8 8 7 11 1 9 5 4 4 5 0 9 8 11 11 5 5 11 4 4 5 11 11 2 5 4 4 10 10 8 7 6 7 7 7 7 7 7 8 10 2 6 7 7 7 7 7 7 11 11 2 3 5 11 4 11 5 5 0 9 11 5 5 11 11 5 4 5 4 11 4 4 5 4 4 4 4 1 4 3 10 10 8 8 10 8 10 8 4 4 10 10 8 7 7 8 10 8 7 1 11 9 5 5 7 11 5 4 4 11 5 7 11 11 5 5 10 8 4 11 11 5 2 3 10 10 7 7 7 7 0 6 7 7 8 7 7 7 7 7 8 11 4 5 10 10 7 2 6 8 7 11 11 2 5 11 9 5 5 4 4 11 5 10 2 6 11 11 5 5 4 11 5 10 8 11 11 2 3 5 10 11 5 5 10 10 2 6 7 7 7 8 11 2 4 9 4 4 11 2 3 5 4 4 11 5 4 4 10 10 8 2 10 6 8 10 10 7 0 7 7 7 7 7 6 7 8 7 8 11 10 8 8 7 7 10 8 1 4 11 11 5 3 4 5 10 8 11 11 5 4 5 10 7 11 2 5 3 11 4 5 10 10 8 2 7 10 10 8 6 8 7 7 7 10 10 8 8 4 11 5 0 9 11 5 5 4 4 4 4 4 11 4 4 4 4 5 0 6 10 10 7 7 8 8 10 10 2 8 6 10 8 4 10 10 8 8 10 7 8 10 10 2 8 6 4 4 11 4 4 4 4 4 4 11 2 5 9 8 11 10 8 8 7 7 1 11 11 5 4 3 4 5 4 11 2 3 4 4 11 4 4 5 10 10 2 8 9 8 10 7 7 10 2 6 7 7 7 8 7 7 10 10 2 6 7 8 7 10 10 8 2 3 10 8 10 10 8 2 4 11 5 11 4 4 9 5 5 4 4 4 4 11 5 10 8 4 4 4 10 8 11 11 5 4 5 11 5 11 11 4 4 2 5 7 10 7 6 7 7 10 7 0 6 7 8 8 7 7 10 7 7 8 7 1 11 9 5 4 4 5 4 11 5 10 10 8 4 5 4 4 4 4 11 5 10 8 4 4 11 11 2 5 4 11 5 3 7 7 7 11 5 10 10 8 8 10 10 7 7 7 8 7 0 6 7 8 10 10 7 2 6 7 7 7 8 10 2 6 11 11 4 2 3 5 11 11 5 4 4 5 4 4 10 8 11 5 11 11 5 2 11 5 4 10 10 8 6 7 7 8 11 4 5 7 10 10 0 6 7 7 7 7 8 4 5 10 7 7 8 7 11 11 5 2 11 11 5 3 4 4 5 4 4 4 11 11 2 3 4 4 5 7 10 7 8 11 5 11 11 5 2 11 3 4 4 1 4 5 3 4 10 10 7 8 8 4 10 10 8 7 7 7 7 7 7 8 7 7 7 10 8 11 5 4 10 10 8 8 10 10 2 8 9 8 4 11 11 5 2 3 4 11 11 5 4 5 10 0 6 7 7 7 7 8 10 10 7 8 5 7 0 9 11 5 5 4 4 4 4 4 4 11 5 4 4 11 5 4 4 4 4 11 11 5 2 9 8 10 10 8 2 10 10 7 7 6 8 8 10 7 10 8 2 3 10 10 8 8 11 5 7 7 7 10 10 8 2 7 10 8 7 6 11 11 2 3 4 4 4 4 5 1 9 8 11 4 5 7 11 11 5 4 5 11 11 5 5 7 11 4 11 5 2 10 7 8 11 11 5 5 4 4 4 4 4 3 10 10 8 7 7 7 7 7 7 7 8 4 10 10 2 6 8 7 7 7 11 5 10 10 8 7 7 7 8 11 11 2 5
ppo_x50_b_fd_l4_linear,22,qv22_29,22,234,True,1295.0,5.6594367027282715,8 8 10 10 8 8 10 9 5 4 5 10 7 10 8 8 10 2 10 10 8 8 10 10 8 8 9 5 4 11 5 10 10 7 7 8 8 10 10 8 8 11 5 4 4 11 5 7 10 10 2 6 7 8 10 10 8 8 10 10 8 8 11 5 11 11 2 5 11 4 5 3 10 7 10 7 2 6 7 8 10 2 10 10 8 8 9 10 8 8 11 5 4 4 4 1 9 5 4 11 4 11 2 5 3 4 11 5 11 11 2 3 5 4 4 4 11 11 5 2 3 10 7 7 10 8 8 7 7 7 7 7 7 7 7 7 10 8 11 5 10 10 8 8 11 10 8 8 7 7 11 11 5 2 4 3 4 11 1 3 5 11 5 4 11 11 5 5 11 11 2 5 7 9 8 7 7 10 10 8 7 8 1 9 11 2 3 4 4 4 4 4 4 5 4 10 10 8 2 6 7 7 11 5 10 10 8 7 7 8 7 7 7 7 7 10 8 11 5 7 7 11 11 2 5 11 4 11 5 4 3 5 4 4 4 4 4 4 4 4 11 5 10 8 4 4 10 11 5 5 4 4 10 10 8 2 9 8 7 7 7 10 11 5 5 11 5 10 10 7 8 7 7 7 7 7 8 10 8 10 10 2 6 8 10 2 9 7 8 11 4 4 5 11 11 5 11 5 4 5 4 0 9 10 8 8 7 7 7 10 8 11 5 10 10 8 7 7 8 10 7 8 11 11 5 2 9 8 11 11 4 4 1 3 2 3 5 4 4 4 4 4 4 11 4 5 0 9 10 8 8 10 7 7 11 2 3 5 11 5 4 11 11 2 3 4 4 5 7 10 8 11 11 4 4 2 5 9 10 8 7 7 7 7 7 7 7 7 7 8 11 2 9 11 5 4 4 5 11 4 4 5 10 10 7 2 8 10 10 7 6 8 7 7 7 7 8 7 7 7 7 10 10 8 2 4 9 5 10 11 2 4 5 9 8 11 11 4 4 1 3 5 4 5 4 4 4 10 11 5 4 5 4 4 4 4 4 4 10 10 8 2 9 8 10 10 2 6 8 7 10 8 10 7 7 10 8 7 7 7 8 7 11 11 2 5 9 5 11 4 0 9 5 5 4 11 4 4 4 4 5 11 4 11 5 2 9 8 10 10 2 6 7 7 7 8 10 10 8 8 11 1 4 4 3 4 5 11 4 4 4 11 2 5 9 8 10 10 7 8 7 7 7 8 10 10 7 2 6 7 7 7 7 8 7 10 10 8 2 6 7 7 11 11 5 4 4 4 4 4 5 4 11 5 11 4 4 4 4 11 5 4 2 3 10 10 8 8 10 8 7 7 11 5 10 10 8 7 7 8 11 2 3 10 10 8 8 0 6 7 11 11 5 5 10 7 10 8 7 7 8 4 11 5 4 10 10 8 8 7 10 7 10 7 2 8 9 5 4 11 0 9 5 5 11 4 5 10 8 11 11 4 2 3 4 5 4 4 1 9 11 5 5 4 4 4 4 4 4 11 5 10 10 8 8 10 10 2 8 7 10 10 6 7 8 7 8 10 10 2 6 8 1 4 4 3 4 11 5 4 4 4 4 4 11 11 4 5 2 9 8 7 11 10 8 8 10 10 8 7 7 7 7 8 11 4 10 2 8 10 7 6 7 8 10 10 2 6 7 8 7 10 8 7 7 11 11 2 5 9 11 4 4 2 3 5 11 4 4 4 4 5 7 11 11 2 5 9 8 11 5 4 4 4 4 11 11 2 5 4 3 10 10 7 7 8 2 10 10 7 6 7 8 5 7 7 7 7 7 7 7 10 8 11 5 4 4 11 1 3 4 5 4 4 11 11 5 2 4 3 11 5 10 7 10 8 7 8 0 9 11 5 5 0 9 8 10 10 7 7 8 8 7 7 7 7 7 7 10 8 7 11 2 11 11 5 5 4 11 3 4 5 7 0 6 11 11 5 5 11 4 5 10 10 8 2 3 11 5 10 10 8 2 9 4 5 4 4 11 4 5 11 11 2 3 4 4 4 4 5 11 11 5 2 9 8 10 10 0 6 8 7 7 7 7 7 7 7 7 7 7 8 11 10 8 8 7 10 7 10 2 8 11 3 11 5 4 11 5 5 7 11 11 5 4 5 11 2 10 9 8 8 7 7 7 7 7 10 8 0 6 11 11 5 5 11 5 10 10 8 7 8 4 10 11 5 5 11 11 4 4 2 5 3 11 11 5 1 3 5 4 11 4 4 4 4 4 4 5 10 10 2 8 9 5 10 10 2 6 7 8 7 7 7 7 0 9 7 11 5 5 10 7 8 4 10 10 8 7 7 8 10 8 7 7 7 11 11 2 3 5 4 11 5 11 11 5 4 4 5 11 11 5 1 9 5 5 10 8 11 11 2 3 5 10 11 5 5 4 4 11 4 4 11 5 2 9 8 10 10 8 7 7 7 7 8 7 7 10 8 11 11 5 5 4 4 11 5 10 7 7 1 9 8 8 10 7 8 1 4 11 4 4 4 4 4 4 5 4 3 10 7 7 7 7 7 10 8 7 7 7 7 7 7 8 11 2 4 10 9 8 8 11 4 4 4 5 4 4 4 4 4 4 10 11 5 4 5 10 10 7 7 8 2 9 7 8 11 4 5 4 4 11 5 4 10 10 8 8 10 10 7 7 7 7 7 8 2 9 4 5 7 10 10 7 7 7 8 5 10 7 7 7 7 8 10 10 2 8 6 11 11 4 4 5 4 4 5 4 0 9 11 5 5 4 11 4 5 4 4 1 3 10 10 8 8 10 7 8 4 10 10 8 8 10 10 8 8 10 10 8 2 9 8 10 7 7 7 7 8 11 11 2 3 5 11 11 5 5 1 3 4 4 10 8 10 10 8 8 11 11 4 4 5 4 4 4 4 5 11 11 4 4 2 5
ppo_x50_b_fd_l4_linear,23,qv22_3,22,232,True,1251.0,5.6020612716674805,8 8 10 10 8 8 10 10 8 8 9 5 4 11 4 5 10 10 7 7 7 8 8 10 11 5 5 10 10 7 8 8 11 5 4 4 11 5 4 11 5 10 10 7 7 7 7 7 7 8 8 10 10 8 8 11 5 10 10 7 8 8 11 4 10 8 8 10 10 8 8 10 10 8 8 11 5 4 11 4 5 1 9 11 5 4 4 5 7 10 7 8 11 11 5 4 5 4 4 11 4 5 0 9 10 8 8 10 10 7 2 6 8 10 10 7 7 8 7 7 7 8 10 10 8 8 4 11 10 2 8 9 8 11 11 5 4 5 11 4 5 1 3 4 4 4 4 4 11 4 4 5 4 1 9 5 10 8 11 11 5 4 5 4 10 10 2 8 9 8 10 11 5 5 10 10 7 7 7 7 7 8 8 10 10 7 2 6 7 8 7 10 10 7 8 5 7 10 7 7 8 11 11 2 3 5 11 2 3 11 4 4 4 4 5 7 11 11 4 5 2 9 8 4 11 11 5 2 9 8 7 10 10 7 2 8 10 9 8 8 11 2 3 4 4 4 11 11 5 4 4 4 4 5 10 2 10 10 7 7 8 6 7 7 7 7 7 7 7 8 7 11 2 9 5 10 10 8 8 10 8 7 11 11 5 2 9 11 4 5 4 4 4 4 5 4 4 4 4 11 5 10 8 0 6 10 8 10 10 7 7 8 7 10 8 8 4 11 5 10 10 7 8 8 10 7 8 1 9 4 4 5 11 11 4 5 4 4 4 4 5 11 11 2 3 5 4 4 11 11 5 2 9 8 4 11 11 2 5 3 10 10 8 7 10 8 8 4 11 5 10 10 8 7 7 8 7 7 11 5 10 10 8 8 7 7 7 10 8 11 5 10 7 7 10 7 2 8 10 7 9 8 8 10 2 9 11 5 5 10 8 11 11 5 1 3 5 11 5 7 7 11 11 5 4 5 11 5 11 11 2 3 5 11 5 11 11 5 4 4 4 4 5 4 11 11 5 2 3 10 7 10 7 7 8 7 7 7 8 7 10 8 11 5 4 10 10 8 8 10 8 7 10 7 8 10 7 8 7 11 11 2 3 4 4 5 11 5 7 11 11 5 4 4 4 5 7 7 10 7 8 10 10 8 8 11 5 11 4 11 4 4 5 4 4 5 11 4 10 2 8 6 10 8 4 4 4 4 11 5 7 10 10 8 7 7 7 8 4 10 10 8 7 8 11 4 5 1 9 10 8 8 10 7 8 7 7 10 8 11 5 7 7 7 10 10 2 8 6 11 11 4 4 4 4 4 4 5 4 4 4 4 4 4 4 5 11 11 5 4 5 4 10 10 8 2 9 8 7 7 7 10 10 8 2 7 9 8 10 7 10 7 8 2 9 7 7 7 8 11 4 5 7 11 11 5 4 4 4 4 11 2 3 5 4 11 4 5 4 4 4 11 11 5 2 9 8 10 7 11 2 5 9 5 10 10 7 7 7 7 8 8 10 10 8 8 10 8 4 4 10 10 8 0 6 8 10 10 2 8 9 8 4 11 11 5 4 4 5 1 3 4 10 11 5 5 4 4 10 11 5 5 10 10 7 7 2 8 7 7 9 8 10 7 7 7 7 7 8 7 7 11 11 2 5 3 4 4 4 10 8 11 11 2 3 4 4 4 5 4 11 11 5 2 11 5 10 10 8 8 10 10 7 8 8 6 10 10 7 7 7 8 8 7 7 7 10 8 4 10 10 8 8 10 10 2 8 9 5 11 11 5 2 3 11 5 11 11 4 5 4 5 10 11 2 3 5 4 10 11 5 5 4 4 4 11 4 5 11 11 2 5 3 7 10 10 2 6 8 10 2 7 10 10 7 7 6 7 8 7 7 8 11 2 10 10 8 6 7 7 8 10 2 6 11 11 4 5 4 4 4 5 7 10 8 11 11 2 3 5 4 4 11 5 10 8 11 4 11 2 5 6 4 4 4 4 4 11 5 11 11 5 4 4 2 10 10 8 6 7 7 7 7 7 8 11 2 10 6 7 7 10 8 7 8 7 10 10 8 7 7 7 7 8 11 11 2 3 5 1 9 5 4 4 10 8 11 11 5 4 5 11 5 4 4 4 11 5 4 4 11 4 4 5 4 10 10 7 7 8 8 10 10 2 6 8 11 10 8 8 10 10 2 6 7 7 8 11 2 4 11 9 5 5 4 4 4 10 8 11 5 4 4 4 11 11 5 4 2 3 10 10 7 7 7 2 6 7 8 10 10 7 8 2 10 7 7 6 7 7 8 7 10 10 2 8 7 10 7 8 11 9 5 5 11 11 5 4 4 4 5 4 4 11 4 4 4 4 4 5 7 10 8 7 7 11 11 2 3 5 11 11 2 5 3 11 5 4 4 10 11 5 5 10 10 7 7 7 7 7 8 8 10 10 0 6 7 8 7 8 4 11 5 10 10 8 0 9 8 8 10 10 2 6 7 7 8 10 2 11 11 5 3 4 5 11 11 5 5 11 11 2 3 4 5 10 8 11 1 3 5 7 11 11 5 4 5 10 8 7 10 8 11 11 2 3 5 4 4 11 5 10 8 4 4 4 4 11 11 5 2 3 10 7 10 7 7 7 2 6 7 7 8 7 7 10 8 10 10 8 7 7 7 7 7 8 7 11 11 5 2 9 4 5 4 11 4 5 4 10 11 5 5 4 4 4 11 11 2 5 9 4 5 7 10 7 7 7 7 7 8 10 10 2 7 8 9 5 10 10 8 8 7 10 8 0 6 11 11 5 5 11 11 5 4 4 4 4 5 11 4 4 11 4 4 5 5 11 11 2 5
ppo_x50_b_fd_l4_linear,24,qv22_30,22,228,True,1275.0,4.581388473510742,8 8 10 10 8 8 9 11 5 2 10 10 7 8 8 11 5 10 7 10 8 8 10 9 8 8 11 2 4 4 11 3 5 4 4 4 10 10 2 8 7 7 10 7 7 7 10 7 8 8 9 5 10 10 8 8 10 10 8 8 11 5 10 10 2 8 10 3 4 5 7 10 10 8 8 10 4 4 4 4 5 10 7 2 9 8 11 11 5 5 11 5 4 4 4 4 4 4 11 4 5 4 11 11 5 2 10 8 10 10 7 7 8 8 10 10 8 7 7 6 7 7 8 10 7 7 8 11 5 10 10 7 7 8 8 11 5 10 10 2 8 3 11 5 4 11 4 4 5 11 5 4 4 4 11 4 10 2 8 10 8 4 3 4 4 4 4 11 11 2 5 10 10 7 8 8 10 7 7 7 7 7 7 6 8 7 7 10 10 8 8 10 10 2 8 10 9 8 8 1 3 4 4 4 4 4 4 4 11 5 10 2 10 10 8 8 4 3 1 3 11 5 4 11 11 5 2 3 10 7 7 10 7 8 2 9 8 10 10 8 2 9 8 4 11 11 4 4 4 2 3 4 4 5 4 10 10 8 8 0 9 10 7 7 2 6 7 7 7 7 8 11 10 8 8 7 7 7 7 11 11 2 5 3 4 4 4 4 4 4 4 11 5 4 11 4 4 4 4 5 7 11 11 5 4 2 3 4 10 8 7 7 7 11 5 10 10 8 7 8 10 8 11 10 8 8 10 10 8 8 10 10 2 8 7 7 10 6 7 8 7 10 8 4 11 11 2 3 4 4 4 4 5 10 2 6 10 10 8 8 4 1 10 9 5 5 4 4 4 10 8 11 11 5 5 10 8 4 4 4 4 4 4 4 4 4 10 10 2 8 10 6 7 8 10 10 7 7 8 7 7 7 8 7 10 2 6 11 11 5 2 9 8 1 9 11 5 4 4 4 5 10 11 5 4 4 4 11 2 3 5 11 4 5 10 10 7 7 2 8 7 7 7 10 7 10 8 7 6 7 8 7 7 10 8 11 5 7 11 10 8 8 10 10 8 2 6 11 5 11 4 11 4 5 5 11 11 5 2 7 10 8 9 11 5 4 4 5 0 6 7 10 8 7 11 11 5 2 4 4 3 4 4 4 4 11 5 4 4 10 11 2 3 5 4 11 11 2 5 10 8 10 10 7 7 7 8 7 8 9 10 8 7 7 7 8 7 10 10 2 6 7 8 7 10 10 8 7 2 6 11 5 4 11 5 7 11 11 5 4 4 4 5 4 4 11 11 2 5 11 5 9 4 5 10 8 10 10 8 7 7 8 10 8 10 7 8 11 11 2 5 9 5 4 11 11 5 4 4 4 4 5 10 10 8 2 11 5 10 10 8 6 8 10 10 7 2 6 7 7 8 7 7 11 10 8 8 10 10 2 7 8 6 4 11 4 4 4 11 5 1 3 5 4 10 11 5 5 4 11 4 5 4 4 4 11 5 10 8 11 11 5 5 4 4 10 10 8 2 7 7 10 7 6 7 7 8 10 10 7 7 2 8 9 8 4 4 10 10 2 8 10 7 6 7 8 11 11 2 3 4 5 4 4 4 4 4 11 5 7 11 2 3 4 11 4 5 10 10 2 8 9 8 4 11 11 4 4 4 5 2 10 7 6 8 10 10 7 7 7 7 8 8 7 11 10 8 8 10 10 8 2 7 6 10 8 7 7 7 7 7 11 11 2 3 5 11 11 2 3 5 4 11 4 5 10 8 11 11 5 5 4 4 11 4 5 10 10 2 8 9 8 10 7 7 10 2 8 6 7 11 1 3 5 7 11 11 5 5 11 11 5 2 9 4 5 4 4 11 11 2 5 9 8 4 4 11 11 2 5 3 10 10 7 7 8 10 8 7 7 8 7 7 7 7 7 7 10 10 8 7 8 0 9 11 5 5 10 8 4 11 7 11 5 5 4 11 5 4 4 11 1 9 5 4 4 4 4 5 11 5 4 4 11 11 5 2 3 7 10 7 7 10 2 7 7 7 7 6 7 8 11 2 9 10 8 8 10 2 7 6 4 11 5 4 4 4 4 11 4 11 2 5 10 8 9 11 5 5 4 11 5 10 10 7 0 7 7 8 8 10 10 7 8 6 7 7 7 7 7 10 8 2 3 10 10 8 2 9 7 8 11 5 4 4 10 8 11 11 5 5 4 11 4 4 5 11 11 5 2 9 4 4 4 5 7 7 11 10 8 8 7 7 7 10 10 8 2 10 9 8 8 4 4 4 4 4 11 5 4 4 10 11 5 4 5 10 10 8 2 10 10 7 8 6 8 10 10 2 6 8 11 4 5 10 10 7 8 8 7 7 7 10 10 8 2 10 9 8 8 4 4 11 4 11 2 3 4 5 4 4 4 4 11 5 11 11 5 4 4 4 5 11 11 4 5 2 9 5 11 10 8 8 10 7 10 8 0 6 7 7 8 10 10 7 7 8 7 7 7 8 10 10 2 8 11 5 3 10 10 8 8 10 7 10 8 2 6 11 5 11 5 4 4 10 8 11 11 5 4 5 11 2 4 3 11 7 11 5 4 5 7 11 11 5 4 4 4 4 5 10 2 9 8 10 10 8 2 7 6 7 7 7 10 0 9 8 8 10 10 2 8 7 7 6 7 7 11 11 5 4 4 4 5 11 11 5 4 4 4 4 5 4 4 1 3 4 11 5 11 4 2 3 4 10 10 7 8 7 8 7 10 8 11 5 10 10 2 6 7 7 7 8 11 5 10 10 8 7 7 8 7 11 11 2 3 5 11 11 2 3 4 4 4 5 4 4 4 11 11 2 5 4 10 10 8 7 7 8 7 7 9 8 10 10 2 7 6 7 7 7 7 7 7 8
ppo_x50_b_fd_l4_linear,25,qv22_31,22,237,True,1306.0,5.850446462631226,8 8 10 10 8 8 9 4 11 2 5 10 10 7 7 8 8 3 11 5 10 10 7 8 8 10 10 8 8 10 10 8 8 11 5 10 10 7 8 8 11 10 8 2 10 10 8 8 9 4 4 5 4 11 4 5 11 11 5 5 11 11 2 5 9 8 7 11 11 2 5 4 4 4 10 9 8 7 7 7 7 7 7 7 7 7 7 8 10 2 10 10 8 8 10 10 8 8 10 9 8 8 11 5 11 11 2 5 4 4 3 4 4 4 4 1 3 4 10 8 7 11 11 5 4 4 5 4 4 4 4 4 4 10 10 8 2 10 7 7 7 7 7 8 9 7 11 5 4 4 4 5 11 2 3 10 10 7 7 7 7 7 7 8 7 10 8 7 7 7 8 7 11 2 10 9 8 8 4 11 4 4 5 4 10 10 8 7 8 11 10 8 2 10 6 10 8 2 6 11 5 11 11 5 4 4 5 11 11 5 4 4 4 5 4 11 11 5 2 11 5 10 9 8 7 7 7 7 8 11 2 3 4 10 11 5 5 4 4 11 5 10 8 7 11 11 5 4 4 4 5 7 7 10 11 2 5 9 5 10 10 8 0 6 7 7 7 8 4 4 10 11 5 2 11 5 10 10 7 7 7 7 6 7 8 7 7 8 11 4 10 2 6 7 7 7 7 8 11 2 6 11 11 5 4 4 5 4 11 5 4 4 4 1 3 4 4 4 4 4 11 5 7 11 11 2 3 5 11 11 2 5 10 8 9 10 8 7 7 8 10 2 10 10 8 7 7 6 8 11 10 8 8 10 10 2 6 7 8 10 10 8 7 2 6 11 11 5 4 4 5 10 2 6 7 7 10 8 7 10 2 6 11 4 11 5 5 4 11 5 11 11 2 3 4 4 5 11 4 10 8 8 11 5 4 4 10 8 11 11 5 5 4 4 11 5 10 8 11 4 4 4 4 10 2 8 9 8 7 7 7 7 7 10 7 7 7 7 8 7 10 8 4 10 10 8 8 7 10 10 2 8 9 7 8 4 4 4 11 4 4 4 1 3 5 4 11 1 3 4 1 9 5 5 11 4 4 5 11 11 2 3 5 10 10 7 7 8 8 7 7 1 9 5 10 10 8 7 8 10 7 10 8 8 4 11 4 5 10 10 7 8 8 10 7 8 10 10 2 8 9 8 4 4 11 5 7 7 10 8 10 10 2 6 7 8 10 2 6 11 11 5 4 4 4 4 1 4 3 4 5 11 11 2 5 4 3 4 4 4 11 11 2 5 3 10 8 7 10 10 8 7 7 8 7 7 7 7 10 8 11 5 11 0 9 5 4 5 11 4 5 4 4 4 4 1 9 11 5 4 4 5 10 2 10 10 8 7 6 8 11 2 10 10 7 7 7 7 8 7 6 8 10 10 8 2 10 6 7 7 8 10 10 8 2 9 8 4 11 4 4 4 4 4 5 4 11 11 2 5 9 4 5 10 7 7 7 7 10 8 2 6 11 5 4 4 4 4 11 1 3 4 5 4 4 11 4 11 2 5 3 10 8 10 10 7 7 8 7 0 9 8 8 10 7 7 7 8 10 10 7 7 8 2 9 8 11 5 4 4 4 11 5 4 11 4 4 4 4 5 10 10 7 2 8 10 9 8 8 7 7 10 10 8 2 6 11 4 5 4 4 11 11 5 4 4 4 5 10 2 7 9 8 10 10 2 6 8 10 10 7 7 8 7 7 7 0 9 8 7 7 7 7 8 4 10 2 9 11 5 5 10 8 10 8 11 11 4 5 4 5 11 11 5 2 3 4 11 5 7 11 11 5 5 10 8 10 7 10 8 8 10 10 7 8 5 10 7 8 11 11 2 5 9 11 5 4 4 4 5 10 8 7 11 11 2 3 4 4 4 5 4 4 4 4 4 4 11 11 5 2 9 8 10 10 8 2 6 11 4 5 4 4 10 10 8 2 9 8 7 7 10 7 7 7 7 7 10 8 2 3 10 8 7 7 10 7 7 10 8 7 7 8 4 11 0 9 5 5 11 4 11 2 3 4 4 4 4 4 5 4 4 4 4 4 4 11 5 10 10 7 7 7 8 2 6 7 10 8 4 10 10 8 8 4 11 5 10 10 7 8 7 7 7 8 7 10 10 2 6 7 8 11 2 3 4 10 11 5 5 11 11 4 4 2 3 4 5 4 10 11 5 5 4 4 4 10 10 8 2 10 7 6 7 8 7 11 11 5 4 5 10 8 7 7 7 10 8 11 5 7 10 8 7 7 7 7 7 11 11 5 2 9 5 11 5 7 11 11 5 5 11 4 5 11 11 2 3 5 4 4 11 11 2 3 5 10 11 5 5 11 4 11 2 5 11 4 3 4 5 11 10 8 7 8 4 10 10 8 7 7 7 7 7 7 8 11 4 5 7 10 10 8 7 8 7 10 8 10 10 2 8 6 7 10 7 8 11 4 4 5 4 4 10 8 11 11 5 4 4 5 10 11 5 5 4 4 4 10 8 11 11 2 3 5 4 4 10 2 9 11 5 5 4 11 2 3 10 10 7 7 7 8 7 7 7 8 11 2 6 10 10 7 8 7 8 10 8 7 7 7 7 10 8 11 5 7 0 6 11 11 5 4 5 1 3 4 4 4 4 10 8 11 11 5 5 11 4 4 5 4 4 4 4 10 10 2 8 6 10 10 8 7 7 8 11 4 4 5 7 1 11 9 5 5 11 5 4 4 4 10 10 8 2 10 10 7 7 7 7 8 7 9 8 7 8 4 10 10 2 6 8 11 10 8 7 8 11 11 2 5 11 3 5 4 4 11 5 11 11 2 5 4 3 10 10 8 7 7 8 10 10 8 7 8 7 7 7 10 8 4 10 2 9 11 5 5 10 8 10 10 8 8 11 11 4 4 2 3 4 4 5 11 11 4 4 4 4 4 4 4 4 4 4 5 2
ppo_x50_b_fd_l4_linear,26,qv22_32,22,223,True,1226.0,5.417455673217773,8 8 10 10 8 8 10 9 5 5 10 10 8 8 10 2 10 10 8 8 10 10 8 8 10 9 5 5 10 10 8 8 10 2 10 10 8 8 9 10 8 8 11 5 11 5 10 7 7 10 8 8 10 10 8 8 4 10 8 10 10 8 8 0 9 5 11 11 5 4 4 4 5 7 11 11 5 4 4 4 4 5 11 10 8 8 4 4 4 4 4 4 4 11 11 4 4 5 2 9 8 10 10 2 8 11 9 8 8 10 10 7 2 6 7 8 10 10 8 7 7 7 7 7 10 2 8 3 7 7 7 7 10 8 7 11 11 5 5 4 11 11 2 5 4 4 9 5 11 4 4 5 10 10 2 8 7 6 7 7 10 8 4 10 10 2 6 7 8 7 7 11 11 2 5 4 4 4 11 9 5 4 5 11 11 2 3 5 11 11 5 5 4 4 4 4 4 1 9 5 7 11 11 5 5 11 11 2 5 10 8 6 10 8 10 10 7 2 8 6 10 8 7 7 7 11 5 10 10 8 7 7 7 8 7 7 10 8 11 5 10 10 8 7 7 8 11 11 4 5 2 9 8 11 4 4 1 9 5 8 11 4 11 5 4 5 7 11 11 5 5 4 4 4 11 5 10 8 11 4 11 2 5 11 4 5 4 3 10 10 2 6 7 7 7 7 7 0 6 8 7 7 7 7 10 8 11 5 4 10 10 8 8 10 10 7 7 8 2 3 4 4 11 5 7 11 11 5 4 4 5 11 11 4 4 5 2 7 9 8 10 7 10 8 7 7 8 7 10 10 8 2 6 7 7 7 11 11 2 3 1 3 5 4 4 4 4 4 4 4 11 5 4 4 4 4 11 4 5 10 10 8 2 9 5 4 10 10 8 7 8 11 7 10 2 6 8 10 10 8 8 10 8 10 7 10 2 6 8 11 7 7 11 5 5 10 8 7 7 10 7 8 11 11 2 5 9 5 11 11 5 4 4 5 7 7 10 8 4 11 11 2 3 4 5 11 4 4 4 1 3 5 10 10 8 8 11 4 4 4 11 2 3 5 10 8 4 4 4 4 10 10 2 8 6 7 10 7 8 11 5 10 10 8 7 8 1 9 4 5 4 4 4 4 11 11 2 5 10 7 8 10 10 7 8 7 7 7 6 7 7 8 11 11 5 2 10 7 6 8 11 5 10 7 7 8 10 10 2 6 7 8 7 11 2 9 11 5 5 11 10 8 7 8 11 5 7 7 7 11 11 2 3 4 4 4 4 5 11 11 2 3 4 4 5 10 7 8 11 11 2 4 3 4 4 4 5 11 2 10 10 8 7 8 7 9 8 10 10 2 6 8 7 7 10 8 7 7 7 11 11 5 4 4 4 4 4 4 4 5 10 2 6 11 11 5 4 5 4 11 2 3 10 7 10 7 8 5 10 7 7 8 11 10 5 10 5 4 4 4 5 7 10 10 8 8 7 7 7 10 8 10 10 8 2 3 11 4 5 7 11 11 5 4 4 4 4 4 4 4 4 5 11 11 2 5 4 3 10 10 2 6 7 7 8 7 10 8 11 5 10 10 8 7 7 7 8 10 10 2 6 7 7 7 8 10 2 9 11 5 1 3 5 10 8 7 11 11 5 5 4 11 4 5 4 4 4 4 4 11 11 5 2 9 4 4 5 10 10 7 2 6 7 7 8 10 7 10 8 2 3 10 7 7 7 10 2 6 7 8 7 7 11 11 5 2 9 8 7 7 7 7 11 11 5 1 3 4 4 4 5 4 4 11 0 9 5 5 11 5 10 10 8 4 4 4 5 11 11 5 4 5 4 4 11 5 11 11 2 5 9 8 10 10 7 8 2 3 10 10 8 7 7 7 8 4 11 2 4 3 10 10 7 7 8 7 8 10 10 2 6 8 10 2 9 10 8 7 8 10 2 7 6 7 10 7 8 11 11 4 4 5 4 5 10 7 8 11 11 4 4 5 2 9 5 4 4 0 9 11 5 5 4 4 10 8 11 5 4 4 11 11 5 2 9 5 7 10 10 2 8 10 10 7 7 8 6 8 7 10 10 8 2 9 7 8 4 4 4 4 11 4 5 10 10 2 8 9 8 10 10 8 7 7 8 10 7 10 2 6 8 11 5 11 11 5 5 11 11 2 5 4 4 4 4 4 4 4 4 11 5 4 4 4 3 10 10 2 6 7 8 10 10 8 8 10 10 7 2 6 7 7 8 10 2 6 10 10 8 7 7 8 7 10 7 7 8 11 11 2 3 5 11 5 11 4 4 5 4 11 5 7 11 11 5 5 7 10 7 8 7 11 11 2 3 4 4 4 4 5 10 11 5 5 11 11 4 4 5 2 3 7 10 7 8 11 5 10 10 8 7 7 7 7 7 7 8 7 7 10 10 2 6 8 10 8 10 10 2 8 11 4 3 4 4 4 4 4 5 11 11 5 4 4 4 5 4 11 4 4 4 4 4 5 10 10 2 8 9 5 10 10 0 8 7 7 7 7 6 7 8 11 5 7 7 7 7 0 7 7 9 7 7 8 10 8 4 10 10 8 8 11 11 4 5 5 11 11 4 5 4 4 4 4 4 5 10 2 11 11 5 4 3 5 10 11 5 5 11 5 10 10 8 2 10 10 8 8 7 10 10 8 8 7 7 9 7 7 8 1 11 3 11 5 5 11 11 5 4 5 4 10 10 2 8 10 8 7 7 7 7 9 10 8 7 7 8 11 4 4 4 4 11 4 4 4 5 4 4 4 4 4 4 4 4 5
ppo_x50_b_fd_l4_linear,27,qv22_33,22,233,True,1300.0,5.9927332401275635,8 8 10 10 8 8 10 10 8 8 9 5 10 10 8 8 10 11 5 2 9 5 10 10 0 7 8 8 9 5 10 10 8 8 10 2 10 10 8 8 10 9 8 8 10 2 10 9 8 8 11 4 5 10 8 0 6 10 10 8 8 11 10 2 8 10 9 8 8 4 1 9 11 5 4 4 4 4 5 4 4 4 10 11 4 5 4 4 4 4 5 11 11 2 5 9 5 4 10 10 8 7 7 7 7 10 8 8 4 10 10 8 8 10 10 7 2 6 7 8 10 10 8 7 7 7 10 8 2 9 7 8 11 11 5 5 11 11 2 3 4 4 5 4 4 11 5 10 8 4 11 4 5 11 11 5 2 3 10 7 7 8 10 7 10 8 7 8 7 11 11 5 5 10 7 7 7 8 4 10 10 2 6 7 8 7 11 11 2 5 10 8 11 11 4 4 3 5 5 11 11 5 4 4 4 11 5 4 5 4 4 4 4 11 11 2 5 3 10 7 10 7 7 8 7 8 7 7 11 10 2 6 7 5 7 10 8 11 5 7 7 10 8 1 11 11 5 4 3 5 4 11 1 9 5 5 4 11 5 10 8 4 4 4 11 11 5 4 2 3 10 7 7 7 10 7 7 8 7 7 7 7 8 7 7 10 10 2 6 8 11 10 7 8 5 7 7 11 11 2 3 5 11 4 5 11 11 2 3 4 4 5 10 2 11 9 5 4 4 4 5 4 11 5 10 10 8 2 6 10 10 8 8 7 7 10 2 9 8 1 3 10 10 8 8 10 10 7 7 7 7 7 8 2 6 11 11 2 3 4 5 10 2 9 8 11 4 5 7 11 11 2 3 4 4 4 4 5 4 4 4 4 4 4 4 11 5 10 8 4 4 10 10 2 8 9 7 8 7 7 7 7 10 7 7 8 7 11 11 2 3 4 5 7 11 11 5 5 4 4 10 11 2 3 4 4 5 11 5 11 11 5 2 3 7 10 8 10 10 8 7 7 7 7 7 7 0 6 8 10 10 2 6 8 10 10 2 6 8 10 10 2 6 7 8 11 2 11 11 5 4 3 4 5 4 4 11 5 10 8 4 4 4 4 4 11 5 11 11 2 5 9 5 10 10 7 7 0 7 6 7 8 7 8 10 7 8 4 10 10 2 6 8 7 10 8 10 10 2 8 3 11 4 11 5 5 4 4 4 4 4 4 11 5 4 11 11 5 2 4 11 5 4 3 4 10 10 8 8 7 7 7 7 7 7 10 7 10 0 7 6 7 8 7 8 7 7 7 7 11 11 5 2 9 5 4 4 4 11 5 0 9 11 5 5 11 5 4 0 10 9 8 7 7 8 10 8 10 7 7 8 11 11 2 3 5 10 7 7 8 11 11 2 3 4 4 4 5 11 4 4 4 5 4 4 4 4 11 4 4 5 4 11 11 2 5 10 7 8 10 10 7 7 7 8 8 9 5 10 10 8 0 7 6 8 7 0 9 7 7 7 8 7 7 10 8 11 11 2 4 3 4 5 11 2 10 9 8 8 11 4 11 4 4 5 5 11 5 4 4 11 4 5 0 9 8 7 10 7 7 10 8 8 4 11 5 10 10 7 8 7 8 1 9 11 5 5 11 4 4 5 11 11 4 4 2 3 4 5 4 11 11 2 5 4 3 10 7 8 4 10 10 2 8 7 7 10 10 8 8 7 6 7 7 7 10 8 7 7 7 1 9 10 8 8 7 1 10 9 8 7 8 11 2 11 11 4 4 5 3 4 5 10 2 6 10 8 4 11 11 5 4 11 5 4 5 4 11 5 11 10 7 2 8 3 10 10 8 7 8 10 8 10 10 2 6 7 8 10 2 3 11 11 5 4 4 4 4 4 4 4 4 4 4 5 10 10 8 7 7 8 11 4 2 3 11 4 4 5 10 10 7 7 7 8 7 7 7 8 10 2 3 10 8 7 7 7 7 10 7 8 11 11 5 2 9 7 7 7 8 11 5 4 4 4 4 4 4 1 9 5 11 11 5 5 11 4 11 5 2 9 5 7 10 10 2 6 7 8 7 10 10 2 8 9 8 11 10 8 8 7 10 10 8 2 10 8 11 11 5 3 4 4 5 11 2 6 7 10 10 2 8 7 6 7 7 11 11 5 5 4 4 4 4 4 4 4 11 5 11 11 2 5 4 6 7 10 10 8 7 7 7 7 8 11 2 3 11 11 4 5 5 4 4 4 1 3 4 4 4 4 11 5 11 11 2 5 6 7 10 8 7 11 10 8 8 10 10 2 6 7 8 10 10 8 2 6 10 7 8 7 1 3 4 10 8 11 11 5 4 4 5 10 10 2 8 10 9 8 7 7 0 6 7 8 10 10 7 7 2 6 8 11 4 4 4 4 4 5 10 10 8 8 4 4 11 4 4 4 5 4 1 3 4 4 4 4 4 1 3 10 10 8 8 7 11 5 10 10 8 8 10 8 10 10 2 7 8 9 5 10 8 4 10 10 8 7 7 8 7 7 7 7 7 7 7 7 11 11 2 5 4 3 11 5 4 4 4 4 11 5 4 4 4 11 5 4 4 4 4 10 11 5 4 5 10 10 7 7 2 8 6 10 7 7 8 4 4 11 4 5 10 10 7 7 2 6 7 7 7 7 8 7 10 7 7 7 8 11 11 2 5 4 4 11 4 4 5 9 10 8 8 7 10 10 8 7 7 8 7 10 10 2 8 6 4 10 8 11 11 5 5 11 11 4 5 4 4 5 11 4 5 4 4 4 11 0 9 5 5 4 4 4 11 4 5 4 10 10 2 8 10 10 6 8 8 10 10 7 2 6 8 11 5 10 10 7 2 6 7 7 8 7 7 10 8 7 11 11 5 2 9 5 11 11 2 5 9 5 4 11 11 5 2 3 10 7 7 10 8 8 10 10 8 7 8 11 11 2 5
ppo_x50_b_fd_l4_linear,28,qv22_34,22,228,True,1272.0,7.19156551361084,8 8 10 10 8 8 10 10 8 8 11 5 10 11 5 3 5 10 10 7 7 8 8 10 10 8 8 11 5 4 4 11 5 10 10 7 7 7 7 8 8 11 5 10 10 7 8 8 11 5 11 5 10 10 7 7 8 8 11 5 10 10 7 8 8 11 5 1 11 9 5 4 4 4 4 5 11 4 4 11 5 2 3 10 7 10 2 6 7 7 8 4 10 10 8 8 10 10 7 8 8 10 10 7 2 8 10 6 10 8 2 9 5 10 10 8 8 4 4 10 11 5 4 5 10 8 4 4 11 5 7 11 11 4 2 5 9 8 11 11 4 5 5 4 4 4 4 4 4 4 11 11 5 2 3 7 10 7 7 7 7 7 8 10 8 7 7 7 7 7 11 5 10 10 8 7 7 7 8 10 2 11 9 5 5 11 10 8 8 11 4 4 5 11 4 5 4 4 4 4 4 4 4 4 4 4 4 11 5 10 10 8 7 8 4 11 5 10 10 7 7 7 7 2 8 10 6 7 8 10 7 7 7 8 7 7 7 11 11 5 2 9 11 2 3 4 4 4 5 4 4 11 11 5 11 5 2 9 7 11 5 4 5 7 7 7 10 7 7 8 4 10 10 2 6 7 7 7 8 7 10 10 7 7 8 2 9 5 4 11 11 2 3 4 4 4 5 10 2 7 7 10 9 5 5 10 10 8 7 8 10 10 2 8 6 11 4 4 4 5 11 11 2 3 4 4 4 4 4 11 5 5 4 4 4 0 10 10 8 6 7 8 11 2 9 5 10 10 8 7 7 8 10 8 4 10 11 5 4 5 7 7 7 7 10 8 7 7 11 11 2 5 11 9 5 5 11 11 5 5 11 11 2 3 4 2 3 4 4 11 5 10 8 4 11 11 5 4 5 4 4 10 10 2 8 7 6 7 7 7 10 10 8 7 7 7 8 4 11 5 10 10 7 8 7 7 8 7 7 7 10 8 11 11 5 2 9 8 11 11 5 4 4 4 4 4 4 1 3 5 4 4 11 5 7 0 6 10 10 8 8 10 8 1 9 11 5 4 5 11 10 8 2 10 10 8 8 6 7 7 7 7 7 10 8 11 5 7 7 7 7 11 11 2 5 3 11 5 4 4 4 11 5 11 4 11 2 5 4 4 4 9 11 5 5 4 4 11 4 5 4 10 10 2 8 10 10 8 8 7 9 8 10 10 8 2 3 10 8 7 7 7 7 10 10 8 2 9 10 8 7 8 7 10 10 2 6 8 11 11 4 5 11 5 5 10 7 8 11 11 5 5 4 11 5 4 11 11 5 4 5 4 4 4 4 11 5 10 8 10 10 8 2 9 7 8 4 4 4 4 4 11 5 7 10 10 2 8 9 8 4 10 10 8 8 10 10 7 2 6 8 7 10 8 4 11 11 5 2 11 5 4 11 5 3 10 10 8 8 10 10 7 7 7 8 8 10 7 7 10 2 6 8 7 7 10 8 7 11 11 2 5 11 5 9 11 5 4 5 11 2 11 11 5 5 4 4 4 4 4 4 4 4 3 11 5 11 11 5 5 11 2 6 11 10 8 8 10 10 2 6 8 7 7 11 10 8 8 7 7 10 8 11 5 10 7 0 6 7 8 11 11 5 5 7 10 7 7 8 7 7 10 10 2 8 9 8 10 11 5 5 11 11 4 4 5 4 4 4 4 4 4 5 4 4 10 8 11 11 2 3 4 4 5 4 4 10 10 2 8 9 8 10 10 2 8 7 7 9 7 7 8 4 10 10 8 7 7 8 10 7 7 7 8 7 10 7 10 2 8 6 4 4 4 11 4 4 4 5 11 11 2 3 5 4 4 4 4 4 11 5 10 2 9 11 5 5 10 2 6 10 7 10 7 8 7 7 7 7 7 8 7 7 10 8 10 7 10 8 2 11 4 9 5 4 5 11 4 11 5 4 4 5 4 4 10 11 5 5 4 10 1 9 8 8 7 10 10 2 6 8 7 7 7 7 10 7 7 8 11 11 4 5 5 11 11 2 5 3 11 4 5 11 11 2 3 4 4 4 4 5 4 4 11 5 10 2 10 10 7 8 6 7 7 8 11 4 5 7 11 11 2 5 11 5 10 10 7 7 6 8 7 7 7 8 7 7 7 7 7 7 7 10 8 11 5 11 11 2 5 4 4 4 4 4 3 4 11 5 4 11 11 2 5 3 4 10 10 8 7 7 7 8 10 10 8 7 8 7 7 7 10 8 7 7 11 11 5 2 3 4 11 5 10 10 8 8 10 7 8 4 11 11 5 4 4 4 4 4 5 4 4 10 10 8 2 6 7 7 7 10 7 8 11 11 2 5 11 4 11 5 3 4 5 4 4 4 11 5 10 8 4 4 4 4 4 4 4 10 10 8 2 9 8 7 7 10 8 10 7 7 8 10 10 7 7 8 2 9 4 5 10 10 2 6 7 8 11 2 10 10 8 6 8 7 7 10 10 8 2 9 5 7 11 11 4 2 5 6 11 11 5 5 4 4 1 3 4 11 4 5 11 11 4 2 5 11 11 4 5 4 5 10 9 8 8 11 4 5 11 10 8 8 7 7 10 7 7 7 8 10 10 2 8 9 10 8 8 4 11 4 4 5 11 1 3 4 4 5 4 11 4 5 10 10 8 2 9 8 10 10 7 7 8 8 7 7 11 10 8 8 10 10 8 2 10 9 8 7 8 1 3 4 4 4 11 5 7 11 11 5 4 5 4 4 10 10 8 2 9 8 11 10 8 8 10 7 7 7 7 10 2 6 7 8 4 10 2 6 7 7 7 7 11 11 2 5 11 11 5 4 4 3 4 4 4 4 4 4 5 11 11 4 4 2 5 9 11 5 4 4 5
ppo_x50_b_fd_l4_linear,29,qv22_35,22,235,True,1337.0,5.722262620925903,8 8 10 10 8 8 9 11 5 2 10 10 7 8 8 11 5 9 11 5 2 10 7 10 7 8 8 10 10 8 8 9 5 10 10 8 8 10 2 10 10 8 8 10 9 8 8 10 2 3 4 11 5 1 9 11 5 4 4 5 7 11 2 3 4 4 4 11 11 5 4 4 2 3 10 10 7 7 7 7 7 7 2 6 7 7 7 8 11 10 8 8 10 10 7 8 8 10 10 8 8 4 10 8 10 10 7 8 5 4 10 2 4 11 5 4 11 9 5 5 4 4 1 9 5 4 4 4 4 11 5 7 0 6 10 10 7 8 7 7 7 7 7 8 7 7 11 11 2 5 10 8 10 9 8 8 4 1 9 11 5 5 4 4 11 5 7 11 11 5 4 4 5 4 4 4 11 4 5 4 11 11 2 5 4 4 3 10 10 7 2 6 7 7 7 8 7 10 10 8 2 3 7 7 10 10 2 6 7 8 10 10 7 7 8 5 7 11 11 2 5 9 5 4 11 5 11 4 4 4 4 11 5 2 6 10 10 0 6 8 8 7 7 7 7 7 7 10 7 8 11 2 6 11 11 5 5 4 11 5 4 11 11 2 3 4 4 4 4 4 5 10 8 4 11 5 4 4 11 11 2 5 9 8 4 4 4 10 10 8 0 7 6 8 7 0 6 7 7 11 10 8 8 7 7 7 7 7 10 10 2 6 8 7 10 10 7 8 2 3 4 11 4 4 4 5 11 11 5 4 4 4 4 5 4 4 4 11 11 5 2 3 7 7 10 10 8 7 7 7 8 11 2 10 9 5 4 5 10 10 2 6 8 7 7 7 7 7 7 10 8 1 9 8 11 11 5 5 11 4 4 4 5 4 11 4 4 5 7 11 11 5 5 11 4 4 4 11 2 5 9 8 10 10 7 2 8 10 7 9 8 8 10 2 7 7 9 10 8 8 10 8 10 10 8 7 7 8 7 7 7 11 2 11 11 5 3 4 5 4 11 10 8 8 10 8 11 11 2 3 5 4 4 4 4 11 5 4 4 4 11 4 5 11 11 4 4 5 2 3 7 7 7 10 8 10 7 10 2 8 10 10 8 6 7 8 10 7 8 7 11 10 8 8 10 10 8 2 6 4 4 11 11 4 5 4 4 4 5 11 11 2 5 4 9 11 5 4 5 11 11 2 3 5 10 7 7 7 7 7 7 8 10 10 8 8 7 10 10 8 2 3 4 10 7 8 4 10 10 8 7 7 8 10 10 2 6 7 8 1 9 8 11 11 4 4 4 1 3 4 5 4 4 4 4 4 5 4 11 11 5 4 5 11 11 2 5 9 10 7 8 8 7 7 10 10 8 7 7 8 11 2 10 10 8 7 7 7 7 7 7 8 11 4 3 4 4 11 5 4 4 4 4 4 5 11 4 5 4 4 4 11 11 2 5 3 7 7 10 8 7 7 7 10 10 8 7 8 7 7 10 10 8 2 7 7 9 8 10 7 8 10 8 11 11 4 4 5 4 5 4 4 4 4 11 5 7 11 11 5 5 11 11 2 5 3 11 5 7 7 7 11 10 8 8 10 10 8 7 7 7 8 10 10 8 2 9 8 4 4 4 11 5 4 10 11 5 5 4 4 11 5 10 8 4 4 4 11 11 2 5 9 5 7 7 10 7 8 10 8 4 4 10 10 8 2 7 9 8 10 8 7 10 10 7 8 5 10 7 7 10 7 8 2 11 5 4 3 4 4 11 5 11 4 11 4 2 5 4 4 11 5 3 7 10 10 8 8 7 7 7 7 10 8 7 10 10 2 8 10 6 7 7 7 10 8 2 11 5 9 11 5 4 4 4 4 4 4 5 11 4 5 4 4 4 10 11 5 5 4 4 11 11 5 2 3 4 10 10 8 7 7 7 7 7 7 8 7 7 7 10 10 2 8 3 7 7 10 7 8 11 11 5 5 7 10 8 7 10 10 2 7 8 11 5 4 4 4 3 4 11 11 2 3 4 4 5 4 11 4 4 5 4 4 11 5 10 10 7 2 6 7 8 10 10 7 8 7 7 8 10 10 2 6 7 8 11 2 3 4 11 5 4 4 10 10 8 2 7 9 8 10 7 10 8 7 8 10 7 2 6 11 11 4 4 5 4 4 4 5 10 2 11 3 4 4 5 4 11 5 11 11 2 5 3 4 4 4 4 11 5 10 10 8 8 4 10 2 10 9 8 8 10 2 7 9 10 8 7 7 7 7 7 8 10 2 10 10 8 7 6 7 7 8 11 5 11 11 5 5 4 4 4 4 4 4 11 5 11 4 5 11 4 4 11 4 2 5 3 10 8 7 10 10 7 7 7 8 7 8 10 10 2 8 9 10 8 8 7 7 7 7 7 10 8 11 5 7 7 11 11 2 5 9 11 5 5 10 8 11 11 5 4 4 4 5 4 4 11 11 2 3 5 11 4 4 4 4 11 2 5 9 8 10 10 7 2 6 7 8 7 7 7 11 5 10 10 8 7 7 8 7 7 7 7 7 7 7 11 11 2 5 11 5 3 10 11 5 4 5 11 11 5 4 4 4 4 5 4 4 4 4 4 4 11 4 5 10 2 11 9 8 8 10 10 8 8 10 10 7 7 8 8 7 7 7 10 8 7 11 11 5 2 7 6 11 10 8 8 10 10 8 7 7 7 8 11 11 2 5 9 5 10 7 7 8 11 11 4 4 4 5 4 4 4 4 5 7 11 11 5 5 4 4 4 10 8 11 11 5 4 4 4 4 4 5 10 2 7 11 9 8 8 7 7 10 10 8 2 9 5 7 10 10 8 8 7 11 10 8 8 4 10 10 2 6 7 7 8 7 10 10 2 8 6 7 10 8 7 11 11 4 4 5 4 4 4 11 5 5 10 8 11 11 5 4 4 4 4 4 4 1 4 4 5 3 4 10 10 8 7 7 7 8 11 2 9 4 4 5 10 10 8 8 10 10 8 7 7 8 7 7 7 7 7 11 5 10 10 8 7 7 8 10 10 8 2
ppo_x50_b_fd_l4_linear,30,qv22_36,22,229,True,1255.0,5.5552403926849365,8 8 10 10 8 8 10 9 5 5 10 10 8 8 10 2 10 10 8 8 11 4 3 5 10 8 10 10 0 7 8 8 10 9 8 8 10 2 10 10 8 8 10 9 8 8 10 2 10 10 8 8 10 9 8 8 10 2 4 3 11 4 5 4 11 11 5 1 3 4 4 5 10 10 8 7 8 4 11 5 4 4 4 4 4 11 5 10 8 4 11 11 2 5 4 3 10 7 7 7 7 8 4 10 10 8 7 7 7 8 7 7 10 8 4 10 10 8 8 7 7 7 7 7 7 11 11 5 5 11 11 5 2 9 5 7 7 11 11 5 4 4 5 10 8 4 4 4 4 4 4 0 9 11 5 5 11 5 0 7 10 7 7 7 6 8 7 10 10 8 2 9 7 8 11 11 5 4 4 4 4 5 10 8 4 11 11 5 2 4 4 3 11 5 11 4 11 2 4 4 3 5 7 10 8 11 11 5 5 7 10 10 8 8 10 7 7 7 10 8 7 8 10 7 7 8 10 8 7 11 11 2 3 4 5 10 11 5 5 4 0 6 7 11 10 8 8 7 7 7 10 10 8 7 8 10 10 8 2 3 11 5 11 11 5 4 4 1 3 4 4 4 5 11 11 2 3 5 0 9 11 5 5 4 11 5 10 8 0 10 10 8 6 7 8 11 11 5 4 4 4 4 5 4 4 10 2 11 9 5 5 11 2 3 10 10 8 7 7 7 8 7 7 7 10 10 2 6 8 10 10 8 8 7 10 8 11 5 10 10 8 7 8 7 10 8 7 11 11 2 5 9 5 11 11 5 5 4 1 3 4 4 11 5 4 11 11 5 2 4 3 7 10 7 10 2 8 7 9 10 8 8 11 5 7 7 7 10 10 7 7 8 7 8 11 11 5 4 5 11 2 10 11 5 5 11 11 4 5 3 4 4 4 4 4 4 11 5 4 5 11 5 10 1 9 8 8 7 7 7 7 7 10 8 10 10 8 2 9 8 4 4 10 11 2 3 5 11 2 3 4 4 4 4 4 10 10 8 2 10 9 8 8 11 4 4 4 5 7 10 7 10 7 7 7 8 2 10 7 7 9 8 7 8 7 10 10 2 6 7 7 7 7 8 11 2 6 11 11 4 5 5 4 4 4 4 4 4 4 4 11 4 5 4 11 4 11 5 4 4 2 3 10 10 7 8 8 10 10 7 8 8 7 7 10 7 8 11 11 5 5 11 11 4 2 5 11 5 9 5 10 7 7 8 11 11 5 5 7 7 7 7 7 10 8 4 10 10 8 7 7 8 7 10 8 11 5 10 10 2 6 8 10 2 6 10 8 11 11 5 4 4 5 11 11 5 4 4 4 4 5 4 10 2 9 10 8 8 11 4 5 11 4 2 3 11 4 11 5 4 5 11 2 10 10 8 6 7 8 7 10 7 7 8 7 10 10 2 6 8 11 2 9 10 8 8 10 7 2 6 7 7 7 11 11 2 5 3 11 4 4 11 5 8 4 4 4 11 5 10 8 4 4 4 10 10 2 8 10 6 7 10 2 6 7 7 8 1 11 3 5 11 11 5 2 9 10 7 7 7 8 7 8 7 7 7 11 11 2 5 11 4 4 4 4 3 4 4 5 10 2 11 11 5 3 5 4 4 11 11 5 4 5 11 11 4 5 2 3 10 8 7 7 7 7 7 10 8 11 5 7 7 7 11 10 2 6 7 8 7 7 10 8 11 5 11 4 5 10 10 7 7 8 7 8 10 8 1 11 9 5 5 4 4 10 8 0 6 10 8 10 10 8 8 10 10 2 8 3 11 4 4 5 11 11 4 5 1 3 5 4 4 11 5 10 8 11 4 4 4 5 4 4 10 8 11 11 2 3 4 4 4 5 10 2 3 10 8 10 10 2 6 8 7 7 10 7 10 8 2 3 10 7 7 7 7 8 7 7 11 11 2 5 11 9 5 5 11 4 4 11 2 5 6 11 11 2 3 5 4 4 4 4 4 4 10 10 2 6 7 8 7 7 10 7 8 4 10 10 8 2 6 7 7 10 7 8 11 10 8 8 7 11 11 2 5 9 11 5 4 4 4 4 4 4 5 11 5 11 1 4 3 4 5 10 10 7 8 8 10 10 7 8 8 10 10 7 8 2 10 8 9 10 7 2 6 7 8 10 10 8 7 8 4 11 5 7 7 7 7 7 11 11 4 2 3 5 11 4 1 3 4 5 4 4 4 4 4 11 4 4 4 5 11 11 5 2 11 5 10 9 8 7 8 11 2 3 10 10 7 7 7 8 8 10 2 10 10 7 7 6 7 8 7 8 11 2 4 11 4 5 10 9 8 8 10 2 7 10 10 8 6 7 8 10 2 11 9 5 5 11 5 4 4 4 4 11 5 0 9 8 10 10 2 6 7 7 8 10 10 2 8 9 7 7 8 11 11 4 5 4 4 5 4 4 4 1 3 4 11 4 10 8 8 11 5 4 4 4 4 11 5 10 10 2 7 7 6 8 10 10 8 7 7 8 10 10 8 7 7 8 11 11 2 5 11 9 5 4 5 4 4 4 10 10 2 8 7 9 7 7 10 8 5 7 7 7 10 8 11 5 7 10 10 8 2 6 4 11 11 5 4 4 4 5 11 11 2 5 4 4 9 5 4 4 4 4 4 4 11 11 2 5 4 3 10 10 8 7 7 7 7 8 10 10 2 7 8 7 6 7 7 7 7 7 11 5 10 10 8 8 10 7 8 0 6 11 11 5 5 11 11 5 4 5 7 11 11 5 4 4 4 4 11 5 4 4 5 10 10 8 2 10 10 8 7 8 9 5 10 10 2 6 7 8
ppo_x50_b_fd_l4_linear,31,qv22_37,22,226,True,1253.0,5.533057928085327,8 8 10 10 8 8 9 11 5 2 10 10 7 8 8 11 5 10 10 7 8 8 10 10 8 8 9 5 10 10 8 8 10 10 8 8 11 5 10 10 7 8 8 11 10 8 2 10 10 8 8 4 4 9 5 11 11 5 2 3 4 4 11 11 5 4 4 4 5 11 11 2 5 9 8 4 4 10 10 8 0 9 8 8 7 7 7 10 8 11 5 10 10 7 2 8 10 6 10 8 8 11 5 7 10 7 7 7 10 8 8 10 2 3 4 4 11 5 11 11 4 5 1 3 4 4 4 5 4 4 4 11 11 5 4 4 2 3 10 10 7 7 7 7 2 6 8 10 8 7 7 7 10 8 11 5 10 10 8 8 10 11 5 5 10 7 7 7 7 7 8 10 10 8 8 4 4 4 10 2 11 9 8 8 11 1 3 5 4 4 4 4 4 11 5 4 4 4 10 10 8 2 9 7 7 8 11 7 7 7 8 10 10 7 7 8 2 9 8 4 10 11 5 5 11 11 4 2 3 4 5 10 8 11 11 4 5 5 7 11 11 5 5 0 6 7 7 7 10 7 8 0 9 11 5 5 11 5 11 11 4 5 2 4 11 3 4 11 5 4 4 4 4 5 10 10 8 2 6 7 10 8 7 10 10 2 8 7 7 7 7 7 6 7 10 8 7 7 7 7 11 11 2 3 5 11 11 2 4 3 5 11 11 5 5 7 11 11 5 5 10 8 11 4 4 4 4 11 4 4 4 4 4 2 3 4 5 11 2 9 10 8 7 8 4 11 5 10 10 7 7 7 7 2 6 7 7 7 7 8 10 7 10 8 7 7 7 7 7 8 11 11 5 2 4 3 4 4 11 4 5 4 11 5 4 4 10 8 11 11 5 2 3 4 11 5 4 10 10 8 8 11 2 10 6 7 7 7 10 8 8 10 10 7 8 8 4 10 10 2 6 7 7 8 10 2 11 11 5 3 5 11 4 5 11 5 4 11 11 2 3 4 4 4 4 5 11 2 6 11 11 5 5 10 7 7 8 11 5 4 11 11 5 4 5 10 10 2 8 3 7 10 7 7 8 10 10 8 2 6 7 10 8 7 10 10 8 7 7 10 8 8 7 11 10 8 7 8 7 11 11 1 3 5 4 4 5 4 4 10 11 5 5 4 4 11 5 10 8 4 11 11 5 5 11 11 5 4 5 11 11 2 5 9 5 10 7 11 5 5 10 10 8 7 8 7 10 8 7 7 7 7 7 10 8 7 11 11 2 5 11 5 9 11 4 2 3 5 10 11 5 5 4 4 4 11 11 5 2 11 5 4 3 10 10 8 7 7 7 10 7 8 7 7 7 8 7 7 10 7 8 10 10 2 8 6 11 5 11 4 10 2 8 10 8 9 10 8 8 4 1 11 4 3 4 4 4 5 11 5 4 4 11 11 5 2 10 7 7 7 7 8 10 7 10 8 8 10 9 5 5 10 10 8 8 11 4 4 5 4 4 11 5 10 0 6 10 7 7 7 7 8 7 7 8 10 2 7 11 11 5 3 4 5 4 4 10 11 2 3 4 5 11 4 5 4 4 4 10 10 2 8 7 6 10 8 4 10 10 8 7 8 10 10 2 6 7 7 7 8 11 1 3 5 11 4 1 9 5 4 4 4 4 4 4 5 11 2 3 4 4 4 11 11 2 5 9 5 4 10 10 2 8 7 7 7 9 8 10 10 2 6 7 8 7 7 7 10 8 11 5 10 10 8 7 10 8 2 3 10 7 7 8 7 11 10 8 8 4 11 11 2 5 9 5 7 11 11 5 5 11 11 2 3 4 5 11 11 4 4 2 3 5 11 4 4 11 2 5 3 10 10 8 2 7 7 7 9 8 10 10 2 6 7 7 8 10 2 7 7 7 7 6 7 11 11 5 4 4 4 4 4 4 4 4 4 5 7 11 11 5 4 4 5 11 4 5 4 4 4 10 10 2 8 9 8 7 7 7 10 7 8 4 10 10 8 7 8 7 10 8 7 7 10 7 8 4 11 5 7 10 10 2 8 10 8 7 6 11 11 4 4 4 4 5 4 4 4 4 4 4 5 4 10 11 2 4 5 9 8 4 4 11 11 2 5 10 7 8 10 10 7 6 7 8 7 8 11 2 10 9 5 5 10 10 8 8 10 10 2 6 8 10 10 8 2 10 6 7 7 8 11 2 10 10 8 8 7 6 11 4 4 4 11 2 3 4 5 10 8 11 11 4 4 2 3 4 5 4 11 2 9 11 5 5 4 10 10 8 7 8 7 10 8 11 5 4 11 5 10 7 10 8 7 7 8 11 10 8 8 7 11 11 2 5 3 4 4 4 4 4 4 4 4 11 4 4 11 2 5 3 10 8 11 10 8 7 8 4 10 10 2 8 7 7 7 6 7 7 7 7 10 8 11 5 10 10 8 7 7 8 10 10 8 7 2 7 6 11 11 5 5 4 4 4 4 4 4 11 5 10 8 11 11 2 3 4 5 10 8 11 4 4 4 5 4 10 10 2 6 8 7 10 2 9 10 8 7 7 7 7 8 10 7 7 7 7 7 8 11 11 4 5 2 11 4 3 11 5 4 5 11 11 2 3 5 11 4 5 11 11 5 2 6 11 4 4 5 4 11 11 5 2 3 4 10 10 8 7 7 7 7 8 7 7 7 7 7 7 10 8 7 7 7 10 7 7 8 11 11 4 2 5 9 5 11 11 4 5 4 5 7 10 8 4 11 11 5 4 4 11 5 5 10 2 6 11 11 5 4 4 5 4 10 10 8 2 10 10 8 8 10 10 7 7 6 7 7 7 8 7 7 8
ppo_x50_b_fd_l4_linear,32,qv22_38,22,229,True,1216.0,5.522881746292114,8 8 10 10 8 8 3 10 11 5 5 10 10 7 8 8 11 5 10 10 8 2 10 10 8 8 10 10 8 8 10 9 5 5 10 10 8 8 11 2 9 5 10 10 0 7 8 8 9 5 10 10 8 8 10 10 8 8 11 5 10 10 2 8 10 9 8 8 4 11 4 4 5 10 7 11 5 5 11 11 2 3 5 10 8 11 4 4 11 2 3 4 4 4 5 10 2 6 10 8 7 7 11 5 10 10 8 7 7 7 7 7 8 10 10 8 2 9 4 4 5 10 10 2 6 7 8 10 2 6 7 11 11 2 5 9 4 5 4 4 4 4 4 11 5 10 8 11 11 5 4 4 4 4 5 11 11 2 3 4 4 5 7 10 8 11 11 4 4 5 2 9 8 10 10 8 7 7 7 7 7 8 1 3 4 4 1 4 4 3 11 5 10 10 8 8 10 10 8 8 4 10 10 8 7 7 7 7 8 10 10 8 2 6 7 10 10 7 8 8 4 10 11 2 5 9 5 0 6 11 11 5 5 11 11 5 4 4 4 5 11 4 5 7 11 11 2 5 10 8 9 10 8 7 8 1 4 4 3 4 4 4 11 5 10 10 7 2 7 8 10 7 7 7 6 7 8 10 10 2 6 7 7 8 11 10 8 2 6 10 10 8 8 10 2 7 10 8 11 9 5 5 10 2 6 11 11 5 5 4 4 4 4 4 4 4 4 10 8 7 10 8 11 4 11 4 5 5 4 4 11 4 5 1 9 10 8 8 7 7 10 7 8 11 11 2 5 9 5 11 11 5 5 10 11 5 4 5 11 4 5 4 10 10 8 7 7 8 11 2 4 3 11 5 4 10 10 8 8 10 11 5 5 10 10 7 8 7 8 7 7 7 7 7 7 7 7 11 5 10 10 8 8 7 10 7 7 8 7 11 11 2 5 9 4 5 7 10 8 7 11 11 5 5 11 11 5 4 5 4 4 4 10 8 11 11 5 5 11 5 4 10 10 2 8 7 6 11 2 3 4 11 11 5 4 4 4 4 5 10 10 2 6 7 8 10 7 7 7 7 7 8 10 7 7 7 7 7 8 11 11 4 4 5 2 3 11 5 11 11 2 3 5 4 4 4 11 5 10 8 10 8 7 11 11 5 4 4 4 4 5 4 4 11 11 2 5 3 10 8 10 10 7 7 7 2 6 7 8 10 8 7 7 10 10 8 7 8 7 11 11 5 2 9 5 7 10 8 7 7 10 7 8 7 11 11 5 4 4 4 1 3 5 11 4 5 4 11 4 4 4 4 4 11 2 5 11 9 5 8 10 8 10 10 8 8 7 7 7 7 7 10 8 11 2 6 7 7 7 7 7 10 8 11 11 4 5 2 11 9 5 4 4 4 4 5 10 11 5 5 4 4 4 4 4 4 4 11 11 2 5 3 10 8 10 10 7 7 8 7 7 0 6 7 7 7 10 8 7 8 11 2 10 9 8 8 11 1 9 5 5 4 11 4 4 11 2 5 9 8 10 10 2 6 8 10 10 7 7 2 8 7 10 7 8 11 9 5 5 4 4 4 11 5 11 11 2 5 9 8 7 7 10 10 7 8 7 7 7 7 8 1 4 4 4 3 4 4 4 1 3 4 4 4 4 4 11 5 11 4 11 2 5 10 8 6 10 10 7 7 8 8 7 7 11 5 10 10 8 7 8 7 11 2 10 9 8 7 8 10 8 10 10 8 2 9 5 4 11 4 5 7 11 11 5 5 4 11 5 4 11 11 5 2 4 4 4 4 4 4 4 11 5 3 10 10 8 8 10 10 2 6 7 7 7 8 10 2 3 7 7 10 7 11 5 5 10 10 7 8 8 7 11 1 11 5 5 9 5 10 11 4 5 8 4 4 4 4 4 4 4 4 11 5 10 8 10 10 7 8 2 10 10 7 7 8 6 10 8 7 7 7 8 7 7 7 7 10 7 8 11 2 9 11 5 5 11 4 4 4 5 10 8 11 11 2 3 4 5 4 4 11 5 10 8 4 4 4 4 4 10 10 8 2 7 10 8 6 10 10 7 8 8 7 7 7 7 10 8 10 2 6 7 10 10 8 8 4 4 11 2 11 9 5 4 5 10 8 11 4 11 2 5 9 5 4 0 9 10 8 8 10 10 7 8 7 7 7 8 11 2 11 11 3 1 4 5 5 3 4 4 4 4 4 4 4 4 10 8 11 2 11 9 5 5 4 1 9 4 5 11 11 2 5 3 10 8 10 10 8 8 10 10 8 8 10 10 7 7 7 7 8 7 8 4 10 10 8 7 7 8 11 2 3 4 4 11 5 4 4 11 11 5 2 10 7 8 6 10 10 7 8 7 8 7 7 7 11 10 8 8 7 11 11 5 2 11 5 4 11 9 5 5 4 10 8 11 11 5 5 4 4 11 5 4 4 4 1 9 5 7 11 11 5 5 11 11 5 2 4 4 3 10 7 10 7 7 8 8 10 10 7 7 8 8 10 10 8 2 9 8 7 10 10 7 8 7 7 8 11 11 5 4 5 4 4 1 9 8 11 11 5 5 4 4 4 4 4 4 11 4 5 4 10 10 2 6 8 10 8 10 10 8 7 7 7 10 2 8 7 6 7 7 7 7 11 5 10 10 8 8 10 2 6 10 10 2 8 6 11 11 4 4 2 3 4 4 4 4 4 5 4 11 5 10 10 8 8 7 11 11 2 3 4 4 4 4 4 4 5 11 11 4 4 2 5
ppo_x50_b_fd_l4_linear,33,qv22_39,22,229,True,1274.0,5.619723081588745,8 8 10 10 8 8 9 4 5 10 10 2 8 11 3 5 10 10 7 8 8 10 10 8 8 11 5 4 11 5 10 10 0 7 7 7 8 8 10 9 5 5 10 10 8 8 10 2 10 10 8 8 10 9 8 8 10 2 4 4 3 4 4 4 4 4 11 4 4 4 4 5 10 10 7 7 2 6 8 10 8 10 10 8 7 7 8 10 10 2 8 10 10 6 7 8 8 11 2 10 10 6 8 8 10 2 10 9 8 8 4 11 5 7 11 11 5 4 4 5 7 11 11 5 5 4 4 4 10 8 11 11 2 3 4 5 0 6 10 8 4 10 10 8 8 10 10 8 7 7 8 10 10 2 8 6 11 5 11 11 2 3 5 4 4 1 4 6 4 4 11 5 4 4 4 4 11 5 10 2 10 9 8 8 10 7 8 4 10 10 8 7 8 10 1 9 8 8 7 7 7 10 10 7 2 8 4 4 4 11 3 5 4 4 4 4 4 4 4 4 4 4 10 8 11 11 5 5 10 2 6 7 11 10 8 8 10 10 8 7 8 10 7 7 7 7 8 1 3 4 4 4 4 4 11 5 4 4 4 4 10 10 8 7 2 9 10 8 7 7 7 8 7 0 9 10 8 7 8 7 10 10 8 2 4 9 5 7 7 10 0 6 10 7 7 8 8 10 2 9 11 5 5 11 5 4 4 4 4 4 4 4 1 9 4 5 10 11 5 5 4 4 4 4 10 10 8 2 7 7 6 10 8 10 10 7 8 8 11 2 10 7 7 6 8 7 10 2 7 7 10 9 8 8 4 4 4 4 4 11 4 5 4 4 4 1 9 4 4 5 4 11 5 4 11 4 4 5 10 10 7 2 8 9 8 10 7 7 7 7 7 10 8 8 11 5 7 10 10 7 8 5 10 7 7 7 7 8 4 10 10 2 8 9 8 4 11 11 5 4 1 9 5 5 4 4 4 4 11 5 4 11 5 10 10 2 8 9 10 8 8 1 4 4 11 3 5 11 4 11 4 5 2 9 5 10 8 10 10 7 8 7 0 9 8 8 7 7 0 9 8 7 7 7 7 10 8 11 5 10 7 10 7 7 2 8 6 11 4 4 4 5 11 1 3 4 4 5 4 4 4 4 4 4 4 11 11 2 5 4 4 3 10 7 7 7 8 10 10 7 8 7 10 2 6 7 7 7 7 8 7 7 7 10 2 6 7 11 11 5 5 10 8 11 1 9 5 4 4 4 4 5 7 11 2 9 11 5 5 4 4 4 10 8 11 11 5 5 11 4 11 2 5 4 4 3 10 10 7 7 2 8 7 10 10 8 6 7 7 8 4 10 11 5 4 5 10 7 7 7 7 7 7 7 7 7 8 7 7 11 11 2 5 9 5 11 4 4 4 11 5 4 4 5 10 11 2 3 5 11 11 2 5 11 3 4 4 4 5 10 10 8 2 10 6 7 10 7 7 8 2 6 7 7 10 8 11 5 7 7 7 7 11 11 2 5 11 5 11 9 5 4 5 4 4 11 5 10 8 11 4 4 4 4 11 5 2 10 7 8 6 10 10 8 8 7 7 7 10 8 7 1 11 9 5 4 4 5 11 5 11 4 5 10 10 2 8 10 10 8 7 7 6 8 10 10 8 8 11 2 4 9 4 5 4 4 4 4 11 4 4 11 2 5 7 7 7 10 8 10 9 8 5 10 7 7 10 2 6 8 7 10 10 8 7 7 8 11 2 10 10 8 6 8 4 1 3 4 11 5 11 4 4 4 11 4 2 3 4 4 5 4 4 4 4 10 2 11 11 5 5 3 4 10 10 8 7 7 8 7 0 9 8 7 7 7 7 7 7 0 6 7 7 10 7 8 11 2 6 11 11 5 5 11 4 4 4 5 0 6 7 11 10 8 8 7 10 8 7 10 10 8 2 9 8 4 4 4 4 4 4 4 4 4 11 4 5 10 8 11 11 2 3 4 5 4 11 5 0 9 8 10 10 8 7 7 7 8 7 7 7 10 7 10 8 2 9 5 10 8 11 11 4 5 5 11 10 8 8 11 4 11 2 5 11 3 11 2 3 5 4 11 5 10 8 11 11 2 3 5 11 11 4 5 5 11 4 5 11 11 5 2 10 7 10 8 9 8 7 8 10 10 8 2 3 4 10 10 8 7 7 7 7 8 10 10 2 6 7 8 10 8 7 7 10 10 8 2 4 9 4 5 10 8 4 10 10 8 8 7 7 11 11 5 4 4 4 1 3 4 4 5 11 11 4 2 3 4 1 3 5 11 4 5 4 4 4 10 10 2 6 8 10 7 8 4 10 10 8 7 8 7 7 7 7 10 8 0 9 11 5 5 11 5 11 11 2 3 4 4 5 10 7 7 8 11 11 2 3 4 4 4 4 5 11 4 4 11 2 5 9 8 10 10 8 7 8 7 7 11 5 10 10 8 8 10 10 8 7 7 8 7 7 7 10 8 11 5 10 7 10 2 6 8 11 5 4 10 10 2 8 10 8 6 11 11 4 4 4 2 3 5 11 4 5 10 10 8 8 11 5 4 4 4 4 11 0 9 5 5 7 11 11 5 4 4 5 11 11 2 5 9 8 10 10 8 8 11 10 8 7 8 7 10 10 7 2 8 7 7 6 7 10 8 7 7 7 7 7 11 11 5 2 3 4 4 4 4 4 4 11 5 7 7 11 11 2 5 9 11 5 5 11 4 4 5 4 11 5 4 11 11 2 4 3 5 10 8 10 7 7 10 8 8 10 10 8 7 7 7 8 7 10 7 7 7 7 8 11 11 5 2 9 5 7 7 7 11 11 2 3 4 4 5 11 11 5 5 11 11 5 5 4 11 11 4 4 4 4 4 4 4 2 5
ppo_x50_b_fd_l4_linear,34,qv22_4,22,236,True,1301.0,5.665555477142334,8 8 10 10 8 8 9 11 2 5 10 10 7 8 8 9 5 11 4 5 10 10 7 7 8 8 11 10 8 2 10 10 8 8 9 4 4 5 11 5 10 10 7 7 7 8 8 10 2 10 10 8 8 9 10 8 8 11 5 4 11 5 10 7 10 7 7 8 8 10 2 10 10 8 8 9 10 8 8 1 9 11 5 4 4 5 4 4 4 4 4 11 4 5 10 10 2 8 9 8 11 5 4 4 4 10 10 8 2 10 10 8 7 6 7 8 7 10 2 10 10 7 8 7 7 8 11 4 9 5 5 11 11 5 4 4 4 4 4 4 4 5 4 11 11 2 3 4 5 4 11 4 2 3 10 10 7 8 7 7 7 7 8 7 7 7 7 7 7 7 10 8 11 5 7 7 7 7 7 11 11 2 5 11 4 5 3 4 11 5 4 11 5 10 8 4 10 11 5 5 4 4 4 11 5 4 4 4 10 10 8 2 10 7 6 7 7 8 10 10 8 7 8 7 10 8 11 5 10 7 7 10 8 8 1 4 4 4 11 3 5 4 0 9 11 5 5 11 11 2 3 4 4 4 5 11 2 9 11 2 5 4 4 3 10 10 8 7 7 7 7 8 11 2 9 10 8 8 7 7 0 9 8 7 7 7 7 10 8 10 10 8 8 11 4 5 11 11 4 2 5 11 4 4 3 5 4 10 11 5 5 4 4 11 11 2 5 6 11 4 5 4 11 4 2 3 10 10 7 8 8 10 10 7 8 7 10 8 7 7 7 8 11 2 10 9 7 8 5 4 10 10 8 8 7 11 11 5 5 1 9 11 4 2 3 5 4 11 4 5 10 10 8 2 10 8 10 10 8 8 10 9 8 5 10 10 2 6 7 8 4 10 10 8 7 7 8 10 10 2 7 8 9 5 1 11 3 4 4 5 0 9 11 5 5 4 4 11 11 5 4 4 5 10 8 4 11 11 5 2 3 10 7 8 10 10 2 6 8 7 10 7 7 7 10 2 8 9 5 7 7 7 7 11 11 1 3 4 5 1 3 5 1 9 4 10 8 8 11 4 4 4 5 4 4 4 4 4 4 11 4 4 5 11 11 2 5 9 8 10 7 10 7 7 8 8 10 10 2 6 8 7 10 8 7 7 10 10 7 7 7 8 2 9 8 11 5 4 4 4 4 4 1 3 4 4 4 4 11 10 8 8 11 5 4 4 4 11 4 5 10 10 8 8 10 10 8 2 10 10 8 6 7 7 7 7 8 10 2 3 11 10 8 8 10 10 7 7 8 7 8 10 8 10 8 11 11 4 4 5 2 4 4 3 4 4 4 11 5 7 11 11 5 5 10 8 4 4 10 10 8 7 8 11 4 4 1 3 4 5 4 4 11 11 5 2 3 7 10 7 10 8 7 7 8 7 10 10 8 7 7 7 8 4 4 4 11 5 4 10 10 8 8 10 10 8 7 7 7 8 7 7 10 10 2 8 11 4 5 3 11 11 5 4 5 10 2 9 8 11 11 5 5 11 4 4 4 4 5 4 4 4 4 11 4 5 10 10 8 8 11 4 5 10 10 7 8 7 10 8 0 7 6 7 7 8 7 0 6 7 7 7 11 5 10 10 8 8 11 5 7 7 7 10 10 8 2 6 4 4 11 5 11 11 5 4 4 4 5 11 4 4 1 9 5 4 4 4 5 4 11 11 2 5 3 10 8 7 10 7 10 7 8 7 8 11 4 5 11 4 5 7 10 0 6 8 10 10 8 7 8 11 7 11 5 5 10 10 2 6 7 8 10 7 7 8 7 7 11 11 5 2 4 3 4 4 11 5 4 4 4 10 11 5 5 0 9 11 5 5 4 11 5 11 11 2 5 4 4 3 10 10 7 7 7 7 7 2 6 7 8 11 5 10 10 7 2 7 6 7 7 8 11 11 5 2 9 8 7 7 11 11 5 2 9 4 4 4 11 5 2 4 11 4 4 4 5 3 10 10 8 7 8 4 11 5 4 4 10 10 8 7 7 7 7 7 0 7 7 6 8 7 7 10 10 8 2 9 8 11 5 10 10 8 7 7 8 11 4 4 5 7 11 11 5 4 4 5 4 11 5 10 8 4 4 11 4 5 10 10 2 8 10 8 6 7 10 8 11 5 4 10 10 8 2 10 7 9 8 7 7 7 8 10 2 9 11 5 1 3 4 11 5 5 4 11 5 11 11 5 5 4 4 4 11 4 4 5 4 11 11 4 5 2 9 8 10 10 7 8 2 10 10 7 7 8 8 6 7 11 10 8 8 7 10 7 7 10 7 8 5 7 10 8 10 10 7 8 2 9 5 11 4 11 5 4 5 4 4 11 5 4 4 4 10 10 2 8 7 9 8 7 7 7 7 7 10 10 2 8 9 4 5 11 11 4 4 4 4 5 4 4 4 5 4 4 10 11 2 3 5 4 11 11 5 2 11 5 4 3 10 10 7 8 8 7 7 7 7 7 10 8 11 5 4 4 10 10 7 8 5 7 7 7 10 8 7 11 1 3 5 4 11 5 4 11 11 4 4 2 5 9 5 7 10 0 6 7 8 11 10 2 8 10 10 7 7 7 8 6 8 11 5 10 10 8 8 11 4 4 5 10 7 7 7 7 8 10 10 7 2 8 9 5 4 4 11 11 4 5 2 9 11 5 4 4 4 4 4 4 5 4 4 4 4 4 10 8 11 5 11 11 2 5 3 7 7 10 10 7 7 7 8 8 7 7 7 0 6 10 8 7 7 7 7 10 7 8 0 6 11 11 5 5 11 11 4 5 4 5 4 4 4 10 8 11 11 5 4 4 4 5 4 11 5 10 8 4 4 4 10 10 8 2 10 6 10 8 0 6 8 4 10 10 8 7 7 7 8 10 10 8 8 11 2 10 10 8 8 10 8 11 11 5 5 11 9 5 4 4 5
ppo_x50_b_fd_l4_linear,35,qv22_40,22,235,True,1295.0,5.631033658981323,8 8 10 10 8 8 9 4 11 5 2 10 10 7 7 8 8 11 3 5 11 5 10 10 7 7 8 8 10 10 8 8 11 5 10 10 7 8 8 11 5 10 10 7 8 8 10 10 8 8 11 5 10 10 8 2 10 10 8 8 9 10 8 8 11 5 4 11 4 5 4 4 4 1 3 4 4 11 5 7 11 11 5 2 9 8 4 4 4 4 10 10 8 2 10 10 8 6 7 7 8 7 7 10 10 2 6 8 10 10 7 8 8 10 10 7 8 2 9 5 10 10 8 8 10 2 3 4 4 4 4 11 4 4 4 5 7 7 10 10 2 8 10 9 8 8 7 10 10 7 2 8 3 11 4 4 11 5 4 4 4 4 4 5 11 11 5 4 4 5 7 7 0 7 9 7 8 10 10 8 2 9 5 11 11 5 2 4 9 5 11 4 4 4 11 2 5 10 8 10 10 8 7 8 7 6 10 8 7 7 10 10 8 2 9 5 11 11 2 5 10 7 8 7 7 7 7 6 11 11 4 4 2 3 4 4 4 5 11 1 9 5 4 4 4 4 4 4 4 4 5 11 4 2 4 10 10 8 8 6 7 7 7 7 7 10 8 11 5 10 7 7 10 8 8 10 10 2 8 7 10 8 7 6 7 11 11 2 4 3 4 4 1 3 4 5 4 4 11 2 11 9 5 4 4 4 5 11 2 3 10 10 7 8 7 7 7 8 10 10 8 7 7 8 11 2 10 9 8 7 7 8 4 4 10 2 9 11 5 4 5 4 10 11 5 5 0 11 9 5 5 4 4 11 4 4 4 5 4 4 10 10 2 6 7 8 4 11 4 5 10 10 7 7 2 6 7 8 7 10 10 7 2 6 7 8 10 10 8 8 10 7 11 2 5 3 4 11 5 4 4 1 3 10 10 8 8 7 1 9 10 8 8 7 10 10 8 7 8 7 1 9 10 8 8 11 11 4 2 3 4 4 4 5 11 11 5 2 4 4 9 5 4 4 4 4 10 11 5 4 5 10 10 7 7 8 2 10 10 6 8 7 8 7 7 7 7 7 7 10 8 11 5 11 11 2 5 6 11 4 4 4 4 5 0 10 9 8 5 10 10 8 8 11 10 8 7 7 7 7 8 7 7 7 11 11 2 3 4 4 5 11 11 2 3 5 11 2 6 10 10 2 8 7 7 6 11 11 5 4 4 4 4 1 3 4 4 5 4 11 5 4 10 10 8 8 11 5 4 4 4 4 11 5 4 10 10 2 8 9 8 11 5 10 10 7 2 8 6 10 10 7 7 7 8 7 7 8 11 2 9 5 11 4 4 5 4 10 10 2 8 7 7 7 9 7 7 8 7 7 7 10 10 8 2 9 5 11 11 4 4 4 5 4 4 5 10 2 10 10 8 8 10 8 10 8 11 4 3 4 4 5 11 11 5 2 9 5 4 11 10 8 8 10 8 7 7 7 7 7 7 11 10 8 8 7 7 7 11 11 2 5 3 4 4 11 5 11 4 4 5 7 11 11 2 5 9 7 7 8 11 4 4 4 4 4 1 3 4 4 5 4 10 10 8 2 9 8 10 10 8 8 4 11 1 9 8 8 11 11 5 4 5 11 11 5 2 3 7 7 10 8 10 7 7 10 7 7 7 8 2 9 8 10 10 0 6 8 8 11 5 4 11 5 7 7 7 7 7 7 7 7 11 11 2 5 11 11 4 5 5 9 8 10 8 7 11 10 8 8 11 11 4 4 4 2 3 4 4 4 4 4 5 11 5 0 10 9 8 7 7 7 8 1 11 9 5 4 4 4 4 4 4 5 4 4 4 4 10 2 10 10 8 7 7 7 7 7 8 7 10 7 8 9 11 5 5 11 11 2 3 5 4 11 2 3 10 7 10 8 8 1 9 10 8 8 10 7 8 10 10 2 6 7 8 7 10 10 2 8 9 8 7 7 11 11 5 4 5 11 4 11 4 2 3 5 11 4 11 2 5 11 4 5 4 4 3 11 4 5 11 4 11 5 2 3 10 10 8 2 7 10 7 9 8 8 10 8 10 10 8 2 10 6 10 8 7 7 7 8 11 2 10 9 8 7 8 10 8 11 11 2 3 4 4 4 4 4 4 4 4 5 11 4 4 4 11 2 5 9 8 10 10 7 8 8 7 7 7 7 1 9 10 8 8 7 7 10 10 8 2 6 7 11 5 4 4 4 4 4 4 11 5 4 10 10 2 8 9 8 10 0 6 7 7 7 8 10 10 7 8 8 10 10 7 2 8 6 11 11 5 4 5 4 4 4 4 4 1 9 5 4 11 5 11 5 4 4 4 4 4 4 11 5 10 8 10 10 7 8 2 10 7 6 10 8 7 7 0 9 8 8 10 10 8 2 3 10 7 11 5 1 3 4 5 0 9 11 5 5 11 4 5 11 11 2 3 4 5 11 2 9 11 5 4 2 3 10 10 8 8 10 10 8 7 7 7 8 10 8 10 10 2 6 8 10 10 2 6 7 8 7 7 7 7 10 8 7 11 11 5 5 11 11 5 2 9 8 11 11 2 3 4 5 11 11 2 5 9 5 4 4 11 5 10 7 10 2 6 8 10 7 10 8 7 8 10 10 2 8 6 11 5 11 11 4 2 5 11 5 11 11 5 4 4 3 4 4 5 4 4 4 4 11 11 2 5 3 10 8 10 10 7 8 7 7 8 11 10 8 8 7 7 7 0 9 8 10 10 8 7 8 7 7 7 7 7 11 11 5 2 3 4 4 4 4 4 4 10 11 5 5 4 4 11 4 5 4 10 10 2 8 7 7 6 7 10 8 4 10 2 11 3 11 5 4 4 4 4 5 4 4 4 11 2 4 10 10 8 8 10 7 10 7 6 7 7 8 8 10 7 7 10 8 7 7 8 11 2 9 10 8 7 7 8
ppo_x50_b_fd_l4_linear,36,qv22_41,22,227,True,1258.0,5.401852607727051,8 8 10 10 8 8 10 10 8 8 11 5 4 11 5 10 10 7 7 7 8 8 10 9 8 8 10 2 10 10 8 8 10 10 8 8 9 10 8 8 11 5 11 11 2 5 4 3 4 4 11 5 10 8 4 4 4 11 11 5 2 10 7 8 10 10 7 6 7 7 8 8 10 10 7 7 7 8 8 10 10 8 8 1 9 5 4 4 11 4 5 4 11 4 11 2 5 10 8 6 10 7 7 8 11 11 2 3 5 4 4 4 4 4 4 4 4 4 11 11 2 5 9 8 1 3 10 10 8 7 7 7 7 8 10 10 7 0 7 7 7 8 8 7 10 10 7 8 8 9 5 10 10 7 8 8 1 11 5 3 4 4 4 4 4 10 8 11 11 5 5 7 11 2 3 4 4 4 4 4 4 4 11 11 2 5 9 8 4 10 11 5 5 10 10 7 8 8 7 7 11 10 8 8 10 10 7 7 7 7 7 8 8 10 7 11 2 5 3 4 4 4 11 4 5 7 11 11 5 4 2 4 3 4 4 11 5 4 4 4 10 10 8 8 7 10 8 11 5 10 10 8 7 8 7 7 7 10 8 1 3 10 10 8 8 10 10 7 8 7 7 7 7 8 11 11 5 2 9 5 7 10 10 8 8 4 4 11 4 4 5 4 11 2 10 10 7 8 7 8 10 9 8 5 4 11 5 1 9 5 11 11 2 5 11 9 5 4 4 5 4 11 5 10 8 11 11 4 2 5 9 8 11 11 2 3 4 5 4 10 10 8 8 7 7 7 7 7 7 7 7 10 8 11 5 10 10 7 7 8 2 9 8 10 7 8 4 10 10 2 8 9 8 4 1 3 4 10 11 5 5 11 5 4 4 4 4 11 5 4 10 10 8 2 9 8 11 5 4 11 11 5 4 4 5 4 4 4 4 10 10 2 8 6 10 7 7 7 8 10 10 7 7 7 7 8 2 6 7 7 7 10 8 11 5 10 10 7 8 8 11 5 10 10 2 7 8 9 5 1 3 4 4 4 4 10 11 5 5 11 11 5 8 4 4 4 4 4 4 4 11 5 10 8 4 11 11 5 2 3 7 10 7 8 11 5 10 10 7 8 7 7 7 7 10 8 0 6 7 8 10 10 2 6 8 4 11 4 5 10 10 8 8 11 5 7 7 7 7 7 11 11 5 2 9 4 5 11 11 2 3 4 4 5 4 11 4 11 2 5 6 11 11 4 5 2 9 5 7 10 8 7 10 10 7 7 2 6 8 7 7 7 7 11 11 5 2 9 5 11 4 5 7 11 11 5 5 11 11 2 5 4 3 4 4 4 4 4 10 11 5 4 5 4 4 11 2 10 10 7 8 6 8 11 10 8 8 4 10 10 2 6 7 7 8 7 7 7 10 8 10 7 8 10 10 2 6 8 10 8 7 11 11 5 2 9 1 9 5 4 2 3 4 4 4 4 11 5 10 8 4 4 11 4 4 4 11 2 3 5 4 11 5 10 10 7 7 7 2 6 7 8 7 10 10 2 6 7 7 7 8 7 11 11 5 5 7 10 10 8 7 8 10 10 2 6 7 8 10 2 6 11 11 4 2 3 4 4 4 5 11 4 5 4 11 5 7 11 1 9 5 5 4 4 11 4 5 4 4 10 10 2 8 10 10 7 6 7 7 8 8 10 10 7 2 6 8 10 8 7 7 11 10 8 8 10 10 8 2 9 7 8 10 11 5 1 3 4 5 11 11 1 3 5 11 5 5 4 4 10 8 11 11 5 5 4 4 4 11 5 4 4 10 10 8 7 8 10 10 8 2 10 7 6 7 7 10 8 7 8 11 11 2 5 10 8 9 11 5 5 10 0 7 6 7 8 10 10 8 2 6 4 10 11 5 4 4 5 11 11 4 4 2 4 3 5 4 4 4 4 10 11 5 4 5 11 11 5 2 3 7 7 11 10 8 8 10 10 7 8 7 7 7 8 10 8 7 11 11 2 3 4 5 11 5 11 11 5 2 3 10 7 10 7 2 6 8 10 8 7 7 7 7 11 11 2 5 11 4 9 5 5 4 4 4 4 4 4 10 8 11 2 3 4 4 4 11 11 5 2 3 10 10 7 7 8 7 7 7 8 7 10 10 8 0 6 7 7 7 7 7 8 10 7 10 8 2 6 4 11 11 2 3 4 4 4 4 4 4 5 10 2 10 8 7 7 10 7 8 6 11 11 5 5 11 11 4 4 5 4 4 4 5 10 11 5 5 11 4 4 11 4 2 5 10 10 7 7 8 6 7 7 7 7 8 11 2 10 6 7 8 11 11 2 5 11 3 4 4 5 4 4 11 4 4 4 5 10 8 10 10 7 8 8 10 10 2 6 7 7 8 10 10 2 6 8 7 10 10 8 7 7 7 7 7 8 11 11 2 5 3 11 5 11 11 5 5 4 4 4 11 4 5 0 10 9 8 8 11 5 11 11 5 5 11 5 10 10 8 5 7 7 7 10 8 11 5 4 10 10 8 8 10 10 8 2 3 11 5 10 10 2 6 7 7 8 10 10 2 6 8 11 11 4 4 5 5 4 4 4 11 5 11 4 4 11 5 4 4 4 4 4 5 10 7 8 11 11 5 5 11 11 5 2 7 7 7 7 9 8 10 7 7 7 8 10 10 7 2 6 8 10 8 7 10 8 1 3 10 10 8 8 7 7 10 10 2 8 6 11 11 4 4 4 2 3 4 4 5 4 4 4 4 4 11 5 11 11 5 5 11 4 1 4 3 5 10 10 8 8 10 10 8 8 7 7 10 8 1 3 10 10 8 8 10 10 7 7 8 8 11 2 9 10 8 7 7 8
ppo_x50_b_fd_l4_linear,37,qv22_42,22,229,True,1268.0,6.2592785358428955,8 8 10 10 8 8 9 4 11 5 2 10 10 7 7 8 8 11 3 5 10 10 7 8 8 10 10 8 8 11 5 10 4 4 4 5 4 11 5 10 10 7 7 7 7 7 7 8 8 10 10 8 8 11 5 10 10 0 7 8 8 9 5 4 11 4 5 11 11 2 3 5 4 11 11 2 5 9 8 4 4 11 4 4 4 5 10 10 7 7 8 8 10 10 7 7 2 8 10 10 8 6 7 8 10 2 7 10 10 7 8 8 10 10 8 8 9 10 8 8 11 5 11 5 4 4 4 4 11 5 7 11 11 5 4 4 5 4 11 11 2 5 9 5 7 7 7 7 11 5 1 9 4 5 4 11 4 5 4 4 4 4 10 10 2 8 10 10 7 8 7 6 7 8 10 2 10 10 7 6 8 7 7 8 10 7 8 10 10 8 7 7 8 10 2 11 6 11 5 5 4 4 4 4 4 4 4 11 5 10 10 8 8 10 10 8 2 9 5 7 11 11 5 5 11 11 5 4 4 4 5 4 4 4 4 4 11 5 10 10 7 7 7 8 2 7 6 7 7 7 10 8 4 10 10 2 6 8 7 11 11 2 5 9 8 4 4 0 10 10 8 7 7 7 7 8 7 10 9 8 8 4 4 10 1 9 5 5 11 5 10 11 5 5 11 4 4 4 11 2 4 3 4 4 5 4 4 11 2 9 10 8 8 0 9 7 7 8 11 11 5 4 5 10 8 7 7 7 7 10 8 7 7 10 8 7 0 6 11 11 5 5 11 5 7 7 10 8 11 4 11 4 4 2 3 4 5 11 2 11 4 3 5 11 11 5 5 10 8 4 4 4 10 10 2 8 7 7 7 10 8 10 10 8 6 8 10 7 8 11 10 8 8 7 7 7 7 7 11 11 4 2 5 3 4 4 4 4 1 9 4 4 4 5 4 11 4 4 4 4 11 5 2 4 3 10 7 7 7 7 7 8 4 10 10 2 8 10 6 7 7 7 7 7 8 4 11 2 9 11 5 5 4 4 11 4 4 11 2 5 7 10 7 7 6 10 8 7 7 8 7 10 10 2 8 6 7 7 11 11 5 4 4 4 1 4 4 3 4 5 4 11 2 4 4 11 4 5 9 10 8 8 11 4 4 2 4 3 10 10 2 6 8 7 7 7 7 10 8 7 7 7 10 10 8 2 9 8 4 11 4 5 4 4 4 10 10 2 8 9 8 11 5 11 5 4 1 4 4 11 4 5 10 10 8 8 10 10 7 8 8 9 8 10 7 7 10 7 8 0 6 7 7 8 10 10 8 2 11 5 10 9 8 8 11 4 11 5 11 5 5 11 5 4 4 4 0 6 10 10 7 8 7 8 4 4 10 10 8 7 8 11 10 8 8 7 7 10 10 8 2 6 4 4 4 4 4 0 9 11 5 5 10 8 11 11 2 3 4 4 4 5 1 3 4 4 4 4 4 11 5 4 1 3 10 10 8 8 10 10 7 8 7 7 8 10 10 8 7 7 7 8 11 11 5 2 11 4 9 5 5 4 4 11 5 7 11 2 11 11 5 5 10 8 10 7 10 7 6 8 7 7 7 8 7 10 8 4 10 10 8 8 10 7 7 8 11 11 5 2 9 5 4 4 4 4 11 4 5 0 9 11 5 5 11 5 7 0 9 8 10 7 10 8 8 1 4 4 4 3 4 4 11 4 4 4 4 5 4 11 11 5 2 9 8 10 10 7 7 8 8 10 10 8 2 10 10 8 8 6 10 7 7 7 8 10 7 7 10 2 6 7 8 11 4 5 4 11 11 2 5 9 7 7 7 7 7 8 4 4 4 4 4 11 5 11 11 5 4 5 10 11 5 4 4 4 4 4 5 10 8 4 4 4 11 5 10 10 7 7 2 8 10 10 8 7 6 8 7 7 10 8 1 9 5 4 4 4 11 11 5 2 10 7 8 10 10 7 7 6 8 7 7 8 10 8 10 7 7 10 8 2 7 6 4 4 11 11 2 5 9 8 4 11 5 4 1 3 4 4 4 4 4 11 4 4 4 5 11 2 3 10 10 7 7 7 7 8 8 10 10 7 8 0 6 7 8 11 10 8 7 7 8 7 10 7 8 4 11 5 11 11 5 2 9 5 4 4 1 9 5 4 4 4 4 4 4 4 4 11 5 4 4 4 10 10 2 6 8 10 10 8 8 10 10 7 2 6 8 7 7 7 7 10 10 8 8 10 10 8 2 9 8 11 4 10 2 8 6 10 8 10 10 2 8 6 4 4 11 11 4 5 4 4 5 1 3 11 4 4 4 4 5 4 4 10 10 2 8 10 8 10 10 6 7 7 8 8 10 10 2 8 9 8 7 10 10 8 2 7 7 9 8 10 10 2 8 6 4 4 11 11 5 4 4 5 11 11 5 5 4 4 1 9 5 10 8 4 10 11 5 5 4 4 11 4 11 4 2 3 5 7 10 7 10 8 8 10 10 2 6 7 7 8 7 11 5 11 5 10 10 7 8 7 7 7 7 8 7 10 8 11 11 4 2 3 5 4 10 8 11 11 5 4 5 0 9 11 5 5 4 4 4 4 4 4 4 10 8 11 11 2 3 5 11 11 2 5 3 7 10 8 11 11 5 5 10 10 7 7 7 7 8 7 7 7 8 4 10 10 8 7 7 8 11 4 5 7 7 10 8 10 10 2 6 8 10 7 10 2 8 7 6 11 11 2 3 4 4 5 4 4 4 11 5 4 4 10 8 11 11 5 2 4 4 9 5 4 4 10 10 8 2 10 6 10 8 8 7 7 10 7 8 4 10 10 8 8 7 7 7 10 8 10 2 11 3 11 5 5 11 11 4 4 2 3 4 5
ppo_x50_b_fd_l4_linear,38,qv22_43,22,231,True,1254.0,5.528097867965698,8 8 10 10 8 8 9 11 5 2 10 10 7 8 8 11 5 10 10 7 8 8 10 9 8 8 10 2 10 9 8 8 11 4 1 3 5 4 4 4 4 11 5 4 10 10 2 8 10 8 10 10 7 8 7 6 8 10 10 7 7 8 8 11 10 2 8 10 10 8 8 9 10 8 8 10 11 5 2 7 9 10 8 8 10 10 8 8 11 2 11 11 5 3 4 5 11 11 5 8 4 4 11 5 10 8 4 11 11 5 2 9 5 7 11 11 5 5 4 4 11 11 5 2 11 5 4 3 10 10 7 7 7 7 2 6 7 7 0 6 7 0 6 8 10 10 8 8 10 10 2 8 3 4 4 4 11 5 11 5 4 4 4 4 4 4 4 1 9 5 4 4 4 10 10 2 8 6 10 8 10 10 8 8 4 11 4 5 7 11 11 5 4 5 7 10 10 7 7 7 7 2 6 7 7 7 0 6 7 7 8 7 10 7 10 2 8 9 5 7 7 11 11 5 4 5 4 11 4 5 7 11 1 9 5 4 5 10 7 8 4 11 5 4 4 4 4 11 4 4 5 4 11 11 5 2 10 10 7 8 8 10 10 7 8 8 9 8 4 10 10 7 8 5 7 7 7 7 7 10 8 11 5 10 11 5 5 7 7 7 7 10 10 2 8 7 6 11 11 2 3 4 4 1 3 4 4 4 5 11 2 9 5 10 7 11 5 4 5 7 10 7 7 7 8 10 8 11 11 4 5 2 4 4 11 4 9 5 4 4 5 4 11 5 11 11 5 2 11 4 5 3 10 10 8 8 7 7 10 8 4 10 10 8 8 10 10 7 8 8 10 2 3 11 10 8 8 7 10 10 2 6 8 10 2 6 11 11 5 4 4 5 11 4 11 5 2 9 8 1 4 4 4 9 5 11 11 2 5 11 11 5 3 5 10 10 7 7 7 7 7 0 7 7 7 6 2 6 7 7 7 7 8 11 5 10 10 8 7 8 0 9 11 5 5 10 11 5 4 5 11 11 5 4 4 5 4 4 11 11 5 2 4 10 9 5 5 10 10 8 8 11 2 3 11 5 4 4 4 10 10 8 2 10 10 8 6 8 11 5 10 10 7 7 8 8 10 0 7 6 7 8 4 10 10 8 7 7 7 7 8 4 4 11 10 8 8 10 10 7 8 2 9 5 4 10 8 11 11 2 3 4 4 5 7 10 8 4 11 11 5 4 4 4 5 0 9 7 7 8 7 7 7 11 11 2 5 4 3 11 5 4 11 11 5 5 11 11 5 5 0 9 8 10 7 7 7 10 8 7 8 11 4 5 7 11 11 2 5 3 4 4 11 4 11 2 3 5 4 4 4 4 11 5 4 11 11 2 5 7 7 7 7 7 6 7 7 7 11 5 10 10 2 6 8 1 9 5 10 10 8 8 10 10 2 6 7 8 10 10 7 8 7 8 10 10 2 8 3 4 4 4 4 4 11 5 11 0 9 5 5 4 4 4 11 11 2 5 6 4 11 11 5 4 4 4 5 10 2 10 10 6 7 8 7 7 8 7 7 7 7 0 6 10 8 11 5 10 10 2 8 10 6 8 10 10 8 7 8 7 10 11 2 5 11 3 4 5 7 11 11 2 3 4 4 4 4 5 10 2 3 11 5 4 4 4 4 4 11 4 4 4 5 10 7 8 10 10 2 8 10 10 8 6 8 7 10 7 10 8 7 8 10 10 2 8 6 10 8 11 11 4 4 4 4 2 3 5 4 4 4 4 10 2 11 3 4 5 11 11 2 5 4 3 10 7 7 7 8 11 5 10 10 7 7 8 2 6 10 8 7 7 7 10 8 11 11 5 5 11 11 2 5 9 4 5 7 7 7 7 7 10 8 7 10 8 7 7 10 10 2 6 8 4 4 4 4 4 4 11 5 4 4 4 4 4 4 4 11 4 4 5 11 11 5 7 2 9 10 8 7 8 10 10 8 8 10 10 8 7 7 7 8 10 10 2 6 7 7 8 10 10 8 2 6 11 5 11 4 4 4 0 9 5 4 4 5 10 8 4 4 4 11 4 4 11 2 3 4 5 4 4 4 10 2 10 10 8 7 6 7 7 7 7 7 0 6 8 7 7 10 10 8 2 9 8 4 10 11 5 4 4 5 4 10 10 8 2 10 8 6 10 10 7 8 8 7 7 7 7 11 11 2 3 5 4 11 11 2 4 5 9 8 10 7 7 7 8 11 11 5 5 4 4 4 11 4 5 10 11 5 1 3 5 4 4 11 5 11 4 11 4 2 5 9 8 10 10 7 8 7 8 10 10 8 7 8 11 2 10 9 8 7 8 4 10 10 8 7 7 7 8 10 10 2 8 7 6 11 4 11 2 5 11 3 5 4 4 4 4 10 8 11 11 5 4 4 4 4 5 4 11 5 4 4 11 5 10 8 4 4 10 10 8 2 7 7 7 10 8 10 10 8 7 8 6 7 10 7 7 8 4 11 5 7 10 10 7 8 2 9 8 4 11 4 4 4 4 5 11 11 5 2 4 4 11 9 5 8 10 8 11 11 5 4 4 5 10 10 8 2 7 7 7 6 10 8 4 10 10 8 8 10 8 7 7 10 8 4 10 10 8 7 7 8 11 4 2 3 10 10 8 7 7 7 8 11 11 2 5 11 5 4 4 4 4 4 4 3 4 4 11 5 7 11 11 5 5 11 11 2 3 5 4 4 4 11 4 2 10 10 8 8 10 10 8 6 8 7 7 7 7 7 11 5 10 10 8 8 10 10 8 7 7 7 8 10 10 7 8 5 10 8 7 11 11 2 5 11 9 5 4 4 5
ppo_x50_b_fd_l4_linear,39,qv22_44,22,229,True,1268.0,5.481351613998413,8 8 10 10 8 8 9 11 2 3 5 10 10 0 7 8 8 9 5 10 10 8 8 10 10 8 8 10 10 8 8 11 5 11 11 5 5 7 11 10 8 8 10 10 2 8 10 10 8 8 10 10 8 8 10 9 8 8 10 2 10 9 8 8 10 11 5 5 11 11 5 5 10 7 7 8 10 10 8 8 4 4 4 1 3 11 4 4 5 7 11 11 5 4 4 5 4 4 11 4 5 10 8 11 11 5 4 4 4 5 10 10 7 2 8 6 10 7 7 8 10 10 0 6 7 7 2 6 8 7 10 10 2 8 9 5 4 11 5 4 4 4 4 4 11 4 4 5 4 4 4 1 3 10 10 8 8 10 7 7 7 8 10 10 2 8 7 7 7 7 6 7 7 7 10 10 2 8 9 5 4 10 10 8 8 11 5 7 7 7 11 11 2 5 11 11 5 4 4 3 4 5 4 11 5 10 8 1 9 4 5 7 11 11 5 4 5 4 11 5 10 8 7 11 11 5 5 4 4 4 11 11 2 5 3 10 7 8 10 10 7 7 8 5 7 7 7 7 7 10 8 11 5 0 9 10 8 7 8 10 7 8 10 10 2 8 9 7 8 11 11 5 4 4 4 5 4 11 5 7 10 10 8 8 4 4 11 4 5 4 4 4 10 10 2 8 10 8 6 7 7 10 10 8 7 8 10 2 3 4 4 4 4 4 4 4 4 4 4 4 11 5 4 4 4 10 10 2 8 10 7 7 8 10 10 8 9 8 7 8 10 10 7 7 2 8 10 8 7 7 7 6 10 8 7 7 11 11 2 5 3 11 5 11 11 5 4 4 5 4 11 5 11 5 4 10 10 8 8 7 10 10 2 8 10 6 8 1 3 4 4 11 11 5 5 4 4 4 4 11 4 5 10 10 2 8 11 5 3 7 7 10 10 8 7 0 6 7 7 8 11 11 5 5 10 7 8 7 7 10 10 8 7 8 10 10 2 8 6 10 8 11 11 5 4 4 5 10 8 11 11 5 4 4 4 5 4 4 4 4 4 4 4 4 11 4 5 4 10 10 2 6 8 10 8 4 11 5 10 10 7 8 8 11 4 4 4 5 10 7 7 10 2 6 7 8 7 11 2 9 11 5 5 11 5 7 7 10 10 8 7 7 7 8 4 10 10 8 7 8 7 10 7 8 0 9 11 5 5 4 11 11 2 3 4 5 4 4 4 4 4 1 9 5 10 7 7 8 11 11 4 2 3 5 4 11 5 10 8 4 4 1 3 10 10 8 8 10 7 7 8 10 10 7 7 2 6 7 8 4 10 10 8 8 7 7 7 7 7 0 6 10 8 1 9 5 10 10 8 8 4 11 5 11 11 5 5 4 10 8 10 8 11 4 11 2 3 5 7 11 2 3 4 4 11 5 4 0 9 11 5 5 11 11 2 5 3 4 4 4 4 4 11 11 5 2 10 8 10 10 7 7 7 8 6 7 7 7 7 7 8 10 10 7 8 7 7 7 8 10 10 2 8 9 4 4 4 5 11 4 4 11 4 4 5 2 10 6 8 11 11 5 5 11 5 4 4 4 4 10 10 8 0 6 7 7 7 7 7 8 11 5 10 10 7 7 7 8 7 7 8 7 11 1 9 5 8 4 4 11 5 10 8 7 10 8 11 11 5 5 11 11 5 5 4 4 4 4 11 0 9 5 5 11 4 4 1 9 5 8 11 11 2 3 4 4 5 11 11 2 5 3 10 8 10 7 10 8 7 8 10 10 8 2 10 10 8 6 7 8 10 2 6 7 10 8 10 10 7 7 8 2 6 7 10 11 5 4 4 4 4 4 5 11 11 2 3 5 4 11 11 5 2 4 3 10 10 8 8 10 10 2 8 9 5 4 10 10 2 6 7 7 7 8 10 10 8 2 4 9 5 7 0 6 7 7 7 7 11 11 5 2 9 5 11 11 5 5 11 5 4 4 1 3 4 4 4 4 4 4 11 5 10 8 11 11 2 3 4 5 10 2 6 11 10 8 8 10 10 7 0 6 7 7 7 7 8 8 10 8 10 10 7 8 2 9 8 4 11 4 4 4 5 7 11 11 5 2 11 5 3 4 11 5 4 4 4 11 5 4 4 4 10 10 2 8 7 6 10 8 7 7 7 10 8 10 10 2 6 8 10 8 10 10 7 7 8 8 10 10 7 8 2 9 5 11 4 5 11 11 5 4 5 4 4 4 4 4 4 4 11 4 4 5 10 10 8 2 11 3 5 10 11 5 5 10 10 2 7 8 9 10 8 8 10 7 10 8 8 7 7 10 1 4 3 4 4 4 4 5 4 11 5 4 11 11 5 2 10 8 7 10 10 7 7 8 6 7 0 6 8 10 10 7 8 7 8 10 10 2 6 7 8 10 7 10 7 8 2 9 5 7 11 11 5 4 5 4 4 4 4 11 5 10 8 10 8 11 4 11 5 5 7 0 10 9 8 5 10 8 10 10 2 8 6 11 7 7 7 8 4 4 4 11 5 11 11 4 4 4 2 6 4 1 3 5 4 4 10 11 2 3 5 10 8 0 9 10 8 7 8 11 5 7 11 10 8 8 1 3 11 11 5 4 1 3 4 5 0 7 3 7 10 8 7 10 8 0 6 7 7 7 7 7 10 8 11 5 7 7 10 10 2 8 6 11 11 4 4 4 4 2 3 4 4 4 4 5 10 11 5 5 4 4 4 11 11 2 3 5 4 1 4 3 10 10 8 8 7 7 7 10 10 8 2 6 7 10 8 10 10 8 2 9 8 4 4 4 11 11 2 3 5 11 11 5 4 4 2 3 10 7 7 7 7 7 7 10 8 7 7 7 7 8 10 10 8 2
ppo_x50_b_fd_l4_linear,40,qv22_45,22,233,True,1290.0,5.630218505859375,8 8 10 10 8 8 9 11 5 2 10 10 7 8 8 9 5 11 5 4 4 10 10 8 2 7 7 10 10 8 8 10 10 8 8 9 5 10 10 8 8 10 2 10 10 8 8 10 10 8 8 9 5 4 4 11 5 7 10 10 7 7 8 8 11 5 10 10 8 2 10 10 8 8 10 9 8 8 10 2 9 11 5 5 11 4 11 2 5 6 11 11 4 5 5 11 4 4 4 4 0 9 5 5 4 4 11 5 11 4 4 4 5 4 10 10 2 8 6 10 10 8 7 7 8 10 10 8 7 8 10 7 7 7 7 7 7 7 7 7 8 11 11 2 3 5 7 10 8 11 4 11 4 5 4 4 4 4 5 4 4 4 4 4 11 5 4 10 10 2 8 9 8 4 4 4 11 5 7 10 10 8 7 7 7 8 10 10 8 0 6 8 10 8 10 10 8 7 8 7 10 8 7 11 11 2 3 4 4 5 11 4 1 3 4 5 11 4 4 4 5 11 11 5 2 3 10 8 10 7 7 7 7 10 8 7 7 8 11 4 4 5 10 10 8 8 7 10 10 8 8 4 11 10 8 8 7 10 8 10 10 2 8 6 4 4 11 11 4 5 4 5 4 4 4 4 11 5 11 4 4 5 4 4 4 11 11 2 5 3 7 7 10 7 8 11 11 2 5 7 7 7 7 6 7 10 8 4 10 10 8 8 7 7 7 10 7 8 10 8 4 11 11 2 5 9 5 10 11 2 5 3 4 4 4 4 4 11 5 10 8 10 7 7 7 8 11 4 11 2 3 5 11 5 11 11 5 2 3 4 4 4 11 5 10 7 10 2 8 6 7 7 7 10 8 7 7 7 7 10 8 11 5 4 4 11 4 5 4 10 10 8 8 7 7 10 10 8 7 8 10 7 10 2 6 8 4 1 9 5 4 4 4 4 1 9 4 5 11 4 5 7 11 11 2 3 5 4 4 4 4 11 5 10 2 10 10 7 6 8 7 7 7 7 8 7 7 7 7 10 7 8 4 11 5 11 11 5 2 9 11 5 5 10 8 11 11 2 3 5 4 4 4 10 10 8 2 10 10 8 6 7 8 7 7 11 5 10 10 8 8 10 2 6 10 10 8 7 7 8 11 2 3 11 5 4 4 4 4 4 4 4 4 10 11 5 5 4 11 4 1 4 3 5 10 10 8 8 11 2 6 10 8 4 10 10 8 7 8 7 7 7 7 7 7 7 7 7 10 10 2 8 6 4 4 4 4 4 4 4 4 4 10 11 5 5 4 11 5 4 4 10 11 5 5 4 4 4 4 10 10 8 2 6 7 7 7 7 7 7 10 8 7 11 11 5 5 7 11 5 10 10 2 6 7 8 11 2 10 9 8 8 10 10 2 8 4 4 4 4 4 4 4 4 4 9 5 11 11 5 2 3 10 10 7 7 8 0 6 8 4 10 10 2 6 7 7 8 7 0 9 8 10 10 2 6 8 7 7 7 7 7 11 11 2 5 9 7 8 11 11 4 4 2 3 4 11 5 5 4 11 5 11 5 4 4 11 4 11 5 2 9 8 4 4 11 5 7 10 10 7 7 7 7 8 7 8 7 10 10 8 8 4 4 11 10 2 3 5 4 4 4 4 11 1 9 5 8 11 4 5 4 4 4 4 10 10 8 2 10 9 8 0 6 8 4 10 10 8 8 10 10 7 2 8 10 10 7 6 7 8 5 7 7 7 10 8 11 5 7 7 7 10 8 7 11 11 5 5 11 11 2 4 5 4 9 5 11 4 4 5 10 10 7 8 2 10 9 8 5 10 10 8 8 11 10 2 8 10 8 4 11 11 5 4 3 5 4 4 4 4 4 4 4 4 10 8 11 11 2 3 5 11 11 2 5 9 8 10 10 8 7 7 7 7 10 8 7 7 8 11 2 10 9 8 7 7 7 8 10 2 6 7 7 7 11 11 5 2 3 11 11 4 4 2 3 4 5 4 4 4 11 0 9 5 5 4 4 10 10 8 7 8 4 11 5 11 11 2 3 5 4 4 4 11 4 5 10 10 8 2 11 5 10 10 7 8 6 8 10 10 0 6 7 7 7 7 8 10 8 7 8 10 2 3 10 8 10 7 7 7 7 8 11 11 4 5 2 11 4 4 3 4 4 4 4 4 4 4 5 11 4 5 10 7 7 7 10 8 2 4 10 8 10 10 7 6 8 7 7 8 11 2 4 4 11 5 9 10 8 8 11 4 4 4 5 4 4 4 4 11 5 11 4 5 4 10 10 8 2 10 7 7 8 6 10 10 7 7 8 7 7 8 10 2 10 10 7 6 8 8 11 2 10 6 7 8 7 10 8 11 11 4 4 2 5 4 11 5 4 3 11 4 10 8 8 11 11 2 3 4 4 4 4 5 11 11 2 4 3 5 10 8 10 8 10 10 7 7 8 7 7 7 7 7 8 11 2 9 4 5 10 10 7 8 7 8 1 3 11 4 0 10 8 8 6 7 7 10 10 8 2 9 5 11 4 4 11 4 4 4 4 2 5 11 11 5 4 4 4 3 4 4 4 5 11 2 3 10 10 8 7 7 7 8 7 7 7 7 7 11 5 10 10 8 8 10 2 10 9 8 5 4 4 11 5 4 4 4 11 5 7 7 11 11 4 5 5 4 4 4 4 4 4 10 10 2 8 6 7 10 7 7 7 8 10 10 7 8 8 10 10 7 7 7 8 8 7 10 2 9 7 8 11 11 5 5 4 4 1 9 5 11 4 4 4 4 5 4 4 1 4 11 4 3 5 10 10 8 8 10 10 8 8 7 7 11 5 10 10 8 8 10 7 10 7 0 6 8 7 7 7 7 7 8 11 11 2 5 11 3 11 5 5 11 11 5 5 10 2 11 11 5 4 4 4 4 4 3 5
ppo_x50_b_fd_l4_linear,41,qv22_46,22,230,True,1270.0,7.077373266220093,8 8 10 10 8 8 9 11 5 2 10 10 7 8 8 9 5 10 10 8 8 10 10 8 8 11 5 11 4 5 10 10 7 7 7 8 8 11 1 3 4 5 10 8 4 11 5 4 4 4 4 4 10 10 2 8 10 7 7 7 7 7 7 10 8 8 11 5 10 10 7 8 8 10 10 8 8 10 9 5 5 10 10 8 8 10 2 10 9 8 8 11 4 4 4 4 5 7 11 11 5 4 4 4 5 4 11 5 4 4 4 4 10 10 2 6 7 8 10 7 8 10 10 7 7 7 7 8 2 10 9 8 7 7 8 7 10 2 10 9 8 8 4 4 1 9 5 10 11 2 3 5 11 11 5 2 9 5 4 4 10 11 5 5 11 11 2 5 11 4 5 3 7 10 10 8 7 7 7 8 10 10 8 8 10 10 8 2 6 7 10 4 10 8 8 11 4 5 4 4 4 4 1 3 4 4 4 4 4 4 4 1 9 5 4 11 11 5 2 9 8 10 10 2 8 10 10 8 8 10 10 8 6 7 7 7 7 7 8 7 7 10 8 10 10 2 8 6 7 10 8 11 11 5 4 4 5 11 11 5 2 9 7 8 11 4 4 4 11 2 3 4 5 4 4 4 0 9 11 5 5 11 5 4 4 11 11 2 5 3 10 7 8 10 10 7 7 8 8 10 10 7 7 8 7 7 7 7 8 7 10 10 8 2 6 4 4 4 4 10 11 5 5 1 3 4 4 4 4 10 11 5 4 5 10 8 4 11 11 5 2 11 4 4 5 7 9 8 10 7 7 10 8 2 11 5 10 10 7 7 7 7 7 8 6 8 11 5 7 7 7 7 7 10 8 7 11 11 2 5 9 5 11 11 2 5 9 8 4 4 11 11 5 5 10 11 5 4 5 4 10 10 2 8 10 7 6 8 7 10 10 7 8 2 3 10 7 7 8 7 11 11 5 2 9 5 11 11 2 5 4 3 4 4 4 4 10 8 11 11 5 4 4 4 4 4 5 11 2 3 10 8 7 10 8 4 10 10 8 8 10 7 10 2 8 7 7 6 7 7 7 7 10 8 11 11 5 5 11 4 5 1 4 3 4 11 4 4 5 11 0 7 7 10 8 8 7 7 6 10 10 2 8 9 10 8 8 10 10 2 6 7 8 11 2 3 4 4 10 11 5 5 4 4 4 4 4 11 4 5 11 5 4 4 4 4 4 11 11 5 2 3 7 10 8 7 10 8 7 10 8 7 10 7 10 8 2 9 8 10 10 7 2 7 8 9 5 10 7 7 7 8 10 10 2 7 8 11 5 4 11 11 5 3 5 4 11 4 4 4 4 4 5 4 4 11 11 2 5 11 11 5 5 3 4 10 10 2 6 8 7 7 7 7 7 7 10 8 10 10 8 2 10 7 8 9 5 11 11 5 4 5 7 7 11 10 8 8 7 10 8 11 5 7 7 7 7 0 6 11 11 5 5 11 11 4 2 3 4 4 5 4 11 5 10 8 4 11 11 5 5 4 4 11 4 5 4 4 4 10 10 2 8 6 10 7 7 7 10 8 7 7 7 8 11 1 3 4 4 5 11 4 5 4 4 4 11 4 11 5 2 10 8 7 10 7 10 7 6 7 7 7 8 8 11 5 10 7 7 0 9 8 7 8 11 5 7 7 7 7 7 10 7 8 11 11 2 5 11 11 4 3 4 5 8 4 4 11 4 5 10 7 8 11 11 5 2 3 11 5 11 5 4 4 10 10 8 2 7 10 6 8 7 11 11 5 4 5 10 7 7 8 7 7 7 7 7 7 7 10 8 11 11 5 5 11 4 11 4 5 2 11 9 5 4 5 4 4 4 4 11 4 5 7 11 11 2 3 5 4 11 11 2 5 3 4 10 10 8 7 7 7 7 7 8 4 10 10 2 6 7 8 10 10 8 7 8 11 7 1 9 8 8 11 11 5 5 11 4 4 5 10 11 2 3 4 4 4 5 10 8 4 10 0 9 8 7 7 7 8 11 2 3 10 7 7 10 7 2 6 7 7 8 7 7 7 11 11 2 5 9 8 11 11 4 4 2 3 4 4 5 11 11 2 5 9 5 4 4 4 11 11 5 4 4 4 5 11 11 2 5 6 10 7 8 4 10 10 8 7 7 8 7 10 10 8 7 7 7 7 7 8 4 11 2 9 5 7 10 10 8 8 7 7 10 10 8 7 2 6 11 11 4 2 3 5 4 4 4 4 4 11 4 5 11 11 5 2 3 4 11 5 10 11 5 2 6 7 10 10 8 7 7 7 7 7 11 5 5 10 2 11 4 4 4 4 5 4 3 4 4 10 10 2 8 7 7 7 7 9 8 10 10 8 2 10 7 6 8 7 7 7 11 11 2 5 11 4 3 5 4 0 9 11 5 5 4 4 4 4 4 11 4 5 7 11 11 2 5 9 8 4 4 1 3 10 10 7 8 7 7 7 8 7 7 0 9 8 7 7 7 0 9 7 7 7 7 7 8 7 11 11 2 5 3 11 5 11 11 4 4 5 5 4 4 4 10 2 11 3 4 5 11 5 10 10 2 6 8 10 8 11 10 8 8 7 7 10 10 8 2 6 4 4 11 11 4 4 4 4 2 5 6 4 4 4 4 10 10 8 2 7 6 7 10 8 11 2 4 4 9 10 8 7 7 8 7 11 2 11 11 5 4 5 11 3 4 5 4 4 10 10 7 2 8 10 6 10 7 8 7 7 7 7 7 7 10 8 7 7 7 8 10 2 6 11 11 4 5 4 4 5 11 4 5 7 11 11 2 5 9 5 4 4 4 4 4 4 4 10 10 8 2 10 7 7 10 8 7 7 6 7 7 8 10 10 2 6 7 8
ppo_x50_b_fd_l4_linear,42,qv22_47,22,227,True,1279.0,5.470792770385742,8 8 10 10 8 8 9 11 2 5 10 10 7 8 8 11 5 10 7 10 8 8 10 9 8 8 11 2 4 11 5 10 7 10 7 7 8 8 11 4 5 10 10 7 7 8 8 10 9 8 8 10 2 10 10 8 8 4 9 4 5 11 11 5 5 11 4 10 2 8 10 8 10 7 10 8 8 7 6 10 10 8 2 9 10 8 8 11 5 4 4 4 4 11 4 4 4 11 5 5 4 4 4 4 4 11 5 4 4 4 10 10 2 8 6 10 7 8 4 10 10 8 7 7 7 7 8 10 10 8 2 3 10 7 7 8 7 10 10 8 2 6 11 5 11 11 4 4 2 3 4 4 5 11 4 4 11 5 2 6 11 4 5 11 11 2 5 3 10 7 10 7 7 0 6 8 8 7 7 7 10 8 11 5 7 7 11 10 8 8 7 7 7 10 10 2 8 6 11 11 4 4 4 4 4 4 5 4 4 4 5 4 4 10 10 8 2 9 8 10 10 7 8 2 11 5 9 4 5 11 4 5 7 10 10 8 7 7 7 8 11 11 5 5 10 7 7 7 7 8 11 11 5 2 6 11 11 5 4 5 11 1 3 4 4 4 4 5 4 4 4 11 11 5 2 3 7 7 10 8 10 10 2 7 6 7 7 7 8 7 7 10 2 3 11 10 8 8 10 10 8 2 7 9 10 8 7 7 8 7 11 5 4 4 4 10 8 10 8 11 11 4 5 5 10 2 11 3 4 4 4 11 2 3 4 5 7 11 11 5 4 4 5 4 10 2 11 9 5 5 11 4 5 11 11 5 7 2 10 7 10 8 6 7 7 8 11 5 10 10 8 8 10 10 8 2 10 10 8 8 10 6 10 2 6 7 7 7 7 7 7 8 11 2 6 11 11 5 4 4 4 5 11 11 5 5 4 4 4 1 3 4 4 11 5 10 8 4 11 11 5 2 3 4 11 4 10 8 8 10 10 8 7 7 7 7 7 7 7 7 8 7 7 11 11 2 5 11 9 5 5 4 11 11 5 4 5 10 7 7 7 8 10 7 8 4 11 4 11 5 4 4 5 4 4 1 4 9 5 0 10 10 8 8 10 7 6 7 7 8 7 7 7 7 7 7 7 7 7 11 11 5 4 4 5 7 11 11 5 2 9 4 5 4 11 4 4 4 4 11 5 4 2 9 5 11 11 2 5 4 4 4 3 10 10 8 7 8 7 10 7 7 7 0 6 7 8 7 10 7 10 7 8 2 9 7 7 8 4 4 11 5 4 10 8 11 11 5 5 11 11 5 5 11 4 11 5 2 3 4 4 11 5 11 2 4 3 4 11 5 10 10 7 7 7 2 6 8 10 2 10 10 8 7 8 9 10 8 10 8 0 6 8 7 7 11 11 2 5 9 4 5 4 10 10 8 7 7 7 8 11 4 4 4 4 4 4 5 4 4 4 4 4 11 5 4 11 11 2 5 10 10 7 7 7 8 7 8 3 4 11 5 10 10 7 7 8 0 6 8 7 7 7 7 7 7 7 10 8 11 5 10 7 7 10 2 8 9 5 11 11 5 4 4 5 4 11 4 5 10 10 8 2 3 4 4 11 5 4 4 4 4 10 10 2 8 10 10 8 6 8 7 7 7 11 5 4 1 3 11 5 4 11 4 4 5 4 4 4 10 10 8 2 6 10 8 4 10 10 8 7 8 10 10 7 7 7 8 7 0 6 8 11 10 8 8 10 10 2 8 6 7 10 8 7 11 11 2 5 4 3 4 4 11 4 5 11 5 4 4 10 10 8 2 10 6 7 7 7 11 5 5 10 7 7 7 8 11 11 2 5 3 11 5 11 4 11 2 5 3 10 7 7 7 7 8 0 9 11 5 5 4 11 4 4 5 4 4 4 4 4 4 11 5 4 11 11 2 5 4 3 10 7 7 8 10 10 7 8 8 10 8 10 10 7 7 7 2 6 7 8 7 7 10 10 8 2 7 7 6 11 11 5 1 3 4 5 4 4 4 1 9 5 4 11 11 2 5 11 5 11 3 4 4 5 4 4 4 4 10 10 8 2 10 10 8 7 7 6 8 10 10 8 7 7 8 10 10 8 8 11 2 10 10 8 6 7 8 10 10 8 8 4 10 2 3 11 4 4 5 7 7 7 7 7 10 8 4 11 11 4 4 2 4 3 5 4 10 10 8 8 11 11 5 4 4 4 4 4 5 4 10 11 5 5 4 10 10 2 8 10 7 6 7 8 10 10 2 6 7 8 10 8 7 1 11 9 5 5 0 9 8 11 11 5 5 4 11 11 2 3 4 4 5 4 11 5 4 4 4 11 11 5 2 6 10 8 11 11 2 5 10 7 8 10 10 7 7 8 8 9 4 11 2 5 10 10 7 7 6 7 8 7 7 7 7 7 7 8 10 7 1 9 8 8 11 11 5 5 4 4 4 4 4 4 4 11 11 2 5 9 8 10 10 8 2 9 7 8 10 7 7 7 10 7 7 7 8 7 2 6 11 11 5 4 5 10 7 8 11 11 4 4 4 4 4 2 5 4 3 11 5 10 8 11 4 4 5 4 4 10 8 11 11 5 5 11 4 4 4 5 10 10 8 2 4 9 5 10 10 0 7 7 7 7 7 7 8 6 8 10 0 6 8 7 11 11 5 5 10 8 7 7 11 5 10 10 2 6 7 7 8 10 2 7 9 10 2 8 6 11 11 2 4 3 5 10 8 11 11 4 1 3 5 4 4 4 4 5 4 10 8 11 11 5 5 11 11 2 5 9 5 7 10 10 2 6 8 10 10 7 8 8 4 11 10 8 8 7 7 10 10 2 8 6 11 4 4 11 4 4 5 4 4 4 4 4 5 11 11 2 5 3 10 10 2 7 7 8
ppo_x50_b_fd_l4_linear,43,qv22_48,22,234,True,1291.0,5.942713022232056,8 8 10 10 8 8 9 11 4 2 5 10 10 7 7 8 8 9 5 10 10 8 8 10 10 8 8 11 5 4 11 5 10 10 7 7 7 8 8 10 2 10 10 8 8 10 10 8 8 9 10 8 8 11 5 11 11 5 2 4 11 3 5 0 7 6 10 7 10 7 8 10 8 8 10 2 9 10 8 8 4 1 3 4 4 4 4 4 4 4 4 11 5 4 10 10 8 8 10 7 11 5 2 9 5 11 5 4 4 11 11 2 3 4 4 4 4 5 11 2 10 10 8 6 7 7 8 10 7 7 10 2 6 7 7 7 8 4 10 10 8 8 11 5 10 10 8 8 1 4 4 4 9 4 4 5 4 4 4 4 11 11 2 3 5 10 10 7 7 8 7 7 7 7 8 7 7 7 7 7 7 7 7 10 8 11 5 11 11 5 2 11 3 4 5 4 10 10 2 8 9 8 1 4 3 4 10 11 5 5 11 0 9 5 5 4 11 5 4 4 10 11 5 5 11 11 2 5 4 4 3 10 10 7 7 7 7 7 2 6 7 8 11 10 8 7 8 10 10 2 8 10 9 8 7 7 7 7 8 7 7 11 2 11 11 5 3 4 5 4 11 11 5 2 6 4 4 4 11 4 4 5 11 5 7 7 10 8 7 10 8 11 11 2 5 9 5 7 7 7 7 0 9 10 8 8 10 8 1 9 4 5 4 4 11 11 5 4 4 5 11 11 2 5 11 3 4 5 4 10 10 2 8 6 10 10 8 7 7 7 7 8 10 7 10 7 8 8 1 11 5 4 11 9 5 4 4 4 4 4 5 11 11 5 2 7 6 10 8 1 9 11 5 4 4 5 11 2 3 4 4 10 10 8 7 7 10 8 7 7 8 11 5 10 10 7 8 7 7 8 10 7 10 7 2 8 9 7 10 2 6 7 8 7 11 11 2 5 3 11 5 11 11 2 5 9 4 4 11 2 4 3 5 11 4 11 4 5 4 4 4 1 4 3 5 10 10 8 8 10 10 8 8 7 7 7 7 7 10 8 11 5 10 10 8 8 11 4 10 8 8 7 11 11 5 4 4 5 10 7 7 8 7 7 7 7 10 10 2 8 9 7 8 11 11 5 4 4 5 11 4 11 2 5 9 4 5 4 4 4 4 11 11 5 2 11 5 10 10 8 8 7 10 6 10 8 7 7 7 7 8 11 2 11 9 5 4 5 11 2 11 4 3 5 10 10 8 8 10 10 7 8 2 10 7 6 7 7 8 7 7 11 11 2 3 5 4 11 4 5 7 11 0 9 5 5 4 4 4 4 4 11 11 2 4 3 5 10 8 4 4 4 4 4 4 4 10 10 8 2 9 8 10 10 7 8 0 6 8 7 7 10 8 11 5 11 11 2 5 11 4 5 9 4 5 10 10 2 6 7 7 8 10 10 8 7 7 7 8 10 10 8 7 7 8 10 2 3 11 4 5 4 4 4 4 4 4 4 4 4 11 5 7 10 10 2 6 8 11 2 10 10 8 6 7 7 8 4 10 10 2 6 7 7 8 10 10 2 8 9 8 11 4 4 4 4 5 10 10 8 2 9 8 4 4 11 11 5 4 5 4 11 5 11 11 4 5 4 4 5 10 10 2 6 8 7 7 7 7 10 10 8 8 7 7 7 7 7 10 7 7 7 8 11 0 9 5 5 4 4 11 5 11 4 5 7 11 11 2 3 4 5 4 11 5 10 8 11 4 11 2 5 4 11 5 4 4 4 4 3 10 10 7 8 7 7 8 7 7 7 7 7 7 7 7 10 8 11 5 4 10 10 8 8 11 5 7 7 0 6 7 7 7 11 11 2 3 5 11 11 5 2 9 11 5 5 4 4 4 4 4 4 4 4 4 4 4 10 8 11 11 5 5 11 10 8 8 7 11 10 2 7 6 8 4 10 4 4 4 5 11 5 10 10 7 8 7 7 10 8 8 7 10 7 7 10 8 8 7 7 10 8 11 5 10 10 8 7 8 11 11 5 2 3 4 4 11 5 4 11 4 11 2 5 9 8 7 10 10 8 2 6 7 10 10 8 7 8 7 10 10 2 8 11 11 4 4 4 3 4 4 5 4 4 1 9 5 4 4 5 7 11 2 11 9 5 5 4 4 10 8 11 11 5 4 4 5 10 8 10 10 8 2 10 10 7 7 6 8 7 8 7 11 11 5 2 4 4 9 5 7 0 6 7 11 5 10 10 8 7 8 4 11 5 7 10 10 8 8 7 7 10 10 8 2 6 10 7 7 7 8 10 11 5 4 4 4 4 4 5 4 4 4 11 5 4 4 4 4 4 4 4 4 4 10 10 2 8 9 8 7 10 10 8 2 11 5 10 10 8 6 7 7 8 4 4 11 5 10 10 7 8 8 7 7 7 7 7 7 10 7 8 7 10 2 7 11 9 5 5 10 8 11 11 5 4 4 4 4 5 10 10 2 8 10 9 7 8 5 10 8 1 3 4 10 11 5 4 4 5 11 4 4 5 4 4 4 11 5 4 4 4 11 5 10 10 7 7 2 8 6 10 8 7 7 0 6 7 11 5 10 10 8 8 10 10 2 6 7 8 7 10 7 10 8 8 11 5 7 10 10 8 2 6 4 4 4 11 5 4 4 4 4 4 4 11 5 4 10 10 2 8 9 8 10 8 11 11 5 4 4 5 4 4 11 5 10 10 7 8 7 7 7 7 7 7 7 7 8 11 2 3 10 10 8 2 9 8 1 4 4 4 3 11 4 4 5 4 4 10 10 2 8 10 7 6 8 7 10 10 8 8 10 10 7 7 8 5 10 7 8 7 11 11 2 5 11 11 5 3 5 4 11 5 10 10 8 8 11 4 4 11 4 4 4 5 5 7 11 11 2 3 4 4 5 11 11 4 4 2 5
ppo_x50_b_fd_l4_linear,44,qv22_49,22,235,True,1278.0,5.508477210998535,8 8 10 10 8 8 9 5 11 11 5 2 10 8 10 7 10 8 8 10 10 8 8 9 5 10 10 8 8 10 10 8 8 11 5 10 10 7 8 8 10 10 8 8 11 5 10 10 7 8 8 11 5 10 10 7 8 8 4 10 8 1 3 11 5 11 11 5 1 3 5 7 11 11 5 4 5 4 0 9 11 5 5 4 11 11 2 3 5 11 4 4 4 5 4 10 10 2 8 10 7 7 6 7 8 4 10 10 2 6 7 7 8 7 10 8 11 5 7 7 0 7 9 8 10 10 8 2 7 7 6 7 11 11 5 2 9 5 4 4 4 4 4 4 4 1 11 9 5 8 4 11 5 10 11 5 5 4 4 11 11 5 2 9 5 7 7 10 7 0 6 8 10 10 7 8 8 10 8 4 1 11 9 5 8 11 4 4 11 2 5 6 11 4 4 4 4 11 5 4 2 10 9 8 8 10 8 4 10 10 8 7 7 7 7 8 10 10 2 8 9 5 4 4 4 0 10 10 7 8 7 7 7 6 10 8 8 4 11 5 7 10 10 8 7 7 8 4 4 11 5 7 10 10 7 8 7 8 11 11 2 5 9 5 11 4 4 4 4 5 10 11 2 3 4 4 5 10 0 7 8 6 10 8 7 7 10 7 10 8 7 7 8 11 5 11 11 2 5 11 4 5 4 4 4 4 4 3 4 4 10 8 11 4 4 11 5 4 4 4 5 10 10 7 2 8 6 7 7 10 8 10 8 10 10 8 2 10 7 9 7 8 5 10 8 1 3 4 4 4 4 4 4 10 8 10 8 10 8 4 4 4 4 4 11 11 2 5 4 4 3 10 10 8 7 7 7 7 7 8 11 10 8 8 7 11 10 8 8 10 10 8 2 10 7 6 8 10 10 8 8 10 10 7 2 7 8 9 5 11 11 2 5 9 5 11 11 5 2 11 11 5 3 11 5 5 10 7 7 0 6 7 7 7 8 11 2 9 11 4 4 4 4 4 4 2 3 4 4 5 4 11 5 4 4 4 11 5 11 11 5 2 3 7 7 10 8 4 10 10 8 7 8 10 10 8 7 7 7 7 8 7 10 10 2 8 9 8 7 11 11 5 5 0 9 11 5 5 4 4 4 11 4 4 4 5 4 11 5 10 10 2 8 9 8 4 11 1 4 4 5 4 3 10 10 7 7 8 8 10 10 7 7 7 7 8 8 7 7 10 7 7 7 10 7 8 7 2 9 8 11 11 5 5 11 5 4 4 11 11 5 2 3 4 4 4 11 5 10 2 6 11 11 5 5 10 11 5 5 4 4 4 4 10 11 5 4 5 10 10 7 7 2 6 8 7 7 10 7 7 8 10 10 7 7 2 6 8 10 10 7 8 8 7 10 7 8 11 11 5 5 11 10 8 8 11 11 2 3 5 11 5 4 4 11 11 5 2 6 4 11 4 4 5 11 11 5 5 0 10 7 9 8 7 8 10 10 7 7 2 8 7 10 10 6 8 7 8 7 10 11 5 2 11 3 4 4 5 11 11 4 2 5 9 5 11 4 4 5 11 4 4 11 5 4 4 5 10 10 8 2 7 7 9 8 7 10 10 8 7 8 10 10 2 6 8 10 8 7 7 7 10 8 11 5 7 7 11 11 2 5 4 3 4 4 4 10 8 11 11 5 4 4 5 4 4 11 4 1 9 5 4 4 5 4 4 11 2 3 10 10 7 7 7 7 8 8 11 4 5 10 8 11 11 5 5 10 8 10 10 7 8 8 7 10 7 8 7 7 10 8 11 11 5 5 10 8 7 10 10 8 8 10 10 2 8 9 8 10 11 5 4 5 4 11 5 11 11 2 3 4 5 11 11 5 5 11 5 4 10 11 4 4 5 4 4 5 11 11 2 5 9 8 10 10 7 8 8 0 9 10 0 6 7 7 8 8 10 7 7 8 11 11 2 3 5 4 11 11 4 5 2 3 11 4 5 10 10 7 8 7 8 7 7 7 7 11 5 10 10 8 7 7 8 1 4 10 11 5 5 4 3 4 4 4 4 4 4 4 4 11 5 10 10 7 7 7 8 2 6 10 10 7 7 8 7 7 7 7 7 7 7 7 8 11 11 2 5 9 8 11 5 4 4 4 4 4 4 4 4 11 10 8 8 10 10 8 2 3 10 7 7 7 8 10 10 7 7 7 8 2 6 11 4 4 4 10 2 8 9 8 11 11 5 4 1 3 5 4 4 11 4 4 4 4 5 4 4 11 4 5 4 4 10 10 8 2 7 10 7 10 7 8 6 7 7 8 10 8 4 4 10 10 2 8 7 7 10 9 8 7 8 10 1 9 8 8 10 10 2 6 7 8 10 2 11 9 5 4 8 4 4 4 4 11 7 11 5 5 7 11 11 5 8 4 4 4 4 11 5 10 8 4 4 4 10 10 2 8 10 7 9 8 7 7 7 7 7 7 7 8 11 2 3 11 11 5 4 4 5 10 7 7 7 7 7 7 7 10 8 2 9 5 11 5 4 10 10 8 8 11 4 5 7 11 11 2 3 4 4 4 4 5 11 11 4 4 2 5 4 10 10 8 7 6 7 8 11 4 4 4 4 4 5 4 1 4 4 4 11 5 3 10 10 7 7 7 8 8 1 9 4 5 10 7 7 7 8 11 10 8 8 7 10 10 2 7 8 9 5 10 10 8 7 7 7 8 10 8 7 7 11 11 2 5 11 11 4 5 4 4 3 4 5 7 11 11 5 4 4 4 5 4 4 11 11 5 2 11 4 5 9 10 8 8 11 4 5 11 11 2 5 10 7 7 10 8 6 7 7 10 8 8 7 7 7 7 7 10 7 7 8 11 11 2 5 11 11 5 5 11 4 11 4 4 4 5 5
ppo_x50_b_fd_l4_linear,45,qv22_5,22,230,True,1281.0,5.560869455337524,8 8 10 10 8 8 9 11 5 2 10 10 7 8 8 11 5 10 10 7 8 8 10 9 8 8 10 2 10 10 8 8 10 10 8 8 10 10 8 8 10 9 8 8 1 9 8 10 10 8 8 10 10 8 8 11 5 11 11 5 4 5 4 4 4 4 11 5 10 8 4 11 11 5 4 4 4 4 4 5 4 4 4 10 10 2 8 7 7 10 8 3 10 10 8 7 7 8 7 7 7 7 7 10 8 10 2 6 0 9 11 5 5 4 11 5 10 8 4 11 5 4 4 11 5 4 4 4 11 5 10 10 8 2 10 10 7 7 8 8 9 10 7 8 7 8 11 4 5 10 10 7 8 7 8 7 11 11 2 5 4 9 5 4 4 4 4 4 4 4 4 11 5 4 11 11 2 3 5 7 7 7 7 11 5 10 10 8 8 10 10 7 7 7 7 8 2 7 7 6 7 7 7 10 10 2 8 6 11 5 4 11 5 4 4 4 11 5 4 10 10 2 8 9 8 11 11 5 5 4 4 4 4 4 11 4 5 4 10 10 8 2 9 10 8 8 4 10 10 8 7 7 7 7 8 11 5 10 10 7 7 8 7 2 9 8 7 7 10 10 8 8 10 0 9 5 5 11 5 7 11 11 5 8 4 4 4 4 4 4 11 5 10 8 4 11 4 4 10 2 8 9 8 11 11 5 4 4 4 4 4 5 11 11 5 2 4 3 10 8 7 7 7 7 7 7 7 7 7 10 7 8 11 5 10 7 10 8 10 2 8 9 7 7 8 11 11 5 2 9 11 5 5 10 7 8 4 11 11 2 3 4 4 4 5 11 5 4 4 4 10 11 5 5 10 10 7 2 8 6 10 8 4 10 10 8 7 7 7 7 8 10 10 7 7 8 2 7 9 8 11 11 5 5 4 10 10 8 2 7 9 8 11 11 4 5 4 4 1 9 5 4 5 4 11 11 5 2 9 5 4 4 1 9 5 7 11 11 5 5 4 11 5 10 8 10 7 8 4 4 4 4 4 1 3 10 10 8 8 7 7 7 10 7 8 10 10 8 8 7 7 7 7 7 10 8 11 10 8 7 7 8 11 11 4 5 2 9 8 11 4 4 1 3 4 5 4 11 11 2 3 4 4 5 11 2 3 11 5 11 10 8 7 7 7 8 10 10 7 7 8 7 10 8 8 4 11 5 10 11 5 5 11 4 4 4 5 4 10 10 8 7 7 7 7 7 8 10 10 8 8 7 1 3 4 11 4 4 4 5 4 4 10 11 5 4 4 4 5 4 4 11 5 10 10 7 2 6 8 10 8 7 7 7 7 7 10 8 7 10 10 8 7 7 7 8 4 10 10 8 8 10 10 8 2 9 5 11 11 4 2 5 4 9 11 5 5 4 10 11 5 5 4 4 4 4 11 5 10 8 10 11 5 5 4 1 3 4 4 4 11 5 1 3 10 10 8 8 10 10 2 6 7 7 8 4 11 2 10 10 7 8 6 7 7 7 7 8 10 8 10 8 10 10 2 8 3 11 5 4 4 4 10 10 8 0 6 7 7 8 10 10 8 2 10 8 11 6 11 5 5 11 11 5 4 5 7 10 8 4 11 11 4 2 3 4 5 4 4 4 4 10 8 11 11 2 3 4 5 4 4 11 5 11 2 3 10 10 2 6 8 10 10 7 7 2 8 10 6 10 7 8 7 7 7 8 11 2 4 3 10 10 7 8 8 7 10 10 7 8 5 10 10 8 2 6 11 5 10 11 5 4 4 5 11 11 2 3 4 4 4 5 4 4 4 11 5 10 8 0 7 10 9 8 7 7 8 7 10 7 8 7 10 10 2 8 9 8 4 4 11 11 2 3 4 4 4 4 11 5 5 10 11 5 5 11 4 11 5 5 4 11 11 4 4 2 5 3 10 10 2 6 7 7 7 7 7 8 11 2 9 10 8 7 8 7 10 2 7 6 11 11 4 5 5 4 4 10 8 11 11 5 4 5 11 11 5 2 9 4 5 10 7 7 7 8 4 11 11 5 4 4 5 4 10 10 8 8 7 10 8 7 10 10 2 6 7 7 0 6 8 10 10 7 2 6 7 7 8 4 10 2 10 10 8 8 9 7 8 4 11 5 7 11 11 5 5 11 11 2 3 5 4 4 10 8 11 11 5 4 5 4 10 8 11 11 5 5 11 5 4 11 11 5 4 4 5 11 11 2 5 7 10 7 6 8 7 7 7 7 7 11 5 11 10 8 8 7 7 7 7 7 10 8 7 7 7 7 7 11 11 2 5 3 4 4 4 1 9 5 7 11 11 5 5 11 4 11 2 3 5 4 4 4 10 1 9 5 5 11 5 4 4 11 11 2 5 9 5 7 7 10 10 8 7 7 8 10 10 2 6 8 10 10 2 6 8 10 8 10 10 8 7 8 7 10 8 7 11 11 5 5 11 4 11 5 2 6 10 8 11 4 11 2 3 4 1 3 5 7 11 11 5 4 5 7 11 11 4 2 3 4 5 11 4 5 11 4 11 2 5 10 8 6 10 10 7 8 7 7 8 11 10 8 8 10 10 8 7 8 7 7 11 11 2 5 11 3 11 5 4 5 4 4 4 11 5 11 4 5 10 10 7 8 8 10 10 2 8 6 7 7 10 8 7 7 11 10 8 8 10 10 8 2 10 6 7 7 8 11 11 5 5 10 7 8 7 1 10 9 8 8 11 11 4 5 4 4 5 7 10 8 1 3 11 11 5 4 4 5 4 4 4 4 11 5 0 9 8 10 10 7 8 8 10 11 5 2 3 10 10 8 8 7 7 7 7 7 10 8 11 11 5 5 11 11 2 5 3 11 4 4 4 4 4 11 4 5 4 4 5 4 4 11 5 11 2 10 10 8 8
ppo_x50_b_fd_l4_linear,46,qv22_50,22,232,True,1285.0,5.571371793746948,8 8 10 10 8 8 9 11 2 3 5 10 10 7 8 8 11 5 10 10 7 8 8 11 5 4 11 4 5 7 10 10 7 7 7 8 8 10 10 8 8 10 10 8 8 11 5 7 10 10 8 8 10 10 8 8 11 5 4 11 4 5 7 10 10 7 8 8 10 10 8 8 10 10 8 8 11 5 7 11 11 2 5 9 4 5 7 11 11 5 5 4 4 4 4 4 4 4 4 11 5 10 8 11 4 4 11 2 5 6 11 4 5 11 11 5 2 3 7 7 10 10 7 7 7 7 7 8 0 6 8 7 11 11 5 2 11 5 10 10 8 8 9 10 8 8 11 5 4 10 10 8 7 7 7 7 8 7 7 11 11 5 4 5 10 2 3 10 11 5 5 11 11 4 2 4 3 4 4 5 4 4 4 10 2 10 10 7 8 7 7 7 8 10 9 8 5 11 11 5 8 4 4 4 4 4 4 4 11 5 10 8 4 4 10 10 2 8 7 10 7 7 7 7 7 6 7 8 7 7 7 7 7 7 7 11 11 2 5 3 4 11 5 4 4 4 4 11 5 10 2 9 10 8 8 10 1 9 8 8 7 7 11 11 5 2 11 4 4 4 3 4 5 10 11 2 3 5 4 10 11 5 5 11 11 4 5 2 4 3 10 10 8 7 7 8 10 10 7 7 2 6 7 7 8 11 5 10 10 7 8 5 7 7 7 7 7 10 8 7 11 11 2 5 9 8 11 4 11 4 5 8 4 4 4 4 4 4 11 5 10 8 11 4 5 11 0 6 7 8 7 7 10 8 7 11 11 5 5 11 2 10 10 8 7 6 7 8 10 2 11 9 5 4 4 4 5 4 11 11 4 4 5 4 5 7 11 2 3 4 4 11 11 5 4 2 4 10 10 8 7 7 7 6 7 7 8 11 2 10 10 8 8 7 9 7 8 11 10 8 8 7 10 10 2 8 3 4 10 10 8 8 7 7 7 11 11 2 5 9 8 11 11 5 4 5 4 4 4 4 4 11 5 10 8 10 7 8 11 11 4 4 5 4 4 4 4 11 2 5 4 3 10 10 8 8 7 10 10 8 7 8 1 9 10 8 8 7 7 10 7 10 8 8 10 8 11 11 5 2 9 8 4 4 11 4 5 10 10 8 8 10 7 0 6 7 7 8 7 10 10 8 2 6 4 4 11 4 4 11 5 5 7 11 11 5 4 4 5 11 11 2 3 4 5 4 4 10 11 5 5 4 11 4 11 5 2 3 10 10 7 7 8 8 10 10 8 2 10 9 8 7 8 4 1 3 4 11 4 5 4 10 10 2 8 10 7 7 6 7 8 7 7 10 8 4 10 10 8 7 7 7 8 1 9 5 10 10 8 8 11 7 7 8 11 11 4 4 4 2 3 4 5 11 4 11 5 5 4 4 4 4 10 10 8 2 10 6 10 8 7 7 7 7 8 7 11 2 10 7 7 7 7 7 8 11 5 4 11 11 5 3 5 11 11 4 5 5 4 1 11 3 5 11 11 4 5 11 5 4 11 5 2 9 5 7 10 8 10 7 10 2 8 10 8 6 10 10 8 8 10 10 8 8 7 11 11 5 4 5 10 7 8 10 10 8 7 7 8 7 7 11 11 2 5 11 3 5 7 7 10 8 11 11 4 4 4 4 4 4 5 5 4 4 1 9 5 11 5 11 11 4 2 5 3 11 11 5 4 4 5 10 10 8 2 10 9 8 7 7 8 7 7 7 10 8 10 10 2 8 7 7 9 8 7 7 10 10 8 2 6 10 7 8 11 11 4 5 4 5 11 11 1 3 5 5 4 4 4 11 5 4 4 4 11 5 4 11 11 2 5 4 3 10 10 7 7 7 8 8 10 10 8 7 7 8 10 10 7 8 2 9 4 4 11 2 3 4 5 11 4 4 11 5 4 4 2 3 4 10 10 7 8 7 7 7 7 7 8 10 7 2 9 11 5 5 4 10 4 4 5 10 10 8 8 11 5 4 11 11 2 5 6 11 4 4 4 5 10 2 10 10 8 6 7 7 7 7 8 10 10 7 7 7 8 8 11 2 9 4 5 10 10 7 8 8 11 5 7 10 8 7 10 10 8 2 6 10 8 11 11 5 4 4 4 5 11 4 0 9 5 4 4 5 10 8 4 4 4 4 0 9 11 5 5 4 11 4 5 4 4 10 10 8 2 10 7 10 8 7 7 7 9 8 7 7 7 8 7 11 11 2 5 9 5 7 11 5 10 10 8 7 8 4 10 10 8 7 8 10 11 5 4 5 10 10 2 8 11 4 4 4 4 4 4 5 3 4 11 4 4 5 10 10 7 7 7 8 7 7 7 7 7 7 7 7 7 7 7 8 10 2 11 11 5 3 4 5 11 5 7 7 11 10 8 8 11 4 11 5 4 5 4 4 11 5 10 11 5 5 11 4 11 5 2 4 11 5 9 10 8 8 10 7 7 7 7 7 8 10 10 8 2 6 4 11 5 4 4 4 11 11 5 5 4 11 5 10 8 11 4 11 5 4 2 11 5 3 7 10 7 7 8 10 10 8 7 7 8 10 10 2 6 7 8 10 10 7 7 7 2 6 8 7 11 11 5 4 4 4 4 5 11 11 2 5 4 4 4 11 9 5 4 4 5 4 4 11 4 5 11 2 3 10 10 7 2 8 7 7 6 7 7 7 11 5 10 10 2 6 7 7 7 8 7 10 8 11 5 10 10 8 8 7 10 10 2 8 10 8 6 11 11 5 5 11 11 5 5 4 4 4 4 4 4 1 9 5 11 11 2 3 4 4 5 10 8 11 11 5 5 4 4 4 10 10 2 8 6 10 10 8 7 7 8 7 7 7 10 7 7 7 8 10 2 11 11 5 4 4 5 9 11 5 5
ppo_x50_b_fd_l4_linear,47,qv22_51,22,236,True,1326.0,5.825108528137207,8 8 10 10 8 8 9 4 11 5 2 10 10 7 7 8 8 11 4 5 10 10 8 8 10 10 8 8 10 10 8 8 9 5 10 10 8 8 10 10 8 8 11 5 4 10 10 8 8 10 10 8 8 10 11 5 2 11 4 4 3 5 11 11 2 3 5 11 10 8 8 4 4 4 4 4 4 4 4 10 10 2 6 7 7 8 10 7 7 7 7 8 10 10 8 2 7 7 10 10 7 8 8 9 5 10 10 8 8 10 10 8 8 11 5 11 4 5 7 11 11 5 2 11 9 5 4 4 4 5 11 4 4 4 4 11 5 2 3 10 8 10 10 7 2 6 7 7 8 7 7 10 7 8 11 2 9 11 5 5 4 4 4 11 5 4 4 4 4 4 4 4 4 11 11 5 2 10 8 10 10 7 7 6 7 8 8 7 7 7 7 7 7 7 7 7 10 8 7 10 10 2 8 6 4 4 4 11 5 4 11 11 5 4 4 5 4 4 10 10 2 8 10 6 8 11 10 8 8 7 7 11 11 2 5 3 4 4 11 5 4 4 4 4 11 4 4 5 10 10 2 6 8 10 2 10 10 7 8 7 7 7 7 8 10 8 10 9 8 5 10 10 7 8 8 10 7 8 11 11 5 2 3 4 4 4 11 5 10 8 11 11 5 4 4 5 11 4 4 4 4 5 10 8 10 10 7 7 2 8 9 8 10 10 7 7 7 7 2 8 7 10 9 8 7 7 8 1 9 5 11 5 4 11 11 2 3 4 5 4 11 4 4 4 5 4 11 5 10 10 7 7 7 2 6 8 10 8 7 7 10 10 2 8 6 7 7 11 11 5 4 4 4 5 11 1 4 3 4 5 4 4 4 4 4 11 5 7 11 11 5 5 4 1 3 10 10 8 8 10 7 10 8 7 7 7 8 10 10 7 7 8 2 9 8 10 10 8 2 3 10 7 8 7 7 7 11 11 2 5 11 4 9 5 5 11 2 9 11 5 4 4 5 11 11 5 4 4 2 3 4 4 4 4 10 10 8 7 7 7 8 7 7 7 7 10 8 10 7 7 7 7 7 8 7 11 11 5 2 9 5 11 10 8 8 11 11 4 4 4 4 2 3 4 5 7 10 2 3 11 11 5 4 4 5 11 2 9 10 8 7 7 7 7 7 7 7 8 11 2 11 11 4 3 4 4 4 5 4 4 4 5 11 4 2 9 5 10 10 8 8 7 7 10 10 2 8 6 4 10 11 5 4 4 5 4 4 11 4 4 4 5 10 2 6 10 10 7 7 8 8 11 5 10 10 7 7 7 8 7 10 8 7 8 7 11 2 7 6 7 10 8 7 11 2 7 7 6 11 11 4 4 5 5 4 11 11 5 2 11 9 5 4 5 4 10 8 11 11 5 4 5 0 9 8 7 10 10 2 6 7 8 7 7 11 10 8 8 7 7 11 11 2 5 9 4 5 11 11 5 2 11 4 3 4 4 11 5 1 3 5 11 4 11 5 4 5 10 10 8 2 11 4 4 5 3 10 7 7 10 8 8 10 10 7 2 6 8 7 7 7 10 8 11 10 8 7 8 7 7 11 11 2 5 9 4 4 5 11 11 5 4 5 11 11 5 4 1 3 4 5 4 4 11 11 5 2 6 10 8 4 10 10 8 2 10 10 8 7 6 8 10 10 8 7 7 8 7 10 10 2 6 7 8 7 7 7 10 8 11 4 4 11 2 5 9 8 11 11 4 5 5 4 4 4 11 5 10 11 5 5 4 11 11 2 3 5 10 10 7 7 7 7 2 8 7 9 8 10 10 8 8 7 7 7 7 7 10 8 11 5 10 10 2 8 9 5 7 11 11 2 3 5 10 7 8 11 11 4 4 4 4 5 4 4 4 4 4 5 10 7 11 5 2 11 3 5 10 11 5 5 4 4 4 4 4 4 10 10 2 8 6 10 10 8 7 7 7 8 10 10 7 8 7 8 7 10 8 7 11 11 2 3 4 4 5 0 11 9 5 5 11 4 4 5 0 7 9 8 7 7 7 7 7 10 8 7 7 7 11 11 2 5 11 9 5 1 3 4 4 5 11 11 2 3 4 5 4 11 2 9 11 5 4 4 5 11 2 3 10 7 10 7 2 8 6 7 7 7 10 10 8 2 7 7 6 7 7 11 10 8 8 7 7 7 11 11 2 5 3 11 4 5 11 11 2 3 4 4 4 4 5 11 4 4 11 5 5 10 11 5 1 3 4 4 5 10 2 10 10 7 8 8 11 5 4 11 5 4 3 10 10 7 7 7 8 7 8 10 10 8 8 10 2 3 10 10 7 8 7 8 7 11 11 2 5 3 11 5 7 7 10 10 8 7 7 8 4 4 4 11 5 10 11 2 3 5 4 4 4 4 4 11 5 10 8 4 11 4 11 4 2 3 5 10 10 7 7 8 8 10 10 8 7 7 8 10 10 2 6 8 7 7 7 7 11 10 8 8 7 11 11 5 2 4 3 11 5 11 7 11 2 3 4 4 4 4 4 5 10 11 5 5 11 11 5 2 4 3 10 10 8 7 7 7 7 7 8 10 8 10 10 8 2 10 6 7 10 8 7 10 2 8 6 7 11 11 5 5 11 5 11 4 4 4 4 4 11 5 4 4 5 10 7 7 8 11 11 5 2 11 4 3 4 4 4 1 4 3 4 5 10 8 7 11 11 5 5 7 10 7 10 8 8 10 7 0 7 6 7 8 4 10 10 2 6 7 7 7 7 8 11 5 4 11 4 10 8 8 7 10 10 2 6 8 10 7 10 8 2 11 5 11 11 5 5 4 9 5 4 11 11 4 5 4 4 4 4 4 5 4 1 4 9 5 4 10 10 8 2 10 10 8 8 10 10 7 8 7 6 7 7 8 7 7 7 7 7 10 8 7 10 10 2 8 6 11 11 4 4 5 11 5 5 7 11 11 5 4 5 7 11 11 2 3 4 4 4 4 5 10 2 9 11 5 5
ppo_x50_b_fd_l4_linear,48,qv22_52,22,234,True,1295.0,5.546645879745483,8 8 10 10 8 8 9 11 5 2 10 10 7 8 8 11 5 10 10 7 8 8 10 9 8 8 10 2 10 9 8 8 11 4 4 5 4 4 4 4 11 5 4 10 10 2 6 7 7 7 8 10 10 7 8 2 10 7 10 7 8 8 10 9 8 8 10 2 4 3 4 11 5 4 4 4 10 10 8 2 10 8 10 10 8 8 10 10 7 7 8 8 10 10 8 8 9 5 10 10 8 8 4 4 11 1 9 8 8 11 11 5 5 4 10 10 2 8 10 8 4 3 11 11 5 5 4 4 4 11 5 10 8 11 11 5 4 5 4 4 4 4 4 4 11 5 10 10 7 7 2 8 10 6 7 8 7 7 10 8 10 10 7 8 7 7 8 10 7 10 7 2 8 7 9 11 5 5 4 11 11 5 4 4 5 4 10 10 8 7 8 7 11 11 2 3 5 11 4 11 5 4 4 5 4 10 10 2 8 7 7 7 10 8 10 9 8 7 7 7 8 10 7 2 6 11 11 4 5 1 3 4 5 11 4 4 11 2 3 4 5 4 4 4 4 1 9 5 4 10 10 8 8 4 11 11 5 5 10 8 4 11 11 2 5 3 7 7 7 7 7 10 10 2 6 8 7 7 7 7 7 10 8 11 10 8 8 7 10 10 8 2 9 8 4 4 4 4 11 11 5 2 9 8 7 11 11 5 5 4 4 10 8 11 11 5 8 4 4 4 4 4 4 11 5 10 8 10 10 7 8 2 9 5 10 7 7 10 2 8 6 10 8 7 1 9 11 5 4 4 4 5 11 2 7 10 10 7 6 7 7 8 7 8 4 10 10 8 7 8 11 1 3 4 4 4 5 7 10 8 11 11 4 4 5 2 11 3 4 4 4 5 11 2 4 3 4 4 10 10 2 8 9 10 8 7 7 8 10 8 7 10 7 10 2 8 9 5 7 11 11 5 4 4 4 4 4 4 5 10 2 6 10 10 8 7 8 4 11 4 5 10 10 7 7 8 7 7 7 7 7 7 10 7 7 2 6 7 8 7 7 11 11 2 3 5 4 4 1 4 11 5 9 5 10 10 8 8 11 4 4 5 0 9 11 5 4 5 4 11 5 10 8 4 11 4 4 4 5 4 11 11 5 2 3 10 7 7 10 7 7 7 7 7 8 7 8 4 11 5 10 7 10 2 6 7 7 8 10 10 7 8 8 10 8 4 11 5 11 4 4 5 7 7 7 7 10 10 2 8 9 8 10 10 8 2 9 5 11 4 4 5 4 4 10 11 5 5 4 4 4 4 4 10 8 11 11 2 3 5 11 4 4 4 11 2 5 11 4 5 3 10 10 7 7 2 8 6 10 10 7 8 8 7 7 10 7 7 0 6 7 7 8 7 7 10 10 8 2 9 5 11 11 2 5 3 11 11 5 4 4 5 7 10 2 9 11 5 11 5 4 4 5 0 9 10 2 6 8 10 10 8 2 6 7 11 5 11 5 7 10 10 8 8 10 7 11 2 5 9 5 11 4 11 4 4 4 4 5 4 4 4 4 5 11 11 2 3 4 4 5 10 10 7 7 7 8 7 7 8 10 10 7 2 8 9 8 7 7 10 8 7 7 7 7 7 7 11 11 5 5 1 3 4 4 4 4 4 4 4 4 4 11 5 10 2 9 4 4 5 10 10 8 8 4 10 10 2 6 7 7 7 8 10 11 5 5 7 7 7 7 10 10 2 8 7 6 7 7 10 8 11 11 4 4 5 4 4 4 4 4 4 4 11 2 3 4 4 5 11 2 9 11 5 4 4 4 5 10 2 3 10 10 7 7 8 7 7 7 8 11 5 10 10 8 8 10 8 7 7 7 11 11 2 7 9 8 7 8 7 10 10 8 2 11 5 4 3 11 11 4 4 5 4 4 5 11 11 2 3 5 4 11 5 4 4 4 11 5 7 10 10 7 2 8 6 10 8 10 10 2 6 7 7 8 11 2 9 5 0 10 9 8 8 7 10 7 11 5 5 1 4 9 5 11 4 4 11 2 5 11 9 5 4 4 4 4 5 10 2 10 10 7 8 7 6 7 8 10 10 2 6 8 7 10 10 8 2 3 10 10 2 6 7 8 7 7 10 8 11 5 4 4 10 10 8 7 8 7 7 7 11 11 2 5 11 11 5 3 5 10 8 11 11 4 4 4 2 5 9 5 4 4 1 9 5 10 10 8 8 7 11 11 5 8 4 4 4 4 4 11 5 10 8 10 7 11 5 2 9 5 11 11 2 3 4 5 10 10 7 7 8 7 7 8 10 10 2 6 7 8 7 11 2 10 10 8 7 7 7 6 7 8 11 2 9 11 4 4 2 3 4 4 4 5 4 4 4 10 8 11 11 2 3 5 4 4 11 5 7 10 8 4 11 11 5 4 5 4 4 10 10 2 6 8 10 8 7 7 10 10 7 8 7 7 7 8 7 7 10 7 7 7 7 8 4 11 11 2 5 6 11 4 5 4 11 5 4 11 4 4 4 4 4 5 10 10 8 2 4 11 9 5 4 5 4 4 11 11 5 2 9 8 10 10 8 2 10 10 8 6 8 10 10 7 7 8 7 7 7 7 10 8 8 10 10 7 8 2 6 10 8 7 7 11 11 5 2 3 11 4 5 10 8 11 11 2 3 4 5 4 10 11 2 3 5 11 4 4 5 11 4 11 5 2 9 4 5 10 10 7 7 7 7 7 7 7 8 8 7 7 10 8 7 11 2 11 11 5 5 9 11 2 3 5 11 5 4 11 5 4 4 11 5 10 10 2 6 7 7 8 11 2 4 3 10 10 8 8 10 10 8 7 8 11 2 6 7 10 7 8 7 7 11 11 5 2 9 11 5 8 4 4 4 11 5 10 8 7 7 11 11 5 4 5 11 11 4 4 4 4 4 4 2 5
ppo_x50_b_fd_l4_linear,49,qv22_53,22,227,True,1262.0,5.6529176235198975,8 8 10 10 8 8 9 11 4 5 2 10 10 7 7 8 8 11 5 3 11 5 10 10 7 7 8 8 10 10 8 8 11 5 10 10 7 8 8 11 5 10 10 7 8 8 10 10 8 8 11 5 10 10 7 8 8 10 10 8 8 11 10 8 2 10 9 8 8 4 11 11 5 1 3 4 5 11 4 11 2 3 5 4 4 10 11 5 2 3 10 11 5 5 4 4 4 4 11 5 4 4 10 10 8 2 7 10 10 8 8 10 6 7 7 8 4 10 10 8 7 7 7 8 4 10 10 8 7 7 8 7 7 10 10 2 8 9 8 11 11 2 5 11 9 5 4 5 4 4 10 8 11 2 11 9 5 4 4 5 11 4 4 11 5 2 3 7 10 7 7 10 8 7 7 8 4 4 11 5 7 7 10 10 8 7 7 7 8 11 11 5 2 9 5 4 11 4 4 5 10 11 2 3 4 5 11 11 5 2 6 11 4 4 4 11 5 2 3 10 8 10 10 8 7 7 0 6 8 1 10 9 8 8 10 10 7 7 7 8 8 11 4 4 5 10 10 7 7 7 8 2 7 6 11 11 5 5 10 8 11 4 4 5 4 11 11 5 5 11 4 11 2 4 5 9 8 4 10 11 4 5 2 9 8 4 4 1 4 4 3 10 10 7 8 8 7 10 8 10 7 7 8 4 10 10 8 7 7 7 7 7 7 7 7 8 0 6 11 11 5 4 5 11 4 5 11 11 5 4 5 11 4 4 4 4 4 4 4 11 5 2 9 4 4 5 7 7 7 10 8 10 10 2 6 7 8 7 7 10 8 7 7 10 8 4 10 10 2 6 7 7 7 7 7 8 11 2 11 11 5 3 5 11 11 5 4 4 4 4 4 5 4 11 4 5 10 8 4 4 11 11 2 3 5 11 4 5 4 10 10 8 2 7 6 7 7 10 10 8 7 8 10 10 8 7 7 7 8 10 10 2 8 9 5 7 7 7 7 7 11 11 5 1 4 4 5 4 3 4 4 4 11 5 4 4 4 11 5 7 11 2 10 10 7 8 7 6 8 10 7 10 2 6 8 11 5 10 10 7 8 2 9 8 11 5 11 5 11 11 4 2 5 9 5 10 8 4 4 4 11 11 2 3 4 4 4 5 4 10 2 9 11 5 5 10 7 10 8 7 8 7 7 1 9 10 8 8 10 10 7 2 6 8 7 10 8 7 7 10 10 8 2 9 8 11 4 4 1 9 5 4 4 4 4 4 4 4 4 4 5 7 7 10 8 11 11 5 4 5 4 11 5 4 4 10 10 8 2 9 10 8 8 4 10 10 8 7 8 10 10 2 8 10 7 8 7 10 10 8 7 7 6 8 7 7 10 2 10 10 8 6 8 11 5 11 11 2 3 5 10 11 5 5 4 4 11 5 10 8 7 11 11 2 5 11 3 4 4 4 4 5 11 11 2 5 3 4 4 4 11 11 5 2 3 10 7 8 11 11 5 5 7 10 7 10 7 7 7 7 8 8 7 10 8 7 10 10 2 6 7 7 7 7 8 10 10 2 8 9 5 7 11 11 5 4 4 11 5 4 4 4 4 4 4 4 4 4 4 5 11 2 10 10 8 6 7 8 4 10 10 8 7 8 7 7 7 7 7 10 8 7 11 2 11 3 4 5 10 10 2 8 10 7 8 9 7 7 8 4 11 11 5 5 11 11 5 4 5 4 4 4 11 4 5 10 8 10 10 8 8 4 11 11 2 3 4 4 4 4 5 11 4 11 5 2 7 10 10 8 6 7 8 10 10 2 6 7 8 10 10 7 7 8 7 7 8 7 7 10 8 7 11 11 2 3 11 5 5 11 11 2 3 4 4 5 7 11 4 5 7 11 11 5 4 4 5 4 4 11 5 4 4 11 4 4 11 5 2 7 6 10 8 10 10 8 8 10 7 10 8 2 7 9 8 10 10 2 6 7 7 7 8 4 4 11 2 6 11 11 5 4 4 4 5 4 11 4 5 4 11 11 5 5 7 7 7 10 10 2 8 3 10 7 10 8 8 7 7 7 7 10 10 8 7 7 7 8 7 11 2 9 11 5 4 5 4 4 11 5 10 10 8 8 11 4 4 4 4 5 4 11 4 4 4 4 5 4 10 10 8 2 10 10 7 6 7 7 7 8 7 7 8 10 10 7 8 7 8 10 2 9 8 11 5 4 4 4 10 10 2 8 6 10 10 8 7 7 7 8 11 11 5 2 9 5 4 4 4 4 11 1 9 5 5 4 4 4 4 4 10 8 11 11 5 4 4 4 5 4 11 11 5 2 10 8 10 10 7 7 7 7 7 6 7 8 7 7 7 8 11 10 8 8 4 0 9 11 5 5 10 8 4 4 4 4 4 4 4 4 11 11 5 2 10 7 8 10 10 7 7 8 7 7 6 7 7 7 8 7 7 7 7 0 6 11 11 5 5 4 4 11 4 5 0 9 8 7 1 9 10 8 8 7 10 8 10 7 11 2 5 9 5 11 11 4 1 5 4 3 1 3 5 4 11 11 4 5 2 9 8 11 5 4 10 10 2 8 9 8 10 7 7 7 7 8 11 11 5 5 11 2 11 3 4 1 9 5 4 5 11 5 7 11 11 5 5 4 4 4 4 1 3 10 10 8 8 10 10 8 8 7 7 7 7 10 8 10 10 8 8 11 4 5 4 10 10 2 6 7 7 8 10 2 7 10 8 7 6 11 11 4 5 5 11 11 4 5 5 4 4 4 4 4 11 11 5 2 9 5 4 10 10 8 7 7 7 7 10 8 5 7 7 10 8 11 5 10 10 2 6 7 7 8 10 10 2 6 7 7 7 8
ppo_x50_b_fd_l4_linear,50,qv22_54,22,232,True,1288.0,5.852229356765747,8 8 10 10 8 8 9 11 2 5 10 10 7 8 8 9 5 10 10 8 8 10 11 5 2 4 11 5 10 10 7 7 7 8 8 9 5 11 5 10 10 7 8 8 10 10 8 8 10 10 8 8 11 5 10 10 7 8 8 10 10 8 8 10 10 8 8 11 2 11 11 5 4 3 5 4 0 9 10 8 8 10 10 2 8 9 11 4 4 4 5 4 4 11 5 5 11 4 4 4 10 2 8 6 10 10 8 7 8 10 7 7 7 7 8 10 10 7 8 2 9 5 11 11 2 3 5 11 10 8 8 11 4 4 11 5 4 4 4 5 10 2 3 10 10 8 8 7 10 11 5 2 3 4 11 4 4 4 11 5 4 4 4 4 1 4 5 9 10 8 8 10 7 8 7 7 10 8 4 4 4 11 11 5 2 4 4 3 7 10 8 7 7 10 7 7 7 7 7 7 7 7 7 8 7 7 7 10 8 7 11 4 5 7 11 11 5 2 9 4 4 5 10 11 5 5 4 4 4 11 5 4 4 4 11 11 5 2 11 5 7 7 7 6 10 7 7 7 7 8 7 7 11 11 2 5 9 5 7 10 8 11 11 5 5 11 11 5 1 3 4 5 4 4 4 4 11 4 4 11 2 5 9 8 4 10 10 8 7 7 7 8 7 10 7 7 8 4 10 10 8 8 11 4 4 4 4 5 10 7 10 2 8 9 5 7 10 10 7 8 7 7 8 7 7 10 8 1 9 5 11 4 11 4 2 5 11 9 5 4 4 4 4 4 5 4 4 4 4 10 2 10 10 8 7 7 7 6 8 7 7 7 10 8 10 7 7 10 8 2 10 7 9 8 8 10 10 7 8 2 11 5 11 4 3 5 11 11 4 4 2 3 5 4 4 10 8 11 11 5 5 4 11 4 2 4 3 4 11 5 4 10 10 8 8 10 10 7 8 7 7 7 7 7 7 7 8 11 2 11 4 9 5 5 4 1 4 3 4 4 4 11 5 10 10 8 8 10 10 2 6 8 10 10 8 8 11 5 4 10 10 8 7 7 8 10 10 8 7 7 7 8 7 7 11 11 2 5 9 4 5 0 9 11 5 5 4 4 4 10 8 11 11 5 4 4 5 4 4 4 11 5 11 4 4 11 2 5 4 3 10 8 7 7 7 11 5 10 10 2 6 7 7 7 7 7 7 7 7 7 7 8 7 10 2 9 7 11 5 5 10 8 1 3 11 5 11 5 4 1 3 4 4 4 11 5 10 10 8 8 11 2 3 4 4 4 11 5 4 4 4 11 11 5 2 3 10 10 7 7 2 6 7 10 8 8 4 10 10 8 7 7 7 8 10 10 8 0 6 8 11 10 8 8 7 7 10 10 8 7 8 11 11 5 2 10 8 6 11 5 4 4 11 4 5 4 4 4 11 5 7 10 10 7 8 2 10 9 8 5 10 10 8 8 7 11 2 11 9 5 5 11 2 3 4 4 4 10 8 11 11 5 4 5 4 4 4 4 11 4 4 4 5 10 10 2 6 7 8 10 2 10 7 7 7 6 7 7 8 7 7 7 7 7 7 7 7 11 11 2 5 9 4 4 5 11 11 2 3 5 11 5 4 4 4 11 1 9 5 8 4 4 11 11 5 4 4 5 11 11 2 5 3 10 7 7 10 7 8 7 7 7 7 8 0 6 7 7 7 10 8 11 5 7 7 10 10 8 2 9 8 4 4 4 11 5 11 11 5 4 4 5 10 7 11 2 5 3 11 4 5 11 4 11 5 2 4 9 5 4 4 10 10 8 2 10 7 6 10 7 8 8 10 10 8 8 0 9 8 7 11 11 2 5 10 7 9 8 8 7 10 7 7 7 7 10 8 2 6 11 5 11 11 5 2 4 9 11 5 5 4 4 4 4 11 5 10 8 10 11 2 3 5 4 4 4 4 4 11 5 4 4 4 10 10 2 8 7 7 10 10 8 6 7 8 10 2 7 7 6 10 7 7 7 8 7 7 11 11 5 2 11 4 9 5 5 4 4 11 5 4 10 2 9 10 8 7 7 8 7 11 10 8 8 10 7 7 10 2 8 11 4 4 11 5 5 11 3 11 4 4 5 8 4 4 11 5 10 8 11 4 4 5 4 4 4 11 5 10 10 2 8 10 6 7 7 10 2 6 8 11 5 10 7 10 8 7 8 10 10 2 8 11 5 11 11 5 3 5 4 4 4 11 11 5 2 9 4 4 4 5 7 10 7 11 5 5 10 7 7 8 10 10 7 7 7 8 7 7 10 8 8 7 7 7 10 10 2 8 9 8 11 5 11 4 11 5 4 4 5 4 4 11 11 5 2 3 7 10 7 8 7 7 7 11 10 8 8 7 7 7 10 7 10 8 2 9 4 5 11 4 5 4 4 4 4 4 4 4 4 4 11 5 11 4 4 11 2 5 9 4 4 5 7 7 7 7 7 7 7 7 7 10 8 11 11 5 5 7 10 10 8 7 7 7 8 7 11 11 2 3 5 11 2 3 11 4 4 4 5 11 5 1 3 4 4 11 5 4 4 4 10 10 8 2 10 10 8 7 6 7 7 8 11 2 4 4 4 9 5 11 11 2 5 9 8 11 4 5 10 10 7 7 8 2 10 10 7 7 6 8 7 7 7 8 11 10 8 8 7 10 7 8 7 10 10 8 2 6 11 5 7 7 11 11 5 4 4 4 5 7 10 7 8 11 11 5 5 11 11 5 4 4 5 10 7 8 11 11 5 2 9 4 5 11 4 4 5 10 10 2 6 8 10 8 7 11 11 2 5 11 3 5 7 11 11 5 5 11 11 2 5 11 4 5 4 3 10 10 7 8 8 7 7 7 7 10 7 7 7 8 11 11 2 3 5 11 11 5 5 11 11 4 4 4 4 2 5
ppo_x50_b_fd_l4_linear,51,qv22_55,22,232,True,1280.0,5.545623302459717,8 8 10 10 8 8 9 11 4 2 5 10 10 7 7 8 8 9 5 4 10 10 8 2 10 10 8 8 10 10 8 8 9 5 4 11 4 4 5 10 10 7 8 8 10 10 7 8 8 10 2 10 10 8 8 9 10 8 8 11 5 4 11 5 4 4 4 11 5 4 10 10 8 7 7 7 7 8 7 10 10 2 8 10 10 8 8 10 9 8 8 10 2 9 10 8 8 4 11 5 11 1 4 4 3 4 5 4 4 4 4 10 11 5 4 4 5 4 4 4 11 11 5 2 3 7 7 10 7 10 8 7 7 8 7 10 10 7 2 6 7 8 7 11 10 2 6 7 8 11 5 4 4 11 4 5 10 7 10 8 8 10 10 7 8 8 10 10 8 2 6 7 11 11 2 5 4 3 4 4 4 4 11 5 10 8 11 5 4 4 4 4 4 4 10 11 5 4 5 10 8 7 10 10 2 8 6 7 7 7 7 10 7 8 4 10 10 8 7 7 7 8 11 4 11 5 2 3 4 11 5 11 11 5 5 4 4 4 4 11 11 2 5 11 11 5 3 5 7 11 10 8 7 7 8 7 10 8 11 5 4 10 10 8 7 7 8 7 7 11 10 8 8 7 10 10 7 8 2 9 5 7 7 7 11 11 2 5 4 3 4 4 4 11 5 10 11 5 5 4 4 4 4 4 4 4 11 11 5 2 3 11 5 4 10 10 8 8 7 7 7 10 10 2 6 7 7 8 0 6 7 10 8 7 7 7 7 10 10 8 2 9 8 7 11 11 5 4 4 4 4 5 4 11 5 4 11 11 2 5 9 5 11 11 5 2 4 4 4 11 5 4 10 10 8 7 7 6 7 8 7 7 11 5 10 10 8 8 10 10 2 6 7 7 8 7 7 10 7 10 2 6 8 11 4 11 5 5 4 1 3 4 11 5 4 4 11 5 7 11 11 2 3 4 4 5 4 11 4 4 4 4 11 2 5 9 8 10 10 2 6 8 7 10 8 11 5 7 7 10 10 8 7 7 7 7 7 7 7 8 11 2 9 4 4 4 4 4 4 5 4 4 11 4 4 4 5 10 7 7 10 2 8 10 8 10 6 7 7 7 8 11 11 5 2 7 10 8 10 10 8 6 8 10 10 8 8 10 7 7 8 10 8 11 11 4 2 5 6 11 11 5 5 4 10 2 3 4 4 4 4 4 11 5 4 1 9 5 11 11 5 4 4 5 4 11 11 2 5 7 9 10 8 8 10 10 8 7 7 7 8 10 7 7 11 5 2 11 11 5 5 11 4 5 10 6 7 7 7 0 6 7 7 8 7 10 10 8 2 9 10 8 8 11 5 7 11 11 5 4 4 5 4 4 11 5 4 4 11 11 5 2 6 10 8 4 4 11 11 2 3 5 4 4 1 3 10 10 8 8 0 6 7 7 10 8 7 7 7 7 7 10 8 11 5 7 11 10 8 8 10 10 2 6 8 10 7 2 6 7 7 11 11 5 4 4 4 4 4 4 5 10 8 7 10 8 11 4 4 11 4 2 3 4 5 4 4 4 11 4 4 5 7 7 10 2 3 10 10 8 8 11 5 10 7 10 8 7 8 11 11 5 2 11 3 4 4 5 4 10 2 9 10 8 8 10 7 8 7 7 7 7 10 8 11 10 2 6 8 7 7 7 7 11 2 11 11 5 3 4 4 4 5 4 4 4 11 5 7 11 11 2 3 5 11 2 6 11 5 4 11 11 5 5 11 11 2 3 5 11 10 8 7 7 8 10 10 7 7 8 7 8 7 7 7 10 8 4 10 10 8 7 7 7 7 8 4 11 5 11 11 2 5 4 4 9 4 4 11 5 5 10 8 4 11 11 5 4 4 4 4 5 11 11 2 5 9 8 4 10 10 8 7 8 7 7 7 7 10 8 4 10 10 8 7 7 8 7 7 7 11 10 8 8 10 10 8 7 2 6 7 11 11 5 5 4 4 4 4 11 5 4 4 11 5 10 8 7 11 11 5 5 4 4 11 11 2 4 5 9 8 11 11 2 5 9 8 10 10 8 8 7 10 10 2 6 8 1 9 4 5 11 4 4 4 4 4 4 11 2 5 10 8 10 10 7 8 6 7 7 8 11 4 5 10 10 7 8 7 8 10 10 7 2 8 9 10 8 8 11 5 10 10 8 7 8 11 11 5 4 4 5 10 7 7 7 7 8 11 7 7 11 5 5 10 10 2 6 7 8 10 2 6 11 11 5 4 4 4 5 11 11 2 3 4 5 4 4 4 4 11 5 10 8 4 4 4 4 4 11 5 4 10 10 2 8 9 10 8 8 10 10 2 6 8 10 10 7 2 8 7 6 7 10 8 11 5 10 10 8 8 11 5 4 4 10 10 7 8 7 8 7 1 3 4 4 11 11 2 3 4 4 5 0 9 11 5 5 4 11 11 2 5 3 10 7 8 10 10 7 2 8 6 10 7 7 7 10 8 0 6 7 7 7 7 8 10 10 2 8 9 5 11 11 2 5 6 11 11 5 5 4 4 11 5 10 8 11 11 4 4 2 3 4 4 5 4 11 4 5 4 4 4 11 11 5 2 3 7 7 10 0 6 7 8 10 8 10 10 7 7 2 6 7 7 8 11 10 8 8 10 10 2 8 6 7 7 10 8 7 11 11 5 5 11 4 11 2 5 4 4 11 5 4 3 4 4 4 4 11 4 5 10 8 4 1 4 3 10 10 8 8 7 10 8 4 11 5 10 10 8 8 7 7 10 8 4 10 10 7 8 7 8 10 7 8 7 7 10 8 7 11 11 5 5 11 11 5 4 4 5 11 11 5 5 7 10 8 7 11 11 5 2 9 4 5 10 10 8 7 7 8 10 10 2 6 7 7 7 8
ppo_x50_b_fd_l4_linear,52,qv22_56,22,229,True,1266.0,5.457059860229492,8 8 10 10 8 8 9 11 2 3 5 10 10 7 8 8 11 5 4 10 11 5 5 10 7 10 7 8 2 10 10 8 8 10 10 8 8 9 5 10 10 8 8 10 2 4 3 4 4 4 10 11 5 5 4 4 11 11 5 2 9 7 8 4 10 10 8 2 10 10 7 7 7 7 7 7 7 8 8 10 9 8 8 11 2 10 10 7 8 8 9 5 4 11 5 7 10 7 10 7 8 5 4 4 11 2 4 3 4 4 4 4 11 5 7 11 11 5 4 5 10 7 8 4 10 10 8 2 10 7 10 8 7 6 8 7 10 10 2 8 11 5 3 11 5 7 7 7 7 10 10 8 8 4 4 11 2 9 5 11 11 5 5 4 4 0 9 11 5 5 4 4 4 4 4 4 4 4 11 4 5 10 10 8 8 11 4 5 4 10 10 2 8 7 7 7 7 6 7 10 8 10 10 7 8 7 8 10 10 2 6 8 7 7 7 11 11 5 2 4 3 11 11 2 3 4 4 5 11 11 2 4 3 5 10 8 4 11 4 11 2 5 10 8 10 10 8 7 7 7 7 6 7 8 10 10 8 7 2 7 10 8 6 11 11 5 2 9 11 5 4 5 4 4 4 4 4 11 4 4 4 4 5 4 11 11 5 2 3 10 7 7 10 2 6 8 11 5 10 10 7 7 7 7 8 8 10 10 7 7 7 8 8 1 9 4 4 5 10 10 7 7 8 8 10 10 7 2 8 6 11 4 4 5 11 11 5 2 9 5 10 7 7 7 10 8 2 9 5 11 11 4 4 4 2 3 5 11 11 5 5 4 4 4 4 4 4 4 4 11 5 10 8 11 11 5 5 4 10 10 2 8 7 7 7 7 7 7 10 8 4 4 9 5 4 4 4 10 10 8 2 10 7 10 7 7 7 8 6 7 8 7 7 7 7 10 7 8 7 11 11 5 2 9 11 5 5 7 10 8 11 4 11 4 1 3 4 5 4 4 4 5 4 4 11 11 2 5 10 8 7 9 11 5 5 4 4 4 11 5 7 11 2 11 9 5 5 7 10 7 8 4 10 10 8 8 7 10 10 7 7 7 7 8 7 8 10 8 10 7 7 8 11 11 2 5 11 11 5 3 5 11 2 9 11 5 5 1 9 5 4 10 11 5 5 11 4 4 5 4 4 4 11 5 4 10 10 8 2 9 8 10 10 8 2 10 7 7 6 8 10 7 7 10 2 6 8 11 5 7 7 7 11 11 2 5 3 11 11 5 4 4 5 4 4 11 1 3 4 4 4 5 10 10 7 8 2 10 9 7 8 5 7 10 7 7 7 8 7 7 7 7 7 10 8 7 10 10 8 2 9 5 7 7 11 11 2 3 4 5 7 11 11 2 3 4 5 4 4 4 4 4 4 11 4 5 11 5 10 10 7 2 8 9 10 8 8 4 11 11 5 4 4 5 4 4 10 11 5 4 5 10 10 2 7 6 8 11 5 10 10 7 8 7 7 8 7 10 7 8 4 10 10 2 6 7 7 8 7 7 11 11 2 5 11 9 5 4 2 3 4 4 4 11 5 10 8 11 11 5 4 5 11 4 5 10 10 8 2 10 8 9 11 5 4 4 5 11 2 10 10 8 8 10 10 7 7 8 8 6 7 7 7 10 8 11 5 10 10 8 7 8 10 10 8 2 6 11 4 5 4 1 3 4 4 4 4 10 0 10 6 7 8 7 8 10 10 2 8 7 10 6 7 8 10 2 6 11 11 2 3 4 5 11 4 5 4 4 4 11 4 4 11 2 3 4 5 4 11 5 4 11 11 5 2 3 4 10 0 6 8 10 10 7 7 7 8 7 8 10 10 2 8 7 7 7 9 10 8 10 8 8 4 10 2 6 10 10 8 2 6 10 7 8 11 11 4 5 4 4 4 5 11 0 9 5 5 4 4 4 4 11 5 11 5 4 11 4 11 4 4 2 3 5 10 10 7 7 8 7 7 10 2 6 7 8 7 7 7 11 5 10 10 8 8 10 7 7 7 8 4 11 11 2 5 11 4 3 4 4 4 5 7 11 11 5 4 5 4 11 11 5 2 9 8 10 10 2 7 6 7 7 8 10 7 10 2 8 6 10 10 8 7 7 0 6 7 8 7 11 11 2 5 10 8 11 4 9 5 5 4 4 4 4 4 4 11 5 4 4 10 8 0 9 7 8 10 7 7 8 4 11 11 5 2 9 4 5 7 10 7 8 10 10 7 2 8 6 7 7 7 7 11 11 5 2 11 5 11 11 5 3 4 4 4 4 1 3 5 11 11 2 3 4 4 4 5 4 4 4 11 11 5 2 9 8 10 10 7 0 7 8 7 6 8 7 10 10 2 6 8 7 10 10 8 2 3 7 7 7 10 8 7 10 10 2 6 7 8 11 4 5 11 11 4 5 4 4 4 4 5 4 4 11 11 5 2 11 11 5 3 5 10 11 5 5 10 10 8 7 7 7 7 7 7 8 11 11 2 5 9 5 7 7 0 9 8 7 7 11 11 2 5 11 9 5 5 11 11 2 5 6 11 4 4 11 5 4 4 4 5 4 10 10 2 6 7 7 8 10 7 8 7 7 10 7 8 11 11 2 5 9 5 10 0 6 7 7 7 7 8 10 10 2 8 6 7 11 11 5 4 4 4 4 5 11 5 4 10 10 8 7 8 4 4 4 4 1 9 5 4 11 11 4 4 4 4 5 2 4 3 4 10 10 8 7 8 11 5 10 10 7 2 6 8 7 7 7 10 10 2 7 8 9 5 10 8 7 7 7 7 11 11 2 5 3 4 4 11 5 7 11 11 2 3 5 11 11 2 5 11 4 11 4 5 5
ppo_x50_b_fd_l4_linear,53,qv22_57,22,234,True,1267.0,5.106243371963501,8 8 10 10 8 8 9 4 11 2 5 10 10 7 7 8 8 11 4 5 10 10 8 8 10 10 8 8 10 10 8 8 9 5 10 10 8 8 10 4 1 3 4 5 11 4 4 4 5 7 11 11 5 2 9 8 4 4 10 10 8 7 7 7 7 7 8 10 2 10 10 7 7 8 8 10 9 8 8 11 2 6 10 10 8 8 11 2 9 5 10 10 0 6 8 8 10 10 8 8 11 5 11 11 2 5 10 7 8 6 11 11 2 5 4 3 4 4 4 11 4 5 7 10 8 4 10 10 8 8 11 5 11 11 4 5 5 4 4 4 4 10 8 10 8 11 4 11 5 4 5 11 5 4 10 10 2 6 7 8 10 11 5 5 10 10 7 7 7 8 7 8 7 1 11 11 5 4 4 4 5 3 4 11 5 1 9 10 8 8 10 10 2 6 7 7 7 8 10 10 2 8 6 7 10 8 11 5 7 10 10 2 6 7 7 8 10 2 6 10 8 11 11 4 5 5 10 11 5 5 4 4 4 11 5 4 4 11 5 4 4 11 5 10 10 8 2 10 6 0 6 7 8 7 7 10 8 11 5 4 10 10 2 8 10 7 7 7 8 4 3 4 4 4 4 4 11 5 4 4 4 4 4 10 8 11 11 5 5 11 2 11 11 5 5 7 7 6 7 7 7 7 10 8 11 4 11 2 3 5 11 4 4 4 5 1 3 10 10 8 7 7 8 10 8 10 10 7 8 7 7 8 10 8 10 7 7 10 8 2 10 6 7 7 7 8 11 2 4 4 4 9 4 4 4 5 4 11 11 5 4 5 0 6 7 11 10 8 7 7 8 4 11 5 7 7 7 7 7 10 10 8 2 9 8 11 4 4 5 11 11 2 5 3 4 4 4 4 4 4 10 8 11 11 5 4 5 4 11 5 7 11 2 9 10 8 7 7 8 7 10 2 6 11 11 4 5 4 5 11 1 9 5 5 4 11 5 4 0 9 5 10 10 8 8 10 10 8 8 7 7 11 10 8 8 10 7 10 8 7 7 7 7 7 7 8 11 10 2 6 8 10 2 6 7 11 11 2 5 9 4 4 4 5 4 4 4 1 11 9 8 5 11 4 4 4 4 4 4 5 10 10 7 8 2 10 7 7 6 8 10 10 8 2 9 4 5 7 10 10 7 8 5 10 10 7 8 8 1 9 5 11 11 2 5 3 4 4 4 10 11 5 5 11 4 1 3 4 4 4 4 5 1 9 10 8 8 10 7 8 10 10 7 8 8 10 7 8 7 1 9 11 5 5 4 4 11 4 5 11 11 5 4 2 3 7 10 7 7 10 2 8 7 10 9 8 7 8 7 7 7 7 10 8 11 5 10 10 8 7 8 4 11 5 7 10 10 8 8 10 10 2 8 11 3 11 5 4 4 4 5 11 11 2 3 4 5 7 11 11 5 5 11 11 2 5 4 4 3 4 4 4 4 10 8 11 11 5 5 11 2 10 9 8 7 7 8 7 7 7 7 10 8 10 10 8 8 10 11 5 5 10 10 2 6 7 8 11 2 4 3 4 4 4 4 4 11 5 11 11 2 5 4 4 3 10 10 7 2 8 7 7 7 7 9 7 10 8 7 8 7 7 7 7 10 8 7 10 10 7 2 8 6 11 4 4 4 1 3 5 11 11 2 3 4 4 5 10 8 11 11 5 4 5 4 4 10 10 2 8 10 6 7 7 7 8 10 7 7 10 8 2 9 7 7 8 11 11 5 4 5 4 4 4 4 11 5 11 11 2 5 6 11 4 4 5 11 4 5 11 11 2 5 3 10 7 8 7 10 10 7 7 8 2 10 6 7 7 7 8 4 11 1 9 5 8 11 4 4 11 5 2 10 8 9 11 5 5 4 4 4 11 11 2 5 4 3 10 7 7 7 10 7 7 7 7 7 7 8 7 7 7 8 7 7 10 10 8 2 6 11 5 7 11 11 5 5 11 11 5 4 5 0 6 11 11 5 5 11 11 2 3 4 5 10 2 9 8 11 4 5 7 10 10 8 7 7 7 8 10 8 11 11 2 3 4 5 11 4 4 10 2 8 6 11 11 5 4 5 4 4 10 11 5 5 4 4 11 2 11 4 5 9 11 2 5 3 10 10 7 8 8 10 10 2 8 10 9 8 7 8 10 7 8 7 7 7 1 9 10 8 8 7 10 7 10 8 2 6 7 7 11 11 5 4 5 4 11 4 11 2 3 4 4 5 4 11 5 10 8 4 11 11 5 4 4 5 7 11 11 5 2 9 5 4 4 11 5 10 7 10 8 7 8 10 10 2 6 7 7 7 0 6 8 7 7 7 7 7 10 8 11 11 5 5 11 4 11 2 5 9 8 11 11 5 4 5 10 11 5 1 3 5 4 4 4 11 4 4 4 11 2 5 10 8 10 10 7 7 6 7 8 7 7 8 4 4 11 5 10 10 7 7 7 7 2 6 7 7 8 10 2 11 4 4 4 4 4 5 10 10 6 7 7 7 7 8 8 7 7 7 11 11 5 2 9 5 4 11 5 10 8 4 11 5 7 11 5 4 4 4 4 4 4 1 3 4 4 4 4 10 8 11 11 5 5 7 7 10 2 10 10 7 8 6 8 7 7 7 7 11 0 9 8 8 10 8 11 10 8 8 10 10 7 8 5 10 8 10 10 7 8 2 6 11 11 2 3 4 4 4 4 4 4 4 5 10 2 9 11 5 5 4 4 11 4 5 4 4 4 10 10 2 8 10 7 7 10 8 8 10 10 8 6 7 8 0 6 7 7 7 7 10 8 7 7 11 11 2 5 11 11 5 5 11 3 11 5 4 4 5 10 2 9 11 5 5
ppo_x50_b_fd_l4_linear,54,qv22_58,22,234,True,1297.0,5.595499277114868,8 8 10 10 8 8 9 11 5 2 10 10 7 8 8 11 5 10 10 7 8 8 10 9 8 8 10 2 10 10 8 8 10 9 8 8 10 2 10 9 8 8 4 4 11 5 10 11 2 3 4 5 7 11 11 5 4 4 4 5 4 11 11 2 5 10 8 10 10 7 7 6 7 8 7 7 7 8 10 10 7 7 8 8 11 10 8 2 10 10 8 8 9 10 8 8 1 9 5 11 5 7 11 11 5 5 11 11 2 3 4 5 11 5 4 4 4 10 11 5 5 4 10 10 8 2 7 7 6 10 8 7 7 11 11 5 4 5 1 9 5 10 10 8 8 10 8 10 10 8 7 8 7 7 0 6 11 11 5 5 4 4 10 11 4 5 5 4 4 4 4 4 10 8 11 11 5 5 4 4 4 4 4 4 4 10 10 8 2 9 8 10 8 10 10 7 7 2 6 8 7 7 10 8 4 10 7 7 7 7 7 7 7 10 2 8 9 5 11 11 2 3 5 11 10 8 8 7 11 11 5 4 5 4 4 10 8 11 11 5 4 4 4 5 4 4 11 5 10 8 11 5 4 4 4 1 9 11 5 2 9 8 10 10 8 8 10 8 10 10 2 6 8 10 10 2 6 7 8 11 5 7 10 10 8 7 7 7 8 7 7 10 2 4 11 4 3 4 4 5 11 5 11 11 2 3 4 4 4 4 5 10 2 6 7 10 7 11 5 5 10 10 2 6 8 7 0 7 7 9 8 7 7 10 7 7 10 2 8 9 5 7 11 11 5 5 11 5 11 5 4 4 11 5 10 8 4 11 11 5 5 11 11 5 4 4 4 2 3 4 10 10 2 6 7 8 7 7 7 7 7 7 7 7 10 8 7 10 10 7 2 6 8 4 4 4 4 1 4 9 5 0 11 9 5 5 11 5 4 4 4 4 11 5 4 10 10 8 2 7 7 7 9 8 7 10 10 8 7 7 7 7 8 11 2 4 9 11 5 5 11 10 8 8 11 11 4 4 4 4 4 4 4 2 3 4 5 4 11 11 5 4 2 4 3 10 8 10 8 7 7 7 7 7 7 7 7 10 8 7 7 7 7 10 10 8 2 9 7 8 4 4 4 4 4 4 4 11 0 9 5 5 4 11 5 10 10 8 7 8 4 10 11 5 5 11 11 5 4 5 10 7 8 4 11 11 5 4 4 5 4 1 3 10 10 8 7 8 10 8 10 7 7 10 8 7 8 10 7 8 7 7 7 7 11 5 10 10 2 8 7 10 7 8 11 9 5 5 4 4 4 4 11 4 11 5 2 9 7 8 11 5 4 4 4 4 11 5 4 11 11 2 5 4 11 4 5 4 3 10 10 7 7 7 8 7 7 7 8 0 6 11 10 8 8 7 10 10 8 7 8 10 10 2 8 11 9 5 4 5 4 4 11 5 10 10 8 8 4 11 1 9 5 4 4 5 11 4 5 4 4 4 4 11 11 5 2 9 8 10 7 7 10 0 7 6 7 7 7 8 8 7 7 7 7 7 7 7 7 10 7 8 11 2 9 11 5 5 4 4 11 5 11 4 11 2 5 4 3 4 4 11 5 10 7 10 8 7 8 7 7 7 7 7 10 8 7 7 11 11 1 3 5 5 11 4 4 5 11 11 2 5 3 4 4 4 4 11 5 7 11 2 10 6 7 7 8 4 10 10 2 8 10 6 8 10 10 7 8 2 9 11 4 2 3 4 5 4 4 4 4 4 4 4 10 8 11 11 5 4 4 5 11 2 4 9 10 8 8 10 10 0 6 8 8 11 4 4 4 5 10 10 7 7 8 8 10 10 7 8 8 10 2 9 8 7 11 11 5 2 3 11 5 10 10 8 7 8 10 10 7 7 7 7 7 8 2 10 9 8 8 11 2 10 9 8 8 4 1 9 11 5 4 5 4 11 4 5 4 4 4 10 10 8 2 10 7 8 10 10 7 8 6 7 8 10 10 2 8 11 5 9 11 5 4 4 4 4 5 10 8 4 11 11 5 4 4 4 5 11 4 11 2 5 3 4 10 10 8 7 7 7 7 8 10 7 7 7 7 7 0 7 6 8 7 7 7 11 11 5 2 9 5 11 11 2 3 5 4 4 4 4 4 10 2 11 9 5 5 11 4 4 5 4 10 11 5 4 4 5 11 11 5 2 3 7 7 10 8 10 10 7 7 8 7 7 7 8 4 10 10 8 7 7 7 8 10 10 8 7 8 11 2 11 11 3 4 5 4 4 5 4 4 4 4 10 10 8 2 9 8 10 8 10 10 7 7 8 2 11 3 5 0 9 10 8 7 8 10 2 6 7 7 11 11 5 2 11 4 4 4 4 4 3 5 4 11 5 4 4 4 4 4 10 10 8 2 10 7 7 6 7 8 10 10 2 6 8 10 10 7 2 8 9 5 11 10 2 6 8 7 7 7 0 9 5 10 10 2 8 6 11 4 4 4 4 11 5 4 4 4 4 4 4 5 10 2 7 7 7 7 10 7 6 7 8 10 2 3 4 11 11 4 5 5 11 11 4 4 4 2 3 4 5 11 4 5 4 10 10 2 8 7 7 9 8 7 7 7 10 7 8 11 11 5 5 10 8 10 10 7 2 8 6 10 7 7 8 4 4 4 10 11 5 5 4 4 10 11 2 3 5 10 2 3 11 11 5 4 4 5 4 4 10 2 11 11 5 5 4 3 10 10 8 7 7 7 7 8 7 7 7 7 7 7 7 10 10 2 8 7 7 7 10 8 6 11 11 5 2 9 11 5 4 4 5 4 11 11 2 3 4 5 0 10 10 8 7 8 10 10 8 7 8 7 6 10 8 11 11 5 5 11 11 5 4 4 5 4 4 11 4 4 4 4 5 4 10 2 9 11 5 5 10 10 7 8 7 7 7 8 11 5 10 10 8 8
ppo_x50_b_fd_l4_linear,55,qv22_59,22,232,True,1279.0,5.542401552200317,8 8 10 10 8 8 10 10 8 8 11 5 10 11 5 3 5 10 10 7 7 8 8 10 10 8 8 11 5 10 10 7 8 8 11 5 10 10 7 8 8 11 5 10 10 7 8 8 10 10 8 8 11 5 10 10 7 8 8 1 9 5 4 11 11 4 5 5 11 4 11 5 5 7 11 11 5 4 4 5 7 7 10 8 4 11 11 2 3 5 4 11 5 7 11 2 11 9 5 5 4 11 11 5 2 3 10 7 7 8 7 7 7 7 10 8 4 10 10 8 7 8 10 7 10 8 8 7 10 10 8 2 7 7 6 7 11 11 5 2 9 5 4 4 4 10 11 5 5 4 4 1 3 4 4 4 11 5 4 4 4 4 10 8 11 5 4 10 10 8 7 7 7 7 8 11 2 3 10 10 2 6 7 7 7 8 11 10 8 8 7 7 10 7 10 2 8 6 7 11 11 5 5 11 5 11 4 11 2 3 4 5 11 4 10 8 8 11 11 2 3 4 4 4 4 5 11 4 5 10 10 8 2 9 8 7 7 7 7 10 10 2 8 6 10 7 7 7 7 7 8 7 11 11 2 3 5 4 4 11 11 2 3 4 4 5 4 11 11 5 5 4 11 4 5 4 4 11 11 5 2 7 9 8 10 10 2 6 7 8 4 10 10 8 8 7 11 10 8 8 10 10 7 2 6 7 7 7 8 10 7 10 8 2 10 7 8 6 4 11 4 4 11 2 5 9 11 5 4 4 4 5 1 3 4 4 4 4 4 10 11 5 5 11 11 2 5 3 4 10 10 8 7 7 7 7 7 0 7 7 6 8 7 10 7 8 7 11 11 5 5 1 9 11 5 5 4 10 8 11 11 2 3 5 11 5 4 11 4 5 10 10 7 2 8 10 8 10 6 10 7 7 7 8 7 7 8 7 7 10 10 2 8 6 11 5 4 11 11 2 3 4 5 11 11 2 5 4 3 4 10 10 8 7 7 8 7 10 7 8 11 11 5 5 11 11 2 3 5 11 11 5 2 9 5 11 11 2 3 4 4 5 11 11 5 2 9 5 7 11 11 5 4 5 4 11 4 11 2 5 7 10 10 8 7 7 6 7 7 7 8 4 10 10 8 8 10 10 8 2 6 11 4 11 5 4 5 4 4 4 4 11 5 4 10 11 5 5 10 10 7 8 8 10 10 2 6 8 7 7 7 10 8 11 11 5 5 10 7 7 7 7 7 7 8 10 10 8 2 11 3 4 4 4 4 4 4 4 5 4 4 4 4 11 4 4 5 10 10 8 2 4 10 8 10 10 8 8 10 10 7 7 8 7 7 7 7 7 6 7 7 7 8 7 7 7 11 11 5 2 9 11 5 8 4 4 4 11 5 10 8 11 11 5 5 11 5 4 11 5 10 10 8 2 10 10 8 7 7 8 9 7 8 11 11 4 2 3 4 4 4 5 7 11 11 5 4 4 5 4 10 11 5 5 10 10 2 6 8 10 2 3 10 10 2 6 8 10 7 7 10 7 8 2 9 8 7 10 8 1 11 9 5 5 4 4 4 11 5 7 7 11 2 9 10 8 7 7 8 10 2 6 7 7 7 11 11 2 5 3 11 11 5 4 5 10 2 3 11 5 4 11 11 4 5 4 4 4 5 11 11 2 4 5 9 8 11 5 11 11 4 2 3 5 10 8 10 10 7 7 8 7 8 10 10 7 8 7 7 7 7 7 8 11 4 5 10 10 2 6 7 7 7 8 11 2 11 11 5 3 5 4 4 4 4 11 5 10 8 11 5 4 4 11 5 7 11 11 5 5 0 9 11 5 5 4 11 11 5 2 9 8 10 10 8 2 4 11 5 4 3 10 10 8 7 7 7 8 10 7 7 7 10 8 7 8 10 2 7 7 9 8 11 11 2 5 9 8 11 11 5 5 11 4 4 5 10 11 5 5 4 11 11 5 2 3 11 5 10 10 7 7 7 7 7 0 6 8 8 11 4 5 10 7 7 7 8 10 10 8 8 10 10 2 8 9 4 5 4 4 4 4 4 11 11 2 3 4 4 4 5 11 5 4 4 10 10 8 2 7 10 7 7 7 6 7 8 10 10 8 8 7 7 7 7 10 8 7 10 2 6 11 11 2 5 9 8 11 11 5 5 4 4 4 4 11 4 4 4 5 11 10 2 3 5 4 11 5 4 4 4 4 11 11 5 2 6 10 8 10 10 8 7 7 7 8 4 11 5 10 10 7 0 7 7 8 8 10 8 10 10 7 8 8 9 10 7 7 2 6 8 1 10 9 8 7 8 4 4 4 10 8 11 1 9 5 5 11 11 5 8 4 4 4 4 11 5 10 8 11 4 4 4 11 5 2 9 5 4 4 4 4 10 7 10 8 2 10 10 6 7 7 7 7 7 7 8 8 7 0 6 7 10 8 11 5 7 7 10 10 8 2 6 4 4 11 11 5 4 4 5 4 11 5 4 11 11 5 2 9 5 4 11 5 10 10 8 8 7 7 7 7 10 8 11 11 5 5 10 8 7 10 10 2 8 10 8 6 7 7 10 8 11 11 4 4 5 5 4 4 4 4 1 4 4 4 4 4 4 4 9 5 11 4 11 5 2 3 10 8 10 10 2 6 7 7 7 7 7 7 7 8 10 7 2 9 11 5 5 1 4 9 5 10 10 8 8 11 4 4 4 4 4 10 8 2 10 7 6 11 7 8 7 7 8 7 7 7 7 7 0 6 10 8 7 11 11 4 2 5 9 8 11 11 5 5 4 4 11 10 2 8 11 11 4 3 5 4 5 4 11 5 10 8 11 11 5 5 11 11 2 3 5 10 11 5 5 4 4 4 10 10 8 2 10 10 7 7 8 7 7 7 7 6 8 10 10 2 8
ppo_x50_b_fd_l4_linear,56,qv22_6,22,226,True,1261.0,5.6440370082855225,8 8 10 10 8 8 9 11 5 2 10 10 7 8 8 11 5 9 4 11 5 2 10 10 7 7 7 8 8 10 10 8 8 10 10 8 8 10 9 8 8 10 2 10 10 8 8 10 9 8 8 10 2 10 9 8 8 10 10 8 8 4 10 8 11 1 3 1 3 5 7 11 11 5 4 4 5 4 11 5 10 8 4 11 11 2 3 5 11 11 5 5 4 4 4 4 4 4 11 11 5 2 6 10 8 11 11 2 5 7 6 10 7 8 10 10 7 7 7 2 6 7 7 8 7 10 10 7 2 6 8 7 1 3 11 4 4 4 4 4 5 4 10 10 2 8 9 8 7 11 11 2 5 3 1 3 4 11 5 10 8 4 11 4 4 4 11 4 5 2 6 10 8 10 10 7 7 7 7 7 2 6 8 10 7 7 7 8 10 10 8 8 1 4 4 3 4 10 1 9 5 5 4 4 11 5 7 11 11 5 4 5 11 11 2 5 7 10 9 8 7 8 10 10 2 6 7 7 8 10 10 2 6 8 10 10 7 8 7 7 7 7 8 11 2 10 9 5 4 5 4 4 0 10 10 6 7 8 2 9 8 10 11 5 5 4 4 4 11 4 4 4 4 5 4 11 11 5 2 4 4 9 5 4 10 10 2 8 6 7 7 7 7 10 8 11 10 8 2 6 7 10 10 8 8 7 7 11 11 5 2 3 4 4 4 4 11 5 0 9 8 10 7 11 5 2 11 5 3 4 4 4 4 4 4 4 4 4 4 10 10 8 2 7 7 7 6 10 8 4 10 10 8 2 6 7 10 8 11 11 5 5 10 8 10 7 7 7 10 8 7 8 10 10 7 8 2 7 6 7 1 3 11 4 5 4 10 8 11 11 5 4 4 4 4 4 5 7 11 11 5 2 4 4 3 4 11 4 10 8 8 11 2 3 4 4 10 10 8 2 6 7 10 8 7 7 10 7 7 8 7 7 7 7 7 7 10 8 7 11 11 5 2 3 11 11 5 4 4 4 5 4 4 4 4 4 4 4 11 5 10 2 10 9 8 8 7 7 7 7 7 7 10 10 2 8 10 8 7 7 6 11 11 5 4 4 5 11 11 2 5 6 4 4 11 11 2 5 3 4 4 4 4 4 4 11 5 10 8 10 10 2 7 6 8 11 5 10 11 5 4 4 5 10 8 10 10 7 7 7 2 6 7 7 7 8 11 11 5 4 4 5 10 7 7 7 7 8 10 10 2 6 8 10 2 11 11 5 3 4 5 10 2 6 10 10 8 7 7 7 8 10 10 8 2 6 7 11 11 5 4 4 5 4 4 4 4 4 4 4 4 10 8 10 8 7 11 11 5 5 11 5 4 4 11 5 11 5 4 11 4 4 10 2 8 7 7 7 7 9 8 10 10 2 6 8 11 5 10 10 8 8 10 10 8 10 8 8 4 10 10 8 7 7 8 10 10 2 8 9 8 4 10 10 8 7 7 8 11 11 2 5 3 11 4 4 11 4 5 4 4 4 5 4 11 5 10 8 11 11 4 5 4 5 10 11 2 3 5 11 5 4 4 10 10 8 2 10 10 8 7 6 8 10 10 8 2 3 7 10 8 10 10 7 2 6 7 8 10 10 8 2 9 8 4 11 11 5 4 5 7 11 11 5 4 5 4 4 4 10 8 11 4 5 10 11 5 4 5 11 11 2 5 10 7 7 7 6 8 10 10 2 6 7 7 7 8 10 10 7 7 7 7 2 8 9 7 8 11 11 5 5 11 11 2 3 4 4 4 4 4 4 4 4 4 5 4 4 10 8 11 11 5 5 4 10 10 2 6 7 7 8 10 8 7 10 10 8 7 7 7 7 7 7 8 10 10 2 8 6 11 4 4 5 4 4 11 4 11 2 5 9 8 4 10 11 5 5 4 4 1 4 4 3 11 5 10 10 7 7 8 8 10 7 0 7 8 10 6 10 7 7 8 5 7 7 7 7 10 8 11 5 7 7 7 11 11 2 5 3 4 4 11 5 4 11 11 5 2 9 5 7 11 5 10 10 0 8 8 10 9 8 8 10 7 8 1 11 11 5 4 3 5 10 8 11 10 8 7 8 10 10 8 8 7 11 4 5 7 11 11 5 4 4 5 1 4 3 4 11 5 4 4 4 4 4 1 3 10 10 8 8 10 10 8 8 7 7 7 10 10 2 6 8 4 11 2 3 10 10 8 2 9 10 8 7 8 4 4 4 11 4 11 2 3 4 4 5 4 4 4 4 11 5 7 10 10 8 2 7 7 10 10 8 7 6 8 10 10 8 2 10 9 8 8 4 4 11 5 7 10 10 8 5 7 7 7 7 7 10 8 11 5 4 10 10 2 8 9 4 11 2 3 4 5 4 4 4 4 4 11 5 10 2 10 10 8 8 10 7 7 7 6 8 11 5 11 5 7 7 10 10 2 7 7 7 8 9 5 11 11 2 3 5 11 2 10 10 8 8 6 11 11 4 4 4 5 2 11 3 4 1 3 4 5 4 4 4 4 4 4 4 4 11 11 2 5 3 7 7 10 8 7 7 7 7 7 10 8 10 8 10 10 8 2 9 8 4 4 4 11 4 5 7 11 11 2 5 4 9 5 4 11 11 5 2 3 7 10 8 10 10 7 2 6 7 8 7 0 6 7 7 7 7 7 10 8 10 10 2 8 7 6 11 11 5 4 4 5 11 11 1 3 4 5 4 4 4 4 4 5 11 2 3 10 10 8 8 10 10 8 8 1 4 4 3 1 3 4 11 5 11 2 3 10 10 2 6 8 10 8 4 10 10 8 8 10 10 2 6 8 10 10 8 7 7 8 10 10 8 2
ppo_x50_b_fd_l4_linear,57,qv22_60,22,229,True,1265.0,5.490479946136475,8 8 10 10 8 8 9 4 11 2 5 10 10 7 7 8 8 11 3 5 10 10 7 8 8 10 10 8 8 11 5 10 10 7 8 8 11 5 10 10 8 2 10 10 8 8 9 10 8 8 11 5 11 11 4 4 2 3 4 4 5 4 11 5 7 11 5 4 4 11 11 5 2 7 9 8 10 10 7 8 0 6 7 8 10 10 7 7 8 2 10 10 7 7 7 8 8 10 9 8 8 10 2 4 11 3 4 5 10 10 2 8 10 8 10 10 7 8 8 9 5 4 4 4 4 4 1 9 5 4 4 4 10 11 2 3 5 11 5 11 0 9 5 5 4 4 4 4 11 11 5 2 4 3 10 10 7 7 7 7 7 7 8 7 7 7 7 7 7 8 10 2 11 4 9 5 4 4 4 4 4 5 4 4 4 10 11 5 5 4 11 5 10 10 7 2 8 7 10 8 10 10 7 8 7 6 7 7 7 8 11 10 8 7 8 10 10 2 8 6 7 11 11 5 4 4 4 4 5 11 4 4 5 10 10 2 6 8 10 10 2 6 8 10 2 10 10 8 7 6 7 7 8 10 2 9 11 5 4 5 7 10 8 11 11 4 2 3 4 5 11 11 4 2 3 4 5 11 4 5 4 10 11 5 4 5 4 11 11 5 2 9 5 4 11 4 11 5 2 7 10 10 8 6 7 7 7 0 6 8 10 10 7 8 7 7 8 10 8 7 11 10 8 8 10 10 2 8 9 8 11 4 4 11 4 2 3 5 4 4 4 4 4 0 9 11 5 5 4 4 4 4 4 11 11 2 5 9 8 10 10 8 2 11 5 10 10 7 6 7 8 7 7 8 11 5 10 10 7 7 7 7 8 8 10 7 10 2 8 10 8 7 6 11 4 11 4 2 5 3 4 4 4 11 5 4 10 10 8 8 10 10 2 6 8 10 7 8 4 4 4 11 5 10 10 8 8 10 10 7 2 6 7 8 11 5 10 10 8 8 10 10 2 8 6 4 4 4 4 10 11 5 5 4 4 4 4 1 11 9 5 8 4 4 4 4 4 11 4 5 10 10 2 8 11 5 4 4 3 10 10 7 8 8 10 10 7 8 0 6 7 7 7 8 11 2 4 9 5 4 10 10 2 8 6 10 8 7 7 7 7 11 5 10 10 8 8 10 2 7 6 10 8 7 11 11 4 4 5 5 4 4 4 4 4 11 5 11 11 2 5 4 4 3 10 10 2 6 8 10 8 10 10 2 6 8 10 8 7 7 10 8 1 4 4 9 11 5 5 11 11 2 3 4 4 5 4 4 11 5 4 4 11 11 5 2 10 8 10 10 7 8 6 8 10 10 7 8 8 7 7 10 7 8 11 11 5 5 7 7 10 7 10 8 7 8 10 10 8 2 6 11 4 4 4 4 4 5 11 5 10 10 7 2 8 10 7 6 7 7 7 8 10 10 8 2 9 5 11 11 5 5 11 5 4 11 11 2 5 3 11 5 4 4 4 11 11 5 2 4 9 5 11 4 5 10 10 8 8 10 10 2 8 7 6 11 11 2 3 5 4 11 5 10 8 4 11 11 5 2 4 3 10 10 8 7 7 7 7 0 6 8 10 10 2 6 7 7 8 7 7 10 10 8 8 10 10 2 8 9 5 11 11 2 3 5 11 10 8 8 11 11 4 4 5 4 4 5 4 4 4 11 4 4 4 4 5 11 11 4 2 5 3 10 8 10 7 11 5 5 10 10 8 7 8 10 7 7 7 7 10 7 8 7 8 7 7 7 7 10 7 8 7 11 11 2 5 4 4 4 4 11 5 11 9 5 4 5 10 10 8 7 8 11 4 4 11 5 5 4 4 4 10 10 2 8 10 9 8 7 8 10 10 7 7 8 7 7 8 11 10 2 8 9 8 11 4 4 4 4 4 4 11 2 5 3 10 8 7 7 10 10 8 2 9 7 7 7 7 8 4 11 4 4 4 4 4 5 4 4 4 4 4 11 11 2 5 9 5 10 8 7 10 7 7 10 2 6 7 8 7 7 7 10 10 7 8 2 9 8 11 4 4 5 11 4 4 4 4 4 4 4 5 4 4 4 4 4 1 3 10 10 8 8 7 10 8 7 7 7 11 5 10 10 2 6 7 7 7 7 7 8 7 7 7 11 2 10 10 8 9 8 8 7 11 11 2 5 11 5 11 9 5 5 1 3 4 11 4 4 4 4 4 5 4 4 11 5 10 8 4 4 4 4 11 5 10 7 10 7 2 6 8 10 10 8 7 8 10 10 7 7 8 5 7 7 10 8 11 5 10 7 7 7 7 10 2 8 10 8 6 10 11 5 4 5 11 11 4 4 2 3 4 4 4 5 4 4 11 5 4 4 11 11 5 2 9 5 7 7 10 10 8 2 6 7 7 7 10 8 11 5 4 10 10 8 7 7 7 8 10 11 2 6 8 11 2 9 11 5 5 10 11 5 5 4 1 3 4 4 10 8 11 5 4 4 10 8 11 11 5 4 4 4 4 5 10 2 7 7 7 6 7 10 8 10 10 8 7 7 8 10 10 7 7 7 2 6 8 7 7 11 11 2 5 4 4 9 5 11 1 9 5 8 4 4 4 4 10 8 11 11 2 3 4 4 4 4 5 4 11 11 2 5 11 9 5 5 11 2 10 10 8 7 8 10 10 7 8 7 6 7 7 7 7 7 7 8 4 10 10 7 8 5 10 7 7 7 8 7 11 11 2 3 5 11 11 2 3 5 10 2 11 4 3 4 5 4 4 4 4 4 11 4 5 4 4 4 10 10 8 7 7 7 8 4 10 10 2 8 10 7 10 7 7 7 8 7 8 11 5 9 10 8 8
ppo_x50_b_fd_l4_linear,58,qv22_61,22,232,True,1267.0,5.8026556968688965,8 8 10 10 8 8 9 11 5 2 10 10 7 8 8 11 5 10 7 10 8 8 10 9 8 8 11 2 4 11 5 10 7 10 7 7 8 8 9 4 5 4 11 5 7 10 7 10 7 8 8 10 2 10 10 8 8 10 9 8 8 11 2 11 4 3 5 4 10 10 8 8 4 11 4 4 4 4 4 11 5 4 4 5 11 11 5 2 9 8 4 10 10 8 7 7 7 8 10 7 11 5 5 11 11 2 5 3 10 8 10 10 7 7 7 7 2 6 8 7 7 7 10 8 11 5 10 10 7 8 8 10 10 8 8 11 2 9 5 4 4 4 4 4 4 1 4 11 9 5 8 4 4 4 11 5 4 4 1 4 4 11 5 3 11 10 8 8 10 10 7 8 8 10 10 7 7 7 8 7 7 10 8 8 10 8 10 10 2 6 7 7 7 7 8 10 2 11 4 4 5 9 10 8 8 4 4 4 4 4 4 4 11 5 11 4 5 11 4 4 5 10 10 2 8 10 10 7 7 8 7 8 9 10 2 6 7 7 8 10 10 8 2 6 11 5 7 7 7 11 11 5 4 4 4 4 5 11 4 5 11 4 5 10 10 7 2 6 8 10 10 8 8 10 10 8 2 11 4 9 5 4 4 4 4 4 4 5 4 4 4 4 4 11 2 4 3 10 10 8 8 11 5 10 10 7 2 6 0 6 8 7 7 10 8 7 11 10 8 8 10 10 8 7 7 8 11 10 8 0 6 7 7 8 10 10 8 2 11 5 11 11 4 5 3 5 10 2 9 11 5 4 5 10 8 10 8 11 11 4 4 4 4 2 3 4 4 4 5 4 4 4 11 4 11 2 4 5 9 8 11 10 2 6 8 10 2 10 10 7 7 7 8 7 6 8 11 5 10 10 2 6 8 7 10 8 11 5 1 9 5 11 4 4 4 4 5 10 10 2 6 8 11 2 10 10 8 6 8 10 10 7 0 6 8 8 7 0 9 7 7 8 4 11 5 7 10 7 7 10 7 8 2 9 5 11 11 2 3 4 5 11 2 3 11 11 5 4 4 4 5 4 11 4 5 7 0 10 7 6 7 10 8 8 4 11 5 10 10 7 8 7 8 7 7 11 11 2 3 5 11 5 11 11 2 5 9 4 5 4 10 11 4 4 2 4 3 4 5 4 11 5 4 4 4 10 10 2 6 8 10 10 8 8 10 10 2 6 7 8 10 10 2 6 7 7 7 8 10 2 4 4 11 4 3 4 4 4 5 4 11 11 2 5 3 11 5 7 7 7 10 10 7 0 6 7 7 8 0 6 7 7 7 7 8 10 11 5 5 7 10 10 2 8 9 5 7 7 7 11 11 5 5 4 4 4 4 4 4 11 5 10 7 7 8 11 10 8 8 7 11 11 5 5 11 11 5 5 4 4 4 10 8 10 10 8 8 11 4 5 11 11 5 5 4 11 4 11 2 5 4 4 4 10 10 8 6 7 8 7 10 10 8 8 10 7 8 7 7 7 7 10 8 4 11 11 2 5 9 8 11 11 5 4 4 4 4 5 4 11 10 2 8 3 10 10 8 8 7 7 10 4 10 8 7 7 7 7 10 8 7 8 7 11 2 11 11 5 3 4 4 4 4 5 10 1 11 5 3 4 4 4 4 5 10 2 7 10 8 11 9 5 5 4 4 4 4 4 10 2 10 10 8 7 9 8 7 8 10 7 10 8 10 8 2 3 10 8 10 10 8 2 10 7 7 7 6 10 2 6 7 7 8 10 2 6 11 11 4 4 5 5 7 11 11 5 4 5 4 4 4 11 5 10 8 10 10 8 2 10 8 6 11 11 2 5 11 4 3 4 11 5 4 4 4 5 11 5 0 6 7 11 5 7 7 0 6 10 8 7 7 7 10 8 10 10 8 7 8 7 7 11 11 2 5 11 4 3 4 4 5 4 4 4 4 11 11 5 2 9 4 5 7 7 7 7 10 7 8 4 10 10 2 8 9 8 7 11 10 8 8 7 7 10 10 2 6 7 7 8 10 2 11 11 3 2 3 4 4 4 4 5 4 4 1 9 5 7 11 11 5 5 4 11 5 10 8 4 11 11 4 4 2 5 9 8 7 11 11 5 2 11 11 5 4 3 5 10 8 7 7 7 10 8 4 10 10 8 8 10 7 10 7 2 6 8 7 10 8 1 9 5 11 11 2 3 4 4 5 4 4 4 11 11 2 5 11 4 5 3 10 7 8 7 7 7 7 7 7 11 5 10 10 8 7 8 10 7 10 8 7 8 11 4 10 8 8 10 8 10 7 10 8 2 10 8 6 11 11 2 5 3 4 4 4 4 4 4 4 4 4 4 4 11 5 10 11 4 2 5 3 10 8 7 1 9 10 8 8 10 10 7 7 8 2 10 10 8 7 6 7 8 7 11 5 10 10 8 7 8 11 5 1 4 4 4 4 4 4 4 4 4 9 4 4 5 4 4 11 11 2 3 5 11 10 8 8 10 10 8 8 7 7 10 8 4 10 10 8 7 8 7 7 7 7 7 7 10 8 11 5 10 10 7 2 6 8 10 10 2 8 9 5 11 11 2 3 5 7 10 8 7 11 11 5 4 4 4 4 5 0 11 9 5 5 4 4 11 4 5 11 4 4 5 4 4 10 10 2 8 6 7 10 8 10 8 7 10 10 8 2 7 10 9 8 8 1 4 9 5 4 4 4 4 4 10 8 11 5 11 11 2 3 4 4 4 4 5 11 2 10 10 8 8 10 10 8 7 7 7 7 6 7 8 4 10 10 8 7 7 7 7 10 7 8 7 8 11 2 6 11 11 5 5 11 4 5 10 10 8 8 11 11 4 4 2 5
ppo_x50_b_fd_l4_linear,59,qv22_62,22,229,True,1261.0,5.484857559204102,8 8 10 10 8 8 9 11 5 2 10 10 7 8 8 11 5 10 7 10 8 8 10 9 8 8 4 11 2 11 5 10 7 10 7 7 8 8 9 5 10 10 8 8 10 10 8 8 11 5 10 10 0 6 8 8 10 2 10 9 8 8 4 4 4 4 4 4 10 8 11 11 5 4 4 5 10 8 4 4 4 4 4 4 4 11 11 5 2 3 7 10 8 10 10 7 8 7 7 7 7 7 8 10 10 8 7 7 7 7 7 8 10 10 8 8 4 4 11 4 5 1 3 4 11 4 4 5 4 4 11 5 11 4 4 11 5 2 6 11 4 4 5 11 11 2 5 10 8 10 10 7 7 7 8 6 7 7 8 7 10 7 7 10 8 8 11 5 7 10 10 7 8 8 7 11 11 2 5 9 8 11 11 2 5 6 11 4 4 4 5 4 4 4 4 4 1 4 4 9 5 4 4 11 11 2 5 7 9 8 10 7 7 10 0 7 7 8 8 7 6 7 10 7 8 4 10 10 8 7 7 7 7 8 11 2 10 9 8 8 1 9 5 11 11 5 5 11 4 4 5 1 3 4 4 4 4 11 5 10 7 2 9 11 5 5 4 11 5 4 4 10 10 8 2 10 10 7 7 7 7 7 7 8 7 8 10 7 7 6 7 8 10 10 8 2 6 4 11 4 4 5 11 11 5 5 10 8 11 11 2 3 4 5 10 8 4 4 4 11 5 4 10 11 2 3 5 11 11 5 4 4 4 2 3 4 10 10 8 7 7 7 7 7 7 7 8 10 10 7 8 8 7 7 7 10 8 10 7 7 8 11 11 2 3 5 1 3 4 4 4 4 4 11 4 5 11 0 9 5 5 4 4 4 11 5 4 4 4 4 10 10 8 2 10 7 10 8 7 8 9 10 8 7 7 7 8 10 2 10 10 8 6 8 7 10 10 7 8 8 10 2 11 9 5 5 4 4 11 5 4 4 4 4 11 0 9 5 5 4 10 10 8 8 11 4 4 5 4 0 10 7 7 7 6 0 6 7 8 7 7 10 10 7 8 2 6 7 7 11 11 5 2 3 11 5 11 5 4 4 4 4 4 4 4 4 11 5 10 8 10 10 2 8 6 7 10 7 8 11 10 8 8 7 7 10 10 2 7 8 11 5 9 10 8 8 7 11 11 2 3 4 4 4 5 11 11 2 3 5 11 11 5 2 11 9 5 5 4 4 4 1 3 4 11 4 5 10 10 8 2 10 8 10 6 7 8 10 8 11 4 11 2 5 7 7 7 6 7 7 10 8 7 11 11 2 5 11 9 5 5 11 11 4 5 4 4 2 3 4 4 11 11 5 2 4 3 10 10 8 7 7 7 8 7 7 10 10 8 2 3 7 10 8 7 7 7 7 10 8 11 5 7 7 7 11 11 2 5 3 4 11 5 4 11 11 2 3 4 4 4 5 4 10 2 6 7 7 7 7 11 10 8 8 10 10 8 8 11 10 2 6 8 7 10 10 2 8 7 6 11 11 5 4 4 4 11 5 4 4 5 4 4 4 4 1 3 4 4 10 11 5 5 4 4 4 10 10 8 2 6 7 10 8 10 10 8 7 8 10 10 8 2 6 10 8 7 10 8 7 7 7 11 11 2 3 5 4 4 4 11 11 2 5 4 4 3 4 4 11 5 7 11 11 5 5 10 8 10 10 7 7 7 8 7 7 8 11 2 9 11 5 5 7 7 11 10 8 8 1 9 10 8 8 7 7 10 10 2 6 7 7 8 11 7 2 6 11 11 5 1 4 3 4 5 11 11 2 3 4 4 5 4 11 5 11 4 4 5 4 11 5 4 10 10 8 2 7 6 10 10 7 7 7 8 7 8 4 11 5 7 10 10 2 6 7 7 8 7 10 10 8 2 9 8 4 4 11 5 11 11 2 3 5 11 4 11 2 5 6 11 11 5 4 5 7 10 8 4 11 11 5 2 11 4 5 4 4 4 3 4 10 10 2 6 7 7 8 7 7 7 7 7 7 7 10 8 11 5 7 7 10 7 7 11 5 2 9 11 5 5 4 11 5 10 8 10 10 8 8 11 4 5 4 4 4 11 5 10 8 7 7 11 11 2 5 4 3 4 4 4 4 11 4 5 11 4 5 10 10 8 2 10 10 7 8 8 10 10 8 8 7 7 9 8 4 4 4 11 5 11 10 8 7 7 7 7 7 8 10 10 8 2 10 8 6 7 10 10 8 7 8 11 11 5 2 9 8 10 11 5 5 4 7 4 4 11 11 5 4 4 4 4 1 4 3 5 10 10 8 8 7 10 8 7 7 7 7 7 7 10 10 2 6 8 10 2 6 11 11 5 4 4 5 7 10 8 11 11 5 5 11 11 2 5 4 4 3 4 4 11 5 4 4 1 3 4 11 5 7 11 11 5 5 11 4 11 2 5 10 8 10 10 6 8 8 10 7 10 8 7 7 7 8 11 2 9 10 8 8 10 8 10 10 8 2 6 10 8 7 7 7 7 11 11 5 2 9 4 4 4 5 11 11 4 4 4 5 8 4 4 4 4 4 10 8 11 11 5 4 11 5 2 4 3 10 10 7 2 8 9 7 8 11 11 5 2 6 7 10 7 7 10 8 8 7 7 10 8 11 11 5 5 10 8 10 10 2 6 8 7 7 7 7 7 10 10 2 8 6 11 4 4 11 4 2 3 4 4 4 4 4 4 5 10 8 11 11 5 4 4 4 4 5 11 11 5 2 11 5 3 10 10 8 7 7 8 10 10 8 8 7 7 7 7 7 7 7 11 5 10 10 8 8 11 2 9 10 8 8 11 4 11 4 4 5 4 4 4 4 5
ppo_x50_b_fd_l4_linear,60,qv22_63,22,232,True,1269.0,5.512779474258423,8 8 10 10 8 8 9 11 5 2 10 10 7 8 8 11 5 9 11 2 5 10 7 10 7 8 8 10 9 8 8 10 2 10 10 8 8 10 10 8 8 9 10 8 8 11 5 10 11 5 1 3 4 4 5 11 11 2 5 10 8 3 4 4 11 11 5 2 3 7 7 10 10 7 2 6 7 8 10 10 7 7 7 7 8 8 4 11 4 5 10 7 10 8 8 11 4 5 10 10 8 8 10 10 8 8 4 11 10 2 8 9 8 7 7 11 11 5 5 4 4 4 4 4 4 4 4 11 0 9 5 5 4 11 5 7 10 10 8 8 11 4 4 11 5 5 4 4 4 4 4 10 10 2 8 9 8 10 10 2 6 7 7 8 10 11 2 5 10 10 8 7 7 6 7 7 0 6 7 8 7 7 7 11 11 5 2 9 4 4 5 10 8 4 11 11 5 2 9 5 7 7 11 11 2 3 4 5 4 4 4 4 1 4 9 5 10 10 8 8 11 5 4 4 4 4 11 4 10 8 8 11 5 10 10 7 7 8 2 6 10 7 7 10 7 8 7 7 8 4 11 5 7 10 10 7 7 7 8 8 10 7 8 10 10 2 8 6 11 4 5 11 11 5 4 5 11 11 2 5 10 8 9 11 5 5 10 11 5 4 5 4 4 4 4 4 4 4 11 11 5 2 9 5 10 10 7 0 7 7 7 6 7 7 7 2 6 7 7 7 8 10 7 7 7 10 8 2 6 11 5 11 11 5 4 5 4 4 4 10 8 11 11 5 4 5 4 1 9 4 5 11 4 10 2 8 6 10 8 10 10 8 8 11 4 4 4 5 7 10 7 8 10 10 8 8 7 10 10 7 7 8 5 10 7 8 11 11 2 5 9 4 5 11 11 5 4 11 5 4 4 5 10 8 4 4 4 4 4 11 11 2 5 11 5 10 6 7 8 10 10 7 8 7 10 8 7 7 8 11 2 9 10 8 7 7 7 7 7 8 7 7 10 11 2 5 11 11 5 3 4 5 4 4 4 4 11 5 4 4 4 10 8 11 11 2 3 5 11 2 4 9 11 5 4 4 2 3 4 10 10 8 7 7 7 7 7 0 6 8 7 10 8 7 11 11 5 4 5 10 8 7 7 7 10 10 8 2 9 8 7 11 11 2 5 9 5 4 4 11 11 5 2 11 4 9 5 4 5 11 11 2 5 6 4 4 4 4 11 5 10 10 7 7 8 2 6 10 10 7 8 0 6 8 10 8 10 7 7 0 9 8 7 8 7 7 7 10 10 8 2 6 11 11 2 3 4 4 1 3 4 5 7 10 8 10 8 11 11 4 4 4 2 5 9 8 10 8 4 11 11 2 3 4 4 4 5 11 5 10 11 5 4 5 11 11 5 2 3 10 8 10 10 7 7 7 8 8 7 11 11 2 5 4 3 11 5 10 10 7 8 7 7 7 8 10 10 2 8 6 7 10 8 7 7 11 11 2 5 11 9 5 5 11 11 2 3 4 4 5 11 11 5 2 9 8 11 4 4 5 11 11 5 4 5 7 7 10 8 10 10 7 2 6 7 7 8 7 7 7 10 10 8 2 9 7 7 7 8 10 11 5 4 5 11 11 4 4 2 3 5 4 4 11 5 4 11 5 11 4 2 9 11 2 3 5 4 4 4 4 11 2 3 10 10 7 7 8 7 7 7 7 7 8 11 10 8 8 4 10 10 8 8 7 7 7 10 8 7 7 7 11 11 2 5 4 4 9 5 4 11 11 2 5 11 3 4 4 4 4 5 4 4 4 10 10 8 2 9 8 10 8 7 10 10 8 10 8 7 7 8 4 10 10 8 7 7 7 8 10 10 2 6 7 8 10 2 11 11 5 4 4 3 5 11 4 5 4 4 4 4 4 4 11 4 4 4 5 4 4 11 5 10 10 7 7 2 8 10 10 7 8 7 7 6 7 7 8 11 10 8 7 8 7 10 10 2 6 8 7 10 10 2 8 9 5 10 11 4 5 2 10 8 11 11 4 3 4 4 5 4 4 5 4 11 4 2 9 5 10 10 8 8 0 9 8 7 10 10 8 2 9 8 7 11 11 5 4 5 4 4 4 1 3 4 4 4 4 11 4 4 5 10 10 7 2 8 9 8 10 10 7 8 7 7 8 4 10 10 8 7 7 8 10 7 11 5 5 4 4 11 5 7 7 10 10 2 6 8 7 10 8 7 10 8 7 7 7 11 11 2 5 4 3 4 4 11 5 11 11 5 4 4 4 4 5 4 4 4 1 9 5 4 11 11 2 5 7 10 8 10 10 7 8 8 3 10 10 8 0 6 7 8 11 5 10 7 7 10 8 7 0 6 7 7 8 7 10 7 8 11 11 4 4 2 3 5 11 11 5 5 4 10 8 10 8 11 11 4 2 3 4 4 5 11 10 8 8 11 4 4 4 4 5 10 10 7 2 8 9 8 10 11 5 5 10 10 7 7 7 7 8 2 9 4 5 11 4 4 5 10 10 8 7 7 7 8 10 10 7 7 8 2 3 4 11 11 2 3 4 5 4 11 11 4 4 4 5 4 5 4 11 11 2 5 3 10 8 4 4 4 10 10 8 8 7 7 7 7 7 7 10 8 11 5 10 10 8 8 1 9 5 10 10 8 8 10 10 8 7 8 10 10 8 2 7 7 10 8 11 11 4 5 5 4 9 4 4 4 5 10 11 5 4 4 4 5 4 4 11 4 4 5 10 10 7 2 8 9 8 10 10 2 6 8 10 10 2 6 7 7 0 6 8 7 7 10 7 7 7 7 8 11 11 4 4 2 5 11 11 5 5 11 3 11 5 5 10 2 11 11 5 4 4 4 4 4 3 5
ppo_x50_b_fd_l4_linear,61,qv22_64,22,233,True,1270.0,5.496672630310059,8 8 10 10 8 8 9 11 4 2 5 10 10 7 7 8 8 9 5 10 10 8 8 10 10 8 8 11 5 4 11 5 10 7 10 7 7 8 8 11 5 4 10 10 8 8 10 10 8 8 10 10 8 8 11 5 10 10 7 8 8 10 10 8 8 11 5 1 9 10 8 8 11 11 5 4 4 1 3 5 11 11 2 3 4 1 3 4 5 4 4 4 4 4 11 11 2 5 3 10 7 8 10 10 8 7 7 0 9 8 7 8 10 10 8 2 9 8 7 11 10 8 8 7 10 10 8 8 11 10 8 7 8 10 10 8 8 10 2 3 4 11 5 4 10 10 2 8 10 8 7 11 9 5 5 4 10 11 5 4 1 3 5 7 11 11 5 5 11 11 5 4 4 4 4 4 5 4 11 11 2 5 9 8 1 9 5 11 11 2 5 3 10 8 10 10 7 7 2 8 10 6 7 8 10 10 2 6 8 7 7 11 10 8 8 7 7 10 8 11 5 7 7 7 7 11 11 2 5 11 4 3 4 4 5 11 11 4 4 5 4 4 5 11 4 10 2 8 6 7 10 8 7 7 11 11 5 2 11 9 5 5 11 4 4 4 1 4 5 4 4 3 10 10 7 7 8 8 10 10 2 8 9 8 11 10 8 8 7 7 7 7 7 10 8 10 8 11 5 7 7 7 0 6 11 11 5 5 11 4 4 5 11 5 0 6 7 7 7 10 8 4 10 10 8 8 7 7 11 11 2 3 5 4 4 11 11 4 1 5 4 3 4 4 5 10 8 11 11 5 5 10 8 4 11 11 2 5 4 9 5 4 1 3 10 10 8 8 10 10 8 5 7 7 7 7 7 10 8 11 5 4 10 10 2 6 7 7 8 10 2 9 11 5 5 11 11 2 5 9 11 5 4 4 4 4 4 4 1 4 5 3 10 10 8 8 10 10 7 7 7 8 10 8 7 8 7 7 7 10 8 11 5 11 11 5 2 11 4 3 5 4 4 10 8 10 10 8 8 11 4 4 4 5 4 4 4 4 10 11 5 5 4 10 10 2 8 7 7 7 10 6 7 8 4 11 2 3 10 10 7 8 7 10 7 8 0 6 7 7 8 10 7 7 7 8 7 11 11 2 4 5 9 8 11 11 1 3 2 3 4 4 4 5 4 11 11 2 5 9 5 4 10 10 2 8 6 4 11 11 5 4 5 4 4 4 10 10 2 8 6 7 10 7 8 10 10 7 7 8 8 10 0 9 8 7 7 8 7 1 9 10 8 8 7 7 11 11 5 2 11 4 4 3 11 5 4 5 11 4 5 4 11 5 4 4 10 10 2 8 7 9 8 10 10 8 7 8 7 7 11 11 2 5 6 11 11 4 5 4 4 4 4 5 4 4 4 4 4 11 5 7 11 2 10 10 8 6 8 10 7 8 7 7 11 5 10 10 8 7 7 7 8 11 2 9 4 4 5 7 11 10 8 7 8 7 10 8 4 10 10 8 7 8 11 11 2 5 9 10 8 7 7 7 7 8 11 2 11 3 11 5 4 5 1 9 11 5 4 4 4 5 11 4 4 4 5 4 4 4 4 4 4 10 10 8 2 10 10 8 7 7 7 6 7 8 10 7 10 8 0 6 7 7 7 7 7 8 10 10 2 7 8 9 5 11 11 4 4 5 1 3 4 4 4 5 10 2 9 11 5 4 5 4 4 11 5 10 8 10 7 11 5 5 11 4 0 9 5 5 4 4 11 5 0 10 10 8 8 9 10 8 8 7 7 10 8 7 10 10 8 7 7 8 4 10 10 8 7 8 7 11 11 2 5 11 11 5 4 5 3 11 4 5 11 11 5 5 4 4 4 11 5 11 11 5 2 11 9 5 4 5 11 10 8 2 10 10 8 9 8 8 11 5 10 7 10 7 8 2 10 6 7 7 7 7 10 8 8 7 10 8 7 7 7 7 11 11 5 2 9 4 5 7 11 11 5 4 4 4 5 11 11 5 2 3 10 8 10 10 8 7 7 7 8 11 4 11 2 5 3 4 11 4 5 11 11 5 2 11 5 9 5 11 4 4 5 10 7 10 8 2 3 10 10 8 5 7 7 7 7 10 8 11 5 4 10 10 8 8 7 10 10 2 8 6 10 10 8 7 7 8 7 10 11 5 5 4 4 4 4 4 10 8 11 11 5 4 4 4 4 4 4 5 11 2 11 3 5 4 11 11 5 2 9 7 8 7 10 10 2 6 7 7 7 7 7 7 7 7 7 8 11 5 7 7 7 7 11 11 2 5 3 11 5 11 4 11 5 4 4 4 4 4 4 1 3 4 5 4 4 4 4 10 10 8 2 9 8 7 10 8 4 10 10 8 7 10 2 8 3 10 8 11 10 2 6 8 10 8 7 7 7 11 10 8 7 7 8 7 10 8 7 7 11 11 2 3 4 4 5 4 11 5 11 4 11 2 3 5 4 11 5 11 11 5 8 4 4 4 11 5 10 8 10 10 2 8 10 8 9 10 8 7 8 11 10 8 8 1 3 4 10 8 11 4 5 4 4 1 3 4 4 4 11 11 2 5 7 10 8 10 10 7 8 6 8 7 7 7 10 11 5 5 10 11 5 4 5 10 10 2 8 10 8 10 10 8 7 6 7 8 11 5 10 10 8 8 10 10 8 8 10 8 10 10 2 8 3 11 11 5 4 5 11 11 4 5 5 4 4 4 4 4 4 4 11 4 4 4 5 10 10 2 8 10 7 7 10 8 6 8 10 10 7 2 6 7 7 8 4 11 4 5 10 10 7 8 7 8 4 10 10 2 6 7 7 8 10 7 8 10 10 2 8 6 11 4 11 4 5 5 11 11 4 4 4 4 2 5
ppo_x50_b_fd_l4_linear,62,qv22_65,22,234,True,1275.0,5.519306421279907,8 8 10 10 8 8 9 11 4 2 5 10 10 7 7 8 8 9 5 11 4 5 10 10 8 2 4 11 4 5 7 10 7 7 7 10 8 8 10 10 8 8 9 5 10 4 4 4 5 4 4 11 5 4 10 10 8 8 10 10 7 7 7 7 7 8 8 10 10 8 8 10 10 8 8 10 10 8 8 11 5 4 1 9 4 5 4 4 11 11 2 5 3 10 7 8 10 10 7 8 2 10 9 8 5 10 10 8 8 10 2 10 6 10 8 8 10 10 8 8 11 5 11 11 5 2 4 3 11 5 11 11 2 3 5 4 4 11 5 4 4 4 4 10 10 2 8 10 7 7 6 8 7 10 10 2 6 8 7 10 10 2 6 7 7 7 8 4 11 2 3 11 11 5 4 4 5 4 4 4 4 0 9 11 5 5 4 4 4 4 4 11 5 4 4 10 10 8 2 10 10 8 8 7 6 7 11 10 8 8 10 10 7 7 8 8 7 7 7 7 7 10 8 11 5 4 4 10 10 8 7 8 10 10 2 8 9 8 4 4 4 1 3 4 11 5 11 5 11 11 2 5 3 4 11 4 5 4 10 10 8 7 7 8 7 7 7 7 10 8 10 10 7 8 5 10 2 10 8 6 11 11 5 2 3 4 11 5 11 11 5 5 11 11 2 3 5 4 4 4 4 4 4 11 5 4 11 4 5 11 11 2 5 7 9 8 10 10 8 8 7 1 9 10 8 8 4 4 11 5 10 10 7 7 7 7 7 7 2 6 7 8 7 10 7 8 10 10 7 8 2 6 4 11 1 3 4 4 5 4 4 4 4 4 4 4 4 11 1 4 3 5 10 8 10 10 8 2 10 10 8 8 10 10 8 8 7 7 7 6 7 10 8 11 5 10 10 8 7 8 7 10 10 7 8 2 9 5 11 11 2 5 9 11 5 4 4 4 4 4 4 5 4 11 4 11 2 5 9 4 5 4 11 11 5 2 4 3 10 7 8 10 10 7 7 7 7 7 7 8 7 8 10 2 10 10 8 7 6 8 10 7 10 2 8 7 6 11 11 5 5 11 10 8 8 11 4 11 5 5 11 11 5 4 5 10 11 2 3 5 10 7 8 4 11 4 4 4 4 5 11 5 0 10 10 7 6 7 8 8 11 5 10 10 8 2 9 10 8 8 10 7 8 10 7 7 8 7 11 11 2 3 5 4 11 11 4 5 4 5 11 11 2 5 4 4 4 4 3 4 1 9 5 4 4 4 11 11 2 5 9 8 10 10 7 8 7 7 8 0 10 9 8 5 10 10 7 7 8 8 11 5 4 10 10 8 7 7 8 10 10 2 8 7 7 9 8 7 11 11 2 3 4 4 4 4 5 4 10 11 5 5 7 11 11 2 3 4 5 10 8 4 4 4 4 11 11 5 2 3 11 5 10 10 8 7 7 7 7 8 7 7 11 5 10 10 8 7 7 8 7 7 10 8 11 2 3 10 10 8 8 7 10 10 8 2 6 11 5 11 11 4 5 4 4 11 5 4 5 10 2 9 11 2 3 5 11 5 4 4 4 4 10 10 8 2 10 6 10 8 7 7 10 2 6 8 10 7 11 5 4 5 10 7 7 8 10 7 7 7 8 7 11 11 2 5 9 5 11 11 5 1 3 4 5 4 1 9 4 4 5 4 10 10 8 7 8 4 4 11 4 4 5 4 4 4 4 11 11 5 2 3 10 10 7 7 7 2 6 7 7 8 7 10 10 8 8 7 10 10 8 8 10 8 10 10 2 8 9 7 7 8 11 11 4 4 4 5 2 3 4 11 5 11 11 2 4 5 11 3 4 5 4 4 11 5 7 10 10 8 2 9 7 8 4 10 10 8 7 8 7 7 7 7 10 8 7 0 9 11 5 5 4 4 11 5 11 4 5 4 11 11 2 5 11 11 5 3 4 4 4 4 5 10 2 10 10 8 6 8 10 7 8 10 10 7 7 7 2 6 7 7 8 10 10 7 2 6 7 8 11 5 4 10 10 8 8 1 9 5 11 4 4 5 4 4 10 10 2 8 7 11 9 8 8 4 11 5 7 7 7 11 11 5 4 4 4 4 4 5 7 11 2 9 10 8 8 10 10 2 8 6 4 4 4 11 11 5 4 4 4 4 5 4 11 2 3 7 11 10 8 7 7 8 7 7 7 10 8 10 10 7 7 7 7 7 7 7 8 7 7 8 4 11 5 11 10 2 8 10 9 8 8 4 4 4 4 4 4 10 8 11 11 5 4 4 4 4 4 5 4 1 4 9 5 10 11 4 2 3 5 11 4 5 10 10 7 8 7 7 10 8 8 7 7 7 10 8 7 7 10 7 8 7 10 8 7 10 10 2 8 6 4 4 11 11 5 5 10 7 11 5 5 11 5 11 11 5 2 11 4 3 4 5 10 11 5 5 4 11 11 4 5 2 9 8 4 4 4 4 4 10 10 2 8 10 6 10 7 2 6 8 7 7 7 7 10 7 8 11 11 5 5 10 7 7 8 7 7 10 8 10 10 8 2 6 4 11 11 2 3 5 10 8 7 11 11 5 5 7 10 8 11 11 2 3 4 4 4 4 5 11 11 5 5 4 4 4 11 5 10 8 11 11 2 3 4 5 11 4 11 5 2 10 8 6 10 10 8 7 7 7 8 10 10 7 8 7 7 7 8 4 11 5 10 10 7 2 6 7 8 7 10 7 7 7 10 2 8 9 5 11 11 5 5 1 4 9 10 8 8 11 11 5 4 4 4 5 7 7 11 11 5 5 4 4 4 4 10 8 11 11 5 4 4 4 4 5 11 4 4 5 10 7 10 7 2 6 8 10 10 2 8 10 7 10 7 6 7 8 7 7 7 7 8
ppo_x50_b_fd_l4_linear,63,qv22_66,22,232,True,1275.0,5.560915946960449,8 8 10 10 8 8 9 11 2 3 5 10 10 7 8 8 11 5 10 10 8 2 10 10 8 8 10 10 8 8 9 5 10 10 8 8 10 2 9 11 5 4 4 5 11 4 5 4 11 11 5 2 10 7 8 10 10 8 7 7 7 8 10 10 7 8 8 9 10 8 8 11 2 3 4 11 10 8 8 10 10 7 8 8 10 10 8 8 10 10 8 8 11 10 2 8 9 11 5 4 5 7 11 11 5 5 11 11 5 5 10 7 8 11 11 5 5 4 4 11 11 4 4 2 3 5 11 4 4 4 4 11 5 2 3 10 7 7 10 7 7 8 7 7 8 11 5 4 10 10 2 6 7 7 8 10 10 8 7 7 8 4 11 4 5 7 11 11 2 5 4 3 4 11 11 5 5 4 4 4 4 4 11 5 11 11 5 2 3 7 7 10 8 10 10 2 8 7 9 8 10 10 7 2 6 7 8 10 10 8 7 7 7 7 7 7 8 7 11 11 2 5 3 11 5 7 11 11 5 2 3 4 4 11 5 4 11 5 10 10 8 4 5 4 4 4 4 4 4 4 10 8 11 5 4 10 10 2 8 7 6 10 10 8 7 7 7 7 7 7 8 10 10 7 8 2 6 4 11 11 4 2 4 3 4 4 5 10 2 6 10 8 7 10 10 2 6 7 7 7 7 8 7 11 2 9 11 5 5 11 5 11 5 11 11 4 4 4 4 4 5 4 4 5 11 11 4 2 5 4 11 5 3 10 10 7 7 8 7 0 6 8 7 11 5 10 10 8 7 8 10 8 7 10 8 11 5 10 7 10 2 6 7 7 7 8 10 2 6 11 11 4 5 5 4 4 4 4 4 4 4 4 11 4 5 0 9 8 7 11 11 5 4 5 7 10 8 10 7 7 10 2 8 6 10 8 7 7 10 8 7 11 1 11 5 4 3 5 4 4 4 1 9 5 4 4 4 4 4 10 11 5 5 11 11 2 5 3 10 8 10 10 7 7 7 7 2 8 9 10 8 7 8 11 5 4 10 10 8 7 8 7 7 10 8 7 7 11 11 2 5 11 3 5 11 4 4 4 4 5 4 4 4 4 11 11 4 4 2 5 10 8 10 10 7 7 7 7 7 8 6 7 7 7 8 11 11 5 5 10 7 7 7 10 8 7 7 7 7 8 11 11 5 2 4 9 5 4 11 5 10 8 4 4 4 11 11 5 4 4 5 4 10 10 8 7 8 11 0 9 5 5 4 11 4 4 5 10 11 5 4 4 5 4 10 10 2 8 10 7 10 8 6 7 8 10 7 10 2 6 7 7 8 10 10 2 6 7 7 8 10 10 8 7 8 7 11 11 2 5 9 5 4 1 3 4 4 4 4 4 1 9 5 4 4 1 9 5 4 11 11 2 5 7 10 8 10 10 6 8 8 10 8 10 10 8 8 10 10 7 7 8 0 6 8 10 7 8 10 10 8 2 3 11 11 5 5 4 4 4 11 5 11 11 5 5 4 4 4 4 4 4 4 11 4 4 5 10 10 2 6 8 10 7 8 7 7 7 1 9 10 8 8 11 10 2 6 7 7 8 10 10 7 8 2 10 10 7 8 8 10 7 8 9 11 5 5 11 5 4 4 4 4 4 4 4 4 4 11 5 11 4 11 5 2 9 11 5 5 10 8 10 11 2 3 5 4 4 11 2 3 10 10 7 7 8 7 7 7 7 8 11 4 10 8 8 10 10 2 6 8 10 10 7 8 7 7 7 7 7 8 4 11 5 7 10 10 2 8 6 11 11 4 2 3 4 4 4 4 5 11 5 11 11 5 4 4 4 5 11 4 5 10 10 8 2 11 4 4 3 4 4 5 10 7 10 8 7 7 7 7 8 7 10 7 7 10 8 7 8 4 10 10 8 7 8 10 10 8 2 9 8 7 11 11 5 4 5 11 11 2 3 4 5 4 11 5 10 8 11 11 2 3 4 4 4 5 7 11 4 5 7 11 11 5 5 10 7 8 4 11 11 5 4 5 4 10 10 8 2 6 7 7 10 10 7 8 10 7 2 6 7 7 7 7 7 8 10 7 10 2 8 9 5 4 4 11 5 4 4 4 1 10 9 5 4 4 5 11 4 5 10 10 8 8 11 4 4 4 4 4 5 11 11 5 2 6 10 8 11 11 2 5 3 10 8 10 10 7 7 8 7 8 10 10 7 7 0 6 7 8 8 10 7 7 8 10 10 2 6 7 8 7 11 2 9 11 5 5 4 4 4 11 5 10 11 2 3 5 11 11 2 5 4 4 9 5 4 11 11 4 4 5 2 6 10 8 4 10 10 8 7 7 7 7 7 8 10 7 10 7 8 8 4 4 4 4 11 5 10 7 11 2 5 9 5 7 7 7 10 11 5 5 10 7 7 7 7 7 10 2 8 6 11 5 11 4 11 2 3 5 4 4 4 4 11 4 5 11 4 5 4 11 4 4 5 11 5 10 10 7 7 8 8 10 10 2 8 10 9 8 8 10 2 10 10 8 8 7 7 9 8 1 3 4 4 4 4 4 4 11 5 4 10 10 2 8 9 8 10 10 8 2 3 4 11 5 4 4 4 11 11 5 2 3 4 10 10 8 7 7 7 7 7 7 7 8 10 10 8 7 7 8 4 11 4 5 10 10 7 7 7 7 2 6 8 7 7 7 11 11 5 2 3 4 4 11 5 7 10 7 7 8 11 11 5 5 4 4 11 5 7 11 11 5 4 4 4 5 11 4 5 11 11 4 2 5 9 8 4 10 10 8 7 7 7 7 8 10 10 8 2 10 10 8 6 7 8 11 5 7 7 7 7 7 11 11 2 5 11 11 4 4 3 5 4 4 4 4 4 5 10 10 2 8
ppo_x50_b_fd_l4_linear,64,qv22_67,22,229,True,1263.0,5.628739833831787,8 8 10 10 8 8 9 11 5 2 10 10 7 8 8 9 5 10 10 8 8 10 10 8 8 11 5 7 10 10 8 8 10 10 8 8 11 5 4 11 5 10 7 10 7 7 8 8 10 10 8 8 11 5 10 10 7 8 8 10 10 8 8 11 1 3 4 5 10 10 8 8 4 11 11 5 4 5 11 11 2 3 5 11 5 4 4 4 11 5 7 11 11 2 5 11 3 4 4 4 4 11 4 2 5 10 7 8 7 7 7 6 7 7 7 7 7 7 7 7 10 8 11 11 5 5 7 10 8 7 7 7 7 7 11 11 2 5 4 3 11 5 11 11 5 8 4 4 4 4 11 5 10 8 11 11 5 4 5 11 11 4 5 2 9 8 10 8 10 10 7 8 2 10 7 7 7 6 8 7 7 10 10 2 8 9 4 11 4 5 4 5 4 11 5 4 4 11 4 4 11 4 4 4 5 7 2 6 7 11 5 10 8 7 7 7 11 5 10 10 2 6 7 7 7 8 7 7 0 9 8 7 7 7 10 10 2 8 6 11 4 11 4 5 4 4 11 5 5 4 4 4 4 11 2 6 10 11 5 5 4 11 11 5 4 4 4 2 3 4 10 10 8 8 7 7 7 7 7 7 7 10 7 7 7 8 10 7 2 9 11 5 5 11 5 4 4 11 11 5 2 10 8 10 10 6 8 7 8 4 11 2 3 4 1 3 4 4 11 5 7 11 11 2 3 4 4 4 5 4 4 11 2 9 10 8 8 10 7 7 7 8 11 11 2 5 3 10 7 8 10 10 7 7 7 8 7 7 8 0 9 10 8 8 10 8 11 10 2 6 7 8 10 8 7 11 11 2 5 11 4 5 11 3 11 5 4 5 11 5 11 4 11 5 2 4 11 5 4 9 11 4 5 4 2 3 10 7 7 10 7 7 2 6 7 7 8 11 2 9 10 8 8 10 11 5 5 7 10 10 8 8 10 7 10 8 2 6 7 11 11 5 5 11 4 1 3 4 4 4 5 4 4 4 4 4 11 5 11 5 4 4 10 10 2 8 9 10 8 7 8 10 10 7 7 2 6 7 7 7 8 10 10 2 6 7 7 8 1 9 10 8 8 10 10 8 2 6 11 5 11 11 4 4 4 5 4 4 4 5 10 7 11 5 2 4 4 3 11 5 4 4 4 11 11 5 2 3 10 8 10 10 8 2 10 10 8 7 7 8 7 7 9 7 7 8 7 7 10 10 2 8 10 8 7 7 6 11 4 11 5 4 5 11 4 11 4 5 4 5 11 4 5 10 7 7 8 4 10 10 8 8 4 11 4 4 4 5 11 4 5 10 10 2 6 7 7 8 7 11 2 9 11 5 4 4 5 4 4 11 5 10 8 4 11 11 5 2 4 3 10 10 8 7 7 7 7 7 7 8 10 8 10 10 8 2 10 7 10 8 7 8 3 4 4 4 4 10 8 11 11 5 5 4 4 4 4 4 11 4 4 11 2 5 3 10 8 11 10 8 8 10 10 7 7 7 8 7 7 7 7 7 8 11 2 9 5 10 0 6 10 7 7 8 7 8 7 10 10 8 2 9 5 11 11 2 5 11 11 5 9 5 5 0 9 11 5 5 4 4 4 4 4 11 5 11 5 4 10 10 8 2 7 10 9 8 8 7 11 2 9 10 8 7 8 4 4 11 2 9 11 5 5 4 4 4 4 4 11 11 5 4 4 2 3 10 10 8 7 7 8 10 10 2 6 7 7 8 7 10 7 7 7 7 8 7 11 11 2 3 4 4 5 11 5 4 11 11 5 2 9 5 11 11 5 2 9 4 4 5 10 11 5 5 10 10 7 7 7 7 8 7 7 7 7 8 10 10 8 7 7 8 7 10 10 8 2 9 4 5 11 11 5 4 5 4 4 4 11 5 10 8 10 10 8 2 6 4 11 4 4 5 7 11 11 5 4 4 5 11 11 2 5 9 8 1 9 10 8 8 10 7 7 7 10 2 8 9 5 7 10 10 7 8 0 6 7 8 7 10 10 2 8 6 4 4 4 11 5 4 4 10 8 11 11 2 3 4 4 4 4 4 5 10 2 11 9 8 8 4 4 10 11 5 5 4 11 11 2 5 3 7 10 7 7 8 4 10 10 8 7 8 11 10 2 6 7 8 7 7 7 11 10 8 8 10 10 8 7 7 8 11 11 2 3 5 4 4 4 4 4 4 11 5 11 4 4 4 4 4 4 5 4 4 10 10 8 2 6 10 8 10 8 4 10 10 8 7 8 10 7 10 8 2 6 7 7 7 10 8 7 11 10 8 8 7 7 7 10 10 8 2 4 11 5 11 4 3 11 4 4 5 5 4 4 4 4 4 11 4 5 11 4 5 4 4 11 5 10 10 8 2 10 7 10 6 8 7 8 10 10 8 8 10 10 7 2 8 7 9 7 8 10 10 2 8 7 7 9 7 8 11 11 4 5 4 5 11 11 5 5 11 11 2 3 5 10 8 4 10 10 8 8 11 4 5 4 4 11 11 2 4 4 5 3 10 7 8 11 11 5 5 4 10 10 8 7 7 7 7 7 8 7 7 7 7 7 11 11 5 2 11 4 3 5 4 4 0 6 7 7 7 7 7 7 7 7 7 11 11 5 2 9 4 5 11 11 5 5 0 9 11 5 5 4 4 4 11 5 4 4 4 4 11 5 11 11 2 5 4 4 3 10 10 8 8 7 7 10 8 4 10 10 8 7 8 7 7 10 8 7 10 8 11 5 4 4 10 10 8 8 7 7 7 7 10 8 7 11 11 2 5 9 5 11 11 5 4 5 7 11 11 2 3 5 11 4 11 4 4 4 2 5
ppo_x50_b_fd_l4_linear,65,qv22_68,22,233,True,1298.0,8.723978757858276,8 8 10 10 8 8 9 11 4 2 5 10 10 7 7 8 8 11 5 10 10 7 8 8 10 10 8 8 10 9 8 8 11 2 11 9 5 4 5 7 10 11 2 5 10 10 7 7 7 8 8 10 10 8 8 9 5 4 4 11 5 4 10 10 8 8 10 10 7 7 8 8 10 10 8 8 4 0 9 8 10 10 8 8 4 4 11 4 4 4 5 10 10 8 7 7 8 11 4 4 5 10 10 8 8 4 11 11 5 5 4 4 4 11 5 4 4 11 11 2 3 5 11 4 5 4 10 10 8 2 9 8 11 10 8 8 7 7 7 10 8 4 10 10 8 7 7 7 7 7 8 11 10 8 8 4 11 11 2 5 11 4 4 3 4 4 4 5 4 11 4 4 11 2 5 9 8 4 4 4 10 10 8 0 6 8 7 7 7 7 7 7 10 8 11 5 10 10 8 7 8 10 10 2 6 7 7 7 7 8 10 2 6 11 11 4 5 2 11 5 9 5 11 11 5 5 4 4 4 4 11 5 4 10 10 8 8 4 11 4 11 5 5 11 11 2 3 4 5 10 7 7 7 8 4 10 10 8 7 7 8 1 9 10 8 7 8 4 4 11 5 11 11 2 3 4 5 4 4 4 4 10 10 2 8 10 7 6 7 7 8 10 10 8 7 8 11 4 5 7 10 7 10 7 8 8 7 7 7 10 8 11 5 0 9 10 8 8 4 11 11 5 5 11 4 4 5 0 10 10 8 7 6 8 7 7 7 11 11 5 2 4 9 4 5 7 11 11 5 4 5 10 7 8 4 10 11 5 4 5 4 4 4 4 4 4 4 4 4 4 11 5 4 10 10 8 2 10 9 8 7 7 8 10 10 8 7 7 8 11 4 1 4 5 3 10 10 8 8 10 8 7 7 7 10 7 10 2 8 10 8 10 9 8 7 8 11 10 8 8 7 11 11 5 1 3 5 10 7 8 4 4 11 5 11 11 5 5 4 4 4 4 4 4 11 5 10 8 11 11 2 3 4 5 4 4 11 11 2 3 5 10 10 7 7 8 7 7 7 7 7 8 7 10 8 10 10 8 7 7 7 8 7 10 10 8 2 6 11 5 11 11 4 2 3 4 4 4 4 1 3 5 4 11 11 5 4 4 4 5 4 11 4 2 10 9 5 5 10 10 8 8 11 4 4 5 7 11 10 8 8 10 10 7 8 0 6 7 7 8 10 10 8 8 10 10 2 8 9 8 4 10 10 8 7 8 7 7 10 8 11 11 4 2 3 4 5 11 10 8 8 11 4 4 5 4 4 4 4 4 4 11 4 5 10 10 2 8 10 7 10 8 6 8 7 10 10 2 8 7 9 8 10 7 11 5 4 5 7 10 7 7 7 8 11 11 2 3 5 11 11 2 4 4 3 5 4 0 6 7 10 8 10 10 2 6 7 7 7 7 8 10 2 6 10 11 5 5 4 4 4 4 11 5 11 4 11 4 4 2 3 5 10 11 5 5 11 5 4 10 11 5 5 4 11 11 5 2 4 3 10 10 8 7 7 7 7 8 7 10 7 8 4 10 10 2 8 9 8 7 10 7 7 7 7 8 11 11 2 5 9 11 5 4 4 4 4 4 1 3 5 11 4 5 4 4 11 5 4 4 10 10 2 8 6 10 8 4 10 10 8 8 10 10 7 2 6 7 8 10 7 8 7 7 7 7 7 7 7 7 10 8 11 5 11 11 2 5 3 4 4 11 5 11 4 5 11 4 11 5 2 6 11 5 4 4 10 11 5 4 4 5 4 11 11 2 5 9 8 10 10 7 7 7 7 7 8 0 6 7 8 10 7 7 10 2 6 8 7 7 11 1 9 8 5 11 11 2 3 5 4 4 11 5 4 4 4 10 8 11 11 2 5 4 9 5 10 7 8 4 4 4 4 11 5 4 4 10 10 2 8 9 7 7 7 10 7 8 2 10 10 8 7 7 6 8 10 10 8 7 8 4 11 5 10 7 10 2 6 7 8 11 2 3 11 4 5 10 8 4 11 11 2 3 5 4 4 4 4 11 5 10 8 11 11 5 5 0 9 8 10 10 8 7 8 11 11 2 5 4 4 3 4 4 1 4 9 5 11 11 2 5 7 9 8 10 10 8 8 10 10 7 7 8 7 7 8 11 10 2 8 10 10 8 6 7 7 7 7 7 7 8 7 11 11 5 4 5 10 10 2 8 9 8 4 11 11 5 5 10 1 9 5 5 4 4 4 4 4 4 10 11 5 5 4 11 11 5 2 3 11 5 10 7 7 7 0 6 7 7 8 7 10 8 7 10 10 8 7 7 8 10 10 8 2 9 8 4 10 11 5 5 11 11 4 2 5 4 4 9 5 11 11 5 5 11 11 5 2 9 11 5 4 4 4 5 11 11 5 2 10 6 10 8 7 7 0 6 8 4 4 10 10 8 7 7 7 7 8 11 10 8 7 7 7 8 11 11 2 5 11 4 4 3 4 4 4 5 11 4 10 8 8 11 4 4 4 4 4 11 2 5 9 8 4 1 3 10 10 7 8 7 7 0 6 7 8 10 7 8 4 10 10 8 8 10 10 2 8 10 7 7 6 7 8 10 10 7 8 2 9 5 7 11 11 5 4 4 4 5 4 4 4 4 4 4 4 4 11 5 11 5 4 10 10 8 2 10 6 8 10 10 8 2 7 6 7 0 6 7 10 8 4 10 2 10 10 8 7 8 3 4 4 4 4 10 11 5 5 4 4 4 4 4 4 10 10 2 8 9 10 8 7 7 8 7 7 7 10 8 7 7 10 10 2 8 6 7 7 11 11 5 5 4 4 4 4 10 11 5 5 11 11 5 5 4 4 11 5 4 4 4 11 11 5 5 11 2 10 6 7 7 7 10 7 8 8 10 10 2 6 8 10 10 2 6 7 8
ppo_x50_b_fd_l4_linear,66,qv22_69,22,234,True,1317.0,5.623375177383423,8 8 10 10 8 8 9 11 5 2 10 10 7 8 8 9 5 10 10 8 8 10 2 10 10 8 8 10 9 8 8 10 2 10 10 8 8 9 10 8 8 11 5 11 11 2 3 4 5 10 7 8 7 11 11 5 5 11 11 2 3 4 5 4 4 11 5 7 11 11 2 3 4 5 4 10 10 2 8 7 9 8 10 10 7 2 6 7 7 7 8 10 7 7 10 7 8 8 11 5 10 7 10 8 8 10 10 8 8 11 5 7 11 11 2 5 4 9 5 11 1 4 9 5 4 4 5 4 4 4 11 5 10 8 4 4 4 4 4 4 11 11 5 2 3 7 7 10 10 7 8 7 7 7 10 8 8 7 7 10 8 10 7 10 8 2 9 8 7 7 7 7 11 11 5 2 4 4 4 4 4 3 4 4 4 4 4 10 8 11 5 4 4 4 11 5 10 10 8 8 11 2 9 4 10 8 2 10 10 8 8 10 7 10 8 6 7 8 10 10 8 7 7 7 8 10 7 2 9 11 5 5 11 5 11 5 7 7 11 11 5 2 9 4 5 11 4 1 9 5 4 5 4 11 4 5 7 11 11 2 3 4 5 11 4 4 4 11 2 5 10 8 10 10 7 8 8 7 7 7 7 7 6 0 6 10 8 11 5 10 10 8 8 10 10 8 7 7 8 10 10 8 2 9 8 7 11 11 2 5 4 11 9 5 4 11 5 4 4 4 4 5 11 2 4 9 4 4 5 4 4 0 6 11 10 8 7 7 8 10 10 7 7 7 7 8 7 8 10 10 2 6 8 10 8 7 7 11 11 5 2 3 11 5 11 4 4 11 2 3 4 4 5 10 8 7 11 11 5 5 11 4 4 4 4 11 2 5 10 8 6 10 7 8 10 10 7 2 7 6 8 7 7 7 7 7 7 11 11 2 5 10 8 11 11 4 5 4 4 3 4 4 5 4 4 10 2 11 11 5 9 5 5 11 4 11 2 5 9 8 1 3 4 4 4 10 10 2 8 10 7 9 8 7 8 7 7 7 7 7 10 10 2 6 8 10 7 7 8 7 10 8 11 4 11 4 2 3 5 11 11 5 5 4 4 11 4 4 5 4 4 4 4 10 10 8 2 6 7 7 7 7 7 7 10 10 7 8 5 7 10 8 10 7 7 10 7 7 8 2 9 5 4 4 10 11 5 5 4 4 11 11 2 3 4 5 4 4 4 10 11 2 3 5 11 11 2 5 9 8 4 4 0 10 10 8 7 6 8 10 10 7 7 8 8 4 11 5 7 10 10 8 7 7 7 7 8 4 4 11 2 11 3 11 5 4 5 11 11 5 4 4 5 10 11 5 4 5 1 3 4 11 5 10 8 4 4 4 10 10 2 8 10 6 8 10 10 2 6 8 7 7 10 10 2 6 7 8 7 10 8 11 5 7 7 7 10 10 8 2 9 7 8 7 11 11 5 4 4 4 5 4 4 4 1 9 5 11 11 2 5 10 10 8 7 7 7 8 6 10 8 4 11 11 5 5 1 9 11 5 8 4 4 4 4 11 5 10 8 0 10 6 10 8 7 7 8 11 5 10 10 8 7 7 7 7 7 8 11 11 5 2 9 7 7 7 8 11 5 4 4 11 5 7 11 11 5 5 4 4 4 4 4 4 4 11 11 2 3 4 4 4 5 10 8 4 4 11 11 2 5 6 10 8 10 10 7 8 7 8 7 7 7 0 6 7 10 7 5 7 10 8 11 5 7 7 7 7 11 11 2 5 11 11 5 3 4 4 5 11 4 1 9 5 5 4 4 4 4 4 10 10 8 2 10 10 8 6 7 8 7 10 8 11 5 0 6 11 10 8 8 7 7 10 10 2 6 7 7 7 7 8 10 2 6 10 11 5 4 5 4 4 10 8 7 7 11 11 2 3 4 5 4 4 4 4 4 4 11 5 10 8 10 8 4 11 11 5 4 5 4 11 4 11 5 4 2 10 10 8 6 7 8 11 4 5 4 10 10 8 8 7 7 7 7 7 7 7 7 10 8 7 7 11 11 2 5 9 4 5 11 11 4 5 5 11 4 4 1 3 4 5 11 5 4 4 4 10 10 8 2 9 8 7 7 10 10 8 8 10 10 2 6 7 7 8 11 4 5 11 4 10 8 8 10 10 2 6 8 7 7 7 10 8 7 7 7 7 10 10 8 2 11 5 11 11 4 5 3 4 4 5 11 11 2 3 5 11 4 5 4 11 11 2 3 5 4 4 10 8 11 5 11 11 5 2 9 8 4 10 10 8 7 8 10 0 6 7 7 8 10 10 2 6 7 7 7 7 8 10 2 9 8 7 10 8 7 11 11 5 4 4 4 4 5 4 4 11 5 4 4 4 10 10 8 7 7 8 4 11 4 4 5 4 4 4 4 4 11 11 5 2 3 7 7 10 8 10 10 2 6 8 7 10 10 2 6 7 8 7 7 10 10 2 6 8 10 10 8 8 10 2 6 10 8 11 10 8 8 11 11 5 4 5 1 3 4 4 4 4 11 5 11 11 4 2 3 5 10 8 11 10 8 0 6 8 7 7 10 10 8 7 7 7 7 7 7 8 11 2 11 11 4 4 5 3 5 11 11 5 4 4 4 4 1 9 5 8 11 4 4 4 5 10 10 2 6 8 10 8 10 10 7 8 2 9 8 10 11 5 5 10 11 5 4 5 4 4 4 4 4 11 5 11 10 8 8 10 10 2 8 9 10 8 7 8 7 7 7 7 7 7 10 8 11 5 11 5 10 10 7 8 7 7 8 10 8 7 7 11 11 2 3 4 4 5 10 7 8 11 11 5 4 4 5 7 11 11 5 4 4 4 5 0 9 11 5 5 4 4 11 11 2 3 5 7 11 11 2 3 4 4 4 5 11 2 10 10 8 6 7 7 8 10 10 2 6 8 10 10 2 6 8 10 10 2 8 9 8 10 10 2 6 7 7 7 8
ppo_x50_b_fd_l4_linear,67,qv22_7,22,229,True,1256.0,5.5437867641448975,8 8 10 10 8 8 9 11 4 5 2 10 10 7 7 8 8 9 5 11 11 5 2 11 3 5 10 10 0 7 7 7 8 8 10 10 8 8 9 5 4 4 11 5 10 7 10 7 8 2 11 5 10 7 10 8 8 10 10 8 8 9 5 4 4 11 5 10 7 10 7 7 8 8 11 5 10 10 7 8 8 10 10 8 8 1 9 5 4 11 11 5 2 7 9 8 4 4 11 11 5 4 4 5 11 10 8 8 11 11 2 3 4 4 4 5 10 8 11 11 5 4 4 4 5 11 11 2 5 10 6 8 10 10 7 8 7 7 7 0 9 8 7 7 7 7 8 4 11 5 10 7 7 7 10 7 2 8 6 10 10 7 8 8 11 2 9 4 4 4 5 10 7 8 10 10 8 8 11 2 4 3 11 5 11 11 5 4 4 5 11 0 9 5 5 4 10 8 11 11 5 4 4 4 4 1 4 4 3 5 10 10 7 8 8 10 10 7 7 8 5 7 7 7 7 10 8 11 5 10 10 8 7 7 8 7 7 7 0 9 11 5 5 4 4 4 4 11 5 4 4 4 4 11 5 10 8 4 4 4 4 4 11 5 11 11 2 4 5 3 10 8 10 7 7 10 7 8 7 7 8 7 7 7 10 10 8 7 8 11 5 4 10 10 8 7 7 7 8 10 2 11 9 5 5 11 11 5 5 11 5 4 4 4 4 4 4 4 4 11 5 10 10 7 7 2 6 8 10 10 8 7 7 7 7 7 8 11 5 7 10 10 2 8 10 9 8 7 8 10 2 11 3 11 5 4 4 4 4 4 5 11 5 11 11 5 2 4 4 4 4 3 4 11 4 5 4 11 2 3 10 10 7 7 8 8 7 10 7 10 7 2 6 7 7 7 10 8 8 7 11 7 10 8 2 6 11 4 4 11 5 5 11 4 5 10 10 8 2 9 10 8 7 8 11 5 4 4 4 4 4 4 4 11 4 5 11 11 2 3 5 4 11 5 10 10 7 7 7 7 8 8 4 11 4 5 10 10 7 7 7 7 7 8 8 7 7 7 7 7 7 10 8 11 5 7 7 11 11 5 2 11 9 5 4 5 10 8 11 11 2 3 5 11 11 2 5 4 3 10 10 7 7 8 7 8 10 10 2 8 6 10 8 7 11 11 5 4 4 4 4 1 3 5 4 4 4 11 5 0 9 8 7 7 10 11 5 5 11 11 5 2 11 3 4 5 4 11 4 4 4 4 5 10 10 7 7 7 8 8 10 10 2 6 8 7 11 10 8 8 10 10 7 7 7 8 2 7 9 8 1 9 11 5 1 3 5 4 4 4 11 5 4 4 4 4 11 11 5 2 9 5 7 7 10 10 8 7 7 7 8 4 10 10 8 7 7 7 7 7 7 7 8 7 11 2 9 11 5 4 5 4 4 4 4 4 10 8 11 11 5 5 4 4 1 9 4 5 4 4 11 4 4 5 10 10 7 2 8 10 8 11 4 3 5 10 10 7 7 8 10 8 8 4 10 2 3 10 10 8 8 11 2 10 10 8 6 7 8 10 10 7 7 2 6 8 10 10 2 6 7 7 8 10 2 9 11 5 5 10 8 7 11 11 5 4 5 4 4 11 5 11 5 4 4 4 10 10 8 0 7 6 7 8 11 5 10 7 7 7 7 7 8 11 11 5 2 9 8 11 11 5 4 1 3 5 10 2 11 11 5 3 5 4 4 4 4 4 10 8 11 11 2 3 4 5 4 4 11 2 3 10 10 8 2 10 10 8 6 8 7 7 7 7 7 10 8 11 5 4 10 10 8 8 10 8 4 10 10 8 7 8 7 11 11 2 5 9 5 10 8 10 10 8 7 8 7 11 11 5 2 4 4 4 4 3 11 5 11 11 4 5 5 4 4 11 1 3 4 5 11 11 2 5 9 8 10 10 7 8 8 10 2 7 3 11 4 4 4 5 4 4 4 10 10 8 2 9 8 11 10 8 8 7 7 7 7 10 10 2 6 8 10 8 4 10 10 2 6 7 7 8 7 10 7 8 10 10 2 8 6 10 8 11 11 5 4 4 5 11 11 4 2 3 5 4 11 5 4 4 4 10 8 11 11 5 4 5 11 4 4 4 5 10 10 2 8 7 9 8 7 10 10 2 6 7 7 7 8 7 11 11 5 5 10 8 7 1 11 9 5 4 4 5 0 6 7 7 10 10 0 6 7 8 5 10 10 7 7 7 2 8 6 11 4 11 2 3 5 10 8 11 11 2 3 4 5 4 4 4 4 4 4 4 11 5 10 10 8 8 11 4 5 4 11 11 5 2 3 7 10 8 10 10 8 0 6 7 7 8 7 10 10 2 8 9 5 10 10 7 2 6 7 7 8 10 10 8 2 9 8 7 11 11 5 4 4 4 5 0 9 11 5 5 7 11 10 8 0 6 7 7 8 10 10 2 8 11 5 11 11 5 4 4 3 4 4 5 7 11 11 5 4 5 1 3 4 11 5 10 8 4 4 11 4 4 4 4 11 2 5 3 7 11 10 8 0 6 8 11 10 8 8 10 10 7 7 8 7 8 7 7 7 7 10 8 7 11 5 10 10 8 2 9 5 7 10 10 2 8 7 7 11 11 5 3 4 4 4 4 5 7 11 2 11 11 5 4 4 4 3 4 5 4 4 4 4 11 11 5 2 9 5 7 7 10 8 7 10 8 7 10 10 2 8 9 8 11 10 8 8 7 7 7 7 7 11 11 5 2 3 4 4 11 5 7 11 11 5 5 4 4 1 3 4 11 5 11 11 5 2 11 4 3 5 10 10 7 8 7 7 8 10 10 8 8
ppo_x50_b_fd_l4_linear,68,qv22_70,22,234,True,1288.0,5.590740919113159,8 8 10 10 8 8 9 11 4 5 2 10 10 7 7 8 8 9 5 10 10 8 8 10 10 8 8 11 5 11 4 5 7 10 10 7 7 8 8 10 10 8 8 1 9 5 4 11 4 5 10 10 8 2 10 8 10 10 8 8 10 10 8 8 10 9 8 8 10 2 10 9 8 8 10 4 4 4 5 11 2 3 4 4 11 4 4 4 4 5 4 11 11 5 4 5 11 11 2 5 6 10 7 7 7 7 7 7 8 10 10 2 8 10 8 9 10 8 8 11 5 7 11 11 5 2 4 4 11 9 5 4 4 4 5 4 4 4 4 10 2 10 10 8 7 8 6 7 7 7 7 7 7 7 7 10 0 7 8 6 10 7 10 7 8 8 10 2 11 9 5 5 11 5 4 4 4 4 11 5 10 8 1 9 11 5 4 4 5 10 2 7 9 10 2 8 7 10 10 8 8 10 9 8 7 7 8 7 11 2 11 11 5 5 9 5 7 10 8 11 11 5 5 7 10 8 7 11 11 2 3 4 4 4 4 4 5 4 4 4 4 4 11 5 4 4 11 11 2 5 9 8 10 10 7 8 7 8 11 10 8 8 10 10 8 2 6 7 11 11 5 4 4 5 4 0 9 11 5 5 11 5 4 11 5 4 10 10 8 2 10 7 10 8 7 7 6 7 7 7 7 8 11 10 8 8 7 7 11 11 2 5 3 11 5 4 11 5 10 8 4 11 11 5 2 6 4 4 4 11 5 7 1 9 11 5 4 4 5 4 11 2 3 10 10 7 8 7 7 7 8 10 10 8 7 7 7 7 7 8 7 7 10 10 8 2 6 11 5 4 11 11 2 3 4 5 4 4 4 10 8 11 11 5 4 4 4 4 5 11 11 5 2 10 6 7 8 4 10 10 2 6 7 7 7 8 10 10 2 6 7 0 6 8 7 11 11 5 5 10 8 7 10 10 7 7 8 2 9 7 11 5 5 10 8 4 4 4 4 4 11 4 11 2 5 6 11 4 4 4 4 4 4 4 5 11 11 2 5 9 8 10 10 8 7 8 10 10 8 0 6 7 7 8 4 4 11 5 10 10 7 2 6 7 10 8 8 4 10 10 8 8 7 7 10 8 10 10 2 6 7 8 11 5 10 10 2 8 3 11 5 4 4 11 11 5 5 11 11 2 5 4 3 4 4 4 4 4 11 11 2 3 4 4 4 4 5 11 2 10 10 7 8 7 7 6 7 8 10 10 7 7 7 7 7 7 2 6 7 8 7 11 2 11 11 5 3 4 4 5 4 4 11 5 7 0 10 6 8 7 7 7 10 8 7 10 10 2 8 7 6 11 11 5 4 4 4 5 4 11 11 4 2 5 9 8 10 11 2 3 4 4 4 4 4 5 11 5 11 4 11 2 5 9 8 11 4 5 10 10 7 7 8 7 0 6 7 7 8 4 4 11 5 4 11 4 5 4 11 5 10 10 7 7 7 7 7 7 8 7 8 11 4 4 5 10 10 7 2 8 10 9 8 8 10 7 10 8 2 3 10 10 8 8 7 10 7 7 8 11 4 11 5 2 9 8 1 4 11 9 5 4 4 5 4 11 5 4 10 0 10 8 8 9 8 7 7 7 1 9 10 8 8 10 8 7 10 10 8 2 6 4 11 5 11 11 5 4 4 4 11 4 5 5 1 3 4 4 10 10 8 7 8 11 4 5 11 11 5 4 4 4 4 5 11 11 2 5 10 10 7 7 7 8 6 8 11 5 10 7 8 10 1 10 8 7 6 7 8 10 11 5 5 10 7 7 8 11 11 5 2 9 7 7 8 11 5 4 4 4 4 4 1 3 4 4 11 5 10 8 4 4 11 11 5 2 10 8 10 7 10 8 7 8 10 9 8 8 10 10 2 8 10 10 8 8 7 9 10 8 2 6 7 11 11 5 4 5 10 8 7 7 7 10 7 8 11 5 7 7 11 11 2 5 9 4 5 7 10 8 11 11 5 4 5 4 4 4 4 4 10 11 5 5 7 11 11 2 3 4 5 7 10 8 4 4 4 11 11 2 3 5 4 10 2 10 6 7 10 7 8 7 0 9 8 7 7 8 7 10 10 7 7 8 2 9 4 5 7 10 8 4 11 11 4 2 5 4 3 4 11 5 0 9 8 7 7 7 7 7 7 10 10 2 8 6 4 4 11 4 5 4 11 11 4 5 4 4 5 7 1 3 11 11 2 3 4 4 4 4 4 4 4 5 11 2 10 9 8 8 7 11 11 5 5 10 10 8 5 7 7 7 7 7 7 7 7 10 8 11 5 7 7 7 11 11 2 5 4 11 9 5 4 4 5 11 10 8 8 4 11 11 2 3 4 4 5 11 2 3 4 10 10 7 8 8 7 7 7 7 11 5 10 10 8 8 11 5 10 10 7 7 8 2 10 6 7 7 7 7 8 7 10 7 8 11 11 2 5 10 8 9 11 4 5 4 5 10 11 5 4 4 4 4 5 4 4 4 4 11 5 4 4 4 11 4 5 10 10 8 2 10 10 7 6 8 7 8 7 7 7 7 1 9 10 8 8 11 5 7 10 10 2 8 9 8 4 4 4 4 0 9 11 5 4 4 5 4 11 5 11 4 5 4 10 10 8 2 10 10 7 7 7 6 7 7 7 8 8 7 7 7 11 5 10 10 8 7 8 7 11 2 3 4 10 11 5 4 5 4 4 10 10 2 8 10 6 8 1 3 4 4 4 4 11 5 4 4 10 10 2 6 8 10 7 8 4 10 10 2 8 10 10 8 8 10 7 6 7 10 2 6 8 11 10 8 8 7 11 11 2 5 9 5 4 11 4 5 10 10 2 8 6 4 4 4 4 4 4 4 4 10 8 11 11 2 3 4 4 5 11 11 4 4 4 4 5 2
ppo_x50_b_fd_l4_linear,69,qv22_71,22,233,True,1291.0,5.6374242305755615,8 8 10 10 8 8 9 11 4 2 5 10 10 7 7 8 8 9 5 4 11 4 5 10 10 7 7 7 8 8 10 11 5 5 10 10 7 8 8 11 5 4 4 11 5 10 10 7 7 7 7 8 8 11 5 10 10 2 8 10 10 8 8 10 10 8 8 9 5 4 4 4 11 4 5 10 10 8 8 11 5 10 7 10 7 7 7 8 8 11 5 10 10 7 8 8 10 10 8 8 10 2 11 11 5 5 11 9 5 5 4 11 4 5 7 11 5 4 4 4 4 4 4 4 11 4 5 10 10 8 2 9 10 8 7 8 4 11 5 4 11 5 10 10 7 7 7 2 6 8 10 7 10 2 6 7 7 7 8 10 2 6 7 10 10 8 2 9 5 4 4 11 4 5 10 7 8 11 11 5 5 4 4 4 4 4 11 5 10 8 4 4 4 11 5 4 4 4 4 10 10 8 2 7 9 7 7 7 7 7 8 7 7 10 8 4 4 10 10 2 8 10 6 7 7 8 7 11 11 5 2 6 4 11 4 4 5 7 11 11 5 4 4 4 4 4 5 4 4 11 11 5 4 2 3 10 10 7 7 7 8 8 7 7 7 7 7 7 7 7 7 0 6 7 10 8 11 5 10 7 8 7 11 11 5 2 9 5 11 5 4 11 11 5 2 9 4 5 7 10 7 8 11 11 5 5 11 4 4 4 4 11 2 3 5 11 2 4 4 4 4 11 5 3 11 5 10 10 7 8 8 10 10 8 0 6 7 7 8 4 4 10 10 8 8 7 7 7 7 7 7 7 7 10 8 10 2 11 9 5 5 11 5 4 11 11 5 5 4 4 4 11 4 4 4 5 10 10 7 2 6 8 10 8 7 10 7 7 10 7 2 8 10 10 8 8 10 6 7 11 5 2 9 4 4 5 4 4 4 4 4 4 11 4 5 7 11 11 5 4 4 4 5 11 11 2 5 9 5 10 10 8 2 10 10 8 6 10 8 7 7 7 8 7 7 10 10 7 8 7 7 7 7 7 8 10 2 9 11 5 5 4 1 4 9 4 5 11 11 5 2 4 11 5 11 11 3 5 5 11 5 4 4 1 9 4 5 4 4 4 10 10 2 8 9 7 7 8 4 4 11 5 4 10 10 8 8 10 10 7 7 8 8 11 5 10 10 2 6 7 7 7 7 8 4 1 11 9 5 8 4 4 11 11 2 5 4 4 4 9 4 5 10 10 7 8 7 0 6 8 7 10 10 0 6 7 8 7 7 7 8 10 10 8 7 7 8 10 2 7 11 9 5 5 11 11 5 5 10 8 11 11 5 4 11 5 4 4 4 4 5 10 10 8 2 10 8 4 11 9 5 4 4 5 4 11 5 10 8 4 4 4 4 4 4 10 10 2 8 10 8 10 10 7 7 6 7 7 7 7 7 7 8 7 8 7 7 10 8 10 10 8 2 3 4 4 4 11 4 4 5 11 11 5 2 4 9 5 10 10 0 7 7 7 6 8 8 10 7 7 8 7 11 11 2 5 3 11 5 4 4 4 11 5 10 10 8 8 7 11 4 4 4 5 7 7 7 10 7 7 7 8 11 11 2 5 9 5 4 11 1 3 4 5 4 4 11 5 4 11 5 10 8 10 11 2 4 3 4 4 4 4 4 5 4 10 10 2 8 10 7 7 7 6 0 6 8 7 10 10 8 7 7 7 7 8 7 10 8 11 11 2 3 4 5 11 2 10 9 8 8 11 2 10 10 8 8 6 10 8 11 11 4 4 5 4 1 3 4 4 5 4 11 5 10 8 4 4 4 4 11 11 2 5 9 4 4 5 10 7 7 7 7 7 7 7 8 4 10 10 8 7 8 7 7 10 8 11 1 3 4 4 5 10 11 5 5 10 7 10 8 2 7 10 9 8 7 7 8 7 7 10 10 8 2 6 4 11 5 4 11 11 5 4 5 7 10 7 8 11 11 4 4 4 4 5 4 4 4 4 5 11 11 2 5 4 4 9 5 11 11 5 2 9 5 10 10 2 8 7 7 7 6 10 8 7 7 7 7 10 7 7 8 11 11 5 2 9 11 5 5 10 8 7 7 7 7 7 10 10 2 8 6 11 5 7 11 11 5 5 10 8 7 7 11 11 5 4 4 4 4 4 4 4 5 4 4 4 11 4 4 4 4 1 4 3 5 10 10 8 8 10 8 4 10 11 5 5 10 10 7 8 8 11 5 10 10 7 7 8 8 10 8 10 10 8 7 2 6 7 7 11 11 5 5 4 4 4 11 4 5 10 7 2 9 11 5 5 11 2 3 10 10 2 6 7 7 7 7 8 10 10 8 7 7 8 4 4 11 5 7 10 7 10 8 7 8 7 7 11 1 9 5 8 11 11 4 5 4 5 4 4 4 4 4 4 4 1 3 4 4 4 11 5 11 2 4 3 10 10 8 7 10 8 8 10 10 7 7 2 7 6 8 10 7 8 11 11 5 5 7 10 8 10 10 7 8 2 3 7 10 7 7 7 8 7 11 11 5 2 9 5 11 11 5 5 4 4 4 4 4 4 4 4 11 5 10 8 7 11 11 5 5 10 8 4 4 4 4 10 11 2 4 5 4 3 10 7 8 10 10 7 8 7 8 10 7 7 8 11 4 4 5 10 10 8 2 7 6 10 8 7 7 10 8 7 7 11 11 5 2 9 11 2 3 5 4 4 4 11 4 4 5 4 4 4 4 4 11 5 10 10 8 8 7 7 7 10 10 8 2 9 8 7 10 7 7 7 7 10 8 2 9 5 7 7 7 10 10 8 7 8 10 2 11 11 4 5 4 4 3 4 4 4 5 4 4 11 5 11 11 2 5 9 5 4 4 10 10 8 2 10 10 6 7 7 8 8 10 10 2 6 8 10 10 2 6 7 7 7 8
ppo_x50_b_fd_l4_linear,70,qv22_72,22,234,True,1311.0,5.722400665283203,8 8 10 10 8 8 10 9 5 5 10 10 8 8 10 2 10 10 8 8 10 10 8 8 9 5 4 11 5 10 10 7 7 8 8 11 5 10 10 7 8 8 11 5 10 10 7 8 8 10 10 8 8 4 10 8 10 10 8 8 10 10 8 8 11 5 11 4 5 7 7 7 11 11 2 5 4 4 3 1 3 4 4 4 11 5 10 7 11 5 5 4 11 5 10 8 4 4 4 4 4 4 4 4 4 10 10 8 2 9 8 10 10 2 6 0 6 8 4 10 10 8 7 7 7 7 8 7 7 10 10 8 8 7 10 7 8 10 8 11 11 2 3 5 1 9 5 11 11 2 3 4 4 5 11 5 4 11 11 5 2 6 11 4 4 4 4 5 11 2 10 7 7 6 7 10 7 8 7 7 7 8 4 10 10 2 8 10 9 8 7 7 8 11 2 11 11 5 3 4 4 4 5 10 8 7 7 10 8 11 4 11 2 3 4 5 4 4 4 11 4 5 10 2 9 10 8 8 7 7 7 7 7 10 10 8 2 3 10 8 7 0 6 11 11 5 5 11 5 7 10 8 7 7 7 7 11 11 5 4 5 4 4 4 4 11 4 4 5 4 4 4 1 3 4 4 11 5 10 8 4 4 11 11 5 2 7 10 8 10 10 8 8 9 8 10 10 8 8 10 8 10 10 7 8 8 10 2 11 3 4 4 5 11 11 5 4 4 4 4 5 11 11 5 2 9 7 7 8 4 10 10 8 7 8 10 10 7 7 7 7 7 2 6 8 10 7 7 7 8 11 11 2 5 11 11 5 5 6 4 4 10 11 5 5 7 11 2 11 11 5 4 4 4 4 3 5 7 10 7 7 8 11 10 8 8 10 7 10 8 2 6 7 7 7 7 7 7 10 8 11 4 11 5 2 3 4 4 1 3 4 4 4 4 4 4 11 5 7 10 8 4 11 11 5 4 4 4 4 5 11 2 10 10 8 7 8 3 10 4 4 5 10 10 8 7 10 8 8 7 11 10 8 8 10 7 0 6 8 7 7 7 7 10 10 2 8 6 10 8 11 11 5 4 4 11 5 5 4 1 3 11 5 4 10 8 7 10 8 11 11 5 5 11 11 5 4 4 5 11 4 10 2 8 6 11 10 8 7 7 8 4 10 10 8 7 7 7 7 8 10 7 7 7 10 2 6 7 8 10 2 6 11 11 5 4 5 7 10 8 11 11 4 2 3 4 4 4 4 4 11 5 4 5 4 4 4 4 11 11 2 3 5 11 4 11 5 2 10 8 6 10 10 8 7 8 10 10 7 8 7 7 7 8 11 4 4 4 5 10 4 4 4 5 11 5 10 10 8 7 7 7 7 8 10 10 8 2 9 10 8 8 11 5 10 10 7 7 8 2 6 7 10 8 11 11 4 2 4 3 5 4 11 5 11 4 4 4 4 4 4 4 5 4 4 10 10 8 2 6 10 7 7 8 4 11 5 4 10 10 8 7 7 7 8 10 7 8 4 10 10 2 6 7 8 10 2 7 6 11 11 2 3 4 4 4 4 4 5 11 2 9 11 2 3 5 4 11 4 5 10 10 7 8 8 10 10 7 8 8 7 7 7 7 7 7 10 8 7 7 10 8 7 7 11 11 2 5 9 4 5 11 11 5 4 5 11 5 11 11 4 5 2 4 9 11 4 2 5 3 10 10 2 8 7 6 7 7 7 0 6 10 8 11 5 10 10 8 7 8 7 10 10 2 6 8 4 11 5 11 11 5 4 4 4 5 4 4 4 10 8 11 11 5 5 4 11 4 4 5 4 10 10 8 2 9 8 10 7 7 7 7 10 2 6 7 8 7 7 7 7 10 8 7 11 11 5 2 4 11 9 5 4 5 4 4 11 5 7 11 11 5 4 4 4 5 11 5 11 11 5 2 7 9 8 4 4 4 4 4 10 10 8 0 6 7 7 7 7 7 8 0 6 7 7 0 6 7 10 8 11 5 11 10 2 6 8 10 8 7 11 11 2 5 9 8 4 11 4 11 5 4 4 4 4 5 4 4 11 5 4 10 10 8 8 10 10 8 2 10 9 8 7 8 7 7 7 10 8 11 5 11 5 7 10 10 2 6 8 7 7 7 7 7 11 11 2 3 5 11 11 2 3 4 5 4 4 4 11 5 10 8 11 11 5 4 5 11 10 8 8 11 11 2 3 4 4 5 4 4 11 4 4 5 10 10 7 8 2 9 8 10 10 2 6 7 7 7 8 1 9 10 8 7 8 7 11 10 8 8 1 4 11 9 5 4 4 4 5 4 10 11 5 4 4 5 11 11 5 2 10 10 8 7 7 7 6 0 6 7 7 7 8 7 10 10 2 6 7 7 8 7 11 10 8 8 1 4 3 11 5 11 5 4 4 4 4 1 3 4 4 4 11 4 4 4 5 10 10 7 2 6 8 10 10 8 8 10 10 8 10 8 8 4 10 2 10 10 8 6 8 7 7 10 7 7 10 2 8 9 5 11 11 5 2 9 5 4 11 11 5 4 5 4 4 4 4 4 4 4 11 4 5 4 10 10 2 6 10 8 8 4 10 10 8 7 8 10 7 10 2 6 7 8 7 10 8 7 10 7 7 10 8 2 9 5 7 10 10 8 8 4 4 11 5 4 4 4 4 4 4 10 8 11 11 5 5 7 11 2 10 7 10 8 6 7 8 1 3 4 4 4 4 11 4 10 2 8 9 8 7 7 11 11 2 5 11 11 5 3 4 5 4 11 11 5 4 2 3 10 10 8 7 8 10 10 8 8 7 7 7 7 7 10 10 7 8 7 7 8 10 8 10 10 2 8 6 11 11 4 4 4 2 5 3 4 4 10 8 11 11 5 5 7 11 2 11 9 5 5 10 8 10 10 8 8 10 10 8 8 11 4 11 4 4 4 2 3 4 4 4 4 4 4 5 11 11 4 4 2 5
ppo_x50_b_fd_l4_linear,71,qv22_73,22,236,True,1309.0,5.802788734436035,8 8 10 10 8 8 9 11 4 5 2 10 10 7 7 8 8 9 5 10 10 8 8 10 10 8 8 11 5 11 4 5 7 10 10 7 7 8 8 10 10 8 8 11 5 4 4 11 5 7 10 10 7 7 7 8 8 4 11 5 10 10 2 8 10 7 9 8 8 4 4 11 5 10 10 2 8 7 10 10 7 8 8 10 10 8 8 11 9 8 5 11 11 5 5 4 4 4 11 4 11 2 4 3 5 11 2 4 4 3 11 5 4 4 4 4 4 4 10 10 8 2 10 6 10 8 7 8 7 10 10 2 6 7 7 7 7 8 11 2 10 10 8 8 6 7 11 11 2 3 4 4 4 5 4 11 5 4 11 11 2 5 11 5 3 10 10 8 7 7 7 8 4 1 9 5 4 4 4 4 4 11 11 5 2 3 7 10 8 10 10 7 7 7 7 8 7 7 7 7 7 8 10 10 2 8 9 5 7 7 7 7 7 11 11 1 5 3 5 11 5 4 4 4 4 4 11 5 10 8 11 11 2 3 5 7 7 10 8 7 11 11 5 5 10 11 5 4 4 5 4 4 4 10 10 2 8 7 7 10 8 7 6 7 10 7 7 8 11 11 2 5 3 11 5 10 7 8 10 7 10 2 8 6 7 10 8 11 4 11 4 4 4 4 4 4 4 5 5 4 4 4 4 10 8 7 10 10 2 8 9 8 7 7 10 8 4 10 11 4 2 3 5 4 4 1 11 4 9 8 8 11 11 5 4 4 5 11 11 5 2 9 8 10 10 2 6 8 10 10 2 6 8 10 10 2 6 8 7 7 7 7 7 10 8 7 7 7 1 11 11 5 4 3 4 5 11 4 5 4 10 10 2 8 10 9 8 8 4 11 5 7 7 10 10 8 8 7 7 7 10 10 2 8 6 4 11 5 11 11 2 5 4 9 4 4 4 11 5 4 5 4 4 4 4 4 11 5 4 0 9 5 10 10 8 8 10 10 7 7 8 0 6 7 8 10 7 7 7 8 10 10 8 7 7 8 10 10 2 7 8 6 11 5 11 4 4 4 4 5 11 11 4 4 4 5 5 11 11 5 2 4 9 4 5 10 10 8 2 9 5 10 8 7 10 8 7 7 11 11 2 3 5 11 11 5 2 9 8 10 7 7 7 7 11 5 2 11 4 4 3 5 11 11 2 5 3 11 11 5 4 5 7 10 7 8 7 7 7 7 7 7 7 7 7 10 8 11 5 10 10 2 6 8 4 11 2 9 11 5 2 7 7 7 6 7 0 6 11 11 5 5 4 4 4 4 4 4 4 4 4 4 4 4 11 4 4 4 4 5 10 10 7 8 2 9 8 11 5 10 10 7 8 8 7 7 10 7 7 10 7 8 7 8 7 11 11 5 2 9 5 11 11 5 2 4 11 3 4 5 11 5 11 4 11 2 5 4 9 5 11 11 2 5 9 8 11 10 8 7 7 8 1 3 10 10 8 8 10 10 7 7 7 7 2 6 8 4 10 10 8 8 10 10 8 2 10 9 8 8 11 4 4 4 5 11 11 5 4 4 2 10 9 8 7 7 7 7 8 7 10 2 6 7 7 7 11 11 5 2 3 11 5 4 4 4 4 4 4 11 10 8 8 11 2 9 11 5 4 5 4 4 4 11 5 4 4 4 10 10 8 7 7 7 7 7 7 7 7 8 11 2 4 4 11 9 5 8 0 6 10 10 8 8 7 7 7 10 8 1 9 8 11 11 5 5 11 4 5 4 4 1 3 4 11 5 4 4 4 10 10 8 2 6 10 10 8 8 10 10 8 8 10 7 7 7 0 6 7 7 7 7 7 8 7 11 11 2 3 4 5 4 11 5 7 11 11 5 5 11 11 5 2 6 11 5 4 10 11 5 5 4 4 4 4 4 4 11 4 4 5 10 10 2 8 11 5 10 10 7 7 8 8 10 10 8 6 7 7 7 8 11 4 5 10 10 8 2 10 6 7 7 8 4 10 10 8 7 7 8 10 10 8 1 3 5 11 5 4 11 4 5 11 11 2 5 11 4 3 4 4 4 4 5 10 0 7 8 10 10 8 6 8 1 3 11 4 4 1 3 5 10 8 11 11 2 3 4 4 4 5 11 2 10 10 8 7 6 7 7 7 7 7 7 7 7 7 8 0 9 11 5 5 10 0 8 7 7 6 10 10 8 2 10 9 8 7 8 11 2 11 11 5 3 4 4 5 4 4 4 11 5 10 8 11 11 5 5 11 11 2 5 9 8 7 11 11 5 2 4 4 4 11 5 4 6 10 10 7 8 7 7 7 7 7 7 7 8 7 7 7 7 7 7 11 11 5 2 9 5 4 4 4 4 4 4 0 9 11 5 5 4 11 5 4 4 11 11 5 2 10 8 6 10 10 7 8 7 7 7 8 1 11 3 4 4 4 4 4 5 4 4 4 11 5 4 10 10 2 8 10 8 6 10 10 8 7 7 7 10 8 7 7 7 0 6 7 8 11 4 5 11 4 4 5 10 10 7 8 8 7 10 7 8 4 10 10 8 7 8 1 4 4 4 4 9 5 0 9 11 5 5 11 5 11 11 5 4 5 4 4 4 4 11 4 5 1 3 10 10 8 8 10 8 10 10 7 7 8 7 7 7 7 8 4 1 11 4 9 8 8 4 4 4 11 11 2 5 10 8 10 10 7 7 7 6 8 7 8 10 7 7 8 10 10 8 2 9 10 8 8 11 5 4 4 11 11 5 2 4 9 11 5 4 5 10 7 8 4 11 11 2 3 4 5 4 4 11 11 5 4 4 4 4 5 10 10 8 2 6 10 10 8 8 7 7 7 7 10 7 7 7 0 6 7 7 8 7 7 10 10 8 2 6 4 4 4 10 8 11 11 2 3 4 4 5 11 5 7 10 8 0 6 11 11 5 5 11 11 5 4 4 5 10 2 11 9 5 5
ppo_x50_b_fd_l4_linear,72,qv22_74,22,228,True,1275.0,5.501888751983643,8 8 10 10 8 8 9 4 11 5 2 10 10 7 7 8 8 11 3 5 10 10 7 8 8 10 10 8 8 11 5 10 10 7 8 8 11 5 10 10 7 8 8 10 10 8 8 11 5 7 10 10 8 8 10 10 8 8 11 5 10 10 8 2 4 11 5 3 11 11 5 4 5 4 4 4 4 4 4 10 8 11 11 5 5 11 11 5 2 10 8 10 10 7 6 7 7 7 8 7 7 7 7 7 8 7 10 2 6 7 11 11 2 5 4 4 4 4 4 9 5 0 9 11 5 5 10 8 4 11 11 5 5 4 4 4 4 4 11 4 5 10 10 8 8 10 10 8 2 10 6 7 7 8 4 4 10 10 8 7 7 8 10 10 8 8 10 7 2 9 11 5 5 10 8 7 11 11 2 3 4 4 5 11 1 9 5 4 4 4 4 5 4 11 5 4 4 4 11 2 10 10 7 8 7 6 8 10 10 2 6 8 7 10 10 2 6 7 8 11 2 10 10 8 6 8 7 11 2 11 11 5 4 3 4 5 4 4 4 4 4 11 2 4 9 10 8 8 10 10 0 6 8 7 8 10 10 7 8 7 7 7 7 7 7 8 10 2 7 9 11 5 5 4 4 4 4 4 4 4 11 2 11 4 5 9 10 8 8 4 4 10 10 8 7 8 10 10 2 6 7 8 7 7 10 10 7 7 8 7 8 11 4 4 5 10 10 8 7 8 11 5 4 11 5 7 11 11 5 2 4 4 3 4 11 5 4 11 11 2 5 9 8 7 10 10 8 8 7 7 7 7 10 8 11 11 5 5 11 11 4 4 5 4 4 4 5 7 11 11 5 4 4 5 4 10 10 2 8 9 8 10 10 8 7 8 4 10 10 8 7 7 7 8 11 11 5 2 7 10 6 7 8 11 11 5 2 11 9 5 4 4 5 4 4 4 4 4 11 5 11 2 3 4 4 4 10 10 8 7 7 7 8 10 8 10 10 8 7 7 7 7 8 10 8 7 7 7 10 8 11 5 7 7 7 11 11 5 2 3 4 4 10 8 11 4 5 7 11 11 5 4 5 10 8 4 11 5 4 4 4 4 4 4 4 11 4 4 5 10 10 7 8 2 11 5 9 10 8 8 7 7 7 7 10 8 4 10 10 8 7 8 11 11 2 5 3 10 7 7 7 7 7 7 10 2 8 6 11 11 2 5 3 4 4 4 4 4 4 4 11 5 4 4 4 4 11 5 11 11 4 2 5 9 8 10 10 7 7 8 2 10 10 8 6 8 7 7 7 11 5 10 10 8 8 7 7 10 7 7 8 11 11 5 2 3 4 10 8 11 11 5 2 3 4 4 11 11 2 5 4 3 4 11 5 10 7 10 7 2 8 9 7 8 4 11 5 10 10 7 7 7 2 6 8 7 7 10 8 10 7 7 10 8 2 6 4 4 4 4 4 11 5 10 10 8 8 4 11 11 2 3 4 5 10 11 5 5 11 11 5 2 10 7 6 7 10 8 8 7 7 7 7 10 8 11 5 7 10 10 8 2 9 4 5 11 11 5 1 3 4 5 11 11 2 3 4 5 11 5 4 4 4 4 4 11 5 4 4 4 4 10 10 2 8 9 10 7 8 7 7 8 11 5 4 4 4 10 11 5 5 10 10 7 7 8 7 7 8 7 7 10 7 8 4 11 5 7 10 10 2 8 10 9 8 7 7 7 8 11 2 11 11 3 5 5 4 4 4 4 4 4 11 5 7 11 11 5 4 5 10 10 8 2 7 7 7 9 8 10 10 2 8 9 11 4 5 4 4 5 7 11 11 5 4 5 11 11 2 5 9 8 4 10 10 8 7 7 7 8 10 7 7 10 8 2 6 7 7 7 7 10 8 11 5 10 7 7 10 8 2 6 4 11 4 5 7 11 11 5 4 4 4 5 11 11 2 3 4 4 5 10 2 6 11 5 4 4 10 8 11 5 4 4 11 5 10 10 2 8 10 8 7 7 7 9 10 8 7 8 7 10 10 2 6 7 7 8 7 10 10 8 2 6 4 4 4 4 4 11 5 4 11 11 2 3 4 5 4 4 4 11 4 4 5 4 4 4 10 10 2 6 8 7 7 10 10 2 6 7 8 11 2 10 7 8 6 7 10 8 7 10 10 8 8 7 11 1 3 4 4 4 5 11 11 2 3 5 11 2 9 11 5 4 4 5 10 11 5 5 4 10 10 8 7 7 7 7 8 11 2 4 11 4 4 4 5 10 10 8 6 8 10 7 7 7 7 7 10 7 7 7 8 7 8 10 10 8 2 9 8 11 1 3 4 4 4 5 4 4 11 11 2 3 5 4 11 5 10 8 11 11 5 5 10 7 11 5 5 4 4 4 4 11 11 5 2 3 7 7 10 7 8 10 7 8 7 10 7 7 7 8 7 10 10 2 6 8 10 10 7 7 2 8 6 7 11 11 5 1 4 5 9 5 4 4 4 11 5 7 11 7 11 5 11 5 8 4 4 11 5 7 11 11 5 8 4 4 4 4 4 11 5 10 8 10 10 2 8 7 7 9 8 10 10 2 6 7 8 7 7 7 7 7 11 5 10 10 8 8 11 2 11 4 3 4 4 5 4 4 1 3 4 4 10 11 5 5 4 11 5 11 11 2 5 3 7 7 10 8 10 10 2 6 8 10 2 10 10 7 7 8 8 10 6 8 10 10 7 7 8 7 7 8 10 2 6 11 11 4 5 5 11 2 9 5 10 11 5 5 4 4 11 11 4 2 5 9 8 7 7 7 7 10 10 8 7 7 7 8 11 11 2 5 11 3 11 5 4 4 4 4 4 4 5 4 4 11 2 9 5 7 11 11 2 3 4 4 5 11 11 4 4 2 5
ppo_x50_b_fd_l4_linear,73,qv22_75,22,232,True,1283.0,5.521392107009888,8 8 10 10 8 8 10 10 8 8 11 5 3 11 5 10 10 7 7 8 8 10 10 8 8 11 5 4 4 11 5 10 10 7 7 7 7 8 8 10 10 8 8 11 5 10 10 7 8 8 10 10 8 8 11 5 10 10 8 2 9 5 10 10 8 8 4 4 4 1 3 4 10 8 10 7 8 11 11 5 5 11 11 5 4 4 5 11 11 2 5 10 8 7 10 6 7 7 7 7 8 7 10 10 2 8 6 7 11 11 5 2 4 4 4 3 4 4 4 4 11 5 4 4 11 5 7 11 11 5 5 10 8 4 4 4 11 11 5 2 4 3 10 7 8 10 7 10 7 7 8 8 10 10 2 6 8 10 7 8 11 11 5 2 9 5 10 7 11 5 5 4 4 4 4 11 4 4 5 11 11 2 5 9 5 7 7 10 10 8 2 10 8 3 7 10 10 0 8 7 7 7 6 7 7 8 11 4 5 7 10 10 8 7 7 8 10 7 8 11 11 5 2 11 4 9 5 5 4 4 11 4 5 4 0 9 10 8 7 8 10 7 8 7 11 11 2 5 11 9 5 5 11 2 11 11 5 4 3 5 0 6 7 7 7 7 10 8 1 11 9 5 5 11 4 5 4 4 4 4 4 4 4 4 11 11 5 2 10 7 8 10 10 8 6 8 7 10 10 7 2 6 8 7 7 7 10 0 6 7 8 4 10 2 10 10 8 8 6 4 11 4 4 4 5 4 11 11 5 5 4 4 11 5 10 8 4 11 11 2 5 7 10 10 7 8 3 7 7 7 8 10 2 7 6 7 7 7 7 7 7 11 11 5 2 3 4 11 5 4 4 4 10 11 5 5 4 4 4 4 11 5 10 8 10 10 7 2 6 8 7 7 10 8 10 7 7 7 8 11 11 5 2 9 4 5 4 11 1 9 5 5 4 4 4 4 11 0 9 5 5 11 4 5 11 11 2 4 3 5 10 8 7 11 10 8 8 10 7 10 7 2 8 7 6 10 10 8 7 8 10 10 8 8 7 0 9 8 4 10 10 8 8 7 7 11 11 2 5 9 8 11 1 11 5 5 4 4 3 4 4 4 11 5 10 8 11 11 2 4 3 5 10 8 10 7 8 10 10 8 7 8 7 11 1 11 3 5 4 4 4 5 4 4 11 5 4 4 4 4 11 5 11 2 9 10 8 8 11 5 10 10 8 8 7 10 8 11 10 8 7 8 10 10 2 6 8 7 7 7 0 9 7 8 11 5 10 4 10 2 6 7 7 7 7 8 11 2 11 11 5 4 4 4 3 5 4 4 4 10 11 5 5 4 4 11 11 2 5 4 11 11 5 5 3 7 10 7 8 7 7 7 7 7 7 7 10 8 4 10 10 8 7 7 8 11 11 5 2 7 9 8 11 10 8 8 10 7 7 10 8 2 6 4 11 4 5 7 11 11 2 3 4 4 4 5 4 10 2 11 3 5 4 4 4 4 4 10 11 5 5 7 10 10 8 2 10 6 8 10 10 2 6 7 8 7 7 7 7 7 10 8 7 7 11 11 5 4 5 7 11 11 5 5 11 11 2 3 4 5 0 9 8 11 11 5 5 4 10 10 8 7 7 8 11 4 4 4 4 5 10 11 5 4 4 4 5 11 11 5 4 5 11 11 5 2 3 7 10 10 8 8 7 7 7 10 10 2 8 6 10 7 0 6 7 8 10 11 5 2 11 9 5 2 3 4 4 4 11 5 10 8 4 4 4 4 4 4 1 3 10 10 8 8 7 7 7 7 7 10 8 4 10 10 8 7 8 7 10 10 2 6 8 7 7 10 8 7 7 10 10 8 2 4 11 3 4 11 5 5 11 1 9 8 8 11 1 9 5 5 4 4 11 11 5 4 4 4 4 4 5 11 11 4 2 3 4 5 10 10 7 7 7 7 2 6 7 7 7 8 10 8 10 10 8 2 6 7 7 10 7 7 7 8 11 1 3 4 5 4 11 4 11 4 4 5 4 5 10 10 2 8 7 10 8 7 7 7 6 10 10 8 8 4 1 10 9 5 5 11 4 11 4 4 2 3 4 4 5 4 4 4 10 10 2 6 8 11 2 9 10 8 7 8 7 10 8 7 7 10 10 2 8 11 4 5 7 7 7 6 7 7 7 11 11 5 2 3 11 5 4 4 4 4 11 11 5 4 4 5 11 2 9 5 11 11 2 5 11 9 5 4 4 4 4 5 10 2 10 10 6 7 8 10 8 7 7 7 8 7 7 7 7 10 8 11 11 5 5 4 1 4 4 9 5 4 11 11 5 4 2 3 11 5 4 4 10 10 8 7 7 10 8 7 7 7 8 7 11 2 9 5 10 10 0 6 8 8 7 1 3 4 4 4 11 5 10 11 5 5 4 4 4 4 10 11 5 5 10 10 7 7 7 2 8 7 9 8 7 7 7 10 10 7 8 7 7 7 7 8 1 9 5 11 11 5 4 5 11 11 5 2 6 7 10 8 11 11 5 5 4 4 11 5 10 8 4 4 4 4 4 4 10 10 8 2 10 7 7 7 6 7 7 8 7 10 10 7 8 2 6 11 5 4 4 11 4 4 4 11 5 2 9 4 5 11 4 5 10 10 8 8 10 7 7 10 8 2 7 7 9 8 10 7 8 10 10 8 7 7 8 11 2 6 11 11 5 5 4 4 4 4 11 11 5 4 4 4 5 10 11 2 3 4 4 5 4 11 5 11 4 4 11 2 5 9 8 10 10 2 8 10 10 8 6 8 10 10 8 7 7 7 8 4 11 4 5 10 10 7 7 8 7 7 8 4 10 10 8 8 10 8 7 7 7 10 8 0 6 11 11 5 5 11 11 4 4 5 4 5 7 11 11 5 5 11 11 5 5 11 11 2 5
ppo_x50_b_fd_l4_linear,74,qv22_76,22,236,True,1320.0,11.431954383850098,8 8 10 10 8 8 9 11 2 5 10 10 7 8 8 11 5 10 7 10 8 8 10 10 8 8 9 5 10 10 8 8 10 10 8 8 11 5 4 11 5 10 10 7 7 7 8 8 10 10 8 8 11 5 7 10 10 7 8 5 1 4 4 9 4 5 7 11 11 5 5 11 11 2 5 3 10 8 7 7 10 10 7 7 8 2 7 10 10 8 8 4 4 10 9 5 5 4 11 5 10 10 8 8 4 4 4 11 5 11 11 4 5 5 4 4 11 5 7 11 11 2 3 4 4 5 10 8 11 11 5 5 11 11 2 5 9 8 10 10 7 2 6 7 7 7 8 10 10 2 6 8 10 7 7 7 10 2 8 7 7 7 6 11 11 5 4 4 4 4 4 4 11 5 5 7 11 11 5 5 4 4 11 5 11 4 4 5 7 10 10 8 2 9 8 7 11 11 2 5 4 4 4 3 4 10 10 8 7 7 7 7 7 8 7 7 7 11 2 9 10 8 8 4 10 10 8 7 8 7 10 8 11 5 7 7 7 7 7 11 11 5 2 4 4 3 4 4 10 8 11 11 5 5 1 4 4 4 3 4 4 4 11 4 5 4 4 11 5 10 10 8 2 9 5 10 10 7 7 8 8 11 2 3 10 10 7 7 7 8 7 8 10 10 8 8 11 2 10 9 8 7 7 8 10 2 6 7 10 8 7 11 11 5 5 11 11 5 4 4 5 4 11 5 10 8 11 11 2 3 5 11 4 4 4 4 4 4 5 7 7 10 8 10 10 2 8 6 10 8 7 10 8 4 10 10 2 6 7 8 7 10 10 8 2 9 5 11 11 5 11 5 1 3 4 4 5 10 7 7 8 10 11 5 5 4 4 4 4 4 11 4 5 10 10 8 2 10 9 8 8 1 3 11 5 11 11 2 3 4 4 5 11 2 3 10 10 7 7 7 7 7 7 8 7 7 7 8 4 10 10 2 8 7 9 7 10 2 6 7 7 7 8 10 10 2 8 9 5 11 11 4 4 1 3 5 4 4 5 4 4 4 4 10 10 2 8 6 10 8 7 10 10 8 2 9 8 4 4 11 4 5 11 5 4 4 1 3 4 4 4 11 4 5 10 10 8 8 10 2 6 10 10 8 7 8 7 7 7 7 10 8 1 9 11 5 5 0 9 8 1 9 10 8 7 7 7 7 7 7 8 10 2 6 11 11 4 4 4 2 3 4 5 4 11 11 2 3 4 4 4 5 10 11 5 5 4 11 11 5 2 7 7 7 10 9 8 7 8 7 10 7 10 2 8 6 7 10 10 8 2 9 8 4 4 4 4 11 4 11 2 3 4 5 7 10 8 4 11 11 5 8 4 4 4 4 11 5 10 8 4 11 11 2 5 3 7 10 10 7 7 7 2 8 7 7 7 9 7 8 7 10 10 8 7 7 7 8 1 9 10 8 8 10 10 8 2 9 5 11 11 1 3 5 4 4 4 4 4 4 4 4 5 4 10 2 10 10 8 8 6 7 7 11 10 8 8 7 11 11 2 5 4 4 3 4 4 4 11 5 7 11 11 5 5 4 4 11 4 4 11 2 5 9 8 10 10 2 6 10 8 8 4 10 11 5 5 10 10 7 8 8 10 10 8 8 10 10 8 2 9 8 7 7 10 10 2 8 3 7 7 10 7 7 7 7 7 8 11 11 2 5 9 8 11 11 1 3 5 5 4 4 4 4 4 4 4 4 4 11 4 5 4 11 5 11 11 4 5 2 9 8 7 10 7 10 8 2 10 10 8 9 8 8 10 10 8 2 7 6 10 8 7 1 9 11 5 8 4 4 4 11 5 10 8 11 4 4 11 5 2 4 3 4 10 10 8 7 7 7 8 10 10 7 7 8 7 0 6 8 11 4 4 5 10 7 10 7 2 6 7 8 10 7 8 11 11 2 5 9 11 5 4 5 4 4 11 4 5 11 11 2 3 4 5 10 8 4 11 11 5 2 3 10 8 10 10 7 7 7 7 7 7 8 7 8 7 11 2 9 11 5 5 10 2 7 10 6 7 7 8 7 7 11 11 5 2 9 4 5 11 4 11 2 3 4 4 5 4 11 5 4 10 10 8 8 11 4 11 5 4 4 5 10 10 2 8 6 10 8 7 10 7 7 10 8 2 7 10 8 4 4 4 4 9 5 4 10 11 2 3 5 4 4 10 2 11 11 5 5 4 4 4 4 3 10 10 2 8 6 7 7 7 7 7 7 7 7 10 8 11 5 7 7 10 7 8 11 11 2 5 9 5 10 7 10 2 6 7 7 8 10 2 7 6 11 11 4 4 4 4 4 5 2 4 9 4 4 5 4 4 11 4 5 4 4 4 10 10 2 6 8 7 10 8 4 10 10 8 7 7 7 10 8 7 7 7 8 11 2 9 4 5 7 7 7 10 7 7 8 11 11 2 5 11 11 5 4 9 5 5 11 4 4 4 4 5 11 10 8 8 10 10 8 2 9 8 10 10 8 8 10 10 8 2 7 6 11 11 5 5 10 8 11 11 2 3 4 4 5 4 4 4 10 8 11 5 4 4 10 8 11 11 5 5 4 11 4 4 11 2 5 9 8 10 10 8 7 7 7 7 8 4 10 10 2 8 10 10 8 6 7 7 8 7 7 7 7 10 10 2 8 9 4 5 11 11 5 8 4 4 4 4 4 4 4 4 4 4 4 4 4 4 11 5 7 11 5 10 10 8 8 10 10 7 7 2 8 6 10 8 10 10 7 7 7 7 7 2 6 7 7 7 7 8 11 5 7 7 11 11 2 5 4 4 3 4 11 5 4 10 2 3 11 4 5 4 0 6 7 10 10 7 8 8 10 7 11 5 5 10 7 7 7 7 8 11 11 2 5 11 11 5 4 5 3 4 11 4 4 4 4 4 4 1 4 3 5 10 10 8 8 10 7 10 7 8 2 9 8 10 7 7 10 8 8 10 10 8 2
ppo_x50_b_fd_l4_linear,75,qv22_77,22,226,True,1237.0,5.495466947555542,8 8 10 10 8 8 9 11 5 2 10 10 7 8 8 9 5 11 11 4 4 5 2 10 7 7 7 7 10 8 8 10 10 8 8 9 5 10 10 8 8 10 11 2 5 10 10 7 8 8 9 5 10 11 5 5 7 10 10 8 8 10 10 8 8 11 5 1 3 4 4 4 4 1 3 4 4 11 5 11 4 11 5 2 10 8 10 10 7 7 7 8 6 8 11 10 8 8 7 11 11 2 5 11 4 3 5 4 4 4 4 4 11 11 5 2 3 7 7 10 10 7 7 7 7 7 8 2 10 7 7 10 8 8 3 10 10 2 8 10 10 6 7 8 8 10 10 8 8 4 4 11 5 10 10 8 2 9 8 11 5 4 4 4 4 4 4 4 4 4 1 9 4 4 5 11 5 4 4 11 4 5 10 10 7 2 8 9 8 7 7 0 6 11 10 8 8 10 10 8 8 7 1 9 11 5 4 4 4 5 10 2 11 11 5 4 3 5 11 5 10 10 7 8 7 7 10 8 7 7 7 0 6 7 7 7 8 7 11 10 2 6 8 10 2 6 7 7 11 11 2 5 3 4 4 4 4 11 4 5 7 11 11 5 2 4 9 5 4 4 11 4 4 4 5 7 10 8 10 10 2 8 9 10 8 8 10 10 7 8 7 7 8 4 10 11 5 5 10 11 5 5 11 5 10 10 7 7 7 8 8 10 7 8 10 10 8 2 11 5 11 11 5 11 5 3 5 11 5 4 11 11 4 4 4 2 5 4 4 9 5 11 4 11 2 5 3 10 8 10 10 8 0 9 8 7 7 7 8 10 10 2 6 7 8 11 2 3 10 10 7 7 7 7 7 2 7 8 6 7 11 11 5 4 4 1 3 4 5 4 4 1 3 4 4 4 4 4 10 8 11 11 5 4 4 4 5 11 2 3 10 10 8 7 7 0 6 7 8 10 10 7 8 7 7 8 7 11 10 8 8 7 10 10 2 8 10 8 6 7 11 11 5 5 7 10 8 7 11 11 5 4 5 4 4 10 11 5 5 4 4 1 3 11 5 4 4 11 1 3 4 4 4 4 5 11 11 5 2 7 9 8 10 10 0 7 6 0 6 8 8 7 7 10 10 7 8 2 9 8 11 10 8 8 4 4 4 11 5 7 10 10 7 8 7 7 8 11 4 5 10 10 8 2 9 7 8 7 11 11 5 5 10 8 11 11 5 11 5 4 4 5 4 4 11 5 10 8 4 4 11 4 11 5 2 9 5 7 11 11 5 5 10 8 4 4 4 10 10 8 2 7 7 10 7 6 10 7 8 7 8 10 10 7 8 7 8 4 11 5 10 10 7 2 6 7 7 7 8 11 5 10 7 8 11 11 5 2 9 7 7 8 11 5 11 11 4 5 1 3 4 5 11 5 4 11 5 11 11 4 5 2 9 8 11 11 2 5 9 8 4 11 11 5 2 4 4 3 11 5 10 10 7 7 7 7 7 8 7 7 7 8 10 7 10 8 7 7 8 1 9 11 5 5 1 4 9 5 4 4 11 4 4 4 4 4 5 10 10 2 8 7 7 10 8 10 10 8 8 9 10 8 8 11 10 2 8 10 10 8 8 11 4 4 3 5 4 4 4 4 4 4 11 11 2 5 9 8 4 4 11 5 1 3 10 10 7 7 7 7 7 7 7 7 8 7 7 7 7 7 7 10 8 7 7 8 1 4 3 4 11 5 1 4 4 4 9 4 4 5 4 4 11 4 4 10 8 2 9 8 10 10 7 2 6 7 8 10 7 10 7 7 7 8 8 4 10 8 10 10 8 8 10 2 7 11 9 5 5 10 8 11 11 5 5 4 4 4 4 10 8 11 11 5 4 5 10 8 4 11 11 2 3 4 5 11 5 4 11 5 4 4 4 11 4 5 10 10 7 8 8 10 2 9 10 2 6 7 8 4 10 10 8 8 10 10 2 8 6 10 8 7 10 10 2 6 7 7 7 8 11 5 1 3 4 4 4 4 10 8 11 11 5 4 4 4 4 5 4 4 11 5 10 8 10 10 2 8 9 8 7 10 7 10 2 8 9 5 10 7 7 10 2 8 10 10 7 7 7 7 8 8 3 11 5 10 10 8 8 10 10 8 2 9 5 11 4 4 5 7 7 11 11 5 5 4 4 4 4 4 4 11 5 4 11 1 9 5 8 11 5 10 10 8 7 7 8 4 11 4 4 5 4 4 4 4 11 11 2 5 3 7 10 10 7 7 7 7 8 7 8 10 8 11 10 8 7 7 7 7 7 7 8 10 7 7 10 2 8 9 4 4 5 4 11 11 4 5 4 4 4 5 1 3 4 4 11 5 10 8 10 10 8 0 6 8 1 3 11 4 4 4 4 4 5 11 4 11 2 5 10 8 6 10 10 8 8 7 7 7 7 11 5 10 10 7 8 2 10 9 8 7 7 8 7 10 8 7 10 10 2 8 6 7 11 11 5 5 11 10 8 8 11 4 11 4 4 5 5 11 4 1 9 5 4 5 10 7 8 0 9 8 10 7 7 8 11 11 2 5 11 11 5 5 3 11 4 4 5 7 11 11 5 5 4 4 11 5 7 11 11 5 5 4 11 11 2 5 3 7 7 10 10 7 2 8 10 9 8 8 7 7 7 7 7 10 8 4 10 10 8 8 11 5 11 11 5 5 4 10 10 2 8 7 7 9 10 8 8 7 7 7 7 7 11 11 2 5 11 11 4 5 4 3 5 11 4 4 4 4 4 4 11 5 5 4 11 4 5 10 10 8 8 10 10 2 8
ppo_x50_b_fd_l4_linear,76,qv22_78,22,228,True,1283.0,12.587385416030884,8 8 10 10 8 8 9 11 4 2 5 10 10 7 7 8 8 11 5 10 10 7 8 8 10 9 8 8 11 4 2 3 11 5 10 10 7 8 8 10 10 8 8 10 10 8 8 11 5 10 7 10 8 8 11 10 8 2 10 10 8 8 9 10 8 8 10 2 4 3 4 11 5 11 11 2 5 9 5 11 4 4 4 4 4 4 5 4 4 4 11 11 2 5 3 7 7 10 10 8 7 7 7 7 7 7 7 8 11 2 9 11 5 4 5 0 9 10 7 8 2 3 10 10 8 0 6 7 7 8 4 10 10 8 2 7 7 6 7 11 11 5 2 9 5 4 4 4 4 0 9 11 5 5 11 4 4 4 5 4 11 11 5 2 9 7 11 5 4 5 0 6 10 8 4 10 10 8 7 8 7 7 7 7 7 10 8 11 11 5 5 11 2 10 9 8 8 7 7 10 8 7 1 3 11 5 11 11 2 5 4 3 11 5 10 8 11 11 5 4 4 5 0 7 7 7 9 8 7 7 7 10 10 8 2 10 9 8 7 8 10 2 11 11 5 3 4 5 11 11 2 4 4 4 4 3 4 11 5 5 11 11 5 4 4 4 5 4 10 2 11 9 5 5 10 8 10 10 8 8 7 0 6 7 7 7 10 8 7 11 11 5 5 11 4 4 5 7 10 10 2 8 9 8 10 10 7 8 8 7 11 1 3 4 4 5 7 11 11 5 4 4 4 4 4 4 5 4 4 10 10 2 6 8 10 8 10 10 2 8 9 7 8 4 10 10 8 2 7 7 7 7 7 7 7 7 9 8 10 10 2 8 6 11 5 11 11 4 5 4 5 11 11 5 2 3 4 4 4 11 4 5 11 11 2 5 3 7 10 8 10 10 8 8 7 10 8 7 11 11 5 5 7 10 10 8 7 8 10 10 7 8 2 10 8 6 7 7 11 11 5 4 4 5 4 4 11 4 11 2 3 5 4 4 10 11 5 5 4 11 11 2 5 4 3 4 4 10 10 8 7 7 7 7 7 7 7 8 4 11 5 10 10 7 8 8 10 7 7 7 7 8 11 5 7 7 7 7 7 11 11 5 2 9 4 4 5 4 11 11 4 2 5 11 9 5 5 11 4 5 4 11 5 10 8 4 4 4 11 11 5 2 3 11 4 5 7 7 7 10 7 8 11 5 10 10 7 7 7 7 7 8 7 8 4 4 10 11 5 5 7 10 10 2 6 8 10 8 10 10 8 2 3 4 4 4 4 1 4 9 5 10 10 8 8 4 4 11 5 4 4 4 11 1 4 5 3 10 10 8 8 7 7 7 10 7 7 7 7 7 7 10 2 6 7 7 8 10 10 2 8 9 5 4 4 11 5 4 4 4 11 5 7 10 11 2 3 5 11 5 7 11 11 5 4 5 4 10 11 5 5 4 4 4 11 11 2 5 3 10 10 7 7 7 7 7 7 7 7 7 7 7 7 8 7 8 10 10 8 2 10 6 8 7 11 11 2 5 3 4 4 11 5 4 10 10 8 8 11 4 5 7 11 11 5 4 4 4 4 4 5 4 11 11 5 2 9 5 7 7 7 0 7 6 11 10 8 7 7 7 7 8 7 7 7 7 7 11 11 2 5 3 4 11 5 4 11 5 7 7 11 11 5 4 4 4 5 4 11 11 5 2 9 5 10 10 2 6 7 7 8 11 4 2 11 11 5 3 5 4 4 1 9 5 4 4 4 11 11 2 5 9 8 10 10 2 8 9 5 10 10 7 8 7 8 4 11 10 8 2 10 10 8 7 7 7 7 6 7 7 8 4 10 10 8 7 7 7 8 1 9 8 11 5 11 5 4 4 11 5 4 10 10 2 8 9 8 4 11 11 2 3 5 10 7 11 5 5 4 4 4 4 4 11 11 2 5 3 4 10 10 8 8 10 10 7 7 7 7 8 8 7 7 7 7 7 10 8 4 11 2 9 5 10 7 10 8 8 7 10 10 2 8 3 11 5 11 4 4 4 1 3 4 4 4 4 4 4 4 4 4 4 5 10 11 5 4 5 4 10 10 8 2 9 8 10 7 7 7 8 10 10 7 7 0 8 7 9 8 7 7 8 4 10 10 2 6 8 10 2 11 9 8 8 7 10 8 11 11 4 5 5 4 11 5 7 11 11 2 3 5 4 11 4 5 11 4 10 2 8 9 8 1 3 4 4 4 11 5 4 4 10 10 2 8 10 7 8 10 7 7 10 7 6 7 8 7 7 7 8 4 11 5 7 10 10 2 6 7 7 8 10 2 6 11 11 2 3 4 5 4 4 4 11 5 10 8 1 9 11 5 5 10 8 4 4 4 4 4 4 10 11 5 4 5 4 11 5 4 4 10 10 2 6 7 7 7 8 10 8 10 8 10 10 7 8 2 7 10 10 8 6 8 7 10 7 7 7 8 11 11 5 2 4 11 9 5 5 11 11 2 3 5 11 4 11 4 5 4 4 4 5 11 11 2 3 4 5 7 10 8 11 11 5 5 7 7 7 7 10 8 10 10 8 7 7 7 7 8 4 10 10 8 8 7 10 10 2 8 6 7 7 11 11 5 8 4 4 4 4 4 11 4 5 7 10 8 11 11 5 4 5 11 11 5 4 5 4 11 4 5 11 5 4 11 11 5 2 3 7 10 8 10 10 7 8 2 10 7 7 6 7 8 7 7 10 8 10 10 8 8 7 7 7 7 0 6 11 11 5 5 4 11 1 4 3 4 4 4 1 3 4 4 5 4 4 4 4 4 11 11 5 2 3 10 7 10 7 7 7 2 6 7 8 7 7 11 5 10 10 8 8 11 2 4 4 11 4 5 10 10 8 8 10 10 7 7 8 9 8 7 7 8 10 10 2 8 9 8 10 10 8 2
ppo_x50_b_fd_l4_linear,77,qv22_79,22,231,True,1285.0,5.555566072463989,8 8 10 10 8 8 9 4 11 5 2 10 10 7 7 8 8 11 3 5 10 10 7 8 8 10 10 8 8 11 5 4 4 11 5 10 10 7 7 7 7 8 8 11 10 8 2 3 10 10 8 8 10 2 10 9 8 8 4 11 5 4 11 5 4 4 4 4 10 10 8 2 10 10 7 8 6 7 7 8 10 10 7 8 8 10 10 8 8 10 10 8 8 10 2 11 11 5 3 5 10 7 8 11 4 11 2 4 5 3 4 4 4 11 5 4 4 10 10 2 8 10 7 7 7 8 9 10 8 8 11 10 8 8 7 11 11 5 4 4 5 10 8 11 5 4 4 4 4 4 10 8 11 11 5 4 4 4 5 4 4 4 11 4 5 10 10 8 2 11 5 10 10 8 8 10 6 8 7 7 7 7 7 10 8 4 10 10 2 6 7 8 10 2 10 10 6 2 8 6 11 4 4 5 4 4 4 4 1 9 5 10 8 11 11 2 3 5 4 4 4 11 5 10 10 8 8 10 10 2 6 8 11 10 8 7 7 8 7 7 10 10 7 7 2 6 7 8 7 10 2 3 10 10 8 2 6 4 10 8 11 11 5 5 10 8 7 11 11 2 4 4 3 5 4 11 5 10 10 8 8 4 11 5 4 4 4 4 4 10 8 11 11 2 3 4 4 4 4 4 4 4 5 10 2 6 7 7 7 10 8 11 11 5 5 11 4 5 1 3 10 10 8 7 7 7 7 8 10 7 7 7 8 10 10 2 6 7 8 7 10 8 11 5 7 7 10 10 8 2 9 5 11 4 4 4 4 4 1 3 4 4 4 4 4 4 5 4 4 10 10 8 2 7 10 8 10 10 7 6 8 7 10 8 8 4 10 10 8 8 10 10 8 2 9 7 8 11 4 5 4 4 4 4 4 10 10 2 8 9 5 10 10 8 7 7 7 8 10 10 2 6 7 7 8 7 11 11 2 5 9 8 11 4 11 5 1 3 5 4 11 5 4 10 10 8 8 4 11 5 4 4 4 11 4 5 4 11 11 5 2 11 4 4 3 5 10 8 7 11 10 8 7 7 8 10 10 8 7 7 8 10 10 8 5 7 7 7 10 10 8 8 10 8 7 7 7 11 11 2 5 9 5 11 11 5 4 5 4 11 5 10 10 8 8 11 4 4 11 4 2 3 5 11 11 5 5 7 7 7 10 8 4 11 11 2 3 4 4 4 4 4 5 4 4 11 4 2 10 9 8 8 7 7 7 7 7 7 10 8 4 10 10 8 7 7 7 7 8 10 10 2 8 6 7 7 10 7 8 11 11 5 4 4 11 5 4 4 4 5 11 4 4 4 4 4 4 5 4 4 11 11 5 2 9 5 7 7 10 10 8 7 7 8 4 4 11 5 10 10 7 2 6 7 7 7 7 7 7 8 4 4 11 5 7 10 10 7 8 7 8 4 4 11 5 10 10 7 2 6 0 6 7 8 7 11 2 6 10 7 8 11 11 4 4 5 1 3 5 4 11 4 4 5 11 11 2 3 5 11 11 2 3 5 10 8 11 11 5 4 4 4 4 5 10 10 8 2 10 6 8 10 10 2 6 7 7 8 10 7 7 8 7 10 10 8 8 1 4 3 4 4 11 5 7 11 2 11 11 5 4 4 5 4 4 3 4 4 4 10 10 2 8 6 7 7 7 7 10 8 4 10 10 8 7 7 7 8 7 7 10 10 8 8 10 8 4 10 10 7 8 5 10 7 8 11 11 5 2 3 11 11 4 2 3 4 4 5 4 4 4 4 4 4 11 5 10 8 11 11 5 4 4 4 5 10 10 2 8 7 6 7 10 8 7 10 8 11 5 10 10 8 8 10 7 7 7 10 2 6 7 8 11 5 10 7 10 2 6 8 11 5 11 11 2 5 9 11 5 4 4 4 5 4 4 4 4 4 4 4 4 4 10 10 8 2 10 7 6 7 8 0 6 7 7 11 5 10 10 8 7 8 10 7 7 8 7 10 8 7 7 7 11 11 2 5 9 4 11 2 5 11 9 5 5 4 11 11 5 5 4 4 4 4 1 11 5 9 8 11 4 4 5 10 10 2 8 3 11 4 4 5 4 10 11 5 2 10 10 7 6 7 7 7 7 7 8 8 10 10 8 7 7 7 8 7 7 10 7 10 8 2 9 4 5 4 11 5 7 11 11 5 4 4 5 11 5 11 11 2 3 4 4 5 4 11 11 5 2 3 10 10 2 8 10 10 8 8 7 7 7 9 8 10 10 8 8 7 7 10 7 10 2 7 7 8 9 5 4 11 11 4 5 4 1 3 4 5 7 10 11 5 4 5 7 11 11 5 4 4 5 10 8 11 11 2 3 5 4 4 4 11 4 5 10 10 2 8 10 9 8 7 8 10 7 10 2 6 8 10 7 7 8 10 10 8 7 7 8 7 7 10 10 2 8 6 11 5 7 11 11 4 4 4 5 4 5 4 4 4 4 4 11 5 11 11 5 2 4 9 5 10 11 5 4 5 10 10 2 8 10 6 7 7 7 7 8 4 11 5 4 10 10 8 8 4 11 5 10 10 7 7 8 8 1 9 10 8 8 10 8 10 8 7 7 10 7 7 7 8 11 11 4 2 3 5 11 5 7 11 11 2 5 4 4 4 4 3 4 4 4 4 11 5 7 11 5 4 11 4 11 2 4 5 3 10 8 7 7 7 11 10 8 8 7 7 7 10 8 10 10 8 7 8 10 10 8 2 9 8 4 4 4 4 4 4 1 9 4 4 5 10 11 5 5 4 4 4 4 10 10 8 2 9 8 10 10 8 0 6 7 7 7 10 8 8 11 5 4 4 11 5 4 10 10 8 8 10 7 10 7 8 7 7 8 11 2 10 10 8 6 7 7 7 8
ppo_x50_b_fd_l4_linear,78,qv22_8,22,232,True,1286.0,5.606586933135986,8 8 10 10 8 8 9 11 4 2 5 10 10 7 7 8 8 11 5 10 10 7 8 8 10 10 8 8 10 9 5 5 10 10 8 8 11 2 10 6 10 8 8 10 2 10 10 8 8 10 9 8 8 10 2 4 4 3 11 5 7 11 11 5 4 5 11 11 5 4 5 0 7 7 7 6 10 8 7 7 10 10 7 8 8 10 2 9 10 8 8 4 4 4 4 4 11 5 4 4 4 4 1 4 9 4 5 11 11 5 2 11 5 9 10 8 8 10 10 7 7 8 8 10 10 7 7 2 8 7 7 7 7 6 7 11 11 2 5 4 4 4 4 4 4 4 4 3 11 5 7 11 11 5 4 5 4 4 4 11 5 10 8 4 4 10 10 2 8 7 6 7 7 7 7 11 5 10 10 8 7 7 8 1 4 9 11 5 4 4 5 4 4 4 11 4 2 3 10 10 8 8 10 10 8 7 8 11 2 3 10 10 8 7 7 8 10 10 7 8 7 7 7 8 11 2 4 11 4 3 5 10 10 8 8 11 5 10 7 10 7 8 7 7 7 7 8 4 1 11 4 3 4 5 11 4 5 11 11 4 5 5 4 4 4 10 8 11 11 2 3 4 5 11 11 2 5 9 8 4 10 10 2 6 7 7 7 8 10 10 2 6 7 7 7 8 10 10 7 7 7 8 4 5 11 5 7 10 10 7 8 8 11 2 9 5 4 4 11 4 5 0 6 11 11 5 4 5 4 4 4 4 11 5 4 4 10 11 5 5 4 11 11 5 2 3 7 7 7 7 7 11 10 8 7 8 10 8 7 7 0 9 7 7 7 8 7 7 10 10 8 2 6 7 11 11 2 5 4 4 4 3 4 4 11 4 4 5 10 10 8 8 11 4 4 4 4 4 5 11 11 5 2 10 8 9 11 5 5 4 11 5 10 10 2 8 10 10 7 7 7 8 7 7 6 7 7 8 10 2 6 11 11 5 5 4 1 9 5 11 11 2 5 10 7 8 11 11 5 5 3 10 8 10 7 10 7 8 5 10 8 10 10 8 8 10 10 8 2 9 7 7 8 11 11 5 4 5 7 10 8 11 11 4 5 5 4 11 11 2 3 4 4 5 4 4 11 5 10 8 11 11 5 4 5 11 4 4 4 4 10 2 8 7 9 8 7 10 10 8 7 8 4 10 10 8 7 7 7 7 8 7 7 10 8 11 4 4 11 2 5 3 11 5 4 4 11 5 4 4 11 11 5 2 3 7 10 7 7 8 4 10 10 2 6 7 7 7 7 7 8 10 2 6 10 10 8 7 7 7 8 11 5 4 4 11 5 10 10 7 7 8 8 7 11 11 2 5 9 5 4 4 4 4 4 1 11 3 4 4 5 10 10 8 2 9 4 5 10 10 8 2 9 5 10 10 8 8 7 7 10 0 7 7 7 8 7 6 11 11 4 2 3 4 5 4 4 11 11 2 3 5 4 4 4 4 4 10 8 11 11 5 4 4 4 4 5 10 2 11 9 5 5 10 8 10 8 0 6 10 7 7 8 4 4 10 10 8 7 7 7 7 7 7 7 8 10 10 2 8 9 7 8 4 4 4 4 4 11 5 7 10 7 10 2 8 6 7 7 7 10 7 8 11 11 2 5 4 11 3 4 4 4 4 4 4 4 1 3 4 4 4 5 4 11 11 5 2 3 4 10 8 7 7 7 11 5 10 8 7 11 5 10 10 8 8 7 10 8 1 9 5 10 10 8 8 11 4 4 5 7 10 10 7 8 8 4 10 10 8 7 7 7 8 10 10 2 8 9 7 8 11 4 4 11 5 5 11 11 2 5 4 4 4 9 5 11 4 1 3 5 4 4 4 4 4 10 10 2 8 7 7 9 7 7 8 10 11 5 5 4 10 10 8 7 8 7 10 7 10 8 10 8 7 7 8 10 10 8 7 7 8 11 11 5 2 3 11 5 4 11 11 2 3 4 5 11 4 4 4 5 11 11 5 2 3 10 10 2 7 8 10 10 7 7 8 8 10 9 8 7 7 7 8 7 11 2 6 11 11 5 5 10 2 7 10 8 7 6 11 11 2 3 4 4 4 4 4 4 5 10 2 11 9 5 5 11 4 4 4 1 3 5 10 10 8 8 11 10 8 8 4 4 4 4 4 4 4 10 10 2 8 6 7 7 7 7 10 8 4 10 10 8 8 10 10 2 6 7 8 10 10 8 2 3 11 5 10 10 8 7 7 10 8 2 6 11 11 2 5 11 3 5 4 4 4 4 4 1 9 5 4 4 4 4 4 4 4 4 10 10 8 2 7 7 9 10 7 2 6 8 10 7 8 10 4 4 10 2 6 7 8 10 2 7 7 7 7 7 10 8 11 9 5 5 1 9 8 11 4 11 5 4 4 5 4 4 4 11 5 10 8 11 11 5 5 10 8 11 4 4 4 5 4 10 10 2 6 8 10 10 7 2 6 7 7 7 8 7 10 10 2 6 7 7 8 7 10 7 7 8 7 7 11 11 5 2 3 11 5 11 4 4 5 11 11 4 2 3 4 4 4 5 11 4 5 10 10 8 2 9 5 10 10 8 8 11 1 3 4 4 4 5 10 2 6 10 10 7 7 8 7 8 7 7 7 10 8 7 7 7 7 11 11 2 5 9 5 11 11 5 5 11 11 4 4 2 3 5 4 4 4 4 4 4 4 4 11 11 2 5 9 8 10 10 8 2 10 10 6 8 7 7 7 7 8 7 7 7 7 10 8 11 5 7 7 7 7 7 7 7 11 11 5 2 3 4 4 4 4 11 5 11 11 2 3 4 4 5 11 11 5 2 9 8 10 10 8 7 8 4 10 10 8 7 7 8 10 10 8 2 6 11 11 4 4 4 4 4 4 4 4 2 3 4 5
ppo_x50_b_fd_l4_linear,79,qv22_80,22,235,True,1281.0,5.672646522521973,8 8 10 10 8 8 9 11 5 2 10 10 7 8 8 9 5 11 5 10 10 7 8 8 10 10 8 8 11 5 10 4 4 5 10 10 7 7 7 8 8 11 5 10 10 7 8 8 10 10 8 8 11 5 10 10 7 7 8 5 10 10 8 8 1 3 11 4 5 11 11 5 4 4 4 5 10 10 8 2 10 6 7 8 10 10 7 7 2 8 10 6 10 8 8 11 2 9 5 11 4 11 2 3 5 4 11 5 11 11 4 4 4 5 4 4 4 5 10 10 2 8 7 9 8 10 8 10 7 7 8 11 11 2 5 11 9 5 5 4 4 4 4 4 11 4 4 5 11 2 3 10 7 10 7 7 8 7 8 4 10 10 8 7 7 7 7 7 7 7 8 7 7 7 7 7 11 11 5 2 9 4 5 4 4 4 11 4 4 5 4 4 10 10 8 2 10 7 7 7 6 7 7 8 0 9 11 5 5 11 4 4 4 4 4 4 1 3 5 4 4 4 4 11 11 2 5 3 10 8 10 10 7 8 5 7 7 7 7 10 8 11 5 10 10 7 8 2 7 7 7 7 6 10 8 7 10 10 8 2 6 11 4 11 2 3 4 5 7 10 8 11 4 11 2 3 4 5 11 4 11 5 2 11 4 4 4 3 4 4 5 4 4 4 11 11 5 2 9 8 10 10 8 8 10 7 7 7 7 8 4 10 10 2 6 7 8 10 10 8 7 7 7 8 10 2 10 7 6 8 7 7 11 11 2 5 9 4 11 5 5 11 11 5 4 5 11 11 5 5 4 4 4 4 4 4 10 8 11 11 5 5 10 8 4 11 11 2 3 5 11 11 5 2 6 10 8 11 11 2 5 7 10 7 7 7 7 7 6 7 7 10 8 7 8 10 7 10 8 7 7 8 7 11 10 8 8 11 4 11 2 5 11 4 3 4 5 11 4 4 4 4 4 5 4 4 11 4 4 5 10 10 7 8 8 10 10 7 2 8 10 10 7 6 7 7 7 8 5 4 10 10 7 8 8 1 4 4 3 11 4 5 10 10 8 8 11 5 4 4 11 11 5 4 4 4 5 11 4 4 11 5 2 10 9 8 5 10 10 2 6 8 10 10 8 8 11 4 4 5 10 10 7 7 7 8 2 10 6 7 8 10 10 8 7 7 8 10 10 8 7 8 7 10 8 4 10 10 8 7 8 11 5 11 5 7 7 11 11 5 2 9 4 5 11 11 5 5 4 11 5 11 0 9 5 5 11 4 4 4 5 7 10 8 11 11 2 3 5 4 11 5 10 8 4 4 4 11 11 2 5 4 3 10 7 7 8 10 10 7 7 7 7 7 7 8 7 7 8 10 10 8 7 7 8 0 9 11 5 5 11 11 5 4 4 4 5 10 10 2 8 6 7 7 10 8 10 10 2 8 9 4 11 4 5 2 9 11 5 4 4 5 10 11 5 5 11 11 5 2 3 10 7 7 10 2 6 7 8 11 5 7 10 10 2 8 7 7 7 7 6 11 11 5 4 5 4 4 4 4 4 4 4 4 4 4 11 5 10 8 10 10 8 2 9 8 11 5 11 1 3 4 4 5 11 11 2 5 3 7 10 7 7 10 8 2 6 7 7 7 7 7 7 10 7 8 4 10 10 2 8 9 8 7 11 11 5 2 9 4 5 4 11 11 2 3 4 4 5 7 11 11 2 3 4 5 11 11 5 2 9 8 10 10 7 7 2 6 8 4 4 4 4 4 4 4 11 11 2 5 3 10 8 10 10 7 2 6 7 7 7 7 7 8 10 8 7 10 10 7 2 6 7 8 10 10 8 7 7 8 11 11 2 3 5 4 4 11 5 4 4 11 4 5 4 11 4 4 5 11 11 2 5 9 5 10 10 7 7 2 6 8 11 2 10 10 6 7 0 6 7 8 8 4 11 5 10 7 10 7 2 6 8 7 10 7 7 8 11 11 2 5 9 8 11 11 5 5 1 9 11 5 5 10 7 8 4 4 4 4 11 5 11 4 11 2 3 4 5 4 4 11 5 10 8 4 4 4 10 10 8 2 10 6 7 10 7 7 8 7 7 7 8 10 11 5 5 7 10 10 7 2 6 8 7 1 9 11 5 5 10 8 10 10 8 8 10 11 5 5 7 7 7 11 11 5 4 4 4 4 4 4 4 5 4 11 11 2 5 11 3 4 4 5 4 4 4 4 10 10 8 2 7 7 7 10 8 9 10 8 7 8 7 1 9 11 5 5 10 7 10 8 8 7 7 7 11 11 2 5 11 11 5 3 5 4 4 11 11 2 5 3 7 10 8 7 10 8 11 5 10 10 8 8 10 7 7 10 7 8 2 9 8 11 5 11 11 4 4 4 5 5 4 4 4 4 4 4 1 3 10 10 8 8 10 7 7 7 8 7 10 8 10 7 8 7 7 7 7 7 11 11 5 2 9 5 11 5 10 11 5 5 7 7 11 11 5 4 4 5 10 8 4 4 4 10 11 5 5 11 11 4 4 2 5 9 5 10 8 10 7 11 2 5 9 4 5 7 7 7 7 7 10 7 7 7 7 7 8 7 7 10 10 2 8 6 4 4 4 11 4 4 11 2 3 4 4 5 10 11 5 5 4 4 11 4 4 4 4 5 4 1 3 10 10 8 8 7 7 10 10 7 8 8 4 10 10 8 7 8 10 10 2 6 7 8 11 5 11 4 4 5 7 10 10 8 8 7 10 10 2 8 6 4 4 11 11 4 4 4 4 4 4 4 2 5 9 10 8 7 7 8 7 7 10 8 1 9 5 10 10 8 7 8 7 7 7 7 7 11 11 2 5 11 11 5 3 4 4 5 4 4 4 4 4 4 4 11 5 10 8 4 4 10 10 8 2 10 10 8 8
ppo_x50_b_fd_l4_linear,80,qv22_81,22,229,True,1277.0,5.5566136837005615,8 8 10 10 8 8 9 11 5 2 10 10 7 8 8 9 5 10 10 8 8 10 2 10 10 8 8 10 10 8 8 10 9 8 8 10 2 10 10 8 8 9 10 8 8 4 4 4 11 5 11 11 5 4 5 7 7 0 6 7 7 7 10 8 10 10 8 8 10 10 8 8 11 5 11 4 4 4 11 5 5 11 11 5 2 6 10 7 8 11 4 11 4 5 1 3 5 4 11 4 4 5 11 11 5 2 3 10 10 8 7 7 8 7 7 7 7 7 10 8 7 10 10 2 6 7 7 7 8 11 2 6 11 11 5 2 10 8 6 11 11 4 5 4 4 4 4 4 4 11 5 4 4 4 4 4 5 4 4 4 11 2 3 10 10 7 8 10 8 7 8 4 4 10 10 8 7 8 7 7 11 11 2 5 11 5 9 5 11 11 2 5 10 10 7 7 7 6 8 8 11 4 4 5 11 5 10 10 7 7 7 8 7 8 11 11 5 5 10 7 7 8 11 10 8 8 10 7 10 2 6 8 11 2 9 5 11 11 4 4 2 3 4 4 4 4 4 4 4 5 11 4 4 4 5 10 7 10 2 8 10 6 10 8 8 4 10 10 2 6 7 7 7 8 1 9 10 8 8 7 7 10 7 8 0 9 11 5 5 11 4 5 4 4 4 11 5 7 0 10 6 8 7 7 7 7 10 8 4 10 10 8 8 7 11 11 2 5 10 8 11 9 5 5 4 4 4 4 1 9 5 10 11 5 5 11 11 2 3 4 4 4 5 4 11 11 5 2 3 10 8 10 10 7 8 7 7 8 7 7 11 10 8 8 7 1 3 4 4 4 11 4 5 10 11 5 5 10 10 7 2 8 9 8 11 5 10 10 7 7 7 7 8 7 7 7 7 8 11 5 7 7 7 7 11 11 1 4 5 5 4 3 4 11 5 4 10 10 8 8 11 2 9 11 5 4 4 5 11 5 10 10 2 8 9 5 10 10 8 8 4 4 4 11 5 4 4 4 4 4 11 5 10 8 11 11 2 5 3 10 7 8 10 10 7 7 7 7 7 7 7 7 7 7 8 7 8 4 10 10 8 8 11 2 9 4 4 5 4 11 5 4 4 11 5 10 8 7 11 11 5 2 9 4 5 10 8 0 9 7 10 2 8 10 10 8 8 7 6 10 10 7 8 8 10 2 10 9 5 8 11 11 5 5 10 7 7 8 11 4 4 4 5 7 11 11 5 4 5 4 4 4 4 4 4 4 4 11 5 10 8 10 10 2 8 10 10 8 7 8 9 11 2 3 5 11 11 4 2 3 4 5 10 8 11 4 4 11 2 5 4 3 10 7 7 7 10 7 7 2 8 6 10 8 10 10 2 6 0 6 8 7 7 10 10 2 6 7 8 10 10 8 2 6 10 11 5 4 4 5 4 4 4 4 4 4 4 4 4 4 11 4 5 11 5 4 10 10 2 8 7 7 9 8 11 11 5 5 10 7 10 7 2 8 9 10 7 2 6 7 7 7 8 4 10 10 8 7 7 7 7 7 7 8 10 2 11 9 5 5 4 10 10 8 8 11 11 1 3 5 5 11 4 4 4 4 5 4 11 5 4 10 10 2 8 9 8 7 7 7 10 10 2 8 11 4 5 11 11 4 5 4 3 4 4 4 4 4 4 5 4 11 2 3 10 10 7 8 8 10 10 2 6 7 7 8 7 7 7 11 11 5 2 10 6 8 7 7 7 7 10 8 7 1 11 9 5 5 4 1 3 4 4 4 4 4 4 4 11 5 11 11 2 5 10 8 10 10 8 7 10 8 6 7 7 8 4 4 4 11 5 10 10 7 8 8 7 7 7 11 5 10 10 8 8 10 10 7 7 7 8 2 9 8 7 11 11 5 5 4 11 5 10 10 8 8 4 11 5 11 11 4 4 2 3 4 4 5 11 5 10 0 6 8 10 7 8 7 7 10 8 7 10 10 7 8 2 9 5 10 11 2 3 4 4 4 5 10 2 6 11 11 5 4 4 1 3 4 11 5 4 5 4 4 10 8 11 11 5 4 4 4 4 5 11 2 10 10 8 6 7 7 8 4 4 4 11 5 10 10 7 7 7 8 7 7 7 8 4 11 10 8 7 8 4 10 10 8 7 7 8 11 4 5 10 10 8 2 3 7 10 8 11 10 8 8 7 10 10 2 8 6 7 11 11 5 4 4 5 4 4 1 9 5 4 11 11 2 5 3 4 4 4 4 4 4 10 10 8 2 10 10 8 6 7 7 7 7 8 10 7 7 7 7 7 7 7 8 7 11 11 5 2 4 9 4 4 4 5 11 11 5 5 4 4 11 11 2 5 9 5 7 0 9 8 10 10 2 6 8 7 7 7 10 8 4 11 11 2 3 5 4 4 4 11 0 9 5 5 11 5 4 4 4 4 11 4 5 4 10 10 2 7 8 11 5 10 10 8 8 10 10 8 7 6 7 8 10 7 8 4 10 10 2 8 9 8 11 4 5 7 10 10 8 7 8 7 10 10 2 6 8 7 10 10 8 2 4 11 3 4 4 5 4 4 4 4 4 4 4 4 4 4 11 5 10 8 4 4 4 10 10 8 2 10 6 8 10 10 7 7 7 8 5 7 7 7 7 10 8 11 5 10 10 2 6 8 7 10 10 8 2 10 7 6 8 10 11 5 5 11 11 5 4 4 4 5 11 2 3 10 11 5 5 4 4 11 11 2 5 9 5 4 11 4 4 5 4 4 4 10 10 2 8 10 7 7 7 7 10 7 6 7 7 8 7 7 8 11 5 10 10 8 8 7 10 8 4 10 10 8 8 7 7 11 11 5 2 3 4 4 4 10 8 11 11 2 3 4 4 5 11 11 2 4 3 5
ppo_x50_b_fd_l4_linear,81,qv22_82,22,229,True,1270.0,5.835816383361816,8 8 10 10 8 8 9 11 5 2 10 10 7 8 8 11 5 9 11 2 5 10 7 10 7 8 8 10 9 8 8 10 2 3 10 10 8 8 10 2 10 10 8 8 10 9 8 8 10 2 4 3 4 11 5 4 10 10 8 2 10 8 7 10 10 7 8 8 9 5 11 4 4 5 11 11 4 5 4 5 4 4 4 11 5 4 4 4 4 10 10 8 2 9 8 10 7 10 8 8 10 10 2 6 7 7 7 8 7 11 10 8 8 10 7 7 10 7 8 8 10 10 8 8 10 11 5 5 0 9 11 5 5 10 8 4 4 4 4 11 5 7 11 11 2 3 4 4 4 4 5 10 8 7 11 11 5 5 4 4 11 4 5 4 11 11 2 5 9 5 10 7 7 7 10 2 6 7 7 7 7 8 10 10 7 7 2 6 7 8 10 2 11 9 5 5 10 7 2 7 6 10 10 8 2 6 4 4 4 4 4 4 4 10 8 11 11 2 3 4 4 4 5 4 10 8 11 11 5 5 4 10 11 2 3 5 11 4 4 4 5 11 10 8 8 10 10 2 8 10 10 8 8 10 10 8 6 7 7 8 4 4 4 4 11 5 4 4 11 5 10 10 7 7 8 8 10 10 7 7 2 6 7 8 10 7 7 7 10 2 8 3 10 7 8 7 10 10 2 6 8 11 11 4 4 5 5 4 11 4 5 10 7 8 11 1 3 4 4 5 4 4 4 4 11 5 7 10 10 7 7 2 6 8 10 8 4 10 10 2 6 7 8 10 10 8 7 8 7 11 11 2 3 5 4 11 2 11 5 11 11 5 4 4 3 4 5 4 4 4 4 4 4 11 5 10 2 7 7 10 7 6 8 7 7 10 8 4 10 10 2 6 8 7 7 7 10 7 7 8 11 11 2 5 9 5 11 10 8 8 10 10 2 6 7 7 8 10 2 6 11 11 4 5 4 4 4 4 5 4 4 4 4 11 5 4 10 10 8 8 11 5 11 4 11 5 5 11 11 4 5 2 9 5 4 10 10 2 6 7 7 8 7 7 7 10 10 7 7 8 2 10 7 6 7 7 7 8 1 4 4 4 4 11 3 5 4 11 4 4 11 4 5 4 4 4 4 5 10 10 7 2 8 6 7 7 10 8 7 7 7 7 7 10 8 11 5 4 10 10 2 8 7 7 7 10 8 9 10 8 8 4 11 5 11 11 5 1 3 5 10 7 8 11 11 5 4 4 5 4 11 11 2 3 4 4 5 11 2 3 4 4 4 11 5 10 10 7 7 7 7 8 7 8 11 2 3 10 7 8 10 10 7 2 6 7 7 7 7 7 8 7 7 10 10 8 2 11 5 6 11 11 4 5 1 3 4 4 4 1 11 5 4 3 4 4 4 4 5 7 11 2 3 4 4 4 4 11 11 2 5 7 10 8 10 10 7 7 6 8 5 7 7 7 7 7 10 8 11 5 10 10 8 8 1 3 4 11 4 4 4 4 5 11 11 2 5 10 8 7 10 10 8 7 7 8 11 10 8 8 10 6 10 8 7 7 8 11 10 8 8 10 7 8 11 11 2 5 3 4 4 4 4 10 8 11 11 5 4 4 5 4 4 4 10 8 11 11 2 3 4 5 11 5 11 11 5 2 3 7 10 8 4 10 10 8 7 7 7 8 10 10 2 6 7 7 8 10 2 7 7 7 10 9 8 7 7 8 10 2 6 11 11 4 4 5 4 4 4 4 4 5 10 2 10 7 8 6 11 11 5 5 11 11 5 5 4 10 11 5 2 3 4 4 4 11 11 2 5 4 4 3 10 10 2 6 7 7 7 7 8 10 10 8 7 7 8 10 10 2 8 10 10 8 7 6 8 4 4 4 4 11 5 4 11 11 2 3 4 5 11 4 4 5 10 10 7 8 2 9 8 10 10 8 7 7 7 7 7 7 7 7 8 10 7 11 5 5 10 11 2 3 5 10 7 7 8 11 11 4 4 5 5 4 4 4 1 9 5 10 11 5 4 5 4 4 4 4 11 11 2 5 3 4 11 5 10 10 7 7 7 7 0 6 2 6 7 10 8 7 7 8 10 11 5 5 4 4 10 10 8 8 7 7 7 10 8 11 5 10 10 8 7 7 8 11 11 5 2 9 5 4 4 11 11 2 5 6 11 11 5 4 4 4 4 5 10 0 6 7 7 8 10 10 7 8 8 1 4 4 4 4 4 4 4 3 4 4 4 11 5 4 10 2 10 10 8 8 10 10 8 6 7 7 8 11 11 2 5 9 8 1 9 5 4 11 11 2 5 10 7 8 10 10 7 8 7 6 8 10 10 2 8 3 4 4 11 5 4 4 4 4 4 11 4 11 5 2 10 8 10 7 9 8 8 7 7 7 7 10 7 7 7 7 10 7 8 7 10 8 7 8 10 7 2 6 11 11 2 3 4 4 5 11 2 3 4 4 1 9 5 4 11 11 2 5 10 7 8 9 11 5 5 4 4 4 4 4 4 4 11 5 11 11 2 5 10 7 6 8 10 7 7 7 7 7 7 7 7 7 7 7 7 7 7 7 8 7 11 11 2 5 11 11 5 3 11 5 5 4 10 2 11 11 5 5 9 5 11 4 4 10 8 2 9 8 1 9 4 5 7 11 11 5 4 4 5 10 8 4 4 4 4 10 11 5 5 4 10 10 8 2 7 10 8 10 10 8 9 8 8 7 7 7 10 8 11 5 11 5 7 10 10 7 8 7 2 9 8 11 11 5 5 4 4 11 4 4 11 2 5 9 8 10 10 2 6 7 7 7 7 7 8 10 10 8 8 10 2 11 11 5 4 4 5 11 4 11 4 3 5 4 4 4 4 5 11 11 2 5
ppo_x50_b_fd_l4_linear,82,qv22_83,22,232,True,1293.0,6.044190406799316,8 8 10 10 8 8 10 11 5 3 5 10 10 7 8 8 11 5 4 10 11 5 5 10 10 7 7 7 8 8 10 10 8 8 11 5 10 10 7 8 8 10 10 8 8 10 10 8 8 10 10 8 8 10 10 8 8 1 9 5 4 11 4 5 11 11 5 4 4 4 4 1 3 4 5 10 8 4 4 4 4 10 10 8 2 10 7 9 8 7 8 10 10 2 6 7 7 7 8 7 7 7 7 7 10 10 8 8 4 4 10 11 5 5 0 9 11 5 5 11 1 3 5 4 4 4 4 4 4 11 5 4 10 10 2 8 9 5 10 7 7 7 8 4 10 10 8 7 2 6 7 10 8 11 5 7 7 7 7 11 10 8 8 4 11 11 2 5 9 5 11 11 5 2 4 4 9 11 5 4 4 4 4 5 11 11 2 3 5 4 4 4 11 11 2 5 7 9 8 10 10 7 8 8 7 7 7 7 7 7 7 0 6 7 10 8 11 1 4 4 5 4 3 11 5 11 11 5 5 10 7 7 7 8 10 10 8 8 10 10 8 7 8 10 7 10 8 2 7 6 11 11 5 5 11 5 11 11 5 5 11 11 5 2 11 9 5 4 5 11 11 2 5 11 5 4 3 4 4 11 11 2 5 3 11 4 5 11 10 8 8 10 10 8 7 7 8 7 7 7 7 7 10 8 11 5 11 1 9 5 4 5 4 1 9 5 4 4 4 11 11 2 5 3 10 8 10 10 7 8 7 7 8 10 10 7 8 2 10 10 8 6 7 7 8 4 10 10 8 8 7 10 10 8 2 6 7 11 11 5 5 11 11 5 5 11 11 2 3 4 5 4 11 5 11 11 5 2 10 7 8 10 10 8 8 4 4 4 3 4 4 11 4 5 4 10 10 8 2 10 10 8 8 10 9 8 7 7 7 7 7 8 4 4 11 2 9 11 5 4 4 4 5 10 2 10 10 7 7 6 7 7 7 2 6 8 7 7 10 10 2 7 6 8 10 2 9 11 5 5 4 4 11 11 4 2 3 4 5 11 5 4 10 10 2 8 7 10 8 9 11 4 5 5 4 4 4 4 11 5 4 4 4 1 3 10 10 8 8 10 7 7 8 4 10 10 2 6 7 7 7 7 8 7 7 10 10 8 7 2 9 10 8 7 8 4 11 5 10 11 5 4 4 4 5 4 4 4 4 11 5 11 5 11 4 11 5 2 11 5 4 4 4 3 11 10 8 8 7 7 7 7 10 8 4 10 10 2 6 7 7 8 11 10 8 7 8 7 10 8 10 7 7 7 8 11 11 5 2 10 7 7 8 6 4 4 11 11 4 5 4 4 5 11 4 4 4 10 2 8 7 7 6 7 10 8 7 10 7 8 11 11 5 2 11 9 5 4 4 4 4 5 11 2 11 7 9 8 7 7 7 7 7 7 7 8 10 2 6 11 11 4 4 4 5 2 11 9 5 5 4 10 11 5 5 7 11 11 4 4 2 3 5 4 4 4 10 8 11 11 2 3 4 4 5 11 2 3 11 10 8 7 7 8 4 10 10 8 7 7 7 7 7 8 11 10 8 8 7 10 10 2 8 6 10 8 4 10 2 10 9 8 8 4 4 4 4 11 4 2 3 4 4 11 5 10 11 5 5 4 4 4 4 4 4 10 10 2 8 9 8 10 10 8 7 7 7 7 7 7 7 8 10 8 11 11 5 5 7 10 7 10 8 7 8 4 10 10 2 8 9 8 4 11 11 5 5 7 10 8 11 4 11 5 4 5 4 4 11 11 5 4 4 5 4 11 11 2 5 10 7 8 6 10 10 8 7 7 8 1 3 4 11 4 4 5 11 11 5 4 5 11 11 2 5 10 9 8 7 7 8 7 1 9 10 8 8 4 11 2 4 3 4 10 10 8 8 7 7 10 10 7 7 8 0 6 7 7 8 7 7 7 7 7 7 10 10 8 2 4 9 5 11 11 1 4 5 5 3 4 4 4 11 5 0 9 8 11 1 3 4 5 11 5 4 4 10 10 2 8 10 10 7 7 6 8 7 8 10 7 8 10 10 8 2 9 8 10 7 8 7 11 11 2 5 9 5 11 10 8 8 11 11 4 5 4 1 3 4 4 4 5 11 4 4 4 4 4 5 4 11 5 4 4 10 10 2 8 10 9 8 8 10 10 8 2 9 8 10 10 7 8 2 10 10 7 7 6 8 8 10 8 7 10 8 1 9 5 10 10 8 8 7 10 8 7 11 11 2 5 4 4 11 5 4 9 11 5 5 10 11 5 5 11 5 4 10 11 5 5 4 4 4 4 4 11 11 2 3 5 4 10 10 8 7 7 7 10 8 7 7 7 7 8 10 10 2 6 8 7 10 7 7 8 10 7 7 8 11 4 11 2 5 11 4 9 5 5 10 11 2 3 4 4 5 11 11 4 4 4 5 2 6 7 10 8 7 7 7 10 10 8 2 10 7 8 6 11 4 5 4 4 4 4 4 1 9 5 4 11 11 5 2 4 11 3 5 11 4 4 5 10 10 7 2 8 7 6 7 7 7 10 8 11 5 10 10 2 6 8 7 7 7 7 10 8 7 7 7 7 7 11 11 2 5 11 9 5 4 4 5 10 8 4 4 11 1 3 4 5 4 4 4 4 4 4 11 11 2 5 9 8 4 4 4 10 10 8 2 10 10 8 6 8 10 10 8 7 0 7 6 7 7 8 7 10 10 8 8 7 7 10 7 7 8 11 11 4 2 5 4 11 11 3 5 5 11 1 9 5 8 11 11 2 3 4 5 11 11 5 2 3 7 10 8 10 10 2 6 7 8 10 10 8 2 9 8 4 11 11 5 4 4 4 5 11 11 5 2 4 10 10 8 7 7 7 7 8 7 7 6 10 7 7 8 11 11 2 5 11 9 5 5
ppo_x50_b_fd_l4_linear,83,qv22_84,22,234,True,1279.0,5.614715337753296,8 8 10 10 8 8 9 11 5 2 10 10 7 8 8 9 5 10 10 8 8 10 10 8 8 11 5 10 10 7 8 8 10 4 4 1 3 4 5 10 8 4 4 4 10 10 8 2 10 7 7 10 7 7 7 8 8 9 10 8 8 11 5 7 1 11 9 5 4 5 0 10 6 8 10 10 7 8 8 11 5 10 10 7 7 5 8 10 10 8 8 1 11 3 4 5 11 5 11 11 5 4 4 5 11 11 2 3 5 4 11 5 11 4 4 5 4 4 4 1 3 10 10 8 8 7 7 10 8 10 10 8 7 8 11 10 8 7 8 4 10 10 8 7 8 7 7 7 10 10 2 6 8 10 10 8 8 11 5 11 11 2 5 10 8 4 4 4 4 4 4 3 11 5 4 4 4 4 11 5 4 10 10 2 8 10 8 9 10 8 7 7 7 8 4 4 4 10 2 9 11 5 5 10 11 5 2 3 4 4 4 11 11 2 3 4 5 10 7 7 7 8 7 7 7 10 8 10 10 8 7 7 7 7 8 11 10 8 8 7 10 10 2 6 7 8 10 2 3 11 4 4 4 4 4 11 5 2 9 8 4 4 10 10 8 2 6 10 7 7 8 7 10 10 8 2 9 8 4 4 4 11 4 4 5 7 11 11 5 2 3 11 5 4 4 4 4 4 0 9 11 5 5 10 8 4 4 11 4 4 4 11 5 2 10 8 6 10 10 7 7 7 7 8 7 10 8 7 7 8 11 2 10 10 8 7 7 7 8 9 8 11 5 10 10 8 7 8 11 11 2 5 4 4 3 4 11 5 11 1 9 5 4 5 4 11 5 10 8 11 11 5 4 4 5 11 11 2 5 11 4 5 3 10 7 10 8 7 8 10 10 7 8 7 7 0 9 8 7 8 10 7 7 7 7 7 8 11 11 4 2 3 5 11 5 11 0 9 5 5 11 11 5 8 4 4 4 4 11 5 10 8 4 11 11 4 4 2 5 4 3 11 5 10 10 8 8 10 10 7 7 7 7 7 7 7 7 7 8 8 10 10 8 0 6 7 7 7 8 10 2 3 11 4 5 4 4 4 4 0 9 11 5 5 4 4 4 11 5 4 11 11 4 2 3 5 4 11 5 10 10 7 7 7 7 8 8 10 10 8 7 8 4 11 5 4 10 10 2 6 7 7 7 8 10 10 7 8 2 6 7 7 7 11 11 2 5 11 11 5 3 4 4 4 5 10 2 11 9 5 5 10 11 5 4 4 4 5 11 11 5 2 4 9 5 10 10 8 0 6 10 8 7 7 8 10 10 8 7 7 7 7 8 11 2 3 11 11 5 8 4 4 4 4 4 4 11 5 10 8 4 11 11 5 2 3 4 11 4 5 4 11 2 3 10 10 7 7 8 8 10 7 7 8 10 10 7 2 8 6 7 7 7 7 7 10 8 11 5 11 11 5 2 9 8 10 10 8 7 2 6 11 11 2 3 4 4 4 5 10 8 11 11 2 3 5 4 10 10 8 8 11 5 11 11 5 5 4 4 11 5 4 4 4 10 10 2 8 10 6 7 8 10 2 7 6 7 7 7 7 10 8 7 10 10 2 8 7 7 6 11 11 5 4 4 4 4 4 5 11 4 10 8 8 11 11 5 4 4 4 4 5 10 11 2 3 5 0 10 6 8 10 8 4 10 10 8 7 7 7 8 11 11 5 2 9 8 7 10 10 8 8 10 2 6 4 4 4 11 11 2 3 4 4 4 5 4 11 11 2 3 5 11 11 2 3 4 5 4 10 2 10 6 8 7 7 10 8 4 10 10 8 7 8 7 11 10 8 8 10 10 8 2 3 10 7 7 7 7 7 7 7 8 11 11 2 3 5 11 5 4 11 5 7 11 11 5 4 4 4 5 4 1 4 4 9 5 4 4 11 5 4 1 3 10 10 8 8 10 8 10 10 8 7 7 7 7 7 7 7 8 7 10 8 10 7 10 8 8 7 7 11 11 2 5 4 4 11 5 11 11 5 4 4 4 4 9 5 5 10 8 11 4 4 5 0 9 10 8 8 10 7 8 11 10 8 8 10 7 7 7 7 8 7 7 7 11 11 5 2 11 11 4 3 5 4 4 4 1 3 4 5 10 8 4 4 4 4 4 4 11 1 4 3 4 5 10 10 7 8 8 10 10 7 8 7 8 10 10 7 7 8 7 8 11 11 5 5 10 7 7 7 8 11 4 5 7 11 10 2 6 7 8 10 8 10 7 8 7 11 11 5 2 11 11 5 4 4 4 3 4 5 4 4 11 4 5 10 10 8 8 11 4 5 4 4 4 4 10 10 8 2 10 7 6 8 7 11 5 10 10 8 7 7 8 7 11 2 9 11 5 5 10 7 7 8 7 11 11 5 5 10 8 10 10 2 8 6 7 11 11 5 4 4 1 3 4 4 5 11 5 4 4 10 10 8 2 6 7 7 10 7 7 8 11 1 4 4 4 3 4 4 4 4 5 4 11 11 5 2 9 5 7 7 7 10 8 7 7 7 7 10 10 8 7 2 10 9 8 8 7 10 10 2 6 7 8 7 7 11 11 2 5 9 11 5 8 4 4 4 4 11 5 10 8 11 11 2 3 4 5 4 11 11 2 3 5 11 4 4 0 9 5 5 11 5 11 1 4 5 3 10 10 8 8 10 10 8 7 8 10 10 7 8 8 10 10 7 7 8 2 9 7 7 8 10 7 7 10 2 8 9 5 4 11 5 7 10 10 2 6 8 10 2 6 11 11 4 4 4 4 2 3 4 4 5 7 10 8 11 11 5 5 7 7 7 11 11 5 4 4 5 4 4 11 5 4 4 4 10 10 2 8 7 7 9 8 10 10 2 6 7 7 7 7 7 7 7 8
ppo_x50_b_fd_l4_linear,84,qv22_85,22,231,True,1248.0,5.431095123291016,8 8 10 10 8 8 9 11 5 2 10 10 7 8 8 9 5 10 10 8 8 10 11 2 5 10 10 7 8 8 9 5 4 4 11 5 4 10 10 8 8 10 10 7 7 8 8 10 10 8 8 11 5 10 10 7 8 8 10 10 8 8 11 5 10 10 7 7 8 5 4 10 8 10 10 8 8 10 1 9 8 5 4 11 5 11 11 5 4 4 4 5 4 10 11 5 5 11 11 2 5 9 5 11 4 5 7 10 10 8 7 8 10 7 10 8 7 0 6 8 10 7 8 10 10 8 2 6 4 11 4 5 10 8 11 11 4 4 2 5 3 4 4 4 4 4 4 4 4 11 5 4 4 4 4 10 10 2 8 9 8 10 7 7 10 8 8 10 10 2 8 3 11 4 5 7 7 10 7 8 7 7 1 11 11 5 3 5 4 4 4 4 4 4 10 11 5 5 10 10 7 8 2 10 10 8 6 7 7 7 7 7 7 8 10 2 9 10 7 8 4 4 5 10 7 8 10 10 8 2 9 5 11 10 8 8 7 7 7 11 11 5 5 4 4 4 4 4 4 10 8 11 11 2 3 4 5 11 11 4 2 5 9 8 10 11 2 3 4 5 4 11 11 5 2 11 5 3 10 10 7 7 7 7 7 8 7 7 8 10 7 10 8 7 7 8 11 2 11 11 5 3 4 5 4 4 4 11 5 4 11 5 4 10 10 8 8 1 10 9 8 8 10 8 10 7 7 8 10 10 2 6 7 7 7 8 7 11 11 5 2 11 4 5 3 4 4 11 11 5 4 4 4 4 5 4 10 2 10 10 8 6 7 8 7 7 7 7 7 1 9 10 8 8 11 5 10 10 8 7 8 10 10 8 8 10 10 2 8 9 5 11 1 9 5 8 4 4 4 4 4 4 4 4 4 4 4 11 5 11 4 2 3 4 4 11 11 5 2 3 7 7 7 10 8 7 7 10 8 4 10 11 5 5 10 10 7 2 6 8 11 2 9 10 8 8 7 7 7 10 8 4 4 10 11 5 4 5 7 10 7 10 8 2 6 10 7 8 10 10 8 2 9 8 10 10 2 8 9 8 11 11 4 2 5 3 11 11 4 5 5 11 4 4 4 1 3 4 5 11 11 4 5 4 4 4 5 10 10 2 6 8 10 8 7 7 7 10 7 8 11 11 2 5 9 5 7 7 7 10 10 2 8 9 5 10 10 2 8 10 9 8 7 7 7 8 7 10 2 6 11 11 2 5 9 8 11 11 1 3 4 5 4 5 7 11 11 5 4 4 5 4 4 4 1 9 4 5 11 11 5 2 3 10 7 8 10 10 2 7 9 8 8 10 10 8 7 8 11 11 2 5 9 4 4 5 0 6 7 10 8 10 10 8 7 7 8 7 7 11 10 8 8 11 4 11 2 5 3 11 4 4 5 11 11 2 3 4 4 5 4 11 11 2 5 4 11 11 5 4 5 3 10 10 8 7 7 7 10 8 7 7 7 8 10 7 7 10 8 2 3 10 7 7 10 2 6 8 7 7 7 11 2 11 11 5 3 4 5 4 11 11 4 5 4 4 11 5 4 5 4 4 4 11 4 11 2 4 3 5 10 8 4 10 10 8 8 10 10 7 7 7 8 10 8 7 8 11 2 10 6 7 8 4 10 10 7 7 8 2 6 11 11 5 4 4 4 4 4 4 5 10 2 9 10 8 8 11 4 5 10 8 11 4 10 8 7 7 8 4 4 11 4 4 11 5 2 11 5 10 10 8 8 6 10 7 7 7 10 8 7 7 0 6 7 7 8 11 5 10 7 7 8 11 11 2 5 11 11 5 3 4 5 10 11 5 5 7 11 11 2 3 4 4 4 5 11 4 4 4 5 4 4 10 10 2 6 8 7 10 8 10 10 2 8 6 10 8 7 7 0 6 7 7 7 7 11 5 10 10 8 7 7 8 10 2 6 11 11 5 5 10 7 8 11 4 4 11 2 4 4 3 4 5 4 4 11 4 4 5 10 11 5 5 4 4 4 11 11 5 4 2 3 10 10 8 7 7 8 7 7 11 5 10 10 2 6 7 7 8 10 7 7 8 4 4 1 9 11 5 5 11 11 2 5 4 4 3 4 11 4 4 5 10 10 7 8 8 10 10 7 7 7 7 7 7 8 8 7 7 7 7 7 0 9 8 7 11 10 8 8 11 11 4 5 2 9 8 11 11 5 4 4 4 5 4 4 10 8 10 10 8 7 8 11 4 5 7 11 11 5 4 1 3 5 10 8 11 11 2 3 5 4 4 4 11 10 8 8 10 7 10 8 2 7 7 6 10 8 7 7 0 6 11 11 5 5 4 11 5 11 11 2 3 5 4 11 5 10 8 11 11 4 4 2 3 5 4 4 10 10 2 8 7 6 10 8 11 10 8 8 4 11 11 2 5 4 4 11 5 9 4 10 8 8 10 10 7 2 6 7 7 7 7 7 8 7 10 7 10 2 6 7 7 8 10 10 8 7 8 11 11 2 5 9 5 11 11 5 2 11 9 5 5 4 4 4 4 4 4 10 8 11 11 5 5 4 11 4 4 5 4 11 11 5 2 3 10 10 7 7 7 7 8 8 10 10 8 7 8 7 7 7 7 7 7 10 8 11 5 7 7 7 7 11 11 2 5 11 11 4 4 5 4 5 11 11 4 5 3 4 4 1 3 5 4 4 4 4 10 10 2 8 10 10 7 8 6 8 11 5 10 10 8 8 10 10 8 8 7 7 10 2 9 8 1 3 10 10 8 8 10 10 8 2 9 8 7 11 11 2 5 9 5 11 11 2 5
ppo_x50_b_fd_l4_linear,85,qv22_86,22,230,True,1239.0,5.538350820541382,8 8 10 10 8 8 9 11 4 5 2 10 10 7 7 8 8 9 5 10 10 8 8 10 10 8 8 11 5 4 11 5 7 10 10 8 8 10 10 8 8 11 2 10 11 5 4 5 9 4 4 11 5 4 4 4 5 10 2 10 10 7 8 7 7 7 7 6 7 8 10 2 10 10 8 8 10 10 8 8 10 9 8 8 10 2 10 10 8 8 9 4 4 5 11 11 2 3 5 11 11 5 2 10 7 6 8 10 7 11 2 5 11 9 5 4 4 4 5 7 7 11 11 5 5 4 4 4 4 11 4 5 11 2 3 10 10 8 8 10 10 8 8 10 10 7 7 2 6 7 7 8 11 10 8 7 7 7 8 10 10 7 8 5 4 4 11 2 6 11 4 5 11 11 2 3 4 4 4 5 11 2 3 10 10 2 8 6 7 7 10 8 7 10 7 7 8 7 11 11 2 5 11 11 5 5 4 3 11 5 11 11 1 3 4 2 3 4 5 4 4 4 4 4 4 11 4 5 10 2 6 10 10 8 8 10 10 7 7 7 7 2 6 8 11 10 8 8 7 7 7 7 11 11 5 2 4 9 5 4 11 11 5 2 7 10 8 6 11 4 4 11 2 3 5 10 7 7 7 7 8 11 4 4 5 11 5 11 11 5 4 4 4 4 4 5 11 11 5 2 7 7 6 10 8 7 7 10 8 7 7 7 10 8 10 8 11 11 5 4 5 10 10 2 8 7 9 7 8 7 7 10 7 7 7 8 7 11 11 2 5 11 11 3 4 4 4 4 4 4 4 4 2 3 4 4 5 4 11 11 5 5 7 0 6 7 7 7 7 7 7 7 11 5 10 10 8 5 7 7 7 10 8 11 5 10 10 2 6 7 7 8 10 10 2 8 11 4 5 11 11 4 4 5 4 5 4 3 4 4 11 5 4 4 4 4 4 4 11 11 5 2 3 7 7 10 8 10 7 10 8 7 7 7 8 7 7 11 2 9 5 10 10 8 8 7 10 7 8 10 11 2 3 5 4 11 11 5 4 5 11 11 2 3 5 4 11 4 4 11 5 5 4 10 10 2 6 7 8 10 7 10 8 8 7 10 7 10 8 7 8 1 4 4 4 4 3 4 11 4 4 4 5 4 4 11 11 5 2 11 9 8 8 10 10 8 2 10 10 8 6 8 10 10 7 7 8 8 7 7 10 10 7 7 8 8 11 5 10 10 7 2 6 7 8 10 10 2 8 6 4 4 11 11 2 3 5 10 8 11 11 5 5 11 11 2 3 5 4 4 11 5 10 8 11 11 2 3 4 5 10 8 11 11 5 4 5 11 11 5 2 4 4 9 5 10 10 8 7 7 8 10 10 2 6 8 10 10 8 7 7 7 7 7 7 8 7 7 7 11 11 2 3 5 4 11 5 4 4 4 10 1 9 8 8 11 4 5 7 11 11 5 5 4 4 4 11 5 4 10 10 2 8 9 8 10 10 2 6 8 1 4 4 4 3 4 11 5 11 11 5 2 3 10 8 10 10 7 7 8 7 7 7 10 8 7 8 10 10 7 7 8 7 8 4 11 5 10 7 11 2 5 9 5 4 4 4 11 4 4 10 2 6 8 10 10 8 8 10 10 7 7 7 8 7 7 7 8 10 2 11 4 3 4 4 4 5 11 5 7 7 11 11 5 2 11 9 5 4 4 5 4 11 11 2 3 4 5 4 4 10 10 8 2 9 7 10 2 6 8 10 7 10 7 8 7 7 8 0 7 10 10 8 7 8 9 5 10 10 8 2 9 5 4 4 4 4 1 9 11 5 5 11 4 4 4 5 4 11 5 7 11 11 2 5 4 3 4 4 11 5 4 4 10 10 8 2 7 9 8 10 10 7 2 6 7 8 10 10 7 7 7 8 7 7 7 8 11 4 4 5 10 7 10 2 8 9 5 0 6 7 10 8 7 0 6 11 11 5 11 5 5 7 11 11 5 5 4 4 1 9 4 5 4 11 4 4 5 10 7 10 8 2 9 8 4 11 4 5 4 4 4 10 10 2 8 10 6 10 8 7 7 7 7 7 8 10 2 6 11 11 2 5 9 8 11 11 5 5 4 11 5 4 4 4 4 4 4 10 8 11 5 11 11 5 2 9 4 5 7 7 10 7 8 11 5 4 4 4 10 10 7 7 2 6 7 7 7 7 7 8 4 11 5 11 5 10 10 7 7 7 7 2 6 7 7 7 7 8 11 11 5 5 11 5 7 10 7 7 7 8 7 11 11 2 5 11 3 4 5 11 11 5 2 11 11 5 3 5 11 4 5 0 9 10 8 8 7 10 8 4 10 10 8 5 7 7 7 10 8 11 5 10 10 7 8 2 9 5 10 11 5 5 7 7 11 11 2 3 5 4 4 11 5 10 8 7 11 11 5 4 4 4 4 5 11 11 2 3 4 4 4 5 10 8 7 11 11 5 5 11 4 4 4 5 10 10 8 2 9 8 10 10 8 2 3 11 5 7 7 7 7 10 10 2 6 8 10 0 9 8 7 8 11 11 5 5 10 7 7 8 1 4 4 11 3 5 4 4 4 4 11 4 4 4 4 5 7 10 8 10 10 2 8 9 8 10 10 8 8 10 10 7 7 7 8 5 4 10 10 2 6 8 10 11 5 5 7 7 10 10 8 8 7 7 10 7 8 7 11 11 2 4 5 10 8 11 11 5 5 11 11 5 3 4 4 11 5 4 4 5 7 10 2 7 6 11 11 5 5 11 11 5 4 4 4 5 7 11 11 5 4 4 4 5 10 10 2 8
ppo_x50_b_fd_l4_linear,86,qv22_87,22,237,True,1313.0,5.695635795593262,8 8 10 10 8 8 9 10 8 8 11 5 4 11 11 5 2 10 8 10 10 7 7 7 8 8 9 11 5 2 10 10 7 8 8 9 5 10 10 8 8 10 2 10 10 8 8 9 10 8 8 11 5 11 5 10 10 7 7 8 8 10 2 10 9 8 8 1 3 11 4 5 4 4 4 10 2 9 11 5 4 4 4 5 11 5 4 4 4 11 5 11 11 5 2 3 10 10 7 7 2 8 10 10 8 7 6 7 8 10 10 2 6 8 7 7 10 10 7 7 8 8 10 7 10 8 8 11 2 3 11 5 1 3 4 4 11 4 5 4 11 11 5 4 5 4 4 10 10 8 7 7 7 7 7 7 7 7 7 7 7 8 10 2 9 11 5 4 4 5 4 4 11 5 4 11 5 7 11 11 5 5 4 11 11 5 2 9 5 10 8 4 11 11 5 4 4 4 5 4 11 11 2 5 9 8 10 10 7 7 7 2 6 7 7 7 7 8 4 10 10 8 7 8 10 10 7 2 6 8 10 10 8 8 10 10 7 8 5 10 2 3 4 4 1 9 5 10 11 2 3 5 4 11 2 10 9 5 5 4 4 4 11 11 5 5 4 4 4 4 4 4 10 10 2 8 10 10 7 6 7 8 7 7 7 7 7 7 7 7 7 8 7 10 2 7 11 9 5 5 4 4 4 4 4 4 1 9 5 4 4 11 11 5 2 3 10 8 10 10 7 7 7 8 8 7 0 9 8 10 10 7 7 7 7 8 2 9 4 5 10 8 4 4 4 4 11 5 4 10 10 2 8 10 7 7 6 8 10 10 2 8 3 11 5 11 11 5 5 11 11 4 2 3 4 5 4 4 11 5 7 11 11 5 4 4 5 4 11 11 5 2 9 8 7 10 7 7 10 2 6 8 1 3 4 4 11 5 4 1 3 10 10 8 7 8 10 10 7 7 8 8 7 7 7 7 7 10 8 7 7 0 6 11 11 5 5 4 4 10 8 11 11 4 4 5 4 4 4 4 5 10 2 6 7 7 11 10 8 8 10 8 10 10 8 2 10 8 7 6 11 11 5 4 4 5 11 11 2 3 5 11 4 11 4 2 3 4 4 5 11 4 4 4 4 4 10 2 8 9 8 10 10 8 2 3 7 7 7 7 7 10 8 4 10 10 8 7 7 8 11 11 5 2 3 4 4 4 4 11 5 10 11 5 5 4 11 11 5 2 9 5 7 7 7 10 8 10 10 8 7 7 8 7 7 7 10 8 7 10 10 2 8 7 10 8 6 11 11 5 4 4 4 5 10 8 4 4 10 10 8 2 9 8 7 7 10 10 8 7 7 2 6 11 11 5 4 4 4 5 4 4 4 4 10 8 11 11 5 5 0 9 11 5 5 10 8 11 11 5 4 5 10 7 8 4 10 10 8 7 8 4 11 5 4 4 4 11 5 10 8 4 11 11 2 5 9 4 5 10 10 8 7 7 7 7 7 7 7 7 8 11 5 7 7 11 10 8 8 7 7 7 7 11 11 2 5 3 10 11 5 5 11 11 5 4 4 4 4 4 5 4 10 11 5 5 10 11 5 5 4 4 4 4 10 10 2 6 8 10 10 7 7 7 7 8 7 8 7 10 7 8 11 11 5 5 11 11 2 5 9 5 10 8 10 10 7 8 7 7 7 7 8 10 10 2 7 8 9 5 11 5 11 11 4 2 3 4 4 4 5 11 4 5 4 11 11 2 5 4 9 5 4 11 11 5 2 9 8 4 11 11 2 5 3 7 10 8 10 10 2 6 8 10 10 7 8 7 7 7 8 7 7 10 8 7 7 11 11 2 3 5 11 5 11 11 4 2 5 4 4 3 4 11 4 5 4 4 4 10 10 8 2 10 7 10 7 7 7 8 7 6 8 7 7 7 7 7 7 7 10 7 8 4 11 5 10 10 8 2 9 8 11 11 5 5 4 4 4 10 8 11 11 2 3 5 10 11 2 3 5 11 5 4 4 11 5 10 10 8 2 9 5 0 10 10 8 6 8 7 10 10 8 2 9 10 8 8 4 11 5 11 5 4 4 10 8 11 11 5 5 1 3 4 4 4 11 4 4 4 5 4 10 7 10 2 8 11 5 4 4 3 10 7 10 7 7 2 8 7 7 7 7 6 7 7 7 10 8 11 5 10 10 8 7 8 10 10 7 8 7 8 1 4 11 9 5 8 11 4 4 11 5 4 5 4 4 11 11 2 3 4 5 11 11 2 4 5 3 10 8 10 7 8 7 7 7 7 7 11 5 10 10 8 7 7 8 11 11 2 5 11 3 4 5 4 11 5 10 8 4 4 4 4 11 11 5 4 4 5 4 10 10 8 2 6 7 7 7 7 0 6 7 11 5 10 10 8 7 7 7 7 8 10 7 7 7 10 8 2 9 8 4 11 5 4 4 4 4 10 8 11 11 5 4 5 11 5 4 4 11 11 2 5 9 5 11 11 4 4 2 5 7 7 6 7 7 7 10 8 7 7 10 10 8 7 7 8 10 10 8 2 10 9 8 8 4 4 4 4 4 4 4 11 1 3 5 4 4 4 11 5 10 8 0 7 10 8 9 10 8 8 4 11 5 7 7 7 10 10 8 7 7 7 7 8 7 7 11 2 6 11 11 5 4 4 5 10 11 5 4 5 4 4 4 1 9 5 4 4 11 11 2 3 4 4 5 11 11 5 2 3 4 10 10 8 7 7 7 8 7 7 7 7 7 10 8 11 5 4 11 5 7 10 7 0 6 7 8 7 11 11 5 4 5 10 7 7 7 8 10 10 7 8 2 9 5 4 11 10 8 8 11 11 2 3 5 4 4 4 1 4 4 4 3 11 5 10 8 4 4 4 11 11 2 3 4 4 4 5 11 2 6 10 10 8 7 7 7 7 7 7 7 7 7 8 11 5 10 10 8 8 7 11 11 2 5 11 4 11 4 5 5
ppo_x50_b_fd_l4_linear,87,qv22_88,22,234,True,1267.0,5.514142274856567,8 8 10 10 8 8 9 11 5 2 10 10 7 8 8 9 5 10 10 8 8 11 2 4 9 4 11 4 5 2 3 10 10 7 7 7 2 7 8 9 5 10 10 8 8 10 10 8 8 11 5 4 10 10 8 8 10 10 8 8 11 4 5 7 10 10 7 8 8 10 10 8 8 4 11 5 10 0 6 10 7 8 8 10 10 8 8 10 2 11 11 5 3 5 11 10 8 8 11 11 2 3 5 10 11 5 5 11 11 5 2 9 11 5 5 10 7 8 4 4 10 11 5 5 11 11 2 5 3 4 4 4 11 5 10 8 11 4 4 11 5 2 3 11 5 10 10 7 7 8 7 7 7 7 8 7 11 1 9 5 4 4 5 4 4 4 10 10 2 8 7 10 8 10 10 7 6 8 8 7 7 7 7 7 10 8 10 8 7 7 11 11 2 5 9 4 11 5 4 4 5 4 11 5 10 11 5 4 4 5 0 9 11 5 4 5 10 8 4 11 4 4 5 4 4 4 10 10 2 6 7 5 7 7 11 5 10 10 8 7 7 7 7 0 6 7 7 8 4 11 5 10 10 8 8 10 10 8 2 10 10 6 8 2 9 8 4 4 1 9 11 5 4 4 5 4 1 9 5 4 11 11 2 5 10 7 8 10 10 8 8 6 7 10 8 10 10 7 7 7 7 8 2 9 5 10 8 7 11 11 5 5 11 11 5 4 2 9 11 5 2 10 7 6 7 8 11 11 4 4 4 5 4 4 4 5 4 11 5 10 8 7 11 11 5 5 4 4 4 4 4 10 10 8 2 9 7 7 8 7 7 7 7 7 7 10 8 10 7 11 5 2 11 3 4 4 5 0 9 10 7 2 6 7 8 4 10 10 8 7 7 7 8 10 10 2 8 3 11 5 11 11 4 4 4 4 4 5 4 2 9 1 9 5 4 4 4 4 4 4 4 4 5 11 2 3 10 8 7 7 7 11 5 10 10 8 8 7 7 7 7 10 8 11 5 4 10 10 8 7 8 7 7 10 8 11 5 10 11 5 5 7 10 10 8 8 1 9 10 8 8 10 8 7 11 11 2 5 4 3 11 5 4 11 4 11 5 2 3 4 4 4 1 9 5 4 4 4 4 11 11 2 5 3 7 10 8 10 10 8 7 7 7 8 4 10 10 2 6 7 7 7 8 7 7 7 10 8 11 5 7 7 7 7 7 11 11 5 2 9 4 4 5 11 4 5 10 8 11 11 4 4 2 5 11 3 4 5 11 5 10 10 8 0 7 6 7 8 7 10 8 10 7 10 8 2 4 4 4 9 5 4 4 10 8 11 11 5 5 11 5 4 4 4 11 11 2 3 5 4 4 11 11 2 5 9 8 10 10 2 8 3 10 10 8 7 7 8 10 11 5 5 10 10 7 7 8 7 7 8 10 11 2 5 6 7 7 7 7 7 7 7 10 10 2 8 9 5 11 11 2 5 10 8 11 11 4 4 5 4 5 3 4 4 4 11 4 5 0 9 8 11 11 5 5 7 1 3 4 10 11 5 5 4 4 4 11 11 2 5 3 7 7 10 7 7 7 8 10 7 10 0 6 8 7 8 10 10 2 8 6 10 7 8 4 4 11 5 4 11 11 5 5 4 10 2 11 3 4 4 4 5 4 11 5 10 11 5 5 10 10 2 6 7 7 8 11 5 10 7 7 8 10 10 7 2 6 8 10 10 8 2 10 9 8 8 7 7 10 8 10 10 2 8 11 3 11 4 4 5 5 4 4 4 4 11 10 8 8 11 11 5 8 4 4 4 11 5 10 8 10 8 11 4 4 11 5 5 11 4 11 5 2 3 10 10 2 8 7 6 10 8 10 10 7 8 7 8 7 7 10 8 11 4 4 5 4 4 4 11 5 10 10 8 2 6 10 10 8 7 8 10 10 8 7 7 7 7 8 10 10 8 7 2 6 7 11 11 5 4 4 4 4 5 4 4 11 5 4 4 4 10 8 11 11 5 4 4 4 4 5 4 10 11 5 5 10 10 7 2 6 8 10 2 11 3 4 5 10 7 10 8 8 10 10 7 7 7 7 8 7 8 11 10 8 8 0 9 10 7 8 4 4 4 4 5 7 10 7 7 8 7 7 10 8 1 3 11 4 4 5 11 11 2 5 11 3 5 4 4 11 4 5 1 9 4 5 10 10 7 8 8 10 8 10 10 8 7 7 7 7 8 11 11 2 5 3 7 7 7 7 10 10 8 7 8 11 2 11 11 5 4 4 4 4 3 4 5 4 11 11 5 2 7 10 8 10 10 8 7 8 11 3 4 4 4 4 5 10 8 4 11 5 4 4 10 8 11 11 5 4 4 5 4 10 2 9 11 5 5 10 7 11 5 5 10 7 7 7 8 4 10 10 2 6 7 7 8 10 7 7 7 8 7 10 10 8 8 7 10 10 2 6 7 7 8 10 2 11 11 5 5 11 4 3 5 4 4 10 8 11 11 5 4 4 5 11 1 3 11 5 5 4 11 5 7 11 11 5 5 4 4 4 10 10 2 8 6 7 7 7 7 10 8 1 9 10 8 8 7 10 8 11 11 5 5 11 5 7 7 10 10 2 6 8 7 10 8 7 7 7 7 7 11 11 4 2 5 11 3 4 5 4 4 4 4 0 9 8 11 11 5 5 11 11 5 8 4 4 4 4 11 5 10 8 11 11 5 5 4 4 10 10 2 8 6 7 7 7 7 10 8 4 4 11 5 10 10 7 7 2 6 7 8 4 10 10 8 7 7 7 7 7 8 10 2 11 9 8 8 7 11 11 5 5 11 5 7 11 11 2 3 4 5 7 11 11 5 4 4 4 4 5 11 11 2 5
ppo_x50_b_fd_l4_linear,88,qv22_89,22,228,True,1268.0,5.500988483428955,8 8 10 10 8 8 9 4 11 2 5 10 10 7 7 8 8 11 3 5 10 10 7 8 8 10 10 8 8 11 5 4 4 11 5 10 10 7 7 7 7 8 8 10 4 4 5 10 10 7 7 8 8 10 10 8 8 11 5 7 10 10 8 8 10 10 8 8 4 10 8 11 11 5 2 3 11 5 4 11 11 2 3 5 11 4 4 1 3 4 4 5 4 4 4 4 11 11 2 5 9 8 10 7 10 8 7 7 7 7 8 7 7 10 10 7 2 6 8 7 7 10 10 8 7 2 7 10 10 8 8 9 4 4 4 5 4 4 11 4 4 5 11 4 4 11 2 5 9 11 5 5 0 6 10 8 11 4 1 3 4 4 4 4 5 7 10 10 2 8 9 5 10 10 0 7 7 8 8 10 9 8 7 7 7 8 10 10 8 8 1 3 4 4 4 11 5 7 11 11 5 4 4 5 10 2 6 10 10 8 7 7 8 10 11 5 5 10 7 10 0 6 8 7 8 4 4 11 5 7 7 10 10 8 8 7 10 8 4 10 8 11 11 2 3 5 4 11 4 5 10 11 5 4 5 11 5 4 4 4 10 4 11 5 4 4 4 4 5 11 11 2 5 7 9 8 10 10 7 2 6 8 10 10 7 2 6 7 7 8 10 2 10 10 8 7 7 8 7 10 7 6 7 8 7 10 11 2 5 11 11 5 3 5 1 3 4 1 9 11 5 4 4 4 4 5 10 8 11 11 5 5 4 4 4 11 11 2 5 9 4 4 5 11 10 8 8 10 10 8 7 7 7 7 10 8 7 7 7 7 7 8 11 2 10 9 8 8 10 8 1 4 4 4 9 5 10 10 8 7 7 7 8 4 4 4 4 4 4 4 4 4 10 8 10 7 7 8 11 4 4 11 2 3 5 4 4 4 11 4 5 10 8 4 11 11 2 5 3 7 7 10 10 7 2 8 9 8 10 10 2 6 7 8 4 11 5 10 10 7 8 7 8 7 7 7 10 7 8 4 11 5 10 10 7 8 2 7 10 8 6 7 11 11 5 4 5 11 5 7 10 7 7 8 11 11 4 2 5 11 11 5 3 1 3 5 7 11 11 5 4 4 4 5 10 8 4 4 1 3 4 4 4 4 4 11 5 4 11 2 10 10 7 8 8 10 10 7 8 6 7 7 8 7 7 7 7 7 7 10 7 7 7 7 8 11 11 4 2 3 1 3 5 11 5 11 11 5 4 5 4 4 4 11 4 5 11 11 5 2 9 5 11 4 11 2 5 9 8 10 10 7 7 7 7 7 7 8 7 7 8 7 7 7 7 10 8 1 9 11 5 4 5 7 10 8 11 4 11 2 3 4 5 4 11 11 5 2 6 11 5 1 11 9 5 8 11 5 4 11 11 2 3 5 11 4 4 5 7 7 7 7 7 10 10 8 7 8 10 10 2 6 8 10 10 8 2 3 10 8 1 4 9 11 2 3 4 4 5 10 8 7 11 11 5 5 11 4 10 2 8 9 8 11 10 2 6 8 10 2 7 7 10 10 8 9 8 8 10 10 8 2 10 7 6 8 7 11 11 2 5 4 3 4 4 4 4 11 5 11 5 4 4 4 4 4 11 5 10 8 4 4 10 10 2 8 7 6 10 10 8 7 7 7 7 8 10 10 7 7 7 2 6 7 8 11 2 11 11 5 3 4 4 4 4 4 4 5 4 4 4 10 8 11 5 4 4 4 11 5 11 11 2 5 3 7 7 10 8 4 10 10 8 7 8 10 10 7 8 8 7 7 10 7 11 5 2 9 5 10 7 8 4 10 10 8 8 7 11 10 8 8 7 7 7 7 11 11 5 2 9 5 10 11 5 4 5 7 11 11 5 8 4 4 4 11 5 10 8 11 11 2 3 4 4 5 10 8 4 4 4 1 4 4 11 5 4 3 10 10 8 8 10 10 7 8 8 7 10 10 8 7 8 1 9 5 11 4 4 4 11 2 5 9 8 10 7 8 10 10 8 7 7 8 4 10 10 8 7 8 7 11 2 9 10 8 7 8 7 11 10 8 8 7 11 11 2 5 4 4 4 11 4 3 4 4 5 7 11 11 4 2 5 4 3 4 4 4 4 10 8 11 11 5 4 5 11 2 3 10 10 7 8 7 8 7 7 7 7 7 7 7 7 10 8 7 11 11 5 5 7 0 9 10 8 7 7 7 8 10 2 6 11 11 4 4 5 4 4 5 10 7 8 10 8 11 4 4 1 3 5 4 11 11 4 4 5 5 10 7 8 11 4 11 2 3 5 4 10 8 10 7 8 11 4 4 11 5 5 11 5 7 7 10 8 11 10 8 8 11 11 2 3 4 4 4 4 4 5 11 2 10 10 8 7 6 7 8 10 7 8 4 10 10 8 7 7 7 8 10 7 10 2 6 8 10 7 10 2 8 9 8 4 11 11 5 5 11 4 4 4 5 4 11 5 4 4 11 5 11 11 2 5 3 7 7 10 8 11 10 8 7 8 7 10 10 7 7 2 7 7 6 8 7 11 11 5 4 5 10 7 8 10 10 2 8 3 10 10 8 8 1 4 4 4 10 11 5 5 6 4 11 11 5 2 9 8 4 10 10 7 7 8 4 5 7 10 10 8 2 7 11 11 5 5 9 11 2 3 4 5 4 4 4 4 4 11 5 4 4 11 11 2 4 5 9 8 4 10 10 8 7 7 0 9 8 7 8 4 10 10 8 7 8 11 4 4 4 5 10 7 10 7 7 8 7 7 8 10 10 8 2 7 9 8 10 10 7 7 8 7 8 10 2 11 11 4 5 5 4 9 10 8 8 11 11 5 4 4 5 4 11 11 4 2 4 3 5
ppo_x50_b_fd_l4_linear,89,qv22_9,22,230,True,1298.0,5.632380723953247,8 8 10 10 8 8 9 11 5 2 10 10 7 8 8 9 5 10 10 8 8 10 10 8 8 11 5 10 10 7 8 8 10 10 8 8 10 10 8 8 10 10 8 8 4 10 8 10 10 8 8 10 10 8 8 10 11 2 5 3 11 4 5 11 11 4 5 11 5 5 7 11 11 2 3 4 4 5 11 11 2 5 7 9 8 7 10 10 8 7 7 7 7 7 7 7 8 11 2 3 10 11 5 4 5 11 11 4 4 2 3 5 4 4 11 4 11 2 3 4 5 4 4 4 11 11 2 5 9 8 10 10 7 8 7 7 8 10 8 7 1 9 11 5 4 5 10 11 2 3 4 4 4 5 4 1 3 10 10 8 8 7 10 8 10 10 7 8 7 7 7 7 7 7 8 7 7 7 10 10 2 8 9 7 8 4 4 4 4 4 11 5 4 11 5 4 4 4 4 11 4 4 4 5 11 5 10 10 7 7 7 2 8 10 8 10 7 8 10 10 8 8 10 7 9 8 8 7 1 9 11 5 4 4 5 4 4 4 4 11 5 10 8 4 4 11 11 5 2 9 5 10 7 7 10 0 7 7 6 7 8 7 7 8 11 10 8 8 10 10 8 7 7 8 7 11 11 5 2 9 4 5 11 5 4 11 11 2 3 4 4 5 10 10 8 8 10 7 8 11 4 11 4 4 5 5 11 11 5 2 9 5 10 7 7 7 8 11 11 2 3 4 4 5 4 4 4 11 4 5 11 11 2 3 5 7 7 10 8 10 10 8 8 10 10 8 7 7 8 11 10 8 8 7 7 10 7 7 10 2 8 9 10 8 8 1 9 5 4 11 5 7 0 6 7 10 8 7 11 11 2 5 11 4 11 5 4 3 5 4 4 4 10 11 5 5 4 4 4 4 1 9 5 4 4 4 11 11 5 2 10 8 10 7 10 7 6 8 8 10 10 7 7 2 6 8 11 5 10 10 8 7 8 7 11 1 3 4 4 11 2 3 5 11 4 11 2 5 6 4 11 4 4 5 4 10 7 10 2 6 8 11 5 10 7 10 7 7 8 7 8 10 10 8 2 10 6 10 8 7 7 8 11 2 7 10 7 6 7 8 7 11 11 4 4 5 5 11 11 5 4 4 4 4 4 4 4 5 10 2 7 7 6 10 8 4 10 10 2 8 6 10 7 7 8 11 11 5 5 10 7 7 7 8 10 10 2 8 11 3 5 4 4 4 11 11 5 5 4 4 4 11 5 10 8 10 11 2 3 5 11 11 2 3 4 5 4 11 4 11 5 2 9 7 7 7 7 8 10 11 5 5 10 7 7 8 10 10 2 6 8 10 7 7 0 6 7 7 7 8 10 2 3 10 11 5 4 5 11 11 5 11 5 5 4 11 4 1 3 5 4 4 4 4 4 11 11 5 2 3 7 10 8 10 10 7 7 0 6 7 8 8 4 10 10 8 7 7 7 7 7 7 7 7 8 10 7 8 11 11 2 5 3 4 11 5 11 11 4 4 5 5 4 11 11 5 4 4 5 10 2 9 8 10 10 8 2 7 7 6 7 10 10 2 6 7 7 7 7 7 8 11 2 11 11 4 5 5 11 4 11 5 5 9 4 4 4 4 4 4 11 5 4 5 0 9 10 8 7 7 7 8 11 5 10 10 8 7 7 7 7 8 10 10 7 8 2 9 5 11 11 4 4 4 4 2 5 3 11 4 5 4 4 11 11 5 2 11 9 5 4 5 4 4 10 10 8 2 7 9 10 7 8 7 7 7 7 7 7 8 11 5 10 10 2 6 7 8 10 7 7 10 7 2 8 6 4 11 11 4 1 3 5 4 4 4 4 4 4 5 10 11 5 5 4 4 10 10 2 8 7 9 8 10 10 2 6 8 7 10 8 7 0 6 11 11 5 5 11 5 0 6 10 7 7 7 8 4 10 10 8 2 9 8 4 11 11 5 4 5 4 11 11 2 3 4 4 4 5 7 11 11 5 5 4 4 4 4 10 10 8 2 6 10 7 7 8 10 10 8 7 7 7 7 7 7 7 8 10 7 7 7 10 8 2 9 4 5 10 1 9 5 5 4 4 4 11 5 4 4 11 5 11 11 2 5 9 5 10 11 5 5 4 11 11 5 2 9 4 4 11 4 5 2 3 10 10 7 7 8 8 7 7 7 7 7 7 7 7 7 10 8 4 10 10 8 7 7 7 8 11 2 10 11 5 5 3 11 11 4 5 4 4 5 4 4 4 4 11 5 7 11 11 5 4 4 5 11 11 5 2 9 5 7 7 7 7 11 5 10 10 2 7 6 8 11 5 4 4 4 4 4 4 10 10 2 6 8 10 8 7 7 7 10 8 10 10 8 7 7 8 10 10 8 7 0 6 7 7 7 8 11 2 9 4 5 10 10 8 8 11 4 4 5 10 11 5 5 11 11 2 5 4 4 4 11 5 10 10 8 8 10 10 8 7 6 7 7 8 10 2 7 10 9 8 8 4 11 11 5 4 5 11 5 4 4 4 11 11 2 3 4 4 4 4 5 4 11 11 2 5 3 11 4 5 10 10 7 7 7 7 7 8 7 7 7 7 7 7 7 8 7 7 7 10 8 10 2 9 8 11 11 4 5 5 11 4 5 4 11 5 7 11 11 5 4 4 5 10 7 7 8 11 4 4 11 2 3 5 11 4 11 2 5 10 8 10 10 8 9 8 8 10 10 2 6 8 10 10 7 8 2 10 9 8 8 10 10 8 8 10 1 9 8 7 8 11 11 4 5 5 11 5 4 4 10 8 11 11 5 5 4 4 4 4 4 11 5 4 4 4 10 8 11 11 2 3 5 11 4 5 10 10 8 2 10 10 8 8 6 10 10 8 7 8 4 10 10 8 7 7 7 7 8 7 7 7 10 8 7 11 11 5 5 11 11 2 5
ppo_x50_b_fd_l4_linear,90,qv22_90,22,233,True,1281.0,5.614114046096802,8 8 10 10 8 8 9 10 8 8 11 5 4 11 11 2 5 10 10 7 7 7 7 8 8 10 10 8 8 9 5 4 4 4 4 11 5 7 11 11 5 4 5 7 7 10 7 10 7 2 6 8 10 10 7 8 8 11 10 8 2 10 9 8 8 4 11 5 4 11 5 4 10 10 8 2 10 7 10 8 8 10 10 7 8 8 10 9 8 8 10 2 10 9 8 8 4 4 10 8 10 8 10 10 8 8 4 4 4 4 4 4 1 3 4 4 4 4 1 9 5 4 11 5 10 8 4 4 4 11 11 4 4 2 5 9 8 10 10 8 2 9 5 10 10 7 7 8 0 6 7 8 4 4 11 4 5 10 7 10 8 8 10 10 2 6 8 10 10 8 2 10 9 8 7 7 8 4 4 4 11 5 10 10 2 8 10 10 6 7 8 7 7 7 7 8 11 2 9 11 4 5 5 10 8 11 11 5 5 11 5 11 11 2 3 4 4 5 7 11 11 5 4 5 0 6 7 10 8 10 10 2 6 8 10 2 10 6 10 8 8 1 4 4 4 4 4 11 9 5 5 11 11 2 3 4 4 5 10 11 5 5 4 4 1 3 10 10 8 8 10 7 10 8 7 8 7 10 7 10 2 8 3 7 10 10 2 6 7 7 8 10 2 6 7 7 7 7 11 11 2 3 5 11 1 3 4 4 4 4 5 0 9 11 5 5 4 11 5 4 4 4 4 4 4 11 5 11 11 5 2 7 9 8 10 10 8 2 10 10 8 7 9 8 7 7 8 7 7 10 10 8 2 4 9 5 0 7 10 10 8 6 7 7 7 8 11 2 11 9 5 5 4 11 11 2 3 4 4 4 5 4 4 4 4 10 2 11 11 5 5 10 7 8 10 6 10 8 7 8 7 7 7 10 8 11 5 7 10 10 8 2 3 11 4 5 10 7 7 8 4 10 10 8 7 8 10 10 8 2 11 3 11 5 5 11 5 11 11 2 3 4 4 4 5 11 11 5 5 0 6 10 8 7 7 7 10 8 4 11 11 2 5 11 11 3 4 4 5 4 4 4 4 4 4 5 11 4 10 2 8 7 7 9 8 10 8 10 10 2 6 7 7 7 8 4 4 11 10 2 8 11 9 5 4 4 4 4 4 4 5 11 2 10 10 8 7 6 7 7 8 10 10 7 7 7 8 7 7 7 7 7 7 8 10 7 10 2 6 8 4 10 8 11 11 5 5 11 1 3 5 4 4 4 1 3 4 11 5 4 4 4 4 11 4 4 4 4 5 10 10 7 2 6 8 10 8 10 10 8 8 4 10 10 8 8 10 10 7 7 8 2 11 5 7 10 10 8 8 10 8 9 11 5 4 4 4 5 11 2 10 10 8 7 7 8 7 6 10 10 8 8 7 10 8 7 11 11 5 2 11 9 5 5 4 4 4 11 5 4 1 9 5 11 11 5 4 5 4 11 11 2 5 3 4 10 10 8 7 7 7 7 7 7 7 8 7 10 8 4 11 11 5 5 1 4 4 4 9 5 4 4 11 4 4 4 11 2 5 9 8 10 10 2 6 7 8 10 10 7 7 7 7 7 7 8 7 7 8 7 7 7 10 7 8 11 11 5 2 9 11 5 5 4 4 1 9 5 4 4 4 4 4 11 5 4 10 10 8 8 10 10 7 8 2 9 5 10 10 7 2 8 7 10 10 8 8 10 9 8 8 10 8 7 11 11 5 5 11 11 4 2 4 4 3 5 10 8 7 11 11 5 5 10 8 11 11 5 4 11 5 4 5 11 11 5 4 4 5 4 4 10 8 11 11 5 5 4 10 10 8 2 6 7 10 8 7 7 7 10 7 8 1 9 5 11 11 5 4 5 11 4 4 4 4 5 10 7 11 2 5 9 5 10 10 7 7 2 6 7 7 7 8 10 7 10 8 8 10 10 8 7 7 0 6 7 7 7 7 8 11 2 11 4 3 4 11 5 5 10 7 7 8 4 11 11 5 5 4 4 4 10 8 10 11 4 5 4 4 4 4 4 4 5 10 7 8 7 10 8 4 4 11 11 2 5 11 3 4 5 10 10 8 2 10 9 8 7 7 7 7 7 8 7 7 7 10 10 8 7 8 11 11 5 2 6 4 11 5 4 11 11 4 2 3 5 4 4 10 11 2 3 5 4 4 4 4 4 10 8 11 11 5 5 10 2 9 10 7 8 7 8 7 7 7 7 7 7 10 7 8 4 11 2 11 11 5 5 3 7 7 7 7 10 7 10 2 6 7 7 7 8 7 11 2 11 9 5 5 4 4 4 10 11 5 5 4 4 4 4 4 11 4 5 4 4 11 5 10 10 8 2 6 10 10 7 8 8 7 7 7 10 7 7 10 2 8 7 9 8 7 11 11 2 5 11 9 5 5 4 4 4 10 10 2 8 10 10 8 6 8 7 7 10 10 8 2 6 4 11 5 11 11 4 5 4 4 1 3 5 4 4 4 4 4 4 11 4 4 5 11 4 2 3 10 10 8 8 10 10 2 6 8 10 7 7 8 10 10 8 7 7 7 8 7 11 2 11 3 5 11 11 2 3 4 5 11 11 4 5 5 4 1 4 3 11 5 10 10 7 8 8 10 8 7 7 7 11 5 10 10 8 7 7 7 8 11 2 10 6 10 8 7 8 7 7 10 8 4 4 11 1 9 5 4 5 4 4 11 5 10 8 4 4 4 4 11 11 4 2 3 4 5 11 5 4 4 10 10 8 2 9 8 10 10 8 8 10 10 2 8 10 10 7 7 7 7 8 7 6 7 7 7 8 10 10 7 8 8 11 5 4 11 10 8 8 7 11 11 2 5 3 11 5 11 11 5 5 4 11 5 10 10 8 2 9 10 8 7 7 8
ppo_x50_b_fd_l4_linear,91,qv22_91,22,237,True,1293.0,5.799318552017212,8 8 10 10 8 8 9 11 5 2 10 10 7 8 8 9 5 10 10 8 8 10 10 8 8 11 5 4 11 5 10 10 7 7 7 8 8 11 2 4 9 4 5 11 4 4 11 5 4 4 2 3 10 7 7 8 10 10 7 7 7 2 8 10 7 7 10 8 8 10 9 8 8 10 2 10 10 8 8 10 9 8 8 4 10 2 3 11 5 11 11 2 3 5 11 2 9 11 5 4 5 4 11 5 11 11 5 2 10 10 8 7 7 6 7 7 7 8 10 7 7 10 2 8 9 10 8 8 11 2 11 9 5 4 5 4 4 1 3 4 4 4 10 11 5 5 11 5 4 4 4 4 11 5 4 4 10 10 2 8 6 10 8 10 10 8 7 7 7 8 1 3 4 4 11 4 5 4 4 4 4 10 10 2 6 7 7 8 10 8 10 10 7 7 2 6 7 8 4 10 10 8 8 11 4 4 5 7 10 7 10 8 7 8 4 11 5 10 10 8 0 6 7 8 11 11 5 5 7 7 7 10 8 7 7 11 11 5 2 9 5 4 4 10 10 8 2 9 8 10 7 8 11 11 5 5 11 11 5 5 4 4 4 4 4 11 5 10 7 7 8 11 11 5 5 0 9 11 5 4 5 11 5 11 5 4 4 4 4 10 10 2 6 8 10 10 8 7 7 7 8 11 11 5 2 9 5 10 10 2 6 7 7 8 10 10 8 2 6 7 10 10 8 2 9 8 11 4 5 11 11 5 4 1 3 5 4 4 4 4 11 11 2 3 4 4 5 11 11 5 2 3 7 7 7 10 10 8 7 8 11 4 5 10 10 8 2 10 6 7 7 8 4 4 10 4 4 5 4 4 10 10 8 7 8 10 7 10 8 7 7 8 11 2 9 10 8 8 10 10 8 2 6 11 11 5 4 5 4 4 4 11 4 5 4 11 5 10 10 7 2 8 10 9 8 8 10 10 7 7 2 6 7 8 7 7 7 10 10 8 2 6 4 4 11 5 4 11 4 5 4 4 11 11 5 4 4 4 4 4 5 11 11 2 5 11 5 9 4 10 8 8 7 7 7 10 7 7 8 7 7 7 11 11 5 2 7 9 10 8 7 7 7 7 7 7 8 10 10 8 2 6 11 5 11 11 4 2 3 5 11 5 11 5 7 7 11 11 2 3 4 5 10 8 11 10 8 8 10 7 8 11 11 4 4 2 3 4 5 4 4 4 11 5 11 4 4 4 4 1 4 5 3 10 10 8 8 10 10 7 8 7 7 7 8 10 10 2 8 9 8 10 10 8 2 6 10 8 11 11 4 2 3 4 5 4 11 4 5 10 8 11 11 5 5 10 8 10 10 8 7 7 8 11 4 4 5 4 4 4 4 11 11 2 5 3 4 10 10 8 5 7 7 10 8 11 5 10 7 10 8 8 7 10 8 11 5 10 10 7 2 6 7 8 10 8 4 4 10 10 8 7 7 7 7 7 8 11 11 2 3 4 5 11 5 4 4 4 11 5 10 8 7 10 8 10 10 2 8 10 6 10 7 7 7 2 6 8 4 4 4 4 1 3 4 4 4 11 5 4 4 4 4 4 4 11 11 5 2 4 4 3 10 10 8 7 7 8 11 4 4 5 10 10 2 6 8 10 2 10 7 6 10 7 7 8 7 8 4 10 10 8 8 11 10 8 8 10 10 7 7 8 7 2 7 9 8 7 10 11 5 2 3 4 4 11 5 4 11 5 4 4 1 3 4 4 4 4 4 4 4 4 11 5 4 10 10 8 8 7 10 10 2 8 7 9 8 10 7 0 10 8 6 7 8 10 8 7 7 7 10 7 7 7 8 11 11 5 2 9 5 11 11 5 5 11 4 4 5 11 11 2 3 5 4 11 11 5 2 4 3 4 4 10 8 11 11 5 4 5 4 10 10 8 7 8 11 11 2 5 9 5 7 7 10 10 7 0 6 8 8 10 10 8 7 7 7 7 8 10 10 2 6 8 10 10 8 2 6 11 5 4 11 11 2 5 9 11 4 5 4 4 5 7 11 11 5 4 4 5 4 4 11 5 11 11 2 4 3 5 10 8 7 0 7 10 7 10 7 8 6 8 7 7 11 5 4 11 5 10 10 7 8 10 8 7 8 11 5 10 10 8 7 8 10 10 7 7 8 5 10 10 8 2 9 5 11 11 2 3 5 11 5 11 11 5 4 4 4 4 5 4 4 4 4 4 4 4 4 11 5 11 4 10 2 8 7 9 8 10 8 10 10 8 2 10 6 10 8 8 7 7 10 8 10 10 0 8 6 7 8 11 5 10 10 8 7 7 7 7 8 11 1 9 5 8 4 4 4 4 4 10 8 11 11 5 4 5 4 4 11 5 10 8 4 11 11 2 5 4 4 4 9 11 2 5 11 11 5 3 5 7 7 10 8 10 7 8 7 7 11 5 10 10 8 7 7 8 7 7 7 7 10 8 7 10 10 8 2 9 5 11 11 2 5 3 4 4 11 11 5 8 4 1 3 11 5 10 8 4 4 4 4 4 4 11 11 2 3 5 11 5 4 10 10 2 8 10 6 7 8 10 10 0 6 8 7 7 7 7 8 10 10 7 7 7 8 7 7 8 11 4 4 4 4 5 10 2 11 11 5 4 5 11 4 5 3 10 10 8 8 10 10 7 7 8 7 7 7 8 10 2 6 7 11 11 2 5 4 4 9 5 11 4 11 2 3 5 7 11 2 9 10 8 7 7 8 11 2 6 11 11 5 5 4 11 11 2 3 4 5 11 11 2 3 11 5 4 4 4 4 4 5 4 4 10 10 2 8 6 10 10 8 7 7 10 8 7 8 7 7 10 7 8 7 10 10 2 8 7 7 6 11 4 4 11 4 4 5 11 5 5 7 11 11 5 4 4 5 11 11 2 5
ppo_x50_b_fd_l4_linear,92,qv22_92,22,234,True,1301.0,15.214789390563965,8 8 10 10 8 8 9 11 4 2 5 10 10 7 7 8 8 11 5 9 11 2 3 4 5 10 7 10 7 7 8 8 10 10 8 8 11 5 10 10 7 8 8 11 5 10 10 7 8 8 10 10 8 8 11 5 7 10 10 8 8 10 10 8 8 10 4 5 11 11 5 2 11 3 4 5 4 4 1 9 5 4 10 11 5 5 4 4 4 11 4 5 10 10 8 8 10 10 2 6 8 7 7 7 10 8 10 10 8 8 11 4 4 5 10 7 7 10 8 7 7 8 7 10 7 10 8 8 4 11 5 10 10 8 2 3 11 4 5 4 4 11 5 10 8 10 10 8 7 8 11 4 11 4 4 2 3 4 4 4 4 5 7 10 8 7 11 11 5 5 11 11 2 3 4 4 5 11 11 2 3 5 10 7 10 8 7 7 8 10 10 8 7 7 7 8 7 7 7 7 11 11 2 5 3 11 4 4 4 4 5 10 10 8 8 4 11 4 4 4 5 4 11 4 4 4 4 11 5 2 9 5 7 10 7 7 8 7 7 7 7 7 10 8 11 11 5 5 7 11 5 10 10 8 8 7 10 7 7 10 2 8 9 8 4 11 11 5 2 9 5 7 7 11 11 5 2 11 9 5 4 4 4 4 5 4 4 10 2 6 10 10 8 7 7 7 7 7 7 7 7 7 7 8 10 2 9 10 8 4 5 10 8 4 11 5 4 4 4 4 4 4 4 10 11 5 5 4 4 4 11 5 10 8 4 4 4 4 11 11 5 2 9 5 7 7 10 10 2 6 7 8 4 4 11 5 7 10 10 8 8 7 7 7 7 7 7 7 7 7 10 8 7 7 7 7 11 11 2 5 9 4 5 7 11 11 5 4 5 4 11 5 11 11 2 3 5 4 11 5 4 4 4 4 4 11 5 10 8 7 11 11 5 4 2 11 3 5 10 10 7 8 7 7 0 6 8 10 10 7 7 7 2 6 7 8 10 10 8 2 6 10 8 4 10 10 8 7 7 8 11 11 5 2 4 4 3 4 4 11 4 4 4 5 4 11 11 5 4 5 4 4 10 11 5 5 10 7 10 2 8 10 10 8 6 8 11 5 10 10 7 7 7 7 7 8 8 10 8 10 10 7 7 7 2 6 8 11 11 4 4 5 2 3 4 4 4 4 4 4 4 11 4 4 5 4 4 11 5 11 11 2 5 7 7 7 6 10 7 7 8 10 10 8 8 10 10 7 2 6 7 7 7 8 10 10 8 2 7 10 7 8 6 4 4 11 11 5 4 4 4 5 10 2 11 11 5 5 9 5 10 10 8 2 9 10 8 8 11 5 10 10 8 7 8 7 7 10 7 8 11 11 2 5 9 5 11 11 2 3 4 4 5 7 11 11 5 4 5 11 11 2 3 5 4 4 4 4 11 4 5 11 11 5 2 10 8 6 10 10 8 8 11 10 8 7 8 10 10 7 2 6 8 4 4 11 5 4 10 10 2 6 7 7 7 8 7 7 7 10 8 11 5 4 11 5 7 7 10 10 8 8 10 10 7 2 6 8 10 11 5 5 11 5 7 7 11 11 2 5 3 4 4 4 4 4 11 5 10 8 11 11 5 5 11 4 5 10 10 8 7 7 8 4 4 4 10 11 5 5 4 4 11 4 11 2 5 4 11 11 5 4 5 9 0 9 8 7 7 8 7 10 8 11 5 11 4 5 10 8 10 10 7 8 7 7 7 7 7 7 7 7 8 11 11 5 4 5 7 7 10 7 7 8 10 10 2 8 9 7 8 4 4 10 11 5 5 11 11 5 5 11 11 5 5 11 4 4 5 4 4 4 10 8 11 11 2 3 5 11 4 4 4 11 2 5 3 10 8 10 7 7 7 7 8 4 10 10 8 7 7 7 7 7 8 11 11 5 2 6 11 5 4 10 8 11 11 5 5 10 7 11 5 5 4 4 4 4 11 11 2 5 9 8 4 4 4 10 10 0 6 8 7 7 7 7 7 7 7 8 10 0 6 10 8 5 7 7 7 10 8 11 5 7 7 7 7 11 11 2 5 9 5 11 5 4 4 10 8 11 11 5 4 4 5 10 8 10 7 8 11 11 4 4 5 4 5 4 11 5 10 7 11 5 5 4 4 4 4 11 5 10 8 10 10 2 8 9 7 8 10 7 7 7 7 8 7 11 11 2 5 11 5 4 4 4 11 9 5 5 4 4 4 10 11 5 5 11 11 5 2 9 8 10 10 7 7 8 7 7 7 7 7 7 7 7 7 7 8 7 7 7 11 2 11 11 5 3 5 4 4 4 11 4 5 10 2 10 9 8 8 4 11 4 5 4 11 11 5 2 7 10 8 10 10 8 8 9 10 8 2 10 9 8 8 11 1 4 3 5 4 4 4 11 5 10 8 4 4 4 10 10 2 8 10 8 10 10 7 7 8 7 8 7 7 6 11 10 8 7 7 8 7 7 7 11 11 2 3 5 11 1 9 5 4 4 4 5 10 8 11 11 2 3 5 4 4 4 1 9 5 4 4 11 5 4 4 4 4 10 10 2 8 10 7 6 7 8 10 10 7 7 8 8 10 10 8 2 10 7 7 7 6 8 10 8 7 7 10 8 11 11 2 5 4 3 4 11 4 4 4 4 4 4 4 11 2 5 9 8 10 11 5 4 4 5 10 8 10 10 2 6 7 8 10 10 7 7 7 8 8 7 10 8 1 9 5 11 11 4 4 2 3 4 4 4 5 4 4 4 11 4 4 5 10 10 8 2 10 6 10 8 8 4 10 10 2 6 7 7 7 7 7 8 11 10 8 8 10 8 10 10 8 2 6 7 7 7 7 11 11 2 5 11 11 3 5 5 4 4 4 11 4 5 10 2 10 10 8 8 9 8 11 11 4 4 2 3 4 4 4 4 4 4 5 11 11 4 4 2 5
ppo_x50_b_fd_l4_linear,93,qv22_93,22,231,True,1257.0,5.469280958175659,8 8 10 10 8 8 9 11 5 2 10 10 7 8 8 9 5 10 10 8 8 10 10 8 8 11 5 4 11 5 10 10 7 7 7 8 8 11 5 10 10 7 8 8 10 10 8 8 11 5 1 11 9 5 4 4 4 5 4 4 11 4 4 5 11 11 5 2 3 10 7 7 7 8 10 10 7 7 8 8 10 10 7 0 6 7 8 8 10 10 8 8 11 10 8 2 10 6 10 8 2 10 9 8 8 1 3 4 11 5 11 11 5 2 3 4 10 8 11 11 5 5 4 4 4 4 4 4 4 4 0 9 11 5 5 10 8 11 11 5 4 5 4 10 10 2 8 6 11 10 8 8 4 10 10 2 8 7 6 7 7 7 10 8 11 5 10 10 8 5 7 7 7 7 7 10 8 11 5 7 10 10 8 2 10 10 8 8 6 4 4 4 4 4 11 5 11 11 2 3 5 4 10 8 11 11 5 5 4 4 11 5 10 8 4 11 5 10 10 7 7 2 8 7 10 9 8 7 7 7 8 11 2 9 11 5 4 4 5 7 11 11 2 3 5 11 11 2 5 9 5 4 4 4 11 4 4 4 11 2 5 9 8 10 10 2 6 8 10 10 8 8 10 11 5 5 10 10 7 7 8 7 7 7 7 8 4 10 10 2 6 8 7 11 11 5 2 11 3 4 4 11 4 4 2 3 5 10 10 7 7 7 7 2 6 7 8 0 6 10 8 11 5 10 10 8 8 4 4 4 11 4 5 10 10 8 8 10 10 7 8 7 8 7 10 10 2 8 9 11 2 4 3 4 5 7 10 8 11 4 11 5 5 11 5 4 11 11 4 5 4 5 4 4 4 4 4 11 4 5 10 10 8 8 4 4 11 5 10 10 7 2 6 7 8 10 7 10 8 7 7 7 8 1 9 10 8 8 10 10 2 8 10 10 8 8 10 9 8 5 7 10 10 2 8 7 6 11 11 2 3 4 4 4 4 4 4 4 4 4 5 11 2 4 4 4 11 9 8 8 4 4 11 11 5 2 11 5 9 10 8 8 10 7 7 7 10 8 7 10 8 8 4 11 5 4 1 4 4 9 5 4 11 4 11 5 2 10 8 10 10 7 8 8 9 10 7 7 7 7 7 8 8 10 7 7 8 7 7 7 11 10 8 8 10 10 8 2 11 4 5 11 11 4 4 3 4 4 4 2 3 5 4 4 4 11 5 10 10 8 8 11 5 1 3 4 4 11 5 4 4 10 10 2 8 10 9 8 8 10 10 2 6 8 4 11 5 10 10 7 7 8 2 9 10 8 7 7 8 7 7 10 8 10 10 2 8 9 5 11 11 4 4 5 4 4 5 10 10 8 8 4 11 11 5 5 7 11 1 3 4 4 4 4 4 5 10 10 8 2 9 11 4 5 2 3 10 10 7 7 7 7 7 8 8 10 10 8 2 10 9 8 8 10 10 2 6 7 7 7 8 7 7 10 10 2 6 8 4 4 11 2 11 9 5 4 4 4 4 5 4 4 4 4 11 4 4 5 4 11 11 2 5 9 4 5 10 10 7 7 7 0 7 7 7 8 8 10 10 6 8 7 7 7 7 8 7 7 11 11 2 3 5 10 8 11 11 4 4 2 3 4 5 10 2 9 11 5 4 4 4 5 4 11 4 5 11 11 5 2 11 3 4 5 7 7 7 10 10 7 8 8 10 10 0 6 8 7 7 7 8 10 7 2 11 9 5 5 4 11 5 11 11 2 5 4 9 4 5 10 10 8 0 6 7 8 10 10 8 2 10 6 10 8 8 10 7 7 10 8 7 8 11 11 2 5 9 5 11 11 5 4 5 4 4 4 4 4 4 4 4 11 5 11 5 11 11 4 2 3 5 10 8 10 7 7 10 7 8 2 11 5 9 4 11 4 2 5 4 4 3 10 10 7 7 7 7 7 2 6 7 7 7 8 10 2 6 10 10 7 7 7 2 6 7 8 7 7 11 11 2 5 9 4 5 7 11 11 5 5 10 11 5 1 3 5 0 9 11 5 4 4 4 5 11 4 5 11 5 4 4 11 11 2 5 11 3 4 5 10 10 7 7 7 7 7 7 7 8 8 11 5 7 11 11 5 4 5 10 7 8 10 10 7 8 7 7 7 8 10 11 5 5 10 7 10 8 2 6 10 11 5 5 4 11 1 3 4 5 4 11 4 4 4 11 2 3 5 11 11 5 2 3 10 8 10 10 8 7 8 7 7 11 5 10 10 2 6 7 7 8 10 10 8 2 9 8 10 10 8 7 7 8 4 10 2 9 4 4 5 10 10 8 8 4 11 4 5 10 8 7 7 7 7 11 11 5 5 4 4 4 4 4 10 11 5 5 4 4 4 4 11 11 4 4 4 5 2 3 10 8 4 10 10 8 8 10 10 7 7 8 8 7 7 10 10 2 6 8 10 8 7 7 10 10 8 2 9 4 5 11 4 11 2 4 3 4 5 4 4 11 5 4 4 4 11 5 7 11 11 5 2 4 9 5 4 10 10 2 8 6 7 7 10 7 7 0 6 8 10 10 7 2 6 7 8 7 10 8 1 4 3 4 4 4 4 4 4 1 9 5 11 11 2 5 7 10 8 10 10 8 6 8 7 7 10 10 7 8 8 11 10 2 6 7 7 7 7 8 10 10 8 2 9 5 11 11 5 2 11 11 3 5 1 3 4 4 5 10 2 3 11 5 7 7 10 10 8 8 4 4 11 5 11 4 5 7 11 11 5 4 4 4 4 5 11 11 2 3 4 4 5 11 4 2 10 10 8 6 7 7 7 7 7 7 7 7 7 7 7 8 10 2 11 9 5 5
ppo_x50_b_fd_l4_linear,94,qv22_94,22,233,True,1274.0,5.543495416641235,8 8 10 10 8 8 9 11 5 2 10 10 7 8 8 9 5 11 4 5 4 10 10 8 2 7 7 10 10 8 8 10 10 8 8 9 5 10 10 8 8 10 2 10 10 8 8 10 9 8 8 10 2 10 10 8 8 10 9 8 8 4 11 4 5 11 11 5 2 3 4 4 4 10 11 5 1 3 5 4 4 4 11 11 2 5 9 8 4 10 10 8 7 7 7 10 8 8 4 10 10 8 7 7 8 10 7 8 10 10 2 8 3 11 5 4 11 11 4 4 5 4 5 0 10 7 6 8 7 7 10 10 7 7 8 8 10 7 10 8 8 4 10 2 9 11 5 5 4 4 4 4 4 4 4 11 11 2 5 4 9 11 5 4 4 4 5 11 11 4 5 2 3 10 8 10 7 10 7 8 2 10 10 8 6 7 7 8 11 5 10 7 10 8 2 3 10 7 7 7 10 2 8 10 10 8 7 6 8 10 8 4 4 4 4 0 9 11 5 5 11 5 4 4 4 4 11 11 2 3 4 5 11 4 5 10 10 8 2 10 7 6 7 8 10 10 2 6 8 7 11 10 8 7 8 11 5 10 10 8 7 8 10 10 7 7 8 2 9 5 4 4 4 1 3 4 4 4 10 11 5 5 4 11 4 10 8 8 11 11 5 8 4 4 4 11 5 10 8 4 4 4 4 4 4 10 10 8 2 9 8 10 10 8 7 7 7 7 7 8 11 11 2 5 10 6 7 7 8 7 10 10 8 7 7 8 10 10 2 8 6 7 11 11 5 4 5 4 10 11 5 5 11 5 4 4 4 4 4 4 11 5 11 11 5 2 9 10 2 7 6 8 11 5 4 4 4 10 10 8 0 6 7 7 7 8 10 10 2 6 7 8 11 10 8 8 7 10 10 8 2 7 6 11 5 4 4 4 10 8 11 11 2 3 4 4 4 4 5 10 2 9 8 7 11 11 5 4 4 5 4 10 10 8 7 7 8 7 7 7 7 7 7 10 7 10 8 2 6 4 4 4 4 4 11 4 11 5 2 4 4 4 4 9 5 11 4 5 4 11 11 4 2 5 3 10 10 2 6 5 7 7 7 10 8 1 9 5 11 11 5 2 11 5 10 10 7 7 7 8 7 7 8 10 9 8 7 8 10 8 7 7 7 10 8 7 7 7 11 11 2 5 9 4 4 5 4 0 9 11 5 5 4 10 11 5 5 11 11 5 5 11 5 0 6 7 11 10 8 8 7 10 10 2 8 9 8 11 10 8 8 7 7 11 11 2 5 9 11 5 4 5 4 4 11 5 10 8 4 4 11 11 2 3 4 4 4 5 11 5 4 10 10 8 8 11 4 5 4 4 10 10 2 8 6 7 7 10 8 4 10 10 8 8 10 10 8 7 7 7 7 8 11 2 10 10 8 7 6 7 7 7 8 7 11 11 5 2 3 4 4 4 4 11 4 5 7 11 5 4 4 4 4 4 4 11 4 5 10 10 8 8 10 7 11 2 5 9 5 10 10 8 0 6 7 8 4 4 11 5 10 10 7 7 8 7 7 7 8 4 4 11 4 5 10 10 7 8 7 8 4 10 10 8 7 7 8 11 4 5 10 10 2 6 7 8 7 10 10 2 8 9 5 11 11 5 2 9 7 8 11 11 4 5 5 10 11 5 5 11 4 0 9 5 5 11 4 4 11 4 2 3 4 5 4 11 4 5 7 10 8 4 11 11 5 5 4 11 4 11 2 5 10 8 10 10 8 7 6 7 7 7 7 7 8 10 8 10 10 8 7 7 8 10 8 4 11 5 10 7 10 8 7 8 11 0 9 5 5 4 4 4 4 10 8 10 7 8 11 11 5 4 5 4 4 10 8 11 11 5 4 5 11 5 11 11 2 5 11 5 4 3 10 7 10 2 6 7 7 8 10 2 3 7 7 10 8 7 7 7 10 10 2 8 6 10 10 8 7 8 11 4 5 11 11 1 4 4 4 5 4 3 4 5 4 11 5 7 10 10 8 7 8 4 4 4 1 3 11 5 4 4 11 11 2 5 4 3 10 7 7 8 10 10 8 7 8 7 7 10 8 11 11 4 4 2 5 9 5 7 7 10 10 2 6 7 8 7 1 9 10 8 8 7 7 7 10 10 2 8 6 7 11 11 5 4 4 4 11 4 4 4 5 4 4 5 4 4 10 11 5 5 4 4 4 4 4 10 10 8 2 9 7 8 7 7 7 11 10 8 8 10 10 2 6 7 7 7 7 8 11 2 3 11 4 4 5 4 4 11 11 5 2 11 4 4 3 5 10 8 10 10 8 8 7 7 1 9 5 10 10 8 8 10 10 7 8 2 10 11 5 3 5 10 10 7 8 8 10 10 8 8 11 2 10 9 8 8 11 5 4 4 11 4 4 5 4 4 11 4 11 2 5 3 7 10 8 7 7 10 7 10 8 2 10 7 7 6 10 8 7 7 8 7 10 10 8 2 11 11 3 4 5 4 5 10 11 5 5 11 11 2 5 4 4 4 4 9 5 11 11 4 4 4 2 5 4 3 10 10 8 7 7 8 11 5 10 10 2 6 7 7 8 7 7 7 1 9 10 8 8 7 10 8 11 5 7 7 10 10 2 8 9 7 8 4 4 4 11 5 4 4 10 8 11 11 5 4 5 10 8 10 11 5 1 3 5 4 11 5 4 4 11 4 5 4 11 5 4 4 10 10 8 2 9 10 8 8 11 5 10 10 8 2 9 8 10 10 8 8 10 10 2 6 8 7 10 10 8 8 11 10 8 8 7 7 0 9 8 4 10 10 8 8 7 7 7 11 11 2 5 4 4 4 4 4 9 4 5 11 11 4 4 5 4 4 4 4 4 5 10 10 2 8
ppo_x50_b_fd_l4_linear,95,qv22_95,22,234,True,1298.0,5.825869560241699,8 8 10 10 8 8 10 10 8 8 9 5 10 11 5 4 5 10 10 7 7 8 8 10 10 8 8 11 5 4 11 5 10 11 5 4 4 5 10 10 7 7 7 7 7 7 8 8 11 5 10 10 7 8 8 10 10 8 8 11 5 11 1 3 4 5 11 4 4 4 5 4 10 10 2 8 7 6 10 8 7 10 10 7 7 7 7 8 8 10 10 8 8 11 5 11 11 5 2 4 4 4 3 4 11 5 10 10 7 7 7 8 7 8 10 7 7 10 8 8 4 11 2 3 11 5 4 4 4 1 11 9 5 8 4 11 11 2 3 4 5 10 8 11 11 5 4 4 4 4 4 1 4 5 3 10 10 8 8 10 10 8 7 7 10 7 8 7 7 7 7 7 10 8 8 10 10 8 7 7 8 10 2 11 9 8 8 11 11 1 3 5 4 5 10 7 8 0 9 11 5 4 4 4 5 7 11 11 5 5 4 4 4 4 11 5 0 9 8 7 7 11 10 8 8 10 10 7 2 8 10 6 7 7 7 8 7 11 11 2 3 4 5 4 11 4 5 11 4 4 0 9 5 5 11 5 4 11 11 5 4 4 5 4 11 5 11 11 5 2 3 10 10 7 7 8 2 10 7 10 8 6 7 7 7 7 8 7 7 10 8 11 5 4 10 10 8 8 4 11 5 7 7 10 10 2 7 8 11 5 10 9 8 8 10 8 11 5 4 4 4 4 11 0 9 5 4 5 4 10 10 8 7 8 4 11 5 4 4 4 4 4 4 11 11 5 2 3 10 7 8 10 10 7 7 7 2 6 7 7 8 7 10 10 8 2 9 5 10 10 8 2 9 5 7 7 7 7 11 11 5 1 3 5 4 4 4 4 1 4 9 5 4 11 4 11 2 5 9 8 10 10 8 8 10 10 8 2 9 10 8 8 10 2 11 9 5 4 5 7 11 2 11 11 5 4 5 3 4 4 4 11 11 2 3 4 5 11 11 5 2 10 8 10 10 8 6 7 8 10 10 2 8 7 7 6 7 7 7 0 6 10 8 11 5 10 7 7 8 7 10 10 2 8 9 7 8 11 11 4 4 4 5 4 4 4 5 4 4 4 4 11 5 0 9 11 5 5 10 10 7 8 8 7 10 0 6 7 7 7 7 8 10 10 8 2 6 11 5 11 11 4 5 5 1 10 9 5 4 5 4 11 4 4 5 10 11 5 5 4 4 4 4 4 4 10 10 2 8 10 7 7 7 8 3 4 10 10 8 7 7 7 8 10 11 5 4 5 10 7 7 7 10 8 7 8 11 11 5 2 6 4 11 5 7 10 10 8 0 6 7 8 7 7 7 0 6 11 11 5 5 4 4 11 11 5 8 4 4 4 4 4 4 4 11 5 10 8 4 11 4 11 5 2 4 3 11 4 5 10 10 8 8 10 10 8 7 7 7 7 7 8 0 9 8 7 11 11 5 5 10 7 7 7 10 8 7 8 0 9 11 5 5 4 4 4 10 8 11 11 5 4 4 4 5 11 4 4 4 5 4 10 10 8 2 10 7 10 8 7 6 7 8 10 8 1 4 4 9 5 4 11 4 4 5 10 10 7 8 2 9 8 4 1 9 5 11 11 2 5 3 10 7 8 10 10 8 2 10 10 7 7 7 6 8 8 4 11 5 7 10 10 7 7 7 2 6 7 8 10 7 7 8 11 11 4 2 5 3 11 4 5 4 10 10 2 6 8 7 7 11 11 5 2 11 9 5 4 4 5 7 11 2 3 4 10 8 11 11 5 5 4 4 11 5 4 11 4 4 4 5 4 4 10 10 2 8 6 7 7 7 7 10 7 8 10 10 8 7 7 7 0 6 7 11 5 5 10 7 8 7 11 0 9 5 5 4 11 11 5 4 4 5 11 5 4 4 11 5 7 7 11 4 5 7 11 11 5 2 9 5 11 5 4 4 10 10 2 8 7 7 7 9 8 11 11 5 2 3 4 4 4 11 4 11 2 5 10 8 10 10 7 8 8 3 10 10 8 7 8 10 10 7 8 8 11 10 2 8 10 10 6 7 8 0 6 8 10 10 8 7 7 8 7 10 2 11 11 4 5 5 11 9 5 8 10 8 4 4 1 9 5 4 4 4 4 10 11 2 3 5 10 8 4 0 11 9 5 5 4 4 4 4 4 4 11 5 4 10 10 2 6 7 7 8 10 10 7 0 6 8 7 8 10 10 7 7 7 7 8 8 11 5 10 2 10 10 8 7 8 9 5 4 4 4 1 9 5 4 4 4 4 4 11 11 5 2 11 5 9 10 8 7 8 10 10 7 2 8 7 10 10 7 6 8 0 6 7 7 8 11 5 7 7 11 11 2 5 9 4 4 5 11 11 5 2 10 8 3 4 4 4 11 11 5 2 10 7 8 6 7 10 10 7 8 7 7 8 10 2 6 11 11 4 5 5 4 4 4 4 4 4 4 1 3 4 4 4 4 11 4 5 11 2 3 10 10 8 0 6 7 8 4 10 10 2 8 9 8 10 10 7 8 8 7 10 8 10 7 11 5 2 4 4 4 4 4 4 4 9 5 4 11 11 2 5 4 3 7 7 10 10 7 7 7 7 7 2 6 8 10 10 2 8 7 6 10 8 7 7 10 10 8 2 6 11 4 4 11 5 4 4 4 5 4 4 4 4 4 4 4 11 5 4 4 10 10 7 8 8 10 10 7 7 8 2 6 7 10 8 4 10 10 8 8 7 10 10 7 8 2 9 8 10 10 2 8 7 7 7 6 11 11 5 4 4 4 4 5 4 4 11 4 5 7 11 11 2 3 4 5 11 4 4 4 4 11 2 5 9 8 10 7 10 7 8 2 6 10 10 7 8 7 7 8 10 10 2 6 8 7 7 7 7 11 11 2 5 11 11 5 4 4 4 4 3 4 5
ppo_x50_b_fd_l4_linear,96,qv22_96,22,231,True,1266.0,5.652353763580322,8 8 10 10 8 8 9 11 4 5 2 10 10 7 7 8 8 11 5 10 10 7 8 8 10 9 8 8 11 2 6 10 10 8 8 4 4 11 5 10 10 8 2 10 10 7 7 8 8 10 9 8 8 10 2 9 10 8 8 11 4 5 4 11 4 4 5 11 11 2 5 3 11 11 5 4 4 4 11 2 3 5 4 10 10 2 8 7 6 7 7 7 7 7 7 7 7 0 6 10 8 4 10 8 11 11 2 5 9 11 5 5 10 8 4 4 11 4 11 2 5 10 8 10 10 7 7 6 7 7 7 7 7 8 8 4 10 8 10 10 8 8 11 5 7 11 11 5 2 4 3 4 4 4 11 5 10 11 5 5 4 4 4 4 4 4 11 11 2 5 9 5 11 11 5 2 9 4 5 10 10 7 7 8 7 7 0 6 7 7 7 7 7 7 7 7 8 10 10 8 8 4 11 11 2 3 1 3 5 7 11 5 4 4 4 4 10 11 5 5 4 11 11 2 5 7 6 10 7 8 4 11 4 4 4 5 4 11 11 4 5 2 6 10 8 10 10 7 8 7 7 7 7 8 7 7 7 7 7 10 7 8 1 11 9 5 5 11 5 4 4 4 11 5 4 4 10 10 8 2 10 7 10 8 8 6 10 10 8 7 8 10 10 8 7 8 10 10 8 2 3 11 4 5 10 10 8 8 11 5 11 11 5 4 5 7 11 11 2 3 5 4 4 4 1 4 4 4 4 9 5 4 1 3 4 4 11 5 10 10 8 2 9 8 4 11 11 5 2 3 10 7 7 10 7 7 8 8 10 10 2 6 7 8 11 2 3 4 4 4 11 5 10 10 7 7 2 8 10 7 10 6 7 8 8 7 10 7 8 10 11 5 5 7 7 7 10 10 2 8 6 4 11 5 11 11 5 5 4 4 4 11 4 5 10 10 2 8 7 9 7 8 10 8 11 11 5 5 10 8 10 7 7 8 7 7 11 11 5 5 4 11 5 7 11 11 5 4 4 4 5 11 4 11 2 5 9 5 4 4 1 4 4 11 5 10 10 8 8 3 4 4 11 5 4 10 10 8 7 7 7 8 11 5 10 10 7 8 8 10 0 6 7 7 7 7 8 0 9 8 11 11 5 5 11 4 5 10 7 11 5 5 11 11 5 4 4 5 0 9 10 8 7 7 7 7 8 1 9 10 8 8 7 7 10 10 2 8 6 10 7 8 11 4 11 4 4 4 5 4 1 3 5 4 4 4 4 4 4 4 4 4 4 11 5 10 10 8 8 10 10 2 6 8 7 10 8 10 10 2 8 6 10 7 8 4 10 10 8 7 8 4 11 4 4 5 10 10 2 6 7 8 10 10 8 7 7 7 8 11 11 5 2 3 11 4 5 7 11 11 5 4 4 4 4 4 4 5 7 10 7 11 5 5 11 11 5 4 4 2 4 3 10 10 8 7 7 7 7 7 8 7 7 11 10 8 8 10 8 7 7 10 10 2 8 10 10 8 8 4 4 4 4 3 4 4 11 5 4 4 4 11 11 5 2 9 8 7 0 9 10 8 8 7 7 11 5 1 11 3 4 5 11 11 5 8 4 4 4 11 5 10 8 4 4 4 10 10 8 2 7 10 6 7 7 8 10 7 2 11 9 5 5 4 4 10 2 6 10 10 8 7 7 7 7 8 7 7 7 7 7 7 10 8 11 2 9 10 8 8 11 5 11 11 5 5 11 11 5 2 9 7 8 7 11 11 5 4 4 4 5 11 4 4 4 5 10 11 5 5 11 4 4 4 4 11 5 2 7 6 7 7 7 7 7 10 10 7 8 7 0 6 8 7 7 10 10 7 2 8 7 6 11 5 4 4 11 5 4 4 11 11 5 2 9 5 7 7 7 7 10 10 8 2 9 7 8 11 10 8 8 11 11 4 4 4 5 2 6 11 11 5 4 5 4 11 5 10 2 9 7 8 11 11 5 11 5 5 4 4 4 1 3 4 4 4 11 5 11 2 10 10 8 7 6 7 8 10 10 8 2 10 7 6 8 7 7 11 5 10 10 8 7 8 10 8 7 7 7 11 11 2 5 10 8 10 9 8 8 11 5 11 11 1 3 5 4 5 1 9 4 4 11 4 5 5 4 11 11 4 5 4 4 5 10 10 8 8 11 2 11 4 4 5 3 7 7 10 7 7 7 7 7 7 8 10 10 2 6 7 7 7 8 10 2 6 11 11 5 5 4 4 4 4 4 11 5 11 11 2 5 9 8 4 11 11 2 3 4 5 10 10 7 7 7 8 7 8 7 7 7 11 10 8 8 7 10 10 7 8 7 7 8 7 11 11 2 5 9 5 4 11 5 10 8 10 11 5 4 5 11 11 2 3 5 4 4 4 11 5 10 11 5 5 4 11 1 4 3 5 10 10 8 8 7 10 10 7 7 8 2 11 5 7 9 10 2 8 7 6 10 8 7 10 10 8 2 7 6 7 10 8 11 11 4 5 5 4 4 4 4 4 4 4 11 5 4 4 1 3 10 11 5 5 4 11 11 2 5 4 3 10 8 7 7 7 7 11 5 10 10 8 8 7 7 7 10 10 2 8 7 9 8 4 4 4 4 11 5 7 10 10 8 2 9 10 8 7 8 7 10 7 7 8 7 7 10 8 11 5 7 11 11 4 2 5 9 8 11 11 5 4 4 4 4 5 4 1 4 4 4 9 5 11 4 5 4 4 4 4 10 10 2 8 7 11 9 8 8 10 10 2 6 8 10 10 2 7 8 9 5 10 10 7 8 8 10 10 7 8 8 7 7 11 11 2 5 11 11 5 5 4 4 3 4 4 4 4 4 4 11 5 10 10 2 8
ppo_x50_b_fd_l4_linear,97,qv22_97,22,230,True,1296.0,5.555573225021362,8 8 10 10 8 8 9 11 4 2 5 10 10 7 7 8 8 9 5 10 10 8 8 10 10 8 8 11 5 10 10 7 8 8 11 4 4 4 5 7 7 10 10 8 8 10 10 8 8 10 2 10 10 8 8 9 10 8 8 10 2 10 9 8 8 4 4 11 5 10 10 8 8 11 4 4 5 4 4 4 4 4 4 4 11 5 4 4 4 4 11 11 5 2 7 9 8 10 10 8 0 6 7 7 8 4 4 10 10 8 7 8 10 10 7 8 8 10 10 7 2 8 10 7 7 8 9 11 5 5 11 2 9 11 5 4 4 5 4 4 4 11 5 0 10 8 6 7 10 7 7 7 8 10 10 8 2 7 10 10 8 8 9 10 8 8 4 4 4 4 4 4 4 10 8 11 11 5 4 5 10 8 4 4 4 11 11 2 5 11 9 5 5 4 4 4 11 5 4 10 10 8 8 7 7 0 6 7 7 11 5 10 10 8 8 7 10 10 7 7 8 8 7 7 10 8 11 11 5 2 10 8 9 11 5 4 4 4 5 4 4 10 8 11 11 5 4 4 5 4 4 4 4 4 11 11 2 5 9 8 10 10 2 8 10 10 7 7 8 6 7 7 8 11 2 3 4 4 11 5 11 10 2 6 8 10 2 10 6 10 8 7 7 7 7 8 7 7 7 7 7 11 5 10 10 8 7 8 11 2 11 11 5 4 4 5 9 4 5 11 11 5 4 5 11 11 5 2 3 11 5 10 10 7 7 7 8 7 7 7 8 7 10 8 7 7 11 11 5 2 9 4 4 5 11 11 5 2 9 8 4 10 8 11 11 5 5 4 4 4 11 5 11 11 4 2 3 5 4 4 11 4 5 11 11 2 5 10 10 8 7 7 6 7 8 7 7 7 10 8 10 7 10 7 2 8 7 6 7 10 10 8 8 1 4 3 4 4 4 10 8 11 11 5 4 5 10 2 9 8 11 11 5 5 4 1 3 4 4 4 4 4 4 11 5 7 10 2 9 10 7 2 6 7 8 7 7 0 9 8 4 10 10 8 8 7 7 7 10 8 4 10 10 8 7 8 10 10 2 6 7 8 10 2 6 11 11 5 5 11 11 2 3 5 11 4 4 4 5 0 7 7 9 10 8 8 7 10 8 10 10 2 6 8 4 11 11 4 4 4 2 5 11 4 4 9 5 4 4 5 4 4 4 4 10 8 11 11 2 3 4 4 4 5 10 2 10 10 7 7 8 8 9 10 8 8 11 4 4 5 10 10 7 8 8 7 7 7 7 7 11 5 10 10 8 8 11 10 8 8 4 10 10 2 6 7 8 7 7 7 10 2 6 11 11 5 2 3 4 11 4 4 5 4 11 11 2 3 5 4 10 11 2 3 5 4 4 4 4 11 5 10 8 4 0 9 10 8 2 6 7 7 7 10 8 11 5 4 4 4 10 10 7 8 5 7 7 7 7 7 7 10 8 11 5 10 10 8 8 10 10 2 6 8 11 2 9 10 8 8 11 5 4 10 10 8 7 8 11 5 11 4 5 11 11 5 4 4 5 11 5 4 4 4 4 4 4 11 5 4 4 11 11 2 5 3 7 10 7 7 7 8 10 11 2 3 5 11 5 11 11 2 5 10 10 7 6 8 7 7 7 10 8 7 8 7 7 10 8 1 4 9 5 0 9 11 5 4 5 11 4 4 4 4 5 11 11 4 2 3 5 7 0 7 7 10 8 10 10 7 7 6 8 8 10 10 7 8 0 6 8 10 11 5 5 10 7 7 7 7 8 11 4 5 10 10 8 2 10 8 6 11 4 5 11 11 4 4 5 2 11 9 5 5 0 9 11 5 4 4 5 4 4 4 11 5 7 10 8 4 11 11 2 3 5 4 4 10 11 5 5 4 10 10 2 8 9 8 7 10 10 2 6 7 7 7 7 8 7 10 8 4 10 10 2 6 8 1 9 10 8 8 10 7 10 8 2 10 8 7 6 11 11 2 3 4 5 11 11 5 5 4 4 4 11 5 11 4 4 4 4 5 4 10 10 8 2 10 10 7 8 7 6 7 7 8 4 10 10 2 8 9 8 4 4 4 4 1 4 4 3 4 11 5 1 3 10 10 8 8 10 10 7 7 0 6 7 8 7 7 7 7 7 11 5 5 10 2 3 11 5 4 4 4 4 4 11 5 7 11 11 2 3 4 4 4 4 4 5 10 2 6 7 7 11 10 8 7 7 7 8 10 10 7 8 7 7 7 7 7 8 4 11 2 3 11 4 4 10 8 7 7 8 11 2 4 4 3 4 4 4 4 4 4 4 11 5 4 4 4 10 10 8 2 10 9 8 7 8 7 1 9 10 8 8 10 10 7 7 8 2 10 10 7 6 8 8 10 10 7 8 7 7 7 8 4 10 2 11 9 8 8 11 1 9 5 4 5 11 5 10 11 5 5 4 4 4 4 4 4 4 4 4 11 4 5 11 11 5 2 9 8 10 10 8 10 8 8 10 8 10 10 8 7 2 6 10 10 7 7 7 7 7 7 8 8 4 11 2 4 4 11 4 3 5 4 4 1 4 9 5 4 10 11 2 3 5 4 4 10 8 11 2 11 11 5 4 5 3 10 8 7 7 10 10 7 8 7 7 8 11 10 8 8 10 10 7 7 7 7 7 8 8 10 11 5 2 4 4 4 9 4 5 11 5 11 11 2 4 3 5 10 8 10 10 7 7 7 7 7 7 8 7 7 8 4 4 11 5 4 10 2 11 9 5 5 10 8 0 10 10 7 8 8 9 10 8 8 11 4 10 8 8 11 11 5 5 4 4 4 4 4 10 8 11 11 5 4 4 4 4 4 4 4 4 5 4 4 4 10 10 8 2 7 7 9 8 10 10 8 2 10 10 8 6 7 7 7 7 7 7 8 10 10 8 2
ppo_x50_b_fd_l4_linear,98,qv22_98,22,231,True,1278.0,5.5229332447052,8 8 10 10 8 8 9 11 5 2 10 10 7 8 8 9 5 10 10 8 8 10 10 8 8 11 5 4 11 5 10 7 10 7 7 8 8 4 11 5 10 10 7 7 8 8 10 10 8 8 10 10 8 8 11 5 7 10 10 8 8 10 10 8 8 11 5 7 11 11 2 5 3 11 4 4 4 11 5 5 11 0 9 5 4 4 5 11 4 4 4 4 4 5 11 4 11 2 5 3 7 10 10 8 5 7 7 7 7 10 8 11 5 10 7 10 7 7 8 8 7 7 10 10 8 2 9 7 8 7 11 11 5 4 5 4 11 11 5 4 5 4 11 4 4 4 11 4 2 5 9 8 7 7 10 7 8 4 11 11 5 5 4 4 4 10 10 2 6 7 8 7 7 10 7 10 8 7 7 8 10 10 2 8 10 3 4 5 7 10 10 8 8 4 4 4 4 4 4 11 5 10 11 5 5 11 4 5 4 10 10 8 7 0 6 7 8 11 5 10 10 7 7 2 6 7 7 8 7 7 7 10 10 8 2 6 4 4 11 4 5 4 4 11 4 5 10 10 2 8 9 8 4 11 4 5 4 0 10 10 8 8 10 10 8 7 7 6 7 8 10 2 11 11 5 3 4 5 11 4 5 11 11 4 4 5 4 4 4 4 4 4 4 5 11 11 5 2 7 6 7 10 8 7 10 8 11 11 5 5 7 7 10 10 7 8 2 9 8 10 10 8 2 9 4 5 7 7 7 10 8 7 11 11 2 5 9 5 4 11 11 5 4 4 4 4 4 11 2 5 4 4 3 10 10 7 8 8 7 7 10 7 7 0 6 7 7 7 7 7 7 7 7 7 7 8 11 11 2 3 5 10 7 8 11 11 4 4 5 1 3 5 4 4 4 4 4 11 11 2 5 9 5 4 10 11 5 5 11 4 5 4 10 10 8 2 7 6 10 8 7 11 10 8 8 7 7 10 8 7 7 7 7 10 10 2 8 7 10 7 8 11 11 5 5 11 3 4 5 11 11 1 3 4 4 5 4 4 4 5 7 7 10 8 11 11 4 2 3 4 4 5 11 5 10 7 0 6 7 8 11 11 5 2 7 6 11 10 8 8 7 10 8 4 10 10 8 7 7 7 7 7 7 7 8 11 11 2 5 10 7 8 11 11 5 5 11 11 3 4 4 4 5 1 3 4 4 4 4 4 4 5 7 7 10 8 7 10 8 7 11 11 5 5 11 7 7 8 11 11 4 4 4 1 3 4 5 4 4 5 11 11 5 2 9 8 4 10 10 8 7 7 8 4 10 10 8 7 8 11 2 3 4 4 11 11 5 2 10 8 10 6 10 7 0 6 8 8 7 10 7 7 8 7 10 8 11 5 11 11 2 5 11 3 5 4 10 11 5 2 11 11 5 4 4 4 3 4 4 5 11 2 10 10 8 7 6 8 10 10 2 6 8 7 7 7 7 10 8 7 10 7 10 8 7 7 8 11 11 2 5 3 4 4 4 4 11 5 11 11 5 2 9 8 10 10 2 8 6 7 7 11 11 2 3 4 4 5 4 4 4 4 4 11 5 7 11 2 9 8 7 7 10 8 4 10 10 8 7 8 1 9 5 10 10 8 8 10 7 8 7 7 7 10 10 8 2 9 5 7 7 11 11 5 1 3 4 5 10 2 3 11 4 11 5 4 4 5 7 11 11 5 4 5 11 11 2 3 4 4 4 5 4 11 2 10 10 7 8 8 9 5 10 10 2 7 6 8 7 7 7 7 10 8 11 5 4 4 10 10 8 7 8 10 8 7 7 7 7 10 8 7 7 7 11 11 2 5 3 4 11 5 7 11 11 5 4 4 4 5 4 1 11 9 5 8 11 5 11 11 2 3 4 4 4 5 4 4 11 11 5 2 10 10 7 8 8 10 7 10 8 7 8 6 7 7 10 8 11 5 10 10 8 7 8 10 8 10 7 7 7 8 10 10 2 6 8 11 4 11 4 5 4 5 4 4 4 11 4 11 5 5 4 4 4 11 5 10 8 10 10 2 8 10 10 8 7 7 8 11 5 9 10 8 8 4 4 11 5 4 4 4 1 3 4 4 11 5 10 8 10 10 2 8 6 10 10 8 8 4 10 10 2 6 7 7 8 10 10 7 8 2 10 10 8 6 8 7 11 11 2 5 9 4 4 5 10 7 11 5 5 4 4 11 4 1 4 4 5 3 10 10 7 8 8 10 7 7 7 8 4 10 10 8 7 7 7 7 7 7 7 8 11 11 5 2 9 4 11 5 5 10 7 8 11 4 11 5 4 5 10 7 8 11 11 4 5 4 4 4 5 11 11 2 5 11 3 4 5 4 4 11 5 11 11 2 5 3 7 10 7 7 7 7 7 7 7 7 8 7 10 10 2 6 8 7 7 10 2 7 10 6 8 11 11 5 2 11 4 3 4 5 7 7 11 11 2 5 4 4 4 4 3 4 4 11 5 4 4 4 11 1 4 3 5 10 10 8 8 11 5 10 10 7 2 6 7 7 7 8 10 2 10 10 8 6 8 10 10 8 7 8 10 7 8 7 10 10 8 7 2 6 11 11 5 4 4 5 4 4 11 5 11 1 9 5 4 4 4 5 0 9 8 10 10 8 7 7 8 7 10 10 8 2 11 5 11 11 4 5 3 5 4 4 11 5 4 4 4 4 10 8 10 10 7 8 2 9 5 10 10 2 8 10 8 6 10 7 7 7 7 7 7 8 7 7 7 11 11 2 5 11 11 4 5 3 5 11 4 4 11 4 5 5 11 11 2 5 4 9 11 5 5 4 11 11 5 1 3 4 5 10 2 3 10 10 8 8 10 7 10 7 8 8 10 10 8 7 7 8 10 10 2 6 7 7 7 8
ppo_x50_b_fd_l4_linear,99,qv22_99,22,232,True,1297.0,5.553371429443359,8 8 10 10 8 8 9 11 2 5 10 10 7 8 8 9 5 10 10 8 8 10 2 10 10 8 8 10 10 8 8 11 5 4 3 4 4 11 5 4 11 11 5 4 2 3 10 10 8 7 7 7 8 10 10 7 7 7 7 8 8 10 2 3 10 10 8 8 10 10 8 8 11 5 11 11 2 5 6 11 11 5 4 4 4 5 4 0 11 9 5 4 4 5 4 11 4 2 3 10 10 8 8 10 10 7 7 0 7 7 8 6 7 7 7 7 7 8 11 5 10 10 7 8 8 10 10 8 8 11 5 10 10 2 8 9 5 11 11 2 3 4 5 7 11 10 8 8 11 11 4 2 3 4 4 5 10 8 7 7 10 8 11 11 4 2 4 3 4 5 4 11 5 10 8 4 11 5 4 4 0 6 10 10 7 7 8 8 4 11 4 10 8 8 10 7 10 8 4 5 10 10 8 10 8 2 4 9 5 11 4 10 2 5 3 4 4 11 5 10 8 4 4 4 4 4 4 4 11 11 5 2 3 7 10 7 10 2 8 7 7 6 7 10 8 11 5 10 10 8 7 8 1 9 10 8 7 7 7 8 7 7 7 7 10 8 11 2 11 11 5 5 9 5 4 10 11 2 5 3 4 4 1 4 3 4 4 11 5 10 8 11 11 2 3 4 4 4 4 4 5 10 2 10 10 7 8 7 6 8 7 7 7 10 8 4 10 10 7 8 5 10 8 10 10 8 2 7 10 7 8 10 7 8 6 11 11 5 5 4 4 11 11 4 2 5 6 11 11 4 5 4 4 4 4 4 5 11 2 4 9 4 4 5 10 7 7 10 8 7 7 7 0 6 7 8 7 10 7 8 7 7 10 10 8 2 9 8 11 4 4 11 4 5 11 5 5 11 11 5 4 4 4 4 5 10 2 11 3 4 4 4 5 4 10 10 2 8 6 10 8 7 10 10 8 8 10 11 5 5 10 10 7 7 8 8 4 10 10 8 7 7 8 10 10 8 2 10 8 6 11 11 5 5 11 11 5 4 5 4 4 4 4 4 4 4 4 11 11 2 5 7 9 8 10 10 7 8 0 6 7 7 8 7 10 8 11 5 10 10 2 6 7 7 7 7 7 8 1 9 5 11 4 11 2 3 5 4 4 11 5 4 4 4 0 9 11 5 5 10 8 4 4 4 4 4 1 3 10 10 8 8 7 10 10 8 8 7 7 7 0 7 7 7 9 7 8 10 7 7 10 8 8 7 0 6 11 11 5 5 4 4 11 5 4 4 4 4 11 11 5 2 6 11 5 11 4 5 0 9 10 8 8 10 10 2 6 7 8 7 7 7 10 11 5 5 11 11 2 5 4 3 11 5 11 11 2 3 4 4 4 4 5 11 11 2 5 9 8 4 11 11 5 2 7 10 8 10 10 8 8 9 10 8 7 8 10 7 8 10 10 2 6 7 7 7 8 7 7 7 7 7 7 11 11 5 2 11 9 5 4 4 4 5 11 4 10 8 8 11 5 4 4 4 4 4 4 4 11 11 2 5 9 8 4 4 4 10 10 8 7 7 8 4 10 8 10 0 6 10 7 8 7 7 8 10 10 8 7 8 11 2 10 9 8 8 11 1 9 5 4 5 11 11 5 2 4 9 5 11 4 4 4 4 5 4 11 4 11 4 2 5 7 3 7 7 10 7 7 7 8 10 2 10 10 7 8 7 6 8 7 7 10 8 11 5 10 10 7 8 8 11 5 10 10 2 8 9 7 7 8 11 11 5 4 5 4 4 4 1 11 9 5 4 5 1 9 5 10 11 5 5 4 4 4 4 4 10 10 2 8 6 10 7 7 7 8 7 10 10 7 7 7 2 6 7 8 11 5 7 7 7 11 11 5 2 11 4 4 4 3 4 4 4 4 4 1 4 3 5 4 11 5 4 4 4 10 10 2 6 7 8 7 7 7 7 7 7 11 5 10 10 8 7 7 7 8 11 2 9 10 8 8 7 10 8 7 10 10 8 2 9 5 7 11 11 4 4 5 5 11 11 5 4 5 0 9 11 5 4 5 4 4 4 11 11 5 5 7 11 11 5 4 4 4 5 10 10 8 2 7 7 9 8 7 7 7 10 10 8 2 3 10 10 2 6 7 8 7 7 7 10 8 7 11 11 5 5 10 11 2 5 9 5 11 11 4 4 4 4 5 2 3 4 10 10 8 7 7 8 11 2 4 4 9 5 11 1 9 5 8 4 4 4 4 4 11 11 2 5 9 8 10 10 0 7 7 8 6 7 7 7 8 7 7 10 10 2 8 7 7 7 7 10 8 9 11 5 5 11 2 11 3 11 5 4 5 4 11 4 4 5 4 4 10 4 4 5 10 10 7 7 8 2 9 7 8 10 1 9 5 5 10 10 8 8 10 7 7 8 7 7 7 10 8 10 10 2 8 6 4 11 4 5 4 10 11 5 5 4 11 11 5 2 3 10 7 7 10 8 7 7 8 10 10 8 2 9 8 11 11 4 4 5 4 5 4 11 4 1 9 5 2 3 4 4 4 11 5 10 8 11 11 5 4 4 5 11 4 5 4 10 10 8 2 9 7 7 7 7 7 7 7 8 10 7 8 4 1 4 4 10 9 5 5 1 3 4 4 4 4 11 5 4 10 10 8 8 10 10 8 2 6 10 10 8 7 8 10 10 8 7 10 8 8 11 4 5 10 10 8 0 6 7 8 10 7 10 2 8 9 8 7 10 10 2 6 8 11 5 11 11 4 5 5 11 11 5 5 11 11 5 5 11 11 2 5 11 3 4 4 4 5 10 10 8 2 6 10 8 10 10 8 7 8 10 8 4 10 10 8 7 8 7 10 10 2 8 7 7 6 11 4 11 4 4 4 2 3 5 4 4 4 10 8 11 11 5 4 4 5 11 11 4 4 2 5
