agent,env,problem_name,ion_count,op_count,solved,duration,compile_time,actions
ppo_x50_b_fd_l4,0,qv26_0,26,320,True,1781.0,9.715981245040894,8 8 10 10 6 8 2 9 5 10 10 8 8 11 2 9 5 10 10 7 8 8 11 5 10 10 7 8 8 10 10 8 8 11 5 10 10 7 8 8 11 5 10 7 10 8 8 10 10 8 8 11 5 10 10 0 6 8 8 10 2 10 9 8 8 4 11 5 10 2 6 7 7 7 7 7 11 11 5 5 11 11 5 5 4 4 4 4 4 4 4 11 4 4 5 4 4 11 5 4 11 4 4 4 5 4 10 10 2 8 7 10 7 8 10 7 10 8 8 6 10 10 8 8 11 5 10 10 7 7 8 5 10 7 7 8 7 7 10 7 7 10 2 6 8 4 11 4 5 11 4 11 2 3 4 5 0 9 5 7 7 11 5 4 4 4 4 11 4 4 5 4 4 11 11 4 2 3 5 4 11 5 10 10 7 8 8 11 5 10 10 7 7 7 8 8 7 7 7 7 10 8 7 7 7 10 2 9 10 7 8 5 10 2 10 10 8 8 9 10 8 2 6 7 11 11 5 5 4 4 4 4 1 9 5 11 4 11 5 5 10 2 6 11 11 5 5 11 11 5 5 10 8 10 11 2 3 5 4 11 5 4 4 4 11 5 7 10 0 6 10 8 7 8 11 10 7 7 7 8 7 8 10 10 8 7 8 4 11 2 3 10 11 5 5 4 4 4 11 11 2 5 3 4 11 5 10 11 2 3 5 4 4 4 4 4 11 2 3 10 10 7 7 7 8 8 7 7 7 7 7 7 10 10 7 2 6 7 7 8 7 7 7 11 10 7 2 8 7 7 6 11 5 4 4 4 4 11 5 4 4 11 4 4 5 10 10 2 8 10 9 7 8 5 10 2 11 9 5 5 4 4 4 4 11 5 4 0 6 7 7 10 8 7 7 7 10 10 7 8 7 8 11 11 5 2 9 5 10 11 5 4 5 10 8 0 6 7 7 7 7 7 7 11 11 5 2 11 11 5 5 4 3 4 11 4 4 5 4 4 4 4 4 1 9 11 5 5 10 8 11 11 2 5 4 3 4 10 10 2 6 7 7 7 7 8 7 10 10 8 8 7 10 10 7 8 2 9 8 11 5 7 10 10 8 8 10 2 6 10 8 10 7 8 11 11 4 2 3 4 5 4 4 4 1 3 4 4 4 11 5 4 4 4 4 4 11 5 4 4 11 4 11 2 5 3 10 8 10 10 2 6 8 10 10 8 7 7 8 7 7 10 8 0 9 5 10 10 8 8 10 8 11 4 5 7 7 0 6 7 7 7 7 7 10 10 8 2 6 11 5 4 11 11 4 1 3 5 4 4 5 11 5 11 11 4 5 4 4 5 11 5 7 0 6 10 10 8 8 10 2 6 7 7 7 7 7 10 8 10 8 7 7 7 7 7 11 11 1 3 4 5 4 4 4 4 4 4 4 4 5 4 10 10 8 8 11 2 4 3 11 5 4 0 10 9 8 8 10 2 7 6 10 10 8 7 8 7 7 7 7 7 10 2 7 11 11 5 5 9 8 11 11 5 5 4 4 4 1 3 4 4 4 4 4 4 4 4 11 5 4 4 4 11 5 4 10 10 7 8 2 9 5 10 8 10 7 10 8 8 7 10 8 11 5 11 4 5 7 10 8 7 7 10 10 8 8 7 7 7 7 10 10 8 2 9 8 10 10 2 8 9 5 11 5 4 4 4 4 4 11 5 4 4 4 11 4 5 4 4 4 0 6 10 10 7 8 5 10 10 8 8 7 11 2 9 10 8 7 8 7 7 10 7 8 10 2 11 11 5 5 9 11 5 5 11 11 5 5 11 4 11 5 5 7 11 5 11 10 8 2 9 10 8 8 10 8 7 7 11 5 10 2 9 10 8 7 7 7 7 7 7 8 7 7 7 7 11 2 11 11 5 3 5 4 4 11 5 4 4 11 4 4 4 5 4 11 5 10 8 11 4 11 4 4 5 4 4 4 5 4 10 2 10 9 8 8 10 2 10 9 8 7 8 7 7 10 8 7 11 10 8 7 8 7 10 10 8 2 6 10 10 7 8 8 10 2 9 11 5 5 10 8 7 7 11 11 5 5 4 4 4 4 11 4 1 3 5 4 4 4 4 11 11 4 2 3 5 11 11 5 5 11 2 11 9 5 5 7 7 7 7 7 7 7 1 11 4 5 11 9 5 5 11 4 11 2 5 9 5 10 8 10 10 7 7 8 8 10 2 6 7 7 10 7 8 7 7 7 7 11 11 2 5 11 3 5 10 11 5 5 4 11 11 5 5 11 2 4 10 11 4 5 4 5 10 8 6 7 0 6 0 6 10 8 7 7 10 10 7 8 7 10 8 8 7 7 7 7 7 7 10 10 8 2 6 11 5 11 11 4 4 4 4 4 5 4 5 11 4 5 4 4 4 11 11 5 5 4 11 5 11 11 2 4 5 9 5 11 11 2 5 3 7 10 7 7 7 7 10 7 8 7 7 8 0 9 5 11 4 5 10 7 7 7 7 10 7 7 8 8 10 2 10 7 8 6 11 11 5 5 1 9 11 5 5 11 5 11 4 11 2 3 5 11 11 5 5 10 11 5 4 5 11 11 5 2 4 11 5 3 4 4 4 10 10 7 2 8 6 7 7 10 8 7 7 7 7 7 10 0 9 8 5 10 7 10 7 8 7 8 11 1 3 5 4 4 11 11 2 3 8 4 4 4 11 5 10 8 11 11 4 2 3 4 4 4 5 4 11 10 7 8 2 9 8 7 7 10 10 2 8 10 7 7 7 10 8 8 6 7 7 0 6 7 7 7 7 0 6 11 11 4 5 5 10 8 11 1 9 5 4 4 4 5 4 4 11 4 5 4 11 1 9 5 4 4 4 4 4 4 5 4 10 10 8 8 10 2 6 10 10 8 8 10 10 8 7 8 7 10 10 7 7 7 7 8 7 8 4 11 4 4 5 10 8 10 10 7 8 7 7 8 4 4 4 10 2 10 10 7 7 6 7 7 7 7 8 2 9 5 11 4 4 5 11 0 9 5 5 11 5 4 11 4 5 4 4 4 4 4 4 11 5 7 10 10 8 2 10 10 7 8 8 11 5 10 7 9 8 7 8 10 10 7 8 7 8 7 10 2 6 7 11 11 5 2 4 9 11 5 5 10 8 11 11 4 5 8 11 5 4 11 4 4 11 5 4 5 11 11 4 4 5 5 1 9 8 11 4 4 4 5 4 4 4 10 10 8 2 10 7 6 8 7 7 7 7 7 7 7 7 7 7 10 7 7 8 11 5 4 10 10 2 8 7 7 10 8 7 6 11 11 5 5 4 4 10 8 11 11 5 4 4 4 5 4 4 4 4 4 4 10 8 11 11 5 4 4 5 4 10 2 10 11 4 5 5 10 9 8 5 10 10 7 8 8 10 7 7 7 10 2 8 6 10 10 8 4 4 5 7 10 8 7 10 10 7 8 5 7 7 7 7 10 8 11 5 10 7 8 7 7 11 0 10 8 8 9 5 11 11 5 5 11 2 9 11 5 5 4 4 4 10 11 5 1 3 5 4 11 4 1 9 5 4 4 4 4 5 4 4 4 4 11 5 4 10 2 10 10 8 8 9 8 10 10 7 8 8 7 10 8 7 7 0 9 8 7 10 8 7 7 1 11 11 5 5 4 4 4 4 4 4 4 4 3 10 10 7 8 8 7 11 10 7 8 8 7 7 10 2 11 9 8 7 8 10 10 7 8 5 10 10 8 7 8 10 8 1 3 4 4 11 4 4 4 5 4 11 11 1 3 5 4 5 11 11 5 5 7 7 10 2 6 10 7 7 7 10 2 6 7 7 8 7 10 7 10 8 7 8 7 10 2 9 11 5 5 11 4 5 10 10 8 8 7 7 11 11 5 5 4 4 11 5 10 8 11 11 5 5 11 11 2 3 4 4 5 11 11 4 4 5 4 5 10 2 6 11 11 2 4 3 5 4 11 11 4 5 1 3 4 5 11 2 10 10 6 8 8 10 10 2 8 7 7 10 10 8 8
ppo_x50_b_fd_l4,1,qv26_1,26,322,True,1788.0,9.897725820541382,8 8 10 9 7 8 5 10 2 3 10 10 8 8 10 2 10 10 8 8 9 10 8 8 11 5 11 5 10 10 7 0 6 8 8 11 5 11 5 10 10 7 7 8 8 10 10 8 8 11 5 10 10 8 7 7 10 8 8 10 10 8 8 11 5 7 10 10 8 8 4 11 2 6 11 5 11 11 5 5 4 11 4 4 10 8 8 11 5 4 4 11 5 7 11 11 2 3 5 7 11 11 5 4 4 4 4 1 3 4 4 4 5 11 2 3 10 10 7 8 7 8 7 7 7 10 8 7 7 7 0 6 7 10 8 11 5 10 8 7 7 7 11 0 9 8 8 7 7 7 10 2 7 6 11 11 5 2 4 4 9 5 4 4 11 5 11 11 5 5 11 5 4 11 11 5 2 9 5 7 10 0 7 9 7 8 5 7 10 7 7 7 8 7 11 11 5 1 5 11 9 5 5 10 11 2 5 11 11 4 5 4 4 3 4 4 5 4 10 11 5 4 5 4 4 11 11 5 2 3 10 8 10 10 0 8 5 10 9 8 8 7 7 7 7 10 7 8 11 11 4 5 5 7 10 8 7 7 7 11 10 8 8 7 7 10 10 8 8 10 8 11 10 8 7 7 7 8 11 11 2 5 10 8 6 11 11 4 5 5 1 4 3 4 11 11 1 4 3 1 4 3 5 4 5 11 4 11 5 5 4 0 6 10 7 8 7 10 8 7 10 10 8 2 9 7 8 11 5 4 11 11 4 5 5 11 4 4 4 4 4 4 5 4 11 11 5 2 3 7 7 7 10 8 0 6 7 0 7 7 7 7 10 7 7 7 8 9 5 10 10 8 8 11 2 11 5 11 11 4 3 5 5 11 11 4 4 4 5 5 10 7 8 11 4 1 9 5 5 4 4 4 11 2 3 11 5 10 7 10 8 8 11 4 5 10 10 7 7 7 8 7 8 1 9 4 5 10 8 10 10 7 8 8 10 10 2 8 7 6 7 7 7 7 10 8 11 5 7 7 7 7 10 11 2 5 7 6 11 11 4 4 5 5 10 8 11 11 5 5 4 10 10 2 8 7 7 9 8 7 10 8 7 11 11 5 4 4 4 4 5 7 11 11 2 3 5 4 4 4 4 4 11 4 4 5 10 10 8 8 11 5 4 4 11 11 5 5 4 10 2 11 9 5 5 10 8 0 9 10 7 8 5 10 8 10 10 7 7 8 8 10 7 7 7 7 0 6 8 10 7 10 8 2 9 8 4 11 4 11 5 5 11 11 2 3 4 4 4 4 5 4 4 4 4 11 4 4 4 11 4 5 8 10 2 3 10 8 10 10 8 7 7 7 8 7 7 7 7 11 5 10 10 8 7 7 8 7 7 10 7 10 2 8 9 5 7 7 7 7 7 0 6 11 11 5 5 4 11 4 11 4 5 8 11 11 5 5 10 8 11 11 5 5 11 11 4 4 5 8 4 4 11 2 9 11 5 7 8 11 5 11 4 4 5 4 4 10 10 8 2 10 8 7 6 10 10 8 8 7 7 11 5 10 10 8 7 7 7 7 7 7 7 8 7 11 2 11 9 5 4 5 11 11 5 4 5 4 11 11 2 3 4 4 4 4 5 11 4 4 5 10 10 8 8 10 2 10 7 9 8 7 8 10 7 8 7 7 0 9 8 7 7 7 7 7 7 7 7 10 11 2 5 11 11 4 3 4 5 8 4 10 2 9 11 5 5 4 4 4 4 11 4 5 7 11 11 5 4 4 4 1 3 4 4 5 4 4 11 11 5 2 3 10 7 10 7 7 8 7 7 8 4 11 5 10 7 10 2 6 7 8 11 2 3 10 8 7 7 7 7 10 7 7 8 7 10 10 2 8 9 5 7 7 7 0 6 7 11 11 5 5 4 11 11 5 5 4 4 4 10 11 5 5 4 4 11 11 5 4 5 7 11 1 9 5 5 1 9 8 7 10 10 8 7 8 11 11 5 2 9 8 7 10 10 7 8 5 10 8 10 7 7 8 11 2 11 11 5 5 11 4 9 5 4 4 4 5 4 4 4 4 4 4 10 8 7 11 2 9 5 0 9 10 8 8 7 7 10 8 7 7 11 10 2 6 8 10 10 8 8 7 10 7 0 10 8 8 6 4 11 11 5 4 4 5 11 5 4 4 11 11 4 5 5 11 11 5 5 10 8 11 4 4 11 2 5 11 9 5 4 4 4 5 1 9 8 10 7 10 7 8 8 10 8 7 7 10 7 7 7 11 5 5 10 8 7 7 7 0 9 7 8 7 7 7 7 7 7 7 0 6 11 11 4 4 5 5 10 2 11 9 5 5 4 11 11 4 5 8 4 4 4 4 4 4 1 3 4 4 4 4 11 5 10 8 11 2 10 9 8 8 7 7 11 2 11 11 5 3 4 5 10 11 5 5 11 11 5 2 9 5 10 10 7 8 7 8 7 7 10 8 7 10 10 2 8 7 7 7 10 10 8 8 7 6 7 7 10 8 11 11 2 5 3 10 7 8 10 10 8 2 9 8 4 11 4 4 11 4 5 5 0 9 11 5 5 4 4 4 4 4 4 11 5 4 4 4 4 11 4 11 2 5 9 8 10 10 8 8 10 2 9 10 8 8 7 7 7 10 8 7 10 8 10 7 7 7 7 7 7 8 7 1 11 3 5 4 4 4 1 3 4 4 11 4 4 5 10 10 2 6 8 10 2 9 7 11 5 5 11 5 0 9 11 5 5 4 4 11 11 5 11 5 4 4 5 11 2 3 10 10 7 7 8 8 10 7 7 10 8 8 7 10 8 10 10 7 8 8 7 10 7 10 2 8 11 5 11 9 4 8 7 7 8 4 4 11 11 5 5 10 8 11 5 4 4 4 4 1 11 5 3 10 10 8 2 9 10 8 8 11 5 1 4 3 4 4 4 4 4 4 11 5 10 10 8 2 11 5 10 10 7 7 7 8 8 9 8 10 10 2 8 3 10 8 10 10 7 8 7 7 7 8 10 2 10 10 6 7 7 8 8 7 10 7 8 7 11 2 6 11 11 5 5 11 4 4 4 1 4 4 4 4 5 3 4 4 10 8 11 11 2 5 10 8 10 10 8 6 8 10 7 7 10 8 8 10 10 7 8 5 10 10 7 8 5 10 8 10 10 2 8 11 5 6 11 11 4 5 5 10 11 5 2 3 4 4 4 4 4 11 4 4 11 4 5 4 5 4 4 4 4 10 8 10 10 8 2 10 8 6 7 7 7 11 5 10 10 8 8 7 7 7 7 7 10 10 8 2 9 10 8 7 8 11 2 10 9 8 8 1 9 5 11 11 5 4 5 4 11 4 4 5 11 11 5 5 4 4 4 4 4 4 11 5 7 11 11 5 4 5 7 10 8 10 10 8 2 10 10 6 8 8 11 10 7 8 2 10 6 7 7 8 10 10 8 7 10 8 8 7 11 2 9 11 5 5 0 10 7 7 7 7 8 6 11 5 11 11 4 4 4 1 3 5 4 5 10 10 8 8 11 5 4 4 1 11 9 5 5 10 8 4 11 11 5 4 4 5 4 4 4 1 9 5 11 2 3 4 4 4 10 10 2 8 10 9 7 8 7 8 7 10 7 8 7 10 10 8 7 7 7 8 10 10 2 8 7 9 10 8 7 8 11 5 11 5 10 10 8 7 7 8 10 10 2 8 6 11 5 11 11 4 5 5 4 4 11 11 2 3 5 10 8 11 11 4 5 4 4 4 5 4 4 4 4 4 4 4 11 5 10 2 9 8 10 10 8 8 7 7 7 10 8 11 5 7 7 10 8 7 10 10 2 6 7 8 10 10 7 8 2 9 5 11 11 4 4 2 3 4 4 4 5 11 11 1 3 5 5 10 8 11 11 4 5 5 10 8 11 11 5 4 4 5 11 11 2 5 4 10 10 8 6 8 10 10 7 7 7 8 8 4 10 10 8 8 7 7 10 7 11 5 5 10 10 8 7 7 7 7 7 7 7 8 4 10 10 2 6 8 10 7 10 2 7 8
ppo_x50_b_fd_l4,2,qv26_10,26,322,True,1792.0,10.129489421844482,8 8 10 9 8 8 10 0 10 8 8 9 5 10 10 8 8 10 10 8 8 11 5 10 10 7 8 8 10 10 8 8 11 5 7 10 10 8 8 10 10 8 8 11 5 7 0 9 0 10 8 8 10 10 8 8 11 5 9 11 5 4 1 4 5 9 11 5 5 11 2 3 4 11 4 4 4 1 9 5 4 4 5 4 10 2 10 6 10 8 7 7 10 8 8 7 7 7 7 11 5 10 10 2 6 8 10 7 7 7 10 8 2 10 7 10 8 8 9 10 8 8 11 5 11 11 4 2 5 4 4 4 3 4 4 1 3 4 11 5 7 11 11 5 4 11 5 5 0 7 10 6 7 7 7 8 11 2 10 6 10 8 8 11 10 2 6 8 11 2 10 6 10 8 8 4 10 2 9 10 2 8 7 7 7 6 11 11 2 5 3 4 4 4 4 4 4 4 1 4 4 3 4 4 4 4 4 4 4 4 11 5 10 8 0 9 7 7 7 10 7 8 5 11 5 10 7 7 10 8 8 1 11 4 5 11 4 11 4 3 4 4 4 4 5 5 0 9 8 11 10 8 7 8 10 7 8 11 5 7 7 7 7 10 8 7 7 7 7 7 11 11 2 5 11 9 4 5 5 4 10 10 8 8 11 4 5 4 4 4 4 4 11 5 4 10 10 8 2 9 8 10 8 10 10 2 8 7 7 7 10 10 7 6 8 8 7 7 7 7 7 7 7 7 11 5 4 11 2 11 11 5 3 4 4 5 7 7 11 5 4 4 4 4 11 5 0 7 7 7 7 7 10 9 8 7 8 7 7 7 7 11 2 10 10 8 8 11 5 11 11 4 5 5 11 3 11 5 4 4 4 4 5 10 2 11 11 5 5 4 3 4 11 11 4 5 8 4 4 4 4 11 4 5 0 7 10 8 10 7 8 6 7 10 8 7 7 7 7 1 9 10 8 8 11 5 10 8 7 7 7 7 11 10 8 8 1 11 5 3 11 11 4 5 5 10 2 9 8 11 11 5 4 4 5 1 3 4 4 4 4 4 10 11 5 5 10 8 11 10 8 2 10 9 8 8 7 7 7 7 10 8 10 7 7 8 1 11 11 4 4 3 5 5 11 11 4 5 4 4 5 11 2 4 11 11 5 5 3 7 7 10 10 8 2 7 7 10 6 8 11 4 5 1 11 11 5 3 5 10 8 7 10 10 8 8 10 2 9 10 8 7 7 7 8 11 5 10 10 8 7 7 0 7 6 7 8 10 2 10 10 8 8 10 6 8 7 7 11 11 5 5 4 4 4 4 4 11 5 4 11 5 4 4 4 11 11 4 5 2 3 4 4 11 5 11 11 5 4 5 0 7 7 7 10 9 5 8 10 10 7 7 8 5 10 8 7 10 7 8 7 7 7 7 10 10 8 2 6 4 10 11 4 5 5 11 11 5 5 11 2 11 3 11 5 5 10 8 11 4 4 11 5 4 5 4 4 4 11 5 10 2 9 8 10 10 2 8 10 10 8 8 6 7 7 7 7 10 7 10 8 2 3 7 7 10 7 7 7 8 7 7 11 2 11 11 5 4 5 3 10 8 7 7 7 7 10 10 8 2 9 5 11 11 5 2 11 11 4 4 4 4 3 5 5 4 11 11 2 5 4 4 4 4 3 4 4 11 4 4 5 4 4 4 10 10 8 8 10 7 2 9 11 5 5 10 8 10 8 10 10 8 8 11 5 7 10 10 8 8 10 10 2 8 10 10 8 6 7 8 4 10 10 8 7 8 7 7 10 2 6 7 7 7 10 7 8 11 11 5 5 11 11 1 5 5 3 4 4 11 11 5 5 4 4 11 4 5 4 4 4 4 11 4 5 4 4 10 10 8 2 9 8 7 10 10 8 2 9 5 7 7 7 0 6 7 7 7 7 7 10 10 2 8 6 11 5 4 11 11 5 5 10 11 2 3 5 11 11 5 5 4 10 8 11 11 5 5 4 11 2 10 9 8 8 10 8 7 7 0 7 10 7 8 11 9 5 5 10 7 7 7 7 0 10 8 8 10 10 8 6 7 8 11 11 5 4 5 4 4 11 11 5 5 10 7 11 5 5 4 11 5 11 5 4 4 4 4 4 4 4 11 11 5 5 11 2 11 9 5 4 4 5 10 2 3 10 10 8 7 7 8 10 7 8 10 10 2 6 8 10 7 10 8 8 11 10 8 8 1 9 10 8 8 11 4 5 11 5 10 10 7 7 8 5 7 7 10 7 8 4 11 5 10 7 10 8 8 11 2 11 5 7 7 7 10 10 8 7 8 6 11 4 4 4 4 4 4 5 11 11 5 4 5 4 0 10 10 8 8 10 8 4 11 4 4 11 5 4 3 5 10 11 5 5 11 4 11 1 3 4 5 5 0 7 7 7 9 8 7 10 7 8 7 7 7 7 7 7 7 7 7 11 11 2 5 9 8 11 11 5 4 4 5 1 3 4 4 4 11 5 10 8 11 2 11 9 5 5 11 4 4 11 5 5 11 11 5 4 4 5 0 7 7 6 7 7 10 7 11 5 5 10 2 10 10 8 8 7 7 7 9 8 10 7 7 7 10 8 8 1 4 11 9 5 4 5 4 4 4 11 11 2 5 3 10 10 7 7 7 8 7 8 11 2 9 10 8 7 7 7 7 8 11 10 2 8 10 10 8 8 7 6 7 11 5 4 4 4 4 4 4 4 10 8 11 11 2 3 5 4 4 4 4 4 4 4 4 4 4 11 4 5 10 2 11 9 5 5 11 2 10 9 8 8 10 8 7 0 7 7 9 7 7 8 10 8 7 7 7 7 7 7 10 7 7 8 7 7 7 7 11 11 2 5 11 9 5 4 4 1 3 5 11 4 11 4 4 4 4 5 8 11 4 5 4 4 11 11 5 5 11 11 4 5 8 7 11 2 10 10 8 6 7 7 7 8 7 11 10 8 0 6 7 7 8 10 7 10 8 8 7 10 2 3 10 8 10 7 10 8 2 6 10 8 11 7 11 5 5 4 4 11 5 4 11 5 4 11 4 11 4 5 4 5 7 11 11 4 4 5 5 0 10 7 8 11 11 5 5 11 5 4 9 11 4 4 4 5 8 4 4 11 2 3 10 10 7 8 8 11 2 9 10 8 8 7 7 7 7 7 7 7 10 10 8 7 8 7 7 10 10 8 7 7 8 1 11 3 5 11 4 5 11 11 4 5 4 5 10 7 8 4 4 4 4 4 4 4 11 2 4 11 4 4 4 5 10 9 8 8 10 8 4 4 11 4 5 7 10 10 7 7 8 8 11 5 10 10 7 8 8 0 10 9 8 7 7 8 7 7 10 8 11 2 9 10 8 7 8 7 7 7 7 7 7 10 8 11 2 9 5 11 11 1 4 5 5 10 8 3 4 4 4 4 4 10 8 11 11 2 3 5 11 2 9 11 5 5 11 5 11 4 5 10 10 8 7 8 11 5 4 1 3 4 4 10 8 11 11 5 4 4 5 11 4 11 2 3 5 10 8 4 10 10 8 8 11 5 10 10 7 8 7 7 7 8 7 7 0 6 7 7 10 7 7 7 10 7 8 8 11 5 10 8 7 7 7 7 10 10 8 2 9 4 5 11 11 4 4 4 2 3 4 5 4 11 11 2 4 4 4 3 5 10 7 8 10 8 11 11 5 5 11 11 4 5 2 6 11 1 9 5 4 4 5 4 4 10 2 10 10 7 6 7 8 8 10 2 9 8 10 10 2 6 7 7 7 7 7 7 8 7 7 7 10 8 7 7 11 11 2 5 9 5 11 11 2 5 11 11 4 3 5 5 4 11 4 4 5 4 4 4 11 11 5 5 11 2 3 10 8 7 7 7 7 10 10 8 8 11 5 7 7 10 10 8 2 10 10 6 8 2 9 5 11 11 5 4 4 11 5 4 5 11 4 4 4 11 4 5 5 11 11 5 5 4 11 5 4 10 10 8 8 11 2 10 10 6 8 7 7 8 10 10 2 8 10 6 10 7 8 8 4 10 10 8 8 10 10 2 8
ppo_x50_b_fd_l4,3,qv26_11,26,327,True,1853.0,10.068546056747437,8 8 9 10 8 8 10 10 8 8 11 5 10 10 7 8 8 0 9 10 8 8 11 5 10 10 7 8 8 11 5 7 10 10 8 8 10 10 8 8 11 5 10 10 7 8 0 8 10 9 8 8 11 2 10 10 7 8 8 9 5 11 4 5 10 0 9 8 8 7 7 7 7 11 2 11 11 5 5 9 11 5 5 11 4 4 5 4 11 5 10 10 8 8 11 5 4 11 11 5 4 4 5 4 11 11 5 1 3 4 5 11 4 11 4 4 5 5 0 7 9 7 8 1 9 10 8 7 7 8 7 7 7 10 7 7 7 8 10 10 2 8 10 9 7 8 5 10 8 7 7 7 10 8 10 10 8 2 6 4 11 11 4 4 1 3 5 5 4 4 4 4 4 4 10 10 2 8 9 5 11 5 4 4 4 4 1 4 10 9 5 5 4 11 5 4 11 11 5 5 7 7 10 2 10 7 7 9 8 8 11 4 5 10 0 9 7 7 8 5 11 5 7 10 7 7 10 7 2 6 8 10 7 8 11 11 5 2 11 3 5 4 11 4 5 7 0 10 9 8 8 10 10 8 7 7 7 7 7 8 1 3 4 4 11 5 4 4 4 4 4 4 11 5 11 11 5 4 2 3 11 5 11 11 2 5 9 5 10 8 7 7 7 7 7 7 7 10 0 9 8 5 7 7 10 8 7 10 7 7 7 10 8 7 8 1 9 11 5 4 1 5 9 11 5 5 11 2 3 1 3 4 4 11 11 5 4 4 4 5 11 4 4 11 5 4 4 5 10 2 3 10 8 7 7 10 10 7 8 2 9 8 7 7 7 7 7 10 10 8 8 7 10 8 7 10 11 2 5 11 9 5 5 10 7 7 8 7 7 7 7 7 7 11 2 11 11 5 3 4 5 4 4 10 11 5 5 4 11 11 5 4 4 1 3 4 5 4 4 4 4 4 4 11 2 4 3 4 10 10 8 8 10 8 10 10 8 7 7 8 4 11 5 10 10 7 8 8 10 2 3 10 10 8 7 8 7 7 7 11 10 8 7 7 7 7 8 10 7 11 2 5 3 11 4 5 4 11 4 11 4 4 5 4 4 5 4 4 11 5 10 10 2 8 11 4 3 4 5 11 11 5 2 3 7 7 10 7 7 10 7 7 8 8 10 8 4 4 11 5 10 10 7 8 0 6 7 8 10 2 7 6 11 11 5 5 4 4 4 0 10 8 9 10 8 8 7 10 10 8 7 7 7 7 7 8 10 2 6 7 11 11 5 4 5 11 11 4 5 8 11 5 4 4 11 4 11 5 2 4 3 4 4 11 4 4 4 4 4 5 4 4 4 10 10 8 2 7 7 7 7 6 7 7 10 7 7 7 7 10 2 8 9 5 0 6 7 7 7 7 7 10 10 8 2 9 8 4 11 11 4 4 5 5 10 8 11 4 1 9 4 5 8 11 5 7 7 7 11 11 4 5 4 5 11 11 4 4 5 5 11 2 9 11 5 5 4 4 4 11 4 5 10 2 6 10 10 7 7 7 8 7 7 7 8 11 2 4 3 4 11 5 7 11 2 3 11 11 5 2 9 5 7 7 10 10 8 7 7 7 7 8 7 7 11 10 2 6 8 10 2 10 10 8 7 8 6 10 8 11 11 5 2 10 8 10 7 10 8 8 6 4 4 4 4 4 4 4 4 10 8 10 8 11 11 4 5 5 11 11 5 5 4 11 5 10 8 11 2 9 11 5 5 7 7 10 8 4 11 2 3 4 4 4 4 11 4 4 4 5 11 11 2 4 5 9 8 7 10 7 7 8 10 10 8 8 11 5 10 10 7 0 8 6 7 8 7 10 8 7 7 7 7 7 7 7 10 11 5 5 10 2 11 3 5 4 4 11 11 5 4 1 3 5 11 11 5 5 4 0 6 7 7 10 10 2 8 9 5 10 10 2 8 7 7 10 7 8 7 6 7 7 7 11 11 5 2 11 4 9 5 5 11 4 5 11 11 4 5 4 4 5 10 7 8 11 11 5 2 4 4 3 11 5 4 4 4 4 4 11 4 11 2 3 5 10 8 10 10 7 8 8 10 7 7 7 8 7 10 10 8 8 10 10 7 2 6 8 7 10 10 2 8 10 10 8 8 6 4 11 5 4 11 5 10 8 11 11 4 5 4 4 4 5 11 11 4 5 4 5 4 11 0 9 5 5 10 7 7 7 7 7 7 8 11 5 4 10 10 8 7 7 7 7 7 7 7 7 8 7 7 10 10 2 8 6 11 11 4 4 4 5 4 4 4 4 4 4 5 4 4 4 4 4 11 5 10 8 4 4 4 4 10 10 8 2 7 9 7 7 8 7 7 7 11 10 2 6 7 8 10 10 2 8 3 10 8 7 10 10 8 8 10 2 6 11 4 4 4 4 11 4 4 5 8 11 4 4 4 11 4 5 8 11 5 11 11 2 3 5 11 4 4 11 4 5 2 9 8 10 8 10 10 8 8 7 7 7 7 7 7 7 11 5 0 3 0 9 10 7 8 4 4 5 7 7 10 7 8 4 10 8 7 7 7 7 7 7 0 6 7 10 8 11 4 10 2 8 10 8 6 11 11 4 4 1 5 4 5 3 4 4 4 11 4 4 5 4 4 1 9 11 4 5 4 5 4 4 10 11 5 2 4 3 4 10 10 8 7 7 7 7 7 8 7 7 10 7 7 8 7 11 11 5 5 10 7 8 7 7 10 8 7 11 4 5 1 3 11 11 5 4 4 4 4 11 5 4 5 10 7 8 10 8 11 4 4 4 5 4 4 4 11 5 10 10 8 2 9 8 10 10 7 8 8 10 8 10 10 8 2 9 5 7 7 7 11 10 7 8 2 9 5 7 7 7 7 1 11 11 5 5 4 6 4 4 11 4 4 4 5 11 11 5 5 0 7 9 7 8 11 5 10 10 7 7 8 5 10 2 7 11 9 5 5 10 8 7 7 10 8 7 7 7 10 10 7 8 5 7 10 8 10 7 8 11 11 5 2 11 3 4 11 5 4 4 5 11 5 4 4 11 11 5 4 4 5 7 11 11 2 3 4 4 5 7 0 10 8 7 6 10 10 8 7 7 7 7 8 10 8 7 7 7 10 8 1 11 5 3 11 11 5 4 4 5 4 11 4 4 5 11 4 11 4 4 5 5 11 4 4 1 4 4 5 4 10 9 8 7 8 11 5 10 10 0 6 8 8 7 7 10 8 4 11 11 5 4 5 10 10 8 2 7 7 6 7 11 5 10 8 7 7 7 7 7 0 7 7 7 7 7 7 9 8 10 10 8 8 10 10 8 2 9 5 11 11 4 4 4 4 1 3 4 5 5 7 11 11 5 5 4 4 1 3 4 4 4 4 4 11 5 7 11 11 5 4 5 10 11 4 2 5 11 11 5 5 9 8 7 7 7 7 7 0 9 8 4 10 10 8 7 8 0 9 8 7 7 7 10 10 8 8 0 9 8 11 5 10 10 7 2 6 8 7 7 7 10 10 2 8 9 5 11 11 2 5 11 11 5 3 4 5 11 5 4 4 1 9 5 4 4 4 4 4 10 11 4 5 2 9 8 4 4 4 4 4 4 10 10 0 8 6 7 8 7 7 7 7 10 7 8 7 7 10 7 2 9 11 5 5 10 8 10 10 7 7 2 8 7 7 11 9 5 4 4 5 4 10 2 11 11 5 5 3 11 4 11 5 5 11 4 4 4 5 11 11 5 5 4 10 2 10 8 7 9 10 8 8 11 5 10 7 10 7 8 5 10 7 7 8 7 0 7 7 6 7 7 10 0 6 8 10 7 10 8 8 10 2 6 11 11 4 4 5 4 4 4 5 4 4 4 4 4 4 4 10 8 11 11 5 5 10 2 10 6 8 10 7 7 10 8 8 10 10 7 8 8 11 2 3 10 10 7 8 8 4 10 10 7 8 5 7 10 8 7 11 11 2 5 11 11 5 5 4 3 11 4 5 4 4 11 4 4 5 7 11 11 4 4 4 2 3 4 5 4 4 4 11 11 5 2 9 5 4 10 10 8 7 7 10 7 8 7 7 8 10 8 7 11 11 5 5 4 4 4 4 10 10 7 8 5 7 7 7 7 7 7 7 7 7 7 7 10 8 11 5 10 10 8 8 11 11 4 2 4 5 11 4 11 4 5 5
ppo_x50_b_fd_l4,4,qv26_12,26,328,True,1809.0,10.081439018249512,8 8 9 10 8 8 10 10 8 8 11 5 10 7 10 8 8 10 10 8 8 11 5 4 11 5 7 10 10 7 7 8 8 10 10 8 8 11 5 10 10 7 8 8 11 5 10 7 10 8 8 10 10 7 7 8 8 10 10 8 8 11 5 11 11 2 5 11 11 5 5 9 8 4 11 1 9 5 5 4 4 4 4 4 4 4 4 1 4 11 3 5 10 8 11 4 11 5 2 9 8 11 11 5 5 7 7 0 10 8 7 10 10 8 8 10 10 7 8 6 8 7 7 7 10 8 10 8 1 4 4 11 11 5 5 3 4 11 4 4 5 7 10 8 4 4 4 4 11 11 5 2 9 5 10 7 7 7 7 8 10 7 10 2 8 10 10 8 8 10 10 7 8 7 6 7 8 7 7 7 0 9 8 10 10 8 8 10 2 3 11 4 5 11 11 2 5 9 5 11 11 5 2 10 8 9 11 4 5 4 5 0 10 6 7 7 7 8 10 10 2 8 9 5 10 10 8 8 4 4 11 4 4 4 1 4 5 3 4 4 4 4 11 5 4 4 11 4 5 7 10 7 8 11 11 5 5 0 9 8 10 7 7 7 10 7 8 5 10 8 7 7 7 10 10 8 7 8 7 11 2 11 11 3 5 2 4 11 5 11 9 4 5 5 10 8 11 1 3 5 4 11 5 4 4 10 8 11 11 5 4 4 4 5 4 10 2 11 11 5 4 3 4 5 10 10 2 6 7 7 7 7 7 8 10 7 7 7 7 7 7 7 8 11 10 7 2 6 8 4 11 4 5 7 10 7 0 10 8 6 8 7 10 10 7 5 2 6 7 11 11 5 4 4 4 4 4 5 7 10 8 7 7 10 8 4 11 11 4 4 4 5 2 4 9 4 5 4 4 10 10 8 8 11 2 4 4 4 4 9 11 4 5 5 0 9 8 10 7 7 7 7 7 10 8 8 1 11 5 11 11 4 4 4 3 4 5 5 11 11 5 5 11 1 3 4 4 11 5 2 9 8 10 10 8 8 10 10 8 8 7 7 10 7 10 8 2 9 8 7 10 8 4 11 10 7 8 8 11 5 7 7 10 10 8 8 7 7 10 7 7 7 7 8 7 11 11 5 5 11 4 4 1 4 5 3 4 4 4 4 4 11 4 4 4 11 5 5 10 8 4 4 4 4 11 11 2 5 3 10 7 7 8 7 7 7 7 7 7 7 7 10 8 4 10 10 8 7 7 8 11 10 8 7 8 11 11 2 5 11 11 5 4 4 4 3 4 5 11 4 1 4 4 3 5 10 10 8 8 10 8 10 8 4 10 10 7 8 7 8 11 10 2 6 7 7 8 7 7 10 7 7 10 8 8 11 5 11 10 2 6 8 7 7 11 2 11 11 5 4 3 4 4 4 5 4 1 9 5 4 4 11 5 10 8 4 4 4 4 4 4 4 4 4 1 4 4 3 10 10 2 8 6 7 7 10 8 10 7 0 9 8 5 10 7 8 7 7 7 7 10 8 7 10 10 7 7 8 8 11 5 11 10 2 7 8 6 11 5 11 11 1 3 5 8 11 5 4 4 4 4 4 4 4 11 1 9 5 4 4 4 5 11 2 6 10 7 7 7 7 7 8 0 9 10 8 7 8 11 5 11 5 7 10 10 8 7 7 10 8 7 8 7 7 1 11 11 5 4 3 5 10 8 11 11 4 5 5 10 8 4 11 5 11 11 4 4 5 2 11 4 4 5 11 9 5 5 10 7 8 11 5 0 10 9 8 8 0 6 7 7 7 7 7 7 7 10 7 8 10 7 10 8 8 10 10 2 7 8 9 5 11 5 11 11 5 5 4 4 11 5 10 8 4 4 11 11 4 5 2 11 9 5 4 4 4 4 4 5 11 11 5 4 4 4 4 5 11 10 8 2 9 10 7 8 5 10 8 10 7 7 0 7 6 8 7 7 7 10 0 6 7 7 7 7 7 8 4 10 10 7 8 2 9 5 10 7 8 7 11 11 5 4 4 4 4 5 11 2 3 4 11 11 5 5 11 5 11 11 4 4 4 5 5 11 11 5 4 5 4 11 5 4 4 10 2 10 10 8 6 8 11 2 9 10 7 8 8 11 5 10 7 8 7 7 7 7 0 6 7 7 7 7 0 9 7 8 11 5 10 10 8 8 7 10 10 2 6 8 11 5 11 4 5 4 4 4 4 1 4 4 3 4 11 11 4 4 5 4 5 7 7 10 8 11 11 5 5 11 4 11 5 5 7 11 5 4 11 5 4 10 10 2 8 10 8 9 10 7 8 8 11 5 10 0 7 9 8 7 7 7 8 10 7 7 7 7 7 7 7 8 7 7 7 10 8 0 6 11 4 4 4 5 11 11 4 4 5 5 11 11 4 4 5 5 7 11 5 4 4 11 5 4 4 10 0 9 8 5 7 7 10 8 10 10 7 8 8 11 5 10 10 8 7 8 10 10 2 8 9 4 5 4 11 11 5 4 4 4 5 11 4 4 5 4 4 4 11 4 11 2 3 5 10 8 10 10 8 8 10 8 7 10 10 7 8 8 11 5 10 10 8 7 7 7 8 7 7 0 10 7 6 7 7 8 7 7 7 7 11 11 2 5 11 11 3 5 5 4 10 2 11 11 3 4 5 8 4 10 2 9 8 11 11 5 5 4 4 4 11 5 4 4 4 4 0 10 10 6 8 7 7 7 8 7 10 7 8 10 7 7 10 8 8 10 10 2 8 6 11 5 11 11 5 4 5 4 4 4 4 4 0 9 11 4 5 4 5 4 4 11 4 4 11 5 5 11 4 4 5 10 8 10 7 10 2 8 9 8 11 4 4 5 4 10 10 7 2 8 6 10 10 7 7 8 5 10 10 7 0 7 6 8 8 10 2 7 7 7 6 10 7 7 7 8 7 7 7 7 11 11 4 2 3 5 4 11 5 4 4 4 4 4 4 11 5 4 4 11 4 11 5 2 11 3 5 0 6 7 7 7 7 7 10 10 8 2 7 10 9 8 8 11 4 11 5 4 4 5 10 8 7 7 11 5 10 2 9 10 8 7 7 7 7 7 7 7 7 7 8 11 2 11 11 4 5 4 3 5 10 8 10 8 11 11 4 1 4 5 5 9 11 5 7 8 11 5 11 11 5 4 5 11 4 11 5 5 11 2 11 11 4 5 8 11 11 4 3 5 8 11 11 4 5 2 9 8 11 5 10 10 8 8 10 10 7 8 2 11 5 3 7 10 10 2 6 7 8 10 10 2 6 8 7 7 7 7 7 7 10 8 11 2 9 5 10 10 7 8 5 7 7 11 2 11 11 4 3 4 4 4 5 5 4 4 11 4 5 4 4 4 1 9 5 4 11 2 11 11 5 5 3 4 10 10 8 7 7 7 8 10 0 9 8 5 10 7 7 8 10 10 0 6 8 8 7 10 10 2 8 6 11 5 4 4 4 11 4 4 4 5 11 5 4 10 10 8 7 8 7 0 9 5 11 10 8 8 7 10 10 7 8 5 10 7 10 8 7 8 7 10 8 11 11 5 2 10 8 7 10 10 8 6 7 8 11 5 4 4 4 4 11 5 7 11 11 5 4 5 0 6 10 8 7 11 11 5 5 10 8 7 7 7 7 7 7 11 11 2 5 3 4 11 5 4 11 4 11 4 5 5 11 11 4 4 4 5 4 4 5 10 11 5 4 5 4 4 4 4 11 2 3 10 7 10 8 7 7 8 10 7 7 8 4 10 10 8 7 8 7 10 10 8 2 9 8 7 7 11 5 4 4 4 4 4 4 11 4 4 4 11 2 5 3 10 7 10 7 8 5 7 7 7 0 7 10 8 10 10 7 8 8 11 5 3 11 5 10 10 7 8 8 7 7 10 7 7 7 8 7 10 2 6 11 11 5 5 11 11 5 5 10 2 11 11 4 5 5 9 8 11 11 5 1 3 4 4 4 5 11 11 5 5 11 2 6 11 5 11 11 5 5 11 11 2 5 11 11 5 3 5 11 11 5 2 9 5 10 7 7 7 7 7 7 10 7 7 8 8 10 10 2 8 7 7 10 10 8 8
ppo_x50_b_fd_l4,5,qv26_13,26,327,True,1810.0,10.436802625656128,8 8 10 9 8 8 10 10 8 8 11 5 10 10 8 2 10 10 8 8 9 10 8 8 11 5 10 10 7 8 8 11 5 10 10 0 7 8 8 9 5 10 10 8 8 11 10 2 8 10 9 8 8 11 4 5 11 4 5 0 9 10 8 8 10 2 10 10 7 7 8 8 9 5 10 10 8 8 10 10 8 8 11 5 4 10 10 7 8 2 4 11 4 5 3 4 4 4 4 4 4 4 4 4 11 11 2 3 4 4 5 4 4 11 11 2 5 9 8 4 4 10 10 8 8 10 7 10 7 8 8 7 7 11 11 5 2 4 4 3 10 10 8 8 7 10 2 10 9 8 7 7 7 7 7 8 10 2 7 6 7 7 7 7 7 10 10 8 8 4 4 1 9 5 11 4 11 5 5 4 4 4 11 5 4 11 11 5 2 6 0 6 11 4 5 11 11 5 4 5 10 8 4 4 11 5 4 4 11 11 2 3 5 10 8 7 10 10 8 7 7 7 7 8 7 10 8 10 10 7 7 8 2 10 6 8 10 8 7 10 10 8 8 1 4 11 9 5 8 11 11 5 4 4 4 5 10 8 11 11 5 4 4 4 5 11 4 11 5 2 10 8 9 10 7 8 5 11 2 3 4 4 4 11 4 5 4 4 4 10 10 2 6 8 10 10 2 8 7 7 6 7 10 10 8 7 8 11 10 7 7 7 2 6 7 7 7 8 10 10 8 7 8 10 7 7 8 11 11 2 4 5 9 8 11 11 4 5 4 5 11 4 11 5 5 11 4 4 4 11 2 3 5 4 10 10 2 8 9 5 7 11 11 5 4 4 5 11 5 0 6 0 6 7 7 7 10 10 8 7 8 4 10 10 2 8 11 5 3 11 4 4 4 5 4 4 4 4 4 4 10 10 8 7 2 7 7 6 7 7 7 7 7 7 10 7 7 7 8 7 7 7 10 10 2 8 6 11 5 7 7 11 11 5 4 5 11 11 4 5 4 5 11 5 4 4 4 11 4 4 4 4 1 9 5 4 4 5 11 2 3 4 1 3 7 10 10 8 8 11 5 10 10 7 7 8 8 11 2 3 11 5 7 10 10 8 8 10 10 7 8 8 7 10 10 7 7 8 7 8 11 2 9 11 5 4 5 10 2 11 11 5 3 4 5 4 10 2 10 10 6 7 7 7 8 7 7 7 8 7 7 11 11 2 5 11 4 9 5 5 11 2 4 3 4 4 4 11 4 4 5 4 4 4 4 4 4 10 1 9 5 5 11 2 11 9 5 5 7 0 9 7 8 10 7 7 7 8 11 11 2 5 9 5 7 10 10 7 7 8 8 7 7 7 7 7 7 10 10 8 7 8 7 10 2 11 3 5 4 4 4 4 4 10 11 5 5 11 2 4 9 11 5 5 7 0 9 10 8 8 11 5 10 7 7 7 7 10 8 8 7 7 0 9 10 8 8 10 2 6 11 11 5 5 11 4 5 11 11 5 4 5 10 2 11 9 5 5 4 4 4 4 4 4 10 8 11 5 4 4 4 4 10 11 5 5 1 4 3 4 11 5 10 10 8 8 10 10 7 8 5 10 8 11 10 2 6 8 7 7 7 7 7 7 7 7 7 10 8 11 5 7 10 0 6 8 7 10 7 7 10 2 8 6 11 5 11 11 4 5 8 4 4 11 4 1 9 5 8 11 11 5 4 5 7 11 2 11 11 3 4 5 4 5 4 1 3 4 1 3 4 4 11 1 4 5 9 10 8 8 11 5 10 10 7 8 8 11 5 10 10 7 8 8 10 10 8 7 7 8 11 11 5 5 10 7 7 8 1 11 3 1 5 9 11 2 3 4 4 4 5 4 4 4 4 10 10 2 8 6 7 7 10 8 7 7 7 10 8 4 10 10 7 7 8 8 10 10 7 8 5 7 7 7 7 10 8 11 5 10 7 7 8 10 10 8 2 6 11 5 11 11 4 4 1 3 4 5 5 10 7 8 4 4 4 11 4 5 7 1 9 11 5 4 4 5 11 4 5 11 2 11 3 11 5 4 5 10 2 4 9 10 8 8 7 7 7 7 7 0 9 10 8 7 7 8 11 4 5 7 7 7 7 7 0 6 4 11 11 5 5 11 11 5 5 4 4 4 1 9 11 5 5 11 4 11 4 5 5 4 4 4 11 7 11 5 5 10 8 10 10 8 2 10 10 8 6 7 7 7 7 7 8 11 10 8 8 10 10 2 6 7 8 10 10 2 8 7 9 8 10 10 8 8 10 8 7 7 10 10 2 8 11 4 5 11 3 11 5 4 5 11 4 11 5 5 10 11 2 5 3 4 4 4 11 11 4 5 5 7 11 11 5 4 5 10 7 0 8 6 7 7 7 0 6 7 7 7 10 10 8 2 9 5 10 7 7 10 8 2 6 11 5 11 11 2 3 4 4 5 11 11 4 1 3 5 8 11 4 5 4 11 11 4 5 5 10 2 9 8 4 4 11 11 5 5 7 7 10 2 9 10 8 8 10 7 7 8 11 11 4 5 5 7 10 8 7 7 10 10 7 2 6 8 4 11 5 7 11 11 5 5 4 4 11 11 2 3 4 5 4 4 4 4 11 5 10 7 2 9 11 5 5 4 11 2 3 10 10 2 7 6 7 8 10 2 6 10 8 10 10 8 8 4 4 11 2 4 3 10 10 8 8 11 5 10 10 7 7 8 7 7 7 0 7 7 8 6 7 7 7 10 8 11 5 7 7 7 7 7 11 11 5 2 3 4 4 4 4 11 11 5 5 4 11 11 5 2 9 5 11 5 11 10 8 7 8 10 10 7 2 6 8 10 7 7 7 7 8 11 5 11 1 9 8 5 11 11 4 5 8 11 5 4 4 4 4 1 3 4 4 10 11 2 3 5 11 11 5 2 11 5 4 4 11 3 4 10 8 7 7 8 7 7 7 7 7 10 8 7 10 10 8 7 7 7 8 10 2 11 9 5 5 4 10 10 8 2 10 6 7 8 10 10 2 8 6 7 11 4 4 4 4 4 4 1 11 5 3 4 4 11 5 4 5 4 1 3 11 11 5 5 7 11 11 2 3 4 4 4 5 11 2 3 10 10 8 7 7 0 6 8 7 7 1 9 11 5 5 10 8 10 10 8 7 8 10 10 8 8 10 10 7 8 7 8 11 4 5 7 10 7 7 7 8 10 10 2 8 7 6 7 7 11 11 5 5 4 11 5 11 11 4 4 5 5 10 8 11 11 5 5 4 4 4 11 1 9 5 4 5 4 4 11 5 4 11 5 11 2 3 7 7 10 10 8 8 7 7 7 7 7 7 7 11 2 10 9 8 8 10 2 6 7 7 7 7 7 10 7 7 8 11 11 4 5 2 9 5 7 11 11 5 4 5 4 11 11 4 5 4 5 7 11 11 5 5 11 11 5 5 10 8 11 11 5 2 9 8 11 11 5 5 7 7 7 7 7 0 7 9 8 10 10 7 7 7 8 2 9 5 11 11 4 4 4 5 5 11 11 4 5 5 10 8 11 4 4 4 4 4 4 4 4 11 4 5 5 4 0 9 5 10 10 8 8 7 10 8 11 4 4 4 5 10 7 8 10 10 8 7 8 7 11 10 8 8 7 7 7 10 8 7 10 7 7 10 2 8 6 4 4 11 4 4 5 4 11 5 10 8 4 4 4 4 1 4 4 9 11 5 2 4 3 10 10 7 7 8 8 7 7 7 7 7 7 10 7 10 8 8 11 5 10 10 2 6 8 7 7 10 7 10 7 8 5 10 2 7 6 7 11 11 5 5 4 4 11 11 2 5 11 5 6 11 11 5 4 5 4 4 4 11 5 4 4 10 2 9 10 8 8 10 8 10 10 8 8 10 10 2 8 10 10 8 6 7 7 8 10 2 10 10 8 8 4 4 4 3 4 4 4 4 11 5 11 11 4 4 4 4 5 5 10 11 4 4 5 8 11 2 11 5 4 4 4 4 10 10 6 7 7 7 7 8 2 9 8 4 4 10 10 7 8 8 4 10 10 8 8 10 10 2 6 7 7 7 7 8 10 10 2 6 7 7 8 10 10 2 8
ppo_x50_b_fd_l4,6,qv26_14,26,328,True,1844.0,10.192021369934082,8 8 10 10 8 8 10 10 8 8 9 5 10 10 8 8 7 7 10 10 8 8 10 10 8 8 11 5 10 8 7 7 10 7 7 10 8 8 10 10 8 8 10 10 8 8 11 5 10 10 2 8 9 5 7 7 11 11 5 5 1 11 9 4 5 5 11 11 5 4 4 4 5 11 11 5 5 11 4 5 4 4 1 11 9 5 5 10 8 4 4 11 4 11 5 5 11 11 2 5 9 8 10 10 8 8 10 10 7 7 0 6 8 7 7 8 7 11 2 10 10 8 6 7 8 10 10 8 8 11 2 9 4 4 5 4 4 11 11 5 4 4 4 5 4 10 10 8 2 9 5 10 10 0 6 8 8 7 7 7 10 2 10 7 7 7 8 6 7 0 6 7 11 10 8 8 11 2 10 9 8 8 4 4 4 4 4 11 5 10 11 2 3 5 7 7 11 2 11 11 5 3 4 5 4 4 4 11 5 4 4 11 2 4 3 4 4 4 4 10 10 2 8 10 7 9 8 7 7 7 7 7 8 7 10 7 7 10 2 6 7 7 8 7 7 7 11 11 1 5 5 9 11 5 4 4 4 5 4 4 10 2 9 8 11 11 4 5 4 4 4 4 5 4 10 2 6 10 10 8 8 10 7 7 7 7 7 7 7 8 7 10 10 8 2 10 8 9 10 8 2 10 10 7 6 8 8 10 10 2 8 9 5 11 4 5 7 11 11 2 3 4 4 4 5 4 4 4 4 11 5 4 11 5 11 11 5 5 0 7 6 7 7 7 10 8 7 10 7 7 8 1 3 4 4 11 1 11 3 5 5 4 11 2 3 10 11 5 5 11 11 5 5 11 1 3 4 5 11 11 5 5 4 10 2 6 7 7 10 10 8 8 10 10 2 6 7 7 7 8 10 7 8 4 10 10 2 8 9 8 11 5 10 7 7 0 7 10 7 8 7 8 9 11 5 5 10 8 7 7 7 11 11 1 5 4 3 4 4 5 11 4 5 11 4 4 4 5 4 4 4 4 4 10 1 9 5 4 5 11 2 3 10 10 7 8 8 11 5 7 7 10 10 8 7 7 8 1 9 5 10 10 8 8 10 10 7 8 8 10 10 8 8 4 11 2 9 5 11 4 11 2 3 5 11 11 5 4 4 4 5 4 4 11 11 2 5 4 3 11 11 5 5 7 7 7 7 7 7 10 7 8 7 7 7 0 6 7 7 10 8 7 7 7 7 10 8 10 8 1 3 4 11 5 4 4 11 4 5 10 10 8 2 3 10 11 5 5 4 4 4 4 11 5 7 11 5 11 11 4 5 5 10 8 11 4 4 1 3 4 5 11 2 3 10 10 2 6 7 8 10 10 8 8 10 8 7 7 10 8 7 7 10 8 10 10 8 8 7 7 11 1 11 4 5 3 4 4 5 10 7 7 8 7 10 8 7 11 1 9 5 5 11 4 5 4 11 11 1 3 5 5 11 1 3 5 4 11 11 2 3 5 7 10 8 10 10 8 8 4 4 1 11 4 3 5 4 10 11 4 5 8 11 2 3 10 10 7 2 6 8 7 10 8 11 5 10 10 2 6 8 7 7 7 10 8 10 7 7 7 7 7 10 7 7 8 8 1 4 4 4 4 11 5 7 9 8 11 11 4 5 8 11 4 4 4 4 5 10 10 2 8 11 5 3 4 4 4 10 10 2 8 9 5 10 10 7 7 8 7 8 7 0 6 7 7 7 7 10 10 7 7 7 8 8 7 11 2 9 11 5 5 4 11 4 4 4 5 10 11 2 3 4 4 5 4 1 4 9 4 5 7 11 5 4 4 10 8 11 11 5 4 4 5 11 2 11 11 5 5 7 9 7 8 10 7 7 7 7 7 7 10 7 8 5 10 8 10 10 7 7 8 7 7 10 8 8 11 5 7 10 2 10 10 8 7 8 9 5 4 4 4 11 11 5 4 4 5 11 11 2 5 9 8 1 4 4 11 9 5 4 4 5 11 5 11 11 2 3 5 11 2 11 11 3 5 5 4 4 4 10 10 2 8 6 10 8 7 7 7 7 7 7 10 8 0 6 7 7 7 7 7 10 10 8 7 8 10 10 8 8 10 2 6 11 11 5 4 4 4 4 4 5 4 4 10 8 11 11 5 4 4 5 11 4 2 9 10 8 8 10 10 8 8 11 5 10 10 2 6 7 7 7 8 10 8 7 7 10 7 10 2 8 6 7 11 4 5 7 11 11 5 5 1 9 5 10 11 4 4 5 4 5 7 10 8 11 11 4 2 4 5 11 3 5 4 11 11 5 2 3 11 4 4 5 4 4 11 5 4 4 4 10 10 2 8 10 6 7 8 4 10 10 8 7 8 7 7 10 8 7 7 7 10 8 7 10 8 11 2 9 5 10 7 7 10 8 4 4 5 11 2 9 5 11 11 4 5 8 10 2 9 10 8 2 7 7 7 7 7 6 7 7 7 7 11 11 2 5 11 4 4 11 5 3 4 5 4 4 4 11 4 5 11 11 4 4 5 5 7 10 2 3 10 8 7 7 7 7 11 11 2 5 11 3 4 5 11 11 2 5 6 11 11 5 4 4 5 10 2 10 10 6 8 2 7 7 7 9 8 10 10 8 7 7 8 7 7 7 7 7 7 10 8 11 5 11 11 5 2 4 11 9 5 5 4 4 4 11 4 4 4 11 2 5 4 4 11 5 4 4 4 4 4 3 10 10 8 0 6 8 7 7 7 0 9 7 0 8 7 7 7 6 7 7 7 7 7 7 7 7 10 7 8 7 11 11 4 5 2 6 11 5 11 4 4 11 1 3 4 5 4 4 4 4 4 5 4 4 11 5 4 4 4 10 2 11 11 5 5 9 8 10 10 8 8 7 7 10 10 8 2 9 10 8 8 7 10 7 10 7 8 5 11 5 10 10 8 7 7 8 11 11 5 5 10 2 6 11 5 4 11 5 4 4 11 1 9 5 4 5 7 11 11 5 5 11 11 5 4 5 0 7 9 8 10 10 2 6 8 10 10 8 7 7 10 8 7 8 11 4 5 7 10 10 8 8 10 10 7 8 8 10 10 2 8 11 5 10 10 7 7 8 5 6 11 5 4 11 11 4 5 4 5 4 4 11 5 11 11 5 2 4 11 5 10 9 7 8 7 10 8 7 7 7 7 8 4 10 10 8 7 7 8 7 7 10 8 10 2 11 9 5 4 5 4 4 4 4 4 11 5 10 2 3 11 11 4 5 5 10 2 9 11 5 5 4 4 4 4 11 5 4 4 4 4 4 4 10 2 10 10 8 7 6 8 10 10 8 2 6 7 7 7 7 10 8 10 7 8 7 7 7 7 7 7 11 5 10 10 8 2 6 11 11 4 5 4 4 5 4 4 10 8 11 11 5 4 4 5 11 11 5 5 7 7 11 5 11 11 4 5 4 4 4 5 7 10 2 10 9 8 8 7 10 8 7 7 7 7 7 7 10 8 7 7 10 10 2 8 6 7 7 10 10 8 8 4 4 11 2 9 11 5 5 4 4 4 4 4 4 11 5 4 11 5 11 5 11 11 5 5 4 4 4 4 4 10 2 11 11 5 5 3 10 8 7 11 11 5 5 10 8 10 10 7 7 8 7 7 8 10 2 6 7 7 7 10 10 2 6 8 7 7 7 7 11 11 5 4 5 10 10 8 2 9 8 4 11 11 2 4 4 5 11 11 4 3 4 4 4 4 8 8 4 0 10 9 8 7 8 11 5 10 7 8 10 10 2 6 7 7 8 11 10 8 7 8 10 10 8 8 10 10 7 8 8 7 10 10 8 2 11 11 4 4 5 5 3 4 4 4 4 4 4 4 4 4 11 5 10 8 11 2 11 4 9 5 5 11 11 5 5 0 9 8 10 10 7 7 7 2 6 7 8 7 7 7 0 6 10 8 7 7 7 7 7 10 10 7 8 2 9 5 11 11 4 4 4 4 5 1 3 5 4 11 5 10 8 11 11 4 5 1 3 5 4 11 11 4 5 2 9 5 11 5 10 10 8 8 10 10 2 6 7 7 8 4 10 10 8 7 7 7 7 7 8 11 2 9 10 8 8 11 11 4 5 5 11 11 4 4 5 5 11 1 3 11 5 4 4 4 4 5 11 11 5 5 4 11 11 2 3 5
ppo_x50_b_fd_l4,7,qv26_15,26,325,True,1798.0,9.877201795578003,8 8 10 9 8 8 10 10 8 8 11 5 10 10 7 8 8 10 10 8 8 11 5 10 10 7 8 8 10 10 8 8 11 5 10 7 10 8 8 10 10 8 8 11 5 10 7 7 7 7 10 8 4 5 10 2 10 8 10 10 8 8 9 10 8 8 11 5 11 4 4 5 11 11 4 5 5 10 8 11 1 9 5 5 4 4 11 1 9 8 5 11 4 11 4 5 5 10 8 4 1 3 4 4 4 11 11 5 2 9 8 4 4 4 10 10 0 8 8 7 7 10 8 6 7 7 7 7 11 10 8 8 7 7 10 8 7 10 10 8 2 6 4 4 11 1 3 5 7 11 11 4 4 5 4 4 4 11 5 7 8 11 5 4 4 11 11 4 5 2 9 8 10 7 10 7 8 8 11 2 10 10 7 6 7 8 7 8 10 7 11 2 6 8 7 10 7 8 7 7 10 7 10 2 8 9 5 7 7 11 11 1 3 5 4 5 10 8 11 4 11 4 2 3 5 4 11 5 10 7 7 8 7 11 5 11 11 4 4 2 3 5 10 11 2 3 5 4 11 5 4 4 4 4 4 10 8 11 11 5 4 4 5 4 11 2 3 10 10 2 8 9 7 10 8 8 7 7 10 10 8 8 11 5 7 10 10 8 0 6 8 10 10 8 7 8 11 2 10 10 8 7 7 6 7 8 7 11 4 4 4 5 4 11 11 5 5 10 8 4 4 4 11 11 5 2 11 4 5 3 10 7 7 7 7 7 0 8 6 7 7 7 7 7 7 7 10 10 2 8 6 11 5 11 11 2 5 11 11 5 5 11 11 5 5 4 3 4 4 4 4 4 4 4 4 10 11 5 5 11 11 5 4 5 11 11 5 2 9 5 10 8 7 7 10 8 7 10 10 2 8 3 10 8 7 7 7 7 7 7 7 7 7 7 7 10 8 11 5 11 11 1 4 5 3 5 10 11 1 3 5 5 7 11 2 9 11 4 5 8 7 11 4 5 7 11 5 11 11 1 3 5 5 10 8 11 4 11 5 4 4 4 5 4 4 10 11 5 5 10 8 11 11 5 2 9 8 10 10 8 2 10 10 8 6 7 8 10 10 8 7 8 7 7 7 10 7 10 8 7 8 11 4 5 10 7 10 7 8 2 9 8 11 4 4 4 11 4 5 5 7 10 8 11 11 4 5 5 11 11 5 5 11 11 2 3 5 4 4 11 2 4 10 10 8 8 6 7 7 7 7 7 7 7 7 10 0 9 8 5 10 7 7 0 7 6 7 7 7 7 8 11 1 3 5 11 11 5 4 4 4 5 10 2 11 11 5 5 3 4 4 4 11 5 4 4 4 4 11 4 4 5 10 10 7 8 2 9 8 11 4 5 4 4 11 5 10 8 10 10 2 8 6 7 7 10 7 8 7 7 7 7 7 7 7 10 8 11 2 3 10 7 10 7 7 8 5 11 5 7 10 10 2 8 6 11 5 4 4 4 11 4 5 4 11 11 5 5 11 11 4 5 8 11 1 3 4 4 4 4 4 4 4 11 4 5 2 9 8 10 10 2 8 9 8 10 10 8 2 10 9 8 8 10 10 8 7 7 8 11 4 4 5 10 10 0 6 8 8 7 7 7 7 7 10 8 7 7 7 10 7 7 10 7 8 8 4 10 2 9 8 11 11 5 5 4 11 11 5 5 10 8 11 11 5 11 5 5 4 4 4 4 1 9 11 5 5 4 4 11 5 11 5 4 4 4 11 5 4 1 3 10 10 7 8 8 10 7 8 10 10 2 6 7 8 7 10 10 8 7 8 7 7 10 0 9 8 8 7 10 7 10 2 8 10 9 8 8 11 4 5 11 4 11 4 5 5 10 8 11 1 9 4 5 8 11 2 9 11 5 4 4 4 4 5 4 10 2 11 9 5 5 4 4 11 11 4 5 8 11 5 10 11 5 2 3 10 10 8 7 8 10 10 7 0 6 7 7 7 8 7 7 8 10 8 7 7 7 7 10 10 7 8 8 7 7 7 11 11 1 3 5 4 5 7 10 8 11 11 2 4 5 4 11 4 9 5 5 11 11 2 3 5 4 4 10 10 2 8 9 5 10 10 8 8 11 5 4 4 4 4 4 4 4 10 0 10 8 7 7 6 7 8 7 10 8 10 8 7 7 7 10 10 8 2 3 10 8 10 10 8 8 11 4 10 8 8 10 2 6 11 11 4 4 4 5 5 11 11 4 5 4 4 4 4 5 11 2 3 4 10 10 8 8 7 10 8 10 8 7 7 10 8 7 7 7 7 10 11 2 5 11 5 11 11 5 4 5 4 3 4 1 11 9 5 8 4 4 4 4 4 11 5 4 4 4 11 5 4 4 11 11 5 2 10 8 10 10 8 8 9 4 4 5 10 7 8 10 10 0 8 8 7 6 7 7 7 0 6 7 7 11 5 11 10 2 7 6 7 8 4 11 5 7 10 7 7 8 1 11 9 5 5 10 7 0 10 8 8 9 5 7 10 7 10 2 8 9 5 0 10 10 7 6 8 5 11 5 11 11 4 5 5 11 11 5 5 10 8 4 4 11 11 4 1 3 5 8 11 11 4 4 5 5 0 10 7 8 9 11 5 5 10 8 11 11 4 5 5 11 2 11 11 3 5 5 10 2 6 11 11 5 5 10 2 3 10 8 10 10 7 0 6 8 8 10 10 2 6 8 7 7 7 7 7 10 10 8 7 8 7 11 11 2 5 10 7 8 7 7 6 11 11 4 4 4 4 5 4 4 4 5 4 4 4 4 11 4 5 10 7 11 2 5 4 4 4 4 4 9 5 11 11 5 2 9 8 4 4 10 10 0 6 8 7 7 7 7 10 8 8 10 8 7 11 10 2 6 8 7 10 8 7 7 7 10 10 2 8 6 7 7 11 11 5 4 5 4 4 4 4 4 1 4 11 5 3 4 4 4 4 4 11 11 2 3 5 11 4 5 10 10 8 8 10 10 7 7 7 0 7 8 6 7 8 10 10 8 2 10 8 10 10 8 8 9 7 8 7 7 1 11 9 5 5 4 11 5 10 10 8 8 11 5 11 5 4 11 5 4 4 4 4 4 10 11 5 5 7 11 2 9 10 7 8 5 10 0 6 0 9 8 8 7 7 10 8 7 11 2 10 10 7 7 8 6 8 1 11 4 5 10 9 8 8 11 10 7 8 7 8 7 10 8 11 2 11 3 11 5 5 4 4 4 4 4 4 11 5 11 11 5 4 4 10 8 2 9 8 10 10 2 6 7 8 7 10 2 9 10 7 8 8 7 1 9 11 5 5 10 8 11 11 4 4 4 4 5 4 5 11 11 5 5 4 4 11 4 5 7 7 11 5 11 11 5 4 5 11 10 2 8 7 9 8 10 10 7 8 8 7 7 11 5 10 10 8 8 7 7 7 7 7 7 7 10 10 8 7 7 8 10 2 6 11 11 2 4 4 5 9 8 4 4 4 11 4 11 2 3 5 11 11 4 5 5 11 11 4 5 1 3 4 5 11 11 4 5 2 9 4 5 7 10 7 7 7 0 6 8 7 7 7 7 7 10 10 2 8 7 9 8 7 7 7 7 7 10 10 2 8 6 11 11 4 4 5 4 5 7 11 4 4 4 4 4 11 5 4 4 5 4 4 4 4 4 4 11 11 5 5 10 8 4 4 11 1 3 10 8 8 10 10 8 7 8 11 5 10 7 8 4 10 10 8 7 7 8 7 7 7 10 8 7 11 5 11 11 5 5 10 2 7 7 7 6 10 8 4 10 10 8 8 7 7 10 8 11 4 11 2 5 11 4 5 3 4 11 11 4 4 5 5 10 2 6 11 4 4 4 1 3 4 4 4 1 4 5 3 10 10 8 8 10 10 8 7 7 7 8 7 7 7 7 7 7 7 7 10 8 11 5 10 10 2 6 7 8 7 7 7 10 8 7 11 11 5 5 11 11 2 5 11 11 5 5 3 11 11 4 4 4 5 8 10 2 11 11 5 4 4 3 5 11 11 5 5 10 2 11 11 3 5 5 11 11 2 5
ppo_x50_b_fd_l4,8,qv26_16,26,320,True,1787.0,28.105456829071045,8 8 10 9 8 8 10 10 8 8 11 5 10 10 7 8 8 10 10 7 8 5 10 10 8 8 10 10 8 8 11 5 11 11 5 5 10 7 8 10 10 7 8 8 11 5 10 10 7 8 8 10 10 8 8 1 9 5 11 11 5 5 4 4 11 4 4 11 5 5 1 9 11 5 5 11 4 4 5 4 11 2 11 11 5 5 7 7 7 10 7 9 8 7 7 7 8 7 10 7 7 7 10 8 7 8 10 10 7 7 8 8 10 10 8 8 1 9 5 11 11 2 3 5 4 11 10 8 8 11 11 2 3 5 4 4 4 4 11 4 4 5 4 4 4 11 5 11 2 4 10 10 8 8 7 7 6 7 7 7 10 8 7 7 10 8 7 7 11 10 8 7 8 11 10 8 2 10 10 8 8 10 9 8 8 4 4 4 1 3 4 4 4 4 4 11 4 5 4 0 10 6 7 7 8 7 7 7 7 10 10 8 2 3 10 8 10 10 7 8 2 9 5 4 11 4 11 4 2 5 11 11 4 4 5 5 9 8 11 11 4 5 8 11 1 3 11 5 4 4 4 4 4 5 4 4 11 4 5 1 3 10 10 8 8 10 10 7 8 7 8 11 10 8 7 7 7 8 7 7 10 10 8 7 7 8 7 7 11 2 10 10 8 8 11 4 9 5 5 10 10 8 8 11 5 11 11 4 2 3 5 11 11 5 5 11 11 5 2 11 11 4 3 4 5 5 10 2 10 8 6 11 11 2 5 11 11 5 3 5 1 4 4 11 5 9 10 8 8 10 10 8 8 10 7 7 8 11 1 9 5 4 4 5 4 4 4 11 2 3 10 7 10 7 8 7 8 7 7 10 7 7 8 4 10 8 7 7 7 7 7 7 7 7 7 11 10 8 8 10 10 2 8 9 5 1 3 11 4 1 3 5 7 11 11 5 4 4 4 4 4 5 11 4 5 4 4 11 11 4 5 8 11 11 5 5 0 9 8 10 10 2 6 7 8 7 7 7 0 9 7 8 11 5 7 7 7 7 7 7 10 7 0 9 8 8 7 10 2 10 10 8 8 4 4 4 9 5 4 4 4 4 1 3 4 4 11 5 4 4 11 11 5 5 10 8 4 4 11 11 4 5 2 9 8 4 11 11 5 4 5 10 8 7 7 0 9 8 10 7 7 0 9 8 7 8 11 5 7 7 7 7 7 7 7 11 10 2 6 8 10 10 2 8 9 5 4 11 11 4 1 3 5 5 4 4 11 11 5 2 9 5 7 11 11 5 5 10 8 10 10 2 6 8 10 10 8 8 7 11 2 11 9 5 8 4 1 3 4 11 11 4 5 5 11 11 5 2 11 4 4 4 5 11 9 5 5 7 0 9 8 10 10 8 8 0 6 7 7 7 7 7 0 7 10 7 10 6 8 8 7 7 7 7 7 7 11 11 2 5 9 8 11 11 5 5 11 5 10 11 5 4 5 4 11 11 5 5 11 4 10 8 2 9 8 10 8 7 10 10 8 7 7 8 10 7 10 2 8 7 7 6 11 11 5 5 4 11 11 5 5 4 11 5 4 4 11 5 4 4 11 11 5 2 6 11 11 5 4 5 4 4 11 4 5 0 9 10 8 8 10 7 7 8 4 10 10 8 8 10 2 6 7 10 10 8 7 8 11 1 9 5 4 4 4 5 7 10 8 4 11 5 4 4 4 4 10 10 8 8 11 4 5 10 11 2 3 5 11 2 4 4 4 3 10 10 7 8 5 10 8 10 7 7 7 10 0 8 8 6 7 7 10 7 8 7 7 7 7 7 7 7 10 7 7 10 2 8 9 5 11 11 4 5 5 10 8 1 4 11 11 5 3 5 4 4 4 11 4 5 4 4 4 11 11 2 5 9 8 10 8 11 11 4 5 8 11 5 11 4 4 4 4 5 10 10 8 2 7 7 9 8 7 10 8 7 10 10 8 8 10 0 10 8 8 9 10 8 0 8 9 10 7 7 8 8 7 10 8 1 9 5 10 11 4 5 4 5 10 11 5 5 4 4 4 11 11 5 2 9 4 5 11 4 1 9 5 5 11 2 3 4 4 11 5 10 10 7 8 8 7 10 10 7 8 5 10 10 7 8 8 10 10 7 7 8 7 7 7 8 7 10 2 10 10 8 6 8 4 4 4 11 11 5 4 5 10 7 8 11 11 5 2 3 11 5 4 10 11 5 5 11 5 1 9 5 4 4 4 4 0 6 7 10 10 7 7 8 4 5 10 7 10 8 7 10 8 7 7 0 6 8 7 11 2 9 11 5 5 10 7 7 7 8 10 2 6 11 11 2 3 4 4 4 4 4 5 4 4 4 11 5 11 4 4 4 4 5 4 4 11 5 11 11 4 5 2 4 3 10 10 8 7 7 7 8 11 10 7 7 2 6 8 7 7 10 7 7 10 2 8 11 5 4 9 10 8 8 10 8 7 7 7 10 10 8 4 5 10 8 7 10 10 7 8 5 1 9 8 11 4 5 11 11 5 5 11 11 5 5 11 11 4 4 4 5 5 10 2 11 11 4 3 5 8 4 11 11 2 5 9 8 10 10 7 8 7 7 8 7 10 8 11 5 10 10 8 8 7 10 8 1 11 11 5 3 4 4 5 4 4 11 5 7 11 5 4 4 1 3 4 4 11 4 5 10 10 8 2 10 10 8 8 10 9 8 8 11 5 10 8 7 7 7 7 7 7 10 7 8 11 11 2 5 3 10 7 8 7 7 7 0 9 8 7 7 10 2 7 6 7 11 11 5 5 11 5 11 11 2 3 4 5 4 4 11 11 4 4 4 5 5 10 8 1 3 4 4 4 4 10 10 8 2 10 7 6 10 7 8 5 7 10 8 10 7 7 11 2 5 11 4 5 11 11 3 5 5 4 10 11 2 3 5 4 4 4 10 8 11 2 9 11 5 5 4 4 11 5 4 0 9 10 8 8 7 0 6 7 7 7 7 7 7 7 7 1 9 10 8 8 11 5 10 10 7 7 7 7 8 5 10 8 1 3 11 4 4 5 11 4 1 9 5 5 11 5 4 11 5 4 11 11 2 3 5 10 8 4 4 4 11 11 5 2 9 5 10 7 7 10 2 6 7 7 8 10 10 2 6 8 10 10 8 7 8 10 2 10 9 8 5 10 7 7 10 8 8 10 10 8 8 7 7 11 5 10 8 1 11 11 4 5 5 4 4 9 11 5 4 4 5 7 10 8 11 4 4 4 4 5 11 11 5 2 9 11 5 5 4 0 9 10 8 0 7 7 7 7 6 8 10 10 8 5 7 7 7 7 10 8 11 2 11 5 7 7 7 11 11 5 5 3 4 4 1 4 4 4 4 3 4 4 4 1 4 3 4 11 5 7 11 11 5 5 11 11 5 5 7 11 2 10 10 8 8 7 7 7 3 10 8 11 5 10 10 7 7 0 7 7 6 8 7 7 7 7 10 8 0 7 6 7 8 7 7 10 2 6 11 11 4 5 5 4 11 1 9 5 8 4 11 5 10 7 8 7 10 8 11 11 4 4 5 8 11 5 11 11 4 5 5 10 8 4 11 4 4 11 2 3 5 10 7 7 8 7 10 7 10 2 7 6 8 0 9 5 10 0 7 6 7 7 7 8 11 11 5 2 9 8 1 3 11 11 4 5 5 10 8 11 11 4 4 4 4 4 5 5 4 11 5 4 4 11 4 5 10 10 8 8 10 10 8 8 11 2 4 3 4 4 11 5 10 10 8 2 11 5 3 4 4 4 10 0 10 8 8 6 7 7 7 7 10 8 7 7 7 7 10 10 2 8 11 5 10 10 8 8 6 11 11 4 2 4 5 11 9 4 5 5 10 8 11 11 5 4 5 11 11 2 3 4 4 5 11 4 11 4 4 5 5 7 7 11 2 9 5 10 10 8 7 7 7 7 7 8 11 2 10 10 7 8 8 3 7 10 0 6 7 8 11 11 5 5 11 11 5 5 10 7 7 10 7 7 2 8 7 10 7 7 10 7 7 6 8 8
ppo_x50_b_fd_l4,9,qv26_17,26,327,True,1832.0,9.985601902008057,8 8 10 9 8 8 10 10 8 8 11 5 10 7 10 8 8 10 10 8 8 11 5 10 10 7 8 8 10 10 8 8 11 5 10 10 7 8 8 10 10 8 8 11 5 10 10 7 8 8 10 10 8 8 11 5 7 10 10 7 8 5 10 2 11 11 5 4 4 3 4 5 4 4 4 4 11 5 4 4 4 4 10 11 5 5 4 4 11 11 2 5 3 10 8 7 10 10 7 8 8 7 0 6 10 8 11 5 10 7 10 8 8 11 5 10 10 7 8 7 7 7 8 11 10 8 8 10 10 7 7 7 7 8 5 10 2 4 4 4 11 4 3 4 4 4 5 4 4 11 5 4 4 11 11 5 4 11 5 5 0 7 6 10 7 7 0 9 8 7 7 8 7 7 11 5 11 2 6 10 8 7 7 10 10 8 8 4 11 5 10 7 8 4 10 10 2 8 9 5 7 7 7 11 11 1 5 5 3 4 4 4 1 3 4 11 5 10 8 11 5 4 4 0 9 11 5 5 10 8 11 11 5 4 4 4 11 4 5 4 4 4 5 4 4 10 10 8 8 7 7 10 2 6 10 8 4 10 2 10 9 8 8 10 7 7 7 8 10 10 8 8 11 4 5 10 10 8 8 10 10 8 8 11 8 11 8 10 10 8 7 7 8 1 11 3 11 5 4 4 4 4 5 4 4 4 4 4 4 1 9 11 5 4 4 4 5 11 2 3 10 10 7 8 7 10 8 8 11 5 10 0 9 8 8 7 7 10 10 8 8 11 5 4 10 10 7 2 6 8 7 7 7 7 10 8 7 10 8 4 10 10 8 2 10 8 6 4 11 4 4 5 4 4 4 4 4 4 1 11 4 9 5 4 5 4 4 4 11 2 3 11 5 10 10 7 7 8 8 0 9 10 8 8 10 7 8 11 11 2 5 10 7 8 7 10 9 8 7 8 7 10 8 10 8 11 10 7 7 8 8 7 7 11 2 11 11 5 5 4 11 4 3 5 4 4 11 5 4 4 11 11 2 5 7 9 8 10 10 8 7 8 4 11 4 4 1 4 9 4 5 5 4 10 2 10 9 8 8 7 10 8 11 11 5 2 11 11 4 3 5 5 10 8 10 8 4 11 11 5 5 10 0 7 8 7 6 7 10 7 8 7 0 6 7 7 10 7 10 8 8 10 8 7 7 10 8 7 10 10 8 2 4 9 5 11 11 5 5 11 4 4 5 7 10 8 11 11 4 5 5 7 7 11 5 11 5 4 4 11 11 5 5 1 4 9 11 4 5 8 11 5 11 11 4 5 8 11 4 1 4 9 5 4 5 11 2 3 10 10 7 7 8 2 9 5 10 7 8 7 7 7 7 7 10 10 7 8 5 11 5 0 6 7 7 10 0 6 10 8 7 7 7 8 7 7 7 10 2 9 11 5 5 11 5 4 4 10 10 2 8 11 11 4 3 4 5 5 11 11 5 2 11 5 11 11 5 3 5 11 5 7 11 11 5 4 5 4 4 4 11 11 5 5 7 10 8 0 9 10 8 7 8 7 7 7 7 7 7 10 10 2 8 7 6 7 7 7 7 11 11 2 5 4 11 9 4 5 4 5 10 7 8 4 11 5 4 4 11 5 4 4 4 4 4 11 11 2 3 4 4 4 4 5 4 10 2 3 10 10 8 7 8 7 10 8 7 7 10 0 9 8 7 7 8 7 7 7 11 2 10 10 8 6 8 7 7 10 7 8 7 7 7 11 11 5 5 4 4 10 8 10 8 11 4 11 5 2 4 11 9 5 4 5 4 4 4 4 11 5 10 2 9 8 11 1 4 3 4 4 1 9 5 4 5 4 4 10 2 10 10 8 6 7 8 10 2 9 10 7 8 8 4 10 10 8 7 7 7 8 1 11 9 5 8 11 4 4 5 11 11 2 4 5 3 10 8 7 10 10 7 7 7 7 7 8 2 7 9 7 8 4 4 4 11 4 4 5 0 10 9 7 8 5 7 7 7 7 10 8 11 5 7 7 7 10 10 8 8 1 11 5 11 11 4 3 5 5 11 11 5 4 5 1 9 8 4 4 11 1 3 4 5 11 11 5 5 11 11 4 5 2 9 8 4 4 11 4 11 2 5 10 8 10 10 8 8 7 6 7 7 7 7 7 7 7 7 7 7 7 0 9 8 10 10 2 8 6 11 5 11 4 11 5 5 11 2 11 11 5 5 11 4 5 11 11 5 3 4 5 4 4 4 4 4 11 4 5 11 2 10 9 8 8 7 7 10 10 7 2 6 8 10 10 8 7 0 8 7 7 7 7 9 10 8 7 8 7 10 10 2 6 7 8 7 10 2 7 6 11 11 5 2 4 9 5 4 4 4 4 4 4 4 11 11 5 5 7 11 5 11 11 5 5 11 5 4 4 11 4 4 4 11 2 5 9 8 11 11 4 5 8 10 2 10 8 10 10 7 6 7 7 8 5 10 7 10 8 8 7 7 7 11 11 2 5 3 4 4 4 11 11 5 2 3 11 5 10 10 7 7 8 8 10 10 8 8 10 7 7 7 8 11 11 5 2 3 4 10 8 7 0 6 7 10 8 11 5 7 7 7 7 7 7 11 2 11 11 5 3 4 4 4 5 7 11 11 5 5 11 4 11 5 5 4 4 4 10 1 9 5 5 11 5 11 5 4 11 11 2 5 9 8 4 4 4 10 10 0 8 6 7 7 7 7 7 8 7 10 2 7 9 10 8 8 10 10 8 8 10 8 1 11 9 5 4 4 5 11 2 9 11 5 5 10 7 7 7 8 11 4 5 4 11 5 4 4 11 11 5 5 10 8 4 4 4 4 4 11 11 5 2 10 7 8 10 10 7 7 8 7 7 8 9 10 8 8 7 7 7 7 7 10 7 8 7 7 11 1 9 5 4 5 7 11 2 3 4 4 4 4 1 9 11 5 2 4 3 4 4 4 10 10 2 8 10 7 7 7 9 7 7 8 5 10 7 7 10 7 7 7 7 8 5 10 2 10 10 7 8 8 6 11 5 7 11 11 5 4 4 4 5 11 4 11 5 2 6 11 5 11 11 5 5 11 2 11 9 5 5 4 4 11 5 0 10 8 6 10 10 8 7 0 6 8 10 10 2 8 9 5 10 10 8 8 10 10 8 7 7 7 8 10 2 6 11 11 4 5 4 11 5 5 11 5 4 1 3 4 4 4 4 4 11 11 5 4 5 7 10 8 11 11 4 5 4 5 11 2 3 7 7 7 7 10 10 7 8 2 9 7 8 10 10 8 2 7 10 9 8 7 7 8 7 10 2 10 10 8 8 11 4 4 5 10 8 11 11 4 3 4 5 4 5 10 2 11 9 5 4 4 5 10 8 11 11 5 5 11 4 4 11 4 5 4 1 3 4 4 5 11 2 3 10 10 2 6 7 7 7 8 10 8 10 7 7 8 7 7 7 0 7 10 7 6 7 11 5 5 11 5 11 11 5 5 11 4 5 7 10 8 7 7 7 7 10 10 8 4 5 10 8 10 7 8 7 7 7 7 11 11 2 5 11 9 5 5 4 4 4 4 4 10 8 11 11 2 3 4 5 4 4 4 4 11 5 10 8 11 11 4 4 4 5 4 4 5 10 2 9 10 8 8 7 10 8 11 2 11 4 3 5 4 4 4 10 10 2 8 10 9 8 7 8 7 7 7 7 7 7 7 10 2 6 7 7 7 10 10 2 8 6 11 4 5 11 11 4 4 5 5 10 11 4 5 5 10 2 11 3 4 5 11 11 5 5 11 5 11 11 2 3 5 7 7 7 7 7 10 8 10 10 8 8 10 7 10 8 2 9 8 4 4 10 11 5 4 4 4 5 4 11 11 2 3 4 4 4 4 5 0 10 7 6 7 8 10 8 7 7 7 7 7 7 7 10 7 8 7 10 10 7 8 7 8 10 2 10 10 8 8 4 4 9 4 11 5 4 4 4 4 4 4 5 11 11 5 2 3 4 4 11 4 1 3 4 5 11 11 5 5 11 2 4 10 10 8 8 10 10 7 7 8 8 10 10 8 8 10 10 8 6 8 10 10 2 8 6 10 10 8 8 10 10 7 7 8 8 10 8 4 10 10 8 7 7 7 8 11 11 2 5
ppo_x50_b_fd_l4,10,qv26_18,26,324,True,1844.0,10.030516624450684,8 8 10 9 8 8 10 10 8 8 11 5 10 10 0 6 8 8 10 10 8 8 11 5 10 10 7 8 8 11 5 10 7 10 8 8 11 5 10 10 7 8 8 10 10 8 8 11 5 10 10 7 8 8 4 10 10 7 8 8 10 0 9 8 8 10 2 6 7 11 11 5 2 9 11 5 5 11 4 4 4 11 5 5 4 4 11 5 4 4 4 4 11 5 4 11 5 0 9 11 5 5 7 10 7 10 8 7 8 10 8 7 7 7 7 7 7 7 11 11 5 1 4 3 5 11 2 11 11 5 3 4 5 11 2 11 9 5 5 10 7 8 7 7 0 9 8 11 5 7 7 10 10 8 8 10 10 8 7 8 7 7 10 7 7 8 11 2 6 11 11 4 5 5 10 8 10 11 2 5 11 9 5 5 11 11 5 5 10 8 11 5 4 4 4 4 4 11 5 11 11 2 4 3 5 11 11 4 4 5 4 4 5 11 2 11 9 5 5 7 7 0 9 7 8 7 7 7 7 7 7 7 0 10 9 8 5 7 10 7 7 8 7 10 8 7 7 0 7 6 11 10 8 8 11 5 11 11 5 5 11 2 3 11 5 4 4 4 4 4 1 9 11 5 5 4 4 4 4 11 2 3 4 4 4 11 5 11 2 3 4 10 10 8 7 8 10 10 8 8 10 7 8 11 11 5 5 7 11 5 10 8 7 7 10 7 8 4 11 10 2 7 8 3 7 7 10 7 8 7 10 2 10 10 8 7 7 8 6 4 4 4 4 11 4 11 4 5 5 10 8 11 5 4 4 4 4 4 1 4 3 4 11 4 11 2 5 9 4 5 10 10 7 7 8 8 11 5 10 10 7 7 8 8 11 5 10 10 8 7 7 7 10 8 8 4 4 10 10 8 0 6 8 7 10 7 7 7 8 10 10 2 6 8 11 4 4 4 4 4 4 4 5 4 11 11 4 5 2 9 5 11 5 7 7 10 7 10 7 8 8 11 5 7 7 7 7 7 7 7 7 7 7 7 11 11 2 5 4 11 5 4 11 11 4 4 3 5 5 11 5 11 11 2 3 5 4 4 11 11 5 5 11 5 4 4 1 3 10 11 5 5 10 8 4 4 11 11 2 5 9 8 10 10 7 8 7 8 10 10 8 0 6 8 7 10 7 10 8 8 7 7 10 8 7 7 7 7 10 10 8 8 11 4 5 10 8 10 10 7 8 2 9 5 10 7 8 4 4 4 4 11 11 5 4 5 4 4 4 1 11 9 8 4 5 4 4 11 11 5 4 4 5 0 9 10 8 8 7 7 7 10 8 7 7 10 10 8 7 8 4 4 4 11 2 11 4 3 4 4 4 11 5 5 11 11 2 3 5 11 11 2 3 5 7 11 5 10 10 2 6 8 7 7 7 7 7 7 10 8 10 10 2 6 8 10 10 7 8 7 7 8 7 1 11 11 3 5 4 5 11 2 7 6 11 4 4 11 4 5 2 6 11 4 5 7 0 6 10 7 8 1 11 3 11 5 5 10 8 4 11 11 5 4 5 10 11 5 5 4 4 11 4 4 4 4 5 10 2 10 9 8 7 8 7 10 8 11 5 10 7 10 8 8 7 7 7 10 10 2 6 8 11 2 3 4 10 10 8 7 8 10 10 8 7 10 8 8 10 2 6 11 5 4 4 4 4 4 4 4 4 4 4 4 4 4 11 4 4 11 4 5 2 9 8 10 8 10 10 8 8 10 8 10 10 0 7 6 7 0 6 8 5 7 7 7 7 7 7 10 8 11 5 10 10 7 8 7 7 8 10 10 2 8 10 9 8 8 4 11 4 5 4 4 4 11 1 5 3 4 4 4 4 4 11 4 11 5 4 5 10 7 8 4 10 10 8 2 7 10 8 10 7 7 6 8 7 7 10 10 7 8 7 7 8 4 4 11 5 7 10 7 10 8 8 11 5 4 10 10 7 8 2 9 7 11 5 5 10 8 11 11 5 5 4 11 11 2 3 4 4 4 4 5 4 11 5 4 4 4 4 4 4 4 4 4 4 4 11 11 5 2 7 9 8 10 7 0 10 7 6 7 8 7 7 7 8 10 10 8 8 7 7 7 1 11 5 11 4 4 4 4 4 5 9 11 5 5 4 4 11 5 4 10 2 10 10 8 8 11 3 4 4 4 5 11 2 10 10 7 8 8 9 5 10 10 0 7 6 7 8 8 7 7 10 8 10 8 10 10 8 8 10 2 6 10 10 8 7 7 8 11 2 9 5 11 11 2 5 9 5 7 7 10 10 8 7 7 8 7 11 1 5 3 4 4 4 4 4 4 4 1 3 4 11 5 4 10 10 8 8 11 5 4 4 4 4 0 10 10 6 8 8 10 2 6 7 7 7 10 8 7 7 0 7 7 7 10 7 8 9 10 8 8 4 11 11 5 5 7 10 8 10 8 11 11 4 4 5 4 4 11 5 5 11 11 5 4 5 4 11 11 5 5 7 10 8 11 4 5 4 4 11 11 4 5 5 0 10 8 10 7 7 10 6 8 7 7 8 7 10 7 7 7 7 7 8 1 11 9 5 8 11 11 4 5 4 4 11 5 5 7 11 5 4 4 4 1 11 9 5 4 4 5 11 5 4 11 11 2 3 5 4 4 10 10 8 2 9 7 8 7 10 10 8 7 7 7 8 7 10 7 10 8 8 7 7 10 7 8 7 10 7 10 8 8 11 5 11 1 9 5 8 11 11 5 5 11 11 5 5 10 8 11 11 4 4 5 5 10 8 11 4 11 4 5 5 10 8 11 11 4 5 5 4 11 2 3 4 4 4 4 4 10 10 0 7 6 8 8 10 2 9 10 8 7 7 7 8 7 7 7 10 7 7 7 7 7 8 10 10 7 8 2 7 7 6 11 11 4 5 8 11 5 4 4 4 11 11 5 5 4 4 4 4 4 4 11 11 5 5 11 4 5 4 11 11 5 2 9 5 11 5 7 10 10 2 7 7 6 7 8 10 8 7 10 10 8 8 10 10 2 8 9 10 7 8 8 7 11 5 10 10 8 8 7 7 7 10 10 2 8 11 4 4 5 4 4 10 11 5 5 3 4 11 5 4 4 11 1 9 4 5 5 4 4 4 11 4 5 4 4 4 10 2 10 10 8 8 7 6 7 7 11 11 5 5 10 8 10 10 7 8 8 7 7 10 8 11 5 7 10 10 8 7 7 0 7 6 7 8 11 2 9 11 4 5 8 11 5 4 11 4 4 5 4 11 11 5 5 4 11 5 0 7 10 6 10 7 7 8 7 8 4 10 2 3 10 10 8 8 10 7 10 8 7 7 7 7 7 8 4 11 5 7 10 10 8 8 4 10 2 11 11 5 3 4 5 4 0 9 10 8 8 11 5 11 11 4 5 5 11 11 5 5 4 11 11 5 4 5 11 11 2 3 4 5 11 1 11 5 5 9 8 11 11 5 5 4 10 10 8 2 3 10 8 4 11 11 5 4 5 7 7 7 7 7 7 10 8 7 10 10 7 8 8 7 7 7 7 11 5 10 8 7 7 7 7 11 10 8 8 10 10 8 2 9 5 10 10 8 8 4 4 4 4 1 9 5 4 10 11 4 5 4 4 5 11 4 4 4 4 4 5 4 0 6 10 8 7 7 7 7 7 10 8 4 10 10 7 8 2 9 5 7 7 7 7 10 10 8 7 8 11 4 5 4 11 11 5 5 11 2 4 3 11 5 11 11 4 4 4 5 5 10 2 9 11 5 5 4 11 11 5 5 11 4 5 10 2 10 9 8 8 10 7 7 7 7 7 7 7 0 6 7 8 10 7 7 7 0 9 5 8 10 10 8 7 8 10 2 6 11 11 4 5 4 4 4 11 5 5 4 4 4 4 11 11 5 5 10 2 9 8 7 11 11 5 4 5 4 4 1 11 9 5 4 4 4 4 5 11 2 3 10 10 7 7 8 7 8 10 7 10 8 8 10 10 7 8 5 10 7 7 8 11 5 10 10 7 8 8 7 7 11 11 5 2 3 4 10 8 11 11 5 4 4 5 11 11 5 4 5 4 4 4 4 11 5 10 8 11 11 5 5 10 10 7 2 7 8 10 10 8 8 10 10 8 6 7 7 7 7 7 7 7 7 8 10 7 10 7 2 8
ppo_x50_b_fd_l4,11,qv26_19,26,327,True,1833.0,10.289783716201782,8 8 10 9 8 8 10 10 8 8 11 5 10 0 10 7 8 8 10 9 8 8 10 2 10 10 8 8 10 10 8 8 9 5 10 10 8 8 10 10 8 8 11 5 10 10 2 8 7 7 10 10 8 8 10 10 8 8 9 5 11 4 5 7 11 11 5 2 4 11 11 5 5 3 4 4 11 4 4 5 11 5 4 1 11 11 5 3 5 7 7 10 7 0 9 8 7 7 8 10 10 8 8 7 7 7 11 2 11 3 11 5 5 4 11 11 4 5 2 10 8 10 7 7 10 8 7 6 7 7 8 7 7 10 10 8 8 4 4 1 4 4 3 4 4 4 4 4 4 4 4 1 9 5 10 8 11 4 11 4 5 8 11 4 5 4 11 11 5 2 11 5 4 4 10 10 8 8 10 8 9 8 7 10 10 8 8 7 7 10 10 8 7 8 4 11 5 7 7 7 7 7 7 7 7 7 7 11 11 2 5 9 8 4 11 11 5 4 5 4 4 4 4 4 4 10 8 11 11 5 4 11 5 8 4 4 11 2 11 11 5 5 9 5 7 7 10 7 8 7 7 10 8 7 0 6 7 7 7 7 7 10 7 8 10 10 8 7 8 7 10 2 9 8 7 11 11 4 5 5 7 11 2 6 11 11 5 5 10 8 11 11 4 4 4 4 4 1 3 5 4 4 5 4 10 10 8 8 11 4 4 4 5 11 11 5 4 4 4 4 4 5 0 9 5 10 7 8 10 10 8 8 10 10 8 2 9 5 7 10 10 7 8 8 10 10 7 8 8 7 10 8 7 11 10 8 8 7 7 11 10 2 6 8 7 7 7 10 8 11 5 11 2 11 11 5 5 3 4 11 11 5 4 5 4 4 4 4 11 5 10 8 11 5 4 4 4 1 11 9 5 8 4 4 4 4 4 11 2 3 10 10 7 8 7 7 8 1 9 10 8 8 7 7 10 0 6 7 7 7 10 8 4 5 10 7 7 8 7 7 10 10 2 8 9 5 11 11 4 4 5 4 4 5 4 11 4 5 10 10 7 8 5 11 2 11 3 11 5 4 11 5 4 4 5 4 11 2 10 10 7 8 6 8 10 7 10 8 7 7 8 11 4 4 5 7 7 0 9 10 7 7 7 8 8 4 10 8 7 7 7 7 7 10 10 2 8 6 7 11 11 5 4 5 11 11 4 5 5 4 11 5 4 4 4 1 9 5 11 11 5 2 9 5 11 11 4 5 5 7 0 9 8 10 8 7 7 7 7 11 11 5 5 10 7 8 7 7 7 10 10 8 7 8 10 10 8 8 4 11 5 1 3 11 5 4 4 11 11 5 5 4 11 2 3 11 4 11 5 5 11 11 5 4 4 4 4 5 11 2 3 10 10 8 8 7 10 7 7 7 7 8 7 7 7 7 7 7 7 7 7 7 7 10 7 8 11 11 2 5 11 5 9 11 5 5 11 4 5 7 7 10 8 4 11 11 4 4 2 3 4 4 4 5 4 4 11 5 11 11 4 4 5 8 11 4 5 10 8 0 6 7 7 7 10 10 2 8 10 8 7 11 9 5 5 4 11 5 11 4 4 4 4 4 11 5 7 8 11 2 9 5 4 4 10 10 0 8 6 7 8 1 9 8 10 7 7 7 7 8 7 7 7 11 10 2 6 8 7 10 8 1 9 5 11 11 5 4 4 4 5 4 4 11 11 5 4 4 11 5 2 9 8 10 10 8 8 11 2 11 5 11 4 3 4 10 8 8 10 8 10 10 7 7 7 7 8 7 7 7 7 7 8 10 10 8 7 8 7 7 7 7 7 7 11 1 11 5 3 4 5 10 2 11 9 5 5 4 4 4 4 1 9 5 4 4 4 11 4 4 11 2 5 10 8 10 7 6 7 7 0 6 10 7 8 5 10 7 8 10 10 2 8 9 10 8 8 10 10 2 8 9 7 8 11 5 11 11 4 2 3 5 4 4 4 4 4 4 10 8 11 11 5 5 4 11 4 4 4 5 0 10 8 7 9 10 8 8 10 10 8 7 8 10 8 7 7 7 0 6 7 7 7 10 10 8 8 1 9 5 4 11 4 11 5 1 3 5 7 11 11 4 4 5 4 4 5 10 7 11 4 1 5 3 4 5 11 11 4 2 5 11 9 5 5 10 8 4 11 4 4 11 2 5 9 8 4 4 10 10 8 8 7 7 7 0 6 7 7 7 11 10 7 8 8 11 5 10 10 8 8 10 10 8 5 7 10 8 11 5 10 8 7 7 7 7 10 10 8 2 4 9 5 11 11 5 5 11 1 4 3 5 11 11 5 4 4 4 5 4 4 11 2 4 4 3 10 8 10 10 7 8 5 10 8 7 7 7 7 7 7 7 10 8 11 5 7 7 10 7 10 8 8 10 10 7 8 8 10 2 11 9 5 5 10 2 6 11 11 5 4 4 4 5 11 4 11 5 5 11 11 5 4 4 4 5 7 11 11 5 5 10 7 8 0 9 7 8 1 9 10 8 8 7 7 7 7 10 10 8 7 7 7 8 11 2 11 4 3 4 4 5 11 11 5 5 4 1 9 11 5 4 5 11 2 4 4 11 11 5 4 3 5 4 1 9 11 5 5 4 11 5 11 2 3 10 10 2 6 8 10 10 8 7 8 7 7 11 5 10 10 8 7 7 7 8 0 6 7 7 7 10 8 10 2 9 10 8 8 7 7 7 10 10 8 2 6 11 5 11 11 4 5 5 4 4 11 5 4 4 4 4 1 4 4 4 3 4 4 4 4 4 11 5 10 8 10 2 6 7 10 10 8 7 7 7 8 7 7 7 11 2 10 9 8 7 8 10 10 8 8 10 2 11 11 5 5 9 8 11 11 5 5 4 4 11 11 5 5 10 8 11 11 5 4 5 4 11 5 11 11 2 3 4 5 4 11 2 3 4 10 10 7 7 7 8 5 10 7 7 7 7 8 4 11 5 10 10 7 8 7 7 8 10 10 8 8 10 10 2 6 7 8 7 7 1 11 11 4 5 4 5 4 4 4 9 5 11 4 0 9 5 5 11 5 4 11 5 4 4 4 4 4 11 11 5 2 10 8 10 10 7 7 8 6 8 7 7 7 10 10 8 7 8 10 10 8 2 6 10 7 8 7 7 10 7 10 8 8 7 7 7 11 11 5 2 3 11 5 7 11 11 5 5 11 11 5 5 11 11 4 5 5 10 8 11 11 5 5 4 4 11 4 5 7 10 8 11 11 4 5 5 11 2 9 10 8 8 11 5 4 1 9 11 5 4 5 10 2 6 7 7 10 10 7 7 7 7 8 8 7 7 7 7 10 8 11 4 11 2 5 6 4 4 4 4 4 10 8 11 11 5 5 10 2 9 10 8 7 8 7 10 7 7 7 8 10 2 7 7 6 11 11 5 5 4 11 4 11 5 5 10 11 2 3 5 11 11 5 4 5 4 11 5 4 10 2 11 3 4 4 4 4 4 4 5 0 9 10 7 8 7 7 8 11 10 2 6 8 10 8 7 7 7 7 7 11 11 2 5 9 8 4 4 10 11 2 3 4 4 5 4 4 4 4 4 4 4 10 2 10 10 8 8 7 6 7 7 7 0 7 7 7 9 10 8 8 10 10 8 8 10 0 9 8 7 8 7 7 7 10 7 7 8 11 2 6 11 11 5 4 5 4 11 4 11 4 5 5 11 1 9 8 8 11 11 5 5 10 8 10 11 5 4 4 4 5 4 4 11 11 4 5 8 11 2 11 11 4 5 8 9 5 7 0 9 8 10 10 8 7 7 0 9 8 8 11 5 10 10 7 8 7 7 7 7 8 11 2 9 10 8 8 11 5 10 10 7 8 8 11 5 7 7 10 7 10 2 8 6 11 5 11 11 5 2 3 11 11 4 5 4 4 5 11 5 10 4 11 5 4 5 7 11 11 5 5 4 4 4 4 4 11 5 11 4 0 9 8 8 10 8 4 10 10 8 7 7 7 7 8 7 0 6 7 7 7 7 7 7 7 10 7 7 7 8 11 11 4 4 5 5 11 11 2 5 11 11 3 5 4 5 7 11 11 2 3 4 4 5 4 11 10 8 8 11 11 5 4 4 5 11 11 2 5 11 4 11 4 5 4 4 5
ppo_x50_b_fd_l4,12,qv26_2,26,325,True,1818.0,9.911134958267212,8 8 10 10 8 8 10 10 8 8 9 5 10 10 8 8 10 10 8 8 11 5 10 10 7 8 8 10 10 8 8 11 5 11 10 7 0 6 8 8 10 0 9 8 8 10 2 9 10 8 8 10 10 8 8 1 9 5 10 8 11 11 5 4 1 3 11 5 4 4 5 4 11 11 4 5 5 10 8 4 11 4 11 2 5 3 10 8 7 10 10 7 8 7 8 10 10 8 7 7 8 10 0 7 6 8 7 10 10 8 8 10 2 9 10 8 8 11 4 5 4 4 1 4 9 4 4 10 8 8 11 4 5 4 4 4 4 11 5 4 11 11 4 4 5 4 5 7 0 7 7 7 10 9 8 5 10 10 8 8 11 5 10 7 7 10 7 7 8 5 10 8 10 2 10 10 8 6 8 11 4 4 1 4 3 5 4 4 11 4 4 5 11 11 4 4 4 2 3 4 5 11 11 5 4 5 10 2 7 6 7 7 11 5 10 10 8 7 7 7 7 7 7 7 7 8 7 10 10 8 8 1 3 4 4 11 11 5 5 7 11 5 4 4 4 4 4 4 4 1 10 9 5 5 4 4 4 10 2 10 6 10 8 8 10 5 10 0 9 8 8 10 8 10 7 10 7 7 8 8 7 7 7 7 7 7 7 7 7 7 7 7 11 11 5 2 9 5 4 4 4 11 10 8 8 11 4 5 4 4 11 5 11 5 4 4 4 4 11 4 4 1 3 4 4 4 4 4 5 11 2 10 9 8 8 10 2 10 10 7 7 8 6 8 11 5 0 10 9 8 7 7 7 8 7 7 10 7 7 8 10 2 10 9 8 7 8 11 1 5 4 11 4 5 9 11 4 5 8 11 4 4 5 0 9 10 7 7 2 6 8 7 10 0 9 8 5 10 8 10 10 8 7 7 7 7 7 8 11 2 11 11 4 3 5 5 4 10 10 2 8 9 5 11 1 3 4 4 5 4 11 11 5 5 4 4 11 11 5 5 4 1 11 9 5 5 7 7 7 7 0 9 8 7 7 7 7 10 8 7 7 7 10 10 2 8 6 11 4 4 11 5 4 5 4 4 4 11 5 10 2 9 8 1 9 11 4 5 8 11 5 11 11 4 4 8 5 11 4 5 7 0 9 10 8 8 10 7 8 7 7 0 9 7 8 4 10 10 8 7 8 10 7 7 7 7 10 7 8 2 6 7 11 11 5 5 11 4 4 5 11 11 5 5 11 4 5 4 4 11 5 11 4 4 11 2 5 3 4 11 11 5 5 4 4 10 8 11 11 5 4 5 10 1 9 8 8 10 0 6 7 8 7 7 7 7 7 7 7 7 7 7 7 0 6 7 7 11 10 7 8 2 9 10 8 8 11 5 4 11 11 4 5 4 5 11 4 4 4 11 2 3 5 11 11 4 5 2 11 3 5 11 5 11 11 5 5 4 11 11 5 5 10 2 6 7 10 7 7 8 7 10 10 2 6 7 7 7 8 7 10 10 2 8 7 7 7 9 8 10 10 7 7 8 8 11 5 7 10 10 2 6 8 4 4 11 4 5 11 4 11 5 4 5 11 11 5 4 4 5 11 2 11 5 11 9 5 5 4 4 4 11 5 7 11 2 11 11 5 5 10 6 7 8 7 7 7 7 7 7 10 0 6 7 7 7 8 0 7 9 8 7 10 10 2 6 8 4 11 5 4 4 4 4 4 4 4 4 11 11 2 3 5 4 4 11 5 11 11 5 2 4 11 3 5 11 11 4 5 2 9 8 7 10 8 11 11 5 5 10 8 10 10 7 8 2 6 7 7 7 7 7 10 7 0 7 7 8 6 7 7 7 7 10 8 7 10 10 7 8 2 9 4 5 10 10 8 8 4 4 11 5 4 4 1 9 11 5 5 4 11 11 5 5 4 4 1 9 4 11 4 5 8 11 2 11 9 4 5 8 11 5 0 9 7 8 4 10 10 8 7 8 7 10 10 7 8 8 11 5 7 10 7 7 10 2 6 8 10 10 8 8 10 10 8 2 10 8 9 7 8 11 11 5 1 3 4 5 4 11 4 5 11 11 4 4 4 4 5 8 11 4 4 1 9 5 8 11 4 11 2 5 3 4 4 4 4 1 3 10 10 8 8 10 10 7 8 8 10 7 7 0 9 8 7 8 11 11 5 5 7 7 7 10 7 7 10 2 8 9 4 11 5 4 5 11 5 11 5 4 4 11 11 5 5 4 10 2 6 7 10 7 7 7 0 6 7 7 7 7 8 7 7 7 10 10 8 7 7 10 8 5 10 2 6 11 11 4 5 4 4 4 5 4 4 4 4 11 4 4 5 11 5 4 4 0 10 10 8 6 8 10 7 10 2 8 9 5 7 7 0 6 7 7 10 7 8 10 10 8 2 9 8 11 4 4 4 4 11 4 5 5 11 11 5 5 4 11 5 0 6 11 11 5 5 11 11 5 4 5 7 11 11 5 4 4 4 5 11 4 5 10 7 0 9 8 5 7 7 7 10 7 7 7 8 7 7 7 7 7 7 10 8 4 11 11 5 4 1 4 5 3 4 4 10 11 5 5 4 4 4 4 4 11 5 10 8 11 11 2 5 3 7 10 8 10 10 8 8 10 8 10 2 9 10 8 8 7 11 2 6 10 10 7 7 8 8 7 11 2 10 9 8 7 8 10 2 10 10 7 8 8 11 5 10 10 6 7 7 8 7 8 1 11 3 4 4 4 5 4 4 4 11 5 11 11 4 5 5 4 4 4 11 11 5 4 4 5 10 7 2 10 9 8 7 8 10 8 10 10 7 2 8 11 5 10 9 8 8 7 7 7 11 11 5 5 4 4 4 4 4 4 4 11 4 4 4 5 4 11 2 3 10 7 10 7 7 8 8 11 4 5 7 0 7 9 8 10 10 8 8 11 2 11 4 5 4 4 10 10 8 8 7 7 10 6 10 8 8 7 7 7 10 8 7 7 7 7 7 11 5 10 10 8 7 10 8 2 9 5 10 10 8 8 4 4 11 5 10 2 6 10 8 11 11 4 1 3 4 5 4 4 1 3 5 4 11 11 5 4 4 5 10 7 8 11 11 2 3 4 5 10 2 11 9 5 5 4 11 5 4 4 0 10 10 6 8 7 8 7 7 7 7 7 10 8 7 7 7 7 7 7 11 11 2 5 11 11 5 5 9 11 5 4 5 7 1 3 4 4 4 4 4 4 4 4 11 1 3 4 5 4 10 2 10 10 8 7 8 10 9 8 5 10 10 7 7 8 0 7 7 6 8 10 10 8 7 7 8 10 2 6 11 11 4 5 8 11 1 3 5 4 4 4 4 4 1 4 3 10 10 7 8 8 10 2 10 10 7 8 7 6 8 11 10 7 7 2 8 10 7 6 7 11 5 5 10 8 7 10 10 8 2 7 6 11 4 11 4 4 5 4 4 4 5 11 11 2 3 5 10 11 4 5 2 9 8 4 11 4 5 4 11 1 4 9 5 4 4 5 11 11 2 5 9 8 4 4 10 10 0 8 6 7 8 10 10 8 2 9 8 4 10 10 7 8 8 11 5 10 10 8 2 6 7 7 10 7 10 7 2 6 8 4 10 10 8 8 10 8 4 4 4 11 5 7 10 10 7 8 8 7 10 8 7 7 10 10 2 8 9 8 4 11 5 11 11 5 2 9 11 5 5 11 11 5 5 4 4 11 5 4 4 11 4 4 5 7 11 1 9 5 5 4 11 4 4 4 4 5 0 10 10 8 8 9 5 10 10 8 7 7 7 7 7 8 10 10 8 8 10 10 7 8 5 10 8 7 7 7 7 7 10 8 7 7 11 11 1 3 4 5 5 11 11 2 3 4 4 4 5 4 4 11 11 2 3 5 4 11 11 5 5 11 5 0 10 9 8 8 10 7 8 7 7 0 9 7 7 7 7 11 5 5 10 8 10 10 8 7 7 2 6 10 8 11 11 5 4 4 4 4 4 5 4 10 10 8 8 11 11 4 2 4 3 4 4 5 10 2 11 11 5 3 5 11 11 4 5 8 11 4 4 4 11 5 5 11 2 10 10 8 8 10 10 6 7 7 8 7 7 7 7 8 10 10 2 8
ppo_x50_b_fd_l4,13,qv26_20,26,328,True,1847.0,10.092700481414795,8 8 9 10 8 8 10 10 8 8 11 5 10 10 7 8 8 10 10 8 8 11 5 10 10 7 7 8 5 10 10 7 8 5 10 10 8 8 10 0 9 8 8 10 2 9 10 8 8 10 10 8 8 1 11 5 9 11 5 4 4 5 4 4 11 2 4 4 11 9 5 4 4 4 5 4 4 4 11 11 5 5 0 10 8 10 10 7 6 7 7 8 7 7 8 7 7 7 7 7 7 10 7 8 11 4 5 10 10 2 8 9 8 10 7 7 10 8 8 4 4 11 5 4 4 4 4 4 4 4 1 9 11 5 4 5 4 4 4 10 2 10 10 8 6 8 10 8 7 7 7 7 7 0 7 9 10 7 8 8 10 10 8 2 10 8 7 10 9 8 8 4 4 1 3 4 4 4 4 11 5 7 10 2 9 8 11 11 4 5 5 11 11 5 5 10 8 11 2 11 9 5 5 11 11 1 4 3 5 5 11 11 4 2 3 5 1 3 7 7 7 7 10 8 10 8 7 10 7 7 7 10 8 8 4 4 11 4 5 10 7 7 7 7 7 7 8 10 8 7 10 10 2 8 7 6 4 4 4 4 4 4 4 4 11 11 2 5 9 8 4 4 1 3 11 11 4 5 4 5 7 10 2 10 8 4 4 9 11 5 4 5 11 11 4 5 4 5 10 0 6 8 7 10 8 7 7 7 7 11 7 7 7 7 7 10 8 2 3 10 8 10 7 10 7 8 2 4 4 11 5 9 11 5 4 4 5 4 4 4 4 4 11 4 4 4 5 11 2 4 11 11 5 5 7 7 7 7 10 9 8 8 7 7 10 10 8 7 10 8 8 7 10 10 2 8 7 6 10 8 7 7 7 7 10 10 2 8 7 6 11 11 5 4 5 11 11 2 3 4 5 10 11 5 5 4 10 10 8 8 11 5 11 11 5 1 3 4 5 11 11 4 5 2 9 8 1 3 4 11 11 4 5 4 5 11 2 4 3 11 5 10 10 7 8 7 8 7 7 7 10 0 7 6 7 8 7 7 7 7 7 7 7 10 8 4 11 11 4 5 2 11 5 11 5 11 4 11 5 4 3 5 10 8 7 10 8 11 11 5 2 11 4 11 5 5 9 11 4 4 4 5 5 10 8 4 4 10 2 6 11 10 7 8 8 11 2 9 5 10 10 8 8 10 10 2 6 8 7 10 10 7 7 8 8 7 10 10 2 6 8 10 7 8 10 10 2 7 8 9 8 4 4 4 4 10 8 11 5 4 4 4 11 11 5 4 2 11 5 11 5 3 11 11 5 4 5 10 11 5 4 4 4 4 5 11 11 5 2 3 10 10 7 7 8 2 9 8 7 10 8 10 10 0 6 8 7 7 7 7 7 7 8 10 8 7 7 0 7 10 7 8 7 6 11 11 2 5 4 4 4 4 11 5 9 4 11 5 5 4 4 4 4 4 4 11 5 4 4 4 11 5 7 10 10 2 6 8 11 10 8 7 8 10 10 8 7 7 0 6 8 11 5 10 10 2 8 10 9 8 7 7 8 4 11 5 4 10 10 7 8 8 10 10 8 8 11 5 7 7 7 10 10 2 8 6 4 11 5 11 11 5 5 10 2 11 9 5 5 4 4 4 4 1 3 4 4 11 5 4 4 4 4 4 4 4 4 11 11 2 5 3 10 8 7 10 11 7 8 8 7 10 7 10 2 8 9 5 10 8 7 7 7 10 10 7 8 7 8 7 11 2 11 3 11 5 5 10 8 11 11 4 4 5 2 11 4 9 5 4 4 4 5 11 4 5 10 10 2 8 10 7 6 7 7 7 0 9 8 8 7 7 7 7 7 10 7 7 8 4 4 11 2 4 3 10 10 8 8 10 10 8 8 10 7 7 8 1 9 5 4 11 5 4 4 1 4 4 3 4 4 1 11 9 4 5 7 8 11 5 4 4 10 10 8 8 11 5 4 4 4 10 8 11 2 10 10 8 6 8 10 10 8 7 8 10 10 7 8 8 7 7 10 10 8 7 8 7 10 10 8 8 4 4 10 2 11 3 4 5 7 11 11 5 2 4 4 9 11 4 4 5 8 11 4 4 4 1 3 4 5 4 11 11 5 4 4 5 11 2 4 11 9 5 5 7 0 9 8 10 7 10 0 6 8 5 7 7 7 10 7 0 7 6 7 8 7 10 10 8 2 9 8 11 5 4 11 11 4 5 2 10 8 9 10 0 6 7 7 7 8 5 4 10 10 7 8 5 4 10 2 6 7 10 10 8 7 8 10 2 6 11 11 5 5 4 4 10 11 5 5 4 4 4 4 4 4 1 11 9 5 5 11 4 11 2 5 10 8 10 10 6 7 8 1 5 11 5 4 11 9 5 5 11 5 4 4 4 4 4 11 5 10 2 10 10 8 8 10 9 7 8 5 10 8 7 7 11 5 10 10 8 7 8 7 10 7 8 4 11 5 10 10 7 8 8 10 7 7 7 7 8 1 3 4 11 11 1 3 5 5 4 10 10 2 8 11 5 11 9 5 4 4 4 4 5 4 4 4 4 0 6 10 10 7 8 7 7 8 7 10 8 11 10 8 8 7 7 1 4 11 9 5 4 5 11 11 5 5 10 8 7 7 7 7 7 7 7 7 7 7 7 10 10 8 7 8 1 3 11 5 4 11 11 1 3 5 4 5 1 9 8 11 4 4 4 4 4 4 4 5 4 4 4 11 11 4 4 4 2 3 5 7 10 7 8 10 7 8 10 10 7 8 7 7 10 2 8 7 7 9 10 8 8 7 10 10 7 8 8 1 11 5 3 4 11 11 1 3 4 5 4 5 10 2 3 11 4 11 5 2 3 10 2 9 10 7 8 8 7 1 9 10 8 8 7 7 7 7 7 7 10 10 8 2 6 4 11 5 4 11 11 5 5 11 2 6 11 11 4 4 5 4 4 5 10 11 5 5 4 4 4 4 11 11 4 5 5 10 8 11 11 2 5 3 7 7 7 10 7 7 7 8 10 10 8 2 6 7 11 5 10 10 8 7 8 10 10 2 8 9 5 7 7 0 6 10 8 4 11 11 5 4 5 4 11 5 4 4 11 5 4 4 4 11 11 5 5 11 2 11 4 4 3 10 8 8 10 7 8 7 7 10 10 8 0 6 7 8 10 10 0 6 8 7 10 8 8 4 10 8 7 7 7 7 11 10 8 8 11 5 10 7 10 2 8 9 5 10 10 8 8 10 8 1 3 4 4 4 4 11 11 2 5 3 4 4 1 3 4 4 4 10 8 11 11 5 5 4 4 4 4 11 2 11 9 5 4 5 4 0 10 10 8 7 7 8 7 7 6 7 10 8 7 10 10 8 8 7 7 10 7 7 8 7 10 8 11 11 4 4 5 2 9 7 8 11 11 5 5 11 11 2 5 11 9 5 4 5 4 11 11 5 4 5 4 1 3 10 7 8 10 8 7 7 10 10 8 8 11 4 5 11 5 10 10 8 0 7 6 7 8 7 10 10 2 8 10 10 8 6 8 10 8 7 7 11 11 5 2 11 3 4 5 11 5 4 4 1 3 4 4 4 4 4 1 4 3 11 11 5 4 5 4 4 11 11 5 2 4 4 10 10 8 8 7 10 9 8 8 7 7 7 7 7 10 10 8 2 9 8 10 10 7 8 7 8 7 10 7 7 8 7 10 8 7 10 2 6 11 11 4 5 5 11 11 5 4 4 4 4 5 10 10 8 8 11 4 11 2 3 4 5 4 11 5 10 8 4 4 1 3 4 4 4 4 4 11 11 5 2 9 5 7 0 10 8 10 10 7 8 8 9 5 10 8 10 10 8 2 9 8 10 10 2 8 11 5 9 10 7 7 7 7 8 5 10 10 8 8 10 7 8 7 10 10 8 7 7 8 1 11 3 4 4 11 4 5 5 10 8 11 11 4 5 4 4 5 4 11 5 10 10 8 2 11 5 11 11 5 3 4 5 4 4 4 4 1 4 3 11 5 4 10 10 8 2 9 8 10 10 8 8 10 10 7 7 2 6 7 8 7 7 10 7 7 8 10 10 8 8 7 7 7 7 7 10 10 8 8 11 4 4 11 5 2 9 5 11 11 5 4 4 4 4 11 5 8 4 4 4 4 1 9 5 11 2 10 10 8 8 7 7 10 10 8 8
ppo_x50_b_fd_l4,14,qv26_21,26,330,True,1817.0,28.75037455558777,8 8 10 9 8 8 10 0 9 8 8 10 2 10 9 8 8 10 10 8 8 11 5 10 2 10 10 6 8 8 10 10 8 8 11 5 7 10 10 8 8 0 9 10 7 7 8 8 10 10 8 8 11 5 10 10 2 8 10 10 8 8 9 10 8 8 1 9 5 10 11 5 5 4 11 4 11 4 4 5 5 10 8 11 4 4 1 4 3 5 11 11 4 5 8 4 11 4 5 4 1 4 4 4 9 11 4 5 8 11 2 10 9 8 8 11 5 10 10 8 2 10 10 8 8 10 9 7 8 5 10 7 7 7 7 8 7 10 10 8 8 10 2 3 10 10 8 8 10 7 10 8 2 9 8 7 7 11 11 4 5 5 10 8 11 11 5 4 4 4 5 4 4 11 0 9 5 4 5 4 4 4 4 4 11 4 5 11 11 5 2 3 10 10 7 7 7 7 0 6 7 0 6 7 8 7 7 7 10 8 7 7 7 8 7 7 7 7 7 7 11 11 5 2 11 3 5 4 4 11 4 11 2 5 9 8 4 11 11 2 5 3 10 8 7 10 10 8 2 9 7 8 11 5 4 4 11 1 9 5 4 5 4 4 4 4 4 4 4 4 4 10 0 7 9 8 7 7 7 8 7 7 7 7 7 7 7 7 10 8 7 10 2 7 6 11 11 5 5 11 11 4 5 2 4 4 4 3 11 5 4 11 5 11 11 2 5 9 8 4 10 10 8 7 7 7 8 10 2 6 7 10 8 4 10 10 8 8 11 5 11 11 4 4 4 4 5 4 4 4 5 4 10 0 6 7 8 10 10 2 8 11 4 4 4 5 11 9 5 5 11 5 4 4 4 10 11 5 5 11 2 10 10 8 8 6 10 10 8 8 10 7 8 10 10 8 2 9 8 11 10 7 7 7 8 8 0 9 8 4 10 10 8 8 7 11 7 7 7 7 8 7 7 7 7 11 11 2 5 11 3 4 5 7 11 11 5 4 5 4 4 4 1 9 4 5 7 11 11 5 4 4 4 4 4 4 5 11 11 5 2 11 5 11 11 5 3 5 10 8 10 10 7 2 8 6 7 7 7 7 10 7 10 7 8 7 7 8 4 11 5 4 10 10 2 6 8 7 7 7 10 7 8 10 10 7 7 8 2 6 11 5 7 11 11 5 5 4 11 11 4 5 4 5 1 9 11 5 5 11 5 4 4 10 10 8 7 8 11 4 5 1 3 4 4 4 4 4 4 4 11 4 11 2 5 3 10 8 10 10 7 7 7 8 7 8 7 0 9 10 7 8 7 7 7 8 7 7 11 5 10 10 2 6 7 8 7 7 11 10 7 8 2 9 5 10 10 7 8 5 1 9 8 11 4 4 11 4 5 5 7 10 7 8 11 4 11 4 4 5 4 5 10 7 8 11 11 1 5 4 3 4 4 11 4 5 8 4 10 10 8 8 11 5 4 4 1 9 11 4 5 8 11 5 11 4 5 0 7 10 6 0 6 8 10 10 8 8 7 10 0 6 7 7 8 10 10 8 2 11 5 11 11 4 4 5 5 10 8 11 11 5 5 4 3 4 4 4 11 5 10 10 8 8 10 2 10 9 8 7 8 7 10 8 7 11 11 5 5 10 7 7 0 9 8 5 7 10 10 8 7 10 8 5 10 7 8 7 10 7 10 7 8 5 4 10 2 11 9 5 5 4 11 11 1 5 3 4 5 4 4 4 4 4 4 11 5 4 4 4 10 8 10 8 11 11 4 5 2 3 11 5 11 4 11 4 5 2 3 10 7 7 1 9 8 8 10 8 7 7 7 7 10 8 7 11 10 8 8 7 7 7 11 5 10 10 8 7 7 7 8 10 10 2 8 9 5 11 11 4 5 1 4 3 4 4 5 11 4 4 4 5 11 11 4 2 5 4 9 11 5 5 10 7 8 0 10 7 8 6 7 10 10 7 8 5 10 8 10 7 2 10 9 8 7 7 8 11 2 11 11 5 5 11 9 5 8 11 1 9 5 5 4 11 4 4 4 11 5 5 0 10 9 8 5 0 6 4 11 5 11 11 4 4 5 5 11 11 5 2 9 5 10 7 8 7 7 7 7 7 10 8 7 7 7 7 7 0 7 7 6 10 7 7 8 10 2 6 10 10 8 2 10 10 8 8 11 5 3 4 11 4 4 5 11 4 4 4 1 3 4 5 4 4 4 11 4 4 5 0 10 10 6 8 8 10 10 8 8 11 5 10 10 7 8 8 10 8 11 4 10 0 6 8 8 10 7 7 7 7 8 7 7 7 11 11 5 2 4 9 5 11 4 5 11 11 5 5 11 4 11 2 5 9 8 4 4 4 4 11 11 5 2 3 10 8 7 7 10 10 7 8 7 7 0 6 8 7 10 8 11 5 7 10 10 2 8 9 8 4 11 4 4 4 4 1 9 5 5 4 1 3 4 4 4 11 4 5 10 11 5 2 4 4 4 4 4 4 4 10 10 8 8 9 7 8 11 11 5 2 9 8 10 10 8 7 7 8 11 5 7 10 10 2 6 7 8 7 11 10 7 8 5 10 10 2 6 8 10 10 8 8 11 2 11 4 5 10 9 8 8 10 10 7 8 7 8 11 4 5 7 11 11 5 4 4 4 4 1 3 5 4 4 4 11 5 7 11 11 5 2 4 3 4 4 11 5 10 10 7 2 8 10 9 8 7 7 7 7 7 8 11 2 3 4 11 4 4 11 5 2 9 5 7 11 11 5 5 7 10 10 8 8 10 10 7 7 7 8 7 8 7 7 7 7 7 10 10 8 8 7 7 10 10 2 6 8 11 5 11 11 4 5 4 5 4 10 10 8 8 11 5 4 4 4 11 4 4 4 4 11 2 5 9 5 7 11 11 4 5 2 4 9 5 7 7 10 10 8 7 7 7 8 10 10 2 8 10 10 7 8 6 8 11 5 11 4 10 8 8 11 10 7 7 7 8 5 10 8 7 7 11 11 5 2 9 11 5 4 4 4 4 5 4 4 4 4 11 5 4 4 4 11 11 5 5 11 4 4 4 11 2 5 9 8 7 7 7 7 1 9 10 8 8 10 7 7 10 8 7 8 4 10 2 9 11 4 5 8 4 4 11 2 3 4 4 4 4 4 4 4 10 10 0 6 7 8 2 10 8 7 9 8 10 10 8 7 7 7 7 10 7 8 5 11 5 7 7 10 0 9 8 7 8 7 10 2 6 7 7 7 7 11 11 2 4 3 5 10 8 4 4 4 4 11 11 5 5 11 5 4 4 4 4 4 4 11 4 5 0 9 7 8 10 7 10 8 8 10 10 7 7 8 7 7 8 1 11 11 5 5 3 4 4 4 4 11 5 1 11 9 5 8 4 4 4 4 4 4 11 11 2 5 10 8 7 10 10 7 8 6 8 10 8 11 4 5 10 10 7 8 7 8 11 10 8 8 7 10 10 7 7 8 7 8 10 10 8 7 8 10 10 8 2 9 8 4 4 4 4 4 4 11 5 11 4 4 4 4 4 11 4 5 2 9 8 11 4 5 10 10 7 8 8 10 10 8 7 0 6 7 10 7 8 7 8 10 7 2 6 7 11 11 5 4 4 11 5 5 7 11 5 4 4 10 11 5 5 10 8 4 4 11 5 10 10 8 8 11 4 5 4 4 0 10 10 8 6 7 7 8 11 2 10 10 6 7 8 8 7 10 10 2 8 3 7 10 7 7 10 2 8 9 5 7 7 11 11 1 3 5 5 4 4 4 1 9 4 11 5 5 4 11 5 4 4 11 4 4 11 5 4 5 11 11 4 2 3 4 5 11 2 3 10 10 7 7 7 2 6 7 8 10 8 10 7 8 10 10 8 2 10 9 8 7 7 7 8 10 2 10 10 8 8 4 4 11 3 4 11 5 5 7 10 2 3 10 10 8 8 7 7 7 10 2 10 10 8 8 6 11 4 4 4 11 5 2 6 4 4 4 4 1 3 11 5 11 11 4 4 5 5 11 11 5 5 4 11 11 2 5 11 5 10 10 8 6 8 10 10 8 7 7 7 7 7 7 8 10 10 2 8 10 7 10 7 7 7 8 7 7 6 8 10 10 2 8
ppo_x50_b_fd_l4,15,qv26_22,26,327,True,1823.0,9.953184127807617,8 8 10 10 8 8 10 10 8 8 9 5 10 10 8 8 10 10 8 8 11 5 7 10 10 8 8 10 10 8 8 11 5 7 10 10 8 8 10 0 10 8 8 9 5 10 10 8 8 10 7 7 7 10 8 4 5 10 2 10 10 7 8 8 11 5 4 11 4 3 11 5 5 11 10 8 2 9 8 11 11 5 5 4 11 1 3 4 4 5 4 4 4 11 11 5 4 5 4 4 10 8 11 11 5 4 5 11 2 3 7 7 11 10 8 8 10 10 0 6 8 7 7 7 7 8 10 10 8 7 7 7 8 7 10 0 7 7 9 8 8 7 7 11 2 11 11 3 4 4 5 5 11 11 4 4 4 5 5 10 8 4 4 10 8 11 11 5 5 0 9 11 4 5 8 11 4 5 4 4 0 10 9 8 7 7 8 7 7 7 7 10 8 7 11 2 3 4 11 5 4 4 4 1 4 4 4 9 4 4 5 11 11 4 4 5 4 2 9 10 8 8 11 5 10 10 8 8 7 7 7 7 10 10 7 8 8 11 5 11 5 7 10 10 2 6 8 11 7 7 10 7 7 0 8 6 8 7 10 8 7 10 7 8 11 11 5 2 11 4 3 5 10 11 4 5 4 5 10 10 2 8 9 8 10 11 5 5 1 3 4 4 11 11 4 5 8 11 5 11 11 4 4 5 8 11 2 6 11 11 5 5 11 4 1 3 4 5 10 10 7 8 8 10 10 8 7 7 8 10 7 7 7 7 8 10 10 8 7 8 4 10 2 10 10 8 7 8 10 10 7 8 7 7 6 8 4 11 10 8 2 9 8 11 1 9 5 4 5 4 11 5 11 5 4 11 11 5 4 4 4 4 4 4 4 4 4 11 2 3 5 4 10 10 8 8 11 5 11 5 4 4 11 11 5 2 9 7 8 11 5 10 10 7 0 6 8 7 8 7 7 7 7 7 7 7 7 7 7 10 8 11 2 11 5 4 10 10 8 6 8 10 2 7 7 7 6 7 10 10 2 8 9 8 4 4 11 11 5 5 4 11 5 11 11 5 4 4 5 4 4 4 10 11 5 5 4 10 2 10 9 8 7 8 7 11 2 10 9 8 7 7 7 8 11 5 10 7 10 8 7 7 7 8 10 2 10 8 11 11 4 4 3 5 5 4 4 4 4 4 11 2 4 3 4 4 11 1 9 5 5 11 11 5 5 11 4 5 10 2 10 10 7 8 8 9 5 10 10 8 8 10 7 10 8 8 10 2 9 10 7 8 8 11 5 10 7 7 7 11 2 5 11 11 5 5 11 4 5 4 4 9 11 5 5 11 5 4 4 11 4 11 5 5 11 5 11 2 3 10 10 7 2 6 8 10 10 2 7 8 9 8 11 11 5 2 3 10 8 10 7 10 8 8 7 10 10 8 8 10 8 10 8 7 7 7 7 7 7 7 7 7 11 5 10 10 8 8 4 10 2 11 11 5 4 5 9 11 4 5 4 5 10 8 4 4 11 5 7 7 7 7 11 11 5 4 5 11 5 4 4 4 1 9 5 4 4 10 11 5 5 4 4 4 4 4 4 11 5 10 8 10 10 7 2 8 7 7 7 9 8 10 10 8 7 2 10 6 10 7 8 7 7 7 8 11 2 4 9 11 5 5 10 8 10 10 8 8 4 10 2 10 7 7 7 9 8 7 8 4 4 4 4 11 2 11 9 5 4 5 4 4 4 11 4 4 4 5 4 4 4 4 10 2 10 10 7 7 6 8 8 7 10 10 8 8 7 7 7 10 10 8 2 7 7 10 8 6 7 7 7 7 11 11 5 2 11 4 3 4 1 5 3 4 11 5 11 11 4 5 5 10 2 9 8 11 11 5 4 5 4 4 4 4 11 4 4 5 11 11 2 5 9 8 4 4 10 10 8 8 7 7 7 7 0 10 9 7 8 8 11 5 10 10 8 8 7 7 7 7 7 7 7 0 10 8 9 5 10 10 8 8 1 11 4 4 5 9 8 11 11 5 2 6 11 5 4 4 4 4 4 4 4 11 4 5 4 10 10 7 8 8 11 2 3 10 10 8 7 7 8 7 10 8 7 10 8 7 7 7 7 10 10 8 8 11 2 10 9 8 8 11 4 4 4 4 5 4 4 4 4 4 11 5 4 4 11 4 1 4 3 4 4 4 4 4 5 10 10 8 2 6 11 5 10 10 7 7 8 7 7 8 7 10 10 7 8 7 8 11 2 3 11 5 10 7 10 8 8 0 6 7 7 10 8 4 10 10 7 8 5 10 7 7 7 7 8 11 2 7 9 11 5 5 4 4 4 11 1 3 5 4 4 11 11 2 3 5 11 4 4 4 4 1 4 4 4 3 5 0 7 9 8 10 10 8 8 7 7 10 10 2 8 6 7 7 7 7 10 10 7 8 5 1 9 5 4 11 11 5 4 4 5 4 10 11 5 1 3 4 5 4 4 11 2 11 4 3 5 10 10 8 2 9 7 8 10 10 7 8 7 8 10 10 2 6 7 7 8 7 7 10 7 0 10 7 7 8 7 8 9 4 5 10 10 8 8 11 5 11 11 5 5 4 11 11 5 4 2 3 4 4 4 4 4 4 11 5 4 11 2 4 4 4 4 11 4 5 4 3 10 10 7 8 8 10 10 7 2 6 8 10 10 7 7 8 8 7 10 8 7 7 7 7 7 10 8 7 7 10 8 4 10 10 2 8 9 5 7 7 11 11 1 3 5 4 5 11 11 5 5 11 11 2 5 4 3 4 4 11 5 4 4 11 11 5 2 9 5 7 10 10 7 8 7 8 10 10 8 8 11 4 4 5 10 8 7 7 7 10 10 8 2 3 11 5 11 11 5 5 11 5 11 11 5 4 4 4 5 4 11 5 7 10 2 10 10 8 7 7 6 7 7 8 7 10 10 7 7 2 6 8 10 10 8 7 8 11 11 5 2 9 4 4 5 4 4 11 11 4 4 5 4 4 4 4 4 5 11 11 5 4 1 4 5 9 5 10 10 8 8 10 8 7 7 0 7 7 9 10 8 2 7 7 9 8 7 7 10 10 2 8 10 9 8 7 8 7 7 1 11 5 3 4 4 4 4 4 4 4 11 4 4 4 5 11 11 5 2 11 5 11 9 4 5 4 5 11 2 3 10 10 7 8 8 7 10 8 7 10 8 7 10 10 7 8 8 11 5 10 10 2 6 7 10 8 5 10 8 10 8 7 7 10 10 2 6 8 10 10 7 7 7 8 2 9 4 4 5 11 5 4 4 4 11 5 4 4 4 4 4 4 11 5 11 11 2 3 4 4 4 4 4 5 10 2 10 10 8 7 8 10 10 8 8 6 7 10 8 10 8 7 0 6 7 10 10 8 7 7 7 7 8 11 10 8 8 10 10 8 2 9 8 4 4 4 4 4 10 11 5 4 5 4 4 10 11 2 3 5 11 4 4 5 4 4 4 4 11 5 4 4 11 4 4 5 10 10 8 8 10 10 2 8 9 5 10 10 0 7 7 8 8 9 5 10 10 0 6 7 8 8 10 2 10 6 10 8 7 7 7 8 10 7 8 7 7 10 8 11 4 1 9 5 4 4 4 5 7 10 11 5 5 4 4 4 4 1 11 9 5 8 11 5 4 11 5 4 4 4 4 4 11 11 5 2 9 8 7 10 10 7 8 2 10 10 8 6 7 7 7 8 7 1 3 11 4 4 4 4 4 5 4 11 5 11 11 5 5 0 7 10 7 8 10 7 7 10 7 6 7 8 7 7 7 8 10 2 10 10 7 8 6 8 11 5 10 10 8 8 0 7 10 8 9 8 7 11 11 5 5 11 11 5 5 7 10 8 11 11 5 5 11 11 5 5 4 4 4 10 11 5 5 4 10 10 8 8 11 5 10 11 2 4 3 5 11 11 5 2 11 5 4 3 10 7 10 8 8 7 7 10 10 7 8 8 10 7 7 8 7 7 10 10 8 8 7 11 11 2 5 11 11 4 4 5 3 4 4 4 5 7 11 11 5 4 4 5 11 5 4 4 4 4 4 4 4 4 11 11 5 5 10 8 4 10 10 8 8 10 10 2 7 8 7 10 7 10 8 7 7 7 8
ppo_x50_b_fd_l4,16,qv26_23,26,322,True,1797.0,8.641892194747925,8 8 10 9 8 8 0 10 9 8 8 10 2 10 10 8 8 9 10 8 8 11 5 11 5 10 10 7 7 8 8 10 0 9 8 8 10 2 10 10 8 8 10 10 8 8 9 5 10 10 8 8 11 5 10 10 0 6 8 8 10 10 8 8 1 9 5 11 10 8 8 7 7 11 11 5 5 4 11 4 5 7 11 11 5 4 4 4 5 11 11 2 3 5 4 4 4 11 5 0 9 8 10 10 8 8 11 2 9 10 8 7 7 8 7 11 10 8 7 8 7 7 7 11 11 4 5 4 4 4 4 5 7 7 11 2 3 4 4 4 4 4 11 11 4 5 8 7 10 2 10 8 11 9 5 4 5 4 4 4 4 4 4 4 10 10 0 7 8 8 4 10 9 8 8 7 7 7 7 7 7 7 7 7 7 10 7 7 8 11 5 7 7 11 10 8 8 7 7 11 11 2 5 4 4 3 4 4 11 4 1 3 4 5 10 10 8 8 11 5 4 4 4 4 4 4 11 4 5 10 8 7 7 0 7 7 6 7 7 7 7 7 7 7 10 7 8 11 11 5 2 10 8 11 11 4 4 5 5 9 11 4 5 5 11 4 4 4 11 4 4 5 1 3 5 11 2 3 10 10 8 8 10 10 2 8 9 8 11 10 7 8 2 9 5 10 7 7 7 0 9 8 8 7 10 8 1 11 3 4 4 4 4 5 11 4 11 5 2 6 11 4 4 5 7 11 11 5 4 4 5 4 10 2 10 10 8 6 8 10 7 7 10 7 2 6 8 7 10 10 7 8 5 10 7 7 10 2 8 6 7 10 8 10 7 10 8 7 8 11 4 4 5 10 8 7 7 7 0 6 11 11 5 5 11 5 11 11 2 3 4 4 4 5 4 11 11 5 5 10 2 6 11 11 5 5 4 4 4 11 5 7 10 0 8 11 9 5 5 10 10 8 7 8 7 10 10 8 7 7 8 1 11 9 5 5 11 2 6 11 5 11 11 4 5 8 4 4 4 4 4 11 5 10 2 10 8 10 10 8 7 6 7 8 7 7 7 10 8 7 7 7 10 7 7 8 10 2 9 7 8 4 11 11 1 3 4 5 5 11 11 5 4 4 5 4 4 4 11 4 4 4 4 4 11 5 2 9 8 11 11 5 5 11 2 3 4 4 10 10 8 8 7 7 7 7 7 7 10 8 11 5 7 7 7 7 7 10 8 10 10 8 8 10 7 7 10 2 8 10 8 11 9 5 5 10 8 11 11 4 4 4 5 4 4 5 10 2 11 11 5 3 5 11 4 11 4 5 8 11 4 4 5 0 6 10 8 10 10 8 7 8 7 7 0 6 7 11 10 8 8 10 7 2 6 4 11 5 4 4 4 11 11 5 5 4 11 4 4 11 2 5 11 9 5 5 10 8 7 11 11 2 3 4 4 4 5 11 2 3 10 10 7 8 8 7 7 7 7 7 7 10 10 2 6 7 8 10 10 8 8 11 2 6 10 10 8 7 7 8 11 2 3 10 10 8 8 10 10 7 7 2 8 6 11 5 4 4 4 4 4 4 4 4 4 4 11 1 3 4 4 4 5 1 3 10 7 8 10 10 7 8 8 11 5 10 10 8 8 11 2 3 7 7 7 7 7 7 10 8 7 7 7 7 7 11 11 5 2 3 4 4 11 4 4 4 5 11 11 2 3 5 4 11 5 10 8 4 11 11 5 4 5 4 4 4 4 11 5 10 2 9 8 11 11 5 5 7 7 0 9 5 10 10 7 8 7 8 10 8 7 7 0 7 9 10 8 7 8 7 7 7 7 0 10 8 6 4 10 8 11 11 2 3 4 4 4 5 11 2 11 9 5 4 4 5 4 10 8 11 11 5 5 11 4 4 4 4 5 4 4 11 11 2 5 3 4 10 10 8 7 7 7 7 10 8 8 11 5 0 7 10 9 8 8 11 5 10 10 7 8 7 8 7 7 10 10 8 2 9 5 11 11 5 2 4 4 4 4 4 3 4 4 4 4 11 1 9 5 4 5 10 2 10 10 8 8 10 8 6 10 10 7 8 8 10 2 10 7 10 6 7 7 8 5 10 7 7 7 10 8 8 10 8 11 11 5 4 5 4 10 2 11 11 5 4 3 5 11 5 11 11 4 2 4 3 5 10 7 0 7 7 8 7 7 7 9 8 7 7 7 7 7 10 2 7 6 7 11 11 5 5 4 11 11 4 2 5 3 4 4 4 4 11 4 4 4 11 5 2 11 5 3 4 4 4 11 5 4 4 11 11 2 5 9 8 10 7 10 2 6 7 8 10 8 7 7 10 10 8 8 10 10 7 0 7 8 8 7 6 7 7 7 7 10 10 2 8 9 5 11 4 11 4 5 5 10 8 4 4 4 11 5 11 11 4 4 2 5 11 3 5 11 11 2 5 9 5 0 6 11 10 8 8 7 10 10 8 8 7 7 7 7 7 10 8 11 5 7 0 6 11 4 4 4 4 4 4 5 4 4 11 4 5 4 4 4 4 11 11 5 2 9 11 5 5 10 8 7 7 10 10 7 7 8 5 10 10 8 8 11 5 7 10 10 8 2 9 5 7 7 7 10 10 7 8 5 10 0 10 8 8 11 5 11 5 7 7 7 7 7 6 7 7 11 11 2 5 9 11 5 5 4 11 4 5 11 11 5 4 4 4 4 5 4 11 11 2 3 5 4 4 10 2 10 10 8 6 7 7 7 7 7 7 8 10 8 7 10 7 10 8 8 11 2 10 9 5 5 10 7 7 8 7 7 11 11 5 4 4 4 5 4 4 4 4 4 4 11 5 10 11 2 3 5 4 4 4 11 11 4 5 4 5 7 10 8 4 4 4 4 4 10 10 8 2 9 8 10 10 2 6 8 10 8 7 7 7 0 10 9 8 7 7 8 10 10 8 7 10 8 8 11 5 7 7 7 7 7 10 10 8 2 9 8 4 11 5 11 11 1 5 5 3 4 4 4 4 4 4 10 10 8 2 11 5 3 4 4 11 4 5 4 10 10 0 6 8 5 10 2 7 7 7 10 10 8 6 7 7 7 8 11 5 7 10 2 3 11 11 5 5 11 5 4 11 11 5 2 7 9 8 10 10 8 8 11 2 11 4 4 4 11 5 5 11 3 4 5 11 11 4 4 5 2 7 11 9 5 4 5 11 5 4 10 10 0 8 6 7 0 6 8 10 10 2 6 7 7 8 7 7 7 0 6 7 10 7 7 8 10 7 7 7 2 7 7 6 11 11 5 5 4 4 4 4 4 4 4 4 4 4 11 4 4 4 4 5 11 11 4 5 2 9 8 7 10 8 7 7 7 7 7 10 10 7 8 2 9 5 10 10 7 7 8 5 7 7 10 2 6 11 11 4 5 4 5 4 4 4 10 11 5 5 11 11 5 5 4 11 11 5 5 4 4 11 5 10 2 9 8 10 7 7 8 7 7 10 7 7 8 7 7 7 10 10 8 2 9 8 11 4 4 4 5 4 4 4 4 4 4 4 10 11 1 3 5 5 11 2 11 11 3 5 2 9 5 11 11 5 2 9 8 10 10 2 6 7 7 7 8 7 7 7 7 0 7 7 7 10 9 8 5 11 5 10 7 7 8 7 7 7 0 9 10 8 8 7 10 2 6 7 11 11 5 4 4 4 5 11 11 5 5 10 7 8 11 4 4 4 4 4 5 4 11 11 4 5 5 11 11 5 5 10 2 11 9 5 5 10 8 1 9 11 4 5 5 4 11 5 10 8 4 11 2 3 10 10 7 7 8 7 7 7 0 6 10 8 8 11 5 10 7 7 7 0 6 10 8 7 8 11 4 5 4 10 10 7 8 5 10 7 7 8 11 11 5 2 9 8 7 10 10 8 8 7 7 7 7 11 11 2 3 5 11 11 1 3 5 8 4 4 4 4 4 4 4 4 4 4 4 11 5 10 2 11 4 4 5 11 11 5 5 3 10 10 7 7 8 8 11 2 10 6 10 8 8 10 10 8 8 7 7 7 7 7 10 7 8 11 11 2 5 11 11 5 5
ppo_x50_b_fd_l4,17,qv26_24,26,315,True,1771.0,22.802685499191284,8 8 9 10 8 8 10 10 8 8 11 5 10 10 7 8 8 10 10 8 8 11 5 10 10 7 8 8 10 10 8 8 11 5 4 10 10 8 2 6 10 10 7 8 5 10 10 8 8 10 10 8 8 4 10 8 11 11 5 2 9 11 5 5 4 4 10 0 10 8 7 7 8 7 10 10 8 8 10 10 8 8 9 5 4 4 4 4 4 4 11 5 4 4 4 11 11 5 4 4 4 5 7 11 11 2 3 4 5 11 11 2 5 3 10 7 7 7 8 7 7 7 7 10 8 10 10 8 8 7 10 10 2 8 6 4 4 4 4 4 11 5 11 11 5 4 4 5 1 3 10 10 8 8 7 7 7 7 7 7 7 10 7 7 8 7 10 7 10 7 7 7 8 5 10 2 11 9 4 5 8 4 4 4 4 11 2 3 11 4 5 4 11 11 5 4 4 4 4 4 5 11 4 4 11 2 5 9 8 4 4 4 4 10 10 8 8 7 10 8 7 0 10 7 7 6 7 8 0 9 8 7 7 11 10 7 8 2 9 5 10 10 0 6 7 8 5 10 7 7 8 7 7 7 11 11 5 2 4 9 5 4 10 11 2 3 4 5 4 4 4 4 4 4 4 4 11 5 11 2 4 11 11 4 5 8 9 5 7 10 8 10 10 8 7 8 4 10 10 8 8 11 5 10 8 7 7 7 7 7 7 7 7 10 10 2 8 9 5 7 7 7 11 11 5 4 4 5 10 2 6 7 11 11 4 1 3 5 4 4 4 4 11 5 4 5 4 4 4 4 4 10 2 11 3 11 5 4 4 5 10 2 6 10 10 8 7 7 7 7 7 8 7 7 10 8 4 11 2 11 5 10 7 10 6 8 8 10 8 7 7 10 10 8 2 9 8 4 4 11 4 11 5 5 4 11 11 5 2 3 11 5 4 4 11 11 5 2 11 4 5 11 5 4 3 4 10 10 2 6 7 7 8 7 7 7 7 7 10 8 7 10 8 10 10 7 8 2 10 9 8 8 10 2 7 7 6 7 10 8 7 7 11 11 1 5 3 4 5 4 4 4 1 11 4 5 9 8 10 7 11 5 5 4 4 11 5 11 11 4 4 2 5 11 3 5 11 11 5 5 11 5 7 7 10 10 8 7 8 7 7 7 10 7 7 8 7 7 10 10 8 2 10 6 8 11 11 5 4 4 5 11 11 5 2 11 5 11 9 5 5 11 5 4 4 4 11 5 11 11 5 2 11 11 5 3 5 10 8 10 10 7 7 7 7 8 8 7 7 0 6 7 10 7 8 1 9 11 5 5 11 11 5 5 10 8 11 4 11 4 5 8 11 5 4 10 11 5 5 4 11 11 4 4 2 3 5 4 10 8 7 7 7 7 7 7 7 11 10 8 8 11 5 10 10 2 6 8 7 10 10 7 7 8 5 10 2 7 10 7 10 7 6 7 8 8 10 7 2 6 11 11 5 5 11 11 5 4 2 3 4 4 1 9 5 11 11 2 3 4 4 4 5 4 4 4 4 11 2 4 3 10 10 8 8 10 8 7 7 7 7 10 7 8 7 7 10 7 8 10 10 7 8 8 7 11 1 9 5 5 10 8 11 11 5 4 4 11 4 5 5 10 8 11 4 11 5 4 5 10 8 4 4 4 11 11 2 3 5 7 10 2 10 8 10 10 8 6 8 7 10 7 7 10 2 8 11 5 4 4 11 11 5 5 4 11 4 4 4 3 1 9 5 4 4 5 4 4 11 2 3 10 10 7 8 7 8 10 8 7 7 10 8 10 7 8 0 9 10 7 7 8 2 10 6 10 8 7 7 8 7 7 0 7 7 6 11 11 5 5 11 5 11 4 11 5 5 4 4 4 4 4 4 11 1 9 5 8 11 4 4 5 11 11 4 4 5 8 4 10 2 10 10 8 8 6 7 7 0 7 6 10 8 7 7 7 7 7 10 10 8 7 7 8 7 7 10 8 4 11 4 11 2 5 11 5 3 4 4 4 4 4 11 5 4 1 4 9 11 5 5 4 4 11 5 10 7 11 5 2 9 5 11 11 5 4 4 5 4 10 0 10 6 8 8 7 7 7 10 7 7 8 7 7 7 10 8 11 5 10 10 7 8 7 7 7 7 7 0 7 6 8 11 11 5 5 10 8 11 11 4 4 5 8 11 5 4 4 11 5 11 11 4 4 4 5 5 10 2 6 11 11 5 5 11 2 4 4 9 5 0 10 10 8 8 10 7 8 6 7 10 7 7 8 10 10 8 2 10 6 8 10 8 7 7 11 5 10 10 8 7 7 8 10 2 11 11 5 5 3 4 4 11 4 1 3 5 4 4 4 11 11 5 5 11 4 4 4 5 0 9 11 5 5 11 2 11 11 5 3 4 5 10 0 6 7 7 7 7 7 7 7 7 8 7 10 8 7 7 10 1 9 8 8 7 7 10 8 10 10 8 7 8 11 1 4 4 5 11 11 4 5 3 5 11 11 5 4 4 4 4 11 4 5 5 10 2 7 7 6 10 8 11 11 5 5 11 11 5 5 4 4 10 2 9 10 7 8 7 8 11 11 5 2 9 8 10 8 7 7 7 7 7 7 7 7 7 7 7 7 10 10 8 2 11 5 6 11 11 4 5 5 10 8 11 10 8 2 9 8 11 11 1 4 3 5 4 4 11 5 5 11 11 4 5 4 5 4 4 11 4 10 8 8 11 2 3 11 11 5 5 4 4 4 4 10 11 4 5 5 10 8 11 11 2 5 9 8 10 10 8 8 11 5 10 10 7 8 8 11 5 10 7 7 7 7 8 7 7 10 10 8 7 8 7 11 4 0 9 5 5 4 4 4 11 4 4 4 5 4 11 1 4 5 4 3 10 10 8 8 10 10 8 7 8 10 7 8 10 7 7 10 2 7 7 6 8 1 9 4 5 11 4 11 4 5 8 11 4 4 5 4 10 10 8 2 6 7 10 7 8 10 10 8 8 10 7 10 7 2 6 8 10 10 8 2 6 11 5 4 4 10 8 11 5 4 4 4 4 4 11 11 2 5 11 5 4 3 11 11 5 4 4 5 0 6 7 7 7 10 10 8 8 11 5 4 10 10 8 7 8 1 9 10 8 8 10 7 10 8 7 7 7 7 7 8 7 10 7 7 7 8 11 2 11 3 11 4 5 5 11 4 4 5 4 11 5 10 8 4 4 4 4 4 11 11 2 3 5 7 10 8 7 10 7 10 7 8 8 7 7 7 10 10 8 7 7 7 7 8 10 2 11 11 5 3 4 4 1 3 4 5 11 11 5 5 0 9 5 11 4 4 4 5 4 11 4 4 4 5 4 11 11 4 2 3 5 11 11 5 5 7 11 5 10 10 2 8 7 7 7 6 7 10 7 8 7 7 7 7 7 10 10 8 8 7 7 10 8 1 4 3 4 4 4 4 4 4 1 3 4 4 4 4 11 5 11 11 5 5 7 11 2 10 10 8 7 7 6 7 7 8 10 8 11 10 8 8 10 10 7 8 10 2 6 7 7 8 7 7 7 7 10 8 7 11 11 5 5 11 11 2 5 9 8 11 11 1 5 3 5 11 1 3 4 4 5 10 10 8 7 8 11 5 11 4 4 4 4 4 0 9 5 5 11 4 4 4 5 11 4 11 5 5 4 4 10 10 8 8 7 7 7 10 8 10 2 3 10 10 8 8 10 8 7 7 7 7 7 7 10 8 11 5 4 10 10 8 7 7 7 7 0 6 7 7 8 10 2 11 11 4 3 5 5 10 8 11 11 4 5 5 4 4 4 11 4 4 5 4 4 4 4 11 4 5 4 1 9 5 4 4 4 4 10 10 8 2 10 10 6 7 8 8 4 10 10 7 8 7 7 8 10 8 11 2 10 10 8 6 7 8 7 7 7 7 7 7 11 11 2 5 11 11 5 5 9 5 11 11 4 5 5 7 11 11 5 4 4 5 10 2 11 11 3 5 5 11 11 2 5
ppo_x50_b_fd_l4,18,qv26_25,26,325,True,1831.0,9.999181985855103,8 8 10 9 8 8 10 10 8 8 11 5 10 7 10 8 8 0 9 10 8 8 11 5 10 10 7 8 8 11 2 9 10 7 7 8 5 10 10 8 8 10 10 8 8 4 10 8 10 10 8 8 10 10 8 8 11 5 10 2 6 10 10 8 8 4 11 4 4 5 4 4 11 11 5 4 4 5 4 11 11 5 4 1 3 5 4 4 4 11 11 2 5 9 8 11 11 5 5 7 7 7 0 6 7 10 10 8 8 10 8 7 7 11 10 8 8 7 7 7 7 11 5 11 11 2 5 9 8 11 11 5 5 4 11 5 11 5 4 4 4 11 11 2 5 3 10 8 10 10 8 8 11 2 10 10 7 8 8 9 8 10 10 8 7 7 7 8 10 2 6 7 7 7 7 7 7 7 7 11 11 5 5 4 10 2 9 11 5 5 10 8 11 11 2 3 4 5 4 4 11 4 5 4 4 11 10 7 2 8 11 5 10 10 8 8 7 7 6 7 7 10 10 8 2 7 7 6 10 8 11 4 11 5 5 11 5 11 11 4 5 5 10 8 11 11 4 5 5 1 9 5 4 4 4 4 4 11 4 4 11 2 5 9 8 4 11 11 5 5 7 7 0 10 9 7 8 5 7 10 8 10 10 8 7 7 8 7 10 8 7 10 10 8 7 7 8 1 11 11 3 4 5 4 5 4 4 11 5 4 4 4 11 5 7 11 1 3 4 4 4 5 4 4 1 3 10 10 8 8 7 10 8 7 7 10 8 10 7 8 7 7 7 7 7 7 7 7 7 7 10 10 8 2 9 8 4 4 4 11 4 4 11 2 3 5 11 11 5 5 4 4 4 4 11 2 3 4 11 11 4 5 8 11 5 11 2 4 4 3 10 10 7 7 8 7 8 11 2 3 4 10 10 8 7 8 10 10 8 8 10 10 8 7 0 9 8 8 11 5 11 5 4 4 11 5 10 10 7 7 7 8 7 8 10 10 8 7 7 8 1 4 11 11 5 3 4 4 4 5 10 2 9 11 4 5 8 11 2 4 3 4 4 11 4 4 4 11 2 5 3 10 8 10 10 7 7 8 2 3 10 8 10 10 7 7 8 7 7 7 7 10 7 8 5 11 5 7 7 7 10 10 7 8 5 10 7 8 7 7 7 1 3 11 11 5 4 5 4 4 4 4 10 2 9 8 11 11 5 4 4 5 7 10 2 9 11 4 5 4 4 5 4 4 11 4 4 11 2 3 5 10 8 7 10 8 10 10 8 2 10 10 6 7 7 7 8 5 10 7 8 10 7 10 2 8 11 4 3 5 10 10 2 6 7 7 7 8 0 9 5 11 4 5 4 10 11 5 5 4 4 4 11 11 5 2 3 10 7 10 7 2 8 10 9 8 7 7 8 7 7 10 8 10 2 6 10 10 8 8 11 5 1 9 11 4 5 5 10 11 5 5 4 10 11 5 5 4 4 4 4 11 4 4 5 11 4 4 5 4 4 4 4 4 1 3 10 10 8 8 10 10 8 7 8 7 7 7 10 7 7 7 7 0 6 7 7 7 7 0 9 8 7 8 10 2 7 7 6 11 11 5 4 4 5 4 4 4 11 5 10 8 11 11 5 4 5 1 9 5 4 10 8 11 11 2 3 5 11 5 11 4 11 5 4 5 4 10 2 10 10 8 7 7 6 7 7 7 7 8 10 2 7 7 9 10 7 8 7 7 7 8 7 11 2 11 3 11 5 5 11 11 5 5 10 7 8 10 8 11 4 11 5 5 11 11 4 2 3 5 11 11 5 2 9 4 4 5 7 10 7 8 7 11 11 5 5 10 8 11 11 4 4 5 5 11 5 4 4 4 4 4 11 11 2 5 3 10 7 8 10 10 8 8 7 0 10 10 8 7 6 8 10 7 7 7 8 1 4 4 9 11 5 5 10 8 4 4 4 4 4 4 4 11 11 5 5 11 2 4 4 10 10 8 8 7 7 7 7 7 7 10 9 8 8 7 7 7 7 7 7 7 10 7 7 8 11 2 11 11 4 5 5 11 3 11 5 4 4 4 4 5 10 2 11 11 5 4 3 5 10 7 8 7 7 7 10 8 7 7 7 0 9 8 7 11 10 8 8 10 10 8 8 10 2 6 10 10 7 8 5 4 4 4 4 4 4 4 10 2 9 11 5 5 10 8 11 11 5 5 11 11 5 5 11 11 5 2 9 5 11 11 5 2 9 10 7 8 7 7 7 8 7 10 0 9 8 8 7 11 2 9 11 5 4 5 10 8 11 2 11 11 4 5 3 5 4 11 4 4 1 9 5 5 10 8 4 11 11 4 5 8 7 11 5 4 4 11 5 10 8 4 4 11 11 5 2 7 10 8 10 7 10 6 8 7 7 7 8 7 7 10 8 7 11 10 7 8 2 9 5 7 11 10 8 8 10 10 8 7 0 6 7 8 7 7 7 11 11 5 2 11 3 5 4 4 4 4 1 3 4 4 4 4 11 4 11 4 4 5 7 8 11 4 4 4 5 10 2 10 10 8 6 8 7 10 8 10 10 7 8 5 10 0 7 9 5 5 10 7 7 7 1 9 8 8 7 10 8 7 11 10 7 8 2 9 5 11 11 4 5 5 7 11 2 11 11 5 4 4 5 11 11 5 3 5 4 4 11 5 7 11 10 8 8 11 4 5 4 4 4 11 5 4 11 11 4 5 2 9 8 4 10 10 8 7 7 10 8 8 11 5 10 7 7 7 7 7 7 8 7 10 10 8 7 7 8 4 10 10 2 6 7 8 11 2 10 10 8 7 8 6 7 7 11 11 5 5 4 4 4 4 4 4 4 4 4 11 11 5 5 4 4 4 10 11 5 5 4 4 10 10 2 6 8 7 7 0 10 9 8 5 10 7 7 7 7 8 10 10 8 2 7 9 7 8 4 4 4 4 4 11 11 5 4 5 10 11 2 5 3 4 11 5 7 10 10 8 7 8 11 2 3 10 10 8 7 7 8 11 5 10 10 8 7 7 8 10 7 7 7 7 8 11 11 5 2 4 9 5 4 4 11 4 5 4 11 11 2 3 5 11 2 11 4 3 4 11 4 5 5 4 4 4 11 4 5 1 3 10 10 8 8 11 5 10 8 7 7 7 7 7 7 0 6 7 0 9 8 10 8 7 7 7 7 7 7 10 10 8 8 1 4 11 5 3 11 11 5 5 4 4 1 3 4 10 11 5 5 11 4 4 4 11 5 5 11 11 5 2 7 9 8 10 10 2 8 7 10 10 8 8 6 0 9 8 7 7 1 9 10 7 8 5 10 0 9 8 7 7 8 7 10 2 10 10 8 7 6 8 11 4 4 4 11 2 5 9 5 11 11 5 4 5 11 11 5 5 4 4 4 11 11 2 5 4 3 4 4 4 4 4 4 4 10 10 8 7 10 8 8 11 5 11 2 10 9 8 7 8 10 8 7 7 7 0 10 9 8 5 10 8 7 7 7 10 8 7 10 7 8 7 7 10 10 8 2 7 6 11 11 5 2 4 4 9 5 11 11 2 3 4 5 11 11 4 5 2 6 11 5 11 11 5 5 4 4 4 4 4 4 11 5 10 2 9 8 10 7 10 2 8 7 7 6 7 10 8 7 10 10 8 2 9 8 4 11 4 11 1 3 5 5 11 11 4 2 3 5 4 11 11 4 5 4 5 11 2 10 9 8 8 10 7 7 7 7 7 7 7 7 7 7 7 7 8 10 10 8 8 11 5 10 7 1 9 8 8 7 7 7 10 8 11 2 11 11 4 4 5 3 4 4 5 10 8 11 11 4 4 5 5 11 11 5 4 4 4 4 4 4 4 11 4 5 5 7 10 7 8 11 11 5 5 11 11 5 4 5 0 9 5 10 8 7 7 7 7 0 9 10 7 8 8 11 2 9 5 0 10 9 8 7 7 8 7 0 6 10 8 7 10 7 7 10 8 8 10 2 6 7 7 7 11 11 5 4 4 11 5 5 7 11 11 2 3 4 4 4 4 5 4 10 2 10 10 8 8 6 11 11 4 4 2 3 5 11 11 2 3 4 5 11 11 5 4 5 10 8 4 11 11 2 5 9 11 5 4 4 5 7 7 7 7 7 10 10 8 7 7 8
ppo_x50_b_fd_l4,19,qv26_26,26,325,True,1826.0,9.98599100112915,8 8 10 3 10 8 8 10 10 8 8 11 5 10 10 7 8 8 10 10 7 8 5 10 10 8 8 10 10 8 8 10 10 8 8 11 5 10 10 7 8 8 10 0 9 8 8 10 10 8 8 11 5 11 11 5 2 7 11 3 4 5 4 4 4 4 4 4 4 11 11 5 5 4 11 4 5 0 10 10 8 6 7 7 7 7 8 10 10 8 8 11 5 10 10 8 8 7 10 10 0 8 6 7 7 7 10 8 8 10 4 4 5 10 10 8 8 10 10 8 8 10 2 3 11 4 4 5 11 11 5 5 4 4 4 4 4 4 4 4 11 1 9 5 8 11 1 9 5 4 5 4 4 11 2 3 4 11 11 4 5 8 7 10 2 9 10 8 2 10 10 8 8 6 7 7 7 10 7 8 10 10 8 7 7 8 7 7 7 10 2 10 10 8 7 7 8 9 5 10 10 7 8 5 4 10 2 9 11 5 4 5 4 4 4 4 4 4 11 5 4 4 4 4 4 11 4 5 4 4 1 9 5 11 11 4 2 5 10 8 11 9 5 5 7 10 2 9 8 10 10 7 8 8 11 5 10 10 7 8 8 10 7 7 10 8 7 8 7 7 10 8 7 10 8 11 5 10 10 8 8 7 10 7 7 8 11 11 5 5 11 2 11 11 5 5 3 4 4 4 1 3 4 4 4 11 4 5 10 10 2 8 10 8 10 6 7 8 7 7 7 10 11 5 5 11 4 4 5 10 2 11 11 5 3 4 5 4 11 4 11 2 5 9 5 4 4 11 11 5 2 4 3 10 10 8 7 7 7 7 7 7 7 7 8 10 7 10 2 6 8 11 5 10 10 7 8 8 11 5 10 7 7 7 10 2 8 9 5 7 7 7 7 7 11 11 1 5 4 4 11 5 3 4 5 4 11 2 4 4 11 9 5 5 10 8 11 11 5 4 4 4 4 5 4 11 4 4 5 10 10 7 8 8 11 2 3 10 10 7 0 7 6 7 8 8 11 5 4 11 5 10 10 7 8 8 7 7 7 7 7 0 10 9 8 7 7 8 10 2 6 11 11 4 5 5 4 10 2 9 8 10 7 8 1 4 4 11 9 5 5 11 5 11 11 5 4 4 4 5 1 3 10 11 5 5 4 10 10 8 8 7 7 7 7 0 6 10 8 11 5 7 7 7 7 7 7 7 10 10 2 8 9 8 11 4 5 11 11 4 5 5 11 5 11 11 2 3 5 4 11 5 4 11 11 5 2 11 9 5 5 11 5 4 4 11 11 4 5 8 4 11 2 4 3 10 10 8 8 7 7 7 7 7 10 10 8 7 7 8 10 0 9 8 8 11 5 10 10 7 8 7 8 7 7 10 10 8 2 7 7 7 6 11 11 5 5 4 11 4 11 4 5 4 4 5 4 11 5 10 7 10 2 6 8 11 1 5 4 11 11 5 4 4 5 4 3 10 10 2 6 8 7 7 10 8 10 10 8 8 10 10 7 8 2 7 10 8 6 11 11 4 4 5 8 11 11 4 5 2 6 4 11 5 4 11 11 4 4 5 4 4 11 5 4 4 5 10 2 9 8 10 10 8 8 7 7 7 10 10 2 8 9 5 7 7 10 8 7 10 0 9 8 5 7 7 7 7 7 7 7 10 7 8 11 11 5 2 11 11 4 5 5 11 4 5 11 11 5 4 3 5 4 4 4 4 4 10 8 11 11 2 3 5 11 2 3 11 11 5 5 4 11 5 10 11 5 5 7 10 8 4 4 4 10 10 8 2 9 10 7 7 8 8 7 10 8 11 5 10 10 7 2 6 8 7 7 7 0 9 8 7 7 10 8 7 7 7 11 11 2 5 11 3 11 5 4 4 5 4 4 4 4 4 4 4 4 4 10 10 8 2 9 8 11 11 4 5 5 10 8 10 2 7 9 10 8 7 7 10 8 7 7 8 10 7 7 7 7 7 7 8 10 10 2 6 8 11 5 11 4 4 11 4 4 4 5 5 4 4 4 4 4 11 4 5 10 8 10 10 2 8 9 8 4 4 11 4 4 11 4 5 5 11 5 0 6 7 7 7 7 7 7 7 10 10 7 2 6 8 4 11 4 5 10 10 2 7 6 7 7 8 11 4 4 5 10 10 8 8 10 10 8 8 11 5 7 7 7 7 10 10 2 6 7 7 8 10 2 7 11 11 5 3 4 4 4 4 5 11 11 2 3 4 5 7 11 4 4 4 5 4 11 4 4 1 4 5 4 4 3 4 4 4 10 10 8 7 8 10 8 4 11 5 10 7 8 7 7 7 7 10 10 8 8 11 5 7 10 10 8 8 7 7 7 10 8 7 10 7 7 8 7 10 10 2 8 6 11 5 11 11 4 5 4 4 4 4 5 11 2 9 10 8 7 8 11 2 7 7 7 6 7 10 8 11 11 4 4 4 5 4 4 4 5 10 11 2 3 4 4 5 11 11 5 2 10 8 4 3 4 11 11 4 5 5 11 4 4 11 5 2 10 8 10 10 8 8 10 6 8 7 11 10 2 8 10 7 6 8 10 10 7 7 8 2 9 5 7 0 9 8 7 10 10 8 2 6 4 11 5 11 11 5 5 10 2 11 9 5 4 10 8 8 11 5 4 4 4 4 4 4 4 10 11 5 5 4 4 4 11 4 5 10 10 2 8 9 4 5 10 10 7 8 8 11 5 11 5 10 10 7 2 8 7 9 10 8 8 7 7 10 8 7 10 8 10 10 8 8 7 7 7 7 7 11 10 8 8 7 10 8 10 10 8 2 6 4 4 11 11 4 5 4 5 11 5 4 4 4 4 4 4 11 1 9 5 5 4 4 4 4 11 4 4 5 4 10 10 8 2 10 8 9 10 7 7 7 0 6 7 8 8 11 4 4 5 7 7 10 7 7 10 8 7 7 8 11 4 10 7 8 2 9 10 8 7 8 10 10 8 8 7 10 8 7 10 10 8 2 4 9 5 11 4 11 5 5 11 2 11 11 5 4 3 5 4 11 11 5 4 5 11 11 5 5 11 2 9 11 5 5 10 8 7 7 7 7 11 11 5 5 10 7 8 7 7 7 7 7 7 7 7 10 7 8 11 11 5 2 11 5 11 11 4 3 4 4 4 5 8 11 5 11 5 4 11 11 4 4 2 3 4 5 4 11 11 5 2 9 4 5 7 10 7 7 10 8 8 10 7 8 11 11 2 5 9 5 4 11 5 7 10 10 8 7 8 7 10 8 11 5 10 7 10 8 7 8 7 7 7 1 11 3 5 4 4 4 4 1 3 4 4 11 5 4 11 11 5 5 4 4 4 4 10 2 10 10 8 6 8 10 1 9 8 8 7 7 7 10 7 7 8 7 11 10 2 6 7 7 7 8 10 0 6 7 7 7 7 7 8 7 11 11 2 3 5 11 11 2 3 4 4 5 4 11 4 5 4 4 4 4 11 5 10 10 2 8 9 5 10 11 5 4 1 9 5 5 11 5 11 11 4 5 2 3 10 10 2 7 6 7 7 7 7 7 8 11 4 5 10 8 7 7 7 7 7 7 10 10 8 8 0 6 4 11 5 4 11 11 5 4 4 5 10 2 9 11 5 5 4 11 4 11 5 5 4 4 1 4 4 11 5 7 7 9 10 8 2 10 10 8 8 10 10 8 8 10 9 8 7 7 8 7 7 7 7 10 8 7 7 7 7 7 10 8 11 2 11 11 5 5 9 11 4 5 5 7 10 8 11 11 4 4 5 5 11 5 11 11 4 4 4 5 8 11 5 4 0 11 9 8 8 7 7 7 10 0 6 8 7 7 7 7 10 10 8 8 10 10 8 2 6 11 4 4 11 4 4 4 4 5 5 4 4 4 4 11 5 10 8 11 11 2 3 4 5 4 4 11 4 5 4 11 11 5 5 11 2 3 10 10 8 7 7 8 7 10 8 4 10 10 7 7 7 8 5 10 7 8 10 10 8 2 9 8 7 10 10 8 8 4 4 4 4 4 4 4 4 11 11 2 5 11 5 3 11 11 5 4 4 4 5 10 10 8 7 7 7 7 10 8 8 4 10 10 2 6 8 10 10 2 6 8 10 10 8 7 7 8 10 10 2 7 7 8
ppo_x50_b_fd_l4,20,qv26_27,26,322,True,1803.0,9.885257005691528,8 8 10 9 8 8 10 10 8 8 11 5 10 10 0 6 8 8 0 9 10 8 8 11 5 10 10 7 8 8 7 7 10 10 8 8 10 10 8 8 11 5 10 10 7 8 8 10 10 8 8 1 9 5 11 11 5 5 11 4 4 5 4 4 10 10 2 8 11 5 11 3 11 5 5 11 4 5 4 1 9 5 7 11 11 4 5 8 11 4 5 7 11 11 2 5 10 8 4 4 4 10 10 8 8 10 7 6 7 7 7 7 7 7 8 10 7 10 8 7 8 11 2 3 4 11 11 4 4 5 2 9 4 5 11 4 10 8 8 10 8 7 7 7 7 7 7 7 7 10 10 8 2 10 7 10 7 7 8 5 9 5 10 10 8 8 11 4 5 4 4 4 4 4 11 4 5 4 10 10 7 8 8 1 9 5 10 10 8 8 7 10 7 8 11 5 10 10 8 8 10 10 8 8 11 2 6 11 5 4 4 4 1 3 4 4 4 4 4 4 4 4 10 8 11 11 2 3 4 5 4 4 4 11 5 11 4 5 0 10 7 9 8 7 7 7 7 8 4 10 10 8 5 7 7 7 7 7 7 7 7 7 10 8 11 5 10 10 8 8 10 7 10 2 8 6 11 5 11 11 2 3 4 4 4 4 5 7 11 11 5 4 5 7 11 2 9 11 5 5 4 4 4 1 11 3 5 4 4 11 2 3 4 4 11 11 5 5 10 11 4 5 2 9 8 10 7 7 7 10 7 8 5 7 7 10 8 11 5 10 8 7 7 10 8 7 10 10 8 7 8 7 7 0 7 10 7 8 10 8 7 6 11 11 4 5 4 4 4 4 5 4 11 4 4 1 5 4 4 4 11 9 5 4 5 10 8 4 11 11 5 4 4 4 5 10 7 0 7 6 7 7 10 8 7 8 10 7 7 7 8 7 10 10 8 2 10 6 10 8 8 10 2 10 9 8 8 11 4 5 4 1 3 4 4 11 11 4 4 5 5 7 10 8 11 4 4 1 3 4 5 4 11 4 11 5 2 11 4 11 5 5 3 10 7 8 7 7 0 10 9 8 8 11 5 10 10 7 8 7 7 0 9 8 8 10 8 0 9 8 7 11 10 2 6 7 7 8 11 2 3 4 11 11 1 3 5 5 10 8 11 11 5 1 3 5 11 11 5 5 4 4 4 11 11 5 2 9 5 11 11 5 2 9 8 11 10 8 7 8 7 7 7 7 7 7 7 10 8 10 10 8 8 10 10 2 6 7 7 7 7 7 7 8 10 2 6 4 11 11 5 5 11 5 4 4 4 4 4 4 4 11 4 1 3 4 5 4 4 4 11 4 4 4 11 5 5 10 8 10 8 4 4 10 10 8 2 10 9 7 8 8 10 7 2 9 10 7 8 7 8 7 10 10 8 8 7 10 10 8 8 7 0 6 7 7 7 11 11 5 5 10 2 11 11 5 5 4 9 4 5 4 11 11 4 4 4 5 5 10 2 11 9 5 5 11 5 11 11 4 4 5 8 7 11 2 11 11 4 5 8 11 5 3 10 10 8 7 10 7 8 8 7 7 7 7 7 7 10 7 7 10 7 7 7 2 6 7 7 7 8 10 10 8 2 6 11 4 5 4 4 11 11 4 5 8 11 5 11 11 2 5 11 4 5 9 11 5 4 4 4 4 4 5 4 4 4 4 11 2 4 3 10 10 8 8 11 5 10 10 7 0 6 8 7 7 7 8 7 10 2 7 11 11 5 5 9 8 11 11 4 5 8 11 1 3 5 11 11 5 4 2 9 10 8 8 10 10 8 8 11 5 10 7 10 8 7 7 7 8 10 10 7 8 8 11 5 11 5 10 0 9 8 8 7 7 10 7 8 4 10 2 10 10 8 6 7 7 8 10 2 6 11 1 9 5 5 4 4 4 4 4 11 11 4 5 5 7 10 8 7 11 11 2 3 4 4 5 4 4 4 11 5 11 5 4 4 4 4 1 4 4 3 10 10 7 8 8 10 10 2 8 7 7 6 7 7 10 7 7 7 10 8 4 5 10 8 7 10 8 7 7 7 7 7 10 7 7 10 8 2 9 5 11 11 5 5 4 4 4 11 4 5 7 10 8 11 1 5 3 4 4 11 5 4 4 4 11 11 2 5 9 8 11 11 4 5 5 4 11 11 2 5 9 8 4 4 10 10 8 0 7 7 6 8 7 10 8 7 10 10 7 7 8 2 7 10 7 8 7 7 6 10 10 8 8 11 5 11 11 4 1 4 5 5 11 9 4 4 5 8 11 5 4 4 11 11 5 5 4 4 4 0 9 11 5 5 11 5 4 4 4 10 10 8 2 10 7 10 8 8 10 10 7 8 6 7 8 10 2 3 10 10 7 0 6 8 7 8 4 10 2 10 10 6 7 8 2 10 8 9 8 11 11 5 5 4 4 4 4 11 5 11 4 11 2 3 5 7 10 8 10 10 8 8 10 0 10 8 8 9 5 10 10 8 7 7 8 7 7 7 7 1 11 3 11 4 5 4 5 4 11 5 11 11 4 5 5 4 10 11 2 3 4 5 11 2 3 4 4 4 4 11 11 5 2 9 5 10 8 7 10 10 2 7 8 7 7 6 0 6 7 7 7 7 7 7 10 8 7 7 7 10 2 6 10 10 8 8 4 4 11 5 11 11 4 5 5 4 4 4 4 4 4 4 4 11 5 10 8 11 11 5 4 5 0 9 8 7 7 7 7 0 10 9 8 8 10 7 8 7 7 7 7 10 8 7 1 3 4 11 11 4 2 3 5 11 11 5 4 4 5 4 4 11 5 1 9 11 5 4 5 4 4 4 11 11 5 2 4 3 10 10 7 2 8 4 10 9 8 8 10 8 7 7 7 10 8 7 7 7 7 11 10 2 6 8 10 10 2 8 6 11 5 4 11 4 11 5 5 11 2 11 3 11 5 4 5 11 2 6 11 5 10 10 8 8 11 5 4 4 4 4 10 10 2 8 6 10 8 11 10 8 8 7 7 10 10 2 6 8 7 7 7 7 7 7 7 7 7 10 10 8 8 11 4 2 11 9 5 5 10 8 11 11 4 4 5 5 11 4 4 4 5 10 8 0 9 10 8 8 7 7 11 11 5 5 10 8 10 11 2 5 3 11 11 4 4 5 4 4 4 5 4 4 11 11 5 4 4 4 5 0 10 6 8 7 10 8 11 5 10 10 7 8 2 6 7 7 7 10 8 7 7 7 11 10 8 7 8 11 5 7 10 10 7 8 2 10 8 10 10 7 6 7 8 5 10 10 2 8 9 5 11 5 4 4 4 4 10 8 11 11 5 5 4 4 4 4 4 11 5 4 4 4 11 11 2 3 5 10 8 11 11 2 5 3 7 7 10 7 10 2 8 10 9 8 8 7 10 7 8 10 10 8 2 9 7 8 1 11 9 5 5 11 2 11 11 4 3 5 5 10 2 11 9 5 5 11 2 4 3 11 5 4 4 4 4 4 11 11 5 5 7 7 11 2 9 10 7 8 5 10 8 10 10 8 8 7 7 10 10 8 2 9 5 7 7 10 7 0 7 6 7 8 7 10 2 6 7 7 7 7 7 11 11 4 5 8 11 2 4 9 11 5 5 10 8 1 3 4 4 4 4 11 11 5 5 0 9 7 8 11 11 4 4 4 5 8 4 4 4 4 4 11 5 7 11 5 11 11 5 4 5 0 6 7 7 10 7 0 9 8 7 7 7 8 7 7 11 1 11 3 5 5 10 2 9 11 5 5 4 4 4 4 11 4 11 5 2 4 4 10 10 8 8 9 8 10 10 8 8 10 10 7 7 8 8 11 4 5 10 2 10 10 7 6 7 7 7 8 7 8 7 7 10 10 8 7 8 11 4 5 10 7 7 10 8 8 4 4 11 10 2 8 10 8 9 8 11 11 5 5 4 4 4 1 9 5 11 5 4 11 11 5 2 11 5 10 9 5 5 4 10 10 8 8 0 9 8 4 10 10 8 8 10 10 8 8 7 10 10 8 8 7 11 11 2 5 11 11 4 4 5 4 4 4 4 4 4 4 4 5
ppo_x50_b_fd_l4,21,qv26_28,26,327,True,1829.0,10.934884309768677,8 8 10 9 7 8 5 11 2 10 10 7 8 8 9 5 10 10 8 8 10 10 8 8 1 9 5 10 10 7 8 8 10 10 8 8 11 5 10 10 7 8 8 10 10 8 8 10 10 7 8 5 10 2 10 10 8 8 9 10 8 8 10 10 8 8 11 5 4 4 1 9 5 4 11 11 5 5 11 11 5 5 4 4 4 4 4 11 5 10 8 4 11 11 5 4 4 5 11 4 11 5 2 3 4 10 10 8 7 7 7 8 7 7 10 7 7 7 7 7 7 7 8 10 10 2 8 9 8 11 11 2 3 5 11 11 5 4 5 4 4 4 4 4 4 4 11 4 5 0 10 6 10 8 8 11 5 7 1 9 10 7 8 5 10 7 7 7 7 7 0 6 7 7 8 7 7 7 7 7 7 7 11 11 2 5 11 9 5 5 11 5 4 4 4 4 4 4 4 10 11 5 5 10 8 11 11 5 5 11 5 7 11 11 4 5 2 3 10 8 11 2 9 10 8 8 0 9 10 8 7 7 7 7 7 7 8 7 0 6 7 7 11 11 5 2 9 11 4 4 2 5 4 4 4 4 11 5 3 4 4 4 4 4 11 1 9 4 5 8 4 4 11 2 3 7 10 10 8 8 10 8 7 10 8 7 7 7 7 7 10 10 8 7 8 7 7 10 8 11 2 11 5 4 9 11 5 5 4 10 2 9 10 8 8 11 2 4 3 4 11 11 4 1 3 5 4 4 5 11 11 5 5 7 10 2 10 6 7 10 8 7 7 7 7 8 7 7 7 7 10 10 8 8 11 5 4 4 10 10 8 8 7 10 8 0 9 5 10 10 8 7 8 11 2 6 11 11 5 4 4 5 1 3 11 4 5 11 4 11 5 5 10 8 10 10 2 8 10 7 7 7 8 6 10 8 4 11 1 9 5 5 11 4 4 4 4 5 11 2 11 4 11 4 4 4 4 3 5 4 5 4 4 4 4 10 10 8 2 9 8 10 7 8 7 10 7 10 7 8 2 9 5 11 4 11 5 5 11 11 2 5 9 11 5 5 11 2 10 9 8 8 7 10 8 10 10 0 6 7 8 5 7 7 10 8 7 7 7 0 9 8 7 7 10 10 8 8 1 9 8 11 4 4 11 5 4 4 5 4 4 11 5 10 8 4 4 4 4 10 11 2 3 5 4 11 2 4 3 4 4 4 10 10 2 6 8 10 7 10 8 2 7 7 6 7 7 7 0 9 8 11 5 10 7 10 8 7 7 7 8 10 8 7 7 0 7 7 7 6 11 11 5 5 4 4 11 4 4 4 11 4 5 8 10 2 11 3 4 4 4 4 4 4 4 5 10 10 8 8 11 1 3 4 4 5 11 2 9 4 4 5 10 10 0 6 8 7 7 7 8 10 2 6 10 8 10 8 10 10 8 7 10 8 8 11 5 7 10 1 9 8 8 7 7 10 7 7 10 8 8 11 5 1 11 4 11 5 5 9 5 10 11 5 5 4 4 4 4 4 4 4 4 4 10 11 4 5 5 11 2 3 10 10 8 8 10 7 10 7 8 10 8 7 7 7 7 8 7 7 7 7 7 7 7 7 11 11 5 2 4 9 11 5 5 11 11 5 5 4 1 4 9 4 4 11 5 4 4 4 5 11 1 9 5 4 4 4 4 5 4 10 2 3 10 10 8 7 8 7 7 10 8 11 5 11 10 7 7 8 2 10 6 10 8 7 8 11 2 9 5 10 0 6 8 7 7 7 10 10 8 0 6 8 4 10 10 8 7 8 11 10 7 7 8 8 10 2 11 11 3 5 5 11 2 3 4 11 5 11 11 5 5 4 11 11 4 2 5 9 11 5 5 4 4 4 11 5 11 11 4 4 5 5 4 10 10 2 8 3 7 10 7 7 8 10 10 8 7 7 10 8 8 7 11 11 5 5 10 8 7 10 8 7 10 10 8 7 7 8 10 10 8 8 7 11 5 10 10 2 8 6 11 5 11 11 2 3 5 4 4 4 4 4 4 4 11 5 4 4 4 4 4 4 11 11 5 5 7 0 10 8 10 10 8 6 7 7 7 8 4 11 4 5 11 5 10 7 10 8 7 7 8 1 4 4 11 3 5 7 10 2 6 10 10 7 7 8 7 8 7 7 7 10 8 11 5 10 10 8 8 7 7 11 11 5 2 9 5 11 4 5 11 11 1 3 5 4 4 5 7 11 11 5 5 10 8 11 11 5 4 4 4 5 4 4 11 11 5 2 3 4 4 4 11 11 5 2 9 8 4 10 10 8 7 10 8 8 11 5 11 5 10 10 0 6 8 8 7 10 7 7 7 7 7 7 7 7 8 7 0 7 7 7 7 10 8 9 7 11 5 5 10 8 11 11 4 4 5 4 5 4 4 4 4 1 9 5 7 11 11 5 5 11 11 2 3 4 11 5 8 7 11 2 9 11 4 5 5 4 4 10 11 5 4 4 4 5 10 0 10 8 8 9 5 11 11 5 5 10 8 10 10 7 7 7 8 8 11 5 10 10 8 8 7 10 0 9 8 7 8 7 7 7 7 7 7 7 10 8 11 2 11 5 9 11 4 5 5 11 5 4 4 4 4 4 10 11 5 4 4 4 5 4 11 5 0 10 7 6 7 7 7 10 7 2 6 7 7 7 7 8 7 7 7 7 11 11 2 5 10 8 10 9 8 7 8 7 10 2 6 11 11 4 4 5 4 5 4 4 1 3 4 4 11 4 4 5 11 4 11 5 5 10 8 11 11 5 4 5 10 1 9 8 8 10 7 7 7 7 8 7 10 7 7 7 7 8 10 7 7 10 8 4 4 5 1 9 8 11 5 11 11 5 5 11 4 5 4 4 4 4 4 10 8 1 9 10 8 8 10 2 9 10 8 8 7 10 10 8 8 11 1 3 4 5 4 11 4 5 11 11 4 4 4 5 5 4 4 4 4 10 10 8 7 8 7 10 8 11 2 10 9 8 8 7 7 7 7 7 0 9 10 7 8 7 8 7 7 7 10 7 7 8 4 11 2 6 11 11 5 5 11 0 9 5 5 4 4 4 4 11 11 4 5 5 4 4 4 4 4 4 4 4 10 10 8 8 7 0 9 5 10 8 7 7 7 11 10 8 8 11 5 7 10 10 8 2 9 8 7 10 10 2 6 7 8 10 10 8 10 8 7 7 7 8 4 1 11 3 5 11 11 5 2 9 5 4 4 11 4 4 11 5 4 4 4 5 7 11 2 10 9 8 8 7 7 7 10 8 4 11 2 11 11 5 3 5 11 4 11 5 5 11 11 5 4 5 10 8 11 4 1 3 4 4 11 2 5 10 8 10 10 8 8 9 8 10 10 7 8 7 8 7 10 7 7 7 7 7 7 7 7 10 8 7 8 11 10 8 2 10 10 8 8 9 10 7 8 5 4 4 4 11 4 4 4 5 10 2 3 10 11 5 5 4 4 4 11 5 4 4 4 1 9 11 5 4 4 4 4 5 4 11 2 3 10 10 7 7 7 7 8 7 8 7 7 7 7 7 10 7 8 7 7 7 7 7 10 8 11 2 4 11 9 4 5 5 4 11 5 10 8 11 11 5 4 4 4 4 4 4 11 4 5 8 7 11 2 9 10 8 7 7 8 7 7 7 10 2 6 7 7 7 7 7 7 10 10 2 8 6 7 11 4 5 7 11 11 5 4 5 11 4 5 10 10 8 8 1 9 5 11 11 4 4 5 8 11 4 4 4 4 4 4 4 4 5 4 11 5 4 10 10 8 8 10 7 8 11 4 11 5 2 10 8 10 6 10 7 8 8 7 10 2 9 8 1 11 11 5 5 3 10 8 7 10 10 7 7 8 8 10 7 7 8 11 11 5 4 4 5 11 2 9 10 8 8 10 2 10 10 8 6 7 7 8 10 10 8 8 7 10 8 11 5 7 11 11 5 2 11 11 4 3 5 5 11 5 4 4 1 3 4 4 4 4 4 4 1 4 3 4 4 11 4 4 5 11 11 2 5 10 10 7 7 8 8 9 8 10 10 8 8 7 7 10 8 4 11 11 5 5 10 10 7 7 8 8 10 10 7 7 8 7 8 10 2 9 11 5 5 7 7 7 10 10 8 8
ppo_x50_b_fd_l4,22,qv26_29,26,323,True,1793.0,10.024242639541626,6 8 2 9 10 8 8 10 10 8 8 11 5 10 10 7 8 8 10 10 8 8 10 10 8 8 11 5 10 10 7 8 8 4 1 11 3 4 4 4 5 11 2 3 10 10 7 8 8 7 10 7 10 7 7 8 8 11 5 7 10 10 8 8 10 10 8 8 11 5 10 10 8 2 10 10 8 8 10 10 8 8 9 5 11 11 5 4 5 4 4 11 5 10 8 4 4 4 11 11 5 5 4 11 11 5 2 11 5 9 11 5 5 10 8 10 10 8 7 8 11 10 8 7 8 10 10 8 2 7 6 7 7 7 7 7 11 11 2 5 11 11 4 5 4 3 5 4 11 5 4 4 4 11 4 4 4 4 4 5 4 11 11 5 5 7 1 9 8 7 10 7 7 10 8 8 10 7 7 7 10 2 6 7 8 7 7 10 8 7 7 10 8 7 10 10 7 7 8 8 10 2 11 11 5 5 4 4 4 11 4 5 11 9 4 5 5 10 8 11 11 4 4 5 5 11 4 11 4 5 8 4 4 4 11 4 4 4 11 2 3 5 10 8 10 10 8 0 8 7 7 10 8 7 6 7 10 7 7 7 7 8 10 10 8 7 8 11 11 5 2 9 8 7 11 11 5 4 4 11 5 4 4 4 5 10 11 5 5 4 4 11 5 10 10 8 2 10 10 8 8 9 10 7 8 8 7 10 8 11 10 2 6 8 7 7 10 2 9 10 8 4 5 10 7 2 7 7 7 7 7 6 11 11 5 5 11 11 2 5 11 3 5 4 4 4 4 4 4 10 8 11 11 5 4 4 4 4 4 5 4 11 5 10 2 9 8 11 11 4 5 8 11 4 4 5 10 2 10 10 8 6 8 7 7 7 10 8 7 7 10 7 7 7 7 8 7 7 10 8 7 7 7 11 11 2 5 3 4 11 11 5 5 7 11 5 11 11 5 4 4 11 5 5 10 8 11 1 9 8 5 10 10 8 8 11 5 7 11 11 5 4 5 11 11 5 4 5 10 8 11 4 4 5 10 10 2 8 10 6 10 8 7 7 0 8 7 9 8 7 7 10 10 2 8 9 5 7 7 7 7 7 7 7 1 11 11 5 3 4 4 4 11 5 5 4 11 5 4 4 4 4 4 4 4 4 4 4 4 4 11 11 5 2 10 7 8 10 10 7 7 8 6 7 8 10 7 7 8 7 7 7 10 10 2 8 11 5 11 11 4 5 4 5 4 11 4 3 4 4 5 10 2 6 10 10 7 8 8 0 7 7 6 7 7 7 7 7 7 10 8 7 11 2 11 11 5 5 9 11 2 3 4 4 5 4 11 5 4 4 4 10 10 2 8 10 6 8 7 7 7 7 0 9 8 7 7 10 7 8 11 1 9 8 5 10 7 8 7 7 11 11 5 5 4 4 4 4 4 4 4 4 4 4 4 4 4 11 5 10 8 1 9 11 5 4 5 4 4 4 4 4 10 2 10 10 7 8 5 10 8 9 10 8 8 7 7 7 7 7 11 10 7 8 5 10 7 7 10 7 8 8 4 10 8 10 8 10 10 2 8 6 11 4 4 11 4 5 5 10 8 11 11 5 1 5 9 11 4 5 5 11 4 11 5 5 4 4 4 4 11 11 2 5 7 9 8 10 10 7 8 7 7 8 10 10 8 8 7 7 7 7 0 6 7 11 5 11 5 7 10 10 8 8 7 7 10 8 11 5 10 10 8 8 10 10 2 6 8 4 4 4 11 4 11 2 5 9 8 11 4 11 4 4 4 1 4 4 5 4 5 4 4 9 11 5 5 7 10 0 6 7 8 10 7 7 8 11 11 4 5 2 9 8 11 11 2 4 5 10 8 9 11 5 5 11 11 2 3 4 4 5 4 4 4 10 10 8 2 9 8 7 7 7 7 10 10 8 8 7 7 7 7 7 7 7 10 8 7 11 11 2 5 11 9 5 5 11 11 5 4 5 11 11 4 5 2 9 8 7 10 10 7 8 4 4 4 4 4 4 5 10 2 7 7 7 7 7 7 7 7 6 7 11 10 8 8 7 10 10 8 8 10 10 8 8 1 9 5 4 4 4 11 4 5 0 7 6 11 11 5 5 4 4 4 11 5 11 4 4 4 11 5 5 11 11 5 4 4 5 4 0 10 9 7 8 5 10 7 8 7 7 0 7 7 9 8 7 7 7 7 7 7 0 10 9 8 8 7 7 7 7 11 2 3 11 11 5 2 9 5 4 4 11 4 4 5 10 8 11 11 5 4 5 4 4 11 11 2 3 4 4 4 5 10 2 7 10 9 8 8 11 2 10 9 8 8 7 10 8 7 7 7 0 10 8 10 10 8 8 6 11 4 4 5 11 4 4 4 4 4 4 5 4 4 1 3 4 4 4 4 4 4 10 10 8 2 10 7 9 8 8 7 7 7 7 10 2 7 7 7 7 7 10 8 9 10 8 8 7 10 2 9 10 8 7 7 7 8 10 2 6 11 4 11 4 5 5 4 4 4 11 11 4 5 2 9 8 11 11 1 3 5 4 5 4 4 4 4 11 11 5 5 10 8 7 11 1 4 9 5 5 0 9 8 10 10 8 8 11 5 7 7 7 7 1 9 10 8 8 7 7 7 7 10 8 7 1 9 11 5 5 11 4 4 4 1 4 5 11 9 4 5 8 11 4 5 11 4 11 4 5 8 0 7 10 8 10 9 8 5 7 10 10 8 7 8 4 11 5 10 10 2 6 8 7 10 8 11 5 10 10 7 8 5 10 7 10 8 8 11 5 7 10 0 9 8 8 10 7 8 7 7 10 2 6 11 11 4 4 5 5 10 8 11 4 11 4 5 8 11 5 4 4 4 11 5 10 8 4 4 4 4 11 4 11 4 4 5 8 11 4 4 5 11 2 3 10 10 7 7 8 8 11 4 5 10 7 10 8 8 7 7 7 10 7 0 9 8 5 4 10 8 7 7 7 0 9 8 7 7 10 2 11 11 5 5 9 8 11 1 11 5 5 11 9 5 4 5 4 4 11 4 11 4 4 5 7 8 7 7 11 2 9 11 5 2 4 4 4 4 3 4 10 10 8 8 10 8 7 7 7 7 7 11 5 10 10 8 7 8 7 7 7 7 11 2 10 7 6 7 7 7 8 7 10 8 7 7 11 11 1 3 4 4 4 5 4 4 5 10 7 7 8 11 4 4 11 4 5 5 7 11 11 2 3 4 4 4 5 4 11 2 9 5 4 10 10 8 8 7 7 7 10 8 4 11 11 5 5 11 2 4 9 10 8 8 10 7 8 10 10 8 8 10 10 8 8 10 2 10 10 8 8 7 7 10 8 9 4 11 5 5 4 4 4 11 4 5 7 7 11 11 4 5 4 5 4 4 11 5 10 8 10 10 7 8 2 3 10 0 6 7 11 5 5 10 2 9 10 8 7 7 7 8 7 7 7 7 7 10 2 6 11 4 11 4 5 5 10 8 11 4 4 5 11 11 5 4 5 4 4 11 5 4 4 4 4 11 4 4 11 5 4 5 0 11 9 8 8 7 11 5 10 10 2 6 8 7 7 0 7 7 7 7 7 7 9 10 8 7 8 7 7 10 10 2 8 9 8 4 4 11 11 5 4 4 5 10 8 11 11 5 1 3 5 11 4 11 4 4 4 5 8 10 8 11 4 11 4 2 3 5 11 11 4 5 5 4 10 10 8 2 9 8 10 10 2 6 7 8 10 7 7 7 8 4 10 10 8 8 11 5 10 10 7 8 8 11 5 10 10 2 6 7 7 7 8 10 8 7 7 7 7 11 10 8 8 11 5 10 10 2 8 6 11 11 4 4 5 5 11 11 4 5 4 5 4 4 4 4 4 4 11 5 4 4 4 4 4 11 11 5 4 5 10 0 9 8 8 10 8 10 10 8 8 7 7 10 8 7 7 7 0 7 7 9 10 8 2 10 8 9 7 8 11 11 5 4 5 7 11 11 5 4 4 5 4 4 11 5 10 8 11 11 5 5 11 11 5 5 4 4 10 2 11 11 5 5 11 11 5 5
ppo_x50_b_fd_l4,23,qv26_3,26,323,True,1788.0,9.856817722320557,8 8 10 3 10 8 8 10 10 8 8 11 5 11 10 7 8 2 10 10 6 8 2 9 10 8 8 11 5 10 10 7 8 8 7 7 11 11 5 5 11 5 7 7 10 10 7 8 8 10 10 8 8 11 5 4 10 10 2 6 8 10 10 8 8 10 10 7 8 5 10 2 10 9 8 8 4 10 8 10 10 8 8 11 2 6 11 4 5 11 11 4 5 5 4 1 10 9 5 5 4 4 11 4 4 4 5 11 11 5 5 11 4 5 4 11 11 5 2 9 8 4 4 11 11 5 5 7 0 9 7 8 10 10 8 7 8 7 7 7 7 7 10 10 8 7 7 7 7 7 8 10 2 6 11 11 5 1 3 4 5 10 10 8 8 11 5 11 11 4 4 5 4 5 10 7 8 11 11 5 2 9 5 10 11 5 4 4 5 11 11 5 5 11 4 5 0 7 6 7 7 10 8 4 10 10 8 7 7 7 7 7 8 11 11 5 2 4 4 9 5 11 11 5 5 4 4 4 4 11 4 5 7 10 7 0 7 6 7 7 7 7 8 7 7 7 7 7 7 11 2 11 11 5 5 3 4 4 11 5 7 11 11 5 2 6 4 1 9 5 11 5 4 4 4 4 4 1 3 4 11 11 5 2 9 5 7 10 7 7 8 4 10 10 8 8 10 7 7 8 7 7 7 7 7 7 7 7 7 10 8 7 7 7 11 11 2 5 9 8 11 11 4 5 5 10 8 11 1 3 4 4 5 11 5 4 4 4 11 5 4 11 11 5 2 9 5 4 11 5 10 10 8 7 7 7 10 8 7 8 10 0 9 5 7 8 7 7 7 7 0 6 7 10 8 10 10 7 8 8 11 5 10 10 2 8 9 4 5 7 11 11 5 4 4 5 11 11 5 5 11 11 5 4 4 4 5 7 10 7 8 11 11 4 1 3 5 5 11 11 5 4 4 4 5 10 11 5 4 4 5 0 9 8 7 10 8 7 7 7 7 7 7 10 7 8 7 7 7 7 10 1 9 8 8 7 7 10 8 1 11 11 3 4 5 5 11 11 4 5 4 5 11 11 5 4 4 4 4 5 0 10 6 7 10 8 8 11 2 3 10 7 8 7 10 7 11 2 5 11 5 7 9 10 8 7 8 7 7 10 7 8 10 10 8 8 11 2 11 4 11 4 3 4 5 5 4 4 4 4 11 5 10 8 4 1 9 11 5 4 5 4 4 4 11 5 4 11 2 11 11 4 5 5 9 8 11 11 5 2 10 6 8 7 7 7 10 10 8 8 11 4 5 10 10 8 8 7 7 7 1 10 9 8 8 10 7 7 8 10 10 8 8 4 10 8 7 7 7 10 7 7 10 7 2 6 8 4 10 8 11 11 5 5 11 11 4 5 5 11 11 4 4 5 5 4 4 4 4 11 4 4 4 4 4 5 10 11 5 2 3 10 10 7 7 8 7 8 4 11 5 10 10 7 8 7 7 8 11 2 9 11 5 5 4 4 11 2 11 9 5 4 4 4 5 4 4 10 2 9 10 8 7 7 7 7 8 7 0 6 7 7 7 7 7 7 10 8 0 10 9 8 5 4 4 11 11 5 2 9 8 11 1 9 5 4 4 4 5 0 9 8 10 10 8 8 10 8 10 8 10 10 8 2 10 7 10 7 8 6 7 0 6 8 10 10 2 6 8 11 5 11 11 4 4 5 5 4 11 11 2 5 11 3 4 4 4 4 4 5 4 4 4 4 4 4 4 4 11 11 5 2 10 8 7 10 10 7 7 7 6 8 8 10 8 7 7 7 7 0 6 7 7 7 7 7 10 8 4 11 2 11 9 4 5 8 11 4 4 4 4 4 5 4 11 11 5 5 4 4 11 5 0 10 10 7 8 7 6 8 11 5 11 5 10 10 2 8 10 6 10 7 8 8 11 5 10 7 7 7 10 2 8 3 11 4 5 10 7 7 7 8 7 7 7 1 11 11 5 5 9 11 5 5 10 8 11 11 4 5 5 11 11 5 4 4 4 11 5 5 4 4 1 9 5 11 11 5 4 5 11 11 4 5 8 0 9 5 10 8 10 10 7 7 7 7 7 2 6 7 7 7 8 11 10 2 6 7 8 7 7 10 7 0 6 8 11 10 7 7 8 8 7 10 2 6 11 11 5 5 4 4 11 11 4 5 5 10 8 11 11 4 4 5 5 11 11 5 2 6 11 1 3 5 10 8 11 11 4 5 5 11 2 3 4 11 11 5 4 5 10 7 8 0 10 9 7 8 8 11 5 7 7 10 0 6 7 10 0 6 8 8 11 5 7 7 10 7 7 10 2 7 8 9 5 10 10 7 8 2 9 8 4 11 11 2 5 3 4 4 4 4 11 1 9 4 5 8 4 11 4 5 11 11 2 3 4 4 5 4 4 4 4 4 11 2 3 10 7 10 8 7 8 10 10 8 8 7 7 10 2 11 9 5 5 10 8 7 10 8 7 7 7 7 11 11 5 2 11 4 4 9 5 4 5 4 4 4 4 11 5 11 2 11 3 5 10 10 7 8 7 0 6 8 10 10 8 8 0 9 5 10 10 8 8 10 10 7 7 7 2 6 8 10 7 10 7 8 7 8 10 2 6 7 7 11 11 5 5 4 1 9 5 4 4 11 4 1 9 5 4 4 4 4 5 4 4 0 10 9 8 7 8 11 2 6 10 10 8 8 7 7 10 7 8 11 2 11 11 5 5 11 9 5 5 4 4 4 10 2 11 9 5 4 4 5 7 10 8 4 11 11 5 5 11 5 4 4 11 11 2 5 3 10 8 10 10 7 8 8 10 8 7 11 10 8 8 10 10 7 8 2 10 7 9 8 7 7 8 7 10 0 7 10 7 8 8 10 8 9 11 5 5 10 8 4 4 4 4 4 11 4 11 5 4 5 10 2 11 11 5 5 4 3 1 4 3 4 11 5 4 4 11 2 9 11 5 2 4 3 10 10 7 7 2 6 7 7 7 8 7 7 10 8 7 7 7 7 7 7 11 2 9 11 5 5 11 2 9 1 9 5 5 11 4 5 4 4 4 4 4 4 4 10 11 5 5 10 8 7 10 0 6 10 8 8 7 10 7 10 8 8 11 4 5 10 7 10 2 6 8 11 5 10 10 8 8 10 7 10 7 7 7 7 7 7 7 8 5 10 2 6 11 11 2 3 4 5 10 11 5 5 11 5 4 11 1 9 8 5 10 8 11 4 4 4 4 4 4 4 4 11 5 5 10 11 2 3 5 11 2 4 4 11 11 5 5 3 11 4 10 8 8 10 7 7 10 8 8 7 7 7 10 10 7 8 7 7 7 8 11 10 8 7 8 10 7 10 8 7 8 11 5 10 10 8 8 7 11 2 11 9 5 5 4 11 4 5 11 4 4 4 4 11 2 5 9 8 4 4 1 3 4 11 11 5 4 4 5 10 2 6 10 7 8 7 10 7 10 7 7 8 8 7 10 10 8 8 0 9 8 10 10 8 8 10 2 6 7 7 7 11 11 5 5 11 1 11 5 3 4 4 5 11 4 5 4 4 11 11 2 5 10 8 7 10 10 7 8 5 10 7 6 7 7 8 10 2 6 7 11 11 2 3 5 4 4 4 4 4 4 4 4 4 4 4 4 4 4 4 4 11 4 4 5 11 2 10 9 8 8 11 5 10 10 7 8 8 7 10 10 2 8 9 8 10 10 8 8 7 10 7 7 7 8 7 7 7 11 5 11 10 2 7 8 7 6 7 10 7 8 0 7 6 11 11 5 5 11 11 5 5 11 11 4 5 5 11 11 5 4 4 4 4 5 11 5 11 11 5 4 4 5 4 11 11 4 5 8 11 5 11 1 9 5 8 10 8 4 10 10 7 8 5 7 7 0 6 7 7 7 0 6 7 7 7 7 7 10 8 11 5 7 10 10 8 8 10 7 7 8 7 11 11 2 5 11 11 4 4 3 4 4 5 5 11 11 4 5 4 5 10 8 7 11 11 5 5 11 11 2 5 11 11 5 4 4 5
ppo_x50_b_fd_l4,24,qv26_30,26,321,True,1816.0,9.883882999420166,6 8 2 10 10 8 8 10 9 8 8 10 2 10 10 8 8 10 9 8 8 11 2 9 10 7 8 8 10 10 8 8 11 5 10 2 10 10 7 8 8 9 5 10 10 8 8 10 10 8 8 11 5 10 10 0 6 8 8 10 10 8 8 11 2 11 9 5 4 4 5 4 11 5 7 11 2 11 11 5 4 5 3 4 4 11 1 9 5 5 11 10 8 0 6 7 7 7 8 7 11 2 10 9 8 8 7 7 7 7 7 7 7 7 11 1 11 5 5 4 4 4 9 5 4 4 4 4 4 11 11 2 3 4 4 4 4 5 4 4 4 11 2 11 11 5 5 3 7 7 10 8 4 11 10 7 8 7 8 7 7 7 7 7 7 7 10 7 7 7 8 1 4 9 5 11 11 5 2 4 4 11 5 3 4 4 4 4 4 11 4 1 11 5 3 5 10 8 10 10 8 8 10 10 7 0 6 8 8 10 10 8 7 7 10 8 8 7 10 7 7 7 7 10 8 2 9 4 5 10 8 11 11 5 4 4 4 5 11 4 4 5 4 4 11 4 4 4 1 3 10 8 8 10 8 7 0 9 8 10 10 8 7 8 7 7 7 7 0 6 7 10 7 10 7 8 2 9 5 4 10 8 11 11 2 3 4 5 10 2 11 7 7 8 4 4 3 11 11 5 5 11 11 2 3 4 4 4 5 11 2 9 5 10 10 7 7 8 5 10 8 7 7 7 11 5 11 11 2 5 10 8 7 10 10 8 7 8 10 10 8 6 7 8 7 11 11 2 5 3 4 11 5 11 5 4 4 4 4 4 4 11 11 5 2 6 4 4 4 4 4 4 1 3 4 4 11 5 4 10 10 8 2 9 8 10 10 2 8 6 7 10 10 8 8 11 2 10 9 8 8 7 7 7 10 8 10 7 10 8 2 7 10 8 7 7 7 7 7 6 7 11 11 5 5 11 5 4 4 4 4 4 4 4 4 11 0 9 5 5 4 4 4 4 4 4 4 4 11 4 5 10 10 2 8 10 10 8 8 7 6 10 7 10 8 7 7 7 8 11 5 10 0 9 8 5 7 7 7 7 7 7 10 8 7 7 1 11 11 5 3 4 4 5 11 11 5 5 11 1 9 4 4 5 4 10 8 8 11 5 4 4 4 4 4 11 5 4 4 11 11 5 2 3 10 8 7 10 10 8 7 8 11 5 10 10 7 8 2 10 7 10 7 6 8 7 8 11 4 5 7 10 7 7 7 7 7 0 8 9 7 10 7 8 2 7 7 6 11 11 5 5 4 4 11 11 2 5 9 11 5 5 10 8 7 7 7 11 5 11 11 4 5 5 11 11 1 3 4 5 5 11 4 4 4 5 10 7 8 7 10 10 8 8 7 11 5 11 4 4 11 5 2 11 5 7 7 7 9 10 8 8 7 7 10 10 2 8 7 9 11 5 4 4 4 5 4 11 4 1 11 4 3 5 5 10 8 11 11 4 5 2 9 5 11 11 5 5 4 4 4 10 10 8 8 11 2 9 4 5 10 10 7 0 7 8 7 6 8 7 10 8 7 7 10 10 7 8 8 7 11 11 5 5 10 0 8 10 9 8 7 8 11 10 2 8 6 7 7 10 10 8 8 10 7 8 11 11 2 5 3 4 4 11 1 3 5 4 4 4 4 4 4 4 11 11 1 3 5 4 4 4 5 10 2 10 10 8 8 9 5 10 10 8 8 7 7 11 2 10 10 8 8 7 10 10 8 8 9 10 7 8 7 8 1 11 5 4 10 10 8 7 7 8 6 4 11 4 4 11 5 4 5 11 4 11 5 4 4 11 5 4 4 4 5 4 4 4 10 8 11 11 5 4 5 10 2 3 10 10 8 7 8 10 10 8 8 7 7 7 11 10 8 8 10 8 4 10 10 8 8 11 5 7 10 10 2 6 7 7 7 8 7 7 10 2 7 6 7 7 7 11 11 2 5 11 11 3 5 5 4 11 4 4 4 5 11 11 5 4 4 4 4 1 4 9 5 4 5 4 4 11 5 11 2 11 3 5 10 10 7 7 8 5 0 6 7 7 10 7 7 7 7 7 7 7 7 10 2 6 8 11 5 11 5 7 10 10 7 8 2 9 7 7 7 8 11 4 4 5 4 10 11 5 4 4 4 4 4 5 11 11 5 4 4 4 5 11 11 5 2 11 4 4 5 3 11 5 7 7 7 0 9 10 8 8 7 7 7 10 8 10 7 8 7 10 10 8 8 10 10 8 7 2 6 10 10 8 7 7 8 11 2 11 3 5 4 4 11 5 4 4 4 4 4 11 11 5 5 11 4 11 5 5 10 2 11 3 5 4 4 11 11 5 2 9 5 10 8 10 10 8 8 10 10 7 8 7 8 10 8 7 7 7 7 0 6 7 10 8 10 2 6 11 11 5 5 11 11 4 5 2 11 3 5 10 7 8 11 2 4 3 11 11 5 4 5 4 4 11 5 11 11 5 2 9 8 11 11 5 4 11 4 5 8 0 9 8 10 10 7 7 7 7 8 2 9 5 10 10 8 0 6 8 7 7 7 10 2 6 10 8 10 10 8 8 7 7 7 7 7 7 0 6 11 11 4 5 5 10 8 11 4 5 4 4 4 4 4 11 5 4 11 11 5 2 6 11 4 5 4 4 1 4 4 3 11 5 10 7 8 7 7 7 10 8 10 7 10 8 7 7 8 11 5 10 10 8 7 7 7 7 8 7 10 2 7 10 11 4 4 3 5 5 10 8 11 11 4 2 3 5 4 4 4 4 11 5 10 8 11 11 4 5 5 4 11 4 11 5 5 11 11 4 5 5 4 4 10 10 8 8 11 5 11 11 5 2 9 7 8 10 10 7 8 5 10 8 10 10 8 7 10 8 7 7 8 1 9 10 8 7 7 8 11 4 5 10 10 8 8 10 10 8 7 7 8 10 7 7 7 10 8 7 8 11 2 11 11 5 5 9 11 5 5 11 11 5 5 11 11 4 4 4 2 3 4 5 4 4 4 4 10 10 8 7 7 8 4 11 2 4 4 11 5 4 4 4 4 4 4 3 10 10 8 7 8 7 7 10 10 2 8 7 7 7 6 7 0 6 7 7 7 7 10 7 7 7 7 7 7 8 10 2 11 11 5 5 11 11 4 3 4 4 5 5 11 4 4 4 4 5 4 4 4 4 4 10 11 2 3 5 4 4 11 2 3 11 5 10 10 7 7 8 7 7 7 7 7 10 7 8 7 8 11 4 5 10 2 10 7 9 8 8 10 7 7 8 0 6 4 4 11 11 5 5 4 10 8 7 11 11 5 4 5 0 9 11 5 5 4 4 4 4 11 4 5 11 5 10 10 7 8 2 10 10 8 8 10 10 6 7 8 7 8 11 5 10 10 2 8 10 7 6 7 10 8 4 5 10 2 11 11 5 4 3 4 5 4 4 10 8 11 11 5 4 4 5 4 4 4 10 10 2 8 9 5 10 7 7 10 8 7 8 10 10 0 7 6 7 7 7 7 7 7 8 5 11 2 9 5 10 10 8 7 7 8 1 3 4 11 5 4 4 10 8 11 11 5 5 4 4 4 4 11 5 4 4 4 11 11 5 2 9 5 10 7 7 10 7 7 7 8 2 7 7 6 7 10 7 7 8 10 10 2 8 6 11 5 11 11 4 4 5 5 7 10 8 11 11 2 3 4 5 10 7 11 4 5 5 10 8 11 11 5 5 11 4 4 5 11 4 11 5 4 5 4 4 11 4 5 10 10 8 8 11 2 9 5 4 1 3 4 10 10 8 7 7 7 8 7 10 8 10 7 10 7 2 6 7 7 7 7 8 7 7 0 10 7 8 7 6 7 7 11 11 5 5 4 4 4 4 4 1 3 4 4 4 11 5 10 10 2 8 10 8 9 11 5 5 11 4 4 4 4 11 2 3 5 11 2 11 11 5 5 3 10 11 5 5 10 10 2 6 7 7 8 10 10 2 8 10 10 6 7 8 8 11 5 10 10 7 7 8 7 7 8 11 2 11 11 5 5 10 11 5 5 3 10 10 8 7 7 8 10 10 8 8 10 10 8 8 10 10 2 8
ppo_x50_b_fd_l4,25,qv26_31,26,324,True,1815.0,22.513418912887573,6 8 2 9 10 8 8 10 10 8 8 11 5 10 10 7 8 8 10 10 8 8 11 5 10 10 7 8 8 7 7 11 11 5 5 11 5 7 7 10 10 7 8 8 11 5 10 7 10 8 8 10 10 8 8 11 5 1 4 4 3 11 4 4 5 11 11 5 5 4 11 4 0 9 8 8 11 11 5 5 11 4 4 4 11 5 5 1 9 8 11 10 8 8 10 10 8 7 8 7 7 7 10 8 7 7 10 10 8 8 10 7 10 7 0 6 8 8 10 10 8 8 10 10 8 8 11 5 10 10 8 2 10 9 8 8 11 4 5 11 4 5 4 4 4 11 4 5 7 11 11 2 5 4 11 9 5 5 4 0 10 10 7 6 8 7 8 7 7 7 7 10 8 1 4 4 4 4 11 4 4 5 11 9 8 5 4 11 11 5 5 4 4 4 11 4 4 4 4 4 5 10 2 10 10 7 6 7 8 8 4 11 5 10 10 2 8 10 6 7 7 10 8 8 7 7 7 7 10 8 11 2 4 3 4 4 4 4 11 5 7 7 7 7 10 2 7 10 10 7 8 6 7 7 8 7 10 2 9 10 7 8 5 10 2 10 9 8 8 4 4 11 5 4 4 11 11 5 5 10 8 11 4 4 4 4 4 4 4 11 5 5 11 11 5 5 4 0 10 6 7 7 8 11 10 8 8 10 10 7 8 5 10 7 7 0 9 8 8 10 7 8 10 2 7 10 9 8 8 10 8 4 4 11 4 5 4 4 4 4 11 4 4 4 4 5 10 8 4 4 11 4 11 5 4 4 4 4 4 5 10 0 6 8 11 5 10 10 7 8 7 7 7 7 7 7 8 7 10 8 11 5 7 7 7 7 7 7 7 7 10 10 8 2 9 8 7 11 11 5 4 4 4 5 7 1 9 11 5 5 11 11 5 2 4 4 4 9 5 10 10 8 8 11 1 3 4 4 5 10 2 9 10 8 7 8 10 8 7 7 7 7 10 7 7 7 8 7 7 10 11 2 5 3 11 11 5 4 5 11 11 5 5 11 11 2 5 4 9 11 5 5 1 9 8 11 4 5 4 4 4 11 4 4 1 9 5 5 10 8 11 11 4 5 8 11 4 5 7 11 11 2 5 3 10 8 10 10 7 8 7 7 7 7 8 10 7 7 8 10 10 8 8 10 10 7 8 2 9 5 10 7 8 11 4 4 4 5 4 4 4 11 11 4 4 5 2 3 4 11 5 10 10 7 8 8 7 10 8 7 10 10 8 8 7 7 10 8 10 10 8 8 7 10 7 8 10 2 9 8 11 11 5 4 4 4 4 5 10 10 8 8 11 4 5 4 4 11 5 4 4 1 3 4 11 11 5 5 7 7 10 2 9 10 8 8 11 5 4 11 11 5 4 4 5 4 0 9 10 8 7 7 7 7 7 7 7 7 7 8 11 0 10 8 8 9 7 7 11 5 5 10 8 10 10 8 8 10 0 6 7 8 10 2 6 11 4 11 5 5 10 8 11 11 4 5 4 4 11 4 5 8 4 4 4 4 4 4 4 4 11 4 5 11 4 5 4 4 4 10 10 8 2 9 7 8 7 10 7 7 7 7 7 10 8 2 9 5 10 10 8 2 10 7 6 10 8 8 11 5 7 7 7 7 7 7 7 10 10 8 2 9 8 11 4 5 11 11 4 4 5 4 5 11 11 5 1 4 3 5 4 4 11 5 4 11 4 4 4 4 4 5 11 2 10 11 5 5 10 10 7 6 8 8 10 10 8 8 10 10 8 2 10 7 6 7 8 0 9 7 7 7 8 1 11 11 5 3 5 11 11 5 2 7 9 8 11 10 8 7 8 10 10 2 6 8 7 7 7 10 8 10 7 10 2 8 6 4 11 5 4 4 11 11 5 1 3 5 4 4 4 4 11 5 11 1 11 5 3 4 5 11 11 5 5 10 11 2 3 5 10 7 8 4 11 4 4 4 11 2 5 3 10 8 10 10 7 7 2 6 7 7 7 8 7 7 10 2 9 8 4 11 11 5 4 4 5 7 7 11 2 11 9 5 4 5 7 10 8 10 8 7 7 7 7 7 7 10 8 7 7 1 11 3 11 4 5 5 11 4 5 4 4 4 4 4 4 4 11 4 5 10 10 7 8 8 4 11 2 10 10 8 8 10 9 8 7 7 7 7 8 11 2 9 10 8 8 11 10 8 8 7 7 7 10 7 7 8 10 7 10 8 2 6 11 5 11 11 5 2 4 4 9 5 11 4 4 4 4 4 4 5 4 4 4 4 4 1 3 4 4 10 1 9 5 5 4 10 2 10 10 8 8 6 7 10 7 7 7 8 7 10 7 8 11 2 9 11 5 5 10 7 7 7 8 7 7 10 7 10 8 7 8 11 11 5 4 5 10 7 8 7 10 10 8 7 2 7 6 11 11 5 4 4 4 11 5 5 11 11 5 4 4 4 4 4 5 11 11 4 4 4 5 8 7 11 2 10 6 8 0 6 7 7 7 7 10 8 7 10 8 1 11 11 4 5 5 11 4 4 3 4 4 10 8 7 8 11 2 9 11 4 4 4 4 5 5 11 5 7 7 7 11 2 10 9 8 7 7 7 7 8 10 8 7 10 10 2 6 7 8 7 7 7 7 7 10 7 8 11 2 11 11 5 5 3 11 11 5 4 5 4 4 11 5 4 11 4 11 2 3 4 5 4 4 4 11 2 3 11 11 5 5 11 5 0 7 6 7 7 10 7 8 7 11 2 10 10 8 6 8 11 5 10 10 7 7 7 7 8 2 10 7 8 6 10 11 5 5 11 11 2 3 5 10 11 4 4 5 2 9 8 11 4 4 11 4 4 1 4 4 4 4 4 4 5 3 5 10 8 0 9 7 7 8 10 7 0 9 8 5 10 8 7 7 7 7 7 7 7 7 10 8 10 8 7 7 10 7 8 11 11 2 5 9 5 11 11 2 3 4 4 5 11 1 4 3 4 4 5 11 11 4 4 4 4 5 4 4 4 11 5 5 0 9 8 10 8 11 11 4 5 8 10 8 4 10 10 2 6 7 8 10 7 8 11 10 2 6 8 7 7 7 7 10 0 9 8 5 7 7 7 10 8 7 7 10 7 8 11 11 2 5 3 10 8 10 10 8 8 7 10 10 2 8 6 11 5 11 11 4 4 4 4 4 2 5 4 4 11 11 5 5 9 8 4 10 10 8 2 9 7 8 11 4 11 4 4 5 8 11 5 4 11 11 5 4 11 4 5 5 10 8 4 4 11 4 5 10 10 8 2 9 5 7 0 6 7 7 7 7 7 10 8 7 7 7 0 7 6 7 10 7 7 8 7 11 11 2 5 4 11 11 4 4 4 5 5 9 8 11 5 0 10 9 8 8 7 7 7 0 9 8 10 7 8 7 0 6 11 11 5 5 11 5 11 11 4 5 5 10 8 11 11 4 4 4 4 5 5 4 11 11 5 5 4 11 2 3 4 4 4 4 1 3 10 10 8 8 10 10 7 7 8 5 7 7 7 11 5 11 2 9 5 7 10 10 8 8 10 10 8 7 8 11 2 9 10 8 8 11 5 4 4 4 1 9 4 10 8 8 11 2 3 4 4 4 4 4 4 4 11 11 5 2 7 9 8 10 10 7 7 0 6 8 7 8 10 7 7 8 4 10 10 7 8 8 4 10 2 9 10 7 8 8 10 10 2 8 9 5 10 10 8 7 8 10 2 7 7 7 7 6 11 11 5 4 4 5 4 4 4 4 4 4 4 11 4 4 5 11 11 4 2 5 10 8 9 8 10 10 7 7 8 8 11 2 9 11 5 4 4 4 11 5 5 7 11 11 5 4 5 10 7 8 11 2 3 4 10 10 8 7 7 7 7 8 7 7 10 8 4 10 10 7 8 8 7 7 10 8 11 5 7 10 10 8 2 7 6 11 11 2 3 4 4 5 4 4 11 5 11 4 10 8 8 7 11 11 5 4 4 4 5 11 11 4 4 5 2 9 8 4 10 10 8 8 7 7 7 7 7 11 11 2 5 3 11 11 5 4 4 4 4 4 4 5 4 4 10 2 11 11 5 5
ppo_x50_b_fd_l4,26,qv26_32,26,324,True,1811.0,9.995614528656006,8 8 10 10 8 8 10 10 8 8 9 5 10 10 8 8 10 10 8 8 1 9 5 10 10 7 8 8 10 10 8 8 11 5 7 10 10 8 8 10 10 8 8 11 5 10 10 7 8 8 10 10 8 8 11 5 7 10 10 8 8 1 9 4 4 5 4 4 1 3 4 4 10 11 5 4 5 11 11 5 1 9 5 5 1 11 9 5 4 4 5 4 11 2 4 4 3 10 10 8 8 7 0 6 7 7 7 7 7 7 7 0 7 7 9 7 10 8 7 10 8 8 10 2 7 7 7 10 9 8 8 4 1 9 5 4 10 11 5 5 4 4 11 11 5 4 5 10 8 10 8 4 4 4 4 4 4 4 4 4 4 4 4 4 4 11 5 7 10 10 7 2 8 10 7 8 11 9 8 8 7 7 10 8 7 7 7 7 7 7 7 10 8 7 7 7 10 7 10 8 2 11 5 3 11 11 5 5 11 11 5 5 4 4 11 2 11 11 3 5 5 1 9 11 5 5 10 7 8 4 11 4 4 4 11 4 5 5 10 8 10 8 4 4 4 4 10 10 2 8 10 10 8 8 6 7 7 10 8 10 2 6 7 7 7 7 10 10 8 8 7 11 0 9 5 5 4 4 11 11 5 4 4 5 10 11 2 3 5 11 11 5 5 11 2 11 9 4 5 8 4 11 5 11 2 3 10 10 7 8 7 7 7 7 7 8 7 7 7 0 9 8 7 10 7 10 7 8 2 10 8 6 7 11 11 5 4 5 11 4 5 4 4 4 11 11 4 5 5 4 4 11 4 4 5 7 10 2 9 10 7 8 5 10 7 7 7 8 7 7 10 8 10 7 10 2 8 6 4 11 4 1 9 5 5 4 11 11 4 5 5 11 11 5 4 4 5 4 4 11 5 4 4 4 11 11 4 5 8 0 9 8 10 7 10 8 7 7 8 10 7 8 4 10 8 7 7 7 7 7 7 1 9 10 8 7 7 8 10 7 7 10 8 7 8 10 10 2 8 11 3 5 11 11 1 5 3 4 4 4 5 0 9 5 11 5 4 11 11 4 2 3 4 5 10 11 4 5 5 4 4 4 11 5 7 11 5 10 10 2 8 7 10 6 8 10 10 7 0 6 8 5 10 8 10 8 10 8 7 7 7 7 7 7 7 10 10 2 7 8 9 5 11 11 4 5 5 10 8 11 11 4 1 5 4 11 5 5 9 4 5 10 11 2 3 4 4 4 4 4 4 5 4 4 11 2 4 4 11 4 9 5 5 0 10 8 9 8 10 10 8 8 7 11 5 10 10 8 7 8 10 7 10 7 7 8 5 7 7 7 10 2 9 10 8 8 7 7 1 11 9 5 5 4 4 11 5 11 5 4 4 4 1 4 4 10 8 10 9 8 8 11 5 7 10 10 8 7 7 8 7 7 10 8 7 10 10 8 7 8 10 10 2 8 7 6 11 4 5 11 11 4 5 4 4 4 4 4 11 4 5 5 11 11 4 4 4 5 4 5 11 11 5 2 11 5 4 3 10 10 7 8 8 7 0 6 7 7 10 8 7 10 10 7 8 2 9 7 7 7 8 4 11 5 11 11 5 5 10 8 11 11 5 4 4 5 4 4 4 11 11 2 5 10 7 8 10 8 9 11 5 5 10 7 7 7 7 7 7 8 4 11 5 7 10 7 7 7 7 10 8 0 7 8 7 10 8 7 6 11 11 5 4 4 4 4 4 4 5 10 8 11 11 5 5 11 4 4 4 4 4 1 3 5 11 11 4 1 5 3 4 4 4 5 10 2 3 10 8 7 10 10 8 2 9 8 10 10 2 8 6 10 8 10 10 8 8 7 10 7 7 8 7 7 7 10 7 10 8 8 11 10 7 2 7 8 11 11 5 5 3 4 4 11 11 4 5 8 11 1 11 5 5 4 9 11 5 5 4 4 11 4 11 5 2 9 7 10 8 8 0 6 7 7 7 7 7 10 8 7 7 10 10 8 7 8 10 10 2 6 8 11 5 11 11 5 4 5 4 11 11 4 1 3 4 4 5 4 4 11 5 5 4 4 4 4 11 5 10 8 7 11 11 5 4 5 11 2 11 11 5 5 7 7 7 6 7 7 7 7 7 7 7 7 10 8 10 7 7 8 11 4 5 10 10 8 2 9 8 4 4 11 11 1 3 5 4 5 11 11 5 4 4 5 11 2 9 11 2 3 5 4 11 11 5 2 3 10 8 10 10 7 8 7 7 8 7 11 11 5 5 10 8 10 7 10 7 8 8 11 2 3 7 7 7 7 10 8 7 7 7 10 10 8 8 7 7 7 11 2 11 9 5 8 11 11 5 4 4 4 4 4 4 5 11 5 4 4 4 4 4 1 4 4 4 10 11 5 5 9 8 10 10 8 8 0 6 7 7 10 10 7 8 8 7 10 7 7 7 8 7 0 6 10 10 7 8 5 11 5 7 7 7 7 11 11 1 5 5 4 4 4 9 5 4 1 3 4 4 11 11 2 3 4 5 11 4 11 5 2 9 8 10 10 8 7 8 7 7 7 11 11 2 5 11 9 5 4 5 11 2 11 9 5 4 4 4 4 5 11 2 11 11 5 5 4 3 10 10 7 7 7 7 7 8 8 7 7 7 11 2 9 10 8 7 7 7 7 10 8 7 7 7 7 8 11 2 11 9 5 5 10 8 10 10 8 8 11 4 4 1 11 4 3 5 5 11 1 9 5 8 11 4 4 4 4 5 11 5 11 11 4 5 2 9 8 10 7 7 7 7 7 10 0 6 8 7 8 7 7 7 10 2 9 8 10 7 10 8 8 10 2 6 11 11 5 4 5 11 11 4 5 5 10 8 11 11 4 1 3 5 5 4 4 11 11 5 5 10 2 10 7 8 9 10 7 8 8 11 5 11 5 7 7 7 10 8 7 10 10 2 8 7 10 10 7 6 8 5 11 5 11 4 5 4 4 4 4 11 11 5 4 5 11 11 4 4 4 5 4 4 4 5 11 2 4 4 3 4 4 10 10 8 8 7 7 7 10 8 4 10 10 7 2 6 7 8 7 10 8 7 7 11 2 9 11 5 2 11 3 4 1 9 5 4 5 1 9 11 2 3 4 4 5 11 11 2 5 9 8 7 11 10 7 8 8 11 2 10 7 6 8 10 10 8 7 10 2 7 7 6 8 7 7 7 10 8 1 4 11 3 11 4 5 4 5 10 2 9 11 4 5 8 11 5 4 4 11 4 5 10 10 2 8 3 10 8 10 8 10 10 7 8 7 8 7 7 10 7 8 7 7 0 7 7 7 6 10 8 11 2 6 11 11 5 5 11 2 6 11 4 11 5 5 11 11 5 5 4 4 4 11 4 5 4 4 4 4 4 10 8 11 11 5 8 4 4 4 4 11 5 0 9 5 10 8 4 4 10 10 8 7 8 7 11 5 10 10 8 8 7 7 7 7 10 7 8 7 10 7 8 11 11 5 2 9 8 4 11 10 7 8 7 0 9 8 8 11 5 10 10 2 6 7 7 8 10 10 8 8 11 5 7 7 0 6 11 11 5 5 11 5 11 11 4 5 4 4 5 11 11 5 2 11 5 11 11 5 3 5 11 11 5 4 2 3 4 10 8 11 5 4 4 11 11 2 5 9 8 7 11 11 4 5 8 4 11 2 4 10 10 8 8 7 7 7 7 7 7 7 6 7 10 8 4 10 8 7 7 7 7 7 7 7 7 7 7 7 11 10 8 8 4 11 11 5 2 11 11 5 4 3 4 4 5 4 4 4 4 4 4 4 4 11 11 4 5 8 11 4 4 5 10 11 5 5 11 11 2 5 9 8 10 10 7 8 7 7 7 8 11 2 3 10 10 7 2 7 6 8 11 5 10 7 8 7 7 0 9 7 8 11 11 5 5 7 7 7 10 10 8 8 11 4 5 10 10 8 8 0 7 7 10 8 7 10 10 8 8 4 11 11 4 5 5 11 11 4 5 5 10 8 11 11 5 5 3 11 11 5 4 4 11 5 4 5 10 7 8 11 11 5 11 5 5 7 11 11 5 5 11 11 4 4 2 3 5 11 11 2 5
ppo_x50_b_fd_l4,27,qv26_33,26,324,True,1800.0,28.70327091217041,6 8 2 9 10 8 8 10 10 8 8 11 5 10 10 7 8 8 10 10 8 8 11 5 10 10 7 8 8 10 10 8 8 11 5 10 10 7 8 8 11 2 10 6 10 8 8 10 0 9 8 8 10 2 10 10 8 8 10 9 8 8 11 2 3 4 11 11 4 4 5 5 7 11 11 5 4 4 5 10 7 7 8 11 5 4 4 11 5 4 4 11 11 2 5 3 4 4 4 11 11 5 2 3 11 11 5 5 7 7 10 7 0 8 10 10 6 8 7 7 7 7 8 7 7 7 7 11 10 8 8 7 7 7 10 10 7 2 8 10 9 8 8 4 4 4 4 11 5 4 4 4 4 4 4 11 4 5 7 10 8 11 4 11 5 2 6 11 11 5 4 5 10 7 8 7 11 11 5 5 11 11 5 5 11 11 2 5 9 8 10 10 8 8 7 7 10 10 7 7 8 7 7 8 10 10 8 7 7 8 7 7 7 10 8 1 11 11 5 5 10 9 8 5 4 4 11 11 5 4 4 4 5 11 2 9 11 5 5 10 7 8 10 11 5 4 4 5 4 4 4 4 4 4 4 11 11 5 5 11 5 11 2 3 10 10 8 8 7 7 0 6 7 7 7 7 7 7 10 7 8 7 7 0 9 10 8 7 8 10 2 7 10 10 8 6 8 4 4 1 3 4 4 4 4 4 4 1 11 11 5 5 9 8 10 10 8 2 10 9 8 8 10 2 7 6 10 7 10 8 2 9 7 8 11 4 4 4 4 5 11 5 11 11 2 3 4 5 4 4 11 5 4 4 4 11 5 0 9 8 11 10 8 8 10 7 10 8 2 6 11 4 11 5 2 11 4 3 4 5 7 10 10 8 8 11 5 10 7 10 8 2 10 8 7 6 10 10 8 7 7 7 8 11 5 10 10 7 7 7 8 7 0 7 8 7 6 11 11 4 5 2 11 5 4 9 4 5 11 11 5 2 10 8 6 11 11 5 4 5 4 11 5 4 4 11 4 4 4 0 9 5 5 4 4 4 4 11 2 3 4 10 10 8 7 7 8 7 7 7 10 7 7 7 7 10 8 8 7 7 7 7 7 7 7 7 7 10 8 11 4 11 4 4 2 5 9 8 11 11 5 5 4 4 4 11 4 5 10 10 2 8 6 11 5 4 4 11 11 5 5 1 9 8 11 11 5 5 10 8 4 4 10 11 5 5 4 4 10 10 2 8 6 10 7 8 10 10 2 8 6 7 7 0 7 9 10 8 8 11 5 10 10 7 8 7 7 8 4 11 2 6 11 4 4 4 5 11 11 4 5 8 11 4 5 11 4 4 11 2 5 4 11 5 4 3 10 10 8 8 10 10 2 7 6 8 7 7 10 8 4 11 2 4 10 10 8 8 10 9 8 7 7 7 8 10 2 10 9 7 8 5 10 8 7 7 7 7 11 11 1 3 5 5 4 10 8 11 5 4 4 4 4 4 10 11 2 3 5 4 4 4 4 11 11 2 5 9 8 10 10 8 8 11 4 1 3 4 4 5 11 11 2 5 9 8 4 4 10 10 0 8 6 7 7 7 8 11 5 10 10 2 6 8 7 7 7 7 10 8 7 10 8 7 11 11 5 5 7 7 7 7 7 7 7 10 10 2 8 9 4 5 7 7 7 11 11 5 5 4 1 3 4 1 11 5 4 4 3 4 4 4 4 11 5 11 11 5 5 11 4 5 4 10 2 10 10 8 6 7 7 7 8 11 4 2 4 4 10 9 8 8 11 5 4 4 4 11 11 5 2 3 10 8 7 7 7 10 8 10 10 7 7 7 7 8 8 7 7 10 7 7 7 0 9 8 8 10 10 2 8 9 5 7 11 11 5 2 11 11 5 5 9 8 11 11 1 3 5 5 4 4 4 10 2 9 11 5 5 11 2 4 3 4 10 8 10 10 8 8 10 10 8 2 9 5 7 10 10 8 8 4 11 4 2 11 9 5 5 4 4 11 5 4 4 4 11 5 4 11 11 5 5 11 11 2 5 3 7 7 7 10 8 10 10 8 8 10 8 7 7 7 7 7 10 8 10 10 8 8 7 7 7 7 7 7 10 8 7 11 11 1 5 5 11 11 5 3 4 4 4 5 4 11 5 4 4 11 4 10 8 2 9 8 11 11 5 4 5 7 11 11 5 4 5 10 8 10 11 5 4 4 5 11 11 2 5 9 11 5 5 7 7 7 7 7 7 10 8 7 7 7 10 10 0 6 8 7 7 8 10 7 8 10 10 2 8 11 3 4 5 11 11 5 5 11 4 4 4 5 4 11 11 5 4 5 4 1 4 3 7 10 10 8 8 10 8 7 7 7 10 8 7 7 10 10 7 8 2 9 10 8 8 11 5 11 4 5 10 10 8 0 6 8 7 7 7 7 10 2 6 11 4 11 4 5 5 1 9 5 4 4 4 4 11 11 2 5 9 5 4 11 11 5 2 6 11 4 4 5 0 7 9 8 7 7 7 7 7 11 11 1 4 3 5 8 11 4 5 4 11 11 5 4 4 1 3 5 4 4 4 10 10 8 2 9 8 11 10 8 8 0 7 7 7 9 8 7 7 7 0 9 10 8 7 7 10 8 7 8 7 7 7 7 10 10 8 2 6 11 5 4 11 11 1 3 5 5 4 11 4 1 9 5 8 11 4 5 11 5 11 11 2 5 10 7 7 6 7 10 7 8 8 10 10 2 8 6 11 11 4 2 4 5 9 8 11 11 5 2 9 4 5 4 11 11 4 5 4 4 4 4 11 5 5 10 8 7 10 8 7 7 11 11 5 4 5 11 11 4 5 5 0 9 8 10 7 7 10 2 8 10 8 6 7 7 7 10 0 9 8 7 7 8 7 7 7 10 10 2 6 7 8 10 2 6 7 11 11 5 4 4 4 4 4 4 4 4 11 5 5 11 5 10 11 5 5 11 11 4 5 4 5 4 11 2 11 11 5 5 6 7 7 7 7 10 8 4 10 8 7 7 7 7 7 7 7 7 7 10 10 2 8 6 7 1 9 11 5 4 5 11 2 11 3 4 4 4 4 4 4 1 9 5 4 5 4 4 4 4 4 4 4 10 2 10 10 6 8 7 7 7 0 6 8 7 7 11 5 10 10 8 7 8 11 5 10 10 7 8 2 9 8 11 5 11 11 5 4 4 4 5 4 4 10 10 2 8 6 7 10 8 10 10 8 7 8 7 10 10 8 2 9 8 4 4 11 5 11 4 4 5 4 4 10 11 5 4 5 4 4 10 10 2 8 10 8 7 7 7 9 7 8 10 7 10 7 7 7 8 7 8 10 7 10 2 8 9 5 7 7 11 11 1 5 3 5 4 4 4 11 5 10 8 11 11 5 4 4 5 11 11 2 3 5 11 11 5 8 4 4 11 5 0 9 8 10 7 7 10 2 8 6 7 0 7 6 7 7 7 7 7 7 7 7 7 10 10 2 8 11 5 4 10 9 8 8 11 5 11 11 5 4 4 4 4 4 5 4 4 11 11 5 8 11 2 4 11 9 5 4 5 11 11 5 5 10 8 11 11 5 5 4 4 4 11 5 4 10 10 8 8 10 8 10 2 10 10 8 6 7 7 8 11 5 4 10 10 7 7 8 7 10 8 7 8 11 2 3 10 10 7 7 8 7 7 8 11 11 5 5 7 11 10 8 7 8 4 1 11 3 4 5 4 4 4 4 11 4 5 7 10 10 8 8 7 11 2 9 11 5 4 4 4 5 11 2 11 11 5 4 4 5 4 3 4 4 10 10 8 7 8 7 7 7 7 7 7 10 10 7 8 8 10 10 8 2 9 10 7 7 8 5 10 0 8 6 7 7 7 7 10 10 2 8 9 5 11 11 2 5 11 11 4 4 5 5 9 8 4 10 10 8 8 11 4 11 4 5 5 11 11 2 5 4 4 4 9 5 4 11 11 5 4 4 4 4 4 5 10 10 2 8 10 10 8 7 7 6 7 7 8 7 7 7 7 7 10 7 8 10 10 8 8 11 11 4 2 4 5 11 11 5 5 11 11 5 4 4 5
ppo_x50_b_fd_l4,28,qv26_34,26,324,True,1804.0,10.00674843788147,8 8 10 9 8 8 10 10 8 8 11 5 10 10 7 8 8 10 10 8 8 11 5 10 10 8 7 7 10 8 8 11 5 10 10 7 8 8 10 10 8 8 11 5 10 10 7 8 8 10 10 8 8 1 9 5 4 4 4 11 5 4 4 4 11 5 11 11 5 5 10 2 6 11 11 5 4 4 5 4 4 11 4 11 5 5 0 9 8 7 10 7 7 8 7 7 7 7 7 7 10 10 7 7 8 5 11 2 4 11 5 7 10 7 7 7 7 7 7 7 10 8 8 9 4 4 5 4 11 4 11 2 3 4 4 4 4 5 4 4 4 4 11 5 4 11 5 11 11 5 2 11 5 3 10 10 8 8 7 0 7 9 10 8 8 10 7 7 8 4 10 2 10 10 6 8 2 9 8 10 7 11 5 5 4 4 4 4 4 11 11 2 3 4 4 5 4 11 2 4 3 10 10 7 8 8 10 10 8 8 7 7 10 2 10 6 8 7 7 7 7 10 10 7 7 8 5 10 2 10 7 7 7 7 7 9 8 8 4 11 4 5 4 11 4 4 4 4 4 5 10 0 7 6 8 7 10 10 8 8 10 10 7 8 8 11 5 10 10 8 2 11 5 11 9 5 5 4 4 4 4 4 4 1 3 4 10 8 11 11 5 4 4 5 4 11 11 5 2 11 5 9 11 4 5 8 4 4 10 2 10 6 10 8 7 7 7 8 7 10 8 7 7 7 7 7 10 10 8 8 0 6 7 7 7 10 10 8 2 9 8 4 11 5 4 11 11 5 5 4 4 11 5 11 11 2 5 9 11 4 5 4 5 7 7 7 10 8 4 4 4 11 5 4 4 4 4 4 11 5 4 4 4 4 10 10 2 8 10 9 8 7 7 8 11 10 7 7 7 7 2 6 8 7 10 10 8 2 3 10 8 10 10 8 7 7 7 7 7 8 7 7 7 1 11 11 4 3 5 4 5 4 11 11 2 5 11 3 4 5 4 4 4 4 4 4 11 11 5 2 6 11 11 5 4 5 10 7 8 11 11 2 5 10 7 8 10 10 8 8 6 10 10 7 8 7 7 8 11 2 4 11 5 4 9 4 5 4 11 11 2 3 5 4 4 11 2 3 10 10 7 8 7 7 7 7 7 10 8 7 7 8 7 7 7 10 8 10 2 10 7 7 6 8 11 11 5 5 11 11 2 3 4 4 5 4 11 5 10 7 7 10 8 8 11 5 11 11 5 5 10 2 10 6 8 10 10 8 8 7 11 5 4 4 1 11 4 9 5 5 4 11 4 5 0 9 5 10 10 8 7 7 7 8 10 2 7 9 8 7 1 3 11 11 5 5 11 2 9 11 4 4 5 8 11 4 4 5 4 11 5 4 10 10 8 7 7 8 4 4 11 4 5 4 4 11 11 2 5 9 8 4 4 4 10 10 0 6 8 7 7 7 8 7 7 7 7 0 6 7 10 8 11 2 3 10 10 8 7 8 11 5 7 10 10 7 7 2 6 7 8 10 7 7 7 11 5 1 5 9 5 10 8 11 11 5 4 11 5 4 4 4 4 4 4 4 4 5 10 10 2 8 9 5 11 11 2 4 5 4 9 5 4 11 11 2 3 4 5 10 10 8 7 7 10 8 7 7 8 7 7 7 7 7 7 7 7 10 10 8 2 6 7 11 5 4 4 4 4 10 8 10 11 2 5 3 4 4 4 4 10 8 11 5 4 4 4 4 0 9 11 5 5 11 4 11 5 4 5 1 3 10 7 7 8 10 10 7 7 7 8 8 7 7 10 7 8 4 10 10 8 8 10 10 2 8 10 6 7 10 7 7 8 7 8 11 2 9 11 5 5 4 11 5 11 11 5 5 4 4 1 3 11 4 5 11 11 5 5 11 11 2 4 3 5 7 7 10 10 8 8 7 10 8 11 5 7 10 7 10 8 2 10 6 7 8 1 4 11 9 5 4 1 3 11 4 5 5 10 8 11 5 4 4 11 11 5 5 4 4 11 5 11 2 10 10 8 8 10 7 8 9 11 5 5 4 10 2 6 7 7 7 10 10 8 2 10 6 8 10 10 8 2 10 8 7 6 7 10 10 8 7 8 1 3 4 4 10 11 5 4 5 11 11 4 5 4 4 5 4 11 11 5 4 4 4 4 11 5 5 10 8 11 11 2 5 3 10 7 7 7 8 4 10 8 7 7 7 7 7 7 7 7 7 7 10 10 8 2 3 10 8 10 7 10 2 8 7 10 10 8 6 8 4 4 4 4 4 11 2 4 9 11 5 5 11 11 5 4 4 4 4 5 10 11 5 4 5 4 11 11 5 4 5 4 11 11 2 5 3 10 8 7 7 7 7 7 10 10 8 7 7 7 7 7 7 8 7 7 11 11 5 5 10 8 10 10 7 7 8 2 9 5 10 10 7 8 8 4 11 5 10 10 8 8 4 4 4 4 4 11 11 2 3 4 4 5 4 4 4 4 4 4 4 4 4 11 11 4 5 5 10 2 6 10 7 10 8 8 10 7 7 0 9 8 7 8 10 8 7 7 7 7 7 11 10 8 8 11 5 10 10 7 7 8 8 11 5 10 7 7 7 10 8 2 9 5 7 11 11 5 5 11 2 11 9 5 5 4 4 4 4 11 11 4 5 5 10 8 4 11 11 4 5 4 4 5 10 0 6 7 8 7 0 9 5 10 8 10 10 8 2 9 8 7 10 8 7 10 7 7 10 7 8 2 9 5 4 11 11 5 5 4 4 4 11 4 5 4 11 11 5 5 11 4 11 4 4 5 4 4 5 4 11 2 4 3 10 10 7 7 8 7 7 8 4 11 5 10 10 2 8 9 8 7 10 8 7 10 10 2 6 7 7 7 8 4 4 1 9 8 11 4 4 11 4 5 5 4 4 10 8 11 5 11 11 5 4 5 10 11 2 5 9 10 7 8 0 6 7 7 8 7 10 2 9 8 10 10 7 8 8 10 10 8 2 10 9 8 7 7 8 10 8 7 7 7 7 7 1 11 11 5 3 4 4 4 4 5 11 4 4 4 4 5 11 11 2 3 4 4 4 5 11 4 4 4 4 5 4 10 2 10 10 8 8 6 10 7 7 7 7 7 7 8 10 10 2 6 7 7 7 8 7 10 7 7 7 8 1 11 11 5 3 5 11 11 5 5 7 10 8 4 4 10 11 4 5 8 11 5 4 4 11 5 4 4 4 11 11 5 2 11 9 5 5 11 2 9 10 7 8 5 7 10 8 10 10 8 8 0 6 7 7 7 7 7 7 10 8 11 2 11 9 5 5 4 10 8 10 7 7 7 10 7 8 7 8 1 9 11 5 5 7 11 5 4 11 4 4 5 11 4 11 5 4 5 10 8 11 11 4 5 2 9 11 4 5 8 11 5 11 4 4 11 4 5 4 4 4 5 10 2 7 10 7 6 7 8 10 7 7 7 10 8 7 8 4 10 10 8 5 7 7 7 10 8 11 5 10 10 8 8 7 7 10 10 8 8 4 11 4 11 5 2 9 5 11 4 4 5 4 4 4 4 4 11 11 4 5 2 9 8 11 5 4 4 4 11 11 2 5 3 10 8 10 8 10 10 7 8 8 10 7 10 8 2 7 10 8 9 10 7 8 7 7 7 7 7 8 10 7 10 7 2 8 6 7 7 11 11 5 2 9 5 11 5 11 11 2 3 4 4 5 4 4 4 4 4 11 5 4 1 3 4 11 5 0 10 7 6 8 10 10 7 8 2 6 7 10 7 8 7 10 10 2 8 7 7 6 7 11 11 5 5 4 4 4 11 4 5 10 7 8 11 11 5 5 4 4 4 11 5 4 11 11 1 3 4 5 4 4 4 4 4 5 10 2 7 6 10 8 10 10 8 8 10 8 4 10 10 8 8 11 2 3 10 10 2 6 7 7 7 8 10 10 8 8 0 9 8 7 10 7 7 7 7 0 7 7 8 6 11 11 4 4 5 5 11 5 7 11 11 2 5 11 11 5 5 11 11 3 5 5 11 11 2 4 4 5 11 11 4 4 4 4 5 4 4 5 11 11 5 5
ppo_x50_b_fd_l4,29,qv26_35,26,328,True,1832.0,10.109588861465454,8 8 10 9 8 8 10 10 8 8 11 5 10 10 7 8 8 10 10 8 8 11 5 7 10 10 8 8 10 10 8 8 11 5 10 10 7 7 8 5 10 2 7 7 9 10 8 8 10 10 8 8 11 1 5 4 4 11 9 4 5 8 11 5 4 4 11 5 7 7 11 11 5 2 3 4 4 4 11 11 5 5 4 0 10 6 7 7 8 7 7 7 7 10 10 7 8 5 10 7 8 10 10 8 2 10 8 10 6 10 7 8 5 10 2 10 9 8 8 1 9 4 5 10 8 4 10 10 8 8 11 4 4 4 4 4 4 5 4 11 11 5 4 5 11 5 4 4 10 1 9 8 8 10 7 7 8 11 5 7 11 10 8 8 7 7 7 7 7 7 7 11 11 5 5 11 2 11 11 4 5 3 5 4 11 5 4 4 4 11 1 4 3 5 11 11 4 2 3 4 5 7 11 11 5 5 11 11 5 5 10 2 3 7 10 7 7 8 7 7 7 7 7 7 7 10 7 7 8 11 11 5 5 11 11 2 3 5 7 10 2 11 10 8 6 8 10 2 11 11 4 5 4 3 4 4 4 5 4 10 11 5 2 3 4 4 4 4 10 10 8 2 10 10 8 8 9 5 10 10 8 7 7 7 8 7 11 10 7 8 7 7 7 7 7 8 10 2 9 7 8 11 11 5 2 7 7 7 7 6 7 7 11 11 5 5 4 11 4 4 4 5 4 4 4 4 4 4 11 11 5 4 5 11 4 4 5 11 4 10 7 0 6 8 5 10 8 7 7 7 7 7 7 7 7 0 9 10 8 8 7 7 7 7 11 11 5 2 11 9 5 5 4 4 1 11 4 4 4 4 5 10 7 7 6 7 7 8 10 8 7 10 0 9 8 8 10 7 7 7 8 10 2 11 11 4 4 5 5 9 8 11 11 5 5 4 11 4 11 2 5 11 9 5 5 11 4 11 4 4 5 4 4 4 4 5 11 11 5 4 4 5 10 2 3 10 10 7 8 8 7 7 7 10 8 10 7 8 11 11 5 5 10 7 8 7 7 11 5 11 10 8 8 7 7 7 7 7 11 10 8 8 7 7 7 10 10 2 8 9 5 11 11 5 2 9 8 11 11 4 4 4 5 7 8 11 2 3 11 11 5 4 5 4 4 4 4 11 5 7 11 2 9 11 4 4 5 8 10 8 4 4 4 4 11 4 5 11 11 2 5 10 8 10 10 7 6 7 8 8 10 10 8 8 7 7 10 8 11 2 11 5 11 9 5 7 8 10 10 8 7 8 10 7 8 1 11 11 5 5 4 4 4 3 4 11 5 4 10 10 8 2 7 10 9 7 8 5 10 7 10 8 8 11 5 0 7 7 6 7 10 8 7 7 7 7 7 7 0 6 11 11 5 5 11 5 4 4 11 11 5 4 4 4 5 11 11 5 5 11 0 9 5 5 11 4 4 1 9 5 4 4 5 11 2 4 3 10 10 8 7 8 10 10 7 7 8 7 7 7 7 8 10 2 7 6 7 7 10 10 8 2 9 5 11 4 4 4 4 4 5 4 4 11 5 4 4 4 4 11 4 4 11 5 5 11 2 3 10 7 8 10 10 7 8 8 0 9 8 10 10 7 8 8 7 7 7 7 7 7 7 0 7 7 6 10 7 8 4 11 5 11 4 11 4 5 5 11 11 5 4 4 4 5 10 2 10 10 8 8 4 4 11 4 3 4 4 5 11 11 5 2 9 5 7 7 7 10 10 8 8 11 5 10 10 8 7 8 10 7 10 2 8 7 9 8 11 10 2 6 8 7 7 7 7 7 7 11 2 11 11 4 5 5 10 8 9 11 5 5 4 4 1 4 3 4 1 4 11 4 3 5 10 10 8 8 10 10 7 8 5 10 10 8 7 8 10 7 7 7 7 8 7 7 11 11 5 2 11 5 9 5 11 11 5 5 11 11 4 4 5 5 10 8 11 11 2 3 11 5 4 4 5 4 4 4 11 11 5 4 4 4 4 5 11 5 0 6 7 10 10 8 8 7 7 7 0 6 7 7 7 10 8 7 10 8 7 10 10 8 2 9 8 4 4 11 11 5 5 11 11 5 4 4 5 11 11 5 5 11 11 1 3 5 5 10 8 11 11 2 4 5 4 11 11 5 5 9 8 10 10 7 8 8 7 10 8 4 10 10 8 8 10 10 8 8 7 10 0 6 8 7 7 7 7 7 7 11 5 10 10 8 7 7 7 8 10 2 6 11 4 5 4 4 10 11 5 4 4 5 11 11 4 5 4 4 5 11 5 4 4 4 4 4 11 11 2 5 11 3 5 10 7 7 8 10 10 7 7 7 8 7 0 6 8 7 7 11 10 8 7 8 10 10 2 6 7 8 10 2 10 10 8 6 8 4 4 4 4 4 4 4 4 11 2 3 4 4 11 11 2 5 10 8 6 11 11 5 5 0 10 8 9 7 10 8 7 8 4 10 8 7 10 10 8 7 7 8 7 7 7 10 2 10 10 8 8 4 4 4 4 4 3 4 4 1 4 4 4 4 4 4 4 3 11 5 4 11 4 4 4 4 5 4 10 0 9 8 5 10 7 8 4 10 10 8 7 7 7 7 8 10 8 7 10 0 9 8 5 7 7 10 7 7 7 7 0 9 8 8 7 7 1 11 11 5 3 5 10 8 11 11 4 4 5 1 3 5 4 11 11 4 5 4 4 4 5 10 7 7 7 8 11 5 11 11 4 5 2 3 11 4 11 5 4 4 5 11 11 5 2 9 5 10 7 8 10 10 7 8 8 11 10 7 8 0 6 8 7 10 10 7 7 8 2 3 10 10 8 2 9 5 7 7 7 11 11 1 3 2 3 4 4 4 4 5 11 5 11 11 5 2 11 5 9 4 4 4 5 11 11 5 5 7 7 7 10 7 7 7 7 7 8 7 7 0 6 7 7 7 7 7 10 8 7 7 7 7 10 10 2 8 9 5 11 11 4 5 5 10 8 10 7 8 11 11 4 4 4 5 4 5 11 11 4 4 4 4 5 4 5 10 2 9 11 4 5 4 4 4 4 5 0 10 9 8 5 10 7 7 7 7 7 0 6 7 8 7 7 10 7 7 10 2 6 8 11 4 4 4 4 5 4 11 11 5 4 4 4 4 4 5 11 2 4 3 4 4 11 5 4 10 10 8 2 10 10 7 8 6 8 11 5 10 10 7 8 2 3 10 8 10 10 8 2 7 10 9 8 7 8 7 11 11 5 5 10 7 7 8 7 11 5 10 10 8 8 7 7 10 7 7 7 8 1 11 11 3 5 5 11 5 1 4 11 4 3 4 5 4 11 11 5 4 5 11 5 4 4 11 4 11 5 5 4 10 10 2 8 9 8 10 10 0 6 7 8 7 7 7 7 7 7 7 8 10 2 7 10 9 7 8 5 10 8 11 2 7 11 9 5 4 5 7 7 7 7 7 7 11 2 11 11 5 5 3 11 4 4 11 5 5 4 4 4 4 4 11 5 10 8 11 11 4 5 5 10 8 11 11 5 4 5 11 5 10 10 2 6 8 10 2 6 7 0 6 7 7 10 10 7 0 6 8 8 7 10 10 2 6 7 8 11 2 10 9 8 7 7 8 10 2 11 11 5 4 5 11 11 4 5 3 5 10 11 5 5 4 4 4 4 4 4 11 5 11 4 4 4 5 4 11 11 5 2 11 11 5 3 5 10 7 8 7 7 7 7 7 7 10 7 7 8 11 11 2 5 7 9 7 8 11 4 1 4 11 3 5 5 4 4 4 10 2 9 10 8 7 8 7 10 8 7 10 7 8 7 7 0 9 10 8 7 8 7 10 2 11 11 5 5 3 4 4 11 11 5 4 5 10 11 5 5 11 11 5 2 11 5 11 9 5 5 10 8 11 11 5 5 11 11 2 3 4 5 11 11 5 5 7 1 9 8 7 7 10 11 5 5 10 10 8 7 7 7 7 8 7 7 7 7 10 8 11 11 5 5 7 7 10 7 10 8 7 7 7 8 7 7 0 6 7 11 11 4 5 5 11 5 4 4 11 4 5 11 11 5 5 4 4 4 10 10 2 8 10 10 7 7 7 7 8 8 10 10 8 6 8 10 10 2 8
ppo_x50_b_fd_l4,30,qv26_36,26,318,True,1800.0,9.993136644363403,8 8 10 9 7 8 5 11 2 10 10 7 8 8 9 5 0 10 10 8 8 9 10 8 8 11 5 11 5 10 10 7 7 7 8 5 10 7 7 10 8 8 11 5 10 10 2 8 9 5 0 10 10 8 8 10 10 8 8 9 5 10 10 8 8 10 10 8 8 1 9 5 4 4 11 5 1 3 11 4 5 11 4 4 11 5 5 11 2 11 11 5 5 4 11 4 5 4 10 10 6 8 8 10 10 2 7 8 6 7 7 7 7 7 10 7 8 7 7 7 0 7 7 7 6 11 11 2 5 11 11 5 5 11 9 5 5 4 1 11 4 9 5 5 4 4 4 11 5 4 4 4 1 11 5 4 4 3 4 4 4 10 10 2 8 7 6 7 7 7 7 7 7 10 8 7 7 7 7 10 10 8 4 5 10 7 7 8 11 5 10 10 7 2 8 6 10 11 5 5 11 5 4 4 4 4 4 4 4 11 11 2 5 3 10 7 7 10 7 8 8 10 10 7 8 2 10 9 8 7 7 7 8 10 2 6 11 11 5 5 10 8 7 10 8 11 11 4 5 4 4 5 11 11 5 5 4 4 4 11 5 10 8 11 11 5 4 5 4 4 11 11 4 5 5 4 4 4 4 10 10 7 7 8 2 9 7 8 10 7 7 10 7 8 5 7 7 7 7 7 10 8 11 5 11 11 5 2 11 5 3 10 10 8 7 7 8 7 7 10 8 1 4 3 11 5 4 11 11 5 5 4 11 5 11 11 5 5 11 1 9 8 5 11 4 4 11 5 7 8 11 5 11 11 5 2 3 10 7 7 10 2 7 8 9 8 10 10 8 7 7 8 4 11 5 7 10 10 8 7 8 10 10 7 7 7 8 7 8 4 1 9 5 4 11 4 4 4 1 9 5 8 11 5 4 4 1 3 4 4 11 5 7 0 9 5 10 10 8 7 8 11 5 10 10 8 2 7 10 7 10 6 7 7 7 7 7 7 8 8 10 10 2 8 9 5 7 7 11 11 5 4 4 4 5 11 4 5 10 2 10 9 8 8 10 10 8 7 8 11 4 5 11 5 4 4 4 11 5 4 4 4 11 11 2 3 5 10 8 4 4 4 4 4 4 4 4 4 4 10 10 8 2 9 7 7 8 10 7 7 8 7 7 7 7 7 10 10 8 7 8 4 10 8 10 10 7 8 2 7 10 9 8 5 10 7 7 10 2 8 6 11 5 11 11 5 5 11 5 4 4 4 4 1 3 4 4 4 4 11 4 11 4 4 5 5 10 7 8 11 4 11 5 5 11 11 5 5 7 7 7 11 2 10 10 8 6 7 8 7 7 11 2 9 11 5 5 10 8 10 8 7 10 8 7 7 7 7 7 0 9 10 7 8 5 10 10 8 2 9 5 11 4 4 11 5 5 11 11 4 5 5 10 11 5 5 4 11 5 4 4 11 11 5 2 9 11 5 8 7 10 8 11 5 10 10 8 7 7 8 10 10 8 8 10 8 10 7 8 7 7 10 7 10 8 8 10 10 2 8 6 11 5 11 11 2 3 4 5 4 4 4 4 4 4 4 4 4 1 9 5 4 4 11 11 4 5 5 10 8 7 11 11 4 4 5 2 9 4 5 10 10 8 8 10 7 8 7 7 7 11 5 10 10 8 7 7 2 6 7 10 8 11 11 5 5 10 8 7 7 7 7 7 7 11 10 2 6 8 7 7 7 10 8 1 9 5 10 8 11 11 4 4 4 5 2 11 4 3 11 5 4 4 5 4 4 4 4 1 9 8 11 4 4 4 4 11 4 5 8 11 5 11 11 2 3 5 7 7 7 10 8 10 10 7 8 5 10 7 7 7 7 7 7 10 8 7 7 8 1 11 11 5 5 10 9 5 5 11 11 4 5 5 1 9 8 11 11 4 5 8 11 1 4 3 5 11 11 2 3 5 10 2 6 11 10 8 8 10 10 7 8 5 10 7 7 10 8 8 7 11 2 11 11 5 4 3 5 11 11 5 4 4 4 4 4 5 0 10 6 8 7 7 7 7 7 7 7 7 10 8 7 7 7 7 7 7 7 7 11 11 5 2 11 9 5 4 4 5 4 10 2 11 9 5 4 4 4 4 4 5 10 2 10 7 7 8 6 0 6 7 7 7 11 11 5 5 10 8 10 10 8 7 8 11 2 11 9 5 4 4 4 4 5 10 8 10 11 5 4 4 5 11 11 4 5 5 11 4 4 11 2 5 11 11 5 5 4 4 10 10 8 8 7 7 9 8 7 10 8 11 5 10 7 10 7 8 5 10 8 10 10 2 6 7 8 11 5 10 8 7 7 7 10 7 10 8 7 7 7 7 8 10 2 6 11 11 1 3 5 4 1 3 5 4 4 11 5 4 11 11 2 3 5 4 4 4 4 4 11 11 5 2 3 4 4 4 1 3 10 10 8 8 7 7 7 7 7 10 10 2 8 6 7 7 10 8 4 10 2 11 3 11 5 4 4 5 11 11 5 5 11 2 11 11 5 4 5 4 9 11 5 5 10 8 10 10 7 8 7 8 7 7 7 0 6 10 8 7 7 7 7 7 10 8 10 10 8 7 8 10 2 10 9 8 8 4 1 11 5 4 3 4 11 4 5 4 4 4 10 0 6 10 8 8 10 7 7 10 8 7 8 1 11 3 5 7 11 11 5 2 11 9 5 5 4 4 10 10 8 8 7 11 2 10 10 8 8 6 10 10 8 8 11 5 11 11 5 5 11 11 4 4 4 4 4 5 4 4 5 4 11 5 4 4 4 4 0 6 10 8 7 7 7 7 7 7 7 10 7 10 8 2 6 11 5 10 7 7 11 5 5 11 5 11 11 4 5 5 4 4 4 4 11 5 7 7 10 8 10 10 8 8 4 11 5 4 11 11 4 5 4 4 4 4 5 0 9 5 10 10 8 8 11 5 10 7 10 7 8 8 10 7 7 7 8 4 11 5 7 10 10 2 6 7 8 11 5 7 10 7 7 7 7 7 7 7 7 10 2 7 8 9 7 8 11 11 5 5 11 5 4 11 11 4 5 4 5 11 11 5 4 4 1 11 3 5 5 4 4 4 4 4 4 11 5 10 2 11 11 5 5 3 10 7 7 7 0 9 8 8 7 7 10 8 10 8 7 7 10 10 2 8 4 11 5 3 11 11 5 4 11 5 2 9 5 11 11 5 5 7 10 7 7 8 7 7 7 7 0 6 7 7 7 10 8 11 5 10 10 8 8 10 10 7 8 7 8 7 11 2 6 11 11 4 5 8 11 5 4 4 4 4 4 4 4 4 4 10 8 11 11 2 3 4 4 4 5 4 11 4 4 4 4 4 5 10 2 6 4 10 10 7 8 8 11 5 10 10 7 7 8 8 11 5 11 5 10 10 7 8 8 7 7 10 7 7 7 7 8 4 10 10 8 7 8 11 10 8 2 10 8 7 6 11 11 5 5 4 4 11 11 5 5 4 4 4 4 4 4 11 11 2 5 3 4 11 5 4 11 4 11 2 5 9 8 10 10 8 7 7 7 0 6 8 11 5 10 10 7 8 8 11 5 10 10 7 7 7 2 7 6 7 7 8 10 10 8 8 7 7 10 8 7 7 1 3 4 4 11 5 4 4 4 4 11 5 11 11 2 3 5 10 7 8 7 7 7 0 7 10 9 8 8 11 5 10 10 2 6 7 7 8 10 2 6 11 11 4 5 5 4 4 4 10 2 11 9 5 5 10 8 11 11 2 3 4 5 11 0 9 5 5 4 11 4 4 5 11 5 4 4 4 1 4 4 3 10 10 8 8 10 8 7 10 7 10 7 7 8 8 11 2 11 4 5 10 10 8 8 6 7 10 10 8 8 10 10 8 8 11 10 2 6 8 10 7 7 8 7 10 10 2 6 8 11 11 4 4 5 4 5 11 4 4 5 11 11 5 4 4 5 4 4 4 11 5 11 11 5 5 4 4 4 4 4 10 10 2 8 10 6 10 7 7 8 7 7 8 11 2 10 10 8 6 7 7 7 7 7 7 8 10 10 2 8 10 10 8 8
ppo_x50_b_fd_l4,31,qv26_37,26,323,True,1796.0,10.236895561218262,8 8 10 10 8 8 10 10 8 8 9 5 10 10 8 8 10 10 8 8 11 5 11 4 5 10 10 8 7 7 7 7 10 8 8 10 10 8 8 11 5 10 7 7 7 11 7 7 8 5 10 2 10 9 8 8 4 11 5 1 9 5 11 11 5 5 1 9 5 11 4 11 2 5 9 8 11 11 4 4 5 8 11 5 11 4 0 10 8 8 9 10 8 8 7 7 10 10 8 8 7 11 11 5 4 5 10 7 8 7 10 10 8 7 7 7 7 2 7 7 7 6 11 11 5 2 9 11 5 5 11 4 5 4 4 4 4 4 4 11 4 11 5 4 5 4 11 4 5 4 4 11 11 5 5 11 11 2 5 9 8 10 8 7 7 7 7 7 0 7 10 7 8 9 11 5 5 7 7 10 7 0 9 8 8 11 2 9 10 8 7 7 7 8 10 2 7 7 7 6 11 11 2 5 11 5 4 10 9 8 8 11 5 4 4 4 11 4 4 4 5 11 11 5 2 3 4 4 11 11 5 5 11 5 11 11 5 2 11 5 10 6 10 8 7 7 7 7 8 7 7 7 7 10 8 4 10 8 7 7 7 7 7 10 10 2 8 11 4 5 11 11 5 3 5 11 11 5 5 1 9 8 11 4 11 5 5 7 10 8 11 11 5 5 11 11 2 3 5 11 4 11 5 4 5 11 11 5 2 11 11 4 5 8 3 10 8 10 10 8 7 8 1 9 10 8 8 7 10 8 0 6 7 7 7 7 10 10 8 7 8 7 7 10 8 11 11 5 5 7 7 10 7 10 2 7 8 7 6 11 11 5 4 4 5 4 4 4 11 1 3 5 4 0 9 11 5 5 10 8 11 11 5 5 11 4 11 2 3 4 4 4 4 5 4 11 11 5 2 9 8 4 4 10 10 0 8 6 7 7 8 7 7 7 1 9 11 5 5 4 4 10 2 10 6 10 8 8 7 7 10 8 7 7 7 7 10 8 11 2 9 5 10 10 8 7 7 5 7 7 7 10 8 11 5 4 11 1 9 5 5 11 4 5 4 4 11 5 4 4 11 5 11 4 4 5 11 11 4 5 4 5 10 7 0 8 7 10 8 6 10 10 7 8 8 10 10 7 7 7 8 7 8 11 2 3 11 5 7 10 0 10 8 7 8 7 10 10 8 6 8 11 5 7 7 11 11 5 2 11 3 11 5 5 4 11 5 4 4 4 4 10 8 11 11 2 3 5 10 2 9 8 4 4 4 4 0 10 10 8 6 0 6 7 7 8 10 8 7 7 7 7 7 11 2 11 11 5 3 5 11 4 11 5 2 9 5 4 4 4 4 4 4 4 4 4 4 11 11 4 5 8 7 7 11 2 11 5 11 11 4 5 3 5 10 8 10 8 10 10 7 8 7 8 4 11 5 10 10 8 8 7 7 7 7 0 9 8 10 7 10 0 6 8 7 7 8 10 2 6 7 11 11 5 4 5 4 4 11 4 5 10 8 11 11 2 3 4 5 10 0 6 7 7 7 7 7 8 10 0 8 7 7 7 7 6 11 11 5 5 1 4 9 5 11 5 4 4 1 9 11 4 5 8 11 4 4 11 5 4 4 5 4 4 11 5 4 4 10 8 11 11 5 5 11 2 10 9 8 8 11 5 4 4 10 10 0 6 8 7 7 7 8 10 10 2 6 7 7 7 8 10 7 7 10 8 7 7 8 11 5 10 10 8 8 10 7 7 7 8 11 11 5 2 9 5 10 7 7 8 11 5 4 11 11 2 3 4 4 4 5 4 11 5 11 4 4 11 4 5 5 10 8 1 9 11 5 5 4 11 11 2 3 5 7 10 8 7 7 7 10 10 8 2 10 8 7 10 9 8 7 7 8 10 10 8 8 1 4 11 5 4 3 4 4 11 5 4 4 4 11 11 5 2 6 4 4 4 11 5 7 0 9 10 7 7 8 7 8 11 10 8 7 7 7 8 11 10 8 8 7 7 7 1 3 11 11 5 5 11 5 11 4 4 4 11 4 5 5 4 4 11 4 11 2 5 3 10 8 10 7 7 7 10 8 8 11 4 5 10 10 0 7 6 7 2 7 8 7 6 11 11 5 5 10 2 10 9 8 7 7 7 8 11 2 3 7 7 7 7 7 10 10 8 8 4 4 11 1 9 4 5 4 5 4 1 3 4 4 11 11 5 5 10 8 11 11 4 4 5 2 11 4 3 4 4 4 4 4 11 2 5 3 10 8 10 10 8 8 1 9 10 8 8 7 7 7 7 7 7 7 7 7 10 7 10 8 8 11 5 10 8 7 7 7 7 10 7 8 11 11 2 5 11 5 11 11 4 5 5 9 8 11 11 4 4 5 5 11 11 5 5 4 4 1 4 4 4 4 4 4 3 4 11 5 10 8 11 11 2 5 9 8 10 10 7 0 7 7 8 8 11 5 10 10 8 8 7 7 7 9 8 7 10 8 7 7 7 10 10 2 8 6 10 8 1 4 9 5 4 4 4 4 4 4 4 4 4 4 10 10 2 8 9 5 10 10 7 8 8 11 5 0 9 10 0 6 7 8 8 7 10 10 2 8 10 7 7 6 8 10 0 7 6 8 7 11 11 4 5 5 11 4 5 4 11 5 4 4 11 11 5 5 10 7 11 5 5 4 4 11 5 11 11 2 3 4 5 4 4 4 11 5 7 0 10 6 10 8 8 7 7 7 7 10 8 10 10 8 7 8 11 10 8 8 7 7 10 10 8 8 11 5 7 7 7 11 11 5 5 4 10 2 11 11 4 3 5 5 11 2 4 3 4 4 11 11 5 2 9 5 11 4 5 10 10 8 8 7 7 10 10 8 7 8 10 8 7 11 11 5 4 5 10 7 7 7 7 8 11 4 5 10 10 2 8 11 4 4 4 4 3 4 4 5 4 4 11 4 4 4 11 2 3 4 4 4 5 10 2 3 10 10 8 8 7 11 5 11 5 10 10 7 2 6 7 7 8 7 7 10 7 7 10 7 0 6 8 7 7 8 7 7 10 8 10 2 10 10 8 6 7 8 11 11 5 5 4 4 4 4 11 5 10 8 11 11 5 5 11 11 5 5 10 11 4 5 2 4 11 11 3 5 5 4 4 4 10 10 2 8 3 10 10 8 8 4 10 7 7 10 7 7 8 5 10 0 6 7 7 7 8 10 10 8 7 8 7 11 2 7 7 6 4 4 11 11 5 5 4 4 4 4 4 4 11 11 1 3 5 8 11 5 11 11 5 5 10 2 9 8 11 11 5 4 4 5 11 2 3 4 4 4 4 10 10 8 2 9 8 10 10 8 7 7 7 8 7 7 7 7 7 7 10 10 8 8 10 10 2 6 8 11 5 7 7 7 7 10 10 2 8 4 9 5 11 11 1 3 5 4 4 4 4 5 11 11 5 4 5 11 4 11 4 4 5 4 5 10 11 2 5 11 4 5 11 5 3 10 10 8 2 10 9 8 8 10 10 8 8 7 7 7 10 10 8 8 7 10 7 8 4 10 8 7 7 7 7 11 10 8 8 10 7 0 8 6 7 7 11 11 5 5 4 4 4 4 4 4 10 11 5 5 4 4 11 11 2 5 6 4 4 4 4 4 4 4 11 11 2 5 9 8 10 10 7 8 8 11 5 10 10 7 7 7 7 8 8 11 5 11 10 8 7 8 7 7 7 1 11 11 5 3 4 5 4 4 10 10 8 2 10 8 9 7 8 11 11 4 5 5 11 11 5 5 11 4 4 11 5 5 4 4 4 4 10 10 2 8 6 10 10 8 7 8 7 10 10 2 6 7 7 8 7 7 10 10 2 6 8 10 7 7 7 7 7 7 7 7 8 11 11 1 3 5 5 10 8 11 11 4 5 4 4 4 5 4 11 5 4 11 11 4 5 4 5 11 4 1 4 4 3 5 4 10 10 8 8 10 10 8 8 10 10 7 8 7 8 10 7 7 10 2 6 8 7 10 10 8 8 11 10 8 8 7 11 11 2 5 11 11 5 4 4 3 4 4 4 4 5 10 2 11 11 5 5
ppo_x50_b_fd_l4,32,qv26_38,26,327,True,1843.0,10.057955980300903,8 8 9 10 8 8 10 10 8 8 11 5 10 10 7 8 8 11 5 10 10 7 8 8 11 5 10 10 7 8 8 10 10 8 8 11 5 10 10 7 8 8 10 10 8 8 10 10 8 8 11 5 4 10 10 8 8 7 7 0 10 10 8 8 9 10 8 8 11 5 11 5 7 7 11 11 4 4 4 4 5 5 10 8 11 4 1 9 5 4 1 3 5 4 11 5 4 4 4 11 4 4 4 11 5 2 9 8 4 4 11 11 5 5 7 7 0 10 7 6 8 7 7 10 10 2 8 10 6 7 7 8 10 10 8 7 7 8 7 11 11 2 5 11 4 9 5 4 4 5 11 4 4 5 10 10 7 8 8 7 7 7 7 7 10 8 7 7 7 10 8 10 2 9 7 8 11 11 4 5 5 10 8 11 11 4 4 5 5 11 5 4 4 4 4 4 11 4 10 8 2 9 8 11 1 9 5 4 5 4 11 2 3 4 4 10 10 2 8 6 7 10 8 7 11 5 10 10 8 7 7 8 10 7 7 10 7 8 2 10 8 7 7 11 11 4 3 4 5 2 9 8 4 11 4 4 11 5 4 5 4 11 5 7 11 11 4 5 2 9 8 4 4 11 5 4 4 4 4 10 10 2 8 10 10 8 6 10 8 7 7 8 7 7 7 7 7 7 10 8 10 2 3 7 10 7 10 8 2 9 8 10 10 2 7 8 6 4 11 5 4 4 11 5 4 4 4 11 11 5 2 11 9 5 5 4 4 4 4 4 11 5 7 11 2 10 9 8 8 7 10 8 10 10 7 7 8 7 8 10 10 7 8 8 7 7 7 11 5 10 10 8 8 7 7 7 11 11 1 5 4 5 3 11 4 4 4 5 4 11 4 4 4 4 4 4 5 4 4 11 4 4 4 11 2 3 5 10 7 10 7 7 8 5 10 7 7 7 7 7 7 7 7 8 7 7 7 10 10 8 7 7 8 11 4 2 3 4 4 1 3 4 4 11 11 5 5 10 8 4 4 4 11 11 4 5 5 10 8 7 11 11 5 5 4 11 11 4 5 2 9 8 11 5 10 10 8 7 8 7 7 7 10 8 11 5 10 10 7 7 7 7 8 5 10 10 8 8 11 5 10 10 7 2 8 6 10 8 10 10 7 8 5 10 8 11 1 9 5 4 5 4 4 4 4 11 1 3 5 10 8 11 11 4 5 8 10 8 4 4 4 4 4 4 11 11 5 2 4 9 5 0 6 7 7 0 9 10 8 7 8 7 7 7 7 7 7 10 7 7 7 10 7 7 8 8 4 11 5 7 10 10 8 8 4 1 4 11 3 1 5 11 9 5 5 4 4 4 1 3 4 11 5 4 1 9 5 10 10 8 8 4 11 5 4 4 4 4 11 11 5 2 9 8 11 11 5 5 11 11 5 5 0 9 8 10 8 7 7 7 10 10 7 7 7 8 7 7 8 0 9 10 8 7 8 10 8 10 8 7 7 10 7 10 8 2 6 11 5 11 11 5 5 1 9 11 4 5 4 5 10 11 4 4 5 4 4 4 5 4 4 4 11 11 5 2 9 8 10 10 7 7 7 2 6 8 10 10 8 7 7 8 7 7 10 10 8 2 9 7 8 4 11 4 4 4 5 7 11 11 4 5 5 10 8 11 5 4 1 3 4 4 4 1 3 4 10 8 7 11 11 4 5 5 10 8 11 11 5 4 5 10 10 8 2 11 5 4 11 11 5 5 7 7 7 7 7 7 7 7 10 7 7 9 8 8 11 5 4 4 10 10 7 8 8 11 5 10 10 2 6 7 7 10 8 7 7 8 7 10 10 2 6 7 8 10 10 2 7 8 9 5 4 10 11 5 4 5 11 5 4 11 11 2 5 3 4 4 11 4 5 4 11 5 4 0 6 7 10 7 10 8 8 10 7 7 7 7 8 7 7 10 7 8 11 11 2 5 11 11 5 5 9 11 4 4 4 5 5 11 5 7 11 11 5 4 5 10 8 4 4 11 11 4 5 5 11 5 4 0 10 9 8 7 8 7 11 10 8 8 7 10 8 11 5 11 10 7 8 5 7 7 7 7 7 7 7 0 10 8 6 7 11 4 5 7 11 11 5 5 11 11 4 2 5 11 3 11 5 4 5 4 4 4 4 4 11 4 5 1 9 11 5 5 4 4 11 4 5 11 2 3 10 10 7 7 8 8 10 10 8 7 8 7 11 2 3 4 11 4 11 2 3 5 7 10 7 7 7 8 7 7 7 11 10 1 3 5 4 5 10 2 9 11 5 5 4 11 2 11 9 5 5 4 0 11 9 8 8 7 7 10 10 8 7 7 10 8 7 10 8 7 7 8 7 7 1 11 9 5 5 4 4 4 4 10 8 11 5 4 11 5 4 11 5 1 4 4 11 5 3 4 4 11 11 5 2 10 7 8 10 10 8 6 8 10 10 7 7 8 8 10 10 2 6 8 11 5 7 10 10 7 7 8 7 8 4 4 11 5 10 2 10 10 8 6 7 7 7 7 8 10 2 7 10 7 8 6 4 11 11 4 5 4 4 4 5 10 10 8 8 11 5 10 11 4 5 5 4 4 10 11 2 3 5 11 2 4 4 4 4 4 3 4 11 5 7 10 10 7 8 7 8 10 8 11 4 4 5 10 10 2 8 6 10 7 7 7 10 8 4 5 10 8 0 6 7 7 7 7 7 10 10 8 2 10 8 4 4 11 5 10 9 8 8 7 7 7 11 2 11 3 11 5 5 11 11 4 5 5 1 4 11 9 5 4 5 11 4 11 2 5 9 8 4 10 10 8 8 11 1 5 3 4 11 11 2 3 4 4 4 4 5 4 4 4 10 10 0 8 7 7 8 6 7 10 8 7 7 7 7 7 7 7 7 10 10 8 8 4 11 5 10 10 2 8 9 5 10 10 8 7 8 0 6 10 8 11 11 4 4 5 8 11 5 11 4 11 4 5 5 1 11 5 4 3 4 4 4 4 11 4 5 10 10 8 8 11 4 5 11 11 5 2 9 5 10 7 7 8 10 8 7 7 7 7 7 7 10 10 2 8 6 4 11 5 11 11 5 4 5 10 8 11 2 4 3 4 4 4 4 11 11 4 5 5 7 0 9 7 8 4 10 10 2 8 10 7 9 7 8 7 8 11 5 10 7 7 8 7 7 7 7 7 7 10 8 4 10 10 7 8 5 10 7 2 7 7 6 11 11 5 4 4 4 4 4 4 4 4 5 10 11 2 3 4 4 5 4 11 4 5 7 11 2 6 11 11 5 5 11 5 11 4 11 5 2 11 11 5 4 5 11 9 8 8 7 7 7 7 7 10 7 7 7 7 10 8 7 8 4 11 5 10 10 2 6 8 10 8 7 7 7 0 9 8 7 7 7 11 1 5 4 3 4 4 4 4 4 4 4 4 4 11 5 4 4 10 10 2 8 10 9 8 8 10 8 10 8 7 10 0 6 10 8 8 7 7 7 7 11 10 2 8 10 10 8 7 8 7 11 9 5 5 4 4 4 11 4 4 4 4 5 7 10 10 8 8 11 4 4 4 5 4 11 11 2 3 4 5 11 5 4 4 4 4 11 11 2 5 3 10 8 10 10 8 2 6 7 7 10 7 8 7 7 10 10 7 8 8 11 2 3 4 4 4 4 4 4 4 4 10 8 10 2 9 10 8 7 7 8 7 10 7 7 10 2 6 8 7 10 10 7 8 2 6 11 5 10 11 2 5 4 4 3 11 5 4 11 4 11 4 5 5 10 2 9 11 5 4 5 4 11 2 3 4 4 4 4 10 10 2 8 9 8 10 10 2 6 7 7 8 10 8 7 7 7 7 7 7 10 8 10 7 7 10 7 7 8 5 10 7 8 10 2 6 7 11 11 5 2 9 4 5 10 8 4 11 11 2 3 5 4 4 4 11 1 3 4 5 11 4 1 4 4 3 5 4 11 11 4 5 2 3 7 11 5 4 10 10 8 8 7 7 10 7 8 7 7 10 7 7 10 8 8 11 5 10 10 8 8 7 10 8 10 10 8 7 8 10 10 8 2 10 8 7 11 11 5 3 4 4 5 11 4 11 2 4 5 11 11 5 5 11 11 3 5 5 11 11 2 5 11 11 4 5 5 10 8 11 11 5 5
ppo_x50_b_fd_l4,33,qv26_39,26,327,True,1804.0,10.005117416381836,6 8 2 10 10 8 8 10 10 8 8 9 5 10 10 8 8 10 10 8 8 11 5 10 10 8 2 10 9 8 8 10 10 8 8 11 5 10 10 7 8 8 10 10 8 8 11 5 10 10 7 8 8 10 10 8 8 11 5 7 10 2 10 10 8 8 9 10 8 8 11 5 7 11 11 5 4 4 4 4 4 5 11 5 4 4 4 4 4 4 11 5 11 11 5 4 4 5 11 4 11 5 5 4 10 10 2 8 9 7 8 10 7 10 8 8 7 7 7 10 8 4 11 5 10 10 7 8 7 8 10 10 8 8 1 9 8 11 11 5 4 4 4 5 11 11 4 5 5 4 4 11 5 11 11 4 2 3 5 10 7 7 7 8 10 10 7 7 8 5 10 8 10 10 7 8 7 7 7 7 8 10 7 10 8 8 7 11 2 11 9 5 4 5 11 2 11 9 5 5 10 8 7 7 7 7 7 7 7 7 11 11 1 3 5 4 4 5 10 8 11 1 3 1 9 4 5 8 11 5 4 4 11 4 4 5 0 10 7 9 8 8 10 10 8 7 7 8 10 7 8 7 11 2 9 11 4 5 8 4 4 4 4 4 11 5 10 8 0 7 7 9 10 8 7 8 10 7 0 6 7 8 10 10 2 8 11 5 11 11 4 5 5 4 10 11 5 5 11 9 5 5 10 7 8 11 11 4 1 3 4 5 5 11 11 5 1 5 3 4 4 4 11 5 10 2 10 8 6 4 11 11 5 4 5 4 11 11 5 2 9 8 10 10 2 8 3 7 7 10 7 8 11 11 5 5 7 7 7 7 7 7 7 0 6 7 7 7 7 7 7 7 10 8 10 10 8 2 6 11 5 4 11 11 4 1 3 5 5 11 11 4 4 4 4 5 8 11 4 5 4 4 4 4 11 5 4 4 11 11 5 2 9 11 5 5 0 7 9 7 7 8 10 1 9 8 8 7 10 7 8 7 11 10 2 6 8 7 7 7 10 8 1 4 4 9 5 11 11 4 4 5 8 4 4 4 11 5 0 9 8 10 10 8 8 7 7 7 10 2 6 7 10 10 7 8 8 10 8 7 11 11 5 5 4 4 11 5 10 2 6 11 4 11 5 5 11 2 3 11 11 5 4 5 0 10 6 7 8 1 9 10 8 8 7 10 7 10 8 2 6 10 10 8 8 7 10 8 7 10 2 11 9 5 5 4 4 4 4 4 4 4 11 5 4 4 11 4 4 11 5 5 10 8 4 10 11 4 2 4 5 4 3 10 10 8 8 11 5 4 10 10 2 6 7 7 7 8 10 10 8 8 10 10 8 2 9 10 8 7 8 7 7 10 10 8 7 7 8 1 3 11 4 5 10 8 11 11 4 4 5 5 10 8 11 5 4 11 11 5 2 4 3 4 4 10 10 2 8 9 7 7 8 7 10 10 8 7 7 7 7 8 11 2 3 10 10 8 8 10 2 6 7 7 7 7 7 11 11 2 5 11 9 5 4 4 5 7 10 2 9 10 8 8 11 5 11 11 5 5 4 4 1 11 11 5 5 4 4 3 4 4 4 4 1 9 11 5 4 4 4 4 5 11 2 3 10 10 7 8 8 10 10 8 7 7 7 7 8 7 7 10 7 7 8 11 11 5 5 10 7 7 7 7 8 7 10 10 8 2 7 6 11 4 5 11 11 4 4 5 4 4 4 4 5 10 7 7 7 7 8 11 11 5 5 4 4 4 4 11 11 5 5 10 8 10 7 11 5 5 11 5 4 4 4 4 4 11 5 11 5 10 10 7 8 8 10 10 8 2 9 5 10 10 8 7 8 10 8 7 10 10 8 2 7 9 7 7 11 5 5 10 7 8 7 1 11 11 5 5 3 11 4 5 4 4 11 11 5 5 0 9 10 7 7 8 7 8 4 11 10 8 8 7 7 7 0 7 10 8 11 5 4 11 11 5 5 9 8 7 7 10 10 7 8 5 7 7 10 2 10 10 8 6 8 4 4 11 4 11 5 5 4 4 4 4 4 4 4 4 4 11 4 11 4 5 2 4 4 9 5 11 5 7 10 10 8 7 7 8 7 7 7 7 10 8 11 10 8 8 1 3 4 4 11 5 11 11 4 4 5 5 7 11 2 10 9 8 8 7 7 7 11 2 10 9 8 8 1 9 5 11 5 4 4 10 11 5 5 10 2 9 8 4 4 4 4 4 4 1 3 10 10 7 8 8 7 10 7 7 8 10 7 7 7 10 7 7 8 8 7 10 7 7 7 10 2 8 11 5 10 9 5 5 4 11 11 4 5 5 7 11 2 11 11 5 5 3 10 7 10 7 8 7 8 7 7 7 7 0 10 8 6 11 5 11 11 5 2 3 11 11 5 5 11 5 4 11 5 11 11 2 5 4 3 4 4 4 1 9 5 11 5 4 4 1 4 3 10 11 5 5 10 8 10 10 7 8 5 10 10 7 8 7 8 11 4 5 7 7 7 7 7 7 7 7 7 10 10 2 6 8 11 5 7 10 10 2 8 6 4 11 4 5 4 4 4 4 11 11 5 4 5 4 4 11 4 5 10 10 8 8 10 10 8 8 10 10 2 8 9 8 7 11 11 5 4 5 10 7 7 7 8 10 8 7 7 10 0 9 8 8 10 2 7 7 6 7 11 11 5 4 4 4 4 4 5 10 10 8 2 9 10 8 4 5 10 8 4 4 4 11 11 2 3 1 3 5 4 11 11 5 4 4 4 4 5 4 4 11 5 4 4 10 10 8 7 8 11 2 3 11 5 10 7 10 7 8 8 7 7 7 7 7 10 7 10 8 7 7 7 8 10 2 9 7 8 11 4 4 11 5 5 4 4 4 4 4 11 5 4 4 10 10 8 2 9 8 10 10 8 2 10 7 6 10 7 8 8 7 10 10 8 8 7 7 10 2 9 11 5 5 4 4 4 11 11 5 5 11 5 11 11 5 2 11 5 4 4 3 11 5 4 4 4 4 11 4 0 10 8 8 6 10 7 10 8 8 7 7 7 7 7 7 7 7 7 7 7 0 7 9 7 10 8 8 11 5 10 7 8 11 11 5 2 3 4 4 10 8 11 11 5 5 7 11 5 11 11 5 2 11 9 5 5 7 7 0 6 10 7 8 10 2 10 10 8 6 7 8 4 4 4 4 11 4 4 5 10 10 8 8 11 5 7 7 11 11 5 4 4 4 4 11 2 3 5 7 11 5 4 4 11 5 4 4 4 4 4 4 11 5 4 4 10 10 8 2 10 8 7 7 6 7 7 7 10 10 7 8 5 10 0 6 8 10 10 8 7 8 7 7 0 6 7 7 10 8 10 10 8 2 6 4 4 4 11 11 5 4 5 11 5 4 4 4 4 4 4 11 5 4 11 11 5 2 9 7 8 11 11 5 4 4 11 4 5 5 10 8 11 11 2 5 9 8 10 10 2 8 7 9 10 8 8 10 8 10 8 7 7 7 7 10 8 7 7 7 7 7 0 9 8 7 10 10 2 8 10 8 7 9 11 5 5 4 4 11 11 5 5 11 11 1 4 4 3 5 4 4 5 10 2 10 6 7 8 10 10 8 2 9 5 11 11 4 4 4 5 5 4 4 1 9 4 5 10 7 8 11 11 5 5 4 4 4 11 11 2 4 5 3 10 8 10 7 8 10 10 7 8 2 10 8 7 7 7 7 7 7 7 6 7 7 11 5 10 10 8 7 7 8 7 1 11 11 5 5 11 9 5 4 4 5 11 2 11 11 4 4 3 5 5 10 8 11 11 2 5 4 4 11 5 4 9 5 4 11 11 5 5 11 2 3 10 10 8 7 7 10 7 8 8 10 10 2 6 7 8 10 2 10 10 8 8 3 7 7 7 0 6 7 7 7 7 11 10 8 7 8 10 2 6 7 11 11 5 4 5 11 11 5 2 3 4 4 4 4 11 5 4 4 4 4 1 3 4 11 4 5 4 10 10 2 6 8 11 2 10 10 8 8 10 10 8 7 8 9 5 10 10 2 6 7 7 8 10 10 8 7 8 4 10 10 8 8 10 10 2 8 10 10 8 8
ppo_x50_b_fd_l4,34,qv26_4,26,329,True,1859.0,10.239156723022461,8 8 10 10 8 8 10 10 8 8 9 5 10 10 8 8 10 10 8 8 11 5 10 10 7 8 8 10 10 8 8 11 5 11 11 5 5 10 8 7 10 10 7 8 8 10 0 10 8 8 9 5 0 10 10 8 8 9 10 8 8 11 5 11 5 7 10 10 7 8 8 4 10 2 10 4 3 4 4 11 5 4 4 11 5 5 4 10 0 9 8 7 8 11 2 9 10 8 7 8 10 8 7 10 7 7 10 8 8 4 1 9 5 11 4 4 4 4 5 4 11 11 1 3 5 5 4 4 4 4 11 5 4 4 4 11 4 11 5 5 4 0 9 5 10 10 8 8 7 10 7 7 0 6 10 8 8 10 8 7 10 7 8 10 10 8 2 10 8 6 10 8 11 11 4 5 4 4 4 5 10 8 11 11 4 4 4 5 2 9 8 4 10 10 8 8 10 8 10 10 2 6 7 7 7 8 10 2 7 6 7 7 7 7 7 7 10 10 8 2 11 5 11 11 4 3 5 5 4 11 2 3 4 4 4 4 4 4 4 11 5 11 11 5 2 11 3 4 11 5 5 11 11 4 5 8 11 5 0 6 10 7 7 8 10 7 8 7 7 7 7 7 7 0 10 9 8 8 7 7 10 2 6 11 11 4 4 5 5 4 11 5 4 1 3 4 4 4 11 5 11 11 4 5 4 4 4 5 7 10 2 6 10 10 8 7 7 7 7 7 7 7 8 11 2 9 10 8 8 10 8 7 7 7 10 8 10 10 8 7 7 8 7 7 11 11 5 2 11 4 3 5 4 4 4 10 8 11 11 4 4 4 5 8 4 11 4 5 11 5 7 7 11 11 5 5 11 11 5 5 4 4 4 4 11 5 4 4 10 10 7 8 8 11 2 4 10 10 6 8 8 10 10 8 2 9 4 5 0 6 7 7 7 7 11 10 2 6 7 8 7 7 7 7 11 2 11 3 11 4 5 8 11 11 5 2 6 4 10 8 11 11 2 3 4 4 4 5 4 4 10 10 2 8 11 5 3 4 11 11 5 4 5 10 2 6 10 7 8 10 10 7 7 2 6 8 10 10 2 8 11 5 10 9 8 8 7 10 7 7 7 7 8 7 10 10 7 8 5 7 10 2 6 11 11 4 5 4 5 10 8 11 11 5 4 5 4 11 11 5 2 6 11 5 11 5 11 11 5 4 4 5 11 4 0 10 8 8 6 7 7 7 7 7 7 7 7 7 7 7 7 7 10 8 11 2 11 5 7 10 10 8 8 9 11 4 4 4 4 4 5 4 4 11 5 1 3 4 5 11 2 6 7 7 7 10 10 8 7 7 7 7 7 8 11 4 11 5 2 4 3 4 4 1 9 4 4 11 5 4 5 7 10 8 11 11 2 4 3 4 5 4 4 11 11 5 5 10 8 4 11 4 11 5 5 11 2 3 10 10 8 5 7 7 7 7 7 7 0 6 7 10 8 11 5 10 10 7 2 6 7 8 10 8 7 11 2 11 9 4 5 8 11 5 4 4 4 4 4 4 4 4 4 4 10 10 2 6 8 10 7 10 7 0 6 8 8 7 7 7 7 7 7 10 0 7 9 8 8 10 10 7 7 7 7 8 2 9 5 4 11 4 4 4 4 5 10 8 7 11 11 2 3 4 5 11 4 4 4 4 1 9 5 8 11 5 11 11 4 5 2 9 5 10 8 7 10 10 7 8 7 8 10 10 8 2 10 10 8 8 6 11 5 4 4 4 11 5 4 11 11 2 3 4 4 4 4 5 0 7 6 7 0 6 10 8 7 7 10 8 10 8 10 10 7 7 7 7 2 8 7 7 7 6 11 11 5 5 11 2 11 9 5 4 5 4 11 5 4 4 4 4 4 11 11 2 3 5 11 11 2 5 10 8 4 11 9 4 5 8 11 2 4 4 4 4 4 3 10 10 8 8 10 7 7 8 10 8 7 7 7 7 7 10 7 7 7 7 8 7 7 7 7 7 11 11 2 5 11 5 4 4 4 4 11 9 5 8 4 4 4 11 4 4 4 4 5 4 4 4 11 11 2 5 9 8 10 10 8 2 9 5 10 10 8 0 6 7 7 7 8 11 2 9 4 4 5 10 10 8 8 11 2 9 5 4 4 11 4 5 0 10 7 10 7 7 7 7 8 8 10 8 10 10 7 7 8 6 8 11 5 10 10 7 8 7 8 11 4 5 11 10 8 2 10 10 8 8 6 11 4 4 4 5 11 11 5 5 7 10 2 9 11 4 5 4 5 11 4 4 4 4 5 11 4 11 2 5 10 8 10 10 8 8 10 10 7 6 7 8 5 7 7 10 8 10 7 10 8 0 7 7 7 7 8 7 6 11 11 5 5 11 11 2 3 4 5 4 4 10 2 3 11 5 11 11 2 3 5 11 11 5 4 5 0 9 10 8 7 7 7 7 8 10 10 0 7 8 6 8 11 5 10 10 7 8 2 9 8 4 11 11 2 3 4 5 10 8 11 11 4 5 4 4 5 4 4 4 1 4 4 9 5 4 4 4 4 4 4 4 4 10 10 0 8 6 8 1 10 9 8 8 7 7 7 7 7 7 7 10 8 7 0 7 6 7 10 8 4 11 11 4 5 5 10 8 11 11 4 5 5 10 2 7 10 7 6 8 1 9 11 5 5 1 9 8 11 11 5 5 11 11 4 5 4 4 4 4 4 5 0 9 7 8 10 8 10 10 7 7 8 2 9 7 8 11 4 4 10 8 8 7 7 7 7 0 9 10 8 7 7 8 7 7 7 7 7 11 2 11 11 5 5 11 4 3 4 5 11 4 4 4 4 4 4 4 4 4 4 4 5 10 11 2 3 5 11 11 5 4 4 5 10 10 8 2 10 10 8 6 8 7 10 8 10 7 8 7 7 7 7 7 7 7 7 0 6 7 10 10 8 8 4 4 11 2 11 11 5 5 3 11 4 4 5 11 4 5 7 10 10 2 6 8 10 7 7 7 8 10 10 8 8 11 4 4 4 11 5 5 10 2 7 11 11 5 5 11 9 5 4 4 5 4 4 4 4 4 11 5 10 8 11 5 4 11 11 5 4 5 11 2 10 10 8 6 8 10 10 2 8 10 6 7 10 7 7 8 8 10 10 7 7 8 8 7 7 7 7 11 11 2 5 11 9 5 5 4 4 11 5 10 11 5 5 11 11 5 5 11 2 3 4 10 10 8 8 7 10 8 10 10 8 7 7 7 8 7 0 6 7 7 10 7 8 4 11 5 7 10 10 8 8 1 4 11 4 9 5 4 4 4 4 5 0 9 11 5 5 11 1 3 5 11 4 4 11 5 4 4 5 7 11 5 11 11 5 2 11 5 3 10 10 8 8 7 10 7 8 11 4 5 10 10 8 7 7 8 7 7 7 11 5 10 10 8 7 7 7 0 6 10 8 8 11 5 7 7 7 10 8 7 7 11 11 5 2 9 5 11 11 5 2 9 8 11 11 5 4 5 4 11 4 5 4 4 11 11 5 5 11 11 5 1 9 5 5 7 11 5 4 4 4 4 4 4 11 11 2 5 9 7 8 11 5 10 10 7 7 2 6 8 10 7 7 8 7 7 7 7 7 10 7 10 8 8 7 11 2 9 10 7 8 8 11 5 10 7 8 4 10 10 8 7 7 7 8 11 2 11 11 5 3 4 4 4 4 1 3 4 4 5 11 4 11 2 3 4 4 5 11 11 2 4 5 4 4 3 4 10 10 8 7 7 8 10 8 7 7 10 8 7 10 10 8 8 10 10 7 8 2 9 8 4 10 8 11 11 5 4 4 4 5 11 5 4 4 4 4 10 11 4 2 5 11 5 3 10 10 8 8 11 5 7 7 10 10 8 8 10 8 7 0 10 7 7 9 8 7 8 7 7 7 7 7 7 7 7 11 2 11 11 5 11 5 3 4 5 1 3 11 5 4 4 4 1 4 11 9 5 8 11 5 11 1 3 4 4 5 11 11 5 5 11 2 11 11 3 5 2 9 5 4 10 10 8 7 7 8 10 10 7 7 8 7 8 10 10 7 7 8 8 10 10 7 7 8 7 8 10 2 10 10 8 8 4 4 3 11 5 4 11 4 4 4 5 4 4 4 11 2 4 10 10 8 8 10 10 7 7 6 7 7 8 8 10 10 8 8 7 7 7 7 11 2 10 10 8 8
ppo_x50_b_fd_l4,35,qv26_40,26,328,True,1809.0,10.020473957061768,8 8 10 3 10 8 8 10 10 8 8 11 5 7 10 10 8 8 10 10 8 8 11 5 10 10 2 8 10 10 8 8 10 9 8 8 10 2 9 10 8 8 10 10 8 8 4 10 8 10 10 8 8 0 9 10 8 8 10 10 8 8 10 2 10 9 8 8 4 4 10 8 10 8 11 11 1 3 4 5 4 5 11 4 4 5 1 11 4 9 5 5 4 1 3 4 4 4 11 4 5 4 11 11 2 3 5 10 8 7 10 10 8 7 7 8 10 7 7 8 10 10 8 8 10 2 9 8 7 7 7 7 7 7 1 11 11 5 5 4 4 3 4 4 4 4 11 5 4 4 11 11 5 5 11 5 4 0 7 3 7 7 7 7 7 7 0 10 9 8 5 7 10 8 7 7 7 7 10 8 7 7 7 7 11 11 4 4 5 4 5 10 7 8 7 11 2 11 11 5 5 3 4 11 11 4 5 5 4 4 11 5 11 11 5 5 4 11 4 4 5 7 11 11 4 5 5 10 8 11 4 11 4 5 5 10 8 7 11 2 10 9 8 8 7 7 0 6 7 7 0 6 0 6 7 7 10 8 7 7 7 7 7 10 8 10 10 2 7 8 9 5 11 11 4 4 5 5 11 11 1 4 3 5 4 4 4 4 4 4 11 5 5 11 5 7 7 11 11 5 4 5 4 11 4 4 5 10 7 2 9 10 8 8 11 5 10 10 7 8 8 11 5 10 7 7 10 7 8 7 8 4 10 2 3 10 10 8 8 10 8 10 8 4 4 10 10 8 7 8 4 10 2 10 9 8 8 7 7 10 8 7 1 11 3 4 11 5 4 5 11 11 5 5 4 4 1 9 4 5 11 4 4 4 5 4 11 11 4 5 5 10 8 0 11 9 5 5 7 7 10 8 10 10 7 8 8 10 0 6 8 7 0 9 8 10 10 8 8 10 7 7 7 7 10 8 2 7 6 7 10 0 9 8 7 8 11 2 6 11 11 5 1 5 11 5 3 4 4 4 4 11 11 5 5 4 4 4 4 11 4 5 4 10 10 8 2 7 9 8 10 10 8 7 8 7 7 7 10 8 11 5 7 7 0 9 10 8 7 8 10 7 7 8 11 11 2 5 11 11 4 4 5 4 5 9 11 5 5 11 4 11 2 5 11 9 5 5 11 11 5 4 4 4 4 4 4 5 4 4 4 10 0 10 8 8 6 10 8 10 10 8 8 7 10 8 11 2 9 5 10 10 7 8 8 7 7 7 11 11 5 4 5 10 7 8 0 9 10 8 7 7 7 7 7 7 8 11 2 11 3 11 5 1 3 5 4 4 4 11 11 5 2 9 5 7 11 1 9 5 8 4 4 4 4 4 4 4 4 4 11 11 5 5 10 8 11 11 2 5 9 8 10 10 7 7 7 8 10 8 7 7 7 10 7 8 7 7 7 7 7 7 8 4 11 5 1 4 3 4 4 11 5 11 4 11 2 5 3 4 11 11 5 2 9 5 11 5 10 10 8 7 8 10 10 8 7 7 7 8 10 10 7 8 8 10 10 7 8 8 10 7 7 7 7 7 8 11 11 4 2 5 3 4 4 11 11 5 4 4 4 5 11 2 4 11 5 3 7 7 10 10 8 7 7 7 8 4 10 10 8 7 7 8 7 7 7 11 11 2 5 11 3 11 5 4 5 4 4 4 4 4 4 4 1 3 4 10 8 10 8 11 11 4 5 5 11 5 7 7 11 11 4 5 5 4 11 11 5 2 3 10 7 8 10 10 8 8 10 7 10 2 6 8 4 10 2 6 10 10 8 8 7 7 10 8 1 4 3 4 4 4 1 3 4 4 11 5 11 4 11 2 5 4 3 7 10 7 7 7 8 10 10 2 8 10 9 7 8 5 10 8 10 10 7 8 7 7 8 7 11 11 5 5 11 2 10 7 7 10 7 7 8 8 7 6 11 11 5 5 4 4 4 10 11 5 5 11 5 4 4 11 11 5 4 4 4 5 10 7 11 5 2 4 4 9 4 5 11 4 4 11 5 4 5 10 2 6 10 8 10 10 7 8 8 10 10 8 8 10 7 7 7 7 7 7 10 7 8 7 8 0 7 9 8 10 10 2 8 6 11 11 2 3 4 4 5 0 10 8 7 6 10 8 11 11 5 5 4 4 11 1 9 5 5 4 11 5 4 4 11 4 4 11 5 5 4 4 4 4 10 11 2 3 5 4 4 10 2 10 10 8 8 7 7 6 7 7 7 10 7 8 4 11 5 10 10 7 8 7 7 8 7 7 7 7 10 7 0 7 7 8 6 7 11 11 5 2 4 9 11 5 5 10 8 11 11 5 4 4 4 4 4 4 4 5 11 4 5 10 1 9 8 8 10 7 7 7 8 7 7 10 10 7 8 5 10 8 10 10 8 8 4 4 10 2 11 11 5 3 5 4 11 11 4 5 4 5 10 7 8 10 11 4 5 4 5 7 10 8 11 11 1 3 5 4 4 5 11 2 3 4 11 11 5 2 3 7 10 7 7 8 4 11 5 10 7 10 2 6 7 8 10 10 2 8 9 5 11 11 5 2 9 8 10 10 8 7 8 10 10 8 8 7 10 8 11 5 10 7 7 10 8 2 7 6 7 7 11 11 2 5 11 11 5 5 4 4 9 5 11 11 4 5 5 1 3 4 4 4 4 4 4 11 4 4 5 4 1 11 4 5 3 10 10 8 8 11 5 10 10 8 8 10 10 8 8 7 7 10 7 7 10 8 2 6 7 7 7 11 5 10 2 6 7 7 7 7 10 7 10 2 8 7 9 8 4 4 4 11 4 4 5 4 4 4 4 4 4 11 11 2 5 9 8 4 4 4 4 11 4 11 2 5 4 4 3 10 10 7 7 7 7 7 8 8 10 10 7 8 5 0 9 8 10 8 7 0 6 7 7 7 11 10 7 8 2 3 7 7 10 8 10 7 10 8 2 9 8 11 5 11 11 5 5 11 11 2 5 4 4 4 4 4 3 4 4 4 1 9 4 5 11 0 9 5 5 4 4 4 4 4 11 5 10 10 7 0 7 6 7 7 7 7 7 8 5 10 7 10 7 8 7 8 10 2 3 10 10 8 2 11 5 9 10 7 8 8 1 4 9 4 5 11 11 5 5 11 5 4 11 11 5 4 4 5 11 5 0 10 9 8 8 7 7 7 7 7 7 10 8 7 7 10 10 2 6 8 10 10 2 8 9 5 7 7 7 11 11 1 3 4 4 5 4 5 4 11 11 5 5 11 11 4 5 5 11 5 11 11 5 5 10 8 11 5 4 4 11 11 5 2 9 5 10 7 8 7 10 8 7 7 7 11 0 9 8 8 7 7 10 2 9 10 8 2 7 6 7 10 10 8 2 6 4 4 4 4 4 11 11 2 3 8 4 4 11 5 10 8 11 2 4 11 11 4 3 4 4 5 4 4 5 4 10 2 11 11 5 5 3 7 10 7 10 8 8 7 11 5 10 10 2 6 7 7 8 7 7 10 8 10 10 2 6 8 7 7 7 10 10 7 8 2 9 5 4 4 11 11 4 5 4 5 4 11 5 10 8 10 10 8 8 11 4 5 11 11 5 4 4 5 7 11 1 3 5 4 4 4 11 10 8 8 11 5 0 10 10 8 8 10 9 8 8 7 7 7 7 10 10 0 6 8 8 10 7 7 7 7 8 7 7 7 7 11 11 4 2 5 3 4 4 4 4 11 5 11 11 5 4 5 4 11 11 4 4 5 5 11 4 5 11 11 4 4 5 2 9 11 5 5 10 8 7 7 7 7 7 7 7 10 8 10 8 7 10 10 8 8 7 10 7 8 10 7 0 6 7 7 10 8 2 9 4 5 10 8 11 11 1 3 5 5 4 10 8 11 11 5 5 4 4 4 4 4 11 4 4 5 10 8 11 11 4 4 5 5 7 10 8 4 11 11 2 3 4 5 4 4 4 10 10 8 8 10 2 6 11 11 2 5 6 10 10 8 8 10 10 7 7 8 7 7 8 10 10 2 8 10 10 7 7 6 8 7 7 7 8 10 2 11 11 5 5 11 11 5 5
ppo_x50_b_fd_l4,36,qv26_41,26,324,True,1808.0,9.999910593032837,8 8 10 9 8 8 10 0 9 8 8 10 2 10 10 8 8 9 10 8 8 11 5 11 5 10 10 7 7 8 8 11 5 10 10 7 8 8 10 10 8 8 11 5 7 10 10 8 8 10 10 8 8 1 9 5 11 4 1 4 5 4 4 4 4 11 9 5 5 4 4 4 4 4 4 11 2 3 10 10 7 8 8 7 7 7 7 7 10 8 10 10 7 8 8 7 7 7 7 10 7 10 8 8 10 10 8 8 1 9 5 11 11 2 3 4 5 11 5 11 11 4 5 5 10 11 5 5 4 10 10 2 8 10 8 6 4 11 11 2 3 4 5 4 11 5 4 4 11 5 10 7 11 2 5 9 5 4 4 0 6 10 10 7 7 7 8 5 7 10 10 8 7 7 7 10 8 7 7 8 7 7 10 8 7 7 7 11 11 5 5 11 2 4 9 5 0 7 7 11 9 5 5 4 4 1 11 9 5 8 11 5 11 4 4 4 4 4 4 4 4 11 1 3 5 8 10 8 7 7 7 7 10 8 11 5 10 8 7 7 7 7 10 7 7 10 8 8 4 10 2 10 8 10 10 8 8 6 4 4 4 11 4 11 2 3 5 4 11 4 11 5 5 11 4 4 4 4 11 2 3 4 5 7 10 8 10 7 10 8 7 8 10 10 8 7 7 7 7 8 7 10 10 8 2 10 8 10 8 11 4 11 5 5 11 11 4 3 5 5 11 11 2 5 9 8 11 11 5 4 5 10 11 5 4 5 11 11 4 5 4 4 4 5 10 7 11 5 2 11 5 3 4 4 0 6 10 10 8 7 7 8 10 8 7 11 10 8 8 7 7 7 0 7 6 7 10 7 8 10 2 6 11 4 5 4 4 4 4 4 11 11 2 3 5 10 8 4 11 11 2 5 4 4 3 11 5 7 10 10 8 8 7 7 7 7 11 5 10 10 8 8 0 9 5 10 10 8 8 10 10 7 8 5 10 7 0 6 7 8 7 10 10 2 8 6 11 5 11 11 4 5 4 5 11 4 5 4 4 11 4 4 11 5 2 6 11 4 5 11 11 2 3 4 5 11 2 4 3 4 4 4 4 10 10 8 8 10 2 3 10 10 8 8 7 7 7 0 6 7 7 0 9 10 8 8 10 7 7 7 10 8 7 7 8 11 2 11 4 9 5 4 5 1 9 11 5 5 11 4 4 5 11 11 5 4 5 0 9 5 11 5 4 11 4 11 5 2 9 11 5 8 7 10 8 11 5 4 4 11 5 10 10 7 2 6 7 8 7 7 7 10 8 10 7 7 0 8 7 7 6 7 7 7 0 6 10 7 7 8 7 7 11 11 5 2 9 5 11 11 4 5 5 10 8 1 11 11 3 5 5 1 11 9 5 8 11 11 5 5 10 8 4 4 4 4 4 11 11 2 3 5 11 11 5 5 10 8 11 11 2 5 7 9 8 7 10 10 8 2 9 4 5 10 10 7 8 8 7 10 10 8 7 8 7 7 11 10 8 7 7 7 8 10 10 8 8 0 6 11 4 5 11 11 4 5 5 11 11 4 4 5 4 5 10 7 8 4 11 11 5 4 4 4 4 4 4 4 5 4 11 11 5 5 4 10 0 9 8 5 10 8 4 10 10 8 8 10 10 8 8 10 8 7 7 7 7 7 7 7 10 10 8 8 11 2 4 4 4 11 3 4 5 11 11 5 4 4 5 7 10 2 6 10 8 7 7 10 10 8 8 11 4 5 10 10 8 8 7 10 10 7 7 8 5 7 10 7 2 6 11 11 5 5 10 8 4 4 4 4 10 8 10 10 8 8 11 4 4 11 2 3 4 5 4 4 4 4 11 2 4 4 11 9 5 5 4 4 4 11 2 11 11 5 5 9 7 7 7 7 7 7 7 8 7 11 5 10 10 8 7 8 10 10 8 2 7 6 7 7 7 7 10 8 7 10 7 8 10 10 8 8 4 4 11 4 5 1 9 8 11 11 5 5 4 4 11 11 4 5 2 11 9 5 4 5 4 4 10 2 11 3 5 4 4 4 11 4 4 4 5 10 10 7 7 8 8 11 2 10 10 6 7 8 7 7 7 7 8 7 10 8 10 8 7 1 9 11 5 4 4 4 5 7 10 2 6 7 7 10 10 8 7 7 8 10 10 7 8 8 11 2 9 5 10 10 8 8 7 1 3 11 4 4 4 11 5 4 4 5 7 11 11 2 3 5 4 4 4 11 4 5 7 10 2 9 8 7 11 11 4 5 8 11 1 3 5 4 4 4 4 4 10 10 8 2 9 8 10 10 7 8 0 6 7 8 7 7 10 8 11 2 3 4 10 10 2 6 8 7 7 7 7 10 7 7 8 10 2 6 11 11 4 4 4 5 5 11 10 2 8 3 11 5 4 4 4 11 4 4 11 5 5 11 4 5 0 7 6 7 10 7 7 8 10 10 2 6 7 8 7 7 7 10 10 8 2 10 8 7 6 7 11 11 5 4 2 4 4 9 5 11 11 4 5 4 5 10 11 5 4 4 4 4 4 1 4 4 4 3 4 4 5 4 10 2 9 10 8 7 8 10 10 8 8 7 11 10 8 7 7 7 8 11 10 8 2 7 7 10 9 8 7 8 11 4 10 8 8 7 7 10 8 7 1 3 4 4 11 1 3 4 4 5 4 11 5 4 4 4 4 10 11 5 4 5 7 7 11 2 10 11 5 5 9 11 5 5 4 11 11 4 4 5 0 8 9 8 10 8 10 10 7 8 7 7 7 8 10 8 7 11 10 0 8 7 6 8 7 7 7 7 11 2 11 11 4 3 5 4 5 10 2 9 7 8 11 11 2 5 11 11 5 5 3 4 4 11 5 10 11 5 5 4 4 4 4 4 11 5 10 10 7 8 2 6 10 7 8 7 7 7 10 7 7 7 7 8 4 10 10 8 2 7 7 7 7 7 10 9 7 8 7 8 10 2 6 11 11 4 5 5 4 11 5 1 9 5 4 10 8 10 10 8 8 4 4 11 4 4 5 4 11 11 4 4 4 5 8 11 11 5 5 10 2 6 11 4 4 4 4 11 2 5 9 8 10 10 8 7 7 7 7 7 8 7 7 11 2 9 10 8 8 7 7 7 7 11 2 11 11 5 3 4 5 4 4 11 4 5 7 10 8 11 11 4 4 5 8 11 4 4 4 4 1 3 4 5 10 10 8 8 10 8 10 7 10 7 8 5 7 7 7 10 8 7 10 7 8 11 11 5 5 10 8 7 7 10 10 7 2 6 7 8 7 7 7 10 10 8 2 11 5 11 11 4 3 5 5 11 5 4 11 4 4 11 4 4 4 5 5 0 9 11 5 5 4 4 4 4 4 11 11 5 2 10 8 9 11 5 5 11 2 3 4 10 10 7 7 7 7 7 7 8 8 7 7 10 7 8 7 1 9 11 4 5 4 4 4 4 5 11 0 10 7 8 8 9 10 8 8 10 8 1 4 4 11 5 4 3 4 4 11 11 5 2 3 10 8 7 10 10 7 7 8 8 4 10 10 2 7 8 9 5 10 10 7 8 8 7 7 7 7 7 7 10 8 7 11 2 3 4 11 11 5 5 4 11 11 4 5 5 10 8 11 11 2 3 5 10 8 7 0 9 8 7 7 7 10 2 3 7 11 11 1 4 4 5 8 11 9 5 4 1 3 11 5 5 4 4 4 4 4 4 1 11 3 4 4 5 10 10 2 8 9 5 10 10 7 8 8 11 2 3 10 10 7 7 7 8 7 7 7 8 11 4 10 8 7 7 7 7 8 11 10 7 8 5 10 8 7 0 7 6 7 7 7 11 11 5 2 9 5 11 4 4 4 5 4 4 11 5 10 8 11 11 4 5 2 11 4 4 3 5 11 11 5 2 6 10 8 10 10 8 8 10 0 6 8 7 7 10 10 7 7 8 2 9 5 7 7 7 11 11 4 5 5 10 8 10 2 11 3 11 5 5 4 4 4 4 11 5 11 11 2 3 4 4 4 5 4 4 4 4 4 4 4 10 10 2 8 10 7 7 7 10 7 8 6 8 10 7 10 7 2 7 7 8
ppo_x50_b_fd_l4,37,qv26_42,26,325,True,1852.0,15.813634395599365,8 8 10 9 8 8 10 10 8 8 11 5 10 10 7 8 8 10 10 8 8 11 5 10 10 7 8 8 7 7 10 10 8 8 10 10 8 8 1 9 5 11 4 0 9 5 5 11 11 4 5 5 10 8 11 4 4 5 4 4 4 11 4 5 11 11 5 5 7 7 10 2 9 10 8 8 10 2 10 10 8 6 7 7 7 7 7 7 8 10 10 7 0 6 8 8 10 10 8 8 11 5 10 10 7 8 8 10 10 8 8 11 5 11 11 2 5 10 8 6 7 11 11 5 4 5 4 4 11 11 5 5 10 8 4 4 0 9 11 4 5 8 11 5 4 4 11 7 11 5 5 11 11 5 5 11 5 10 0 6 0 6 8 10 7 10 8 7 7 7 7 8 7 7 11 1 3 5 4 4 4 4 4 11 5 4 4 11 5 4 4 4 4 10 11 5 5 10 8 4 4 1 3 10 10 8 8 7 7 1 9 5 10 10 8 7 7 8 7 10 10 8 7 8 7 11 10 8 0 6 7 7 7 8 0 9 10 8 7 7 8 10 2 6 11 11 4 5 5 4 1 11 5 9 4 10 8 8 10 8 11 11 5 5 11 11 2 3 5 11 11 5 2 3 4 11 5 1 3 7 7 10 7 7 8 7 7 7 7 11 10 8 8 11 5 7 7 10 8 11 4 11 2 5 11 5 11 11 4 5 4 4 3 5 4 4 4 10 11 2 3 5 11 11 5 4 5 4 4 4 10 2 9 11 4 5 8 11 2 4 3 10 10 7 7 7 8 8 10 10 8 8 7 7 7 7 0 9 8 10 8 7 10 10 8 2 6 11 4 4 4 5 7 11 11 4 5 5 10 8 11 5 4 4 11 5 4 10 1 9 8 7 8 11 5 7 7 10 10 8 8 11 4 5 10 10 8 7 8 7 7 7 10 10 8 7 7 8 7 11 2 11 11 4 3 5 5 11 11 2 5 6 11 4 11 5 4 5 11 1 4 3 4 4 4 4 4 4 4 5 0 10 10 6 7 8 7 8 1 9 10 8 8 7 7 7 7 10 7 7 8 7 7 7 10 10 2 8 7 7 7 7 6 11 11 4 5 5 11 5 4 4 11 4 11 4 4 5 4 4 5 11 11 5 5 11 11 5 4 5 10 2 11 11 5 5 3 10 8 10 7 7 8 10 10 8 8 7 7 7 7 7 7 7 10 8 11 10 7 8 7 7 8 11 2 11 11 5 5 4 4 9 5 11 11 1 4 4 4 3 5 5 10 8 11 11 5 2 9 5 4 11 5 11 11 5 5 7 11 10 8 2 6 10 7 7 7 7 7 7 7 7 8 7 1 11 3 11 4 4 4 5 5 11 2 9 11 5 5 4 4 11 5 10 8 7 11 2 6 7 10 8 7 7 7 7 11 10 8 8 7 10 10 0 7 8 6 7 7 7 8 11 2 9 11 5 5 4 4 1 9 5 10 8 11 11 5 4 4 4 5 11 11 4 4 5 11 5 4 4 4 4 4 4 4 5 11 2 4 3 10 10 2 8 7 6 10 7 7 7 7 7 7 10 8 2 10 8 10 8 4 9 11 5 5 11 4 4 5 11 4 11 2 5 11 9 5 5 7 7 10 8 4 4 11 4 5 7 0 6 7 7 7 7 7 10 0 9 8 7 8 7 7 7 11 5 4 10 2 11 3 4 11 5 5 11 5 11 11 2 5 9 11 5 4 5 10 8 4 4 4 11 5 7 7 7 7 0 9 8 10 10 8 7 7 8 10 10 2 8 7 10 7 10 8 6 7 7 7 7 7 7 8 11 2 6 4 11 11 5 5 11 5 4 11 11 2 5 6 4 11 5 4 11 4 4 5 11 11 2 3 4 4 5 4 11 11 4 5 8 11 5 11 11 4 2 5 7 7 10 8 6 7 7 7 0 6 7 10 7 7 7 7 7 7 7 7 7 8 11 11 5 2 6 11 4 5 4 4 4 11 11 5 2 6 4 0 11 9 5 5 4 4 4 4 4 11 11 5 2 9 8 4 4 4 4 10 10 0 8 8 9 8 10 10 8 7 7 7 7 7 7 7 7 8 7 7 7 10 7 7 7 7 10 2 8 9 5 7 0 6 11 11 4 5 5 4 4 4 4 11 5 4 4 4 4 4 4 11 11 5 2 9 5 7 7 10 10 7 8 5 10 10 2 7 6 8 10 8 7 7 7 0 10 6 7 8 10 8 11 11 2 5 10 8 7 6 11 11 5 5 11 11 5 5 11 2 6 11 4 11 5 5 11 11 5 4 4 5 11 4 4 4 10 8 0 6 8 11 5 10 10 7 8 8 11 10 2 6 8 10 8 7 1 11 4 4 3 4 5 11 11 4 4 5 5 4 4 11 4 5 10 2 10 9 8 8 10 10 7 8 8 10 8 11 11 4 5 8 10 8 10 7 8 7 7 7 7 7 7 7 7 7 10 10 2 8 11 5 7 7 6 7 11 11 5 5 4 4 4 4 11 11 5 5 11 11 4 5 4 5 10 0 6 8 7 10 10 8 7 8 10 10 8 2 10 8 9 8 11 11 5 4 4 4 4 4 4 5 4 4 4 4 11 1 4 4 5 9 10 7 8 8 7 7 10 7 7 7 7 7 8 7 10 8 11 11 2 5 10 11 4 5 5 11 4 3 4 4 4 11 4 4 5 2 9 8 11 10 8 8 7 7 10 10 8 8 10 10 2 8 11 5 4 9 5 4 11 4 4 11 5 4 4 4 4 5 11 2 3 10 10 7 7 8 5 10 8 7 0 10 6 7 8 7 0 6 10 7 10 8 7 8 11 10 0 7 8 6 7 8 7 10 7 7 7 8 11 11 5 2 11 3 4 11 4 5 4 4 4 1 3 4 5 4 11 11 2 5 6 11 5 4 11 11 5 5 11 11 4 5 5 0 10 8 10 6 7 7 7 7 7 7 10 8 8 4 11 2 11 4 4 5 3 4 4 4 4 11 1 11 5 3 5 10 8 10 10 8 8 10 10 0 7 8 8 7 10 9 8 5 10 7 7 7 8 7 7 0 9 10 8 8 7 10 8 10 10 8 2 9 8 11 11 2 3 4 5 11 11 5 4 4 5 10 8 11 11 4 1 3 4 5 5 10 7 8 11 11 2 3 4 4 4 5 10 2 11 9 5 5 10 8 10 7 8 7 11 11 5 5 7 10 7 8 7 10 10 8 2 10 6 7 7 7 7 8 10 10 2 8 9 5 7 7 7 11 11 5 5 4 4 4 4 11 4 10 8 8 11 2 11 11 5 4 3 4 5 4 4 4 11 4 5 11 4 4 4 5 4 0 10 9 8 7 8 7 11 2 6 10 10 8 8 7 10 7 10 8 8 10 10 8 7 8 7 0 7 9 10 8 7 7 7 7 8 10 2 11 11 5 4 3 5 4 4 4 4 4 4 4 4 4 4 4 4 4 11 5 1 3 4 4 4 4 4 10 10 2 8 10 7 7 6 7 8 10 8 10 2 11 11 3 5 5 11 2 11 9 5 5 7 10 7 8 7 7 10 8 7 10 8 11 5 10 10 7 8 8 4 10 2 6 7 7 7 7 7 1 11 11 3 5 5 11 11 5 5 4 4 4 4 4 4 4 4 11 4 4 5 7 10 2 7 9 8 10 10 8 2 3 7 10 8 0 9 10 8 7 8 7 7 7 10 8 11 2 11 9 5 5 4 4 4 4 4 4 4 4 4 4 4 11 5 11 2 3 10 10 7 7 7 8 8 0 7 7 9 10 2 8 7 6 7 7 0 6 7 7 7 7 7 7 7 10 8 11 5 10 7 11 2 5 11 5 11 11 5 3 5 11 4 11 5 4 4 4 11 5 4 5 7 10 8 11 11 4 5 5 11 2 9 11 5 5 4 11 2 3 10 10 8 8 0 6 7 7 7 10 8 10 10 8 7 8 1 9 10 8 8 11 5 10 10 8 7 7 8 7 7 7 7 0 6 11 11 5 5 11 11 5 4 5 4 11 5 7 10 10 8 8 11 4 4 5 4 4 4 4 4 11 4 11 4 4 5 5 11 4 4 5 4 11 2 10 6 10 8 8 10 10 7 8 8 10 8 11 11 5 5 10 10 7 7 2 8 10 10 8 8 10 10 7 7 8 7 7 8 10 10 8 8
ppo_x50_b_fd_l4,38,qv26_43,26,326,True,1825.0,8.505298614501953,6 8 2 10 3 10 8 8 10 10 8 8 11 5 10 7 10 8 8 10 10 8 8 11 5 7 10 10 8 8 10 10 7 8 5 10 2 10 10 8 8 10 9 8 8 10 2 11 9 5 5 10 8 11 11 2 5 10 8 10 7 10 8 8 9 10 8 8 10 10 8 8 11 5 7 10 10 8 8 10 2 3 10 11 5 4 5 11 4 11 5 5 4 4 4 4 11 4 4 1 9 5 5 4 11 11 5 4 5 4 11 5 4 0 9 10 7 8 5 10 0 6 8 7 7 11 10 7 8 8 11 5 7 10 10 8 7 7 8 7 7 7 10 7 7 7 8 11 4 11 5 2 9 11 5 5 11 4 4 4 4 11 5 2 3 4 1 11 5 3 4 4 4 4 4 11 11 5 5 7 10 2 9 8 4 11 11 2 5 4 4 10 10 8 8 7 7 6 10 0 6 8 7 7 10 2 9 10 7 8 5 10 8 10 10 8 8 7 10 7 11 2 5 11 5 3 4 4 11 11 5 5 4 4 4 4 4 10 10 8 2 9 8 10 10 8 8 10 8 7 7 7 7 7 7 7 7 7 7 10 10 8 2 9 5 10 10 8 8 7 11 2 11 9 5 4 4 4 5 10 8 11 1 11 5 5 3 4 10 8 11 5 4 4 4 11 4 4 11 1 3 5 5 4 11 11 4 5 4 5 0 9 5 10 10 8 7 8 7 10 10 8 8 0 9 8 11 10 8 8 10 7 10 8 2 6 7 7 7 7 7 7 7 7 10 10 2 8 6 11 5 4 10 10 8 8 11 5 11 11 4 4 4 4 5 8 11 1 9 5 4 5 10 2 10 10 8 8 11 4 4 3 5 4 4 4 11 5 4 4 11 1 4 3 11 5 4 4 5 11 4 10 8 2 9 8 10 8 4 4 10 10 7 8 7 8 7 10 10 8 2 7 10 9 8 7 8 10 2 7 7 6 7 7 10 8 7 10 7 7 7 8 1 11 11 4 3 4 5 8 11 5 4 11 4 4 1 9 5 8 4 11 4 5 7 11 11 5 4 5 0 6 10 7 7 8 7 7 7 10 10 2 8 11 5 4 11 3 11 5 5 11 11 5 2 4 4 4 10 9 5 5 11 11 5 2 9 8 4 4 4 0 10 10 8 6 8 7 7 11 5 10 10 8 7 8 10 8 10 7 7 8 10 10 8 7 7 8 10 2 7 11 11 5 5 9 5 4 11 4 11 2 3 4 5 11 11 5 4 4 5 4 4 0 10 10 6 7 8 8 7 7 7 7 7 10 0 10 6 8 7 7 8 7 7 10 8 10 4 5 10 10 2 8 6 11 5 11 11 4 2 5 3 11 5 4 4 11 4 5 4 1 3 4 4 4 4 4 4 4 4 11 5 11 11 5 4 5 10 10 2 8 7 9 7 8 11 5 10 7 10 8 8 10 10 7 8 2 10 10 8 8 10 7 6 7 7 7 7 7 11 5 5 10 8 10 7 7 7 8 11 11 4 5 5 10 2 9 8 11 4 5 4 4 4 4 4 4 11 5 0 7 9 10 7 8 8 11 5 10 10 7 7 8 7 8 11 1 3 5 10 11 2 3 5 10 8 11 11 5 4 4 4 5 4 4 4 1 4 4 11 3 5 7 10 2 6 10 10 8 8 10 10 8 7 8 11 2 4 11 3 5 4 11 11 5 4 4 11 5 2 9 8 4 4 4 10 10 0 6 8 7 7 7 7 7 7 7 7 7 7 7 8 10 7 7 7 0 6 7 7 8 7 7 11 11 2 5 9 4 4 4 5 11 4 4 4 4 4 5 7 11 11 5 5 10 11 2 3 5 11 2 4 10 10 8 8 10 6 8 10 10 2 7 8 11 4 4 4 4 5 3 4 4 4 4 4 4 11 4 5 10 10 8 2 10 10 7 7 8 5 7 7 9 8 7 10 7 8 10 7 7 7 7 7 7 10 8 7 8 7 10 10 2 8 11 4 4 9 5 5 4 4 11 5 4 4 4 4 4 4 1 11 4 4 3 5 0 10 9 8 5 10 7 7 7 7 7 7 0 9 8 5 11 5 7 10 8 7 7 7 1 9 11 5 5 10 2 3 11 5 10 11 5 5 11 5 4 4 4 4 4 11 11 4 5 2 4 11 5 11 4 5 4 3 10 10 2 7 8 7 9 10 8 7 7 7 8 11 1 3 11 4 5 8 11 5 4 10 11 5 2 3 10 10 7 8 7 8 4 11 5 10 10 7 0 6 7 7 8 8 11 4 5 10 10 8 8 7 7 7 7 10 7 0 9 8 7 7 8 7 10 8 11 5 11 2 11 9 5 5 4 11 5 7 10 7 0 6 8 7 7 7 11 2 11 11 5 3 5 4 11 4 4 5 4 4 4 11 4 5 10 2 7 9 8 10 8 10 10 7 8 2 9 5 4 4 4 11 11 4 5 5 10 8 11 5 4 4 10 11 5 5 11 5 0 7 7 9 10 8 10 8 8 10 7 7 7 1 9 8 8 7 10 7 7 7 7 7 10 2 6 8 11 5 11 11 4 1 4 4 5 8 9 5 4 4 11 11 4 5 4 5 4 4 1 3 4 4 4 4 11 4 5 7 0 9 10 8 8 11 5 11 11 5 4 5 7 7 7 7 10 8 7 7 7 10 8 7 7 7 7 7 7 10 8 7 7 1 11 11 4 4 4 5 4 4 4 3 4 5 10 10 8 8 10 8 4 11 4 4 11 4 5 8 11 11 2 3 5 0 7 6 10 7 8 10 7 7 7 10 8 2 6 7 11 11 5 4 5 10 2 6 11 10 8 8 7 7 1 11 11 5 4 4 4 3 5 10 7 8 7 10 8 11 4 11 4 5 2 11 11 5 4 4 3 4 5 4 1 9 5 4 4 4 10 10 8 2 9 8 10 7 8 10 10 7 8 2 9 5 7 7 7 11 5 10 10 8 8 7 7 7 7 7 10 7 7 7 0 6 7 8 10 7 10 2 8 4 9 11 2 5 3 4 4 11 11 4 5 4 5 4 4 4 11 2 9 5 4 11 11 5 4 4 5 4 4 4 11 4 4 5 11 10 2 8 10 10 7 8 8 10 7 8 10 9 8 8 11 5 10 10 2 6 7 7 7 7 7 8 7 7 10 10 7 8 5 10 8 11 10 2 6 8 10 2 7 7 6 7 11 11 4 5 5 10 2 11 9 5 4 4 5 4 4 4 4 4 11 5 10 8 4 4 4 4 4 4 4 4 11 11 2 5 9 8 11 5 10 10 7 7 8 8 7 0 6 7 7 7 7 11 10 8 8 10 8 7 0 6 7 7 7 10 10 8 8 4 11 2 11 5 9 11 5 4 5 4 4 4 4 4 11 4 11 5 4 4 4 4 5 7 10 2 10 10 7 6 8 8 7 7 10 8 11 5 10 7 7 10 8 2 3 7 11 10 8 7 7 7 7 7 7 7 8 11 2 6 11 11 5 5 11 11 2 3 4 5 7 11 11 4 5 5 10 8 11 11 5 5 11 11 5 5 11 2 6 11 5 11 11 4 5 4 11 5 2 9 8 11 1 3 4 5 11 2 3 4 4 4 4 10 10 2 8 7 7 6 7 7 7 7 10 8 10 8 7 10 10 8 7 8 7 10 10 8 2 6 7 11 5 4 4 1 3 4 4 4 4 4 10 10 2 8 11 5 3 4 4 4 4 11 11 2 5 9 8 4 4 10 10 0 8 6 7 7 8 11 2 9 10 7 7 8 7 7 7 7 8 7 7 10 8 7 7 7 10 8 1 4 9 11 5 4 4 5 1 9 5 11 5 4 4 4 11 5 4 4 11 11 2 5 3 7 10 10 2 8 9 5 10 10 8 0 6 8 10 10 2 8 9 5 10 10 8 2 9 5 10 10 8 7 8 10 10 8 8 11 5 10 10 8 2 7 6 7 7 7 11 11 5 2 9 11 5 5 10 8 11 11 4 5 8 4 4 4 4 4 4 4 11 5 10 8 7 7 7 10 10 8 8 11 11 4 4 4 4 4 5 5 7 11 11 5 4 4 5 11 11 4 5 5 7 11 11 2 3 4 4 5 11 11 2 5
ppo_x50_b_fd_l4,39,qv26_44,26,329,True,1864.0,11.268301725387573,8 8 10 9 8 8 10 10 8 8 11 5 10 10 7 8 8 10 10 8 8 10 0 9 8 8 10 2 9 10 8 8 10 10 8 8 11 5 10 10 7 8 8 10 10 8 8 11 5 11 2 3 7 7 10 10 8 8 4 4 11 2 11 9 5 4 4 4 4 5 4 4 10 8 11 2 11 9 5 4 4 5 4 4 4 4 11 11 5 5 0 9 8 10 10 2 8 10 7 7 9 7 8 8 10 7 8 7 7 7 7 7 10 10 8 8 7 10 10 7 2 8 10 10 8 8 10 10 8 8 9 5 11 5 4 4 4 4 4 11 11 5 4 4 5 11 11 5 4 5 4 4 11 4 11 2 5 3 10 7 7 7 7 8 4 10 10 8 7 7 7 0 6 10 8 8 7 10 8 10 10 2 8 6 11 4 11 2 4 5 9 8 11 11 4 5 8 11 5 4 11 11 5 4 5 4 4 4 11 1 9 5 5 4 4 11 5 11 2 4 3 10 10 7 7 8 7 8 11 10 5 10 8 7 7 10 8 7 7 8 11 2 4 4 10 10 8 8 9 5 10 8 7 7 7 0 6 7 10 8 7 7 7 7 7 7 11 11 2 5 4 4 4 3 11 4 5 11 2 6 4 4 11 11 4 5 8 11 2 11 11 5 3 4 4 4 4 4 5 10 11 5 5 4 0 10 10 8 6 8 10 8 10 10 7 8 5 7 7 7 7 7 7 0 6 7 7 10 8 11 5 7 7 7 10 10 2 8 9 5 11 11 4 4 4 5 8 11 2 9 11 5 4 5 4 11 11 5 4 5 4 4 4 4 4 10 0 10 8 7 6 8 7 10 2 7 7 9 10 8 7 7 7 8 7 7 11 2 11 3 11 5 5 4 4 11 4 1 3 5 10 8 11 11 5 5 11 11 5 5 0 9 8 7 7 7 7 7 10 10 8 8 10 8 7 7 7 0 10 8 6 11 5 11 11 5 2 11 11 5 5 4 11 9 5 4 4 4 4 5 11 2 11 3 4 11 5 5 4 4 11 5 11 11 5 4 5 4 11 2 10 10 7 8 8 6 10 7 7 8 10 10 8 7 8 11 10 8 7 8 7 7 7 7 7 7 10 8 7 11 11 5 5 7 10 8 7 7 7 7 11 11 2 5 9 5 11 11 2 4 4 4 3 5 11 11 5 5 11 11 4 5 5 10 8 10 8 4 11 11 5 4 4 4 5 11 2 11 11 3 5 5 11 4 4 4 5 10 10 8 2 10 9 8 8 7 10 7 7 0 6 7 8 10 2 9 7 8 4 10 10 8 7 7 8 7 7 7 7 7 1 11 9 5 4 4 5 4 4 4 4 4 11 5 11 2 4 4 10 10 8 8 9 8 7 11 10 8 8 1 3 11 11 5 4 5 4 4 4 4 11 5 11 2 10 9 8 8 11 5 4 4 10 10 0 6 7 7 8 8 0 6 7 7 7 7 7 7 7 11 10 8 7 8 7 7 10 2 9 11 4 5 4 5 7 10 8 7 7 7 7 7 7 10 2 6 11 11 4 4 5 5 4 1 11 4 4 4 3 5 11 5 7 7 10 8 4 11 11 5 5 4 4 11 5 4 4 4 4 4 4 10 10 2 8 9 5 10 10 7 0 8 8 7 7 7 6 7 7 7 7 7 10 8 11 5 0 9 10 7 8 5 11 4 11 5 5 11 4 4 4 5 4 10 10 2 8 9 8 10 10 7 7 8 8 4 4 10 2 11 11 5 3 1 3 4 4 5 4 4 4 4 4 4 4 10 2 11 11 5 5 10 8 7 6 10 10 8 8 7 7 0 9 10 8 8 7 7 7 0 6 7 7 7 7 0 6 7 7 10 7 8 11 11 2 5 6 11 5 11 11 5 5 4 10 11 5 5 4 4 10 8 11 11 5 4 4 1 4 5 6 11 11 5 4 5 11 2 6 10 10 8 7 8 10 7 11 2 5 11 5 9 11 4 5 4 4 4 4 1 3 4 5 11 2 3 10 10 8 7 8 10 10 7 8 0 6 7 7 7 7 7 7 7 7 7 10 8 8 10 2 9 7 8 4 4 4 10 10 8 8 11 2 3 4 4 11 5 11 4 11 5 7 8 11 1 3 4 5 10 10 8 8 11 5 4 4 4 4 4 11 11 5 2 11 5 4 3 10 10 7 8 8 10 10 7 8 7 8 7 7 7 10 7 7 8 10 10 7 2 8 10 7 10 7 7 8 7 8 9 11 5 5 4 10 10 8 8 11 5 11 4 5 10 11 4 5 2 4 9 5 11 5 4 4 4 4 4 4 4 11 11 5 2 9 8 10 10 2 8 10 10 7 8 7 7 6 8 10 10 8 7 8 11 10 8 8 7 7 7 7 11 11 2 5 3 11 5 4 4 4 4 4 10 11 5 5 10 8 4 4 1 4 4 9 5 4 4 4 4 11 5 4 4 4 11 11 2 3 5 10 8 7 10 10 8 7 7 7 7 7 7 7 7 10 7 8 5 10 7 7 8 11 11 5 5 10 7 7 8 10 10 2 6 8 10 7 7 8 11 11 5 2 9 5 4 4 4 1 9 5 11 11 4 5 4 4 5 4 11 5 4 10 0 9 8 8 10 10 8 7 8 4 11 5 11 11 2 5 9 8 11 11 5 4 5 4 4 11 4 4 11 5 2 4 4 10 10 8 8 9 8 10 7 10 8 7 0 6 7 8 10 7 7 7 7 8 7 7 7 10 10 8 2 9 8 4 4 11 4 5 11 11 5 5 11 10 8 7 7 8 11 4 4 4 4 4 5 11 11 2 3 5 4 11 5 0 7 6 7 7 7 10 10 2 8 9 5 10 10 7 7 8 8 0 7 7 6 10 10 7 8 5 10 10 8 2 7 6 11 11 5 5 10 8 4 11 4 5 11 4 11 5 2 4 4 9 4 5 11 5 4 4 4 4 4 11 11 5 2 11 9 5 4 5 10 2 10 9 8 7 8 7 7 10 8 10 10 8 8 10 2 6 10 10 8 8 10 10 7 7 7 7 2 6 7 8 10 2 6 7 11 11 5 2 4 3 4 4 11 11 5 2 9 5 4 11 5 7 10 11 4 5 8 4 4 4 4 4 11 5 10 8 4 11 11 4 2 3 5 11 11 5 2 11 4 11 5 5 9 7 7 7 8 11 5 10 10 2 8 6 7 7 7 7 10 8 7 7 7 7 7 10 8 7 1 3 4 4 10 11 5 5 11 4 11 5 2 6 11 11 5 4 5 4 10 2 9 11 5 5 11 2 3 4 4 11 11 5 4 5 7 11 2 9 5 10 10 8 7 7 7 7 7 7 7 7 7 8 7 10 8 7 7 7 7 10 8 10 8 7 11 1 9 5 4 4 5 4 11 5 4 4 0 9 10 8 8 7 11 10 7 8 7 7 7 7 8 4 10 2 3 11 11 4 5 8 11 4 5 7 11 11 5 2 9 8 11 11 1 3 5 4 4 5 10 2 9 11 4 5 5 7 7 7 11 5 4 4 4 4 4 4 4 4 4 11 5 4 10 10 7 8 5 0 9 5 10 8 10 10 7 7 8 8 7 7 7 10 7 7 7 8 10 7 8 10 10 8 7 8 10 10 2 8 10 10 8 8 6 4 4 11 11 2 6 4 4 5 4 4 4 4 4 4 11 4 5 11 11 5 5 4 11 5 1 9 10 8 8 11 5 4 11 5 10 10 7 8 7 8 0 6 7 7 7 7 7 7 7 7 7 10 7 8 11 11 2 5 9 8 10 10 2 8 7 6 11 11 5 4 4 5 11 2 9 5 11 11 4 5 5 11 11 4 5 8 4 4 4 4 4 10 2 11 11 5 5 11 4 5 4 4 4 3 10 10 8 8 10 8 10 8 7 7 7 7 0 6 7 7 7 7 7 7 0 9 8 10 8 7 7 7 10 10 2 8 7 6 11 11 5 4 5 11 11 4 4 5 4 5 4 10 11 5 4 5 11 11 5 5 10 2 11 9 5 4 5 7 11 2 11 11 4 5 8 11 3 5 4 4 11 5 10 8 4 10 10 2 8 10 10 7 8 6 8 10 10 7 0 6 8 7 7 7 8 7 11 11 2 5 9 8 11 11 5 4 4 5 11 5 4 4 4 10 10 2 8 10 10 7 7 6 7 7 7 7 8 7 8 10 10 2 8
ppo_x50_b_fd_l4,40,qv26_45,26,320,True,1816.0,9.228208065032959,8 8 10 9 8 8 10 10 8 8 11 5 10 10 7 8 8 10 10 8 8 11 5 10 10 7 8 8 10 10 8 8 11 5 4 10 10 2 8 6 7 7 11 11 5 5 10 2 10 10 7 7 8 8 10 9 8 8 10 2 10 10 8 8 10 10 8 8 9 5 4 4 4 10 8 11 11 5 4 4 4 5 11 4 4 5 4 4 4 4 4 11 4 11 2 5 3 10 8 10 10 8 8 10 7 10 8 2 6 7 7 7 10 10 2 6 7 7 8 4 10 2 10 6 8 7 7 7 10 7 10 8 8 4 1 11 4 5 9 10 8 8 11 5 11 11 4 4 5 4 4 4 5 11 11 4 2 3 4 5 4 4 11 4 4 4 4 5 11 11 5 5 7 10 11 2 5 9 5 10 10 8 8 7 7 7 7 7 7 7 7 7 7 7 7 7 7 7 0 9 8 7 10 7 10 8 8 11 5 10 10 8 8 11 5 11 11 2 3 5 11 2 11 11 4 5 5 11 4 9 5 4 5 11 2 9 11 5 4 5 4 4 4 4 4 11 4 5 1 3 7 10 7 10 7 7 8 5 10 10 8 7 8 7 7 11 10 8 8 10 7 7 10 7 8 2 11 5 10 9 5 5 11 4 11 5 4 4 4 4 5 1 3 7 10 7 7 8 7 7 10 8 11 5 7 7 0 6 7 7 7 7 10 7 10 8 2 9 5 11 11 5 5 7 10 8 11 11 4 4 1 5 3 4 4 5 7 11 11 2 3 4 5 4 4 4 4 4 4 4 4 4 10 8 11 11 2 5 3 4 4 11 11 2 3 5 10 8 7 10 10 7 8 5 10 8 10 10 7 8 7 7 8 11 2 10 9 8 8 10 7 7 7 8 11 10 8 7 7 7 7 7 7 8 11 11 2 5 11 9 4 5 5 10 8 10 8 11 11 4 5 5 4 11 11 4 4 5 5 10 8 11 4 11 5 5 11 11 5 5 11 5 7 11 10 8 8 11 4 4 4 4 4 4 11 2 5 9 8 11 11 5 5 7 7 7 7 7 7 7 7 7 10 8 7 7 7 7 10 7 8 11 10 2 8 7 6 11 11 5 4 4 4 4 4 5 10 10 2 8 4 3 4 4 4 4 11 11 5 1 3 4 5 10 2 10 9 8 8 10 8 7 10 10 8 7 7 7 7 8 11 2 9 10 8 7 7 8 11 11 5 5 10 7 7 0 6 7 8 10 2 7 7 7 6 11 11 5 4 5 11 4 5 11 11 5 5 10 8 11 11 4 4 2 3 4 5 11 11 4 5 8 11 2 11 4 3 5 7 11 11 5 4 5 4 10 8 7 7 7 7 11 10 8 8 11 2 3 10 10 8 8 7 7 7 7 7 7 7 7 10 8 7 11 11 5 5 10 2 9 11 4 5 8 11 2 9 4 5 7 11 11 5 4 4 4 5 4 4 4 4 4 1 4 3 4 4 4 4 10 11 5 5 10 8 10 10 7 8 8 10 2 9 8 11 10 2 7 7 6 7 8 11 4 5 10 10 8 8 7 7 7 7 10 7 7 7 7 7 7 8 11 2 11 11 3 5 4 4 4 11 5 5 4 1 4 3 4 4 1 4 4 3 4 4 11 5 4 0 10 10 8 8 11 5 10 10 7 6 8 7 7 7 7 7 8 11 2 11 5 9 11 4 5 4 5 11 2 10 9 8 8 11 5 10 10 7 7 0 7 7 8 7 8 9 5 7 10 7 7 7 7 7 7 10 8 8 1 9 5 10 10 8 8 4 4 11 5 11 5 4 4 11 5 4 4 4 4 11 11 5 2 9 5 7 11 11 5 4 5 4 4 4 1 9 5 11 11 2 5 3 11 11 5 5 7 7 7 7 7 7 7 7 0 6 7 7 7 10 10 8 8 4 11 5 10 0 9 8 8 7 7 7 10 7 8 7 7 0 6 4 11 11 5 4 4 4 4 5 7 10 8 11 11 5 4 11 5 5 10 7 8 11 11 4 5 4 5 4 10 10 2 8 6 7 7 1 4 11 11 5 4 3 4 5 1 3 10 7 7 8 7 10 8 7 7 10 10 2 8 7 7 10 9 8 8 10 8 1 11 9 5 4 4 5 4 4 4 4 4 11 4 4 4 11 5 5 7 11 2 11 9 5 4 4 5 10 2 10 10 8 8 7 6 10 7 8 10 1 9 8 8 7 10 7 7 7 7 7 7 7 10 2 8 7 6 10 10 8 8 11 5 4 4 4 11 1 3 4 5 4 4 4 11 5 10 8 11 4 4 11 5 5 11 11 5 5 11 2 11 4 5 4 4 4 4 3 10 10 7 8 7 7 7 7 8 4 11 5 10 10 8 8 10 7 7 8 10 7 10 8 7 8 7 7 7 7 10 8 11 1 9 5 5 10 8 11 11 4 4 5 4 5 4 4 4 4 11 5 10 0 8 7 7 6 11 10 8 8 10 10 7 8 5 10 8 11 10 2 6 8 10 7 8 10 10 2 8 9 5 10 10 8 7 8 1 9 5 4 4 4 0 9 11 5 5 11 5 11 11 5 5 4 4 4 4 1 9 5 4 4 4 4 4 4 4 11 11 5 2 9 5 10 7 8 1 9 10 8 8 11 4 5 10 7 10 8 7 8 10 10 8 7 8 7 7 10 8 11 10 2 8 6 7 7 7 10 8 10 7 7 7 8 1 11 11 3 5 5 10 2 3 11 11 5 4 4 4 4 11 4 4 5 4 5 7 10 8 10 11 4 5 4 5 10 7 8 11 11 4 2 3 5 4 4 11 11 5 5 11 2 4 4 10 10 8 8 6 10 7 7 7 7 7 7 0 6 8 7 10 7 7 8 7 7 11 2 9 10 8 7 7 8 7 7 7 7 10 11 5 2 11 11 5 4 5 4 3 4 11 4 5 11 11 1 4 4 5 5 11 11 5 5 9 5 10 10 8 2 11 5 11 11 4 5 5 11 9 5 8 7 0 6 10 8 7 7 7 7 7 7 10 7 7 8 10 10 8 7 8 1 3 11 5 4 4 4 4 4 11 4 4 4 4 4 4 4 4 4 11 4 5 8 10 8 10 10 7 7 8 0 6 7 7 7 8 11 1 9 5 8 10 10 8 8 11 5 4 4 11 4 11 2 4 3 5 10 8 10 8 11 4 10 2 8 7 10 9 8 8 11 2 4 4 4 11 11 5 4 4 4 5 9 8 4 10 8 7 7 11 5 10 10 8 7 7 8 7 7 7 10 7 8 4 10 10 8 8 4 4 11 2 3 10 10 7 8 7 8 4 10 8 7 7 7 7 7 7 7 7 10 8 7 11 11 1 5 5 11 11 5 5 11 11 5 5 4 4 4 11 9 5 8 11 5 7 0 10 10 6 8 8 10 2 10 6 7 7 10 8 8 11 5 1 9 11 4 4 5 1 3 5 10 8 11 4 4 11 5 4 5 4 4 4 10 8 11 11 2 5 4 4 9 5 11 11 4 5 2 3 4 4 10 10 8 8 10 8 7 7 7 10 10 2 6 8 10 8 7 7 7 7 7 7 7 11 10 8 8 11 5 11 5 7 7 10 10 8 2 10 7 8 10 10 8 8 6 11 5 4 4 11 5 4 4 4 11 5 4 4 11 4 11 4 5 4 4 4 4 5 10 11 5 4 5 11 11 2 5 9 4 5 7 10 7 7 10 2 8 10 7 6 10 8 8 7 7 11 11 5 5 10 2 7 10 6 8 1 10 10 8 8 6 10 10 7 8 7 8 7 7 7 7 7 10 2 6 11 11 4 4 5 8 4 4 4 11 1 9 5 5 11 10 8 8 10 8 4 11 5 4 4 4 4 4 1 9 5 4 4 4 4 4 11 4 11 5 5 10 8 4 4 10 10 8 2 9 8 10 10 0 6 8 8 10 10 7 8 7 8 11 4 5 11 4 5 10 10 7 8 7 8 7 7 7 7 10 8 10 10 8 8 10 10 2 8 9 8 7 7 7 11 11 2 5 11 11 5 3 4 4 4 4 5 10 2 11 3 11 4 4 4 5 5 10 8 11 11 5 5 11 11 2 4 4 5
ppo_x50_b_fd_l4,41,qv26_46,26,322,True,1762.0,23.52830481529236,8 8 10 9 8 8 10 10 8 8 11 5 10 10 0 6 8 8 10 10 8 8 11 5 10 10 8 7 7 7 7 10 8 8 10 10 8 8 11 5 10 10 0 6 8 8 10 2 9 10 8 8 11 4 5 10 8 10 10 7 7 8 5 10 10 8 8 1 9 5 11 11 5 5 4 4 11 5 11 11 5 2 9 5 7 10 8 7 7 1 11 11 4 3 4 4 1 3 5 5 11 11 5 5 1 11 4 4 3 5 4 11 5 0 10 8 9 10 7 8 8 10 8 4 4 1 11 3 5 11 11 5 5 4 0 10 7 7 8 7 10 10 6 8 8 10 7 8 10 10 8 8 7 7 10 2 7 6 11 11 5 5 4 4 4 4 11 2 6 11 11 5 5 4 1 3 11 4 5 4 11 2 4 4 11 9 5 5 7 0 6 10 8 10 7 11 5 5 4 11 5 7 10 10 2 8 10 10 6 7 8 5 10 8 7 7 7 7 7 10 10 8 8 11 2 10 10 8 7 6 7 8 7 7 7 10 10 8 8 4 4 11 1 3 4 11 2 5 3 4 4 4 4 4 11 5 10 2 7 6 7 7 11 10 8 8 10 10 8 8 11 2 9 10 8 7 8 7 10 8 7 11 11 5 2 11 4 9 5 5 10 8 11 11 4 5 4 4 4 5 4 11 11 4 5 5 4 4 4 4 4 11 5 0 10 7 6 10 8 7 7 7 8 11 2 9 10 8 7 7 8 11 10 7 8 2 9 8 7 7 7 10 10 2 6 8 11 5 11 11 4 1 3 5 4 5 7 11 5 11 11 5 4 4 1 4 4 9 5 5 10 8 7 7 10 7 8 11 11 5 5 11 11 4 5 5 10 8 11 11 4 5 2 11 9 4 5 8 11 2 9 11 4 5 8 4 11 2 11 11 5 5 7 7 7 7 6 7 7 11 5 10 10 8 8 7 7 7 7 7 7 11 2 10 9 8 8 10 7 10 7 8 5 10 8 7 10 10 8 2 6 7 7 11 11 2 3 5 4 4 4 11 4 4 4 4 1 3 5 11 2 3 11 11 4 5 5 7 7 7 10 8 4 10 11 5 5 4 4 4 4 11 11 2 5 11 11 5 5 7 6 7 7 10 10 8 7 8 7 7 10 7 7 7 7 10 8 7 7 7 7 8 10 8 11 11 4 5 2 9 8 11 11 4 5 5 4 11 4 4 5 4 4 4 4 11 4 5 10 10 8 8 4 11 4 5 0 10 8 9 10 8 8 7 7 0 9 8 7 7 7 10 2 10 9 8 8 11 4 5 1 11 3 11 5 5 11 4 4 4 5 4 11 5 4 11 11 4 4 5 2 9 5 7 11 11 5 5 10 8 10 10 8 7 7 8 10 7 7 7 7 7 7 7 7 8 10 10 2 6 7 7 8 10 2 7 10 10 8 6 8 7 11 11 5 4 4 4 4 5 4 11 5 4 4 4 11 5 10 8 4 4 4 4 11 11 5 4 5 4 4 11 11 2 5 4 3 10 7 8 7 7 10 10 2 8 6 7 7 10 7 7 8 11 4 4 5 10 10 8 8 11 2 10 9 8 8 7 7 7 10 7 8 11 5 10 7 10 8 8 7 10 10 8 7 7 8 11 11 2 5 9 8 11 11 5 4 4 1 3 4 5 10 8 11 4 4 11 5 2 9 11 5 5 10 8 11 11 5 5 11 11 5 4 5 10 11 5 5 11 11 5 4 5 11 11 5 4 5 7 7 7 7 7 7 7 11 2 9 10 8 8 11 5 10 10 8 8 7 0 7 10 10 8 7 6 8 10 8 10 10 2 6 8 11 4 4 4 5 4 4 4 0 9 11 4 5 5 4 4 4 4 11 5 4 4 11 11 2 5 9 11 5 5 7 7 7 0 7 10 9 8 7 7 8 7 7 7 10 7 8 7 7 7 7 7 10 2 10 9 8 7 8 7 7 11 2 11 11 5 4 5 3 4 4 1 4 9 4 5 11 4 5 11 11 5 5 11 5 11 11 5 4 4 5 10 7 10 8 2 9 8 7 7 7 7 10 10 7 8 7 7 8 10 8 11 4 11 4 5 5 10 2 11 3 4 4 11 4 4 5 4 4 5 4 11 2 9 10 8 8 7 7 7 7 0 10 7 6 8 10 8 7 7 7 10 7 7 7 10 2 8 7 6 11 4 5 11 11 4 5 8 11 2 4 9 11 5 5 11 4 1 3 4 11 5 5 11 11 5 5 1 3 4 4 4 11 11 2 3 5 7 10 8 10 10 7 8 8 7 7 7 7 0 6 7 11 5 10 8 7 7 11 10 8 8 4 10 2 6 7 7 7 7 7 10 10 8 2 9 5 11 11 2 5 3 11 4 4 11 5 4 4 5 4 4 11 5 10 2 9 8 4 11 5 4 4 1 3 4 4 11 5 4 4 4 4 4 10 10 2 6 8 11 10 2 6 8 10 7 8 7 7 0 6 7 7 7 7 10 10 2 8 9 5 7 7 0 9 10 8 8 11 5 7 7 7 1 11 11 4 4 3 5 5 10 7 8 11 11 4 4 5 5 10 8 11 11 2 5 11 4 11 3 4 5 5 7 11 5 11 4 11 5 4 4 5 10 10 8 8 10 2 11 9 5 5 10 7 7 7 7 7 8 7 7 10 10 2 8 6 11 5 11 4 11 4 4 5 8 10 8 4 11 11 2 5 9 8 11 11 5 5 4 4 1 11 5 10 9 5 5 7 7 10 10 7 8 5 7 10 7 7 7 10 2 6 7 7 7 8 10 7 7 10 8 4 5 10 10 8 5 10 2 7 10 10 8 8 10 8 6 4 4 11 4 11 2 5 6 4 4 1 9 5 4 4 4 4 11 5 7 11 11 4 5 8 4 11 4 11 2 5 9 5 4 4 4 4 4 10 10 0 8 8 9 8 11 5 10 10 7 7 7 8 5 10 8 10 10 8 8 7 7 10 8 7 7 7 7 7 11 11 5 2 11 11 3 5 5 4 10 8 11 11 5 4 5 10 10 2 8 7 7 9 8 1 4 4 11 4 11 5 3 5 4 11 1 9 5 8 4 11 4 5 11 11 5 4 11 5 8 10 2 10 6 10 7 7 8 0 7 6 7 7 7 7 7 7 7 10 8 7 7 8 7 7 7 10 10 7 8 8 4 4 4 10 2 9 11 5 5 4 11 5 4 4 11 5 10 7 11 2 5 9 11 5 5 4 4 4 4 4 11 5 4 10 10 8 2 7 10 10 8 8 10 9 8 8 10 10 7 8 5 10 10 8 8 7 7 7 10 7 7 7 8 11 2 6 11 11 4 4 4 5 8 11 5 11 11 5 5 0 9 11 5 5 11 5 4 4 11 11 2 3 4 4 5 4 4 11 5 7 11 2 11 11 5 3 5 10 8 10 10 7 8 8 7 7 7 7 7 10 8 0 10 9 8 7 7 8 10 7 7 7 7 8 11 2 11 11 5 3 5 4 10 8 11 11 2 3 4 5 11 5 4 4 11 11 4 2 3 4 5 10 11 2 3 5 11 2 11 9 4 5 8 11 5 4 4 11 11 5 2 4 3 10 10 8 7 7 8 7 10 8 7 7 10 10 2 7 6 7 8 7 10 10 8 7 8 11 2 4 3 10 7 7 7 10 2 6 8 11 5 7 10 8 7 7 7 11 11 2 5 3 4 4 11 4 4 4 5 11 11 1 3 5 4 5 7 10 8 11 11 2 5 11 9 5 5 11 5 4 11 11 5 11 5 4 5 0 10 10 8 8 7 7 6 7 7 7 7 7 7 0 10 9 7 8 5 7 10 2 7 10 8 6 11 11 2 5 11 11 5 5 11 11 3 5 2 9 5 11 11 2 5 11 11 5 5 3 11 11 5 5 4 4 11 5 11 11 5 5 4 11 5 4 4 10 10 2 8 10 10 8 8 10 9 8 7 7 8
ppo_x50_b_fd_l4,42,qv26_47,26,329,True,1821.0,10.271211862564087,8 8 10 9 8 8 10 10 8 8 11 5 0 7 10 10 8 8 9 10 8 8 11 5 11 5 10 10 7 7 7 8 5 10 10 8 8 11 2 4 3 10 10 8 8 10 10 8 8 10 2 10 10 8 8 10 9 8 8 10 2 10 9 8 8 4 11 5 4 11 5 4 4 4 10 11 4 5 2 3 4 4 4 11 5 7 10 10 8 2 6 10 7 8 10 10 7 8 7 8 7 7 7 7 7 7 11 11 5 5 11 2 9 5 11 11 5 4 4 4 5 4 4 4 4 4 4 11 4 4 4 5 11 2 11 11 4 5 3 8 7 7 7 7 7 7 7 10 8 7 7 7 7 7 7 0 9 8 7 7 10 8 7 7 7 7 7 11 2 11 11 5 5 4 4 3 4 4 11 4 5 11 11 2 5 10 8 10 10 6 8 8 10 2 9 8 11 5 4 4 1 9 11 5 4 4 5 4 4 1 9 10 8 4 5 10 8 0 10 7 6 8 7 10 7 7 0 7 7 6 7 7 7 8 10 10 7 8 2 9 5 11 11 4 1 4 3 5 5 0 9 11 5 5 4 4 4 4 4 11 11 2 3 5 4 11 4 4 11 5 4 4 4 4 5 11 2 3 10 10 7 8 8 10 0 6 7 7 8 7 7 7 7 10 8 1 4 3 4 4 4 4 4 4 4 4 10 10 2 8 9 5 10 10 7 8 7 0 6 8 7 10 8 10 7 10 8 7 7 8 11 4 1 9 5 5 4 4 4 1 4 4 4 4 9 5 11 11 4 4 5 8 11 2 3 10 7 7 7 8 10 10 8 8 7 7 10 7 8 11 2 10 9 8 8 11 2 4 11 11 5 5 7 7 7 7 10 6 8 10 10 8 8 10 10 8 8 10 8 11 4 5 7 11 11 5 2 11 5 3 4 4 11 5 11 1 9 8 5 11 5 4 11 11 4 5 8 4 4 11 5 11 4 4 11 2 5 10 8 10 10 8 8 7 6 7 7 7 7 7 7 7 0 9 10 7 8 7 8 10 8 10 10 8 7 8 4 10 2 11 9 4 5 8 11 5 4 4 4 4 11 4 10 8 8 11 2 3 11 11 5 5 11 4 1 3 4 5 4 10 10 2 8 10 7 7 6 7 7 8 10 10 7 7 8 0 6 7 7 7 10 7 8 5 10 8 7 10 10 2 8 9 5 11 4 11 5 4 5 7 11 11 5 4 4 5 10 7 7 8 10 7 8 4 11 11 5 4 4 4 4 4 5 10 10 2 8 10 7 7 6 8 7 11 5 11 11 4 5 8 4 4 4 4 4 11 2 3 4 4 4 11 4 5 11 11 5 4 5 4 1 3 10 10 8 8 10 7 8 10 10 8 7 10 7 8 8 11 5 7 10 10 8 7 7 7 7 7 8 7 7 7 10 10 7 8 8 11 2 9 5 10 10 8 8 4 4 1 3 4 11 5 1 3 4 4 11 5 4 4 4 4 4 10 8 11 5 4 4 4 4 4 4 10 11 5 5 10 8 4 4 4 10 10 8 2 10 6 8 10 10 8 7 7 0 7 6 7 7 7 8 4 4 4 11 5 10 0 9 8 8 10 8 7 7 7 7 10 0 7 6 10 8 8 1 11 5 11 9 5 5 11 2 11 4 11 5 3 4 5 4 11 11 2 5 9 8 7 10 10 8 8 0 9 5 7 10 10 7 7 8 8 11 5 7 10 10 8 8 10 10 7 8 5 10 8 7 11 2 11 9 5 5 11 5 4 4 4 4 4 11 11 4 5 5 4 11 5 4 4 4 4 4 1 3 4 4 11 11 5 0 7 8 9 5 10 10 8 7 7 8 11 5 4 10 11 5 2 11 4 5 9 11 5 5 7 7 7 10 8 10 0 10 8 8 10 10 7 8 8 9 8 11 11 5 2 9 8 10 10 7 7 2 6 8 7 10 10 8 2 9 5 10 10 2 6 7 8 10 7 10 2 6 8 10 10 7 8 2 9 5 4 1 3 4 4 4 4 11 5 4 4 4 4 4 1 3 4 11 5 1 3 10 7 8 10 10 7 7 8 7 8 11 11 5 5 4 10 10 8 8 11 5 10 7 10 8 8 7 10 10 8 2 9 5 10 10 8 7 7 7 8 10 8 11 1 9 5 4 5 4 4 4 11 5 11 4 4 4 11 4 5 4 1 3 5 4 4 4 11 5 7 11 2 11 11 5 5 9 4 5 10 8 7 7 7 7 7 7 11 0 9 8 8 7 10 7 8 0 10 10 8 7 7 6 8 11 10 8 8 10 10 2 8 7 10 10 8 8 6 4 4 11 5 4 4 11 5 4 4 11 5 4 4 4 4 4 4 1 4 4 4 4 11 5 10 8 10 10 8 8 9 10 7 8 5 10 10 8 8 11 5 11 10 7 8 8 11 5 10 10 7 8 8 4 10 2 10 10 8 7 6 7 7 7 7 8 7 11 2 3 11 11 5 5 11 4 4 5 4 4 10 2 9 11 5 5 11 5 4 4 11 11 2 3 4 4 4 5 4 11 11 2 5 3 7 7 10 7 7 7 8 7 7 10 7 7 7 7 7 7 7 7 7 7 7 7 10 8 2 9 8 7 11 11 2 3 5 11 4 4 4 11 5 5 10 2 6 11 11 5 5 4 11 4 4 4 4 11 5 5 7 10 2 10 9 8 8 7 10 7 7 7 7 7 7 7 10 8 8 11 5 7 7 10 10 2 8 11 4 5 11 11 5 3 5 11 11 4 4 5 5 11 11 5 5 7 11 2 9 11 5 4 4 4 4 4 11 5 4 4 5 4 4 11 2 3 7 10 10 8 8 7 7 7 10 8 7 10 8 7 7 7 7 11 10 2 6 8 7 11 2 11 11 5 4 5 4 4 3 4 11 5 4 10 7 8 4 10 10 8 2 3 7 7 11 11 5 5 11 5 7 7 10 8 7 7 7 11 5 10 10 8 7 7 8 7 10 0 9 8 5 10 7 7 10 8 2 6 11 5 11 11 4 1 4 4 4 3 5 2 9 5 4 4 11 11 5 4 4 4 4 5 4 4 4 4 1 9 11 4 4 5 2 9 8 10 10 2 6 8 11 5 11 11 2 5 7 10 8 10 10 6 8 8 10 10 0 8 6 8 10 8 10 10 8 2 7 9 8 7 0 6 7 7 7 10 8 10 2 6 11 11 2 3 5 11 11 4 5 2 4 4 4 9 11 4 5 8 4 4 4 11 4 4 4 4 4 5 10 2 6 10 10 7 7 7 8 8 10 10 8 0 6 8 7 7 10 10 8 7 8 7 7 7 10 10 7 2 8 6 11 4 5 4 1 4 11 9 5 8 4 4 4 4 4 11 4 4 4 4 4 5 10 10 2 8 10 6 7 8 7 10 10 7 8 8 11 5 10 7 10 8 8 7 7 0 10 9 8 8 11 5 11 4 5 10 10 8 8 10 10 7 7 8 7 7 8 11 5 1 9 4 5 4 4 4 4 4 4 11 5 4 4 4 4 11 11 5 5 10 8 7 11 11 4 4 5 4 4 5 11 11 2 3 4 5 7 7 7 7 7 7 10 8 10 7 10 7 8 7 10 2 6 7 8 7 10 10 2 8 6 11 5 4 11 11 5 4 5 10 0 6 7 7 7 7 7 7 10 8 7 7 8 11 2 9 11 5 5 10 7 8 11 11 4 5 5 11 5 11 11 2 5 4 4 4 4 3 4 4 11 5 7 11 11 5 5 7 10 8 11 11 5 5 4 11 11 2 3 5 11 11 5 4 4 4 5 0 9 7 8 11 11 5 4 5 10 7 7 7 7 8 7 7 7 7 7 7 10 10 8 8 7 7 7 10 10 7 8 2 7 10 10 8 8 6 4 4 4 4 11 11 2 5 9 8 4 4 4 4 11 5 7 11 11 2 3 4 4 4 5 4 4 11 4 4 4 11 5 2 4 4 10 10 8 8 9 8 10 10 2 8 10 10 8 8 9 8 10 10 7 7 7 7 8 7 7 7 7 10 8 7 8 4 11 5 10 10 7 8 7 7 7 7 8 10 2 11 11 5 5 11 11 3 5 5 11 11 2 5
ppo_x50_b_fd_l4,43,qv26_48,26,323,True,1833.0,9.111482858657837,8 8 10 9 8 8 10 10 8 8 11 5 10 10 7 8 8 0 9 10 8 8 11 5 10 10 7 8 8 11 5 10 10 0 6 8 8 10 10 8 8 10 10 8 8 11 5 7 10 10 8 8 10 10 8 8 11 5 1 4 4 9 5 11 11 4 5 5 11 2 3 7 7 7 7 10 10 7 7 8 8 10 10 8 8 11 4 4 5 7 10 8 7 10 10 8 8 4 4 10 2 11 11 5 4 4 4 3 4 4 4 4 4 4 5 11 2 10 10 8 8 6 7 7 11 11 5 4 5 11 5 4 4 4 4 0 9 11 5 5 7 11 2 11 5 4 4 4 11 11 5 5 7 7 6 7 7 7 7 0 9 8 7 7 7 7 7 7 7 7 7 7 7 7 11 10 7 2 8 6 11 5 10 10 8 8 11 5 11 4 4 11 5 4 4 4 4 5 4 4 4 11 5 4 4 4 4 4 11 5 10 2 9 8 11 11 5 5 7 7 7 7 10 7 7 7 7 7 7 0 6 7 8 10 10 8 8 11 2 9 5 10 10 8 7 8 7 7 11 2 9 10 8 8 10 2 6 11 11 4 4 5 4 4 4 5 4 11 11 5 5 11 11 5 4 4 5 4 4 11 11 5 5 10 7 8 10 10 8 8 11 2 10 9 8 8 10 8 4 4 4 4 11 11 5 5 11 4 5 10 10 8 2 10 7 8 7 6 10 10 7 7 8 7 8 11 10 2 8 7 7 6 7 7 10 10 8 2 9 8 4 11 4 5 4 4 4 4 4 4 4 4 4 1 4 4 11 4 5 9 10 8 8 10 10 8 8 11 5 1 11 9 5 4 5 11 2 3 4 4 10 10 8 8 7 7 7 7 7 0 9 8 7 7 7 10 10 8 8 10 8 7 10 8 10 10 8 2 10 10 8 8 7 6 4 4 4 4 4 11 4 11 4 2 3 4 4 5 4 11 4 11 2 5 9 8 4 10 10 8 2 7 7 6 7 7 7 7 10 10 2 8 3 10 7 8 1 11 9 5 5 10 8 10 0 9 8 7 8 10 10 7 8 7 8 1 3 11 5 4 4 4 4 4 4 4 11 4 11 4 2 5 9 4 11 5 5 10 8 11 4 4 11 4 5 5 10 11 2 3 5 4 11 2 4 3 10 10 8 8 10 10 2 6 7 8 10 7 0 6 7 10 8 10 7 8 5 7 10 8 10 7 7 8 7 10 10 8 7 8 1 3 4 4 4 11 11 5 2 11 5 9 11 4 5 4 4 4 4 5 10 0 7 7 7 7 8 7 6 7 7 10 7 8 1 9 11 5 5 11 2 3 4 11 11 4 5 5 11 5 11 4 11 4 4 5 8 4 4 4 10 2 10 9 8 7 8 7 7 10 2 6 10 10 8 8 7 7 7 10 7 8 7 10 10 8 7 7 8 7 11 11 5 2 9 5 11 5 4 4 11 5 4 4 4 4 4 4 4 4 4 11 11 4 5 2 11 4 3 5 11 11 2 5 9 10 8 7 8 0 6 7 7 7 10 0 6 8 7 7 7 7 7 7 7 7 10 7 8 7 7 10 10 8 8 4 4 4 4 11 2 6 11 5 11 11 2 5 11 11 4 5 5 9 8 11 11 4 4 5 4 4 5 0 10 8 6 7 7 7 7 7 7 7 7 7 10 10 7 8 5 10 2 10 8 11 11 5 3 4 5 11 11 4 4 4 4 5 5 11 1 9 5 4 4 5 11 2 3 11 4 4 4 5 4 11 11 5 2 4 4 9 10 8 8 7 10 8 11 5 10 0 9 7 8 8 7 7 7 11 10 8 8 7 10 8 7 7 7 7 10 8 10 7 11 2 5 3 4 11 4 11 5 4 5 4 4 1 9 5 4 4 4 4 11 11 2 5 10 8 10 10 7 6 8 2 9 8 11 5 1 11 5 3 7 10 10 7 8 7 7 7 7 8 4 10 10 8 8 10 7 7 0 6 8 7 10 10 2 6 8 11 4 4 4 5 11 11 5 5 11 4 5 10 11 2 4 5 9 8 11 11 4 4 5 8 4 4 4 4 11 2 4 4 3 4 10 10 8 8 0 9 8 7 10 7 7 7 10 8 8 11 2 10 6 7 7 7 7 7 7 7 8 1 3 11 5 11 11 5 5 11 11 5 2 3 11 5 11 11 5 5 11 4 5 10 11 2 5 11 11 5 5 9 5 7 7 7 7 10 10 8 7 7 7 8 10 10 8 7 7 8 10 10 2 6 8 10 10 7 7 7 7 8 2 11 5 9 11 4 5 8 11 2 4 3 4 4 11 11 4 5 4 4 4 4 4 4 4 5 7 11 11 2 5 4 4 4 9 5 4 4 0 10 10 8 6 7 7 8 7 7 7 7 7 7 10 7 7 8 7 7 10 10 7 7 8 8 11 5 7 7 7 11 11 5 2 9 5 11 4 4 4 4 4 4 5 7 11 11 2 3 4 5 10 2 11 4 3 4 4 5 4 11 11 5 4 5 0 6 10 7 7 10 8 8 7 7 7 7 10 8 10 10 8 7 8 10 7 10 8 7 8 11 11 2 5 9 8 1 4 11 4 5 3 4 1 3 7 11 11 5 4 5 10 11 5 5 4 4 4 1 3 10 10 8 8 10 10 8 8 10 2 9 10 2 6 7 7 8 10 10 7 8 2 10 8 10 6 10 8 8 4 10 2 10 8 7 6 11 11 5 4 4 4 1 3 4 4 4 4 5 11 11 4 5 2 9 4 5 11 11 4 5 4 4 4 4 5 4 4 10 0 10 8 6 7 8 11 2 10 6 7 7 8 10 7 7 7 8 7 7 7 7 7 10 10 7 8 2 9 5 7 10 7 8 11 11 4 5 5 11 5 4 11 4 4 4 11 5 4 4 4 4 4 5 10 11 2 3 5 11 2 11 9 5 5 11 5 0 6 10 7 7 8 7 7 7 11 5 10 10 7 8 2 6 7 7 7 7 7 7 7 10 10 2 8 11 5 4 3 4 4 4 4 11 11 5 4 5 7 7 7 11 2 9 5 11 4 11 5 4 5 4 4 4 11 11 5 5 11 10 8 2 9 8 4 4 4 4 10 10 0 8 8 6 7 7 10 0 9 8 8 10 8 10 8 10 8 7 10 7 10 7 8 5 10 7 8 10 7 10 8 8 10 10 2 6 8 7 10 10 2 8 9 5 11 11 4 5 4 4 4 5 11 11 4 5 5 4 4 4 11 5 4 4 11 4 5 4 10 2 9 10 8 8 10 8 10 10 8 7 8 11 5 10 10 8 7 8 7 11 10 2 6 8 10 2 6 7 7 7 7 7 11 11 5 2 11 5 9 11 5 5 4 4 4 10 11 5 5 4 10 11 5 5 4 11 11 5 4 4 4 4 4 4 5 10 2 3 10 10 8 7 8 11 5 10 10 8 7 8 7 7 7 7 7 7 7 7 7 11 10 8 8 11 5 1 3 4 11 4 5 11 5 4 4 4 4 4 11 5 7 10 10 7 8 5 7 7 10 2 10 10 6 7 8 8 11 2 6 10 10 8 7 7 8 7 11 11 5 5 7 10 7 7 10 8 2 7 6 11 11 5 5 4 11 4 4 4 11 5 2 6 4 4 4 11 5 0 9 11 5 5 4 11 4 4 5 4 4 4 4 4 0 10 10 7 8 6 8 10 10 2 7 7 6 7 7 7 8 10 2 9 10 8 8 7 10 8 11 5 7 7 10 10 8 8 1 4 4 4 9 5 4 11 5 11 5 4 4 4 4 4 4 4 0 10 10 7 7 8 7 6 8 7 7 7 7 10 7 7 7 7 7 8 10 10 2 8 9 5 11 11 1 5 3 5 11 11 4 4 5 5 10 2 11 11 5 3 4 5 4 4 4 4 11 4 4 4 5 7 7 10 2 11 11 5 5 3 4 4 11 4 11 2 5 9 8 4 10 10 7 8 5 0 9 8 4 10 10 8 7 8 4 10 10 8 8 10 10 8 7 7 10 7 7 8 8 4 10 10 8 7 7 8 10 8 10 10 8 7 7 2 6 11 11 4 4 4 4 4 5 5 4 11 4 5 11 2 4 10 10 8 8 10 10 8 8 10 10 8 8
ppo_x50_b_fd_l4,44,qv26_49,26,326,True,1861.0,10.285017490386963,8 8 10 9 8 8 10 10 8 8 11 5 10 10 7 0 8 8 10 9 8 8 10 10 8 8 11 5 10 10 7 8 8 10 10 8 8 11 5 4 4 11 5 10 10 7 8 7 8 7 7 7 7 0 10 9 8 8 10 10 8 8 11 5 10 10 8 2 10 9 8 8 4 4 1 3 4 1 9 5 11 11 4 5 5 11 1 9 4 5 8 11 5 10 11 5 5 4 4 4 4 4 11 11 5 2 9 7 10 7 8 8 10 8 7 7 7 10 10 8 7 7 7 7 7 7 8 11 2 3 4 11 11 4 5 5 11 5 4 4 4 4 4 4 4 1 3 4 10 11 5 5 10 8 11 4 4 11 2 5 9 8 4 4 10 10 8 8 7 7 0 6 7 7 10 7 0 7 6 7 7 7 7 7 8 10 10 2 8 10 7 6 7 7 7 7 11 2 5 11 4 3 4 5 7 11 11 5 2 4 9 5 11 11 4 5 5 10 8 4 11 11 4 5 4 5 11 4 11 4 5 5 11 2 4 4 4 4 10 10 8 8 7 7 7 10 8 10 6 10 8 8 7 10 10 2 6 7 7 8 7 7 10 7 8 7 10 10 8 2 9 8 10 8 11 4 4 4 11 4 5 5 11 4 11 5 4 4 5 11 11 4 5 4 4 5 11 4 10 8 2 9 8 7 11 11 5 2 11 9 5 4 4 5 11 11 5 5 7 7 10 2 10 10 8 8 9 10 8 7 8 10 10 8 8 7 10 10 2 8 6 7 7 7 7 10 8 10 8 7 7 10 10 8 2 9 8 11 5 11 11 4 4 4 5 4 1 4 4 3 4 5 11 11 5 2 3 4 4 4 4 11 11 2 3 4 5 7 10 8 7 10 10 7 2 6 7 7 7 8 7 1 3 11 11 5 5 4 4 10 10 2 8 6 10 7 8 7 7 7 7 10 7 7 8 10 8 0 7 7 6 11 11 4 4 5 5 10 8 11 11 4 5 5 11 2 9 11 5 2 11 11 4 5 3 5 11 11 4 5 4 4 4 4 5 4 4 4 11 5 10 8 4 4 10 10 8 2 9 7 8 7 10 8 4 11 10 2 6 8 7 7 7 7 7 10 7 7 8 11 5 7 11 11 5 5 10 8 7 7 7 7 7 10 10 8 2 3 10 8 7 7 10 10 2 6 8 4 11 5 11 11 4 4 5 5 11 11 4 5 4 5 4 4 4 4 4 4 4 4 1 3 4 4 11 5 11 11 5 2 9 8 10 10 8 2 10 10 7 8 8 9 5 10 10 7 7 8 0 8 10 6 10 7 8 7 7 7 8 11 2 4 11 11 5 3 5 10 8 4 4 4 11 11 4 5 2 9 5 10 7 11 5 2 11 3 5 11 4 11 2 5 9 8 4 4 4 10 10 8 0 7 6 8 7 7 10 10 8 7 8 10 10 7 7 7 8 8 4 4 4 11 10 8 2 10 7 10 6 7 8 7 7 7 8 10 2 11 4 9 5 4 4 5 11 2 4 4 11 3 11 5 5 4 4 11 4 4 5 10 2 10 10 7 8 8 10 10 8 6 7 7 8 7 7 7 10 8 7 10 10 8 7 7 8 10 2 6 11 11 5 4 5 1 3 4 4 4 4 4 4 4 11 4 4 4 1 9 5 8 11 4 4 1 9 4 5 8 11 2 3 4 4 10 10 7 8 8 7 7 7 7 7 7 10 8 10 7 7 10 7 8 8 10 10 8 8 11 2 3 4 4 4 11 5 10 0 7 7 7 7 10 8 6 8 1 4 11 4 5 9 5 11 11 5 5 1 9 8 11 4 11 5 5 4 4 11 4 11 5 5 10 8 10 10 8 8 11 5 4 4 11 11 2 5 4 4 4 11 5 3 10 10 8 8 10 10 8 8 7 7 7 7 7 10 8 10 10 2 7 6 8 10 2 10 7 7 7 9 8 8 11 4 1 4 3 4 4 5 10 2 11 9 5 5 4 4 4 4 11 5 7 11 5 4 4 11 11 2 3 5 10 8 7 10 7 7 10 7 8 7 7 7 8 10 10 2 6 8 10 7 10 7 7 8 7 7 7 7 8 11 2 11 9 4 5 5 10 8 11 11 5 5 4 4 4 11 4 1 3 5 4 4 11 5 11 11 4 5 8 11 2 11 5 4 4 4 4 4 4 3 10 10 8 7 7 7 7 0 7 7 6 8 0 6 11 10 8 8 10 10 8 7 8 11 5 10 7 10 7 8 5 10 10 7 7 7 8 5 11 5 10 10 7 8 7 8 1 9 8 11 11 5 5 4 11 5 11 11 2 4 5 9 8 11 5 4 4 4 4 4 4 4 4 4 1 11 4 4 5 10 10 7 8 8 9 5 10 10 8 8 7 10 8 7 7 7 7 7 0 9 8 10 7 7 7 10 8 2 10 10 8 6 8 11 5 11 11 2 3 4 5 4 4 4 4 4 4 4 11 4 5 4 11 2 9 11 5 5 11 2 10 10 8 8 4 4 3 11 4 4 4 4 5 10 10 8 8 7 10 2 9 8 4 10 10 8 7 7 7 8 0 9 10 8 8 7 10 10 8 8 7 7 7 10 7 8 11 10 8 8 10 10 8 2 9 5 7 7 11 11 1 5 3 4 4 5 4 11 11 4 4 5 8 11 1 3 4 5 4 4 11 2 9 5 10 10 8 8 11 4 4 5 4 4 11 11 2 5 3 10 7 10 7 7 8 7 7 7 7 10 8 8 10 10 2 6 7 7 8 10 10 8 2 9 8 4 4 11 11 5 2 11 3 4 4 4 4 5 10 10 2 8 10 6 7 7 7 8 7 10 7 10 7 8 2 9 5 7 11 11 5 4 5 4 4 11 5 10 8 4 4 4 11 11 5 4 4 5 4 11 5 11 0 9 8 8 11 11 5 5 4 10 10 8 8 11 5 4 4 4 4 4 4 10 10 2 6 8 10 8 7 7 7 7 7 7 7 7 7 7 0 7 7 7 6 11 10 8 8 11 5 11 11 4 5 2 11 11 5 5 9 8 11 11 4 4 5 2 6 10 8 7 11 11 5 5 11 11 5 5 0 6 7 7 10 8 7 7 7 7 10 8 11 11 2 5 10 8 7 7 6 7 7 7 7 11 11 2 5 11 9 5 4 4 4 4 4 4 4 5 4 4 4 10 2 9 11 5 4 4 5 4 10 2 10 9 8 7 8 7 11 2 3 11 11 5 4 4 4 4 5 11 2 3 11 4 5 10 10 7 7 7 8 7 7 7 7 7 7 7 7 7 8 11 2 4 3 10 10 0 7 8 7 7 7 8 10 8 9 11 5 5 4 11 5 10 8 11 5 4 4 11 4 1 9 5 5 4 4 11 4 5 11 4 4 4 4 11 2 3 5 7 10 10 8 8 7 7 7 7 7 7 7 7 11 10 8 8 11 2 4 11 11 5 5 7 9 8 10 10 7 7 8 5 11 2 3 10 10 7 7 2 6 7 7 8 7 7 11 11 5 2 9 5 11 5 1 9 5 4 11 4 5 7 11 11 2 5 4 4 11 3 11 5 4 4 5 7 10 0 6 8 7 7 10 7 8 4 10 10 8 7 8 10 10 8 8 10 8 10 2 6 11 11 5 5 4 4 4 4 4 4 4 4 4 4 4 4 10 11 4 5 5 10 8 11 2 9 10 8 8 11 5 4 4 11 4 11 2 5 3 10 8 10 10 7 7 7 8 7 7 8 11 2 11 3 10 8 8 7 7 7 7 7 7 7 10 10 8 7 7 8 7 10 10 8 7 8 10 11 5 2 6 11 5 4 4 4 1 4 3 4 10 11 5 5 4 4 4 11 5 4 11 11 5 5 4 11 4 4 5 4 0 10 10 6 8 8 7 1 9 5 10 10 8 8 10 8 10 10 7 8 8 11 2 3 10 10 8 8 7 7 7 0 6 7 10 7 0 6 8 7 7 11 11 5 4 11 5 5 10 8 11 4 5 7 11 11 2 5 11 9 5 5 11 5 4 4 4 4 4 4 4 11 4 4 5 11 11 2 5 11 11 5 4 4 5 9 8 10 10 8 7 7 7 7 7 7 10 8 8 11 5 10 10 8 0 6 7 8 11 11 5 5 10 10 7 7 8 7 7 8 4 4 10 10 8 7 8 4 10 10 8 7 7 8 10 10 2 8
ppo_x50_b_fd_l4,45,qv26_5,26,327,True,1849.0,10.570356845855713,6 8 2 10 9 8 8 10 11 5 2 3 10 10 7 8 8 11 5 10 10 7 8 8 10 10 8 8 11 5 4 10 10 8 2 6 7 7 7 7 0 10 10 8 8 9 10 8 8 10 10 8 8 10 10 8 8 11 5 10 10 7 8 8 4 11 2 4 4 9 11 5 5 11 2 9 10 8 8 4 11 2 3 4 4 4 11 11 2 5 9 11 5 5 4 4 11 5 4 11 5 7 10 2 7 10 7 9 8 8 11 5 1 4 11 4 5 10 9 8 8 11 5 11 11 5 5 11 11 5 5 11 2 3 10 10 8 8 7 7 7 7 7 7 0 6 7 7 10 8 10 10 8 7 8 7 7 7 7 11 5 10 10 8 8 10 7 10 8 8 4 11 5 1 9 5 4 4 4 4 4 4 4 4 4 4 4 4 10 10 2 8 7 7 7 7 7 6 7 10 10 2 6 8 10 10 8 2 7 10 10 8 8 9 8 4 4 4 4 11 5 4 4 1 9 11 5 4 4 5 4 4 4 4 11 5 10 8 11 5 4 4 11 11 5 2 7 6 4 11 4 4 11 2 3 5 10 8 10 10 8 8 7 7 10 8 7 7 7 10 8 11 11 5 5 0 9 8 10 10 2 6 8 7 7 7 10 8 7 10 10 8 0 6 8 7 10 7 8 7 11 11 4 5 2 10 8 4 9 11 4 2 3 4 4 5 11 11 5 5 10 2 11 5 4 4 3 4 4 11 5 7 11 11 5 4 5 10 2 7 7 6 7 10 8 7 10 10 2 8 9 11 4 4 4 5 5 4 11 2 3 10 10 7 7 8 5 10 8 10 10 7 7 8 7 7 7 7 8 4 10 10 8 7 8 11 2 11 11 5 5 11 3 5 4 4 11 5 4 4 4 4 4 4 4 4 4 11 11 5 5 10 8 7 11 11 2 3 4 4 4 5 11 2 10 10 7 8 6 8 7 7 10 10 8 8 7 7 7 7 7 7 10 7 8 10 2 6 7 11 11 5 5 10 8 10 10 7 7 8 2 9 4 5 10 10 8 8 10 10 8 8 1 3 4 4 4 4 1 3 4 4 4 4 4 4 10 8 11 11 5 5 10 11 4 5 4 5 7 10 8 4 11 11 5 4 5 4 4 0 6 10 10 8 8 7 7 7 7 7 7 11 5 10 10 8 7 8 10 10 8 8 7 7 7 7 7 7 10 7 8 4 10 2 9 11 5 5 10 7 8 11 4 4 4 5 11 4 4 11 5 2 4 3 4 4 10 11 5 5 4 4 11 4 5 10 2 10 9 8 8 10 0 6 7 10 7 8 7 8 11 4 5 10 7 10 8 7 7 8 10 10 7 8 8 10 10 8 2 6 11 5 11 5 4 4 4 11 4 1 3 5 11 11 2 3 4 5 7 10 7 8 10 10 8 8 1 4 4 3 4 4 4 4 11 11 5 4 4 4 5 4 4 10 11 5 2 4 3 4 10 10 8 8 7 7 7 7 7 7 0 10 9 8 5 10 7 8 7 7 7 10 7 8 7 7 7 7 0 7 7 6 11 11 5 5 11 11 5 5 11 4 4 4 4 4 5 4 4 4 11 11 4 5 2 3 4 4 1 9 5 10 8 7 11 10 8 7 7 8 7 7 10 10 2 6 7 7 7 8 10 10 8 2 9 8 4 11 5 11 4 4 5 4 4 11 4 4 11 4 5 2 9 8 10 7 11 5 5 4 4 4 4 4 11 5 10 10 7 2 8 10 9 8 7 7 7 7 7 7 8 10 2 7 9 8 10 10 8 8 10 10 7 7 8 7 8 11 11 5 5 10 8 11 2 3 4 4 11 11 5 5 11 4 11 2 4 5 9 8 11 11 5 4 4 4 5 11 4 0 9 8 8 10 7 8 7 10 10 8 7 7 7 7 7 8 7 7 7 7 7 0 6 11 11 5 5 11 5 11 5 4 4 4 4 4 4 4 4 11 5 11 11 4 5 5 11 2 11 9 5 4 5 11 2 10 10 8 8 7 6 10 7 8 7 7 10 8 7 7 7 10 8 7 7 10 10 8 7 8 4 4 4 4 11 2 4 4 11 9 5 8 4 11 5 4 4 4 4 4 1 11 9 5 8 11 5 10 11 2 3 5 4 4 11 2 3 10 10 7 8 7 7 7 8 10 10 8 8 11 2 10 6 8 11 10 7 8 2 6 7 7 0 10 9 8 7 8 11 2 9 11 5 5 0 9 8 10 10 8 7 7 7 10 8 7 7 8 1 4 11 4 5 11 4 3 4 4 4 4 5 4 11 11 5 4 5 4 4 11 5 4 10 10 8 8 11 2 4 4 4 3 10 10 8 8 10 10 8 7 7 7 7 7 8 10 8 7 7 7 7 7 7 7 10 10 2 8 11 3 5 11 11 5 5 4 1 11 11 5 3 4 5 4 4 11 4 5 10 2 10 10 8 8 9 8 7 7 10 8 7 10 11 5 2 11 9 5 4 5 4 11 5 11 4 11 5 4 5 10 2 11 9 5 5 11 2 3 10 10 8 7 0 6 7 7 8 7 10 7 7 10 7 7 7 8 7 8 4 11 5 7 10 10 7 7 8 2 9 7 11 5 5 10 8 4 4 4 11 5 4 4 4 4 4 11 5 4 11 11 4 5 4 5 7 7 10 8 11 11 4 4 5 5 11 11 4 4 4 4 5 7 2 9 8 7 7 7 7 10 10 2 8 11 5 9 10 8 8 10 8 10 10 2 6 7 8 7 7 7 0 10 10 8 6 8 10 10 2 8 10 8 11 11 5 3 5 4 0 10 6 8 7 10 2 6 7 11 11 5 2 4 4 4 3 4 4 4 1 9 5 10 8 4 11 5 4 4 4 4 4 4 11 4 5 4 4 4 4 4 10 10 2 8 9 10 8 8 11 5 10 10 8 8 7 7 10 8 11 5 10 10 7 8 7 7 7 7 8 10 10 7 2 8 6 11 5 10 10 8 8 11 4 11 2 3 4 5 4 11 4 10 2 8 10 10 8 7 6 8 11 4 5 10 10 7 7 7 8 8 10 10 2 8 6 11 4 4 11 2 3 4 4 4 4 4 4 4 5 4 4 4 11 2 3 11 11 5 5 11 11 2 5 10 8 6 7 10 8 7 10 8 7 7 7 7 0 6 7 7 7 7 7 7 7 11 4 11 2 5 9 8 11 11 5 4 5 11 4 4 1 11 5 5 9 11 4 5 8 11 5 4 10 11 5 4 5 11 11 4 5 4 5 0 9 5 10 10 8 8 7 7 10 8 11 5 10 10 8 8 10 10 7 2 6 7 8 11 10 7 8 5 10 8 7 7 7 7 10 8 7 10 10 8 7 8 11 4 10 8 2 9 7 8 4 11 11 5 4 4 5 11 5 11 11 4 5 5 11 4 4 4 4 5 10 10 2 8 11 3 4 5 11 4 4 5 4 11 11 4 5 7 7 8 11 2 4 4 4 10 10 8 8 9 8 10 10 7 7 8 8 0 9 10 8 8 7 7 7 7 11 10 2 6 8 7 7 11 5 10 2 9 10 8 7 7 7 7 8 11 5 7 7 10 2 7 6 11 11 5 2 4 9 5 4 4 1 3 4 4 4 4 11 11 4 5 4 4 5 10 10 2 8 9 5 7 10 8 11 4 11 5 5 4 11 11 5 2 9 8 4 10 10 2 6 7 8 7 7 10 8 7 7 7 10 8 11 5 10 10 7 7 7 8 2 9 5 4 4 4 4 11 11 2 5 9 8 11 11 4 5 5 7 10 11 4 5 8 4 4 4 4 4 11 5 10 8 11 4 11 2 3 4 5 11 11 5 2 9 8 10 10 8 7 8 4 11 5 10 10 7 8 8 7 7 7 7 11 5 10 10 8 7 8 7 10 8 7 7 7 7 10 10 7 7 8 8 11 5 7 10 10 2 8 9 5 11 11 4 5 5 4 4 4 4 11 11 5 4 4 5 11 4 5 4 4 11 11 5 5 11 5 4 4 4 10 10 2 8 10 10 7 7 8 8 10 10 6 8 7 7 8 7 7 7 7 7 7 7 7 7 7 7 10 7 8 11 11 5 5 11 11 4 2 4 3 5 11 11 2 5 11 11 4 4 3 4 5 5 10 8 11 11 2 5 11 11 5 5
ppo_x50_b_fd_l4,46,qv26_50,26,329,True,1872.0,10.45382809638977,8 8 10 9 8 8 10 0 10 8 8 9 5 10 10 8 8 10 10 8 8 11 5 10 10 7 8 8 10 10 8 8 11 5 10 10 7 8 8 10 10 8 8 11 5 10 10 7 8 8 11 5 4 11 5 7 7 7 7 7 7 7 7 7 11 11 5 5 11 2 11 11 5 5 11 9 5 5 4 1 3 4 4 4 11 5 4 4 4 1 9 11 2 3 5 4 11 11 2 5 9 8 4 4 4 4 10 10 0 6 8 8 7 7 7 10 10 8 2 9 8 10 10 7 8 7 7 7 8 11 11 5 5 10 8 7 7 7 7 7 7 0 7 6 10 8 7 11 11 5 5 11 11 4 5 5 11 11 5 1 5 4 4 4 9 11 5 4 4 4 4 5 10 8 4 4 4 11 4 11 2 5 10 8 10 6 7 10 8 8 7 7 7 7 7 7 10 8 7 10 8 11 5 10 2 9 10 8 7 7 8 1 9 4 5 11 5 11 11 4 4 5 5 7 11 11 4 5 5 4 11 4 5 0 10 11 3 5 4 5 4 4 11 5 11 2 9 10 8 8 11 5 10 10 8 7 8 4 11 5 1 4 4 3 10 10 8 7 7 7 8 7 10 10 0 6 7 7 7 8 5 10 8 10 10 8 8 7 0 6 7 7 7 7 10 7 8 7 11 2 11 11 4 5 5 3 4 11 11 5 4 4 4 4 4 11 5 4 5 10 2 10 9 7 8 5 7 7 10 7 8 11 5 1 9 11 4 5 4 5 4 4 4 4 0 10 10 7 8 6 8 10 8 10 7 7 7 0 9 8 7 7 8 10 2 10 10 8 8 6 4 4 4 4 4 4 11 4 11 2 5 4 3 4 4 4 11 4 4 4 4 4 4 5 10 10 8 2 10 10 8 7 8 10 9 8 5 7 10 10 7 7 8 0 7 8 7 10 10 8 8 9 10 8 8 11 4 5 10 8 10 10 8 8 10 7 7 7 8 7 11 5 4 4 1 11 9 5 5 4 11 11 4 5 8 4 4 4 4 11 5 0 9 8 10 10 7 8 8 11 5 4 11 2 11 4 3 11 5 7 7 7 8 11 4 4 5 10 11 2 3 5 4 4 4 4 11 5 10 8 10 2 10 6 10 8 8 10 8 7 7 7 10 10 8 8 10 10 0 6 8 7 7 7 8 11 2 3 11 5 11 11 5 5 10 8 10 7 7 10 8 8 7 11 2 10 9 8 8 4 4 4 4 4 4 4 4 4 4 11 5 4 11 11 5 4 5 7 10 8 4 11 4 4 4 4 11 2 3 5 7 10 10 8 7 7 8 7 10 10 7 7 8 8 7 7 0 9 8 7 7 7 7 10 10 2 8 9 5 7 7 7 11 11 1 5 4 5 4 9 4 5 4 10 11 4 5 5 10 8 4 4 11 11 5 2 11 4 5 9 10 8 8 7 7 7 7 11 1 9 5 4 4 4 5 4 4 4 4 11 4 5 10 2 7 9 10 8 8 4 4 11 2 3 4 11 11 2 5 4 3 10 8 7 7 7 7 7 7 7 10 10 8 5 7 7 10 8 11 5 7 7 7 0 9 10 8 7 7 7 8 7 7 10 7 8 11 2 11 11 4 4 4 3 5 4 4 4 5 10 2 9 7 8 11 4 4 5 10 11 5 4 5 11 11 4 5 8 4 11 4 5 4 4 4 10 10 2 8 7 10 8 6 10 10 7 8 7 7 8 7 10 8 11 5 7 7 7 7 10 8 11 1 9 8 5 11 11 5 4 4 5 7 10 8 10 11 5 4 5 4 11 4 4 5 11 11 2 3 5 4 4 11 4 4 5 4 4 10 10 2 8 6 7 7 7 7 7 7 10 7 7 7 8 10 10 8 7 7 10 8 7 7 8 7 11 2 3 4 4 4 4 11 5 4 4 4 4 4 4 4 1 11 9 5 8 11 5 11 4 4 5 0 7 7 7 10 9 8 8 10 7 10 2 6 8 7 7 7 7 10 8 10 10 7 8 7 8 11 2 10 9 8 8 4 11 4 4 4 4 4 4 4 4 11 5 5 10 8 4 4 4 4 4 1 11 11 4 5 8 9 11 5 5 7 10 8 10 7 10 7 8 7 8 4 1 9 5 10 10 7 8 7 8 7 11 11 5 5 10 7 7 8 11 5 1 4 9 11 4 5 8 11 4 4 1 4 5 4 3 4 4 10 10 8 8 7 7 7 10 7 8 7 7 7 7 7 7 7 10 8 7 11 11 5 5 10 8 7 7 7 7 10 10 8 7 8 10 2 6 11 11 4 5 4 4 4 11 5 5 10 2 11 4 3 4 4 10 8 7 8 11 4 1 3 5 11 4 4 5 10 10 8 2 10 8 9 10 8 4 5 10 8 11 11 5 5 11 11 5 4 4 4 4 4 4 4 5 4 10 10 8 2 10 7 10 8 8 10 9 7 8 5 10 7 8 7 0 6 7 7 11 5 10 10 2 8 9 5 7 7 7 7 7 7 7 11 10 2 6 8 10 2 6 7 7 11 11 5 5 4 4 4 11 11 4 5 4 5 4 11 2 4 3 4 4 4 4 4 11 11 5 5 4 11 2 3 10 10 7 7 8 5 10 0 9 8 8 10 0 6 8 7 7 7 1 9 10 8 8 7 7 7 10 7 8 1 11 9 5 5 11 11 5 5 10 8 4 4 4 4 11 11 5 4 5 11 11 5 5 0 7 7 9 7 8 7 7 7 10 7 10 7 8 5 10 2 7 10 7 7 6 8 11 11 5 5 4 11 1 11 5 3 4 5 4 11 11 2 5 11 11 5 3 5 11 11 2 5 4 3 11 5 4 4 11 5 11 11 5 2 3 7 7 10 10 2 8 9 5 7 7 10 8 4 10 10 7 8 7 8 4 11 5 7 10 7 7 7 7 10 8 2 9 8 10 10 8 8 1 4 3 11 5 11 11 4 5 5 4 4 4 11 5 4 4 4 4 0 10 10 8 6 8 11 5 10 7 8 10 10 8 7 2 10 9 7 8 8 11 5 7 7 10 7 10 2 8 6 10 10 8 8 10 10 8 8 11 5 10 10 7 7 2 6 8 4 4 4 4 11 4 5 4 4 11 11 2 3 4 4 4 5 11 2 3 4 4 4 10 10 2 8 7 6 7 10 7 7 7 7 7 0 6 7 8 7 10 8 1 11 11 5 4 4 5 9 5 11 4 4 11 4 5 5 10 8 11 11 4 5 5 11 11 4 2 5 11 11 5 5 11 11 4 5 8 9 8 7 7 7 7 10 10 2 6 7 8 11 10 7 8 5 7 10 8 10 10 7 8 2 10 8 10 10 8 8 7 6 4 4 4 4 4 4 4 4 4 11 5 4 4 11 11 2 5 11 4 4 5 4 3 10 10 8 7 8 7 7 7 10 10 8 7 8 7 7 7 7 7 10 10 7 7 7 7 8 8 10 10 8 2 9 10 7 8 5 11 5 11 4 4 5 10 11 5 4 4 4 4 5 11 4 4 4 4 4 4 11 2 5 9 5 10 7 7 10 2 8 7 7 7 7 6 10 8 10 10 2 6 7 8 7 7 10 10 8 8 10 2 6 10 11 5 5 4 4 11 5 4 4 4 10 8 10 10 7 8 8 11 5 11 5 11 11 2 4 3 4 4 5 10 2 11 9 5 4 4 4 4 5 10 8 11 4 5 4 4 4 4 11 11 2 5 3 10 8 10 7 10 7 7 8 7 8 10 10 8 7 8 7 10 10 8 8 10 7 0 6 7 7 7 8 7 10 2 6 7 11 11 5 4 4 5 4 4 4 4 11 5 4 4 4 4 4 11 5 11 11 5 5 0 6 10 7 8 11 5 7 7 7 7 0 7 6 7 0 10 9 8 8 10 7 7 8 0 6 4 11 4 4 4 5 4 11 11 4 5 5 11 11 4 5 4 5 4 11 4 5 10 11 5 4 5 10 2 9 11 5 5 11 2 4 3 10 10 2 8 7 7 7 6 7 10 8 4 10 10 7 8 8 11 5 10 10 7 8 2 9 5 7 7 10 10 8 2 9 5 11 11 5 5 11 11 5 5 4 4 11 11 4 5 5 4 11 2 3 10 10 8 8 10 10 2 8 10 10 7 7 6 8 7 7 7 7 7 7 7 7 8 11 11 5 5 7 7 10 2 3 10 10 8 8 10 10 8 7 8 11 11 2 5
ppo_x50_b_fd_l4,47,qv26_51,26,324,True,1782.0,9.955664157867432,8 8 10 10 8 8 10 10 8 8 9 5 10 10 8 8 10 10 8 8 11 5 10 10 7 8 8 10 10 8 8 11 10 8 2 7 7 7 7 7 7 9 11 5 5 11 11 5 5 10 8 10 11 5 2 11 11 3 4 5 8 11 5 11 4 1 9 5 8 4 11 4 5 4 4 11 5 11 11 5 5 11 2 3 10 10 8 7 7 7 7 7 7 7 8 7 7 10 8 7 7 7 11 10 8 8 10 7 10 8 8 10 10 8 8 1 11 5 3 4 4 4 4 1 4 4 4 4 4 9 11 4 2 5 3 4 4 4 11 4 5 10 10 8 8 10 10 7 2 8 9 10 8 8 11 4 5 10 7 10 8 8 11 5 7 10 10 7 8 7 7 7 8 11 4 10 8 8 11 2 11 9 5 4 4 5 0 10 6 7 7 7 0 9 8 8 11 5 10 7 7 10 7 7 7 8 8 11 4 5 4 4 4 11 5 7 11 11 5 2 3 4 4 11 1 9 5 5 4 4 4 4 4 10 2 11 9 5 4 5 7 11 2 11 11 5 3 4 4 4 5 11 2 10 10 8 6 7 8 10 8 10 10 7 8 8 10 10 8 8 7 0 9 7 8 7 10 10 7 2 7 7 8 7 7 7 7 10 10 8 8 4 4 9 5 10 11 5 5 11 11 2 5 3 4 10 8 11 5 4 4 4 4 4 4 1 11 9 5 8 11 5 0 10 10 8 8 10 10 8 8 7 6 7 7 7 10 7 8 10 2 7 6 11 11 5 5 4 4 4 11 5 4 4 11 4 4 2 4 4 3 4 4 11 5 11 5 11 4 4 11 2 5 11 5 7 7 6 7 7 7 10 7 7 10 8 8 10 10 0 6 7 8 8 10 2 10 9 8 7 8 7 7 7 7 7 10 2 6 11 11 4 4 4 5 5 11 11 5 5 4 4 10 2 9 11 5 5 11 4 4 5 4 11 5 10 8 11 4 1 9 5 5 11 5 4 11 2 4 11 11 4 5 5 7 7 7 7 7 10 7 7 8 9 8 7 10 10 8 8 7 7 7 7 7 7 10 8 10 2 6 11 11 5 5 11 11 5 4 5 10 2 3 11 5 4 4 4 4 4 4 11 5 7 10 10 2 8 7 6 10 7 10 8 8 7 10 7 7 8 7 7 7 10 8 10 10 8 2 3 4 11 5 11 11 2 3 4 4 4 11 5 5 4 4 11 4 4 4 4 1 3 4 4 5 4 10 2 10 10 7 8 8 11 5 10 10 8 8 9 5 7 11 10 2 6 8 10 10 8 7 7 7 7 8 10 2 7 11 9 5 5 11 2 11 11 5 5 9 11 5 5 11 5 11 11 5 4 5 4 11 4 11 4 5 5 10 8 4 11 11 2 5 3 7 7 7 10 8 4 10 10 8 8 7 10 10 8 2 9 8 10 8 10 10 8 10 8 8 7 7 7 7 10 7 10 2 6 7 7 8 10 10 7 8 5 4 11 2 11 4 3 5 0 9 11 5 5 4 4 4 10 11 5 4 5 4 4 4 10 8 11 5 4 4 4 4 1 9 11 5 4 4 5 10 2 11 11 5 5 3 11 10 8 8 10 10 0 6 8 7 7 8 11 2 10 10 7 7 7 8 6 7 7 7 8 1 9 5 4 4 4 4 10 10 8 2 11 5 11 9 5 5 11 2 4 11 11 4 4 5 5 3 10 8 10 8 11 10 8 8 10 7 7 7 10 7 7 0 7 7 8 7 7 8 9 5 10 10 7 2 6 8 10 10 8 8 10 10 8 2 9 8 11 4 5 4 4 11 4 5 7 11 11 5 2 11 5 4 10 10 8 6 5 7 7 7 7 7 10 8 10 2 6 11 11 5 4 5 4 4 4 4 4 4 4 4 11 5 10 10 2 7 6 8 11 5 1 9 5 11 11 5 5 4 4 10 10 2 8 7 7 9 8 10 10 8 7 7 8 7 7 7 11 1 11 5 4 4 5 9 8 11 4 5 4 4 4 4 1 9 11 5 4 4 4 5 4 4 4 11 2 3 10 10 7 7 2 8 7 7 7 7 7 7 7 6 7 7 10 7 10 8 7 7 8 7 7 10 2 6 7 7 11 11 2 5 11 4 4 4 4 11 3 5 5 4 4 4 4 11 2 3 4 4 4 4 4 4 4 10 10 8 8 0 9 5 10 10 7 7 8 7 8 11 4 5 7 7 7 7 7 7 10 10 2 6 8 10 10 7 8 2 9 7 8 11 4 5 4 11 11 5 4 5 11 11 2 5 4 9 5 11 11 5 5 4 1 3 11 5 10 10 7 8 8 10 7 7 8 7 7 7 10 10 8 2 9 5 7 11 11 5 4 5 1 4 3 4 4 11 4 4 5 10 10 8 8 11 4 4 5 1 11 11 5 5 11 9 5 5 7 0 6 7 10 8 11 2 3 10 10 7 2 6 7 8 10 2 10 10 7 6 7 8 8 10 0 6 7 8 7 7 7 7 7 11 11 2 5 11 9 4 5 8 11 5 11 5 4 4 4 1 11 9 5 8 1 9 5 7 11 5 4 4 4 4 4 4 4 11 11 4 2 3 5 7 10 7 10 2 8 9 5 10 0 6 8 10 10 8 8 10 2 10 9 8 7 7 7 8 11 4 5 10 2 7 7 10 10 7 8 7 7 8 11 5 9 4 5 4 4 1 9 11 2 3 4 4 4 4 5 4 11 4 11 5 4 5 11 2 11 11 5 5 3 10 7 7 10 7 8 5 10 8 10 10 7 8 8 10 0 9 8 7 8 7 10 2 6 7 7 7 7 7 7 7 7 7 11 11 2 3 5 11 4 11 4 5 2 10 8 6 10 11 4 5 5 10 8 11 11 5 4 5 4 4 4 11 5 4 11 11 2 3 5 4 4 4 4 4 4 4 4 10 2 10 10 8 8 7 6 7 7 7 7 7 7 7 7 7 7 10 8 11 5 10 11 2 5 4 4 3 4 4 11 5 4 4 10 8 11 11 5 4 4 5 11 2 11 5 10 10 7 7 6 8 7 7 7 7 7 10 8 8 11 2 11 5 7 10 10 8 7 6 10 8 7 7 7 7 8 11 2 10 10 8 8 6 4 11 4 11 5 4 4 4 5 10 0 6 7 8 10 8 1 4 11 4 3 4 11 5 4 5 1 9 8 4 4 11 11 4 5 8 11 5 10 11 4 2 5 4 4 9 5 11 11 5 2 4 3 10 10 8 7 7 7 8 7 7 7 7 7 7 7 7 10 8 4 11 11 4 5 5 7 10 2 9 7 7 10 7 8 8 11 5 11 5 7 10 10 7 7 8 8 7 10 7 8 11 2 10 10 6 8 2 11 5 4 11 9 5 5 11 11 5 4 5 10 8 10 11 5 4 5 7 11 11 5 4 5 4 4 4 4 4 4 4 4 11 4 5 0 6 10 10 8 7 8 4 11 5 10 10 8 2 10 9 8 8 7 7 7 11 10 8 8 7 7 7 7 10 10 8 7 8 10 2 3 10 10 8 2 9 5 7 7 11 11 5 5 4 1 9 11 5 4 5 11 2 11 4 11 5 4 3 5 11 11 5 5 10 2 11 9 5 5 4 4 10 8 11 5 4 4 1 9 11 5 5 4 11 11 2 5 3 10 8 10 10 7 8 7 8 10 8 7 7 0 6 7 7 7 10 7 11 5 5 10 8 7 7 10 10 7 8 8 10 10 8 2 10 8 6 11 11 5 5 4 4 11 1 4 4 4 4 11 5 5 4 9 11 5 4 4 5 11 2 3 4 11 11 5 2 11 5 4 3 10 10 7 2 6 7 7 7 7 8 0 6 10 8 10 10 8 7 8 11 10 7 8 2 3 10 0 6 7 8 10 7 2 10 10 8 8 10 7 8 11 11 5 5 11 11 4 4 5 5 11 11 5 5 11 3 11 5 5 4 4 4 11 5 10 10 8 8 11 11 2 4 4 3 5 4 10 2 11 11 5 4 5
ppo_x50_b_fd_l4,48,qv26_52,26,328,True,1877.0,10.29717469215393,8 8 10 9 8 8 10 10 8 8 11 5 10 10 8 2 10 9 8 8 10 10 8 8 11 5 10 10 7 8 8 0 9 10 7 8 5 10 10 8 8 11 5 10 7 10 8 8 10 10 8 8 10 10 8 8 11 5 4 10 10 8 2 10 10 7 8 8 9 5 11 5 4 4 0 9 10 8 7 8 10 2 7 6 11 11 5 4 2 3 4 11 5 4 4 4 4 11 5 11 2 11 11 4 5 5 4 3 4 11 5 7 7 10 10 8 8 0 6 4 11 5 11 4 11 5 5 4 4 11 5 4 11 2 11 11 5 5 7 7 10 9 7 8 8 11 5 10 10 7 8 8 7 7 7 7 7 7 7 11 5 10 8 7 7 7 0 10 9 8 8 7 11 11 5 5 11 4 5 11 2 9 11 4 5 4 4 5 10 7 0 6 8 10 2 10 8 6 10 10 8 8 4 4 11 4 5 11 4 11 2 3 1 3 5 4 4 11 5 4 4 4 11 11 2 5 7 7 7 7 6 7 10 8 7 7 11 5 10 8 7 7 7 7 0 11 9 8 8 7 7 7 7 7 0 6 7 11 11 5 5 4 4 11 4 5 7 11 11 5 4 5 4 4 4 10 11 5 5 11 11 5 5 4 1 9 11 5 4 5 0 6 10 8 10 10 8 8 7 10 7 8 7 10 10 7 8 5 10 8 7 7 7 10 10 8 8 11 2 11 5 3 10 7 10 8 8 10 2 10 9 8 8 4 11 5 4 4 11 11 4 5 4 5 4 4 11 5 4 11 11 1 3 5 5 4 4 11 4 4 4 4 5 11 2 3 10 10 8 8 10 10 8 8 10 7 7 8 7 7 7 10 8 10 10 2 8 7 10 7 8 7 6 10 8 7 11 5 4 4 4 4 1 11 11 5 4 3 5 4 11 10 8 2 6 7 7 7 7 10 10 8 8 11 2 9 10 8 8 10 10 8 7 10 7 8 7 8 11 2 11 9 5 5 11 5 7 10 7 8 4 11 4 5 4 4 4 4 4 11 11 5 2 11 11 4 5 4 3 4 4 4 4 4 4 5 7 10 2 10 10 8 8 9 10 8 8 10 8 7 10 10 8 2 4 9 11 4 5 5 11 4 5 4 4 10 10 8 2 7 3 7 7 10 10 8 2 10 6 7 8 7 7 7 7 10 10 2 8 6 11 4 4 5 1 3 4 4 4 4 11 4 4 5 11 5 4 4 4 11 11 5 2 9 4 10 8 7 8 7 1 9 10 8 8 7 7 7 10 7 7 7 8 7 7 10 8 11 4 5 11 5 7 10 10 8 8 7 7 10 10 7 8 7 8 11 2 3 4 0 10 9 8 7 7 8 11 2 9 11 5 5 4 11 11 2 3 4 4 5 11 4 11 4 4 5 4 4 4 4 4 4 5 4 11 11 5 4 4 5 11 2 9 10 8 8 10 8 7 7 10 8 1 9 5 10 7 7 7 10 7 8 8 11 5 7 10 10 2 8 7 7 7 7 7 10 9 8 7 8 7 10 10 8 7 8 4 11 5 10 10 2 8 11 4 5 11 11 4 5 5 4 3 4 4 4 11 5 4 4 4 11 5 11 11 5 4 5 10 11 4 5 8 11 5 4 11 11 5 5 7 7 7 0 6 7 10 7 7 7 7 8 10 8 7 7 10 7 7 8 10 10 7 8 5 10 2 10 8 7 7 7 6 11 11 4 5 4 4 4 5 11 11 4 4 5 5 10 8 11 4 11 5 4 5 7 11 11 5 5 4 4 11 4 4 5 10 10 8 8 11 2 9 10 0 8 8 10 7 7 8 10 6 8 10 0 9 5 8 10 8 7 7 7 7 10 7 8 0 6 4 11 11 5 5 11 11 5 4 4 11 5 5 4 11 5 4 4 4 11 5 10 8 0 10 10 8 8 6 7 7 10 10 2 8 9 5 7 7 11 11 5 4 5 10 10 8 2 11 5 4 3 4 4 11 11 4 5 1 4 3 5 11 11 4 4 2 5 3 11 5 10 10 7 8 8 11 2 10 9 8 8 7 10 8 11 10 8 8 7 7 7 7 7 7 11 10 2 6 8 7 7 7 7 7 10 2 7 7 6 7 11 11 5 5 11 5 4 4 4 4 11 4 4 5 7 11 11 2 5 4 3 4 4 4 4 11 11 4 5 2 9 8 11 11 5 4 5 10 10 8 7 7 7 7 8 10 10 2 6 7 7 8 7 7 10 10 8 8 0 6 4 4 4 1 4 4 4 11 3 5 11 11 2 5 11 9 4 5 4 4 5 11 2 4 4 3 10 10 8 7 7 8 7 7 7 7 7 7 0 6 7 7 7 7 10 7 7 8 1 11 4 4 5 4 9 4 11 5 2 3 4 4 4 1 3 4 4 4 11 11 2 5 3 10 8 7 10 10 8 8 7 7 0 7 10 10 6 8 7 8 11 2 3 4 11 4 5 10 10 8 2 9 10 8 8 10 10 8 8 10 7 10 8 8 11 5 11 10 2 8 6 10 10 7 8 5 10 8 7 7 10 10 8 2 11 4 11 5 5 4 3 4 4 4 4 11 5 4 4 1 11 9 5 4 5 4 4 4 11 5 10 10 7 8 7 7 0 6 8 11 5 10 8 7 7 10 10 7 8 2 10 10 8 6 7 7 8 10 2 6 11 4 4 4 5 11 11 2 3 4 4 5 11 11 4 5 4 5 10 11 5 5 1 4 4 4 4 3 11 4 5 0 10 9 8 8 10 7 8 7 7 7 0 6 7 7 7 7 10 7 8 7 7 7 11 5 10 10 8 7 8 1 11 4 3 1 3 4 4 5 10 8 11 11 2 3 5 10 8 4 11 11 5 4 4 4 5 11 11 5 5 4 4 11 11 5 5 11 2 11 9 5 5 7 7 7 7 10 8 7 0 7 7 10 7 6 8 7 7 7 7 7 10 7 7 7 10 8 7 8 11 2 9 4 5 11 11 4 5 8 11 5 4 4 4 4 4 4 11 4 4 4 5 10 10 8 2 9 10 7 8 5 10 8 7 7 10 8 0 10 7 9 8 8 10 7 8 7 7 11 10 2 8 6 7 11 11 5 2 9 4 5 4 4 11 5 4 4 4 4 11 4 4 5 11 4 5 4 4 11 4 11 2 5 11 4 5 9 4 5 10 10 8 8 7 7 7 7 10 10 8 8 7 10 2 6 7 10 8 4 10 10 8 8 10 7 7 10 2 6 7 7 7 8 10 2 11 3 11 4 5 8 11 5 4 1 9 11 4 5 8 11 5 4 11 4 11 1 3 4 5 5 11 11 5 5 11 5 4 11 4 4 11 2 5 9 8 10 10 7 8 8 10 8 11 1 3 5 10 8 7 7 7 7 7 7 7 7 10 8 10 10 7 2 6 8 7 7 10 8 1 9 5 11 11 2 5 11 9 5 4 4 5 4 4 4 11 4 5 4 11 2 9 11 5 4 5 7 7 10 7 0 9 8 8 7 10 2 7 10 9 8 7 7 7 7 8 7 10 7 8 7 7 7 11 10 8 8 11 5 7 11 11 5 2 11 11 4 5 3 5 10 8 11 4 4 11 5 5 10 8 11 11 2 3 5 4 4 4 1 9 1 9 5 5 10 8 4 11 11 5 5 11 11 5 5 4 4 4 4 10 2 11 11 5 5 10 7 8 10 10 7 8 8 7 6 7 7 7 10 7 8 10 11 5 2 11 11 4 5 8 11 5 11 9 5 5 4 4 10 2 10 10 8 8 7 6 7 7 7 10 10 7 8 8 7 7 7 10 8 1 9 5 11 11 5 2 4 4 3 11 5 7 7 10 10 8 8 7 10 10 7 8 2 9 7 8 11 11 5 5 4 4 11 4 5 7 11 11 2 5 4 9 11 4 5 4 5 10 10 8 8 11 5 4 4 11 11 5 2 9 8 11 11 5 4 4 4 11 5 8 4 11 2 4 3 10 10 8 2 9 7 10 8 8 7 7 7 7 7 10 10 8 8 10 8 7 7 7 7 10 7 10 8 7 8 7 10 10 2 6 8 4 4 11 11 5 5 11 5 10 10 8 8 7 11 11 5 4 4 11 5 5 10 8 11 11 5 4 5 0 6 11 11 5 5 11 4 5 7 7 11 11 5 4 5 7 11 11 5 5 4 4 4 4 4 11 5 10 8 4 4 10 10 2 8 10 10 8 8 10 10 8 7 7 8
ppo_x50_b_fd_l4,49,qv26_53,26,317,True,1792.0,9.837422370910645,8 8 10 9 8 8 10 10 8 8 11 5 10 10 7 8 8 10 10 8 8 10 10 8 8 11 5 11 11 5 5 10 8 7 10 10 7 8 8 11 5 7 10 10 8 8 10 10 8 8 11 5 11 10 7 7 8 8 11 5 11 5 7 10 10 7 7 8 5 11 2 10 10 7 8 8 9 5 10 11 5 5 11 11 2 3 5 4 4 4 11 11 5 4 4 5 4 11 5 4 4 11 11 5 2 3 7 7 7 7 10 8 10 10 7 7 8 2 3 10 8 11 10 2 6 8 10 10 7 7 8 2 7 7 7 10 10 8 8 4 4 4 3 4 4 4 4 11 11 5 2 3 11 5 4 4 4 4 4 11 4 4 5 4 11 11 2 5 4 11 11 5 5 7 7 7 7 7 6 7 7 7 7 10 7 10 8 7 7 8 7 7 11 11 2 5 11 11 5 5 9 8 11 4 11 5 2 3 10 8 7 0 9 10 8 8 7 7 10 8 7 7 1 11 11 4 5 5 9 8 11 10 8 8 4 4 4 4 1 4 4 4 4 4 4 4 3 11 5 7 10 10 7 8 5 10 7 0 6 8 10 8 7 7 10 8 11 10 7 8 5 7 7 7 0 6 7 7 10 10 2 6 8 11 5 11 11 4 5 4 5 0 9 8 4 11 5 11 11 5 4 4 5 11 11 5 5 11 5 11 11 2 4 5 9 8 10 8 10 8 7 7 7 7 7 7 7 10 10 2 8 6 4 11 5 7 11 11 4 5 5 4 4 11 5 11 11 4 2 5 7 6 10 7 8 10 7 7 10 8 4 5 10 2 6 7 7 7 10 7 8 11 11 2 5 9 5 0 10 8 7 6 7 11 11 5 4 4 1 3 5 11 5 4 4 4 4 4 1 3 4 4 4 10 11 5 11 5 4 4 11 5 4 4 4 5 10 10 2 8 11 5 4 9 10 8 8 10 10 8 7 8 11 5 11 4 5 10 10 7 7 8 8 7 7 7 10 7 8 7 7 7 7 10 8 11 5 11 1 9 5 5 4 11 11 4 5 8 11 5 0 9 10 8 7 8 7 7 7 10 8 7 7 10 2 9 10 8 4 5 10 8 4 11 11 4 5 8 11 5 4 1 9 11 5 5 4 4 11 11 4 4 5 5 10 8 7 7 10 8 10 10 8 8 11 4 4 5 11 4 4 5 4 11 4 0 10 8 8 10 9 8 8 0 7 6 10 8 7 7 7 7 7 10 8 7 7 7 11 10 8 8 11 5 4 11 10 7 8 8 11 5 7 7 7 7 10 10 8 2 4 11 5 11 11 4 5 5 3 4 4 4 4 11 4 4 5 4 4 4 11 4 4 5 11 2 6 11 11 5 2 11 9 5 4 5 11 2 3 10 10 7 2 6 7 7 7 7 7 7 7 7 7 7 8 11 2 11 11 4 5 8 11 4 4 3 10 8 2 10 7 6 8 11 5 10 10 7 7 8 8 10 10 2 6 8 7 7 7 11 11 1 3 5 4 5 4 4 4 4 4 11 1 9 8 5 10 8 11 4 11 4 5 5 10 8 4 11 5 11 4 11 5 2 9 8 4 10 10 8 8 11 2 9 4 5 4 4 10 10 8 0 7 7 6 8 10 10 0 6 8 7 8 7 7 7 10 7 7 8 7 11 2 9 11 5 5 4 10 0 6 7 8 7 10 0 6 7 8 10 10 7 2 6 8 4 11 4 4 11 5 5 10 8 4 4 1 4 4 4 4 4 4 4 4 4 4 11 4 5 3 7 7 10 10 8 8 10 10 8 7 8 10 10 8 8 10 7 8 7 7 7 7 7 10 8 11 11 5 2 11 3 11 5 5 10 2 9 8 11 11 4 5 5 11 5 10 11 5 4 4 5 7 11 11 5 4 5 10 0 6 7 8 7 10 7 10 8 2 9 8 4 4 4 4 11 4 4 11 5 4 5 4 11 11 5 5 4 1 4 10 10 8 8 6 10 8 7 7 7 7 7 10 8 4 10 8 10 10 2 6 8 11 4 4 4 1 3 1 3 5 10 4 4 4 5 11 11 5 2 9 11 5 5 10 8 10 7 7 10 7 8 7 7 8 10 10 8 2 11 5 4 11 11 5 5 4 3 11 4 5 4 4 11 2 3 10 10 7 8 7 8 11 5 10 10 8 7 7 7 8 7 7 7 7 10 7 8 4 10 10 2 8 6 7 7 7 7 7 10 8 10 10 8 8 4 10 2 11 11 5 3 5 10 7 8 11 11 4 5 5 4 11 4 5 7 11 11 2 5 6 11 5 11 4 11 5 5 4 11 11 5 2 4 4 4 4 4 10 10 8 6 7 7 7 7 7 7 8 7 7 7 10 7 8 10 10 7 8 5 10 7 11 2 5 3 11 5 11 4 4 4 4 1 3 5 4 11 5 4 4 4 4 4 4 4 4 4 11 5 10 10 7 0 6 8 7 7 8 10 10 7 8 8 7 7 7 7 10 8 7 11 10 7 8 8 11 5 10 10 8 8 10 10 8 2 10 10 7 6 8 2 9 5 11 4 5 4 4 4 4 4 4 4 1 9 11 5 5 11 4 4 4 4 4 4 5 11 11 5 2 11 5 11 5 4 3 10 10 7 7 8 8 0 7 6 7 7 10 10 8 7 7 7 8 4 10 10 7 8 8 11 2 4 3 11 5 7 10 10 8 7 8 7 11 2 9 11 4 5 8 11 4 4 4 4 5 11 5 4 11 5 4 4 4 10 10 8 8 11 2 9 11 2 3 5 4 4 11 11 2 5 10 8 10 10 7 8 6 7 7 7 7 7 8 10 10 8 8 10 0 7 7 9 8 7 7 7 8 7 10 2 10 7 10 8 8 4 9 5 4 4 4 11 11 5 2 6 4 10 11 5 5 4 11 11 5 5 11 11 2 3 4 4 5 11 5 11 4 11 2 5 11 5 9 4 11 2 3 4 5 4 10 2 10 10 8 7 7 7 6 7 7 8 7 7 7 7 7 10 8 10 7 10 8 7 7 8 7 7 0 9 7 8 11 11 5 5 11 11 4 5 5 10 8 11 11 5 5 10 8 11 11 5 4 4 4 4 4 4 4 4 5 10 10 8 0 7 8 9 10 7 8 8 7 7 11 10 8 8 7 7 10 8 1 4 3 11 11 4 4 4 5 5 10 8 11 11 4 5 8 11 4 4 5 4 11 1 9 5 8 11 5 4 4 4 10 1 9 8 8 10 10 8 7 8 4 11 5 10 10 7 8 8 11 2 10 10 7 7 8 8 9 5 10 8 7 7 7 10 10 2 8 11 5 4 11 9 4 5 8 4 11 11 4 5 8 11 5 4 4 11 4 11 4 4 2 3 5 7 10 8 4 4 4 4 10 10 2 8 9 7 8 7 7 10 7 7 10 2 6 7 8 10 10 2 8 9 5 10 10 8 7 7 7 7 8 7 10 2 7 7 6 7 7 11 11 4 5 5 4 4 4 4 4 11 4 5 10 8 10 10 8 2 9 10 8 8 10 8 11 11 5 5 11 5 11 4 5 4 4 4 10 11 5 5 4 4 10 11 4 5 8 4 11 4 4 4 5 10 10 8 2 7 10 8 7 6 7 7 7 7 10 7 7 10 2 6 8 11 5 10 10 2 6 8 7 7 7 7 11 11 1 5 4 3 5 4 4 4 4 4 4 11 11 2 5 9 8 4 11 11 5 4 5 11 2 3 4 10 10 8 7 8 7 7 10 8 7 7 7 7 7 10 8 7 7 7 7 7 7 7 11 11 5 5 4 4 10 2 9 8 11 11 5 4 4 4 5 11 5 4 4 11 4 4 4 4 5 7 10 10 8 8 7 11 2 11 11 5 4 4 3 5 11 11 4 4 5 2 4 10 10 8 7 7 6 8 7 7 7 7 7 7 7 7 10 8 11 5 10 10 7 2 8 7 6 11 11 5 5 4 4 11 5 10 2 9 8 11 11 5 5 11 5 4 10 10 8 8 7 10 7 10 7 7 7 7 7 2 7 8
ppo_x50_b_fd_l4,50,qv26_54,26,324,True,1824.0,10.049911499023438,8 8 10 10 8 8 10 10 8 8 11 5 11 11 4 5 8 9 8 10 10 7 7 8 8 10 0 10 8 8 10 10 8 8 9 5 10 10 8 8 7 7 7 7 1 11 9 4 5 8 11 11 4 5 8 11 2 4 9 5 4 4 11 11 5 2 10 8 10 10 7 8 8 6 10 7 7 7 10 0 6 7 8 8 4 10 10 7 8 8 10 10 8 8 11 5 10 10 8 2 11 5 4 11 9 5 5 4 11 4 5 7 10 10 8 8 11 5 4 4 4 11 11 1 3 4 5 8 11 5 4 4 10 11 5 4 5 11 11 5 2 6 4 4 11 5 11 2 4 3 10 10 8 7 7 7 7 8 7 7 7 7 7 10 8 11 5 0 9 10 8 7 8 7 7 7 7 7 7 7 7 7 11 2 11 11 5 5 4 4 3 4 4 4 4 4 4 1 9 5 4 4 11 4 11 2 3 4 5 10 7 8 7 7 7 7 7 7 7 10 10 7 8 5 11 5 7 10 10 8 8 10 10 8 8 4 10 2 11 9 5 4 4 4 4 5 4 11 4 1 9 5 4 5 7 10 8 11 4 11 4 5 8 11 4 11 5 2 7 7 7 9 8 7 10 10 8 8 7 7 7 7 1 11 11 4 5 4 3 4 4 4 5 10 8 11 11 5 5 11 11 4 5 5 10 8 11 1 11 5 5 9 8 10 10 8 8 7 7 10 8 7 10 7 8 7 0 7 9 8 10 10 8 2 10 10 8 8 7 10 9 8 8 4 4 4 4 4 4 1 4 4 4 3 4 4 4 4 1 9 11 5 2 11 11 5 4 4 3 5 10 10 7 8 7 10 7 8 2 9 8 7 10 10 8 8 7 10 0 9 7 8 5 10 8 11 10 7 8 5 10 7 8 7 7 7 7 7 10 10 2 8 6 11 5 11 5 11 11 2 4 3 4 4 4 4 4 4 5 11 2 4 11 11 3 2 3 5 4 4 4 10 8 11 5 4 4 4 4 11 11 2 5 9 7 8 11 5 10 7 10 7 7 7 8 7 8 11 10 2 6 7 7 8 10 0 9 8 8 7 10 8 7 0 6 4 4 4 11 11 5 5 4 11 4 5 11 11 4 5 2 4 3 4 11 5 10 7 10 8 7 8 10 7 7 10 8 8 7 7 7 7 10 8 0 6 7 7 7 7 7 10 10 8 2 6 11 4 5 11 11 4 4 4 5 4 5 10 7 8 4 11 2 3 4 4 4 4 4 4 4 11 4 4 4 10 8 2 9 8 10 7 7 10 7 8 2 3 10 7 7 8 10 10 8 7 8 10 2 7 7 11 3 11 5 1 3 5 10 8 4 4 4 4 4 11 11 2 3 5 11 11 5 2 9 8 11 4 4 5 4 4 11 5 4 4 10 10 7 8 8 11 2 10 10 8 8 7 7 7 7 7 7 7 7 7 6 7 7 10 10 2 6 7 8 4 10 10 8 7 7 8 7 11 11 5 2 4 3 11 5 4 4 4 11 1 4 9 4 5 5 10 8 11 10 8 7 8 4 4 4 4 4 4 4 4 4 4 4 4 4 11 5 11 11 5 2 10 8 10 10 7 7 6 7 7 7 8 8 10 2 10 9 8 7 7 8 10 10 2 7 8 7 9 11 5 5 10 7 7 7 7 8 7 11 2 11 9 5 5 11 4 4 5 11 11 5 4 4 4 4 5 4 4 10 8 11 11 5 5 11 4 5 0 6 10 10 8 8 10 10 7 8 8 11 2 9 10 7 8 5 10 8 10 7 7 8 10 10 2 8 6 10 7 8 7 10 10 2 8 6 11 4 4 4 4 5 4 4 4 4 11 4 4 5 7 11 5 4 4 4 11 5 0 7 10 10 8 7 6 7 8 7 0 7 6 11 11 5 5 10 2 9 11 5 4 5 4 10 11 5 5 11 11 4 4 5 8 11 5 7 7 10 2 7 10 7 6 7 7 7 7 8 7 7 7 7 0 10 9 8 5 4 11 2 11 11 5 5 3 11 4 5 4 11 11 5 5 4 4 4 10 2 11 11 5 5 11 11 3 5 4 5 10 2 9 11 5 5 4 4 10 2 10 9 8 7 7 8 10 7 8 7 7 7 7 7 7 7 7 7 7 0 7 6 7 7 7 10 10 8 8 1 9 5 4 11 1 3 4 5 1 9 11 5 5 11 11 5 5 4 4 4 4 11 11 4 5 8 7 7 11 2 10 10 8 6 7 8 11 10 8 7 7 8 7 7 7 7 11 11 5 5 11 2 9 11 5 4 4 5 10 11 5 4 4 4 4 1 3 4 4 4 4 4 5 4 4 11 11 2 5 10 8 10 10 8 8 10 10 8 8 9 8 10 7 7 0 9 5 8 7 7 10 8 7 7 7 7 10 8 11 5 7 7 7 0 10 8 7 6 10 10 8 2 9 8 4 4 4 4 11 11 4 5 4 4 4 5 11 2 3 11 11 5 5 11 11 4 5 5 0 9 8 7 7 7 7 7 10 10 2 6 8 10 10 7 8 5 11 2 11 5 11 11 5 4 5 11 11 3 4 5 5 7 11 11 2 3 5 4 4 4 4 11 4 4 4 5 11 2 10 10 8 8 9 10 7 8 8 10 10 8 7 7 8 10 8 7 1 9 11 4 4 5 5 11 4 4 5 7 0 10 7 8 3 7 10 10 8 2 10 6 10 8 8 7 7 7 7 7 7 7 10 7 7 8 11 2 11 11 4 3 4 5 5 10 7 8 11 5 11 11 2 4 5 4 3 4 4 4 4 4 11 5 10 8 11 2 11 11 5 5 11 11 5 4 4 3 4 5 10 0 9 8 8 10 8 10 10 2 8 6 7 7 0 10 9 8 7 8 7 7 7 7 7 11 10 8 8 7 7 7 7 7 10 10 8 2 6 11 5 11 11 4 1 4 3 4 4 5 5 4 4 11 11 5 4 4 5 10 8 11 2 11 11 5 3 5 7 7 10 8 7 7 7 0 10 9 8 7 8 7 11 2 9 11 5 4 5 4 4 11 2 11 3 11 5 4 4 4 4 5 4 11 4 5 11 2 3 4 10 10 2 6 7 7 7 7 7 7 7 8 7 7 7 7 10 7 8 11 2 9 10 8 7 7 8 1 11 9 5 8 11 5 11 11 5 4 5 4 11 5 7 10 7 7 8 11 11 5 2 11 5 7 10 7 7 8 6 7 7 7 10 10 7 7 8 2 9 5 11 11 5 2 11 5 11 11 4 3 5 5 4 4 4 4 4 11 2 3 4 4 10 8 11 11 2 3 5 7 11 2 11 5 3 4 4 11 11 5 5 11 2 4 3 10 10 8 8 11 5 10 8 7 7 10 10 8 8 7 7 7 7 10 8 4 10 2 10 10 8 7 8 10 8 7 9 10 8 2 6 7 10 8 4 11 11 2 3 4 4 11 5 5 4 11 11 4 4 5 5 4 4 1 4 11 5 9 8 10 10 8 8 10 10 7 8 8 7 10 2 7 9 10 7 8 8 4 4 11 2 9 11 5 5 10 7 8 10 10 7 8 5 7 7 7 7 7 10 8 11 5 7 10 2 6 7 11 11 5 5 4 4 4 4 11 5 1 3 4 1 3 4 4 4 4 4 4 4 4 11 5 4 11 2 4 4 3 10 10 2 8 6 10 8 7 7 7 7 7 7 10 0 9 8 8 10 8 7 7 10 7 10 2 8 7 7 10 6 7 8 11 2 11 11 5 5 4 4 4 4 11 4 3 5 4 4 4 4 11 4 4 4 11 5 5 10 8 4 4 10 10 2 8 6 10 8 7 0 7 10 9 8 5 10 10 8 8 11 5 10 10 7 8 8 10 8 4 10 10 8 8 10 7 0 9 8 7 8 7 10 8 7 7 7 11 11 5 2 3 11 11 5 4 4 4 5 4 4 4 4 4 4 4 11 5 4 4 4 4 1 4 11 4 5 3 10 10 8 8 10 10 8 8 10 10 8 8 7 10 8 11 2 11 11 5 5 7 9 7 10 8 8 4 10 10 8 7 7 7 8 4 10 10 7 8 8 4 10 10 7 8 8 11 5 10 10 8 8 10 10 2 8
ppo_x50_b_fd_l4,51,qv26_55,26,322,True,1824.0,10.021891832351685,8 8 10 10 8 8 9 10 8 8 11 5 10 10 7 8 8 10 10 8 8 11 5 10 10 7 8 8 10 10 8 8 11 5 4 10 10 2 8 7 10 9 8 8 10 10 8 8 11 5 7 10 10 8 8 10 10 8 8 11 5 10 2 10 10 7 8 8 9 10 8 8 1 9 8 11 11 5 5 4 4 11 11 5 4 5 11 11 4 5 5 4 11 4 11 5 4 4 4 5 4 4 10 10 2 8 3 10 10 8 7 10 8 8 7 7 7 7 7 7 7 10 8 0 6 4 4 4 11 4 5 4 4 4 11 5 7 11 5 4 4 4 11 4 4 11 2 3 4 5 0 10 9 8 7 8 7 7 10 7 8 10 2 10 9 8 7 8 11 4 4 4 5 11 5 1 9 11 5 5 11 2 11 11 5 5 9 11 5 5 7 7 7 7 7 7 7 7 7 7 0 10 9 8 8 11 5 7 7 11 10 2 6 8 7 7 7 10 8 7 7 7 7 1 11 11 5 3 5 10 8 11 11 4 5 4 5 11 2 3 11 4 5 4 11 11 5 2 9 5 4 4 4 4 11 11 2 5 3 10 7 8 10 10 7 8 5 0 7 6 7 7 7 7 7 7 11 11 2 5 10 8 10 9 8 8 7 11 2 3 4 4 11 4 11 5 5 11 2 10 9 5 5 4 0 6 7 7 7 7 10 7 10 2 8 9 5 10 10 8 7 8 10 2 6 10 7 10 8 2 4 9 5 4 4 4 4 4 11 11 5 2 4 3 4 4 4 4 4 4 4 4 10 11 5 5 11 2 11 9 5 4 4 5 4 10 2 10 10 8 6 8 7 7 0 7 10 7 6 7 8 7 7 10 10 8 2 6 4 11 11 5 2 9 11 5 4 5 7 10 7 7 7 7 7 7 8 1 9 4 5 4 4 4 11 11 5 5 10 2 11 11 5 3 5 11 11 5 2 9 11 5 5 0 9 8 10 7 0 6 7 7 8 7 7 7 10 10 8 8 11 10 0 6 8 7 7 8 10 2 6 4 4 11 11 5 5 1 3 11 4 11 4 5 4 4 5 11 11 4 2 4 4 3 5 0 7 6 7 7 7 7 10 8 10 8 7 10 10 8 8 10 10 8 2 9 8 11 4 4 4 4 11 2 3 4 4 5 11 4 11 5 2 3 11 11 5 5 4 0 6 7 10 7 8 7 7 7 7 7 10 8 7 7 7 7 7 10 10 7 8 2 9 7 8 11 11 5 5 4 4 11 11 5 5 4 4 4 4 4 4 1 9 5 4 4 11 2 11 5 4 4 3 4 4 4 4 10 10 2 8 7 7 6 7 10 8 7 7 10 0 9 8 8 7 7 7 10 0 6 7 8 7 7 7 7 7 10 10 2 8 6 11 5 11 11 4 4 4 4 5 4 4 5 11 5 11 11 5 5 4 4 4 4 11 4 4 4 5 11 2 3 10 10 8 8 10 10 8 7 8 11 5 10 10 7 2 8 6 10 10 8 8 11 2 9 4 5 10 10 7 2 6 7 7 0 6 8 10 10 2 8 6 11 4 5 11 11 5 4 2 11 3 5 4 4 10 8 10 11 2 3 5 4 11 11 5 4 4 5 4 4 0 10 10 8 6 7 8 7 10 8 10 10 8 7 7 8 11 5 10 10 2 6 8 7 7 10 8 7 7 7 10 10 2 8 9 5 11 4 11 5 4 5 4 4 4 4 11 11 2 3 5 4 4 4 11 5 4 1 4 11 9 5 8 11 2 4 4 3 10 10 8 8 10 10 7 8 8 10 10 7 7 8 7 7 7 8 4 11 5 10 10 7 8 2 10 9 8 8 7 7 7 7 7 10 7 7 8 10 2 6 11 11 4 5 4 5 10 8 11 11 4 5 2 4 3 11 4 5 4 4 4 4 11 4 4 11 5 2 9 5 7 10 7 10 8 8 10 10 7 7 2 6 7 7 7 8 7 1 9 11 4 5 5 4 4 4 4 4 4 11 4 1 3 11 5 4 4 5 11 2 3 10 10 7 7 8 8 4 11 5 10 7 10 8 7 8 11 5 10 10 7 2 8 10 8 7 6 7 7 7 7 11 10 0 6 8 8 7 7 7 10 7 8 11 2 11 11 4 5 5 3 11 4 4 4 4 4 5 4 4 4 4 10 11 1 5 3 5 4 4 4 4 4 11 11 2 5 3 10 8 7 10 10 8 2 10 7 7 10 8 6 8 11 10 8 8 10 10 7 7 7 7 8 8 11 5 7 7 10 2 10 6 10 7 8 5 10 2 6 10 8 4 11 11 5 4 1 3 5 11 4 4 4 4 4 4 10 8 2 10 6 10 8 7 8 11 5 7 7 10 8 7 11 11 2 5 11 4 9 5 5 4 4 11 4 5 4 11 11 2 3 5 4 11 2 10 9 7 8 5 7 7 10 8 7 11 1 3 5 11 5 11 11 5 5 11 11 2 5 9 5 10 8 4 4 10 10 7 8 7 7 8 10 10 7 8 7 7 7 7 7 0 6 7 7 7 8 7 10 10 7 7 8 2 9 4 5 11 11 4 4 5 4 5 11 11 5 5 11 11 2 5 11 5 4 4 4 10 9 8 8 11 5 4 4 4 4 11 4 5 7 10 8 11 11 2 4 5 11 5 4 11 11 5 5 7 7 7 7 6 7 7 7 7 7 7 0 6 7 10 8 11 4 10 8 8 7 7 10 7 10 8 7 7 8 7 10 10 2 8 6 4 4 11 4 4 11 5 2 6 11 5 11 2 9 11 4 5 8 11 2 4 4 11 9 5 4 5 4 11 4 5 4 4 4 11 5 4 0 9 10 8 8 11 5 10 10 7 8 7 7 8 10 2 10 6 10 7 8 5 7 10 8 7 7 7 10 10 8 7 8 4 11 2 11 5 7 6 10 7 7 7 10 2 6 8 4 11 11 4 5 5 10 8 1 3 4 4 4 4 4 10 8 11 11 5 5 4 4 4 1 3 4 4 4 11 4 10 8 8 11 2 3 4 11 11 4 5 4 5 10 10 2 8 3 7 7 7 7 7 7 7 7 7 10 8 7 10 7 7 10 7 7 8 7 7 7 8 10 2 11 11 5 3 5 11 11 5 4 5 4 4 4 4 11 4 5 11 11 5 4 5 10 2 9 11 5 5 7 10 8 7 7 7 11 10 8 8 10 10 2 6 7 8 10 10 8 7 7 7 8 7 0 6 7 11 11 5 4 4 4 4 4 4 5 4 11 5 11 11 4 4 5 8 4 4 11 5 10 8 11 4 1 9 5 8 11 5 4 11 5 11 4 11 5 5 10 11 2 5 10 6 8 10 10 8 2 7 10 6 10 8 7 8 7 10 10 8 7 8 10 8 7 7 10 10 8 7 8 10 8 1 11 3 5 4 4 4 4 4 4 4 4 4 4 11 5 10 10 8 8 11 2 10 9 7 8 5 10 7 2 6 7 7 7 10 10 8 2 6 10 10 7 8 7 7 7 7 8 10 2 6 11 11 4 5 4 5 4 4 11 5 11 4 5 7 11 11 2 5 4 11 9 5 5 7 11 5 4 4 4 4 11 5 4 4 11 11 2 3 5 10 8 10 10 7 8 7 7 8 1 9 10 8 8 7 7 10 10 8 2 7 7 6 7 7 7 7 7 7 7 11 11 2 5 3 11 11 5 5 4 1 3 4 4 11 4 5 4 11 11 5 5 11 2 6 11 5 11 11 5 4 5 4 4 4 11 5 10 8 4 4 10 10 2 8 7 6 7 7 10 8 7 10 7 7 0 7 6 10 8 7 7 7 7 8 11 10 8 2 7 9 8 11 11 5 4 5 10 7 7 7 7 8 10 10 8 8 10 2 11 11 5 5 11 11 5 5 11 11 4 4 4 3 4 5 5 7 10 8 11 11 4 4 5 2 9 11 5 5 10 8 11 11 2 3 5 4 4 4 11 4 5 11 11 5 2 4 4 3 10 10 7 8 7 7 10 8 8 11 5 10 10 8 7 7 8 7 7 10 7 8 10 8 7 11 11 2 5 11 11 4 5 5 9 8 11 11 4 4 5 5 11 11 2 5 11 11 5 4 4 5
ppo_x50_b_fd_l4,52,qv26_56,26,332,True,1869.0,8.895644664764404,8 8 9 10 8 8 10 10 8 8 11 5 10 10 7 8 8 10 10 8 8 11 5 10 10 7 8 8 0 9 10 8 8 11 5 7 11 11 5 5 4 10 10 8 7 7 10 8 8 11 5 11 5 10 10 7 7 8 8 10 0 9 8 8 10 2 9 10 8 8 10 10 8 8 4 10 8 11 2 9 11 5 5 4 4 4 4 4 11 5 10 2 6 11 11 5 4 5 11 11 5 4 5 11 5 4 4 4 11 4 11 4 5 5 11 2 10 10 8 8 9 4 5 10 10 7 7 8 8 11 5 10 10 7 8 8 10 10 8 7 8 10 7 7 8 7 10 7 10 7 8 5 0 6 7 7 11 5 10 8 7 7 10 10 8 8 4 4 10 2 11 9 5 4 4 4 5 4 4 4 4 4 4 4 11 2 9 5 11 11 4 5 7 7 7 8 11 2 4 9 5 10 10 7 8 8 7 7 10 7 7 7 7 8 4 4 11 2 11 9 5 5 11 11 5 5 11 2 10 10 8 8 7 7 7 10 6 10 8 8 7 10 2 6 10 10 8 2 9 8 4 4 11 5 7 10 8 11 11 4 4 5 8 4 4 4 4 4 4 4 4 4 4 4 11 4 5 4 4 4 10 2 11 4 4 5 9 10 8 8 4 11 5 7 7 7 7 7 10 10 8 8 7 1 9 11 5 4 4 5 11 11 5 5 0 10 8 10 10 8 6 8 7 7 7 7 7 7 7 7 0 6 7 7 10 7 7 7 11 2 5 11 3 5 11 11 5 2 3 11 11 5 5 4 4 11 11 4 5 8 11 5 4 4 1 4 3 10 10 7 8 5 10 7 7 8 7 7 10 10 8 2 7 9 8 11 11 5 4 5 11 11 4 1 4 5 5 6 11 11 5 4 4 4 5 11 2 11 11 5 4 5 10 9 8 5 7 7 7 7 10 7 8 10 7 8 7 7 0 6 7 7 7 7 10 8 7 7 7 10 10 8 7 8 7 11 1 9 5 5 4 4 1 3 4 4 10 1 9 5 5 4 4 4 11 5 11 11 5 2 9 5 11 11 4 5 2 9 8 10 8 7 7 7 10 7 11 5 5 10 8 10 10 7 2 6 7 7 7 8 11 2 3 11 11 5 4 5 4 11 4 4 4 4 4 4 4 11 5 5 7 10 2 6 10 8 4 11 11 5 5 11 11 5 5 7 10 2 6 7 7 7 7 0 9 8 7 7 7 11 1 9 5 5 4 4 4 4 11 5 10 10 8 8 11 2 10 11 5 5 4 4 4 4 4 3 10 10 8 7 8 7 7 7 7 10 8 10 10 8 8 10 10 8 7 7 7 7 7 7 7 0 9 8 5 10 2 7 10 10 7 8 8 9 5 11 5 4 10 10 8 8 11 5 11 11 4 2 5 11 3 11 5 4 4 4 4 5 4 4 4 4 11 5 4 11 4 4 4 4 11 2 5 9 8 10 8 7 7 10 10 8 8 10 10 8 8 0 9 8 7 10 10 7 8 8 10 10 2 8 10 8 7 6 4 4 4 4 11 4 11 2 3 5 10 8 11 11 4 5 5 11 4 4 4 11 5 2 10 8 10 10 8 6 8 7 7 7 7 10 10 8 7 7 7 7 7 8 11 1 9 5 5 10 8 11 11 4 5 8 11 11 5 5 11 11 4 5 2 9 5 11 11 2 5 11 11 4 5 8 11 4 5 11 11 4 5 4 5 10 9 8 8 10 8 7 7 7 7 7 7 7 7 10 8 11 5 10 10 0 6 8 8 7 10 7 0 9 8 7 7 8 10 2 7 6 11 11 4 4 5 5 4 1 11 9 5 8 4 11 11 5 5 10 8 7 11 11 5 5 4 4 4 4 4 4 4 4 4 4 4 4 11 11 2 3 5 7 7 10 10 8 7 7 8 10 8 7 7 10 7 8 7 7 7 7 7 7 7 10 10 8 8 7 7 10 8 11 11 4 4 5 2 4 4 3 11 5 4 4 4 4 11 11 5 4 2 11 5 11 5 3 4 11 11 5 4 5 11 11 2 5 9 8 7 10 10 8 7 7 10 8 8 7 7 7 7 7 11 5 10 8 7 7 7 0 9 11 5 5 10 8 7 7 7 7 7 11 11 2 5 11 11 5 5 9 8 11 11 1 5 3 4 5 10 7 8 11 11 4 4 4 4 5 4 5 7 11 11 4 5 5 10 8 10 8 11 4 11 2 5 9 5 7 7 10 10 2 6 8 11 5 7 7 7 7 7 10 10 8 7 7 8 7 7 7 7 7 11 11 2 5 3 4 11 4 11 5 5 4 4 11 4 1 11 5 3 4 4 5 4 4 1 3 4 11 4 11 2 5 9 8 4 4 4 10 10 0 6 8 8 7 10 7 7 8 4 10 10 2 8 10 9 8 7 7 8 7 10 2 7 7 7 6 7 7 7 10 8 11 10 7 8 2 9 8 4 10 10 8 8 11 5 11 11 4 4 5 5 11 2 11 11 5 5 11 11 5 5 11 11 5 5 11 11 5 3 5 10 8 11 11 4 5 2 4 11 4 5 4 4 10 10 8 8 7 7 6 7 7 7 10 8 7 10 8 4 11 11 4 5 2 9 5 7 7 7 7 7 7 7 10 7 7 0 6 11 5 5 4 4 4 11 4 5 4 4 11 5 1 3 4 11 11 4 5 5 11 2 6 7 11 11 5 4 4 5 7 0 10 9 8 5 10 7 8 7 7 10 10 8 8 10 0 9 8 5 11 5 10 10 2 6 7 7 7 8 10 10 8 8 10 10 8 2 10 10 8 6 7 7 8 4 4 11 5 11 11 5 4 4 4 4 11 4 5 8 4 4 4 4 4 4 4 11 5 11 11 4 4 5 5 7 11 2 9 11 5 5 7 7 7 0 10 8 6 7 7 7 7 7 7 7 10 8 11 5 10 10 8 7 7 7 7 7 7 7 7 5 7 1 3 11 4 5 11 11 4 5 4 5 10 11 5 4 5 4 4 11 11 4 5 4 4 4 11 5 5 4 4 4 10 2 10 9 8 8 0 9 7 7 8 11 11 5 5 10 7 7 7 7 8 4 10 8 7 7 7 7 7 10 10 7 8 2 6 11 5 11 4 1 9 5 8 11 4 5 11 11 4 4 5 5 4 4 11 11 4 5 8 11 2 3 10 10 8 7 7 7 7 8 10 10 2 8 9 8 7 7 10 10 7 8 8 7 7 10 10 2 8 9 5 7 7 7 7 11 11 1 5 5 11 11 6 5 5 4 4 11 5 7 11 11 5 5 10 8 7 10 7 8 7 11 11 5 5 4 4 1 3 4 4 11 11 5 8 4 4 4 11 5 10 8 7 11 2 11 5 11 9 5 5 11 10 0 6 7 8 7 8 7 11 11 5 2 3 10 10 7 7 8 2 9 8 11 11 4 4 5 2 9 4 5 4 4 4 4 10 11 2 3 4 5 4 4 4 10 2 10 10 6 8 2 9 8 7 7 7 7 10 8 11 4 5 10 10 7 8 7 7 7 7 7 7 7 10 8 2 9 8 4 1 9 5 4 4 4 4 11 11 2 5 9 5 7 7 10 7 10 2 8 7 7 7 10 6 7 7 10 7 8 2 10 8 7 11 9 5 5 11 4 4 5 1 11 3 4 5 4 4 4 1 4 4 4 4 11 9 5 8 11 4 4 5 10 7 11 5 5 4 4 0 10 9 8 7 7 8 11 2 10 10 8 6 7 8 10 7 10 7 8 2 9 5 10 8 10 10 8 2 11 4 4 3 4 5 10 11 2 3 4 5 4 4 4 11 5 7 11 4 11 5 7 8 11 2 11 9 4 5 4 5 11 2 3 10 10 7 8 8 10 8 10 10 7 7 8 7 5 7 7 7 7 7 7 7 10 8 11 2 9 5 10 10 7 8 5 10 10 7 8 8 10 10 8 8 10 2 6 11 11 5 4 4 4 5 11 11 2 3 4 4 5 4 4 11 5 4 4 11 11 5 2 4 3 10 10 2 6 7 7 0 8 6 7 10 7 7 8 7 7 10 10 2 6 7 8 7 10 2 11 11 3 5 5 4 4 4 4 4 4 4 1 11 9 5 5 10 8 11 11 5 4 5 4 11 11 5 4 4 5 4 10 10 2 8 10 7 7 10 7 7 8 8 10 10 7 7 8 8 10 10 8 6 8 10 10 2 8
ppo_x50_b_fd_l4,53,qv26_57,26,322,True,1800.0,9.928509712219238,8 8 10 10 8 8 10 10 8 8 9 5 10 10 8 8 10 11 2 5 9 5 10 10 7 8 8 11 5 10 10 0 6 8 8 4 10 2 9 8 10 10 8 8 7 7 10 7 7 10 8 8 10 10 8 8 11 5 7 11 10 7 8 8 11 5 10 10 8 2 7 6 11 11 5 2 4 4 4 9 4 4 5 10 10 8 8 4 11 5 11 11 5 5 11 2 6 11 11 4 5 5 10 8 11 11 2 5 4 4 11 3 5 4 4 4 11 4 11 5 2 9 5 7 10 10 8 8 10 8 7 10 10 7 2 6 7 7 8 10 8 7 7 7 7 7 7 7 10 8 11 11 4 5 2 4 4 3 4 4 11 4 5 4 4 4 4 4 4 4 11 11 4 2 5 9 11 5 5 7 0 9 8 10 7 8 10 10 8 7 0 6 7 7 8 7 7 7 10 7 8 7 10 10 8 8 7 7 10 7 8 10 2 6 11 11 4 5 5 4 4 4 4 1 9 11 5 5 4 4 4 4 11 10 8 8 11 5 4 4 4 4 11 4 4 4 1 9 5 4 5 10 2 10 10 7 8 5 7 10 8 10 10 6 8 8 10 7 7 10 8 7 8 11 10 7 8 8 10 10 8 4 5 4 10 2 10 10 8 6 8 10 2 10 9 8 7 7 8 7 10 2 7 6 11 11 4 4 4 5 4 4 5 4 4 4 1 3 4 11 5 4 10 10 8 8 4 11 11 2 3 5 11 4 4 4 4 5 10 10 2 8 6 10 8 10 10 8 8 10 8 7 7 11 10 7 8 8 7 11 2 3 4 11 4 4 4 11 2 5 4 4 4 4 3 4 11 5 4 10 10 8 2 9 8 10 10 7 7 7 7 7 7 8 8 7 10 10 7 2 6 8 10 8 7 10 8 7 7 7 11 10 8 8 1 11 4 9 4 5 5 10 8 4 4 4 4 4 4 11 0 9 5 5 4 11 4 5 11 4 11 5 2 10 7 6 7 8 10 7 10 8 8 11 2 4 11 4 3 5 11 5 11 11 5 4 4 5 0 6 10 10 8 7 7 7 7 7 7 7 8 7 7 7 7 10 8 11 4 2 10 9 8 8 11 5 4 11 4 4 4 4 11 2 3 4 5 10 7 8 10 10 8 7 7 8 10 7 7 10 2 6 8 10 10 7 8 7 8 11 2 9 11 5 5 4 1 3 4 4 4 4 4 1 9 5 4 11 5 4 4 4 4 4 11 5 4 4 4 4 4 10 10 8 2 10 10 8 8 9 8 7 10 8 10 10 2 6 8 10 8 7 7 7 7 10 7 10 7 8 8 4 11 5 7 10 10 8 8 7 7 7 7 10 8 1 9 5 11 4 5 7 11 11 5 2 9 4 11 5 7 8 11 5 4 11 11 5 4 11 5 5 11 11 4 5 4 5 7 7 7 11 2 9 11 5 2 11 3 11 5 5 4 4 4 4 4 11 5 11 2 10 9 8 8 10 10 8 8 7 7 10 8 7 7 0 9 7 8 7 7 7 7 7 10 8 0 6 7 11 10 8 8 7 7 11 11 2 5 11 3 5 4 4 4 4 11 1 11 5 4 9 5 5 4 10 11 2 3 5 4 11 5 4 4 4 11 5 4 11 11 4 5 8 11 2 3 10 10 8 7 7 10 8 8 10 10 8 7 7 7 7 7 7 8 11 2 9 4 10 8 0 6 8 7 7 10 7 7 10 8 8 11 5 7 10 10 8 2 9 8 11 5 7 7 11 11 4 5 5 11 11 4 4 5 8 11 4 4 5 4 1 3 4 4 11 1 9 5 8 4 4 4 11 5 11 4 1 9 5 4 4 5 10 2 10 10 7 6 7 8 5 7 10 2 7 7 9 10 7 8 8 11 5 10 10 8 7 7 7 7 8 4 11 5 10 10 8 7 8 4 11 5 1 9 11 4 5 4 4 5 4 11 4 4 4 4 5 0 9 8 10 10 8 8 0 9 10 8 8 10 7 10 8 8 10 8 10 7 8 7 7 7 7 10 0 9 8 5 7 7 7 10 10 2 8 9 5 11 11 4 4 5 4 4 1 3 5 11 11 2 5 10 8 6 4 4 4 11 4 4 5 7 11 11 2 5 6 4 4 11 4 5 7 7 10 2 9 10 7 8 7 7 8 11 2 11 11 5 3 5 10 7 7 7 7 7 7 8 10 10 8 8 10 2 7 6 10 8 4 10 10 7 8 5 11 5 11 11 4 4 4 4 4 4 5 8 11 5 4 4 4 1 3 4 4 11 11 5 5 10 8 11 11 2 3 5 1 9 11 5 4 5 11 2 3 4 10 10 8 0 6 8 7 7 10 7 7 8 4 11 5 11 11 5 5 10 7 7 7 7 10 8 7 8 11 4 5 7 7 7 0 9 8 4 10 10 8 7 7 8 7 7 7 10 8 1 9 11 4 5 5 4 11 5 10 8 11 4 5 4 4 4 4 4 10 11 5 5 11 4 5 11 11 2 5 11 11 5 5 3 11 5 10 8 7 7 7 7 7 7 10 7 7 10 2 6 7 7 7 8 10 8 10 10 8 2 9 8 11 4 11 5 4 1 3 4 5 11 2 4 4 9 10 8 8 7 7 7 10 8 7 11 11 5 5 7 11 2 9 11 5 5 11 4 4 10 0 6 8 8 7 7 10 7 7 7 7 7 10 2 8 9 5 7 7 11 11 1 5 3 5 4 10 8 11 11 5 5 1 9 11 5 5 11 5 4 11 11 4 4 4 4 4 5 8 11 5 4 4 4 1 11 5 4 3 4 10 10 2 6 7 8 10 7 7 7 1 9 8 8 10 8 7 10 8 11 5 7 10 8 10 7 10 8 7 8 7 7 7 7 10 7 7 7 8 11 11 4 2 5 11 11 5 5 9 8 11 11 1 4 3 5 5 4 4 4 4 11 5 11 11 5 1 3 4 5 11 11 2 5 9 11 5 5 4 4 11 5 10 2 10 10 7 7 6 7 7 7 8 8 11 2 11 5 7 7 7 9 8 7 7 7 0 6 7 7 7 7 7 7 7 10 8 4 11 11 5 5 11 2 11 11 4 3 4 5 4 4 5 4 4 4 11 5 10 8 11 4 5 4 11 5 4 10 10 8 8 10 2 10 10 8 8 6 7 7 10 8 7 7 7 7 10 8 7 7 11 11 2 5 11 9 5 5 11 11 4 4 5 8 11 5 11 4 4 1 9 5 4 4 5 7 11 2 9 11 5 4 5 11 2 6 10 10 8 7 7 10 8 8 4 10 8 7 7 7 7 7 10 7 7 7 8 1 9 11 5 4 4 5 10 8 11 11 4 4 5 4 5 10 11 5 5 4 4 4 4 11 5 4 4 11 5 1 3 7 7 10 10 7 8 8 11 2 11 5 9 5 4 11 11 5 5 10 8 10 10 7 7 8 0 6 7 7 8 7 11 5 10 8 0 6 7 7 11 11 5 4 5 10 7 2 6 7 7 7 0 6 10 8 7 10 7 7 10 8 4 4 5 10 7 8 7 11 11 5 5 10 2 9 10 2 8 7 7 6 11 11 2 5 4 4 4 4 4 9 4 5 11 4 4 4 4 11 5 5 4 10 2 10 8 7 10 9 8 8 10 8 10 10 7 8 7 7 7 8 11 10 7 8 2 6 11 11 5 2 9 8 11 11 4 5 5 10 8 11 11 4 5 5 11 5 11 11 4 4 4 5 4 5 4 4 4 11 11 5 7 8 11 5 11 4 11 5 2 3 4 10 10 8 8 10 10 8 8 10 10 7 8 7 8 7 7 7 10 8 10 10 8 7 7 7 7 1 11 4 5 4 3 4 4 5 4 4 4 4 4 4 0 10 10 7 6 8 8 10 7 7 7 8 7 11 11 2 3 4 5 11 2 4 10 9 5 5 4 4 11 11 5 4 5 11 11 5 2 4 10 10 8 7 7 8 10 10 7 7 6 7 8 8 11 2 3 10 10 8 8 10 10 7 7 2 8 6 10 10 8 8 10 10 7 7 8 7 8 11 11 2 5
ppo_x50_b_fd_l4,54,qv26_58,26,323,True,1813.0,10.050834655761719,8 8 10 10 8 8 9 10 8 8 11 5 10 10 7 8 8 11 5 11 5 10 10 7 7 8 8 10 0 9 8 8 10 2 10 9 8 8 10 10 8 8 11 5 10 2 7 9 10 8 8 11 4 1 3 4 5 11 4 4 4 11 5 5 10 8 10 10 2 8 10 6 8 7 7 7 7 10 7 10 8 8 10 10 8 8 11 5 11 10 2 6 8 7 7 11 2 9 11 5 5 4 4 11 4 5 11 5 11 4 4 11 5 5 11 11 5 8 4 4 4 4 4 11 4 4 5 4 11 2 10 6 10 8 8 10 2 7 7 10 10 8 6 7 7 7 7 8 10 10 2 6 7 7 8 10 0 6 7 7 7 8 10 7 10 8 8 4 11 4 2 4 11 3 11 5 5 11 4 11 5 5 7 11 5 4 4 4 4 11 5 11 11 4 5 2 11 3 4 5 10 7 7 8 4 10 10 8 7 7 8 10 10 7 7 7 7 2 8 6 7 7 7 10 8 7 7 11 11 5 5 10 2 3 11 5 11 4 1 9 5 5 4 4 4 4 4 4 4 1 3 4 4 11 4 1 11 4 5 5 3 11 5 10 10 8 7 8 11 11 5 2 9 8 10 10 8 8 10 7 7 7 10 8 8 7 7 7 7 7 7 10 10 8 7 8 11 2 3 4 11 5 11 11 4 4 5 2 11 5 4 9 5 4 4 11 11 5 5 10 11 5 5 4 4 1 4 11 5 9 8 10 10 8 8 0 7 10 8 6 7 10 10 7 7 7 7 7 8 5 7 11 2 9 11 4 5 8 4 11 5 11 2 10 10 7 7 8 7 6 7 7 8 10 7 7 10 2 8 9 5 0 6 7 7 7 11 11 5 2 9 5 11 11 5 4 5 11 5 7 11 11 5 4 4 4 5 10 8 11 11 2 3 5 11 5 0 6 7 7 0 9 8 10 7 7 8 7 7 7 10 8 11 11 5 2 11 11 5 3 4 5 4 4 11 5 10 8 10 11 4 5 5 4 4 4 4 4 11 5 4 4 11 4 10 8 2 9 8 10 10 8 2 7 7 9 7 7 11 5 5 10 8 7 7 7 7 10 8 7 7 7 7 11 10 8 8 10 8 7 7 11 11 2 5 9 11 5 5 4 11 11 1 3 4 5 8 11 5 4 11 11 5 5 10 8 11 4 11 5 4 4 4 5 10 2 11 11 5 3 5 10 4 11 5 4 4 4 5 10 2 10 6 10 7 8 5 7 7 7 10 2 6 7 0 10 9 8 5 7 7 7 10 8 7 7 10 7 8 11 11 5 2 9 8 4 11 11 4 5 5 11 2 3 11 11 4 5 4 4 5 11 2 4 11 11 5 4 4 5 3 10 10 8 8 11 5 10 7 7 7 10 2 6 7 8 10 2 6 7 7 10 7 0 8 7 7 7 10 9 8 7 7 8 10 2 11 11 5 3 5 4 4 4 4 4 11 5 4 11 4 4 11 5 5 4 11 2 3 4 10 10 7 7 8 7 7 8 11 4 5 7 10 7 7 10 8 8 7 7 11 2 9 11 5 5 10 7 0 7 6 8 7 7 7 7 7 10 8 11 5 10 10 2 8 6 4 4 11 11 5 5 11 2 11 3 4 11 5 5 11 5 7 11 11 2 5 11 4 3 5 4 4 4 11 11 2 3 5 11 5 11 11 5 4 11 5 4 2 3 10 10 8 8 10 10 7 8 7 8 7 7 7 0 6 7 7 10 8 7 7 7 7 7 7 10 10 2 8 6 11 11 5 2 9 8 4 11 11 5 4 4 11 5 4 4 5 11 5 4 4 4 10 10 2 8 10 6 7 7 7 7 10 8 2 3 10 7 8 10 7 7 7 7 7 8 11 4 5 4 11 11 5 2 4 11 11 5 5 3 11 4 5 4 4 4 11 11 4 2 3 4 4 4 5 11 2 3 10 10 8 8 10 7 8 7 7 7 10 7 10 8 8 7 11 5 10 10 8 7 7 7 7 7 7 7 7 8 11 11 5 2 9 5 11 5 4 4 4 4 4 4 4 11 1 9 8 5 7 11 5 11 11 4 4 5 4 4 11 5 5 4 11 4 10 8 8 11 2 3 11 11 5 5 11 2 3 10 8 7 7 10 10 7 8 8 10 10 8 2 9 8 7 10 8 7 7 10 10 8 8 7 10 10 2 8 11 4 4 4 3 4 4 4 4 4 5 4 4 4 4 10 2 6 10 10 7 7 8 8 7 11 11 5 5 10 7 7 7 8 10 10 7 8 2 10 7 7 6 8 10 10 2 6 7 8 7 7 1 9 8 7 11 11 4 4 5 5 10 8 11 5 4 4 10 8 11 11 5 5 4 4 0 9 11 5 5 4 4 11 11 5 5 10 8 7 11 11 5 4 4 4 4 4 5 11 11 5 4 5 4 10 0 10 8 8 9 5 7 7 10 7 10 7 8 8 10 8 4 4 10 10 8 8 7 7 7 7 7 10 8 11 2 3 10 7 8 7 10 10 7 2 6 8 10 7 7 1 11 4 3 5 5 11 11 4 5 2 11 3 5 10 7 8 11 4 11 5 4 11 5 4 5 7 7 11 2 6 11 11 5 5 4 4 4 11 5 11 11 5 2 9 8 7 7 11 11 5 4 5 10 8 7 0 6 7 7 10 8 11 4 10 8 8 10 7 8 7 7 10 10 7 7 8 5 7 7 7 10 2 6 7 11 11 5 4 2 11 11 4 5 3 5 10 8 11 5 4 4 4 4 4 4 1 9 5 4 4 11 11 2 3 4 4 5 7 10 2 7 7 9 8 10 10 8 7 7 7 7 8 11 4 10 7 8 8 4 10 8 7 7 0 9 10 8 8 10 7 8 1 3 11 11 5 4 5 11 4 4 4 5 4 4 4 4 11 5 4 4 4 4 4 4 4 4 10 10 8 8 10 8 11 2 3 10 10 7 8 8 11 5 10 10 8 7 7 7 8 11 5 10 10 7 7 8 2 9 8 11 4 5 7 10 10 8 8 4 4 4 11 4 5 11 4 11 5 2 4 9 5 0 9 10 8 7 8 7 7 10 8 7 10 8 7 7 7 7 7 7 10 10 8 2 9 5 4 10 10 8 7 7 8 7 11 2 6 11 11 5 5 1 9 11 5 4 4 4 5 10 2 6 10 8 11 11 4 4 4 4 5 5 4 4 4 4 4 4 4 11 4 5 4 11 2 7 10 10 8 8 7 7 7 7 10 7 6 8 7 10 10 2 8 6 11 5 4 11 11 4 5 5 11 5 11 11 4 5 5 10 8 11 11 5 4 5 11 11 5 2 9 5 7 10 8 7 10 10 7 8 8 10 7 10 2 6 8 11 10 8 7 8 10 10 8 7 8 7 10 7 8 7 7 7 7 10 8 4 11 4 4 1 4 5 4 4 3 4 4 4 4 1 3 4 4 11 11 4 5 2 9 8 7 1 9 11 5 5 10 8 11 11 2 5 9 8 4 4 4 4 4 10 0 10 8 6 7 8 7 7 7 7 10 8 7 7 10 10 2 6 7 7 7 8 10 8 7 7 7 10 10 8 2 9 8 4 4 11 11 5 5 11 4 5 4 4 4 11 5 10 8 10 10 2 8 7 10 9 8 8 11 4 4 4 4 1 4 5 11 3 4 4 4 4 4 4 11 5 2 9 8 10 10 7 7 7 8 8 1 9 5 10 10 8 8 10 10 8 8 4 10 7 8 7 7 11 10 7 2 8 7 7 7 7 10 7 6 8 7 11 11 4 5 5 7 10 8 11 11 4 5 4 11 5 5 10 8 10 8 11 11 5 4 4 4 4 5 4 4 4 11 5 4 10 11 5 2 3 4 4 4 11 4 4 5 10 10 7 8 2 9 8 10 10 0 7 6 8 8 10 10 8 7 8 11 5 10 10 7 8 8 0 9 8 10 10 8 7 7 7 7 8 11 11 2 5 11 11 3 5 5 4 4 11 5 10 8 10 11 4 5 4 4 4 4 4 5 4 11 2 10 10 8 8 10 7 7 7 10 7 8 8 10 10 8 7 7 7 7 7 7 7 7 8
ppo_x50_b_fd_l4,55,qv26_59,26,325,True,1837.0,12.197249174118042,8 8 10 9 8 8 10 10 8 8 11 5 10 10 7 8 8 7 7 10 10 8 8 10 10 8 8 1 9 5 10 10 7 8 8 10 10 8 8 11 5 10 10 7 8 8 11 2 6 11 11 5 2 3 10 8 10 10 7 8 8 7 7 10 2 10 10 8 8 4 4 11 9 4 5 5 4 4 4 11 4 4 4 5 11 11 5 4 11 5 4 5 11 2 11 11 5 5 3 7 7 10 8 7 7 10 10 8 7 8 7 7 7 7 11 11 2 5 11 3 5 11 11 5 4 5 11 5 11 11 4 5 5 10 8 11 11 5 4 4 4 5 0 6 7 7 10 8 10 10 7 8 5 10 8 7 7 7 7 7 7 10 10 8 7 7 7 7 7 8 11 11 5 2 11 4 5 3 4 4 4 11 5 4 4 4 4 11 4 5 4 4 1 4 11 11 4 4 4 5 5 9 8 10 8 7 11 11 5 5 10 7 8 10 8 10 10 7 8 8 7 7 11 10 7 8 2 7 10 9 8 8 7 7 7 7 7 7 10 8 11 2 4 11 3 11 4 4 5 5 10 8 11 11 5 5 11 11 5 2 9 7 8 11 11 5 4 4 5 4 1 4 11 4 4 4 5 11 9 5 5 7 7 7 0 9 10 8 8 4 10 10 7 8 8 11 5 7 10 7 10 0 8 6 7 7 7 7 8 10 7 10 8 2 10 7 9 8 8 7 11 2 9 10 8 8 7 11 2 11 11 5 4 4 5 4 9 4 5 4 4 4 11 4 4 4 4 11 2 5 9 8 11 5 11 11 5 2 4 11 5 9 4 5 10 10 8 8 10 0 6 8 7 10 10 8 2 10 6 10 8 8 10 10 8 8 11 5 10 7 10 8 7 8 7 7 7 11 2 11 11 4 5 5 4 10 10 8 8 11 3 4 4 5 4 11 4 4 5 10 10 2 6 8 7 10 7 8 7 10 8 7 7 10 10 8 8 7 10 8 7 11 11 5 4 4 4 5 10 2 11 11 5 3 5 4 11 11 5 4 4 5 4 4 4 4 4 4 4 4 11 4 4 5 10 2 3 10 7 8 7 10 10 7 0 6 8 8 10 10 8 7 8 7 7 7 7 7 10 8 7 7 7 7 10 10 8 2 10 8 3 4 11 11 5 5 11 2 6 11 11 5 5 4 11 5 11 11 5 4 4 4 4 5 4 11 5 4 11 4 4 11 4 5 5 4 10 10 2 8 10 8 7 10 10 7 8 8 10 6 8 10 10 0 6 8 8 7 7 7 7 7 7 7 7 7 10 7 10 7 8 2 9 5 11 11 2 5 9 8 11 11 5 5 4 1 4 11 11 4 3 5 4 4 4 1 9 5 5 10 8 7 11 11 4 5 8 11 4 4 4 5 0 9 10 7 8 7 7 8 7 7 7 7 7 7 11 5 10 8 7 7 11 10 8 8 11 4 2 11 11 4 4 4 3 5 4 4 4 4 4 5 11 5 11 5 4 4 4 4 4 11 4 10 8 8 11 2 11 5 10 10 7 7 6 8 8 7 7 7 10 7 8 10 10 7 2 8 10 8 4 9 10 7 8 5 7 7 7 10 0 9 8 5 7 10 10 8 10 8 7 7 8 11 2 6 11 11 1 3 5 5 11 11 4 4 4 4 4 5 4 4 5 7 10 7 8 7 10 8 11 11 5 5 4 11 5 4 4 4 11 1 9 5 5 4 11 5 4 11 4 5 10 11 5 5 11 11 2 5 9 8 10 10 7 7 8 8 0 6 10 8 10 10 7 2 6 8 11 5 11 4 5 0 9 10 8 8 7 10 8 7 7 7 7 7 7 7 7 7 7 11 10 7 8 5 10 8 7 11 11 1 4 5 3 4 1 3 4 4 4 5 11 11 5 5 4 4 4 4 10 8 11 2 9 11 5 5 4 4 4 11 5 11 2 10 9 8 8 10 2 6 10 10 8 8 10 7 10 7 8 7 7 7 7 10 8 8 10 2 6 7 11 11 5 5 4 11 11 4 4 5 5 11 5 7 10 8 11 11 4 5 5 11 5 11 11 2 5 10 6 7 7 7 7 7 8 10 7 7 7 8 10 10 7 8 8 11 4 4 4 5 11 2 3 4 11 11 5 5 11 11 4 5 5 4 10 2 9 10 8 8 4 11 5 4 4 4 11 5 4 4 4 10 11 5 5 10 8 10 0 10 8 6 7 8 10 7 10 2 6 8 10 8 7 7 7 7 7 7 7 7 7 7 7 7 7 10 8 11 5 11 11 4 5 5 10 8 11 2 11 11 5 5 9 11 4 4 5 5 11 4 11 2 4 3 5 11 5 4 4 4 11 5 4 4 11 4 4 11 5 2 10 8 10 10 7 8 8 9 5 10 10 7 8 7 0 7 6 8 11 10 8 7 8 10 10 2 8 9 10 8 8 7 7 7 11 10 8 8 7 7 10 10 2 8 6 7 11 11 5 4 4 5 4 4 1 11 5 3 4 4 10 11 5 5 11 4 11 1 3 5 4 4 5 4 11 2 9 10 7 8 0 6 10 8 8 7 7 10 2 9 8 7 10 10 7 8 8 11 5 10 10 8 8 10 10 8 8 10 2 11 11 3 5 2 3 11 5 4 4 4 4 4 4 4 4 4 4 11 1 9 5 4 4 5 4 4 0 9 10 8 7 7 8 7 7 10 8 11 5 11 10 8 8 7 7 7 7 10 7 7 7 7 7 8 10 10 8 2 9 5 7 7 7 7 7 11 11 5 1 3 4 4 4 4 5 4 4 11 11 5 5 10 2 6 11 11 5 5 0 7 6 7 7 7 10 7 8 11 5 7 7 7 11 11 5 2 11 11 5 3 5 11 11 5 4 4 5 11 2 11 11 3 5 4 5 11 5 4 11 2 9 11 5 4 5 4 10 11 5 4 5 10 2 10 7 6 10 8 8 7 11 10 8 8 7 10 10 8 8 10 2 6 7 0 9 8 7 7 0 7 6 11 11 5 5 0 6 10 8 7 7 7 7 10 0 6 8 4 11 11 5 5 10 8 11 11 4 4 4 4 4 5 4 4 4 4 4 5 10 7 11 5 5 4 11 5 10 8 11 11 4 4 5 2 6 11 5 11 11 5 2 9 4 5 7 7 7 10 8 7 11 11 5 5 10 8 10 8 7 7 10 8 7 7 7 10 7 7 7 7 7 11 5 2 11 3 5 11 11 5 5 11 2 6 11 11 5 2 10 8 7 10 8 6 7 7 7 10 10 8 2 10 7 8 6 10 10 8 8 4 4 4 4 4 4 1 3 4 1 3 4 4 11 1 3 4 4 4 5 11 11 1 5 3 4 5 11 11 2 5 9 8 4 4 10 10 8 7 7 7 8 0 7 7 10 9 8 7 8 7 7 10 2 7 6 7 10 7 10 8 2 10 8 6 7 11 11 5 4 5 4 4 11 1 9 4 5 8 11 5 4 4 4 4 4 4 10 8 11 11 5 5 4 4 11 4 5 0 10 10 8 7 7 6 8 7 7 7 7 7 7 10 8 11 2 4 11 11 4 5 5 10 8 6 7 10 7 10 8 8 11 5 7 7 10 10 8 7 8 4 1 11 3 4 1 3 4 5 11 11 4 4 5 5 11 5 7 0 9 7 8 7 10 10 8 7 8 10 10 7 8 8 11 5 7 10 10 8 7 7 8 7 11 2 11 9 5 5 4 4 4 10 11 5 5 11 4 4 11 5 5 4 4 4 11 4 4 5 4 11 2 3 10 10 7 7 8 5 10 8 10 7 10 8 2 9 8 7 11 11 5 5 10 7 7 7 8 10 10 8 8 10 10 2 8 7 7 7 7 7 7 11 11 5 5 4 3 4 4 4 4 4 4 4 11 5 4 4 1 4 4 4 4 3 4 4 11 5 7 11 5 11 11 5 5 7 7 7 10 2 6 10 10 7 7 8 5 7 7 10 8 11 5 10 8 7 7 7 0 6 11 11 5 5 11 4 5 4 11 11 5 5 11 5 4 4 11 11 2 5 4 10 10 8 7 7 7 7 8 10 10 7 7 8 8 10 10 8 6 8 7 7 7 7 7 10 8 7 7 7 11 11 2 5 11 11 4 5 5 10 8 11 11 5 5
ppo_x50_b_fd_l4,56,qv26_6,26,325,True,1778.0,9.958279132843018,8 8 10 3 10 8 8 10 10 8 8 11 5 10 10 7 8 8 10 10 8 8 11 5 10 10 7 8 8 10 10 7 8 5 10 2 9 10 8 8 10 10 7 8 5 10 10 8 8 10 10 8 8 11 5 7 10 10 8 8 10 10 8 8 1 9 5 4 4 4 1 9 11 5 4 5 11 2 11 11 5 5 4 4 11 9 4 5 8 4 4 10 2 10 10 8 7 7 6 7 7 7 7 7 7 8 1 3 4 11 4 4 4 4 5 11 11 5 5 4 4 4 11 4 5 4 4 4 10 2 10 10 8 7 6 8 7 7 7 10 7 7 7 10 8 2 7 7 10 8 9 10 7 8 8 7 7 10 8 11 11 5 5 11 1 9 5 5 10 8 11 11 2 3 5 11 5 4 4 4 4 4 4 4 10 11 5 5 10 2 9 8 11 1 3 11 5 4 5 10 11 5 2 4 10 10 8 6 8 11 5 10 8 7 10 8 7 7 7 11 10 2 6 8 10 10 7 8 7 8 7 10 2 10 8 7 7 6 10 10 8 8 4 4 11 5 11 4 4 4 1 9 5 4 4 5 4 11 5 7 11 11 5 5 4 4 11 4 5 1 3 4 4 4 11 11 5 5 7 7 0 9 8 10 8 7 7 7 7 7 10 8 7 7 7 10 7 7 11 5 5 10 8 10 10 8 2 10 6 7 7 7 8 10 2 9 11 5 5 11 11 2 5 11 11 4 5 3 4 5 4 4 4 4 11 5 11 4 5 4 4 11 5 4 10 0 9 8 8 11 5 11 10 7 0 6 8 8 10 10 2 8 3 10 10 8 8 11 2 6 10 7 7 10 8 8 10 2 10 9 8 8 7 10 8 7 1 3 11 4 4 4 5 4 1 3 4 4 11 5 4 4 10 10 8 7 8 0 6 11 5 11 4 11 4 4 4 4 4 5 5 4 10 2 9 10 8 8 11 5 7 10 10 7 8 5 7 7 7 7 7 0 7 10 6 8 11 5 10 10 2 8 10 10 8 8 10 9 7 8 5 10 2 7 10 10 7 8 8 6 11 5 11 4 4 4 1 9 5 4 4 5 11 11 2 3 5 4 4 11 4 4 4 4 5 7 10 10 8 2 10 10 8 8 10 8 7 6 7 7 10 10 8 8 10 10 8 2 9 8 11 5 4 10 11 5 5 4 11 11 4 4 5 2 7 11 9 5 5 4 11 11 2 5 9 8 4 4 11 11 5 4 5 11 2 4 4 4 10 10 8 8 10 8 9 7 8 7 7 7 10 0 9 8 8 10 10 8 8 7 7 10 10 7 7 7 8 8 7 7 7 10 2 6 7 11 11 5 2 9 4 5 11 4 5 4 11 4 4 4 4 11 4 5 4 4 5 4 11 5 11 4 4 4 4 5 10 10 8 2 9 8 10 8 10 10 7 2 7 8 10 9 8 7 7 7 8 10 10 8 4 5 10 7 10 2 8 9 5 10 10 8 7 7 7 7 7 7 7 8 11 2 11 3 11 4 5 5 11 5 11 11 5 5 11 4 4 1 9 5 8 11 11 4 5 5 11 11 5 5 4 4 11 11 4 5 1 3 5 4 4 10 10 2 8 7 10 7 8 11 11 5 5 9 8 10 10 7 7 0 6 8 8 7 7 7 7 7 7 7 7 7 10 8 10 2 7 7 7 11 5 11 9 5 5 11 4 5 10 8 7 11 11 5 4 5 4 11 4 4 4 11 5 5 4 4 11 5 4 10 10 8 8 11 5 4 4 10 8 11 5 4 10 11 2 3 5 4 11 2 3 4 10 10 8 7 8 7 7 7 7 11 10 7 7 8 7 8 10 7 7 7 0 7 6 7 8 10 8 7 7 7 10 10 2 8 4 9 5 11 11 5 5 4 4 11 11 5 5 11 2 4 11 3 4 4 11 4 5 4 5 10 7 7 7 8 11 2 3 11 11 4 5 8 0 9 5 10 7 7 7 8 7 10 10 8 8 10 8 10 10 2 8 10 10 8 6 8 4 4 11 4 4 11 2 3 4 5 10 11 4 4 5 8 11 4 4 5 4 4 4 4 11 11 2 5 3 10 8 10 10 2 8 9 5 10 10 0 6 7 8 8 10 2 9 8 4 4 11 5 7 10 10 8 8 10 8 10 10 2 6 8 7 10 8 7 7 7 7 10 10 8 2 9 5 4 11 11 5 5 11 4 1 9 5 4 5 11 2 3 4 10 10 8 8 11 5 11 11 5 4 4 5 11 1 9 5 5 4 11 5 10 8 4 11 2 11 11 5 5 3 11 5 10 8 7 7 7 7 7 10 7 7 7 8 7 7 7 7 7 11 10 8 8 10 7 7 7 10 7 7 8 8 11 5 7 11 2 9 11 5 5 11 5 11 5 11 11 2 5 9 11 5 5 11 5 11 11 4 5 8 11 5 11 1 9 5 8 0 9 10 8 7 7 8 7 7 7 7 7 7 10 2 6 7 11 11 5 4 5 11 5 11 4 5 4 4 4 4 4 4 11 11 2 3 5 10 7 8 11 11 4 4 4 5 5 11 5 11 2 4 4 11 5 4 3 10 10 7 7 7 2 6 7 8 11 7 7 8 7 7 7 7 7 10 7 7 10 8 2 9 8 7 10 11 4 5 5 10 8 0 9 11 5 4 4 4 5 11 11 4 5 4 4 11 5 4 4 4 5 11 5 0 10 10 7 8 7 7 8 6 10 8 4 10 10 8 8 10 7 10 2 8 3 10 8 7 7 7 7 7 10 7 1 11 5 5 9 5 11 4 4 1 3 4 5 4 4 11 1 3 4 4 4 5 11 2 10 10 7 6 8 2 9 7 8 10 7 8 10 10 7 7 8 5 11 5 7 7 10 10 8 8 10 10 7 7 8 2 9 4 5 10 10 8 8 11 5 11 11 2 3 5 11 2 11 11 5 5 4 11 3 5 4 11 5 1 11 9 5 5 11 4 4 4 5 4 4 11 2 4 4 4 3 10 10 8 0 6 8 7 10 7 0 9 8 7 7 8 7 11 5 10 8 7 7 7 7 7 7 7 7 11 5 10 10 8 7 7 0 7 8 6 11 5 11 11 4 4 4 4 4 5 4 4 4 1 11 5 3 5 4 4 4 11 5 4 11 2 6 10 11 5 5 4 4 10 10 2 8 7 10 8 6 10 7 7 8 7 7 10 7 10 8 8 11 5 10 7 10 2 8 11 4 4 3 4 4 11 5 5 4 4 4 4 10 2 6 10 10 8 8 10 10 7 8 2 3 10 10 8 8 10 2 3 10 8 10 8 10 10 8 7 7 8 10 10 7 8 2 11 5 3 4 4 4 10 8 11 11 5 8 4 4 11 5 10 8 4 4 4 11 5 4 4 4 4 1 9 11 2 3 4 4 5 4 11 11 2 5 9 8 10 10 8 2 10 10 6 7 2 6 7 7 8 7 10 8 11 5 10 7 10 2 6 7 0 7 8 10 8 6 7 7 7 7 7 10 10 8 2 6 7 11 11 5 4 4 1 3 5 4 4 11 11 5 5 11 11 5 2 9 5 7 10 7 10 8 2 11 5 11 5 3 7 10 7 7 8 7 10 7 11 5 5 11 11 5 5 10 2 11 11 5 5 11 11 4 5 4 5 4 11 4 9 4 4 5 4 5 0 10 9 8 7 8 1 11 9 5 5 11 2 4 3 4 4 4 10 10 8 8 7 7 7 7 7 7 7 7 7 7 7 10 8 7 7 7 7 11 11 5 2 3 4 4 4 1 11 3 4 11 5 5 10 7 8 11 11 2 3 5 4 4 4 4 11 4 4 5 11 2 10 10 8 8 10 10 8 8 10 10 6 8 8 7 7 7 10 8 7 7 10 8 11 5 10 10 8 7 7 8 10 10 0 6 8 7 7 8 10 2 11 3 11 5 5 11 5 7 11 11 2 3 4 4 5 11 11 5 4 4 5 10 2 11 11 4 5 5 10 8 11 11 5 4 4 5
ppo_x50_b_fd_l4,57,qv26_60,26,325,True,1806.0,9.952455997467041,8 8 10 9 8 8 10 0 9 8 8 10 2 10 10 8 8 10 9 8 8 4 11 2 9 5 7 7 7 7 10 0 10 8 8 9 10 7 8 5 10 10 8 8 10 10 8 8 11 5 10 10 7 8 8 4 11 2 3 4 4 4 11 4 4 1 4 5 11 5 11 11 3 5 2 11 5 9 11 5 4 5 10 2 11 11 4 4 5 3 8 10 8 10 8 7 10 10 8 8 10 10 8 7 7 7 7 7 7 7 7 0 7 10 8 6 8 10 10 7 8 8 11 5 7 10 2 10 9 8 8 4 4 11 5 4 4 4 4 11 5 4 11 11 4 5 8 11 5 1 4 3 4 4 11 5 4 4 11 11 5 2 9 8 10 10 7 8 7 8 11 2 3 10 10 7 7 7 8 8 10 10 8 7 8 11 2 10 10 7 7 8 8 9 5 11 5 10 10 7 8 0 6 7 8 11 2 9 11 5 5 10 8 11 1 3 4 4 4 4 4 5 4 1 9 5 4 4 4 11 4 4 4 5 4 4 4 4 10 10 2 8 10 9 8 8 10 7 8 7 7 7 7 7 7 7 0 10 9 8 8 7 7 7 10 10 8 8 11 1 3 4 4 1 3 4 5 7 10 8 11 11 4 4 5 5 4 11 2 4 4 3 10 10 8 7 7 7 8 7 7 7 7 10 2 10 10 6 8 8 10 2 7 6 10 10 8 2 9 8 4 4 11 5 4 4 4 11 11 4 4 5 4 4 4 4 4 5 4 4 4 10 11 5 5 10 8 4 4 4 11 5 10 10 7 8 2 9 8 7 10 8 10 10 8 8 10 7 10 8 8 7 11 5 10 10 7 7 2 8 9 8 11 11 2 3 5 11 2 4 4 4 4 4 3 4 4 10 0 6 10 7 7 8 5 7 7 7 7 10 8 7 7 7 10 7 7 7 8 10 2 9 4 4 5 4 4 11 11 2 5 11 4 3 4 1 9 5 5 11 2 4 4 4 4 4 3 4 11 11 5 2 10 7 8 11 11 5 5 10 8 7 6 7 10 10 7 7 8 8 7 10 7 10 8 8 7 10 7 8 10 0 6 10 8 7 7 7 8 11 2 11 3 11 5 5 4 10 2 9 11 5 5 4 4 4 4 4 4 4 11 5 11 11 5 2 3 10 8 10 10 7 8 2 10 9 8 8 11 2 10 10 6 8 8 10 8 7 7 7 10 8 4 10 10 8 7 7 8 10 2 11 11 5 5 3 4 4 11 11 5 4 5 4 1 3 4 1 9 5 4 4 11 4 5 4 4 11 1 3 4 5 4 4 4 10 10 8 2 9 8 10 0 9 8 7 8 7 10 7 7 7 0 6 7 7 8 10 8 7 7 7 11 11 5 5 10 7 8 11 5 7 7 7 10 10 2 8 10 10 6 7 8 2 3 4 11 5 4 4 11 11 5 4 4 11 4 5 4 5 10 8 7 11 11 5 4 5 11 11 5 2 9 8 10 10 8 8 7 10 8 7 7 7 1 11 3 11 4 4 5 5 11 5 4 4 4 11 11 4 4 5 4 5 7 11 2 9 10 8 8 1 11 5 11 11 5 5 11 5 4 10 9 8 8 7 7 0 7 10 9 8 8 10 7 7 10 8 8 7 7 10 7 7 7 7 0 6 7 7 7 7 8 7 11 11 2 5 9 4 5 11 11 4 5 5 4 11 5 11 11 4 5 5 10 8 11 11 2 3 4 4 5 11 11 4 4 5 5 10 8 11 11 4 5 2 3 4 10 8 7 7 0 6 10 8 11 5 7 10 8 7 7 7 10 8 7 7 7 0 9 7 7 7 7 10 7 8 2 9 7 8 11 11 4 5 8 11 5 11 11 4 2 5 3 4 4 4 4 4 4 11 5 4 4 4 10 8 7 11 11 4 5 4 4 5 4 1 3 4 4 10 10 8 2 7 9 8 10 10 2 8 3 10 7 0 9 8 8 11 5 7 7 10 8 10 10 8 7 7 8 10 10 8 2 10 10 8 8 7 6 7 11 11 5 4 5 10 11 5 4 4 4 4 1 3 5 4 4 4 11 11 4 5 2 9 4 4 5 10 7 7 7 7 7 7 8 7 10 10 8 2 6 10 8 7 10 7 0 6 7 8 11 10 7 8 8 11 5 11 10 7 8 2 9 5 7 7 0 6 11 11 4 4 5 4 4 11 5 5 10 8 11 1 9 5 4 5 4 4 11 5 11 5 10 11 4 5 4 4 11 4 5 5 11 11 5 5 10 2 6 7 7 7 7 10 8 7 7 10 8 7 0 9 10 8 8 10 2 7 6 11 11 5 5 10 8 0 7 6 7 11 10 8 8 7 11 11 2 5 4 11 3 5 11 11 5 4 4 5 11 2 11 11 5 5 9 5 10 7 8 10 10 8 8 7 7 11 5 4 4 4 4 1 11 9 5 4 4 5 11 2 4 4 4 4 4 3 10 10 7 8 5 10 10 2 8 9 5 10 7 0 9 5 8 10 7 0 9 8 8 11 5 11 5 10 8 7 7 7 7 7 7 7 7 7 7 10 10 2 8 6 11 4 4 11 4 5 5 7 7 10 2 10 10 8 7 7 8 6 4 11 4 5 11 4 11 4 4 5 5 4 4 10 2 11 11 5 4 4 3 5 4 11 11 5 5 10 7 8 11 1 9 5 5 4 4 0 10 10 8 6 7 7 7 8 11 2 10 10 8 8 10 8 9 10 8 8 10 2 9 10 8 8 7 10 0 6 8 11 2 9 10 8 8 7 7 7 7 10 2 6 11 11 4 5 5 4 4 4 4 11 11 4 5 4 4 4 5 11 1 9 5 8 11 4 4 4 4 5 10 7 10 8 2 9 5 4 10 10 8 7 8 11 4 4 1 4 3 5 11 2 11 11 5 5 3 7 7 0 6 7 7 7 10 7 7 8 0 6 7 7 7 11 10 8 8 11 5 7 7 7 11 11 5 2 11 3 11 4 4 5 5 4 11 11 4 5 8 11 5 11 4 4 11 4 5 2 7 9 7 8 11 5 10 10 8 8 10 0 8 6 7 7 7 10 10 8 2 3 7 7 11 10 7 8 5 10 7 8 7 7 7 7 10 10 8 1 4 5 9 8 11 1 11 5 5 11 3 5 4 11 2 4 11 11 4 3 5 4 5 10 7 8 4 10 0 9 8 5 7 10 8 7 7 7 7 7 1 11 3 11 5 5 4 4 4 4 4 4 11 5 10 8 4 4 4 11 4 11 5 4 2 4 4 3 10 10 8 8 7 7 7 7 7 7 0 7 7 7 7 10 7 8 7 11 9 8 8 7 10 10 8 8 7 10 2 10 10 8 6 8 4 4 11 5 4 4 11 4 11 4 4 5 5 11 4 4 4 4 4 4 4 4 4 11 2 5 10 8 9 10 8 8 10 10 7 8 5 10 8 10 10 8 8 11 5 10 10 8 7 8 10 8 7 10 7 8 10 10 8 8 7 11 11 5 2 4 4 11 11 5 4 5 4 4 4 9 5 4 4 1 3 10 10 8 8 10 8 7 7 10 10 8 2 9 8 10 7 8 11 10 8 8 7 7 7 7 7 7 11 11 2 5 11 3 5 4 4 4 4 4 10 8 10 8 11 11 4 2 3 4 5 4 1 11 11 5 3 5 11 2 4 9 5 4 11 11 4 5 5 0 7 7 10 6 7 8 4 10 10 8 8 10 7 8 11 2 9 11 5 5 4 4 4 4 1 9 11 4 5 5 11 2 3 10 10 7 8 2 9 8 4 10 10 8 7 7 7 8 10 10 8 0 8 6 7 7 7 7 7 7 7 10 8 7 10 10 2 8 9 5 0 7 7 6 11 11 4 4 4 5 5 4 4 4 4 4 11 11 4 5 5 0 9 5 11 5 11 4 4 11 5 2 9 5 10 7 7 7 7 7 10 8 2 9 8 7 11 11 5 4 5 4 1 4 9 5 11 11 5 5 11 11 5 4 5 10 10 2 8 10 7 10 7 7 7 8 8 10 10 8 6 7 7 8 10 10 7 7 2 8 10 10 8 8
ppo_x50_b_fd_l4,58,qv26_61,26,325,True,1824.0,10.151488304138184,8 8 10 9 8 8 10 10 8 8 11 5 10 10 7 8 8 10 10 8 8 11 5 10 10 7 7 8 5 10 10 8 8 10 10 8 8 11 5 10 10 2 8 10 9 8 8 10 10 8 8 11 1 5 11 9 5 4 5 1 3 4 4 4 1 9 5 11 2 11 4 3 4 4 4 4 11 4 5 8 10 2 9 10 8 2 6 10 10 7 8 8 7 7 7 7 7 7 7 7 7 7 10 8 7 7 7 11 10 7 8 8 1 4 11 4 4 3 5 10 10 8 2 9 8 11 4 5 4 4 4 11 4 11 5 5 11 11 2 5 9 8 10 10 8 7 8 11 1 3 5 4 4 4 4 11 11 5 5 0 9 5 10 7 7 10 7 8 8 7 10 7 0 6 7 7 10 7 7 8 8 7 10 10 7 7 8 8 11 4 5 10 10 8 8 11 2 11 9 4 5 4 5 11 11 5 5 11 4 4 5 1 9 11 5 5 11 11 4 5 5 11 11 5 2 9 8 1 4 11 9 5 4 4 5 4 4 4 10 10 8 0 6 7 7 8 7 7 7 7 10 8 10 2 9 10 8 7 7 8 10 10 7 8 8 11 5 10 10 7 2 8 6 7 7 7 0 6 11 11 5 5 11 11 5 4 5 7 11 5 4 4 4 4 1 4 3 4 11 4 4 5 1 4 4 10 9 5 5 11 4 4 4 11 5 2 3 10 8 10 10 7 8 8 11 5 10 8 7 0 6 7 7 7 10 10 8 8 10 2 6 7 7 10 8 10 10 7 8 7 8 11 4 5 11 4 1 5 4 11 11 5 5 9 5 4 4 11 4 11 5 5 10 8 11 11 5 5 7 10 7 10 8 2 3 10 8 4 11 5 7 10 7 10 8 8 7 7 7 10 8 7 7 7 10 8 7 7 10 8 7 11 11 1 4 4 3 5 4 4 4 4 4 5 10 0 7 8 6 10 10 8 8 7 7 11 2 10 10 8 8 11 5 11 4 9 5 4 4 4 5 10 7 7 7 8 10 11 5 4 1 3 5 11 11 5 4 5 4 4 11 5 7 11 2 3 4 4 11 11 5 5 11 11 5 4 5 11 5 4 4 10 10 2 8 7 6 7 10 8 10 10 8 2 9 7 8 10 10 8 8 7 7 10 8 7 7 7 7 11 11 5 4 4 4 4 4 5 4 4 4 11 4 5 4 4 4 10 2 10 10 6 8 8 7 7 7 7 7 7 10 10 8 8 11 5 4 11 5 10 10 8 2 6 10 10 8 7 7 7 7 8 11 2 3 10 10 8 7 0 6 7 7 8 10 2 11 3 11 5 5 11 11 5 2 6 4 10 10 8 8 11 5 11 11 5 4 4 4 5 1 3 4 4 4 11 11 2 5 3 4 4 4 4 4 11 11 5 2 4 3 4 10 10 8 8 10 8 10 10 7 7 8 8 0 6 7 7 7 10 10 8 7 7 7 11 5 5 10 8 10 10 7 8 5 10 7 2 7 10 7 10 8 8 6 11 5 11 11 4 5 5 11 11 5 4 5 4 4 11 5 10 2 9 8 11 11 5 4 5 10 11 4 5 5 4 4 11 5 4 0 9 10 8 7 10 8 8 7 7 7 7 7 7 10 7 8 10 11 5 5 7 10 8 7 7 10 10 8 2 7 6 11 4 5 11 11 4 5 4 4 1 3 5 11 4 5 4 4 4 11 1 9 5 4 5 10 10 8 8 11 5 10 11 2 5 11 11 5 5 11 11 5 4 3 5 0 9 8 11 11 5 5 10 8 10 10 8 7 8 10 10 7 7 7 8 7 7 7 8 4 4 11 5 10 10 7 7 8 8 11 5 10 2 9 10 8 7 8 11 5 7 10 10 8 8 1 9 5 11 1 5 3 4 4 4 4 4 1 11 9 5 8 4 11 5 4 11 4 4 4 11 5 2 3 4 10 10 8 7 7 8 7 7 7 7 10 7 8 11 4 5 4 4 4 11 5 7 10 7 10 8 7 7 7 7 7 10 8 8 7 7 0 10 9 8 7 7 7 8 7 10 10 8 2 11 4 5 11 3 11 4 5 5 11 11 2 5 9 5 10 8 11 11 4 5 5 10 8 11 4 4 5 4 11 11 5 2 9 5 11 4 5 7 11 11 5 2 9 5 7 10 8 4 11 5 4 4 4 4 11 11 2 5 3 10 7 8 11 5 10 10 7 7 7 8 5 7 7 7 7 7 7 10 2 7 10 9 8 8 10 0 6 7 8 7 7 7 11 10 8 8 7 7 11 11 5 2 11 11 3 4 4 5 5 10 2 11 11 5 3 4 11 5 4 4 5 11 4 4 11 5 2 9 8 7 10 10 7 2 6 7 8 7 10 8 7 10 10 8 7 8 10 10 2 8 3 11 5 11 11 5 4 4 11 5 4 4 4 4 5 4 4 4 4 4 4 10 0 10 8 8 9 5 10 7 0 6 7 8 10 10 8 2 10 9 8 8 10 7 7 7 10 7 2 6 7 7 7 8 10 2 6 11 11 4 5 4 4 4 5 10 2 7 11 9 5 5 10 8 11 11 4 4 4 5 8 11 4 5 4 4 11 11 5 5 11 5 10 11 2 5 9 11 4 5 8 11 4 4 5 11 2 4 3 10 10 7 7 7 8 5 7 7 10 8 10 10 8 8 7 10 7 0 6 7 7 7 8 1 11 3 4 11 5 5 4 4 10 2 11 9 5 5 4 4 11 5 0 7 6 7 7 7 7 0 7 7 9 8 10 7 10 8 2 11 5 7 6 7 7 7 7 7 11 11 5 2 11 11 4 4 5 3 4 4 1 3 5 10 8 11 4 11 5 5 11 11 4 5 8 11 4 4 11 5 4 4 5 7 7 7 11 5 11 11 5 4 5 4 0 10 10 8 8 7 7 6 7 7 0 6 7 7 7 10 8 1 11 5 3 4 4 10 8 11 11 2 5 3 10 8 10 10 7 7 8 8 11 5 10 10 7 7 8 7 8 11 2 9 10 8 8 7 10 8 11 11 5 1 5 11 9 5 4 4 5 11 2 3 4 4 4 4 11 4 4 4 10 8 8 11 2 9 11 2 5 3 4 4 4 1 4 3 4 10 10 8 8 10 7 7 7 10 8 4 5 10 8 7 7 7 7 7 7 7 7 10 8 7 7 7 10 10 2 8 9 5 7 7 11 11 2 5 3 4 11 11 4 5 5 10 8 4 4 4 4 11 5 4 1 11 4 9 5 4 4 5 10 8 4 11 2 4 4 3 11 5 10 10 7 8 8 7 11 2 10 10 8 8 6 7 7 10 8 11 10 8 8 7 10 10 0 6 8 8 7 7 7 7 7 7 7 10 10 2 8 9 5 11 11 2 5 11 11 5 3 4 5 11 2 3 4 11 11 4 5 8 7 11 5 4 4 4 4 11 5 0 10 8 10 10 8 8 9 10 7 8 7 8 10 10 8 8 7 7 10 7 8 1 4 4 11 11 3 5 4 4 5 4 10 8 11 11 2 5 9 8 11 11 4 4 1 3 4 4 5 5 4 11 4 10 8 8 11 5 10 0 6 10 7 8 5 10 8 7 7 7 11 11 5 2 11 5 7 7 6 10 7 8 7 7 7 0 6 7 11 11 5 5 4 11 11 5 5 10 8 11 11 5 4 5 4 11 11 4 4 4 2 5 3 4 4 4 11 5 0 7 10 9 7 8 7 8 11 5 10 10 8 8 7 1 9 11 5 5 4 11 5 10 8 4 11 11 4 4 5 4 5 10 2 6 7 7 7 0 7 7 10 9 8 8 11 5 10 7 10 2 6 8 7 10 10 2 7 6 8 10 10 8 0 7 7 8 7 7 7 7 6 11 11 2 5 11 9 5 5 4 4 4 4 4 4 10 2 11 9 5 5 10 8 10 11 5 5 4 4 4 4 4 4 11 4 5 7 11 11 2 5 4 11 4 5 4 4 10 10 8 8 9 10 8 8 4 10 10 7 8 5 7 7 10 8 11 5 10 10 8 7 8 10 10 7 2 8 10 7 10 7 6 7 7 7 7 8 7 8 4 11 4 5 11 2 10 10 6 8 8 11 2 10 10 8 8
ppo_x50_b_fd_l4,59,qv26_62,26,330,True,1838.0,10.083901166915894,8 8 9 10 8 8 10 10 8 8 11 5 10 10 7 8 8 7 7 10 10 7 7 8 8 10 10 7 8 5 10 7 7 10 7 8 5 11 5 7 10 10 8 8 10 10 8 8 11 5 1 3 4 11 4 11 4 5 5 11 11 5 5 11 4 11 4 5 8 11 4 4 11 5 5 0 10 8 10 6 7 7 8 4 10 10 2 6 8 7 10 10 2 8 9 5 7 7 7 10 10 8 8 11 5 1 11 11 4 3 5 5 10 2 9 11 5 5 11 4 4 11 4 5 4 5 4 4 10 0 10 8 8 9 8 7 11 10 8 8 10 7 0 9 8 5 10 7 8 7 11 10 8 8 10 10 8 2 7 7 7 7 7 7 6 11 11 2 5 9 11 4 5 8 11 5 4 4 4 4 4 11 5 4 4 10 8 11 11 5 5 10 8 11 11 5 5 4 4 4 4 4 4 4 4 4 10 10 8 8 11 2 10 10 8 6 8 11 5 10 10 2 6 8 10 8 10 10 2 6 8 4 11 5 7 10 10 8 8 7 7 7 10 8 7 7 7 10 7 7 10 7 8 2 9 5 11 5 7 7 11 11 5 4 5 10 2 10 8 7 10 8 7 11 11 5 5 11 4 4 3 5 11 11 2 5 4 4 11 11 5 5 9 8 11 11 5 2 11 3 4 5 11 11 2 5 9 8 4 1 3 4 4 4 10 10 2 8 7 9 7 7 8 7 7 10 10 2 6 7 7 7 8 10 2 10 9 8 8 7 7 7 7 0 9 8 7 10 2 6 11 11 4 5 5 11 4 11 4 2 3 4 4 4 11 5 5 4 4 4 4 4 1 3 4 11 5 0 9 8 10 10 8 8 10 2 3 10 10 7 8 8 11 5 10 10 7 8 7 7 8 10 7 7 7 7 8 11 4 11 5 2 4 4 11 3 11 5 5 7 11 2 6 11 11 5 5 11 4 5 4 11 11 5 4 4 5 10 7 0 6 7 7 7 8 0 6 7 7 7 7 7 7 7 7 7 10 10 2 8 11 4 5 10 9 8 8 10 2 6 11 11 4 4 5 5 11 4 11 1 3 4 5 4 4 4 4 5 4 4 4 10 2 11 11 5 3 4 5 11 11 4 5 2 9 7 7 7 8 10 7 8 7 7 7 10 10 8 7 7 8 11 5 11 10 7 8 8 10 7 10 2 6 8 10 2 7 11 11 5 5 9 8 4 11 11 1 5 5 4 11 9 5 4 4 1 3 4 5 11 2 3 4 4 4 4 4 4 10 10 8 2 9 8 10 8 7 7 11 10 2 6 8 7 7 7 7 10 8 7 11 10 8 8 10 8 10 8 7 10 7 10 8 8 10 10 2 8 9 5 10 7 7 7 11 5 4 4 4 4 4 5 4 4 4 4 11 11 4 5 4 5 11 4 11 5 4 4 4 5 7 0 6 10 7 7 8 10 0 9 7 8 8 4 11 5 10 10 8 7 8 10 10 8 8 4 11 5 10 7 8 7 7 7 0 6 7 10 8 7 7 10 8 11 11 5 2 10 8 4 11 3 11 5 5 11 11 5 5 4 11 4 11 4 5 2 3 4 10 10 8 8 11 5 7 11 11 5 5 4 11 11 5 4 5 11 11 1 3 4 4 5 5 11 2 9 4 5 0 9 10 7 8 7 8 1 9 5 11 4 5 4 10 10 2 6 8 7 7 7 10 7 8 7 11 11 2 5 11 3 5 10 0 6 7 7 7 8 7 7 7 7 7 7 7 7 10 10 2 8 9 5 11 4 11 4 5 5 4 4 4 4 4 4 4 4 4 4 11 1 9 5 5 11 2 3 10 10 7 8 5 10 7 7 0 7 7 9 8 8 10 10 8 7 7 7 8 0 10 9 5 8 4 4 4 11 5 10 11 5 5 4 4 4 11 11 5 2 9 5 7 7 7 7 7 7 10 10 8 2 6 11 4 4 4 5 1 4 4 4 3 4 11 11 5 4 5 4 11 2 3 10 7 10 7 8 7 7 7 10 7 8 7 7 7 7 7 7 8 10 2 9 10 8 8 7 7 1 11 3 11 5 4 5 11 2 3 4 4 10 10 8 7 8 7 7 7 10 7 7 10 8 2 9 5 10 10 8 8 4 4 4 4 4 4 4 4 1 9 5 4 11 4 11 4 5 5 4 0 9 5 10 10 8 7 8 10 10 8 7 7 8 10 10 8 2 10 8 7 7 7 6 11 11 5 2 9 5 4 11 4 4 4 11 5 5 11 4 4 4 11 5 2 9 8 11 11 4 5 7 7 7 8 11 4 4 4 4 5 7 7 11 2 11 11 3 5 4 5 11 2 4 3 4 10 10 7 7 8 8 10 7 7 8 7 7 7 7 7 7 10 8 10 10 2 6 7 8 7 11 5 10 10 2 8 7 7 10 10 8 8 6 11 5 11 11 4 4 4 4 4 4 4 4 5 2 9 8 4 4 4 4 11 5 4 4 4 1 9 11 5 5 11 2 3 10 10 7 7 7 7 8 7 7 8 7 7 7 10 8 10 10 8 2 9 8 4 11 4 4 11 5 5 11 4 4 4 5 11 11 5 2 11 5 3 7 10 10 8 7 7 7 7 0 6 8 10 10 8 7 7 7 7 8 0 10 9 8 5 11 4 5 11 4 5 4 4 4 4 11 11 5 2 6 11 4 5 10 11 5 5 11 4 5 11 11 5 5 4 4 11 11 2 5 7 9 8 10 10 8 8 7 7 7 0 7 9 8 10 10 2 8 9 5 10 10 8 7 8 11 5 1 3 4 11 5 7 11 2 10 10 7 7 7 7 7 7 7 8 8 6 10 7 7 11 5 5 10 7 8 10 10 7 8 2 9 5 11 5 11 11 2 3 4 4 4 5 4 4 4 4 1 4 4 4 4 3 4 11 4 5 1 9 5 4 11 11 5 2 3 10 8 4 4 10 10 8 7 7 7 8 10 10 7 8 5 10 8 7 7 7 7 10 10 8 8 10 2 10 10 8 7 6 7 8 10 2 11 9 4 5 4 4 4 4 4 5 4 11 2 10 10 8 8 6 7 7 10 8 10 10 8 8 1 4 3 4 4 11 5 11 1 3 5 4 4 11 11 5 4 4 5 4 10 10 8 7 8 10 2 11 9 8 8 4 4 4 11 11 5 2 9 8 4 4 4 10 10 0 6 8 8 7 10 0 9 8 7 7 7 7 7 8 4 10 10 8 7 8 1 3 4 11 5 4 11 4 5 11 11 5 2 9 5 4 10 10 8 8 11 5 10 10 8 7 7 8 10 10 8 7 7 7 0 6 7 7 10 8 7 7 7 8 10 2 6 11 11 4 4 2 5 11 5 4 4 11 9 5 8 11 4 4 11 2 3 5 10 8 10 7 7 10 7 8 5 10 2 10 6 10 8 8 10 2 7 7 10 8 4 4 11 11 5 5 4 4 4 9 4 5 10 8 11 11 4 5 2 6 11 5 11 5 4 4 1 11 9 5 5 4 1 9 4 5 4 11 11 5 2 11 5 3 4 10 10 8 7 7 0 6 7 7 7 7 8 10 7 7 7 0 6 8 10 8 10 10 2 6 7 8 7 7 7 10 10 8 8 4 4 11 2 11 11 5 3 4 5 7 11 4 5 4 4 4 4 1 9 5 11 11 5 5 11 4 4 4 4 4 5 4 10 11 5 5 11 11 5 2 7 10 8 10 10 7 6 7 7 8 8 10 10 8 8 0 6 7 7 7 10 8 7 7 7 7 10 8 10 10 8 2 4 9 5 7 7 7 7 11 11 1 3 4 5 4 5 10 7 8 11 5 11 11 1 3 4 4 5 4 5 4 11 11 5 4 4 4 4 5 11 4 0 9 8 8 7 10 7 7 8 7 7 10 10 8 8 10 10 2 8 11 5 7 9 11 5 5 4 11 5 4 4 4 4 4 4 11 11 5 5 0 10 7 7 6 10 8 8 10 10 8 8 7 7 7 7 10 8 11 2 9 5 7 7 7 7 7 7 11 11 2 5 11 11 3 4 4 5 5 1 3 4 11 5 7 10 10 8 8 11 11 4 4 4 5 5 7 11 11 5 5 11 11 2 5 11 11 4 4 5 3 4 4 5 11 11 2 5
ppo_x50_b_fd_l4,60,qv26_63,26,314,True,1780.0,20.576437950134277,8 8 10 9 8 8 10 10 8 8 11 5 10 10 7 8 8 0 9 10 8 8 11 5 10 10 7 8 8 10 10 8 8 11 5 10 10 8 2 11 3 5 11 11 5 5 0 9 11 5 4 5 4 4 4 4 11 11 4 5 8 1 9 8 10 8 10 10 7 7 8 0 6 7 8 7 10 7 7 10 7 8 8 10 10 8 8 11 5 11 4 5 10 10 8 7 7 10 7 8 5 11 2 4 10 10 8 8 10 9 8 8 7 7 10 2 7 6 11 11 2 5 4 11 9 5 5 4 4 11 2 11 9 5 8 4 4 4 11 4 4 4 1 9 5 5 4 4 4 4 4 11 4 5 4 10 10 8 2 10 7 7 7 10 7 6 8 8 7 7 7 7 7 7 7 10 7 8 1 4 9 5 4 1 4 9 4 5 10 10 8 2 10 10 6 8 8 10 2 10 6 7 7 7 7 7 8 11 11 4 5 2 9 8 11 11 5 4 5 7 7 10 8 11 11 5 5 11 11 5 2 3 4 4 4 4 4 1 9 5 11 4 4 4 5 11 11 5 2 6 11 4 4 5 4 11 5 10 2 10 7 10 7 6 7 7 7 8 8 10 8 10 0 6 7 7 8 7 7 7 7 11 5 10 10 8 7 7 8 10 7 8 7 11 11 5 2 11 5 11 11 3 5 4 4 4 4 5 4 4 11 11 5 5 7 10 2 6 4 11 11 4 5 8 4 4 4 11 5 1 3 7 10 8 10 10 8 7 8 7 7 7 7 7 11 10 8 8 11 5 10 10 8 7 7 8 11 5 11 11 5 2 3 4 11 4 4 11 5 2 9 8 11 4 4 1 9 5 8 4 11 4 4 11 5 4 5 4 4 0 10 10 8 6 7 7 7 8 10 7 10 8 8 7 7 7 7 7 10 7 8 10 10 8 7 7 7 7 7 8 11 2 11 11 4 4 3 4 5 4 4 5 10 2 11 9 5 5 11 4 4 4 4 4 4 5 1 4 3 10 10 7 8 8 10 10 8 7 10 8 8 11 2 10 6 7 7 10 8 7 8 7 10 10 8 2 9 8 4 11 4 1 9 5 4 5 4 10 8 11 11 5 4 4 4 4 4 4 5 11 4 4 4 11 5 2 9 8 4 11 11 4 5 8 0 9 5 10 7 7 10 8 8 7 10 10 7 2 6 8 10 7 10 7 8 8 10 7 7 7 8 7 0 9 8 4 11 11 5 4 4 5 11 4 5 10 11 5 5 4 4 11 5 7 11 5 4 4 11 11 5 2 3 11 5 10 10 7 7 7 7 7 7 0 7 7 6 8 8 10 10 8 7 7 8 10 7 7 10 8 8 7 7 11 11 5 4 4 5 10 2 11 9 4 5 8 4 4 11 5 1 3 4 4 4 4 4 11 11 2 5 3 10 8 7 10 10 8 7 7 7 7 7 8 7 7 7 7 7 10 10 2 8 6 11 5 4 11 11 5 4 5 4 4 11 4 4 5 10 7 0 6 8 11 11 5 5 10 8 11 11 4 5 5 10 8 11 11 4 5 2 9 8 4 11 5 4 4 4 4 4 4 4 11 11 5 5 7 7 11 2 10 10 8 8 7 7 10 10 6 8 8 10 10 2 8 6 10 8 4 10 10 8 8 7 7 0 6 10 10 8 7 7 8 4 1 11 5 3 4 4 4 4 4 4 4 10 8 10 2 7 9 11 5 5 11 2 3 4 4 4 11 11 5 2 9 5 11 5 10 10 8 7 7 7 7 7 7 7 7 7 7 7 7 7 7 10 8 2 7 10 8 9 10 8 8 11 5 4 4 4 4 4 4 11 4 1 3 5 4 4 4 11 5 11 11 5 2 3 7 7 10 10 2 8 9 5 11 10 8 8 7 7 7 10 7 10 8 8 10 10 8 8 10 10 8 8 1 9 5 4 4 11 5 4 4 11 4 11 5 5 11 11 1 3 5 4 5 4 4 4 10 11 5 5 10 2 10 7 11 5 3 5 11 2 11 11 3 5 5 10 11 5 2 9 5 10 10 8 7 7 8 7 7 7 10 8 0 7 7 7 7 7 7 7 6 7 10 7 8 10 10 7 7 7 8 5 11 4 5 10 2 9 10 8 8 4 11 5 4 11 4 11 4 5 8 11 5 10 11 4 5 5 10 8 7 11 11 4 5 8 11 5 4 4 4 4 4 11 4 4 11 2 3 5 7 10 10 7 8 8 10 10 7 8 8 10 8 7 1 9 10 8 7 7 0 6 8 7 7 10 7 10 8 4 5 10 8 7 7 11 1 3 11 5 4 5 4 4 4 4 4 4 4 11 5 4 4 10 2 9 11 5 4 5 11 4 4 11 4 5 4 4 5 10 10 8 2 9 5 10 10 8 7 8 10 2 6 10 10 7 8 8 10 10 7 7 8 7 8 7 11 5 1 11 9 5 5 7 11 11 5 5 11 4 5 4 10 10 8 2 7 9 7 8 10 7 7 7 10 8 2 7 7 6 7 11 11 5 5 4 4 11 0 9 5 5 11 4 5 10 11 5 5 4 4 4 4 11 11 2 3 4 5 11 2 11 11 5 4 3 5 7 7 7 7 11 5 11 5 10 10 7 8 7 7 8 10 7 8 7 7 7 7 0 9 10 8 7 7 8 4 10 2 11 4 3 5 4 4 4 11 11 5 2 4 9 5 7 7 7 7 10 10 2 6 7 7 7 8 10 8 7 10 10 8 2 9 8 4 4 4 11 4 5 4 4 4 4 4 1 9 5 4 4 4 11 5 4 4 4 11 11 5 2 9 8 4 4 10 10 8 0 7 8 9 5 11 5 10 10 7 7 7 8 7 7 10 8 7 8 11 4 5 7 10 7 7 7 8 4 11 11 5 5 11 4 4 5 7 0 9 10 8 8 10 7 8 10 10 7 8 8 10 10 8 8 4 11 11 4 5 8 10 8 10 10 7 7 8 5 10 8 10 10 2 8 9 5 11 11 4 5 4 5 4 1 3 4 11 4 11 4 2 3 5 4 11 11 5 2 11 5 3 4 10 10 8 7 8 7 7 7 10 8 4 10 0 9 8 7 8 7 10 10 2 8 9 5 4 10 10 8 2 7 7 7 7 7 7 6 11 11 2 5 4 4 4 3 4 4 4 4 4 11 5 10 2 9 11 5 4 5 10 8 4 4 4 4 11 4 5 0 9 10 8 8 10 10 8 8 10 10 8 7 7 8 1 4 11 5 10 10 8 8 11 4 5 4 3 11 4 4 4 11 5 5 4 10 2 11 11 4 5 5 9 7 11 5 5 0 9 8 10 10 7 8 7 7 8 7 10 10 8 8 10 10 8 7 10 8 7 7 8 7 7 7 7 10 7 7 8 1 11 3 11 5 5 10 8 11 11 4 5 5 4 4 4 4 4 4 11 10 0 8 8 10 9 8 7 8 7 0 9 5 10 10 8 2 6 11 5 11 11 2 5 11 9 5 5 11 11 5 4 4 4 5 4 4 11 4 5 4 4 10 8 0 10 9 8 8 7 7 10 7 7 8 11 10 8 8 7 7 10 8 1 10 10 8 7 7 7 8 7 6 10 10 8 8 4 4 4 11 5 7 11 11 5 4 5 4 4 4 4 4 4 4 11 5 10 8 7 11 11 5 5 4 4 11 1 9 5 5 11 2 4 3 4 4 4 10 10 2 8 10 8 10 6 8 4 4 10 10 8 7 7 8 7 10 10 7 8 7 7 10 8 5 10 2 10 8 7 6 7 7 7 7 7 0 6 10 7 8 11 11 5 5 11 11 5 5 11 4 11 5 5 4 1 3 4 4 4 4 4 4 11 5 4 11 5 11 11 5 2 3 11 5 10 10 8 7 7 8 7 7 7 10 7 8 4 10 10 8 0 6 8 10 7 8 10 10 8 8 7 7 11 11 2 5 11 11 5 3 4 5 10 2 6 11 11 2 3 4 5 7 11 11 2 3 4 4 5 11 11 2 5 11 11 5 5
ppo_x50_b_fd_l4,61,qv26_64,26,327,True,1851.0,10.119123458862305,8 8 10 10 8 8 10 10 8 8 9 5 0 10 10 8 8 9 10 8 8 11 5 10 10 7 8 8 10 10 8 8 11 5 10 10 7 8 8 10 0 9 8 8 10 2 10 10 8 8 10 9 8 8 10 2 10 10 8 8 4 4 9 11 5 5 4 4 4 4 4 4 4 4 4 4 11 5 4 4 11 4 4 4 11 5 2 9 8 4 10 10 8 8 10 10 7 7 8 5 10 10 2 8 9 5 10 10 8 7 10 7 8 8 7 7 7 7 10 8 0 6 7 7 10 7 8 7 7 11 2 11 11 5 5 4 4 3 4 4 4 11 11 5 5 4 10 10 8 7 8 11 4 5 7 11 11 5 4 4 5 7 10 8 10 11 4 2 3 4 4 5 4 4 4 11 5 10 2 9 11 5 5 10 7 7 8 7 7 10 10 8 8 4 11 5 10 0 7 9 8 8 10 0 9 8 7 8 10 10 8 8 7 7 10 10 8 8 4 11 5 10 11 2 5 11 9 4 5 8 11 5 11 2 11 11 5 4 5 9 11 5 4 4 4 5 10 2 9 10 8 8 4 11 5 4 11 11 5 4 4 5 4 1 11 9 8 5 7 10 7 7 7 7 7 8 7 10 8 7 7 10 1 9 8 8 7 7 7 10 8 10 8 7 7 0 10 7 7 8 6 11 11 4 5 2 4 4 11 11 3 5 4 5 4 4 4 4 1 3 4 1 4 11 5 11 11 4 4 4 5 5 9 7 8 7 7 7 7 7 7 10 10 8 8 11 5 10 10 8 7 8 7 7 7 10 8 10 7 11 2 5 3 4 11 5 4 11 4 4 5 4 4 4 4 11 5 4 4 4 11 11 5 5 7 11 2 9 10 8 8 11 5 10 10 2 6 8 10 10 7 8 8 10 10 7 8 5 7 7 7 7 7 7 7 10 2 6 7 7 7 7 7 10 10 8 2 11 5 11 11 4 3 5 4 4 5 11 5 11 11 5 5 4 11 2 9 11 5 5 4 4 1 4 4 3 4 11 5 10 10 8 8 10 10 7 8 8 10 10 8 8 10 7 7 7 7 7 10 8 2 7 7 10 8 4 11 11 5 5 4 4 4 11 3 5 10 7 7 7 8 7 10 8 4 11 11 4 2 4 4 5 9 8 11 5 4 4 4 4 4 1 3 4 1 3 4 4 4 11 11 5 5 7 0 7 6 10 8 10 7 7 8 7 7 7 11 5 10 10 2 6 7 8 10 2 10 10 8 7 8 7 11 9 5 5 11 4 4 11 5 2 3 4 11 5 11 11 5 5 10 2 6 7 10 8 4 4 11 2 3 4 4 11 11 4 5 5 10 2 9 11 5 5 10 7 7 7 7 10 8 8 7 7 10 8 7 7 10 8 7 7 0 6 7 7 0 10 9 8 7 8 7 10 2 6 11 11 2 3 4 5 10 8 11 4 5 7 11 11 5 5 4 4 11 4 11 5 5 4 11 11 5 5 4 4 4 4 10 10 8 2 9 8 10 0 6 10 8 7 7 7 7 8 7 7 10 7 7 7 8 10 2 11 11 5 5 11 9 4 5 5 10 8 11 11 4 5 5 10 11 4 5 5 10 8 11 11 5 4 4 4 5 10 11 5 5 11 4 11 2 4 5 4 3 4 4 4 10 10 8 2 9 8 0 7 6 7 7 0 9 10 2 8 7 6 7 7 7 10 8 7 7 7 10 7 7 7 7 7 10 2 6 8 11 5 11 11 4 5 5 11 11 2 5 11 11 4 3 5 5 4 4 4 11 5 10 11 5 5 4 4 10 10 8 7 7 8 7 11 5 4 4 4 4 11 5 11 5 11 4 11 5 5 0 7 9 8 7 10 10 7 8 2 10 7 7 6 8 11 5 10 10 8 7 8 7 10 7 7 8 7 10 10 2 8 6 4 11 11 4 4 4 4 5 8 7 11 5 4 4 4 4 11 5 7 11 11 5 4 5 7 10 8 4 11 11 5 4 5 0 7 7 7 6 7 7 7 7 7 11 11 5 5 10 8 7 0 6 7 7 10 8 7 0 9 10 7 8 5 7 7 11 2 11 11 5 4 3 5 4 10 11 5 5 11 11 4 5 4 5 11 4 5 4 11 11 2 3 5 11 4 11 5 5 11 11 2 5 6 7 7 10 7 7 7 8 7 7 11 11 5 2 9 5 11 5 11 4 11 2 4 3 4 4 5 4 4 4 10 2 10 10 7 8 8 7 7 7 7 7 7 7 6 7 10 8 10 10 8 8 10 7 8 7 1 3 11 11 5 5 4 4 11 11 2 5 9 4 5 4 4 4 11 11 2 5 9 8 11 5 4 4 11 11 2 5 9 8 7 10 10 7 8 5 7 7 7 7 0 6 7 7 7 10 0 8 6 7 7 7 7 10 8 11 5 10 7 7 7 10 2 8 11 5 11 11 4 5 4 3 4 5 11 11 2 5 11 9 5 5 4 11 11 5 4 5 11 5 10 0 9 5 8 7 10 10 7 7 8 7 7 7 8 11 4 10 8 7 7 7 7 8 10 2 6 11 11 4 4 4 5 5 10 2 9 7 8 11 4 4 5 4 4 4 4 4 4 1 4 4 4 4 11 4 4 4 5 4 4 3 10 10 8 8 7 10 10 7 7 2 8 9 5 10 10 8 2 9 10 8 7 8 11 4 5 10 7 10 8 8 7 10 8 10 8 7 10 10 2 6 8 10 10 8 8 10 2 11 11 5 3 4 4 5 11 2 3 11 5 11 11 2 3 4 4 4 4 5 10 11 4 5 5 10 8 11 11 5 5 11 11 2 5 3 10 8 10 10 8 7 8 1 9 10 8 8 10 10 8 8 11 5 10 10 7 8 8 11 5 7 7 10 8 7 7 7 10 10 8 8 11 4 5 7 7 7 7 7 7 10 10 2 8 11 5 11 11 4 4 3 5 5 4 4 11 5 11 11 2 5 11 3 4 4 5 4 4 11 11 2 5 10 8 11 9 5 5 4 4 4 4 4 4 10 2 10 10 8 7 6 7 7 8 7 7 10 10 2 6 8 7 7 7 7 7 10 8 11 2 4 10 9 8 7 7 8 7 11 2 11 11 5 3 5 11 2 11 4 11 4 5 4 4 3 5 11 11 5 2 9 8 11 4 11 2 5 9 8 4 4 4 4 4 4 10 10 0 6 8 7 10 8 7 8 7 7 7 7 10 8 11 5 10 10 7 8 5 10 7 8 11 10 8 8 7 0 9 11 5 5 11 4 5 4 4 11 11 5 5 7 11 5 4 4 4 4 4 4 11 5 0 9 8 10 10 7 0 6 8 8 7 11 10 8 8 7 10 8 7 7 7 7 7 0 7 7 7 7 7 10 8 6 11 5 11 11 4 2 3 5 4 4 4 4 1 10 9 5 5 4 4 4 4 4 4 4 11 4 11 2 5 9 8 11 10 7 8 8 11 5 10 10 7 0 7 6 7 8 5 10 10 7 8 2 9 8 11 4 4 11 2 3 5 10 8 4 4 11 4 4 4 4 4 4 4 4 11 2 5 9 8 10 10 8 8 10 7 7 7 7 7 10 7 7 8 8 10 7 10 8 7 8 11 4 4 5 11 5 7 1 9 11 5 5 4 4 11 5 10 10 8 2 10 10 7 7 7 7 7 7 6 7 7 8 5 7 7 11 2 11 9 5 5 11 5 4 10 11 2 3 5 11 4 4 11 2 3 5 7 10 7 7 7 10 7 7 8 5 10 7 10 8 7 7 8 10 2 11 11 5 3 4 4 5 1 3 4 4 4 11 1 9 5 8 11 5 4 11 5 4 4 4 4 4 4 11 4 11 5 2 9 8 4 4 4 10 10 0 6 7 8 7 7 8 11 2 10 9 8 8 7 7 10 8 7 7 7 7 7 7 10 10 7 8 8 11 5 10 10 7 8 8 7 10 8 10 2 11 11 4 3 5 5 4 4 4 4 11 11 5 2 4 4 3 11 4 5 4 11 11 5 4 4 4 4 4 5 10 10 8 2 9 10 8 8 11 5 10 10 8 8 7 7 7 7 7 10 8 10 10 8 8 10 8 7 10 10 7 2 6 8 7 7 11 11 2 5 11 11 5 5 11 11 4 4 3 5 4 4 5 11 11 5 5 11 11 2 4 4 5
ppo_x50_b_fd_l4,62,qv26_65,26,324,True,1828.0,10.004782915115356,8 8 10 9 8 8 10 10 8 8 11 5 10 10 0 6 8 8 7 7 10 10 8 8 10 10 8 8 11 5 7 10 10 7 8 5 10 10 8 8 11 5 10 10 2 8 10 9 8 8 10 10 8 8 11 5 7 10 10 8 8 10 10 8 8 1 9 5 11 11 5 4 4 5 4 4 4 4 1 4 3 4 4 4 4 4 11 11 5 5 7 10 8 4 11 2 11 11 4 5 8 4 11 5 11 9 5 5 7 0 7 6 7 7 7 10 10 8 7 8 10 2 9 10 8 8 10 8 7 7 10 8 7 7 7 10 7 8 7 10 2 7 6 11 11 5 2 9 5 11 11 5 5 1 11 11 4 4 3 5 5 11 11 5 5 4 4 4 4 1 11 4 3 5 10 10 8 8 10 10 8 7 8 4 11 5 7 10 10 2 6 7 8 10 8 10 10 7 8 2 9 8 11 5 11 11 5 5 4 4 4 4 11 5 4 4 4 11 5 4 11 11 5 2 11 5 3 10 10 8 7 7 7 8 10 10 2 8 9 7 7 8 11 11 5 5 11 5 10 10 8 8 7 7 10 8 7 7 10 10 2 6 8 10 7 7 7 7 7 7 8 11 11 2 3 5 11 11 5 5 11 11 4 5 8 11 2 3 4 4 11 11 5 5 11 5 4 11 11 5 4 5 0 6 7 7 0 6 7 7 7 7 0 6 7 7 7 7 10 7 8 11 11 2 5 9 5 11 11 4 1 3 5 4 5 10 11 5 5 11 4 11 5 5 4 4 4 11 11 5 8 4 4 11 5 10 8 4 4 11 11 2 5 3 7 7 7 10 7 10 8 8 7 0 6 7 7 7 7 7 7 7 7 7 11 1 5 11 4 11 5 3 5 4 4 4 11 4 5 4 4 11 2 9 5 10 10 8 8 7 0 7 10 8 10 9 8 7 8 7 10 8 10 1 11 3 5 5 11 2 11 11 5 3 5 11 11 5 5 11 2 11 4 4 5 11 11 5 5 4 3 7 7 7 10 7 8 10 7 8 10 10 2 8 6 7 7 10 10 8 2 10 7 9 8 8 7 7 7 7 7 10 8 7 10 2 6 11 11 4 5 5 4 4 11 11 1 3 5 8 11 5 11 5 11 11 5 5 11 11 2 3 4 5 4 4 4 11 5 10 2 9 11 4 5 8 4 4 4 11 2 3 10 10 7 7 7 8 7 7 7 8 7 7 7 7 7 7 7 10 8 7 10 2 7 9 7 7 8 11 11 5 5 11 11 5 5 11 2 3 4 11 1 9 5 8 4 4 4 11 4 5 4 11 4 4 4 4 5 0 6 10 7 10 8 8 10 2 9 10 7 8 7 8 11 5 10 10 7 8 7 8 1 3 4 11 4 5 4 1 3 4 11 5 4 11 5 10 10 2 8 11 5 4 11 11 5 5 7 7 7 7 9 10 7 8 2 7 7 6 7 7 7 7 7 7 7 7 7 7 7 10 10 8 2 6 11 5 11 11 4 2 5 11 11 4 5 3 5 0 9 8 11 11 4 5 8 11 5 11 5 7 11 11 5 4 4 5 11 11 5 5 4 10 10 2 8 9 5 11 11 4 5 8 4 11 5 11 5 4 4 4 10 10 8 2 6 7 7 7 10 10 8 7 7 8 7 7 7 0 9 8 10 7 7 7 10 8 8 10 2 6 11 11 5 4 1 3 1 3 5 10 11 5 5 4 11 11 5 2 11 5 9 4 5 11 11 5 5 0 9 8 10 7 7 10 8 7 7 7 7 7 8 11 7 0 6 7 10 8 7 8 10 10 8 2 6 11 5 11 11 4 5 5 4 4 4 4 10 11 4 5 8 4 11 4 5 4 4 4 11 11 4 5 5 11 4 5 7 0 9 11 5 5 10 7 8 7 7 7 7 10 7 7 7 7 7 8 4 10 10 7 8 5 10 8 10 7 8 10 10 2 8 4 11 11 4 5 5 3 11 5 4 4 4 4 11 11 5 2 9 5 11 1 9 5 8 4 11 4 11 5 5 11 11 5 5 7 7 11 2 9 11 5 2 4 3 4 10 10 8 7 7 7 7 7 0 8 9 10 7 8 7 7 8 7 10 8 0 9 10 8 8 10 2 7 11 11 5 3 4 4 5 11 2 11 4 9 5 4 5 7 11 11 4 5 8 4 11 4 11 5 5 4 11 5 0 10 9 8 7 7 8 11 10 7 7 8 7 7 8 7 10 10 8 7 8 7 10 10 8 7 7 7 7 8 7 11 11 2 3 5 11 11 2 5 11 3 4 5 4 4 11 5 11 1 3 4 4 4 4 4 5 11 11 5 1 3 4 5 4 4 4 10 10 8 7 8 11 2 3 10 10 7 8 8 11 2 10 9 8 8 7 7 10 8 11 5 7 7 7 7 7 7 7 7 7 7 7 10 10 8 2 6 4 11 5 11 11 5 5 4 4 11 5 4 10 11 4 5 5 10 8 11 11 5 5 4 11 4 5 4 11 11 2 5 3 10 8 7 10 10 7 8 8 0 9 0 9 8 7 7 8 11 5 11 4 5 7 7 10 10 7 8 8 10 10 8 8 7 10 2 9 10 8 2 7 7 6 7 11 11 5 4 1 4 3 4 4 4 5 10 11 5 4 4 4 5 11 4 4 4 4 4 4 11 5 5 7 7 7 11 2 11 11 4 5 4 3 5 10 7 8 7 0 7 10 10 7 7 8 6 8 7 7 11 10 2 6 7 7 7 8 10 2 6 11 11 5 5 4 4 4 11 2 11 9 5 5 4 4 0 10 9 8 7 7 7 7 7 7 8 7 7 7 11 2 11 11 5 5 4 4 9 5 11 4 4 4 4 5 11 11 5 4 5 11 4 11 5 4 4 4 5 10 2 3 10 10 8 8 11 5 10 10 8 8 10 7 7 0 6 7 7 7 10 8 7 8 10 10 7 8 8 7 7 10 8 7 7 7 7 10 8 11 5 10 7 11 2 5 11 5 11 11 4 3 5 4 5 10 2 9 8 11 11 5 4 4 5 0 9 8 11 11 5 4 5 11 4 5 7 11 11 2 3 4 5 4 11 5 10 2 9 8 11 11 5 5 10 7 7 7 8 7 7 7 7 7 7 10 8 10 7 10 2 8 6 4 11 4 11 2 3 4 5 10 8 7 7 11 1 3 11 5 4 11 5 5 4 4 4 11 5 10 2 9 11 5 4 4 4 5 11 2 3 4 11 11 5 2 3 10 10 7 7 8 7 8 10 8 7 7 0 7 10 9 8 8 7 7 11 5 10 8 7 7 11 10 8 8 11 5 7 10 10 8 8 11 10 8 7 7 8 0 6 7 11 11 4 5 5 4 11 11 5 4 4 5 11 11 5 5 4 4 4 11 4 4 4 4 5 4 4 11 5 7 11 11 5 5 10 8 10 10 2 6 7 8 10 7 10 7 8 8 10 8 10 10 8 7 7 7 11 2 5 11 11 4 5 3 4 5 10 8 10 8 11 11 4 5 5 11 4 11 5 2 9 5 11 11 2 5 9 8 7 7 10 10 8 7 8 10 1 4 4 4 4 9 5 8 4 4 4 4 11 5 1 9 8 10 7 10 8 7 7 7 7 7 7 7 7 8 0 9 8 7 10 7 10 7 8 7 8 10 10 8 4 4 4 5 7 10 7 2 7 10 10 8 8 7 6 4 4 4 4 4 11 5 4 4 4 4 4 4 4 4 4 4 10 0 8 6 7 7 10 8 7 11 11 4 5 2 9 8 1 11 9 5 5 11 11 5 1 3 4 5 0 10 7 7 8 10 6 7 7 7 7 8 4 10 10 0 6 8 7 7 8 11 5 10 7 8 10 7 0 8 7 6 11 11 4 5 5 11 11 2 3 5 4 4 4 4 4 4 4 4 4 4 11 5 11 11 5 4 5 7 10 11 2 5 11 11 5 5 4 11 9 5 5 10 8 4 10 10 8 8 7 7 10 10 8 8 7 7 7 7 10 8 10 10 8 8 7 7 10 2 10 10 8 6 8 10 10 2 8 7 7 11 11 5 3 4 4 4 4 5 11 11 4 4 4 2 4 5 11 11 5 5 11 11 3 5 5 11 11 2 5
ppo_x50_b_fd_l4,63,qv26_66,26,326,True,1832.0,10.092180728912354,8 8 10 9 8 8 10 10 8 8 11 5 10 10 7 8 0 8 9 10 8 8 11 5 10 10 7 8 8 10 10 8 8 11 5 10 10 7 8 8 11 5 10 0 6 10 8 8 11 5 10 10 7 7 8 5 10 2 9 10 8 8 11 10 7 8 8 11 5 7 10 2 10 10 8 8 4 4 4 4 3 4 1 4 3 4 4 1 9 5 4 11 4 4 1 9 5 4 5 4 4 11 5 4 4 11 2 11 9 5 5 7 0 9 8 10 10 7 8 8 10 10 7 7 8 8 7 11 5 10 10 8 7 7 7 8 7 10 7 10 8 8 1 3 4 4 4 11 4 5 10 10 8 8 4 10 11 2 5 11 9 5 4 4 4 4 4 5 4 4 4 11 4 5 11 2 3 10 10 7 2 8 7 10 10 7 6 7 8 7 8 7 7 7 7 7 7 7 7 7 7 10 8 10 2 11 3 5 11 11 5 2 6 4 11 5 11 11 5 5 11 4 5 4 11 5 4 11 4 4 4 4 4 5 4 10 10 2 6 8 10 10 7 0 6 7 8 8 10 2 6 7 7 7 10 8 7 7 10 10 2 8 11 5 7 7 6 7 7 7 10 10 8 2 9 5 11 4 11 4 5 4 5 10 8 11 1 3 4 4 5 4 4 4 1 9 5 11 4 4 4 11 2 5 3 10 8 10 10 7 8 8 11 5 10 7 7 10 8 8 4 11 2 9 5 10 7 10 7 8 8 11 5 10 10 7 8 8 11 5 7 7 10 10 7 8 5 4 10 2 10 8 7 6 11 11 4 4 4 4 5 5 11 5 4 4 11 11 5 4 5 10 2 9 11 5 5 4 4 4 4 11 5 4 10 10 8 8 11 2 6 10 10 8 8 7 7 7 7 10 10 2 8 6 4 11 4 11 2 3 5 10 8 11 11 2 4 5 9 8 11 11 5 4 4 5 4 1 9 11 5 5 10 8 11 11 5 2 3 10 7 7 8 10 7 8 7 7 10 7 8 10 10 7 7 7 7 2 6 8 7 10 7 8 1 11 5 3 10 10 2 8 9 5 10 10 8 8 10 2 9 11 5 5 4 4 4 4 11 5 4 4 4 4 4 4 11 5 10 10 2 8 11 4 5 4 4 4 3 11 11 5 5 7 7 10 8 10 10 8 8 7 7 7 7 7 7 7 7 7 7 7 0 6 7 7 7 7 7 10 8 11 5 7 11 11 2 5 6 11 5 4 11 11 2 3 5 4 4 11 4 1 9 5 8 7 11 11 4 5 4 5 10 11 5 5 4 4 4 4 11 11 2 5 4 4 3 10 10 8 7 7 8 10 10 7 8 7 7 7 7 7 8 10 2 10 9 8 7 8 7 7 10 7 7 8 4 10 10 8 8 11 4 2 11 9 5 4 4 5 4 4 11 5 4 4 4 4 4 4 11 2 3 7 10 10 8 7 7 10 8 8 11 5 10 10 8 8 10 7 8 10 10 8 8 11 2 11 11 4 3 5 4 4 4 5 4 11 4 4 4 4 4 4 4 4 1 4 5 3 10 10 8 8 10 10 2 8 10 7 9 8 5 10 8 7 7 0 7 9 7 8 11 4 5 7 10 10 7 8 8 10 10 8 8 10 10 8 2 7 11 11 5 5 10 8 7 6 7 7 10 7 7 7 11 5 5 10 2 9 11 5 5 11 4 11 5 5 4 4 11 4 5 7 7 11 2 9 11 5 5 11 5 4 11 5 4 4 4 4 4 4 11 5 10 8 4 4 4 11 5 10 10 0 7 7 7 7 6 8 8 11 4 5 10 7 0 9 8 7 7 8 7 7 10 8 11 5 7 7 7 7 7 7 10 10 2 8 9 5 4 11 11 5 5 1 3 4 4 4 4 10 11 4 5 4 4 5 10 2 10 9 8 8 10 2 7 10 6 10 8 7 7 8 7 11 2 11 3 11 5 5 11 2 11 9 8 5 4 11 11 5 4 4 4 5 7 10 10 8 8 11 5 4 11 11 5 4 5 11 4 5 10 8 11 11 4 5 2 3 4 10 10 8 8 10 7 7 0 9 8 8 7 7 10 8 1 4 11 9 5 4 5 4 11 11 2 3 5 10 8 10 10 7 7 8 2 3 11 5 10 10 7 7 0 7 6 8 8 7 7 7 10 8 11 2 9 5 10 10 8 7 7 8 7 7 11 10 2 8 6 10 10 8 2 9 8 4 4 4 11 5 10 11 2 3 4 5 11 4 10 8 8 10 8 10 8 7 11 11 5 4 5 1 3 4 4 1 9 5 4 4 4 10 10 8 7 7 8 11 4 4 5 11 11 5 5 11 11 5 2 3 10 10 2 8 6 7 7 7 7 7 10 8 7 7 7 11 11 5 2 4 3 4 4 4 4 11 4 1 9 5 5 11 4 5 11 11 5 5 11 11 5 2 9 8 4 4 4 10 10 0 8 8 6 7 7 7 10 7 7 7 8 11 10 8 8 10 10 7 8 8 4 10 2 10 7 6 7 7 7 7 8 7 11 11 5 4 4 4 4 4 4 5 10 2 9 10 7 8 8 11 5 7 7 10 7 7 7 8 11 11 2 5 10 8 7 7 6 11 11 4 5 5 11 11 5 1 5 11 3 11 5 5 10 8 11 11 4 4 5 4 4 4 4 5 4 4 4 10 8 0 9 10 8 8 7 11 5 11 10 7 8 8 11 5 7 10 10 8 7 8 7 7 10 10 8 2 9 10 8 8 4 4 11 5 11 1 4 11 5 5 11 4 4 4 3 5 11 11 2 5 9 11 5 4 5 4 0 10 9 8 8 11 2 9 10 2 6 7 8 10 7 7 10 0 6 8 5 10 7 8 4 10 10 8 8 11 10 8 8 7 7 11 11 2 5 11 3 5 11 5 11 11 4 5 4 4 5 11 4 10 8 8 0 6 10 8 7 7 7 7 10 10 8 7 8 10 8 7 7 7 10 10 8 2 9 4 5 11 5 11 11 5 5 11 5 4 4 4 11 4 4 4 4 5 4 4 11 11 5 4 5 11 4 11 5 2 3 10 8 1 9 10 8 8 7 7 10 7 7 7 8 1 9 10 8 8 10 7 8 7 10 7 10 8 7 7 8 10 10 2 8 10 10 7 7 8 7 8 11 6 4 4 5 11 5 7 11 11 5 4 5 11 4 11 5 2 9 5 4 11 11 5 2 4 11 3 11 4 5 8 0 10 8 7 6 7 10 0 6 10 8 7 7 7 7 7 8 10 2 10 10 8 8 4 4 4 4 3 4 4 4 4 4 4 4 4 4 1 4 11 3 5 4 11 11 4 4 5 8 11 11 5 4 5 10 11 2 5 10 10 7 8 8 6 7 7 10 8 10 7 10 2 8 6 7 11 5 4 4 11 4 5 0 9 8 7 10 8 10 0 6 10 8 7 7 7 7 8 7 7 10 8 10 2 6 11 4 11 5 5 10 8 11 11 5 5 10 7 8 7 11 11 5 4 4 4 4 1 3 5 4 4 4 4 11 11 1 3 5 5 4 11 5 7 11 2 9 11 5 4 5 10 7 8 4 10 10 8 8 7 7 10 2 9 11 5 5 11 5 11 11 5 4 2 3 10 10 8 8 7 7 10 7 8 4 11 5 10 10 7 8 8 7 7 10 7 8 4 10 10 7 8 5 10 8 10 7 7 7 7 7 10 8 7 8 11 1 9 5 8 4 4 4 4 4 11 5 7 10 11 5 4 5 7 11 11 2 3 5 4 4 4 11 5 4 4 10 11 5 5 4 11 11 2 5 3 10 7 7 7 7 7 7 10 8 4 5 10 8 7 7 7 7 7 7 7 7 7 7 10 7 7 7 10 2 8 9 5 11 11 1 4 5 5 4 4 11 4 4 3 4 4 4 5 7 11 11 2 3 4 4 5 4 10 2 10 10 8 6 8 7 7 7 10 8 11 5 10 10 8 7 8 7 10 10 8 8 10 10 8 2 9 8 11 11 4 4 4 4 4 5 8 4 4 4 4 4 4 4 4 4 4 4 4 11 4 5 7 7 11 5 11 11 5 5 1 9 8 10 10 7 7 8 7 7 7 8 4 10 10 8 8 10 7 7 7 10 2 7 8
ppo_x50_b_fd_l4,64,qv26_67,26,323,True,1813.0,9.999767780303955,6 8 2 10 10 8 8 10 10 8 8 11 5 11 11 5 5 3 10 7 7 7 10 8 8 10 10 8 8 10 10 8 8 11 5 10 10 7 8 8 10 0 9 8 8 10 2 9 10 8 8 10 10 7 8 5 10 10 8 8 1 11 5 11 11 5 5 4 3 4 4 1 3 4 4 11 5 11 11 5 4 5 0 6 10 8 7 7 7 10 8 7 7 7 7 7 10 8 7 10 10 7 8 8 11 5 7 10 10 8 8 11 2 6 4 4 10 11 5 5 4 11 5 11 11 5 5 10 11 5 5 11 4 4 1 9 5 8 11 4 4 4 5 4 4 11 11 5 4 5 10 7 8 10 0 9 8 8 7 10 2 10 10 8 6 8 11 10 8 7 7 7 8 11 11 5 5 10 8 7 7 7 7 7 7 10 8 10 10 2 6 8 11 5 11 11 5 5 11 11 5 4 4 4 11 5 4 4 5 11 2 3 11 4 5 4 4 11 11 5 5 4 4 4 11 11 4 5 8 0 9 5 10 8 10 7 10 8 8 10 10 8 7 7 7 8 7 7 10 7 8 1 11 9 5 5 11 5 0 7 7 6 7 7 1 11 11 5 3 4 4 5 4 4 4 4 4 11 5 4 4 11 2 11 5 3 10 10 7 8 2 9 5 10 0 7 7 9 8 8 10 8 7 7 7 10 8 11 5 10 10 8 7 7 8 10 10 8 7 7 8 10 10 8 7 7 8 10 2 6 11 11 4 4 4 5 2 11 9 5 4 5 10 11 5 4 5 4 4 4 4 4 4 1 9 4 4 5 4 4 0 9 10 7 8 8 11 5 10 10 7 8 8 10 2 9 10 8 7 7 7 8 10 10 8 8 7 7 7 10 8 11 5 1 3 11 11 5 4 4 5 4 4 4 4 4 10 2 9 11 5 5 11 2 4 4 3 10 10 7 7 2 6 8 7 10 8 10 10 7 2 8 6 7 7 7 7 10 8 7 7 10 10 2 8 9 5 4 11 11 1 5 3 4 1 3 4 5 10 7 8 11 11 4 4 5 5 4 4 4 4 11 4 5 11 4 4 11 4 4 5 7 8 11 2 4 4 10 10 8 8 10 6 8 10 10 2 8 10 7 6 10 8 8 11 4 5 10 7 10 8 7 7 8 7 7 7 10 8 10 7 7 7 7 10 2 6 7 8 7 11 2 6 11 11 5 5 4 1 4 4 11 9 5 5 10 8 11 4 5 4 4 4 4 4 4 4 11 10 8 8 11 4 4 4 5 4 1 4 3 4 10 11 5 5 10 8 10 10 7 8 8 10 10 8 8 10 7 8 10 10 0 6 7 8 8 7 10 8 1 9 5 11 11 5 5 11 5 10 2 7 7 7 10 9 8 7 7 8 7 7 1 11 3 11 5 4 4 4 4 4 5 10 2 7 10 8 6 7 7 7 11 5 11 11 5 5 10 2 11 11 5 5 11 4 9 5 4 4 4 5 11 5 0 6 7 11 5 1 3 4 1 3 4 4 1 4 3 10 10 8 8 10 10 7 8 7 7 7 7 7 8 11 2 3 10 10 8 8 7 11 2 11 11 5 4 3 5 4 11 11 5 2 9 8 11 11 5 5 10 2 10 8 10 10 7 7 6 8 7 7 7 8 7 7 10 7 7 8 4 11 5 7 7 10 10 7 8 8 7 11 2 9 10 8 8 11 2 9 11 4 5 5 10 8 11 11 5 4 4 5 1 3 4 4 4 4 11 11 5 2 3 4 11 5 10 10 7 8 7 8 10 10 8 8 10 2 10 10 8 6 8 11 10 8 8 7 7 7 7 7 11 11 5 2 9 5 11 4 11 2 3 4 4 4 4 5 10 8 7 11 11 5 5 11 4 5 4 4 4 4 4 4 4 4 4 11 11 2 5 9 7 8 10 10 8 7 8 7 7 7 7 10 7 8 11 4 5 11 1 5 4 3 4 4 11 5 1 9 11 4 5 8 11 2 3 4 10 10 8 7 7 7 7 10 8 7 7 0 10 8 6 8 7 7 7 10 7 7 8 7 7 7 11 10 8 8 11 1 5 11 11 5 3 5 4 4 4 4 4 4 11 5 10 8 11 11 5 5 11 5 0 6 7 10 10 7 8 8 11 5 10 0 9 8 5 7 7 11 7 7 7 10 2 8 7 7 7 7 6 11 11 4 5 2 7 9 11 5 5 4 4 10 8 11 11 5 5 4 4 4 4 11 4 5 10 10 8 8 11 5 4 4 11 11 4 2 3 5 11 11 5 2 11 5 4 11 5 3 10 10 8 8 10 10 8 7 7 8 11 2 10 6 7 7 7 10 8 8 10 10 7 8 5 10 7 7 7 7 7 8 11 11 5 2 9 8 11 11 4 2 5 11 9 5 5 10 7 8 10 8 11 11 5 5 11 11 4 5 5 4 1 11 3 5 11 2 10 11 5 3 5 11 11 5 5 4 4 11 5 4 10 0 6 10 8 8 10 8 7 7 7 7 7 10 8 10 10 7 8 2 9 5 10 7 7 7 8 7 7 7 7 11 11 2 5 3 11 11 5 5 4 4 4 4 4 4 11 5 10 8 11 4 11 2 3 4 5 7 10 8 11 11 4 2 3 4 4 4 5 4 11 4 4 4 11 2 5 9 8 10 10 8 8 7 10 7 7 8 7 10 7 8 4 10 10 8 7 7 7 0 6 8 10 8 7 7 7 10 10 2 8 6 10 11 5 5 4 11 11 1 4 3 5 5 4 11 5 4 4 4 4 4 10 8 11 11 5 4 5 10 2 9 11 5 5 11 2 9 10 8 7 7 8 7 7 7 7 7 7 7 7 7 10 7 0 7 10 7 8 7 8 9 11 5 5 0 9 7 8 4 11 4 4 4 4 4 5 11 11 4 4 5 8 11 11 4 4 4 5 4 4 4 5 11 5 4 4 1 3 4 10 10 8 8 10 10 8 8 7 7 10 7 7 7 0 6 7 7 7 8 4 11 2 3 11 4 4 5 4 4 11 4 4 4 5 10 10 7 8 8 11 2 9 5 10 10 8 8 10 10 8 8 10 10 8 8 11 2 10 10 8 8 9 10 7 8 5 10 7 7 10 8 8 7 10 2 9 10 8 8 4 11 5 11 11 5 5 11 4 11 4 5 4 4 4 5 4 4 11 5 4 4 11 5 7 10 2 10 10 8 7 8 9 10 8 8 11 4 5 10 10 2 7 6 8 7 7 7 7 7 7 7 0 6 7 10 10 8 2 9 5 0 7 6 11 11 5 2 4 4 11 3 5 11 4 4 4 11 2 5 9 8 11 11 5 4 4 4 4 5 11 11 5 4 4 4 11 5 4 5 4 10 2 6 10 10 8 7 8 7 7 10 2 10 8 7 7 6 7 7 7 7 7 7 7 11 10 2 6 8 7 10 2 10 10 8 8 11 5 11 11 4 4 3 5 4 4 5 11 4 5 4 10 11 2 3 4 4 4 4 5 7 10 7 8 11 11 4 5 5 10 8 11 11 5 4 4 11 5 4 5 11 2 3 10 10 8 7 7 7 7 8 10 0 6 8 7 7 7 7 7 7 7 7 11 10 8 8 7 10 2 11 11 5 5 4 11 3 11 5 5 4 11 5 10 2 11 10 8 8 11 4 3 4 5 4 1 11 9 5 8 11 4 5 4 11 11 5 5 10 8 10 10 2 8 9 5 10 10 2 6 8 10 10 0 6 8 5 10 7 8 11 10 2 6 8 7 7 10 7 7 10 8 8 7 7 10 8 7 7 10 10 8 2 9 5 11 11 1 3 4 5 4 4 4 5 11 4 4 4 5 4 4 11 4 0 10 8 8 9 8 11 10 7 8 8 7 0 9 10 8 8 7 10 10 2 8 9 5 11 11 2 5 11 11 5 5 11 9 5 5 11 5 11 11 4 4 5 4 4 4 5 11 11 2 5 3 4 11 11 2 5 3 10 10 7 7 8 7 7 7 7 8 11 2 10 9 5 5 4 10 10 7 8 8 11 5 10 10 8 8 10 10 7 7 2 6 8 10 10 7 7 7 7 8 8 11 2 10 10 8 8
ppo_x50_b_fd_l4,65,qv26_68,26,324,True,1851.0,10.208873510360718,8 8 10 9 8 8 10 10 8 8 11 5 10 10 7 8 8 10 10 8 8 10 10 8 8 11 5 10 10 7 8 8 10 10 8 8 11 5 10 10 7 8 8 10 10 8 8 11 5 11 11 5 2 3 7 7 10 10 7 8 8 11 5 7 7 7 10 10 8 8 4 4 1 9 8 11 11 5 5 10 11 5 5 4 4 4 4 4 4 11 4 5 10 10 8 8 11 5 4 11 11 4 4 5 5 0 6 7 7 7 7 7 7 7 7 0 7 6 7 10 7 7 10 8 2 6 7 11 11 5 5 10 8 11 11 1 3 1 3 4 5 5 10 11 4 5 4 5 4 11 4 4 5 7 11 5 4 4 4 4 4 4 11 5 4 11 11 5 5 7 7 7 11 2 10 10 8 8 10 10 8 6 8 7 10 8 7 7 7 7 7 7 7 10 10 2 6 8 1 11 5 11 4 3 11 4 5 8 11 11 5 5 4 4 11 11 5 5 7 10 8 11 11 5 5 11 11 5 2 9 8 11 11 5 5 7 7 11 2 10 10 8 6 8 10 10 0 6 8 7 7 7 8 10 10 8 8 7 7 7 10 2 3 11 11 5 5 4 4 11 2 4 10 9 8 8 11 2 3 4 11 11 5 5 11 5 11 5 0 7 7 10 7 8 7 7 6 7 7 7 7 7 7 0 6 11 11 5 5 11 4 11 5 4 4 5 4 11 2 9 11 5 7 8 11 4 4 4 5 10 11 1 5 4 3 5 4 4 4 11 11 2 5 9 8 4 4 4 4 10 10 0 6 7 8 8 7 7 0 6 7 7 0 9 8 11 10 8 8 10 8 7 7 10 10 2 8 10 6 8 4 1 9 5 4 11 11 2 3 5 11 4 5 4 4 4 4 4 11 4 4 10 2 8 10 7 8 10 10 6 8 7 7 8 7 7 7 7 7 7 7 7 7 10 8 10 2 6 11 4 11 5 5 11 11 5 5 10 8 11 11 5 4 5 11 11 5 4 4 4 4 4 4 11 5 5 11 1 9 8 5 10 7 7 8 10 10 7 8 5 10 8 7 7 7 7 0 6 7 10 8 10 10 7 2 6 8 11 5 11 4 5 4 4 4 11 5 4 4 10 8 11 5 4 11 11 5 2 9 5 4 11 1 11 3 4 5 4 5 7 0 9 8 7 10 10 8 2 6 10 7 8 7 11 11 5 5 10 2 10 8 7 10 10 8 6 8 7 7 7 11 2 9 11 4 5 8 11 5 4 4 4 4 4 4 4 1 9 5 10 8 11 4 11 4 5 4 5 7 10 8 11 11 2 5 9 8 10 7 8 1 4 4 11 11 5 5 7 7 7 6 7 7 7 7 7 0 9 8 10 7 11 5 5 4 4 4 11 5 11 11 5 5 7 7 10 8 10 10 8 7 7 7 7 7 7 10 7 7 7 8 7 7 7 7 7 8 1 11 4 9 5 5 11 5 11 4 5 11 5 7 7 11 11 2 5 4 4 4 4 3 4 11 5 4 4 10 2 10 10 6 8 8 10 10 0 6 7 8 8 7 7 7 10 8 10 2 10 9 8 8 4 4 11 5 11 11 2 3 4 4 5 4 4 11 11 5 2 4 4 11 9 5 4 4 5 11 2 9 11 5 4 4 5 4 10 2 10 10 8 6 7 7 7 7 7 8 11 5 7 10 10 7 8 7 8 10 7 10 7 8 7 8 11 5 10 10 7 8 7 8 1 11 3 5 11 4 5 11 11 5 2 9 4 5 4 11 5 7 7 10 7 8 7 10 7 7 7 10 7 8 2 9 10 8 8 4 11 5 7 10 8 11 11 5 4 4 4 5 11 11 5 2 9 8 11 11 2 3 5 4 4 4 11 5 4 1 3 4 4 4 11 4 4 4 4 4 5 11 2 10 10 8 7 8 10 10 7 6 8 8 10 10 8 8 10 7 8 10 10 0 6 8 5 7 10 10 8 8 7 7 7 10 10 8 7 8 11 10 8 2 10 8 6 11 11 4 4 4 4 2 4 5 4 11 9 4 5 8 11 4 11 5 4 5 4 4 11 5 4 4 0 11 5 4 4 3 11 5 10 10 7 7 7 7 2 6 7 7 8 10 8 7 7 7 0 6 10 7 8 7 7 7 7 7 7 11 10 8 8 10 2 11 11 5 5 11 11 4 4 5 3 4 5 4 4 11 5 10 8 11 2 11 3 4 4 5 7 11 11 5 5 1 9 11 5 4 4 5 10 2 6 10 10 8 7 8 7 7 7 11 5 10 10 8 2 10 10 6 7 8 8 10 2 10 9 8 8 11 4 4 5 10 8 10 8 7 7 1 11 11 5 5 4 4 4 11 4 11 5 3 4 5 4 4 4 4 4 11 5 7 11 5 11 5 4 4 10 10 2 8 7 7 6 10 8 7 7 7 7 7 11 10 8 8 11 5 7 11 10 7 7 8 5 10 7 7 8 7 7 10 10 8 7 8 10 10 2 8 6 4 11 5 11 5 4 4 4 4 11 11 5 5 7 10 8 11 11 5 2 11 4 3 4 11 4 5 5 11 11 5 2 3 10 7 7 7 8 11 11 2 5 9 8 7 10 10 2 6 8 7 7 7 7 1 11 11 5 5 3 4 4 4 11 11 4 5 4 4 5 4 4 0 10 10 8 8 9 8 10 8 7 7 7 7 0 6 7 7 7 10 10 8 8 1 9 5 4 11 5 11 4 11 5 5 11 2 11 11 4 5 3 4 5 4 4 10 11 4 5 4 5 10 2 6 7 10 7 8 7 7 7 7 7 7 7 10 8 7 7 10 10 8 7 10 8 7 7 8 1 11 4 9 4 5 8 11 4 4 4 4 4 11 2 5 3 4 11 5 11 11 1 3 4 5 5 7 10 2 9 8 11 11 4 5 5 4 11 11 5 4 4 5 0 7 6 7 7 7 7 7 7 7 11 5 10 8 7 7 7 7 7 7 0 7 11 9 8 8 10 2 7 6 7 7 11 11 5 2 11 9 5 4 4 4 5 10 2 11 11 3 4 4 5 5 10 7 8 11 5 11 11 1 3 5 8 11 5 11 11 5 5 4 11 11 5 5 11 4 11 2 3 5 0 9 8 7 7 7 7 7 10 8 4 10 10 8 8 7 10 7 8 10 10 2 6 8 10 10 7 7 7 8 8 4 4 1 9 5 10 11 5 4 4 4 5 4 11 5 10 8 4 11 11 5 4 4 4 4 4 11 5 5 11 11 2 5 9 8 4 10 10 8 7 8 11 2 3 10 7 7 7 10 8 2 3 10 8 7 10 10 2 6 7 7 8 7 7 10 8 7 7 7 7 7 7 7 7 11 2 11 11 5 5 3 4 4 4 10 8 11 11 5 5 4 10 8 11 11 5 5 10 8 11 11 1 3 4 5 5 11 11 5 4 5 4 4 11 11 5 2 3 4 10 8 7 7 7 7 7 7 7 1 9 5 10 10 8 8 7 7 7 7 10 10 2 8 9 10 8 8 10 8 11 11 5 5 4 11 4 4 4 5 11 11 5 4 5 4 4 4 4 10 10 2 8 10 7 9 8 8 0 9 8 7 7 7 7 7 7 7 7 0 6 4 11 11 5 5 11 11 5 5 11 11 5 4 4 5 4 11 5 7 11 2 11 5 11 11 5 3 5 4 11 11 4 4 5 5 11 11 5 2 9 8 10 10 8 8 7 10 7 7 8 7 7 10 8 7 10 0 9 8 8 7 7 7 10 8 11 11 5 5 10 8 4 11 1 3 4 4 5 10 10 8 8 11 4 4 4 5 11 4 5 11 4 4 4 4 11 5 2 3 7 10 10 8 8 11 5 4 10 10 8 7 7 7 7 7 0 8 7 7 7 10 9 8 7 7 7 7 8 7 7 0 10 9 8 7 8 10 2 6 11 11 5 4 5 7 11 11 4 4 5 4 4 5 4 4 10 11 5 5 11 11 4 4 5 2 11 5 4 11 4 4 5 3 10 10 8 2 9 8 10 10 8 8 10 8 7 7 7 7 7 7 7 10 10 7 8 5 10 8 7 10 10 8 2 6 11 4 4 11 5 1 3 4 5 11 5 7 10 10 8 8 11 11 4 4 5 5 11 11 5 4 4 4 4 5 11 11 4 4 4 4 2 5 11 11 5 5
ppo_x50_b_fd_l4,66,qv26_69,26,331,True,1848.0,10.154536008834839,8 8 10 10 8 8 11 4 5 10 9 8 8 11 5 10 10 7 8 0 8 9 10 8 8 11 5 10 10 7 8 8 10 10 8 8 10 10 8 8 11 5 10 8 7 7 10 10 8 8 10 10 7 8 5 10 2 10 10 8 8 10 10 8 8 9 5 11 11 5 2 9 5 4 11 11 5 5 4 4 4 11 11 5 5 11 5 4 4 4 11 5 0 9 8 10 7 10 0 6 8 8 4 10 7 7 7 8 7 0 6 7 7 7 10 8 7 7 7 11 11 5 5 10 2 11 11 5 3 5 4 11 4 4 4 5 10 10 2 8 9 5 11 11 2 3 4 4 4 4 5 7 11 11 5 5 11 4 11 5 4 4 5 4 11 5 11 11 2 5 7 10 8 10 10 6 7 8 7 7 8 7 7 7 7 7 10 8 11 5 11 11 5 5 10 8 7 7 7 7 10 8 11 5 10 10 0 6 8 5 10 2 10 10 7 8 8 7 9 11 5 5 10 8 11 10 7 8 2 9 5 11 11 4 5 4 4 4 4 4 4 4 5 4 11 4 11 5 2 3 4 11 4 11 5 5 7 10 8 7 10 11 5 2 9 5 10 10 7 8 7 11 5 5 11 2 10 10 7 8 8 7 10 9 8 7 8 7 7 10 10 2 8 9 5 4 11 11 4 4 5 5 10 2 7 9 11 5 5 4 4 11 2 3 4 4 4 4 11 11 4 4 5 7 8 10 2 9 8 4 4 4 4 10 10 0 8 6 7 7 7 10 8 7 7 7 7 7 8 7 7 7 7 7 7 7 7 7 7 10 8 11 5 10 10 2 8 11 5 3 4 11 11 5 5 4 4 4 4 4 11 11 5 2 9 5 7 11 11 5 5 11 2 3 4 10 8 7 7 7 7 7 10 8 7 7 7 7 11 10 8 8 11 5 11 11 5 2 11 11 5 3 5 4 4 11 11 5 4 4 4 4 4 4 5 10 2 9 8 10 10 8 7 8 10 8 7 10 10 2 7 6 8 4 11 4 1 3 4 5 4 4 11 5 4 4 4 4 11 4 4 5 10 10 7 8 8 10 2 10 10 8 6 7 8 7 7 0 11 9 8 8 7 7 7 10 7 0 6 8 7 7 7 10 8 7 7 7 11 11 5 5 10 2 11 9 5 4 5 10 2 9 11 5 4 4 4 4 5 11 5 11 4 11 5 4 5 4 0 10 9 8 8 7 10 7 7 10 7 8 8 11 5 10 10 8 7 8 10 10 7 8 2 9 5 4 4 4 4 11 5 4 4 11 11 2 5 11 4 4 9 4 5 5 4 11 2 4 11 5 3 10 10 7 7 7 8 8 10 7 8 0 9 10 8 7 7 7 8 7 7 10 7 7 7 7 8 1 9 11 5 4 4 5 7 10 11 5 4 5 11 4 4 5 11 5 11 1 4 3 4 4 5 4 4 4 4 11 5 4 4 4 10 10 8 2 10 10 7 8 8 9 5 10 7 7 7 8 7 7 7 7 7 0 6 7 10 10 8 8 7 7 7 10 8 4 11 1 4 3 11 5 4 5 10 8 11 11 4 5 5 10 8 4 4 11 11 5 5 11 11 5 2 9 5 10 11 5 5 10 8 7 7 7 7 7 7 10 8 7 10 7 10 8 2 10 8 9 8 11 11 5 4 4 5 4 4 4 4 11 11 2 3 5 11 11 5 4 5 4 11 11 5 2 11 9 5 5 7 10 7 8 10 11 4 5 5 7 11 2 11 9 4 5 8 4 4 4 10 2 10 10 7 7 8 7 7 7 8 6 7 7 10 7 7 7 8 4 11 2 3 4 4 10 11 5 4 5 7 11 11 4 2 5 4 11 5 3 4 10 10 8 8 7 7 7 7 10 8 11 5 10 10 7 8 8 7 10 10 8 7 7 8 11 10 8 7 8 10 10 7 7 8 8 1 9 5 11 4 11 2 3 4 4 4 4 5 4 11 4 5 0 10 6 10 8 8 11 5 10 10 7 2 8 4 9 10 8 8 10 7 7 7 10 2 8 9 5 11 11 5 4 5 10 2 10 7 7 8 6 7 11 11 5 2 9 4 5 10 8 11 11 5 5 11 11 4 4 5 1 3 4 5 11 5 4 4 4 1 11 9 5 8 11 11 4 4 5 8 11 2 9 11 5 2 7 10 9 8 8 10 7 7 7 7 8 7 7 7 7 7 7 7 7 7 0 7 10 8 7 11 11 5 5 11 11 5 5 9 8 11 11 1 4 4 4 3 5 4 5 11 11 5 2 4 4 4 4 4 4 4 4 4 9 5 11 11 2 5 3 10 8 10 7 10 2 8 6 7 7 7 7 10 8 11 2 10 10 8 8 9 5 10 10 8 7 7 8 4 10 8 10 7 8 1 9 11 5 5 11 11 5 5 4 1 4 11 9 4 5 5 7 11 5 11 11 4 5 8 11 5 11 5 4 4 4 10 10 2 8 7 9 7 8 0 7 10 8 10 10 7 8 8 7 9 10 8 8 10 0 9 8 7 7 7 7 8 10 2 6 11 11 4 5 5 4 11 11 5 5 11 11 5 4 4 4 4 1 3 4 4 4 4 4 5 10 2 10 10 7 8 6 8 7 7 7 7 7 7 11 2 10 10 8 6 7 8 7 7 7 11 2 11 3 11 5 11 5 4 4 4 5 0 10 8 7 6 7 7 7 0 10 9 8 7 7 8 7 7 10 2 6 11 11 4 5 5 4 4 4 10 11 5 5 4 4 4 11 5 11 11 5 5 11 11 5 2 9 5 7 7 7 0 9 8 7 7 7 7 7 10 7 7 7 10 2 8 9 8 7 11 11 5 5 11 11 4 5 5 11 10 8 2 6 10 8 11 11 4 4 4 5 4 4 1 11 3 4 5 8 11 5 10 11 5 5 4 4 4 4 11 4 4 5 4 4 10 10 7 2 6 7 8 10 7 0 9 8 8 10 10 8 8 7 10 10 7 8 2 9 8 7 10 10 8 2 9 8 4 11 4 11 4 5 8 11 5 11 4 11 4 4 5 5 11 11 1 4 5 3 5 0 9 8 10 8 7 7 0 7 7 9 8 10 10 8 7 8 7 7 11 5 10 2 6 7 7 10 10 2 8 9 8 10 11 5 5 4 11 11 4 5 4 4 5 4 11 4 11 5 4 4 4 5 10 2 9 10 7 8 8 1 9 5 11 10 8 7 7 7 7 7 8 7 1 9 10 8 8 7 7 7 0 7 7 6 7 10 7 8 11 2 6 11 11 5 5 11 5 1 3 4 4 4 11 5 4 4 4 11 4 4 4 11 5 5 11 11 5 4 4 11 5 5 11 4 5 10 2 3 10 10 7 5 7 8 4 10 10 8 8 11 5 10 10 8 8 7 10 8 7 7 7 7 10 7 7 10 8 8 7 7 10 7 7 8 10 7 7 8 11 11 4 5 2 9 5 11 11 5 5 11 4 4 4 5 7 7 10 10 8 8 11 5 4 11 11 4 5 5 10 8 10 11 2 5 11 3 11 5 5 11 11 5 5 11 11 5 2 3 4 11 4 5 7 11 11 5 5 11 11 2 5 9 4 5 7 7 10 8 10 7 7 7 10 2 6 8 10 10 8 2 9 8 7 10 10 2 8 10 7 6 7 7 7 7 7 10 7 2 8 4 4 3 4 4 1 3 4 4 4 4 4 4 1 9 5 4 4 11 4 4 5 4 4 10 10 2 8 7 7 7 7 7 6 7 7 7 7 7 7 11 10 8 8 10 10 2 8 9 5 7 7 7 7 7 7 11 11 1 5 3 5 4 4 11 11 5 2 4 4 4 3 4 11 5 4 4 4 4 1 3 4 11 4 5 4 4 4 10 10 8 2 9 8 7 10 7 7 8 7 10 0 6 10 8 8 7 10 7 7 10 8 8 7 7 7 10 8 11 2 9 11 5 5 1 9 8 11 11 5 5 4 11 5 10 8 11 11 4 4 4 5 4 5 4 11 5 4 11 11 5 5 4 10 2 3 10 10 8 0 6 8 10 10 7 7 8 10 8 8 7 7 7 10 10 7 2 6 7 7 8 10 10 8 8 10 2 7 11 11 5 5 11 11 4 4 4 4 4 4 4 4 5 3 5 11 11 5 2 9 5 11 11 2 4 4 5
ppo_x50_b_fd_l4,67,qv26_7,26,327,True,1848.0,10.064935445785522,8 8 10 10 8 8 10 9 8 8 10 2 10 10 8 8 10 10 8 8 9 5 10 10 8 8 10 10 8 8 11 5 10 10 7 7 8 5 11 2 10 10 6 8 8 10 10 8 8 11 5 4 10 10 8 2 10 7 9 8 8 1 11 5 4 4 4 9 4 4 4 4 5 4 4 4 4 4 11 11 2 5 3 11 11 5 5 7 7 7 7 7 11 10 8 8 7 7 10 8 7 7 7 7 7 10 8 10 7 7 10 7 8 8 4 4 11 2 11 3 5 4 4 11 11 5 5 4 4 0 10 6 7 7 7 8 7 7 7 0 10 8 7 7 6 11 11 5 2 9 4 5 11 11 5 5 11 5 11 5 4 4 11 4 4 11 5 4 5 11 5 4 4 10 11 5 5 11 11 5 4 5 4 4 10 10 2 8 7 6 7 7 10 8 10 0 9 8 7 8 7 7 10 8 7 7 1 3 11 5 4 4 4 4 4 4 10 11 5 5 11 2 3 4 11 11 5 2 9 8 10 10 8 2 11 5 4 3 7 10 7 10 2 6 7 8 10 10 8 2 6 10 7 7 10 2 8 11 5 10 10 8 7 8 6 10 10 7 7 8 5 10 10 8 7 7 8 10 2 6 11 11 5 5 11 2 11 11 5 3 4 5 4 11 2 11 5 11 3 4 4 11 5 5 4 10 2 9 8 7 7 7 7 0 9 8 4 10 10 8 7 7 8 7 10 10 2 8 7 7 10 10 6 8 2 9 5 11 4 11 5 5 11 5 4 11 11 4 5 8 4 11 5 4 4 11 11 4 4 4 4 5 4 4 4 5 11 5 1 4 3 10 10 7 7 7 7 8 7 8 11 2 3 10 8 7 7 7 7 7 7 7 0 10 6 7 7 7 8 7 7 7 10 2 11 11 5 5 4 4 4 3 4 4 4 4 11 1 9 5 8 4 11 5 11 4 11 4 5 4 4 5 4 4 11 2 3 10 7 10 8 7 7 8 7 11 5 11 11 5 5 11 4 5 10 10 7 8 7 8 10 10 8 7 8 7 10 8 10 10 2 6 8 10 10 7 7 8 8 11 5 10 0 6 8 10 10 2 8 9 8 4 11 11 5 5 11 11 5 5 4 11 2 9 5 7 11 11 5 4 4 5 11 4 5 4 11 11 2 5 3 4 4 0 6 10 8 7 7 7 11 10 8 8 11 5 10 0 6 8 7 7 7 10 8 4 10 10 8 7 8 10 2 7 7 11 11 5 5 11 3 11 5 4 4 4 5 4 4 4 1 9 5 4 4 4 11 11 5 4 4 5 10 2 3 10 10 8 8 7 7 7 7 7 11 5 10 10 8 8 7 10 7 7 8 7 7 7 7 10 7 7 10 2 8 10 10 8 6 7 8 11 2 4 4 9 5 4 11 11 2 3 4 4 4 4 5 4 4 4 4 4 4 4 4 11 5 10 2 9 8 4 4 4 4 4 10 10 0 8 7 7 8 10 8 7 6 7 7 10 10 7 8 8 7 7 10 8 11 11 5 5 7 11 2 9 10 8 8 7 7 7 11 5 10 0 9 8 8 10 2 7 7 6 7 11 11 2 5 3 4 4 4 11 5 4 4 4 4 4 4 10 11 5 5 4 11 4 1 9 5 4 5 4 4 11 5 10 2 10 10 7 8 7 8 7 11 11 3 5 2 10 8 9 10 8 8 7 10 10 0 6 7 8 7 8 7 10 11 1 3 5 4 5 4 4 11 5 4 11 11 2 5 3 7 10 7 10 7 8 2 10 6 7 7 7 8 10 7 10 8 8 11 4 5 10 7 7 7 10 8 2 9 5 11 11 4 5 8 11 5 11 11 2 3 4 4 11 5 5 11 5 4 4 4 4 4 10 11 5 5 10 8 4 11 5 4 4 4 10 10 2 8 10 9 8 8 7 7 7 10 8 7 7 10 2 10 10 8 6 8 10 10 2 6 8 7 7 10 7 8 10 10 7 8 2 9 8 7 11 11 5 4 4 4 5 11 4 5 11 11 2 5 3 4 4 4 4 11 5 11 5 4 4 10 11 5 5 0 9 8 7 10 10 8 7 8 4 10 10 7 8 5 10 0 6 7 7 8 7 10 10 8 8 4 10 2 10 8 6 7 10 10 8 8 10 2 6 11 5 4 4 4 4 11 11 5 4 5 4 11 5 4 11 11 4 4 4 1 5 4 3 11 5 4 5 4 11 5 4 10 10 2 8 7 7 10 9 8 5 7 7 10 10 8 2 9 8 4 10 10 8 8 7 10 7 8 10 10 8 7 8 11 2 3 4 11 4 5 11 11 4 5 4 4 5 10 8 10 10 8 8 11 5 11 11 4 4 4 5 5 11 11 2 5 9 5 10 10 7 2 6 7 8 7 7 7 10 8 7 7 10 7 7 7 7 7 10 2 8 6 11 5 11 11 4 5 2 9 8 11 5 4 4 4 4 11 11 5 5 4 11 5 0 10 7 9 7 8 5 10 2 10 10 7 7 8 8 9 10 8 7 7 7 7 8 4 11 4 4 4 4 5 10 2 7 7 7 7 7 6 7 7 7 7 11 11 2 4 4 5 3 4 4 4 11 5 4 4 4 4 4 4 4 4 11 4 11 4 5 2 6 11 5 4 11 2 9 10 8 8 11 2 10 8 6 7 7 7 7 7 7 7 7 7 7 10 8 7 10 7 7 7 7 7 7 8 11 11 4 5 2 11 5 4 3 4 4 4 4 4 4 4 4 4 4 11 11 4 5 4 4 4 4 5 11 2 3 10 10 8 8 7 10 10 2 7 8 9 5 7 10 10 2 8 9 10 8 8 11 5 10 8 7 7 7 0 9 10 8 8 10 2 11 11 5 4 5 11 5 3 11 11 5 4 4 5 4 4 10 10 8 8 10 2 10 6 7 7 8 7 10 7 7 10 7 7 8 5 11 2 11 5 10 10 7 7 7 6 7 8 5 10 2 9 8 11 4 4 4 4 4 4 4 4 5 11 4 11 5 4 4 4 5 11 11 2 3 4 4 4 5 4 10 2 9 10 7 8 5 10 0 6 8 10 8 7 7 7 7 7 7 7 7 11 10 8 7 7 8 7 10 10 7 8 8 11 5 10 7 7 7 8 10 11 4 5 5 10 8 4 11 11 5 2 9 5 7 7 7 10 8 11 11 5 5 11 5 11 11 5 4 4 11 2 5 4 4 4 3 4 4 4 4 10 8 11 11 5 5 4 4 4 4 11 4 5 4 10 10 8 2 10 10 8 8 9 5 10 10 8 7 8 7 7 10 10 2 6 8 7 7 7 10 8 7 7 7 10 10 2 8 9 5 7 7 11 11 5 4 5 7 10 8 7 7 7 7 11 11 5 1 4 5 4 4 4 4 11 3 11 5 4 1 3 5 10 8 11 4 11 5 4 5 11 11 4 5 5 11 11 2 4 3 5 7 10 8 7 10 10 8 2 6 7 7 7 7 7 7 7 7 11 10 8 7 8 11 4 4 11 5 2 9 8 11 11 1 4 3 4 5 4 5 4 11 4 5 0 10 9 8 8 7 7 7 7 11 1 4 3 11 5 5 10 8 11 11 4 4 5 5 11 2 11 11 5 4 5 7 6 7 11 10 8 8 10 8 7 0 6 7 7 7 11 10 7 8 8 11 5 7 7 7 7 7 7 7 7 7 7 10 10 2 8 6 4 11 5 11 11 1 3 5 4 4 4 5 4 11 2 3 11 5 4 4 4 4 4 4 4 11 4 4 11 4 4 5 8 0 9 8 10 8 10 10 8 8 7 7 7 7 10 8 11 5 10 7 7 7 7 7 10 8 8 10 2 6 7 10 10 8 2 9 5 11 1 3 11 5 5 11 4 11 5 5 4 11 4 4 5 4 4 4 10 10 8 8 11 2 10 7 7 9 8 8 11 5 10 10 0 7 7 8 8 9 5 10 10 8 8 10 0 9 5 8 7 7 7 7 7 10 10 2 6 8 11 11 4 4 4 4 5 4 4 5 4 4 4 4 4 4 11 5 10 8 11 11 4 4 4 5 5 7 7 11 2 11 11 5 4 4 5 4 4 10 10 8 8 9 8 10 10 2 8 10 10 7 7 8 8 10 10 7 7 7 7 6 8 7 7 8 11 2 10 10 8 8
ppo_x50_b_fd_l4,68,qv26_70,26,323,True,1806.0,10.008348941802979,6 8 2 9 10 8 8 10 10 8 8 11 5 10 10 7 8 8 10 10 8 8 11 5 7 10 10 8 8 10 10 8 8 11 5 10 10 7 8 8 7 7 10 10 8 8 10 10 8 8 11 5 11 11 5 2 3 4 11 11 5 5 11 10 2 8 10 8 10 10 7 8 6 7 8 10 2 10 10 8 8 9 10 8 8 11 5 7 11 5 4 4 4 4 11 5 7 11 11 5 4 4 4 5 11 11 2 5 4 4 11 9 5 5 4 4 4 11 5 7 0 9 5 10 10 8 8 7 7 7 7 10 8 11 11 5 5 10 8 7 7 7 7 10 10 8 8 10 10 7 8 8 10 7 7 10 2 8 11 5 11 11 5 4 3 5 4 4 4 4 4 11 11 5 1 3 4 4 5 11 11 4 5 2 11 4 5 4 3 4 11 11 5 5 0 10 7 7 10 8 8 9 8 11 10 8 8 7 7 7 7 7 7 7 10 8 4 10 10 7 8 2 3 10 7 8 7 7 10 10 2 8 11 3 4 4 4 5 4 4 1 11 4 4 9 5 4 5 4 11 4 4 4 4 5 4 11 2 11 11 5 5 7 7 7 7 6 7 10 7 8 11 4 10 8 2 9 7 7 8 7 7 7 7 7 7 10 8 7 7 7 7 10 8 7 7 11 11 5 2 11 3 5 11 11 2 5 3 4 11 11 5 5 4 11 2 6 11 11 5 5 11 11 2 5 10 8 4 3 11 11 5 4 4 4 5 11 5 10 10 8 8 4 11 5 4 4 11 5 10 10 7 7 8 2 9 8 7 10 10 8 8 7 7 7 7 7 7 7 7 10 8 1 4 11 11 5 5 4 4 4 9 5 10 10 8 8 4 4 11 4 4 4 11 2 5 9 8 4 4 10 10 8 7 8 0 6 7 7 7 7 7 10 8 7 7 7 10 7 8 4 11 5 10 2 7 6 7 7 7 7 11 11 4 2 3 5 10 8 11 5 4 4 1 3 4 4 4 4 4 4 4 10 11 4 5 2 4 4 4 11 5 4 3 10 10 7 7 8 7 7 8 11 2 10 10 7 8 5 9 8 10 10 7 7 8 8 10 10 8 7 8 11 10 8 8 10 2 6 7 11 11 2 3 4 4 5 10 2 4 3 4 4 4 4 4 4 4 4 4 1 4 4 4 4 11 4 5 3 10 10 8 8 11 5 10 7 7 8 10 10 8 8 7 7 7 7 7 7 10 8 7 7 7 7 7 0 6 11 11 5 5 11 11 4 5 2 3 4 10 10 7 8 2 9 8 4 4 11 11 2 3 4 4 5 1 9 8 11 11 5 5 11 11 5 5 7 11 2 9 10 2 7 6 8 10 7 7 10 7 8 5 7 10 7 7 7 0 6 8 7 7 10 10 2 6 8 11 5 11 11 4 4 5 5 7 11 2 11 11 3 5 5 11 2 4 10 9 8 8 11 4 4 4 4 5 4 4 4 11 4 4 4 4 5 4 11 11 5 2 3 10 8 10 10 7 8 7 7 8 10 7 10 2 8 9 5 11 11 5 5 10 8 10 7 10 2 6 7 8 7 0 7 7 7 6 10 7 8 10 10 8 2 10 8 7 10 8 6 11 11 4 5 4 4 5 7 11 11 4 5 5 10 8 11 11 5 4 4 11 5 5 11 5 4 4 0 10 9 8 7 7 8 1 9 11 4 5 8 11 4 4 4 5 11 11 5 4 4 5 4 11 5 4 10 2 3 10 10 8 7 7 7 8 7 7 10 10 8 8 11 5 7 7 7 7 7 7 7 7 7 10 8 10 10 2 8 6 7 7 11 11 5 5 4 4 11 5 4 11 11 4 5 5 4 4 11 2 11 5 9 11 5 4 4 4 4 4 5 4 10 2 10 10 8 6 8 7 7 7 7 10 8 11 5 7 1 9 10 8 8 7 7 7 10 7 7 7 7 8 7 7 7 10 8 11 5 11 11 5 2 10 7 8 6 11 11 4 4 4 1 4 5 4 4 3 4 4 5 10 11 5 5 7 11 2 11 9 5 4 5 10 8 11 4 11 4 4 5 8 10 8 4 11 11 5 4 4 11 5 8 11 5 11 2 3 10 10 7 7 7 8 8 10 10 8 8 7 7 7 7 7 7 7 7 0 10 7 6 7 8 11 11 4 5 5 10 2 11 9 5 5 11 4 4 4 5 4 4 4 11 4 5 11 11 5 2 9 8 10 10 7 7 8 8 10 10 7 8 5 10 2 9 10 7 8 5 10 8 10 8 10 10 8 7 8 0 10 10 8 6 8 1 9 5 4 11 4 11 4 2 3 5 11 11 4 5 4 1 3 5 4 4 11 4 4 4 5 10 2 9 8 10 10 7 8 8 0 9 5 10 10 8 7 7 7 8 1 11 9 4 5 5 4 4 10 11 4 5 8 11 5 4 4 4 4 4 10 10 2 8 10 6 8 7 7 7 7 11 5 10 10 8 7 7 7 7 0 9 8 8 10 0 9 8 7 8 7 10 2 7 7 6 7 11 11 5 5 4 11 4 5 11 11 5 5 4 11 2 9 4 5 10 10 8 8 11 4 5 1 3 4 4 4 4 4 4 4 11 4 4 4 5 7 7 10 2 10 9 8 8 10 7 7 8 10 7 8 7 7 7 7 7 7 7 10 0 9 8 8 7 7 7 10 10 8 2 6 11 11 4 4 4 5 5 11 5 11 11 5 5 10 11 4 4 5 2 9 5 11 11 5 4 4 4 4 4 5 7 11 2 9 11 2 5 11 9 5 5 4 10 2 10 10 8 7 7 8 10 6 7 8 0 9 10 8 8 7 7 7 7 10 7 7 7 7 7 8 10 8 11 11 4 4 5 2 11 3 11 5 4 4 5 4 1 3 11 11 5 4 4 4 5 11 11 5 2 9 5 7 7 7 0 7 6 7 7 7 10 10 2 8 9 5 10 10 8 8 1 9 10 8 8 7 7 10 10 8 2 7 10 8 6 11 11 5 4 4 4 4 4 4 4 5 11 11 2 5 11 11 5 4 3 4 4 5 10 10 8 8 10 8 4 4 11 1 11 5 3 4 4 4 4 5 11 11 2 5 9 8 10 10 7 8 7 7 8 11 5 11 11 5 5 10 8 10 10 2 8 6 7 10 8 11 5 10 10 8 8 10 10 8 8 7 7 7 7 7 7 10 7 8 11 4 5 1 4 9 5 4 4 4 4 1 9 10 8 8 11 4 4 5 4 4 11 11 5 4 4 5 11 2 3 4 10 10 8 8 10 10 8 8 7 7 7 7 7 7 7 7 7 7 0 9 7 7 10 8 8 1 11 4 11 5 5 10 8 7 10 6 7 8 7 7 11 11 2 5 4 4 4 4 3 4 4 4 11 5 4 11 4 5 7 10 10 2 8 10 9 7 8 5 10 8 10 10 0 6 8 7 7 7 7 7 7 8 10 2 6 11 4 11 4 4 5 5 11 11 5 5 7 7 10 8 11 11 5 5 1 3 4 4 4 1 4 3 4 1 3 4 4 4 11 4 11 5 2 9 8 7 7 10 10 7 8 7 8 7 7 10 8 11 10 7 8 5 10 8 7 7 0 7 11 10 8 8 6 11 5 11 11 5 5 11 11 4 5 8 4 4 4 10 2 11 11 3 5 5 11 11 5 5 4 4 4 1 9 8 11 1 3 4 11 5 2 9 8 10 10 8 8 10 7 8 10 7 7 8 7 7 7 10 10 2 6 8 10 10 7 8 7 7 8 7 7 10 10 8 2 9 8 4 4 11 5 4 4 4 4 11 4 5 4 4 11 4 11 5 2 4 9 5 11 11 5 5 11 4 11 5 4 4 5 11 2 3 10 10 8 8 10 10 2 6 7 8 7 7 7 7 7 7 11 5 11 4 5 11 4 4 4 5 10 10 8 8 10 10 7 8 8 10 10 7 8 7 7 7 7 8 11 5 10 10 7 8 5 10 7 8 7 7 11 11 4 5 2 9 5 7 11 11 2 5 3 4 4 11 5 7 11 11 4 5 5 7 11 11 5 5 11 11 2 4 3 5
ppo_x50_b_fd_l4,69,qv26_71,26,323,True,1803.0,10.070130825042725,8 8 10 9 8 8 10 10 8 8 11 5 10 10 7 8 0 8 9 10 8 8 11 5 10 10 7 8 8 10 10 8 8 10 10 8 8 11 5 7 7 7 10 0 9 8 8 10 10 8 8 1 9 5 11 11 5 4 4 11 4 5 8 11 11 5 8 11 11 5 8 4 11 5 7 11 5 4 11 11 2 3 4 5 4 4 11 4 11 5 5 10 8 10 10 8 2 10 10 8 8 6 7 7 10 8 10 10 7 7 8 7 7 8 11 10 8 8 7 7 7 10 10 7 7 8 5 10 2 10 9 8 8 1 4 4 4 3 4 4 4 11 4 4 4 4 4 5 10 8 11 10 8 2 10 7 6 7 10 8 8 11 10 8 7 7 7 8 10 10 8 2 9 7 8 11 11 5 4 4 4 5 4 11 11 2 3 4 5 11 4 4 5 7 10 10 2 8 9 8 11 11 4 5 5 11 11 5 4 4 4 4 5 11 4 5 0 6 10 10 7 8 5 7 10 8 7 7 7 7 7 0 6 7 7 7 7 10 7 7 10 7 8 5 10 2 6 11 11 5 5 11 11 4 5 2 9 5 7 7 10 7 8 11 11 5 5 11 11 4 4 4 1 3 5 4 5 10 8 11 11 4 4 5 4 4 5 4 11 11 5 2 9 5 4 10 10 8 7 8 10 7 8 11 4 4 5 4 4 1 9 11 5 4 5 4 10 2 10 10 8 6 7 7 7 7 7 7 8 7 7 7 7 7 7 10 8 4 11 2 9 5 4 4 4 0 9 11 5 5 11 4 4 4 4 11 5 4 4 4 5 1 3 10 10 8 8 11 5 10 10 7 7 8 2 9 8 10 10 7 8 5 10 0 6 7 0 9 8 8 10 7 8 7 7 7 7 7 7 1 9 5 10 10 8 8 7 1 11 3 4 5 11 11 1 3 5 4 5 11 5 4 4 11 5 11 2 10 9 8 8 11 5 4 4 1 3 4 4 4 4 4 4 11 11 5 2 9 8 10 10 8 8 10 10 7 8 7 8 4 10 2 10 10 8 6 8 11 4 4 4 5 10 7 8 10 10 7 7 2 6 7 8 4 10 10 8 7 0 9 8 8 10 2 9 11 5 5 11 5 11 5 7 11 11 5 5 10 8 10 10 2 6 8 10 8 7 7 7 7 10 8 7 10 2 6 7 7 11 11 2 5 9 5 4 4 1 4 4 4 9 11 5 5 10 8 4 4 4 4 4 0 9 11 5 5 11 5 11 11 5 4 4 11 2 3 5 11 11 2 3 5 10 8 10 10 8 8 10 10 8 7 7 7 7 8 7 7 7 10 8 11 5 7 7 7 7 7 7 7 7 11 11 2 5 11 11 3 5 5 4 10 2 11 9 5 4 5 4 11 2 11 5 4 4 4 3 4 4 1 4 3 11 5 10 10 8 8 4 11 5 10 10 7 7 8 8 7 0 9 10 7 7 7 8 5 7 7 7 7 11 2 11 11 4 3 4 4 5 8 11 11 5 2 11 5 3 4 10 10 8 7 8 11 5 11 5 10 7 7 10 8 8 7 7 7 7 10 7 7 7 8 10 2 10 10 8 6 8 4 4 11 5 4 4 4 4 4 1 9 5 4 4 11 5 4 4 4 11 11 5 5 11 1 9 5 8 11 2 4 4 4 4 3 10 10 2 6 8 7 7 7 7 7 7 7 7 7 7 10 8 7 11 10 8 8 11 10 8 8 10 10 8 8 10 2 7 9 7 8 11 5 4 4 4 4 10 8 11 11 5 4 5 10 8 11 11 2 3 4 5 11 11 2 3 5 10 8 10 7 10 7 8 7 7 8 7 7 7 7 7 10 8 10 2 11 11 5 5 11 11 5 5 9 11 4 5 8 11 1 5 4 4 4 3 11 4 4 5 7 7 7 11 2 11 11 5 5 3 4 4 4 4 1 9 5 4 4 0 9 10 8 7 8 7 10 8 11 1 9 5 5 11 2 3 10 10 7 8 7 7 7 7 8 10 7 10 8 7 7 7 8 11 2 11 4 9 5 4 4 5 4 11 5 4 4 4 4 4 4 11 5 10 10 2 8 11 5 11 11 3 5 5 11 4 5 0 9 5 10 10 8 8 7 7 7 7 7 7 7 0 6 10 10 8 7 7 7 8 11 2 11 4 3 5 4 4 4 4 11 2 4 10 11 5 3 5 4 4 4 11 5 11 2 9 10 8 8 10 2 10 7 10 7 6 7 8 8 10 7 7 10 8 7 7 7 7 10 8 4 5 10 8 0 10 10 7 8 8 7 6 7 11 5 11 4 11 5 2 9 5 11 11 5 5 11 11 2 3 4 5 4 1 4 10 10 7 8 8 10 10 6 8 7 7 8 7 1 11 11 5 4 3 4 5 4 4 4 4 4 4 10 2 10 10 8 6 7 8 10 10 2 7 6 8 11 5 1 3 4 4 11 5 10 10 2 8 9 5 10 10 0 6 7 7 8 8 10 7 7 7 7 7 10 7 8 5 11 5 11 11 5 2 11 11 5 5 10 8 11 4 3 5 11 5 4 4 4 10 8 0 7 9 10 8 7 8 1 11 4 4 5 11 3 5 4 4 4 10 11 5 5 10 8 11 4 11 5 5 4 10 8 11 11 5 2 9 8 4 4 4 4 10 0 10 8 6 7 7 7 7 8 11 5 4 10 10 8 7 8 7 7 7 7 7 10 8 11 5 7 10 10 8 7 8 10 7 10 2 8 7 6 11 4 4 5 1 3 4 4 4 4 4 4 4 4 4 4 4 1 9 5 11 4 5 4 4 4 4 11 11 5 2 9 7 8 10 7 7 8 10 7 8 7 7 7 10 10 7 8 7 7 8 10 8 7 10 10 7 7 7 8 2 9 8 4 4 4 11 5 4 4 4 4 11 11 4 5 8 4 11 5 4 11 11 5 2 11 4 5 9 10 7 2 6 7 7 7 8 10 7 7 7 0 6 7 7 11 5 4 5 10 7 8 10 10 7 8 2 7 9 8 7 7 1 11 11 5 5 9 4 5 7 7 11 7 7 10 8 8 11 5 10 11 5 4 4 4 4 5 4 11 11 1 4 4 5 4 4 3 5 4 4 4 4 4 4 4 4 11 11 2 5 10 7 8 10 10 8 8 9 8 10 7 8 7 7 7 7 7 10 7 10 8 2 9 8 10 11 5 5 11 11 5 5 11 11 1 3 5 8 11 4 4 5 11 11 5 2 9 5 7 10 7 7 8 11 1 9 5 4 5 11 2 6 10 10 8 8 7 7 7 7 7 10 8 7 10 7 8 11 11 5 5 7 10 8 10 10 8 7 8 7 7 10 10 8 2 6 4 4 11 4 11 5 5 4 4 4 4 4 10 8 11 11 5 5 10 2 11 11 5 5 4 11 3 5 0 9 8 11 11 5 5 11 4 5 4 11 5 7 11 11 5 5 11 11 2 5 3 7 7 7 7 10 10 8 0 6 7 7 7 8 10 10 7 8 8 7 11 1 3 4 5 11 4 11 4 5 5 11 11 5 2 9 5 10 8 10 10 2 6 8 10 8 1 4 4 11 5 3 4 4 11 4 11 2 3 5 10 8 7 11 10 7 7 7 8 7 7 7 7 8 7 10 10 8 8 0 6 7 7 7 7 7 0 9 8 10 2 7 6 11 11 5 5 4 4 4 4 11 5 4 4 1 4 4 11 5 10 9 8 8 10 2 9 10 8 8 11 4 5 4 4 4 4 4 11 4 5 11 5 11 11 4 5 5 11 2 10 10 8 8 10 10 7 7 7 8 8 10 7 6 7 7 7 7 7 8 7 7 7 10 8 7 7 7 10 10 8 8 4 4 11 2 11 3 11 5 5 11 4 4 11 5 5 11 5 7 7 11 11 5 5 4 4 11 5 7 11 5 11 11 5 2 9 5 0 7 9 8 10 10 7 8 5 10 0 6 7 7 8 10 10 8 8 7 10 8 0 6 11 11 5 5 11 11 5 4 4 5 11 11 5 5 11 11 2 3 4 4 4 5 10 8 11 11 5 5 11 11 2 5
ppo_x50_b_fd_l4,70,qv26_72,26,324,True,1797.0,10.134088039398193,8 8 10 10 8 8 10 9 8 8 10 2 10 10 8 8 10 10 8 8 9 5 10 10 8 8 10 10 8 8 11 5 10 10 2 8 10 9 8 8 10 10 8 8 11 5 10 10 7 8 8 10 10 8 8 11 1 5 3 4 4 11 5 4 11 11 4 2 3 4 5 11 5 4 4 11 4 5 10 10 8 8 4 4 4 4 4 10 2 10 10 8 8 6 7 7 10 7 10 8 8 7 7 7 10 8 10 10 2 8 6 11 4 4 4 4 5 10 11 5 5 4 10 10 8 2 10 8 7 7 10 8 7 7 7 7 7 7 7 7 7 6 11 11 5 2 9 11 4 5 8 4 4 11 5 4 4 4 4 4 4 4 4 4 11 11 2 5 3 10 8 10 10 8 2 9 5 10 8 11 4 5 4 4 4 4 1 9 11 4 5 2 3 10 8 11 10 8 8 10 10 7 7 7 8 8 7 7 7 10 8 10 10 8 8 10 10 8 8 10 7 7 10 8 2 9 10 7 8 8 11 5 4 10 10 8 8 11 5 4 4 11 11 5 5 4 4 4 4 4 11 11 5 2 3 10 8 7 10 7 7 7 8 7 10 10 2 8 9 5 7 10 8 7 7 1 11 11 5 5 4 4 4 3 11 4 5 4 11 11 5 5 4 4 4 11 4 5 4 11 11 5 4 2 4 3 10 10 8 7 8 10 7 10 7 7 8 5 10 8 4 4 10 10 8 8 7 10 8 11 5 10 7 7 8 10 10 7 8 5 10 7 8 11 11 5 2 9 8 7 7 11 11 5 1 3 4 4 4 4 5 4 11 4 4 5 7 11 2 6 10 10 8 7 7 7 7 7 8 11 2 10 10 8 8 6 7 7 7 10 8 7 7 7 11 11 1 5 3 5 4 4 4 4 4 4 4 4 1 4 4 4 3 4 4 11 5 11 2 4 3 10 10 8 7 7 8 10 10 7 8 7 8 7 10 2 7 10 8 7 10 9 8 8 10 2 6 7 11 11 5 4 4 5 4 1 4 11 11 3 5 5 4 4 11 5 10 10 2 8 9 5 10 10 8 8 7 7 7 10 8 11 2 11 11 5 3 5 11 11 4 4 4 5 2 9 8 11 11 5 4 4 4 5 4 0 6 10 7 7 8 7 7 10 10 7 8 2 9 5 10 8 7 7 10 10 2 8 10 9 8 8 7 7 7 10 10 2 8 6 7 7 11 11 2 3 5 11 4 4 5 4 4 4 4 11 5 11 11 4 5 4 5 11 11 5 2 9 5 7 11 11 5 5 11 4 4 11 5 4 5 0 11 9 8 8 10 7 8 7 7 7 7 7 7 10 7 8 11 11 2 5 10 6 8 7 7 7 7 10 0 10 8 8 10 6 10 7 8 5 1 9 5 11 11 5 5 10 8 11 11 5 5 11 11 4 4 5 5 4 1 4 9 11 5 5 0 9 5 10 10 7 7 8 5 10 7 7 8 11 11 5 5 10 7 10 8 7 7 8 7 10 10 2 8 10 10 8 7 6 8 4 4 1 3 4 4 4 4 4 4 4 11 4 11 5 4 4 4 4 5 11 11 5 5 7 10 2 10 10 8 6 8 11 5 10 7 7 10 7 8 2 11 5 9 10 8 8 4 4 11 11 4 4 4 4 5 2 4 4 4 11 11 5 5 7 7 7 6 7 7 7 7 10 7 8 7 7 0 9 10 8 7 7 0 6 8 7 7 7 10 8 10 10 8 2 10 8 6 11 11 5 4 5 4 4 4 4 4 1 11 5 11 3 4 4 10 2 8 10 9 8 8 10 8 10 10 8 2 6 7 10 8 7 11 11 2 5 11 11 5 5 6 4 11 11 4 5 2 10 8 11 11 4 3 5 5 4 4 4 11 5 10 8 4 4 4 4 4 4 10 10 7 8 2 9 8 10 8 7 7 7 7 10 10 2 8 9 4 5 10 10 8 7 7 7 8 7 10 7 7 10 7 8 8 10 7 7 10 2 8 9 5 11 11 5 4 4 5 7 11 5 4 4 4 1 3 4 4 4 4 4 4 4 4 4 4 11 11 5 5 11 2 11 4 5 3 10 10 8 8 10 10 8 8 10 7 7 10 7 8 8 11 2 10 8 7 7 6 7 7 11 10 8 8 10 7 7 7 7 7 8 1 9 8 7 11 11 4 5 5 10 8 10 8 11 11 4 5 4 5 11 11 4 5 4 4 4 5 11 11 4 5 8 4 11 11 2 5 9 11 5 5 10 7 8 10 0 8 9 10 8 8 7 7 7 7 10 8 11 5 7 7 7 7 10 8 10 7 10 7 7 8 2 9 5 11 5 4 11 11 4 4 4 5 4 4 4 5 10 2 7 6 11 11 5 4 4 4 5 11 2 4 4 4 9 10 8 8 10 2 10 9 7 8 7 8 7 10 8 7 7 7 7 7 7 10 8 7 7 1 11 5 11 11 5 5 9 7 8 11 4 11 4 1 4 4 4 5 4 4 9 5 5 11 11 2 5 9 8 10 10 2 8 7 7 7 7 7 6 11 11 5 1 11 3 5 5 4 4 4 4 4 4 4 11 4 4 4 5 10 2 6 10 10 8 8 10 8 10 10 8 2 9 8 10 8 7 7 7 7 11 10 8 8 11 5 11 11 5 2 11 5 9 11 5 4 4 5 11 11 4 4 5 7 7 8 7 7 7 7 0 9 8 11 5 10 10 8 7 8 10 10 7 8 5 10 2 6 7 7 7 10 10 8 2 10 7 9 8 8 10 2 11 9 5 5 11 1 3 5 7 11 11 5 5 11 11 1 3 5 5 11 5 4 4 1 3 4 4 4 11 11 4 4 4 4 5 5 4 4 11 5 0 9 8 11 5 10 10 7 8 8 7 11 5 10 10 8 7 8 11 5 10 10 7 8 2 9 5 7 7 0 7 10 7 6 7 7 8 10 10 8 8 10 2 10 8 4 11 11 5 3 4 5 11 11 5 4 4 1 5 9 11 5 1 3 5 4 11 1 3 4 11 5 5 7 11 2 9 11 5 4 5 10 2 3 10 10 8 7 8 10 10 8 8 11 5 10 10 7 7 8 8 7 7 10 10 8 8 11 5 7 10 10 7 8 10 8 7 7 7 7 7 8 10 10 7 8 5 10 2 3 11 4 11 4 4 5 5 4 4 4 4 11 4 5 4 11 11 4 4 5 5 10 8 11 4 4 5 0 10 10 8 8 6 7 7 7 7 10 8 7 10 10 8 2 10 9 8 8 10 2 9 11 5 4 5 10 2 6 4 4 4 4 4 11 11 5 4 4 4 5 11 11 4 5 4 4 5 4 11 10 2 8 10 10 7 7 8 8 7 7 7 7 7 7 7 6 7 7 7 7 7 10 7 10 2 8 6 11 5 4 4 11 10 2 6 8 10 10 8 8 11 5 11 10 2 8 3 11 4 5 4 4 4 4 4 4 11 5 11 11 5 4 5 11 4 4 4 4 5 0 6 10 10 8 7 7 7 8 11 2 9 10 8 7 7 7 7 10 2 6 7 7 7 7 8 11 10 7 7 7 8 2 9 10 8 8 11 4 5 4 4 11 5 4 4 11 4 11 5 5 10 8 10 10 2 8 11 9 5 4 4 5 4 11 4 11 2 3 4 4 5 11 4 5 4 11 2 4 4 3 10 10 8 8 10 7 7 10 2 8 7 6 10 8 11 5 7 7 7 7 7 10 10 2 8 9 5 7 0 6 7 7 10 10 7 8 2 10 7 8 9 10 8 8 4 1 3 4 11 5 10 10 2 8 11 5 9 11 5 5 4 11 4 4 5 7 7 11 2 11 11 5 5 9 11 5 5 11 5 4 4 11 5 4 11 11 2 5 3 10 8 10 10 8 2 10 10 8 8 9 10 8 8 7 10 10 8 7 2 7 7 7 7 9 8 10 10 8 8 11 10 8 7 8 11 11 2 5 11 11 5 4 4 5 11 11 5 5 11 11 4 4 4 4 3 5 4 4 4 4 4 5 4 10 2 9 11 5 5 7 10 10 8 8
ppo_x50_b_fd_l4,71,qv26_73,26,321,True,1808.0,9.923803567886353,8 8 10 10 8 8 10 10 8 8 9 5 10 10 0 8 8 9 10 8 8 11 5 10 10 7 8 8 10 10 8 8 11 5 10 10 7 8 8 10 10 8 8 10 10 8 8 11 5 7 10 10 8 8 10 10 8 8 11 5 11 11 2 5 3 4 4 11 11 5 5 10 8 4 10 10 8 7 7 8 11 4 11 5 4 4 5 4 4 4 4 4 4 4 4 4 4 11 11 5 4 5 10 2 10 9 8 7 8 11 4 5 4 10 10 7 8 5 10 2 10 10 7 8 7 7 7 8 10 6 10 8 8 7 10 8 7 7 7 10 8 10 7 8 10 10 7 7 8 8 10 2 3 11 4 5 11 5 4 4 4 4 11 4 5 7 11 5 4 4 4 4 4 11 4 11 5 2 9 5 7 0 9 10 8 5 7 7 7 10 8 11 5 10 7 7 7 8 7 10 10 8 8 7 7 0 7 10 8 11 5 10 11 5 5 9 11 5 5 10 8 7 7 7 11 11 5 5 1 4 4 3 4 4 4 4 11 4 5 7 11 11 5 5 4 4 4 11 5 10 2 6 11 11 5 4 5 7 11 2 9 11 5 5 11 2 4 3 10 7 7 7 7 7 7 7 7 10 8 7 7 8 7 7 11 11 5 5 10 8 10 10 8 8 11 5 10 10 7 8 8 10 10 8 2 9 8 4 11 5 4 4 4 4 4 4 11 11 5 2 4 9 11 5 5 11 5 11 11 4 5 8 11 4 5 7 11 11 5 2 9 8 4 4 4 4 10 10 0 6 7 7 8 7 7 7 7 8 7 10 10 8 7 8 10 10 2 8 7 9 8 10 10 7 7 7 8 2 10 8 7 6 11 11 5 4 5 4 4 4 4 11 5 4 4 4 4 4 4 4 4 4 4 4 10 8 11 11 5 5 10 2 7 6 7 10 10 8 7 7 8 7 7 7 7 7 7 10 8 7 7 7 7 10 10 2 6 8 11 5 11 11 4 1 5 3 5 11 11 5 5 11 11 5 4 4 1 3 5 11 4 4 11 5 2 6 7 11 11 5 5 4 4 4 11 5 10 8 0 10 10 6 7 8 8 4 10 10 7 7 8 5 11 2 10 6 10 8 7 7 7 7 7 8 7 7 10 8 10 8 7 7 11 11 5 4 4 5 11 11 2 5 11 11 3 4 4 5 5 4 4 4 4 4 1 3 11 5 11 11 5 5 11 4 4 11 5 2 7 10 10 8 8 10 8 7 6 7 10 8 11 5 10 7 10 7 8 7 7 8 11 4 4 5 10 8 7 7 7 7 7 10 10 8 2 4 11 5 11 11 4 3 5 5 11 5 11 5 4 4 4 11 11 5 4 5 11 4 5 0 10 9 8 8 10 7 8 4 10 10 7 8 5 10 7 7 7 8 7 7 7 7 7 10 8 7 7 7 10 8 10 7 8 11 11 4 4 2 5 9 8 11 11 4 5 1 3 5 10 8 11 11 5 5 4 4 4 4 4 4 4 4 11 5 4 4 11 11 2 5 11 11 5 4 5 10 9 5 8 7 7 7 7 10 7 7 7 8 10 10 7 8 7 8 7 11 11 5 2 9 5 7 11 11 5 5 4 11 4 11 2 5 11 5 11 4 4 4 5 3 4 10 10 7 7 7 8 5 10 2 6 7 7 7 0 7 6 7 7 0 6 7 7 10 8 4 10 10 7 7 2 8 9 8 11 11 5 2 4 11 5 11 11 4 5 3 4 5 11 11 2 3 4 4 5 10 8 11 4 4 4 4 4 4 4 5 10 10 7 8 2 7 7 7 11 10 8 8 7 9 8 10 10 8 7 8 10 8 7 7 7 7 10 10 8 7 8 7 7 7 7 11 5 10 8 11 11 5 2 11 4 4 3 5 4 4 11 5 4 4 11 11 5 5 11 1 9 5 8 7 11 11 5 4 5 4 4 11 11 4 5 8 11 5 10 11 5 5 11 5 0 10 10 8 8 6 7 7 10 7 7 7 8 4 10 10 8 7 8 7 7 10 10 7 7 8 7 8 11 4 2 9 5 4 4 11 5 4 11 5 4 4 4 11 11 5 5 7 10 8 11 4 10 2 8 11 5 3 4 11 4 11 5 5 11 2 4 4 4 10 10 8 8 10 8 9 10 7 7 8 0 8 10 7 7 7 7 8 6 7 7 10 10 8 4 5 10 8 7 7 7 7 7 7 7 1 11 11 4 4 5 5 9 5 7 11 1 9 5 5 4 4 4 4 11 4 11 5 2 10 7 8 9 11 5 5 4 4 11 2 9 11 5 5 4 4 4 4 0 10 10 8 7 6 8 7 10 8 10 10 8 8 7 7 7 7 7 7 10 8 11 5 7 7 7 11 2 11 11 5 3 5 4 11 4 11 2 5 9 8 11 5 11 11 2 5 3 10 7 7 8 10 10 7 8 8 1 9 5 11 5 11 11 4 4 4 5 4 4 5 1 3 4 4 4 11 1 3 5 11 11 2 5 10 8 10 10 7 8 8 11 5 10 10 7 6 7 8 8 7 10 8 4 4 4 10 10 8 7 7 8 7 7 7 10 10 2 6 8 11 5 10 10 2 8 9 5 0 6 7 7 10 8 7 7 10 7 7 11 5 5 10 2 9 11 5 5 11 5 4 4 4 11 5 4 11 4 5 10 8 7 11 11 5 2 9 4 5 11 11 4 5 5 4 11 5 0 10 10 6 8 8 7 7 7 7 7 7 7 10 10 8 7 8 10 10 7 8 5 11 2 3 4 4 4 4 11 5 4 4 4 4 4 4 4 4 1 3 4 10 11 5 5 4 4 4 4 11 11 2 5 10 7 8 11 11 5 5 10 8 10 10 7 8 6 7 8 10 10 2 8 9 5 7 7 7 7 7 7 7 10 7 7 7 7 11 5 5 1 9 5 4 4 11 11 5 4 11 5 4 5 11 2 11 11 5 5 3 10 7 8 7 7 7 0 9 8 10 7 8 4 4 4 11 2 11 11 5 5 9 11 4 4 5 5 11 5 11 10 2 6 8 7 7 10 2 6 7 7 7 7 7 7 7 7 7 7 7 10 10 8 7 7 8 10 2 3 11 11 5 4 4 4 5 11 4 5 4 4 4 11 5 11 11 5 2 11 3 4 4 4 5 4 4 4 11 5 4 11 10 8 2 10 10 8 8 9 8 10 10 2 8 9 8 10 10 8 7 7 8 7 7 10 8 10 7 10 7 8 7 8 11 4 5 10 2 7 10 10 7 6 7 8 7 8 1 11 3 5 11 11 5 2 11 4 4 5 3 4 4 4 11 4 10 2 3 5 4 4 4 4 4 11 5 4 4 4 11 11 2 5 9 8 10 10 2 8 10 10 8 7 6 7 8 7 10 7 10 7 7 8 8 11 5 10 2 10 10 8 7 6 8 10 1 4 4 4 5 3 4 4 11 4 4 5 10 7 10 2 8 9 5 10 8 10 10 7 8 7 0 6 10 7 8 7 8 7 7 7 7 7 10 8 4 10 2 9 8 11 11 5 5 11 4 5 11 11 5 4 4 5 11 11 5 2 9 8 4 11 5 4 4 10 11 5 5 1 3 4 4 4 4 4 11 11 5 4 5 0 6 10 7 7 10 7 8 8 4 0 9 5 10 10 7 8 5 10 7 7 7 7 7 7 10 8 8 11 5 10 10 7 0 6 8 8 7 10 8 10 2 7 11 9 5 5 4 10 2 9 11 4 5 5 11 5 11 4 5 4 4 4 11 11 4 5 5 11 4 5 4 11 11 2 5 9 8 10 10 7 7 8 5 0 6 10 8 10 10 7 7 7 8 7 7 7 0 6 8 10 7 7 10 8 8 7 11 1 3 5 11 11 5 2 9 5 7 10 8 10 10 8 8 4 4 11 11 1 3 4 5 4 4 4 5 4 4 4 4 4 4 11 5 11 11 2 5 4 4 4 4 4 4 10 10 8 8 9 7 7 7 7 7 7 8 10 10 8 7 7 7 7 7 7 7 7 8 7 7 7 11 11 2 5 11 11 4 5 5 9 8 11 11 2 5 11 11 5 5
ppo_x50_b_fd_l4,72,qv26_74,26,322,True,1791.0,11.148861408233643,8 8 9 10 8 8 10 10 8 8 11 5 10 10 7 8 8 10 10 7 8 5 10 10 8 8 11 5 10 10 7 8 8 0 10 9 8 8 11 2 10 10 7 8 8 10 9 8 8 11 2 11 4 4 3 5 4 4 4 4 10 11 2 3 5 11 2 11 11 5 5 3 4 4 11 5 4 4 10 10 8 8 10 8 7 7 7 7 10 7 7 10 7 7 7 8 5 10 10 8 8 11 5 10 7 7 10 7 8 8 7 7 7 7 11 11 5 5 10 2 11 3 11 5 5 7 11 5 4 4 4 1 11 9 8 5 4 4 4 4 4 11 5 4 4 11 4 4 11 5 2 9 5 4 10 10 8 7 7 7 7 7 10 8 8 10 7 10 7 8 7 7 8 11 2 3 4 4 4 10 11 5 5 4 4 4 10 10 8 0 7 6 8 10 2 7 10 10 8 8 10 9 7 8 5 7 10 2 9 10 8 8 10 7 7 8 1 11 9 5 5 11 4 4 5 4 11 5 1 3 4 4 4 4 4 4 4 4 4 4 4 4 4 11 5 4 10 2 10 10 8 8 10 7 7 6 7 8 7 7 7 7 0 6 7 7 7 7 7 0 6 7 7 7 10 10 8 2 9 8 10 11 5 5 11 11 2 5 11 11 4 5 3 5 0 9 8 11 5 11 11 5 5 4 4 4 11 5 10 11 2 3 5 11 5 4 4 4 11 5 4 11 2 10 10 7 8 8 10 10 6 8 8 10 10 8 7 7 8 11 11 5 2 9 5 7 0 6 7 10 10 7 8 5 10 10 2 8 9 5 7 7 7 11 11 5 2 3 4 4 4 4 4 11 11 4 5 5 11 2 3 4 11 11 4 5 8 11 5 4 4 11 4 11 2 3 5 10 8 10 10 7 7 7 8 8 10 0 9 8 5 7 10 10 8 7 8 10 11 5 5 11 2 11 5 11 11 4 5 5 4 4 3 4 11 5 4 10 10 8 7 8 7 7 7 7 7 7 10 10 7 8 7 7 8 7 7 10 8 7 11 2 9 11 5 5 4 0 10 8 6 7 7 7 7 7 10 8 1 9 5 10 8 11 11 4 4 5 2 9 5 4 11 11 5 2 11 5 4 4 3 4 4 4 4 4 4 4 1 9 5 11 11 5 2 11 5 3 10 10 8 7 7 8 10 2 7 6 7 7 7 7 7 10 8 7 7 7 7 7 10 7 11 5 5 11 5 10 7 7 8 10 8 10 10 2 8 11 4 5 11 11 5 5 3 11 11 5 5 11 11 5 5 11 5 4 11 11 5 5 10 11 4 2 5 11 5 9 10 8 8 1 4 4 4 4 9 5 11 4 11 5 2 9 11 5 5 7 10 8 7 10 10 7 8 7 8 11 10 8 8 10 10 7 8 7 8 11 4 5 7 7 10 10 8 8 11 5 10 10 8 7 7 8 7 7 10 8 7 7 11 11 2 3 5 11 5 11 11 4 4 4 5 4 4 5 11 11 5 4 4 4 5 4 10 2 6 7 10 10 7 8 2 9 5 7 7 11 5 10 10 2 6 8 7 7 10 8 7 10 2 10 8 6 4 11 11 4 5 5 4 11 11 5 5 4 4 4 10 8 11 5 4 4 4 4 11 11 2 5 9 8 7 11 11 5 2 4 4 4 4 3 10 10 8 8 1 9 10 8 8 7 7 7 7 7 10 11 5 5 10 8 7 10 8 10 8 7 7 10 8 7 7 7 1 3 11 11 5 4 4 4 4 4 5 11 2 11 11 5 3 5 7 0 10 7 8 7 7 10 8 7 7 7 9 8 10 10 2 6 7 8 10 10 7 2 8 9 7 8 11 11 5 5 4 4 11 4 4 4 11 2 3 4 4 5 11 2 3 4 4 4 4 4 4 4 4 4 11 5 10 10 7 8 2 9 8 7 7 10 10 7 8 8 11 5 7 7 0 7 11 9 8 8 7 7 7 10 8 1 4 3 11 11 4 5 8 11 11 5 5 10 8 11 11 2 5 4 9 11 5 7 8 11 4 5 4 4 11 4 5 10 0 7 7 8 6 7 10 10 8 8 7 7 7 7 7 7 7 7 10 8 11 5 10 7 7 7 10 2 6 8 4 11 5 11 5 4 4 11 11 2 3 4 5 4 4 4 4 10 10 2 8 11 3 5 4 4 4 11 11 5 5 4 4 4 4 11 5 4 10 10 8 2 10 8 7 10 6 10 8 8 10 8 7 10 10 8 7 0 8 6 7 7 10 10 2 6 8 7 11 10 2 6 8 10 8 1 3 4 4 4 4 4 4 4 4 4 4 1 3 4 4 4 4 11 4 5 10 10 2 8 10 8 10 10 8 7 7 6 8 11 4 5 1 11 4 5 11 11 5 4 3 5 10 8 11 10 8 8 10 10 7 7 7 7 7 0 6 7 7 8 7 8 11 10 8 2 9 10 8 7 7 8 7 10 8 7 7 7 11 1 11 5 3 5 11 11 4 5 5 10 8 4 4 4 1 3 4 4 4 10 10 2 8 10 10 7 8 8 9 5 10 10 7 8 7 7 8 10 10 8 2 9 8 10 10 8 8 4 4 11 11 5 4 4 5 4 4 11 11 4 5 8 4 11 4 11 2 3 5 10 8 4 4 4 4 4 0 10 10 6 7 8 8 7 7 7 7 7 7 0 6 7 10 8 11 5 10 2 7 7 7 6 10 8 4 11 11 2 3 5 11 1 9 5 8 11 11 5 4 4 4 4 4 4 5 4 4 10 10 8 2 10 8 10 10 6 8 8 7 7 7 7 10 8 4 10 2 10 10 8 8 7 6 11 5 4 4 4 4 4 11 4 4 10 8 8 11 5 11 5 4 4 4 11 11 4 2 5 11 11 5 3 4 4 5 4 4 10 10 8 2 9 8 10 7 7 7 7 10 2 8 9 5 10 7 8 10 10 8 8 0 10 6 8 7 7 0 9 10 7 8 5 10 8 1 3 11 4 5 10 11 4 5 8 4 4 11 5 10 8 11 11 5 4 4 4 4 5 11 4 11 2 5 11 5 7 7 7 7 7 9 8 7 10 10 8 7 8 10 10 7 0 6 8 7 8 7 7 7 11 10 7 8 8 11 5 11 4 5 10 7 7 10 7 8 2 9 5 4 11 4 5 11 11 4 5 5 10 7 11 5 5 11 11 5 5 0 9 11 4 5 8 4 4 11 5 7 11 11 4 5 8 11 4 4 4 11 2 5 9 8 11 4 4 11 5 5 7 7 0 9 8 10 7 7 8 4 10 10 2 8 10 8 6 10 8 10 10 8 7 8 7 1 11 4 3 5 4 4 4 4 4 11 5 1 3 4 4 4 4 4 10 10 2 6 8 7 10 7 8 11 11 5 2 7 7 9 8 10 7 7 7 7 8 7 7 7 7 11 10 7 8 2 7 9 11 5 5 11 4 4 5 0 9 10 7 8 8 10 2 6 10 10 8 7 7 10 8 8 11 5 10 10 8 8 1 11 9 5 8 4 4 4 4 4 4 4 4 11 4 11 5 4 5 11 4 2 9 4 4 5 4 4 4 0 10 10 8 6 7 7 8 10 10 8 8 10 10 8 8 7 10 10 2 8 11 5 7 7 6 7 7 7 7 7 7 7 11 11 4 2 3 5 11 0 9 5 5 4 4 4 4 4 4 1 3 4 11 0 9 5 4 5 11 4 4 11 5 2 3 11 5 7 10 10 7 8 8 11 5 7 7 7 7 7 7 7 7 7 7 7 10 8 7 7 11 11 5 5 4 10 2 11 11 4 3 4 5 5 4 11 11 5 5 4 4 11 4 5 10 11 5 5 4 11 11 4 5 5 11 5 11 2 3 10 10 7 8 8 11 5 10 10 8 7 7 7 7 10 8 8 11 5 10 10 7 8 8 7 7 7 7 10 7 2 9 8 10 10 8 8 11 11 4 4 5 5 11 11 5 5 10 8 7 11 11 2 3 4 4 5 7 7 11 11 5 4 5 7 11 11 5 4 4 5 11 11 2 5
ppo_x50_b_fd_l4,73,qv26_75,26,321,True,1807.0,10.359370708465576,8 8 10 9 8 8 10 0 10 8 8 9 5 10 10 8 8 7 7 11 10 7 8 8 10 10 8 8 11 5 7 10 10 8 8 10 10 8 8 4 10 8 7 7 7 7 10 10 8 8 10 10 8 8 11 5 7 11 11 5 2 4 11 3 5 11 11 4 5 8 11 11 5 5 10 8 11 11 5 1 3 5 10 8 11 11 5 4 4 11 5 5 10 8 11 11 2 3 5 11 2 11 11 3 4 5 8 4 11 2 3 7 10 8 10 8 4 4 10 10 8 7 7 8 7 7 7 10 8 10 8 10 7 10 8 7 10 2 7 6 7 7 7 7 8 11 2 11 11 4 5 3 4 5 10 7 8 11 5 11 11 4 5 2 4 4 11 5 9 4 4 11 5 5 11 5 11 11 4 4 5 8 11 2 3 4 4 4 4 4 10 10 0 8 8 10 9 8 8 11 5 10 8 7 7 7 11 5 10 8 7 7 7 7 7 7 7 7 7 10 10 2 8 11 4 9 5 5 11 2 4 9 11 5 4 5 11 2 11 9 5 4 4 5 11 11 5 5 4 4 11 4 5 10 10 8 2 10 7 10 8 7 7 7 7 8 7 9 10 8 8 7 10 10 8 2 11 5 7 10 10 8 6 8 7 7 7 10 7 7 8 11 11 2 5 6 4 10 10 8 8 11 5 4 1 9 11 5 5 10 7 8 10 8 11 4 11 4 5 4 5 4 4 4 4 11 4 5 11 4 4 4 4 5 0 9 10 7 8 8 7 7 10 7 7 7 8 7 10 10 8 7 8 1 11 11 5 4 4 3 5 7 10 8 11 11 4 4 4 5 5 10 8 11 4 4 4 4 4 11 5 4 4 5 4 11 11 5 2 3 10 8 10 10 7 7 7 8 7 7 0 6 10 8 8 11 5 10 10 2 6 8 7 7 0 7 7 6 10 8 7 10 10 8 8 7 7 10 2 6 11 11 4 4 5 8 4 4 4 4 4 4 4 4 4 4 4 11 5 10 8 11 11 5 4 5 11 11 5 2 9 5 10 8 7 11 11 5 4 5 7 10 8 7 10 10 2 8 3 10 8 7 10 7 8 7 7 7 7 7 10 8 7 7 7 7 10 8 4 1 4 11 3 11 4 5 5 10 2 11 11 3 5 4 4 4 4 4 5 10 2 10 10 7 8 8 9 5 10 10 8 8 11 2 4 11 9 5 4 5 11 11 4 2 3 4 4 4 5 4 11 4 4 4 10 2 8 7 6 7 10 8 7 7 11 10 8 8 11 5 4 11 10 7 7 8 8 10 7 7 7 7 7 10 8 7 8 7 7 7 10 8 11 10 8 8 10 10 8 8 4 4 10 2 11 11 5 3 5 11 11 4 4 5 4 4 4 5 10 8 11 11 5 5 4 11 1 4 9 5 4 4 4 4 4 5 4 11 2 3 10 10 7 7 8 8 7 11 10 2 8 10 10 8 7 7 8 9 5 11 10 7 8 8 11 5 10 7 10 2 6 8 7 7 7 7 7 7 11 11 5 2 11 11 4 4 3 5 5 4 4 4 4 4 4 1 10 11 5 5 4 9 10 8 7 8 0 9 8 10 8 7 7 7 7 10 7 7 8 1 11 11 3 5 5 11 2 11 3 5 11 2 11 11 4 5 5 7 6 10 7 7 7 7 7 8 10 2 6 7 10 10 8 7 7 7 8 7 11 11 4 5 2 9 8 10 8 11 4 5 4 4 4 4 4 4 4 4 4 11 5 7 11 11 5 4 5 4 4 4 4 4 11 5 4 10 11 5 5 10 0 6 7 8 10 10 7 8 5 10 7 8 10 7 8 7 7 7 10 8 0 6 11 4 5 4 11 4 4 11 5 5 0 7 6 7 7 10 7 0 7 6 8 7 7 7 7 7 1 11 9 5 4 4 4 4 5 10 2 11 4 5 11 11 5 5 9 5 11 11 4 4 5 4 5 11 11 4 2 5 11 11 5 5 9 5 7 7 10 10 7 7 8 8 11 2 3 10 8 7 7 7 7 7 7 7 10 7 8 7 11 11 2 5 4 9 5 10 10 8 7 7 7 8 10 10 7 8 8 7 10 10 2 8 11 5 11 3 11 5 5 4 4 4 11 4 5 11 4 11 5 5 4 4 4 11 11 2 3 4 4 5 4 11 4 5 7 7 11 2 10 10 8 6 8 7 7 7 10 8 7 7 7 7 7 7 7 11 11 5 5 10 8 10 10 8 7 7 8 7 7 7 11 11 5 2 9 5 11 4 0 9 5 4 5 4 4 4 4 4 11 5 4 0 9 11 5 5 4 4 4 4 4 4 11 11 5 5 10 8 11 4 11 2 3 5 10 8 10 10 8 2 10 7 10 7 7 7 8 6 8 11 5 10 10 7 8 7 7 7 8 11 2 11 9 4 5 8 11 5 4 11 11 4 2 4 5 9 8 7 11 10 8 7 8 10 10 8 0 6 7 8 7 7 7 10 7 8 11 5 7 7 7 10 10 2 6 8 11 4 5 11 11 4 5 4 5 10 7 8 11 11 5 2 11 9 5 4 5 11 4 4 5 10 10 8 8 11 4 5 4 11 4 0 9 5 5 4 4 4 4 4 4 10 11 5 4 5 1 3 10 10 8 8 11 5 10 10 7 7 8 7 10 0 6 8 8 7 7 7 7 7 10 7 7 7 8 7 7 10 0 7 6 8 11 5 11 11 5 5 11 11 1 3 4 5 5 4 4 4 11 11 5 5 4 11 11 5 4 5 0 6 7 7 10 8 10 10 2 8 9 10 7 8 8 10 10 7 8 5 10 8 10 10 8 2 9 5 7 7 7 7 7 11 11 5 5 4 4 4 4 4 4 4 1 9 5 10 7 8 10 11 5 4 11 5 5 4 11 5 4 4 4 11 11 5 5 10 2 11 4 4 5 9 10 8 8 10 8 7 10 7 7 10 8 7 8 10 10 8 8 7 1 9 11 5 4 5 4 4 4 4 11 5 10 8 11 4 11 5 4 5 4 11 11 2 5 3 10 8 10 10 7 2 6 8 10 8 7 10 7 0 8 6 7 7 7 7 7 7 7 7 7 7 7 10 7 8 11 11 2 5 9 5 10 8 1 11 11 4 5 3 5 11 11 2 3 5 11 4 4 5 4 11 11 5 2 9 5 11 4 5 7 7 7 7 7 10 10 7 8 2 9 10 8 7 8 10 8 11 10 8 8 7 10 10 8 7 8 4 4 4 4 4 11 2 3 11 11 5 4 5 10 8 4 11 4 5 11 11 4 5 1 3 5 4 4 11 11 4 5 8 11 5 0 7 10 8 10 10 7 6 8 7 8 11 2 9 4 5 7 10 8 7 7 7 7 7 7 7 7 7 10 10 8 2 9 5 7 10 10 2 8 6 11 5 11 11 4 4 2 5 11 5 11 11 5 3 4 5 4 10 2 9 11 5 4 5 4 4 1 3 4 4 1 9 5 4 11 2 3 4 4 4 10 10 8 2 10 8 10 7 8 10 9 8 8 11 4 5 7 10 7 10 7 8 8 7 11 10 7 8 5 7 7 7 7 10 8 10 2 6 7 7 11 11 5 5 4 4 4 11 4 4 5 4 4 4 4 10 8 11 11 5 5 10 2 11 11 4 5 8 3 10 8 10 10 8 7 7 0 6 7 8 10 10 7 8 8 1 9 5 10 11 5 4 4 1 4 5 11 9 5 4 4 5 4 4 4 11 5 11 2 3 10 10 8 8 10 10 8 8 7 7 7 10 0 6 7 7 7 7 7 7 8 1 11 9 5 8 11 5 11 5 4 11 11 2 3 5 1 9 5 7 11 11 5 5 11 11 2 5 3 10 8 7 7 0 6 7 7 7 7 7 10 10 0 6 8 7 7 7 7 7 7 8 1 4 4 3 11 4 4 5 4 11 4 11 2 5 9 8 10 10 2 8 7 10 10 8 8 10 10 8 8 6 7 7 11 11 5 5 11 11 4 4 4 4 5 4 4 5 10 2 11 3 11 5 5 11 11 4 4 2 5 11 11 3 5 4 5 11 2 10 10 8 8
ppo_x50_b_fd_l4,74,qv26_76,26,322,True,1823.0,10.048141479492188,8 8 9 10 8 8 10 10 8 8 11 5 4 10 10 8 2 10 7 9 7 8 5 10 10 8 8 10 10 8 8 11 5 10 10 7 8 8 11 5 10 10 0 6 8 8 10 10 8 8 4 11 5 10 7 10 7 8 8 11 5 4 10 10 2 6 8 10 2 10 10 8 8 10 10 8 8 10 10 8 8 9 5 11 11 5 5 11 5 4 4 4 4 4 10 11 5 5 11 5 4 4 4 4 4 4 4 11 1 4 4 5 9 10 8 7 8 7 10 10 8 8 7 7 7 7 7 10 8 7 11 2 11 9 5 5 4 4 4 11 11 5 4 5 10 0 6 8 7 10 10 2 8 7 6 7 10 7 10 8 7 8 11 4 4 5 10 7 10 2 8 11 4 4 3 5 4 4 11 11 5 2 11 11 4 4 3 5 4 4 4 4 5 11 2 3 4 10 10 8 7 7 8 10 10 8 8 10 2 7 10 7 11 5 5 11 9 5 4 4 4 5 10 2 6 10 10 8 8 7 7 7 7 7 7 10 10 8 8 7 7 7 7 7 7 7 7 10 8 4 10 2 11 11 3 5 5 4 4 1 4 9 5 4 11 11 5 2 9 7 7 8 11 11 5 4 5 11 4 4 4 4 5 11 11 2 5 6 11 4 5 4 4 4 11 5 1 3 10 7 8 10 10 2 6 8 10 7 10 7 7 7 7 7 7 8 5 10 8 7 10 8 10 10 7 8 8 7 10 2 11 11 5 5 11 9 5 8 11 5 11 5 4 4 4 4 4 4 4 4 10 10 8 2 10 6 7 10 8 7 8 7 11 10 8 8 7 7 10 7 8 11 11 2 5 9 8 7 7 7 10 10 8 8 10 11 2 5 6 11 5 11 11 4 5 5 4 11 4 1 4 3 5 11 4 4 5 11 11 5 5 11 2 3 4 4 4 4 4 11 11 5 2 9 8 11 11 5 5 7 7 7 10 0 10 7 6 7 8 8 7 10 7 7 10 7 8 5 10 8 7 0 9 10 7 8 8 11 5 10 7 7 8 1 9 11 5 5 4 4 1 9 11 5 5 1 11 9 5 4 5 4 4 11 4 5 11 2 9 10 8 8 11 5 4 4 4 4 11 11 2 5 9 8 7 10 10 7 0 8 7 7 8 7 10 10 6 8 7 7 7 8 11 11 5 5 10 8 11 4 10 2 8 10 6 10 8 7 7 7 8 10 2 10 10 8 7 6 8 11 5 4 4 4 11 11 5 5 11 4 4 4 4 5 4 4 4 4 4 11 11 2 3 5 10 8 10 10 7 7 8 8 11 5 10 8 0 6 7 7 7 7 10 7 0 6 7 8 10 8 7 7 10 10 8 2 9 4 5 10 8 11 11 2 5 3 4 4 4 11 5 10 8 11 11 4 5 5 11 5 4 11 11 5 5 4 4 4 4 4 11 5 4 4 11 11 5 5 4 10 2 3 10 10 8 7 8 11 5 10 10 7 7 8 7 7 8 7 7 10 7 10 8 2 6 10 10 8 8 10 8 1 3 4 11 1 3 5 4 4 11 11 4 5 8 11 11 5 5 4 10 10 8 8 11 5 11 11 5 4 4 4 5 10 10 8 2 11 5 10 10 7 8 6 7 7 8 10 10 8 7 7 7 0 9 8 7 7 8 7 10 7 7 8 11 2 4 3 4 10 11 2 5 11 4 3 11 5 5 11 2 3 11 5 7 7 7 10 10 2 6 7 8 10 8 7 7 7 7 11 10 8 8 11 5 11 11 2 5 11 9 5 5 11 5 7 10 11 4 2 3 4 4 4 4 4 5 11 5 4 4 4 1 3 4 4 4 4 11 5 1 3 10 10 8 8 11 5 7 10 10 7 7 2 6 7 8 11 5 11 5 10 7 10 0 8 6 7 8 7 7 7 7 7 10 10 8 8 11 5 7 10 7 10 7 7 2 6 8 7 11 11 5 4 5 4 11 5 4 1 9 11 5 5 4 4 4 11 11 5 4 5 4 10 10 8 8 11 2 4 3 4 4 11 5 4 10 10 8 2 9 8 10 10 7 7 7 2 6 8 7 10 7 10 2 8 6 7 7 10 7 10 8 2 7 9 8 7 7 11 11 4 5 4 4 5 4 4 4 4 11 11 5 2 4 9 5 4 4 1 4 11 3 5 11 4 11 2 5 3 4 11 11 5 5 7 7 7 7 7 7 7 10 7 10 8 8 10 10 8 7 8 11 2 10 9 8 8 10 2 7 6 7 7 7 7 7 7 11 11 4 5 2 9 11 5 5 4 10 11 5 5 4 4 1 9 5 11 11 5 4 5 11 11 4 5 2 9 8 4 10 10 8 8 7 7 7 7 7 7 7 10 7 10 2 6 8 7 1 9 11 5 5 11 2 9 11 5 7 8 4 10 8 11 11 5 4 4 4 4 4 4 11 5 4 4 5 7 11 2 9 11 5 4 4 5 11 2 4 4 4 3 10 10 8 0 6 7 7 7 7 7 8 10 8 7 7 10 10 7 8 2 9 7 8 11 4 4 4 5 11 11 4 2 3 4 4 5 11 5 4 11 5 10 10 2 8 11 5 4 3 11 5 4 10 10 8 8 11 5 10 10 7 0 6 7 7 8 7 7 8 11 5 10 7 7 7 7 7 7 7 7 7 10 8 2 9 5 7 7 7 7 7 11 1 11 5 3 4 5 11 5 10 2 7 6 11 11 5 5 4 1 3 4 11 5 7 11 2 9 11 5 5 11 5 11 11 2 4 5 4 11 11 4 4 5 8 3 4 10 10 8 8 7 7 7 7 7 7 7 7 10 8 10 10 8 8 4 11 5 7 7 7 10 7 7 7 8 10 8 11 11 4 4 2 3 5 11 4 11 5 5 11 11 5 4 4 5 10 10 2 8 9 5 4 4 0 9 11 5 5 4 4 4 11 4 4 4 5 0 6 10 10 8 8 10 8 10 10 7 8 8 7 10 8 7 7 10 8 7 7 1 11 11 3 5 5 11 11 5 2 9 8 11 11 5 5 7 10 2 9 8 4 1 3 4 4 0 10 10 8 7 6 7 7 7 8 7 7 10 8 11 5 10 2 10 10 8 8 6 4 4 11 5 11 11 5 5 11 11 5 4 4 4 4 4 4 4 4 5 4 4 11 11 5 5 4 4 10 10 8 2 10 6 7 8 7 7 7 7 7 10 7 8 10 10 7 8 7 7 8 11 2 9 11 4 5 8 11 5 11 4 4 4 4 11 5 5 4 4 11 5 11 2 4 4 3 10 10 8 8 10 7 8 4 10 2 10 10 8 7 6 8 7 10 10 8 7 7 7 7 8 4 10 10 8 8 7 7 10 8 4 10 2 10 10 8 7 7 8 9 4 5 4 4 11 11 2 3 5 4 4 4 4 11 5 4 4 4 11 0 9 5 5 4 4 4 4 4 4 11 11 4 5 8 10 7 2 11 11 5 5 10 8 10 10 7 7 8 6 8 11 5 10 10 7 7 7 8 7 7 7 0 10 8 8 10 7 7 9 8 7 7 7 7 8 7 7 1 11 11 5 3 5 4 4 4 4 4 4 11 5 10 2 9 8 11 11 5 5 11 5 11 11 5 2 11 3 5 4 11 11 2 5 10 8 10 10 7 8 6 10 8 8 7 7 7 7 10 7 10 8 7 7 8 10 2 3 11 11 4 5 4 5 0 10 6 8 10 2 10 8 6 7 11 11 5 4 5 4 4 4 11 11 5 5 7 7 11 2 9 11 5 4 4 4 4 5 10 2 10 10 8 6 8 11 10 8 8 10 8 7 10 10 8 8 10 10 8 2 6 7 10 7 10 8 8 10 2 11 9 5 4 4 4 4 5 7 11 11 5 4 4 4 4 5 4 4 4 4 11 5 4 4 4 11 5 4 4 11 11 5 2 3 10 10 7 7 7 8 7 0 6 8 7 7 10 8 4 10 10 8 7 7 8 7 7 7 10 7 8 7 10 10 8 2 6 10 10 8 8 11 11 4 4 4 4 4 5 5 10 2 6 11 11 5 4 4 5 4 4 4 4 4 11 5 4 11 11 5 5 10 10 7 7 8 8 10 8 11 11 2 5
ppo_x50_b_fd_l4,75,qv26_77,26,327,True,1843.0,26.883296489715576,8 8 10 10 8 8 10 9 8 8 10 2 10 9 8 8 11 4 5 11 10 8 8 10 10 7 8 8 10 10 8 8 11 5 10 0 6 10 8 8 10 10 8 8 10 10 8 8 11 5 10 10 7 8 8 10 10 8 8 1 9 5 4 11 4 5 1 9 10 8 8 4 11 4 4 4 11 5 5 4 4 4 4 10 0 7 6 7 10 8 8 11 5 10 10 7 7 8 7 7 7 7 10 8 8 10 10 7 8 5 10 2 9 11 5 4 4 5 11 4 4 4 4 5 0 7 9 7 8 7 7 7 10 10 2 8 7 7 6 11 11 5 2 3 4 4 4 4 4 11 4 4 4 4 4 4 4 5 10 2 7 11 9 5 5 11 2 9 11 5 4 5 4 10 10 8 8 11 2 4 4 4 4 4 3 10 10 8 8 10 7 7 7 7 8 7 7 7 7 7 7 7 7 7 11 11 2 5 10 8 4 4 9 11 5 5 11 4 4 11 4 5 2 9 8 10 10 7 7 7 8 8 7 7 10 8 7 7 7 7 10 8 4 11 11 5 2 3 11 11 4 5 8 4 11 11 5 5 4 11 2 11 9 8 5 4 11 4 5 4 4 4 1 4 4 4 11 3 5 10 10 8 2 10 10 8 8 7 10 7 7 7 8 6 7 10 8 7 7 7 7 10 8 11 2 11 11 5 5 11 9 5 5 1 3 11 4 4 4 11 5 5 11 11 5 2 11 5 10 10 8 7 6 8 10 7 8 7 7 7 7 7 7 0 6 7 10 7 8 10 10 2 8 9 5 7 7 7 11 11 1 3 5 5 11 4 5 10 11 2 3 5 4 4 4 4 11 5 10 8 11 11 4 5 4 4 5 11 4 4 4 5 10 11 5 5 4 11 11 2 5 3 10 8 10 10 7 7 7 8 8 7 7 0 10 9 8 8 11 5 7 7 7 10 7 8 7 10 0 9 8 8 7 10 7 7 7 1 11 3 4 5 5 11 0 9 5 5 4 4 4 11 4 4 11 5 4 4 5 4 4 4 4 11 5 1 9 4 5 1 3 10 10 8 8 10 10 8 8 10 10 7 7 8 7 8 7 11 11 5 5 10 7 8 7 10 8 4 10 2 10 9 8 8 10 7 7 7 7 8 7 10 2 6 11 11 4 5 5 10 2 11 11 5 4 5 4 4 10 10 8 8 10 9 8 7 8 7 11 2 11 9 5 4 5 11 2 3 11 11 5 4 5 11 11 4 4 5 5 7 11 2 9 10 8 8 10 2 11 11 4 3 5 5 10 8 0 7 7 7 7 7 6 7 7 7 10 8 7 7 7 7 7 7 11 1 3 11 5 5 4 11 5 4 4 1 4 3 4 4 11 5 10 8 11 11 5 4 4 5 11 11 5 4 4 5 0 9 5 10 10 8 8 7 11 5 10 10 8 7 7 7 7 8 7 7 7 7 7 7 7 10 10 8 2 9 8 10 11 5 5 4 11 11 1 5 5 11 3 11 5 5 4 11 4 4 5 10 2 6 4 4 4 4 4 11 5 7 0 7 9 7 7 10 8 8 10 10 7 8 5 10 8 7 10 8 11 5 7 7 1 11 11 5 5 11 3 5 4 4 4 10 8 11 11 5 4 4 4 4 4 4 4 5 7 11 11 4 5 2 7 6 7 7 7 10 8 4 4 11 11 5 5 10 8 4 11 11 5 5 7 7 7 10 7 8 11 5 7 10 10 2 6 7 7 8 10 7 7 7 10 8 2 10 8 6 7 11 5 4 4 11 4 5 7 0 10 9 8 8 7 10 2 7 6 7 7 7 7 7 7 11 11 5 5 1 4 9 5 11 11 5 1 3 5 7 11 11 5 4 5 4 4 4 4 11 11 5 5 10 8 11 11 4 5 4 4 5 4 4 10 2 6 10 10 8 7 7 8 7 7 7 10 7 8 11 2 3 11 4 5 10 10 8 8 11 5 10 10 7 7 8 5 7 10 2 4 10 9 8 8 7 7 10 8 11 5 1 11 3 11 5 5 0 7 10 8 7 7 7 7 6 11 11 2 5 4 4 4 4 4 4 3 4 4 4 4 11 5 4 4 11 5 10 8 11 11 5 5 11 11 2 5 11 11 5 3 5 7 7 10 7 7 7 7 7 8 7 10 7 10 8 8 7 7 10 8 10 10 2 6 7 7 8 11 4 4 4 4 4 4 4 4 5 11 4 4 4 4 5 11 11 2 5 3 7 10 8 10 10 7 8 8 4 10 10 8 8 10 10 0 6 7 8 8 4 11 5 7 10 8 7 7 7 7 10 10 8 8 4 11 5 10 10 2 8 11 5 11 4 5 3 4 4 4 1 3 4 4 11 5 4 4 1 9 5 4 11 11 4 5 2 9 5 4 10 8 7 7 7 7 0 7 10 6 7 7 8 7 7 0 9 8 10 10 8 7 7 7 7 8 7 7 10 8 10 2 6 11 5 4 4 11 11 5 5 4 11 4 4 4 4 5 4 1 9 11 4 4 5 8 11 5 4 4 11 5 0 10 10 6 8 8 10 8 7 7 11 0 10 8 8 9 5 7 10 7 10 8 7 7 7 7 8 10 10 8 2 4 3 4 1 9 5 10 8 11 11 4 5 5 10 2 11 9 5 5 11 11 4 4 5 5 10 7 8 10 8 11 11 4 4 5 8 11 11 4 5 5 11 5 7 11 10 8 8 4 4 4 10 11 4 5 5 7 11 5 11 11 5 2 11 9 5 5 7 7 7 7 7 10 7 7 7 7 7 8 10 10 8 7 7 7 10 8 4 5 10 8 7 11 10 7 8 2 9 5 7 7 10 10 8 8 11 4 4 1 3 5 4 4 11 4 5 11 5 4 4 4 1 3 4 4 4 11 4 4 5 10 10 2 6 8 10 10 7 8 8 10 10 8 8 10 2 10 7 10 8 7 8 6 7 11 11 5 4 4 4 4 4 5 4 0 10 6 7 7 7 7 8 11 5 7 7 10 10 8 7 7 8 7 7 10 10 8 8 4 4 4 4 4 10 2 11 9 5 4 4 4 4 4 5 10 2 6 11 2 11 9 5 4 5 11 11 4 5 4 5 4 11 5 11 11 5 5 11 2 4 3 10 10 8 7 7 7 8 10 10 2 8 10 10 8 8 9 5 4 10 10 8 8 7 7 7 11 5 10 10 8 7 7 8 4 10 10 2 6 7 7 7 8 11 11 5 5 4 10 2 6 10 8 10 10 2 8 6 11 4 11 2 3 5 10 8 11 11 4 2 3 5 7 0 10 7 8 7 7 7 7 6 11 11 4 5 5 4 4 4 11 11 4 5 5 4 11 11 4 4 4 5 8 11 5 4 4 4 4 11 5 11 11 5 2 9 8 10 10 7 8 8 10 2 6 7 7 7 7 7 10 7 8 7 7 10 10 8 2 3 10 8 10 7 8 1 11 11 4 3 5 4 4 4 4 4 5 11 10 8 8 11 4 4 4 4 4 4 4 11 2 5 3 10 8 10 10 8 7 7 7 7 8 11 10 7 8 2 9 8 4 10 10 8 8 7 7 7 11 2 3 11 11 4 5 8 11 4 4 4 4 4 5 10 10 8 8 11 4 5 0 9 10 8 8 7 0 7 7 6 7 7 10 10 8 7 7 8 7 7 7 11 11 5 2 9 5 4 1 9 4 4 5 7 10 8 11 11 4 5 5 10 8 10 8 11 11 4 5 4 4 4 4 11 5 5 10 8 11 11 4 4 5 4 4 4 5 11 11 2 5 3 10 8 10 10 7 7 7 8 8 7 7 7 7 7 7 7 7 7 7 7 10 8 11 5 10 10 2 8 11 5 11 7 11 5 4 3 4 4 4 5 4 4 4 11 5 4 4 4 4 10 11 5 5 10 8 11 11 5 4 5 4 10 10 8 2 9 8 10 10 7 7 7 7 8 8 7 0 6 7 7 7 7 7 0 9 8 10 8 7 10 0 6 7 8 7 7 11 11 2 3 5 11 4 5 1 9 5 7 11 11 4 5 8 11 4 4 4 4 4 4 5 1 4 11 4 5 3 10 10 8 8 10 10 8 8 10 10 8 8 11 2 10 10 8 6 8 10 10 8 8 11 2 10 10 8 6 7 7 8 10 10 2 8
ppo_x50_b_fd_l4,76,qv26_78,26,323,True,1788.0,9.956124782562256,8 8 9 10 8 8 10 10 8 8 11 5 10 10 7 8 8 10 10 8 8 11 5 10 10 7 8 8 7 7 11 10 7 8 8 11 5 7 10 10 8 8 10 10 8 8 10 10 8 8 11 5 10 7 10 8 8 1 4 11 5 9 4 11 5 5 10 8 4 4 11 11 4 4 5 4 4 4 4 4 4 5 4 11 2 3 10 10 7 7 7 8 2 10 10 6 8 8 10 8 1 3 11 4 4 5 11 11 5 2 9 5 10 10 7 7 7 7 7 7 8 2 7 10 8 7 7 7 7 7 7 7 6 7 11 11 5 2 9 5 4 11 11 5 5 4 11 5 10 8 11 5 4 4 11 11 4 5 2 9 8 11 4 10 8 7 7 8 11 4 4 5 4 4 4 4 4 4 4 11 4 11 2 5 9 8 11 11 5 5 7 7 10 7 8 10 10 8 8 10 10 8 2 6 7 10 10 2 6 8 7 7 7 7 10 7 8 10 10 7 8 5 10 2 7 7 6 11 11 5 5 11 5 4 4 4 10 11 4 5 8 11 11 5 5 11 11 5 5 4 11 4 4 4 5 11 11 5 2 11 4 11 5 5 9 5 7 10 7 10 8 7 7 7 7 7 10 7 8 7 8 7 11 11 5 2 9 8 11 11 4 5 8 11 2 10 10 8 7 6 7 7 7 7 7 8 7 10 2 6 11 11 4 5 4 5 10 2 9 8 11 11 5 1 3 4 4 4 4 4 4 5 10 11 1 5 4 3 5 10 10 8 8 11 5 4 11 5 4 11 5 7 11 11 5 5 4 4 10 10 8 2 10 8 9 7 10 8 8 7 10 10 7 0 8 8 6 7 7 7 7 10 8 10 8 4 1 4 4 11 4 3 5 11 10 2 3 5 4 11 2 3 4 11 11 5 5 11 11 5 5 11 2 9 4 5 10 10 7 8 8 7 7 7 0 6 7 10 10 8 7 8 10 7 10 7 8 5 10 10 8 8 11 5 7 0 9 10 8 2 7 7 10 8 7 7 6 11 11 2 5 4 4 3 4 4 11 5 4 11 1 9 5 8 11 4 4 4 4 4 4 5 4 10 10 2 8 10 7 9 7 8 8 7 11 2 9 11 5 5 10 7 7 8 7 7 10 10 8 8 11 4 5 11 11 5 5 11 5 10 10 8 8 10 10 8 7 7 7 7 7 8 10 7 8 11 11 2 5 11 11 4 3 5 5 11 11 5 5 7 11 1 5 3 4 4 4 4 1 9 11 5 5 4 11 5 11 11 5 4 4 4 4 5 1 3 10 10 7 8 8 10 8 10 7 8 7 7 7 7 7 10 8 10 10 2 6 7 7 7 7 8 11 4 4 5 10 10 8 8 11 2 10 9 5 4 5 11 11 5 4 4 5 10 2 11 11 3 5 4 4 4 4 11 5 4 5 7 10 7 8 11 11 5 5 4 4 10 2 10 10 8 8 10 8 10 9 7 8 8 7 11 5 11 5 10 10 7 8 7 7 8 7 10 8 7 7 7 7 10 8 10 7 7 7 8 1 4 3 4 4 11 11 2 5 11 11 5 5 4 3 4 4 1 4 3 4 4 4 4 11 5 10 7 0 6 8 7 10 10 8 7 7 8 10 10 7 8 7 7 7 7 8 11 4 5 10 10 8 2 10 10 8 8 6 11 5 11 11 4 5 4 4 5 11 11 5 2 9 5 7 7 7 7 10 8 7 7 7 7 11 11 5 2 9 5 4 4 11 11 5 5 11 11 5 2 9 8 11 11 4 4 4 4 5 8 11 5 11 1 4 9 5 4 4 4 5 4 11 2 4 4 3 10 10 8 8 7 10 0 9 8 8 7 7 10 8 7 10 7 7 7 11 2 5 11 5 11 4 5 11 11 4 4 4 5 5 10 8 11 9 5 5 10 7 8 7 7 10 7 10 8 8 10 10 8 2 6 10 8 11 10 2 6 8 7 11 10 2 6 8 10 10 8 7 8 7 7 1 11 9 5 5 4 4 4 4 4 4 4 4 4 11 4 4 5 10 2 10 10 6 8 8 10 2 10 7 6 10 8 8 7 7 7 7 10 8 11 5 7 10 7 7 7 10 2 8 9 5 11 11 5 5 11 4 4 1 3 4 5 4 4 4 11 11 5 2 11 11 5 3 4 5 4 11 4 11 4 5 5 11 5 0 9 10 8 8 7 7 7 7 7 7 10 2 3 7 10 7 7 10 2 6 8 10 7 8 7 10 10 8 2 7 6 11 11 5 4 4 4 5 11 2 3 4 11 4 4 4 4 10 8 8 11 5 11 11 4 4 5 4 4 4 4 4 4 5 10 2 3 10 10 8 8 10 7 7 7 7 0 8 7 7 7 7 9 8 10 10 8 2 7 6 7 7 11 11 2 5 4 11 5 4 4 4 3 4 4 4 4 4 10 11 4 5 8 4 4 11 11 5 2 10 8 10 10 7 6 8 7 8 1 9 8 10 7 7 7 8 7 7 7 7 0 7 6 10 7 8 7 7 10 8 7 7 11 1 3 11 4 5 5 11 11 5 4 4 11 5 5 10 8 11 4 11 4 4 4 5 2 11 4 4 5 9 10 8 8 10 7 7 7 8 11 4 5 4 10 8 7 7 7 7 7 7 11 10 2 6 7 8 10 10 2 6 7 7 8 11 2 11 11 3 5 4 4 5 4 4 4 11 5 10 8 10 2 10 9 8 8 10 8 7 7 7 7 0 9 10 8 8 10 2 9 11 5 5 11 11 5 5 11 11 4 4 4 4 1 3 4 1 3 4 5 5 7 10 8 7 10 8 4 11 11 4 4 4 4 5 1 3 5 4 11 11 5 2 11 5 4 3 4 10 10 8 7 7 7 8 10 10 8 8 4 1 9 5 4 10 10 8 8 7 7 10 8 11 5 10 7 8 10 7 8 7 7 7 0 7 7 6 7 10 8 10 11 5 5 11 11 4 4 4 5 5 11 5 4 4 4 4 4 11 4 4 5 10 10 8 8 7 10 8 11 11 2 5 9 8 1 9 11 5 5 1 9 8 11 11 5 4 4 4 5 11 2 3 10 10 7 7 8 8 7 7 7 10 7 7 7 8 4 1 4 11 9 5 5 7 11 2 9 11 5 5 4 4 11 2 3 4 10 10 8 7 7 7 7 7 7 10 7 8 8 11 2 9 10 8 7 7 8 7 7 11 1 11 3 5 5 11 2 9 11 4 5 4 4 5 10 2 9 11 5 5 7 10 10 7 0 6 8 4 5 10 8 10 10 7 7 8 5 10 7 8 7 7 7 10 7 10 8 2 6 11 5 11 4 4 4 4 5 4 10 10 2 8 9 7 8 11 5 10 10 7 8 8 10 2 9 8 7 11 11 5 5 11 4 11 4 4 4 4 5 5 11 4 4 4 4 5 10 11 5 5 4 4 4 4 4 4 4 10 11 5 5 10 8 10 10 2 8 10 8 10 10 7 7 6 8 7 7 8 7 10 7 7 7 7 7 8 10 10 2 6 8 11 4 4 5 11 1 3 4 11 5 4 5 4 4 4 4 4 10 10 8 2 10 6 7 8 7 7 0 9 8 7 7 10 7 7 7 7 10 8 8 7 10 2 6 11 11 2 5 11 9 5 4 5 11 11 4 5 5 11 4 11 4 5 5 10 8 11 11 5 4 11 5 5 7 10 8 7 10 8 4 11 4 11 5 5 4 10 8 11 11 5 5 4 4 4 11 5 4 11 5 4 10 10 8 8 10 2 4 10 10 8 6 8 10 10 8 7 8 7 7 7 10 10 8 7 8 7 7 7 10 8 10 10 2 8 9 5 7 10 10 8 7 2 6 7 11 11 4 4 4 4 5 4 5 10 8 11 11 2 5 11 11 5 4 3 5 7 11 11 5 5 11 11 2 5 3 4 11 11 5 4 5 11 11 5 5 11 11 5 5 4 10 10 2 8 10 7 10 7 7 7 8 7 7 6 7 7 7 7 7 7 7 7 7 7 8 11 2 10 10 8 8
ppo_x50_b_fd_l4,77,qv26_79,26,326,True,1862.0,10.278841257095337,6 8 2 9 10 8 8 10 10 8 8 11 5 10 10 7 8 8 10 10 8 8 11 5 10 10 7 7 8 5 10 10 8 8 10 10 7 8 5 10 0 9 8 8 10 10 8 8 11 5 10 10 7 8 8 10 2 10 10 8 8 3 4 11 5 10 2 6 4 4 11 4 11 4 5 5 4 4 4 4 11 11 5 5 7 1 9 11 5 4 5 4 4 4 11 11 2 5 9 8 10 10 7 7 8 0 6 7 7 8 11 5 10 10 8 8 10 10 8 8 7 7 7 7 7 7 10 8 7 7 10 10 8 8 4 11 5 11 5 11 11 5 5 10 7 8 10 7 10 8 2 9 8 4 4 11 4 11 4 5 5 11 11 2 3 4 5 11 11 4 5 8 4 4 4 4 4 11 2 11 5 4 9 10 8 7 7 8 0 10 6 10 8 8 7 7 10 7 7 7 7 7 8 11 11 5 2 11 11 4 3 5 4 4 4 4 4 5 10 11 5 5 4 4 4 4 10 10 8 7 8 11 2 4 9 5 11 11 2 5 4 3 11 11 5 5 7 7 7 7 7 7 10 7 8 7 10 7 8 7 11 10 7 8 8 10 8 11 11 2 5 3 10 10 2 6 7 7 7 7 7 8 4 11 2 6 11 5 4 11 11 5 1 3 5 4 11 11 1 3 5 5 4 4 4 11 2 3 10 10 7 8 8 7 10 8 10 8 10 10 7 8 8 11 5 11 5 7 7 7 7 7 7 7 7 7 7 11 11 4 5 2 9 5 10 8 11 5 4 4 4 4 4 4 4 4 4 4 11 11 5 2 9 5 4 10 11 5 5 4 10 10 8 2 7 10 8 9 4 10 8 7 7 8 1 9 11 5 5 4 4 4 4 4 4 11 5 10 8 4 10 2 10 10 8 7 7 7 6 8 7 11 5 10 10 8 7 8 7 7 7 10 8 7 10 7 10 2 7 8 6 4 11 5 11 11 4 2 3 4 5 10 11 5 5 4 11 4 4 4 11 2 3 4 4 4 5 11 2 4 4 3 4 10 10 8 8 7 10 10 8 7 10 8 8 7 10 7 8 7 7 10 10 8 8 7 7 10 8 7 10 7 7 10 8 4 5 11 2 9 11 5 2 11 5 3 4 11 11 5 4 5 7 11 2 3 4 4 11 11 5 4 5 4 4 11 5 4 10 2 10 9 8 8 11 2 4 11 9 5 4 5 10 8 7 7 7 7 7 11 11 5 5 10 8 11 10 8 8 7 10 8 7 7 10 8 7 7 0 9 8 7 7 10 10 7 8 2 9 5 10 7 8 11 5 7 11 11 4 5 8 4 4 4 4 4 4 11 5 10 8 11 11 2 3 4 5 4 4 10 8 11 5 4 4 4 11 11 5 5 7 10 8 4 10 10 8 8 11 4 4 11 5 4 5 4 10 10 2 8 10 6 8 7 10 10 8 7 8 10 10 8 8 7 7 7 7 7 10 2 10 10 8 6 8 10 7 7 7 8 7 11 11 5 2 4 4 3 4 4 4 11 5 7 11 11 4 5 4 5 4 4 4 11 11 5 2 4 3 4 11 11 5 4 5 10 2 6 10 8 7 10 10 7 8 8 4 10 10 2 7 8 9 5 10 7 7 10 8 7 8 11 10 8 8 10 10 7 8 5 10 2 6 7 1 11 11 5 4 3 4 4 5 4 4 4 10 2 9 11 5 4 5 11 2 4 4 4 9 11 4 5 8 4 4 4 10 2 10 10 8 8 6 7 7 7 7 7 7 7 7 10 8 11 5 4 10 0 7 9 8 7 8 7 1 3 4 11 4 11 2 5 10 10 6 8 8 10 7 7 8 7 10 8 10 10 8 7 8 11 10 8 8 1 3 4 4 4 4 4 11 11 2 5 9 8 4 10 10 8 8 11 5 1 3 11 11 4 4 5 4 5 11 11 4 5 8 10 8 4 4 11 4 11 5 2 3 10 8 10 10 7 7 8 7 0 6 8 7 7 11 5 10 10 8 7 7 7 7 8 10 10 8 7 7 8 10 11 5 5 7 11 2 3 11 4 1 9 5 4 4 4 4 4 5 4 4 4 11 5 4 4 4 11 2 11 4 3 4 11 5 2 3 10 8 10 7 7 10 2 7 6 7 7 7 8 10 2 10 10 6 8 8 7 0 7 6 7 7 0 7 7 7 7 10 9 8 8 4 10 2 11 11 5 3 4 5 10 2 11 11 3 5 5 4 4 10 2 3 4 11 4 4 4 5 4 4 11 11 2 5 9 5 11 11 5 2 11 5 4 3 10 7 10 7 7 7 8 2 9 8 10 10 8 7 7 7 8 7 7 7 7 0 9 8 7 7 7 11 11 5 2 11 5 9 11 5 4 11 5 5 10 8 4 1 9 11 5 5 10 8 4 4 4 4 4 11 4 4 5 11 4 4 4 4 4 11 5 2 9 8 10 10 2 6 8 10 10 8 7 7 7 7 7 7 7 7 7 8 7 10 8 4 11 2 11 11 5 5 3 11 5 10 10 8 7 7 8 10 10 2 6 8 11 10 8 8 10 0 9 8 7 8 7 10 2 6 7 11 11 5 2 4 11 5 9 11 5 5 10 7 8 11 4 11 5 4 5 10 7 8 11 11 5 2 10 8 9 11 5 5 4 4 4 11 5 4 4 4 11 11 5 5 0 10 7 7 8 7 7 7 10 6 8 11 11 5 5 11 2 4 4 4 11 3 4 5 4 4 4 11 5 4 4 0 10 10 8 7 8 10 10 7 7 8 8 7 10 8 7 7 10 9 8 8 7 10 8 7 7 7 7 7 10 7 8 11 2 3 11 11 4 5 5 10 8 11 11 4 5 5 4 4 4 4 4 4 11 4 4 5 10 2 6 10 7 10 8 8 4 10 2 3 11 4 4 4 4 5 10 10 8 8 0 9 5 10 10 8 8 10 10 8 7 7 10 8 8 10 10 8 8 7 7 11 11 2 5 3 11 4 5 4 11 11 2 5 11 5 4 11 9 5 8 11 11 5 5 4 4 11 4 4 5 4 11 11 5 5 7 7 10 2 6 10 10 8 7 7 8 7 7 7 7 10 8 7 7 11 2 9 10 8 0 7 7 6 8 10 7 7 10 2 8 9 5 7 7 11 11 1 5 3 5 1 4 4 11 5 4 3 10 10 8 8 10 7 10 8 8 11 5 10 10 2 8 11 5 4 11 11 5 5 11 4 11 5 5 11 11 5 3 5 11 11 2 3 4 4 5 11 11 4 5 8 11 5 4 11 11 5 2 3 10 7 10 8 7 8 7 7 7 7 7 7 0 9 8 10 7 7 10 8 2 3 10 8 11 11 5 4 5 7 10 8 11 10 2 6 8 7 7 7 7 7 7 10 2 6 11 11 4 4 5 4 4 4 4 4 4 4 4 4 4 4 5 4 4 4 4 11 5 10 2 10 9 8 8 7 10 8 10 2 9 10 8 7 7 8 7 10 8 4 10 10 8 8 7 7 7 7 7 10 8 1 9 5 11 11 5 5 11 10 2 8 11 9 5 5 4 4 11 4 5 11 2 3 4 11 5 4 4 4 4 11 11 4 5 5 11 2 9 11 5 5 7 10 8 7 7 10 8 10 10 8 8 10 8 7 7 7 7 10 8 7 7 7 10 7 10 8 2 6 11 5 11 11 5 2 4 3 11 11 4 5 5 11 4 4 4 4 4 4 5 4 10 10 8 2 9 8 1 9 10 8 7 8 10 7 7 7 7 7 7 11 1 3 5 5 4 11 2 4 4 3 4 1 3 4 4 11 11 5 2 9 11 5 5 11 7 11 5 5 0 6 7 7 7 10 10 8 7 8 10 10 8 7 8 11 2 11 5 7 9 10 8 7 8 11 5 4 1 4 3 4 4 4 11 10 8 2 10 10 8 6 7 8 7 7 10 8 7 7 7 7 7 7 7 0 7 7 11 10 8 8 6 11 5 11 11 5 5 11 4 5 4 1 3 4 1 3 4 4 4 11 4 4 5 0 10 10 6 8 8 10 10 7 8 8 7 10 8 7 7 10 2 10 10 8 8 10 7 6 8 11 11 1 4 5 4 4 5 11 11 4 5 5 9 8 11 11 5 5 11 11 4 4 4 4 5 4 4 4 5 10 2 6 11 11 5 4 5 4 4 10 10 2 8 10 10 8 8
ppo_x50_b_fd_l4,78,qv26_8,26,325,True,1835.0,10.170756578445435,8 8 10 9 8 8 10 10 8 8 11 5 10 10 7 8 8 10 10 8 8 11 5 10 10 7 8 8 10 10 8 8 11 5 10 10 7 7 8 5 10 0 9 7 8 5 11 2 9 10 7 8 8 11 5 10 10 7 8 8 11 5 7 10 2 10 7 7 10 8 8 4 9 4 4 4 4 5 4 4 4 4 11 5 4 4 4 4 11 5 11 11 2 3 5 4 11 5 0 9 8 10 10 8 7 7 8 11 5 10 10 8 0 6 8 7 7 7 7 7 7 7 7 7 7 7 11 11 4 5 8 4 10 2 11 11 5 3 5 4 4 11 5 7 10 2 7 11 11 5 5 11 4 9 5 5 10 8 11 1 9 5 5 4 4 4 11 5 11 4 5 11 11 4 5 8 7 0 9 5 10 7 7 8 7 7 7 10 7 7 8 7 7 10 10 2 8 7 6 7 11 11 5 5 4 4 11 4 5 4 11 11 5 2 9 5 7 7 7 10 10 8 8 10 10 8 7 7 7 8 10 10 2 8 11 4 3 5 4 1 4 11 9 4 5 5 4 4 4 11 11 4 4 4 4 4 5 5 4 4 4 4 10 2 10 10 8 8 10 9 8 8 7 10 8 7 10 8 7 10 7 10 2 6 7 8 11 4 4 4 11 5 5 11 11 5 5 4 4 4 10 2 10 10 8 8 7 7 7 7 7 10 8 7 6 7 7 7 7 7 7 0 7 10 9 8 5 11 11 5 5 10 8 7 10 10 8 8 4 4 11 2 6 11 4 4 1 9 5 8 11 11 5 5 11 11 4 5 5 10 8 11 11 4 5 5 11 2 11 9 4 5 4 4 5 0 7 9 8 7 10 8 10 10 7 8 5 10 8 7 0 6 7 7 7 10 10 8 2 9 5 10 10 8 8 4 4 4 10 8 7 10 8 4 11 4 11 4 4 5 5 4 10 11 5 5 11 1 3 5 4 11 11 2 5 11 11 4 5 8 11 3 4 4 5 4 11 5 4 10 10 8 8 0 9 5 10 10 8 10 2 6 7 8 7 7 7 7 7 10 8 7 7 10 10 8 8 10 2 7 11 9 5 5 4 4 11 11 5 4 5 7 10 8 11 11 5 2 6 11 4 4 4 4 5 4 4 4 4 4 4 11 4 10 8 8 0 9 5 4 10 10 7 8 8 11 5 10 10 7 7 8 8 7 0 6 7 11 10 8 7 8 10 2 9 10 8 8 4 10 2 6 7 7 10 10 8 7 8 7 7 10 2 7 7 6 11 11 5 5 11 5 4 1 3 4 4 4 4 4 4 11 5 11 11 5 2 3 7 7 7 7 10 10 2 8 11 5 10 9 8 8 11 4 4 1 3 4 5 4 4 4 1 4 4 4 4 4 11 5 4 9 10 8 8 10 2 10 10 7 7 6 8 8 7 7 7 10 2 9 8 7 10 10 8 2 10 6 7 7 7 8 10 10 8 8 10 7 8 10 11 2 3 5 11 1 3 4 4 4 4 5 11 4 4 5 11 11 4 5 2 9 11 5 5 10 7 8 10 10 2 6 8 7 7 10 7 8 10 7 1 9 8 8 7 7 7 7 7 7 11 11 5 2 11 11 4 4 5 5 9 4 5 4 4 11 4 11 5 4 5 4 11 11 5 4 4 4 5 4 4 10 2 10 7 7 6 7 7 7 8 7 7 7 10 10 7 7 8 8 11 5 7 7 10 10 8 2 9 8 4 4 11 4 4 5 4 4 11 11 4 2 5 3 11 4 4 4 4 5 11 11 4 4 5 2 9 7 8 10 8 4 11 11 5 5 7 7 7 7 7 7 7 10 8 10 0 9 8 5 7 7 7 7 7 10 8 7 0 10 9 8 8 7 7 10 8 4 10 2 10 9 8 7 8 11 2 6 11 11 4 4 5 4 5 4 10 10 8 8 11 4 4 5 11 11 5 4 4 4 4 11 5 5 4 4 11 4 4 4 4 5 10 2 10 10 7 7 8 8 11 5 9 5 10 10 8 8 10 10 8 7 8 7 1 11 9 5 5 11 11 5 2 10 8 6 4 4 4 11 11 2 5 9 8 7 10 10 7 8 7 0 6 7 8 7 11 10 2 7 8 7 9 8 10 8 7 11 11 4 4 5 5 11 4 4 4 4 1 4 4 3 4 4 4 5 11 2 4 3 4 10 10 8 8 7 7 7 7 10 7 8 7 10 7 10 8 8 7 10 2 6 7 7 7 7 10 10 8 7 8 1 9 5 11 5 4 11 4 5 4 4 0 9 11 5 5 4 4 11 5 11 11 4 4 5 8 10 8 10 7 8 4 4 4 4 11 5 4 4 10 11 5 5 10 2 7 10 10 8 7 7 7 6 7 7 8 10 8 7 7 7 7 0 7 7 6 11 10 8 8 10 10 8 8 10 10 2 8 3 4 4 4 1 9 5 4 4 4 4 4 4 11 4 11 5 5 0 9 8 7 11 11 5 4 4 5 10 7 7 8 7 7 7 10 0 8 10 9 8 8 11 5 10 10 8 7 7 8 10 10 8 2 9 5 11 11 4 5 5 10 2 6 11 11 5 4 4 5 4 11 4 11 5 4 11 5 5 10 8 11 4 4 11 5 2 6 7 7 7 0 9 8 7 7 7 7 7 7 7 10 10 8 8 10 10 2 8 9 5 10 10 8 8 4 4 4 4 1 4 3 11 5 4 11 5 11 11 4 4 4 4 2 5 11 9 4 5 5 11 4 4 11 5 5 4 0 9 10 8 8 10 8 10 10 7 8 8 10 7 10 8 7 2 7 7 7 7 7 10 7 7 6 7 8 11 11 2 5 9 8 11 11 1 5 5 4 3 4 4 4 4 1 3 4 4 4 4 11 4 4 11 2 5 10 8 7 11 9 5 5 4 4 11 2 3 10 10 7 7 7 7 8 8 10 10 8 8 7 7 7 10 10 8 2 3 10 8 7 10 7 8 10 8 10 8 7 7 7 11 11 2 5 11 4 4 4 4 4 11 5 5 9 8 11 5 4 4 4 4 4 4 11 11 2 5 9 8 4 4 4 10 10 0 6 7 8 8 11 5 10 7 8 7 10 7 7 7 10 8 7 8 10 7 10 2 6 7 7 8 10 7 2 7 7 6 11 11 5 4 4 4 4 4 5 10 11 5 4 4 4 5 11 11 5 5 11 4 4 4 5 11 2 10 9 7 8 5 7 7 7 7 7 10 2 9 10 7 8 8 11 5 7 10 10 8 7 7 8 1 3 11 5 4 4 11 4 5 10 10 8 8 4 4 4 11 5 11 11 4 5 5 10 2 11 9 5 5 4 4 10 8 11 5 11 4 4 5 10 10 2 6 8 10 7 0 9 8 8 10 8 7 7 7 7 11 5 11 5 10 10 7 8 8 7 7 7 7 0 7 10 9 8 7 8 10 10 2 6 8 11 5 11 11 4 5 5 11 11 4 5 5 4 4 11 5 4 10 0 9 8 7 7 7 7 8 1 9 11 4 5 8 11 5 11 1 3 11 5 4 4 4 4 4 5 4 11 11 5 5 4 4 10 2 10 9 8 7 7 8 10 7 7 8 7 7 7 7 0 7 7 11 9 8 8 11 2 11 3 11 5 5 11 11 5 4 5 7 10 8 11 11 4 5 5 11 11 5 5 11 4 4 5 7 0 9 8 10 10 8 7 7 7 8 7 7 7 7 7 7 10 7 7 8 10 7 2 7 6 11 11 4 4 2 3 5 4 4 11 4 11 5 2 6 4 11 5 11 11 5 4 5 4 4 11 4 5 4 4 11 11 4 4 5 8 11 2 3 10 10 8 8 7 7 10 10 2 8 9 8 7 7 11 5 10 10 8 8 7 7 10 7 8 10 10 7 7 8 8 10 7 10 2 6 8 11 5 10 10 7 8 2 9 7 8 11 11 5 5 11 11 2 3 4 4 4 4 5 10 10 8 8 11 5 7 10 10 8 8 11 11 4 4 5 5 4 4 4 4 11 4 4 11 1 3 4 5 5 4 4 4 11 4 5 10 10 2 8 10 6 10 8 7 7 8 4 4 10 10 7 8 7 7 8 11 5 11 11 5 5 10 10 7 7 2 6 8 10 10 2 8 10 10 8 8
ppo_x50_b_fd_l4,79,qv26_80,26,328,True,1812.0,10.104232549667358,8 8 9 10 8 8 10 10 8 8 11 5 10 10 7 8 8 10 10 8 8 11 5 10 10 7 8 8 10 10 8 8 11 5 7 11 11 5 5 10 8 10 10 7 8 8 10 10 8 8 11 5 7 11 10 7 8 8 10 10 8 8 11 5 7 11 11 1 3 5 8 4 11 11 5 4 4 5 11 11 2 3 4 5 4 1 4 4 9 5 11 2 3 10 7 7 7 7 8 7 7 7 7 10 10 2 8 9 8 1 9 5 11 11 4 5 8 11 4 5 4 11 11 4 4 5 5 11 4 11 5 4 11 4 5 0 8 9 8 11 5 10 10 7 8 8 7 7 10 8 11 5 10 10 8 8 10 7 8 10 10 8 7 7 7 7 10 8 8 11 5 7 10 10 8 7 8 10 10 8 8 11 4 4 5 10 8 10 10 7 7 8 8 11 5 1 9 5 10 10 8 8 4 4 4 4 11 5 4 4 4 11 4 0 9 5 4 5 11 5 4 4 1 4 4 4 9 5 4 4 11 11 5 2 3 11 5 10 8 7 7 10 10 8 8 10 8 4 10 10 8 8 10 10 8 8 10 7 0 6 0 9 8 7 8 7 7 7 7 7 7 7 7 10 8 11 2 11 11 5 5 9 11 4 5 4 5 4 4 4 4 4 4 4 4 4 11 5 4 4 11 5 10 10 2 8 11 5 4 3 10 7 7 7 10 8 8 7 7 7 7 0 6 7 10 10 8 7 8 7 7 1 11 3 11 5 5 4 4 11 4 5 11 11 2 5 10 8 6 7 7 10 0 9 8 5 10 10 7 8 5 10 7 10 8 8 4 10 2 10 9 8 8 7 10 2 6 4 11 11 5 4 5 10 8 11 4 11 2 5 11 11 5 5 11 11 4 4 5 5 9 11 4 5 5 7 11 11 5 5 4 11 11 2 5 9 5 4 11 5 0 6 7 7 7 7 7 7 7 7 7 10 10 2 8 11 4 5 11 11 4 3 5 4 5 4 4 4 4 11 4 5 11 2 9 11 5 5 7 0 10 6 7 8 10 10 2 6 8 11 5 7 10 10 8 2 10 8 10 9 8 8 10 7 7 7 10 7 8 8 7 1 9 8 11 11 5 4 5 4 4 4 11 4 11 5 4 5 4 11 1 9 5 5 11 4 4 5 11 2 3 10 10 7 8 8 7 7 7 7 10 8 11 2 9 10 8 8 7 10 7 7 8 10 10 8 7 7 7 8 10 2 9 11 5 5 10 8 7 10 10 8 7 8 7 1 11 9 5 5 4 4 11 5 4 4 4 4 4 4 4 4 11 4 4 4 5 10 0 10 8 7 8 11 9 8 8 10 8 10 7 7 8 4 11 11 2 5 11 4 9 5 5 11 11 4 4 5 5 11 11 4 5 8 11 2 3 11 5 7 10 8 7 7 10 0 9 8 5 7 7 7 7 10 10 8 5 7 7 7 7 7 7 7 7 7 7 10 8 11 5 11 11 5 2 11 4 11 5 4 4 5 3 11 5 7 10 11 5 5 4 4 11 5 11 11 5 5 11 11 5 2 4 4 3 11 4 5 10 7 7 8 7 7 7 7 0 6 7 10 8 7 7 7 7 0 9 8 7 7 7 7 0 6 7 11 11 5 4 4 4 4 4 4 1 3 4 5 11 5 4 11 11 5 4 4 4 4 5 4 11 2 4 3 10 4 11 5 5 0 9 8 10 10 7 8 8 10 8 11 10 8 8 7 7 7 10 8 7 7 7 7 7 10 10 8 8 10 7 10 8 2 9 4 5 11 11 5 2 4 4 11 3 11 5 4 5 4 4 10 2 9 11 5 5 11 4 5 11 4 11 5 2 9 8 4 4 10 10 8 0 6 8 10 10 7 8 8 10 10 2 8 9 5 7 7 7 11 11 5 4 5 11 2 9 11 5 5 10 8 7 7 7 7 7 7 1 9 10 8 8 7 0 9 8 11 5 7 7 7 7 7 7 1 11 11 3 5 5 4 10 8 11 5 4 4 4 4 4 4 4 1 3 4 4 4 4 11 5 4 0 9 10 8 8 10 8 7 1 11 9 5 5 4 1 9 8 11 11 5 5 7 11 2 9 11 5 2 4 3 4 10 10 8 8 7 7 7 7 7 7 10 7 8 11 4 5 10 10 8 2 10 6 8 10 10 2 6 8 7 7 10 10 8 2 7 10 9 8 8 7 7 10 10 8 8 1 9 5 4 4 11 1 4 9 5 5 4 4 4 4 11 5 4 4 4 4 4 4 4 10 2 9 11 5 5 11 2 3 10 10 8 8 10 10 8 8 1 9 10 8 7 7 8 10 7 10 8 8 7 11 4 5 7 7 7 10 10 8 7 7 8 11 2 3 11 5 4 4 11 11 5 4 4 4 4 4 5 10 2 6 7 10 0 9 7 8 5 10 7 7 8 11 4 5 10 8 10 10 2 6 8 7 0 9 8 10 10 8 8 7 10 10 8 8 1 9 5 4 11 11 5 4 4 5 11 2 6 11 11 5 4 4 5 11 11 5 5 4 4 4 4 11 4 4 4 4 5 10 2 11 9 5 5 4 10 8 7 7 7 7 0 7 10 9 8 8 7 7 11 11 5 5 10 8 10 10 8 8 10 10 8 7 7 7 8 7 7 7 11 11 2 5 11 11 5 3 5 10 8 4 11 11 4 2 3 5 11 11 5 5 4 4 4 1 4 9 5 11 4 11 2 5 9 8 11 11 5 4 5 0 9 5 10 10 8 7 7 8 10 7 10 8 8 10 10 7 8 5 7 0 6 7 10 8 10 2 10 8 10 10 6 8 8 10 10 8 7 7 7 10 8 8 4 11 4 5 4 4 4 4 4 4 4 4 11 4 4 5 4 1 3 4 4 11 5 11 5 7 10 10 8 2 3 10 7 8 7 7 7 7 7 7 10 7 8 11 2 11 11 5 5 9 11 4 5 8 4 4 11 5 1 9 5 4 4 10 0 10 7 8 6 8 11 5 10 10 7 7 8 5 4 10 2 9 10 8 8 11 5 4 4 11 0 9 5 5 11 4 4 11 5 5 11 2 9 10 8 8 11 5 4 4 4 4 10 10 0 6 7 8 8 7 7 7 7 7 10 10 8 7 7 7 7 8 7 10 10 7 7 8 2 4 11 5 7 10 10 7 6 8 8 11 2 9 5 4 4 4 4 11 5 11 11 5 4 4 5 11 11 5 2 4 3 4 10 10 8 8 7 7 7 0 7 6 7 10 8 7 7 7 7 7 7 11 2 11 11 5 5 4 3 4 4 4 4 4 1 9 5 11 5 11 5 4 4 11 4 4 1 4 4 4 3 5 10 10 7 8 2 10 9 8 8 7 7 7 10 10 2 8 9 5 4 10 10 2 8 9 7 8 4 4 10 10 7 8 8 11 5 10 10 8 7 8 7 0 7 6 7 7 10 7 7 8 4 11 5 11 11 5 5 11 11 4 5 8 11 2 4 4 4 4 3 4 11 5 4 4 4 4 4 11 5 0 10 7 10 8 7 8 7 7 7 9 7 7 8 7 11 10 8 8 10 10 8 2 10 6 8 11 11 2 5 3 4 1 3 4 4 11 4 1 9 5 5 4 4 4 11 2 6 11 11 5 5 11 5 4 11 4 4 11 5 2 9 8 10 10 7 8 8 10 2 6 10 10 8 7 8 10 10 0 6 8 8 10 8 4 10 10 2 6 7 8 10 10 7 8 2 7 10 8 10 7 9 8 7 7 8 10 2 6 11 11 5 5 10 8 11 11 4 4 5 2 9 8 11 11 5 2 11 4 9 5 5 4 11 4 11 5 4 5 4 11 4 4 4 5 4 4 4 0 6 10 10 7 8 7 8 10 10 2 7 7 7 8 9 8 10 10 8 8 10 10 2 8 7 10 8 6 4 11 11 5 4 1 5 3 4 11 5 10 8 11 11 2 3 4 5 11 11 4 4 5 5 4 4 4 4 11 2 4 10 10 8 8 10 10 8 8 10 7 7 7 7 10 7 7 8 7 7 9 8 8 10 10 2 8 10 10 7 7 8 6 8 10 10 7 2 6 8
ppo_x50_b_fd_l4,80,qv26_81,26,325,True,1825.0,9.967233180999756,8 8 10 9 8 8 10 10 8 8 11 5 10 10 7 8 8 10 10 8 8 11 5 10 10 7 8 8 10 10 8 8 11 5 7 10 10 8 8 10 10 8 8 11 5 10 10 7 8 8 1 9 5 4 4 11 11 5 2 9 8 11 11 5 4 11 5 4 4 1 3 4 5 11 4 4 11 5 2 11 11 5 5 9 7 7 8 10 7 10 2 6 8 7 7 7 7 7 7 7 7 7 10 8 7 10 10 7 8 8 10 10 8 8 11 5 11 11 5 5 7 10 10 2 7 8 4 11 5 9 11 5 5 4 4 4 4 4 4 4 4 4 4 4 4 4 4 4 4 4 11 5 10 10 7 8 2 10 7 7 10 7 8 8 10 10 8 8 9 8 11 5 7 10 10 8 7 7 8 10 7 10 8 2 9 8 4 4 11 5 4 4 10 11 5 2 3 4 11 11 5 4 5 7 10 8 4 4 4 4 4 10 10 8 7 7 8 4 4 11 4 4 5 11 11 2 3 4 5 10 7 8 10 10 8 8 10 10 7 7 8 7 7 7 7 7 7 7 7 7 7 7 7 8 7 10 2 9 10 8 8 4 4 1 9 5 11 4 4 5 11 0 9 5 5 4 11 5 4 11 4 4 4 4 4 5 10 10 2 8 10 10 8 8 9 5 10 10 8 8 10 10 7 7 7 8 8 7 10 7 7 7 7 8 1 11 11 5 4 9 5 5 11 4 11 2 3 5 10 8 11 11 4 5 2 10 8 6 11 4 4 5 4 11 11 2 3 4 4 4 4 5 11 4 4 11 2 5 4 3 4 10 10 8 7 7 7 7 10 7 8 7 7 8 7 7 10 10 7 8 8 10 7 7 10 8 8 0 7 11 9 5 5 4 10 8 11 11 5 4 5 11 4 4 4 4 5 11 4 11 5 2 9 11 5 4 5 0 10 6 8 7 10 10 2 8 10 8 4 11 4 4 11 4 5 11 5 5 3 11 11 5 5 10 8 7 10 10 8 2 9 8 10 8 10 10 0 7 7 7 7 7 7 6 8 2 9 8 7 11 11 5 5 10 7 7 7 7 10 8 8 1 3 4 11 5 10 10 2 8 9 4 5 4 4 11 11 5 5 11 5 7 11 5 4 4 11 11 5 7 8 11 5 4 4 4 4 4 4 11 11 2 3 5 4 10 7 8 11 11 2 5 9 7 7 8 11 5 7 10 10 8 0 6 8 10 7 10 7 8 7 8 7 7 7 7 7 10 7 8 4 11 2 11 9 5 5 11 5 4 11 5 7 10 2 9 10 8 7 7 8 11 5 7 7 7 7 7 7 11 2 11 11 5 5 11 4 5 9 5 10 10 8 8 11 5 4 11 4 4 1 4 9 4 5 5 11 4 5 4 11 11 5 5 4 10 10 8 7 7 7 8 7 11 2 9 10 8 8 10 2 7 11 9 5 5 4 4 4 11 1 4 4 9 5 4 4 5 11 2 4 4 4 3 10 10 2 6 7 7 7 7 7 7 7 7 7 7 7 7 7 8 10 2 7 7 10 7 10 8 8 11 9 8 5 11 11 5 5 11 11 4 5 5 10 8 4 4 4 4 0 9 11 5 5 11 4 4 4 11 2 5 3 7 7 7 10 7 10 2 6 8 11 5 7 10 8 7 7 0 11 9 8 8 10 7 8 7 1 11 4 9 5 4 4 4 5 4 4 4 0 9 11 5 5 11 11 4 5 5 4 4 11 11 5 5 0 9 8 10 10 8 2 9 8 4 10 10 8 7 8 4 10 10 8 7 7 8 7 7 7 7 10 7 7 8 11 1 9 5 5 4 11 11 5 2 9 5 4 4 11 5 4 4 4 11 1 3 4 4 4 11 5 2 3 10 8 10 10 8 8 7 10 8 7 7 7 7 7 10 10 7 8 8 11 2 3 10 10 7 8 8 10 0 7 7 7 6 7 8 10 10 8 2 6 11 11 2 3 4 5 4 4 4 10 8 11 11 5 5 4 11 4 5 4 4 4 11 4 11 5 4 5 1 9 8 11 11 5 5 11 2 3 10 7 8 10 7 10 8 8 7 7 7 10 8 7 7 10 0 9 8 8 7 10 2 7 10 9 8 8 4 11 5 7 11 5 4 4 4 4 10 4 4 1 9 5 5 10 8 10 10 8 8 4 11 4 4 5 11 11 4 5 8 11 4 5 11 11 4 5 2 6 11 4 5 4 11 2 3 10 10 7 8 8 10 8 7 7 7 10 10 8 7 8 1 9 10 8 8 7 10 8 11 5 10 10 8 7 7 7 7 10 8 8 7 10 7 8 1 3 11 11 4 5 5 0 9 8 11 11 4 5 5 10 8 11 11 5 5 4 1 3 4 4 4 11 5 4 4 4 10 10 0 6 7 8 7 7 7 7 8 11 11 5 5 10 8 7 7 10 10 2 8 7 10 7 7 6 8 10 10 7 8 5 4 4 11 5 11 11 5 5 11 11 5 4 4 5 4 11 11 4 4 5 5 11 5 10 7 7 8 1 4 4 11 4 3 4 5 4 4 11 4 5 10 10 2 8 10 9 8 8 10 0 9 8 8 7 7 7 7 7 10 8 7 7 11 11 5 2 11 11 5 5 9 8 11 4 4 4 11 4 5 5 10 2 7 9 8 11 11 5 5 7 7 10 2 10 10 7 8 5 10 8 7 6 7 10 7 8 10 10 2 6 8 11 5 4 4 11 11 5 5 11 5 7 7 7 10 10 8 7 7 7 0 6 8 10 7 7 10 2 8 11 5 11 11 5 3 4 5 4 11 4 4 4 4 4 11 4 4 5 5 4 4 4 4 11 5 11 11 2 5 9 8 1 11 5 3 10 7 10 8 8 7 10 7 7 8 7 7 11 5 10 10 8 7 8 10 8 7 7 10 10 8 8 10 7 7 10 2 8 10 8 6 7 11 11 4 5 5 4 11 11 4 5 4 5 4 4 4 4 4 4 4 11 5 10 8 4 4 4 4 4 4 1 4 3 10 10 8 8 10 10 7 8 8 10 10 7 7 7 8 7 7 8 11 10 7 8 8 11 5 10 8 7 7 7 7 11 10 8 8 11 5 7 10 10 8 2 9 8 4 4 4 4 4 4 4 4 4 11 5 7 11 11 5 5 4 11 11 2 3 5 11 2 6 7 10 10 8 8 7 7 7 10 8 10 10 8 2 9 8 4 4 11 5 11 11 5 4 4 4 5 11 11 2 3 5 11 11 5 2 9 8 10 10 8 7 8 7 7 7 7 11 10 8 8 10 10 8 2 10 10 8 6 7 7 7 8 10 10 2 8 6 7 11 11 5 4 4 4 4 5 4 4 4 4 4 4 11 5 0 9 11 5 5 11 11 5 4 4 4 4 4 5 11 4 11 2 5 9 8 10 10 8 7 0 6 8 7 7 7 7 0 9 8 10 10 7 2 8 11 4 3 4 5 11 5 7 1 9 11 5 5 11 11 5 4 5 0 10 6 8 10 10 7 2 6 8 11 10 8 7 7 8 7 7 7 0 9 8 7 7 10 10 8 2 9 8 4 4 11 5 11 4 4 5 4 11 11 4 5 2 9 8 4 10 10 2 8 7 7 7 9 10 8 8 11 5 7 7 7 10 8 7 7 10 10 7 2 8 6 11 5 7 11 11 2 3 4 4 4 4 4 4 4 5 7 7 10 8 4 11 11 5 1 3 5 4 11 2 11 4 11 5 4 4 5 3 4 4 11 11 5 5 1 9 5 7 7 7 10 1 9 8 7 7 8 7 7 10 7 7 7 8 7 7 7 10 10 8 2 10 7 6 8 11 11 5 5 4 11 5 4 4 4 11 4 5 7 10 8 11 11 4 5 4 4 4 4 5 4 11 4 4 4 4 5 7 11 2 10 10 8 8 9 7 7 7 10 8 8 10 8 0 10 9 8 8 11 5 10 10 8 7 7 7 7 7 7 7 8 7 7 7 10 8 7 11 11 5 5 11 11 2 5 11 11 4 4 5 3 5 11 11 5 4 4 5 4 4 4 11 5 10 2 10 10 8 8 11 4 11 4 5 5 11 11 3 5 5 4 10 8 11 11 2 3 5 11 11 2 5
ppo_x50_b_fd_l4,81,qv26_82,26,328,True,1814.0,10.19222378730774,8 8 10 9 8 8 10 10 8 8 11 5 10 10 7 8 8 10 10 8 8 11 5 10 10 7 7 8 5 10 10 8 8 10 10 8 8 11 5 7 10 10 7 8 5 10 10 8 8 11 5 10 10 7 7 7 8 8 10 10 8 8 4 10 8 11 11 2 3 5 11 11 5 5 1 4 4 4 4 3 4 4 4 4 11 5 4 4 4 11 4 5 4 0 9 10 7 8 8 4 10 10 8 7 8 10 10 8 8 10 10 7 8 7 7 8 11 5 10 10 8 8 10 10 2 8 11 5 3 4 4 11 11 5 5 11 5 10 11 5 5 4 11 5 4 10 10 8 8 11 2 11 4 5 4 11 11 5 4 4 5 11 9 5 5 7 10 8 7 7 7 11 10 8 2 6 7 7 10 10 8 7 8 7 7 7 7 7 10 8 10 10 8 8 7 10 2 9 11 5 5 4 4 4 4 10 10 8 2 11 9 5 4 1 5 11 4 3 4 4 4 0 10 8 6 7 8 10 7 7 7 0 9 8 7 7 8 7 7 7 7 11 2 11 11 5 3 5 11 5 4 4 11 5 4 4 4 11 4 11 5 2 3 11 5 4 4 4 4 1 4 4 11 9 5 5 11 4 2 9 10 8 8 11 5 10 10 8 8 7 7 7 10 7 10 2 8 6 10 7 10 8 7 7 7 7 7 7 8 11 2 11 3 4 11 5 5 11 11 5 4 5 4 4 4 11 11 5 2 9 4 5 10 8 7 7 10 10 7 7 7 8 5 10 7 8 7 0 7 7 10 7 7 6 7 8 11 11 5 5 10 2 11 9 5 5 4 11 4 11 5 5 11 4 11 4 5 4 5 11 4 5 4 4 11 11 5 4 4 5 0 6 7 7 7 10 8 7 7 10 10 0 6 8 7 7 8 11 2 10 10 6 8 8 10 2 10 10 8 8 11 4 4 5 4 4 11 11 5 3 5 4 10 11 5 5 11 4 4 4 5 4 11 11 2 5 11 9 5 5 7 10 7 7 8 7 7 10 8 11 5 10 10 2 6 7 8 7 7 7 11 2 11 11 4 5 4 5 9 5 11 4 11 5 5 11 11 4 5 2 3 4 10 10 8 2 9 7 8 11 5 10 10 7 8 7 7 10 7 7 8 7 2 9 8 10 10 8 7 7 7 7 10 8 8 11 5 10 7 10 2 6 8 10 10 7 2 6 8 4 4 4 4 4 11 2 6 4 11 5 4 4 4 4 4 11 5 11 11 5 2 3 11 5 10 8 7 7 10 8 10 7 7 10 7 8 8 7 10 8 11 10 2 6 7 7 8 10 10 2 8 6 11 5 11 11 4 4 4 4 4 5 5 10 8 11 11 2 5 9 8 7 11 5 4 4 4 4 4 4 11 4 4 4 4 4 11 5 2 4 3 7 10 8 10 10 7 8 7 7 8 7 10 10 2 8 6 7 7 7 7 7 7 7 7 10 8 4 11 11 4 5 2 9 8 4 4 4 11 5 4 10 11 2 3 5 4 4 4 4 4 11 5 11 4 4 4 5 11 2 3 10 7 7 8 10 10 7 7 8 2 9 10 8 8 10 8 4 11 4 4 4 4 4 5 11 11 2 5 9 5 10 10 8 7 7 7 8 10 10 8 7 7 8 10 2 6 10 7 7 10 8 7 7 7 8 10 2 6 10 8 4 11 11 5 5 11 11 4 5 8 4 11 5 4 4 4 11 2 4 4 4 11 5 10 10 8 8 10 10 8 8 7 7 7 10 10 7 8 5 10 6 7 8 10 8 11 11 5 2 11 9 5 4 5 4 11 5 11 11 5 5 4 10 11 2 3 4 5 4 4 4 4 4 4 10 10 2 6 8 10 10 8 8 7 7 7 7 7 7 7 7 7 10 8 11 2 3 10 10 8 7 7 7 8 10 10 8 7 8 7 7 11 2 11 11 5 4 5 10 8 9 11 5 5 4 4 4 4 4 11 4 5 10 11 2 3 5 4 4 4 4 4 4 11 11 2 5 9 8 7 7 10 7 10 8 7 8 7 10 8 7 7 10 8 1 9 11 5 4 5 4 11 5 4 4 4 4 11 4 4 5 4 10 2 10 10 8 8 10 9 8 8 10 2 10 10 6 8 7 7 8 11 2 10 9 8 7 7 8 11 2 9 11 5 5 7 7 10 10 8 7 8 4 11 5 7 10 2 6 7 7 10 10 8 7 7 8 10 2 11 11 5 5 9 7 8 11 4 5 4 4 1 9 11 5 5 4 11 5 4 11 11 2 3 4 4 5 11 5 7 11 11 5 5 4 4 11 5 10 2 6 11 11 5 5 11 11 2 5 9 8 11 11 5 4 5 0 6 7 7 7 7 10 7 0 7 6 8 10 7 7 8 7 7 10 8 7 7 7 11 11 5 2 11 4 3 4 11 2 3 5 4 4 4 11 5 10 8 4 4 4 11 11 2 5 9 5 7 0 7 10 7 6 8 7 7 7 7 7 7 10 7 7 0 6 7 8 7 10 10 8 2 9 8 4 4 4 11 11 5 5 4 10 2 11 9 5 4 5 11 4 4 4 11 5 5 4 4 11 4 5 10 8 0 7 10 10 8 6 8 10 10 8 2 6 10 7 7 11 5 5 10 8 10 10 8 8 11 2 9 10 8 8 7 7 0 6 4 11 11 1 3 5 4 5 4 11 11 5 4 4 4 4 4 4 4 1 3 4 11 5 5 10 8 4 11 11 2 5 9 8 4 4 10 10 8 7 7 7 8 11 5 11 10 7 8 8 11 5 10 10 7 7 8 5 10 7 10 7 8 7 8 7 10 7 7 7 7 8 11 1 3 11 5 5 10 8 11 11 4 5 4 11 5 5 10 8 11 11 5 5 11 11 5 2 11 5 3 4 4 11 5 11 11 4 4 5 2 9 8 10 10 8 2 9 5 10 7 8 7 10 7 10 7 2 6 7 7 8 10 10 2 6 7 7 7 7 8 10 7 10 8 7 7 8 11 2 11 9 5 5 4 4 4 4 4 10 11 5 5 4 4 1 3 4 4 4 4 11 5 4 11 1 3 4 5 4 1 3 10 10 8 8 7 7 10 8 7 10 7 10 7 8 7 7 7 7 8 11 2 10 10 8 8 10 8 7 11 7 10 8 8 9 10 8 7 8 11 5 4 4 1 9 5 11 11 5 5 4 4 4 11 11 5 5 11 11 2 3 4 5 11 4 4 4 4 10 2 8 7 7 7 7 10 6 8 7 7 7 11 11 5 2 11 3 5 4 4 1 11 4 9 5 5 11 2 11 11 4 4 5 8 9 8 4 4 4 10 10 8 0 6 7 7 7 7 8 10 7 8 11 11 5 5 10 7 7 7 7 8 7 7 10 10 8 7 0 6 7 7 8 11 10 8 8 7 7 11 11 5 2 11 9 5 4 4 5 4 11 5 10 2 9 8 11 11 5 4 4 4 4 5 11 4 4 5 10 10 8 8 11 4 4 5 4 4 4 4 1 9 11 5 2 3 10 8 10 10 8 8 11 4 4 4 5 7 7 10 8 10 10 7 8 7 7 7 8 7 7 7 7 7 0 6 7 10 8 10 10 8 8 4 4 11 5 10 7 7 8 7 7 0 6 4 11 11 5 5 4 4 4 4 4 4 11 4 5 7 11 11 5 5 10 8 11 11 2 3 4 4 4 4 5 4 4 11 4 4 11 2 5 9 8 10 10 8 2 7 7 10 8 10 10 7 6 8 7 8 7 7 10 7 8 4 10 2 9 10 7 8 5 10 2 10 10 8 8 10 8 6 11 11 5 4 4 4 11 2 3 4 5 4 10 2 10 9 8 7 8 11 2 11 11 5 3 4 4 5 1 3 7 7 10 7 7 7 7 7 7 0 6 8 7 10 8 7 7 10 2 7 7 11 11 5 5 9 5 11 11 2 3 4 5 7 11 11 4 5 5 7 11 11 4 5 4 5 7 7 11 11 4 5 8 4 4 11 5 10 8 11 11 4 5 5 10 2 6 11 11 5 5 4 4 11 5 11 11 5 5 4 11 2 4 10 10 8 8 10 10 8 7 7 8
ppo_x50_b_fd_l4,82,qv26_83,26,325,True,1845.0,10.140509843826294,6 8 2 10 3 10 8 8 10 10 8 8 11 5 10 10 7 8 8 10 10 8 8 11 5 10 10 7 8 8 10 10 8 8 11 5 7 10 10 8 8 7 7 7 7 10 10 8 8 10 10 8 8 11 2 3 4 11 5 4 11 11 4 5 8 11 2 9 11 5 5 11 11 2 3 5 11 11 5 4 5 10 11 2 3 5 4 4 4 11 4 5 11 11 4 5 8 10 2 3 10 7 7 7 7 7 0 10 8 8 6 7 7 7 10 8 10 10 8 7 7 7 8 11 2 9 11 5 4 11 5 4 5 4 10 2 10 10 8 6 8 7 1 3 4 4 4 4 11 11 4 5 2 9 4 5 10 7 7 7 8 10 10 2 8 7 7 7 10 7 6 8 10 2 6 7 7 7 0 7 6 11 11 5 2 9 4 4 5 4 11 4 5 4 4 4 4 4 10 11 5 4 5 11 11 5 5 11 4 11 2 5 7 7 7 7 6 10 8 7 7 7 7 7 7 10 7 8 11 5 11 5 7 7 7 7 7 1 11 11 5 5 9 5 4 11 5 4 11 4 4 5 4 1 3 4 4 4 4 11 4 11 5 5 10 2 9 8 11 11 5 5 10 7 7 7 7 0 6 7 7 10 8 8 11 2 11 4 5 4 10 10 8 7 6 7 8 4 10 8 7 7 7 7 7 7 10 7 7 7 10 2 8 6 11 5 11 11 2 5 11 11 3 4 5 5 4 4 4 11 5 4 10 2 11 11 5 5 4 4 9 11 5 4 4 4 4 5 11 2 4 11 11 5 5 7 7 9 8 7 10 10 7 8 8 11 5 10 10 7 8 7 8 7 7 7 7 10 8 11 5 10 8 7 7 7 11 11 4 5 8 11 5 4 11 5 10 10 8 2 9 5 11 11 5 5 4 4 11 4 5 7 11 5 4 11 11 4 5 2 3 10 8 7 10 7 10 8 7 7 0 6 7 7 7 8 10 10 8 2 3 7 7 10 7 8 10 2 6 7 7 7 11 11 5 5 4 4 4 4 11 5 10 11 5 5 4 11 5 4 4 11 11 5 2 9 5 4 10 8 7 0 9 8 10 7 10 2 6 7 7 8 10 10 2 8 9 5 10 10 8 8 11 5 4 4 4 11 1 3 4 5 11 1 3 4 1 3 4 4 5 0 6 7 10 8 10 10 8 8 10 8 7 7 7 11 10 8 8 7 7 7 7 10 7 8 11 11 5 4 4 5 10 2 7 6 11 11 5 2 11 3 5 11 11 5 2 4 11 3 11 5 4 5 10 8 4 4 4 4 11 11 5 5 4 4 4 4 4 11 5 0 9 5 10 10 7 7 8 8 11 4 5 10 10 7 8 7 8 10 8 7 0 7 6 7 7 7 7 7 0 6 7 7 10 8 10 2 10 9 8 7 7 8 10 2 11 11 4 3 5 4 4 5 11 11 1 3 5 5 11 4 11 5 4 5 4 4 4 4 1 9 5 4 4 11 11 2 5 9 8 7 10 10 7 5 8 11 4 4 4 5 11 2 4 10 9 8 8 7 10 7 8 0 9 10 8 8 10 7 7 8 7 7 7 11 10 8 8 11 10 8 8 7 7 10 7 8 11 5 7 7 7 1 11 11 4 5 5 4 11 11 4 5 3 5 11 11 4 5 4 5 10 8 10 8 4 4 4 11 11 2 5 4 11 5 4 9 10 8 8 0 6 7 7 7 7 7 7 7 7 7 0 11 9 8 8 7 7 11 11 5 5 10 7 7 8 10 7 10 8 8 1 9 5 11 11 2 3 4 4 5 11 11 5 5 11 11 1 3 4 4 5 4 4 4 5 4 4 11 4 5 11 2 11 11 5 3 5 7 7 10 8 7 7 7 10 8 10 0 9 8 8 11 5 10 10 7 8 8 7 11 11 5 5 7 10 8 7 1 9 11 5 4 4 5 10 2 9 11 4 5 4 5 11 11 5 5 4 4 4 11 5 10 0 9 8 8 10 10 8 8 10 7 10 8 8 7 7 7 7 10 7 10 8 8 7 11 11 5 5 10 8 7 0 9 8 7 7 7 11 11 5 5 10 2 9 10 2 8 10 9 8 7 8 7 7 11 2 11 11 5 5 4 4 4 4 11 4 4 4 3 5 4 11 11 5 5 11 5 11 11 4 5 8 11 4 4 11 5 2 3 7 10 10 7 8 5 10 0 6 7 7 8 10 7 10 2 7 6 8 10 10 8 8 10 10 2 8 11 4 9 5 5 4 10 10 8 8 11 5 11 11 2 4 5 11 4 9 5 4 4 4 5 11 2 4 3 4 11 11 5 5 11 2 3 10 10 2 6 7 7 7 8 10 7 7 8 10 10 8 2 7 6 10 8 7 7 7 10 10 8 8 7 10 2 10 7 7 7 7 8 11 4 11 4 5 5 4 3 4 4 4 4 4 4 4 4 4 4 11 5 10 8 11 4 4 4 11 2 5 10 8 10 9 7 8 5 10 8 10 7 8 10 10 8 7 0 6 8 10 7 0 7 9 8 8 7 7 7 10 7 8 10 2 6 11 11 4 5 5 10 8 11 11 4 1 3 4 5 8 4 4 4 4 4 1 9 5 4 4 4 10 2 11 3 4 4 4 4 4 5 4 4 10 10 2 8 10 6 8 10 8 7 10 10 2 8 9 4 5 10 10 8 7 10 8 8 11 5 7 7 7 0 7 7 7 7 7 7 6 7 11 11 4 5 5 10 2 9 11 5 5 4 4 4 4 4 4 4 4 11 11 5 2 4 11 9 5 4 4 4 5 10 2 10 10 7 8 6 7 7 8 10 2 10 9 8 8 10 8 10 10 8 7 7 7 7 7 8 7 7 10 10 8 8 7 10 10 2 8 11 5 4 11 11 5 4 5 4 3 11 11 5 5 11 11 5 5 11 5 11 11 4 5 4 5 4 4 4 10 8 11 11 4 5 2 9 8 11 5 7 10 10 7 7 8 7 8 10 10 2 8 3 10 8 7 7 7 7 7 7 7 11 10 8 8 11 5 10 10 7 2 6 8 7 11 11 5 5 4 11 11 4 4 5 4 4 4 5 4 1 3 4 10 11 5 5 10 8 11 11 2 3 5 10 8 11 4 11 5 2 6 11 5 4 4 4 11 2 3 10 10 7 8 8 7 7 7 7 7 7 7 10 10 8 8 0 7 9 11 5 5 10 8 10 10 8 2 6 7 10 8 7 1 11 11 5 5 9 11 5 4 5 11 11 5 4 5 11 5 11 11 5 5 4 0 10 8 6 7 7 7 10 8 10 10 8 7 7 8 7 10 7 7 7 10 2 8 9 5 7 7 11 1 11 5 3 4 4 5 10 2 11 3 4 11 2 3 5 4 4 4 11 4 5 4 11 5 4 11 1 3 5 10 8 11 4 11 5 5 11 2 4 10 10 8 6 7 8 11 4 5 7 10 10 7 7 8 2 9 4 5 10 7 0 9 7 8 8 11 5 7 10 10 8 8 7 10 8 10 10 8 8 7 10 10 8 8 11 10 8 8 11 1 4 3 4 5 4 4 4 4 4 10 11 5 5 11 5 4 11 4 5 10 10 7 8 2 9 5 10 10 8 7 8 11 5 7 10 10 8 8 11 10 2 6 8 7 10 10 7 8 8 1 4 4 4 11 4 3 4 4 4 5 1 3 11 5 4 4 11 11 4 5 4 4 5 10 2 3 10 10 8 8 7 10 7 7 8 7 7 7 7 7 7 7 11 10 8 8 10 10 8 7 7 7 7 0 6 8 10 10 8 2 6 4 4 4 10 8 11 11 5 4 5 10 7 8 0 9 11 5 5 4 4 11 4 5 4 4 11 11 5 4 5 11 11 5 5 11 5 10 11 1 3 5 4 4 4 4 5 11 2 3 10 10 7 8 8 7 7 7 11 2 9 10 8 7 8 7 7 0 9 7 8 7 10 10 7 8 7 8 10 10 8 8 10 8 10 10 8 7 8 10 2 11 11 5 3 4 4 4 5 7 11 11 4 4 5 5 10 2 11 9 8 8 11 11 5 4 4 4 5 4 11 4 5 4 11 4 4 4 4 5 10 10 2 6 8 10 10 2 8 10 10 8 8 10 10 8 8 6 10 10 8 8 10 7 7 10 2 7 7 8
ppo_x50_b_fd_l4,83,qv26_84,26,327,True,1796.0,10.002182722091675,8 8 10 9 8 8 10 10 8 8 11 5 10 10 7 8 8 10 10 8 8 11 5 10 10 7 8 8 10 10 8 8 11 5 10 10 7 8 8 10 0 10 8 8 9 5 10 10 8 8 10 10 8 8 11 5 1 3 4 11 5 4 11 4 4 4 4 4 4 5 4 4 4 10 11 5 5 10 8 10 10 2 8 10 9 8 7 7 8 11 2 10 10 8 8 10 10 8 6 7 7 7 8 10 10 7 7 7 8 8 11 5 7 10 10 8 8 11 2 3 11 5 11 11 5 5 11 1 9 5 8 4 4 4 4 4 11 5 4 4 4 4 4 4 11 4 5 4 4 1 4 3 10 10 2 8 10 9 8 8 10 8 7 10 10 7 8 8 10 10 8 7 7 7 7 8 7 10 2 6 7 7 7 10 8 7 7 7 11 11 5 2 9 5 11 4 5 11 11 2 5 3 4 11 5 4 11 5 4 11 5 11 4 0 9 5 5 4 11 5 11 11 5 2 9 8 10 10 2 8 10 10 7 8 6 7 8 10 10 7 8 8 7 11 1 3 4 4 11 5 5 4 4 4 4 4 4 4 4 4 10 10 2 8 10 7 8 7 7 7 7 7 6 7 7 7 10 8 0 10 8 7 6 7 7 7 7 10 10 2 8 11 3 5 11 11 4 4 5 1 3 5 4 4 4 1 4 4 3 4 4 4 4 1 9 5 11 11 5 5 10 2 9 8 4 4 4 11 4 10 8 2 6 10 10 0 6 7 8 7 8 10 2 6 7 7 7 10 10 0 7 6 8 8 10 7 7 8 10 10 8 2 4 3 4 11 5 7 10 10 8 7 8 4 11 5 4 11 11 5 4 5 0 10 9 8 5 10 7 7 7 7 7 7 7 10 2 8 9 5 11 11 4 5 4 4 4 4 4 1 3 5 4 11 4 5 11 11 2 3 5 4 11 11 2 3 4 4 5 11 4 5 4 4 10 10 8 2 9 8 10 10 8 8 10 10 8 8 7 7 7 0 7 7 7 7 7 7 7 9 8 11 0 9 5 5 11 11 4 5 5 4 4 10 8 11 11 5 5 4 4 11 11 5 2 3 10 7 8 10 10 8 8 7 7 7 7 0 7 9 10 8 8 10 10 8 8 10 7 8 11 2 6 11 11 5 5 4 11 11 4 2 5 9 8 11 11 5 5 4 4 4 4 4 11 2 10 11 5 5 4 4 3 4 10 10 8 8 10 10 8 7 8 0 9 8 4 10 10 8 7 8 7 7 10 8 11 10 2 6 8 10 7 2 6 11 11 5 4 4 4 11 5 5 10 8 11 11 5 4 5 4 4 4 4 4 4 11 4 5 10 10 2 8 9 5 11 11 5 4 5 10 10 2 8 9 5 4 10 10 8 8 10 7 8 10 7 7 0 6 8 7 7 7 7 11 11 5 5 10 2 7 6 10 8 7 7 7 7 7 10 10 8 7 8 10 8 7 11 11 2 5 9 11 4 5 4 5 10 8 11 11 5 4 4 4 5 7 11 11 5 4 4 4 4 5 7 10 8 11 11 4 5 4 4 1 3 4 4 5 7 10 2 10 9 8 8 11 5 7 10 10 8 8 7 10 10 7 7 2 6 7 8 10 10 8 8 7 7 7 7 7 7 0 6 11 11 5 5 11 11 4 5 4 4 4 4 1 3 5 10 11 5 4 4 1 3 5 4 4 4 4 11 11 5 2 9 5 10 10 8 2 4 11 5 11 11 5 5 3 7 10 8 7 7 7 7 7 7 7 10 8 7 10 10 7 7 8 2 3 10 7 8 11 5 7 10 10 7 2 7 8 9 5 10 8 4 11 11 5 2 3 4 4 1 3 4 4 4 4 4 4 11 5 7 10 10 2 8 6 10 8 11 7 10 8 7 10 8 7 8 7 7 7 0 10 9 8 8 4 10 2 9 10 8 8 10 2 6 11 11 4 4 2 3 5 11 11 2 4 5 11 4 3 4 11 4 4 2 3 4 5 4 11 4 4 11 5 5 11 5 7 7 11 2 9 11 5 2 4 3 7 10 10 7 7 2 6 8 10 7 7 10 2 8 6 11 5 11 4 5 10 10 2 8 3 10 7 7 7 7 7 7 7 7 8 10 2 6 11 11 4 5 5 4 11 5 10 8 11 4 11 4 5 5 10 8 11 11 4 5 8 11 4 4 4 4 11 5 2 11 5 4 11 9 5 5 7 10 7 7 7 0 6 8 7 7 7 7 7 7 7 7 7 0 6 11 11 5 5 7 11 5 4 4 1 3 4 11 5 7 11 11 5 4 4 4 4 5 10 10 8 2 4 4 4 4 4 3 4 10 10 8 8 0 6 7 7 7 10 7 8 10 2 10 9 8 8 7 7 0 9 8 7 7 10 7 8 7 7 7 11 10 8 8 10 8 11 1 10 8 8 6 11 11 5 4 5 11 11 5 4 4 5 4 4 11 2 9 11 4 5 2 11 9 5 4 4 5 4 4 11 4 4 4 5 4 10 2 10 10 7 6 7 8 8 10 10 8 8 7 7 7 10 8 7 7 7 10 2 10 8 7 6 11 11 5 5 4 4 11 11 5 4 5 10 2 6 7 10 8 10 10 7 8 7 8 7 7 10 8 4 11 1 9 8 8 11 5 11 11 4 2 3 5 11 4 11 4 5 2 9 8 4 11 11 5 4 5 1 3 4 11 5 11 11 5 2 9 5 10 7 7 10 8 2 9 5 10 10 8 7 8 11 5 11 5 10 7 7 7 7 10 8 8 7 10 10 8 8 11 5 7 7 10 10 7 8 7 8 7 11 2 6 11 11 5 5 11 5 7 11 11 5 4 4 4 4 5 7 7 11 11 5 4 5 4 4 4 1 9 5 4 4 4 11 11 2 5 9 8 4 4 11 11 5 2 9 8 4 4 4 10 10 0 8 8 6 7 7 7 7 7 7 7 7 10 7 8 7 10 8 7 10 8 11 1 9 5 8 11 11 5 5 10 8 4 11 11 1 3 4 5 5 10 8 11 4 4 5 4 11 4 4 4 11 5 2 3 7 10 10 8 8 0 9 8 10 7 10 8 7 8 10 8 7 7 7 10 10 7 8 8 4 10 10 7 7 8 2 9 4 5 7 7 7 7 7 11 11 4 5 5 10 2 3 4 4 11 5 7 10 10 8 8 11 4 4 4 4 5 4 10 10 2 8 9 5 10 10 8 2 11 5 4 3 4 11 11 4 5 5 4 4 4 11 11 4 5 8 10 8 4 4 11 11 2 3 4 5 7 7 10 8 7 10 10 8 7 7 10 7 8 5 7 7 7 0 6 7 7 7 7 7 10 7 8 11 4 5 4 11 1 4 5 3 7 10 10 8 8 11 2 10 10 6 7 8 8 10 8 10 2 6 11 11 4 5 4 2 4 4 4 3 4 4 4 4 4 4 4 11 11 5 5 10 8 7 11 11 4 8 5 4 4 4 4 11 5 0 10 9 8 8 7 7 0 9 5 7 7 7 10 10 7 8 5 10 8 7 7 7 7 10 8 11 5 1 11 11 5 3 5 11 4 11 2 5 4 4 4 9 5 11 11 2 5 9 8 11 11 5 4 5 11 4 11 5 5 7 0 10 7 6 8 11 11 5 5 10 8 10 10 8 7 7 7 8 7 7 7 7 7 10 7 7 10 7 8 7 8 10 2 10 10 8 8 9 8 7 11 11 5 4 4 4 4 5 7 10 8 10 11 2 3 4 5 4 10 11 5 5 4 4 4 4 4 4 4 1 3 4 4 11 4 5 7 10 10 2 8 9 5 4 11 11 5 4 5 11 2 3 10 10 7 8 5 7 7 7 7 7 7 10 7 7 8 4 10 2 10 9 7 8 8 11 5 11 5 10 10 7 8 7 7 8 10 10 8 8 11 5 10 10 8 7 8 7 10 10 8 2 6 11 11 4 4 5 5 11 11 4 4 4 5 5 7 1 11 9 8 8 11 11 5 5 11 11 4 4 5 5 10 2 11 11 5 5 11 11 5 5 11 11 5 5
ppo_x50_b_fd_l4,84,qv26_85,26,325,True,1842.0,14.427067756652832,8 8 10 10 8 8 10 10 8 8 9 5 10 10 8 8 10 10 8 8 11 5 4 11 5 7 10 10 7 7 8 8 10 10 8 8 11 5 10 8 7 7 7 7 10 10 8 8 10 10 8 8 11 5 7 10 10 8 8 4 11 2 11 9 5 8 4 4 4 4 11 11 5 5 4 4 4 4 11 5 4 10 10 0 6 8 8 1 9 10 7 7 8 8 11 5 4 1 9 11 5 4 4 5 4 4 10 2 9 10 8 7 7 7 7 0 6 7 7 8 10 7 8 7 7 7 7 7 0 10 10 8 8 9 4 5 10 8 11 11 4 5 5 11 11 4 5 5 11 11 2 3 5 4 4 4 4 4 4 11 4 4 4 4 4 4 4 5 7 10 2 10 9 8 8 4 11 2 4 4 3 10 10 8 2 6 7 7 7 7 7 10 8 11 10 8 8 10 10 7 7 8 0 6 7 8 7 7 7 11 11 5 2 3 4 10 8 11 11 5 4 4 4 5 10 8 4 4 11 5 11 11 2 4 5 3 7 7 7 7 0 6 7 10 7 7 8 10 11 2 5 9 11 4 5 8 11 5 11 4 4 4 4 4 11 5 4 5 0 6 10 7 10 7 7 8 2 10 9 8 8 10 8 7 11 10 2 6 8 7 7 7 10 8 7 7 7 7 10 10 2 8 9 5 11 4 11 5 4 1 3 11 5 4 4 5 11 5 4 11 5 4 4 4 4 10 8 11 11 2 5 11 5 9 11 5 5 11 5 4 4 11 5 0 9 5 7 10 10 8 8 7 7 0 10 9 8 5 7 7 7 10 8 10 10 8 7 7 8 10 10 7 8 8 7 10 7 11 5 2 4 4 11 5 3 4 11 5 1 3 4 4 4 11 4 5 10 10 2 8 10 7 6 8 10 10 7 8 2 3 10 8 10 10 8 8 10 2 10 7 7 7 6 7 8 11 11 5 5 4 4 4 4 4 10 11 5 5 4 4 4 11 11 5 5 4 4 4 4 4 11 5 10 2 10 10 8 6 8 11 10 2 6 8 11 2 6 10 8 7 7 7 7 7 11 10 7 2 7 8 6 7 10 10 8 2 9 4 5 11 11 4 5 8 11 5 11 4 4 4 4 5 11 5 4 4 4 4 4 4 11 11 2 5 9 8 11 11 5 5 7 7 0 9 8 10 0 6 7 8 4 10 10 8 7 8 10 2 6 7 10 7 8 7 7 10 8 7 0 9 8 10 10 2 6 8 4 10 2 10 8 7 7 7 6 11 11 4 5 5 4 4 4 4 11 11 5 5 10 2 6 7 11 4 4 4 4 4 4 4 4 4 5 4 11 11 5 2 9 5 7 7 10 8 7 7 7 7 7 7 7 7 7 7 7 11 11 5 2 11 5 9 11 4 5 5 7 11 11 4 5 8 11 5 11 4 4 11 5 5 4 4 0 10 7 6 8 11 5 10 7 0 9 8 5 10 7 10 8 7 7 8 7 10 10 8 7 8 10 8 7 7 0 6 4 11 11 4 5 4 5 11 5 11 11 4 2 3 4 5 10 8 11 5 4 4 4 11 1 4 3 4 1 3 5 11 4 11 5 2 9 8 4 10 10 0 6 8 7 7 8 10 2 7 7 10 9 7 8 7 8 7 11 5 10 8 7 7 7 11 10 8 8 11 5 10 10 7 8 8 1 9 5 11 4 4 4 1 4 3 4 11 5 5 10 2 11 11 3 4 5 5 10 8 11 11 4 5 2 9 8 10 8 10 0 9 8 7 7 8 7 10 2 10 10 8 8 7 10 6 8 10 10 7 8 8 11 5 7 10 10 8 7 8 7 11 2 6 11 11 5 5 4 4 4 4 4 11 5 10 11 5 4 4 4 5 11 11 5 5 11 11 5 5 4 10 2 9 11 4 5 8 11 2 9 11 5 5 4 4 4 0 10 10 8 6 8 7 7 7 7 11 10 8 8 7 7 7 7 7 10 8 10 2 6 7 7 7 7 7 11 5 4 4 1 3 4 4 4 11 4 4 4 5 11 11 5 5 10 2 10 6 7 7 8 11 10 8 2 10 10 8 8 10 10 8 6 8 10 10 8 8 10 10 8 2 9 7 8 4 10 11 5 5 4 10 10 8 8 11 5 11 11 5 4 5 4 4 4 11 5 4 4 4 4 4 4 4 4 1 4 4 3 11 5 10 8 10 10 7 7 8 8 10 2 7 6 7 7 10 8 7 7 7 11 11 2 5 11 4 4 4 4 9 5 5 10 8 0 10 7 8 7 7 7 6 10 7 8 10 7 10 2 6 8 7 7 7 7 7 11 11 2 5 4 4 4 3 4 4 4 1 9 4 5 4 11 11 5 2 9 8 7 11 11 5 4 5 11 4 4 4 4 11 2 5 3 10 8 10 10 8 8 10 10 2 8 11 5 3 10 10 8 8 10 10 2 6 8 7 10 2 6 7 7 7 10 10 8 2 4 9 5 11 11 5 5 11 11 5 5 10 8 11 11 4 5 5 11 11 2 3 4 4 4 5 4 4 10 10 7 8 2 9 8 11 10 2 6 7 8 7 7 7 7 7 10 8 7 7 10 2 6 7 7 7 7 7 1 11 11 5 5 3 4 4 10 8 11 11 2 5 4 4 9 4 5 4 4 4 4 11 5 4 4 4 4 11 4 11 4 5 2 9 8 10 8 10 10 8 8 10 10 7 8 0 7 6 7 10 8 7 7 7 7 7 7 10 8 2 9 5 10 10 8 8 11 2 9 5 11 4 11 2 5 3 11 11 5 5 11 11 4 5 5 10 2 11 9 5 4 5 4 4 10 0 6 10 8 8 10 2 6 7 7 0 7 9 8 10 8 7 7 0 6 7 7 7 10 10 7 8 5 10 2 6 11 11 5 4 5 11 11 5 4 4 5 7 11 11 5 2 9 5 10 7 7 8 11 5 11 11 2 3 5 4 4 4 4 4 4 11 5 7 11 11 5 5 11 11 4 5 5 7 11 2 11 11 5 3 5 4 4 10 10 8 7 7 7 7 7 7 7 7 8 11 4 5 10 10 8 2 9 7 10 8 4 5 10 7 7 7 8 7 7 10 10 2 6 7 8 7 7 7 7 1 11 11 5 3 4 5 7 10 8 11 11 4 5 5 4 4 4 1 3 4 4 4 4 4 11 5 4 11 5 4 4 11 5 11 11 5 2 9 5 7 7 7 10 8 4 10 10 8 7 8 0 9 10 8 7 7 8 10 10 7 8 8 11 5 10 7 7 1 3 4 4 4 4 4 11 2 3 4 5 0 7 10 8 10 9 8 7 8 7 10 8 11 5 10 10 7 7 7 8 5 4 10 2 6 7 7 7 11 11 5 2 11 11 5 3 4 5 4 11 11 4 5 5 10 8 11 11 4 5 4 4 11 5 5 4 10 2 9 7 7 8 1 11 9 5 5 7 11 2 10 9 8 8 7 7 7 7 10 7 7 7 7 8 7 7 10 2 7 7 6 7 11 11 5 2 9 5 4 11 4 4 4 4 4 5 4 4 4 11 5 4 11 4 5 1 4 4 4 3 4 4 4 10 10 2 8 7 7 10 6 8 7 7 7 10 7 8 11 4 11 5 2 3 11 4 5 11 11 5 2 11 5 9 10 8 7 7 8 10 8 7 7 7 7 7 11 5 10 10 7 7 8 5 10 7 7 8 11 11 5 5 10 2 10 8 6 4 11 11 5 4 5 7 10 11 2 5 11 11 5 4 4 3 5 11 4 4 4 4 4 11 4 5 2 9 8 10 8 7 7 10 10 8 8 7 7 10 8 7 7 7 7 7 10 7 10 7 8 2 3 10 8 10 10 7 8 5 10 2 6 11 5 4 4 11 11 5 4 5 4 4 4 11 4 4 5 4 1 9 11 5 5 4 11 5 4 4 4 4 11 11 2 5 10 10 7 7 7 8 7 8 10 7 7 9 8 7 7 7 8 10 10 8 2 7 10 10 8 8 6 7 7 7 10 10 8 8 7 11 11 5 2 11 11 4 4 3 5 5 4 4 11 11 5 4 4 4 5 10 2 6 11 11 4 5 5 7 11 11 2 3 5 11 11 2 5 4 3 10 10 8 7 7 7 7 7 7 7 7 8 11 2 10 10 8 8
ppo_x50_b_fd_l4,85,qv26_86,26,328,True,1850.0,10.178693056106567,8 8 10 9 8 8 10 10 8 8 11 5 7 10 10 8 8 10 10 8 8 11 5 10 10 7 8 8 11 5 10 10 7 8 8 10 10 8 8 11 5 10 10 8 2 10 10 8 8 10 10 8 8 10 9 8 8 11 2 10 10 7 8 8 9 5 10 10 8 8 11 5 4 4 4 11 5 10 8 4 4 4 11 11 4 4 4 4 5 5 7 11 11 5 4 5 4 4 4 4 4 11 11 5 2 9 11 4 5 8 10 8 10 7 8 10 10 8 7 8 7 7 0 9 8 10 10 2 8 7 7 7 7 7 6 7 7 7 7 7 7 10 8 11 5 7 11 2 11 11 5 4 5 4 3 4 4 4 4 11 5 11 5 4 4 4 4 4 1 4 4 9 5 4 4 4 4 10 10 8 2 9 10 8 8 10 8 10 10 8 7 7 8 10 10 8 7 7 8 11 4 5 10 10 2 8 10 8 6 7 7 7 7 7 7 7 10 0 7 8 6 11 11 5 5 10 8 11 11 4 4 4 5 5 4 10 10 8 8 11 4 4 4 11 5 2 6 11 11 2 3 5 4 4 4 10 8 11 5 1 4 11 11 4 5 8 6 11 4 4 4 5 0 9 8 11 4 5 7 10 10 7 7 7 8 7 10 8 8 10 8 7 7 10 8 11 11 5 5 10 8 10 10 7 8 2 9 5 10 10 8 8 7 11 5 4 4 4 4 4 11 5 4 4 4 4 11 5 7 10 10 7 7 8 7 8 11 5 11 5 10 0 6 7 7 8 7 7 7 7 7 7 10 7 8 11 11 5 2 11 5 11 11 5 5 11 9 5 8 11 4 4 4 5 11 1 9 5 8 11 5 11 11 5 4 4 5 11 11 5 5 11 5 0 6 7 11 10 2 6 8 7 7 7 7 7 7 10 8 7 1 3 4 11 11 4 5 5 4 11 5 7 10 2 10 9 8 8 10 8 11 11 5 5 4 11 11 4 5 8 11 5 11 4 11 4 4 5 5 10 7 8 7 10 7 2 11 9 5 5 11 5 10 7 10 7 8 7 8 7 10 10 7 7 7 7 8 0 6 7 7 8 10 7 10 7 8 7 2 6 7 11 11 5 4 5 4 4 4 4 10 8 11 5 4 4 0 9 11 5 5 4 11 4 5 10 7 8 10 8 4 4 4 4 4 11 11 5 4 5 10 7 8 11 11 2 5 11 11 5 5 4 4 4 3 10 10 8 2 7 7 7 6 7 7 7 7 7 0 9 8 11 5 7 7 10 10 7 8 7 10 8 8 7 11 2 10 9 8 8 7 10 2 9 11 5 5 4 11 11 5 4 5 4 4 11 5 11 11 4 5 8 11 4 5 4 4 4 11 11 5 5 7 11 5 10 10 8 8 11 2 11 3 4 4 11 5 2 3 10 10 7 8 7 7 10 8 7 8 7 10 7 10 8 7 7 8 10 2 10 10 7 6 8 7 7 7 7 8 11 4 5 4 11 5 10 7 7 7 7 10 2 8 6 11 5 11 11 5 2 9 5 11 11 5 5 11 4 4 4 5 4 4 4 4 11 1 9 5 8 4 11 11 5 4 5 11 2 3 4 11 5 10 7 10 8 8 11 2 10 6 7 7 11 1 5 5 9 4 4 5 4 4 11 11 5 2 7 3 10 8 10 0 6 7 10 8 8 10 7 7 10 0 6 7 8 8 10 10 7 2 6 8 10 10 7 8 7 7 8 11 4 5 11 4 10 8 8 7 7 7 10 10 2 8 9 5 7 7 11 11 1 5 3 4 4 4 5 11 2 9 11 5 5 4 4 4 4 11 5 4 4 11 2 4 10 10 8 8 10 9 7 8 8 10 7 8 10 10 8 7 7 8 7 7 1 11 9 5 5 1 9 4 5 10 8 11 11 5 4 4 5 10 8 4 11 11 2 3 4 4 4 4 5 4 11 11 5 4 4 11 2 3 5 10 8 10 10 8 7 8 7 7 7 7 7 7 10 8 7 7 7 7 0 10 8 7 6 11 11 4 4 5 5 10 8 11 11 4 5 4 4 4 4 5 4 4 4 11 11 5 5 11 2 6 10 8 10 10 2 6 7 7 7 7 7 7 8 10 2 7 7 6 7 7 7 10 8 7 7 7 11 10 8 8 1 11 5 3 11 11 5 5 4 11 5 4 11 11 5 5 4 4 4 11 4 5 10 10 2 8 9 5 11 11 4 5 4 4 4 4 4 4 4 5 10 2 3 10 10 8 0 6 8 10 8 7 10 10 8 8 7 11 2 9 10 7 7 8 8 10 7 10 8 8 7 10 2 6 7 7 7 7 10 8 4 11 11 4 2 5 11 9 5 5 11 11 5 5 11 5 11 11 5 4 4 5 0 6 10 7 8 7 0 6 7 10 8 11 2 11 5 11 11 4 5 8 11 4 4 4 3 4 1 3 5 4 11 5 4 11 11 5 2 3 10 7 8 10 10 7 7 8 8 10 7 10 2 8 4 11 3 11 5 5 11 11 5 2 11 5 4 9 11 5 2 4 3 10 10 2 8 7 7 7 6 7 7 10 7 7 7 7 0 6 7 7 7 7 8 10 7 8 1 9 11 5 4 5 7 11 11 5 5 11 5 11 11 4 5 8 11 5 4 4 4 4 4 4 4 4 11 4 11 2 3 5 10 8 10 10 8 8 10 2 10 10 8 7 6 8 10 7 7 8 7 7 7 7 7 0 10 9 8 5 10 10 7 2 6 7 8 4 11 4 5 4 4 4 4 11 5 4 4 4 4 4 4 10 0 10 8 6 7 7 8 7 7 0 9 5 10 7 7 7 8 10 7 7 7 10 7 8 8 11 5 10 2 6 11 4 4 11 5 2 11 3 5 11 2 9 11 4 5 5 10 8 4 4 4 4 4 4 4 4 11 4 11 2 3 5 11 11 5 2 3 10 8 7 7 10 10 8 2 7 7 10 10 8 8 7 7 6 7 7 7 7 7 10 7 7 8 11 2 4 3 11 11 5 5 4 10 8 10 8 4 11 11 2 5 9 5 11 11 5 5 7 7 11 5 10 11 2 3 5 4 4 4 11 5 4 11 4 1 4 3 4 5 4 4 4 4 11 10 2 8 10 6 10 7 8 7 8 7 7 10 10 8 8 10 10 2 8 9 8 10 7 10 8 8 7 10 2 10 6 7 10 7 7 8 5 11 5 7 10 10 7 7 8 1 5 11 5 3 4 10 11 5 4 5 4 4 11 5 10 8 11 1 9 5 5 4 4 11 4 5 4 4 4 1 9 11 5 5 4 11 2 3 10 10 7 8 7 7 10 8 7 7 8 7 0 6 10 10 7 8 5 10 8 7 7 7 7 7 10 10 8 2 9 8 4 4 11 5 4 11 11 5 4 5 4 4 4 1 4 3 4 4 11 5 10 8 10 7 10 7 8 8 11 4 2 4 3 10 8 10 10 7 8 5 10 8 10 10 7 8 10 8 7 7 8 11 2 9 11 5 4 4 5 4 4 4 4 4 11 1 11 5 3 4 4 5 4 4 11 4 11 2 5 4 3 10 7 8 10 10 8 8 10 10 2 7 6 7 8 7 7 7 7 7 10 8 7 10 7 10 8 8 7 10 10 8 8 10 2 9 8 11 11 4 5 4 11 5 4 4 4 4 5 11 2 9 10 8 8 10 2 10 10 8 8 4 4 4 3 4 4 4 4 4 4 4 11 5 4 1 4 4 3 4 10 10 8 7 8 7 7 7 10 10 8 7 8 7 7 7 7 10 8 10 8 7 7 7 7 7 11 11 5 2 9 5 11 5 4 4 4 4 10 11 5 5 10 11 2 3 4 5 11 4 4 4 4 5 10 10 8 2 10 10 7 8 8 9 5 11 10 8 8 1 9 10 8 8 7 10 8 11 10 8 0 6 8 10 10 7 8 7 7 7 7 7 8 10 2 11 11 5 3 5 10 8 7 11 11 5 5 4 4 11 5 4 4 4 11 5 7 11 11 5 4 4 5 7 11 11 2 5 4 3 11 5 4 4 4 4 4 4 10 10 8 2 10 10 8 8 6 7 7 7 7 7 10 8 7 7 7 7 7 10 10 8 8 11 11 4 4 4 4 4 4 5 5 11 11 1 3 5 4 5 7 11 11 5 4 5 11 11 2 5
ppo_x50_b_fd_l4,86,qv26_87,26,332,True,1874.0,13.54094934463501,8 8 10 9 8 8 10 10 8 8 11 5 7 0 10 10 8 8 9 10 8 8 11 5 11 5 10 10 7 7 8 8 10 10 8 8 11 5 10 10 7 8 8 11 5 7 10 10 8 8 10 10 8 8 11 5 10 10 7 8 8 10 10 8 8 11 5 11 11 2 5 4 10 9 8 7 7 8 10 2 10 10 8 8 4 4 4 4 4 4 9 4 4 5 11 11 2 3 4 4 4 4 5 11 4 10 8 7 7 7 8 11 2 3 4 4 1 3 4 11 4 5 4 1 4 3 4 4 10 10 2 8 9 10 8 8 7 11 5 10 8 7 7 7 7 7 7 7 10 10 8 7 8 7 7 7 7 7 7 0 6 11 11 5 5 11 11 5 4 5 4 4 10 8 11 11 5 5 10 8 11 11 5 4 11 5 5 11 11 2 5 10 8 9 10 7 8 5 10 2 10 10 8 6 7 7 7 7 7 8 11 2 6 11 11 4 5 5 10 8 11 11 5 5 4 4 4 4 1 4 9 5 11 11 5 5 10 2 9 8 4 4 11 11 5 4 5 4 0 10 10 6 8 2 7 9 7 8 7 7 7 7 7 7 7 10 7 8 10 7 7 8 7 10 10 2 8 6 7 11 1 9 5 4 4 5 4 11 2 4 4 4 4 11 5 11 11 4 5 5 11 11 5 3 4 5 4 4 11 5 10 8 4 4 4 10 10 2 8 7 7 7 6 7 7 7 7 7 11 10 8 7 8 10 10 7 8 5 10 8 11 10 7 8 8 11 2 9 5 10 10 8 8 10 8 10 10 2 8 7 6 11 11 5 4 4 5 4 4 4 4 4 4 4 4 4 4 4 11 4 5 4 11 2 9 10 8 8 11 5 10 10 8 8 7 11 1 9 5 5 4 4 4 11 11 2 5 9 8 4 4 10 10 0 8 6 7 8 0 6 7 10 8 10 10 2 6 8 11 5 7 7 7 7 0 6 7 7 7 7 7 0 9 8 7 7 7 10 10 2 8 11 5 11 11 3 4 4 1 3 4 4 5 4 5 10 7 8 11 11 4 4 4 5 8 4 10 2 10 10 8 6 8 11 4 4 4 1 9 4 5 4 4 5 7 10 2 10 9 8 8 10 2 11 9 5 5 10 8 11 11 4 5 5 0 7 7 7 9 8 10 10 2 8 9 8 11 4 11 4 4 2 3 4 5 4 4 4 4 11 4 5 10 2 10 10 8 8 10 10 8 8 10 9 7 8 5 7 7 10 8 10 7 7 7 7 10 8 7 7 8 7 7 11 5 4 10 10 2 8 11 9 5 5 4 4 4 4 4 4 11 4 4 5 10 2 7 7 10 10 8 8 10 7 7 6 7 11 5 5 10 2 10 9 8 7 8 10 2 10 10 7 8 5 10 7 6 8 11 5 11 11 5 4 4 4 5 4 11 2 9 4 4 11 5 4 4 4 5 4 4 4 4 11 4 4 4 4 5 7 10 2 10 10 7 6 7 7 8 8 10 7 7 8 7 10 10 8 8 10 10 8 8 10 10 8 2 9 5 7 7 11 11 5 2 4 11 3 5 4 0 6 7 7 7 7 7 10 10 8 2 9 5 7 7 7 11 1 3 11 5 5 4 4 4 4 4 10 8 11 5 4 4 4 4 4 4 4 11 11 2 5 9 11 5 5 10 8 10 8 4 11 11 5 4 4 4 5 10 8 0 10 6 10 8 7 7 0 6 8 11 5 10 10 7 8 8 7 7 10 10 8 8 11 5 10 4 4 10 8 0 6 7 7 8 7 7 11 2 10 9 8 7 8 11 2 3 11 11 4 4 4 4 5 5 11 4 11 4 5 8 11 5 11 4 4 4 4 5 7 11 11 5 5 11 11 5 4 5 11 2 10 9 8 8 10 7 10 8 8 10 10 7 8 8 10 10 8 7 7 8 7 7 7 7 10 10 2 8 9 5 11 11 2 5 11 11 4 5 3 4 5 7 10 8 10 7 7 8 7 7 7 7 7 10 8 11 5 7 7 7 11 11 2 3 5 4 4 4 4 4 4 4 4 4 4 4 4 10 11 2 3 4 5 11 11 2 5 9 8 11 5 1 4 4 4 4 4 10 10 8 8 10 7 9 8 7 7 7 7 7 7 7 7 8 7 11 2 10 10 8 6 7 7 8 7 11 2 9 10 8 8 7 1 3 11 11 4 5 4 4 4 4 11 4 5 5 10 8 11 11 5 5 11 11 2 5 3 10 8 7 10 10 2 8 7 7 7 10 7 9 8 5 10 7 7 7 8 7 7 7 11 11 5 1 3 5 11 11 2 3 4 5 11 2 11 11 5 5 11 4 9 5 5 4 11 4 4 4 5 7 11 11 5 5 11 11 4 5 5 0 6 7 7 7 10 0 6 8 11 5 10 10 2 6 7 7 7 7 7 8 10 10 2 6 8 10 10 8 7 7 8 11 10 7 7 2 8 6 11 11 5 5 11 11 4 4 5 4 5 4 4 4 10 8 11 11 4 5 5 4 4 1 3 4 4 10 8 11 5 4 4 4 4 10 2 11 11 5 5 3 10 8 7 10 10 8 2 10 10 7 8 7 8 7 7 6 7 7 0 11 9 5 4 5 7 10 8 7 7 7 7 10 10 8 7 8 11 4 5 10 10 2 8 10 7 7 6 7 8 11 11 4 5 5 11 4 4 4 11 5 2 9 11 5 4 5 0 10 10 8 6 7 7 7 7 7 8 11 2 11 11 4 3 4 4 5 4 5 1 11 11 4 4 3 5 5 4 11 5 4 10 10 8 8 10 8 11 10 2 3 5 11 5 4 4 10 0 10 8 8 9 5 10 10 7 7 8 5 7 7 7 7 10 2 10 9 8 8 10 2 6 7 11 11 5 4 4 5 11 11 5 4 4 4 5 7 7 10 2 6 10 8 7 11 11 5 4 4 4 4 5 11 11 4 4 5 4 4 5 11 2 11 9 5 5 10 7 7 10 7 8 8 4 10 8 7 7 7 10 7 7 8 11 10 8 8 7 10 10 2 8 10 10 8 8 9 11 4 4 4 4 5 4 4 4 4 4 5 11 11 5 4 4 5 10 2 10 10 8 8 7 7 7 10 9 7 8 5 10 8 7 10 7 7 7 7 7 8 7 7 7 7 7 7 11 11 4 5 5 10 2 6 11 11 5 5 11 11 5 5 4 4 4 4 4 11 5 4 4 11 5 10 8 4 4 10 0 10 8 8 9 5 10 10 7 8 5 7 10 7 7 7 0 6 7 7 7 7 8 10 2 11 11 3 4 4 5 5 7 11 2 3 4 11 11 4 5 2 4 4 3 4 4 11 11 1 3 5 5 4 4 4 4 11 11 4 5 2 9 8 7 7 7 7 10 10 2 6 7 8 10 8 7 7 10 8 7 10 10 8 8 7 7 7 7 10 8 11 5 11 4 4 1 3 5 4 4 10 8 11 4 4 4 4 4 4 4 4 11 5 5 11 2 6 10 7 0 10 6 8 8 10 10 8 2 3 7 10 8 7 7 10 7 7 10 7 8 8 11 4 4 5 10 7 8 7 7 7 7 7 11 10 8 8 10 2 6 11 11 5 4 5 11 11 2 3 5 4 10 2 9 11 5 5 10 8 11 11 5 5 11 11 4 2 5 11 11 4 4 5 4 9 5 4 4 5 10 11 5 5 4 11 11 2 5 3 10 7 7 7 0 6 8 7 10 7 8 11 2 9 10 8 8 10 7 8 11 11 5 2 9 8 1 3 4 4 4 4 4 4 4 4 4 4 10 10 8 8 0 7 9 7 10 7 8 8 11 5 10 7 0 6 8 7 7 7 7 7 7 11 5 10 10 8 7 7 8 10 2 7 9 11 5 5 10 8 7 7 7 7 11 11 1 4 3 5 8 11 5 4 4 4 4 4 4 10 8 11 11 2 3 5 4 4 11 4 5 10 8 11 11 4 5 2 9 8 11 11 5 4 4 4 5 10 10 8 2 7 6 7 7 7 10 8 10 10 8 2 10 8 6 7 7 7 7 10 7 8 4 4 4 4 10 2 10 10 6 7 7 8 8 10 7 7 8 7 11 11 2 5 11 11 3 5 2 9 4 5 7 11 11 5 5 11 11 4 4 5 4 5 11 11 5 4 4 4 4 4 4 5 11 4 5 10 10 2 8 10 10 8 8 10 10 8 8 10 10 8 7 7 7 7 8
ppo_x50_b_fd_l4,87,qv26_88,26,322,True,1831.0,10.051067113876343,8 8 10 10 6 8 2 9 5 10 10 8 8 10 2 10 10 8 8 9 10 8 8 11 5 11 5 10 10 7 7 8 8 10 10 8 8 11 5 10 10 7 8 8 10 10 8 8 11 5 7 10 10 8 8 10 0 9 8 8 10 2 7 7 11 11 5 5 4 4 3 4 4 4 4 4 11 5 4 4 11 5 4 4 4 4 1 4 9 10 8 8 11 2 9 11 5 4 5 11 2 3 10 10 7 8 7 7 7 8 7 7 7 10 8 7 7 7 7 7 7 0 9 8 7 7 7 7 7 7 11 11 5 5 1 9 8 11 5 11 11 4 5 5 11 11 5 2 9 5 10 7 7 7 8 4 1 3 4 11 4 11 5 5 11 11 5 5 10 2 6 11 11 5 5 11 4 4 5 4 4 11 4 5 0 10 10 8 8 10 9 8 7 8 7 7 7 7 7 7 7 7 10 10 7 8 8 4 11 5 4 10 10 0 7 7 8 6 8 11 4 5 11 11 5 2 9 8 11 11 5 4 4 4 5 4 4 4 4 4 4 4 4 11 5 11 11 5 5 11 1 3 5 10 10 8 8 10 8 7 10 10 2 8 10 10 7 6 7 8 8 7 10 8 10 10 2 8 7 7 7 7 7 7 9 10 8 7 8 7 11 2 6 11 11 5 5 11 4 5 10 11 5 5 4 4 4 11 4 4 5 4 4 4 1 4 4 3 11 5 11 11 4 5 5 11 11 5 2 3 10 8 10 10 8 8 7 7 7 10 10 7 8 8 10 8 7 7 10 8 7 10 8 10 10 8 8 11 2 4 9 5 0 7 6 7 7 10 10 8 8 10 2 7 6 4 4 4 4 11 4 4 5 11 11 4 5 2 9 8 11 11 5 5 11 5 4 10 10 8 8 4 11 4 4 5 10 11 2 5 3 10 7 10 7 8 5 10 0 9 8 8 7 7 7 7 10 8 4 10 2 10 9 8 8 11 10 8 8 7 11 1 4 4 5 11 4 3 11 4 4 5 5 4 4 4 4 4 0 10 10 8 8 7 6 7 7 7 0 9 8 7 10 7 7 10 8 8 10 2 10 10 8 8 9 10 8 8 4 4 4 4 4 1 9 5 4 4 11 5 4 4 4 11 1 9 5 8 4 4 11 1 4 4 3 5 4 4 11 4 10 8 8 11 5 0 10 9 7 8 7 8 4 11 5 11 5 10 10 7 7 8 7 8 10 8 4 10 10 8 8 10 10 8 8 10 8 10 10 8 8 7 1 11 11 5 3 4 5 11 4 4 4 4 4 4 0 10 8 8 7 10 8 7 7 6 7 7 10 10 8 7 7 7 8 10 7 7 8 7 7 11 11 2 5 11 3 11 5 4 4 5 11 11 5 5 10 11 5 4 5 11 11 5 5 4 1 10 9 8 8 10 7 7 8 7 7 1 11 11 5 3 4 4 4 4 5 4 10 2 3 10 10 8 8 7 7 10 2 10 6 7 8 7 7 7 10 10 8 7 8 11 1 9 5 4 4 1 3 4 5 4 4 4 11 5 4 4 4 1 4 4 4 4 4 9 5 4 4 11 10 8 2 10 10 8 8 6 7 10 7 8 10 4 11 5 5 11 5 10 0 6 8 10 10 7 8 8 11 5 7 7 10 8 7 7 10 7 8 7 10 10 8 2 6 11 5 4 4 10 11 4 5 2 6 11 5 11 5 4 4 4 4 4 4 4 10 11 5 5 10 8 11 4 4 11 5 2 3 10 8 10 10 8 8 10 10 7 8 8 7 10 8 7 7 10 8 4 10 10 8 7 7 8 11 2 9 10 8 8 10 8 10 10 8 7 7 8 7 7 10 8 1 9 5 10 8 11 11 4 5 5 4 4 4 4 4 4 1 3 4 4 4 10 8 0 10 9 8 7 8 7 7 7 10 8 7 10 8 10 10 8 2 6 11 5 4 4 11 11 5 5 11 11 4 4 5 4 4 4 11 5 5 11 10 7 8 5 7 11 2 9 11 5 4 4 5 7 7 10 7 7 7 8 7 7 11 5 4 4 1 3 4 4 4 4 4 4 4 11 11 5 2 9 8 7 10 10 7 7 8 8 11 5 11 10 8 8 7 7 7 10 8 7 7 10 10 8 7 8 10 7 7 10 8 7 7 8 11 2 6 11 11 4 5 8 11 5 11 4 11 4 4 5 4 4 11 5 5 10 8 4 4 11 5 7 11 11 2 5 11 9 5 5 4 4 11 4 4 11 5 5 4 4 10 2 3 10 10 8 7 8 11 5 10 10 8 7 7 10 8 8 7 7 10 10 8 8 7 7 7 7 7 7 10 8 7 7 7 7 10 8 11 11 5 2 10 8 11 11 4 5 3 4 5 4 4 4 11 5 4 4 4 4 4 4 4 11 11 5 2 9 5 10 8 7 10 10 8 7 7 7 10 8 8 11 5 10 2 6 7 7 7 1 9 11 4 5 5 4 11 5 4 10 7 8 4 11 2 11 9 5 5 7 10 8 10 10 8 7 8 10 0 6 10 8 8 11 5 7 10 7 7 8 7 10 8 7 11 11 1 3 4 4 4 5 8 11 5 1 3 4 4 4 4 4 4 4 4 4 4 4 4 11 11 5 2 9 8 7 7 10 10 8 2 6 11 4 4 11 5 4 5 4 10 2 10 9 8 8 10 8 7 10 10 8 2 6 10 7 10 8 8 10 8 7 10 8 7 7 7 7 10 7 10 2 8 9 5 4 10 10 8 7 8 1 9 8 11 11 5 4 4 5 11 11 5 4 11 5 5 10 8 10 11 4 5 5 7 11 5 1 3 4 4 4 4 4 4 11 11 4 5 5 7 11 11 4 5 5 10 8 10 8 11 11 2 4 5 9 8 7 7 10 10 7 2 8 7 7 10 7 6 8 7 7 7 10 0 9 8 7 8 10 10 0 6 7 8 7 7 8 7 7 11 11 1 3 5 5 4 4 4 11 5 11 4 11 5 4 5 4 11 2 3 4 4 4 10 0 9 5 4 5 10 8 4 4 4 4 4 4 11 11 2 5 9 7 8 10 10 7 7 7 8 8 7 7 7 7 7 7 10 10 8 7 8 11 10 8 8 7 10 10 8 7 8 11 4 5 11 10 7 8 2 10 10 8 8 6 11 5 11 11 5 5 11 11 1 4 4 4 4 5 5 4 11 9 5 4 5 4 11 4 4 5 11 2 3 7 7 10 10 7 7 7 8 5 11 5 7 10 7 7 7 7 8 11 11 2 5 11 4 4 5 11 4 9 5 5 11 4 11 5 2 6 11 11 5 4 5 11 2 11 5 3 4 10 10 8 7 8 10 8 7 7 7 7 7 10 0 6 7 7 7 8 10 10 2 8 9 5 7 7 10 7 7 7 10 2 8 6 11 5 11 4 4 5 4 4 4 4 4 4 4 4 4 11 11 5 5 11 2 11 3 5 4 4 11 4 5 10 10 8 2 9 8 10 10 8 8 7 7 0 6 7 7 7 7 7 7 7 7 10 8 11 11 5 8 11 2 11 11 3 4 4 5 5 10 8 7 11 2 9 11 2 5 11 9 5 4 5 11 4 4 5 1 3 7 10 7 7 0 9 8 8 10 7 8 11 1 9 4 5 5 11 11 5 5 4 10 2 10 10 8 8 6 7 10 10 8 8 7 7 7 7 10 10 8 7 7 8 4 11 2 11 9 5 5 11 4 4 4 4 4 5 0 10 10 6 7 7 0 6 8 7 7 8 10 2 11 11 5 5 9 8 7 7 7 7 7 11 11 5 1 4 4 3 4 4 5 10 2 11 3 4 4 4 4 4 4 5 4 4 4 4 4 11 4 5 4 11 4 10 2 8 6 10 8 7 7 7 10 7 8 1 9 11 4 5 8 11 1 4 3 5 11 11 5 2 9 5 7 7 10 10 8 8 10 10 2 6 8 11 5 10 10 2 7 6 8 10 7 8 7 7 10 8 4 10 10 2 8 9 8 10 10 2 8 10 10 6 8 7 8 7 11 11 2 5 10 8 7 7 11 11 5 5 11 11 5 5 11 11 4 4 4 4 4 4 4 3 5 2 9 5 7 11 11 5 5 11 11 4 4 5 5 11 11 2 5
ppo_x50_b_fd_l4,88,qv26_89,26,324,True,1814.0,10.03573727607727,8 8 9 10 8 8 10 10 8 8 11 5 10 10 0 6 8 8 10 10 8 8 11 5 7 10 10 8 8 10 10 8 8 11 5 7 10 10 8 8 10 10 7 8 5 10 10 8 8 11 5 10 10 2 8 7 7 10 10 8 8 9 10 8 8 11 5 11 5 4 11 11 5 5 10 2 11 9 5 5 4 11 5 10 8 11 4 11 2 4 5 3 4 4 4 11 11 4 2 6 5 4 4 4 0 10 9 8 7 8 7 7 10 7 7 7 7 7 8 7 7 7 7 1 11 3 11 5 5 11 5 11 5 4 4 11 5 4 1 4 4 3 11 4 11 4 5 5 10 8 11 11 5 2 3 4 4 10 10 8 8 7 7 7 10 10 8 8 7 0 9 5 10 7 7 7 7 10 2 6 8 10 7 7 8 10 10 7 8 8 10 7 10 8 2 6 4 4 4 4 4 1 3 4 4 11 4 5 7 7 11 2 11 11 3 5 5 4 4 4 4 4 4 4 10 10 2 8 9 5 10 10 8 8 7 7 7 0 6 7 7 7 7 10 7 10 8 2 7 6 7 10 8 10 2 9 8 11 11 5 5 4 4 4 1 9 5 10 8 11 4 4 11 4 5 4 4 5 11 4 11 5 2 6 11 5 11 11 5 2 4 3 4 4 4 10 10 8 2 10 9 8 7 7 8 7 7 7 7 10 0 9 8 5 7 7 7 10 10 8 8 11 2 11 3 5 11 11 5 5 4 4 11 4 4 4 4 4 4 5 10 2 10 10 6 7 8 2 9 10 8 8 7 10 8 10 10 2 7 8 9 11 5 4 5 4 4 4 4 4 4 4 11 5 7 11 11 5 5 4 11 2 3 10 10 7 8 7 7 7 7 7 8 7 7 10 8 7 7 7 7 10 7 8 10 10 7 8 7 8 11 4 5 10 10 8 2 10 8 7 6 11 11 5 5 4 4 11 4 4 5 7 11 11 2 3 5 4 4 4 11 2 11 11 5 5 7 9 7 8 7 7 7 10 7 7 7 7 7 10 7 8 1 5 9 5 4 11 11 4 5 8 11 5 4 4 0 9 11 5 4 5 7 11 11 5 5 10 8 4 11 11 5 4 4 4 4 5 4 4 0 10 6 10 8 7 10 7 8 5 11 5 10 7 8 10 7 7 7 8 7 10 7 7 7 7 10 8 2 9 5 7 7 7 11 11 1 4 5 8 3 4 4 4 4 4 4 4 4 4 4 11 11 2 5 9 8 11 1 4 4 4 9 5 4 5 11 11 2 3 5 10 8 7 7 10 10 2 6 8 7 7 10 7 8 7 10 7 7 8 10 10 8 2 6 11 4 5 0 9 11 5 5 11 11 4 5 4 5 4 0 10 6 7 8 7 7 7 7 7 7 7 10 10 8 2 9 8 11 4 4 11 5 5 4 4 4 4 4 4 1 4 3 11 11 5 5 0 10 8 3 10 0 9 8 5 10 8 10 0 9 8 8 11 5 10 8 7 10 7 8 7 10 10 8 8 10 8 10 10 7 8 8 1 9 5 11 4 4 4 4 4 11 5 4 5 10 8 11 11 5 4 5 4 11 11 1 3 4 5 4 5 11 11 5 4 4 5 10 8 11 11 5 2 9 8 10 10 2 8 6 10 8 10 10 7 2 6 8 10 2 7 7 7 7 9 7 8 11 11 5 5 10 2 10 7 6 10 8 8 10 2 10 10 8 6 8 7 7 7 0 9 10 8 7 8 11 2 11 11 5 4 5 11 5 11 5 3 4 4 4 4 4 4 4 4 4 4 4 4 11 5 4 4 4 1 3 10 10 8 8 10 10 8 7 8 10 10 7 8 8 11 5 10 0 9 8 8 10 7 7 7 8 7 10 8 7 10 7 10 2 8 9 5 7 10 10 8 7 7 8 4 4 4 4 1 3 4 4 4 4 4 4 4 4 1 3 4 1 3 11 5 4 4 4 11 11 2 5 7 9 8 7 10 10 7 8 7 8 10 10 8 8 11 10 8 7 7 8 10 7 7 8 4 1 9 11 4 4 4 5 8 11 5 4 4 1 9 11 5 5 10 8 11 4 5 7 11 11 5 4 4 5 4 11 11 2 5 9 8 10 10 7 7 8 7 7 7 7 7 7 7 7 7 8 11 10 0 6 7 7 2 6 7 8 10 7 7 8 10 10 2 8 6 4 4 4 11 5 4 4 4 11 5 4 11 11 2 3 4 5 10 11 5 5 4 4 11 5 11 4 4 4 11 5 2 9 5 10 7 10 0 8 6 7 7 7 7 7 8 7 7 7 10 8 7 7 7 7 7 10 8 7 10 2 6 11 11 4 4 4 4 4 5 5 10 8 7 11 11 5 4 4 5 11 11 4 4 4 5 8 11 5 4 11 4 5 0 10 9 8 8 7 10 2 9 10 8 7 7 0 6 7 8 7 0 7 9 8 7 7 7 11 11 5 2 11 3 11 4 5 5 7 11 10 8 8 11 4 4 4 4 4 4 4 5 11 11 4 5 4 4 5 4 10 2 10 9 8 8 11 10 8 8 7 7 7 7 7 0 7 7 7 7 7 9 7 8 10 10 2 8 9 5 7 7 7 11 11 4 5 5 11 4 11 5 2 6 11 11 4 5 5 11 11 5 4 4 5 4 4 4 4 1 3 4 11 5 4 4 11 5 4 0 10 9 8 8 10 10 8 8 7 10 7 7 8 11 5 10 7 8 7 10 10 8 7 10 2 7 6 7 8 7 7 10 7 7 10 8 2 9 5 10 8 11 11 4 4 5 5 11 5 10 11 2 3 4 4 5 11 4 11 2 3 5 4 11 4 11 2 5 11 5 11 11 4 3 5 4 5 10 7 8 11 11 5 2 9 4 11 5 5 7 10 8 11 11 5 5 10 8 10 10 8 8 10 10 8 7 7 10 8 7 8 7 7 7 10 10 8 7 8 11 2 9 10 8 8 7 7 0 10 8 6 11 5 11 11 5 5 11 11 2 3 4 5 4 10 2 9 11 5 4 5 4 4 4 11 4 4 4 5 11 11 4 4 5 2 3 10 10 7 7 7 8 7 8 10 10 8 8 7 7 10 8 7 7 7 10 10 2 8 6 10 7 8 1 4 4 9 5 4 4 11 4 11 5 5 7 10 8 11 11 5 5 4 4 4 4 4 1 9 5 11 2 3 4 10 10 8 7 8 7 7 10 7 7 0 6 7 7 8 10 7 10 7 7 8 5 4 10 2 10 10 7 8 8 9 5 11 5 0 7 10 10 8 7 6 8 11 5 7 11 5 4 4 4 4 4 4 4 1 4 3 4 4 4 11 5 1 11 9 5 8 4 11 11 5 4 5 0 6 10 7 7 10 7 7 8 8 10 2 6 10 7 7 7 10 8 7 7 0 6 7 7 8 7 11 11 2 5 4 9 5 11 11 5 2 11 11 5 3 5 10 8 11 11 4 5 5 11 2 9 5 7 11 11 5 1 3 5 10 8 10 8 4 4 4 4 4 11 5 4 4 4 4 4 4 11 11 2 5 9 7 8 10 10 2 6 8 10 10 2 7 8 9 5 7 7 10 7 10 7 8 0 6 8 10 8 7 10 0 9 8 5 10 8 10 10 2 6 8 10 10 8 2 10 10 8 6 7 8 11 4 5 7 11 11 5 4 4 4 4 4 11 4 2 5 11 9 5 4 4 5 10 10 8 8 11 4 4 5 4 4 10 11 4 5 5 10 2 9 8 4 4 11 11 5 5 11 2 11 11 5 5 9 8 10 10 7 2 6 7 8 10 10 8 8 10 7 10 7 8 5 10 8 7 7 7 7 11 10 8 8 11 2 10 9 8 8 10 11 5 5 4 10 10 8 7 7 8 10 7 7 7 8 7 11 11 2 3 5 11 11 2 3 5 4 4 4 4 4 11 11 5 5 7 10 8 11 11 4 2 3 4 4 4 5 7 11 11 5 4 5 11 4 4 5 4 10 10 2 8 10 10 7 7 8 6 8 10 10 7 8 8 11 2 10 9 5 5 10 10 8 8 7 7 7 7 7 10 8 11 5 4 10 10 8 8 10 10 2 8
ppo_x50_b_fd_l4,89,qv26_9,26,322,True,1765.0,9.920901775360107,6 8 2 10 9 8 8 10 0 10 8 8 9 5 10 10 8 8 10 0 10 8 8 10 10 8 8 9 5 10 10 8 8 0 9 5 10 10 8 8 10 10 8 8 11 5 10 10 7 7 8 5 10 10 8 8 10 10 8 8 11 5 10 10 2 8 9 5 7 7 11 11 1 5 5 4 4 4 3 11 4 4 4 5 4 4 4 11 5 11 11 5 5 11 11 2 5 9 8 11 11 2 3 5 11 11 4 5 5 11 11 2 5 7 7 9 8 7 10 8 10 10 7 7 8 8 7 7 7 7 10 8 7 7 10 10 8 8 10 10 8 8 1 3 11 5 4 11 4 11 5 4 4 4 5 10 0 9 8 5 10 10 8 8 7 7 7 7 7 10 10 8 8 4 4 11 2 3 11 11 4 5 5 11 11 4 4 4 5 4 4 5 4 11 4 5 4 4 4 4 10 10 2 8 6 10 8 7 7 10 7 10 7 0 6 8 5 7 7 7 10 2 6 7 7 7 7 0 7 7 6 7 7 10 10 2 8 9 5 11 11 2 5 11 11 4 5 5 9 8 11 11 2 3 4 4 4 4 4 4 1 3 5 11 11 5 5 11 4 11 5 5 7 0 6 7 7 7 7 7 10 8 7 7 7 7 10 10 2 8 6 11 5 11 1 9 5 8 11 11 5 5 11 11 4 5 4 5 10 7 8 10 7 8 11 4 11 5 5 11 11 4 5 4 4 4 4 4 4 5 4 0 10 9 8 7 7 8 11 5 10 10 8 8 7 11 11 5 2 9 8 10 10 8 7 7 8 7 7 10 7 0 6 8 10 10 8 7 8 0 6 10 8 7 10 10 8 2 9 5 11 11 4 5 5 4 11 4 11 4 2 3 4 4 5 4 11 11 4 5 5 4 11 4 5 11 2 3 10 10 8 8 10 10 8 2 9 8 10 10 2 8 7 7 7 10 9 8 8 10 7 8 10 10 8 7 7 8 7 11 2 9 10 7 8 5 11 5 11 11 4 5 5 11 1 3 5 10 8 11 11 4 4 5 8 11 4 4 4 5 4 4 11 11 2 5 11 3 5 4 4 4 11 11 5 1 3 5 10 8 7 7 10 10 8 8 7 7 7 7 10 2 6 7 7 7 10 8 11 11 5 2 10 8 10 10 6 8 7 7 7 7 8 10 11 2 5 11 3 11 4 4 4 4 4 4 5 4 4 5 10 2 10 9 8 8 10 8 11 11 5 5 11 11 5 5 11 11 5 4 5 11 2 3 10 7 10 8 7 8 7 10 7 8 10 10 2 6 7 7 8 10 2 11 9 5 5 11 4 5 11 11 4 5 5 11 11 4 5 4 5 10 7 8 11 4 4 4 4 11 5 4 5 7 10 7 8 7 0 9 10 8 2 7 9 10 8 8 7 10 8 4 10 8 7 7 7 7 7 7 7 7 0 10 9 8 5 10 10 8 7 7 8 1 11 3 4 5 11 4 11 5 5 11 11 5 5 4 4 4 4 4 4 4 4 4 11 5 10 10 8 8 10 2 9 10 8 8 11 5 10 10 8 7 8 11 4 5 4 4 11 11 4 5 5 4 4 11 2 11 9 5 5 7 7 10 7 8 11 5 10 10 8 8 11 4 5 4 10 10 8 8 7 7 7 7 7 7 7 10 7 8 10 10 8 8 1 3 4 4 11 5 11 4 4 4 11 5 2 7 10 7 8 10 7 7 7 7 10 6 8 8 7 10 8 7 7 7 11 11 2 5 4 11 5 4 11 9 5 4 5 11 4 4 11 5 5 4 4 11 5 4 4 4 4 11 11 2 5 3 10 8 4 4 10 10 8 7 8 10 10 2 8 6 7 7 7 0 9 8 7 7 7 7 10 7 10 8 8 10 7 7 7 7 8 10 10 8 8 4 4 4 11 2 11 4 9 5 5 11 5 4 4 4 11 1 3 5 0 9 8 11 11 5 4 4 5 1 3 7 10 7 8 10 7 7 7 7 7 10 8 7 7 7 8 7 10 2 10 8 6 11 11 5 2 11 9 5 5 11 11 4 5 5 10 8 11 11 5 5 10 8 11 4 4 4 4 4 5 10 10 8 2 11 5 11 11 4 4 5 5 10 8 9 11 5 4 5 7 11 2 9 11 5 5 4 11 4 5 0 9 10 8 8 11 5 10 10 7 7 7 8 8 7 7 7 7 7 7 7 7 10 8 7 10 8 10 10 2 8 10 8 6 4 11 5 4 11 11 2 5 11 9 5 5 11 11 4 5 5 11 10 8 8 4 4 4 4 4 4 4 11 4 4 5 11 11 5 5 0 9 8 7 10 0 6 10 8 7 8 7 7 7 10 7 8 11 2 3 10 10 8 8 10 8 7 7 10 8 7 7 10 8 11 7 10 8 8 4 11 4 1 4 4 3 5 11 11 4 5 5 10 8 11 11 2 4 3 5 10 8 4 4 4 4 4 4 4 4 11 5 7 10 10 2 6 7 8 10 2 3 10 10 8 8 7 10 7 8 4 10 10 8 7 8 7 7 10 8 11 2 11 5 4 10 10 8 8 10 6 10 7 8 5 10 8 10 10 8 2 9 8 11 11 4 2 3 4 4 4 4 4 4 4 5 11 4 4 11 5 5 4 4 11 11 5 2 4 11 4 11 3 5 5 11 11 5 2 9 8 7 7 7 7 7 10 8 10 7 8 7 7 10 8 7 7 7 10 10 2 8 9 8 4 4 4 11 11 5 2 9 8 11 11 5 4 4 5 7 10 7 8 7 7 7 7 7 7 11 5 10 2 9 10 2 8 7 6 7 7 7 7 11 11 5 4 5 4 4 4 4 4 10 8 11 11 5 4 1 9 5 4 4 5 10 2 11 11 4 5 8 11 9 5 4 4 5 7 11 2 9 11 5 4 5 4 4 11 2 3 10 10 7 7 2 8 7 7 6 7 10 7 8 7 7 7 10 8 11 5 10 10 8 2 6 7 10 7 7 8 7 7 7 11 11 4 5 2 11 5 9 7 8 11 4 4 5 11 11 4 5 5 11 11 5 1 3 5 11 11 5 4 11 5 5 11 2 11 4 4 4 5 7 7 10 9 8 8 10 10 8 8 10 10 8 7 7 8 7 10 7 8 10 7 1 9 8 8 7 7 7 10 7 8 7 1 11 3 4 4 11 4 4 4 4 5 5 4 11 11 5 5 4 4 4 4 1 9 5 10 10 8 8 11 5 11 11 2 3 5 11 4 4 5 0 10 6 10 8 8 7 7 7 10 7 8 7 7 7 7 7 10 7 8 10 2 9 11 5 5 10 7 8 11 5 7 11 11 1 3 5 4 4 5 10 8 11 4 5 11 11 2 3 4 5 10 2 9 10 2 6 8 10 10 7 2 8 6 10 10 8 8 10 8 7 7 11 10 8 8 7 1 11 11 5 3 4 5 4 4 11 4 4 4 4 4 5 10 2 11 11 4 5 5 3 11 4 5 11 11 5 2 9 8 4 4 10 10 8 8 7 0 10 9 8 8 7 10 7 7 7 8 11 11 5 2 11 3 5 0 6 7 7 10 10 7 7 8 8 11 5 10 10 7 7 8 7 8 11 2 11 9 5 4 5 11 4 4 4 4 4 4 4 11 5 5 11 11 5 5 11 5 0 10 8 6 7 10 7 0 6 8 10 10 8 7 7 7 10 8 8 10 2 6 10 10 7 7 7 7 7 8 8 4 11 5 10 10 8 2 11 5 11 4 4 5 10 9 8 8 10 8 10 2 7 7 11 11 5 5 4 3 4 4 4 4 4 4 4 11 5 10 10 8 8 11 5 7 11 11 5 5 4 4 4 11 4 11 5 5 7 10 8 11 11 5 5 11 11 4 4 5 4 5 4 10 10 7 8 2 9 8 4 10 10 8 8 10 7 7 10 7 7 2 8 10 10 7 7 6 7 7 8 8 10 10 7 7 8 7 8 11 11 2 5
ppo_x50_b_fd_l4,90,qv26_90,26,325,True,1843.0,10.008628129959106,8 8 10 9 8 8 10 10 8 8 11 5 10 10 7 8 8 10 10 8 8 11 5 10 10 7 8 8 10 10 8 8 11 5 10 10 8 2 10 10 8 8 10 10 8 8 9 5 10 10 8 8 10 10 8 8 11 5 1 11 3 4 4 11 2 5 3 4 4 4 4 4 11 4 4 5 10 10 8 4 5 4 11 11 2 3 5 10 8 10 10 7 8 0 6 7 8 11 2 10 10 6 8 8 7 10 8 7 7 7 10 8 11 5 10 7 7 0 7 7 9 8 8 10 10 8 8 1 11 5 4 4 9 4 5 4 11 5 11 11 4 4 5 4 5 11 11 4 5 8 11 11 4 5 5 4 11 5 4 4 4 4 10 10 8 8 0 9 5 7 7 7 10 10 8 8 10 8 10 10 8 7 10 7 8 8 7 7 7 7 7 10 10 8 7 8 4 11 2 11 9 5 8 7 10 10 8 8 4 4 11 4 4 5 7 11 5 11 11 5 4 4 4 5 7 11 11 4 5 8 11 11 5 5 4 4 11 4 5 10 7 7 8 11 5 11 11 5 2 6 11 5 4 4 11 2 3 10 10 7 8 7 8 7 7 7 7 7 7 7 7 10 8 7 10 10 7 2 8 9 5 1 4 4 3 4 11 11 1 3 5 4 4 4 4 4 4 5 0 7 10 10 7 8 8 6 7 7 7 7 10 7 7 8 10 10 7 8 8 10 8 10 10 8 8 11 2 3 11 5 4 4 4 4 4 4 11 4 1 11 5 3 11 5 5 4 10 2 10 9 7 8 5 10 8 7 7 10 10 8 8 7 10 2 9 8 4 11 11 2 3 4 5 11 4 4 11 4 4 5 5 11 2 11 9 5 4 5 4 4 4 4 1 3 7 10 10 8 7 8 7 7 7 7 10 8 7 7 10 8 11 5 11 1 3 4 5 4 10 11 2 5 3 4 4 10 10 8 8 10 7 10 8 8 11 5 11 5 7 10 10 8 0 6 8 7 7 7 10 7 7 7 7 8 10 10 8 8 7 11 2 9 5 10 10 7 8 5 11 2 6 11 11 2 3 4 4 4 5 4 4 4 4 4 4 4 4 4 4 4 4 11 4 4 5 11 11 2 5 3 10 8 10 7 8 7 10 10 7 8 5 10 8 7 7 7 10 10 8 8 10 2 10 8 10 9 7 8 5 10 8 7 7 7 7 10 8 7 11 11 5 5 11 2 11 11 5 3 4 11 5 4 4 5 4 11 5 4 4 11 1 3 5 11 1 3 4 4 1 9 5 4 5 11 2 4 3 10 10 2 8 7 9 10 8 8 7 7 7 7 11 10 7 8 8 11 5 10 7 10 8 8 7 10 7 7 8 7 11 4 5 4 10 10 7 8 5 10 7 8 11 5 7 10 7 10 7 8 2 6 11 5 11 4 11 5 5 11 11 2 5 11 9 5 4 4 5 11 5 4 11 4 4 5 4 11 4 5 11 11 5 4 5 10 10 8 7 7 8 11 2 10 10 8 6 7 7 7 7 7 7 8 4 10 8 7 7 7 10 8 7 7 7 10 10 2 8 6 11 4 5 10 10 8 8 11 5 11 11 4 2 4 4 3 5 10 8 10 8 4 11 11 4 4 5 4 4 5 11 2 11 9 5 5 11 5 4 4 10 11 5 4 5 4 4 11 11 5 5 11 2 3 10 10 7 7 7 8 7 7 7 10 7 8 8 11 2 3 11 10 8 7 8 7 7 10 10 8 7 8 1 11 11 5 3 4 5 4 4 4 11 5 11 2 3 10 10 7 7 7 8 7 7 7 8 0 9 10 8 7 8 7 7 10 8 7 7 11 11 5 2 11 5 11 11 4 5 4 3 5 7 11 11 4 5 8 4 4 4 11 5 11 11 5 8 4 4 4 11 4 5 10 2 10 7 8 7 9 8 1 11 11 4 5 3 4 4 4 5 0 10 9 8 7 7 7 7 7 7 7 7 8 0 9 5 7 7 7 7 7 7 10 8 10 10 2 7 8 6 11 5 4 4 11 11 4 4 5 4 5 4 11 4 4 5 10 2 10 10 7 8 8 11 5 10 9 8 8 4 11 4 4 4 4 5 4 4 4 4 4 11 11 5 5 10 8 10 8 4 4 4 10 10 2 6 8 10 8 10 10 8 2 10 9 8 8 10 8 7 7 7 0 6 7 7 10 7 8 4 11 5 7 11 2 9 11 5 5 11 5 11 2 4 11 11 5 5 9 11 5 2 4 3 10 10 8 7 7 7 7 7 7 7 7 7 8 4 0 9 5 10 10 8 8 7 7 7 11 10 8 8 10 10 8 2 6 4 11 4 5 11 11 4 5 1 3 5 4 4 1 9 5 4 4 4 4 4 4 11 1 9 5 4 4 5 11 2 3 4 4 10 10 8 7 7 7 7 8 7 10 7 8 10 10 7 7 7 8 8 10 10 8 8 7 7 10 8 7 7 10 10 8 2 9 8 4 11 5 11 11 1 4 5 4 4 3 4 4 5 11 11 2 5 10 7 7 6 7 8 10 8 1 9 11 2 3 4 4 4 4 5 11 5 4 4 4 11 11 4 2 5 3 4 10 10 8 8 10 8 10 7 10 7 8 7 7 8 7 7 7 0 10 7 10 8 7 8 11 11 5 5 4 11 9 4 5 8 11 11 5 5 4 4 4 4 4 4 4 4 4 11 4 5 7 7 11 2 10 9 8 8 11 5 10 10 8 7 7 8 7 10 10 8 7 7 7 7 7 8 7 7 7 7 10 8 7 7 11 11 1 4 3 5 5 4 10 11 2 3 4 5 4 11 11 5 5 10 8 4 4 4 4 10 11 2 3 5 4 11 4 4 11 2 5 9 8 4 4 4 4 4 10 10 0 7 6 8 8 11 5 10 10 8 7 8 7 7 7 7 7 0 9 8 10 10 8 8 4 11 5 7 7 10 10 8 2 10 7 7 8 11 9 5 5 10 11 1 3 5 4 4 5 11 4 11 5 2 6 4 11 5 4 4 11 11 5 4 4 5 11 10 8 2 10 10 8 6 7 7 7 7 8 0 6 7 7 10 10 8 7 8 10 10 8 7 10 7 8 5 10 8 11 2 9 10 8 8 11 5 4 4 4 4 4 4 4 4 4 11 11 5 5 10 8 11 11 2 3 4 5 4 4 4 11 11 4 5 2 9 8 7 10 10 2 8 10 9 7 8 5 10 10 8 7 7 8 11 10 8 2 10 10 7 8 5 10 7 7 6 7 8 10 10 7 8 8 7 10 8 11 2 3 11 11 5 5 11 5 4 4 4 4 4 4 4 4 4 4 10 10 2 8 3 10 8 7 7 7 7 10 8 10 2 6 7 7 10 10 8 7 8 7 11 11 5 2 9 5 7 10 8 11 11 2 3 5 4 4 4 11 11 5 5 4 11 5 4 4 4 1 3 4 4 4 4 4 11 5 7 0 6 7 7 7 7 11 11 5 5 10 8 10 8 7 7 7 7 7 0 9 10 8 8 7 10 8 1 4 11 11 5 3 5 11 4 4 5 11 2 11 11 4 5 4 4 4 5 11 11 5 4 3 5 10 8 4 4 11 11 2 5 7 10 8 10 10 8 8 6 7 7 7 10 8 7 7 7 7 7 7 7 0 7 10 7 6 7 8 11 4 5 10 10 7 2 7 8 6 11 5 11 4 5 10 10 8 2 9 8 4 11 5 11 11 5 5 11 11 5 5 11 11 5 5 4 4 11 4 4 11 5 5 10 8 10 2 11 11 4 5 4 3 4 5 4 11 11 2 5 3 7 7 7 7 10 8 10 8 10 10 7 8 8 7 10 10 8 2 10 6 8 11 10 8 7 8 10 7 7 7 7 8 7 7 7 11 11 5 5 4 4 4 4 11 2 11 11 4 3 4 4 4 4 4 5 4 4 4 4 4 4 4 4 5 10 10 2 8 10 10 8 8 6 7 7 7 7 7 7 1 9 10 8 8 11 5 11 10 7 8 8 10 10 2 8 3 7 10 8 7 7 7 7 7 7 11 11 2 5 4 11 11 4 3 4 5 5 7 11 11 5 4 5 4 11 5 4 4 4 11 4 4 5 11 2 10 10 8 8 10 10 8 8 10 10 8 7 7 8 10 10 8 8
ppo_x50_b_fd_l4,91,qv26_91,26,329,True,1861.0,10.36978268623352,6 8 2 10 9 8 8 10 10 8 8 1 9 5 7 10 10 8 8 10 10 8 8 10 10 8 8 11 5 10 10 7 8 8 10 10 8 8 1 9 5 10 10 7 8 8 10 10 8 8 10 10 8 8 11 5 10 10 7 8 8 11 5 7 10 10 8 8 4 4 4 10 1 9 5 8 11 4 4 4 4 1 9 5 5 11 4 4 2 3 4 4 4 4 4 4 10 11 5 4 5 4 4 4 10 10 2 8 9 10 8 8 10 7 7 0 10 8 6 8 11 10 8 8 10 7 8 7 7 11 10 8 7 8 7 7 11 11 5 5 10 7 8 10 7 10 8 8 11 5 10 10 7 8 2 9 8 11 5 11 4 4 4 4 11 4 2 3 5 4 4 4 4 4 11 11 2 5 3 10 7 8 10 7 7 7 10 8 2 10 8 6 11 11 2 3 4 4 5 11 11 4 2 3 5 11 11 5 4 5 4 11 2 11 11 5 5 7 7 6 7 7 7 7 10 7 7 8 10 2 6 11 11 4 4 4 5 8 11 4 4 11 5 2 6 11 5 11 4 4 5 0 7 9 8 10 10 0 8 6 7 8 7 7 7 7 7 7 7 7 7 10 1 9 8 8 10 7 7 7 8 7 7 11 11 1 5 3 4 4 5 11 2 11 5 9 4 11 5 5 4 0 6 10 7 8 7 7 7 10 10 8 2 9 8 11 4 4 11 1 3 5 4 4 4 5 4 4 4 4 11 5 4 10 2 6 7 10 10 8 2 9 5 4 10 10 8 8 10 7 8 7 7 10 7 10 2 8 9 5 7 11 11 4 5 5 10 8 11 11 4 5 5 10 8 11 11 4 5 4 4 4 4 11 5 5 10 8 7 10 2 6 11 11 4 5 4 5 7 11 2 10 10 8 8 6 10 8 10 10 8 8 7 10 0 7 6 7 8 10 10 8 2 11 4 9 5 4 4 4 4 4 5 11 4 11 5 5 4 4 4 4 4 4 4 10 2 10 10 6 8 2 9 8 10 7 10 7 8 2 9 5 10 8 7 7 7 7 7 7 7 7 7 7 7 10 10 2 8 10 10 7 8 8 7 11 11 3 5 2 9 5 11 11 5 4 5 11 1 9 5 8 4 4 11 4 11 5 5 11 11 4 2 3 4 5 11 5 4 4 10 10 8 2 9 8 10 10 2 6 7 8 10 7 7 8 4 1 9 11 5 5 10 8 4 4 4 4 4 11 11 4 5 5 0 7 7 7 7 7 10 6 7 7 7 7 8 0 9 8 10 7 7 7 7 7 10 8 2 7 6 11 11 5 4 4 5 4 11 4 5 10 10 8 8 4 4 4 4 4 4 4 11 4 11 5 2 6 7 11 5 4 4 4 4 4 11 11 5 5 10 11 4 2 5 9 8 4 10 10 8 7 8 10 7 7 7 10 2 8 3 10 7 7 10 8 7 7 7 8 10 8 10 10 8 8 4 10 8 10 10 7 7 8 5 10 8 10 10 8 2 6 11 5 11 11 4 2 3 5 4 11 4 11 2 4 3 4 5 4 4 4 4 4 10 2 10 10 7 8 6 8 11 5 10 10 7 8 8 7 1 9 5 10 10 8 8 7 10 0 9 8 8 7 10 8 7 10 2 6 11 11 4 5 5 11 11 4 5 2 6 4 11 4 4 11 4 5 2 3 11 4 5 11 11 4 5 4 5 11 11 4 5 5 10 8 11 4 4 5 4 10 10 8 2 10 10 8 8 10 6 7 8 7 7 7 10 8 7 7 7 7 10 8 1 4 11 9 4 5 4 5 4 4 11 2 9 11 5 5 7 10 8 11 1 11 5 3 4 4 4 5 11 2 3 10 10 7 7 8 8 7 7 7 7 0 9 7 10 8 8 7 10 7 7 7 7 7 7 8 10 10 2 8 9 5 4 11 11 4 1 3 5 4 5 10 11 5 5 11 4 11 2 3 5 10 8 11 11 2 3 4 5 11 4 5 0 9 7 7 10 8 7 7 7 7 7 8 7 1 11 3 4 4 4 4 4 4 4 5 10 2 7 11 9 5 5 11 11 5 5 10 8 4 4 4 4 11 11 2 5 3 10 8 10 10 7 7 8 7 7 7 7 7 7 7 8 10 0 6 7 10 8 4 5 10 8 7 7 7 7 7 7 10 10 8 2 9 5 11 11 2 5 11 11 5 5 11 9 5 4 4 5 11 11 5 4 5 11 4 11 4 4 5 8 11 11 5 5 10 8 4 11 11 4 5 8 11 2 11 5 10 10 8 7 6 7 7 8 0 9 5 7 7 10 10 7 8 5 10 7 8 1 4 3 4 4 11 4 5 4 4 11 4 5 11 4 4 11 2 3 5 11 2 3 10 10 7 7 7 7 7 7 8 5 10 7 10 8 7 7 7 7 7 7 7 10 8 2 9 8 7 10 8 11 11 4 5 4 4 4 5 10 7 8 10 10 8 8 7 11 11 5 5 4 4 4 4 4 0 9 11 5 4 5 4 11 4 5 4 11 5 11 4 4 4 4 5 10 10 8 2 10 10 8 7 7 7 8 7 7 7 10 9 8 8 7 7 7 10 8 11 5 10 10 7 8 7 8 7 7 10 7 8 10 2 6 11 11 4 2 3 5 11 11 5 5 11 4 4 5 4 4 1 9 5 4 4 4 4 11 11 2 5 10 8 7 6 10 10 7 8 8 7 11 11 5 5 10 2 10 7 6 7 10 8 7 7 7 7 8 10 2 6 11 11 4 5 5 11 11 5 5 4 11 5 10 11 5 4 4 5 4 4 1 3 4 4 11 4 4 5 4 11 11 2 3 5 10 7 8 10 10 7 7 8 8 11 5 1 9 5 10 7 7 10 8 8 7 7 7 10 8 7 7 7 7 10 8 7 1 11 9 5 4 4 4 5 11 11 4 4 5 4 4 5 4 4 0 10 10 6 8 8 10 2 9 8 10 10 8 7 7 7 10 7 8 5 11 5 10 7 0 7 8 9 10 8 7 8 7 7 10 8 11 5 10 2 6 11 11 4 2 3 5 11 11 5 4 5 11 5 11 1 9 5 8 11 4 5 4 1 3 4 4 11 1 9 5 8 11 4 11 4 4 5 2 6 11 5 4 4 4 10 10 8 2 10 10 8 6 7 7 8 7 7 7 7 10 8 7 10 10 8 8 7 7 7 0 10 9 8 7 7 8 10 2 6 11 11 4 5 4 5 4 11 11 5 4 5 10 8 11 11 5 4 4 4 5 7 11 11 5 5 7 10 8 11 11 4 4 5 5 4 11 4 5 7 7 0 6 0 11 9 8 8 7 7 7 7 7 7 7 7 7 7 7 11 11 5 5 10 2 11 11 5 4 3 5 11 4 4 4 4 5 11 11 4 5 2 6 11 5 11 11 5 4 5 7 11 2 11 11 4 5 8 9 5 10 10 2 8 7 6 7 7 0 6 7 7 7 7 7 10 8 11 5 10 10 8 8 7 11 11 5 2 11 4 5 4 3 4 11 5 4 4 4 11 4 5 11 11 4 4 5 2 9 7 8 7 7 7 10 8 10 10 7 8 7 7 7 10 7 7 2 6 7 7 8 10 7 7 10 2 8 6 7 7 7 11 11 5 5 4 4 4 4 4 4 4 4 4 11 5 10 8 1 9 10 8 8 10 8 7 7 7 7 7 7 10 8 11 5 11 11 5 2 9 8 11 11 5 5 1 9 4 5 7 10 8 4 11 11 5 5 11 11 5 4 4 5 4 4 4 4 11 4 5 11 11 2 3 5 10 8 4 4 4 10 10 8 2 9 8 7 7 7 1 9 10 7 8 5 10 8 10 10 8 7 7 8 11 5 11 10 8 7 7 7 8 7 10 7 7 8 4 10 10 8 7 8 7 10 10 2 8 6 11 5 11 11 4 5 4 4 4 4 4 4 4 4 5 10 2 11 9 5 4 4 4 4 5 7 11 4 4 4 4 4 5 10 10 8 7 8 10 2 6 7 10 10 8 8 10 10 2 6 8 7 0 9 7 7 8 11 11 4 5 5 10 8 10 7 7 7 7 7 7 8 7 7 7 7 11 11 5 2 11 11 4 4 3 4 4 5 5 11 11 4 4 4 5 4 10 8 8 11 11 5 4 4 4 4 4 4 5 4 4 11 2 4 10 10 8 8 7 7 10 10 8 8
ppo_x50_b_fd_l4,92,qv26_92,26,329,True,1855.0,10.2793447971344,8 8 10 9 8 8 10 10 8 8 11 5 10 10 7 8 8 10 10 8 8 11 5 4 4 11 5 10 7 10 8 0 6 8 10 10 8 8 1 9 8 10 10 8 8 10 10 8 8 11 5 10 10 8 7 7 7 7 0 9 8 8 10 10 7 8 5 10 10 7 8 5 10 2 11 9 5 5 11 11 5 5 1 9 8 11 11 5 5 10 11 4 5 5 11 11 5 5 10 8 7 11 11 5 5 4 4 11 5 11 11 5 4 4 5 4 4 4 4 11 11 2 5 9 8 10 10 8 8 7 0 6 10 7 7 10 8 8 7 7 7 7 10 7 7 7 8 1 11 11 5 5 11 10 8 8 7 10 9 7 8 5 7 7 7 7 11 2 11 11 5 5 3 4 4 11 4 4 11 5 2 11 4 5 4 11 9 5 5 4 4 11 5 10 8 11 11 2 3 4 5 11 4 5 10 10 2 8 10 9 8 8 10 8 7 7 7 7 7 7 7 7 7 7 7 10 7 7 7 8 0 6 11 11 5 4 5 4 11 11 4 1 5 5 3 11 5 4 11 11 5 5 11 11 5 4 5 10 2 10 6 8 7 7 0 10 7 6 8 10 10 2 7 8 9 5 10 10 8 2 9 4 5 4 10 11 2 3 5 4 4 4 4 4 4 4 4 11 4 4 5 10 0 6 10 8 8 11 5 1 9 11 5 5 11 2 4 4 11 11 5 5 7 7 6 7 7 7 7 7 10 8 7 7 7 10 2 7 11 9 5 5 7 10 2 10 10 7 7 8 5 11 5 11 3 4 5 10 11 5 2 11 11 4 3 4 4 5 2 4 9 4 10 8 7 8 11 4 5 10 7 10 8 8 10 8 7 7 7 7 7 7 7 7 10 8 10 10 2 8 11 4 3 5 10 8 11 11 2 5 11 11 5 3 4 5 4 4 4 4 11 2 11 9 5 5 0 9 7 8 11 5 10 10 8 8 7 7 7 7 7 10 8 10 10 2 6 7 7 7 7 7 8 11 2 4 11 11 5 3 5 4 4 4 4 4 11 4 5 10 10 2 8 9 8 4 11 4 4 4 4 4 4 4 4 5 4 4 10 10 8 7 8 7 0 10 7 7 7 6 8 7 10 2 7 10 9 8 7 7 7 7 8 7 7 10 2 6 4 11 11 1 3 5 4 4 4 4 4 11 5 5 10 8 4 4 4 4 4 4 4 4 4 4 0 10 10 7 7 6 8 8 10 8 10 10 8 7 7 7 8 10 10 7 8 5 10 8 10 7 10 8 2 9 7 7 7 8 11 4 4 4 4 5 11 11 5 4 5 11 11 4 5 4 4 4 5 4 4 4 10 10 2 6 8 7 7 7 10 2 9 11 5 5 11 2 9 10 8 8 7 7 7 7 7 7 10 8 11 11 5 5 10 7 7 10 8 7 8 10 10 8 8 4 4 1 9 5 11 4 4 4 11 4 5 4 4 4 1 9 5 4 4 5 1 9 8 11 5 11 4 4 11 4 4 4 5 2 10 9 8 7 7 7 7 7 7 7 8 7 7 11 2 9 10 8 8 4 11 1 3 5 11 11 2 5 11 5 11 9 5 5 7 0 9 8 10 7 7 0 9 8 5 10 10 8 8 7 7 7 7 7 10 8 10 2 9 10 8 0 7 6 8 11 11 5 2 9 8 10 11 5 5 4 4 11 11 5 5 11 4 11 5 5 10 8 4 4 4 10 11 2 3 5 7 11 2 3 11 4 4 11 5 5 11 2 4 4 4 3 4 4 10 10 8 2 9 8 10 10 2 8 9 8 10 8 4 10 10 8 7 7 8 1 9 10 8 8 7 7 7 7 7 10 8 11 5 7 7 10 7 7 7 0 7 8 7 6 11 11 4 5 5 4 11 5 11 4 4 11 4 5 4 5 4 4 4 4 4 4 4 4 10 11 5 4 5 10 10 2 8 11 5 3 7 7 7 7 7 7 7 0 6 7 7 7 7 1 11 9 5 4 5 7 10 2 11 3 4 11 5 4 5 4 4 4 11 5 11 11 4 5 8 7 10 2 9 8 7 7 10 0 6 8 7 7 7 10 0 9 8 7 8 7 7 10 8 7 7 7 7 10 2 7 6 11 11 4 4 5 5 4 4 1 4 3 4 11 5 11 4 4 11 5 1 3 5 10 8 11 5 4 4 11 4 11 5 5 4 10 2 9 11 5 5 11 2 3 10 10 7 7 8 8 11 5 10 10 7 8 8 11 2 10 10 8 6 8 7 7 10 7 7 8 7 7 7 7 10 8 7 7 7 11 11 5 4 4 5 11 2 11 9 5 5 11 4 4 4 4 4 4 4 5 4 4 11 11 2 5 4 3 10 10 8 7 8 10 10 7 7 8 8 11 2 10 9 8 8 10 10 7 8 8 11 5 11 10 8 8 7 7 7 7 10 7 8 7 10 8 1 11 4 3 11 5 5 1 9 5 4 11 11 5 5 11 5 4 4 4 11 11 2 5 3 10 7 10 2 8 9 5 7 10 7 10 2 8 7 7 7 11 9 5 4 5 10 2 9 7 10 7 8 8 11 4 4 4 4 4 4 4 4 4 4 4 4 4 5 11 2 4 3 4 10 10 8 8 10 10 7 8 7 7 7 7 8 7 10 7 8 7 7 7 7 7 11 10 2 6 8 7 10 10 2 8 9 5 7 7 0 6 11 11 4 5 5 4 10 11 5 5 4 4 4 4 4 11 5 11 11 5 2 4 9 5 11 4 4 4 4 5 10 10 8 2 11 5 10 10 7 7 8 8 10 9 5 5 10 8 4 10 10 8 7 7 8 10 10 8 8 11 2 11 4 3 5 4 4 1 4 11 5 4 11 5 4 3 4 10 10 8 7 7 7 7 7 7 7 10 8 7 7 8 11 2 4 9 5 10 10 8 8 10 0 9 7 8 8 10 10 8 8 10 8 7 10 10 8 4 5 10 7 10 2 8 11 5 11 4 11 4 5 3 5 11 11 1 3 5 8 11 5 11 11 4 2 3 4 5 10 11 5 5 11 11 5 5 11 2 3 4 4 4 11 4 5 4 10 10 2 6 7 7 8 10 10 7 7 8 8 0 9 10 8 7 8 7 7 11 2 3 11 11 5 5 4 4 4 11 4 5 4 10 10 2 6 8 11 5 10 10 2 6 8 7 10 8 7 7 10 8 7 7 7 7 0 6 7 0 9 8 7 7 11 10 2 8 6 11 11 4 4 5 5 10 2 9 11 5 5 4 4 4 11 4 4 5 4 11 4 4 5 7 11 0 9 8 8 10 10 8 7 7 8 4 11 2 4 4 4 9 11 5 5 4 4 4 4 4 4 1 9 8 11 11 5 2 9 8 4 10 10 8 7 7 7 10 8 8 7 10 10 8 8 1 9 10 8 7 8 10 10 7 8 8 7 10 10 8 8 10 7 7 8 1 3 4 4 4 4 11 5 4 4 4 4 1 4 4 9 5 11 11 4 5 2 9 5 10 8 10 7 7 8 7 10 0 9 8 5 10 8 7 7 10 10 0 6 8 2 10 8 7 10 10 8 8 11 9 8 7 8 11 4 4 4 4 5 7 11 11 4 5 8 11 4 5 4 11 4 11 4 5 2 9 5 10 10 8 2 6 10 8 11 11 5 4 4 4 4 4 4 4 4 4 5 10 2 10 10 7 6 7 8 5 10 2 9 10 8 8 11 5 10 8 7 7 7 7 10 7 8 7 7 10 10 7 2 8 7 7 10 7 10 6 8 8 10 10 2 8 9 5 11 11 5 4 5 10 8 11 1 9 5 5 4 11 11 5 5 4 4 11 11 5 4 4 5 11 11 5 4 4 4 5 4 11 4 4 5 1 3 10 10 8 8 10 10 8 7 10 8 8 10 8 10 2 3 10 10 8 7 7 7 8 4 11 5 10 10 0 6 8 7 8 10 7 8 7 7 10 10 7 8 5 10 0 6 8 7 10 2 11 11 4 5 5 3 4 4 4 4 4 4 4 4 11 4 5 4 4 4 11 11 5 5 11 2 10 9 5 5 10 10 8 7 7 7 7 8 7 10 8 10 10 8 8 10 10 8 8 7 10 10 8 7 7 2 6 11 11 4 4 4 4 2 3 5 11 11 2 3 4 4 5 11 11 2 3 5 11 11 2 5
ppo_x50_b_fd_l4,93,qv26_93,26,332,True,1829.0,10.259663343429565,6 8 2 9 10 8 8 10 10 8 8 11 5 10 10 7 8 8 10 10 8 8 11 5 10 10 7 7 8 5 10 7 7 7 7 7 10 8 4 5 10 2 6 10 7 7 10 8 8 11 10 2 8 9 10 8 8 4 11 5 11 5 11 11 5 5 10 0 7 7 6 8 7 10 2 10 9 8 8 4 11 5 7 11 11 5 5 11 4 5 11 11 1 4 3 4 4 5 5 11 2 11 9 5 5 4 4 4 4 11 5 7 10 2 6 7 10 10 8 8 10 11 2 5 9 5 11 11 4 4 4 5 5 11 4 10 8 7 7 8 10 2 3 10 10 8 2 4 11 5 11 11 5 5 7 7 7 7 7 10 6 7 10 8 7 7 8 7 7 0 6 7 7 7 7 10 7 8 11 2 3 11 11 5 5 11 11 5 5 11 5 4 1 4 11 9 4 5 5 10 8 11 11 5 4 5 10 11 5 5 11 5 11 4 4 5 10 10 2 6 8 10 7 10 0 6 7 8 7 7 7 7 8 11 11 5 4 5 7 10 8 7 7 7 10 10 7 8 2 10 8 7 6 11 11 4 4 5 2 9 4 5 11 11 4 5 5 11 4 5 4 4 10 11 5 5 0 9 8 11 4 4 4 4 5 4 11 11 2 5 11 4 4 11 5 5 7 7 9 8 11 11 5 2 9 7 8 4 11 7 8 7 7 7 7 7 7 7 7 7 10 10 2 8 6 11 11 2 3 5 10 8 7 7 10 8 1 9 10 8 8 4 11 5 11 11 4 5 8 11 4 4 4 4 4 5 0 9 11 5 5 4 4 4 4 4 10 10 2 8 10 6 10 7 7 7 7 7 2 6 7 7 8 7 7 7 10 10 2 8 3 10 8 7 7 7 10 10 2 8 6 11 4 4 11 4 4 5 5 4 4 11 4 0 9 5 5 11 4 4 4 5 11 5 4 4 0 10 10 6 7 7 8 8 10 2 7 7 7 10 8 4 11 11 5 5 9 11 5 5 11 5 4 10 10 8 2 7 10 6 8 10 10 7 7 7 8 7 8 10 7 11 5 5 11 2 11 11 5 5 9 5 7 10 7 7 8 7 7 7 7 10 7 11 5 5 10 2 11 3 11 5 5 4 4 1 4 4 4 3 4 4 4 4 11 5 4 1 4 3 4 4 4 4 4 11 5 10 10 8 2 11 5 7 10 10 7 8 6 8 10 8 7 7 7 0 7 7 6 7 7 10 8 7 10 7 7 7 7 7 10 7 8 5 11 2 11 11 4 4 4 5 5 4 4 11 4 5 3 11 5 4 11 11 5 5 4 10 2 11 9 5 5 10 8 11 11 4 5 5 10 8 11 11 5 2 3 10 7 7 8 7 10 10 2 8 7 10 7 6 10 7 8 8 4 11 5 10 7 10 7 7 8 8 11 2 9 5 4 11 4 1 9 5 8 4 4 4 4 4 4 11 5 4 4 4 4 1 11 5 10 9 8 8 11 5 1 11 11 5 5 7 7 7 7 10 7 8 7 6 7 7 10 0 6 7 7 7 10 8 4 5 10 8 10 7 10 7 7 8 8 11 5 10 7 7 7 8 1 7 6 4 4 11 11 5 5 4 4 4 4 4 4 11 11 2 5 9 8 7 11 11 5 5 11 11 5 2 3 10 8 7 10 10 8 7 8 7 7 7 10 10 8 8 11 5 10 10 2 8 6 11 4 5 4 11 11 4 4 4 4 4 4 5 4 4 4 11 5 4 5 10 0 9 8 7 8 11 5 10 10 8 7 8 4 11 5 7 7 10 10 2 7 6 8 7 10 2 6 7 7 7 10 10 8 7 7 8 10 10 8 2 9 8 11 5 7 11 11 5 5 4 4 4 4 4 4 4 4 11 4 5 7 11 11 2 5 3 4 11 5 10 8 10 11 2 5 11 3 4 11 4 4 4 5 5 7 7 7 7 7 7 7 10 2 10 6 7 8 7 10 10 8 8 1 11 5 4 11 11 5 4 3 11 5 8 4 4 11 4 2 11 5 3 4 4 4 4 10 10 2 8 10 9 7 8 8 11 5 10 10 8 7 8 7 10 7 8 7 10 7 8 7 7 7 7 7 11 11 2 4 5 7 11 9 4 5 8 11 4 11 5 7 8 11 5 4 11 11 4 5 4 4 4 4 5 7 10 2 10 10 8 8 10 8 7 11 9 5 5 11 5 11 11 2 5 9 8 4 11 11 4 5 5 0 9 8 10 7 7 10 2 8 7 6 7 7 10 7 8 11 5 10 7 7 7 10 0 7 7 7 7 6 8 8 10 7 8 11 11 5 2 11 9 5 5 4 11 4 11 5 2 11 5 11 5 3 4 4 11 4 11 2 5 11 9 5 5 7 10 7 8 11 11 5 5 10 8 7 7 10 10 8 7 7 7 7 10 8 7 7 8 11 2 4 4 4 11 3 4 5 11 1 9 5 8 11 4 4 4 11 5 2 4 3 4 4 11 5 4 4 4 4 4 10 10 2 8 10 10 8 6 8 11 5 10 10 8 2 7 7 10 10 8 6 7 8 10 7 7 7 10 8 7 8 10 7 7 10 7 8 5 10 7 8 11 2 4 3 4 11 11 5 2 9 5 11 11 5 4 5 4 11 11 4 5 5 4 11 5 7 0 7 9 8 10 10 8 7 7 7 7 8 7 7 10 2 7 6 7 7 11 11 5 2 9 4 5 10 10 8 2 9 5 11 1 3 4 11 5 4 4 5 4 1 9 11 5 4 4 5 10 2 11 11 5 3 4 4 4 5 4 4 4 11 5 10 10 7 8 2 7 6 7 7 7 11 5 10 8 7 7 7 7 7 7 11 10 8 7 8 7 7 10 7 7 8 11 11 5 2 9 5 11 11 2 5 9 8 11 11 4 5 4 4 11 5 4 4 4 4 4 4 5 10 8 11 11 5 5 1 3 7 7 7 7 7 11 5 10 10 8 8 10 7 7 10 8 2 10 8 9 10 8 8 11 5 7 7 10 10 7 8 8 10 7 10 2 8 6 11 5 11 11 5 4 2 9 5 11 4 11 4 1 5 4 4 5 4 9 11 5 4 5 4 4 11 5 4 11 2 3 4 4 4 4 10 10 8 2 9 8 10 10 8 2 6 7 10 8 7 0 6 7 7 7 11 5 10 10 7 7 8 5 4 10 2 9 10 7 8 5 10 8 4 4 10 10 8 7 8 11 10 8 8 7 7 7 7 7 7 11 11 5 2 4 3 11 4 4 4 5 4 11 11 5 2 11 4 3 5 11 11 4 5 5 11 11 5 2 9 5 7 7 7 7 7 7 10 8 7 7 7 7 7 7 10 8 11 5 11 11 2 5 11 9 4 5 5 10 8 11 11 5 4 4 5 11 11 5 4 4 4 4 5 4 10 11 4 5 5 10 8 4 11 11 2 5 9 4 5 10 10 8 7 8 7 7 7 7 7 7 7 7 0 9 8 7 7 7 10 2 7 11 11 5 3 5 4 4 4 4 11 4 5 4 4 4 11 5 11 2 3 7 7 10 10 8 8 10 7 7 7 7 7 7 8 11 11 5 2 6 11 4 11 5 5 10 8 0 9 10 7 7 8 7 7 7 7 8 7 7 7 7 10 11 2 5 11 11 4 5 3 5 11 5 4 11 5 7 10 10 2 8 6 10 8 11 5 4 4 4 4 4 10 8 11 11 5 5 4 10 2 11 11 5 4 4 5 4 4 11 5 11 11 4 4 5 5 4 3 10 10 7 8 5 10 8 10 7 7 10 7 2 6 7 8 4 11 5 7 10 10 8 2 9 8 10 7 7 8 7 7 7 7 11 11 5 5 10 8 10 10 8 8 10 10 8 7 8 7 0 6 11 11 5 4 5 4 4 4 4 1 11 3 4 4 5 11 11 5 5 11 4 5 4 4 11 11 2 5 4 6 10 10 7 7 0 6 8 7 7 7 7 8 10 2 7 10 10 8 8 4 4 3 4 4 4 4 4 4 4 4 4 4 11 4 11 5 2 9 5 4 10 10 8 8 10 10 8 8 10 10 7 7 7 7 7 8 8 4 10 10 8 8 10 10 8 8 7 7 10 7 10 7 7 2 7 8
ppo_x50_b_fd_l4,94,qv26_94,26,328,True,1846.0,10.332673788070679,8 8 10 10 8 8 10 10 8 8 9 5 10 10 8 8 10 10 8 8 11 5 4 11 5 7 10 10 7 7 8 8 7 7 11 11 5 5 11 5 7 7 10 10 0 6 8 8 10 10 7 8 5 10 10 7 8 5 10 10 8 8 11 5 7 10 10 8 8 10 2 3 4 4 11 11 4 5 5 11 1 9 5 5 4 4 11 11 4 4 5 5 4 11 4 5 11 11 2 3 5 11 11 4 5 8 11 2 3 10 8 7 7 7 7 7 7 7 7 11 10 7 8 5 7 10 7 0 10 8 7 8 6 7 10 8 7 10 10 2 8 7 10 9 8 8 4 4 4 1 3 4 4 4 4 4 11 4 4 4 4 4 4 5 10 8 4 11 2 11 9 5 5 7 10 2 6 10 10 7 7 7 7 7 8 8 11 5 11 10 7 7 7 8 8 4 11 5 7 7 7 7 7 11 10 7 2 8 6 4 11 11 4 4 4 5 2 6 4 11 11 5 2 9 8 4 11 1 9 5 5 4 4 4 4 4 10 11 5 5 11 4 11 5 2 9 8 4 4 4 4 10 10 8 0 6 8 7 7 7 10 7 7 7 10 8 7 8 11 2 3 10 7 7 7 7 7 7 7 10 2 8 11 5 11 11 5 5 4 4 11 9 4 5 5 10 2 9 11 4 5 8 4 4 4 10 2 11 11 3 5 5 11 11 2 5 4 4 3 11 5 10 10 7 8 8 10 8 10 10 7 2 7 7 6 8 0 6 7 10 10 8 8 10 10 8 8 11 2 11 4 5 9 10 8 8 10 2 6 7 7 10 10 8 7 8 10 10 8 8 4 11 4 5 10 7 7 8 11 11 5 2 9 5 4 4 4 11 11 5 2 4 4 4 9 5 4 11 11 5 4 4 4 5 10 11 5 5 4 4 4 11 4 5 10 10 8 8 10 10 8 2 10 10 7 6 8 7 7 8 7 7 10 7 8 4 10 10 8 7 7 7 7 7 7 7 8 10 10 2 8 11 5 9 11 4 5 4 4 4 11 4 4 5 4 5 4 4 4 4 4 4 4 11 4 10 8 8 11 4 4 4 5 10 10 8 2 11 5 4 4 3 10 10 7 7 7 7 8 2 10 7 7 6 7 7 7 7 7 8 7 7 10 10 8 2 9 8 10 8 11 4 5 11 4 11 4 5 5 10 8 11 5 4 4 1 4 11 4 3 4 5 10 10 7 8 8 10 10 8 8 7 10 10 8 8 11 5 10 10 2 6 7 7 7 8 10 10 7 8 8 11 5 10 10 2 8 7 6 11 4 4 5 4 4 4 4 4 4 4 4 4 4 4 1 4 4 3 4 4 11 11 5 2 3 10 8 7 10 10 7 8 7 7 10 8 8 11 5 7 10 10 8 8 7 10 2 6 7 7 7 7 10 8 1 4 4 9 11 5 4 5 4 4 4 4 11 4 5 0 10 7 9 8 8 10 2 6 7 10 10 8 7 7 8 7 7 7 7 10 8 10 2 6 11 11 5 4 4 4 5 11 11 2 5 11 3 5 4 4 4 11 5 4 4 11 5 4 4 4 11 4 4 11 2 5 9 8 4 4 10 10 8 7 8 10 8 7 10 10 0 7 8 6 7 7 7 8 4 10 10 8 8 11 2 11 4 3 5 11 5 10 10 7 8 8 10 10 8 7 7 7 0 6 7 8 10 2 9 10 7 8 5 10 8 7 11 2 11 11 5 4 6 4 5 4 1 4 11 5 10 9 8 8 4 4 4 4 4 4 4 11 2 3 4 4 4 11 5 4 4 4 11 11 2 3 5 10 8 10 10 8 2 10 10 8 6 8 7 7 10 8 7 7 7 7 7 7 0 7 9 10 8 8 7 7 7 10 8 1 11 11 4 3 4 5 8 4 11 4 1 4 4 4 5 11 9 4 5 5 10 2 9 11 5 5 10 8 4 4 4 4 11 11 5 2 10 7 8 10 10 7 7 6 8 7 7 7 8 10 10 8 8 11 2 4 4 11 5 9 11 5 5 11 5 4 10 2 10 10 7 8 7 8 7 10 7 10 7 8 8 11 5 4 11 4 4 3 4 5 11 2 4 4 3 4 4 11 11 5 2 9 8 4 4 4 1 3 10 10 7 8 7 8 10 8 10 10 7 7 7 7 7 7 7 7 7 7 8 7 8 7 7 11 10 2 8 10 10 6 7 8 2 9 5 4 4 4 10 8 11 1 9 5 4 4 4 4 5 11 5 0 7 9 11 4 5 4 5 11 4 4 4 4 5 10 10 8 2 10 10 7 7 8 7 6 8 11 10 7 0 6 7 8 7 7 8 1 11 4 5 10 9 8 8 11 1 4 5 4 11 9 8 5 4 4 4 4 4 4 11 4 4 4 4 4 4 4 5 10 10 8 2 6 10 7 8 7 7 10 10 8 7 7 7 8 7 7 7 11 10 7 8 8 10 10 2 8 9 5 7 10 7 10 8 8 4 10 2 10 8 6 11 11 4 5 5 11 4 11 5 2 4 9 4 11 4 5 4 5 10 7 8 4 11 5 4 4 4 4 4 10 8 11 11 5 4 5 4 10 10 8 2 9 8 10 7 7 7 10 8 8 10 10 8 2 10 7 10 8 8 10 9 8 8 10 8 4 4 1 9 5 4 4 1 3 4 4 11 4 5 4 11 11 4 4 8 8 11 4 11 2 3 5 10 8 4 4 4 10 10 8 2 9 8 10 10 2 6 8 10 7 7 7 7 7 7 7 10 8 8 10 10 8 7 7 7 8 7 7 10 7 8 10 2 6 11 11 4 5 5 11 2 11 11 3 5 5 11 11 5 2 11 5 4 4 4 4 9 5 4 10 11 4 5 2 9 8 4 4 4 4 4 4 0 10 10 8 6 8 10 10 8 7 7 7 10 7 8 7 7 8 7 7 10 8 7 11 2 11 9 4 5 8 11 2 11 9 5 5 11 5 4 4 4 11 1 3 5 4 11 11 5 2 11 3 5 4 10 10 8 7 7 8 10 10 7 7 7 7 7 0 6 8 2 9 7 8 10 10 8 7 7 7 7 7 8 11 11 5 2 11 11 3 5 4 4 4 4 4 4 5 10 2 11 11 3 5 2 11 5 9 5 4 0 10 10 8 8 7 9 7 7 8 11 11 5 5 10 2 9 10 8 2 6 7 7 7 7 7 7 7 7 11 11 1 5 3 5 10 8 11 11 4 4 5 5 11 5 4 4 11 4 5 10 7 8 11 11 2 5 3 4 1 4 4 4 4 4 4 4 11 5 4 4 3 10 10 8 8 7 7 10 10 8 8 7 7 10 8 7 7 7 10 8 7 7 7 7 11 11 5 2 11 5 9 5 4 4 4 11 11 5 5 4 4 1 4 11 5 3 10 7 8 10 10 8 8 11 5 10 10 7 8 7 7 8 7 7 0 9 8 10 2 6 11 7 7 7 7 7 7 8 10 10 2 8 4 9 5 11 11 4 4 1 3 5 4 4 4 5 7 11 5 4 4 11 11 4 5 5 4 4 4 4 11 11 5 4 5 10 1 9 8 8 7 10 8 7 7 7 7 7 0 7 9 8 10 2 10 10 8 8 6 11 4 4 4 4 4 11 5 5 4 4 4 11 5 10 8 10 10 2 8 10 7 9 8 7 10 8 8 7 7 10 7 0 9 8 7 7 7 7 8 10 2 11 3 11 5 5 4 4 1 9 5 10 8 11 11 5 4 5 10 8 11 11 5 4 4 4 11 5 5 10 2 10 8 10 9 8 8 7 7 7 7 7 10 7 7 8 10 10 8 8 10 2 7 6 11 11 5 4 4 4 11 5 5 10 8 11 4 4 4 1 3 5 11 11 5 4 4 1 9 5 4 4 5 4 4 4 4 4 11 2 3 10 10 7 8 8 7 10 7 7 10 8 2 9 5 11 5 7 7 7 10 10 2 6 7 7 7 8 10 8 7 7 10 2 10 10 8 7 8 6 11 11 5 4 4 5 11 11 5 5 11 4 4 4 4 11 2 5 11 11 4 3 5 4 11 5 5 4 10 11 5 2 9 5 10 10 7 8 8 11 5 10 11 5 2 10 6 10 8 8 7 11 5 10 10 8 7 7 8 10 10 8 7 7 8 11 2 10 10 8 8
ppo_x50_b_fd_l4,95,qv26_95,26,322,True,1757.0,9.951368808746338,8 8 10 9 8 8 10 10 8 8 11 5 0 10 10 7 8 8 10 10 8 8 9 5 10 10 8 8 10 10 8 8 11 5 10 10 7 8 8 11 5 10 10 7 8 8 1 11 5 10 9 5 5 11 11 5 5 4 4 11 5 4 4 4 4 11 4 11 5 5 10 8 4 1 3 10 10 8 8 10 10 8 8 11 5 10 10 8 7 7 8 7 7 0 6 7 10 8 7 7 10 10 7 8 8 11 5 10 10 7 8 8 10 10 8 8 11 5 7 10 10 8 0 8 9 5 11 11 5 5 4 4 4 4 4 4 4 4 4 4 11 5 11 11 2 5 11 9 5 5 4 11 4 10 8 2 10 8 10 6 10 8 7 7 8 10 10 8 7 8 7 10 10 7 7 7 8 8 0 7 6 10 8 11 11 4 5 5 10 8 11 11 5 4 4 4 5 1 4 9 4 4 5 10 11 2 3 5 11 5 11 4 4 11 5 4 4 5 4 4 10 10 8 7 7 8 7 11 2 9 5 4 4 10 11 2 3 5 4 11 2 3 4 10 10 8 7 7 7 7 8 10 10 7 7 7 7 7 8 7 8 7 7 11 11 5 5 10 2 10 7 6 8 7 7 7 7 7 7 11 11 1 3 5 5 11 11 5 4 5 10 7 8 11 1 4 3 4 4 11 5 5 4 4 4 11 4 11 5 2 3 10 10 2 8 6 7 7 7 7 7 7 7 10 10 8 8 11 2 10 9 5 5 0 9 10 8 7 8 7 1 11 9 4 5 8 11 5 4 4 4 4 11 11 5 4 5 11 11 4 5 8 11 5 0 6 10 8 7 10 10 8 7 7 8 11 2 10 10 8 8 6 7 7 7 0 9 10 8 8 10 10 2 8 9 5 11 11 4 4 5 5 10 8 11 11 5 4 4 5 11 2 11 11 5 3 4 4 4 4 5 7 10 8 11 11 4 4 4 4 5 5 7 10 8 11 4 11 5 4 5 0 7 10 8 6 7 7 7 7 7 7 7 7 7 0 9 8 7 7 10 7 10 8 8 4 0 9 8 11 11 5 5 11 5 11 11 4 5 5 10 8 4 4 4 4 4 10 8 11 11 2 3 5 11 4 11 1 3 5 5 11 11 5 5 10 8 11 11 5 2 9 8 4 4 4 4 10 10 8 0 7 6 7 7 8 7 7 7 11 5 11 5 10 10 8 8 7 7 7 7 7 7 10 7 8 11 11 5 2 4 9 4 4 5 10 7 10 8 8 4 11 4 11 5 5 10 8 4 4 4 4 11 4 0 9 5 5 4 11 4 4 5 0 9 10 8 8 10 8 10 2 3 10 8 7 7 7 7 10 8 7 7 7 7 11 10 8 7 7 8 7 7 7 10 8 7 11 2 11 11 5 5 3 4 1 3 4 4 4 11 5 4 10 7 8 4 11 4 1 3 4 4 4 4 4 4 5 1 4 4 11 9 5 5 11 2 3 10 10 8 8 10 10 7 8 8 11 5 0 9 10 7 8 8 10 10 8 2 7 9 10 8 7 8 7 1 9 11 5 5 4 4 4 4 4 10 2 6 10 8 10 7 10 8 2 10 7 8 7 6 7 7 7 7 7 10 10 8 7 7 8 11 1 3 4 5 11 4 1 9 5 4 4 4 5 10 8 11 4 5 0 6 10 10 7 8 5 1 9 5 4 11 4 4 11 5 4 5 4 11 4 4 5 7 10 7 8 11 2 11 11 3 4 5 5 10 8 10 11 4 5 2 6 11 4 5 11 11 2 3 5 10 7 8 7 7 7 10 8 10 7 7 7 7 7 10 7 8 2 10 8 7 7 6 7 11 11 5 5 4 11 2 3 4 4 1 3 11 5 4 11 4 4 11 4 5 2 10 8 4 11 11 5 5 3 7 7 7 10 8 10 10 2 6 7 7 7 8 10 7 2 9 10 7 7 8 5 10 8 1 9 11 5 4 4 1 9 5 5 11 11 5 2 9 5 10 8 7 7 10 8 11 4 11 4 5 4 4 5 11 11 2 3 5 11 5 4 11 4 11 5 5 11 2 10 10 8 7 7 7 7 7 7 7 6 7 8 10 8 7 7 10 7 7 7 8 7 10 10 0 7 7 8 8 9 8 11 5 11 11 2 5 10 7 7 8 9 5 11 4 1 9 5 5 4 4 4 4 4 11 5 4 4 4 4 4 4 4 4 1 11 9 5 8 4 4 4 4 11 11 5 2 9 8 10 10 7 7 7 7 0 6 8 8 10 10 7 7 8 7 7 7 7 8 11 2 11 9 5 8 11 11 1 4 3 5 4 5 7 0 9 8 10 10 8 2 10 6 8 11 11 5 5 11 11 4 5 5 11 4 4 5 4 4 11 10 8 2 10 10 8 6 7 8 7 7 7 7 7 7 7 0 6 7 7 7 10 7 10 8 8 11 2 9 10 8 8 1 9 5 11 5 7 7 11 11 4 4 5 5 11 11 4 5 5 4 0 11 3 5 4 4 4 4 4 4 10 11 5 5 10 8 11 11 2 5 4 4 4 11 5 11 5 3 11 5 7 10 10 8 8 10 8 7 7 7 10 8 10 10 8 7 7 10 8 8 10 10 7 7 8 8 7 7 7 10 8 1 11 5 11 11 5 3 4 5 11 4 4 4 4 4 5 11 4 5 4 4 11 4 5 10 10 8 8 10 10 8 2 6 10 10 8 8 7 10 10 8 7 7 7 7 7 7 7 8 7 7 11 2 9 10 8 8 11 5 11 11 5 5 11 11 4 4 5 7 8 4 4 4 10 2 11 4 4 4 3 5 4 4 4 4 4 4 4 11 11 5 4 4 5 10 2 10 10 8 6 7 7 8 7 7 7 10 0 6 8 7 7 10 8 7 11 11 2 5 6 11 5 11 11 4 5 5 10 8 11 4 11 5 2 7 6 10 10 8 8 11 5 10 7 10 8 7 8 10 10 7 7 8 8 10 8 4 4 1 9 5 11 4 4 11 5 2 4 3 4 4 4 4 4 10 8 11 2 11 11 5 5 11 9 5 4 4 5 11 2 3 10 10 7 8 8 7 7 7 7 10 8 7 7 7 7 10 8 10 7 8 10 10 7 7 7 7 8 5 7 11 2 9 11 5 4 5 10 2 10 10 8 7 6 7 8 10 2 11 9 5 5 11 5 4 4 11 11 2 3 5 10 8 4 4 11 5 4 11 11 1 3 5 8 11 5 4 4 11 11 5 5 10 8 4 11 11 5 2 3 10 8 7 10 10 8 7 1 11 5 4 4 3 5 11 11 2 5 9 8 4 11 11 2 3 5 10 8 10 10 7 8 7 7 7 0 8 6 7 7 7 7 7 7 7 10 7 8 11 11 5 2 3 7 10 8 7 1 9 11 5 4 4 4 5 4 4 11 11 5 4 4 5 0 7 6 10 8 7 10 7 10 7 8 2 3 10 8 10 10 8 2 9 8 7 7 7 7 7 11 1 11 3 5 2 4 9 5 4 4 4 4 4 11 4 4 4 5 4 11 10 7 8 2 9 8 7 10 8 10 10 8 2 6 10 7 7 7 10 8 8 11 2 6 11 5 11 5 10 10 8 2 9 8 10 11 5 4 5 11 11 4 5 5 4 4 11 5 4 4 4 4 1 11 9 5 8 4 11 2 4 4 11 4 5 3 4 10 10 8 7 7 0 6 8 10 7 8 7 10 8 7 10 10 8 8 10 10 8 7 7 2 6 11 11 5 4 5 10 7 8 11 11 2 4 4 5 9 5 4 4 4 11 11 4 4 5 8 11 2 3 10 10 7 8 2 7 7 9 10 8 8 7 7 10 8 7 7 10 2 10 10 8 7 7 7 7 8 6 7 11 11 5 5 11 11 5 4 4 4 4 5 11 11 4 4 5 2 9 11 5 5 7 11 11 5 5 11 11 2 4 4 5 11 11 4 3 5 5
ppo_x50_b_fd_l4,96,qv26_96,26,325,True,1821.0,10.112589836120605,8 8 10 9 8 8 10 0 10 8 8 9 5 10 10 8 8 10 10 8 8 11 5 10 10 7 8 8 11 5 10 10 7 8 8 10 10 8 8 11 5 4 10 10 8 8 10 10 8 8 10 10 8 8 1 9 5 4 4 4 11 5 4 4 4 10 8 11 11 2 3 4 5 4 11 5 4 11 4 11 5 5 1 3 10 7 8 10 7 7 7 7 10 8 8 11 5 10 10 8 7 8 10 10 8 7 8 7 7 7 7 7 7 11 11 5 5 10 8 11 10 8 8 10 10 8 8 10 10 8 8 11 5 11 11 2 5 4 4 11 5 9 11 5 4 5 4 11 5 4 0 6 7 10 10 2 6 8 7 7 11 5 10 10 8 7 7 7 7 8 10 2 11 11 5 5 9 8 4 4 4 4 10 11 2 3 4 4 4 5 11 4 11 5 4 1 3 5 4 4 11 11 5 5 4 4 11 11 4 5 5 0 9 8 10 10 2 8 9 5 10 10 7 8 7 7 7 7 0 9 8 8 7 7 7 10 7 10 8 7 8 4 11 5 7 7 7 7 7 7 7 7 11 11 4 5 2 9 5 7 11 11 5 4 5 10 7 8 11 4 4 4 4 5 10 10 8 2 9 8 11 5 4 4 4 4 1 11 11 5 4 5 3 10 10 2 8 11 5 10 9 8 8 10 8 7 7 10 10 7 8 7 7 8 11 4 4 5 11 1 4 4 3 5 4 4 4 4 11 11 4 5 2 9 5 10 8 4 4 10 8 10 10 8 7 8 11 5 4 1 3 10 10 8 7 7 8 7 7 7 7 10 7 10 8 8 10 7 7 8 7 11 10 8 8 10 2 6 11 11 5 4 11 5 5 4 4 11 5 10 2 9 8 10 7 8 11 4 11 4 5 4 5 4 11 4 5 4 11 11 5 5 11 5 4 4 4 11 11 5 5 7 11 2 9 10 8 7 0 6 8 11 5 10 10 2 6 7 7 8 10 8 10 10 8 7 8 11 4 5 7 7 10 10 8 7 7 8 10 10 2 6 7 8 4 10 2 10 9 8 7 8 10 2 6 7 7 11 11 5 4 4 5 4 11 11 5 4 4 5 4 4 4 4 4 4 11 4 5 10 10 8 8 11 1 3 4 5 11 2 3 10 10 2 7 7 8 10 6 7 7 7 7 10 2 6 8 7 7 7 7 7 11 5 4 10 10 2 8 9 5 0 10 10 8 8 6 7 10 8 4 11 11 4 4 4 2 3 4 4 4 4 4 4 4 4 5 11 4 5 4 11 2 4 4 4 4 3 10 10 8 8 7 7 7 7 7 0 9 8 7 7 7 10 10 8 8 7 11 10 7 8 2 9 5 11 11 5 4 5 7 11 11 5 4 4 11 4 5 5 10 8 11 4 5 4 4 11 4 5 10 10 2 8 9 5 7 10 10 7 8 7 0 6 8 11 10 7 8 2 9 8 4 10 0 9 8 7 7 7 7 8 10 2 10 8 7 7 7 7 6 11 11 4 4 5 8 4 4 4 4 4 11 5 4 11 5 10 8 11 11 5 5 11 11 5 4 4 5 7 10 8 7 10 11 4 4 4 5 4 4 5 4 4 4 11 5 10 2 11 9 5 7 8 11 5 10 10 7 8 2 10 8 6 7 7 11 10 8 8 10 8 10 10 7 0 8 6 8 10 7 7 7 7 7 7 7 10 2 8 6 11 5 11 11 4 5 5 11 11 5 2 4 9 4 5 7 7 11 11 5 4 4 5 4 4 11 11 4 5 2 9 8 4 4 4 4 4 4 4 10 10 8 7 7 7 7 0 8 9 10 8 7 8 10 7 8 7 7 7 10 0 9 8 5 7 7 7 10 7 7 10 8 2 6 11 5 4 11 11 4 4 1 3 4 4 5 8 11 4 11 5 5 4 4 4 4 4 4 4 11 5 10 2 7 9 10 8 8 10 8 7 0 9 10 8 7 7 7 7 7 8 4 11 2 11 11 3 5 5 11 11 2 3 4 5 10 11 4 5 2 9 8 11 1 4 4 4 4 4 4 5 10 10 7 8 8 10 8 9 10 8 8 10 8 10 8 7 7 7 10 10 8 2 6 11 4 4 5 4 4 4 10 8 11 11 5 5 7 11 2 11 5 4 3 10 10 8 7 7 7 8 7 7 7 10 10 7 7 7 8 8 10 8 7 7 10 8 7 7 7 11 11 5 2 9 4 5 10 11 5 5 4 4 4 4 4 4 11 5 4 11 5 11 11 4 5 2 9 4 5 11 11 2 3 4 4 5 10 7 7 8 7 7 10 8 10 7 7 7 7 7 0 10 7 8 6 7 7 8 10 7 7 8 11 11 5 2 9 5 11 11 4 5 5 10 2 9 11 5 5 11 2 4 11 11 4 5 5 10 8 7 10 7 10 6 8 7 8 10 10 8 7 7 7 8 4 11 11 5 2 11 11 5 4 3 5 10 8 11 11 5 5 4 1 9 11 5 5 11 2 11 11 4 5 4 4 3 5 10 8 11 11 4 5 5 11 1 9 5 8 11 4 11 4 5 8 7 0 9 8 7 7 10 0 7 6 8 10 10 8 7 7 7 8 7 7 10 8 11 5 10 10 8 7 8 10 0 6 7 7 10 8 8 4 10 2 9 8 11 11 4 4 5 5 11 4 11 4 4 4 4 5 4 4 4 4 4 11 5 5 10 8 10 8 4 11 11 4 4 5 5 4 4 11 2 3 10 10 7 7 8 7 8 7 7 10 10 2 6 7 8 7 7 10 10 8 5 10 8 7 10 8 11 5 10 10 8 8 11 5 10 10 2 6 7 8 7 7 11 2 11 3 11 5 4 4 4 4 4 1 3 5 10 8 11 4 4 5 4 4 1 11 9 5 8 4 11 5 4 4 11 11 5 2 3 10 7 7 10 2 7 6 8 7 7 7 7 0 6 7 0 7 9 11 5 5 10 8 7 7 7 7 7 10 8 7 10 10 7 8 5 10 2 6 11 4 5 11 11 4 5 5 11 11 5 4 1 3 4 4 4 11 5 5 10 8 11 4 5 4 4 4 4 4 0 9 10 7 8 7 8 11 2 4 9 5 11 11 5 2 9 4 5 7 11 11 5 5 11 11 5 5 10 2 7 9 8 10 10 8 2 10 10 6 7 7 7 8 8 7 7 7 7 10 7 8 1 9 11 5 5 11 11 5 4 4 5 10 8 11 10 8 2 10 10 8 8 9 11 5 2 11 11 4 4 5 5 4 3 11 10 8 7 7 10 2 8 7 7 6 7 7 7 10 8 11 5 4 10 10 8 8 7 7 7 7 10 8 10 10 2 6 8 4 4 11 5 11 11 5 4 4 1 3 5 7 11 11 5 4 5 11 5 4 11 4 4 11 5 5 7 11 2 11 3 4 4 5 11 11 2 4 4 5 3 7 10 8 10 7 8 10 10 2 6 8 10 10 8 7 7 8 7 7 10 7 1 9 8 8 10 7 7 7 7 7 8 10 2 6 11 11 4 4 4 5 4 4 4 1 5 10 8 9 11 5 4 4 4 4 4 5 10 2 10 10 6 8 8 11 2 11 4 4 5 4 9 4 11 5 2 4 4 4 3 10 10 8 7 7 7 7 7 7 7 10 8 8 7 0 6 7 10 8 7 10 7 2 7 6 11 11 5 4 4 4 5 4 11 4 4 4 4 4 5 4 11 4 4 5 10 0 9 8 5 10 8 10 10 2 6 7 7 8 10 10 8 8 10 2 10 9 8 8 10 7 8 4 10 2 6 7 10 10 8 2 6 10 7 8 10 10 7 8 2 6 7 11 11 5 4 4 4 4 5 4 4 4 4 11 11 5 2 9 5 4 4 4 4 4 4 4 4 4 11 4 5 10 10 8 8 10 10 2 8 7 7 7 7 6 7 10 8 10 10 8 8 10 7 2 10 9 8 8 1 9 5 11 11 5 5 4 4 4 4 1 9 5 4 4 11 11 2 5 9 8 10 10 2 8 10 10 8 6 8 10 10 8 8 7 7 7 7 7 0 6 7 10 8 7 10 10 8 2 6 11 11 4 4 2 3 5 11 11 5 5 11 11 2 5
ppo_x50_b_fd_l4,97,qv26_97,26,321,True,1788.0,9.838805198669434,8 8 10 9 8 8 10 10 8 8 11 5 10 10 7 8 8 10 10 8 8 11 5 4 10 10 8 8 10 10 8 8 10 10 8 8 11 5 10 10 2 8 10 10 8 8 10 10 8 8 9 5 10 10 8 8 10 10 8 8 11 5 11 11 5 2 3 4 4 4 11 11 4 2 3 5 4 4 4 11 4 11 5 2 3 10 8 4 4 10 10 8 7 8 10 8 10 7 7 8 7 7 10 7 7 7 10 8 8 11 5 7 7 7 0 10 10 8 8 9 10 8 8 11 5 4 4 4 4 4 4 4 4 4 1 4 3 4 4 1 4 9 4 4 4 4 4 11 2 5 7 7 7 9 7 8 10 8 7 7 10 0 6 7 0 9 8 8 11 5 7 7 10 10 8 7 7 7 10 8 8 11 5 7 10 10 8 7 2 6 11 11 4 4 4 5 5 11 4 11 5 2 11 3 5 11 11 5 5 10 2 11 11 5 4 5 9 11 4 5 5 11 11 5 2 4 4 4 4 4 4 10 10 8 8 9 8 7 7 10 8 7 7 7 7 0 7 7 6 7 10 8 10 10 8 7 7 7 7 8 11 2 11 9 5 5 11 1 4 3 5 4 4 11 4 4 11 5 5 10 2 6 11 4 5 11 4 11 2 3 5 4 11 11 2 5 9 8 7 10 0 9 8 7 7 7 8 10 7 8 4 10 10 7 8 5 10 8 7 10 8 7 7 7 11 10 8 8 11 5 7 7 7 1 3 11 11 5 4 5 11 4 4 5 4 11 11 4 2 5 11 4 9 5 4 4 5 4 4 4 11 5 11 4 5 10 2 10 10 8 7 8 9 7 8 10 10 8 8 7 7 11 5 10 10 8 5 7 10 8 11 5 7 7 7 7 7 7 7 7 0 7 9 8 10 10 8 7 8 11 2 6 11 11 5 4 4 4 1 9 5 5 10 8 11 11 4 4 4 5 5 0 9 8 11 4 4 5 4 4 11 11 2 4 5 9 8 7 10 7 0 9 8 5 10 7 8 7 7 7 1 11 11 5 5 9 4 11 5 7 8 11 5 4 4 1 3 4 4 4 11 4 4 4 11 5 2 9 8 4 10 10 7 7 8 8 7 10 7 7 8 11 4 5 10 10 8 7 8 7 10 7 7 8 10 0 6 8 7 7 7 7 10 7 0 10 8 6 8 11 5 11 11 5 5 11 11 5 5 11 2 11 3 11 5 4 5 7 11 11 5 4 4 5 4 11 11 5 5 11 2 4 9 11 5 4 5 4 4 0 10 10 8 7 8 9 5 7 10 7 7 8 7 10 10 2 7 8 6 11 5 4 10 11 5 2 4 11 9 5 5 4 4 4 11 4 4 4 4 5 10 2 10 10 8 8 10 6 10 8 7 7 7 7 7 8 11 5 7 7 11 10 0 6 8 7 7 8 7 7 7 7 10 8 10 10 7 8 2 6 11 11 4 4 4 5 2 4 3 4 11 11 2 3 4 5 4 11 2 3 4 4 4 4 4 4 4 1 3 10 7 8 10 7 7 10 8 8 4 11 5 7 10 0 9 7 8 5 7 7 7 7 10 8 11 5 7 7 10 10 8 8 7 11 2 3 11 4 4 4 5 11 11 5 5 11 1 9 4 5 8 11 5 11 11 4 5 5 11 2 10 9 7 8 5 10 8 7 0 7 10 9 8 8 10 8 7 7 10 8 7 7 10 10 7 8 5 10 8 10 8 7 11 11 4 5 2 3 11 5 4 11 11 5 4 4 11 5 8 4 4 4 11 5 10 8 11 11 5 5 1 4 3 4 4 1 9 11 4 5 8 4 4 11 5 0 9 8 10 10 8 0 6 7 8 4 10 8 7 10 10 2 8 9 10 8 8 11 5 10 10 8 7 8 10 10 2 6 8 10 7 11 2 5 11 9 5 5 4 4 11 5 11 11 5 4 5 11 11 4 5 4 5 11 2 11 11 5 5 10 8 7 10 10 6 8 8 7 7 7 7 7 7 10 8 10 10 8 0 8 6 10 8 7 7 7 7 10 8 4 10 10 8 8 10 8 10 10 2 8 9 5 11 11 1 3 5 4 4 5 4 1 4 3 4 10 8 11 11 5 5 1 11 9 5 8 4 4 11 5 4 4 11 4 4 1 4 3 5 10 10 7 8 8 10 10 8 8 10 8 10 10 8 7 7 8 7 7 10 8 7 7 10 8 7 7 11 10 8 2 6 11 4 11 5 4 5 10 10 2 8 10 6 7 7 7 8 11 2 11 11 4 4 4 4 4 3 5 4 5 7 10 8 11 11 5 2 4 3 4 4 4 4 4 11 11 2 5 4 10 10 8 8 7 10 6 10 8 8 7 7 7 0 9 8 10 10 7 8 2 7 9 8 7 11 5 4 4 4 11 5 11 11 2 5 11 11 3 4 5 8 4 1 9 8 11 4 4 5 4 4 11 11 5 2 11 5 3 11 11 5 5 7 7 0 9 7 8 10 7 8 10 10 7 2 6 7 8 7 7 7 7 7 10 8 7 7 10 2 11 9 5 5 11 4 4 4 4 4 4 4 1 4 4 3 4 11 5 4 4 5 10 0 7 6 8 4 10 10 8 7 7 2 9 8 11 10 8 8 10 10 8 8 11 10 2 6 8 7 7 10 7 7 0 9 8 8 7 7 7 10 8 10 2 6 11 11 5 5 10 8 11 11 4 5 5 11 11 5 4 4 5 10 2 9 8 11 1 3 5 4 4 11 11 5 4 5 4 1 4 4 9 5 11 2 10 6 10 7 8 8 11 5 4 11 4 5 7 7 7 10 10 2 6 8 7 7 10 8 10 10 2 6 7 8 10 2 9 11 5 5 10 8 11 4 4 5 4 11 5 4 4 1 4 11 5 3 11 4 11 5 4 4 5 11 2 10 10 7 8 8 9 5 10 7 7 7 7 7 7 10 8 8 7 10 10 8 7 7 7 8 7 7 7 11 11 2 5 11 9 5 5 4 11 4 2 9 5 11 11 2 5 4 11 3 4 4 4 11 5 4 4 4 5 4 11 5 10 2 10 9 8 8 11 4 5 10 8 10 10 8 7 8 10 8 10 8 10 10 7 7 7 7 8 7 7 10 8 8 11 5 4 11 5 10 7 10 7 7 8 8 7 7 7 7 10 8 7 10 2 11 3 11 5 5 4 4 4 4 10 11 4 5 8 1 9 5 11 5 4 4 4 4 4 4 4 4 11 5 4 4 4 11 11 4 5 2 9 8 10 8 10 10 7 7 7 2 6 8 10 10 7 7 8 8 10 8 7 7 7 7 7 10 8 7 10 2 10 10 8 8 6 11 4 4 5 11 11 5 5 10 2 6 11 11 4 5 4 5 4 11 11 2 5 3 10 10 7 8 8 10 10 7 8 2 3 10 7 8 4 10 10 8 7 7 7 8 7 11 2 3 11 11 4 5 5 11 11 5 2 11 4 3 4 5 11 11 4 5 4 5 4 4 11 4 11 5 2 9 5 7 11 10 8 8 7 10 7 7 10 2 6 8 10 7 7 0 6 8 7 7 7 11 7 7 8 11 4 4 11 5 2 9 8 11 11 5 5 4 4 4 10 2 11 9 5 4 5 4 4 4 11 2 11 11 5 5 9 11 5 4 1 3 4 5 0 9 5 10 10 8 8 10 10 8 7 7 7 7 7 10 8 7 8 10 2 9 8 4 10 10 8 7 8 0 6 7 10 7 10 8 8 11 2 10 10 8 6 8 10 2 10 10 8 8 4 4 4 4 3 4 4 4 4 1 3 4 4 4 11 5 4 10 10 8 8 1 9 5 11 11 2 3 5 4 4 4 1 4 11 5 3 4 4 10 10 7 8 8 4 10 10 7 8 8 4 10 10 8 7 7 7 8 7 7 7 7 10 10 8 8 11 2 10 10 8 8 6 7 10 10 2 6 7 7 8 7 11 11 2 5 11 11 5 5 4 4 9 5 4 4 11 5 7 11 11 5 5 11 11 4 4 5 5 11 11 2 5
ppo_x50_b_fd_l4,98,qv26_98,26,323,True,1798.0,10.028254747390747,8 8 10 10 8 8 10 10 8 8 9 5 10 10 8 8 0 9 10 8 8 11 5 7 10 10 8 8 10 0 10 8 8 9 5 10 10 8 8 10 10 8 8 11 5 7 10 7 7 10 8 8 10 10 8 8 10 2 11 9 5 4 5 4 4 4 11 5 4 4 4 4 4 4 4 4 11 11 5 5 4 10 2 9 11 5 5 4 4 11 2 3 10 10 7 8 8 7 7 7 10 8 10 10 8 7 7 7 7 8 10 10 0 6 8 5 10 8 10 10 8 8 11 2 9 10 8 7 8 7 10 2 6 7 11 11 5 2 11 4 9 4 5 8 11 4 5 11 4 11 2 3 4 4 5 0 9 8 10 7 8 7 11 11 5 2 4 4 3 4 4 11 4 4 4 4 11 2 5 3 10 8 10 10 2 6 8 7 10 8 11 5 7 7 10 10 8 8 7 7 7 7 7 10 8 10 7 7 10 2 8 9 5 10 10 8 2 9 4 5 11 11 5 4 4 5 7 10 8 11 11 4 5 5 4 4 4 4 4 4 11 4 4 5 4 4 4 11 4 5 4 10 1 9 8 8 10 7 7 7 7 8 10 10 2 6 7 7 7 7 8 7 7 7 1 9 10 8 8 11 10 7 8 5 10 7 10 8 2 6 7 7 11 11 5 4 4 5 4 4 4 4 4 11 5 10 8 11 11 5 5 11 11 5 5 10 8 11 11 5 2 3 4 4 4 11 11 4 5 5 11 2 9 5 7 7 7 7 10 10 8 7 8 7 7 7 7 7 0 7 7 7 7 9 8 10 7 7 1 11 5 4 3 5 10 8 11 11 5 5 4 11 11 5 5 11 11 5 4 5 4 10 2 10 9 8 7 7 7 8 7 11 11 5 4 5 7 10 8 7 7 7 7 7 10 10 8 8 10 2 6 4 11 5 11 11 4 4 5 2 11 4 9 5 4 4 4 5 10 11 5 4 4 4 4 5 11 2 6 11 11 4 5 8 7 10 2 10 8 7 7 11 11 5 5 4 11 5 11 9 5 8 11 4 11 5 5 11 11 5 5 0 10 7 8 7 9 8 7 10 8 7 7 7 7 7 7 7 7 7 10 10 2 8 4 11 5 11 4 5 3 4 4 1 3 4 4 4 4 4 4 11 4 4 5 10 10 8 8 10 2 11 10 8 8 7 10 7 9 8 8 7 7 7 10 8 10 2 9 10 8 8 7 7 7 7 10 8 1 9 5 11 5 4 4 4 11 10 8 2 9 8 11 11 5 4 4 5 10 10 8 2 11 5 7 7 7 7 7 9 7 7 10 8 7 10 8 5 7 7 7 11 2 11 11 5 3 4 4 4 4 5 10 7 7 8 10 8 11 11 4 4 5 2 11 4 3 5 4 11 1 9 5 4 4 1 3 5 11 11 5 5 11 4 4 4 11 5 2 9 7 8 11 10 8 7 8 11 5 10 10 8 8 7 7 7 10 7 8 7 11 11 5 2 7 10 6 7 7 8 10 8 7 11 11 2 5 11 11 5 4 4 3 4 5 11 4 4 4 11 5 4 5 11 11 5 2 4 9 5 11 11 2 5 10 8 6 7 10 10 2 6 7 7 8 7 7 7 7 7 7 7 7 11 5 10 10 2 6 7 7 8 7 10 10 2 6 8 10 7 10 2 8 6 11 5 11 11 5 4 4 4 11 5 4 4 4 4 5 10 2 9 11 5 4 5 4 4 4 11 5 4 4 11 5 7 10 7 10 8 8 10 10 8 8 10 10 8 8 11 5 11 11 2 5 3 4 11 11 2 3 5 10 8 10 10 7 8 7 7 10 8 8 7 7 10 8 7 7 11 10 8 8 7 7 10 7 10 2 6 8 11 4 4 4 11 4 5 5 7 10 8 11 11 4 1 3 4 5 5 10 2 11 9 5 5 4 4 4 4 4 4 4 11 5 4 11 2 11 4 4 11 5 5 7 10 8 4 10 9 8 8 7 7 7 10 8 4 10 7 8 4 10 10 8 7 8 7 10 0 6 8 7 10 8 7 11 11 5 5 4 10 2 7 9 11 5 4 5 11 11 2 5 11 5 3 4 4 1 11 9 5 4 5 4 1 3 7 10 10 7 8 8 10 8 4 11 5 10 10 8 7 8 10 10 2 6 7 7 7 8 11 5 10 7 10 8 7 7 7 8 10 10 7 2 8 6 7 10 10 7 8 5 4 4 11 5 4 4 4 4 11 4 5 4 4 4 11 11 2 5 9 8 10 10 8 2 9 5 10 10 7 8 5 7 7 10 8 11 5 11 1 9 5 5 4 11 4 4 4 5 11 5 4 0 10 9 8 7 8 7 7 7 7 7 7 10 7 8 11 4 5 4 10 10 8 8 10 7 7 7 7 7 8 10 11 2 5 11 11 5 5 11 4 9 5 5 4 11 4 4 5 4 4 4 4 4 4 11 4 4 11 2 5 9 8 4 10 10 8 7 8 10 2 9 7 11 5 5 4 4 4 4 4 4 10 2 10 10 8 8 6 7 7 7 7 0 9 8 10 7 8 7 7 7 11 10 8 8 1 9 5 11 4 11 5 4 4 4 5 10 11 5 2 11 5 7 6 7 10 10 8 8 10 8 4 10 10 2 7 8 9 5 10 7 10 8 8 10 10 2 6 7 7 7 8 7 7 7 11 11 5 2 9 5 11 4 11 4 5 5 10 8 1 3 4 11 5 4 11 5 11 4 4 4 4 4 4 1 9 5 4 5 4 11 11 2 5 4 3 10 10 8 7 8 10 10 7 8 8 10 8 11 4 5 10 7 8 7 7 7 7 7 11 5 10 10 8 7 8 10 7 7 10 8 8 11 2 10 9 8 8 11 4 4 1 3 5 4 4 4 11 4 11 4 5 4 4 4 5 10 10 2 8 9 5 11 11 5 5 11 11 2 5 3 10 8 10 7 7 10 7 7 2 6 7 8 7 7 7 7 10 8 11 5 10 7 10 2 8 10 7 9 8 8 7 7 7 11 2 9 11 4 4 5 8 1 9 5 4 4 11 5 11 4 1 9 5 8 11 5 11 11 5 5 11 2 9 11 5 5 4 11 4 4 5 0 10 6 7 7 10 8 7 8 10 7 8 7 7 7 7 0 9 10 7 8 7 8 4 11 5 7 10 11 2 3 5 11 2 7 9 11 5 5 11 11 4 5 4 4 5 7 11 11 5 5 11 11 4 5 4 4 4 5 10 11 4 5 5 10 8 4 11 11 5 5 11 2 3 10 10 8 7 7 10 7 7 7 8 8 7 7 7 10 7 8 4 11 10 7 8 7 8 7 7 7 11 10 8 8 7 7 10 10 8 8 4 4 10 2 11 4 4 3 5 4 4 11 5 11 11 5 2 11 4 3 5 11 11 4 4 5 2 6 10 8 10 7 0 9 8 7 8 7 7 7 7 7 7 7 7 10 7 8 11 2 11 11 4 5 5 9 8 11 11 5 5 4 4 11 5 4 4 4 11 4 4 4 4 5 11 5 4 11 11 5 2 3 10 8 10 10 7 8 0 6 8 10 8 10 7 7 7 10 8 7 7 8 10 8 1 9 11 5 5 4 4 4 4 11 5 4 4 4 4 4 4 4 10 2 11 9 5 5 7 11 2 11 11 5 3 5 7 0 7 10 10 7 6 7 7 8 7 7 7 8 10 10 8 8 10 2 10 7 9 7 8 5 4 10 2 11 11 3 5 4 5 11 11 5 2 3 4 4 4 1 3 4 4 4 11 4 11 5 2 11 5 10 10 8 8 10 10 8 8 10 6 10 7 8 8 11 5 10 10 7 7 0 6 8 7 7 8 7 7 7 7 7 7 10 10 8 2 10 7 8 6 11 11 4 5 5 4 11 11 5 2 4 4 9 5 11 4 11 5 5 4 4 4 10 10 2 8 7 6 7 10 8 10 10 7 8 8 7 10 10 2 8 3 10 10 7 8 5 10 8 7 11 11 2 5 11 11 5 4 4 3 4 5 7 11 11 5 4 4 5 11 11 2 3 5 11 11 2 4 4 5
ppo_x50_b_fd_l4,99,qv26_99,26,327,True,1834.0,10.215107202529907,8 8 9 10 8 8 10 10 8 8 11 5 10 10 7 8 8 10 10 8 8 10 0 9 8 8 10 2 10 10 8 8 9 10 8 8 11 5 11 5 10 10 7 7 8 8 11 5 10 7 10 8 8 11 2 11 9 5 8 7 10 10 8 8 4 4 10 11 5 5 4 1 3 4 4 4 4 11 5 7 11 11 5 5 10 8 11 4 11 5 4 5 11 2 3 10 10 7 7 7 7 8 7 7 8 7 0 6 7 10 10 8 8 10 7 7 10 8 8 11 5 10 10 8 2 10 9 8 8 4 4 4 4 4 4 4 4 11 5 4 4 4 4 4 4 11 5 11 5 11 2 9 11 4 4 5 8 11 2 3 4 4 10 10 8 8 7 7 7 7 0 7 6 7 7 10 7 11 2 3 5 10 0 9 8 8 7 7 7 10 7 7 8 10 2 10 10 8 6 8 7 11 11 5 5 4 4 4 4 4 4 4 4 4 4 4 4 4 4 11 5 10 8 11 11 5 5 11 11 5 2 9 5 11 5 10 10 8 7 7 8 10 10 7 0 6 8 7 8 7 7 11 2 9 10 8 8 10 10 7 8 5 10 8 11 10 8 8 7 10 8 10 8 7 10 10 8 2 6 11 5 11 11 4 5 4 5 11 11 2 3 5 1 3 11 5 4 11 11 4 5 2 9 5 4 4 10 8 10 10 8 2 9 8 7 11 10 7 7 7 8 2 9 4 5 7 7 7 10 7 7 10 2 8 3 7 10 8 7 11 11 1 4 3 4 5 4 4 4 11 5 5 4 11 11 5 4 4 4 4 5 0 10 10 7 8 7 8 7 10 9 8 8 11 5 7 7 7 7 10 10 2 6 8 11 5 7 10 10 8 2 9 8 11 5 4 4 11 5 11 11 4 4 5 4 11 5 5 4 10 11 5 5 11 11 2 3 4 5 11 4 4 4 4 11 2 5 3 10 8 10 10 8 7 7 7 7 8 7 7 10 10 7 8 8 11 2 4 10 8 10 9 8 7 8 11 5 4 11 10 8 8 10 7 7 7 0 9 8 8 7 10 10 2 8 9 5 7 7 0 6 11 11 4 5 5 4 11 11 5 5 4 11 1 9 5 5 11 4 11 5 4 5 4 11 11 5 4 5 4 4 0 9 10 8 7 8 7 7 7 7 7 7 7 10 8 11 11 5 5 7 0 9 10 7 8 5 10 10 8 8 11 5 7 10 10 2 6 8 11 5 11 11 4 4 4 4 5 1 3 5 11 11 4 2 3 4 5 11 11 4 5 2 11 4 3 5 11 5 11 11 2 5 3 10 7 8 10 10 8 8 10 10 8 7 7 7 8 7 11 11 5 2 9 8 11 4 4 11 5 2 9 5 7 7 0 7 7 9 10 8 7 7 8 11 5 7 7 7 7 7 11 2 3 11 11 4 4 5 4 5 11 2 4 10 10 8 8 7 7 6 10 8 11 11 4 5 5 11 4 11 2 3 5 4 4 4 11 11 5 4 4 4 4 5 0 10 6 7 10 7 8 8 7 0 7 7 9 8 7 7 7 7 7 7 7 10 2 10 10 8 7 7 7 6 7 8 11 11 5 5 4 4 4 4 4 4 4 4 11 5 4 4 4 4 4 10 10 8 8 11 5 11 11 4 5 2 9 4 4 5 10 7 7 7 7 10 8 7 7 7 7 7 7 7 7 7 8 4 10 10 8 2 10 8 9 11 5 7 8 10 2 6 11 11 4 4 5 4 4 5 4 1 11 11 5 5 9 11 4 5 5 4 11 11 4 4 5 5 7 11 2 11 9 5 5 11 2 11 9 4 5 8 11 5 0 6 7 7 7 7 7 10 10 8 2 10 7 9 7 8 5 10 7 8 7 7 7 0 7 7 7 9 8 7 7 10 2 6 7 11 11 5 4 4 4 4 4 5 11 5 7 1 9 11 5 5 4 4 4 4 4 10 2 3 11 11 5 4 5 11 2 11 11 5 5 3 10 7 7 7 10 2 6 7 7 7 8 10 10 8 7 7 7 8 7 10 2 7 7 9 8 11 11 4 5 5 11 4 5 11 11 2 3 4 5 4 11 11 5 2 4 9 4 5 10 7 8 7 7 11 10 7 8 8 7 7 10 10 2 8 10 8 3 4 4 4 4 1 9 5 4 11 11 5 4 4 1 9 5 5 11 2 4 4 4 4 4 3 10 10 7 8 8 11 5 10 7 8 7 7 7 10 8 10 10 2 6 7 7 7 8 7 7 10 2 6 10 10 8 7 8 1 3 4 11 5 4 1 3 4 4 11 5 4 4 4 4 4 4 10 10 8 8 11 5 4 4 4 11 11 5 2 9 4 5 10 7 7 8 10 10 7 7 8 2 10 10 8 6 8 10 10 8 7 8 10 10 8 7 8 10 2 7 10 7 6 7 10 8 7 8 10 2 6 11 11 4 5 4 5 4 4 11 11 5 2 11 9 4 5 8 11 1 3 4 5 1 9 5 4 4 4 4 4 4 11 4 4 4 11 5 2 10 8 10 10 6 7 8 8 10 10 7 8 8 7 7 7 7 7 7 7 7 10 8 11 5 4 10 2 7 9 10 8 8 4 1 9 5 11 11 2 3 5 11 11 5 4 2 3 4 11 11 2 5 6 4 11 5 4 11 5 4 10 10 2 8 9 7 7 8 10 10 8 8 10 2 9 10 7 8 7 8 7 10 7 10 8 7 7 7 10 8 8 1 9 5 11 11 5 5 10 11 4 5 2 6 4 4 11 4 5 4 4 1 3 4 4 4 11 5 11 11 5 2 10 8 4 4 4 4 4 3 10 10 8 7 7 7 7 7 8 10 10 7 7 7 8 8 4 10 8 7 11 10 8 8 10 10 8 2 7 9 8 10 7 10 8 2 9 5 7 7 7 7 11 11 1 4 3 5 5 7 11 11 4 5 8 11 1 3 5 4 4 11 5 4 4 4 4 11 11 2 5 3 4 4 4 11 11 2 5 3 10 8 7 10 10 7 5 7 7 8 10 10 7 7 7 7 2 6 8 10 7 10 7 8 2 9 8 10 8 11 11 2 3 4 4 4 4 5 11 4 5 11 11 2 5 9 4 5 4 10 10 8 7 8 7 10 10 8 8 10 7 8 1 11 11 5 3 4 4 5 11 4 5 4 4 1 4 4 3 4 11 4 5 7 11 11 5 2 9 8 10 10 8 8 0 6 10 10 7 7 8 8 7 7 7 10 2 3 10 10 8 7 8 7 10 10 7 7 8 7 0 7 8 6 11 5 11 11 5 5 0 9 8 11 11 5 5 4 11 4 4 4 5 11 4 4 4 4 4 5 4 4 4 11 11 2 5 11 5 7 11 9 8 8 10 10 7 7 7 7 7 8 8 11 4 5 10 7 0 10 7 7 7 8 7 6 8 7 7 10 7 8 7 11 11 5 2 9 5 11 11 5 2 9 8 1 11 9 5 5 4 11 5 4 4 4 4 11 4 4 4 5 0 7 7 10 7 7 7 9 7 8 7 8 4 11 5 7 10 10 7 7 7 8 8 10 10 2 8 7 7 7 6 11 11 5 5 4 4 4 4 11 11 2 5 9 8 4 10 10 8 8 11 5 10 11 2 3 5 4 4 11 5 4 4 11 5 10 8 10 7 8 4 11 4 11 5 4 5 4 0 10 9 8 7 8 7 7 7 10 8 4 10 8 7 7 10 8 11 5 7 7 1 11 11 5 4 3 4 4 5 4 4 4 11 2 9 11 4 5 4 5 10 2 11 9 5 5 4 11 2 4 3 10 10 8 2 7 10 9 8 7 8 7 10 7 10 8 8 10 10 2 8 9 5 10 10 7 8 8 11 5 10 10 8 8 10 7 7 7 7 10 2 8 9 5 7 7 7 7 11 11 1 3 4 5 5 4 11 5 10 8 4 4 4 11 1 9 5 4 4 5 11 5 4 4 4 4 11 11 4 4 5 7 8 11 5 4 10 10 2 8 10 10 8 7 8 10 10 7 7 8 6 7 8 10 10 7 2 8 7 9 8 10 10 7 8 8 11 5 10 10 8 2 7 6 11 11 5 4 4 4 4 11 5 5 7 11 11 5 4 4 4 5 10 2 11 11 5 5
